2026-08-03T05:54:48+08:00,17, 0;
2026-08-03T05:54:49+08:00,17, 0;
2026-08-03T05:54:50+08:00,17, 0;
2026-08-03T05:54:51+08:00,20, 0;
2026-08-03T05:54:52+08:00,283, 1;
2026-08-03T05:54:53+08:00,1159, 0;
2026-08-03T05:54:54+08:00,1911, 0;
2026-08-03T05:54:55+08:00,1911, 0;
2026-08-03T05:54:56+08:00,1911, 0;
2026-08-03T05:54:57+08:00,1911, 0;
2026-08-03T05:54:58+08:00,1911, 0;
2026-08-03T05:54:59+08:00,1911, 0;
2026-08-03T05:55:00+08:00,1911, 0;
2026-08-03T05:55:01+08:00,1911, 0;
2026-08-03T05:55:02+08:00,1911, 0;
2026-08-03T05:55:03+08:00,1911, 0;
2026-08-03T05:55:04+08:00,1911, 0;
2026-08-03T05:55:05+08:00,1911, 0;
2026-08-03T05:55:06+08:00,1911, 0;
2026-08-03T05:55:07+08:00,1911, 0;
2026-08-03T05:55:08+08:00,1911, 0;
2026-08-03T05:55:09+08:00,1911, 0;
2026-08-03T05:55:10+08:00,1911, 0;
2026-08-03T05:55:11+08:00,1911, 0;
2026-08-03T05:55:12+08:00,1911, 0;
2026-08-03T05:55:13+08:00,1911, 0;
2026-08-03T05:55:14+08:00,1911, 0;
2026-08-03T05:55:15+08:00,1911, 0;
2026-08-03T05:55:17+08:00,1911, 0;
2026-08-03T05:55:18+08:00,1911, 0;
2026-08-03T05:55:19+08:00,1911, 0;
2026-08-03T05:55:20+08:00,2965, 17;
2026-08-03T05:55:21+08:00,5107, 23;
2026-08-03T05:55:22+08:00,11303, 100;
2026-08-03T05:55:23+08:00,11303, 100;
2026-08-03T05:55:24+08:00,11303, 100;
2026-08-03T05:55:25+08:00,11303, 100;
2026-08-03T05:55:26+08:00,11303, 100;
2026-08-03T05:55:27+08:00,11303, 100;
2026-08-03T05:55:28+08:00,11303, 100;
2026-08-03T05:55:29+08:00,11303, 100;
2026-08-03T05:55:30+08:00,11303, 100;
2026-08-03T05:55:31+08:00,11863, 100;
2026-08-03T05:55:32+08:00,12423, 100;
2026-08-03T05:55:33+08:00,12423, 100;
2026-08-03T05:55:34+08:00,12423, 79;
2026-08-03T05:55:35+08:00,12423, 0;
2026-08-03T05:55:36+08:00,16083, 69;
2026-08-03T05:55:37+08:00,36901, 100;
2026-08-03T05:55:38+08:00,36903, 100;
2026-08-03T05:55:39+08:00,11073, 100;
2026-08-03T05:55:41+08:00,36977, 100;
2026-08-03T05:55:42+08:00,37043, 100;
2026-08-03T05:55:43+08:00,37175, 100;
2026-08-03T05:55:44+08:00,37175, 100;
2026-08-03T05:55:45+08:00,37175, 100;
2026-08-03T05:55:46+08:00,37175, 100;
2026-08-03T05:55:47+08:00,37175, 100;
2026-08-03T05:55:48+08:00,37175, 100;
2026-08-03T05:55:49+08:00,37175, 100;
2026-08-03T05:55:50+08:00,37175, 100;
2026-08-03T05:55:51+08:00,37175, 100;
2026-08-03T05:55:52+08:00,37175, 100;
2026-08-03T05:55:53+08:00,37175, 100;
2026-08-03T05:55:54+08:00,37175, 100;
2026-08-03T05:55:55+08:00,37175, 100;
2026-08-03T05:55:56+08:00,37175, 100;
2026-08-03T05:55:57+08:00,37175, 100;
2026-08-03T05:55:58+08:00,37175, 100;
2026-08-03T05:55:59+08:00,37175, 100;
2026-08-03T05:56:00+08:00,37175, 100;
2026-08-03T05:56:01+08:00,37175, 100;
2026-08-03T05:56:02+08:00,37175, 100;
2026-08-03T05:56:03+08:00,37175, 100;
2026-08-03T05:56:04+08:00,37175, 100;
2026-08-03T05:56:05+08:00,37175, 100;
2026-08-03T05:56:06+08:00,37175, 100;
2026-08-03T05:56:07+08:00,37175, 100;
2026-08-03T05:56:08+08:00,37175, 100;
2026-08-03T05:56:10+08:00,37175, 100;
2026-08-03T05:56:11+08:00,37175, 100;
2026-08-03T05:56:12+08:00,37175, 100;
2026-08-03T05:56:13+08:00,37175, 100;
2026-08-03T05:56:14+08:00,37175, 100;
2026-08-03T05:56:15+08:00,37175, 100;
2026-08-03T05:56:16+08:00,37175, 100;
2026-08-03T05:56:17+08:00,37175, 100;
2026-08-03T05:56:18+08:00,37175, 100;
2026-08-03T05:56:19+08:00,37175, 100;
2026-08-03T05:56:20+08:00,37175, 100;
2026-08-03T05:56:21+08:00,37175, 100;
2026-08-03T05:56:22+08:00,37175, 100;
2026-08-03T05:56:23+08:00,37175, 100;
2026-08-03T05:56:24+08:00,37175, 100;
2026-08-03T05:56:25+08:00,37175, 100;
2026-08-03T05:56:26+08:00,37175, 100;
2026-08-03T05:56:27+08:00,37175, 100;
2026-08-03T05:56:28+08:00,37175, 100;
2026-08-03T05:56:29+08:00,37175, 100;
2026-08-03T05:56:30+08:00,37175, 100;
2026-08-03T05:56:31+08:00,37175, 100;
2026-08-03T05:56:32+08:00,37175, 100;
2026-08-03T05:56:33+08:00,37175, 100;
2026-08-03T05:56:34+08:00,37175, 100;
2026-08-03T05:56:35+08:00,37175, 100;
2026-08-03T05:56:36+08:00,37175, 100;
2026-08-03T05:56:37+08:00,37175, 100;
2026-08-03T05:56:39+08:00,37175, 100;
2026-08-03T05:56:40+08:00,37175, 100;
2026-08-03T05:56:41+08:00,37175, 100;
2026-08-03T05:56:42+08:00,37175, 100;
2026-08-03T05:56:43+08:00,37175, 100;
2026-08-03T05:56:44+08:00,37175, 100;
2026-08-03T05:56:45+08:00,37175, 100;
2026-08-03T05:56:46+08:00,37175, 100;
2026-08-03T05:56:47+08:00,37175, 100;
2026-08-03T05:56:48+08:00,37175, 100;
2026-08-03T05:56:49+08:00,37175, 100;
2026-08-03T05:56:50+08:00,37175, 100;
2026-08-03T05:56:51+08:00,37175, 100;
2026-08-03T05:56:52+08:00,37175, 100;
2026-08-03T05:56:53+08:00,37175, 100;
2026-08-03T05:56:54+08:00,37175, 100;
2026-08-03T05:56:55+08:00,37175, 100;
2026-08-03T05:56:56+08:00,37175, 100;
2026-08-03T05:56:57+08:00,37175, 100;
2026-08-03T05:56:58+08:00,37175, 100;
2026-08-03T05:56:59+08:00,37175, 100;
2026-08-03T05:57:00+08:00,37175, 100;
2026-08-03T05:57:01+08:00,37175, 100;
2026-08-03T05:57:02+08:00,37175, 100;
2026-08-03T05:57:03+08:00,37175, 100;
2026-08-03T05:57:04+08:00,37175, 100;
2026-08-03T05:57:05+08:00,37175, 100;
2026-08-03T05:57:06+08:00,37175, 100;
2026-08-03T05:57:08+08:00,37175, 100;
2026-08-03T05:57:09+08:00,37175, 100;
2026-08-03T05:57:10+08:00,37175, 100;
2026-08-03T05:57:11+08:00,37175, 100;
2026-08-03T05:57:12+08:00,37175, 100;
2026-08-03T05:57:13+08:00,37175, 100;
2026-08-03T05:57:14+08:00,37175, 100;
2026-08-03T05:57:15+08:00,37175, 100;
2026-08-03T05:57:16+08:00,37175, 100;
2026-08-03T05:57:17+08:00,37175, 100;
2026-08-03T05:57:18+08:00,37175, 100;
2026-08-03T05:57:19+08:00,37175, 100;
2026-08-03T05:57:20+08:00,37175, 100;
2026-08-03T05:57:21+08:00,37175, 100;
2026-08-03T05:57:22+08:00,37175, 100;
2026-08-03T05:57:23+08:00,37175, 100;
2026-08-03T05:57:24+08:00,37175, 100;
2026-08-03T05:57:25+08:00,37175, 100;
2026-08-03T05:57:26+08:00,37175, 100;
2026-08-03T05:57:27+08:00,37175, 100;
2026-08-03T05:57:28+08:00,37175, 100;
2026-08-03T05:57:29+08:00,37175, 100;
2026-08-03T05:57:30+08:00,37175, 100;
2026-08-03T05:57:31+08:00,37175, 100;
2026-08-03T05:57:32+08:00,37175, 100;
2026-08-03T05:57:33+08:00,37175, 100;
2026-08-03T05:57:34+08:00,37175, 100;
2026-08-03T05:57:35+08:00,37175, 100;
2026-08-03T05:57:37+08:00,37175, 100;
2026-08-03T05:57:38+08:00,37175, 100;
2026-08-03T05:57:39+08:00,37175, 100;
2026-08-03T05:57:40+08:00,37175, 100;
2026-08-03T05:57:41+08:00,37175, 100;
2026-08-03T05:57:42+08:00,37175, 100;
2026-08-03T05:57:43+08:00,37175, 100;
2026-08-03T05:57:44+08:00,37175, 100;
2026-08-03T05:57:45+08:00,37175, 100;
2026-08-03T05:57:46+08:00,37175, 100;
2026-08-03T05:57:47+08:00,37175, 100;
2026-08-03T05:57:48+08:00,37175, 100;
2026-08-03T05:57:49+08:00,37175, 100;
2026-08-03T05:57:50+08:00,37175, 100;
2026-08-03T05:57:51+08:00,37175, 100;
2026-08-03T05:57:52+08:00,37175, 100;
2026-08-03T05:57:53+08:00,37175, 100;
2026-08-03T05:57:54+08:00,37175, 100;
2026-08-03T05:57:55+08:00,37175, 100;
2026-08-03T05:57:56+08:00,37175, 100;
2026-08-03T05:57:57+08:00,37175, 100;
2026-08-03T05:57:58+08:00,37175, 100;
2026-08-03T05:57:59+08:00,37175, 100;
2026-08-03T05:58:00+08:00,37175, 100;
2026-08-03T05:58:01+08:00,37175, 100;
2026-08-03T05:58:02+08:00,37175, 100;
2026-08-03T05:58:03+08:00,37175, 100;
2026-08-03T05:58:05+08:00,37175, 100;
2026-08-03T05:58:06+08:00,37175, 100;
2026-08-03T05:58:07+08:00,37175, 100;
2026-08-03T05:58:08+08:00,37175, 100;
2026-08-03T05:58:09+08:00,37175, 100;
2026-08-03T05:58:10+08:00,37175, 100;
2026-08-03T05:58:11+08:00,37175, 100;
2026-08-03T05:58:12+08:00,37175, 100;
2026-08-03T05:58:13+08:00,37175, 100;
2026-08-03T05:58:14+08:00,37175, 100;
2026-08-03T05:58:15+08:00,37175, 100;
2026-08-03T05:58:16+08:00,37175, 100;
2026-08-03T05:58:17+08:00,37175, 100;
2026-08-03T05:58:18+08:00,37175, 100;
2026-08-03T05:58:19+08:00,37175, 100;
2026-08-03T05:58:20+08:00,37175, 100;
2026-08-03T05:58:21+08:00,37175, 100;
2026-08-03T05:58:22+08:00,37175, 100;
2026-08-03T05:58:23+08:00,37175, 100;
2026-08-03T05:58:24+08:00,37175, 100;
2026-08-03T05:58:25+08:00,37175, 100;
2026-08-03T05:58:26+08:00,37175, 100;
2026-08-03T05:58:27+08:00,37175, 100;
2026-08-03T05:58:28+08:00,37175, 100;
2026-08-03T05:58:29+08:00,37175, 100;
2026-08-03T05:58:30+08:00,37175, 100;
2026-08-03T05:58:31+08:00,37175, 100;
2026-08-03T05:58:33+08:00,37175, 100;
2026-08-03T05:58:34+08:00,37175, 100;
2026-08-03T05:58:35+08:00,37175, 100;
2026-08-03T05:58:36+08:00,37175, 100;
2026-08-03T05:58:37+08:00,37175, 100;
2026-08-03T05:58:38+08:00,37175, 100;
2026-08-03T05:58:39+08:00,37175, 100;
2026-08-03T05:58:40+08:00,37175, 100;
2026-08-03T05:58:41+08:00,37175, 100;
2026-08-03T05:58:42+08:00,37175, 100;
2026-08-03T05:58:43+08:00,37175, 100;
2026-08-03T05:58:44+08:00,37175, 100;
2026-08-03T05:58:45+08:00,37175, 100;
2026-08-03T05:58:46+08:00,37175, 100;
2026-08-03T05:58:47+08:00,37175, 100;
2026-08-03T05:58:48+08:00,37175, 100;
2026-08-03T05:58:49+08:00,37175, 100;
2026-08-03T05:58:50+08:00,37175, 100;
2026-08-03T05:58:51+08:00,37175, 100;
2026-08-03T05:58:52+08:00,37175, 100;
2026-08-03T05:58:53+08:00,37175, 100;
2026-08-03T05:58:54+08:00,37175, 100;
2026-08-03T05:58:55+08:00,37175, 100;
2026-08-03T05:58:56+08:00,37175, 100;
2026-08-03T05:58:57+08:00,37175, 100;
2026-08-03T05:58:58+08:00,37175, 100;
2026-08-03T05:58:59+08:00,37175, 100;
2026-08-03T05:59:00+08:00,37175, 100;
2026-08-03T05:59:02+08:00,37175, 100;
2026-08-03T05:59:03+08:00,37175, 100;
2026-08-03T05:59:04+08:00,37175, 100;
2026-08-03T05:59:05+08:00,37175, 100;
2026-08-03T05:59:06+08:00,37175, 100;
2026-08-03T05:59:07+08:00,37175, 100;
2026-08-03T05:59:08+08:00,37175, 100;
2026-08-03T05:59:09+08:00,37175, 100;
2026-08-03T05:59:10+08:00,37175, 100;
2026-08-03T05:59:11+08:00,37175, 100;
2026-08-03T05:59:12+08:00,37175, 100;
2026-08-03T05:59:13+08:00,37175, 100;
2026-08-03T05:59:14+08:00,37175, 100;
2026-08-03T05:59:15+08:00,37175, 100;
2026-08-03T05:59:16+08:00,37175, 100;
2026-08-03T05:59:17+08:00,37175, 100;
2026-08-03T05:59:18+08:00,37175, 100;
2026-08-03T05:59:19+08:00,37175, 100;
2026-08-03T05:59:20+08:00,37175, 100;
2026-08-03T05:59:21+08:00,37175, 100;
2026-08-03T05:59:22+08:00,37175, 100;
2026-08-03T05:59:23+08:00,37175, 100;
2026-08-03T05:59:24+08:00,37175, 100;
2026-08-03T05:59:25+08:00,37175, 100;
2026-08-03T05:59:26+08:00,37175, 100;
2026-08-03T05:59:27+08:00,37175, 100;
2026-08-03T05:59:28+08:00,37175, 100;
2026-08-03T05:59:30+08:00,37175, 100;
2026-08-03T05:59:31+08:00,37175, 100;
2026-08-03T05:59:32+08:00,37175, 100;
2026-08-03T05:59:33+08:00,37175, 100;
2026-08-03T05:59:34+08:00,37175, 100;
2026-08-03T05:59:35+08:00,37175, 100;
2026-08-03T05:59:36+08:00,37175, 100;
2026-08-03T05:59:37+08:00,37175, 100;
2026-08-03T05:59:38+08:00,37175, 100;
2026-08-03T05:59:39+08:00,37175, 100;
2026-08-03T05:59:40+08:00,37175, 100;
2026-08-03T05:59:41+08:00,37175, 100;
2026-08-03T05:59:42+08:00,37175, 100;
2026-08-03T05:59:43+08:00,37175, 100;
2026-08-03T05:59:44+08:00,37175, 100;
2026-08-03T05:59:45+08:00,37175, 100;
2026-08-03T05:59:46+08:00,37175, 100;
2026-08-03T05:59:47+08:00,37175, 100;
2026-08-03T05:59:48+08:00,37175, 100;
2026-08-03T05:59:49+08:00,37175, 100;
2026-08-03T05:59:50+08:00,37175, 100;
2026-08-03T05:59:51+08:00,37175, 100;
2026-08-03T05:59:52+08:00,37175, 100;
2026-08-03T05:59:53+08:00,37175, 100;
2026-08-03T05:59:54+08:00,37175, 100;
2026-08-03T05:59:55+08:00,37175, 100;
2026-08-03T05:59:56+08:00,37175, 100;
2026-08-03T05:59:57+08:00,37175, 100;
2026-08-03T05:59:59+08:00,37175, 100;
2026-08-03T06:00:00+08:00,37175, 100;
2026-08-03T06:00:01+08:00,37175, 100;
2026-08-03T06:00:02+08:00,37175, 100;
2026-08-03T06:00:03+08:00,37175, 100;
2026-08-03T06:00:04+08:00,37175, 100;
2026-08-03T06:00:05+08:00,37175, 100;
2026-08-03T06:00:06+08:00,37175, 100;
2026-08-03T06:00:07+08:00,37175, 100;
2026-08-03T06:00:08+08:00,37175, 100;
2026-08-03T06:00:09+08:00,37175, 100;
2026-08-03T06:00:10+08:00,37175, 100;
2026-08-03T06:00:11+08:00,37175, 100;
2026-08-03T06:00:12+08:00,37175, 100;
2026-08-03T06:00:13+08:00,37175, 100;
2026-08-03T06:00:14+08:00,37175, 100;
2026-08-03T06:00:15+08:00,37175, 100;
2026-08-03T06:00:16+08:00,37175, 100;
2026-08-03T06:00:17+08:00,37175, 100;
2026-08-03T06:00:18+08:00,37175, 100;
2026-08-03T06:00:19+08:00,37175, 100;
2026-08-03T06:00:20+08:00,37175, 100;
2026-08-03T06:00:21+08:00,37175, 100;
2026-08-03T06:00:22+08:00,37175, 100;
2026-08-03T06:00:23+08:00,37175, 100;
2026-08-03T06:00:24+08:00,37175, 100;
2026-08-03T06:00:25+08:00,37175, 100;
2026-08-03T06:00:26+08:00,37175, 100;
2026-08-03T06:00:28+08:00,37175, 100;
2026-08-03T06:00:29+08:00,37175, 100;
2026-08-03T06:00:30+08:00,37175, 100;
2026-08-03T06:00:31+08:00,37175, 100;
2026-08-03T06:00:32+08:00,37175, 100;
2026-08-03T06:00:33+08:00,37175, 100;
2026-08-03T06:00:34+08:00,37175, 100;
2026-08-03T06:00:35+08:00,37175, 100;
2026-08-03T06:00:36+08:00,37175, 100;
2026-08-03T06:00:37+08:00,37175, 100;
2026-08-03T06:00:38+08:00,37175, 100;
2026-08-03T06:00:39+08:00,37175, 100;
2026-08-03T06:00:40+08:00,37175, 100;
2026-08-03T06:00:41+08:00,37175, 100;
2026-08-03T06:00:42+08:00,37175, 100;
2026-08-03T06:00:43+08:00,37175, 100;
2026-08-03T06:00:44+08:00,37175, 100;
2026-08-03T06:00:45+08:00,37175, 100;
2026-08-03T06:00:46+08:00,37175, 100;
2026-08-03T06:00:47+08:00,37175, 100;
2026-08-03T06:00:48+08:00,37175, 100;
2026-08-03T06:00:49+08:00,37175, 100;
2026-08-03T06:00:50+08:00,37175, 100;
2026-08-03T06:00:51+08:00,37175, 100;
2026-08-03T06:00:52+08:00,37175, 100;
2026-08-03T06:00:53+08:00,37175, 100;
2026-08-03T06:00:54+08:00,37175, 100;
2026-08-03T06:00:56+08:00,37175, 100;
2026-08-03T06:00:57+08:00,37175, 100;
2026-08-03T06:00:58+08:00,37175, 100;
2026-08-03T06:00:59+08:00,37175, 100;
2026-08-03T06:01:00+08:00,37175, 100;
2026-08-03T06:01:01+08:00,37175, 100;
2026-08-03T06:01:02+08:00,37175, 100;
2026-08-03T06:01:03+08:00,37175, 100;
2026-08-03T06:01:04+08:00,37175, 100;
2026-08-03T06:01:05+08:00,37175, 100;
2026-08-03T06:01:06+08:00,37175, 100;
2026-08-03T06:01:07+08:00,37175, 100;
2026-08-03T06:01:08+08:00,37175, 100;
2026-08-03T06:01:09+08:00,37175, 100;
2026-08-03T06:01:10+08:00,37175, 100;
2026-08-03T06:01:11+08:00,37175, 100;
2026-08-03T06:01:12+08:00,37175, 100;
2026-08-03T06:01:13+08:00,37175, 100;
2026-08-03T06:01:14+08:00,37175, 100;
2026-08-03T06:01:15+08:00,37175, 100;
2026-08-03T06:01:16+08:00,37175, 100;
2026-08-03T06:01:17+08:00,37175, 100;
2026-08-03T06:01:18+08:00,37175, 100;
2026-08-03T06:01:19+08:00,37175, 100;
2026-08-03T06:01:20+08:00,37175, 100;
2026-08-03T06:01:21+08:00,37175, 100;
2026-08-03T06:01:22+08:00,37175, 100;
2026-08-03T06:01:23+08:00,37175, 100;
2026-08-03T06:01:25+08:00,37175, 100;
2026-08-03T06:01:26+08:00,37175, 100;
2026-08-03T06:01:27+08:00,37175, 100;
2026-08-03T06:01:28+08:00,37175, 100;
2026-08-03T06:01:29+08:00,37175, 100;
2026-08-03T06:01:30+08:00,37175, 100;
2026-08-03T06:01:31+08:00,37175, 100;
2026-08-03T06:01:32+08:00,37175, 100;
2026-08-03T06:01:33+08:00,37175, 100;
2026-08-03T06:01:34+08:00,37175, 100;
2026-08-03T06:01:35+08:00,37175, 100;
2026-08-03T06:01:36+08:00,37175, 100;
2026-08-03T06:01:37+08:00,37175, 100;
2026-08-03T06:01:38+08:00,37175, 100;
2026-08-03T06:01:39+08:00,37175, 100;
2026-08-03T06:01:40+08:00,37175, 100;
2026-08-03T06:01:41+08:00,37175, 100;
2026-08-03T06:01:42+08:00,37175, 100;
2026-08-03T06:01:43+08:00,37175, 100;
2026-08-03T06:01:44+08:00,37175, 100;
2026-08-03T06:01:45+08:00,37175, 100;
2026-08-03T06:01:46+08:00,37175, 100;
2026-08-03T06:01:47+08:00,37175, 100;
2026-08-03T06:01:48+08:00,37175, 100;
2026-08-03T06:01:49+08:00,37175, 100;
2026-08-03T06:01:50+08:00,37175, 100;
2026-08-03T06:01:51+08:00,37175, 100;
2026-08-03T06:01:52+08:00,37175, 100;
2026-08-03T06:01:54+08:00,37175, 100;
2026-08-03T06:01:55+08:00,37175, 100;
2026-08-03T06:01:56+08:00,37175, 100;
2026-08-03T06:01:57+08:00,37175, 100;
2026-08-03T06:01:58+08:00,37175, 100;
2026-08-03T06:01:59+08:00,37175, 100;
2026-08-03T06:02:00+08:00,37175, 100;
2026-08-03T06:02:01+08:00,37175, 100;
2026-08-03T06:02:02+08:00,37175, 100;
2026-08-03T06:02:03+08:00,37175, 100;
2026-08-03T06:02:04+08:00,37175, 100;
2026-08-03T06:02:05+08:00,37175, 100;
2026-08-03T06:02:06+08:00,37175, 100;
2026-08-03T06:02:07+08:00,37175, 100;
2026-08-03T06:02:08+08:00,37175, 100;
2026-08-03T06:02:09+08:00,37175, 100;
2026-08-03T06:02:10+08:00,37175, 100;
2026-08-03T06:02:11+08:00,37175, 100;
2026-08-03T06:02:12+08:00,37175, 100;
2026-08-03T06:02:13+08:00,37175, 100;
2026-08-03T06:02:14+08:00,37175, 100;
2026-08-03T06:02:15+08:00,37175, 100;
2026-08-03T06:02:16+08:00,37175, 100;
2026-08-03T06:02:17+08:00,37175, 100;
2026-08-03T06:02:18+08:00,37175, 100;
2026-08-03T06:02:19+08:00,37175, 100;
2026-08-03T06:02:20+08:00,37175, 100;
2026-08-03T06:02:21+08:00,37175, 100;
2026-08-03T06:02:23+08:00,37175, 100;
2026-08-03T06:02:24+08:00,37175, 100;
2026-08-03T06:02:25+08:00,37175, 100;
2026-08-03T06:02:26+08:00,37175, 100;
2026-08-03T06:02:27+08:00,37175, 100;
2026-08-03T06:02:28+08:00,37175, 100;
2026-08-03T06:02:29+08:00,37175, 100;
2026-08-03T06:02:30+08:00,37175, 100;
2026-08-03T06:02:31+08:00,37175, 100;
2026-08-03T06:02:32+08:00,37175, 100;
2026-08-03T06:02:33+08:00,37175, 100;
2026-08-03T06:02:34+08:00,37175, 100;
2026-08-03T06:02:35+08:00,37175, 100;
2026-08-03T06:02:36+08:00,37175, 100;
2026-08-03T06:02:37+08:00,37175, 100;
2026-08-03T06:02:38+08:00,37175, 100;
2026-08-03T06:02:39+08:00,37175, 100;
2026-08-03T06:02:40+08:00,37175, 100;
2026-08-03T06:02:41+08:00,37175, 100;
2026-08-03T06:02:42+08:00,37175, 100;
2026-08-03T06:02:43+08:00,37175, 100;
2026-08-03T06:02:44+08:00,37175, 100;
2026-08-03T06:02:45+08:00,37175, 100;
2026-08-03T06:02:46+08:00,37175, 100;
2026-08-03T06:02:47+08:00,37175, 100;
2026-08-03T06:02:48+08:00,37175, 100;
2026-08-03T06:02:49+08:00,37175, 100;
2026-08-03T06:02:51+08:00,37175, 100;
2026-08-03T06:02:52+08:00,37175, 100;
2026-08-03T06:02:53+08:00,37175, 100;
2026-08-03T06:02:54+08:00,37175, 100;
2026-08-03T06:02:55+08:00,37175, 100;
2026-08-03T06:02:56+08:00,37175, 100;
2026-08-03T06:02:57+08:00,37175, 100;
2026-08-03T06:02:58+08:00,37175, 100;
2026-08-03T06:02:59+08:00,37175, 100;
2026-08-03T06:03:00+08:00,37175, 100;
2026-08-03T06:03:01+08:00,37175, 100;
2026-08-03T06:03:02+08:00,37175, 100;
2026-08-03T06:03:03+08:00,37175, 100;
2026-08-03T06:03:04+08:00,37175, 100;
2026-08-03T06:03:05+08:00,37175, 100;
2026-08-03T06:03:06+08:00,37175, 100;
2026-08-03T06:03:07+08:00,37175, 100;
2026-08-03T06:03:08+08:00,37175, 100;
2026-08-03T06:03:09+08:00,37175, 100;
2026-08-03T06:03:10+08:00,37175, 100;
2026-08-03T06:03:11+08:00,37175, 100;
2026-08-03T06:03:12+08:00,37175, 100;
2026-08-03T06:03:13+08:00,37175, 100;
2026-08-03T06:03:14+08:00,37175, 100;
2026-08-03T06:03:15+08:00,37175, 100;
2026-08-03T06:03:16+08:00,37175, 100;
2026-08-03T06:03:17+08:00,37175, 100;
2026-08-03T06:03:19+08:00,37175, 100;
2026-08-03T06:03:20+08:00,37175, 100;
2026-08-03T06:03:21+08:00,37175, 100;
2026-08-03T06:03:22+08:00,37175, 100;
2026-08-03T06:03:23+08:00,37175, 100;
2026-08-03T06:03:24+08:00,37175, 100;
2026-08-03T06:03:25+08:00,37175, 100;
2026-08-03T06:03:26+08:00,37175, 100;
2026-08-03T06:03:27+08:00,37175, 100;
2026-08-03T06:03:28+08:00,37175, 100;
2026-08-03T06:03:29+08:00,37175, 100;
2026-08-03T06:03:30+08:00,37175, 100;
2026-08-03T06:03:31+08:00,37175, 100;
2026-08-03T06:03:32+08:00,37175, 100;
2026-08-03T06:03:33+08:00,37175, 100;
2026-08-03T06:03:34+08:00,37175, 100;
2026-08-03T06:03:35+08:00,37175, 100;
2026-08-03T06:03:36+08:00,37175, 100;
2026-08-03T06:03:37+08:00,37175, 100;
2026-08-03T06:03:38+08:00,37175, 100;
2026-08-03T06:03:39+08:00,37175, 100;
2026-08-03T06:03:40+08:00,37175, 100;
2026-08-03T06:03:41+08:00,37175, 100;
2026-08-03T06:03:42+08:00,37175, 100;
2026-08-03T06:03:43+08:00,37175, 100;
2026-08-03T06:03:44+08:00,37175, 100;
2026-08-03T06:03:45+08:00,37175, 100;
2026-08-03T06:03:46+08:00,37175, 100;
2026-08-03T06:03:48+08:00,37175, 100;
2026-08-03T06:03:49+08:00,37175, 100;
2026-08-03T06:03:50+08:00,37175, 100;
2026-08-03T06:03:51+08:00,37175, 100;
2026-08-03T06:03:52+08:00,37175, 100;
2026-08-03T06:03:53+08:00,37175, 100;
2026-08-03T06:03:54+08:00,37175, 100;
2026-08-03T06:03:55+08:00,37175, 100;
2026-08-03T06:03:56+08:00,37175, 100;
2026-08-03T06:03:57+08:00,37175, 100;
2026-08-03T06:03:58+08:00,37175, 100;
2026-08-03T06:03:59+08:00,37175, 100;
2026-08-03T06:04:00+08:00,37175, 100;
2026-08-03T06:04:01+08:00,37175, 100;
2026-08-03T06:04:02+08:00,37175, 100;
2026-08-03T06:04:03+08:00,37175, 100;
2026-08-03T06:04:04+08:00,37175, 100;
2026-08-03T06:04:05+08:00,37175, 100;
2026-08-03T06:04:06+08:00,37175, 100;
2026-08-03T06:04:07+08:00,37175, 100;
2026-08-03T06:04:08+08:00,37175, 100;
2026-08-03T06:04:09+08:00,37175, 100;
2026-08-03T06:04:10+08:00,37175, 100;
2026-08-03T06:04:11+08:00,37175, 100;
2026-08-03T06:04:12+08:00,37175, 100;
2026-08-03T06:04:13+08:00,37175, 100;
2026-08-03T06:04:14+08:00,37175, 100;
2026-08-03T06:04:15+08:00,37175, 100;
2026-08-03T06:04:17+08:00,37175, 100;
2026-08-03T06:04:18+08:00,37175, 100;
2026-08-03T06:04:19+08:00,37175, 100;
2026-08-03T06:04:20+08:00,37175, 100;
2026-08-03T06:04:21+08:00,37175, 100;
2026-08-03T06:04:22+08:00,37175, 100;
2026-08-03T06:04:23+08:00,37175, 100;
2026-08-03T06:04:24+08:00,37175, 100;
2026-08-03T06:04:25+08:00,37175, 100;
2026-08-03T06:04:26+08:00,37175, 100;
2026-08-03T06:04:27+08:00,37175, 100;
2026-08-03T06:04:28+08:00,37175, 100;
2026-08-03T06:04:29+08:00,37175, 100;
2026-08-03T06:04:30+08:00,37175, 100;
2026-08-03T06:04:31+08:00,37175, 100;
2026-08-03T06:04:32+08:00,37175, 100;
2026-08-03T06:04:33+08:00,37175, 100;
2026-08-03T06:04:34+08:00,37175, 100;
2026-08-03T06:04:35+08:00,37175, 100;
2026-08-03T06:04:36+08:00,37175, 100;
2026-08-03T06:04:37+08:00,37175, 100;
2026-08-03T06:04:38+08:00,37175, 100;
2026-08-03T06:04:39+08:00,37175, 100;
2026-08-03T06:04:40+08:00,37175, 100;
2026-08-03T06:04:41+08:00,37175, 100;
2026-08-03T06:04:42+08:00,37175, 100;
2026-08-03T06:04:43+08:00,37175, 100;
2026-08-03T06:04:44+08:00,37175, 100;
2026-08-03T06:04:46+08:00,37175, 100;
2026-08-03T06:04:47+08:00,37175, 100;
2026-08-03T06:04:48+08:00,37175, 100;
2026-08-03T06:04:49+08:00,37175, 100;
2026-08-03T06:04:50+08:00,37175, 100;
2026-08-03T06:04:51+08:00,37175, 100;
2026-08-03T06:04:52+08:00,37175, 100;
2026-08-03T06:04:53+08:00,37175, 100;
2026-08-03T06:04:54+08:00,37175, 100;
2026-08-03T06:04:55+08:00,37175, 100;
2026-08-03T06:04:56+08:00,37175, 100;
2026-08-03T06:04:57+08:00,37175, 100;
2026-08-03T06:04:58+08:00,37175, 100;
2026-08-03T06:04:59+08:00,37175, 100;
2026-08-03T06:05:00+08:00,37175, 100;
2026-08-03T06:05:01+08:00,37175, 100;
2026-08-03T06:05:02+08:00,37175, 100;
2026-08-03T06:05:03+08:00,37175, 100;
2026-08-03T06:05:04+08:00,37175, 100;
2026-08-03T06:05:05+08:00,37175, 100;
2026-08-03T06:05:06+08:00,37175, 100;
2026-08-03T06:05:07+08:00,37175, 100;
2026-08-03T06:05:08+08:00,37175, 100;
2026-08-03T06:05:09+08:00,37175, 100;
2026-08-03T06:05:10+08:00,37175, 100;
2026-08-03T06:05:11+08:00,37175, 100;
2026-08-03T06:05:12+08:00,37175, 100;
2026-08-03T06:05:14+08:00,37175, 100;
2026-08-03T06:05:15+08:00,37175, 100;
2026-08-03T06:05:16+08:00,37175, 100;
2026-08-03T06:05:17+08:00,37175, 100;
2026-08-03T06:05:18+08:00,37175, 100;
2026-08-03T06:05:19+08:00,37175, 100;
2026-08-03T06:05:20+08:00,37175, 100;
2026-08-03T06:05:21+08:00,37175, 100;
2026-08-03T06:05:22+08:00,37175, 100;
2026-08-03T06:05:23+08:00,37175, 100;
2026-08-03T06:05:24+08:00,37175, 100;
2026-08-03T06:05:25+08:00,37175, 100;
2026-08-03T06:05:26+08:00,37175, 100;
2026-08-03T06:05:27+08:00,37175, 100;
2026-08-03T06:05:28+08:00,37175, 100;
2026-08-03T06:05:29+08:00,37175, 100;
2026-08-03T06:05:30+08:00,37175, 100;
2026-08-03T06:05:31+08:00,37175, 100;
2026-08-03T06:05:32+08:00,37175, 100;
2026-08-03T06:05:33+08:00,37175, 100;
2026-08-03T06:05:34+08:00,37175, 100;
2026-08-03T06:05:35+08:00,37175, 100;
2026-08-03T06:05:36+08:00,37175, 100;
2026-08-03T06:05:37+08:00,37175, 100;
2026-08-03T06:05:38+08:00,37175, 100;
2026-08-03T06:05:39+08:00,37175, 100;
2026-08-03T06:05:40+08:00,37175, 100;
2026-08-03T06:05:41+08:00,37175, 100;
2026-08-03T06:05:43+08:00,37175, 100;
2026-08-03T06:05:44+08:00,37175, 100;
2026-08-03T06:05:45+08:00,37175, 100;
2026-08-03T06:05:46+08:00,37175, 100;
2026-08-03T06:05:47+08:00,37175, 100;
2026-08-03T06:05:48+08:00,37175, 100;
2026-08-03T06:05:49+08:00,37175, 100;
2026-08-03T06:05:50+08:00,37175, 100;
2026-08-03T06:05:51+08:00,37175, 100;
2026-08-03T06:05:52+08:00,37175, 100;
2026-08-03T06:05:53+08:00,37175, 100;
2026-08-03T06:05:54+08:00,37175, 100;
2026-08-03T06:05:55+08:00,37175, 100;
2026-08-03T06:05:56+08:00,37175, 100;
2026-08-03T06:05:57+08:00,37175, 100;
2026-08-03T06:05:58+08:00,37175, 100;
2026-08-03T06:05:59+08:00,37175, 100;
2026-08-03T06:06:00+08:00,37175, 100;
2026-08-03T06:06:01+08:00,37175, 100;
2026-08-03T06:06:02+08:00,37175, 100;
2026-08-03T06:06:03+08:00,37175, 100;
2026-08-03T06:06:04+08:00,37175, 100;
2026-08-03T06:06:05+08:00,37175, 100;
2026-08-03T06:06:06+08:00,37175, 100;
2026-08-03T06:06:07+08:00,37175, 100;
2026-08-03T06:06:08+08:00,37175, 100;
2026-08-03T06:06:09+08:00,37175, 100;
2026-08-03T06:06:11+08:00,37175, 100;
2026-08-03T06:06:12+08:00,37175, 100;
2026-08-03T06:06:13+08:00,37175, 100;
2026-08-03T06:06:14+08:00,37175, 100;
2026-08-03T06:06:15+08:00,37175, 100;
2026-08-03T06:06:16+08:00,37175, 100;
2026-08-03T06:06:17+08:00,37175, 100;
2026-08-03T06:06:18+08:00,37175, 100;
2026-08-03T06:06:19+08:00,37175, 100;
2026-08-03T06:06:20+08:00,37175, 100;
2026-08-03T06:06:21+08:00,37175, 100;
2026-08-03T06:06:22+08:00,37175, 100;
2026-08-03T06:06:23+08:00,37175, 100;
2026-08-03T06:06:24+08:00,37175, 100;
2026-08-03T06:06:25+08:00,37175, 100;
2026-08-03T06:06:26+08:00,37175, 100;
2026-08-03T06:06:27+08:00,37175, 100;
2026-08-03T06:06:28+08:00,37175, 100;
2026-08-03T06:06:29+08:00,37175, 100;
2026-08-03T06:06:30+08:00,37175, 100;
2026-08-03T06:06:31+08:00,37175, 100;
2026-08-03T06:06:32+08:00,37175, 100;
2026-08-03T06:06:33+08:00,37175, 100;
2026-08-03T06:06:34+08:00,37175, 100;
2026-08-03T06:06:35+08:00,37175, 100;
2026-08-03T06:06:36+08:00,37175, 100;
2026-08-03T06:06:37+08:00,37175, 100;
2026-08-03T06:06:39+08:00,37175, 100;
2026-08-03T06:06:40+08:00,37175, 100;
2026-08-03T06:06:41+08:00,37175, 100;
2026-08-03T06:06:42+08:00,37175, 100;
2026-08-03T06:06:43+08:00,37175, 100;
2026-08-03T06:06:44+08:00,37175, 100;
2026-08-03T06:06:45+08:00,37175, 100;
2026-08-03T06:06:46+08:00,37175, 100;
2026-08-03T06:06:47+08:00,37175, 100;
2026-08-03T06:06:48+08:00,37175, 100;
2026-08-03T06:06:49+08:00,37175, 100;
2026-08-03T06:06:50+08:00,37175, 100;
2026-08-03T06:06:51+08:00,37175, 100;
2026-08-03T06:06:52+08:00,37175, 100;
2026-08-03T06:06:53+08:00,37175, 100;
2026-08-03T06:06:54+08:00,37175, 100;
2026-08-03T06:06:55+08:00,37175, 100;
2026-08-03T06:06:56+08:00,37175, 100;
2026-08-03T06:06:57+08:00,37175, 100;
2026-08-03T06:06:58+08:00,37175, 100;
2026-08-03T06:06:59+08:00,37175, 100;
2026-08-03T06:07:00+08:00,37175, 100;
2026-08-03T06:07:01+08:00,37175, 100;
2026-08-03T06:07:02+08:00,37175, 100;
2026-08-03T06:07:03+08:00,37175, 100;
2026-08-03T06:07:04+08:00,37175, 100;
2026-08-03T06:07:06+08:00,37175, 100;
2026-08-03T06:07:07+08:00,37175, 100;
2026-08-03T06:07:08+08:00,37175, 100;
2026-08-03T06:07:09+08:00,37175, 100;
2026-08-03T06:07:10+08:00,37175, 100;
2026-08-03T06:07:11+08:00,37175, 100;
2026-08-03T06:07:12+08:00,37175, 100;
2026-08-03T06:07:13+08:00,37175, 100;
2026-08-03T06:07:14+08:00,37175, 100;
2026-08-03T06:07:15+08:00,37175, 100;
2026-08-03T06:07:16+08:00,37175, 100;
2026-08-03T06:07:17+08:00,37175, 100;
2026-08-03T06:07:18+08:00,37175, 100;
2026-08-03T06:07:19+08:00,37175, 100;
2026-08-03T06:07:20+08:00,37175, 100;
2026-08-03T06:07:21+08:00,37175, 100;
2026-08-03T06:07:22+08:00,37175, 100;
2026-08-03T06:07:23+08:00,37175, 100;
2026-08-03T06:07:24+08:00,37175, 100;
2026-08-03T06:07:25+08:00,37175, 100;
2026-08-03T06:07:26+08:00,37175, 100;
2026-08-03T06:07:27+08:00,37175, 100;
2026-08-03T06:07:28+08:00,37175, 100;
2026-08-03T06:07:29+08:00,37175, 100;
2026-08-03T06:07:30+08:00,37175, 100;
2026-08-03T06:07:31+08:00,37175, 100;
2026-08-03T06:07:32+08:00,37175, 100;
2026-08-03T06:07:34+08:00,37175, 100;
2026-08-03T06:07:35+08:00,37175, 100;
2026-08-03T06:07:36+08:00,37175, 100;
2026-08-03T06:07:37+08:00,37175, 100;
2026-08-03T06:07:38+08:00,37175, 100;
2026-08-03T06:07:39+08:00,37175, 100;
2026-08-03T06:07:40+08:00,37175, 100;
2026-08-03T06:07:41+08:00,37175, 100;
2026-08-03T06:07:42+08:00,37175, 100;
2026-08-03T06:07:43+08:00,37175, 100;
2026-08-03T06:07:44+08:00,37175, 100;
2026-08-03T06:07:45+08:00,37175, 100;
2026-08-03T06:07:46+08:00,37175, 100;
2026-08-03T06:07:47+08:00,37175, 100;
2026-08-03T06:07:48+08:00,37175, 100;
2026-08-03T06:07:49+08:00,37175, 100;
2026-08-03T06:07:50+08:00,37175, 100;
2026-08-03T06:07:51+08:00,37175, 100;
2026-08-03T06:07:52+08:00,37175, 100;
2026-08-03T06:07:53+08:00,37175, 100;
2026-08-03T06:07:54+08:00,37175, 100;
2026-08-03T06:07:55+08:00,37175, 100;
2026-08-03T06:07:56+08:00,37175, 100;
2026-08-03T06:07:57+08:00,37175, 100;
2026-08-03T06:07:58+08:00,37175, 100;
2026-08-03T06:07:59+08:00,37175, 100;
2026-08-03T06:08:01+08:00,37175, 100;
2026-08-03T06:08:02+08:00,37175, 100;
2026-08-03T06:08:03+08:00,37175, 100;
2026-08-03T06:08:04+08:00,37175, 100;
2026-08-03T06:08:05+08:00,37175, 100;
2026-08-03T06:08:06+08:00,37175, 100;
2026-08-03T06:08:07+08:00,37175, 100;
2026-08-03T06:08:08+08:00,37175, 100;
2026-08-03T06:08:09+08:00,37175, 100;
2026-08-03T06:08:10+08:00,37175, 100;
2026-08-03T06:08:11+08:00,37175, 100;
2026-08-03T06:08:12+08:00,37175, 100;
2026-08-03T06:08:13+08:00,37175, 100;
2026-08-03T06:08:14+08:00,37175, 100;
2026-08-03T06:08:15+08:00,37175, 100;
2026-08-03T06:08:16+08:00,37175, 100;
2026-08-03T06:08:17+08:00,37175, 100;
2026-08-03T06:08:18+08:00,37175, 100;
2026-08-03T06:08:19+08:00,37175, 100;
2026-08-03T06:08:20+08:00,37175, 100;
2026-08-03T06:08:21+08:00,37175, 100;
2026-08-03T06:08:22+08:00,37175, 100;
2026-08-03T06:08:23+08:00,37175, 100;
2026-08-03T06:08:24+08:00,37175, 100;
2026-08-03T06:08:25+08:00,37175, 100;
2026-08-03T06:08:26+08:00,37175, 100;
2026-08-03T06:08:27+08:00,37175, 100;
2026-08-03T06:08:29+08:00,37175, 100;
2026-08-03T06:08:30+08:00,37175, 100;
2026-08-03T06:08:31+08:00,37175, 100;
2026-08-03T06:08:32+08:00,37175, 100;
2026-08-03T06:08:33+08:00,37175, 100;
2026-08-03T06:08:34+08:00,37175, 100;
2026-08-03T06:08:35+08:00,37175, 100;
2026-08-03T06:08:36+08:00,37175, 100;
2026-08-03T06:08:37+08:00,37175, 100;
2026-08-03T06:08:38+08:00,37175, 100;
2026-08-03T06:08:39+08:00,37175, 100;
2026-08-03T06:08:40+08:00,37175, 100;
2026-08-03T06:08:41+08:00,37175, 100;
2026-08-03T06:08:42+08:00,37175, 100;
2026-08-03T06:08:43+08:00,37175, 100;
2026-08-03T06:08:44+08:00,37175, 100;
2026-08-03T06:08:45+08:00,37175, 100;
2026-08-03T06:08:46+08:00,37175, 100;
2026-08-03T06:08:47+08:00,37175, 100;
2026-08-03T06:08:48+08:00,37175, 100;
2026-08-03T06:08:49+08:00,37175, 100;
2026-08-03T06:08:50+08:00,37175, 100;
2026-08-03T06:08:51+08:00,37175, 100;
2026-08-03T06:08:52+08:00,37175, 100;
2026-08-03T06:08:53+08:00,37175, 100;
2026-08-03T06:08:54+08:00,37175, 100;
2026-08-03T06:08:56+08:00,37175, 100;
2026-08-03T06:08:57+08:00,37175, 100;
2026-08-03T06:08:58+08:00,37175, 100;
2026-08-03T06:08:59+08:00,37175, 100;
2026-08-03T06:09:00+08:00,37175, 100;
2026-08-03T06:09:01+08:00,37175, 100;
2026-08-03T06:09:02+08:00,37175, 100;
2026-08-03T06:09:03+08:00,37175, 100;
2026-08-03T06:09:04+08:00,37175, 100;
2026-08-03T06:09:05+08:00,37175, 100;
2026-08-03T06:09:06+08:00,37175, 100;
2026-08-03T06:09:07+08:00,37175, 100;
2026-08-03T06:09:08+08:00,37175, 100;
2026-08-03T06:09:09+08:00,37175, 100;
2026-08-03T06:09:10+08:00,37175, 100;
2026-08-03T06:09:11+08:00,37175, 100;
2026-08-03T06:09:12+08:00,37175, 100;
2026-08-03T06:09:13+08:00,37175, 100;
2026-08-03T06:09:14+08:00,37175, 100;
2026-08-03T06:09:15+08:00,37175, 100;
2026-08-03T06:09:16+08:00,37175, 100;
2026-08-03T06:09:17+08:00,37175, 100;
2026-08-03T06:09:18+08:00,37175, 100;
2026-08-03T06:09:19+08:00,37175, 100;
2026-08-03T06:09:20+08:00,37175, 100;
2026-08-03T06:09:21+08:00,37175, 100;
2026-08-03T06:09:22+08:00,37175, 100;
2026-08-03T06:09:24+08:00,37175, 100;
2026-08-03T06:09:25+08:00,37175, 100;
2026-08-03T06:09:26+08:00,37175, 100;
2026-08-03T06:09:27+08:00,37175, 100;
2026-08-03T06:09:28+08:00,37175, 100;
2026-08-03T06:09:29+08:00,37175, 100;
2026-08-03T06:09:30+08:00,37175, 100;
2026-08-03T06:09:31+08:00,37175, 100;
2026-08-03T06:09:32+08:00,37175, 100;
2026-08-03T06:09:33+08:00,37175, 100;
2026-08-03T06:09:34+08:00,37175, 100;
2026-08-03T06:09:35+08:00,37175, 100;
2026-08-03T06:09:36+08:00,37175, 100;
2026-08-03T06:09:37+08:00,37175, 100;
2026-08-03T06:09:38+08:00,37175, 100;
2026-08-03T06:09:39+08:00,37175, 100;
2026-08-03T06:09:40+08:00,37175, 100;
2026-08-03T06:09:41+08:00,37175, 100;
2026-08-03T06:09:42+08:00,37175, 100;
2026-08-03T06:09:43+08:00,37175, 100;
2026-08-03T06:09:44+08:00,37175, 100;
2026-08-03T06:09:45+08:00,37175, 100;
2026-08-03T06:09:46+08:00,37175, 100;
2026-08-03T06:09:47+08:00,37175, 100;
2026-08-03T06:09:48+08:00,37175, 100;
2026-08-03T06:09:49+08:00,37175, 100;
2026-08-03T06:09:51+08:00,37175, 100;
2026-08-03T06:09:52+08:00,37175, 100;
2026-08-03T06:09:53+08:00,37175, 100;
2026-08-03T06:09:54+08:00,37175, 100;
2026-08-03T06:09:55+08:00,37175, 100;
2026-08-03T06:09:56+08:00,37175, 100;
2026-08-03T06:09:57+08:00,37175, 100;
2026-08-03T06:09:58+08:00,37175, 100;
2026-08-03T06:09:59+08:00,37175, 100;
2026-08-03T06:10:00+08:00,37175, 100;
2026-08-03T06:10:01+08:00,37175, 100;
2026-08-03T06:10:02+08:00,37175, 100;
2026-08-03T06:10:03+08:00,37175, 100;
2026-08-03T06:10:04+08:00,37175, 100;
2026-08-03T06:10:05+08:00,37175, 100;
2026-08-03T06:10:06+08:00,37175, 100;
2026-08-03T06:10:07+08:00,37175, 100;
2026-08-03T06:10:08+08:00,37175, 100;
2026-08-03T06:10:09+08:00,37175, 100;
2026-08-03T06:10:10+08:00,37175, 100;
2026-08-03T06:10:11+08:00,37175, 100;
2026-08-03T06:10:12+08:00,37175, 100;
2026-08-03T06:10:13+08:00,37175, 100;
2026-08-03T06:10:14+08:00,37175, 100;
2026-08-03T06:10:15+08:00,37175, 100;
2026-08-03T06:10:16+08:00,37175, 100;
2026-08-03T06:10:18+08:00,37175, 100;
2026-08-03T06:10:19+08:00,37175, 100;
2026-08-03T06:10:20+08:00,37175, 100;
2026-08-03T06:10:21+08:00,37175, 100;
2026-08-03T06:10:22+08:00,37175, 100;
2026-08-03T06:10:23+08:00,37175, 100;
2026-08-03T06:10:24+08:00,37175, 100;
2026-08-03T06:10:25+08:00,37175, 100;
2026-08-03T06:10:26+08:00,37175, 100;
2026-08-03T06:10:27+08:00,37175, 100;
2026-08-03T06:10:28+08:00,37175, 100;
2026-08-03T06:10:29+08:00,37175, 100;
2026-08-03T06:10:30+08:00,37175, 100;
2026-08-03T06:10:31+08:00,37175, 100;
2026-08-03T06:10:32+08:00,37175, 100;
2026-08-03T06:10:33+08:00,37175, 100;
2026-08-03T06:10:34+08:00,37175, 100;
2026-08-03T06:10:35+08:00,37175, 100;
2026-08-03T06:10:36+08:00,37175, 100;
2026-08-03T06:10:37+08:00,37175, 100;
2026-08-03T06:10:38+08:00,37175, 100;
2026-08-03T06:10:39+08:00,37175, 100;
2026-08-03T06:10:40+08:00,37175, 100;
2026-08-03T06:10:41+08:00,37175, 100;
2026-08-03T06:10:42+08:00,37175, 100;
2026-08-03T06:10:43+08:00,37175, 100;
2026-08-03T06:10:44+08:00,37175, 100;
2026-08-03T06:10:46+08:00,37175, 100;
2026-08-03T06:10:47+08:00,37175, 100;
2026-08-03T06:10:48+08:00,37175, 100;
2026-08-03T06:10:49+08:00,37175, 100;
2026-08-03T06:10:50+08:00,37175, 100;
2026-08-03T06:10:51+08:00,37175, 100;
2026-08-03T06:10:52+08:00,37175, 100;
2026-08-03T06:10:53+08:00,37175, 100;
2026-08-03T06:10:54+08:00,37175, 100;
2026-08-03T06:10:55+08:00,37175, 100;
2026-08-03T06:10:56+08:00,37175, 100;
2026-08-03T06:10:57+08:00,37175, 100;
2026-08-03T06:10:58+08:00,37175, 100;
2026-08-03T06:10:59+08:00,37175, 100;
2026-08-03T06:11:00+08:00,37175, 100;
2026-08-03T06:11:01+08:00,37175, 100;
2026-08-03T06:11:02+08:00,37175, 100;
2026-08-03T06:11:03+08:00,37175, 100;
2026-08-03T06:11:04+08:00,37175, 100;
2026-08-03T06:11:05+08:00,37175, 100;
2026-08-03T06:11:06+08:00,37175, 100;
2026-08-03T06:11:07+08:00,37175, 100;
2026-08-03T06:11:08+08:00,37175, 100;
2026-08-03T06:11:09+08:00,37175, 100;
2026-08-03T06:11:10+08:00,37175, 100;
2026-08-03T06:11:11+08:00,37175, 100;
2026-08-03T06:11:13+08:00,37175, 100;
2026-08-03T06:11:14+08:00,37175, 100;
2026-08-03T06:11:15+08:00,37175, 100;
2026-08-03T06:11:16+08:00,37175, 100;
2026-08-03T06:11:17+08:00,37175, 100;
2026-08-03T06:11:18+08:00,37175, 100;
2026-08-03T06:11:19+08:00,37175, 100;
2026-08-03T06:11:20+08:00,37175, 100;
2026-08-03T06:11:21+08:00,37175, 100;
2026-08-03T06:11:22+08:00,37175, 100;
2026-08-03T06:11:23+08:00,37175, 100;
2026-08-03T06:11:24+08:00,37175, 100;
2026-08-03T06:11:25+08:00,37175, 100;
2026-08-03T06:11:26+08:00,37175, 100;
2026-08-03T06:11:27+08:00,37175, 100;
2026-08-03T06:11:28+08:00,37175, 100;
2026-08-03T06:11:29+08:00,37175, 100;
2026-08-03T06:11:30+08:00,37175, 100;
2026-08-03T06:11:31+08:00,37175, 100;
2026-08-03T06:11:32+08:00,37175, 100;
2026-08-03T06:11:33+08:00,37175, 100;
2026-08-03T06:11:34+08:00,37175, 100;
2026-08-03T06:11:35+08:00,37175, 100;
2026-08-03T06:11:36+08:00,37175, 100;
2026-08-03T06:11:37+08:00,37175, 100;
2026-08-03T06:11:38+08:00,37175, 100;
2026-08-03T06:11:39+08:00,37175, 100;
2026-08-03T06:11:41+08:00,37175, 100;
2026-08-03T06:11:42+08:00,37175, 100;
2026-08-03T06:11:43+08:00,37175, 100;
2026-08-03T06:11:44+08:00,37175, 100;
2026-08-03T06:11:45+08:00,37175, 100;
2026-08-03T06:11:46+08:00,37175, 100;
2026-08-03T06:11:47+08:00,37175, 100;
2026-08-03T06:11:48+08:00,37175, 100;
2026-08-03T06:11:49+08:00,37175, 100;
2026-08-03T06:11:50+08:00,37175, 100;
2026-08-03T06:11:51+08:00,37175, 100;
2026-08-03T06:11:52+08:00,37175, 100;
2026-08-03T06:11:53+08:00,37175, 100;
2026-08-03T06:11:54+08:00,37175, 100;
2026-08-03T06:11:55+08:00,37175, 100;
2026-08-03T06:11:56+08:00,37175, 100;
2026-08-03T06:11:57+08:00,37175, 100;
2026-08-03T06:11:58+08:00,37175, 100;
2026-08-03T06:11:59+08:00,37175, 100;
2026-08-03T06:12:00+08:00,37175, 100;
2026-08-03T06:12:01+08:00,37175, 100;
2026-08-03T06:12:02+08:00,37175, 100;
2026-08-03T06:12:03+08:00,37175, 100;
2026-08-03T06:12:04+08:00,37175, 100;
2026-08-03T06:12:05+08:00,37175, 100;
2026-08-03T06:12:06+08:00,37175, 100;
2026-08-03T06:12:08+08:00,37175, 100;
2026-08-03T06:12:09+08:00,37175, 100;
2026-08-03T06:12:10+08:00,37175, 100;
2026-08-03T06:12:11+08:00,37175, 100;
2026-08-03T06:12:12+08:00,37175, 100;
2026-08-03T06:12:13+08:00,37175, 100;
2026-08-03T06:12:14+08:00,37175, 100;
2026-08-03T06:12:15+08:00,37175, 100;
2026-08-03T06:12:16+08:00,37175, 100;
2026-08-03T06:12:17+08:00,37175, 100;
2026-08-03T06:12:18+08:00,37175, 100;
2026-08-03T06:12:19+08:00,37175, 100;
2026-08-03T06:12:20+08:00,37175, 100;
2026-08-03T06:12:21+08:00,37175, 100;
2026-08-03T06:12:22+08:00,37175, 100;
2026-08-03T06:12:23+08:00,37175, 100;
2026-08-03T06:12:24+08:00,37175, 100;
2026-08-03T06:12:25+08:00,37175, 100;
2026-08-03T06:12:26+08:00,37175, 100;
2026-08-03T06:12:27+08:00,37175, 100;
2026-08-03T06:12:28+08:00,37175, 100;
2026-08-03T06:12:29+08:00,37175, 100;
2026-08-03T06:12:30+08:00,37175, 100;
2026-08-03T06:12:31+08:00,37175, 100;
2026-08-03T06:12:32+08:00,37175, 100;
2026-08-03T06:12:33+08:00,37175, 100;
2026-08-03T06:12:35+08:00,37175, 100;
2026-08-03T06:12:36+08:00,37175, 100;
2026-08-03T06:12:37+08:00,37175, 100;
2026-08-03T06:12:38+08:00,37175, 100;
2026-08-03T06:12:39+08:00,37175, 100;
2026-08-03T06:12:40+08:00,37175, 100;
2026-08-03T06:12:41+08:00,37175, 100;
2026-08-03T06:12:42+08:00,37175, 100;
2026-08-03T06:12:43+08:00,37175, 100;
2026-08-03T06:12:44+08:00,37175, 100;
2026-08-03T06:12:45+08:00,37175, 100;
2026-08-03T06:12:46+08:00,37175, 100;
2026-08-03T06:12:47+08:00,37175, 100;
2026-08-03T06:12:48+08:00,37175, 100;
2026-08-03T06:12:49+08:00,37175, 100;
2026-08-03T06:12:50+08:00,37175, 100;
2026-08-03T06:12:51+08:00,37175, 100;
2026-08-03T06:12:52+08:00,37175, 100;
2026-08-03T06:12:53+08:00,37175, 100;
2026-08-03T06:12:54+08:00,37175, 100;
2026-08-03T06:12:55+08:00,37175, 100;
2026-08-03T06:12:56+08:00,37175, 100;
2026-08-03T06:12:57+08:00,37175, 100;
2026-08-03T06:12:58+08:00,37175, 100;
2026-08-03T06:12:59+08:00,37175, 100;
2026-08-03T06:13:00+08:00,37175, 100;
2026-08-03T06:13:02+08:00,37175, 100;
2026-08-03T06:13:03+08:00,37175, 100;
2026-08-03T06:13:04+08:00,37175, 100;
2026-08-03T06:13:05+08:00,37175, 100;
2026-08-03T06:13:06+08:00,37175, 100;
2026-08-03T06:13:07+08:00,37175, 100;
2026-08-03T06:13:08+08:00,37175, 100;
2026-08-03T06:13:09+08:00,37175, 100;
2026-08-03T06:13:10+08:00,37175, 100;
2026-08-03T06:13:11+08:00,37175, 100;
2026-08-03T06:13:12+08:00,37175, 100;
2026-08-03T06:13:13+08:00,37175, 100;
2026-08-03T06:13:14+08:00,37175, 100;
2026-08-03T06:13:15+08:00,37175, 100;
2026-08-03T06:13:16+08:00,37175, 100;
2026-08-03T06:13:17+08:00,37175, 100;
2026-08-03T06:13:18+08:00,37175, 100;
2026-08-03T06:13:19+08:00,37175, 100;
2026-08-03T06:13:20+08:00,37175, 100;
2026-08-03T06:13:21+08:00,37175, 100;
2026-08-03T06:13:22+08:00,37175, 100;
2026-08-03T06:13:23+08:00,37175, 100;
2026-08-03T06:13:24+08:00,37175, 100;
2026-08-03T06:13:25+08:00,37175, 100;
2026-08-03T06:13:26+08:00,37175, 100;
2026-08-03T06:13:27+08:00,37175, 100;
2026-08-03T06:13:28+08:00,37175, 100;
2026-08-03T06:13:30+08:00,37175, 100;
2026-08-03T06:13:31+08:00,37175, 100;
2026-08-03T06:13:32+08:00,37175, 100;
2026-08-03T06:13:33+08:00,37175, 100;
2026-08-03T06:13:34+08:00,37175, 100;
2026-08-03T06:13:35+08:00,37175, 100;
2026-08-03T06:13:36+08:00,37175, 100;
2026-08-03T06:13:37+08:00,37175, 100;
2026-08-03T06:13:38+08:00,37175, 100;
2026-08-03T06:13:39+08:00,37175, 100;
2026-08-03T06:13:40+08:00,37175, 100;
2026-08-03T06:13:41+08:00,37175, 100;
2026-08-03T06:13:42+08:00,37175, 100;
2026-08-03T06:13:43+08:00,37175, 100;
2026-08-03T06:13:44+08:00,37175, 100;
2026-08-03T06:13:45+08:00,37175, 100;
2026-08-03T06:13:46+08:00,37175, 100;
2026-08-03T06:13:47+08:00,37175, 100;
2026-08-03T06:13:48+08:00,37175, 100;
2026-08-03T06:13:49+08:00,37175, 100;
2026-08-03T06:13:50+08:00,37175, 100;
2026-08-03T06:13:51+08:00,37175, 100;
2026-08-03T06:13:52+08:00,37175, 100;
2026-08-03T06:13:53+08:00,37175, 100;
2026-08-03T06:13:54+08:00,37175, 100;
2026-08-03T06:13:55+08:00,37175, 100;
2026-08-03T06:13:57+08:00,37175, 100;
2026-08-03T06:13:58+08:00,37175, 100;
2026-08-03T06:13:59+08:00,37175, 100;
2026-08-03T06:14:00+08:00,37175, 100;
2026-08-03T06:14:01+08:00,37175, 100;
2026-08-03T06:14:02+08:00,37175, 100;
2026-08-03T06:14:03+08:00,37175, 100;
2026-08-03T06:14:04+08:00,37175, 100;
2026-08-03T06:14:05+08:00,37175, 100;
2026-08-03T06:14:06+08:00,37175, 100;
2026-08-03T06:14:07+08:00,37175, 100;
2026-08-03T06:14:08+08:00,37175, 100;
2026-08-03T06:14:09+08:00,37175, 100;
2026-08-03T06:14:10+08:00,37175, 100;
2026-08-03T06:14:11+08:00,37175, 100;
2026-08-03T06:14:12+08:00,37175, 100;
2026-08-03T06:14:13+08:00,37175, 100;
2026-08-03T06:14:14+08:00,37175, 100;
2026-08-03T06:14:15+08:00,37175, 100;
2026-08-03T06:14:16+08:00,37175, 100;
2026-08-03T06:14:17+08:00,37175, 100;
2026-08-03T06:14:18+08:00,37175, 100;
2026-08-03T06:14:19+08:00,37175, 100;
2026-08-03T06:14:20+08:00,37175, 100;
2026-08-03T06:14:21+08:00,37175, 100;
2026-08-03T06:14:22+08:00,37175, 100;
2026-08-03T06:14:24+08:00,37175, 100;
2026-08-03T06:14:25+08:00,37175, 100;
2026-08-03T06:14:26+08:00,37175, 100;
2026-08-03T06:14:27+08:00,37175, 100;
2026-08-03T06:14:28+08:00,37175, 100;
2026-08-03T06:14:29+08:00,37175, 100;
2026-08-03T06:14:30+08:00,37175, 100;
2026-08-03T06:14:31+08:00,37175, 100;
2026-08-03T06:14:32+08:00,37175, 100;
2026-08-03T06:14:33+08:00,37175, 100;
2026-08-03T06:14:34+08:00,37175, 100;
2026-08-03T06:14:35+08:00,37175, 100;
2026-08-03T06:14:36+08:00,37175, 100;
2026-08-03T06:14:37+08:00,37175, 100;
2026-08-03T06:14:38+08:00,37175, 100;
2026-08-03T06:14:39+08:00,37175, 100;
2026-08-03T06:14:40+08:00,37175, 100;
2026-08-03T06:14:41+08:00,37175, 100;
2026-08-03T06:14:42+08:00,37175, 100;
2026-08-03T06:14:43+08:00,37175, 100;
2026-08-03T06:14:44+08:00,37175, 100;
2026-08-03T06:14:45+08:00,37175, 100;
2026-08-03T06:14:46+08:00,37175, 100;
2026-08-03T06:14:47+08:00,37175, 100;
2026-08-03T06:14:48+08:00,37175, 100;
2026-08-03T06:14:49+08:00,37175, 100;
2026-08-03T06:14:50+08:00,37175, 100;
2026-08-03T06:14:52+08:00,37175, 100;
2026-08-03T06:14:53+08:00,37175, 100;
2026-08-03T06:14:54+08:00,37175, 100;
2026-08-03T06:14:55+08:00,37175, 100;
2026-08-03T06:14:56+08:00,37175, 100;
2026-08-03T06:14:57+08:00,37175, 100;
2026-08-03T06:14:58+08:00,37175, 100;
2026-08-03T06:14:59+08:00,37175, 100;
2026-08-03T06:15:00+08:00,37175, 100;
2026-08-03T06:15:01+08:00,37175, 100;
2026-08-03T06:15:02+08:00,37175, 100;
2026-08-03T06:15:03+08:00,37175, 100;
2026-08-03T06:15:04+08:00,37175, 100;
2026-08-03T06:15:05+08:00,37175, 100;
2026-08-03T06:15:06+08:00,37175, 100;
2026-08-03T06:15:07+08:00,37175, 100;
2026-08-03T06:15:08+08:00,37175, 100;
2026-08-03T06:15:09+08:00,37175, 100;
2026-08-03T06:15:10+08:00,37175, 100;
2026-08-03T06:15:11+08:00,37175, 100;
2026-08-03T06:15:12+08:00,37175, 100;
2026-08-03T06:15:13+08:00,37175, 100;
2026-08-03T06:15:14+08:00,37175, 100;
2026-08-03T06:15:15+08:00,37175, 100;
2026-08-03T06:15:16+08:00,37175, 100;
2026-08-03T06:15:17+08:00,37175, 100;
2026-08-03T06:15:19+08:00,37175, 100;
2026-08-03T06:15:20+08:00,37175, 100;
2026-08-03T06:15:21+08:00,37175, 100;
2026-08-03T06:15:22+08:00,37175, 100;
2026-08-03T06:15:23+08:00,37175, 100;
2026-08-03T06:15:24+08:00,37175, 100;
2026-08-03T06:15:25+08:00,37175, 100;
2026-08-03T06:15:26+08:00,37175, 100;
2026-08-03T06:15:27+08:00,37175, 100;
2026-08-03T06:15:28+08:00,37175, 100;
2026-08-03T06:15:29+08:00,37175, 100;
2026-08-03T06:15:30+08:00,37175, 100;
2026-08-03T06:15:31+08:00,37175, 100;
2026-08-03T06:15:32+08:00,37175, 100;
2026-08-03T06:15:33+08:00,37175, 100;
2026-08-03T06:15:34+08:00,37175, 100;
2026-08-03T06:15:35+08:00,37175, 100;
2026-08-03T06:15:36+08:00,37175, 100;
2026-08-03T06:15:37+08:00,37175, 100;
2026-08-03T06:15:38+08:00,37175, 100;
2026-08-03T06:15:39+08:00,37175, 100;
2026-08-03T06:15:40+08:00,37175, 100;
2026-08-03T06:15:41+08:00,37175, 100;
2026-08-03T06:15:42+08:00,37175, 100;
2026-08-03T06:15:43+08:00,37175, 100;
2026-08-03T06:15:44+08:00,37175, 100;
2026-08-03T06:15:46+08:00,37175, 100;
2026-08-03T06:15:47+08:00,37175, 100;
2026-08-03T06:15:48+08:00,37175, 100;
2026-08-03T06:15:49+08:00,37175, 100;
2026-08-03T06:15:50+08:00,37175, 100;
2026-08-03T06:15:51+08:00,37175, 100;
2026-08-03T06:15:52+08:00,37175, 100;
2026-08-03T06:15:53+08:00,37175, 100;
2026-08-03T06:15:54+08:00,37175, 100;
2026-08-03T06:15:55+08:00,37175, 100;
2026-08-03T06:15:56+08:00,37175, 100;
2026-08-03T06:15:57+08:00,37175, 100;
2026-08-03T06:15:58+08:00,37175, 100;
2026-08-03T06:15:59+08:00,37175, 100;
2026-08-03T06:16:00+08:00,37175, 100;
2026-08-03T06:16:01+08:00,37175, 100;
2026-08-03T06:16:02+08:00,37175, 100;
2026-08-03T06:16:03+08:00,37175, 100;
2026-08-03T06:16:04+08:00,37175, 100;
2026-08-03T06:16:05+08:00,37175, 100;
2026-08-03T06:16:06+08:00,37175, 100;
2026-08-03T06:16:07+08:00,37175, 100;
2026-08-03T06:16:08+08:00,37175, 100;
2026-08-03T06:16:09+08:00,37175, 100;
2026-08-03T06:16:10+08:00,37175, 100;
2026-08-03T06:16:11+08:00,37175, 100;
2026-08-03T06:16:12+08:00,37175, 100;
2026-08-03T06:16:14+08:00,37175, 100;
2026-08-03T06:16:15+08:00,37175, 100;
2026-08-03T06:16:16+08:00,37175, 100;
2026-08-03T06:16:17+08:00,37175, 100;
2026-08-03T06:16:18+08:00,37175, 100;
2026-08-03T06:16:19+08:00,37175, 100;
2026-08-03T06:16:20+08:00,37175, 100;
2026-08-03T06:16:21+08:00,37175, 100;
2026-08-03T06:16:22+08:00,37175, 100;
2026-08-03T06:16:23+08:00,37175, 100;
2026-08-03T06:16:24+08:00,37175, 100;
2026-08-03T06:16:25+08:00,37175, 100;
2026-08-03T06:16:26+08:00,37175, 100;
2026-08-03T06:16:27+08:00,37175, 100;
2026-08-03T06:16:28+08:00,37175, 100;
2026-08-03T06:16:29+08:00,37175, 100;
2026-08-03T06:16:30+08:00,37175, 100;
2026-08-03T06:16:31+08:00,37175, 100;
2026-08-03T06:16:32+08:00,37175, 100;
2026-08-03T06:16:33+08:00,37175, 100;
2026-08-03T06:16:34+08:00,37175, 100;
2026-08-03T06:16:35+08:00,37175, 100;
2026-08-03T06:16:36+08:00,37175, 100;
2026-08-03T06:16:37+08:00,37175, 100;
2026-08-03T06:16:38+08:00,37175, 100;
2026-08-03T06:16:39+08:00,37175, 100;
2026-08-03T06:16:41+08:00,37175, 100;
2026-08-03T06:16:42+08:00,37175, 100;
2026-08-03T06:16:43+08:00,37175, 100;
2026-08-03T06:16:44+08:00,37175, 100;
2026-08-03T06:16:45+08:00,37175, 100;
2026-08-03T06:16:46+08:00,37175, 100;
2026-08-03T06:16:47+08:00,37175, 100;
2026-08-03T06:16:48+08:00,37175, 100;
2026-08-03T06:16:49+08:00,37175, 100;
2026-08-03T06:16:50+08:00,37175, 100;
2026-08-03T06:16:51+08:00,37175, 100;
2026-08-03T06:16:52+08:00,37175, 100;
2026-08-03T06:16:53+08:00,37175, 100;
2026-08-03T06:16:54+08:00,37175, 100;
2026-08-03T06:16:55+08:00,37175, 100;
2026-08-03T06:16:56+08:00,37175, 100;
2026-08-03T06:16:57+08:00,37175, 100;
2026-08-03T06:16:58+08:00,37175, 100;
2026-08-03T06:16:59+08:00,37175, 100;
2026-08-03T06:17:00+08:00,37175, 100;
2026-08-03T06:17:01+08:00,37175, 100;
2026-08-03T06:17:02+08:00,37175, 100;
2026-08-03T06:17:03+08:00,37175, 100;
2026-08-03T06:17:04+08:00,37175, 100;
2026-08-03T06:17:05+08:00,37175, 100;
2026-08-03T06:17:06+08:00,37175, 100;
2026-08-03T06:17:07+08:00,37175, 100;
2026-08-03T06:17:09+08:00,37175, 100;
2026-08-03T06:17:10+08:00,37175, 100;
2026-08-03T06:17:11+08:00,37175, 100;
2026-08-03T06:17:12+08:00,37175, 100;
2026-08-03T06:17:13+08:00,37175, 100;
2026-08-03T06:17:14+08:00,37175, 100;
2026-08-03T06:17:15+08:00,37175, 100;
2026-08-03T06:17:16+08:00,37175, 100;
2026-08-03T06:17:17+08:00,37175, 100;
2026-08-03T06:17:18+08:00,37175, 100;
2026-08-03T06:17:19+08:00,37175, 100;
2026-08-03T06:17:20+08:00,37175, 100;
2026-08-03T06:17:21+08:00,37175, 100;
2026-08-03T06:17:22+08:00,37175, 100;
2026-08-03T06:17:23+08:00,37175, 100;
2026-08-03T06:17:24+08:00,37175, 100;
2026-08-03T06:17:25+08:00,37175, 100;
2026-08-03T06:17:26+08:00,37175, 100;
2026-08-03T06:17:27+08:00,37175, 100;
2026-08-03T06:17:28+08:00,37175, 100;
2026-08-03T06:17:29+08:00,37175, 100;
2026-08-03T06:17:30+08:00,37175, 100;
2026-08-03T06:17:31+08:00,37175, 100;
2026-08-03T06:17:32+08:00,37175, 100;
2026-08-03T06:17:33+08:00,37175, 100;
2026-08-03T06:17:34+08:00,37175, 100;
2026-08-03T06:17:35+08:00,37175, 100;
2026-08-03T06:17:37+08:00,37175, 100;
2026-08-03T06:17:38+08:00,37175, 100;
2026-08-03T06:17:39+08:00,37175, 100;
2026-08-03T06:17:40+08:00,37175, 100;
2026-08-03T06:17:41+08:00,37175, 100;
2026-08-03T06:17:42+08:00,37175, 100;
2026-08-03T06:17:43+08:00,37175, 100;
2026-08-03T06:17:44+08:00,37175, 100;
2026-08-03T06:17:45+08:00,37175, 100;
2026-08-03T06:17:46+08:00,37175, 100;
2026-08-03T06:17:47+08:00,37175, 100;
2026-08-03T06:17:48+08:00,37175, 100;
2026-08-03T06:17:49+08:00,37175, 100;
2026-08-03T06:17:50+08:00,37175, 100;
2026-08-03T06:17:51+08:00,37175, 100;
2026-08-03T06:17:52+08:00,37175, 100;
2026-08-03T06:17:53+08:00,37175, 100;
2026-08-03T06:17:54+08:00,37175, 100;
2026-08-03T06:17:55+08:00,37175, 100;
2026-08-03T06:17:56+08:00,37175, 100;
2026-08-03T06:17:57+08:00,37175, 100;
2026-08-03T06:17:58+08:00,37175, 100;
2026-08-03T06:17:59+08:00,37175, 100;
2026-08-03T06:18:00+08:00,37175, 100;
2026-08-03T06:18:01+08:00,37175, 100;
2026-08-03T06:18:02+08:00,37175, 100;
2026-08-03T06:18:04+08:00,37175, 100;
2026-08-03T06:18:05+08:00,37175, 100;
2026-08-03T06:18:06+08:00,37175, 100;
2026-08-03T06:18:07+08:00,37175, 100;
2026-08-03T06:18:08+08:00,37175, 100;
2026-08-03T06:18:09+08:00,37175, 100;
2026-08-03T06:18:10+08:00,37175, 100;
2026-08-03T06:18:11+08:00,37175, 100;
2026-08-03T06:18:12+08:00,37175, 100;
2026-08-03T06:18:13+08:00,37175, 100;
2026-08-03T06:18:14+08:00,37175, 100;
2026-08-03T06:18:15+08:00,37175, 100;
2026-08-03T06:18:16+08:00,37175, 100;
2026-08-03T06:18:17+08:00,37175, 100;
2026-08-03T06:18:18+08:00,37175, 100;
2026-08-03T06:18:19+08:00,37175, 100;
2026-08-03T06:18:20+08:00,37175, 100;
2026-08-03T06:18:21+08:00,37175, 100;
2026-08-03T06:18:22+08:00,37175, 100;
2026-08-03T06:18:23+08:00,37175, 100;
2026-08-03T06:18:24+08:00,37175, 100;
2026-08-03T06:18:25+08:00,37175, 100;
2026-08-03T06:18:26+08:00,37175, 100;
2026-08-03T06:18:27+08:00,37175, 100;
2026-08-03T06:18:28+08:00,37175, 100;
2026-08-03T06:18:29+08:00,37175, 100;
2026-08-03T06:18:30+08:00,37175, 100;
2026-08-03T06:18:32+08:00,37175, 100;
2026-08-03T06:18:33+08:00,37175, 100;
2026-08-03T06:18:34+08:00,37175, 100;
2026-08-03T06:18:35+08:00,37175, 100;
2026-08-03T06:18:36+08:00,37175, 100;
2026-08-03T06:18:37+08:00,37175, 100;
2026-08-03T06:18:38+08:00,37175, 100;
2026-08-03T06:18:39+08:00,37175, 100;
2026-08-03T06:18:40+08:00,37175, 100;
2026-08-03T06:18:41+08:00,37175, 100;
2026-08-03T06:18:42+08:00,37175, 100;
2026-08-03T06:18:43+08:00,37175, 100;
2026-08-03T06:18:44+08:00,37175, 100;
2026-08-03T06:18:45+08:00,37175, 100;
2026-08-03T06:18:46+08:00,37175, 100;
2026-08-03T06:18:47+08:00,37175, 100;
2026-08-03T06:18:48+08:00,37175, 100;
2026-08-03T06:18:49+08:00,37175, 100;
2026-08-03T06:18:50+08:00,37175, 100;
2026-08-03T06:18:51+08:00,37175, 100;
2026-08-03T06:18:52+08:00,37175, 100;
2026-08-03T06:18:53+08:00,37175, 100;
2026-08-03T06:18:54+08:00,37175, 100;
2026-08-03T06:18:55+08:00,37175, 100;
2026-08-03T06:18:56+08:00,37175, 100;
2026-08-03T06:18:57+08:00,37175, 100;
2026-08-03T06:18:59+08:00,37175, 100;
2026-08-03T06:19:00+08:00,37175, 100;
2026-08-03T06:19:01+08:00,37175, 100;
2026-08-03T06:19:02+08:00,37175, 100;
2026-08-03T06:19:03+08:00,37175, 100;
2026-08-03T06:19:04+08:00,37175, 100;
2026-08-03T06:19:05+08:00,37175, 100;
2026-08-03T06:19:06+08:00,37175, 100;
2026-08-03T06:19:07+08:00,37175, 100;
2026-08-03T06:19:08+08:00,37175, 100;
2026-08-03T06:19:09+08:00,37175, 100;
2026-08-03T06:19:10+08:00,37175, 100;
2026-08-03T06:19:11+08:00,37175, 100;
2026-08-03T06:19:12+08:00,37175, 100;
2026-08-03T06:19:13+08:00,37175, 100;
2026-08-03T06:19:14+08:00,37175, 100;
2026-08-03T06:19:15+08:00,37175, 100;
2026-08-03T06:19:16+08:00,37175, 100;
2026-08-03T06:19:17+08:00,37175, 100;
2026-08-03T06:19:18+08:00,37175, 100;
2026-08-03T06:19:19+08:00,37175, 100;
2026-08-03T06:19:20+08:00,37175, 100;
2026-08-03T06:19:21+08:00,37175, 100;
2026-08-03T06:19:22+08:00,37175, 100;
2026-08-03T06:19:23+08:00,37175, 100;
2026-08-03T06:19:24+08:00,37175, 100;
2026-08-03T06:19:25+08:00,37175, 100;
2026-08-03T06:19:27+08:00,37175, 100;
2026-08-03T06:19:28+08:00,37175, 100;
2026-08-03T06:19:29+08:00,37175, 100;
2026-08-03T06:19:30+08:00,37175, 100;
2026-08-03T06:19:31+08:00,37175, 100;
2026-08-03T06:19:32+08:00,37175, 100;
2026-08-03T06:19:33+08:00,37175, 100;
2026-08-03T06:19:34+08:00,37175, 100;
2026-08-03T06:19:35+08:00,37175, 100;
2026-08-03T06:19:36+08:00,37175, 100;
2026-08-03T06:19:37+08:00,37175, 100;
2026-08-03T06:19:38+08:00,37175, 100;
2026-08-03T06:19:39+08:00,37175, 100;
2026-08-03T06:19:40+08:00,37175, 100;
2026-08-03T06:19:41+08:00,37175, 100;
2026-08-03T06:19:42+08:00,37175, 100;
2026-08-03T06:19:43+08:00,37175, 100;
2026-08-03T06:19:44+08:00,37175, 100;
2026-08-03T06:19:45+08:00,37175, 100;
2026-08-03T06:19:46+08:00,37175, 100;
2026-08-03T06:19:47+08:00,37175, 100;
2026-08-03T06:19:48+08:00,37175, 100;
2026-08-03T06:19:49+08:00,37175, 100;
2026-08-03T06:19:50+08:00,37175, 100;
2026-08-03T06:19:51+08:00,37175, 100;
2026-08-03T06:19:52+08:00,37175, 100;
2026-08-03T06:19:54+08:00,37175, 100;
2026-08-03T06:19:55+08:00,37175, 100;
2026-08-03T06:19:56+08:00,37175, 100;
2026-08-03T06:19:57+08:00,37175, 100;
2026-08-03T06:19:58+08:00,37175, 100;
2026-08-03T06:19:59+08:00,37175, 100;
2026-08-03T06:20:00+08:00,37175, 100;
2026-08-03T06:20:01+08:00,37175, 100;
2026-08-03T06:20:02+08:00,37175, 100;
2026-08-03T06:20:03+08:00,37175, 100;
2026-08-03T06:20:04+08:00,37175, 100;
2026-08-03T06:20:05+08:00,37175, 100;
2026-08-03T06:20:06+08:00,37175, 100;
2026-08-03T06:20:07+08:00,37175, 100;
2026-08-03T06:20:08+08:00,37175, 100;
2026-08-03T06:20:09+08:00,37175, 100;
2026-08-03T06:20:10+08:00,37175, 100;
2026-08-03T06:20:11+08:00,37175, 100;
2026-08-03T06:20:12+08:00,37175, 100;
2026-08-03T06:20:13+08:00,37175, 100;
2026-08-03T06:20:14+08:00,37175, 100;
2026-08-03T06:20:15+08:00,37175, 100;
2026-08-03T06:20:16+08:00,37175, 100;
2026-08-03T06:20:17+08:00,37175, 100;
2026-08-03T06:20:18+08:00,37175, 100;
2026-08-03T06:20:19+08:00,37175, 100;
2026-08-03T06:20:20+08:00,37175, 100;
2026-08-03T06:20:22+08:00,37175, 100;
2026-08-03T06:20:23+08:00,37175, 100;
2026-08-03T06:20:24+08:00,37175, 100;
2026-08-03T06:20:25+08:00,37175, 100;
2026-08-03T06:20:26+08:00,37175, 100;
2026-08-03T06:20:27+08:00,37175, 100;
2026-08-03T06:20:28+08:00,37175, 100;
2026-08-03T06:20:29+08:00,37175, 100;
2026-08-03T06:20:30+08:00,37175, 100;
2026-08-03T06:20:31+08:00,37175, 100;
2026-08-03T06:20:32+08:00,37175, 100;
2026-08-03T06:20:33+08:00,37175, 100;
2026-08-03T06:20:34+08:00,37175, 100;
2026-08-03T06:20:35+08:00,37175, 100;
2026-08-03T06:20:36+08:00,37175, 100;
2026-08-03T06:20:37+08:00,37175, 100;
2026-08-03T06:20:38+08:00,37175, 100;
2026-08-03T06:20:39+08:00,37175, 100;
2026-08-03T06:20:40+08:00,37175, 100;
2026-08-03T06:20:41+08:00,37175, 100;
2026-08-03T06:20:42+08:00,37175, 100;
2026-08-03T06:20:43+08:00,37175, 100;
2026-08-03T06:20:44+08:00,37175, 100;
2026-08-03T06:20:45+08:00,37175, 100;
2026-08-03T06:20:46+08:00,37175, 100;
2026-08-03T06:20:47+08:00,37175, 100;
2026-08-03T06:20:49+08:00,37175, 100;
2026-08-03T06:20:50+08:00,37175, 100;
2026-08-03T06:20:51+08:00,37175, 100;
2026-08-03T06:20:52+08:00,37175, 100;
2026-08-03T06:20:53+08:00,37175, 100;
2026-08-03T06:20:54+08:00,37175, 100;
2026-08-03T06:20:55+08:00,37175, 100;
2026-08-03T06:20:56+08:00,37175, 100;
2026-08-03T06:20:57+08:00,37175, 100;
2026-08-03T06:20:58+08:00,37175, 100;
2026-08-03T06:20:59+08:00,37175, 100;
2026-08-03T06:21:00+08:00,37175, 100;
2026-08-03T06:21:01+08:00,37175, 100;
2026-08-03T06:21:02+08:00,37175, 100;
2026-08-03T06:21:03+08:00,37175, 100;
2026-08-03T06:21:04+08:00,37175, 100;
2026-08-03T06:21:05+08:00,37175, 100;
2026-08-03T06:21:06+08:00,37175, 100;
2026-08-03T06:21:07+08:00,37175, 100;
2026-08-03T06:21:08+08:00,37175, 100;
2026-08-03T06:21:09+08:00,37175, 100;
2026-08-03T06:21:10+08:00,37175, 100;
2026-08-03T06:21:11+08:00,37175, 100;
2026-08-03T06:21:12+08:00,37175, 100;
2026-08-03T06:21:13+08:00,37175, 100;
2026-08-03T06:21:14+08:00,37175, 100;
2026-08-03T06:21:15+08:00,37175, 100;
2026-08-03T06:21:17+08:00,37175, 100;
2026-08-03T06:21:18+08:00,37175, 100;
2026-08-03T06:21:19+08:00,37175, 100;
2026-08-03T06:21:20+08:00,37175, 100;
2026-08-03T06:21:21+08:00,37175, 100;
2026-08-03T06:21:22+08:00,37175, 100;
2026-08-03T06:21:23+08:00,37175, 100;
2026-08-03T06:21:24+08:00,37175, 100;
2026-08-03T06:21:25+08:00,37175, 100;
2026-08-03T06:21:26+08:00,37175, 100;
2026-08-03T06:21:27+08:00,37175, 100;
2026-08-03T06:21:28+08:00,37175, 100;
2026-08-03T06:21:29+08:00,37175, 100;
2026-08-03T06:21:30+08:00,37175, 100;
2026-08-03T06:21:31+08:00,37175, 100;
2026-08-03T06:21:32+08:00,37175, 100;
2026-08-03T06:21:33+08:00,37175, 100;
2026-08-03T06:21:34+08:00,37175, 100;
2026-08-03T06:21:35+08:00,37175, 100;
2026-08-03T06:21:36+08:00,37175, 100;
2026-08-03T06:21:37+08:00,37175, 100;
2026-08-03T06:21:38+08:00,37175, 100;
2026-08-03T06:21:39+08:00,37175, 100;
2026-08-03T06:21:40+08:00,37175, 100;
2026-08-03T06:21:41+08:00,37175, 100;
2026-08-03T06:21:42+08:00,37175, 100;
2026-08-03T06:21:44+08:00,37175, 100;
2026-08-03T06:21:45+08:00,37175, 100;
2026-08-03T06:21:46+08:00,37175, 100;
2026-08-03T06:21:47+08:00,37175, 100;
2026-08-03T06:21:48+08:00,37175, 100;
2026-08-03T06:21:49+08:00,37175, 100;
2026-08-03T06:21:50+08:00,37175, 100;
2026-08-03T06:21:51+08:00,37175, 100;
2026-08-03T06:21:52+08:00,37175, 100;
2026-08-03T06:21:53+08:00,37175, 100;
2026-08-03T06:21:54+08:00,37175, 100;
2026-08-03T06:21:55+08:00,37175, 100;
2026-08-03T06:21:56+08:00,37175, 100;
2026-08-03T06:21:57+08:00,37175, 100;
2026-08-03T06:21:58+08:00,37175, 100;
2026-08-03T06:21:59+08:00,37175, 100;
2026-08-03T06:22:00+08:00,37175, 100;
2026-08-03T06:22:01+08:00,37175, 100;
2026-08-03T06:22:02+08:00,37175, 100;
2026-08-03T06:22:03+08:00,37175, 100;
2026-08-03T06:22:04+08:00,37175, 100;
2026-08-03T06:22:05+08:00,37175, 100;
2026-08-03T06:22:06+08:00,37175, 100;
2026-08-03T06:22:07+08:00,37175, 100;
2026-08-03T06:22:08+08:00,37175, 100;
2026-08-03T06:22:09+08:00,37175, 100;
2026-08-03T06:22:10+08:00,37175, 100;
2026-08-03T06:22:12+08:00,37175, 100;
2026-08-03T06:22:13+08:00,37175, 100;
2026-08-03T06:22:14+08:00,37175, 100;
2026-08-03T06:22:15+08:00,37175, 100;
2026-08-03T06:22:16+08:00,37175, 100;
2026-08-03T06:22:17+08:00,37175, 100;
2026-08-03T06:22:18+08:00,37175, 100;
2026-08-03T06:22:19+08:00,37175, 100;
2026-08-03T06:22:20+08:00,37175, 100;
2026-08-03T06:22:21+08:00,37175, 100;
2026-08-03T06:22:22+08:00,37175, 100;
2026-08-03T06:22:23+08:00,37175, 100;
2026-08-03T06:22:24+08:00,37175, 100;
2026-08-03T06:22:25+08:00,37175, 100;
2026-08-03T06:22:26+08:00,37175, 100;
2026-08-03T06:22:27+08:00,37175, 100;
2026-08-03T06:22:28+08:00,37175, 100;
2026-08-03T06:22:29+08:00,37175, 100;
2026-08-03T06:22:30+08:00,37175, 100;
2026-08-03T06:22:31+08:00,37175, 100;
2026-08-03T06:22:32+08:00,37175, 100;
2026-08-03T06:22:33+08:00,37175, 100;
2026-08-03T06:22:34+08:00,37175, 100;
2026-08-03T06:22:35+08:00,37175, 100;
2026-08-03T06:22:36+08:00,37175, 100;
2026-08-03T06:22:37+08:00,37175, 100;
2026-08-03T06:22:38+08:00,37175, 100;
2026-08-03T06:22:40+08:00,37175, 100;
2026-08-03T06:22:41+08:00,37175, 100;
2026-08-03T06:22:42+08:00,37175, 100;
2026-08-03T06:22:43+08:00,37175, 100;
2026-08-03T06:22:44+08:00,37175, 100;
2026-08-03T06:22:45+08:00,37175, 100;
2026-08-03T06:22:46+08:00,37175, 100;
2026-08-03T06:22:47+08:00,37175, 100;
2026-08-03T06:22:48+08:00,37175, 100;
2026-08-03T06:22:49+08:00,37175, 100;
2026-08-03T06:22:50+08:00,37175, 100;
2026-08-03T06:22:51+08:00,37175, 100;
2026-08-03T06:22:52+08:00,37175, 100;
2026-08-03T06:22:53+08:00,37175, 100;
2026-08-03T06:22:54+08:00,37175, 100;
2026-08-03T06:22:55+08:00,37175, 100;
2026-08-03T06:22:56+08:00,37175, 100;
2026-08-03T06:22:57+08:00,37175, 100;
2026-08-03T06:22:58+08:00,37175, 100;
2026-08-03T06:22:59+08:00,37175, 100;
2026-08-03T06:23:00+08:00,37175, 100;
2026-08-03T06:23:01+08:00,37175, 100;
2026-08-03T06:23:02+08:00,37175, 100;
2026-08-03T06:23:03+08:00,37175, 100;
2026-08-03T06:23:04+08:00,37175, 100;
2026-08-03T06:23:05+08:00,37175, 100;
2026-08-03T06:23:07+08:00,37175, 100;
2026-08-03T06:23:08+08:00,37175, 100;
2026-08-03T06:23:09+08:00,37175, 100;
2026-08-03T06:23:10+08:00,37175, 100;
2026-08-03T06:23:11+08:00,37175, 100;
2026-08-03T06:23:12+08:00,37175, 100;
2026-08-03T06:23:13+08:00,37175, 100;
2026-08-03T06:23:14+08:00,37175, 100;
2026-08-03T06:23:15+08:00,37175, 100;
2026-08-03T06:23:16+08:00,37175, 100;
2026-08-03T06:23:17+08:00,37175, 100;
2026-08-03T06:23:18+08:00,37175, 100;
2026-08-03T06:23:19+08:00,37175, 100;
2026-08-03T06:23:20+08:00,37175, 100;
2026-08-03T06:23:21+08:00,37175, 100;
2026-08-03T06:23:22+08:00,37175, 100;
2026-08-03T06:23:23+08:00,37175, 100;
2026-08-03T06:23:24+08:00,37175, 100;
2026-08-03T06:23:25+08:00,37175, 100;
2026-08-03T06:23:26+08:00,37175, 100;
2026-08-03T06:23:27+08:00,37175, 100;
2026-08-03T06:23:28+08:00,37175, 100;
2026-08-03T06:23:29+08:00,37175, 100;
2026-08-03T06:23:30+08:00,37175, 100;
2026-08-03T06:23:31+08:00,37175, 100;
2026-08-03T06:23:32+08:00,37175, 100;
2026-08-03T06:23:33+08:00,37175, 100;
2026-08-03T06:23:35+08:00,37175, 100;
2026-08-03T06:23:36+08:00,37175, 100;
2026-08-03T06:23:37+08:00,37175, 100;
2026-08-03T06:23:38+08:00,37175, 100;
2026-08-03T06:23:39+08:00,37175, 100;
2026-08-03T06:23:40+08:00,37175, 100;
2026-08-03T06:23:41+08:00,37175, 100;
2026-08-03T06:23:42+08:00,37175, 100;
2026-08-03T06:23:43+08:00,37175, 100;
2026-08-03T06:23:44+08:00,37175, 100;
2026-08-03T06:23:45+08:00,37175, 100;
2026-08-03T06:23:46+08:00,37175, 100;
2026-08-03T06:23:47+08:00,37175, 100;
2026-08-03T06:23:48+08:00,37175, 100;
2026-08-03T06:23:49+08:00,37175, 100;
2026-08-03T06:23:50+08:00,37175, 100;
2026-08-03T06:23:51+08:00,37175, 100;
2026-08-03T06:23:52+08:00,37175, 100;
2026-08-03T06:23:53+08:00,37175, 100;
2026-08-03T06:23:54+08:00,37175, 100;
2026-08-03T06:23:55+08:00,37175, 100;
2026-08-03T06:23:56+08:00,37175, 100;
2026-08-03T06:23:57+08:00,37175, 100;
2026-08-03T06:23:58+08:00,37175, 100;
2026-08-03T06:23:59+08:00,37175, 100;
2026-08-03T06:24:00+08:00,37175, 100;
2026-08-03T06:24:02+08:00,37175, 100;
2026-08-03T06:24:03+08:00,37175, 100;
2026-08-03T06:24:04+08:00,37175, 100;
2026-08-03T06:24:05+08:00,37175, 100;
2026-08-03T06:24:06+08:00,37175, 100;
2026-08-03T06:24:07+08:00,37175, 100;
2026-08-03T06:24:08+08:00,37175, 100;
2026-08-03T06:24:09+08:00,37175, 100;
2026-08-03T06:24:10+08:00,37175, 100;
2026-08-03T06:24:11+08:00,37175, 100;
2026-08-03T06:24:12+08:00,37175, 100;
2026-08-03T06:24:13+08:00,37175, 100;
2026-08-03T06:24:14+08:00,37175, 100;
2026-08-03T06:24:15+08:00,37175, 100;
2026-08-03T06:24:16+08:00,37175, 100;
2026-08-03T06:24:17+08:00,37175, 100;
2026-08-03T06:24:18+08:00,37175, 100;
2026-08-03T06:24:19+08:00,37175, 100;
2026-08-03T06:24:20+08:00,37175, 100;
2026-08-03T06:24:21+08:00,37175, 100;
2026-08-03T06:24:22+08:00,37175, 100;
2026-08-03T06:24:23+08:00,37175, 100;
2026-08-03T06:24:24+08:00,37175, 100;
2026-08-03T06:24:25+08:00,37175, 100;
2026-08-03T06:24:26+08:00,37175, 100;
2026-08-03T06:24:27+08:00,37175, 100;
2026-08-03T06:24:29+08:00,37175, 100;
2026-08-03T06:24:30+08:00,37175, 100;
2026-08-03T06:24:31+08:00,37175, 100;
2026-08-03T06:24:32+08:00,37175, 100;
2026-08-03T06:24:33+08:00,37175, 100;
2026-08-03T06:24:34+08:00,37175, 100;
2026-08-03T06:24:35+08:00,37175, 100;
2026-08-03T06:24:36+08:00,37175, 100;
2026-08-03T06:24:37+08:00,37175, 100;
2026-08-03T06:24:38+08:00,37175, 100;
2026-08-03T06:24:39+08:00,37175, 100;
2026-08-03T06:24:40+08:00,37175, 100;
2026-08-03T06:24:41+08:00,37175, 100;
2026-08-03T06:24:42+08:00,37175, 100;
2026-08-03T06:24:43+08:00,37175, 100;
2026-08-03T06:24:44+08:00,37175, 100;
2026-08-03T06:24:45+08:00,37175, 100;
2026-08-03T06:24:46+08:00,37175, 100;
2026-08-03T06:24:47+08:00,37175, 100;
2026-08-03T06:24:48+08:00,37175, 100;
2026-08-03T06:24:49+08:00,37175, 100;
2026-08-03T06:24:50+08:00,37175, 100;
2026-08-03T06:24:51+08:00,37175, 100;
2026-08-03T06:24:52+08:00,37175, 100;
2026-08-03T06:24:53+08:00,37175, 100;
2026-08-03T06:24:54+08:00,37175, 100;
2026-08-03T06:24:55+08:00,37175, 100;
2026-08-03T06:24:57+08:00,37175, 100;
2026-08-03T06:24:58+08:00,37175, 100;
2026-08-03T06:24:59+08:00,37175, 100;
2026-08-03T06:25:00+08:00,37175, 100;
2026-08-03T06:25:01+08:00,37175, 100;
2026-08-03T06:25:02+08:00,37175, 100;
2026-08-03T06:25:03+08:00,37175, 100;
2026-08-03T06:25:04+08:00,37175, 100;
2026-08-03T06:25:05+08:00,37175, 100;
2026-08-03T06:25:06+08:00,37175, 100;
2026-08-03T06:25:07+08:00,37175, 100;
2026-08-03T06:25:08+08:00,37175, 100;
2026-08-03T06:25:09+08:00,37175, 100;
2026-08-03T06:25:10+08:00,37175, 100;
2026-08-03T06:25:11+08:00,37175, 100;
2026-08-03T06:25:12+08:00,37175, 100;
2026-08-03T06:25:13+08:00,37175, 100;
2026-08-03T06:25:14+08:00,37175, 100;
2026-08-03T06:25:15+08:00,37175, 100;
2026-08-03T06:25:16+08:00,37175, 100;
2026-08-03T06:25:17+08:00,37175, 100;
2026-08-03T06:25:18+08:00,37175, 100;
2026-08-03T06:25:19+08:00,37175, 100;
2026-08-03T06:25:20+08:00,37175, 100;
2026-08-03T06:25:21+08:00,37175, 100;
2026-08-03T06:25:22+08:00,37175, 100;
2026-08-03T06:25:24+08:00,37175, 100;
2026-08-03T06:25:25+08:00,37175, 100;
2026-08-03T06:25:26+08:00,37175, 100;
2026-08-03T06:25:27+08:00,37175, 100;
2026-08-03T06:25:28+08:00,37175, 100;
2026-08-03T06:25:29+08:00,37175, 100;
2026-08-03T06:25:30+08:00,37175, 100;
2026-08-03T06:25:31+08:00,37175, 100;
2026-08-03T06:25:32+08:00,37175, 100;
2026-08-03T06:25:33+08:00,37175, 100;
2026-08-03T06:25:34+08:00,37175, 100;
2026-08-03T06:25:35+08:00,37175, 100;
2026-08-03T06:25:36+08:00,37175, 100;
2026-08-03T06:25:37+08:00,37175, 100;
2026-08-03T06:25:38+08:00,37175, 100;
2026-08-03T06:25:39+08:00,37175, 100;
2026-08-03T06:25:40+08:00,37175, 100;
2026-08-03T06:25:41+08:00,37175, 100;
2026-08-03T06:25:42+08:00,37175, 100;
2026-08-03T06:25:43+08:00,37175, 100;
2026-08-03T06:25:44+08:00,37175, 100;
2026-08-03T06:25:45+08:00,37175, 100;
2026-08-03T06:25:46+08:00,37175, 100;
2026-08-03T06:25:47+08:00,37175, 100;
2026-08-03T06:25:48+08:00,37175, 100;
2026-08-03T06:25:49+08:00,37175, 100;
2026-08-03T06:25:50+08:00,37175, 100;
2026-08-03T06:25:52+08:00,37175, 100;
2026-08-03T06:25:53+08:00,37175, 100;
2026-08-03T06:25:54+08:00,37175, 100;
2026-08-03T06:25:55+08:00,37175, 100;
2026-08-03T06:25:56+08:00,37175, 100;
2026-08-03T06:25:57+08:00,37175, 100;
2026-08-03T06:25:58+08:00,37175, 100;
2026-08-03T06:25:59+08:00,37175, 100;
2026-08-03T06:26:00+08:00,37175, 100;
2026-08-03T06:26:01+08:00,37175, 100;
2026-08-03T06:26:02+08:00,37175, 100;
2026-08-03T06:26:03+08:00,37175, 100;
2026-08-03T06:26:04+08:00,37175, 100;
2026-08-03T06:26:05+08:00,37175, 100;
2026-08-03T06:26:06+08:00,37175, 100;
2026-08-03T06:26:07+08:00,37175, 100;
2026-08-03T06:26:08+08:00,37175, 100;
2026-08-03T06:26:09+08:00,37175, 100;
2026-08-03T06:26:10+08:00,37175, 100;
2026-08-03T06:26:11+08:00,37175, 100;
2026-08-03T06:26:12+08:00,37175, 100;
2026-08-03T06:26:13+08:00,37175, 100;
2026-08-03T06:26:14+08:00,37175, 100;
2026-08-03T06:26:15+08:00,37175, 100;
2026-08-03T06:26:16+08:00,37175, 100;
2026-08-03T06:26:17+08:00,37175, 100;
2026-08-03T06:26:19+08:00,37175, 100;
2026-08-03T06:26:20+08:00,37175, 100;
2026-08-03T06:26:21+08:00,37175, 100;
2026-08-03T06:26:22+08:00,37175, 100;
2026-08-03T06:26:23+08:00,37175, 100;
2026-08-03T06:26:24+08:00,37175, 100;
2026-08-03T06:26:25+08:00,37175, 100;
2026-08-03T06:26:26+08:00,37175, 100;
2026-08-03T06:26:27+08:00,37175, 100;
2026-08-03T06:26:28+08:00,37175, 100;
2026-08-03T06:26:29+08:00,37175, 100;
2026-08-03T06:26:30+08:00,37175, 100;
2026-08-03T06:26:31+08:00,37175, 100;
2026-08-03T06:26:32+08:00,37175, 100;
2026-08-03T06:26:33+08:00,37175, 100;
2026-08-03T06:26:34+08:00,37175, 100;
2026-08-03T06:26:35+08:00,37175, 100;
2026-08-03T06:26:36+08:00,37175, 100;
2026-08-03T06:26:37+08:00,37175, 100;
2026-08-03T06:26:38+08:00,37175, 100;
2026-08-03T06:26:39+08:00,37175, 100;
2026-08-03T06:26:40+08:00,37175, 100;
2026-08-03T06:26:41+08:00,37175, 100;
2026-08-03T06:26:42+08:00,37175, 100;
2026-08-03T06:26:43+08:00,37175, 100;
2026-08-03T06:26:44+08:00,37175, 100;
2026-08-03T06:26:46+08:00,37175, 100;
2026-08-03T06:26:47+08:00,37175, 100;
2026-08-03T06:26:48+08:00,37175, 100;
2026-08-03T06:26:49+08:00,37175, 100;
2026-08-03T06:26:50+08:00,37175, 100;
2026-08-03T06:26:51+08:00,37175, 100;
2026-08-03T06:26:52+08:00,37175, 100;
2026-08-03T06:26:53+08:00,37175, 100;
2026-08-03T06:26:54+08:00,37175, 100;
2026-08-03T06:26:55+08:00,37175, 100;
2026-08-03T06:26:56+08:00,37175, 100;
2026-08-03T06:26:57+08:00,37175, 100;
2026-08-03T06:26:58+08:00,37175, 100;
2026-08-03T06:26:59+08:00,37175, 100;
2026-08-03T06:27:00+08:00,37175, 100;
2026-08-03T06:27:01+08:00,37175, 100;
2026-08-03T06:27:02+08:00,37175, 100;
2026-08-03T06:27:03+08:00,37175, 100;
2026-08-03T06:27:04+08:00,37175, 100;
2026-08-03T06:27:05+08:00,37175, 100;
2026-08-03T06:27:06+08:00,37175, 100;
2026-08-03T06:27:07+08:00,37175, 100;
2026-08-03T06:27:08+08:00,37175, 100;
2026-08-03T06:27:09+08:00,37175, 100;
2026-08-03T06:27:10+08:00,37175, 100;
2026-08-03T06:27:11+08:00,37175, 100;
2026-08-03T06:27:12+08:00,37175, 100;
2026-08-03T06:27:14+08:00,37175, 100;
2026-08-03T06:27:15+08:00,37175, 100;
2026-08-03T06:27:16+08:00,37175, 100;
2026-08-03T06:27:17+08:00,37175, 100;
2026-08-03T06:27:18+08:00,37175, 100;
2026-08-03T06:27:19+08:00,37175, 100;
2026-08-03T06:27:20+08:00,37175, 100;
2026-08-03T06:27:21+08:00,37175, 100;
2026-08-03T06:27:22+08:00,37175, 100;
2026-08-03T06:27:23+08:00,37175, 100;
2026-08-03T06:27:24+08:00,37175, 100;
2026-08-03T06:27:25+08:00,37175, 100;
2026-08-03T06:27:26+08:00,37175, 100;
2026-08-03T06:27:27+08:00,37175, 100;
2026-08-03T06:27:28+08:00,37175, 100;
2026-08-03T06:27:29+08:00,37175, 100;
2026-08-03T06:27:30+08:00,37175, 100;
2026-08-03T06:27:31+08:00,37175, 100;
2026-08-03T06:27:32+08:00,37175, 100;
2026-08-03T06:27:33+08:00,37175, 100;
2026-08-03T06:27:34+08:00,37175, 100;
2026-08-03T06:27:35+08:00,37175, 100;
2026-08-03T06:27:36+08:00,37175, 100;
2026-08-03T06:27:37+08:00,37175, 100;
2026-08-03T06:27:38+08:00,37175, 100;
2026-08-03T06:27:39+08:00,37175, 100;
2026-08-03T06:27:41+08:00,37175, 100;
2026-08-03T06:27:42+08:00,37175, 100;
2026-08-03T06:27:43+08:00,37175, 100;
2026-08-03T06:27:44+08:00,37175, 100;
2026-08-03T06:27:45+08:00,37175, 100;
2026-08-03T06:27:46+08:00,37175, 100;
2026-08-03T06:27:47+08:00,37175, 100;
2026-08-03T06:27:48+08:00,37175, 100;
2026-08-03T06:27:49+08:00,37175, 100;
2026-08-03T06:27:50+08:00,37175, 100;
2026-08-03T06:27:51+08:00,37175, 100;
2026-08-03T06:27:52+08:00,37175, 100;
2026-08-03T06:27:53+08:00,37175, 100;
2026-08-03T06:27:54+08:00,37175, 100;
2026-08-03T06:27:55+08:00,37175, 100;
2026-08-03T06:27:56+08:00,37175, 100;
2026-08-03T06:27:57+08:00,37175, 100;
2026-08-03T06:27:58+08:00,37175, 100;
2026-08-03T06:27:59+08:00,37175, 100;
2026-08-03T06:28:00+08:00,37175, 100;
2026-08-03T06:28:01+08:00,37175, 100;
2026-08-03T06:28:02+08:00,37175, 100;
2026-08-03T06:28:03+08:00,37175, 100;
2026-08-03T06:28:04+08:00,37175, 100;
2026-08-03T06:28:05+08:00,37175, 100;
2026-08-03T06:28:06+08:00,37175, 100;
2026-08-03T06:28:07+08:00,37175, 100;
2026-08-03T06:28:09+08:00,37175, 100;
2026-08-03T06:28:10+08:00,37175, 100;
2026-08-03T06:28:11+08:00,37175, 100;
2026-08-03T06:28:12+08:00,37175, 100;
2026-08-03T06:28:13+08:00,37175, 100;
2026-08-03T06:28:14+08:00,37175, 100;
2026-08-03T06:28:15+08:00,37175, 100;
2026-08-03T06:28:16+08:00,37175, 100;
2026-08-03T06:28:17+08:00,37175, 100;
2026-08-03T06:28:18+08:00,37175, 100;
2026-08-03T06:28:19+08:00,37175, 100;
2026-08-03T06:28:20+08:00,37175, 100;
2026-08-03T06:28:21+08:00,37175, 100;
2026-08-03T06:28:22+08:00,37175, 100;
2026-08-03T06:28:23+08:00,37175, 100;
2026-08-03T06:28:24+08:00,37175, 100;
2026-08-03T06:28:25+08:00,37175, 100;
2026-08-03T06:28:26+08:00,37175, 100;
2026-08-03T06:28:27+08:00,37175, 100;
2026-08-03T06:28:28+08:00,37175, 100;
2026-08-03T06:28:29+08:00,37175, 100;
2026-08-03T06:28:30+08:00,37175, 100;
2026-08-03T06:28:31+08:00,37175, 100;
2026-08-03T06:28:32+08:00,37175, 100;
2026-08-03T06:28:33+08:00,37175, 100;
2026-08-03T06:28:34+08:00,37175, 100;
2026-08-03T06:28:36+08:00,37175, 100;
2026-08-03T06:28:37+08:00,37175, 100;
2026-08-03T06:28:38+08:00,37175, 100;
2026-08-03T06:28:39+08:00,37175, 100;
2026-08-03T06:28:40+08:00,37175, 100;
2026-08-03T06:28:41+08:00,37175, 100;
2026-08-03T06:28:42+08:00,37175, 100;
2026-08-03T06:28:43+08:00,37175, 100;
2026-08-03T06:28:44+08:00,37175, 100;
2026-08-03T06:28:45+08:00,37175, 100;
2026-08-03T06:28:46+08:00,37175, 100;
2026-08-03T06:28:47+08:00,37175, 100;
2026-08-03T06:28:48+08:00,37175, 100;
2026-08-03T06:28:49+08:00,37175, 100;
2026-08-03T06:28:50+08:00,37175, 100;
2026-08-03T06:28:51+08:00,37175, 100;
2026-08-03T06:28:52+08:00,37175, 100;
2026-08-03T06:28:53+08:00,37175, 100;
2026-08-03T06:28:54+08:00,37175, 100;
2026-08-03T06:28:55+08:00,37175, 100;
2026-08-03T06:28:56+08:00,37175, 100;
2026-08-03T06:28:57+08:00,37175, 100;
2026-08-03T06:28:58+08:00,37175, 100;
2026-08-03T06:28:59+08:00,37175, 100;
2026-08-03T06:29:00+08:00,37175, 100;
2026-08-03T06:29:01+08:00,37175, 100;
2026-08-03T06:29:03+08:00,37175, 100;
2026-08-03T06:29:04+08:00,37175, 100;
2026-08-03T06:29:05+08:00,37175, 100;
2026-08-03T06:29:06+08:00,37175, 100;
2026-08-03T06:29:07+08:00,37175, 100;
2026-08-03T06:29:08+08:00,37175, 100;
2026-08-03T06:29:09+08:00,37175, 100;
2026-08-03T06:29:10+08:00,37175, 100;
2026-08-03T06:29:11+08:00,37175, 100;
2026-08-03T06:29:12+08:00,37175, 100;
2026-08-03T06:29:13+08:00,37175, 100;
2026-08-03T06:29:14+08:00,37175, 100;
2026-08-03T06:29:15+08:00,37175, 100;
2026-08-03T06:29:16+08:00,37175, 100;
2026-08-03T06:29:17+08:00,37175, 100;
2026-08-03T06:29:18+08:00,37175, 100;
2026-08-03T06:29:19+08:00,37175, 100;
2026-08-03T06:29:20+08:00,37175, 100;
2026-08-03T06:29:21+08:00,37175, 100;
2026-08-03T06:29:22+08:00,37175, 100;
2026-08-03T06:29:23+08:00,37175, 100;
2026-08-03T06:29:24+08:00,37175, 100;
2026-08-03T06:29:25+08:00,37175, 100;
2026-08-03T06:29:26+08:00,37175, 100;
2026-08-03T06:29:27+08:00,37175, 100;
2026-08-03T06:29:28+08:00,37175, 100;
2026-08-03T06:29:30+08:00,37175, 100;
2026-08-03T06:29:31+08:00,37175, 100;
2026-08-03T06:29:32+08:00,37175, 100;
2026-08-03T06:29:33+08:00,37175, 100;
2026-08-03T06:29:34+08:00,37175, 100;
2026-08-03T06:29:35+08:00,37175, 100;
2026-08-03T06:29:36+08:00,37175, 100;
2026-08-03T06:29:37+08:00,37175, 100;
2026-08-03T06:29:38+08:00,37175, 100;
2026-08-03T06:29:39+08:00,37175, 100;
2026-08-03T06:29:40+08:00,37175, 100;
2026-08-03T06:29:41+08:00,37175, 100;
2026-08-03T06:29:42+08:00,37175, 100;
2026-08-03T06:29:43+08:00,37175, 100;
2026-08-03T06:29:44+08:00,37175, 100;
2026-08-03T06:29:45+08:00,37175, 100;
2026-08-03T06:29:46+08:00,37175, 100;
2026-08-03T06:29:47+08:00,37175, 100;
2026-08-03T06:29:48+08:00,37175, 100;
2026-08-03T06:29:49+08:00,37175, 100;
2026-08-03T06:29:50+08:00,37175, 100;
2026-08-03T06:29:51+08:00,37175, 100;
2026-08-03T06:29:52+08:00,37175, 100;
2026-08-03T06:29:53+08:00,37175, 100;
2026-08-03T06:29:54+08:00,37175, 100;
2026-08-03T06:29:55+08:00,37175, 100;
2026-08-03T06:29:56+08:00,37175, 100;
2026-08-03T06:29:58+08:00,37175, 100;
2026-08-03T06:29:59+08:00,37175, 100;
2026-08-03T06:30:00+08:00,37175, 100;
2026-08-03T06:30:01+08:00,37175, 100;
2026-08-03T06:30:02+08:00,37175, 100;
2026-08-03T06:30:03+08:00,37175, 100;
2026-08-03T06:30:04+08:00,37175, 100;
2026-08-03T06:30:05+08:00,37175, 100;
2026-08-03T06:30:06+08:00,37175, 100;
2026-08-03T06:30:07+08:00,37175, 100;
2026-08-03T06:30:08+08:00,37175, 100;
2026-08-03T06:30:09+08:00,37175, 100;
2026-08-03T06:30:10+08:00,37175, 100;
2026-08-03T06:30:11+08:00,37175, 100;
2026-08-03T06:30:12+08:00,37175, 100;
2026-08-03T06:30:13+08:00,37175, 100;
2026-08-03T06:30:14+08:00,37175, 100;
2026-08-03T06:30:15+08:00,37175, 100;
2026-08-03T06:30:16+08:00,37175, 100;
2026-08-03T06:30:17+08:00,37175, 100;
2026-08-03T06:30:18+08:00,37175, 100;
2026-08-03T06:30:19+08:00,37175, 100;
2026-08-03T06:30:20+08:00,37175, 100;
2026-08-03T06:30:21+08:00,37175, 100;
2026-08-03T06:30:22+08:00,37175, 100;
2026-08-03T06:30:23+08:00,37175, 100;
2026-08-03T06:30:25+08:00,37175, 100;
2026-08-03T06:30:26+08:00,37175, 100;
2026-08-03T06:30:27+08:00,37175, 100;
2026-08-03T06:30:28+08:00,37175, 100;
2026-08-03T06:30:29+08:00,37175, 100;
2026-08-03T06:30:30+08:00,37175, 100;
2026-08-03T06:30:31+08:00,37175, 100;
2026-08-03T06:30:32+08:00,37175, 100;
2026-08-03T06:30:33+08:00,37175, 100;
2026-08-03T06:30:34+08:00,37175, 100;
2026-08-03T06:30:35+08:00,37175, 100;
2026-08-03T06:30:36+08:00,37175, 100;
2026-08-03T06:30:37+08:00,37175, 100;
2026-08-03T06:30:38+08:00,37175, 100;
2026-08-03T06:30:39+08:00,37175, 100;
2026-08-03T06:30:40+08:00,37175, 100;
2026-08-03T06:30:41+08:00,37175, 100;
2026-08-03T06:30:42+08:00,37175, 100;
2026-08-03T06:30:43+08:00,37175, 100;
2026-08-03T06:30:44+08:00,37175, 100;
2026-08-03T06:30:45+08:00,37175, 100;
2026-08-03T06:30:46+08:00,37175, 100;
2026-08-03T06:30:47+08:00,37175, 100;
2026-08-03T06:30:48+08:00,37175, 100;
2026-08-03T06:30:49+08:00,37175, 100;
2026-08-03T06:30:50+08:00,37175, 100;
2026-08-03T06:30:52+08:00,37175, 100;
2026-08-03T06:30:53+08:00,37175, 100;
2026-08-03T06:30:54+08:00,37175, 100;
2026-08-03T06:30:55+08:00,37175, 100;
2026-08-03T06:30:56+08:00,37175, 100;
2026-08-03T06:30:57+08:00,37175, 100;
2026-08-03T06:30:58+08:00,37175, 100;
2026-08-03T06:30:59+08:00,37175, 100;
2026-08-03T06:31:00+08:00,37175, 100;
2026-08-03T06:31:01+08:00,37175, 100;
2026-08-03T06:31:02+08:00,37175, 100;
2026-08-03T06:31:03+08:00,37175, 100;
2026-08-03T06:31:04+08:00,37175, 100;
2026-08-03T06:31:05+08:00,37175, 100;
2026-08-03T06:31:06+08:00,37175, 100;
2026-08-03T06:31:07+08:00,37175, 100;
2026-08-03T06:31:08+08:00,37175, 100;
2026-08-03T06:31:09+08:00,37175, 100;
2026-08-03T06:31:10+08:00,37175, 100;
2026-08-03T06:31:11+08:00,37175, 100;
2026-08-03T06:31:12+08:00,37175, 100;
2026-08-03T06:31:13+08:00,37175, 100;
2026-08-03T06:31:14+08:00,37175, 100;
2026-08-03T06:31:15+08:00,37175, 100;
2026-08-03T06:31:16+08:00,37175, 100;
2026-08-03T06:31:17+08:00,37175, 100;
2026-08-03T06:31:18+08:00,37175, 100;
2026-08-03T06:31:20+08:00,37175, 100;
2026-08-03T06:31:21+08:00,37175, 100;
2026-08-03T06:31:22+08:00,37175, 100;
2026-08-03T06:31:23+08:00,37175, 100;
2026-08-03T06:31:24+08:00,37175, 100;
2026-08-03T06:31:25+08:00,37175, 100;
2026-08-03T06:31:26+08:00,37175, 100;
2026-08-03T06:31:27+08:00,37175, 100;
2026-08-03T06:31:28+08:00,37175, 100;
2026-08-03T06:31:29+08:00,37175, 100;
2026-08-03T06:31:30+08:00,37175, 100;
2026-08-03T06:31:31+08:00,37175, 100;
2026-08-03T06:31:32+08:00,37175, 100;
2026-08-03T06:31:33+08:00,37175, 100;
2026-08-03T06:31:34+08:00,37175, 100;
2026-08-03T06:31:35+08:00,37175, 100;
2026-08-03T06:31:36+08:00,37175, 100;
2026-08-03T06:31:37+08:00,37175, 100;
2026-08-03T06:31:38+08:00,37175, 100;
2026-08-03T06:31:39+08:00,37175, 100;
2026-08-03T06:31:40+08:00,37175, 100;
2026-08-03T06:31:41+08:00,37175, 100;
2026-08-03T06:31:42+08:00,37175, 100;
2026-08-03T06:31:43+08:00,37175, 100;
2026-08-03T06:31:44+08:00,37175, 100;
2026-08-03T06:31:45+08:00,37175, 100;
2026-08-03T06:31:47+08:00,37175, 100;
2026-08-03T06:31:48+08:00,37175, 100;
2026-08-03T06:31:49+08:00,37175, 100;
2026-08-03T06:31:50+08:00,37175, 100;
2026-08-03T06:31:51+08:00,37175, 100;
2026-08-03T06:31:52+08:00,37175, 100;
2026-08-03T06:31:53+08:00,37175, 100;
2026-08-03T06:31:54+08:00,37175, 100;
2026-08-03T06:31:55+08:00,37175, 100;
2026-08-03T06:31:56+08:00,37175, 100;
2026-08-03T06:31:57+08:00,37175, 100;
2026-08-03T06:31:58+08:00,37175, 100;
2026-08-03T06:31:59+08:00,37175, 100;
2026-08-03T06:32:00+08:00,37175, 100;
2026-08-03T06:32:01+08:00,37175, 100;
2026-08-03T06:32:02+08:00,37175, 100;
2026-08-03T06:32:03+08:00,37175, 100;
2026-08-03T06:32:04+08:00,37175, 100;
2026-08-03T06:32:05+08:00,37175, 100;
2026-08-03T06:32:06+08:00,37175, 100;
2026-08-03T06:32:07+08:00,37175, 100;
2026-08-03T06:32:08+08:00,37175, 100;
2026-08-03T06:32:09+08:00,37175, 100;
2026-08-03T06:32:10+08:00,37175, 100;
2026-08-03T06:32:11+08:00,37175, 100;
2026-08-03T06:32:12+08:00,37175, 100;
2026-08-03T06:32:13+08:00,37175, 100;
2026-08-03T06:32:15+08:00,37175, 100;
2026-08-03T06:32:16+08:00,37175, 100;
2026-08-03T06:32:17+08:00,37175, 100;
2026-08-03T06:32:18+08:00,37175, 100;
2026-08-03T06:32:19+08:00,37175, 100;
2026-08-03T06:32:20+08:00,37175, 100;
2026-08-03T06:32:21+08:00,37175, 100;
2026-08-03T06:32:22+08:00,37175, 100;
2026-08-03T06:32:23+08:00,37175, 100;
2026-08-03T06:32:24+08:00,37175, 100;
2026-08-03T06:32:25+08:00,37175, 100;
2026-08-03T06:32:26+08:00,37175, 100;
2026-08-03T06:32:27+08:00,37175, 100;
2026-08-03T06:32:28+08:00,37175, 100;
2026-08-03T06:32:29+08:00,37175, 100;
2026-08-03T06:32:30+08:00,37175, 100;
2026-08-03T06:32:31+08:00,37175, 100;
2026-08-03T06:32:32+08:00,37175, 100;
2026-08-03T06:32:33+08:00,37175, 100;
2026-08-03T06:32:34+08:00,37175, 100;
2026-08-03T06:32:35+08:00,37175, 100;
2026-08-03T06:32:36+08:00,37175, 100;
2026-08-03T06:32:37+08:00,37175, 100;
2026-08-03T06:32:38+08:00,37175, 100;
2026-08-03T06:32:39+08:00,37175, 100;
2026-08-03T06:32:40+08:00,37175, 100;
2026-08-03T06:32:41+08:00,37175, 100;
2026-08-03T06:32:43+08:00,37175, 100;
2026-08-03T06:32:44+08:00,37175, 100;
2026-08-03T06:32:45+08:00,37175, 100;
2026-08-03T06:32:46+08:00,37175, 100;
2026-08-03T06:32:47+08:00,37175, 100;
2026-08-03T06:32:48+08:00,37175, 100;
2026-08-03T06:32:49+08:00,37175, 100;
2026-08-03T06:32:50+08:00,37175, 100;
2026-08-03T06:32:51+08:00,37175, 100;
2026-08-03T06:32:52+08:00,37175, 100;
2026-08-03T06:32:53+08:00,37175, 100;
2026-08-03T06:32:54+08:00,37175, 100;
2026-08-03T06:32:55+08:00,37175, 100;
2026-08-03T06:32:56+08:00,37175, 100;
2026-08-03T06:32:57+08:00,37175, 100;
2026-08-03T06:32:58+08:00,37175, 100;
2026-08-03T06:32:59+08:00,37175, 100;
2026-08-03T06:33:00+08:00,37175, 100;
2026-08-03T06:33:01+08:00,37175, 100;
2026-08-03T06:33:02+08:00,37175, 100;
2026-08-03T06:33:03+08:00,37175, 100;
2026-08-03T06:33:04+08:00,37175, 100;
2026-08-03T06:33:05+08:00,37175, 100;
2026-08-03T06:33:06+08:00,37175, 100;
2026-08-03T06:33:07+08:00,37175, 100;
2026-08-03T06:33:08+08:00,37175, 100;
2026-08-03T06:33:10+08:00,37175, 100;
2026-08-03T06:33:11+08:00,37175, 100;
2026-08-03T06:33:12+08:00,37175, 100;
2026-08-03T06:33:13+08:00,37175, 100;
2026-08-03T06:33:14+08:00,37175, 100;
2026-08-03T06:33:15+08:00,37175, 100;
2026-08-03T06:33:16+08:00,37175, 100;
2026-08-03T06:33:17+08:00,37175, 100;
2026-08-03T06:33:18+08:00,37175, 100;
2026-08-03T06:33:19+08:00,37175, 100;
2026-08-03T06:33:20+08:00,37175, 100;
2026-08-03T06:33:21+08:00,37175, 100;
2026-08-03T06:33:22+08:00,37175, 100;
2026-08-03T06:33:23+08:00,37175, 100;
2026-08-03T06:33:24+08:00,37175, 100;
2026-08-03T06:33:25+08:00,37175, 100;
2026-08-03T06:33:26+08:00,37175, 100;
2026-08-03T06:33:27+08:00,37175, 100;
2026-08-03T06:33:28+08:00,37175, 100;
2026-08-03T06:33:29+08:00,37175, 100;
2026-08-03T06:33:30+08:00,37175, 100;
2026-08-03T06:33:31+08:00,37175, 100;
2026-08-03T06:33:32+08:00,37175, 100;
2026-08-03T06:33:33+08:00,37175, 100;
2026-08-03T06:33:34+08:00,37175, 100;
2026-08-03T06:33:35+08:00,37175, 100;
2026-08-03T06:33:36+08:00,37175, 100;
2026-08-03T06:33:38+08:00,37175, 100;
2026-08-03T06:33:39+08:00,37175, 100;
2026-08-03T06:33:40+08:00,37175, 100;
2026-08-03T06:33:41+08:00,37175, 100;
2026-08-03T06:33:42+08:00,37175, 100;
2026-08-03T06:33:43+08:00,37175, 100;
2026-08-03T06:33:44+08:00,37175, 100;
2026-08-03T06:33:45+08:00,37175, 100;
2026-08-03T06:33:46+08:00,37175, 100;
2026-08-03T06:33:47+08:00,37175, 100;
2026-08-03T06:33:48+08:00,37175, 100;
2026-08-03T06:33:49+08:00,37175, 100;
2026-08-03T06:33:50+08:00,37175, 100;
2026-08-03T06:33:51+08:00,37175, 100;
2026-08-03T06:33:52+08:00,37175, 100;
2026-08-03T06:33:53+08:00,37175, 100;
2026-08-03T06:33:54+08:00,37175, 100;
2026-08-03T06:33:55+08:00,37175, 100;
2026-08-03T06:33:56+08:00,37175, 100;
2026-08-03T06:33:57+08:00,37175, 100;
2026-08-03T06:33:58+08:00,37175, 100;
2026-08-03T06:33:59+08:00,37175, 100;
2026-08-03T06:34:00+08:00,37175, 100;
2026-08-03T06:34:01+08:00,37175, 100;
2026-08-03T06:34:02+08:00,37175, 100;
2026-08-03T06:34:03+08:00,37175, 100;
2026-08-03T06:34:04+08:00,37175, 100;
2026-08-03T06:34:06+08:00,37175, 100;
2026-08-03T06:34:07+08:00,37175, 100;
2026-08-03T06:34:08+08:00,37175, 100;
2026-08-03T06:34:09+08:00,37175, 100;
2026-08-03T06:34:10+08:00,37175, 100;
2026-08-03T06:34:11+08:00,37175, 100;
2026-08-03T06:34:12+08:00,37175, 100;
2026-08-03T06:34:13+08:00,37175, 100;
2026-08-03T06:34:14+08:00,37175, 100;
2026-08-03T06:34:15+08:00,37175, 100;
2026-08-03T06:34:16+08:00,37175, 100;
2026-08-03T06:34:17+08:00,37175, 100;
2026-08-03T06:34:18+08:00,37175, 100;
2026-08-03T06:34:19+08:00,37175, 100;
2026-08-03T06:34:20+08:00,37175, 100;
2026-08-03T06:34:21+08:00,37175, 100;
2026-08-03T06:34:22+08:00,37175, 100;
2026-08-03T06:34:23+08:00,37175, 100;
2026-08-03T06:34:24+08:00,37175, 100;
2026-08-03T06:34:25+08:00,37175, 100;
2026-08-03T06:34:26+08:00,37175, 100;
2026-08-03T06:34:27+08:00,37175, 100;
2026-08-03T06:34:28+08:00,37175, 100;
2026-08-03T06:34:29+08:00,37175, 100;
2026-08-03T06:34:30+08:00,37175, 100;
2026-08-03T06:34:31+08:00,37175, 100;
2026-08-03T06:34:33+08:00,37175, 100;
2026-08-03T06:34:34+08:00,37175, 100;
2026-08-03T06:34:35+08:00,37175, 100;
2026-08-03T06:34:36+08:00,37175, 100;
2026-08-03T06:34:37+08:00,37175, 100;
2026-08-03T06:34:38+08:00,37175, 100;
2026-08-03T06:34:39+08:00,37175, 100;
2026-08-03T06:34:40+08:00,37175, 100;
2026-08-03T06:34:41+08:00,37175, 100;
2026-08-03T06:34:42+08:00,37175, 100;
2026-08-03T06:34:43+08:00,37175, 100;
2026-08-03T06:34:44+08:00,37175, 100;
2026-08-03T06:34:45+08:00,37175, 100;
2026-08-03T06:34:46+08:00,37175, 100;
2026-08-03T06:34:47+08:00,37175, 100;
2026-08-03T06:34:48+08:00,37175, 100;
2026-08-03T06:34:49+08:00,37175, 100;
2026-08-03T06:34:50+08:00,37175, 100;
2026-08-03T06:34:51+08:00,37175, 100;
2026-08-03T06:34:52+08:00,37175, 100;
2026-08-03T06:34:53+08:00,37175, 100;
2026-08-03T06:34:54+08:00,37175, 100;
2026-08-03T06:34:55+08:00,37175, 100;
2026-08-03T06:34:56+08:00,37175, 100;
2026-08-03T06:34:57+08:00,37175, 100;
2026-08-03T06:34:58+08:00,37175, 100;
2026-08-03T06:35:00+08:00,37175, 100;
2026-08-03T06:35:01+08:00,37175, 100;
2026-08-03T06:35:02+08:00,37175, 100;
2026-08-03T06:35:03+08:00,37175, 100;
2026-08-03T06:35:04+08:00,37175, 100;
2026-08-03T06:35:05+08:00,37175, 100;
2026-08-03T06:35:06+08:00,37175, 100;
2026-08-03T06:35:07+08:00,37175, 100;
2026-08-03T06:35:08+08:00,37175, 100;
2026-08-03T06:35:09+08:00,37175, 100;
2026-08-03T06:35:10+08:00,37175, 100;
2026-08-03T06:35:11+08:00,37175, 100;
2026-08-03T06:35:12+08:00,37175, 100;
2026-08-03T06:35:13+08:00,37175, 100;
2026-08-03T06:35:14+08:00,37175, 100;
2026-08-03T06:35:15+08:00,37175, 100;
2026-08-03T06:35:16+08:00,37175, 100;
2026-08-03T06:35:17+08:00,37175, 100;
2026-08-03T06:35:18+08:00,37175, 100;
2026-08-03T06:35:19+08:00,37175, 100;
2026-08-03T06:35:20+08:00,37175, 100;
2026-08-03T06:35:21+08:00,37175, 100;
2026-08-03T06:35:22+08:00,37175, 100;
2026-08-03T06:35:23+08:00,37175, 100;
2026-08-03T06:35:24+08:00,37175, 100;
2026-08-03T06:35:25+08:00,37175, 100;
2026-08-03T06:35:26+08:00,37175, 100;
2026-08-03T06:35:28+08:00,37175, 100;
2026-08-03T06:35:29+08:00,37175, 100;
2026-08-03T06:35:30+08:00,37175, 100;
2026-08-03T06:35:31+08:00,37175, 100;
2026-08-03T06:35:32+08:00,37175, 100;
2026-08-03T06:35:33+08:00,37175, 100;
2026-08-03T06:35:34+08:00,37175, 100;
2026-08-03T06:35:35+08:00,37175, 100;
2026-08-03T06:35:36+08:00,37175, 100;
2026-08-03T06:35:37+08:00,37175, 100;
2026-08-03T06:35:38+08:00,37175, 100;
2026-08-03T06:35:39+08:00,37175, 100;
2026-08-03T06:35:40+08:00,37175, 100;
2026-08-03T06:35:41+08:00,37175, 100;
2026-08-03T06:35:42+08:00,37175, 100;
2026-08-03T06:35:43+08:00,37175, 100;
2026-08-03T06:35:44+08:00,37175, 100;
2026-08-03T06:35:45+08:00,37175, 100;
2026-08-03T06:35:46+08:00,37175, 100;
2026-08-03T06:35:47+08:00,37175, 100;
2026-08-03T06:35:48+08:00,37175, 100;
2026-08-03T06:35:49+08:00,37175, 100;
2026-08-03T06:35:50+08:00,37175, 100;
2026-08-03T06:35:51+08:00,37175, 100;
2026-08-03T06:35:52+08:00,37175, 100;
2026-08-03T06:35:53+08:00,37175, 100;
2026-08-03T06:35:55+08:00,37175, 100;
2026-08-03T06:35:56+08:00,37175, 100;
2026-08-03T06:35:57+08:00,37175, 100;
2026-08-03T06:35:58+08:00,37175, 100;
2026-08-03T06:35:59+08:00,37175, 100;
2026-08-03T06:36:00+08:00,37175, 100;
2026-08-03T06:36:01+08:00,37175, 100;
2026-08-03T06:36:02+08:00,37175, 100;
2026-08-03T06:36:03+08:00,37175, 100;
2026-08-03T06:36:04+08:00,37175, 100;
2026-08-03T06:36:05+08:00,37175, 100;
2026-08-03T06:36:06+08:00,37175, 100;
2026-08-03T06:36:07+08:00,37175, 100;
2026-08-03T06:36:08+08:00,37175, 100;
2026-08-03T06:36:09+08:00,37175, 100;
2026-08-03T06:36:10+08:00,37175, 100;
2026-08-03T06:36:11+08:00,37175, 100;
2026-08-03T06:36:12+08:00,37175, 100;
2026-08-03T06:36:13+08:00,37175, 100;
2026-08-03T06:36:14+08:00,37175, 100;
2026-08-03T06:36:15+08:00,37175, 100;
2026-08-03T06:36:16+08:00,37175, 100;
2026-08-03T06:36:17+08:00,37175, 100;
2026-08-03T06:36:18+08:00,37175, 100;
2026-08-03T06:36:19+08:00,37175, 100;
2026-08-03T06:36:20+08:00,37175, 100;
2026-08-03T06:36:22+08:00,37175, 100;
2026-08-03T06:36:23+08:00,37175, 100;
2026-08-03T06:36:24+08:00,37175, 100;
2026-08-03T06:36:25+08:00,37175, 100;
2026-08-03T06:36:26+08:00,37175, 100;
2026-08-03T06:36:27+08:00,37175, 100;
2026-08-03T06:36:28+08:00,37175, 100;
2026-08-03T06:36:29+08:00,37175, 100;
2026-08-03T06:36:30+08:00,37175, 100;
2026-08-03T06:36:31+08:00,37175, 100;
2026-08-03T06:36:32+08:00,37175, 100;
2026-08-03T06:36:33+08:00,37175, 100;
2026-08-03T06:36:34+08:00,37175, 100;
2026-08-03T06:36:35+08:00,37175, 100;
2026-08-03T06:36:36+08:00,37175, 100;
2026-08-03T06:36:37+08:00,37175, 100;
2026-08-03T06:36:38+08:00,37175, 100;
2026-08-03T06:36:39+08:00,37175, 100;
2026-08-03T06:36:40+08:00,37175, 100;
2026-08-03T06:36:41+08:00,37175, 100;
2026-08-03T06:36:42+08:00,37175, 100;
2026-08-03T06:36:43+08:00,37175, 100;
2026-08-03T06:36:44+08:00,37175, 100;
2026-08-03T06:36:45+08:00,37175, 100;
2026-08-03T06:36:46+08:00,37175, 100;
2026-08-03T06:36:47+08:00,37175, 100;
2026-08-03T06:36:49+08:00,37175, 100;
2026-08-03T06:36:50+08:00,37175, 100;
2026-08-03T06:36:51+08:00,37175, 100;
2026-08-03T06:36:52+08:00,37175, 100;
2026-08-03T06:36:53+08:00,37175, 100;
2026-08-03T06:36:54+08:00,37175, 100;
2026-08-03T06:36:55+08:00,37175, 100;
2026-08-03T06:36:56+08:00,37175, 100;
2026-08-03T06:36:57+08:00,37175, 100;
2026-08-03T06:36:58+08:00,37175, 100;
2026-08-03T06:36:59+08:00,37175, 100;
2026-08-03T06:37:00+08:00,37175, 100;
2026-08-03T06:37:01+08:00,37175, 100;
2026-08-03T06:37:02+08:00,37175, 100;
2026-08-03T06:37:03+08:00,37175, 100;
2026-08-03T06:37:04+08:00,37175, 100;
2026-08-03T06:37:05+08:00,37175, 100;
2026-08-03T06:37:06+08:00,37175, 100;
2026-08-03T06:37:07+08:00,37175, 100;
2026-08-03T06:37:08+08:00,37175, 100;
2026-08-03T06:37:09+08:00,37175, 100;
2026-08-03T06:37:10+08:00,37175, 100;
2026-08-03T06:37:11+08:00,37175, 100;
2026-08-03T06:37:12+08:00,37175, 100;
2026-08-03T06:37:13+08:00,37175, 100;
2026-08-03T06:37:14+08:00,37175, 100;
2026-08-03T06:37:16+08:00,37175, 100;
2026-08-03T06:37:17+08:00,37175, 100;
2026-08-03T06:37:18+08:00,37175, 100;
2026-08-03T06:37:19+08:00,37175, 100;
2026-08-03T06:37:20+08:00,37175, 100;
2026-08-03T06:37:21+08:00,37175, 100;
2026-08-03T06:37:22+08:00,37175, 100;
2026-08-03T06:37:23+08:00,37175, 100;
2026-08-03T06:37:24+08:00,37175, 100;
2026-08-03T06:37:25+08:00,37175, 100;
2026-08-03T06:37:26+08:00,37175, 100;
2026-08-03T06:37:27+08:00,37175, 100;
2026-08-03T06:37:28+08:00,37175, 100;
2026-08-03T06:37:29+08:00,37175, 100;
2026-08-03T06:37:30+08:00,37175, 100;
2026-08-03T06:37:31+08:00,37175, 100;
2026-08-03T06:37:32+08:00,37175, 100;
2026-08-03T06:37:33+08:00,37175, 100;
2026-08-03T06:37:34+08:00,37175, 100;
2026-08-03T06:37:35+08:00,37175, 100;
2026-08-03T06:37:36+08:00,37175, 100;
2026-08-03T06:37:37+08:00,37175, 100;
2026-08-03T06:37:38+08:00,37175, 100;
2026-08-03T06:37:39+08:00,37175, 100;
2026-08-03T06:37:40+08:00,37175, 100;
2026-08-03T06:37:41+08:00,37175, 100;
2026-08-03T06:37:43+08:00,37175, 100;
2026-08-03T06:37:44+08:00,37175, 100;
2026-08-03T06:37:45+08:00,37175, 100;
2026-08-03T06:37:46+08:00,37175, 100;
2026-08-03T06:37:47+08:00,37175, 100;
2026-08-03T06:37:48+08:00,37175, 100;
2026-08-03T06:37:49+08:00,37175, 100;
2026-08-03T06:37:50+08:00,37175, 100;
2026-08-03T06:37:51+08:00,37175, 100;
2026-08-03T06:37:52+08:00,37175, 100;
2026-08-03T06:37:53+08:00,37175, 100;
2026-08-03T06:37:54+08:00,37175, 100;
2026-08-03T06:37:55+08:00,37175, 100;
2026-08-03T06:37:56+08:00,37175, 100;
2026-08-03T06:37:57+08:00,37175, 100;
2026-08-03T06:37:58+08:00,37175, 100;
2026-08-03T06:37:59+08:00,37175, 100;
2026-08-03T06:38:00+08:00,37175, 100;
2026-08-03T06:38:01+08:00,37175, 100;
2026-08-03T06:38:02+08:00,37175, 100;
2026-08-03T06:38:03+08:00,37175, 100;
2026-08-03T06:38:04+08:00,37175, 100;
2026-08-03T06:38:05+08:00,37175, 100;
2026-08-03T06:38:06+08:00,37175, 100;
2026-08-03T06:38:07+08:00,37175, 100;
2026-08-03T06:38:08+08:00,37175, 100;
2026-08-03T06:38:10+08:00,37175, 100;
2026-08-03T06:38:11+08:00,37175, 100;
2026-08-03T06:38:12+08:00,37175, 100;
2026-08-03T06:38:13+08:00,37175, 100;
2026-08-03T06:38:14+08:00,37175, 100;
2026-08-03T06:38:15+08:00,37175, 100;
2026-08-03T06:38:16+08:00,37175, 100;
2026-08-03T06:38:17+08:00,37175, 100;
2026-08-03T06:38:18+08:00,37175, 100;
2026-08-03T06:38:19+08:00,37175, 100;
2026-08-03T06:38:20+08:00,37175, 100;
2026-08-03T06:38:21+08:00,37175, 100;
2026-08-03T06:38:22+08:00,37175, 100;
2026-08-03T06:38:23+08:00,37175, 100;
2026-08-03T06:38:24+08:00,37175, 100;
2026-08-03T06:38:25+08:00,37175, 100;
2026-08-03T06:38:26+08:00,37175, 100;
2026-08-03T06:38:27+08:00,37175, 100;
2026-08-03T06:38:28+08:00,37175, 100;
2026-08-03T06:38:29+08:00,37175, 100;
2026-08-03T06:38:30+08:00,37175, 100;
2026-08-03T06:38:31+08:00,37175, 100;
2026-08-03T06:38:32+08:00,37175, 100;
2026-08-03T06:38:33+08:00,37175, 100;
2026-08-03T06:38:34+08:00,37175, 100;
2026-08-03T06:38:36+08:00,37175, 100;
2026-08-03T06:38:37+08:00,37175, 100;
2026-08-03T06:38:38+08:00,37175, 100;
2026-08-03T06:38:39+08:00,37175, 100;
2026-08-03T06:38:40+08:00,37175, 100;
2026-08-03T06:38:41+08:00,37175, 100;
2026-08-03T06:38:42+08:00,37175, 100;
2026-08-03T06:38:43+08:00,37175, 100;
2026-08-03T06:38:44+08:00,37175, 100;
2026-08-03T06:38:45+08:00,37175, 100;
2026-08-03T06:38:46+08:00,37175, 100;
2026-08-03T06:38:47+08:00,37175, 100;
2026-08-03T06:38:48+08:00,37175, 100;
2026-08-03T06:38:49+08:00,37175, 100;
2026-08-03T06:38:50+08:00,37175, 100;
2026-08-03T06:38:51+08:00,37175, 100;
2026-08-03T06:38:52+08:00,37175, 100;
2026-08-03T06:38:53+08:00,37175, 100;
2026-08-03T06:38:54+08:00,37175, 100;
2026-08-03T06:38:55+08:00,37175, 100;
2026-08-03T06:38:56+08:00,37175, 100;
2026-08-03T06:38:57+08:00,37175, 100;
2026-08-03T06:38:58+08:00,37175, 100;
2026-08-03T06:38:59+08:00,37175, 100;
2026-08-03T06:39:00+08:00,37175, 100;
2026-08-03T06:39:01+08:00,37175, 100;
2026-08-03T06:39:03+08:00,37175, 100;
2026-08-03T06:39:04+08:00,37175, 100;
2026-08-03T06:39:05+08:00,37175, 100;
2026-08-03T06:39:06+08:00,37175, 100;
2026-08-03T06:39:07+08:00,37175, 100;
2026-08-03T06:39:08+08:00,37175, 100;
2026-08-03T06:39:09+08:00,37175, 100;
2026-08-03T06:39:10+08:00,37175, 100;
2026-08-03T06:39:11+08:00,37175, 100;
2026-08-03T06:39:12+08:00,37175, 100;
2026-08-03T06:39:13+08:00,37175, 100;
2026-08-03T06:39:14+08:00,37175, 100;
2026-08-03T06:39:15+08:00,37175, 100;
2026-08-03T06:39:16+08:00,37175, 100;
2026-08-03T06:39:17+08:00,37175, 100;
2026-08-03T06:39:18+08:00,37175, 100;
2026-08-03T06:39:19+08:00,37175, 100;
2026-08-03T06:39:20+08:00,37175, 100;
2026-08-03T06:39:21+08:00,37175, 100;
2026-08-03T06:39:22+08:00,37175, 100;
2026-08-03T06:39:23+08:00,37175, 100;
2026-08-03T06:39:24+08:00,37175, 100;
2026-08-03T06:39:25+08:00,37175, 100;
2026-08-03T06:39:26+08:00,37175, 100;
2026-08-03T06:39:27+08:00,37175, 100;
2026-08-03T06:39:28+08:00,37175, 100;
2026-08-03T06:39:30+08:00,37175, 100;
2026-08-03T06:39:31+08:00,37175, 100;
2026-08-03T06:39:32+08:00,37175, 100;
2026-08-03T06:39:33+08:00,37175, 100;
2026-08-03T06:39:34+08:00,37175, 100;
2026-08-03T06:39:35+08:00,37175, 100;
2026-08-03T06:39:36+08:00,37175, 100;
2026-08-03T06:39:37+08:00,37175, 100;
2026-08-03T06:39:38+08:00,37175, 100;
2026-08-03T06:39:39+08:00,37175, 100;
2026-08-03T06:39:40+08:00,37175, 100;
2026-08-03T06:39:41+08:00,37175, 100;
2026-08-03T06:39:42+08:00,37175, 100;
2026-08-03T06:39:43+08:00,37175, 100;
2026-08-03T06:39:44+08:00,37175, 100;
2026-08-03T06:39:45+08:00,37175, 100;
2026-08-03T06:39:46+08:00,37175, 100;
2026-08-03T06:39:47+08:00,37175, 100;
2026-08-03T06:39:48+08:00,37175, 100;
2026-08-03T06:39:49+08:00,37175, 100;
2026-08-03T06:39:50+08:00,37175, 100;
2026-08-03T06:39:51+08:00,37175, 100;
2026-08-03T06:39:52+08:00,37175, 100;
2026-08-03T06:39:53+08:00,37175, 100;
2026-08-03T06:39:54+08:00,37175, 100;
2026-08-03T06:39:55+08:00,37175, 100;
2026-08-03T06:39:57+08:00,37175, 100;
2026-08-03T06:39:58+08:00,37175, 100;
2026-08-03T06:39:59+08:00,37175, 100;
2026-08-03T06:40:00+08:00,37175, 100;
2026-08-03T06:40:01+08:00,37175, 100;
2026-08-03T06:40:02+08:00,37175, 100;
2026-08-03T06:40:03+08:00,37175, 100;
2026-08-03T06:40:04+08:00,37175, 100;
2026-08-03T06:40:05+08:00,37175, 100;
2026-08-03T06:40:06+08:00,37175, 100;
2026-08-03T06:40:07+08:00,37175, 100;
2026-08-03T06:40:08+08:00,37175, 100;
2026-08-03T06:40:09+08:00,37175, 100;
2026-08-03T06:40:10+08:00,37175, 100;
2026-08-03T06:40:11+08:00,37175, 100;
2026-08-03T06:40:12+08:00,37175, 100;
2026-08-03T06:40:13+08:00,37175, 100;
2026-08-03T06:40:14+08:00,37175, 100;
2026-08-03T06:40:15+08:00,37175, 100;
2026-08-03T06:40:16+08:00,37175, 100;
2026-08-03T06:40:17+08:00,37175, 100;
2026-08-03T06:40:18+08:00,37175, 100;
2026-08-03T06:40:19+08:00,37175, 100;
2026-08-03T06:40:20+08:00,37175, 100;
2026-08-03T06:40:21+08:00,37175, 100;
2026-08-03T06:40:22+08:00,37175, 100;
2026-08-03T06:40:24+08:00,37175, 100;
2026-08-03T06:40:25+08:00,37175, 100;
2026-08-03T06:40:26+08:00,37175, 100;
2026-08-03T06:40:27+08:00,37175, 100;
2026-08-03T06:40:28+08:00,37175, 100;
2026-08-03T06:40:29+08:00,37175, 100;
2026-08-03T06:40:30+08:00,37175, 100;
2026-08-03T06:40:31+08:00,37175, 100;
2026-08-03T06:40:32+08:00,37175, 100;
2026-08-03T06:40:33+08:00,37175, 100;
2026-08-03T06:40:34+08:00,37175, 100;
2026-08-03T06:40:35+08:00,37175, 100;
2026-08-03T06:40:36+08:00,37175, 100;
2026-08-03T06:40:37+08:00,37175, 100;
2026-08-03T06:40:38+08:00,37175, 100;
2026-08-03T06:40:39+08:00,37175, 100;
2026-08-03T06:40:40+08:00,37175, 100;
2026-08-03T06:40:41+08:00,37175, 100;
2026-08-03T06:40:42+08:00,37175, 100;
2026-08-03T06:40:43+08:00,37175, 100;
2026-08-03T06:40:44+08:00,37175, 100;
2026-08-03T06:40:45+08:00,37175, 100;
2026-08-03T06:40:46+08:00,37175, 100;
2026-08-03T06:40:47+08:00,37175, 100;
2026-08-03T06:40:48+08:00,37175, 100;
2026-08-03T06:40:49+08:00,37175, 100;
2026-08-03T06:40:50+08:00,37175, 100;
2026-08-03T06:40:52+08:00,37175, 100;
2026-08-03T06:40:53+08:00,37175, 100;
2026-08-03T06:40:54+08:00,37175, 100;
2026-08-03T06:40:55+08:00,37175, 100;
2026-08-03T06:40:56+08:00,37175, 100;
2026-08-03T06:40:57+08:00,37175, 100;
2026-08-03T06:40:58+08:00,37175, 100;
2026-08-03T06:40:59+08:00,37175, 100;
2026-08-03T06:41:00+08:00,37175, 100;
2026-08-03T06:41:01+08:00,37175, 100;
2026-08-03T06:41:02+08:00,37175, 100;
2026-08-03T06:41:03+08:00,37175, 100;
2026-08-03T06:41:04+08:00,37175, 100;
2026-08-03T06:41:05+08:00,37175, 100;
2026-08-03T06:41:06+08:00,37175, 100;
2026-08-03T06:41:07+08:00,37175, 100;
2026-08-03T06:41:08+08:00,37175, 100;
2026-08-03T06:41:09+08:00,37175, 100;
2026-08-03T06:41:10+08:00,37175, 100;
2026-08-03T06:41:11+08:00,37175, 100;
2026-08-03T06:41:12+08:00,37175, 100;
2026-08-03T06:41:13+08:00,37175, 100;
2026-08-03T06:41:14+08:00,37175, 100;
2026-08-03T06:41:15+08:00,37175, 100;
2026-08-03T06:41:16+08:00,37175, 100;
2026-08-03T06:41:17+08:00,37175, 100;
2026-08-03T06:41:19+08:00,37175, 100;
2026-08-03T06:41:20+08:00,37175, 100;
2026-08-03T06:41:21+08:00,37175, 100;
2026-08-03T06:41:22+08:00,37175, 100;
2026-08-03T06:41:23+08:00,37175, 100;
2026-08-03T06:41:24+08:00,37175, 100;
2026-08-03T06:41:25+08:00,37175, 100;
2026-08-03T06:41:26+08:00,37175, 100;
2026-08-03T06:41:27+08:00,37175, 100;
2026-08-03T06:41:28+08:00,37175, 100;
2026-08-03T06:41:29+08:00,37175, 100;
2026-08-03T06:41:30+08:00,37175, 100;
2026-08-03T06:41:31+08:00,37175, 100;
2026-08-03T06:41:32+08:00,37175, 100;
2026-08-03T06:41:33+08:00,37175, 100;
2026-08-03T06:41:34+08:00,37175, 100;
2026-08-03T06:41:35+08:00,37175, 100;
2026-08-03T06:41:36+08:00,37175, 100;
2026-08-03T06:41:37+08:00,37175, 100;
2026-08-03T06:41:38+08:00,37175, 100;
2026-08-03T06:41:39+08:00,37175, 100;
2026-08-03T06:41:40+08:00,37175, 100;
2026-08-03T06:41:41+08:00,37175, 100;
2026-08-03T06:41:42+08:00,37175, 100;
2026-08-03T06:41:43+08:00,37175, 100;
2026-08-03T06:41:44+08:00,37175, 100;
2026-08-03T06:41:46+08:00,37175, 100;
2026-08-03T06:41:47+08:00,37175, 100;
2026-08-03T06:41:48+08:00,37175, 100;
2026-08-03T06:41:49+08:00,37175, 100;
2026-08-03T06:41:50+08:00,37175, 100;
2026-08-03T06:41:51+08:00,37175, 100;
2026-08-03T06:41:52+08:00,37175, 100;
2026-08-03T06:41:53+08:00,37175, 100;
2026-08-03T06:41:54+08:00,37175, 100;
2026-08-03T06:41:55+08:00,37175, 100;
2026-08-03T06:41:56+08:00,37175, 100;
2026-08-03T06:41:57+08:00,37175, 100;
2026-08-03T06:41:58+08:00,37175, 100;
2026-08-03T06:41:59+08:00,37175, 100;
2026-08-03T06:42:00+08:00,37175, 100;
2026-08-03T06:42:01+08:00,37175, 100;
2026-08-03T06:42:02+08:00,37175, 100;
2026-08-03T06:42:03+08:00,37175, 100;
2026-08-03T06:42:04+08:00,37175, 100;
2026-08-03T06:42:05+08:00,37175, 100;
2026-08-03T06:42:06+08:00,37175, 100;
2026-08-03T06:42:07+08:00,37175, 100;
2026-08-03T06:42:08+08:00,37175, 100;
2026-08-03T06:42:09+08:00,37175, 100;
2026-08-03T06:42:10+08:00,37175, 100;
2026-08-03T06:42:11+08:00,37175, 100;
2026-08-03T06:42:12+08:00,37175, 100;
2026-08-03T06:42:14+08:00,37175, 100;
2026-08-03T06:42:15+08:00,37175, 100;
2026-08-03T06:42:16+08:00,37175, 100;
2026-08-03T06:42:17+08:00,37175, 100;
2026-08-03T06:42:18+08:00,37175, 100;
2026-08-03T06:42:19+08:00,37175, 100;
2026-08-03T06:42:20+08:00,37175, 100;
2026-08-03T06:42:21+08:00,37175, 100;
2026-08-03T06:42:22+08:00,37175, 100;
2026-08-03T06:42:23+08:00,37175, 100;
2026-08-03T06:42:24+08:00,37175, 100;
2026-08-03T06:42:25+08:00,37175, 100;
2026-08-03T06:42:26+08:00,37175, 100;
2026-08-03T06:42:27+08:00,37175, 100;
2026-08-03T06:42:28+08:00,37175, 100;
2026-08-03T06:42:29+08:00,37175, 100;
2026-08-03T06:42:30+08:00,37175, 100;
2026-08-03T06:42:31+08:00,37175, 100;
2026-08-03T06:42:32+08:00,37175, 100;
2026-08-03T06:42:33+08:00,37175, 100;
2026-08-03T06:42:34+08:00,37175, 100;
2026-08-03T06:42:35+08:00,37175, 100;
2026-08-03T06:42:36+08:00,37175, 100;
2026-08-03T06:42:37+08:00,37175, 100;
2026-08-03T06:42:38+08:00,37175, 100;
2026-08-03T06:42:39+08:00,37175, 100;
2026-08-03T06:42:41+08:00,37175, 100;
2026-08-03T06:42:42+08:00,37175, 100;
2026-08-03T06:42:43+08:00,37175, 100;
2026-08-03T06:42:44+08:00,37175, 100;
2026-08-03T06:42:45+08:00,37175, 100;
2026-08-03T06:42:46+08:00,37175, 100;
2026-08-03T06:42:47+08:00,37175, 100;
2026-08-03T06:42:48+08:00,37175, 100;
2026-08-03T06:42:49+08:00,37175, 100;
2026-08-03T06:42:50+08:00,37175, 100;
2026-08-03T06:42:51+08:00,37175, 100;
2026-08-03T06:42:52+08:00,37175, 100;
2026-08-03T06:42:53+08:00,37175, 100;
2026-08-03T06:42:54+08:00,37175, 100;
2026-08-03T06:42:55+08:00,37175, 100;
2026-08-03T06:42:56+08:00,37175, 100;
2026-08-03T06:42:57+08:00,37175, 100;
2026-08-03T06:42:58+08:00,37175, 100;
2026-08-03T06:42:59+08:00,37175, 100;
2026-08-03T06:43:00+08:00,37175, 100;
2026-08-03T06:43:01+08:00,37175, 100;
2026-08-03T06:43:02+08:00,37175, 100;
2026-08-03T06:43:03+08:00,37175, 100;
2026-08-03T06:43:04+08:00,37175, 100;
2026-08-03T06:43:05+08:00,37175, 100;
2026-08-03T06:43:06+08:00,37175, 100;
2026-08-03T06:43:08+08:00,37175, 100;
2026-08-03T06:43:09+08:00,37175, 100;
2026-08-03T06:43:10+08:00,37175, 100;
2026-08-03T06:43:11+08:00,37175, 100;
2026-08-03T06:43:12+08:00,37175, 100;
2026-08-03T06:43:13+08:00,37175, 100;
2026-08-03T06:43:14+08:00,37175, 100;
2026-08-03T06:43:15+08:00,37175, 100;
2026-08-03T06:43:16+08:00,37175, 100;
2026-08-03T06:43:17+08:00,37175, 100;
2026-08-03T06:43:18+08:00,37175, 100;
2026-08-03T06:43:19+08:00,37175, 100;
2026-08-03T06:43:20+08:00,37175, 100;
2026-08-03T06:43:21+08:00,37175, 100;
2026-08-03T06:43:22+08:00,37175, 100;
2026-08-03T06:43:23+08:00,37175, 100;
2026-08-03T06:43:24+08:00,37175, 100;
2026-08-03T06:43:25+08:00,37175, 100;
2026-08-03T06:43:26+08:00,37175, 100;
2026-08-03T06:43:27+08:00,37175, 100;
2026-08-03T06:43:28+08:00,37175, 100;
2026-08-03T06:43:29+08:00,37175, 100;
2026-08-03T06:43:30+08:00,37175, 100;
2026-08-03T06:43:31+08:00,37175, 100;
2026-08-03T06:43:32+08:00,37175, 100;
2026-08-03T06:43:33+08:00,37175, 100;
2026-08-03T06:43:35+08:00,37175, 100;
2026-08-03T06:43:36+08:00,37175, 100;
2026-08-03T06:43:37+08:00,37175, 100;
2026-08-03T06:43:38+08:00,37175, 100;
2026-08-03T06:43:39+08:00,37175, 100;
2026-08-03T06:43:40+08:00,37175, 100;
2026-08-03T06:43:41+08:00,37175, 100;
2026-08-03T06:43:42+08:00,37175, 100;
2026-08-03T06:43:43+08:00,37175, 100;
2026-08-03T06:43:44+08:00,37175, 100;
2026-08-03T06:43:45+08:00,37175, 100;
2026-08-03T06:43:46+08:00,37175, 100;
2026-08-03T06:43:47+08:00,37175, 100;
2026-08-03T06:43:48+08:00,37175, 100;
2026-08-03T06:43:49+08:00,37175, 100;
2026-08-03T06:43:50+08:00,37175, 100;
2026-08-03T06:43:51+08:00,37175, 100;
2026-08-03T06:43:52+08:00,37175, 100;
2026-08-03T06:43:53+08:00,37175, 100;
2026-08-03T06:43:54+08:00,37175, 100;
2026-08-03T06:43:55+08:00,37175, 100;
2026-08-03T06:43:56+08:00,37175, 100;
2026-08-03T06:43:57+08:00,37175, 100;
2026-08-03T06:43:58+08:00,37175, 100;
2026-08-03T06:43:59+08:00,37175, 100;
2026-08-03T06:44:00+08:00,37175, 100;
2026-08-03T06:44:01+08:00,37175, 100;
2026-08-03T06:44:03+08:00,37175, 100;
2026-08-03T06:44:04+08:00,37175, 100;
2026-08-03T06:44:05+08:00,37175, 100;
2026-08-03T06:44:06+08:00,37175, 100;
2026-08-03T06:44:07+08:00,37175, 100;
2026-08-03T06:44:08+08:00,37175, 100;
2026-08-03T06:44:09+08:00,37175, 100;
2026-08-03T06:44:10+08:00,37175, 100;
2026-08-03T06:44:11+08:00,37175, 100;
2026-08-03T06:44:12+08:00,37175, 100;
2026-08-03T06:44:13+08:00,37175, 100;
2026-08-03T06:44:14+08:00,37175, 100;
2026-08-03T06:44:15+08:00,37175, 100;
2026-08-03T06:44:16+08:00,37175, 100;
2026-08-03T06:44:17+08:00,37175, 100;
2026-08-03T06:44:18+08:00,37175, 100;
2026-08-03T06:44:19+08:00,37175, 100;
2026-08-03T06:44:20+08:00,37175, 100;
2026-08-03T06:44:21+08:00,37175, 100;
2026-08-03T06:44:22+08:00,37175, 100;
2026-08-03T06:44:23+08:00,37175, 100;
2026-08-03T06:44:24+08:00,37175, 100;
2026-08-03T06:44:25+08:00,37175, 100;
2026-08-03T06:44:26+08:00,37175, 100;
2026-08-03T06:44:27+08:00,37175, 100;
2026-08-03T06:44:28+08:00,37175, 100;
2026-08-03T06:44:30+08:00,37175, 100;
2026-08-03T06:44:31+08:00,37175, 100;
2026-08-03T06:44:32+08:00,37175, 100;
2026-08-03T06:44:33+08:00,37175, 100;
2026-08-03T06:44:34+08:00,37175, 100;
2026-08-03T06:44:35+08:00,37175, 100;
2026-08-03T06:44:36+08:00,37175, 100;
2026-08-03T06:44:37+08:00,37175, 100;
2026-08-03T06:44:38+08:00,37175, 100;
2026-08-03T06:44:39+08:00,37175, 100;
2026-08-03T06:44:40+08:00,37175, 100;
2026-08-03T06:44:41+08:00,37175, 100;
2026-08-03T06:44:42+08:00,37175, 100;
2026-08-03T06:44:43+08:00,37175, 100;
2026-08-03T06:44:44+08:00,37175, 100;
2026-08-03T06:44:45+08:00,37175, 100;
2026-08-03T06:44:46+08:00,37175, 100;
2026-08-03T06:44:47+08:00,37175, 100;
2026-08-03T06:44:48+08:00,37175, 100;
2026-08-03T06:44:49+08:00,37175, 100;
2026-08-03T06:44:50+08:00,37175, 100;
2026-08-03T06:44:51+08:00,37175, 100;
2026-08-03T06:44:52+08:00,37175, 100;
2026-08-03T06:44:53+08:00,37175, 100;
2026-08-03T06:44:54+08:00,37175, 100;
2026-08-03T06:44:55+08:00,37175, 100;
2026-08-03T06:44:57+08:00,37175, 100;
2026-08-03T06:44:58+08:00,37175, 100;
2026-08-03T06:44:59+08:00,37175, 100;
2026-08-03T06:45:00+08:00,37175, 100;
2026-08-03T06:45:01+08:00,37175, 100;
2026-08-03T06:45:02+08:00,37175, 100;
2026-08-03T06:45:03+08:00,37175, 100;
2026-08-03T06:45:04+08:00,37175, 100;
2026-08-03T06:45:05+08:00,37175, 100;
2026-08-03T06:45:06+08:00,37175, 100;
2026-08-03T06:45:07+08:00,37175, 100;
2026-08-03T06:45:08+08:00,37175, 100;
2026-08-03T06:45:09+08:00,37175, 100;
2026-08-03T06:45:10+08:00,37175, 100;
2026-08-03T06:45:11+08:00,37175, 100;
2026-08-03T06:45:12+08:00,37175, 100;
2026-08-03T06:45:13+08:00,37175, 100;
2026-08-03T06:45:14+08:00,37175, 100;
2026-08-03T06:45:15+08:00,37175, 100;
2026-08-03T06:45:16+08:00,37175, 100;
2026-08-03T06:45:17+08:00,37175, 100;
2026-08-03T06:45:18+08:00,37175, 100;
2026-08-03T06:45:19+08:00,37175, 100;
2026-08-03T06:45:20+08:00,37175, 100;
2026-08-03T06:45:21+08:00,37175, 100;
2026-08-03T06:45:22+08:00,37175, 100;
2026-08-03T06:45:24+08:00,37175, 100;
2026-08-03T06:45:25+08:00,37175, 100;
2026-08-03T06:45:26+08:00,37175, 100;
2026-08-03T06:45:27+08:00,37175, 100;
2026-08-03T06:45:28+08:00,37175, 100;
2026-08-03T06:45:29+08:00,37175, 100;
2026-08-03T06:45:30+08:00,37175, 100;
2026-08-03T06:45:31+08:00,37175, 100;
2026-08-03T06:45:32+08:00,37175, 100;
2026-08-03T06:45:33+08:00,37175, 100;
2026-08-03T06:45:34+08:00,37175, 100;
2026-08-03T06:45:35+08:00,37175, 100;
2026-08-03T06:45:36+08:00,37175, 100;
2026-08-03T06:45:37+08:00,37175, 100;
2026-08-03T06:45:38+08:00,37175, 100;
2026-08-03T06:45:39+08:00,37175, 100;
2026-08-03T06:45:40+08:00,37175, 100;
2026-08-03T06:45:41+08:00,37175, 100;
2026-08-03T06:45:42+08:00,37175, 100;
2026-08-03T06:45:43+08:00,37175, 100;
2026-08-03T06:45:44+08:00,37175, 100;
2026-08-03T06:45:45+08:00,37175, 100;
2026-08-03T06:45:46+08:00,37175, 100;
2026-08-03T06:45:47+08:00,37175, 100;
2026-08-03T06:45:48+08:00,37175, 100;
2026-08-03T06:45:49+08:00,37175, 100;
2026-08-03T06:45:51+08:00,37175, 100;
2026-08-03T06:45:52+08:00,37175, 100;
2026-08-03T06:45:53+08:00,37175, 100;
2026-08-03T06:45:54+08:00,37175, 100;
2026-08-03T06:45:55+08:00,37175, 100;
2026-08-03T06:45:56+08:00,37175, 100;
2026-08-03T06:45:57+08:00,37175, 100;
2026-08-03T06:45:58+08:00,37175, 100;
2026-08-03T06:45:59+08:00,37175, 100;
2026-08-03T06:46:00+08:00,37175, 100;
2026-08-03T06:46:01+08:00,37175, 100;
2026-08-03T06:46:02+08:00,37175, 100;
2026-08-03T06:46:03+08:00,37175, 100;
2026-08-03T06:46:04+08:00,37175, 100;
2026-08-03T06:46:05+08:00,37175, 100;
2026-08-03T06:46:06+08:00,37175, 100;
2026-08-03T06:46:07+08:00,37175, 100;
2026-08-03T06:46:08+08:00,37175, 100;
2026-08-03T06:46:09+08:00,37175, 100;
2026-08-03T06:46:10+08:00,37175, 100;
2026-08-03T06:46:11+08:00,37175, 100;
2026-08-03T06:46:12+08:00,37175, 100;
2026-08-03T06:46:13+08:00,37175, 100;
2026-08-03T06:46:14+08:00,37175, 100;
2026-08-03T06:46:15+08:00,37175, 100;
2026-08-03T06:46:16+08:00,37175, 100;
2026-08-03T06:46:17+08:00,37175, 100;
2026-08-03T06:46:19+08:00,37175, 100;
2026-08-03T06:46:20+08:00,37175, 100;
2026-08-03T06:46:21+08:00,37175, 100;
2026-08-03T06:46:22+08:00,37175, 100;
2026-08-03T06:46:23+08:00,37175, 100;
2026-08-03T06:46:24+08:00,37175, 100;
2026-08-03T06:46:25+08:00,37175, 100;
2026-08-03T06:46:26+08:00,37175, 100;
2026-08-03T06:46:27+08:00,37175, 100;
2026-08-03T06:46:28+08:00,37175, 100;
2026-08-03T06:46:29+08:00,37175, 100;
2026-08-03T06:46:30+08:00,37175, 100;
2026-08-03T06:46:31+08:00,37175, 100;
2026-08-03T06:46:32+08:00,37175, 100;
2026-08-03T06:46:33+08:00,37175, 100;
2026-08-03T06:46:34+08:00,37175, 100;
2026-08-03T06:46:35+08:00,37175, 100;
2026-08-03T06:46:36+08:00,37175, 100;
2026-08-03T06:46:37+08:00,37175, 100;
2026-08-03T06:46:38+08:00,37175, 100;
2026-08-03T06:46:39+08:00,37175, 100;
2026-08-03T06:46:40+08:00,37175, 100;
2026-08-03T06:46:41+08:00,37175, 100;
2026-08-03T06:46:42+08:00,37175, 100;
2026-08-03T06:46:43+08:00,37175, 100;
2026-08-03T06:46:44+08:00,37175, 100;
2026-08-03T06:46:46+08:00,37175, 100;
2026-08-03T06:46:47+08:00,37175, 100;
2026-08-03T06:46:48+08:00,37175, 100;
2026-08-03T06:46:49+08:00,37175, 100;
2026-08-03T06:46:50+08:00,37175, 100;
2026-08-03T06:46:51+08:00,37175, 100;
2026-08-03T06:46:52+08:00,37175, 100;
2026-08-03T06:46:53+08:00,37175, 100;
2026-08-03T06:46:54+08:00,37175, 100;
2026-08-03T06:46:55+08:00,37175, 100;
2026-08-03T06:46:56+08:00,37175, 100;
2026-08-03T06:46:57+08:00,37175, 100;
2026-08-03T06:46:58+08:00,37175, 100;
2026-08-03T06:46:59+08:00,37175, 100;
2026-08-03T06:47:00+08:00,37175, 100;
2026-08-03T06:47:01+08:00,37175, 100;
2026-08-03T06:47:02+08:00,37175, 100;
2026-08-03T06:47:03+08:00,37175, 100;
2026-08-03T06:47:04+08:00,37175, 100;
2026-08-03T06:47:05+08:00,37175, 100;
2026-08-03T06:47:06+08:00,37175, 100;
2026-08-03T06:47:07+08:00,37175, 100;
2026-08-03T06:47:08+08:00,37175, 100;
2026-08-03T06:47:09+08:00,37175, 100;
2026-08-03T06:47:10+08:00,37175, 100;
2026-08-03T06:47:11+08:00,37175, 100;
2026-08-03T06:47:12+08:00,37175, 100;
2026-08-03T06:47:14+08:00,37175, 100;
2026-08-03T06:47:15+08:00,37175, 100;
2026-08-03T06:47:16+08:00,37175, 100;
2026-08-03T06:47:17+08:00,37175, 100;
2026-08-03T06:47:18+08:00,37175, 100;
2026-08-03T06:47:19+08:00,37175, 100;
2026-08-03T06:47:20+08:00,37175, 100;
2026-08-03T06:47:21+08:00,37175, 100;
2026-08-03T06:47:22+08:00,37175, 100;
2026-08-03T06:47:23+08:00,37175, 100;
2026-08-03T06:47:24+08:00,37175, 100;
2026-08-03T06:47:25+08:00,37175, 100;
2026-08-03T06:47:26+08:00,37175, 100;
2026-08-03T06:47:27+08:00,37175, 100;
2026-08-03T06:47:28+08:00,37175, 100;
2026-08-03T06:47:29+08:00,37175, 100;
2026-08-03T06:47:30+08:00,37175, 100;
2026-08-03T06:47:31+08:00,37175, 100;
2026-08-03T06:47:32+08:00,37175, 100;
2026-08-03T06:47:33+08:00,37175, 100;
2026-08-03T06:47:34+08:00,37175, 100;
2026-08-03T06:47:35+08:00,37175, 100;
2026-08-03T06:47:36+08:00,37175, 100;
2026-08-03T06:47:37+08:00,37175, 100;
2026-08-03T06:47:38+08:00,37175, 100;
2026-08-03T06:47:39+08:00,37175, 100;
2026-08-03T06:47:41+08:00,37175, 100;
2026-08-03T06:47:42+08:00,37175, 100;
2026-08-03T06:47:43+08:00,37175, 100;
2026-08-03T06:47:44+08:00,37175, 100;
2026-08-03T06:47:45+08:00,37175, 100;
2026-08-03T06:47:46+08:00,37175, 100;
2026-08-03T06:47:47+08:00,37175, 100;
2026-08-03T06:47:48+08:00,37175, 100;
2026-08-03T06:47:49+08:00,37175, 100;
2026-08-03T06:47:50+08:00,37175, 100;
2026-08-03T06:47:51+08:00,37175, 100;
2026-08-03T06:47:52+08:00,37175, 100;
2026-08-03T06:47:53+08:00,37175, 100;
2026-08-03T06:47:54+08:00,37175, 100;
2026-08-03T06:47:55+08:00,37175, 100;
2026-08-03T06:47:56+08:00,37175, 100;
2026-08-03T06:47:57+08:00,37175, 100;
2026-08-03T06:47:58+08:00,37175, 100;
2026-08-03T06:47:59+08:00,37175, 100;
2026-08-03T06:48:00+08:00,37175, 100;
2026-08-03T06:48:01+08:00,37175, 100;
2026-08-03T06:48:02+08:00,37175, 100;
2026-08-03T06:48:03+08:00,37175, 100;
2026-08-03T06:48:04+08:00,37175, 100;
2026-08-03T06:48:05+08:00,37175, 100;
2026-08-03T06:48:06+08:00,37175, 100;
2026-08-03T06:48:07+08:00,37175, 100;
2026-08-03T06:48:09+08:00,37175, 100;
2026-08-03T06:48:10+08:00,37175, 100;
2026-08-03T06:48:11+08:00,37175, 100;
2026-08-03T06:48:12+08:00,37175, 100;
2026-08-03T06:48:13+08:00,37175, 100;
2026-08-03T06:48:14+08:00,37175, 100;
2026-08-03T06:48:15+08:00,37175, 100;
2026-08-03T06:48:16+08:00,37175, 100;
2026-08-03T06:48:17+08:00,37175, 100;
2026-08-03T06:48:18+08:00,37175, 100;
2026-08-03T06:48:19+08:00,37175, 100;
2026-08-03T06:48:20+08:00,37175, 100;
2026-08-03T06:48:21+08:00,37175, 100;
2026-08-03T06:48:22+08:00,37175, 100;
2026-08-03T06:48:23+08:00,37175, 100;
2026-08-03T06:48:24+08:00,37175, 100;
2026-08-03T06:48:25+08:00,37175, 100;
2026-08-03T06:48:26+08:00,37175, 100;
2026-08-03T06:48:27+08:00,37175, 100;
2026-08-03T06:48:28+08:00,37175, 100;
2026-08-03T06:48:29+08:00,37175, 100;
2026-08-03T06:48:30+08:00,37175, 100;
2026-08-03T06:48:31+08:00,37175, 100;
2026-08-03T06:48:32+08:00,37175, 100;
2026-08-03T06:48:33+08:00,37175, 100;
2026-08-03T06:48:34+08:00,37175, 100;
2026-08-03T06:48:36+08:00,37175, 100;
2026-08-03T06:48:37+08:00,37175, 100;
2026-08-03T06:48:38+08:00,37175, 100;
2026-08-03T06:48:39+08:00,37175, 100;
2026-08-03T06:48:40+08:00,37175, 100;
2026-08-03T06:48:41+08:00,37175, 100;
2026-08-03T06:48:42+08:00,37175, 100;
2026-08-03T06:48:43+08:00,37175, 100;
2026-08-03T06:48:44+08:00,37175, 100;
2026-08-03T06:48:45+08:00,37175, 100;
2026-08-03T06:48:46+08:00,37175, 100;
2026-08-03T06:48:47+08:00,37175, 100;
2026-08-03T06:48:48+08:00,37175, 100;
2026-08-03T06:48:49+08:00,37175, 100;
2026-08-03T06:48:50+08:00,37175, 100;
2026-08-03T06:48:51+08:00,37175, 100;
2026-08-03T06:48:52+08:00,37175, 100;
2026-08-03T06:48:53+08:00,37175, 100;
2026-08-03T06:48:54+08:00,37175, 100;
2026-08-03T06:48:55+08:00,37175, 100;
2026-08-03T06:48:56+08:00,37175, 100;
2026-08-03T06:48:57+08:00,37175, 100;
2026-08-03T06:48:58+08:00,37175, 100;
2026-08-03T06:48:59+08:00,37175, 100;
2026-08-03T06:49:00+08:00,37175, 100;
2026-08-03T06:49:01+08:00,37175, 100;
2026-08-03T06:49:02+08:00,37175, 100;
2026-08-03T06:49:04+08:00,37175, 100;
2026-08-03T06:49:05+08:00,37175, 100;
2026-08-03T06:49:06+08:00,37175, 100;
2026-08-03T06:49:07+08:00,37175, 100;
2026-08-03T06:49:08+08:00,37175, 100;
2026-08-03T06:49:09+08:00,37175, 100;
2026-08-03T06:49:10+08:00,37175, 100;
2026-08-03T06:49:11+08:00,37175, 100;
2026-08-03T06:49:12+08:00,37175, 100;
2026-08-03T06:49:13+08:00,37175, 100;
2026-08-03T06:49:14+08:00,37175, 100;
2026-08-03T06:49:15+08:00,37175, 100;
2026-08-03T06:49:16+08:00,37175, 100;
2026-08-03T06:49:17+08:00,37175, 100;
2026-08-03T06:49:18+08:00,37175, 100;
2026-08-03T06:49:19+08:00,37175, 100;
2026-08-03T06:49:20+08:00,37175, 100;
2026-08-03T06:49:21+08:00,37175, 100;
2026-08-03T06:49:22+08:00,37175, 100;
2026-08-03T06:49:23+08:00,37175, 100;
2026-08-03T06:49:24+08:00,37175, 100;
2026-08-03T06:49:25+08:00,37175, 100;
2026-08-03T06:49:26+08:00,37175, 100;
2026-08-03T06:49:27+08:00,37175, 100;
2026-08-03T06:49:28+08:00,37175, 100;
2026-08-03T06:49:29+08:00,37175, 100;
2026-08-03T06:49:31+08:00,37175, 100;
2026-08-03T06:49:32+08:00,37175, 100;
2026-08-03T06:49:33+08:00,37175, 100;
2026-08-03T06:49:34+08:00,37175, 100;
2026-08-03T06:49:35+08:00,37175, 100;
2026-08-03T06:49:36+08:00,37175, 100;
2026-08-03T06:49:37+08:00,37175, 100;
2026-08-03T06:49:38+08:00,37175, 100;
2026-08-03T06:49:39+08:00,37175, 100;
2026-08-03T06:49:40+08:00,37175, 100;
2026-08-03T06:49:41+08:00,37175, 100;
2026-08-03T06:49:42+08:00,37175, 100;
2026-08-03T06:49:43+08:00,37175, 100;
2026-08-03T06:49:44+08:00,37175, 100;
2026-08-03T06:49:45+08:00,37175, 100;
2026-08-03T06:49:46+08:00,37175, 100;
2026-08-03T06:49:47+08:00,37175, 100;
2026-08-03T06:49:48+08:00,37175, 100;
2026-08-03T06:49:49+08:00,37175, 100;
2026-08-03T06:49:50+08:00,37175, 100;
2026-08-03T06:49:51+08:00,37175, 100;
2026-08-03T06:49:52+08:00,37175, 100;
2026-08-03T06:49:53+08:00,37175, 100;
2026-08-03T06:49:54+08:00,37175, 100;
2026-08-03T06:49:55+08:00,37175, 100;
2026-08-03T06:49:56+08:00,37175, 100;
2026-08-03T06:49:57+08:00,37175, 100;
2026-08-03T06:49:59+08:00,37175, 100;
2026-08-03T06:50:00+08:00,37175, 100;
2026-08-03T06:50:01+08:00,37175, 100;
2026-08-03T06:50:02+08:00,37175, 100;
2026-08-03T06:50:03+08:00,37175, 100;
2026-08-03T06:50:04+08:00,37175, 100;
2026-08-03T06:50:05+08:00,37175, 100;
2026-08-03T06:50:06+08:00,37175, 100;
2026-08-03T06:50:07+08:00,37175, 100;
2026-08-03T06:50:08+08:00,37175, 100;
2026-08-03T06:50:09+08:00,37175, 100;
2026-08-03T06:50:10+08:00,37175, 100;
2026-08-03T06:50:11+08:00,37175, 100;
2026-08-03T06:50:12+08:00,37175, 100;
2026-08-03T06:50:13+08:00,37175, 100;
2026-08-03T06:50:14+08:00,37175, 100;
2026-08-03T06:50:15+08:00,37175, 100;
2026-08-03T06:50:16+08:00,37175, 100;
2026-08-03T06:50:17+08:00,37175, 100;
2026-08-03T06:50:18+08:00,37175, 100;
2026-08-03T06:50:19+08:00,37175, 100;
2026-08-03T06:50:20+08:00,37175, 100;
2026-08-03T06:50:21+08:00,37175, 100;
2026-08-03T06:50:22+08:00,37175, 100;
2026-08-03T06:50:23+08:00,37175, 100;
2026-08-03T06:50:24+08:00,37175, 100;
2026-08-03T06:50:26+08:00,37175, 100;
2026-08-03T06:50:27+08:00,37175, 100;
2026-08-03T06:50:28+08:00,37175, 100;
2026-08-03T06:50:29+08:00,37175, 100;
2026-08-03T06:50:30+08:00,37175, 100;
2026-08-03T06:50:31+08:00,37175, 100;
2026-08-03T06:50:32+08:00,37175, 100;
2026-08-03T06:50:33+08:00,37175, 100;
2026-08-03T06:50:34+08:00,37175, 100;
2026-08-03T06:50:35+08:00,37175, 100;
2026-08-03T06:50:36+08:00,37175, 100;
2026-08-03T06:50:37+08:00,37175, 100;
2026-08-03T06:50:38+08:00,37175, 100;
2026-08-03T06:50:39+08:00,37175, 100;
2026-08-03T06:50:40+08:00,37175, 100;
2026-08-03T06:50:41+08:00,37175, 100;
2026-08-03T06:50:42+08:00,37175, 100;
2026-08-03T06:50:43+08:00,37175, 100;
2026-08-03T06:50:44+08:00,37175, 100;
2026-08-03T06:50:45+08:00,37175, 100;
2026-08-03T06:50:46+08:00,37175, 100;
2026-08-03T06:50:47+08:00,37175, 100;
2026-08-03T06:50:48+08:00,37175, 100;
2026-08-03T06:50:49+08:00,37175, 100;
2026-08-03T06:50:50+08:00,37175, 100;
2026-08-03T06:50:51+08:00,37175, 100;
2026-08-03T06:50:52+08:00,37175, 100;
2026-08-03T06:50:54+08:00,37175, 100;
2026-08-03T06:50:55+08:00,37175, 100;
2026-08-03T06:50:56+08:00,37175, 100;
2026-08-03T06:50:57+08:00,37175, 100;
2026-08-03T06:50:58+08:00,37175, 100;
2026-08-03T06:50:59+08:00,37175, 100;
2026-08-03T06:51:00+08:00,37175, 100;
2026-08-03T06:51:01+08:00,37175, 100;
2026-08-03T06:51:02+08:00,37175, 100;
2026-08-03T06:51:03+08:00,37175, 100;
2026-08-03T06:51:04+08:00,37175, 100;
2026-08-03T06:51:05+08:00,37175, 100;
2026-08-03T06:51:06+08:00,37175, 100;
2026-08-03T06:51:07+08:00,37175, 100;
2026-08-03T06:51:08+08:00,37175, 100;
2026-08-03T06:51:09+08:00,37175, 100;
2026-08-03T06:51:10+08:00,37175, 100;
2026-08-03T06:51:11+08:00,37175, 100;
2026-08-03T06:51:12+08:00,37175, 100;
2026-08-03T06:51:13+08:00,37175, 100;
2026-08-03T06:51:14+08:00,37175, 100;
2026-08-03T06:51:15+08:00,37175, 100;
2026-08-03T06:51:16+08:00,37175, 100;
2026-08-03T06:51:17+08:00,37175, 100;
2026-08-03T06:51:18+08:00,37175, 100;
2026-08-03T06:51:19+08:00,37175, 100;
2026-08-03T06:51:21+08:00,37175, 100;
2026-08-03T06:51:22+08:00,37175, 100;
2026-08-03T06:51:23+08:00,37175, 100;
2026-08-03T06:51:24+08:00,37175, 100;
2026-08-03T06:51:25+08:00,37175, 100;
2026-08-03T06:51:26+08:00,37175, 100;
2026-08-03T06:51:27+08:00,37175, 100;
2026-08-03T06:51:28+08:00,37175, 100;
2026-08-03T06:51:29+08:00,37175, 100;
2026-08-03T06:51:30+08:00,37175, 100;
2026-08-03T06:51:31+08:00,37175, 100;
2026-08-03T06:51:32+08:00,37175, 100;
2026-08-03T06:51:33+08:00,37175, 100;
2026-08-03T06:51:34+08:00,37175, 100;
2026-08-03T06:51:35+08:00,37175, 100;
2026-08-03T06:51:36+08:00,37175, 100;
2026-08-03T06:51:37+08:00,37175, 100;
2026-08-03T06:51:38+08:00,37175, 100;
2026-08-03T06:51:39+08:00,37175, 100;
2026-08-03T06:51:40+08:00,37175, 100;
2026-08-03T06:51:41+08:00,37175, 100;
2026-08-03T06:51:42+08:00,37175, 100;
2026-08-03T06:51:43+08:00,37175, 100;
2026-08-03T06:51:44+08:00,37175, 100;
2026-08-03T06:51:45+08:00,37175, 100;
2026-08-03T06:51:46+08:00,37175, 100;
2026-08-03T06:51:47+08:00,37175, 100;
2026-08-03T06:51:49+08:00,37175, 100;
2026-08-03T06:51:50+08:00,37175, 100;
2026-08-03T06:51:51+08:00,37175, 100;
2026-08-03T06:51:52+08:00,37175, 100;
2026-08-03T06:51:53+08:00,37175, 100;
2026-08-03T06:51:54+08:00,37175, 100;
2026-08-03T06:51:55+08:00,37175, 100;
2026-08-03T06:51:56+08:00,37175, 100;
2026-08-03T06:51:57+08:00,37175, 100;
2026-08-03T06:51:58+08:00,37175, 100;
2026-08-03T06:51:59+08:00,37175, 100;
2026-08-03T06:52:00+08:00,37175, 100;
2026-08-03T06:52:01+08:00,37175, 100;
2026-08-03T06:52:02+08:00,37175, 100;
2026-08-03T06:52:03+08:00,37175, 100;
2026-08-03T06:52:04+08:00,37175, 100;
2026-08-03T06:52:05+08:00,37175, 100;
2026-08-03T06:52:06+08:00,37175, 100;
2026-08-03T06:52:07+08:00,37175, 100;
2026-08-03T06:52:08+08:00,37175, 100;
2026-08-03T06:52:09+08:00,37175, 100;
2026-08-03T06:52:10+08:00,37175, 100;
2026-08-03T06:52:11+08:00,37175, 100;
2026-08-03T06:52:12+08:00,37175, 100;
2026-08-03T06:52:13+08:00,37175, 100;
2026-08-03T06:52:14+08:00,37175, 100;
2026-08-03T06:52:15+08:00,37175, 100;
2026-08-03T06:52:17+08:00,37175, 100;
2026-08-03T06:52:18+08:00,37175, 100;
2026-08-03T06:52:19+08:00,37175, 100;
2026-08-03T06:52:20+08:00,37175, 100;
2026-08-03T06:52:21+08:00,37175, 100;
2026-08-03T06:52:22+08:00,37175, 100;
2026-08-03T06:52:23+08:00,37175, 100;
2026-08-03T06:52:24+08:00,37175, 100;
2026-08-03T06:52:25+08:00,37175, 100;
2026-08-03T06:52:26+08:00,37175, 100;
2026-08-03T06:52:27+08:00,37175, 100;
2026-08-03T06:52:28+08:00,37175, 100;
2026-08-03T06:52:29+08:00,37175, 100;
2026-08-03T06:52:30+08:00,37175, 100;
2026-08-03T06:52:31+08:00,37175, 100;
2026-08-03T06:52:32+08:00,37175, 100;
2026-08-03T06:52:33+08:00,37175, 100;
2026-08-03T06:52:34+08:00,37175, 100;
2026-08-03T06:52:35+08:00,37175, 100;
2026-08-03T06:52:36+08:00,37175, 100;
2026-08-03T06:52:37+08:00,37175, 100;
2026-08-03T06:52:38+08:00,37175, 100;
2026-08-03T06:52:39+08:00,37175, 100;
2026-08-03T06:52:40+08:00,37175, 100;
2026-08-03T06:52:41+08:00,37175, 100;
2026-08-03T06:52:42+08:00,37175, 100;
2026-08-03T06:52:43+08:00,37175, 100;
2026-08-03T06:52:45+08:00,37175, 100;
2026-08-03T06:52:46+08:00,37175, 100;
2026-08-03T06:52:47+08:00,37175, 100;
2026-08-03T06:52:48+08:00,37175, 100;
2026-08-03T06:52:49+08:00,37175, 100;
2026-08-03T06:52:50+08:00,37175, 100;
2026-08-03T06:52:51+08:00,37175, 100;
2026-08-03T06:52:52+08:00,37175, 100;
2026-08-03T06:52:53+08:00,37175, 100;
2026-08-03T06:52:54+08:00,37175, 100;
2026-08-03T06:52:55+08:00,37175, 100;
2026-08-03T06:52:56+08:00,37175, 100;
2026-08-03T06:52:57+08:00,37175, 100;
2026-08-03T06:52:58+08:00,37175, 100;
2026-08-03T06:52:59+08:00,37175, 100;
2026-08-03T06:53:00+08:00,37175, 100;
2026-08-03T06:53:01+08:00,37175, 100;
2026-08-03T06:53:02+08:00,37175, 100;
2026-08-03T06:53:03+08:00,37175, 100;
2026-08-03T06:53:04+08:00,37175, 100;
2026-08-03T06:53:05+08:00,37175, 100;
2026-08-03T06:53:06+08:00,37175, 100;
2026-08-03T06:53:07+08:00,37175, 100;
2026-08-03T06:53:08+08:00,37175, 100;
2026-08-03T06:53:09+08:00,37175, 100;
2026-08-03T06:53:10+08:00,37175, 100;
2026-08-03T06:53:12+08:00,37175, 100;
2026-08-03T06:53:13+08:00,37175, 100;
2026-08-03T06:53:14+08:00,37175, 100;
2026-08-03T06:53:15+08:00,37175, 100;
2026-08-03T06:53:16+08:00,37175, 100;
2026-08-03T06:53:17+08:00,37175, 100;
2026-08-03T06:53:18+08:00,37175, 100;
2026-08-03T06:53:19+08:00,37175, 100;
2026-08-03T06:53:20+08:00,37175, 100;
2026-08-03T06:53:21+08:00,37175, 100;
2026-08-03T06:53:22+08:00,37175, 100;
2026-08-03T06:53:23+08:00,37175, 100;
2026-08-03T06:53:24+08:00,37175, 100;
2026-08-03T06:53:25+08:00,37175, 100;
2026-08-03T06:53:26+08:00,37175, 100;
2026-08-03T06:53:27+08:00,37175, 100;
2026-08-03T06:53:28+08:00,37175, 100;
2026-08-03T06:53:29+08:00,37175, 100;
2026-08-03T06:53:30+08:00,37175, 100;
2026-08-03T06:53:31+08:00,37175, 100;
2026-08-03T06:53:32+08:00,37175, 100;
2026-08-03T06:53:33+08:00,37175, 100;
2026-08-03T06:53:34+08:00,37175, 100;
2026-08-03T06:53:35+08:00,37175, 100;
2026-08-03T06:53:36+08:00,37175, 100;
2026-08-03T06:53:37+08:00,37175, 100;
2026-08-03T06:53:38+08:00,37175, 100;
2026-08-03T06:53:40+08:00,37175, 100;
2026-08-03T06:53:41+08:00,37175, 100;
2026-08-03T06:53:42+08:00,37175, 100;
2026-08-03T06:53:43+08:00,37175, 100;
2026-08-03T06:53:44+08:00,37175, 100;
2026-08-03T06:53:45+08:00,37175, 100;
2026-08-03T06:53:46+08:00,37175, 100;
2026-08-03T06:53:47+08:00,37175, 100;
2026-08-03T06:53:48+08:00,37175, 100;
2026-08-03T06:53:49+08:00,37175, 100;
2026-08-03T06:53:50+08:00,37175, 100;
2026-08-03T06:53:51+08:00,37175, 100;
2026-08-03T06:53:52+08:00,37175, 100;
2026-08-03T06:53:53+08:00,37175, 100;
2026-08-03T06:53:54+08:00,37175, 100;
2026-08-03T06:53:55+08:00,37175, 100;
2026-08-03T06:53:56+08:00,37175, 100;
2026-08-03T06:53:57+08:00,37175, 100;
2026-08-03T06:53:58+08:00,37175, 100;
2026-08-03T06:53:59+08:00,37175, 100;
2026-08-03T06:54:00+08:00,37175, 100;
2026-08-03T06:54:01+08:00,37175, 100;
2026-08-03T06:54:02+08:00,37175, 100;
2026-08-03T06:54:03+08:00,37175, 100;
2026-08-03T06:54:04+08:00,37175, 100;
2026-08-03T06:54:05+08:00,37175, 100;
2026-08-03T06:54:07+08:00,37175, 100;
2026-08-03T06:54:08+08:00,37175, 100;
2026-08-03T06:54:09+08:00,37175, 100;
2026-08-03T06:54:10+08:00,37175, 100;
2026-08-03T06:54:11+08:00,37175, 100;
2026-08-03T06:54:12+08:00,37175, 100;
2026-08-03T06:54:13+08:00,37175, 100;
2026-08-03T06:54:14+08:00,37175, 100;
2026-08-03T06:54:15+08:00,37175, 100;
2026-08-03T06:54:16+08:00,37175, 100;
2026-08-03T06:54:17+08:00,37175, 100;
2026-08-03T06:54:18+08:00,37175, 100;
2026-08-03T06:54:19+08:00,37175, 100;
2026-08-03T06:54:20+08:00,37175, 100;
2026-08-03T06:54:21+08:00,37175, 100;
2026-08-03T06:54:22+08:00,37175, 100;
2026-08-03T06:54:23+08:00,37175, 100;
2026-08-03T06:54:24+08:00,37175, 100;
2026-08-03T06:54:25+08:00,37175, 100;
2026-08-03T06:54:26+08:00,37175, 100;
2026-08-03T06:54:27+08:00,37175, 100;
2026-08-03T06:54:28+08:00,37175, 100;
2026-08-03T06:54:29+08:00,37175, 100;
2026-08-03T06:54:30+08:00,37175, 100;
2026-08-03T06:54:31+08:00,37175, 100;
2026-08-03T06:54:32+08:00,37175, 100;
2026-08-03T06:54:34+08:00,37175, 100;
2026-08-03T06:54:35+08:00,37175, 100;
2026-08-03T06:54:36+08:00,37175, 100;
2026-08-03T06:54:37+08:00,37175, 100;
2026-08-03T06:54:38+08:00,37175, 100;
2026-08-03T06:54:39+08:00,37175, 100;
2026-08-03T06:54:40+08:00,37175, 100;
2026-08-03T06:54:41+08:00,37175, 100;
2026-08-03T06:54:42+08:00,37175, 100;
2026-08-03T06:54:43+08:00,37175, 100;
2026-08-03T06:54:44+08:00,37175, 100;
2026-08-03T06:54:45+08:00,37175, 100;
2026-08-03T06:54:46+08:00,37175, 100;
2026-08-03T06:54:47+08:00,37175, 100;
2026-08-03T06:54:48+08:00,37175, 100;
2026-08-03T06:54:49+08:00,37175, 100;
2026-08-03T06:54:50+08:00,37175, 100;
2026-08-03T06:54:51+08:00,37175, 100;
2026-08-03T06:54:52+08:00,37175, 100;
2026-08-03T06:54:53+08:00,37175, 100;
2026-08-03T06:54:54+08:00,37175, 100;
2026-08-03T06:54:55+08:00,37175, 100;
2026-08-03T06:54:56+08:00,37175, 100;
2026-08-03T06:54:57+08:00,37175, 100;
2026-08-03T06:54:58+08:00,37175, 100;
2026-08-03T06:54:59+08:00,37175, 100;
2026-08-03T06:55:00+08:00,37175, 100;
2026-08-03T06:55:02+08:00,37175, 100;
2026-08-03T06:55:03+08:00,37175, 100;
2026-08-03T06:55:04+08:00,37175, 100;
2026-08-03T06:55:05+08:00,37175, 100;
2026-08-03T06:55:06+08:00,37175, 100;
2026-08-03T06:55:07+08:00,37175, 100;
2026-08-03T06:55:08+08:00,37175, 100;
2026-08-03T06:55:09+08:00,37175, 100;
2026-08-03T06:55:10+08:00,37175, 100;
2026-08-03T06:55:11+08:00,37175, 100;
2026-08-03T06:55:12+08:00,37175, 100;
2026-08-03T06:55:13+08:00,37175, 100;
2026-08-03T06:55:14+08:00,37175, 100;
2026-08-03T06:55:15+08:00,37175, 100;
2026-08-03T06:55:16+08:00,37175, 100;
2026-08-03T06:55:17+08:00,37175, 100;
2026-08-03T06:55:18+08:00,37175, 100;
2026-08-03T06:55:19+08:00,37175, 100;
2026-08-03T06:55:20+08:00,37175, 100;
2026-08-03T06:55:21+08:00,37175, 100;
2026-08-03T06:55:22+08:00,37175, 100;
2026-08-03T06:55:23+08:00,37175, 100;
2026-08-03T06:55:24+08:00,37175, 100;
2026-08-03T06:55:25+08:00,37175, 100;
2026-08-03T06:55:26+08:00,37175, 100;
2026-08-03T06:55:27+08:00,37175, 100;
2026-08-03T06:55:29+08:00,37175, 100;
2026-08-03T06:55:30+08:00,37175, 100;
2026-08-03T06:55:31+08:00,37175, 100;
2026-08-03T06:55:32+08:00,37175, 100;
2026-08-03T06:55:33+08:00,37175, 100;
2026-08-03T06:55:34+08:00,37175, 100;
2026-08-03T06:55:35+08:00,37175, 100;
2026-08-03T06:55:36+08:00,37175, 100;
2026-08-03T06:55:37+08:00,37175, 100;
2026-08-03T06:55:38+08:00,37175, 100;
2026-08-03T06:55:39+08:00,37175, 100;
2026-08-03T06:55:40+08:00,37175, 100;
2026-08-03T06:55:41+08:00,37175, 100;
2026-08-03T06:55:42+08:00,37175, 100;
2026-08-03T06:55:43+08:00,37175, 100;
2026-08-03T06:55:44+08:00,37175, 100;
2026-08-03T06:55:45+08:00,37175, 100;
2026-08-03T06:55:46+08:00,37175, 100;
2026-08-03T06:55:47+08:00,37175, 100;
2026-08-03T06:55:48+08:00,37175, 100;
2026-08-03T06:55:49+08:00,37175, 100;
2026-08-03T06:55:50+08:00,37175, 100;
2026-08-03T06:55:51+08:00,37175, 100;
2026-08-03T06:55:52+08:00,37175, 100;
2026-08-03T06:55:53+08:00,37175, 100;
2026-08-03T06:55:54+08:00,37175, 100;
2026-08-03T06:55:55+08:00,37175, 100;
2026-08-03T06:55:57+08:00,37175, 100;
2026-08-03T06:55:58+08:00,37175, 100;
2026-08-03T06:55:59+08:00,37175, 100;
2026-08-03T06:56:00+08:00,37175, 100;
2026-08-03T06:56:01+08:00,37175, 100;
2026-08-03T06:56:02+08:00,37175, 100;
2026-08-03T06:56:03+08:00,37175, 100;
2026-08-03T06:56:04+08:00,37175, 100;
2026-08-03T06:56:05+08:00,37175, 100;
2026-08-03T06:56:06+08:00,37175, 100;
2026-08-03T06:56:07+08:00,37175, 100;
2026-08-03T06:56:08+08:00,37175, 100;
2026-08-03T06:56:09+08:00,37175, 100;
2026-08-03T06:56:10+08:00,37175, 100;
2026-08-03T06:56:11+08:00,37175, 100;
2026-08-03T06:56:12+08:00,37175, 100;
2026-08-03T06:56:13+08:00,37175, 100;
2026-08-03T06:56:14+08:00,37175, 100;
2026-08-03T06:56:15+08:00,37175, 100;
2026-08-03T06:56:16+08:00,37175, 100;
2026-08-03T06:56:17+08:00,37175, 100;
2026-08-03T06:56:18+08:00,37175, 100;
2026-08-03T06:56:19+08:00,37175, 100;
2026-08-03T06:56:20+08:00,37175, 100;
2026-08-03T06:56:21+08:00,37175, 100;
2026-08-03T06:56:22+08:00,37175, 100;
2026-08-03T06:56:23+08:00,37175, 100;
2026-08-03T06:56:25+08:00,37175, 100;
2026-08-03T06:56:26+08:00,37175, 100;
2026-08-03T06:56:27+08:00,37175, 100;
2026-08-03T06:56:28+08:00,37175, 100;
2026-08-03T06:56:29+08:00,37175, 100;
2026-08-03T06:56:30+08:00,37175, 100;
2026-08-03T06:56:31+08:00,37175, 100;
2026-08-03T06:56:32+08:00,37175, 100;
2026-08-03T06:56:33+08:00,37175, 100;
2026-08-03T06:56:34+08:00,37175, 100;
2026-08-03T06:56:35+08:00,37175, 100;
2026-08-03T06:56:36+08:00,37175, 100;
2026-08-03T06:56:37+08:00,37175, 100;
2026-08-03T06:56:38+08:00,37175, 100;
2026-08-03T06:56:39+08:00,37175, 100;
2026-08-03T06:56:40+08:00,37175, 100;
2026-08-03T06:56:41+08:00,37175, 100;
2026-08-03T06:56:42+08:00,37175, 100;
2026-08-03T06:56:43+08:00,37175, 100;
2026-08-03T06:56:44+08:00,37175, 100;
2026-08-03T06:56:45+08:00,37175, 100;
2026-08-03T06:56:46+08:00,37175, 100;
2026-08-03T06:56:47+08:00,37175, 100;
2026-08-03T06:56:48+08:00,37175, 100;
2026-08-03T06:56:49+08:00,37175, 100;
2026-08-03T06:56:50+08:00,37175, 100;
2026-08-03T06:56:51+08:00,37175, 100;
2026-08-03T06:56:53+08:00,37175, 100;
2026-08-03T06:56:54+08:00,37175, 100;
2026-08-03T06:56:55+08:00,37175, 100;
2026-08-03T06:56:56+08:00,37175, 100;
2026-08-03T06:56:57+08:00,37175, 100;
2026-08-03T06:56:58+08:00,37175, 100;
2026-08-03T06:56:59+08:00,37175, 100;
2026-08-03T06:57:00+08:00,37175, 100;
2026-08-03T06:57:01+08:00,37175, 100;
2026-08-03T06:57:02+08:00,37175, 100;
2026-08-03T06:57:03+08:00,37175, 100;
2026-08-03T06:57:04+08:00,37175, 100;
2026-08-03T06:57:05+08:00,37175, 100;
2026-08-03T06:57:06+08:00,37175, 100;
2026-08-03T06:57:07+08:00,37175, 100;
2026-08-03T06:57:08+08:00,37175, 100;
2026-08-03T06:57:09+08:00,37175, 100;
2026-08-03T06:57:10+08:00,37175, 100;
2026-08-03T06:57:11+08:00,37175, 100;
2026-08-03T06:57:12+08:00,37175, 100;
2026-08-03T06:57:13+08:00,37175, 100;
2026-08-03T06:57:14+08:00,37175, 100;
2026-08-03T06:57:15+08:00,37175, 100;
2026-08-03T06:57:16+08:00,37175, 100;
2026-08-03T06:57:17+08:00,37175, 100;
2026-08-03T06:57:18+08:00,37175, 100;
2026-08-03T06:57:20+08:00,37175, 100;
2026-08-03T06:57:21+08:00,37175, 100;
2026-08-03T06:57:22+08:00,37175, 100;
2026-08-03T06:57:23+08:00,37175, 100;
2026-08-03T06:57:24+08:00,37175, 100;
2026-08-03T06:57:25+08:00,37175, 100;
2026-08-03T06:57:26+08:00,37175, 100;
2026-08-03T06:57:27+08:00,37175, 100;
2026-08-03T06:57:28+08:00,37175, 100;
2026-08-03T06:57:29+08:00,37175, 100;
2026-08-03T06:57:30+08:00,37175, 100;
2026-08-03T06:57:31+08:00,37175, 100;
2026-08-03T06:57:32+08:00,37175, 100;
2026-08-03T06:57:33+08:00,37175, 100;
2026-08-03T06:57:34+08:00,37175, 100;
2026-08-03T06:57:35+08:00,37175, 100;
2026-08-03T06:57:36+08:00,37175, 100;
2026-08-03T06:57:37+08:00,37175, 100;
2026-08-03T06:57:38+08:00,37175, 100;
2026-08-03T06:57:39+08:00,37175, 100;
2026-08-03T06:57:40+08:00,37175, 100;
2026-08-03T06:57:41+08:00,37175, 100;
2026-08-03T06:57:42+08:00,37175, 100;
2026-08-03T06:57:43+08:00,37175, 100;
2026-08-03T06:57:44+08:00,37175, 100;
2026-08-03T06:57:45+08:00,37175, 100;
2026-08-03T06:57:46+08:00,37175, 100;
2026-08-03T06:57:48+08:00,37175, 100;
2026-08-03T06:57:49+08:00,37175, 100;
2026-08-03T06:57:50+08:00,37175, 100;
2026-08-03T06:57:51+08:00,37175, 100;
2026-08-03T06:57:52+08:00,37175, 100;
2026-08-03T06:57:53+08:00,37175, 100;
2026-08-03T06:57:54+08:00,37175, 100;
2026-08-03T06:57:55+08:00,37175, 100;
2026-08-03T06:57:56+08:00,37175, 100;
2026-08-03T06:57:57+08:00,37175, 100;
2026-08-03T06:57:58+08:00,37175, 100;
2026-08-03T06:57:59+08:00,37175, 100;
2026-08-03T06:58:00+08:00,37175, 100;
2026-08-03T06:58:01+08:00,37175, 100;
2026-08-03T06:58:02+08:00,37175, 100;
2026-08-03T06:58:03+08:00,37175, 100;
2026-08-03T06:58:04+08:00,37175, 100;
2026-08-03T06:58:05+08:00,37175, 100;
2026-08-03T06:58:06+08:00,37175, 100;
2026-08-03T06:58:07+08:00,37175, 100;
2026-08-03T06:58:08+08:00,37175, 100;
2026-08-03T06:58:09+08:00,37175, 100;
2026-08-03T06:58:10+08:00,37175, 100;
2026-08-03T06:58:11+08:00,37175, 100;
2026-08-03T06:58:12+08:00,37175, 100;
2026-08-03T06:58:13+08:00,37175, 100;
2026-08-03T06:58:15+08:00,37175, 100;
2026-08-03T06:58:16+08:00,37175, 100;
2026-08-03T06:58:17+08:00,37175, 100;
2026-08-03T06:58:18+08:00,37175, 100;
2026-08-03T06:58:19+08:00,37175, 100;
2026-08-03T06:58:20+08:00,37175, 100;
2026-08-03T06:58:21+08:00,37175, 100;
2026-08-03T06:58:22+08:00,37175, 100;
2026-08-03T06:58:23+08:00,37175, 100;
2026-08-03T06:58:24+08:00,37175, 100;
2026-08-03T06:58:25+08:00,37175, 100;
2026-08-03T06:58:26+08:00,37175, 100;
2026-08-03T06:58:27+08:00,37175, 100;
2026-08-03T06:58:28+08:00,37175, 100;
2026-08-03T06:58:29+08:00,37175, 100;
2026-08-03T06:58:30+08:00,37175, 100;
2026-08-03T06:58:31+08:00,37175, 100;
2026-08-03T06:58:32+08:00,37175, 100;
2026-08-03T06:58:33+08:00,37175, 100;
2026-08-03T06:58:34+08:00,37175, 100;
2026-08-03T06:58:35+08:00,37175, 100;
2026-08-03T06:58:36+08:00,37175, 100;
2026-08-03T06:58:37+08:00,37175, 100;
2026-08-03T06:58:38+08:00,37175, 100;
2026-08-03T06:58:39+08:00,37175, 100;
2026-08-03T06:58:40+08:00,37175, 100;
2026-08-03T06:58:42+08:00,37175, 100;
2026-08-03T06:58:43+08:00,37175, 100;
2026-08-03T06:58:44+08:00,37175, 100;
2026-08-03T06:58:45+08:00,37175, 100;
2026-08-03T06:58:46+08:00,37175, 100;
2026-08-03T06:58:47+08:00,37175, 100;
2026-08-03T06:58:48+08:00,37175, 100;
2026-08-03T06:58:49+08:00,37175, 100;
2026-08-03T06:58:50+08:00,37175, 100;
2026-08-03T06:58:51+08:00,37175, 100;
2026-08-03T06:58:52+08:00,37175, 100;
2026-08-03T06:58:53+08:00,37175, 100;
2026-08-03T06:58:54+08:00,37175, 100;
2026-08-03T06:58:55+08:00,37175, 100;
2026-08-03T06:58:56+08:00,37175, 100;
2026-08-03T06:58:57+08:00,37175, 100;
2026-08-03T06:58:58+08:00,37175, 100;
2026-08-03T06:58:59+08:00,37175, 100;
2026-08-03T06:59:00+08:00,37175, 100;
2026-08-03T06:59:01+08:00,37175, 100;
2026-08-03T06:59:02+08:00,37175, 100;
2026-08-03T06:59:03+08:00,37175, 100;
2026-08-03T06:59:04+08:00,37175, 100;
2026-08-03T06:59:05+08:00,37175, 100;
2026-08-03T06:59:06+08:00,37175, 100;
2026-08-03T06:59:07+08:00,37175, 100;
2026-08-03T06:59:09+08:00,37175, 100;
2026-08-03T06:59:10+08:00,37175, 100;
2026-08-03T06:59:11+08:00,37175, 100;
2026-08-03T06:59:12+08:00,37175, 100;
2026-08-03T06:59:13+08:00,37175, 100;
2026-08-03T06:59:14+08:00,37175, 100;
2026-08-03T06:59:15+08:00,37175, 100;
2026-08-03T06:59:16+08:00,37175, 100;
2026-08-03T06:59:17+08:00,37175, 100;
2026-08-03T06:59:18+08:00,37175, 100;
2026-08-03T06:59:19+08:00,37175, 100;
2026-08-03T06:59:20+08:00,37175, 100;
2026-08-03T06:59:21+08:00,37175, 100;
2026-08-03T06:59:22+08:00,37175, 100;
2026-08-03T06:59:23+08:00,37175, 100;
2026-08-03T06:59:24+08:00,37175, 100;
2026-08-03T06:59:25+08:00,37175, 100;
2026-08-03T06:59:26+08:00,37175, 100;
2026-08-03T06:59:27+08:00,37175, 100;
2026-08-03T06:59:28+08:00,37175, 100;
2026-08-03T06:59:29+08:00,37175, 100;
2026-08-03T06:59:30+08:00,37175, 100;
2026-08-03T06:59:31+08:00,37175, 100;
2026-08-03T06:59:32+08:00,37175, 100;
2026-08-03T06:59:33+08:00,37175, 100;
2026-08-03T06:59:34+08:00,37175, 100;
2026-08-03T06:59:35+08:00,37175, 100;
2026-08-03T06:59:37+08:00,37175, 100;
2026-08-03T06:59:38+08:00,37175, 100;
2026-08-03T06:59:39+08:00,37175, 100;
2026-08-03T06:59:40+08:00,37175, 100;
2026-08-03T06:59:41+08:00,37175, 100;
2026-08-03T06:59:42+08:00,37175, 100;
2026-08-03T06:59:43+08:00,37175, 100;
2026-08-03T06:59:44+08:00,37175, 100;
2026-08-03T06:59:45+08:00,37175, 100;
2026-08-03T06:59:46+08:00,37175, 100;
2026-08-03T06:59:47+08:00,37175, 100;
2026-08-03T06:59:48+08:00,37175, 100;
2026-08-03T06:59:49+08:00,37175, 100;
2026-08-03T06:59:50+08:00,37175, 100;
2026-08-03T06:59:51+08:00,37175, 100;
2026-08-03T06:59:52+08:00,37175, 100;
2026-08-03T06:59:53+08:00,37175, 100;
2026-08-03T06:59:54+08:00,37175, 100;
2026-08-03T06:59:55+08:00,37175, 100;
2026-08-03T06:59:56+08:00,37175, 100;
2026-08-03T06:59:57+08:00,37175, 100;
2026-08-03T06:59:58+08:00,37175, 100;
2026-08-03T06:59:59+08:00,37175, 100;
2026-08-03T07:00:00+08:00,37175, 100;
2026-08-03T07:00:01+08:00,37175, 100;
2026-08-03T07:00:02+08:00,37175, 100;
2026-08-03T07:00:04+08:00,37175, 100;
2026-08-03T07:00:05+08:00,37175, 100;
2026-08-03T07:00:06+08:00,37175, 100;
2026-08-03T07:00:07+08:00,37175, 100;
2026-08-03T07:00:08+08:00,37175, 100;
2026-08-03T07:00:09+08:00,37175, 100;
2026-08-03T07:00:10+08:00,37175, 100;
2026-08-03T07:00:11+08:00,37175, 100;
2026-08-03T07:00:12+08:00,37175, 100;
2026-08-03T07:00:13+08:00,37175, 100;
2026-08-03T07:00:14+08:00,37175, 100;
2026-08-03T07:00:15+08:00,37175, 100;
2026-08-03T07:00:16+08:00,37175, 100;
2026-08-03T07:00:17+08:00,37175, 100;
2026-08-03T07:00:18+08:00,37175, 100;
2026-08-03T07:00:19+08:00,37175, 100;
2026-08-03T07:00:20+08:00,37175, 100;
2026-08-03T07:00:21+08:00,37175, 100;
2026-08-03T07:00:22+08:00,37175, 100;
2026-08-03T07:00:23+08:00,37175, 100;
2026-08-03T07:00:24+08:00,37175, 100;
2026-08-03T07:00:25+08:00,37175, 100;
2026-08-03T07:00:26+08:00,37175, 100;
2026-08-03T07:00:27+08:00,37175, 100;
2026-08-03T07:00:28+08:00,37175, 100;
2026-08-03T07:00:29+08:00,37175, 100;
2026-08-03T07:00:30+08:00,37175, 100;
2026-08-03T07:00:32+08:00,37175, 100;
2026-08-03T07:00:33+08:00,37175, 100;
2026-08-03T07:00:34+08:00,37175, 100;
2026-08-03T07:00:35+08:00,37175, 100;
2026-08-03T07:00:36+08:00,37175, 100;
2026-08-03T07:00:37+08:00,37175, 100;
2026-08-03T07:00:38+08:00,37175, 100;
2026-08-03T07:00:39+08:00,37175, 100;
2026-08-03T07:00:40+08:00,37175, 100;
2026-08-03T07:00:41+08:00,37175, 100;
2026-08-03T07:00:42+08:00,37175, 100;
2026-08-03T07:00:43+08:00,37175, 100;
2026-08-03T07:00:44+08:00,37175, 100;
2026-08-03T07:00:45+08:00,37175, 100;
2026-08-03T07:00:46+08:00,37175, 100;
2026-08-03T07:00:47+08:00,37175, 100;
2026-08-03T07:00:48+08:00,37175, 100;
2026-08-03T07:00:49+08:00,37175, 100;
2026-08-03T07:00:50+08:00,37175, 100;
2026-08-03T07:00:51+08:00,37175, 100;
2026-08-03T07:00:52+08:00,37175, 100;
2026-08-03T07:00:53+08:00,37175, 100;
2026-08-03T07:00:54+08:00,37175, 100;
2026-08-03T07:00:55+08:00,37175, 100;
2026-08-03T07:00:56+08:00,37175, 100;
2026-08-03T07:00:57+08:00,37175, 100;
2026-08-03T07:00:59+08:00,37175, 100;
2026-08-03T07:01:00+08:00,37175, 100;
2026-08-03T07:01:01+08:00,37175, 100;
2026-08-03T07:01:02+08:00,37175, 100;
2026-08-03T07:01:03+08:00,37175, 100;
2026-08-03T07:01:04+08:00,37175, 100;
2026-08-03T07:01:05+08:00,37175, 100;
2026-08-03T07:01:06+08:00,37175, 100;
2026-08-03T07:01:07+08:00,37175, 100;
2026-08-03T07:01:08+08:00,37175, 100;
2026-08-03T07:01:09+08:00,37175, 100;
2026-08-03T07:01:10+08:00,37175, 100;
2026-08-03T07:01:11+08:00,37175, 100;
2026-08-03T07:01:12+08:00,37175, 100;
2026-08-03T07:01:13+08:00,37175, 100;
2026-08-03T07:01:14+08:00,37175, 100;
2026-08-03T07:01:15+08:00,37175, 100;
2026-08-03T07:01:16+08:00,37175, 100;
2026-08-03T07:01:17+08:00,37175, 100;
2026-08-03T07:01:18+08:00,37175, 100;
2026-08-03T07:01:19+08:00,37175, 100;
2026-08-03T07:01:20+08:00,37175, 100;
2026-08-03T07:01:21+08:00,37175, 100;
2026-08-03T07:01:22+08:00,37175, 100;
2026-08-03T07:01:23+08:00,37175, 100;
2026-08-03T07:01:24+08:00,37175, 100;
2026-08-03T07:01:26+08:00,37175, 100;
2026-08-03T07:01:27+08:00,37175, 100;
2026-08-03T07:01:28+08:00,37175, 100;
2026-08-03T07:01:29+08:00,37175, 100;
2026-08-03T07:01:30+08:00,37175, 100;
2026-08-03T07:01:31+08:00,37175, 100;
2026-08-03T07:01:32+08:00,37175, 100;
2026-08-03T07:01:33+08:00,37175, 100;
2026-08-03T07:01:34+08:00,37175, 100;
2026-08-03T07:01:35+08:00,37175, 100;
2026-08-03T07:01:36+08:00,37175, 100;
2026-08-03T07:01:37+08:00,37175, 100;
2026-08-03T07:01:38+08:00,37175, 100;
2026-08-03T07:01:39+08:00,37175, 100;
2026-08-03T07:01:40+08:00,37175, 100;
2026-08-03T07:01:41+08:00,37175, 100;
2026-08-03T07:01:42+08:00,37175, 100;
2026-08-03T07:01:43+08:00,37175, 100;
2026-08-03T07:01:44+08:00,37175, 100;
2026-08-03T07:01:45+08:00,37175, 100;
2026-08-03T07:01:46+08:00,37175, 100;
2026-08-03T07:01:47+08:00,37175, 100;
2026-08-03T07:01:48+08:00,37175, 100;
2026-08-03T07:01:49+08:00,37175, 100;
2026-08-03T07:01:50+08:00,37175, 100;
2026-08-03T07:01:51+08:00,37175, 100;
2026-08-03T07:01:53+08:00,37175, 100;
2026-08-03T07:01:54+08:00,37175, 100;
2026-08-03T07:01:55+08:00,37175, 100;
2026-08-03T07:01:56+08:00,37175, 100;
2026-08-03T07:01:57+08:00,37175, 100;
2026-08-03T07:01:58+08:00,37175, 100;
2026-08-03T07:01:59+08:00,37175, 100;
2026-08-03T07:02:00+08:00,37175, 100;
2026-08-03T07:02:01+08:00,37175, 100;
2026-08-03T07:02:02+08:00,37175, 100;
2026-08-03T07:02:03+08:00,37175, 100;
2026-08-03T07:02:04+08:00,37175, 100;
2026-08-03T07:02:05+08:00,37175, 100;
2026-08-03T07:02:06+08:00,37175, 100;
2026-08-03T07:02:07+08:00,37175, 100;
2026-08-03T07:02:08+08:00,37175, 100;
2026-08-03T07:02:09+08:00,37175, 100;
2026-08-03T07:02:10+08:00,37175, 100;
2026-08-03T07:02:11+08:00,37175, 100;
2026-08-03T07:02:12+08:00,37175, 100;
2026-08-03T07:02:13+08:00,37175, 100;
2026-08-03T07:02:14+08:00,37175, 100;
2026-08-03T07:02:15+08:00,37175, 100;
2026-08-03T07:02:16+08:00,37175, 100;
2026-08-03T07:02:17+08:00,37175, 100;
2026-08-03T07:02:18+08:00,37175, 100;
2026-08-03T07:02:19+08:00,37175, 100;
2026-08-03T07:02:21+08:00,37175, 100;
2026-08-03T07:02:22+08:00,37175, 100;
2026-08-03T07:02:23+08:00,37175, 100;
2026-08-03T07:02:24+08:00,37175, 100;
2026-08-03T07:02:25+08:00,37175, 100;
2026-08-03T07:02:26+08:00,37175, 100;
2026-08-03T07:02:27+08:00,37175, 100;
2026-08-03T07:02:28+08:00,37175, 100;
2026-08-03T07:02:29+08:00,37175, 100;
2026-08-03T07:02:30+08:00,37175, 100;
2026-08-03T07:02:31+08:00,37175, 100;
2026-08-03T07:02:32+08:00,37175, 100;
2026-08-03T07:02:33+08:00,37175, 100;
2026-08-03T07:02:34+08:00,37175, 100;
2026-08-03T07:02:35+08:00,37175, 100;
2026-08-03T07:02:36+08:00,37175, 100;
2026-08-03T07:02:37+08:00,37175, 100;
2026-08-03T07:02:38+08:00,37175, 100;
2026-08-03T07:02:39+08:00,37175, 100;
2026-08-03T07:02:40+08:00,37175, 100;
2026-08-03T07:02:41+08:00,37175, 100;
2026-08-03T07:02:42+08:00,37175, 100;
2026-08-03T07:02:43+08:00,37175, 100;
2026-08-03T07:02:44+08:00,37175, 100;
2026-08-03T07:02:45+08:00,37175, 100;
2026-08-03T07:02:46+08:00,37175, 100;
2026-08-03T07:02:47+08:00,37175, 100;
2026-08-03T07:02:49+08:00,37175, 100;
2026-08-03T07:02:50+08:00,37175, 100;
2026-08-03T07:02:51+08:00,37175, 100;
2026-08-03T07:02:52+08:00,37175, 100;
2026-08-03T07:02:53+08:00,37175, 100;
2026-08-03T07:02:54+08:00,37175, 100;
2026-08-03T07:02:55+08:00,37175, 100;
2026-08-03T07:02:56+08:00,37175, 100;
2026-08-03T07:02:57+08:00,37175, 100;
2026-08-03T07:02:58+08:00,37175, 100;
2026-08-03T07:02:59+08:00,37175, 100;
2026-08-03T07:03:00+08:00,37175, 100;
2026-08-03T07:03:01+08:00,37175, 100;
2026-08-03T07:03:02+08:00,37175, 100;
2026-08-03T07:03:03+08:00,37175, 100;
2026-08-03T07:03:04+08:00,37175, 100;
2026-08-03T07:03:05+08:00,37175, 100;
2026-08-03T07:03:06+08:00,37175, 100;
2026-08-03T07:03:07+08:00,37175, 100;
2026-08-03T07:03:08+08:00,37175, 100;
2026-08-03T07:03:09+08:00,37175, 100;
2026-08-03T07:03:10+08:00,37175, 100;
2026-08-03T07:03:11+08:00,37175, 100;
2026-08-03T07:03:12+08:00,37175, 100;
2026-08-03T07:03:13+08:00,37175, 100;
2026-08-03T07:03:14+08:00,37175, 100;
2026-08-03T07:03:16+08:00,37175, 100;
2026-08-03T07:03:17+08:00,37175, 100;
2026-08-03T07:03:18+08:00,37175, 100;
2026-08-03T07:03:19+08:00,37175, 100;
2026-08-03T07:03:20+08:00,37175, 100;
2026-08-03T07:03:21+08:00,37175, 100;
2026-08-03T07:03:22+08:00,37175, 100;
2026-08-03T07:03:23+08:00,37175, 100;
2026-08-03T07:03:24+08:00,37175, 100;
2026-08-03T07:03:25+08:00,37175, 100;
2026-08-03T07:03:26+08:00,37175, 100;
2026-08-03T07:03:27+08:00,37175, 100;
2026-08-03T07:03:28+08:00,37175, 100;
2026-08-03T07:03:29+08:00,37175, 100;
2026-08-03T07:03:30+08:00,37175, 100;
2026-08-03T07:03:31+08:00,37175, 100;
2026-08-03T07:03:32+08:00,37175, 100;
2026-08-03T07:03:33+08:00,37175, 100;
2026-08-03T07:03:34+08:00,37175, 100;
2026-08-03T07:03:35+08:00,37175, 100;
2026-08-03T07:03:36+08:00,37175, 100;
2026-08-03T07:03:37+08:00,37175, 100;
2026-08-03T07:03:38+08:00,37175, 100;
2026-08-03T07:03:39+08:00,37175, 100;
2026-08-03T07:03:40+08:00,37175, 100;
2026-08-03T07:03:41+08:00,37175, 100;
2026-08-03T07:03:42+08:00,37175, 100;
2026-08-03T07:03:44+08:00,37175, 100;
2026-08-03T07:03:45+08:00,37175, 100;
2026-08-03T07:03:46+08:00,37175, 100;
2026-08-03T07:03:47+08:00,37175, 100;
2026-08-03T07:03:48+08:00,37175, 100;
2026-08-03T07:03:49+08:00,37175, 100;
2026-08-03T07:03:50+08:00,37175, 100;
2026-08-03T07:03:51+08:00,37175, 100;
2026-08-03T07:03:52+08:00,37175, 100;
2026-08-03T07:03:53+08:00,37175, 100;
2026-08-03T07:03:54+08:00,37175, 100;
2026-08-03T07:03:55+08:00,37175, 100;
2026-08-03T07:03:56+08:00,37175, 100;
2026-08-03T07:03:57+08:00,37175, 100;
2026-08-03T07:03:58+08:00,37175, 100;
2026-08-03T07:03:59+08:00,37175, 100;
2026-08-03T07:04:00+08:00,37175, 100;
2026-08-03T07:04:01+08:00,37175, 100;
2026-08-03T07:04:02+08:00,37175, 100;
2026-08-03T07:04:03+08:00,37175, 100;
2026-08-03T07:04:04+08:00,37175, 100;
2026-08-03T07:04:05+08:00,37175, 100;
2026-08-03T07:04:06+08:00,37175, 100;
2026-08-03T07:04:07+08:00,37175, 100;
2026-08-03T07:04:08+08:00,37175, 100;
2026-08-03T07:04:09+08:00,37175, 100;
2026-08-03T07:04:11+08:00,37175, 100;
2026-08-03T07:04:12+08:00,37175, 100;
2026-08-03T07:04:13+08:00,37175, 100;
2026-08-03T07:04:14+08:00,37175, 100;
2026-08-03T07:04:15+08:00,37175, 100;
2026-08-03T07:04:16+08:00,37175, 100;
2026-08-03T07:04:17+08:00,37175, 100;
2026-08-03T07:04:18+08:00,37175, 100;
2026-08-03T07:04:19+08:00,37175, 100;
2026-08-03T07:04:20+08:00,37175, 100;
2026-08-03T07:04:21+08:00,37175, 100;
2026-08-03T07:04:22+08:00,37175, 100;
2026-08-03T07:04:23+08:00,37175, 100;
2026-08-03T07:04:24+08:00,37175, 100;
2026-08-03T07:04:25+08:00,37175, 100;
2026-08-03T07:04:26+08:00,37175, 100;
2026-08-03T07:04:27+08:00,37175, 100;
2026-08-03T07:04:28+08:00,37175, 100;
2026-08-03T07:04:29+08:00,37175, 100;
2026-08-03T07:04:30+08:00,37175, 100;
2026-08-03T07:04:31+08:00,37175, 100;
2026-08-03T07:04:32+08:00,37175, 100;
2026-08-03T07:04:33+08:00,37175, 100;
2026-08-03T07:04:34+08:00,37175, 100;
2026-08-03T07:04:35+08:00,37175, 100;
2026-08-03T07:04:36+08:00,37175, 100;
2026-08-03T07:04:38+08:00,37175, 100;
2026-08-03T07:04:39+08:00,37175, 100;
2026-08-03T07:04:40+08:00,37175, 100;
2026-08-03T07:04:41+08:00,37175, 100;
2026-08-03T07:04:42+08:00,37175, 100;
2026-08-03T07:04:43+08:00,37175, 100;
2026-08-03T07:04:44+08:00,37175, 100;
2026-08-03T07:04:45+08:00,37175, 100;
2026-08-03T07:04:46+08:00,37175, 100;
2026-08-03T07:04:47+08:00,37175, 100;
2026-08-03T07:04:48+08:00,37175, 100;
2026-08-03T07:04:49+08:00,37175, 100;
2026-08-03T07:04:50+08:00,37175, 100;
2026-08-03T07:04:51+08:00,37175, 100;
2026-08-03T07:04:52+08:00,37175, 100;
2026-08-03T07:04:53+08:00,37175, 100;
2026-08-03T07:04:54+08:00,37175, 100;
2026-08-03T07:04:55+08:00,37175, 100;
2026-08-03T07:04:56+08:00,37175, 100;
2026-08-03T07:04:57+08:00,37175, 100;
2026-08-03T07:04:58+08:00,37175, 100;
2026-08-03T07:04:59+08:00,37175, 100;
2026-08-03T07:05:00+08:00,37175, 100;
2026-08-03T07:05:01+08:00,37175, 100;
2026-08-03T07:05:02+08:00,37175, 100;
2026-08-03T07:05:03+08:00,37175, 100;
2026-08-03T07:05:05+08:00,37175, 100;
2026-08-03T07:05:06+08:00,37175, 100;
2026-08-03T07:05:07+08:00,37175, 100;
2026-08-03T07:05:08+08:00,37175, 100;
2026-08-03T07:05:09+08:00,37175, 100;
2026-08-03T07:05:10+08:00,37175, 100;
2026-08-03T07:05:11+08:00,37175, 100;
2026-08-03T07:05:12+08:00,37175, 100;
2026-08-03T07:05:13+08:00,37175, 100;
2026-08-03T07:05:14+08:00,37175, 100;
2026-08-03T07:05:15+08:00,37175, 100;
2026-08-03T07:05:16+08:00,37175, 100;
2026-08-03T07:05:17+08:00,37175, 100;
2026-08-03T07:05:18+08:00,37175, 100;
2026-08-03T07:05:19+08:00,37175, 100;
2026-08-03T07:05:20+08:00,37175, 100;
2026-08-03T07:05:21+08:00,37175, 100;
2026-08-03T07:05:22+08:00,37175, 100;
2026-08-03T07:05:23+08:00,37175, 100;
2026-08-03T07:05:24+08:00,37175, 100;
2026-08-03T07:05:25+08:00,37175, 100;
2026-08-03T07:05:26+08:00,37175, 100;
2026-08-03T07:05:27+08:00,37175, 100;
2026-08-03T07:05:28+08:00,37175, 100;
2026-08-03T07:05:29+08:00,37175, 100;
2026-08-03T07:05:30+08:00,37175, 100;
2026-08-03T07:05:32+08:00,37175, 100;
2026-08-03T07:05:33+08:00,37175, 100;
2026-08-03T07:05:34+08:00,37175, 100;
2026-08-03T07:05:35+08:00,37175, 100;
2026-08-03T07:05:36+08:00,37175, 100;
2026-08-03T07:05:37+08:00,37175, 100;
2026-08-03T07:05:38+08:00,37175, 100;
2026-08-03T07:05:39+08:00,37175, 100;
2026-08-03T07:05:40+08:00,37175, 100;
2026-08-03T07:05:41+08:00,37175, 100;
2026-08-03T07:05:42+08:00,37175, 100;
2026-08-03T07:05:43+08:00,37175, 100;
2026-08-03T07:05:44+08:00,37175, 100;
2026-08-03T07:05:45+08:00,37175, 100;
2026-08-03T07:05:46+08:00,37175, 100;
2026-08-03T07:05:47+08:00,37175, 100;
2026-08-03T07:05:48+08:00,37175, 100;
2026-08-03T07:05:49+08:00,37175, 100;
2026-08-03T07:05:50+08:00,37175, 100;
2026-08-03T07:05:51+08:00,37175, 100;
2026-08-03T07:05:52+08:00,37175, 100;
2026-08-03T07:05:53+08:00,37175, 100;
2026-08-03T07:05:54+08:00,37175, 100;
2026-08-03T07:05:55+08:00,37175, 100;
2026-08-03T07:05:56+08:00,37175, 100;
2026-08-03T07:05:57+08:00,37175, 100;
2026-08-03T07:05:59+08:00,37175, 100;
2026-08-03T07:06:00+08:00,37175, 100;
2026-08-03T07:06:01+08:00,37175, 100;
2026-08-03T07:06:02+08:00,37175, 100;
2026-08-03T07:06:03+08:00,37175, 100;
2026-08-03T07:06:04+08:00,37175, 100;
2026-08-03T07:06:05+08:00,37175, 100;
2026-08-03T07:06:06+08:00,37175, 100;
2026-08-03T07:06:07+08:00,37175, 100;
2026-08-03T07:06:08+08:00,37175, 100;
2026-08-03T07:06:09+08:00,37175, 100;
2026-08-03T07:06:10+08:00,37175, 100;
2026-08-03T07:06:11+08:00,37175, 100;
2026-08-03T07:06:12+08:00,37175, 100;
2026-08-03T07:06:13+08:00,37175, 100;
2026-08-03T07:06:14+08:00,37175, 100;
2026-08-03T07:06:15+08:00,37175, 100;
2026-08-03T07:06:16+08:00,37175, 100;
2026-08-03T07:06:17+08:00,37175, 100;
2026-08-03T07:06:18+08:00,37175, 100;
2026-08-03T07:06:19+08:00,37175, 100;
2026-08-03T07:06:20+08:00,37175, 100;
2026-08-03T07:06:21+08:00,37175, 100;
2026-08-03T07:06:22+08:00,37175, 100;
2026-08-03T07:06:23+08:00,37175, 100;
2026-08-03T07:06:24+08:00,37175, 100;
2026-08-03T07:06:25+08:00,37175, 100;
2026-08-03T07:06:27+08:00,37175, 100;
2026-08-03T07:06:28+08:00,37175, 100;
2026-08-03T07:06:29+08:00,37175, 100;
2026-08-03T07:06:30+08:00,37175, 100;
2026-08-03T07:06:31+08:00,37175, 100;
2026-08-03T07:06:32+08:00,37175, 100;
2026-08-03T07:06:33+08:00,37175, 100;
2026-08-03T07:06:34+08:00,37175, 100;
2026-08-03T07:06:35+08:00,37175, 100;
2026-08-03T07:06:36+08:00,37175, 100;
2026-08-03T07:06:37+08:00,37175, 100;
2026-08-03T07:06:38+08:00,37175, 100;
2026-08-03T07:06:39+08:00,37175, 100;
2026-08-03T07:06:40+08:00,37175, 100;
2026-08-03T07:06:41+08:00,37175, 100;
2026-08-03T07:06:42+08:00,37175, 100;
2026-08-03T07:06:43+08:00,37175, 100;
2026-08-03T07:06:44+08:00,37175, 100;
2026-08-03T07:06:45+08:00,37175, 100;
2026-08-03T07:06:46+08:00,37175, 100;
2026-08-03T07:06:47+08:00,37175, 100;
2026-08-03T07:06:48+08:00,37175, 100;
2026-08-03T07:06:49+08:00,37175, 100;
2026-08-03T07:06:50+08:00,37175, 100;
2026-08-03T07:06:51+08:00,37175, 100;
2026-08-03T07:06:52+08:00,37175, 100;
2026-08-03T07:06:54+08:00,37175, 100;
2026-08-03T07:06:55+08:00,37175, 100;
2026-08-03T07:06:56+08:00,37175, 100;
2026-08-03T07:06:57+08:00,37175, 100;
2026-08-03T07:06:58+08:00,37175, 100;
2026-08-03T07:06:59+08:00,37175, 100;
2026-08-03T07:07:00+08:00,37175, 100;
2026-08-03T07:07:01+08:00,37175, 100;
2026-08-03T07:07:02+08:00,37175, 100;
2026-08-03T07:07:03+08:00,37175, 100;
2026-08-03T07:07:04+08:00,37175, 100;
2026-08-03T07:07:05+08:00,37175, 100;
2026-08-03T07:07:06+08:00,37175, 100;
2026-08-03T07:07:07+08:00,37175, 100;
2026-08-03T07:07:08+08:00,37175, 100;
2026-08-03T07:07:09+08:00,37175, 100;
2026-08-03T07:07:10+08:00,37175, 100;
2026-08-03T07:07:11+08:00,37175, 100;
2026-08-03T07:07:12+08:00,37175, 100;
2026-08-03T07:07:13+08:00,37175, 100;
2026-08-03T07:07:14+08:00,37175, 100;
2026-08-03T07:07:15+08:00,37175, 100;
2026-08-03T07:07:16+08:00,37175, 100;
2026-08-03T07:07:17+08:00,37175, 100;
2026-08-03T07:07:18+08:00,37175, 100;
2026-08-03T07:07:19+08:00,37175, 100;
2026-08-03T07:07:21+08:00,37175, 100;
2026-08-03T07:07:22+08:00,37175, 100;
2026-08-03T07:07:23+08:00,37175, 100;
2026-08-03T07:07:24+08:00,37175, 100;
2026-08-03T07:07:25+08:00,37175, 100;
2026-08-03T07:07:26+08:00,37175, 100;
2026-08-03T07:07:27+08:00,37175, 100;
2026-08-03T07:07:28+08:00,37175, 100;
2026-08-03T07:07:29+08:00,37175, 100;
2026-08-03T07:07:30+08:00,37175, 100;
2026-08-03T07:07:31+08:00,37175, 100;
2026-08-03T07:07:32+08:00,37175, 100;
2026-08-03T07:07:33+08:00,37175, 100;
2026-08-03T07:07:34+08:00,37175, 100;
2026-08-03T07:07:35+08:00,37175, 100;
2026-08-03T07:07:36+08:00,37175, 100;
2026-08-03T07:07:37+08:00,37175, 100;
2026-08-03T07:07:38+08:00,37175, 100;
2026-08-03T07:07:39+08:00,37175, 100;
2026-08-03T07:07:40+08:00,37175, 100;
2026-08-03T07:07:41+08:00,37175, 100;
2026-08-03T07:07:42+08:00,37175, 100;
2026-08-03T07:07:43+08:00,37175, 100;
2026-08-03T07:07:44+08:00,37175, 100;
2026-08-03T07:07:45+08:00,37175, 100;
2026-08-03T07:07:47+08:00,37175, 100;
2026-08-03T07:07:48+08:00,37175, 100;
2026-08-03T07:07:49+08:00,37175, 100;
2026-08-03T07:07:50+08:00,37175, 100;
2026-08-03T07:07:51+08:00,37175, 100;
2026-08-03T07:07:52+08:00,37175, 100;
2026-08-03T07:07:53+08:00,37175, 100;
2026-08-03T07:07:54+08:00,37175, 100;
2026-08-03T07:07:55+08:00,37175, 100;
2026-08-03T07:07:56+08:00,37175, 100;
2026-08-03T07:07:57+08:00,37175, 100;
2026-08-03T07:07:58+08:00,37175, 100;
2026-08-03T07:07:59+08:00,37175, 100;
2026-08-03T07:08:00+08:00,37175, 100;
2026-08-03T07:08:01+08:00,37175, 100;
2026-08-03T07:08:02+08:00,37175, 100;
2026-08-03T07:08:03+08:00,37175, 100;
2026-08-03T07:08:04+08:00,37175, 100;
2026-08-03T07:08:05+08:00,37175, 100;
2026-08-03T07:08:06+08:00,37175, 100;
2026-08-03T07:08:07+08:00,37175, 100;
2026-08-03T07:08:08+08:00,37175, 100;
2026-08-03T07:08:09+08:00,37175, 100;
2026-08-03T07:08:10+08:00,37175, 100;
2026-08-03T07:08:11+08:00,37175, 100;
2026-08-03T07:08:12+08:00,37175, 100;
2026-08-03T07:08:14+08:00,37175, 100;
2026-08-03T07:08:15+08:00,37175, 100;
2026-08-03T07:08:16+08:00,37175, 100;
2026-08-03T07:08:17+08:00,37175, 100;
2026-08-03T07:08:18+08:00,37175, 100;
2026-08-03T07:08:19+08:00,37175, 100;
2026-08-03T07:08:20+08:00,37175, 100;
2026-08-03T07:08:21+08:00,37175, 100;
2026-08-03T07:08:22+08:00,37175, 100;
2026-08-03T07:08:23+08:00,37175, 100;
2026-08-03T07:08:24+08:00,37175, 100;
2026-08-03T07:08:25+08:00,37175, 100;
2026-08-03T07:08:26+08:00,37175, 100;
2026-08-03T07:08:27+08:00,37175, 100;
2026-08-03T07:08:28+08:00,37175, 100;
2026-08-03T07:08:29+08:00,37175, 100;
2026-08-03T07:08:30+08:00,37175, 100;
2026-08-03T07:08:31+08:00,37175, 100;
2026-08-03T07:08:32+08:00,37175, 100;
2026-08-03T07:08:33+08:00,37175, 100;
2026-08-03T07:08:34+08:00,37175, 100;
2026-08-03T07:08:35+08:00,37175, 100;
2026-08-03T07:08:36+08:00,37175, 100;
2026-08-03T07:08:37+08:00,37175, 100;
2026-08-03T07:08:38+08:00,37175, 100;
2026-08-03T07:08:39+08:00,37175, 100;
2026-08-03T07:08:41+08:00,37175, 100;
2026-08-03T07:08:42+08:00,37175, 100;
2026-08-03T07:08:43+08:00,37175, 100;
2026-08-03T07:08:44+08:00,37175, 100;
2026-08-03T07:08:45+08:00,37175, 100;
2026-08-03T07:08:46+08:00,37175, 100;
2026-08-03T07:08:47+08:00,37175, 100;
2026-08-03T07:08:48+08:00,37175, 100;
2026-08-03T07:08:49+08:00,37175, 100;
2026-08-03T07:08:50+08:00,37175, 100;
2026-08-03T07:08:51+08:00,37175, 100;
2026-08-03T07:08:52+08:00,37175, 100;
2026-08-03T07:08:53+08:00,37175, 100;
2026-08-03T07:08:54+08:00,37175, 100;
2026-08-03T07:08:55+08:00,37175, 100;
2026-08-03T07:08:56+08:00,37175, 100;
2026-08-03T07:08:57+08:00,37175, 100;
2026-08-03T07:08:58+08:00,37175, 100;
2026-08-03T07:08:59+08:00,37175, 100;
2026-08-03T07:09:00+08:00,37175, 100;
2026-08-03T07:09:01+08:00,37175, 100;
2026-08-03T07:09:02+08:00,37175, 100;
2026-08-03T07:09:03+08:00,37175, 100;
2026-08-03T07:09:04+08:00,37175, 100;
2026-08-03T07:09:05+08:00,37175, 100;
2026-08-03T07:09:06+08:00,37175, 100;
2026-08-03T07:09:07+08:00,37175, 100;
2026-08-03T07:09:09+08:00,37175, 100;
2026-08-03T07:09:10+08:00,37175, 100;
2026-08-03T07:09:11+08:00,37175, 100;
2026-08-03T07:09:12+08:00,37175, 0;
2026-08-03T07:09:13+08:00,37175, 0;
2026-08-03T07:09:14+08:00,37175, 0;
2026-08-03T07:09:15+08:00,37175, 100;
2026-08-03T07:09:16+08:00,37175, 100;
2026-08-03T07:09:17+08:00,37175, 100;
2026-08-03T07:09:18+08:00,37175, 100;
2026-08-03T07:09:19+08:00,37175, 100;
2026-08-03T07:09:20+08:00,37175, 100;
2026-08-03T07:09:21+08:00,37175, 100;
2026-08-03T07:09:22+08:00,37175, 100;
2026-08-03T07:09:23+08:00,37175, 100;
2026-08-03T07:09:24+08:00,37175, 100;
2026-08-03T07:09:25+08:00,37175, 100;
2026-08-03T07:09:26+08:00,37175, 100;
2026-08-03T07:09:27+08:00,37175, 100;
2026-08-03T07:09:28+08:00,37175, 100;
2026-08-03T07:09:29+08:00,37175, 100;
2026-08-03T07:09:30+08:00,37175, 100;
2026-08-03T07:09:31+08:00,37175, 100;
2026-08-03T07:09:32+08:00,37175, 100;
2026-08-03T07:09:33+08:00,37175, 100;
2026-08-03T07:09:34+08:00,37175, 100;
2026-08-03T07:09:36+08:00,37175, 100;
2026-08-03T07:09:37+08:00,37175, 100;
2026-08-03T07:09:38+08:00,37175, 100;
2026-08-03T07:09:39+08:00,37175, 100;
2026-08-03T07:09:40+08:00,37175, 100;
2026-08-03T07:09:41+08:00,37175, 100;
2026-08-03T07:09:42+08:00,37175, 100;
2026-08-03T07:09:43+08:00,37175, 100;
2026-08-03T07:09:44+08:00,37175, 100;
2026-08-03T07:09:45+08:00,37175, 100;
2026-08-03T07:09:46+08:00,37175, 100;
2026-08-03T07:09:47+08:00,37175, 100;
2026-08-03T07:09:48+08:00,37175, 100;
2026-08-03T07:09:49+08:00,37175, 100;
2026-08-03T07:09:50+08:00,37175, 100;
2026-08-03T07:09:51+08:00,37175, 100;
2026-08-03T07:09:52+08:00,37175, 100;
2026-08-03T07:09:53+08:00,37175, 100;
2026-08-03T07:09:54+08:00,37175, 100;
2026-08-03T07:09:55+08:00,37175, 100;
2026-08-03T07:09:56+08:00,37175, 100;
2026-08-03T07:09:57+08:00,37175, 100;
2026-08-03T07:09:58+08:00,37175, 100;
2026-08-03T07:09:59+08:00,37175, 100;
2026-08-03T07:10:00+08:00,37175, 100;
2026-08-03T07:10:01+08:00,37175, 100;
2026-08-03T07:10:02+08:00,37175, 100;
2026-08-03T07:10:03+08:00,37175, 100;
2026-08-03T07:10:04+08:00,37175, 100;
2026-08-03T07:10:06+08:00,37175, 100;
2026-08-03T07:10:07+08:00,37175, 100;
2026-08-03T07:10:08+08:00,37175, 100;
2026-08-03T07:10:09+08:00,37175, 100;
2026-08-03T07:10:10+08:00,37175, 100;
2026-08-03T07:10:11+08:00,37175, 100;
2026-08-03T07:10:12+08:00,37175, 100;
2026-08-03T07:10:13+08:00,37175, 100;
2026-08-03T07:10:14+08:00,37175, 100;
2026-08-03T07:10:15+08:00,37175, 100;
2026-08-03T07:10:16+08:00,37175, 100;
2026-08-03T07:10:17+08:00,37175, 100;
2026-08-03T07:10:18+08:00,37175, 100;
2026-08-03T07:10:19+08:00,37175, 100;
2026-08-03T07:10:20+08:00,37175, 100;
2026-08-03T07:10:21+08:00,37175, 100;
2026-08-03T07:10:22+08:00,37175, 100;
2026-08-03T07:10:23+08:00,37175, 100;
2026-08-03T07:10:24+08:00,37175, 100;
2026-08-03T07:10:25+08:00,37175, 100;
2026-08-03T07:10:26+08:00,37175, 100;
2026-08-03T07:10:27+08:00,37175, 100;
2026-08-03T07:10:28+08:00,37175, 100;
2026-08-03T07:10:29+08:00,37175, 100;
2026-08-03T07:10:30+08:00,37175, 100;
2026-08-03T07:10:31+08:00,37175, 100;
2026-08-03T07:10:32+08:00,37175, 100;
2026-08-03T07:10:33+08:00,37175, 100;
2026-08-03T07:10:35+08:00,37175, 100;
2026-08-03T07:10:36+08:00,37175, 100;
2026-08-03T07:10:37+08:00,37175, 100;
2026-08-03T07:10:38+08:00,37175, 100;
2026-08-03T07:10:39+08:00,37175, 100;
2026-08-03T07:10:40+08:00,37175, 100;
2026-08-03T07:10:41+08:00,37175, 100;
2026-08-03T07:10:42+08:00,37175, 100;
2026-08-03T07:10:43+08:00,37175, 100;
2026-08-03T07:10:44+08:00,37175, 100;
2026-08-03T07:10:45+08:00,37175, 100;
2026-08-03T07:10:46+08:00,37175, 100;
2026-08-03T07:10:47+08:00,37175, 100;
2026-08-03T07:10:48+08:00,37175, 100;
2026-08-03T07:10:49+08:00,37175, 100;
2026-08-03T07:10:50+08:00,37175, 100;
2026-08-03T07:10:51+08:00,37175, 100;
2026-08-03T07:10:52+08:00,37175, 100;
2026-08-03T07:10:53+08:00,37175, 100;
2026-08-03T07:10:54+08:00,37175, 100;
2026-08-03T07:10:55+08:00,37175, 100;
2026-08-03T07:10:56+08:00,37175, 100;
2026-08-03T07:10:57+08:00,37175, 100;
2026-08-03T07:10:58+08:00,37175, 100;
2026-08-03T07:10:59+08:00,37175, 100;
2026-08-03T07:11:00+08:00,37175, 100;
2026-08-03T07:11:01+08:00,37175, 100;
2026-08-03T07:11:03+08:00,37175, 100;
2026-08-03T07:11:04+08:00,37175, 100;
2026-08-03T07:11:05+08:00,37175, 100;
2026-08-03T07:11:06+08:00,37175, 100;
2026-08-03T07:11:07+08:00,37175, 100;
2026-08-03T07:11:08+08:00,37175, 100;
2026-08-03T07:11:09+08:00,37175, 100;
2026-08-03T07:11:10+08:00,37175, 100;
2026-08-03T07:11:11+08:00,37175, 100;
2026-08-03T07:11:12+08:00,37175, 100;
2026-08-03T07:11:13+08:00,37175, 100;
2026-08-03T07:11:14+08:00,37175, 100;
2026-08-03T07:11:15+08:00,37175, 100;
2026-08-03T07:11:16+08:00,37175, 100;
2026-08-03T07:11:17+08:00,37175, 100;
2026-08-03T07:11:18+08:00,37175, 100;
2026-08-03T07:11:19+08:00,37175, 100;
2026-08-03T07:11:20+08:00,37175, 100;
2026-08-03T07:11:21+08:00,37175, 100;
2026-08-03T07:11:22+08:00,37175, 100;
2026-08-03T07:11:23+08:00,37175, 100;
2026-08-03T07:11:24+08:00,37175, 100;
2026-08-03T07:11:25+08:00,37175, 100;
2026-08-03T07:11:26+08:00,37175, 100;
2026-08-03T07:11:27+08:00,37175, 100;
2026-08-03T07:11:28+08:00,37175, 100;
2026-08-03T07:11:29+08:00,37175, 100;
2026-08-03T07:11:30+08:00,37175, 100;
2026-08-03T07:11:32+08:00,37175, 100;
2026-08-03T07:11:33+08:00,37175, 100;
2026-08-03T07:11:34+08:00,37175, 100;
2026-08-03T07:11:35+08:00,37175, 100;
2026-08-03T07:11:36+08:00,37175, 100;
2026-08-03T07:11:37+08:00,37175, 100;
2026-08-03T07:11:38+08:00,37175, 100;
2026-08-03T07:11:39+08:00,37175, 100;
2026-08-03T07:11:40+08:00,37175, 100;
2026-08-03T07:11:41+08:00,37175, 100;
2026-08-03T07:11:42+08:00,37175, 100;
2026-08-03T07:11:43+08:00,37175, 100;
2026-08-03T07:11:44+08:00,37175, 100;
2026-08-03T07:11:45+08:00,37175, 100;
2026-08-03T07:11:46+08:00,37175, 100;
2026-08-03T07:11:47+08:00,37175, 100;
2026-08-03T07:11:48+08:00,37175, 100;
2026-08-03T07:11:49+08:00,37175, 100;
2026-08-03T07:11:50+08:00,37175, 100;
2026-08-03T07:11:51+08:00,37175, 100;
2026-08-03T07:11:52+08:00,37175, 100;
2026-08-03T07:11:53+08:00,37175, 100;
2026-08-03T07:11:54+08:00,37175, 100;
2026-08-03T07:11:55+08:00,37175, 100;
2026-08-03T07:11:56+08:00,37175, 100;
2026-08-03T07:11:57+08:00,37175, 100;
2026-08-03T07:11:58+08:00,37175, 100;
2026-08-03T07:12:00+08:00,37175, 100;
2026-08-03T07:12:01+08:00,37175, 100;
2026-08-03T07:12:02+08:00,37175, 100;
2026-08-03T07:12:03+08:00,37175, 100;
2026-08-03T07:12:04+08:00,37175, 100;
2026-08-03T07:12:05+08:00,37175, 100;
2026-08-03T07:12:06+08:00,37175, 100;
2026-08-03T07:12:07+08:00,37175, 100;
2026-08-03T07:12:08+08:00,37175, 100;
2026-08-03T07:12:09+08:00,37175, 100;
2026-08-03T07:12:10+08:00,37175, 100;
2026-08-03T07:12:11+08:00,37175, 100;
2026-08-03T07:12:12+08:00,37175, 100;
2026-08-03T07:12:13+08:00,37175, 100;
2026-08-03T07:12:14+08:00,37175, 100;
2026-08-03T07:12:15+08:00,37175, 100;
2026-08-03T07:12:16+08:00,37175, 100;
2026-08-03T07:12:17+08:00,37175, 100;
2026-08-03T07:12:18+08:00,37175, 100;
2026-08-03T07:12:19+08:00,37175, 100;
2026-08-03T07:12:20+08:00,37175, 100;
2026-08-03T07:12:21+08:00,37175, 100;
2026-08-03T07:12:22+08:00,37175, 100;
2026-08-03T07:12:23+08:00,37175, 100;
2026-08-03T07:12:24+08:00,37175, 100;
2026-08-03T07:12:25+08:00,37175, 100;
2026-08-03T07:12:26+08:00,37175, 100;
2026-08-03T07:12:28+08:00,37175, 100;
2026-08-03T07:12:29+08:00,37175, 100;
2026-08-03T07:12:30+08:00,37175, 100;
2026-08-03T07:12:31+08:00,37175, 100;
2026-08-03T07:12:32+08:00,37175, 100;
2026-08-03T07:12:33+08:00,37175, 100;
2026-08-03T07:12:34+08:00,37175, 100;
2026-08-03T07:12:35+08:00,37175, 100;
2026-08-03T07:12:36+08:00,37175, 100;
2026-08-03T07:12:37+08:00,37175, 100;
2026-08-03T07:12:38+08:00,37175, 100;
2026-08-03T07:12:39+08:00,37175, 100;
2026-08-03T07:12:40+08:00,37175, 100;
2026-08-03T07:12:41+08:00,37175, 100;
2026-08-03T07:12:42+08:00,37175, 100;
2026-08-03T07:12:43+08:00,37175, 100;
2026-08-03T07:12:44+08:00,37175, 100;
2026-08-03T07:12:45+08:00,37175, 100;
2026-08-03T07:12:46+08:00,37175, 100;
2026-08-03T07:12:47+08:00,37175, 100;
2026-08-03T07:12:48+08:00,37175, 100;
2026-08-03T07:12:49+08:00,37175, 100;
2026-08-03T07:12:50+08:00,37175, 100;
2026-08-03T07:12:51+08:00,37175, 100;
2026-08-03T07:12:52+08:00,37175, 100;
2026-08-03T07:12:53+08:00,37175, 100;
2026-08-03T07:12:54+08:00,37175, 100;
2026-08-03T07:12:56+08:00,37175, 100;
2026-08-03T07:12:57+08:00,37175, 100;
2026-08-03T07:12:58+08:00,37175, 100;
2026-08-03T07:12:59+08:00,37175, 100;
2026-08-03T07:13:00+08:00,37175, 100;
2026-08-03T07:13:01+08:00,37175, 100;
2026-08-03T07:13:02+08:00,37175, 100;
2026-08-03T07:13:03+08:00,37175, 100;
2026-08-03T07:13:04+08:00,37175, 100;
2026-08-03T07:13:05+08:00,37175, 100;
2026-08-03T07:13:06+08:00,37175, 100;
2026-08-03T07:13:07+08:00,37175, 100;
2026-08-03T07:13:08+08:00,37175, 100;
2026-08-03T07:13:09+08:00,37175, 100;
2026-08-03T07:13:10+08:00,37175, 100;
2026-08-03T07:13:11+08:00,37175, 100;
2026-08-03T07:13:12+08:00,37175, 100;
2026-08-03T07:13:13+08:00,37175, 100;
2026-08-03T07:13:14+08:00,37175, 100;
2026-08-03T07:13:15+08:00,37175, 100;
2026-08-03T07:13:16+08:00,37175, 100;
2026-08-03T07:13:17+08:00,37175, 100;
2026-08-03T07:13:18+08:00,37175, 100;
2026-08-03T07:13:19+08:00,37175, 100;
2026-08-03T07:13:20+08:00,37175, 100;
2026-08-03T07:13:21+08:00,37175, 100;
2026-08-03T07:13:22+08:00,37175, 100;
2026-08-03T07:13:24+08:00,37175, 100;
2026-08-03T07:13:25+08:00,37175, 100;
2026-08-03T07:13:26+08:00,37175, 100;
2026-08-03T07:13:27+08:00,37175, 100;
2026-08-03T07:13:28+08:00,37175, 100;
2026-08-03T07:13:29+08:00,37175, 100;
2026-08-03T07:13:30+08:00,37175, 100;
2026-08-03T07:13:31+08:00,37175, 100;
2026-08-03T07:13:32+08:00,37175, 100;
2026-08-03T07:13:33+08:00,37175, 100;
2026-08-03T07:13:34+08:00,37175, 100;
2026-08-03T07:13:35+08:00,37175, 100;
2026-08-03T07:13:36+08:00,37175, 100;
2026-08-03T07:13:37+08:00,37175, 100;
2026-08-03T07:13:38+08:00,37175, 100;
2026-08-03T07:13:39+08:00,37175, 100;
2026-08-03T07:13:40+08:00,37175, 100;
2026-08-03T07:13:41+08:00,37175, 100;
2026-08-03T07:13:42+08:00,37175, 100;
2026-08-03T07:13:43+08:00,37175, 100;
2026-08-03T07:13:44+08:00,37175, 100;
2026-08-03T07:13:45+08:00,37175, 100;
2026-08-03T07:13:46+08:00,37175, 100;
2026-08-03T07:13:47+08:00,37175, 100;
2026-08-03T07:13:48+08:00,37175, 100;
2026-08-03T07:13:49+08:00,37175, 100;
2026-08-03T07:13:50+08:00,37175, 100;
2026-08-03T07:13:52+08:00,37175, 100;
2026-08-03T07:13:53+08:00,37175, 100;
2026-08-03T07:13:54+08:00,37175, 100;
2026-08-03T07:13:55+08:00,37175, 100;
2026-08-03T07:13:56+08:00,37175, 100;
2026-08-03T07:13:57+08:00,37175, 100;
2026-08-03T07:13:58+08:00,37175, 100;
2026-08-03T07:13:59+08:00,37175, 100;
2026-08-03T07:14:00+08:00,37175, 100;
2026-08-03T07:14:01+08:00,37175, 100;
2026-08-03T07:14:02+08:00,37175, 100;
2026-08-03T07:14:03+08:00,37175, 100;
2026-08-03T07:14:04+08:00,37175, 100;
2026-08-03T07:14:05+08:00,37175, 100;
2026-08-03T07:14:06+08:00,37175, 100;
2026-08-03T07:14:07+08:00,37175, 100;
2026-08-03T07:14:08+08:00,37175, 100;
2026-08-03T07:14:09+08:00,37175, 100;
2026-08-03T07:14:10+08:00,37175, 100;
2026-08-03T07:14:11+08:00,37175, 100;
2026-08-03T07:14:12+08:00,37175, 100;
2026-08-03T07:14:13+08:00,37175, 100;
2026-08-03T07:14:14+08:00,37175, 100;
2026-08-03T07:14:15+08:00,37175, 100;
2026-08-03T07:14:16+08:00,37175, 100;
2026-08-03T07:14:17+08:00,37175, 100;
2026-08-03T07:14:18+08:00,37175, 100;
2026-08-03T07:14:19+08:00,37175, 100;
2026-08-03T07:14:21+08:00,37175, 100;
2026-08-03T07:14:22+08:00,37175, 100;
2026-08-03T07:14:23+08:00,37175, 100;
2026-08-03T07:14:24+08:00,37175, 100;
2026-08-03T07:14:25+08:00,37175, 100;
2026-08-03T07:14:26+08:00,37175, 100;
2026-08-03T07:14:27+08:00,37175, 100;
2026-08-03T07:14:28+08:00,37175, 100;
2026-08-03T07:14:29+08:00,37175, 100;
2026-08-03T07:14:30+08:00,37175, 100;
2026-08-03T07:14:31+08:00,37175, 100;
2026-08-03T07:14:32+08:00,37175, 100;
2026-08-03T07:14:33+08:00,37175, 100;
2026-08-03T07:14:34+08:00,37175, 100;
2026-08-03T07:14:35+08:00,37175, 100;
2026-08-03T07:14:36+08:00,37175, 100;
2026-08-03T07:14:37+08:00,37175, 100;
2026-08-03T07:14:38+08:00,37175, 100;
2026-08-03T07:14:39+08:00,37175, 100;
2026-08-03T07:14:40+08:00,37175, 100;
2026-08-03T07:14:41+08:00,37175, 100;
2026-08-03T07:14:42+08:00,37175, 100;
2026-08-03T07:14:43+08:00,37175, 100;
2026-08-03T07:14:44+08:00,37175, 100;
2026-08-03T07:14:45+08:00,37175, 100;
2026-08-03T07:14:46+08:00,37175, 100;
2026-08-03T07:14:47+08:00,37175, 100;
2026-08-03T07:14:49+08:00,37175, 100;
2026-08-03T07:14:50+08:00,37175, 100;
2026-08-03T07:14:51+08:00,37175, 100;
2026-08-03T07:14:52+08:00,37175, 100;
2026-08-03T07:14:53+08:00,37175, 100;
2026-08-03T07:14:54+08:00,37175, 100;
2026-08-03T07:14:55+08:00,37175, 100;
2026-08-03T07:14:56+08:00,37175, 100;
2026-08-03T07:14:57+08:00,37175, 100;
2026-08-03T07:14:58+08:00,37175, 100;
2026-08-03T07:14:59+08:00,37175, 100;
2026-08-03T07:15:00+08:00,37175, 100;
2026-08-03T07:15:01+08:00,37175, 100;
2026-08-03T07:15:02+08:00,37175, 100;
2026-08-03T07:15:03+08:00,37175, 100;
2026-08-03T07:15:04+08:00,37175, 100;
2026-08-03T07:15:05+08:00,37175, 100;
2026-08-03T07:15:06+08:00,37175, 100;
2026-08-03T07:15:07+08:00,37175, 100;
2026-08-03T07:15:08+08:00,37175, 100;
2026-08-03T07:15:09+08:00,37175, 100;
2026-08-03T07:15:10+08:00,37175, 100;
2026-08-03T07:15:11+08:00,37175, 100;
2026-08-03T07:15:12+08:00,37175, 100;
2026-08-03T07:15:13+08:00,37175, 100;
2026-08-03T07:15:14+08:00,37175, 100;
2026-08-03T07:15:15+08:00,37175, 100;
2026-08-03T07:15:17+08:00,37175, 100;
2026-08-03T07:15:18+08:00,37175, 100;
2026-08-03T07:15:19+08:00,37175, 100;
2026-08-03T07:15:20+08:00,37175, 100;
2026-08-03T07:15:21+08:00,37175, 100;
2026-08-03T07:15:22+08:00,37175, 100;
2026-08-03T07:15:23+08:00,37175, 100;
2026-08-03T07:15:24+08:00,37175, 100;
2026-08-03T07:15:25+08:00,37175, 100;
2026-08-03T07:15:26+08:00,37175, 100;
2026-08-03T07:15:27+08:00,37175, 100;
2026-08-03T07:15:28+08:00,37175, 100;
2026-08-03T07:15:29+08:00,37175, 100;
2026-08-03T07:15:30+08:00,37175, 100;
2026-08-03T07:15:31+08:00,37175, 100;
2026-08-03T07:15:32+08:00,37175, 100;
2026-08-03T07:15:33+08:00,37175, 100;
2026-08-03T07:15:34+08:00,37175, 100;
2026-08-03T07:15:35+08:00,37175, 100;
2026-08-03T07:15:36+08:00,37175, 100;
2026-08-03T07:15:37+08:00,37175, 100;
2026-08-03T07:15:38+08:00,37175, 100;
2026-08-03T07:15:39+08:00,37175, 100;
2026-08-03T07:15:40+08:00,37175, 100;
2026-08-03T07:15:41+08:00,37175, 100;
2026-08-03T07:15:42+08:00,37175, 100;
2026-08-03T07:15:43+08:00,37175, 100;
2026-08-03T07:15:45+08:00,37175, 100;
2026-08-03T07:15:46+08:00,37175, 100;
2026-08-03T07:15:47+08:00,37175, 100;
2026-08-03T07:15:48+08:00,37175, 100;
2026-08-03T07:15:49+08:00,37175, 100;
2026-08-03T07:15:50+08:00,37175, 100;
2026-08-03T07:15:51+08:00,37175, 100;
2026-08-03T07:15:52+08:00,37175, 100;
2026-08-03T07:15:53+08:00,37175, 100;
2026-08-03T07:15:54+08:00,37175, 100;
2026-08-03T07:15:55+08:00,37175, 100;
2026-08-03T07:15:56+08:00,37175, 100;
2026-08-03T07:15:57+08:00,37175, 100;
2026-08-03T07:15:58+08:00,37175, 100;
2026-08-03T07:15:59+08:00,37175, 100;
2026-08-03T07:16:00+08:00,37175, 100;
2026-08-03T07:16:01+08:00,37175, 100;
2026-08-03T07:16:02+08:00,37175, 100;
2026-08-03T07:16:03+08:00,37175, 100;
2026-08-03T07:16:04+08:00,37175, 100;
2026-08-03T07:16:05+08:00,37175, 100;
2026-08-03T07:16:06+08:00,37175, 100;
2026-08-03T07:16:07+08:00,37175, 100;
2026-08-03T07:16:08+08:00,37175, 100;
2026-08-03T07:16:09+08:00,37175, 100;
2026-08-03T07:16:10+08:00,37175, 100;
2026-08-03T07:16:11+08:00,37175, 100;
2026-08-03T07:16:13+08:00,37175, 100;
2026-08-03T07:16:14+08:00,37175, 100;
2026-08-03T07:16:15+08:00,37175, 100;
2026-08-03T07:16:16+08:00,37175, 100;
2026-08-03T07:16:17+08:00,37175, 100;
2026-08-03T07:16:18+08:00,37175, 100;
2026-08-03T07:16:19+08:00,37175, 100;
2026-08-03T07:16:20+08:00,37175, 100;
2026-08-03T07:16:21+08:00,37175, 100;
2026-08-03T07:16:22+08:00,37175, 100;
2026-08-03T07:16:23+08:00,37175, 100;
2026-08-03T07:16:24+08:00,37175, 100;
2026-08-03T07:16:25+08:00,37175, 100;
2026-08-03T07:16:26+08:00,37175, 100;
2026-08-03T07:16:27+08:00,37175, 100;
2026-08-03T07:16:28+08:00,37175, 100;
2026-08-03T07:16:29+08:00,37175, 100;
2026-08-03T07:16:30+08:00,37175, 100;
2026-08-03T07:16:31+08:00,37175, 100;
2026-08-03T07:16:32+08:00,37175, 100;
2026-08-03T07:16:33+08:00,37175, 100;
2026-08-03T07:16:34+08:00,37175, 100;
2026-08-03T07:16:35+08:00,37175, 100;
2026-08-03T07:16:36+08:00,37175, 100;
2026-08-03T07:16:37+08:00,37175, 100;
2026-08-03T07:16:38+08:00,37175, 100;
2026-08-03T07:16:40+08:00,37175, 100;
2026-08-03T07:16:41+08:00,37175, 100;
2026-08-03T07:16:42+08:00,37175, 100;
2026-08-03T07:16:43+08:00,37175, 100;
2026-08-03T07:16:44+08:00,37175, 100;
2026-08-03T07:16:45+08:00,37175, 100;
2026-08-03T07:16:46+08:00,37175, 100;
2026-08-03T07:16:47+08:00,37175, 100;
2026-08-03T07:16:48+08:00,37175, 100;
2026-08-03T07:16:49+08:00,37175, 100;
2026-08-03T07:16:50+08:00,37175, 100;
2026-08-03T07:16:51+08:00,37175, 100;
2026-08-03T07:16:52+08:00,37175, 100;
2026-08-03T07:16:53+08:00,37175, 100;
2026-08-03T07:16:54+08:00,37175, 100;
2026-08-03T07:16:55+08:00,37175, 100;
2026-08-03T07:16:56+08:00,37175, 100;
2026-08-03T07:16:57+08:00,37175, 100;
2026-08-03T07:16:58+08:00,37175, 100;
2026-08-03T07:16:59+08:00,37175, 100;
2026-08-03T07:17:00+08:00,37175, 100;
2026-08-03T07:17:01+08:00,37175, 100;
2026-08-03T07:17:02+08:00,37175, 100;
2026-08-03T07:17:03+08:00,37175, 100;
2026-08-03T07:17:04+08:00,37175, 100;
2026-08-03T07:17:05+08:00,37175, 100;
2026-08-03T07:17:07+08:00,37175, 100;
2026-08-03T07:17:08+08:00,37175, 100;
2026-08-03T07:17:09+08:00,37175, 100;
2026-08-03T07:17:10+08:00,37175, 100;
2026-08-03T07:17:11+08:00,37175, 100;
2026-08-03T07:17:12+08:00,37175, 100;
2026-08-03T07:17:13+08:00,37175, 100;
2026-08-03T07:17:14+08:00,37175, 100;
2026-08-03T07:17:15+08:00,37175, 100;
2026-08-03T07:17:16+08:00,37175, 100;
2026-08-03T07:17:17+08:00,37175, 100;
2026-08-03T07:17:18+08:00,37175, 100;
2026-08-03T07:17:19+08:00,37175, 100;
2026-08-03T07:17:20+08:00,37175, 100;
2026-08-03T07:17:21+08:00,37175, 100;
2026-08-03T07:17:22+08:00,37175, 100;
2026-08-03T07:17:23+08:00,37175, 100;
2026-08-03T07:17:24+08:00,37175, 100;
2026-08-03T07:17:25+08:00,37175, 100;
2026-08-03T07:17:26+08:00,37175, 100;
2026-08-03T07:17:27+08:00,37175, 100;
2026-08-03T07:17:28+08:00,37175, 100;
2026-08-03T07:17:29+08:00,37175, 100;
2026-08-03T07:17:30+08:00,37175, 100;
2026-08-03T07:17:31+08:00,37175, 100;
2026-08-03T07:17:32+08:00,37175, 100;
2026-08-03T07:17:34+08:00,37175, 100;
2026-08-03T07:17:35+08:00,37175, 100;
2026-08-03T07:17:36+08:00,37175, 100;
2026-08-03T07:17:37+08:00,37175, 100;
2026-08-03T07:17:38+08:00,37175, 100;
2026-08-03T07:17:39+08:00,37175, 100;
2026-08-03T07:17:40+08:00,37175, 100;
2026-08-03T07:17:41+08:00,37175, 100;
2026-08-03T07:17:42+08:00,37175, 100;
2026-08-03T07:17:43+08:00,37175, 100;
2026-08-03T07:17:44+08:00,37175, 100;
2026-08-03T07:17:45+08:00,37175, 100;
2026-08-03T07:17:46+08:00,37175, 100;
2026-08-03T07:17:47+08:00,37175, 100;
2026-08-03T07:17:48+08:00,37175, 100;
2026-08-03T07:17:49+08:00,37175, 100;
2026-08-03T07:17:50+08:00,37175, 100;
2026-08-03T07:17:51+08:00,37175, 100;
2026-08-03T07:17:52+08:00,37175, 100;
2026-08-03T07:17:53+08:00,37175, 100;
2026-08-03T07:17:54+08:00,37175, 100;
2026-08-03T07:17:55+08:00,37175, 100;
2026-08-03T07:17:56+08:00,37175, 100;
2026-08-03T07:17:57+08:00,37175, 100;
2026-08-03T07:17:58+08:00,37175, 100;
2026-08-03T07:17:59+08:00,37175, 100;
2026-08-03T07:18:01+08:00,37175, 100;
2026-08-03T07:18:02+08:00,37175, 100;
2026-08-03T07:18:03+08:00,37175, 100;
2026-08-03T07:18:04+08:00,37175, 100;
2026-08-03T07:18:05+08:00,37175, 100;
2026-08-03T07:18:06+08:00,37175, 100;
2026-08-03T07:18:07+08:00,37175, 100;
2026-08-03T07:18:08+08:00,37175, 100;
2026-08-03T07:18:09+08:00,37175, 100;
2026-08-03T07:18:10+08:00,37175, 100;
2026-08-03T07:18:11+08:00,37175, 100;
2026-08-03T07:18:12+08:00,37175, 100;
2026-08-03T07:18:13+08:00,37175, 100;
2026-08-03T07:18:14+08:00,37175, 100;
2026-08-03T07:18:15+08:00,37175, 100;
2026-08-03T07:18:16+08:00,37175, 100;
2026-08-03T07:18:17+08:00,37175, 100;
2026-08-03T07:18:18+08:00,37175, 100;
2026-08-03T07:18:19+08:00,37175, 100;
2026-08-03T07:18:20+08:00,37175, 100;
2026-08-03T07:18:21+08:00,37175, 100;
2026-08-03T07:18:22+08:00,37175, 100;
2026-08-03T07:18:23+08:00,37175, 100;
2026-08-03T07:18:24+08:00,37175, 100;
2026-08-03T07:18:25+08:00,37175, 100;
2026-08-03T07:18:26+08:00,37175, 100;
2026-08-03T07:18:28+08:00,37175, 100;
2026-08-03T07:18:29+08:00,37175, 100;
2026-08-03T07:18:30+08:00,37175, 100;
2026-08-03T07:18:31+08:00,37175, 100;
2026-08-03T07:18:32+08:00,37175, 100;
2026-08-03T07:18:33+08:00,37175, 100;
2026-08-03T07:18:34+08:00,37175, 100;
2026-08-03T07:18:35+08:00,37175, 100;
2026-08-03T07:18:36+08:00,37175, 100;
2026-08-03T07:18:37+08:00,37175, 100;
2026-08-03T07:18:38+08:00,37175, 100;
2026-08-03T07:18:39+08:00,37175, 100;
2026-08-03T07:18:40+08:00,37175, 100;
2026-08-03T07:18:41+08:00,37175, 100;
2026-08-03T07:18:42+08:00,37175, 100;
2026-08-03T07:18:43+08:00,37175, 100;
2026-08-03T07:18:44+08:00,37175, 100;
2026-08-03T07:18:45+08:00,37175, 100;
2026-08-03T07:18:46+08:00,37175, 100;
2026-08-03T07:18:47+08:00,37175, 100;
2026-08-03T07:18:48+08:00,37175, 100;
2026-08-03T07:18:49+08:00,37175, 100;
2026-08-03T07:18:50+08:00,37175, 100;
2026-08-03T07:18:51+08:00,37175, 100;
2026-08-03T07:18:52+08:00,37175, 100;
2026-08-03T07:18:53+08:00,37175, 100;
2026-08-03T07:18:55+08:00,37175, 100;
2026-08-03T07:18:56+08:00,37175, 100;
2026-08-03T07:18:57+08:00,37175, 100;
2026-08-03T07:18:58+08:00,37175, 100;
2026-08-03T07:18:59+08:00,37175, 100;
2026-08-03T07:19:00+08:00,37175, 100;
2026-08-03T07:19:01+08:00,37175, 100;
2026-08-03T07:19:02+08:00,37175, 100;
2026-08-03T07:19:03+08:00,37175, 100;
2026-08-03T07:19:04+08:00,37175, 100;
2026-08-03T07:19:05+08:00,37175, 100;
2026-08-03T07:19:06+08:00,37175, 100;
2026-08-03T07:19:07+08:00,37175, 100;
2026-08-03T07:19:08+08:00,37175, 100;
2026-08-03T07:19:09+08:00,37175, 100;
2026-08-03T07:19:10+08:00,37175, 100;
2026-08-03T07:19:11+08:00,37175, 100;
2026-08-03T07:19:12+08:00,37175, 100;
2026-08-03T07:19:13+08:00,37175, 100;
2026-08-03T07:19:14+08:00,37175, 100;
2026-08-03T07:19:15+08:00,37175, 100;
2026-08-03T07:19:16+08:00,37175, 100;
2026-08-03T07:19:17+08:00,37175, 100;
2026-08-03T07:19:18+08:00,37175, 100;
2026-08-03T07:19:19+08:00,37175, 100;
2026-08-03T07:19:20+08:00,37175, 100;
2026-08-03T07:19:22+08:00,37175, 100;
2026-08-03T07:19:23+08:00,37175, 100;
2026-08-03T07:19:24+08:00,37175, 100;
2026-08-03T07:19:25+08:00,37175, 100;
2026-08-03T07:19:26+08:00,37175, 100;
2026-08-03T07:19:27+08:00,37175, 100;
2026-08-03T07:19:28+08:00,37175, 100;
2026-08-03T07:19:29+08:00,37175, 100;
2026-08-03T07:19:30+08:00,37175, 100;
2026-08-03T07:19:31+08:00,37175, 100;
2026-08-03T07:19:32+08:00,37175, 100;
2026-08-03T07:19:33+08:00,37175, 100;
2026-08-03T07:19:34+08:00,37175, 100;
2026-08-03T07:19:35+08:00,37175, 100;
2026-08-03T07:19:36+08:00,37175, 100;
2026-08-03T07:19:37+08:00,37175, 100;
2026-08-03T07:19:38+08:00,37175, 100;
2026-08-03T07:19:39+08:00,37175, 100;
2026-08-03T07:19:40+08:00,37175, 100;
2026-08-03T07:19:41+08:00,37175, 100;
2026-08-03T07:19:42+08:00,37175, 100;
2026-08-03T07:19:43+08:00,37175, 100;
2026-08-03T07:19:44+08:00,37175, 100;
2026-08-03T07:19:45+08:00,37175, 100;
2026-08-03T07:19:46+08:00,37175, 100;
2026-08-03T07:19:47+08:00,37175, 100;
2026-08-03T07:19:49+08:00,37175, 100;
2026-08-03T07:19:50+08:00,37175, 100;
2026-08-03T07:19:51+08:00,37175, 100;
2026-08-03T07:19:52+08:00,37175, 100;
2026-08-03T07:19:53+08:00,37175, 100;
2026-08-03T07:19:54+08:00,37175, 100;
2026-08-03T07:19:55+08:00,37175, 100;
2026-08-03T07:19:56+08:00,37175, 100;
2026-08-03T07:19:57+08:00,37175, 100;
2026-08-03T07:19:58+08:00,37175, 100;
2026-08-03T07:19:59+08:00,37175, 100;
2026-08-03T07:20:00+08:00,37175, 100;
2026-08-03T07:20:01+08:00,37175, 100;
2026-08-03T07:20:02+08:00,37175, 100;
2026-08-03T07:20:03+08:00,37175, 100;
2026-08-03T07:20:04+08:00,37175, 100;
2026-08-03T07:20:05+08:00,37175, 100;
2026-08-03T07:20:06+08:00,37175, 100;
2026-08-03T07:20:07+08:00,37175, 100;
2026-08-03T07:20:08+08:00,37175, 100;
2026-08-03T07:20:09+08:00,37175, 100;
2026-08-03T07:20:10+08:00,37175, 100;
2026-08-03T07:20:11+08:00,37175, 100;
2026-08-03T07:20:12+08:00,37175, 100;
2026-08-03T07:20:13+08:00,37175, 100;
2026-08-03T07:20:14+08:00,37175, 100;
2026-08-03T07:20:16+08:00,37175, 100;
2026-08-03T07:20:17+08:00,37175, 100;
2026-08-03T07:20:18+08:00,37175, 100;
2026-08-03T07:20:19+08:00,37175, 100;
2026-08-03T07:20:20+08:00,37175, 100;
2026-08-03T07:20:21+08:00,37175, 100;
2026-08-03T07:20:22+08:00,37175, 100;
2026-08-03T07:20:23+08:00,37175, 100;
2026-08-03T07:20:24+08:00,37175, 100;
2026-08-03T07:20:25+08:00,37175, 100;
2026-08-03T07:20:26+08:00,37175, 100;
2026-08-03T07:20:27+08:00,37175, 100;
2026-08-03T07:20:28+08:00,37175, 100;
2026-08-03T07:20:29+08:00,37175, 100;
2026-08-03T07:20:30+08:00,37175, 100;
2026-08-03T07:20:31+08:00,37175, 100;
2026-08-03T07:20:32+08:00,37175, 100;
2026-08-03T07:20:33+08:00,37175, 100;
2026-08-03T07:20:34+08:00,37175, 100;
2026-08-03T07:20:35+08:00,37175, 100;
2026-08-03T07:20:36+08:00,37175, 100;
2026-08-03T07:20:37+08:00,37175, 100;
2026-08-03T07:20:38+08:00,37175, 100;
2026-08-03T07:20:39+08:00,37175, 100;
2026-08-03T07:20:40+08:00,37175, 100;
2026-08-03T07:20:41+08:00,37175, 100;
2026-08-03T07:20:43+08:00,37175, 100;
2026-08-03T07:20:44+08:00,37175, 100;
2026-08-03T07:20:45+08:00,37175, 100;
2026-08-03T07:20:46+08:00,37175, 100;
2026-08-03T07:20:47+08:00,37175, 100;
2026-08-03T07:20:48+08:00,37175, 100;
2026-08-03T07:20:49+08:00,37175, 100;
2026-08-03T07:20:50+08:00,37175, 100;
2026-08-03T07:20:51+08:00,37175, 100;
2026-08-03T07:20:52+08:00,37175, 100;
2026-08-03T07:20:53+08:00,37175, 100;
2026-08-03T07:20:54+08:00,37175, 100;
2026-08-03T07:20:55+08:00,37175, 100;
2026-08-03T07:20:56+08:00,37175, 100;
2026-08-03T07:20:57+08:00,37175, 100;
2026-08-03T07:20:58+08:00,37175, 100;
2026-08-03T07:20:59+08:00,37175, 100;
2026-08-03T07:21:00+08:00,37175, 100;
2026-08-03T07:21:01+08:00,37175, 100;
2026-08-03T07:21:02+08:00,37175, 100;
2026-08-03T07:21:03+08:00,37175, 100;
2026-08-03T07:21:04+08:00,37175, 100;
2026-08-03T07:21:05+08:00,37175, 100;
2026-08-03T07:21:06+08:00,37175, 100;
2026-08-03T07:21:07+08:00,37175, 100;
2026-08-03T07:21:08+08:00,37175, 100;
2026-08-03T07:21:10+08:00,37175, 100;
2026-08-03T07:21:11+08:00,37175, 100;
2026-08-03T07:21:12+08:00,37175, 100;
2026-08-03T07:21:13+08:00,37175, 100;
2026-08-03T07:21:14+08:00,37175, 100;
2026-08-03T07:21:15+08:00,37175, 100;
2026-08-03T07:21:16+08:00,37175, 100;
2026-08-03T07:21:17+08:00,37175, 100;
2026-08-03T07:21:18+08:00,37175, 100;
2026-08-03T07:21:19+08:00,37175, 100;
2026-08-03T07:21:20+08:00,37175, 100;
2026-08-03T07:21:21+08:00,37175, 100;
2026-08-03T07:21:22+08:00,37175, 100;
2026-08-03T07:21:23+08:00,37175, 100;
2026-08-03T07:21:24+08:00,37175, 100;
2026-08-03T07:21:25+08:00,37175, 100;
2026-08-03T07:21:26+08:00,37175, 100;
2026-08-03T07:21:27+08:00,37175, 100;
2026-08-03T07:21:28+08:00,37175, 100;
2026-08-03T07:21:29+08:00,37175, 100;
2026-08-03T07:21:30+08:00,37175, 100;
2026-08-03T07:21:31+08:00,37175, 100;
2026-08-03T07:21:32+08:00,37175, 100;
2026-08-03T07:21:33+08:00,37175, 100;
2026-08-03T07:21:34+08:00,37175, 100;
2026-08-03T07:21:35+08:00,37175, 100;
2026-08-03T07:21:37+08:00,37175, 100;
2026-08-03T07:21:38+08:00,37175, 100;
2026-08-03T07:21:39+08:00,37175, 100;
2026-08-03T07:21:40+08:00,37175, 100;
2026-08-03T07:21:41+08:00,37175, 100;
2026-08-03T07:21:42+08:00,37175, 100;
2026-08-03T07:21:43+08:00,37175, 100;
2026-08-03T07:21:44+08:00,37175, 100;
2026-08-03T07:21:45+08:00,37175, 100;
2026-08-03T07:21:46+08:00,37175, 100;
2026-08-03T07:21:47+08:00,37175, 100;
2026-08-03T07:21:48+08:00,37175, 100;
2026-08-03T07:21:49+08:00,37175, 100;
2026-08-03T07:21:50+08:00,37175, 100;
2026-08-03T07:21:51+08:00,37175, 100;
2026-08-03T07:21:52+08:00,37175, 100;
2026-08-03T07:21:53+08:00,37175, 100;
2026-08-03T07:21:54+08:00,37175, 100;
2026-08-03T07:21:55+08:00,37175, 100;
2026-08-03T07:21:56+08:00,37175, 100;
2026-08-03T07:21:57+08:00,37175, 100;
2026-08-03T07:21:58+08:00,37175, 100;
2026-08-03T07:21:59+08:00,37175, 100;
2026-08-03T07:22:00+08:00,37175, 100;
2026-08-03T07:22:01+08:00,37175, 100;
2026-08-03T07:22:02+08:00,37175, 100;
2026-08-03T07:22:03+08:00,37175, 100;
2026-08-03T07:22:05+08:00,37175, 100;
2026-08-03T07:22:06+08:00,37175, 100;
2026-08-03T07:22:07+08:00,37175, 100;
2026-08-03T07:22:08+08:00,37175, 100;
2026-08-03T07:22:09+08:00,37175, 100;
2026-08-03T07:22:10+08:00,37175, 100;
2026-08-03T07:22:11+08:00,37175, 100;
2026-08-03T07:22:12+08:00,37175, 100;
2026-08-03T07:22:13+08:00,37175, 100;
2026-08-03T07:22:14+08:00,37175, 100;
2026-08-03T07:22:15+08:00,37175, 100;
2026-08-03T07:22:16+08:00,37175, 100;
2026-08-03T07:22:17+08:00,37175, 100;
2026-08-03T07:22:18+08:00,37175, 100;
2026-08-03T07:22:19+08:00,37175, 100;
2026-08-03T07:22:20+08:00,37175, 100;
2026-08-03T07:22:21+08:00,37175, 100;
2026-08-03T07:22:22+08:00,37175, 100;
2026-08-03T07:22:23+08:00,37175, 100;
2026-08-03T07:22:24+08:00,37175, 100;
2026-08-03T07:22:25+08:00,37175, 100;
2026-08-03T07:22:26+08:00,37175, 100;
2026-08-03T07:22:27+08:00,37175, 100;
2026-08-03T07:22:28+08:00,37175, 100;
2026-08-03T07:22:29+08:00,37175, 100;
2026-08-03T07:22:30+08:00,37175, 100;
2026-08-03T07:22:31+08:00,37175, 100;
2026-08-03T07:22:33+08:00,37175, 100;
2026-08-03T07:22:34+08:00,37175, 100;
2026-08-03T07:22:35+08:00,37175, 100;
2026-08-03T07:22:36+08:00,37175, 100;
2026-08-03T07:22:37+08:00,37175, 100;
2026-08-03T07:22:38+08:00,37175, 100;
2026-08-03T07:22:39+08:00,37175, 100;
2026-08-03T07:22:40+08:00,37175, 100;
2026-08-03T07:22:41+08:00,37175, 100;
2026-08-03T07:22:42+08:00,37175, 100;
2026-08-03T07:22:43+08:00,37175, 100;
2026-08-03T07:22:44+08:00,37175, 100;
2026-08-03T07:22:45+08:00,37175, 100;
2026-08-03T07:22:46+08:00,37175, 100;
2026-08-03T07:22:47+08:00,37175, 100;
2026-08-03T07:22:48+08:00,37175, 100;
2026-08-03T07:22:49+08:00,37175, 100;
2026-08-03T07:22:50+08:00,37175, 100;
2026-08-03T07:22:51+08:00,37175, 100;
2026-08-03T07:22:52+08:00,37175, 100;
2026-08-03T07:22:53+08:00,37175, 100;
2026-08-03T07:22:54+08:00,37175, 100;
2026-08-03T07:22:55+08:00,37175, 100;
2026-08-03T07:22:56+08:00,37175, 100;
2026-08-03T07:22:57+08:00,37175, 100;
2026-08-03T07:22:58+08:00,37175, 100;
2026-08-03T07:23:00+08:00,37175, 100;
2026-08-03T07:23:01+08:00,37175, 100;
2026-08-03T07:23:02+08:00,37175, 100;
2026-08-03T07:23:03+08:00,37175, 100;
2026-08-03T07:23:04+08:00,37175, 100;
2026-08-03T07:23:05+08:00,37175, 100;
2026-08-03T07:23:06+08:00,37175, 100;
2026-08-03T07:23:07+08:00,37175, 100;
2026-08-03T07:23:08+08:00,37175, 100;
2026-08-03T07:23:09+08:00,37175, 100;
2026-08-03T07:23:10+08:00,37175, 100;
2026-08-03T07:23:11+08:00,37175, 100;
2026-08-03T07:23:12+08:00,37175, 100;
2026-08-03T07:23:13+08:00,37175, 100;
2026-08-03T07:23:14+08:00,37175, 100;
2026-08-03T07:23:15+08:00,37175, 100;
2026-08-03T07:23:16+08:00,37175, 100;
2026-08-03T07:23:17+08:00,37175, 100;
2026-08-03T07:23:18+08:00,37175, 100;
2026-08-03T07:23:19+08:00,37175, 100;
2026-08-03T07:23:20+08:00,37175, 100;
2026-08-03T07:23:21+08:00,37175, 100;
2026-08-03T07:23:22+08:00,37175, 100;
2026-08-03T07:23:23+08:00,37175, 100;
2026-08-03T07:23:24+08:00,37175, 100;
2026-08-03T07:23:25+08:00,37175, 100;
2026-08-03T07:23:26+08:00,37175, 100;
2026-08-03T07:23:28+08:00,37175, 100;
2026-08-03T07:23:29+08:00,37175, 100;
2026-08-03T07:23:30+08:00,37175, 100;
2026-08-03T07:23:31+08:00,37175, 100;
2026-08-03T07:23:32+08:00,37175, 100;
2026-08-03T07:23:33+08:00,37175, 100;
2026-08-03T07:23:34+08:00,37175, 100;
2026-08-03T07:23:35+08:00,37175, 100;
2026-08-03T07:23:36+08:00,37175, 100;
2026-08-03T07:23:37+08:00,37175, 100;
2026-08-03T07:23:38+08:00,37175, 100;
2026-08-03T07:23:39+08:00,37175, 100;
2026-08-03T07:23:40+08:00,37175, 100;
2026-08-03T07:23:41+08:00,37175, 100;
2026-08-03T07:23:42+08:00,37175, 100;
2026-08-03T07:23:43+08:00,37175, 100;
2026-08-03T07:23:44+08:00,37175, 100;
2026-08-03T07:23:45+08:00,37175, 100;
2026-08-03T07:23:46+08:00,37175, 100;
2026-08-03T07:23:47+08:00,37175, 100;
2026-08-03T07:23:48+08:00,37175, 100;
2026-08-03T07:23:49+08:00,37175, 100;
2026-08-03T07:23:50+08:00,37175, 100;
2026-08-03T07:23:51+08:00,37175, 100;
2026-08-03T07:23:52+08:00,37175, 100;
2026-08-03T07:23:53+08:00,37175, 100;
2026-08-03T07:23:55+08:00,37175, 100;
2026-08-03T07:23:56+08:00,37175, 100;
2026-08-03T07:23:57+08:00,37175, 100;
2026-08-03T07:23:58+08:00,37175, 100;
2026-08-03T07:23:59+08:00,37175, 100;
2026-08-03T07:24:00+08:00,37175, 100;
2026-08-03T07:24:01+08:00,37175, 100;
2026-08-03T07:24:02+08:00,37175, 100;
2026-08-03T07:24:03+08:00,37175, 100;
2026-08-03T07:24:04+08:00,37175, 100;
2026-08-03T07:24:05+08:00,37175, 100;
2026-08-03T07:24:06+08:00,37175, 100;
2026-08-03T07:24:07+08:00,37175, 100;
2026-08-03T07:24:08+08:00,37175, 100;
2026-08-03T07:24:09+08:00,37175, 100;
2026-08-03T07:24:10+08:00,37175, 100;
2026-08-03T07:24:11+08:00,37175, 100;
2026-08-03T07:24:12+08:00,37175, 100;
2026-08-03T07:24:13+08:00,37175, 100;
2026-08-03T07:24:14+08:00,37175, 100;
2026-08-03T07:24:15+08:00,37175, 100;
2026-08-03T07:24:16+08:00,37175, 100;
2026-08-03T07:24:17+08:00,37175, 100;
2026-08-03T07:24:18+08:00,37175, 100;
2026-08-03T07:24:19+08:00,37175, 100;
2026-08-03T07:24:20+08:00,37175, 100;
2026-08-03T07:24:22+08:00,37175, 100;
2026-08-03T07:24:23+08:00,37175, 100;
2026-08-03T07:24:24+08:00,37175, 100;
2026-08-03T07:24:25+08:00,37175, 100;
2026-08-03T07:24:26+08:00,37175, 100;
2026-08-03T07:24:27+08:00,37175, 100;
2026-08-03T07:24:28+08:00,37175, 100;
2026-08-03T07:24:29+08:00,37175, 0;
2026-08-03T07:24:30+08:00,37175, 0;
2026-08-03T07:24:31+08:00,37175, 0;
2026-08-03T07:24:32+08:00,37175, 100;
2026-08-03T07:24:33+08:00,37175, 100;
2026-08-03T07:24:34+08:00,37175, 100;
2026-08-03T07:24:35+08:00,37175, 100;
2026-08-03T07:24:36+08:00,37175, 100;
2026-08-03T07:24:37+08:00,37175, 100;
2026-08-03T07:24:38+08:00,37175, 100;
2026-08-03T07:24:39+08:00,37175, 100;
2026-08-03T07:24:40+08:00,37175, 100;
2026-08-03T07:24:41+08:00,37175, 100;
2026-08-03T07:24:42+08:00,37175, 100;
2026-08-03T07:24:43+08:00,37175, 100;
2026-08-03T07:24:44+08:00,37175, 100;
2026-08-03T07:24:45+08:00,37175, 100;
2026-08-03T07:24:46+08:00,37175, 100;
2026-08-03T07:24:47+08:00,37175, 100;
2026-08-03T07:24:49+08:00,37175, 100;
2026-08-03T07:24:50+08:00,37175, 100;
2026-08-03T07:24:51+08:00,37175, 100;
2026-08-03T07:24:52+08:00,37175, 100;
2026-08-03T07:24:53+08:00,37175, 100;
2026-08-03T07:24:54+08:00,37175, 100;
2026-08-03T07:24:55+08:00,37175, 100;
2026-08-03T07:24:56+08:00,37175, 100;
2026-08-03T07:24:57+08:00,37175, 100;
2026-08-03T07:24:58+08:00,37175, 100;
2026-08-03T07:24:59+08:00,37175, 100;
2026-08-03T07:25:00+08:00,37175, 100;
2026-08-03T07:25:01+08:00,37175, 100;
2026-08-03T07:25:02+08:00,37175, 100;
2026-08-03T07:25:03+08:00,37175, 100;
2026-08-03T07:25:04+08:00,37175, 100;
2026-08-03T07:25:05+08:00,37175, 100;
2026-08-03T07:25:06+08:00,37175, 100;
2026-08-03T07:25:07+08:00,37175, 100;
2026-08-03T07:25:08+08:00,37175, 100;
2026-08-03T07:25:09+08:00,37175, 100;
2026-08-03T07:25:10+08:00,37175, 100;
2026-08-03T07:25:11+08:00,37175, 100;
2026-08-03T07:25:12+08:00,37175, 100;
2026-08-03T07:25:13+08:00,37175, 100;
2026-08-03T07:25:14+08:00,37175, 100;
2026-08-03T07:25:15+08:00,37175, 100;
2026-08-03T07:25:16+08:00,37175, 100;
2026-08-03T07:25:17+08:00,37175, 100;
2026-08-03T07:25:19+08:00,37175, 100;
2026-08-03T07:25:20+08:00,37175, 100;
2026-08-03T07:25:21+08:00,37175, 100;
2026-08-03T07:25:22+08:00,37175, 100;
2026-08-03T07:25:23+08:00,37175, 100;
2026-08-03T07:25:24+08:00,37175, 100;
2026-08-03T07:25:25+08:00,37175, 100;
2026-08-03T07:25:26+08:00,37175, 100;
2026-08-03T07:25:27+08:00,37175, 100;
2026-08-03T07:25:28+08:00,37175, 100;
2026-08-03T07:25:29+08:00,37175, 100;
2026-08-03T07:25:30+08:00,37175, 100;
2026-08-03T07:25:31+08:00,37175, 100;
2026-08-03T07:25:32+08:00,37175, 100;
2026-08-03T07:25:33+08:00,37175, 100;
2026-08-03T07:25:34+08:00,37175, 100;
2026-08-03T07:25:35+08:00,37175, 100;
2026-08-03T07:25:36+08:00,37175, 100;
2026-08-03T07:25:37+08:00,37175, 100;
2026-08-03T07:25:38+08:00,37175, 100;
2026-08-03T07:25:39+08:00,37175, 100;
2026-08-03T07:25:40+08:00,37175, 100;
2026-08-03T07:25:41+08:00,37175, 100;
2026-08-03T07:25:42+08:00,37175, 100;
2026-08-03T07:25:43+08:00,37175, 100;
2026-08-03T07:25:44+08:00,37175, 100;
2026-08-03T07:25:45+08:00,37175, 100;
2026-08-03T07:25:46+08:00,37175, 100;
2026-08-03T07:25:48+08:00,37175, 100;
2026-08-03T07:25:49+08:00,37175, 100;
2026-08-03T07:25:50+08:00,37175, 100;
2026-08-03T07:25:51+08:00,37175, 100;
2026-08-03T07:25:52+08:00,37175, 100;
2026-08-03T07:25:53+08:00,37175, 100;
2026-08-03T07:25:54+08:00,37175, 100;
2026-08-03T07:25:55+08:00,37175, 100;
2026-08-03T07:25:56+08:00,37175, 100;
2026-08-03T07:25:57+08:00,37175, 100;
2026-08-03T07:25:58+08:00,37175, 100;
2026-08-03T07:25:59+08:00,37175, 100;
2026-08-03T07:26:00+08:00,37175, 100;
2026-08-03T07:26:01+08:00,37175, 100;
2026-08-03T07:26:02+08:00,37175, 100;
2026-08-03T07:26:03+08:00,37175, 100;
2026-08-03T07:26:04+08:00,37175, 100;
2026-08-03T07:26:05+08:00,37175, 100;
2026-08-03T07:26:06+08:00,37175, 100;
2026-08-03T07:26:07+08:00,37175, 100;
2026-08-03T07:26:08+08:00,37175, 100;
2026-08-03T07:26:09+08:00,37175, 100;
2026-08-03T07:26:10+08:00,37175, 100;
2026-08-03T07:26:11+08:00,37175, 100;
2026-08-03T07:26:12+08:00,37175, 100;
2026-08-03T07:26:13+08:00,37175, 100;
2026-08-03T07:26:14+08:00,37175, 100;
2026-08-03T07:26:15+08:00,37175, 100;
2026-08-03T07:26:16+08:00,37175, 100;
2026-08-03T07:26:18+08:00,37175, 100;
2026-08-03T07:26:19+08:00,37175, 100;
2026-08-03T07:26:20+08:00,37175, 100;
2026-08-03T07:26:21+08:00,37175, 100;
2026-08-03T07:26:22+08:00,37175, 100;
2026-08-03T07:26:23+08:00,37175, 100;
2026-08-03T07:26:24+08:00,37175, 100;
2026-08-03T07:26:25+08:00,37175, 100;
2026-08-03T07:26:26+08:00,37175, 100;
2026-08-03T07:26:27+08:00,37175, 100;
2026-08-03T07:26:28+08:00,37175, 100;
2026-08-03T07:26:29+08:00,37175, 100;
2026-08-03T07:26:30+08:00,37175, 100;
2026-08-03T07:26:31+08:00,37175, 100;
2026-08-03T07:26:32+08:00,37175, 100;
2026-08-03T07:26:33+08:00,37175, 100;
2026-08-03T07:26:34+08:00,37175, 100;
2026-08-03T07:26:35+08:00,37175, 100;
2026-08-03T07:26:36+08:00,37175, 100;
2026-08-03T07:26:37+08:00,37175, 100;
2026-08-03T07:26:38+08:00,37175, 100;
2026-08-03T07:26:39+08:00,37175, 100;
2026-08-03T07:26:40+08:00,37175, 100;
2026-08-03T07:26:41+08:00,37175, 100;
2026-08-03T07:26:42+08:00,37175, 100;
2026-08-03T07:26:43+08:00,37175, 100;
2026-08-03T07:26:44+08:00,37175, 100;
2026-08-03T07:26:45+08:00,37175, 100;
2026-08-03T07:26:46+08:00,37175, 100;
2026-08-03T07:26:48+08:00,37175, 100;
2026-08-03T07:26:49+08:00,37175, 100;
2026-08-03T07:26:50+08:00,37175, 100;
2026-08-03T07:26:51+08:00,37175, 100;
2026-08-03T07:26:52+08:00,37175, 100;
2026-08-03T07:26:53+08:00,37175, 100;
2026-08-03T07:26:54+08:00,37175, 100;
2026-08-03T07:26:55+08:00,37175, 100;
2026-08-03T07:26:56+08:00,37175, 100;
2026-08-03T07:26:57+08:00,37175, 100;
2026-08-03T07:26:58+08:00,37175, 100;
2026-08-03T07:26:59+08:00,37175, 100;
2026-08-03T07:27:00+08:00,37175, 100;
2026-08-03T07:27:01+08:00,37175, 100;
2026-08-03T07:27:02+08:00,37175, 100;
2026-08-03T07:27:03+08:00,37175, 100;
2026-08-03T07:27:04+08:00,37175, 100;
2026-08-03T07:27:05+08:00,37175, 100;
2026-08-03T07:27:06+08:00,37175, 100;
2026-08-03T07:27:07+08:00,37175, 100;
2026-08-03T07:27:08+08:00,37175, 100;
2026-08-03T07:27:09+08:00,37175, 100;
2026-08-03T07:27:10+08:00,37175, 100;
2026-08-03T07:27:11+08:00,37175, 100;
2026-08-03T07:27:12+08:00,37175, 100;
2026-08-03T07:27:13+08:00,37175, 100;
2026-08-03T07:27:14+08:00,37175, 100;
2026-08-03T07:27:15+08:00,37175, 100;
2026-08-03T07:27:17+08:00,37175, 100;
2026-08-03T07:27:18+08:00,37175, 100;
2026-08-03T07:27:19+08:00,37175, 100;
2026-08-03T07:27:20+08:00,37175, 100;
2026-08-03T07:27:21+08:00,37175, 100;
2026-08-03T07:27:22+08:00,37175, 100;
2026-08-03T07:27:23+08:00,37175, 100;
2026-08-03T07:27:24+08:00,37175, 100;
2026-08-03T07:27:25+08:00,37175, 100;
2026-08-03T07:27:26+08:00,37175, 100;
2026-08-03T07:27:27+08:00,37175, 100;
2026-08-03T07:27:28+08:00,37175, 100;
2026-08-03T07:27:29+08:00,37175, 100;
2026-08-03T07:27:30+08:00,37175, 100;
2026-08-03T07:27:31+08:00,37175, 100;
2026-08-03T07:27:32+08:00,37175, 100;
2026-08-03T07:27:33+08:00,37175, 100;
2026-08-03T07:27:34+08:00,37175, 100;
2026-08-03T07:27:35+08:00,37175, 100;
2026-08-03T07:27:36+08:00,37175, 100;
2026-08-03T07:27:37+08:00,37175, 100;
2026-08-03T07:27:38+08:00,37175, 100;
2026-08-03T07:27:39+08:00,37175, 100;
2026-08-03T07:27:40+08:00,37175, 100;
2026-08-03T07:27:41+08:00,37175, 100;
2026-08-03T07:27:42+08:00,37175, 100;
2026-08-03T07:27:43+08:00,37175, 100;
2026-08-03T07:27:44+08:00,37175, 100;
2026-08-03T07:27:46+08:00,37175, 100;
2026-08-03T07:27:47+08:00,37175, 100;
2026-08-03T07:27:48+08:00,37175, 100;
2026-08-03T07:27:49+08:00,37175, 100;
2026-08-03T07:27:50+08:00,37175, 100;
2026-08-03T07:27:51+08:00,37175, 100;
2026-08-03T07:27:52+08:00,37175, 100;
2026-08-03T07:27:53+08:00,37175, 100;
2026-08-03T07:27:54+08:00,37175, 100;
2026-08-03T07:27:55+08:00,37175, 100;
2026-08-03T07:27:56+08:00,37175, 100;
2026-08-03T07:27:57+08:00,37175, 100;
2026-08-03T07:27:58+08:00,37175, 100;
2026-08-03T07:27:59+08:00,37175, 100;
2026-08-03T07:28:00+08:00,37175, 100;
2026-08-03T07:28:01+08:00,37175, 100;
2026-08-03T07:28:02+08:00,37175, 100;
2026-08-03T07:28:03+08:00,37175, 100;
2026-08-03T07:28:04+08:00,37175, 100;
2026-08-03T07:28:05+08:00,37175, 100;
2026-08-03T07:28:06+08:00,37175, 100;
2026-08-03T07:28:07+08:00,37175, 100;
2026-08-03T07:28:08+08:00,37175, 100;
2026-08-03T07:28:09+08:00,37175, 100;
2026-08-03T07:28:10+08:00,37175, 100;
2026-08-03T07:28:11+08:00,37175, 100;
2026-08-03T07:28:12+08:00,37175, 100;
2026-08-03T07:28:13+08:00,37175, 100;
2026-08-03T07:28:15+08:00,37175, 100;
2026-08-03T07:28:16+08:00,37175, 100;
2026-08-03T07:28:17+08:00,37175, 100;
2026-08-03T07:28:18+08:00,37175, 100;
2026-08-03T07:28:19+08:00,37175, 100;
2026-08-03T07:28:20+08:00,37175, 100;
2026-08-03T07:28:21+08:00,37175, 100;
2026-08-03T07:28:22+08:00,37175, 100;
2026-08-03T07:28:23+08:00,37175, 100;
2026-08-03T07:28:24+08:00,37175, 100;
2026-08-03T07:28:25+08:00,37175, 100;
2026-08-03T07:28:26+08:00,37175, 100;
2026-08-03T07:28:27+08:00,37175, 100;
2026-08-03T07:28:28+08:00,37175, 100;
2026-08-03T07:28:29+08:00,37175, 100;
2026-08-03T07:28:30+08:00,37175, 100;
2026-08-03T07:28:31+08:00,37175, 100;
2026-08-03T07:28:32+08:00,37175, 100;
2026-08-03T07:28:33+08:00,37175, 100;
2026-08-03T07:28:34+08:00,37175, 100;
2026-08-03T07:28:35+08:00,37175, 100;
2026-08-03T07:28:36+08:00,37175, 100;
2026-08-03T07:28:37+08:00,37175, 100;
2026-08-03T07:28:38+08:00,37175, 100;
2026-08-03T07:28:39+08:00,37175, 100;
2026-08-03T07:28:40+08:00,37175, 100;
2026-08-03T07:28:41+08:00,37175, 100;
2026-08-03T07:28:43+08:00,37175, 100;
2026-08-03T07:28:44+08:00,37175, 100;
2026-08-03T07:28:45+08:00,37175, 100;
2026-08-03T07:28:46+08:00,37175, 100;
2026-08-03T07:28:47+08:00,37175, 100;
2026-08-03T07:28:48+08:00,37175, 100;
2026-08-03T07:28:49+08:00,37175, 100;
2026-08-03T07:28:50+08:00,37175, 100;
2026-08-03T07:28:51+08:00,37175, 100;
2026-08-03T07:28:52+08:00,37175, 100;
2026-08-03T07:28:53+08:00,37175, 100;
2026-08-03T07:28:54+08:00,37175, 100;
2026-08-03T07:28:55+08:00,37175, 100;
2026-08-03T07:28:56+08:00,37175, 100;
2026-08-03T07:28:57+08:00,37175, 100;
2026-08-03T07:28:58+08:00,37175, 100;
2026-08-03T07:28:59+08:00,37175, 100;
2026-08-03T07:29:00+08:00,37175, 100;
2026-08-03T07:29:01+08:00,37175, 100;
2026-08-03T07:29:02+08:00,37175, 100;
2026-08-03T07:29:03+08:00,37175, 100;
2026-08-03T07:29:04+08:00,37175, 100;
2026-08-03T07:29:05+08:00,37175, 100;
2026-08-03T07:29:06+08:00,37175, 100;
2026-08-03T07:29:07+08:00,37175, 100;
2026-08-03T07:29:08+08:00,37175, 100;
2026-08-03T07:29:09+08:00,37175, 100;
2026-08-03T07:29:10+08:00,37175, 100;
2026-08-03T07:29:12+08:00,37175, 100;
2026-08-03T07:29:13+08:00,37175, 100;
2026-08-03T07:29:14+08:00,37175, 100;
2026-08-03T07:29:15+08:00,37175, 100;
2026-08-03T07:29:16+08:00,37175, 100;
2026-08-03T07:29:17+08:00,37175, 100;
2026-08-03T07:29:18+08:00,37175, 100;
2026-08-03T07:29:19+08:00,37175, 100;
2026-08-03T07:29:20+08:00,37175, 100;
2026-08-03T07:29:21+08:00,37175, 100;
2026-08-03T07:29:22+08:00,37175, 100;
2026-08-03T07:29:23+08:00,37175, 100;
2026-08-03T07:29:24+08:00,37175, 100;
2026-08-03T07:29:25+08:00,37175, 100;
2026-08-03T07:29:26+08:00,37175, 100;
2026-08-03T07:29:27+08:00,37175, 100;
2026-08-03T07:29:28+08:00,37175, 100;
2026-08-03T07:29:29+08:00,37175, 100;
2026-08-03T07:29:30+08:00,37175, 100;
2026-08-03T07:29:31+08:00,37175, 100;
2026-08-03T07:29:32+08:00,37175, 100;
2026-08-03T07:29:33+08:00,37175, 100;
2026-08-03T07:29:34+08:00,37175, 100;
2026-08-03T07:29:35+08:00,37175, 100;
2026-08-03T07:29:36+08:00,37175, 100;
2026-08-03T07:29:37+08:00,37175, 100;
2026-08-03T07:29:38+08:00,37175, 100;
2026-08-03T07:29:40+08:00,37175, 100;
2026-08-03T07:29:41+08:00,37175, 100;
2026-08-03T07:29:42+08:00,37175, 100;
2026-08-03T07:29:43+08:00,37175, 100;
2026-08-03T07:29:44+08:00,37175, 100;
2026-08-03T07:29:45+08:00,37175, 100;
2026-08-03T07:29:46+08:00,37175, 100;
2026-08-03T07:29:47+08:00,37175, 100;
2026-08-03T07:29:48+08:00,37175, 100;
2026-08-03T07:29:49+08:00,37175, 100;
2026-08-03T07:29:50+08:00,37175, 100;
2026-08-03T07:29:51+08:00,37175, 100;
2026-08-03T07:29:52+08:00,37175, 100;
2026-08-03T07:29:53+08:00,37175, 100;
2026-08-03T07:29:54+08:00,37175, 100;
2026-08-03T07:29:55+08:00,37175, 100;
2026-08-03T07:29:56+08:00,37175, 100;
2026-08-03T07:29:57+08:00,37175, 100;
2026-08-03T07:29:58+08:00,37175, 100;
2026-08-03T07:29:59+08:00,37175, 100;
2026-08-03T07:30:00+08:00,37175, 100;
2026-08-03T07:30:01+08:00,37175, 100;
2026-08-03T07:30:02+08:00,37175, 100;
2026-08-03T07:30:03+08:00,37175, 100;
2026-08-03T07:30:04+08:00,37175, 100;
2026-08-03T07:30:05+08:00,37175, 100;
2026-08-03T07:30:06+08:00,37175, 100;
2026-08-03T07:30:07+08:00,37175, 100;
2026-08-03T07:30:09+08:00,37175, 100;
2026-08-03T07:30:10+08:00,37175, 100;
2026-08-03T07:30:11+08:00,37175, 100;
2026-08-03T07:30:12+08:00,37175, 100;
2026-08-03T07:30:13+08:00,37175, 100;
2026-08-03T07:30:14+08:00,37175, 100;
2026-08-03T07:30:15+08:00,37175, 100;
2026-08-03T07:30:16+08:00,37175, 100;
2026-08-03T07:30:17+08:00,37175, 100;
2026-08-03T07:30:18+08:00,37175, 100;
2026-08-03T07:30:19+08:00,37175, 100;
2026-08-03T07:30:20+08:00,37175, 100;
2026-08-03T07:30:21+08:00,37175, 100;
2026-08-03T07:30:22+08:00,37175, 100;
2026-08-03T07:30:23+08:00,37175, 100;
2026-08-03T07:30:24+08:00,37175, 100;
2026-08-03T07:30:25+08:00,37175, 100;
2026-08-03T07:30:26+08:00,37175, 100;
2026-08-03T07:30:27+08:00,37175, 100;
2026-08-03T07:30:28+08:00,37175, 100;
2026-08-03T07:30:29+08:00,37175, 100;
2026-08-03T07:30:30+08:00,37175, 100;
2026-08-03T07:30:31+08:00,37175, 100;
2026-08-03T07:30:32+08:00,37175, 100;
2026-08-03T07:30:33+08:00,37175, 100;
2026-08-03T07:30:34+08:00,37175, 100;
2026-08-03T07:30:35+08:00,37175, 100;
2026-08-03T07:30:36+08:00,37175, 100;
2026-08-03T07:30:38+08:00,37175, 100;
2026-08-03T07:30:39+08:00,37175, 100;
2026-08-03T07:30:40+08:00,37175, 100;
2026-08-03T07:30:41+08:00,37175, 100;
2026-08-03T07:30:42+08:00,37175, 100;
2026-08-03T07:30:43+08:00,37175, 100;
2026-08-03T07:30:44+08:00,37175, 100;
2026-08-03T07:30:45+08:00,37175, 100;
2026-08-03T07:30:46+08:00,37175, 100;
2026-08-03T07:30:47+08:00,37175, 100;
2026-08-03T07:30:48+08:00,37175, 100;
2026-08-03T07:30:49+08:00,37175, 100;
2026-08-03T07:30:50+08:00,37175, 100;
2026-08-03T07:30:51+08:00,37175, 100;
2026-08-03T07:30:52+08:00,37175, 100;
2026-08-03T07:30:53+08:00,37175, 100;
2026-08-03T07:30:54+08:00,37175, 100;
2026-08-03T07:30:55+08:00,37175, 100;
2026-08-03T07:30:56+08:00,37175, 100;
2026-08-03T07:30:57+08:00,37175, 100;
2026-08-03T07:30:58+08:00,37175, 100;
2026-08-03T07:30:59+08:00,37175, 100;
2026-08-03T07:31:00+08:00,37175, 100;
2026-08-03T07:31:01+08:00,37175, 100;
2026-08-03T07:31:02+08:00,37175, 100;
2026-08-03T07:31:03+08:00,37175, 100;
2026-08-03T07:31:05+08:00,37175, 100;
2026-08-03T07:31:06+08:00,37175, 100;
2026-08-03T07:31:07+08:00,37175, 100;
2026-08-03T07:31:08+08:00,37175, 100;
2026-08-03T07:31:09+08:00,37175, 100;
2026-08-03T07:31:10+08:00,37175, 100;
2026-08-03T07:31:11+08:00,37175, 100;
2026-08-03T07:31:12+08:00,37175, 100;
2026-08-03T07:31:13+08:00,37175, 100;
2026-08-03T07:31:14+08:00,37175, 100;
2026-08-03T07:31:15+08:00,37175, 100;
2026-08-03T07:31:16+08:00,37175, 100;
2026-08-03T07:31:17+08:00,37175, 100;
2026-08-03T07:31:18+08:00,37175, 100;
2026-08-03T07:31:19+08:00,37175, 100;
2026-08-03T07:31:20+08:00,37175, 100;
2026-08-03T07:31:21+08:00,37175, 100;
2026-08-03T07:31:22+08:00,37175, 100;
2026-08-03T07:31:23+08:00,37175, 100;
2026-08-03T07:31:24+08:00,37175, 100;
2026-08-03T07:31:25+08:00,37175, 100;
2026-08-03T07:31:26+08:00,37175, 100;
2026-08-03T07:31:27+08:00,37175, 100;
2026-08-03T07:31:28+08:00,37175, 100;
2026-08-03T07:31:29+08:00,37175, 100;
2026-08-03T07:31:30+08:00,37175, 100;
2026-08-03T07:31:31+08:00,37175, 100;
2026-08-03T07:31:33+08:00,37175, 100;
2026-08-03T07:31:34+08:00,37175, 100;
2026-08-03T07:31:35+08:00,37175, 100;
2026-08-03T07:31:36+08:00,37175, 100;
2026-08-03T07:31:37+08:00,37175, 100;
2026-08-03T07:31:38+08:00,37175, 100;
2026-08-03T07:31:39+08:00,37175, 100;
2026-08-03T07:31:40+08:00,37175, 100;
2026-08-03T07:31:41+08:00,37175, 100;
2026-08-03T07:31:42+08:00,37175, 100;
2026-08-03T07:31:43+08:00,37175, 100;
2026-08-03T07:31:44+08:00,37175, 100;
2026-08-03T07:31:45+08:00,37175, 100;
2026-08-03T07:31:46+08:00,37175, 100;
2026-08-03T07:31:47+08:00,37175, 100;
2026-08-03T07:31:48+08:00,37175, 100;
2026-08-03T07:31:49+08:00,37175, 100;
2026-08-03T07:31:50+08:00,37175, 100;
2026-08-03T07:31:51+08:00,37175, 100;
2026-08-03T07:31:52+08:00,37175, 100;
2026-08-03T07:31:53+08:00,37175, 100;
2026-08-03T07:31:54+08:00,37175, 100;
2026-08-03T07:31:55+08:00,37175, 100;
2026-08-03T07:31:56+08:00,37175, 100;
2026-08-03T07:31:57+08:00,37175, 100;
2026-08-03T07:31:58+08:00,37175, 100;
2026-08-03T07:32:00+08:00,37175, 100;
2026-08-03T07:32:01+08:00,37175, 100;
2026-08-03T07:32:02+08:00,37175, 100;
2026-08-03T07:32:03+08:00,37175, 100;
2026-08-03T07:32:04+08:00,37175, 100;
2026-08-03T07:32:05+08:00,37175, 100;
2026-08-03T07:32:06+08:00,37175, 100;
2026-08-03T07:32:07+08:00,37175, 100;
2026-08-03T07:32:08+08:00,37175, 100;
2026-08-03T07:32:09+08:00,37175, 100;
2026-08-03T07:32:10+08:00,37175, 100;
2026-08-03T07:32:11+08:00,37175, 100;
2026-08-03T07:32:12+08:00,37175, 100;
2026-08-03T07:32:13+08:00,37175, 100;
2026-08-03T07:32:14+08:00,37175, 100;
2026-08-03T07:32:15+08:00,37175, 100;
2026-08-03T07:32:16+08:00,37175, 100;
2026-08-03T07:32:17+08:00,37175, 100;
2026-08-03T07:32:18+08:00,37175, 100;
2026-08-03T07:32:19+08:00,37175, 100;
2026-08-03T07:32:20+08:00,37175, 100;
2026-08-03T07:32:21+08:00,37175, 100;
2026-08-03T07:32:22+08:00,37175, 100;
2026-08-03T07:32:23+08:00,37175, 100;
2026-08-03T07:32:24+08:00,37175, 100;
2026-08-03T07:32:25+08:00,37175, 100;
2026-08-03T07:32:27+08:00,37175, 100;
2026-08-03T07:32:28+08:00,37175, 100;
2026-08-03T07:32:29+08:00,37175, 100;
2026-08-03T07:32:30+08:00,37175, 100;
2026-08-03T07:32:31+08:00,37175, 100;
2026-08-03T07:32:32+08:00,37175, 100;
2026-08-03T07:32:33+08:00,37175, 100;
2026-08-03T07:32:34+08:00,37175, 100;
2026-08-03T07:32:35+08:00,37175, 100;
2026-08-03T07:32:36+08:00,37175, 100;
2026-08-03T07:32:37+08:00,37175, 100;
2026-08-03T07:32:38+08:00,37175, 100;
2026-08-03T07:32:39+08:00,37175, 100;
2026-08-03T07:32:40+08:00,37175, 100;
2026-08-03T07:32:41+08:00,37175, 100;
2026-08-03T07:32:42+08:00,37175, 100;
2026-08-03T07:32:43+08:00,37175, 100;
2026-08-03T07:32:44+08:00,37175, 100;
2026-08-03T07:32:45+08:00,37175, 100;
2026-08-03T07:32:46+08:00,37175, 100;
2026-08-03T07:32:47+08:00,37175, 100;
2026-08-03T07:32:48+08:00,37175, 100;
2026-08-03T07:32:49+08:00,37175, 100;
2026-08-03T07:32:50+08:00,37175, 100;
2026-08-03T07:32:51+08:00,37175, 100;
2026-08-03T07:32:52+08:00,37175, 100;
2026-08-03T07:32:54+08:00,37175, 100;
2026-08-03T07:32:55+08:00,37175, 100;
2026-08-03T07:32:56+08:00,37175, 100;
2026-08-03T07:32:57+08:00,37175, 100;
2026-08-03T07:32:58+08:00,37175, 100;
2026-08-03T07:32:59+08:00,37175, 100;
2026-08-03T07:33:00+08:00,37175, 100;
2026-08-03T07:33:01+08:00,37175, 100;
2026-08-03T07:33:02+08:00,37175, 100;
2026-08-03T07:33:03+08:00,37175, 100;
2026-08-03T07:33:04+08:00,37175, 100;
2026-08-03T07:33:05+08:00,37175, 100;
2026-08-03T07:33:06+08:00,37175, 100;
2026-08-03T07:33:07+08:00,37175, 100;
2026-08-03T07:33:08+08:00,37175, 100;
2026-08-03T07:33:09+08:00,37175, 100;
2026-08-03T07:33:10+08:00,37175, 100;
2026-08-03T07:33:11+08:00,37175, 100;
2026-08-03T07:33:12+08:00,37175, 100;
2026-08-03T07:33:13+08:00,37175, 100;
2026-08-03T07:33:14+08:00,37175, 100;
2026-08-03T07:33:15+08:00,37175, 100;
2026-08-03T07:33:16+08:00,37175, 100;
2026-08-03T07:33:17+08:00,37175, 100;
2026-08-03T07:33:18+08:00,37175, 100;
2026-08-03T07:33:19+08:00,37175, 100;
2026-08-03T07:33:21+08:00,37175, 100;
2026-08-03T07:33:22+08:00,37175, 100;
2026-08-03T07:33:23+08:00,37175, 100;
2026-08-03T07:33:24+08:00,37175, 100;
2026-08-03T07:33:25+08:00,37175, 100;
2026-08-03T07:33:26+08:00,37175, 100;
2026-08-03T07:33:27+08:00,37175, 100;
2026-08-03T07:33:28+08:00,37175, 100;
2026-08-03T07:33:29+08:00,37175, 100;
2026-08-03T07:33:30+08:00,37175, 100;
2026-08-03T07:33:31+08:00,37175, 100;
2026-08-03T07:33:32+08:00,37175, 100;
2026-08-03T07:33:33+08:00,37175, 100;
2026-08-03T07:33:34+08:00,37175, 100;
2026-08-03T07:33:35+08:00,37175, 100;
2026-08-03T07:33:36+08:00,37175, 100;
2026-08-03T07:33:37+08:00,37175, 100;
2026-08-03T07:33:38+08:00,37175, 100;
2026-08-03T07:33:39+08:00,37175, 100;
2026-08-03T07:33:40+08:00,37175, 100;
2026-08-03T07:33:41+08:00,37175, 100;
2026-08-03T07:33:42+08:00,37175, 100;
2026-08-03T07:33:43+08:00,37175, 100;
2026-08-03T07:33:44+08:00,37175, 100;
2026-08-03T07:33:45+08:00,37175, 100;
2026-08-03T07:33:47+08:00,37175, 100;
2026-08-03T07:33:48+08:00,37175, 100;
2026-08-03T07:33:49+08:00,37175, 100;
2026-08-03T07:33:50+08:00,37175, 100;
2026-08-03T07:33:51+08:00,37175, 100;
2026-08-03T07:33:52+08:00,37175, 100;
2026-08-03T07:33:53+08:00,37175, 100;
2026-08-03T07:33:54+08:00,37175, 100;
2026-08-03T07:33:55+08:00,37175, 100;
2026-08-03T07:33:56+08:00,37175, 100;
2026-08-03T07:33:57+08:00,37175, 100;
2026-08-03T07:33:58+08:00,37175, 100;
2026-08-03T07:33:59+08:00,37175, 100;
2026-08-03T07:34:00+08:00,37175, 100;
2026-08-03T07:34:01+08:00,37175, 100;
2026-08-03T07:34:02+08:00,37175, 100;
2026-08-03T07:34:03+08:00,37175, 100;
2026-08-03T07:34:04+08:00,37175, 100;
2026-08-03T07:34:05+08:00,37175, 100;
2026-08-03T07:34:06+08:00,37175, 100;
2026-08-03T07:34:07+08:00,37175, 100;
2026-08-03T07:34:08+08:00,37175, 100;
2026-08-03T07:34:09+08:00,37175, 100;
2026-08-03T07:34:10+08:00,37175, 100;
2026-08-03T07:34:11+08:00,37175, 100;
2026-08-03T07:34:12+08:00,37175, 100;
2026-08-03T07:34:14+08:00,37175, 100;
2026-08-03T07:34:15+08:00,37175, 100;
2026-08-03T07:34:16+08:00,37175, 100;
2026-08-03T07:34:17+08:00,37175, 100;
2026-08-03T07:34:18+08:00,37175, 100;
2026-08-03T07:34:19+08:00,37175, 100;
2026-08-03T07:34:20+08:00,37175, 100;
2026-08-03T07:34:21+08:00,37175, 100;
2026-08-03T07:34:22+08:00,37175, 100;
2026-08-03T07:34:23+08:00,37175, 100;
2026-08-03T07:34:24+08:00,37175, 100;
2026-08-03T07:34:25+08:00,37175, 100;
2026-08-03T07:34:26+08:00,37175, 100;
2026-08-03T07:34:27+08:00,37175, 100;
2026-08-03T07:34:28+08:00,37175, 100;
2026-08-03T07:34:29+08:00,37175, 100;
2026-08-03T07:34:30+08:00,37175, 100;
2026-08-03T07:34:31+08:00,37175, 100;
2026-08-03T07:34:32+08:00,37175, 100;
2026-08-03T07:34:33+08:00,37175, 100;
2026-08-03T07:34:34+08:00,37175, 100;
2026-08-03T07:34:35+08:00,37175, 100;
2026-08-03T07:34:36+08:00,37175, 100;
2026-08-03T07:34:37+08:00,37175, 100;
2026-08-03T07:34:38+08:00,37175, 100;
2026-08-03T07:34:39+08:00,37175, 100;
2026-08-03T07:34:41+08:00,37175, 100;
2026-08-03T07:34:42+08:00,37175, 100;
2026-08-03T07:34:43+08:00,37175, 100;
2026-08-03T07:34:44+08:00,37175, 100;
2026-08-03T07:34:45+08:00,37175, 100;
2026-08-03T07:34:46+08:00,37175, 100;
2026-08-03T07:34:47+08:00,37175, 100;
2026-08-03T07:34:48+08:00,37175, 100;
2026-08-03T07:34:49+08:00,37175, 100;
2026-08-03T07:34:50+08:00,37175, 100;
2026-08-03T07:34:51+08:00,37175, 100;
2026-08-03T07:34:52+08:00,37175, 100;
2026-08-03T07:34:53+08:00,37175, 100;
2026-08-03T07:34:54+08:00,37175, 100;
2026-08-03T07:34:55+08:00,37175, 100;
2026-08-03T07:34:56+08:00,37175, 100;
2026-08-03T07:34:57+08:00,37175, 100;
2026-08-03T07:34:58+08:00,37175, 100;
2026-08-03T07:34:59+08:00,37175, 100;
2026-08-03T07:35:00+08:00,37175, 100;
2026-08-03T07:35:01+08:00,37175, 100;
2026-08-03T07:35:02+08:00,37175, 100;
2026-08-03T07:35:03+08:00,37175, 100;
2026-08-03T07:35:04+08:00,37175, 100;
2026-08-03T07:35:05+08:00,37175, 100;
2026-08-03T07:35:06+08:00,37175, 100;
2026-08-03T07:35:07+08:00,37175, 100;
2026-08-03T07:35:09+08:00,37175, 100;
2026-08-03T07:35:10+08:00,37175, 100;
2026-08-03T07:35:11+08:00,37175, 100;
2026-08-03T07:35:12+08:00,37175, 100;
2026-08-03T07:35:13+08:00,37175, 100;
2026-08-03T07:35:14+08:00,37175, 100;
2026-08-03T07:35:15+08:00,37175, 100;
2026-08-03T07:35:16+08:00,37175, 100;
2026-08-03T07:35:17+08:00,37175, 100;
2026-08-03T07:35:18+08:00,37175, 100;
2026-08-03T07:35:19+08:00,37175, 100;
2026-08-03T07:35:20+08:00,37175, 100;
2026-08-03T07:35:21+08:00,37175, 100;
2026-08-03T07:35:22+08:00,37175, 100;
2026-08-03T07:35:23+08:00,37175, 100;
2026-08-03T07:35:24+08:00,37175, 100;
2026-08-03T07:35:25+08:00,37175, 100;
2026-08-03T07:35:26+08:00,37175, 100;
2026-08-03T07:35:27+08:00,37175, 100;
2026-08-03T07:35:28+08:00,37175, 100;
2026-08-03T07:35:29+08:00,37175, 100;
2026-08-03T07:35:30+08:00,37175, 100;
2026-08-03T07:35:31+08:00,37175, 100;
2026-08-03T07:35:32+08:00,37175, 100;
2026-08-03T07:35:33+08:00,37175, 100;
2026-08-03T07:35:34+08:00,37175, 100;
2026-08-03T07:35:36+08:00,37175, 100;
2026-08-03T07:35:37+08:00,37175, 100;
2026-08-03T07:35:38+08:00,37175, 100;
2026-08-03T07:35:39+08:00,37175, 100;
2026-08-03T07:35:40+08:00,37175, 100;
2026-08-03T07:35:41+08:00,37175, 100;
2026-08-03T07:35:42+08:00,37175, 100;
2026-08-03T07:35:43+08:00,37175, 100;
2026-08-03T07:35:44+08:00,37175, 100;
2026-08-03T07:35:45+08:00,37175, 100;
2026-08-03T07:35:46+08:00,37175, 100;
2026-08-03T07:35:47+08:00,37175, 100;
2026-08-03T07:35:48+08:00,37175, 100;
2026-08-03T07:35:49+08:00,37175, 100;
2026-08-03T07:35:50+08:00,37175, 100;
2026-08-03T07:35:51+08:00,37175, 100;
2026-08-03T07:35:52+08:00,37175, 100;
2026-08-03T07:35:53+08:00,37175, 100;
2026-08-03T07:35:54+08:00,37175, 100;
2026-08-03T07:35:55+08:00,37175, 100;
2026-08-03T07:35:56+08:00,37175, 100;
2026-08-03T07:35:57+08:00,37175, 100;
2026-08-03T07:35:58+08:00,37175, 100;
2026-08-03T07:35:59+08:00,37175, 100;
2026-08-03T07:36:00+08:00,37175, 100;
2026-08-03T07:36:02+08:00,37175, 0;
2026-08-03T07:36:03+08:00,37175, 0;
2026-08-03T07:36:04+08:00,37175, 100;
2026-08-03T07:36:05+08:00,37175, 100;
2026-08-03T07:36:06+08:00,37175, 100;
2026-08-03T07:36:07+08:00,37175, 100;
2026-08-03T07:36:08+08:00,37175, 100;
2026-08-03T07:36:09+08:00,37175, 100;
2026-08-03T07:36:10+08:00,37175, 100;
2026-08-03T07:36:11+08:00,37175, 100;
2026-08-03T07:36:12+08:00,37175, 100;
2026-08-03T07:36:13+08:00,37175, 100;
2026-08-03T07:36:14+08:00,37175, 100;
2026-08-03T07:36:15+08:00,37175, 100;
2026-08-03T07:36:16+08:00,37175, 100;
2026-08-03T07:36:17+08:00,37175, 100;
2026-08-03T07:36:18+08:00,37175, 100;
2026-08-03T07:36:19+08:00,37175, 100;
2026-08-03T07:36:20+08:00,37175, 100;
2026-08-03T07:36:21+08:00,37175, 100;
2026-08-03T07:36:22+08:00,37175, 100;
2026-08-03T07:36:23+08:00,37175, 100;
2026-08-03T07:36:24+08:00,37175, 100;
2026-08-03T07:36:25+08:00,37175, 100;
2026-08-03T07:36:26+08:00,37175, 100;
2026-08-03T07:36:27+08:00,37175, 100;
2026-08-03T07:36:28+08:00,37175, 100;
2026-08-03T07:36:30+08:00,37175, 100;
2026-08-03T07:36:31+08:00,37175, 100;
2026-08-03T07:36:32+08:00,37175, 100;
2026-08-03T07:36:33+08:00,37175, 100;
2026-08-03T07:36:34+08:00,37175, 100;
2026-08-03T07:36:35+08:00,37175, 100;
2026-08-03T07:36:36+08:00,37175, 100;
2026-08-03T07:36:37+08:00,37175, 100;
2026-08-03T07:36:38+08:00,37175, 100;
2026-08-03T07:36:39+08:00,37175, 100;
2026-08-03T07:36:40+08:00,37175, 100;
2026-08-03T07:36:41+08:00,37175, 100;
2026-08-03T07:36:42+08:00,37175, 100;
2026-08-03T07:36:43+08:00,37175, 100;
2026-08-03T07:36:44+08:00,37175, 100;
2026-08-03T07:36:45+08:00,37175, 100;
2026-08-03T07:36:46+08:00,37175, 100;
2026-08-03T07:36:47+08:00,37175, 100;
2026-08-03T07:36:48+08:00,37175, 100;
2026-08-03T07:36:49+08:00,37175, 100;
2026-08-03T07:36:50+08:00,37175, 100;
2026-08-03T07:36:51+08:00,37175, 100;
2026-08-03T07:36:52+08:00,37175, 100;
2026-08-03T07:36:53+08:00,37175, 100;
2026-08-03T07:36:54+08:00,37175, 100;
2026-08-03T07:36:55+08:00,37175, 100;
2026-08-03T07:36:56+08:00,37175, 100;
2026-08-03T07:36:57+08:00,37175, 100;
2026-08-03T07:36:58+08:00,37175, 100;
2026-08-03T07:37:00+08:00,37175, 100;
2026-08-03T07:37:01+08:00,37175, 100;
2026-08-03T07:37:02+08:00,37175, 100;
2026-08-03T07:37:03+08:00,37175, 100;
2026-08-03T07:37:04+08:00,37175, 100;
2026-08-03T07:37:05+08:00,37175, 100;
2026-08-03T07:37:06+08:00,37175, 100;
2026-08-03T07:37:07+08:00,37175, 100;
2026-08-03T07:37:08+08:00,37175, 100;
2026-08-03T07:37:09+08:00,37175, 100;
2026-08-03T07:37:10+08:00,37175, 100;
2026-08-03T07:37:11+08:00,37175, 100;
2026-08-03T07:37:12+08:00,37175, 100;
2026-08-03T07:37:13+08:00,37175, 100;
2026-08-03T07:37:14+08:00,37175, 100;
2026-08-03T07:37:15+08:00,37175, 100;
2026-08-03T07:37:16+08:00,37175, 100;
2026-08-03T07:37:17+08:00,37175, 100;
2026-08-03T07:37:18+08:00,37175, 100;
2026-08-03T07:37:19+08:00,37175, 100;
2026-08-03T07:37:20+08:00,37175, 100;
2026-08-03T07:37:21+08:00,37175, 100;
2026-08-03T07:37:22+08:00,37175, 100;
2026-08-03T07:37:23+08:00,37175, 100;
2026-08-03T07:37:24+08:00,37175, 100;
2026-08-03T07:37:25+08:00,37175, 100;
2026-08-03T07:37:26+08:00,37175, 100;
2026-08-03T07:37:27+08:00,37175, 100;
2026-08-03T07:37:29+08:00,37175, 100;
2026-08-03T07:37:30+08:00,37175, 100;
2026-08-03T07:37:31+08:00,37175, 100;
2026-08-03T07:37:32+08:00,37175, 100;
2026-08-03T07:37:33+08:00,37175, 100;
2026-08-03T07:37:34+08:00,37175, 100;
2026-08-03T07:37:35+08:00,37175, 100;
2026-08-03T07:37:36+08:00,37175, 100;
2026-08-03T07:37:37+08:00,37175, 100;
2026-08-03T07:37:38+08:00,37175, 100;
2026-08-03T07:37:39+08:00,37175, 100;
2026-08-03T07:37:40+08:00,37175, 100;
2026-08-03T07:37:41+08:00,37175, 100;
2026-08-03T07:37:42+08:00,37175, 100;
2026-08-03T07:37:43+08:00,37175, 100;
2026-08-03T07:37:44+08:00,37175, 100;
2026-08-03T07:37:45+08:00,37175, 100;
2026-08-03T07:37:46+08:00,37175, 100;
2026-08-03T07:37:47+08:00,37175, 100;
2026-08-03T07:37:48+08:00,37175, 100;
2026-08-03T07:37:49+08:00,37175, 100;
2026-08-03T07:37:50+08:00,37175, 100;
2026-08-03T07:37:51+08:00,37175, 100;
2026-08-03T07:37:52+08:00,37175, 100;
2026-08-03T07:37:53+08:00,37175, 100;
2026-08-03T07:37:54+08:00,37175, 100;
2026-08-03T07:37:55+08:00,37175, 100;
2026-08-03T07:37:56+08:00,37175, 100;
2026-08-03T07:37:57+08:00,37175, 100;
2026-08-03T07:37:59+08:00,37175, 100;
2026-08-03T07:38:00+08:00,37175, 100;
2026-08-03T07:38:01+08:00,37175, 100;
2026-08-03T07:38:02+08:00,37175, 100;
2026-08-03T07:38:03+08:00,37175, 100;
2026-08-03T07:38:04+08:00,37175, 100;
2026-08-03T07:38:05+08:00,37175, 100;
2026-08-03T07:38:06+08:00,37175, 100;
2026-08-03T07:38:07+08:00,37175, 100;
2026-08-03T07:38:08+08:00,37175, 100;
2026-08-03T07:38:09+08:00,37175, 100;
2026-08-03T07:38:10+08:00,37175, 100;
2026-08-03T07:38:11+08:00,37175, 100;
2026-08-03T07:38:12+08:00,37175, 100;
2026-08-03T07:38:13+08:00,37175, 100;
2026-08-03T07:38:14+08:00,37175, 100;
2026-08-03T07:38:15+08:00,37175, 100;
2026-08-03T07:38:16+08:00,37175, 100;
2026-08-03T07:38:17+08:00,37175, 100;
2026-08-03T07:38:18+08:00,37175, 100;
2026-08-03T07:38:19+08:00,37175, 100;
2026-08-03T07:38:20+08:00,37175, 100;
2026-08-03T07:38:21+08:00,37175, 100;
2026-08-03T07:38:22+08:00,37175, 100;
2026-08-03T07:38:23+08:00,37175, 100;
2026-08-03T07:38:24+08:00,37175, 100;
2026-08-03T07:38:25+08:00,37175, 100;
2026-08-03T07:38:26+08:00,37175, 100;
2026-08-03T07:38:27+08:00,37175, 100;
2026-08-03T07:38:29+08:00,37175, 100;
2026-08-03T07:38:30+08:00,37175, 100;
2026-08-03T07:38:31+08:00,37175, 100;
2026-08-03T07:38:32+08:00,37175, 100;
2026-08-03T07:38:33+08:00,37175, 100;
2026-08-03T07:38:34+08:00,37175, 100;
2026-08-03T07:38:35+08:00,37175, 100;
2026-08-03T07:38:36+08:00,37175, 100;
2026-08-03T07:38:37+08:00,37175, 100;
2026-08-03T07:38:38+08:00,37175, 100;
2026-08-03T07:38:39+08:00,37175, 100;
2026-08-03T07:38:40+08:00,37175, 100;
2026-08-03T07:38:41+08:00,37175, 100;
2026-08-03T07:38:42+08:00,37175, 100;
2026-08-03T07:38:43+08:00,37175, 100;
2026-08-03T07:38:44+08:00,37175, 100;
2026-08-03T07:38:45+08:00,37175, 100;
2026-08-03T07:38:46+08:00,37175, 100;
2026-08-03T07:38:47+08:00,37175, 100;
2026-08-03T07:38:48+08:00,37175, 100;
2026-08-03T07:38:49+08:00,37175, 100;
2026-08-03T07:38:50+08:00,37175, 100;
2026-08-03T07:38:51+08:00,37175, 100;
2026-08-03T07:38:52+08:00,37175, 100;
2026-08-03T07:38:53+08:00,37175, 100;
2026-08-03T07:38:54+08:00,37175, 100;
2026-08-03T07:38:55+08:00,37175, 100;
2026-08-03T07:38:56+08:00,37175, 100;
2026-08-03T07:38:57+08:00,37175, 100;
2026-08-03T07:38:59+08:00,37175, 100;
2026-08-03T07:39:00+08:00,37175, 100;
2026-08-03T07:39:01+08:00,37175, 100;
2026-08-03T07:39:02+08:00,37175, 100;
2026-08-03T07:39:03+08:00,37175, 100;
2026-08-03T07:39:04+08:00,37175, 100;
2026-08-03T07:39:05+08:00,37175, 100;
2026-08-03T07:39:06+08:00,37175, 100;
2026-08-03T07:39:07+08:00,37175, 100;
2026-08-03T07:39:08+08:00,37175, 100;
2026-08-03T07:39:09+08:00,37175, 100;
2026-08-03T07:39:10+08:00,37175, 100;
2026-08-03T07:39:11+08:00,37175, 100;
2026-08-03T07:39:12+08:00,37175, 100;
2026-08-03T07:39:13+08:00,37175, 100;
2026-08-03T07:39:14+08:00,37175, 100;
2026-08-03T07:39:15+08:00,37175, 100;
2026-08-03T07:39:16+08:00,37175, 100;
2026-08-03T07:39:17+08:00,37175, 100;
2026-08-03T07:39:18+08:00,37175, 100;
2026-08-03T07:39:19+08:00,37175, 100;
2026-08-03T07:39:20+08:00,37175, 100;
2026-08-03T07:39:21+08:00,37175, 100;
2026-08-03T07:39:22+08:00,37175, 100;
2026-08-03T07:39:23+08:00,37175, 100;
2026-08-03T07:39:24+08:00,37175, 100;
2026-08-03T07:39:25+08:00,37175, 100;
2026-08-03T07:39:26+08:00,37175, 100;
2026-08-03T07:39:28+08:00,37175, 100;
2026-08-03T07:39:29+08:00,37175, 100;
2026-08-03T07:39:30+08:00,37175, 100;
2026-08-03T07:39:31+08:00,37175, 100;
2026-08-03T07:39:32+08:00,37175, 100;
2026-08-03T07:39:33+08:00,37175, 100;
2026-08-03T07:39:34+08:00,37175, 100;
2026-08-03T07:39:35+08:00,37175, 100;
2026-08-03T07:39:36+08:00,37175, 100;
2026-08-03T07:39:37+08:00,37175, 100;
2026-08-03T07:39:38+08:00,37175, 100;
2026-08-03T07:39:39+08:00,37175, 100;
2026-08-03T07:39:40+08:00,37175, 100;
2026-08-03T07:39:41+08:00,37175, 100;
2026-08-03T07:39:42+08:00,37175, 100;
2026-08-03T07:39:43+08:00,37175, 100;
2026-08-03T07:39:44+08:00,37175, 100;
2026-08-03T07:39:45+08:00,37175, 100;
2026-08-03T07:39:46+08:00,37175, 100;
2026-08-03T07:39:47+08:00,37175, 100;
2026-08-03T07:39:48+08:00,37175, 100;
2026-08-03T07:39:49+08:00,37175, 100;
2026-08-03T07:39:50+08:00,37175, 100;
2026-08-03T07:39:51+08:00,37175, 100;
2026-08-03T07:39:52+08:00,37175, 100;
2026-08-03T07:39:53+08:00,37175, 100;
2026-08-03T07:39:54+08:00,37175, 100;
2026-08-03T07:39:55+08:00,37175, 100;
2026-08-03T07:39:56+08:00,37175, 100;
2026-08-03T07:39:58+08:00,37175, 100;
2026-08-03T07:39:59+08:00,37175, 100;
2026-08-03T07:40:00+08:00,37175, 100;
2026-08-03T07:40:01+08:00,37175, 100;
2026-08-03T07:40:02+08:00,37175, 100;
2026-08-03T07:40:03+08:00,37175, 100;
2026-08-03T07:40:04+08:00,37175, 100;
2026-08-03T07:40:05+08:00,37175, 100;
2026-08-03T07:40:06+08:00,37175, 100;
2026-08-03T07:40:07+08:00,37175, 100;
2026-08-03T07:40:08+08:00,37175, 100;
2026-08-03T07:40:09+08:00,37175, 100;
2026-08-03T07:40:10+08:00,37175, 100;
2026-08-03T07:40:11+08:00,37175, 100;
2026-08-03T07:40:12+08:00,37175, 100;
2026-08-03T07:40:13+08:00,37175, 100;
2026-08-03T07:40:14+08:00,37175, 100;
2026-08-03T07:40:15+08:00,37175, 100;
2026-08-03T07:40:16+08:00,37175, 100;
2026-08-03T07:40:17+08:00,37175, 100;
2026-08-03T07:40:18+08:00,37175, 100;
2026-08-03T07:40:19+08:00,37175, 100;
2026-08-03T07:40:20+08:00,37175, 100;
2026-08-03T07:40:21+08:00,37175, 100;
2026-08-03T07:40:22+08:00,37175, 100;
2026-08-03T07:40:23+08:00,37175, 100;
2026-08-03T07:40:24+08:00,37175, 100;
2026-08-03T07:40:25+08:00,37175, 100;
2026-08-03T07:40:27+08:00,37175, 100;
2026-08-03T07:40:28+08:00,37175, 100;
2026-08-03T07:40:29+08:00,37175, 100;
2026-08-03T07:40:30+08:00,37175, 100;
2026-08-03T07:40:31+08:00,37175, 100;
2026-08-03T07:40:32+08:00,37175, 100;
2026-08-03T07:40:33+08:00,37175, 100;
2026-08-03T07:40:34+08:00,37175, 100;
2026-08-03T07:40:35+08:00,37175, 100;
2026-08-03T07:40:36+08:00,37175, 100;
2026-08-03T07:40:37+08:00,37175, 100;
2026-08-03T07:40:38+08:00,37175, 100;
2026-08-03T07:40:39+08:00,37175, 100;
2026-08-03T07:40:40+08:00,37175, 100;
2026-08-03T07:40:41+08:00,37175, 100;
2026-08-03T07:40:42+08:00,37175, 100;
2026-08-03T07:40:43+08:00,37175, 100;
2026-08-03T07:40:44+08:00,37175, 100;
2026-08-03T07:40:45+08:00,37175, 100;
2026-08-03T07:40:46+08:00,37175, 100;
2026-08-03T07:40:47+08:00,37175, 100;
2026-08-03T07:40:48+08:00,37175, 100;
2026-08-03T07:40:49+08:00,37175, 100;
2026-08-03T07:40:50+08:00,37175, 100;
2026-08-03T07:40:51+08:00,37175, 100;
2026-08-03T07:40:52+08:00,37175, 100;
2026-08-03T07:40:53+08:00,37175, 100;
2026-08-03T07:40:54+08:00,37175, 100;
2026-08-03T07:40:55+08:00,37175, 100;
2026-08-03T07:40:57+08:00,37175, 100;
2026-08-03T07:40:58+08:00,37175, 100;
2026-08-03T07:40:59+08:00,37175, 100;
2026-08-03T07:41:00+08:00,37175, 100;
2026-08-03T07:41:01+08:00,37175, 100;
2026-08-03T07:41:02+08:00,37175, 100;
2026-08-03T07:41:03+08:00,37175, 100;
2026-08-03T07:41:04+08:00,37175, 100;
2026-08-03T07:41:05+08:00,37175, 100;
2026-08-03T07:41:06+08:00,37175, 100;
2026-08-03T07:41:07+08:00,37175, 100;
2026-08-03T07:41:08+08:00,37175, 100;
2026-08-03T07:41:09+08:00,37175, 100;
2026-08-03T07:41:10+08:00,37175, 100;
2026-08-03T07:41:11+08:00,37175, 100;
2026-08-03T07:41:12+08:00,37175, 100;
2026-08-03T07:41:13+08:00,37175, 100;
2026-08-03T07:41:14+08:00,37175, 100;
2026-08-03T07:41:15+08:00,37175, 100;
2026-08-03T07:41:16+08:00,37175, 100;
2026-08-03T07:41:17+08:00,37175, 100;
2026-08-03T07:41:18+08:00,37175, 100;
2026-08-03T07:41:19+08:00,37175, 100;
2026-08-03T07:41:20+08:00,37175, 100;
2026-08-03T07:41:21+08:00,37175, 100;
2026-08-03T07:41:22+08:00,37175, 100;
2026-08-03T07:41:23+08:00,37175, 100;
2026-08-03T07:41:24+08:00,37175, 100;
2026-08-03T07:41:25+08:00,37175, 100;
2026-08-03T07:41:27+08:00,37175, 100;
2026-08-03T07:41:28+08:00,37175, 100;
2026-08-03T07:41:29+08:00,37175, 100;
2026-08-03T07:41:30+08:00,37175, 100;
2026-08-03T07:41:31+08:00,37175, 100;
2026-08-03T07:41:32+08:00,37175, 100;
2026-08-03T07:41:33+08:00,37175, 100;
2026-08-03T07:41:34+08:00,37175, 100;
2026-08-03T07:41:35+08:00,37175, 100;
2026-08-03T07:41:36+08:00,37175, 100;
2026-08-03T07:41:37+08:00,37175, 100;
2026-08-03T07:41:38+08:00,37175, 100;
2026-08-03T07:41:39+08:00,37175, 100;
2026-08-03T07:41:40+08:00,37175, 100;
2026-08-03T07:41:41+08:00,37175, 100;
2026-08-03T07:41:42+08:00,37175, 100;
2026-08-03T07:41:43+08:00,37175, 100;
2026-08-03T07:41:44+08:00,37175, 100;
2026-08-03T07:41:45+08:00,37175, 100;
2026-08-03T07:41:46+08:00,37175, 100;
2026-08-03T07:41:47+08:00,37175, 100;
2026-08-03T07:41:48+08:00,37175, 100;
2026-08-03T07:41:49+08:00,37175, 100;
2026-08-03T07:41:50+08:00,37175, 100;
2026-08-03T07:41:51+08:00,37175, 100;
2026-08-03T07:41:52+08:00,37175, 100;
2026-08-03T07:41:53+08:00,37175, 100;
2026-08-03T07:41:54+08:00,37175, 100;
2026-08-03T07:41:56+08:00,37175, 100;
2026-08-03T07:41:57+08:00,37175, 100;
2026-08-03T07:41:58+08:00,37175, 100;
2026-08-03T07:41:59+08:00,37175, 100;
2026-08-03T07:42:00+08:00,37175, 100;
2026-08-03T07:42:01+08:00,37175, 100;
2026-08-03T07:42:02+08:00,37175, 100;
2026-08-03T07:42:03+08:00,37175, 100;
2026-08-03T07:42:04+08:00,37175, 100;
2026-08-03T07:42:05+08:00,37175, 100;
2026-08-03T07:42:06+08:00,37175, 100;
2026-08-03T07:42:07+08:00,37175, 100;
2026-08-03T07:42:08+08:00,37175, 100;
2026-08-03T07:42:09+08:00,37175, 100;
2026-08-03T07:42:10+08:00,37175, 100;
2026-08-03T07:42:11+08:00,37175, 100;
2026-08-03T07:42:12+08:00,37175, 100;
2026-08-03T07:42:13+08:00,37175, 100;
2026-08-03T07:42:14+08:00,37175, 100;
2026-08-03T07:42:15+08:00,37175, 100;
2026-08-03T07:42:16+08:00,37175, 100;
2026-08-03T07:42:17+08:00,37175, 100;
2026-08-03T07:42:18+08:00,37175, 100;
2026-08-03T07:42:19+08:00,37175, 100;
2026-08-03T07:42:20+08:00,37175, 100;
2026-08-03T07:42:21+08:00,37175, 100;
2026-08-03T07:42:22+08:00,37175, 100;
2026-08-03T07:42:23+08:00,37175, 100;
2026-08-03T07:42:24+08:00,37175, 100;
2026-08-03T07:42:26+08:00,37175, 100;
2026-08-03T07:42:27+08:00,37175, 100;
2026-08-03T07:42:28+08:00,37175, 100;
2026-08-03T07:42:29+08:00,37175, 100;
2026-08-03T07:42:30+08:00,37175, 100;
2026-08-03T07:42:31+08:00,37175, 100;
2026-08-03T07:42:32+08:00,37175, 100;
2026-08-03T07:42:33+08:00,37175, 100;
2026-08-03T07:42:34+08:00,37175, 100;
2026-08-03T07:42:35+08:00,37175, 100;
2026-08-03T07:42:36+08:00,37175, 100;
2026-08-03T07:42:37+08:00,37175, 100;
2026-08-03T07:42:38+08:00,37175, 100;
2026-08-03T07:42:39+08:00,37175, 100;
2026-08-03T07:42:40+08:00,37175, 100;
2026-08-03T07:42:41+08:00,37175, 100;
2026-08-03T07:42:42+08:00,37175, 100;
2026-08-03T07:42:43+08:00,37175, 100;
2026-08-03T07:42:44+08:00,37175, 100;
2026-08-03T07:42:45+08:00,37175, 100;
2026-08-03T07:42:46+08:00,37175, 100;
2026-08-03T07:42:47+08:00,37175, 100;
2026-08-03T07:42:48+08:00,37175, 100;
2026-08-03T07:42:49+08:00,37175, 100;
2026-08-03T07:42:50+08:00,37175, 100;
2026-08-03T07:42:51+08:00,37175, 100;
2026-08-03T07:42:52+08:00,37175, 100;
2026-08-03T07:42:53+08:00,37175, 100;
2026-08-03T07:42:54+08:00,37175, 100;
2026-08-03T07:42:56+08:00,37175, 100;
2026-08-03T07:42:57+08:00,37175, 100;
2026-08-03T07:42:58+08:00,37175, 100;
2026-08-03T07:42:59+08:00,37175, 100;
2026-08-03T07:43:00+08:00,37175, 100;
2026-08-03T07:43:01+08:00,37175, 100;
2026-08-03T07:43:02+08:00,37175, 100;
2026-08-03T07:43:03+08:00,37175, 100;
2026-08-03T07:43:04+08:00,37175, 100;
2026-08-03T07:43:05+08:00,37175, 100;
2026-08-03T07:43:06+08:00,37175, 100;
2026-08-03T07:43:07+08:00,37175, 100;
2026-08-03T07:43:08+08:00,37175, 100;
2026-08-03T07:43:09+08:00,37175, 100;
2026-08-03T07:43:10+08:00,37175, 100;
2026-08-03T07:43:11+08:00,37175, 100;
2026-08-03T07:43:12+08:00,37175, 100;
2026-08-03T07:43:13+08:00,37175, 100;
2026-08-03T07:43:14+08:00,37175, 100;
2026-08-03T07:43:15+08:00,37175, 100;
2026-08-03T07:43:16+08:00,37175, 100;
2026-08-03T07:43:17+08:00,37175, 100;
2026-08-03T07:43:18+08:00,37175, 100;
2026-08-03T07:43:19+08:00,37175, 100;
2026-08-03T07:43:20+08:00,37175, 100;
2026-08-03T07:43:21+08:00,37175, 100;
2026-08-03T07:43:22+08:00,37175, 100;
2026-08-03T07:43:23+08:00,37175, 100;
2026-08-03T07:43:24+08:00,37175, 100;
2026-08-03T07:43:26+08:00,37175, 100;
2026-08-03T07:43:27+08:00,37175, 100;
2026-08-03T07:43:28+08:00,37175, 100;
2026-08-03T07:43:29+08:00,37175, 100;
2026-08-03T07:43:30+08:00,37175, 100;
2026-08-03T07:43:31+08:00,37175, 100;
2026-08-03T07:43:32+08:00,37175, 100;
2026-08-03T07:43:33+08:00,37175, 100;
2026-08-03T07:43:34+08:00,37175, 100;
2026-08-03T07:43:35+08:00,37175, 100;
2026-08-03T07:43:36+08:00,37175, 100;
2026-08-03T07:43:37+08:00,37175, 100;
2026-08-03T07:43:38+08:00,37175, 100;
2026-08-03T07:43:39+08:00,37175, 100;
2026-08-03T07:43:40+08:00,37175, 100;
2026-08-03T07:43:41+08:00,37175, 100;
2026-08-03T07:43:42+08:00,37175, 100;
2026-08-03T07:43:43+08:00,37175, 100;
2026-08-03T07:43:44+08:00,37175, 100;
2026-08-03T07:43:45+08:00,37175, 100;
2026-08-03T07:43:46+08:00,37175, 100;
2026-08-03T07:43:47+08:00,37175, 100;
2026-08-03T07:43:48+08:00,37175, 100;
2026-08-03T07:43:49+08:00,37175, 100;
2026-08-03T07:43:50+08:00,37175, 100;
2026-08-03T07:43:51+08:00,37175, 100;
2026-08-03T07:43:52+08:00,37175, 100;
2026-08-03T07:43:53+08:00,37175, 100;
2026-08-03T07:43:54+08:00,37175, 100;
2026-08-03T07:43:56+08:00,37175, 100;
2026-08-03T07:43:57+08:00,37175, 100;
2026-08-03T07:43:58+08:00,37175, 100;
2026-08-03T07:43:59+08:00,37175, 100;
2026-08-03T07:44:00+08:00,37175, 100;
2026-08-03T07:44:01+08:00,37175, 100;
2026-08-03T07:44:02+08:00,37175, 100;
2026-08-03T07:44:03+08:00,37175, 100;
2026-08-03T07:44:04+08:00,37175, 100;
2026-08-03T07:44:05+08:00,37175, 100;
2026-08-03T07:44:06+08:00,37175, 100;
2026-08-03T07:44:07+08:00,37175, 100;
2026-08-03T07:44:08+08:00,37175, 100;
2026-08-03T07:44:09+08:00,37175, 100;
2026-08-03T07:44:10+08:00,37175, 100;
2026-08-03T07:44:11+08:00,37175, 100;
2026-08-03T07:44:12+08:00,37175, 100;
2026-08-03T07:44:13+08:00,37175, 100;
2026-08-03T07:44:14+08:00,37175, 100;
2026-08-03T07:44:15+08:00,37175, 100;
2026-08-03T07:44:16+08:00,37175, 100;
2026-08-03T07:44:17+08:00,37175, 100;
2026-08-03T07:44:18+08:00,37175, 100;
2026-08-03T07:44:19+08:00,37175, 100;
2026-08-03T07:44:20+08:00,37175, 100;
2026-08-03T07:44:21+08:00,37175, 100;
2026-08-03T07:44:22+08:00,37175, 100;
2026-08-03T07:44:23+08:00,37175, 100;
2026-08-03T07:44:25+08:00,37175, 100;
2026-08-03T07:44:26+08:00,37175, 100;
2026-08-03T07:44:27+08:00,37175, 100;
2026-08-03T07:44:28+08:00,37175, 100;
2026-08-03T07:44:29+08:00,37175, 100;
2026-08-03T07:44:30+08:00,37175, 100;
2026-08-03T07:44:31+08:00,37175, 100;
2026-08-03T07:44:32+08:00,37175, 100;
2026-08-03T07:44:33+08:00,37175, 100;
2026-08-03T07:44:34+08:00,37175, 100;
2026-08-03T07:44:35+08:00,37175, 100;
2026-08-03T07:44:36+08:00,37175, 100;
2026-08-03T07:44:37+08:00,37175, 100;
2026-08-03T07:44:38+08:00,37175, 100;
2026-08-03T07:44:39+08:00,37175, 100;
2026-08-03T07:44:40+08:00,37175, 100;
2026-08-03T07:44:41+08:00,37175, 100;
2026-08-03T07:44:42+08:00,37175, 100;
2026-08-03T07:44:43+08:00,37175, 100;
2026-08-03T07:44:44+08:00,37175, 100;
2026-08-03T07:44:45+08:00,37175, 100;
2026-08-03T07:44:46+08:00,37175, 100;
2026-08-03T07:44:47+08:00,37175, 100;
2026-08-03T07:44:48+08:00,37175, 100;
2026-08-03T07:44:49+08:00,37175, 100;
2026-08-03T07:44:50+08:00,37175, 100;
2026-08-03T07:44:51+08:00,37175, 100;
2026-08-03T07:44:52+08:00,37175, 100;
2026-08-03T07:44:53+08:00,37175, 100;
2026-08-03T07:44:55+08:00,37175, 100;
2026-08-03T07:44:56+08:00,37175, 100;
2026-08-03T07:44:57+08:00,37175, 100;
2026-08-03T07:44:58+08:00,37175, 100;
2026-08-03T07:44:59+08:00,37175, 100;
2026-08-03T07:45:00+08:00,37175, 100;
2026-08-03T07:45:01+08:00,37175, 100;
2026-08-03T07:45:02+08:00,37175, 100;
2026-08-03T07:45:03+08:00,37175, 100;
2026-08-03T07:45:04+08:00,37175, 100;
2026-08-03T07:45:05+08:00,37175, 100;
2026-08-03T07:45:06+08:00,37175, 100;
2026-08-03T07:45:07+08:00,37175, 100;
2026-08-03T07:45:08+08:00,37175, 100;
2026-08-03T07:45:09+08:00,37175, 100;
2026-08-03T07:45:10+08:00,37175, 100;
2026-08-03T07:45:11+08:00,37175, 100;
2026-08-03T07:45:12+08:00,37175, 100;
2026-08-03T07:45:13+08:00,37175, 100;
2026-08-03T07:45:14+08:00,37175, 100;
2026-08-03T07:45:15+08:00,37175, 100;
2026-08-03T07:45:16+08:00,37175, 100;
2026-08-03T07:45:17+08:00,37175, 100;
2026-08-03T07:45:18+08:00,37175, 100;
2026-08-03T07:45:19+08:00,37175, 100;
2026-08-03T07:45:20+08:00,37175, 100;
2026-08-03T07:45:21+08:00,37175, 100;
2026-08-03T07:45:22+08:00,37175, 100;
2026-08-03T07:45:24+08:00,37175, 100;
2026-08-03T07:45:25+08:00,37175, 100;
2026-08-03T07:45:26+08:00,37175, 100;
2026-08-03T07:45:27+08:00,37175, 100;
2026-08-03T07:45:28+08:00,37175, 100;
2026-08-03T07:45:29+08:00,37175, 100;
2026-08-03T07:45:30+08:00,37175, 100;
2026-08-03T07:45:31+08:00,37175, 100;
2026-08-03T07:45:32+08:00,37175, 100;
2026-08-03T07:45:33+08:00,37175, 100;
2026-08-03T07:45:34+08:00,37175, 100;
2026-08-03T07:45:35+08:00,37175, 100;
2026-08-03T07:45:36+08:00,37175, 100;
2026-08-03T07:45:37+08:00,37175, 100;
2026-08-03T07:45:38+08:00,37175, 100;
2026-08-03T07:45:39+08:00,37175, 100;
2026-08-03T07:45:40+08:00,37175, 100;
2026-08-03T07:45:41+08:00,37175, 100;
2026-08-03T07:45:42+08:00,37175, 100;
2026-08-03T07:45:43+08:00,37175, 100;
2026-08-03T07:45:44+08:00,37175, 100;
2026-08-03T07:45:45+08:00,37175, 100;
2026-08-03T07:45:46+08:00,37175, 100;
2026-08-03T07:45:47+08:00,37175, 100;
2026-08-03T07:45:48+08:00,37175, 100;
2026-08-03T07:45:49+08:00,37175, 100;
2026-08-03T07:45:50+08:00,37175, 100;
2026-08-03T07:45:51+08:00,37175, 100;
2026-08-03T07:45:52+08:00,37175, 100;
2026-08-03T07:45:54+08:00,37175, 100;
2026-08-03T07:45:55+08:00,37175, 100;
2026-08-03T07:45:56+08:00,37175, 100;
2026-08-03T07:45:57+08:00,37175, 100;
2026-08-03T07:45:58+08:00,37175, 100;
2026-08-03T07:45:59+08:00,37175, 100;
2026-08-03T07:46:00+08:00,37175, 100;
2026-08-03T07:46:01+08:00,37175, 100;
2026-08-03T07:46:02+08:00,37175, 100;
2026-08-03T07:46:03+08:00,37175, 100;
2026-08-03T07:46:04+08:00,37175, 100;
2026-08-03T07:46:05+08:00,37175, 100;
2026-08-03T07:46:06+08:00,37175, 100;
2026-08-03T07:46:07+08:00,37175, 100;
2026-08-03T07:46:08+08:00,37175, 100;
2026-08-03T07:46:09+08:00,37175, 100;
2026-08-03T07:46:10+08:00,37175, 100;
2026-08-03T07:46:11+08:00,37175, 100;
2026-08-03T07:46:12+08:00,37175, 100;
2026-08-03T07:46:13+08:00,37175, 100;
2026-08-03T07:46:14+08:00,37175, 100;
2026-08-03T07:46:15+08:00,37175, 100;
2026-08-03T07:46:16+08:00,37175, 100;
2026-08-03T07:46:17+08:00,37175, 100;
2026-08-03T07:46:18+08:00,37175, 100;
2026-08-03T07:46:19+08:00,37175, 100;
2026-08-03T07:46:20+08:00,37175, 100;
2026-08-03T07:46:22+08:00,37175, 100;
2026-08-03T07:46:23+08:00,37175, 100;
2026-08-03T07:46:24+08:00,37175, 100;
2026-08-03T07:46:25+08:00,37175, 100;
2026-08-03T07:46:26+08:00,37175, 100;
2026-08-03T07:46:27+08:00,37175, 100;
2026-08-03T07:46:28+08:00,37175, 100;
2026-08-03T07:46:29+08:00,37175, 100;
2026-08-03T07:46:30+08:00,37175, 100;
2026-08-03T07:46:31+08:00,37175, 100;
2026-08-03T07:46:32+08:00,37175, 100;
2026-08-03T07:46:33+08:00,37175, 100;
2026-08-03T07:46:34+08:00,37175, 100;
2026-08-03T07:46:35+08:00,37175, 100;
2026-08-03T07:46:36+08:00,37175, 100;
2026-08-03T07:46:37+08:00,37175, 100;
2026-08-03T07:46:38+08:00,37175, 100;
2026-08-03T07:46:39+08:00,37175, 100;
2026-08-03T07:46:40+08:00,37175, 100;
2026-08-03T07:46:41+08:00,37175, 100;
2026-08-03T07:46:42+08:00,37175, 100;
2026-08-03T07:46:43+08:00,37175, 100;
2026-08-03T07:46:44+08:00,37175, 100;
2026-08-03T07:46:45+08:00,37175, 100;
2026-08-03T07:46:46+08:00,37175, 100;
2026-08-03T07:46:47+08:00,37175, 100;
2026-08-03T07:46:48+08:00,37175, 100;
2026-08-03T07:46:50+08:00,37175, 100;
2026-08-03T07:46:51+08:00,37175, 100;
2026-08-03T07:46:52+08:00,37175, 100;
2026-08-03T07:46:53+08:00,37175, 100;
2026-08-03T07:46:54+08:00,37175, 100;
2026-08-03T07:46:55+08:00,37175, 100;
2026-08-03T07:46:56+08:00,37175, 100;
2026-08-03T07:46:57+08:00,37175, 100;
2026-08-03T07:46:58+08:00,37175, 100;
2026-08-03T07:46:59+08:00,37175, 100;
2026-08-03T07:47:00+08:00,37175, 100;
2026-08-03T07:47:01+08:00,37175, 100;
2026-08-03T07:47:02+08:00,37175, 100;
2026-08-03T07:47:03+08:00,37175, 100;
2026-08-03T07:47:04+08:00,37175, 100;
2026-08-03T07:47:05+08:00,37175, 100;
2026-08-03T07:47:06+08:00,37175, 100;
2026-08-03T07:47:07+08:00,37175, 100;
2026-08-03T07:47:08+08:00,37175, 100;
2026-08-03T07:47:09+08:00,37175, 100;
2026-08-03T07:47:10+08:00,37175, 100;
2026-08-03T07:47:11+08:00,37175, 100;
2026-08-03T07:47:12+08:00,37175, 100;
2026-08-03T07:47:13+08:00,37175, 100;
2026-08-03T07:47:14+08:00,37175, 100;
2026-08-03T07:47:15+08:00,37175, 100;
2026-08-03T07:47:17+08:00,37175, 100;
2026-08-03T07:47:18+08:00,37175, 100;
2026-08-03T07:47:19+08:00,37175, 100;
2026-08-03T07:47:20+08:00,37175, 100;
2026-08-03T07:47:21+08:00,37175, 100;
2026-08-03T07:47:22+08:00,37175, 100;
2026-08-03T07:47:23+08:00,37175, 100;
2026-08-03T07:47:24+08:00,37175, 100;
2026-08-03T07:47:25+08:00,37175, 100;
2026-08-03T07:47:26+08:00,37175, 100;
2026-08-03T07:47:27+08:00,37175, 100;
2026-08-03T07:47:28+08:00,37175, 100;
2026-08-03T07:47:29+08:00,37175, 100;
2026-08-03T07:47:30+08:00,37175, 100;
2026-08-03T07:47:31+08:00,37175, 100;
2026-08-03T07:47:32+08:00,37175, 100;
2026-08-03T07:47:33+08:00,37175, 100;
2026-08-03T07:47:34+08:00,37175, 100;
2026-08-03T07:47:35+08:00,37175, 100;
2026-08-03T07:47:36+08:00,37175, 100;
2026-08-03T07:47:37+08:00,37175, 100;
2026-08-03T07:47:38+08:00,37175, 100;
2026-08-03T07:47:39+08:00,37175, 100;
2026-08-03T07:47:40+08:00,37175, 100;
2026-08-03T07:47:41+08:00,37175, 100;
2026-08-03T07:47:42+08:00,37175, 100;
2026-08-03T07:47:44+08:00,37175, 100;
2026-08-03T07:47:45+08:00,37175, 100;
2026-08-03T07:47:46+08:00,37175, 100;
2026-08-03T07:47:47+08:00,37175, 100;
2026-08-03T07:47:48+08:00,37175, 100;
2026-08-03T07:47:49+08:00,37175, 100;
2026-08-03T07:47:50+08:00,37175, 100;
2026-08-03T07:47:51+08:00,37175, 100;
2026-08-03T07:47:52+08:00,37175, 100;
2026-08-03T07:47:53+08:00,37175, 100;
2026-08-03T07:47:54+08:00,37175, 100;
2026-08-03T07:47:55+08:00,37175, 100;
2026-08-03T07:47:56+08:00,37175, 100;
2026-08-03T07:47:57+08:00,37175, 100;
2026-08-03T07:47:58+08:00,37175, 100;
2026-08-03T07:47:59+08:00,37175, 100;
2026-08-03T07:48:00+08:00,37175, 100;
2026-08-03T07:48:01+08:00,37175, 100;
2026-08-03T07:48:02+08:00,37175, 100;
2026-08-03T07:48:03+08:00,37175, 100;
2026-08-03T07:48:04+08:00,37175, 100;
2026-08-03T07:48:05+08:00,37175, 100;
2026-08-03T07:48:06+08:00,37175, 100;
2026-08-03T07:48:07+08:00,37175, 100;
2026-08-03T07:48:08+08:00,37175, 100;
2026-08-03T07:48:09+08:00,37175, 100;
2026-08-03T07:48:10+08:00,37175, 100;
2026-08-03T07:48:12+08:00,37175, 100;
2026-08-03T07:48:13+08:00,37175, 100;
2026-08-03T07:48:14+08:00,37175, 100;
2026-08-03T07:48:15+08:00,37175, 100;
2026-08-03T07:48:16+08:00,37175, 100;
2026-08-03T07:48:17+08:00,37175, 100;
2026-08-03T07:48:18+08:00,37175, 100;
2026-08-03T07:48:19+08:00,37175, 100;
2026-08-03T07:48:20+08:00,37175, 100;
2026-08-03T07:48:21+08:00,37175, 100;
2026-08-03T07:48:22+08:00,37175, 100;
2026-08-03T07:48:23+08:00,37175, 100;
2026-08-03T07:48:24+08:00,37175, 100;
2026-08-03T07:48:25+08:00,37175, 100;
2026-08-03T07:48:26+08:00,37175, 100;
2026-08-03T07:48:27+08:00,37175, 100;
2026-08-03T07:48:28+08:00,37175, 100;
2026-08-03T07:48:29+08:00,37175, 100;
2026-08-03T07:48:30+08:00,37175, 100;
2026-08-03T07:48:31+08:00,37175, 100;
2026-08-03T07:48:32+08:00,37175, 100;
2026-08-03T07:48:33+08:00,37175, 100;
2026-08-03T07:48:34+08:00,37175, 100;
2026-08-03T07:48:35+08:00,37175, 100;
2026-08-03T07:48:36+08:00,37175, 100;
2026-08-03T07:48:37+08:00,37175, 100;
2026-08-03T07:48:39+08:00,37175, 100;
2026-08-03T07:48:40+08:00,37175, 100;
2026-08-03T07:48:41+08:00,37175, 100;
2026-08-03T07:48:42+08:00,37175, 100;
2026-08-03T07:48:43+08:00,37175, 100;
2026-08-03T07:48:44+08:00,37175, 100;
2026-08-03T07:48:45+08:00,37175, 100;
2026-08-03T07:48:46+08:00,37175, 100;
2026-08-03T07:48:47+08:00,37175, 100;
2026-08-03T07:48:48+08:00,37175, 100;
2026-08-03T07:48:49+08:00,37175, 100;
2026-08-03T07:48:50+08:00,37175, 100;
2026-08-03T07:48:51+08:00,37175, 100;
2026-08-03T07:48:52+08:00,37175, 100;
2026-08-03T07:48:53+08:00,37175, 100;
2026-08-03T07:48:54+08:00,37175, 100;
2026-08-03T07:48:55+08:00,37175, 100;
2026-08-03T07:48:56+08:00,37175, 100;
2026-08-03T07:48:57+08:00,37175, 100;
2026-08-03T07:48:58+08:00,37175, 100;
2026-08-03T07:48:59+08:00,37175, 100;
2026-08-03T07:49:00+08:00,37175, 100;
2026-08-03T07:49:01+08:00,37175, 100;
2026-08-03T07:49:02+08:00,37175, 100;
2026-08-03T07:49:03+08:00,37175, 100;
2026-08-03T07:49:05+08:00,37175, 100;
2026-08-03T07:49:06+08:00,37175, 100;
2026-08-03T07:49:07+08:00,37175, 100;
2026-08-03T07:49:08+08:00,37175, 100;
2026-08-03T07:49:09+08:00,37175, 100;
2026-08-03T07:49:10+08:00,37175, 100;
2026-08-03T07:49:11+08:00,37175, 100;
2026-08-03T07:49:12+08:00,37175, 100;
2026-08-03T07:49:13+08:00,37175, 100;
2026-08-03T07:49:14+08:00,37175, 100;
2026-08-03T07:49:15+08:00,37175, 100;
2026-08-03T07:49:16+08:00,37175, 100;
2026-08-03T07:49:17+08:00,37175, 100;
2026-08-03T07:49:18+08:00,37175, 100;
2026-08-03T07:49:19+08:00,37175, 100;
2026-08-03T07:49:20+08:00,37175, 100;
2026-08-03T07:49:21+08:00,37175, 100;
2026-08-03T07:49:22+08:00,37175, 100;
2026-08-03T07:49:23+08:00,37175, 100;
2026-08-03T07:49:24+08:00,37175, 100;
2026-08-03T07:49:25+08:00,37175, 100;
2026-08-03T07:49:26+08:00,37175, 100;
2026-08-03T07:49:27+08:00,37175, 100;
2026-08-03T07:49:28+08:00,37175, 100;
2026-08-03T07:49:29+08:00,37175, 100;
2026-08-03T07:49:30+08:00,37175, 100;
2026-08-03T07:49:32+08:00,37175, 100;
2026-08-03T07:49:33+08:00,37175, 100;
2026-08-03T07:49:34+08:00,37175, 100;
2026-08-03T07:49:35+08:00,37175, 100;
2026-08-03T07:49:36+08:00,37175, 100;
2026-08-03T07:49:37+08:00,37175, 100;
2026-08-03T07:49:38+08:00,37175, 100;
2026-08-03T07:49:39+08:00,37175, 100;
2026-08-03T07:49:40+08:00,37175, 100;
2026-08-03T07:49:41+08:00,37175, 100;
2026-08-03T07:49:42+08:00,37175, 100;
2026-08-03T07:49:43+08:00,37175, 100;
2026-08-03T07:49:44+08:00,37175, 100;
2026-08-03T07:49:45+08:00,37175, 100;
2026-08-03T07:49:46+08:00,37175, 100;
2026-08-03T07:49:47+08:00,37175, 100;
2026-08-03T07:49:48+08:00,37175, 100;
2026-08-03T07:49:49+08:00,37175, 100;
2026-08-03T07:49:50+08:00,37175, 100;
2026-08-03T07:49:51+08:00,37175, 100;
2026-08-03T07:49:52+08:00,37175, 100;
2026-08-03T07:49:53+08:00,37175, 100;
2026-08-03T07:49:54+08:00,37175, 100;
2026-08-03T07:49:55+08:00,37175, 100;
2026-08-03T07:49:56+08:00,37175, 100;
2026-08-03T07:49:57+08:00,37175, 100;
2026-08-03T07:49:59+08:00,37175, 100;
2026-08-03T07:50:00+08:00,37175, 100;
2026-08-03T07:50:01+08:00,37175, 100;
2026-08-03T07:50:02+08:00,37175, 100;
2026-08-03T07:50:03+08:00,37175, 100;
2026-08-03T07:50:04+08:00,37175, 100;
2026-08-03T07:50:05+08:00,37175, 100;
2026-08-03T07:50:06+08:00,37175, 100;
2026-08-03T07:50:07+08:00,37175, 100;
2026-08-03T07:50:08+08:00,37175, 100;
2026-08-03T07:50:09+08:00,37175, 100;
2026-08-03T07:50:10+08:00,37175, 100;
2026-08-03T07:50:11+08:00,37175, 100;
2026-08-03T07:50:12+08:00,37175, 100;
2026-08-03T07:50:13+08:00,37175, 100;
2026-08-03T07:50:14+08:00,37175, 100;
2026-08-03T07:50:15+08:00,37175, 100;
2026-08-03T07:50:16+08:00,37175, 100;
2026-08-03T07:50:17+08:00,37175, 100;
2026-08-03T07:50:18+08:00,37175, 100;
2026-08-03T07:50:19+08:00,37175, 100;
2026-08-03T07:50:20+08:00,37175, 100;
2026-08-03T07:50:21+08:00,37175, 100;
2026-08-03T07:50:22+08:00,37175, 100;
2026-08-03T07:50:23+08:00,37175, 100;
2026-08-03T07:50:24+08:00,37175, 100;
2026-08-03T07:50:26+08:00,37175, 100;
2026-08-03T07:50:27+08:00,37175, 100;
2026-08-03T07:50:28+08:00,37175, 100;
2026-08-03T07:50:29+08:00,37175, 100;
2026-08-03T07:50:30+08:00,37175, 100;
2026-08-03T07:50:31+08:00,37175, 100;
2026-08-03T07:50:32+08:00,37175, 100;
2026-08-03T07:50:33+08:00,37175, 100;
2026-08-03T07:50:34+08:00,37175, 100;
2026-08-03T07:50:35+08:00,37175, 100;
2026-08-03T07:50:36+08:00,37175, 100;
2026-08-03T07:50:37+08:00,37175, 100;
2026-08-03T07:50:38+08:00,37175, 100;
2026-08-03T07:50:39+08:00,37175, 100;
2026-08-03T07:50:40+08:00,37175, 100;
2026-08-03T07:50:41+08:00,37175, 100;
2026-08-03T07:50:42+08:00,37175, 100;
2026-08-03T07:50:43+08:00,37175, 100;
2026-08-03T07:50:44+08:00,37175, 100;
2026-08-03T07:50:45+08:00,37175, 100;
2026-08-03T07:50:46+08:00,37175, 100;
2026-08-03T07:50:47+08:00,37175, 100;
2026-08-03T07:50:48+08:00,37175, 100;
2026-08-03T07:50:49+08:00,37175, 100;
2026-08-03T07:50:50+08:00,37175, 100;
2026-08-03T07:50:51+08:00,37175, 100;
2026-08-03T07:50:53+08:00,37175, 100;
2026-08-03T07:50:54+08:00,37175, 100;
2026-08-03T07:50:55+08:00,37175, 100;
2026-08-03T07:50:56+08:00,37175, 100;
2026-08-03T07:50:57+08:00,37175, 100;
2026-08-03T07:50:58+08:00,37175, 100;
2026-08-03T07:50:59+08:00,37175, 100;
2026-08-03T07:51:00+08:00,37175, 100;
2026-08-03T07:51:01+08:00,37175, 100;
2026-08-03T07:51:02+08:00,37175, 100;
2026-08-03T07:51:03+08:00,37175, 100;
2026-08-03T07:51:04+08:00,37175, 100;
2026-08-03T07:51:05+08:00,37175, 100;
2026-08-03T07:51:06+08:00,37175, 100;
2026-08-03T07:51:07+08:00,37175, 100;
2026-08-03T07:51:08+08:00,37175, 100;
2026-08-03T07:51:09+08:00,37175, 100;
2026-08-03T07:51:10+08:00,37175, 100;
2026-08-03T07:51:11+08:00,37175, 100;
2026-08-03T07:51:12+08:00,37175, 100;
2026-08-03T07:51:13+08:00,37175, 100;
2026-08-03T07:51:14+08:00,37175, 100;
2026-08-03T07:51:15+08:00,37175, 100;
2026-08-03T07:51:16+08:00,37175, 100;
2026-08-03T07:51:17+08:00,37175, 100;
2026-08-03T07:51:18+08:00,37175, 100;
2026-08-03T07:51:20+08:00,37175, 100;
2026-08-03T07:51:21+08:00,37175, 100;
2026-08-03T07:51:22+08:00,37175, 100;
2026-08-03T07:51:23+08:00,37175, 100;
2026-08-03T07:51:24+08:00,37175, 100;
2026-08-03T07:51:25+08:00,37175, 100;
2026-08-03T07:51:26+08:00,37175, 100;
2026-08-03T07:51:27+08:00,37175, 100;
2026-08-03T07:51:28+08:00,37175, 100;
2026-08-03T07:51:29+08:00,37175, 100;
2026-08-03T07:51:30+08:00,37175, 100;
2026-08-03T07:51:31+08:00,37175, 100;
2026-08-03T07:51:32+08:00,37175, 100;
2026-08-03T07:51:33+08:00,37175, 100;
2026-08-03T07:51:34+08:00,37175, 100;
2026-08-03T07:51:35+08:00,37175, 100;
2026-08-03T07:51:36+08:00,37175, 100;
2026-08-03T07:51:37+08:00,37175, 100;
2026-08-03T07:51:38+08:00,37175, 100;
2026-08-03T07:51:39+08:00,37175, 100;
2026-08-03T07:51:40+08:00,37175, 100;
2026-08-03T07:51:41+08:00,37175, 100;
2026-08-03T07:51:42+08:00,37175, 100;
2026-08-03T07:51:43+08:00,37175, 100;
2026-08-03T07:51:44+08:00,37175, 100;
2026-08-03T07:51:45+08:00,37175, 100;
2026-08-03T07:51:47+08:00,37175, 100;
2026-08-03T07:51:48+08:00,37175, 100;
2026-08-03T07:51:49+08:00,37175, 100;
2026-08-03T07:51:50+08:00,37175, 100;
2026-08-03T07:51:51+08:00,37175, 100;
2026-08-03T07:51:52+08:00,37175, 100;
2026-08-03T07:51:53+08:00,37175, 100;
2026-08-03T07:51:54+08:00,37175, 100;
2026-08-03T07:51:55+08:00,37175, 100;
2026-08-03T07:51:56+08:00,37175, 100;
2026-08-03T07:51:57+08:00,37175, 100;
2026-08-03T07:51:58+08:00,37175, 100;
2026-08-03T07:51:59+08:00,37175, 100;
2026-08-03T07:52:00+08:00,37175, 100;
2026-08-03T07:52:01+08:00,37175, 100;
2026-08-03T07:52:02+08:00,37175, 100;
2026-08-03T07:52:03+08:00,37175, 100;
2026-08-03T07:52:04+08:00,37175, 100;
2026-08-03T07:52:05+08:00,37175, 100;
2026-08-03T07:52:06+08:00,37175, 100;
2026-08-03T07:52:07+08:00,37175, 100;
2026-08-03T07:52:08+08:00,37175, 100;
2026-08-03T07:52:09+08:00,37175, 100;
2026-08-03T07:52:10+08:00,37175, 100;
2026-08-03T07:52:11+08:00,37175, 100;
2026-08-03T07:52:12+08:00,37175, 100;
2026-08-03T07:52:14+08:00,37175, 100;
2026-08-03T07:52:15+08:00,37175, 100;
2026-08-03T07:52:16+08:00,37175, 100;
2026-08-03T07:52:17+08:00,37175, 100;
2026-08-03T07:52:18+08:00,37175, 100;
2026-08-03T07:52:19+08:00,37175, 100;
2026-08-03T07:52:20+08:00,37175, 100;
2026-08-03T07:52:21+08:00,37175, 100;
2026-08-03T07:52:22+08:00,37175, 100;
2026-08-03T07:52:23+08:00,37175, 100;
2026-08-03T07:52:24+08:00,37175, 100;
2026-08-03T07:52:25+08:00,37175, 100;
2026-08-03T07:52:26+08:00,37175, 100;
2026-08-03T07:52:27+08:00,37175, 100;
2026-08-03T07:52:28+08:00,37175, 100;
2026-08-03T07:52:29+08:00,37175, 100;
2026-08-03T07:52:30+08:00,37175, 100;
2026-08-03T07:52:31+08:00,37175, 100;
2026-08-03T07:52:32+08:00,37175, 100;
2026-08-03T07:52:33+08:00,37175, 100;
2026-08-03T07:52:34+08:00,37175, 100;
2026-08-03T07:52:35+08:00,37175, 100;
2026-08-03T07:52:36+08:00,37175, 100;
2026-08-03T07:52:37+08:00,37175, 100;
2026-08-03T07:52:38+08:00,37175, 100;
2026-08-03T07:52:39+08:00,37175, 100;
2026-08-03T07:52:41+08:00,37175, 100;
2026-08-03T07:52:42+08:00,37175, 100;
2026-08-03T07:52:43+08:00,37175, 100;
2026-08-03T07:52:44+08:00,37175, 100;
2026-08-03T07:52:45+08:00,37175, 100;
2026-08-03T07:52:46+08:00,37175, 100;
2026-08-03T07:52:47+08:00,37175, 100;
2026-08-03T07:52:48+08:00,37175, 100;
2026-08-03T07:52:49+08:00,37175, 100;
2026-08-03T07:52:50+08:00,37175, 100;
2026-08-03T07:52:51+08:00,37175, 100;
2026-08-03T07:52:52+08:00,37175, 100;
2026-08-03T07:52:53+08:00,37175, 100;
2026-08-03T07:52:54+08:00,37175, 100;
2026-08-03T07:52:55+08:00,37175, 100;
2026-08-03T07:52:56+08:00,37175, 100;
2026-08-03T07:52:57+08:00,37175, 100;
2026-08-03T07:52:58+08:00,37175, 100;
2026-08-03T07:52:59+08:00,37175, 100;
2026-08-03T07:53:00+08:00,37175, 100;
2026-08-03T07:53:01+08:00,37175, 100;
2026-08-03T07:53:02+08:00,37175, 100;
2026-08-03T07:53:03+08:00,37175, 100;
2026-08-03T07:53:04+08:00,37175, 100;
2026-08-03T07:53:05+08:00,37175, 100;
2026-08-03T07:53:06+08:00,37175, 100;
2026-08-03T07:53:07+08:00,37175, 100;
2026-08-03T07:53:09+08:00,37175, 100;
2026-08-03T07:53:10+08:00,37175, 100;
2026-08-03T07:53:11+08:00,37175, 100;
2026-08-03T07:53:12+08:00,37175, 100;
2026-08-03T07:53:13+08:00,37175, 100;
2026-08-03T07:53:14+08:00,37175, 100;
2026-08-03T07:53:15+08:00,37175, 100;
2026-08-03T07:53:16+08:00,37175, 100;
2026-08-03T07:53:17+08:00,37175, 100;
2026-08-03T07:53:18+08:00,37175, 100;
2026-08-03T07:53:19+08:00,37175, 100;
2026-08-03T07:53:20+08:00,37175, 100;
2026-08-03T07:53:21+08:00,37175, 100;
2026-08-03T07:53:22+08:00,37175, 100;
2026-08-03T07:53:23+08:00,37175, 100;
2026-08-03T07:53:24+08:00,37175, 100;
2026-08-03T07:53:25+08:00,37175, 100;
2026-08-03T07:53:26+08:00,37175, 100;
2026-08-03T07:53:27+08:00,37175, 100;
2026-08-03T07:53:28+08:00,37175, 100;
2026-08-03T07:53:29+08:00,37175, 100;
2026-08-03T07:53:30+08:00,37175, 100;
2026-08-03T07:53:31+08:00,37175, 100;
2026-08-03T07:53:32+08:00,37175, 100;
2026-08-03T07:53:33+08:00,37175, 100;
2026-08-03T07:53:34+08:00,37175, 100;
2026-08-03T07:53:36+08:00,37175, 100;
2026-08-03T07:53:37+08:00,37175, 100;
2026-08-03T07:53:38+08:00,37175, 100;
2026-08-03T07:53:39+08:00,37175, 100;
2026-08-03T07:53:40+08:00,37175, 100;
2026-08-03T07:53:41+08:00,37175, 100;
2026-08-03T07:53:42+08:00,37175, 100;
2026-08-03T07:53:43+08:00,37175, 100;
2026-08-03T07:53:44+08:00,37175, 100;
2026-08-03T07:53:45+08:00,37175, 100;
2026-08-03T07:53:46+08:00,37175, 100;
2026-08-03T07:53:47+08:00,37175, 100;
2026-08-03T07:53:48+08:00,37175, 100;
2026-08-03T07:53:49+08:00,37175, 100;
2026-08-03T07:53:50+08:00,37175, 100;
2026-08-03T07:53:51+08:00,37175, 100;
2026-08-03T07:53:52+08:00,37175, 100;
2026-08-03T07:53:53+08:00,37175, 100;
2026-08-03T07:53:54+08:00,37175, 100;
2026-08-03T07:53:55+08:00,37175, 100;
2026-08-03T07:53:56+08:00,37175, 100;
2026-08-03T07:53:57+08:00,37175, 100;
2026-08-03T07:53:58+08:00,37175, 100;
2026-08-03T07:53:59+08:00,37175, 100;
2026-08-03T07:54:00+08:00,37175, 100;
2026-08-03T07:54:01+08:00,37175, 100;
2026-08-03T07:54:02+08:00,37175, 100;
2026-08-03T07:54:04+08:00,37175, 100;
2026-08-03T07:54:05+08:00,37175, 100;
2026-08-03T07:54:06+08:00,37175, 100;
2026-08-03T07:54:07+08:00,37175, 100;
2026-08-03T07:54:08+08:00,37175, 100;
2026-08-03T07:54:09+08:00,37175, 100;
2026-08-03T07:54:10+08:00,37175, 100;
2026-08-03T07:54:11+08:00,37175, 100;
2026-08-03T07:54:12+08:00,37175, 100;
2026-08-03T07:54:13+08:00,37175, 100;
2026-08-03T07:54:14+08:00,37175, 100;
2026-08-03T07:54:15+08:00,37175, 100;
2026-08-03T07:54:16+08:00,37175, 100;
2026-08-03T07:54:17+08:00,37175, 100;
2026-08-03T07:54:18+08:00,37175, 100;
2026-08-03T07:54:19+08:00,37175, 100;
2026-08-03T07:54:20+08:00,37175, 100;
2026-08-03T07:54:21+08:00,37175, 100;
2026-08-03T07:54:22+08:00,37175, 100;
2026-08-03T07:54:23+08:00,37175, 100;
2026-08-03T07:54:24+08:00,37175, 100;
2026-08-03T07:54:25+08:00,37175, 100;
2026-08-03T07:54:26+08:00,37175, 100;
2026-08-03T07:54:27+08:00,37175, 100;
2026-08-03T07:54:28+08:00,37175, 100;
2026-08-03T07:54:29+08:00,37175, 100;
2026-08-03T07:54:31+08:00,37175, 100;
2026-08-03T07:54:32+08:00,37175, 100;
2026-08-03T07:54:33+08:00,37175, 100;
2026-08-03T07:54:34+08:00,37175, 100;
2026-08-03T07:54:35+08:00,37175, 100;
2026-08-03T07:54:36+08:00,37175, 100;
2026-08-03T07:54:37+08:00,37175, 100;
2026-08-03T07:54:38+08:00,37175, 100;
2026-08-03T07:54:39+08:00,37175, 100;
2026-08-03T07:54:40+08:00,37175, 100;
2026-08-03T07:54:41+08:00,37175, 100;
2026-08-03T07:54:42+08:00,37175, 100;
2026-08-03T07:54:43+08:00,37175, 100;
2026-08-03T07:54:44+08:00,37175, 100;
2026-08-03T07:54:45+08:00,37175, 100;
2026-08-03T07:54:46+08:00,37175, 100;
2026-08-03T07:54:47+08:00,37175, 100;
2026-08-03T07:54:48+08:00,37175, 100;
2026-08-03T07:54:49+08:00,37175, 100;
2026-08-03T07:54:50+08:00,37175, 100;
2026-08-03T07:54:51+08:00,37175, 100;
2026-08-03T07:54:52+08:00,37175, 100;
2026-08-03T07:54:53+08:00,37175, 100;
2026-08-03T07:54:54+08:00,37175, 100;
2026-08-03T07:54:55+08:00,37175, 100;
2026-08-03T07:54:56+08:00,37175, 100;
2026-08-03T07:54:57+08:00,37175, 100;
2026-08-03T07:54:59+08:00,37175, 100;
2026-08-03T07:55:00+08:00,37175, 100;
2026-08-03T07:55:01+08:00,37175, 100;
2026-08-03T07:55:02+08:00,37175, 100;
2026-08-03T07:55:03+08:00,37175, 100;
2026-08-03T07:55:04+08:00,37175, 100;
2026-08-03T07:55:05+08:00,37175, 100;
2026-08-03T07:55:06+08:00,37175, 100;
2026-08-03T07:55:07+08:00,37175, 100;
2026-08-03T07:55:08+08:00,37175, 100;
2026-08-03T07:55:09+08:00,37175, 100;
2026-08-03T07:55:10+08:00,37175, 100;
2026-08-03T07:55:11+08:00,37175, 100;
2026-08-03T07:55:12+08:00,37175, 100;
2026-08-03T07:55:13+08:00,37175, 100;
2026-08-03T07:55:14+08:00,37175, 100;
2026-08-03T07:55:15+08:00,37175, 100;
2026-08-03T07:55:16+08:00,37175, 100;
2026-08-03T07:55:17+08:00,37175, 100;
2026-08-03T07:55:18+08:00,37175, 100;
2026-08-03T07:55:19+08:00,37175, 100;
2026-08-03T07:55:20+08:00,37175, 100;
2026-08-03T07:55:21+08:00,37175, 100;
2026-08-03T07:55:22+08:00,37175, 100;
2026-08-03T07:55:23+08:00,37175, 100;
2026-08-03T07:55:24+08:00,37175, 100;
2026-08-03T07:55:26+08:00,37175, 100;
2026-08-03T07:55:27+08:00,37175, 100;
2026-08-03T07:55:28+08:00,37175, 100;
2026-08-03T07:55:29+08:00,37175, 100;
2026-08-03T07:55:30+08:00,37175, 100;
2026-08-03T07:55:31+08:00,37175, 100;
2026-08-03T07:55:32+08:00,37175, 100;
2026-08-03T07:55:33+08:00,37175, 100;
2026-08-03T07:55:34+08:00,37175, 100;
2026-08-03T07:55:35+08:00,37175, 100;
2026-08-03T07:55:36+08:00,37175, 100;
2026-08-03T07:55:37+08:00,37175, 100;
2026-08-03T07:55:38+08:00,37175, 100;
2026-08-03T07:55:39+08:00,37175, 100;
2026-08-03T07:55:40+08:00,37175, 100;
2026-08-03T07:55:41+08:00,37175, 100;
2026-08-03T07:55:42+08:00,37175, 100;
2026-08-03T07:55:43+08:00,37175, 100;
2026-08-03T07:55:44+08:00,37175, 100;
2026-08-03T07:55:45+08:00,37175, 100;
2026-08-03T07:55:46+08:00,37175, 100;
2026-08-03T07:55:47+08:00,37175, 100;
2026-08-03T07:55:48+08:00,37175, 100;
2026-08-03T07:55:49+08:00,37175, 100;
2026-08-03T07:55:50+08:00,37175, 100;
2026-08-03T07:55:52+08:00,37175, 100;
2026-08-03T07:55:53+08:00,37175, 100;
2026-08-03T07:55:54+08:00,37175, 100;
2026-08-03T07:55:55+08:00,37175, 100;
2026-08-03T07:55:56+08:00,37175, 100;
2026-08-03T07:55:57+08:00,37175, 100;
2026-08-03T07:55:58+08:00,37175, 100;
2026-08-03T07:55:59+08:00,37175, 100;
2026-08-03T07:56:00+08:00,37175, 100;
2026-08-03T07:56:01+08:00,37175, 100;
2026-08-03T07:56:02+08:00,37175, 100;
2026-08-03T07:56:03+08:00,37175, 100;
2026-08-03T07:56:04+08:00,37175, 100;
2026-08-03T07:56:05+08:00,37175, 100;
2026-08-03T07:56:06+08:00,37175, 100;
2026-08-03T07:56:07+08:00,37175, 100;
2026-08-03T07:56:08+08:00,37175, 100;
2026-08-03T07:56:09+08:00,37175, 100;
2026-08-03T07:56:10+08:00,37175, 100;
2026-08-03T07:56:11+08:00,37175, 100;
2026-08-03T07:56:12+08:00,37175, 100;
2026-08-03T07:56:13+08:00,37175, 100;
2026-08-03T07:56:14+08:00,37175, 100;
2026-08-03T07:56:15+08:00,37175, 100;
2026-08-03T07:56:16+08:00,37175, 100;
2026-08-03T07:56:17+08:00,37175, 100;
2026-08-03T07:56:19+08:00,37175, 100;
2026-08-03T07:56:20+08:00,37175, 100;
2026-08-03T07:56:21+08:00,37175, 100;
2026-08-03T07:56:22+08:00,37175, 100;
2026-08-03T07:56:23+08:00,37175, 100;
2026-08-03T07:56:24+08:00,37175, 100;
2026-08-03T07:56:25+08:00,37175, 100;
2026-08-03T07:56:26+08:00,37175, 100;
2026-08-03T07:56:27+08:00,37175, 100;
2026-08-03T07:56:28+08:00,37175, 100;
2026-08-03T07:56:29+08:00,37175, 100;
2026-08-03T07:56:30+08:00,37175, 100;
2026-08-03T07:56:31+08:00,37175, 100;
2026-08-03T07:56:32+08:00,37175, 100;
2026-08-03T07:56:33+08:00,37175, 100;
2026-08-03T07:56:34+08:00,37175, 100;
2026-08-03T07:56:35+08:00,37175, 100;
2026-08-03T07:56:36+08:00,37175, 100;
2026-08-03T07:56:37+08:00,37175, 100;
2026-08-03T07:56:38+08:00,37175, 100;
2026-08-03T07:56:39+08:00,37175, 100;
2026-08-03T07:56:40+08:00,37175, 100;
2026-08-03T07:56:41+08:00,37175, 100;
2026-08-03T07:56:42+08:00,37175, 100;
2026-08-03T07:56:43+08:00,37175, 100;
2026-08-03T07:56:44+08:00,37175, 100;
2026-08-03T07:56:46+08:00,37175, 100;
2026-08-03T07:56:47+08:00,37175, 100;
2026-08-03T07:56:48+08:00,37175, 100;
2026-08-03T07:56:49+08:00,37175, 100;
2026-08-03T07:56:50+08:00,37175, 100;
2026-08-03T07:56:51+08:00,37175, 100;
2026-08-03T07:56:52+08:00,37175, 100;
2026-08-03T07:56:53+08:00,37175, 100;
2026-08-03T07:56:54+08:00,37175, 100;
2026-08-03T07:56:55+08:00,37175, 100;
2026-08-03T07:56:56+08:00,37175, 100;
2026-08-03T07:56:57+08:00,37175, 100;
2026-08-03T07:56:58+08:00,37175, 100;
2026-08-03T07:56:59+08:00,37175, 100;
2026-08-03T07:57:00+08:00,37175, 100;
2026-08-03T07:57:01+08:00,37175, 100;
2026-08-03T07:57:02+08:00,37175, 100;
2026-08-03T07:57:03+08:00,37175, 100;
2026-08-03T07:57:04+08:00,37175, 100;
2026-08-03T07:57:05+08:00,37175, 100;
2026-08-03T07:57:06+08:00,37175, 100;
2026-08-03T07:57:07+08:00,37175, 100;
2026-08-03T07:57:08+08:00,37175, 100;
2026-08-03T07:57:09+08:00,37175, 100;
2026-08-03T07:57:10+08:00,37175, 100;
2026-08-03T07:57:11+08:00,37175, 100;
2026-08-03T07:57:13+08:00,37175, 100;
2026-08-03T07:57:14+08:00,37175, 100;
2026-08-03T07:57:15+08:00,37175, 100;
2026-08-03T07:57:16+08:00,37175, 100;
2026-08-03T07:57:17+08:00,37175, 100;
2026-08-03T07:57:18+08:00,37175, 100;
2026-08-03T07:57:19+08:00,37175, 100;
2026-08-03T07:57:20+08:00,37175, 100;
2026-08-03T07:57:21+08:00,37175, 100;
2026-08-03T07:57:22+08:00,37175, 100;
2026-08-03T07:57:23+08:00,37175, 100;
2026-08-03T07:57:24+08:00,37175, 100;
2026-08-03T07:57:25+08:00,37175, 100;
2026-08-03T07:57:26+08:00,37175, 100;
2026-08-03T07:57:27+08:00,37175, 100;
2026-08-03T07:57:28+08:00,37175, 100;
2026-08-03T07:57:29+08:00,37175, 100;
2026-08-03T07:57:30+08:00,37175, 100;
2026-08-03T07:57:31+08:00,37175, 100;
2026-08-03T07:57:32+08:00,37175, 100;
2026-08-03T07:57:33+08:00,37175, 100;
2026-08-03T07:57:34+08:00,37175, 100;
2026-08-03T07:57:35+08:00,37175, 100;
2026-08-03T07:57:36+08:00,37175, 100;
2026-08-03T07:57:37+08:00,37175, 100;
2026-08-03T07:57:38+08:00,37175, 100;
2026-08-03T07:57:40+08:00,37175, 100;
2026-08-03T07:57:41+08:00,37175, 100;
2026-08-03T07:57:42+08:00,37175, 100;
2026-08-03T07:57:43+08:00,37175, 100;
2026-08-03T07:57:44+08:00,37175, 100;
2026-08-03T07:57:45+08:00,37175, 100;
2026-08-03T07:57:46+08:00,37175, 100;
2026-08-03T07:57:47+08:00,37175, 100;
2026-08-03T07:57:48+08:00,37175, 100;
2026-08-03T07:57:49+08:00,37175, 100;
2026-08-03T07:57:50+08:00,37175, 100;
2026-08-03T07:57:51+08:00,37175, 100;
2026-08-03T07:57:52+08:00,37175, 100;
2026-08-03T07:57:53+08:00,37175, 100;
2026-08-03T07:57:54+08:00,37175, 100;
2026-08-03T07:57:55+08:00,37175, 100;
2026-08-03T07:57:56+08:00,37175, 100;
2026-08-03T07:57:57+08:00,37175, 100;
2026-08-03T07:57:58+08:00,37175, 100;
2026-08-03T07:57:59+08:00,37175, 100;
2026-08-03T07:58:00+08:00,37175, 100;
2026-08-03T07:58:01+08:00,37175, 100;
2026-08-03T07:58:02+08:00,37175, 100;
2026-08-03T07:58:03+08:00,37175, 100;
2026-08-03T07:58:04+08:00,37175, 100;
2026-08-03T07:58:05+08:00,37175, 100;
2026-08-03T07:58:07+08:00,37175, 100;
2026-08-03T07:58:08+08:00,37175, 100;
2026-08-03T07:58:09+08:00,37175, 100;
2026-08-03T07:58:10+08:00,37175, 100;
2026-08-03T07:58:11+08:00,37175, 100;
2026-08-03T07:58:12+08:00,37175, 100;
2026-08-03T07:58:13+08:00,37175, 100;
2026-08-03T07:58:14+08:00,37175, 100;
2026-08-03T07:58:15+08:00,37175, 100;
2026-08-03T07:58:16+08:00,37175, 100;
2026-08-03T07:58:17+08:00,37175, 100;
2026-08-03T07:58:18+08:00,37175, 100;
2026-08-03T07:58:19+08:00,37175, 100;
2026-08-03T07:58:20+08:00,37175, 100;
2026-08-03T07:58:21+08:00,37175, 100;
2026-08-03T07:58:22+08:00,37175, 100;
2026-08-03T07:58:23+08:00,37175, 100;
2026-08-03T07:58:24+08:00,37175, 100;
2026-08-03T07:58:25+08:00,37175, 100;
2026-08-03T07:58:26+08:00,37175, 100;
2026-08-03T07:58:27+08:00,37175, 100;
2026-08-03T07:58:28+08:00,37175, 100;
2026-08-03T07:58:29+08:00,37175, 100;
2026-08-03T07:58:30+08:00,37175, 100;
2026-08-03T07:58:31+08:00,37175, 100;
2026-08-03T07:58:32+08:00,37175, 100;
2026-08-03T07:58:33+08:00,37175, 100;
2026-08-03T07:58:35+08:00,37175, 100;
2026-08-03T07:58:36+08:00,37175, 100;
2026-08-03T07:58:37+08:00,37175, 100;
2026-08-03T07:58:38+08:00,37175, 100;
2026-08-03T07:58:39+08:00,37175, 100;
2026-08-03T07:58:40+08:00,37175, 100;
2026-08-03T07:58:41+08:00,37175, 100;
2026-08-03T07:58:42+08:00,37175, 100;
2026-08-03T07:58:43+08:00,37175, 100;
2026-08-03T07:58:44+08:00,37175, 100;
2026-08-03T07:58:45+08:00,37175, 100;
2026-08-03T07:58:46+08:00,37175, 100;
2026-08-03T07:58:47+08:00,37175, 100;
2026-08-03T07:58:48+08:00,37175, 100;
2026-08-03T07:58:49+08:00,37175, 100;
2026-08-03T07:58:50+08:00,37175, 100;
2026-08-03T07:58:51+08:00,37175, 100;
2026-08-03T07:58:52+08:00,37175, 100;
2026-08-03T07:58:53+08:00,37175, 100;
2026-08-03T07:58:54+08:00,37175, 100;
2026-08-03T07:58:55+08:00,37175, 100;
2026-08-03T07:58:56+08:00,37175, 100;
2026-08-03T07:58:57+08:00,37175, 100;
2026-08-03T07:58:58+08:00,37175, 100;
2026-08-03T07:58:59+08:00,37175, 100;
2026-08-03T07:59:00+08:00,37175, 100;
2026-08-03T07:59:02+08:00,37175, 100;
2026-08-03T07:59:03+08:00,37175, 100;
2026-08-03T07:59:04+08:00,37175, 0;
2026-08-03T07:59:05+08:00,37175, 0;
2026-08-03T07:59:06+08:00,37175, 0;
2026-08-03T07:59:07+08:00,37175, 100;
2026-08-03T07:59:08+08:00,37175, 100;
2026-08-03T07:59:09+08:00,37175, 100;
2026-08-03T07:59:10+08:00,37175, 100;
2026-08-03T07:59:11+08:00,37175, 100;
2026-08-03T07:59:12+08:00,37175, 100;
2026-08-03T07:59:13+08:00,37175, 100;
2026-08-03T07:59:14+08:00,37175, 100;
2026-08-03T07:59:15+08:00,37175, 100;
2026-08-03T07:59:16+08:00,37175, 100;
2026-08-03T07:59:17+08:00,37175, 100;
2026-08-03T07:59:18+08:00,37175, 100;
2026-08-03T07:59:19+08:00,37175, 100;
2026-08-03T07:59:20+08:00,37175, 100;
2026-08-03T07:59:21+08:00,37175, 100;
2026-08-03T07:59:22+08:00,37175, 100;
2026-08-03T07:59:23+08:00,37175, 100;
2026-08-03T07:59:24+08:00,37175, 100;
2026-08-03T07:59:25+08:00,37175, 100;
2026-08-03T07:59:26+08:00,37175, 100;
2026-08-03T07:59:27+08:00,37175, 100;
2026-08-03T07:59:29+08:00,37175, 100;
2026-08-03T07:59:30+08:00,37175, 100;
2026-08-03T07:59:31+08:00,37175, 100;
2026-08-03T07:59:32+08:00,37175, 100;
2026-08-03T07:59:33+08:00,37175, 100;
2026-08-03T07:59:34+08:00,37175, 100;
2026-08-03T07:59:35+08:00,37175, 100;
2026-08-03T07:59:36+08:00,37175, 100;
2026-08-03T07:59:37+08:00,37175, 100;
2026-08-03T07:59:38+08:00,37175, 100;
2026-08-03T07:59:39+08:00,37175, 100;
2026-08-03T07:59:40+08:00,37175, 100;
2026-08-03T07:59:41+08:00,37175, 100;
2026-08-03T07:59:42+08:00,37175, 100;
2026-08-03T07:59:43+08:00,37175, 100;
2026-08-03T07:59:44+08:00,37175, 100;
2026-08-03T07:59:45+08:00,37175, 100;
2026-08-03T07:59:46+08:00,37175, 100;
2026-08-03T07:59:47+08:00,37175, 100;
2026-08-03T07:59:48+08:00,37175, 100;
2026-08-03T07:59:49+08:00,37175, 100;
2026-08-03T07:59:50+08:00,37175, 100;
2026-08-03T07:59:51+08:00,37175, 100;
2026-08-03T07:59:52+08:00,37175, 100;
2026-08-03T07:59:53+08:00,37175, 100;
2026-08-03T07:59:54+08:00,37175, 100;
2026-08-03T07:59:55+08:00,37175, 100;
2026-08-03T07:59:56+08:00,37175, 100;
2026-08-03T07:59:57+08:00,37175, 100;
2026-08-03T07:59:59+08:00,37175, 100;
2026-08-03T08:00:00+08:00,37175, 100;
2026-08-03T08:00:01+08:00,37175, 100;
2026-08-03T08:00:02+08:00,37175, 100;
2026-08-03T08:00:03+08:00,37175, 100;
2026-08-03T08:00:04+08:00,37175, 100;
2026-08-03T08:00:05+08:00,37175, 100;
2026-08-03T08:00:06+08:00,37175, 100;
2026-08-03T08:00:07+08:00,37175, 100;
2026-08-03T08:00:08+08:00,37175, 100;
2026-08-03T08:00:09+08:00,37175, 100;
2026-08-03T08:00:10+08:00,37175, 100;
2026-08-03T08:00:11+08:00,37175, 100;
2026-08-03T08:00:12+08:00,37175, 100;
2026-08-03T08:00:13+08:00,37175, 100;
2026-08-03T08:00:14+08:00,37175, 100;
2026-08-03T08:00:15+08:00,37175, 100;
2026-08-03T08:00:16+08:00,37175, 100;
2026-08-03T08:00:17+08:00,37175, 100;
2026-08-03T08:00:18+08:00,37175, 100;
2026-08-03T08:00:19+08:00,37175, 100;
2026-08-03T08:00:20+08:00,37175, 100;
2026-08-03T08:00:21+08:00,37175, 100;
2026-08-03T08:00:22+08:00,37175, 100;
2026-08-03T08:00:23+08:00,37175, 100;
2026-08-03T08:00:24+08:00,37175, 100;
2026-08-03T08:00:25+08:00,37175, 100;
2026-08-03T08:00:26+08:00,37175, 100;
2026-08-03T08:00:27+08:00,37175, 100;
2026-08-03T08:00:29+08:00,37175, 100;
2026-08-03T08:00:30+08:00,37175, 100;
2026-08-03T08:00:31+08:00,37175, 100;
2026-08-03T08:00:32+08:00,37175, 100;
2026-08-03T08:00:33+08:00,37175, 100;
2026-08-03T08:00:34+08:00,37175, 100;
2026-08-03T08:00:35+08:00,37175, 100;
2026-08-03T08:00:36+08:00,37175, 100;
2026-08-03T08:00:37+08:00,37175, 100;
2026-08-03T08:00:38+08:00,37175, 100;
2026-08-03T08:00:39+08:00,37175, 100;
2026-08-03T08:00:40+08:00,37175, 100;
2026-08-03T08:00:41+08:00,37175, 100;
2026-08-03T08:00:42+08:00,37175, 100;
2026-08-03T08:00:43+08:00,37175, 100;
2026-08-03T08:00:44+08:00,37175, 100;
2026-08-03T08:00:45+08:00,37175, 100;
2026-08-03T08:00:46+08:00,37175, 100;
2026-08-03T08:00:47+08:00,37175, 100;
2026-08-03T08:00:48+08:00,37175, 100;
2026-08-03T08:00:49+08:00,37175, 100;
2026-08-03T08:00:50+08:00,37175, 100;
2026-08-03T08:00:51+08:00,37175, 100;
2026-08-03T08:00:52+08:00,37175, 100;
2026-08-03T08:00:53+08:00,37175, 100;
2026-08-03T08:00:54+08:00,37175, 100;
2026-08-03T08:00:55+08:00,37175, 100;
2026-08-03T08:00:56+08:00,37175, 100;
2026-08-03T08:00:57+08:00,37175, 100;
2026-08-03T08:00:59+08:00,37175, 100;
2026-08-03T08:01:00+08:00,37175, 100;
2026-08-03T08:01:01+08:00,37175, 100;
2026-08-03T08:01:02+08:00,37175, 100;
2026-08-03T08:01:03+08:00,37175, 100;
2026-08-03T08:01:04+08:00,37175, 100;
2026-08-03T08:01:05+08:00,37175, 100;
2026-08-03T08:01:06+08:00,37175, 100;
2026-08-03T08:01:07+08:00,37175, 100;
2026-08-03T08:01:08+08:00,37175, 100;
2026-08-03T08:01:09+08:00,37175, 100;
2026-08-03T08:01:10+08:00,37175, 100;
2026-08-03T08:01:11+08:00,37175, 100;
2026-08-03T08:01:12+08:00,37175, 100;
2026-08-03T08:01:13+08:00,37175, 100;
2026-08-03T08:01:14+08:00,37175, 100;
2026-08-03T08:01:15+08:00,37175, 100;
2026-08-03T08:01:16+08:00,37175, 100;
2026-08-03T08:01:17+08:00,37175, 100;
2026-08-03T08:01:18+08:00,37175, 100;
2026-08-03T08:01:19+08:00,37175, 100;
2026-08-03T08:01:20+08:00,37175, 100;
2026-08-03T08:01:21+08:00,37175, 100;
2026-08-03T08:01:22+08:00,37175, 100;
2026-08-03T08:01:23+08:00,37175, 100;
2026-08-03T08:01:24+08:00,37175, 100;
2026-08-03T08:01:25+08:00,37175, 100;
2026-08-03T08:01:26+08:00,37175, 100;
2026-08-03T08:01:28+08:00,37175, 100;
2026-08-03T08:01:29+08:00,37175, 100;
2026-08-03T08:01:30+08:00,37175, 100;
2026-08-03T08:01:31+08:00,37175, 100;
2026-08-03T08:01:32+08:00,37175, 100;
2026-08-03T08:01:33+08:00,37175, 100;
2026-08-03T08:01:34+08:00,37175, 100;
2026-08-03T08:01:35+08:00,37175, 100;
2026-08-03T08:01:36+08:00,37175, 100;
2026-08-03T08:01:37+08:00,37175, 100;
2026-08-03T08:01:38+08:00,37175, 100;
2026-08-03T08:01:39+08:00,37175, 100;
2026-08-03T08:01:40+08:00,37175, 100;
2026-08-03T08:01:41+08:00,37175, 100;
2026-08-03T08:01:42+08:00,37175, 100;
2026-08-03T08:01:43+08:00,37175, 100;
2026-08-03T08:01:44+08:00,37175, 100;
2026-08-03T08:01:45+08:00,37175, 100;
2026-08-03T08:01:46+08:00,37175, 100;
2026-08-03T08:01:47+08:00,37175, 100;
2026-08-03T08:01:48+08:00,37175, 100;
2026-08-03T08:01:49+08:00,37175, 100;
2026-08-03T08:01:50+08:00,37175, 100;
2026-08-03T08:01:51+08:00,37175, 100;
2026-08-03T08:01:52+08:00,37175, 100;
2026-08-03T08:01:53+08:00,37175, 100;
2026-08-03T08:01:54+08:00,37175, 100;
2026-08-03T08:01:55+08:00,37175, 100;
2026-08-03T08:01:56+08:00,37175, 100;
2026-08-03T08:01:58+08:00,37175, 100;
2026-08-03T08:01:59+08:00,37175, 100;
2026-08-03T08:02:00+08:00,37175, 100;
2026-08-03T08:02:01+08:00,37175, 100;
2026-08-03T08:02:02+08:00,37175, 100;
2026-08-03T08:02:03+08:00,37175, 100;
2026-08-03T08:02:04+08:00,37175, 100;
2026-08-03T08:02:05+08:00,37175, 100;
2026-08-03T08:02:06+08:00,37175, 100;
2026-08-03T08:02:07+08:00,37175, 100;
2026-08-03T08:02:08+08:00,37175, 100;
2026-08-03T08:02:09+08:00,37175, 100;
2026-08-03T08:02:10+08:00,37175, 100;
2026-08-03T08:02:11+08:00,37175, 100;
2026-08-03T08:02:12+08:00,37175, 100;
2026-08-03T08:02:13+08:00,37175, 100;
2026-08-03T08:02:14+08:00,37175, 100;
2026-08-03T08:02:15+08:00,37175, 100;
2026-08-03T08:02:16+08:00,37175, 100;
2026-08-03T08:02:17+08:00,37175, 100;
2026-08-03T08:02:18+08:00,37175, 100;
2026-08-03T08:02:19+08:00,37175, 100;
2026-08-03T08:02:20+08:00,37175, 100;
2026-08-03T08:02:21+08:00,37175, 100;
2026-08-03T08:02:22+08:00,37175, 100;
2026-08-03T08:02:23+08:00,37175, 100;
2026-08-03T08:02:24+08:00,37175, 100;
2026-08-03T08:02:25+08:00,37175, 100;
2026-08-03T08:02:27+08:00,37175, 100;
2026-08-03T08:02:28+08:00,37175, 100;
2026-08-03T08:02:29+08:00,37175, 100;
2026-08-03T08:02:30+08:00,37175, 100;
2026-08-03T08:02:31+08:00,37175, 100;
2026-08-03T08:02:32+08:00,37175, 100;
2026-08-03T08:02:33+08:00,37175, 100;
2026-08-03T08:02:34+08:00,37175, 100;
2026-08-03T08:02:35+08:00,37175, 100;
2026-08-03T08:02:36+08:00,37175, 100;
2026-08-03T08:02:37+08:00,37175, 100;
2026-08-03T08:02:38+08:00,37175, 100;
2026-08-03T08:02:39+08:00,37175, 100;
2026-08-03T08:02:40+08:00,37175, 100;
2026-08-03T08:02:41+08:00,37175, 100;
2026-08-03T08:02:42+08:00,37175, 100;
2026-08-03T08:02:43+08:00,37175, 100;
2026-08-03T08:02:44+08:00,37175, 100;
2026-08-03T08:02:45+08:00,37175, 100;
2026-08-03T08:02:46+08:00,37175, 100;
2026-08-03T08:02:47+08:00,37175, 100;
2026-08-03T08:02:48+08:00,37175, 100;
2026-08-03T08:02:49+08:00,37175, 100;
2026-08-03T08:02:50+08:00,37175, 100;
2026-08-03T08:02:51+08:00,37175, 100;
2026-08-03T08:02:52+08:00,37175, 100;
2026-08-03T08:02:53+08:00,37175, 100;
2026-08-03T08:02:54+08:00,37175, 100;
2026-08-03T08:02:56+08:00,37175, 100;
2026-08-03T08:02:57+08:00,37175, 100;
2026-08-03T08:02:58+08:00,37175, 100;
2026-08-03T08:02:59+08:00,37175, 100;
2026-08-03T08:03:00+08:00,37175, 100;
2026-08-03T08:03:01+08:00,37175, 100;
2026-08-03T08:03:02+08:00,37175, 100;
2026-08-03T08:03:03+08:00,37175, 100;
2026-08-03T08:03:04+08:00,37175, 100;
2026-08-03T08:03:05+08:00,37175, 100;
2026-08-03T08:03:06+08:00,37175, 100;
2026-08-03T08:03:07+08:00,37175, 100;
2026-08-03T08:03:08+08:00,37175, 100;
2026-08-03T08:03:09+08:00,37175, 100;
2026-08-03T08:03:10+08:00,37175, 100;
2026-08-03T08:03:11+08:00,37175, 100;
2026-08-03T08:03:12+08:00,37175, 100;
2026-08-03T08:03:13+08:00,37175, 100;
2026-08-03T08:03:14+08:00,37175, 100;
2026-08-03T08:03:15+08:00,37175, 100;
2026-08-03T08:03:16+08:00,37175, 100;
2026-08-03T08:03:17+08:00,37175, 100;
2026-08-03T08:03:18+08:00,37175, 100;
2026-08-03T08:03:19+08:00,37175, 100;
2026-08-03T08:03:20+08:00,37175, 100;
2026-08-03T08:03:21+08:00,37175, 100;
2026-08-03T08:03:22+08:00,37175, 100;
2026-08-03T08:03:23+08:00,37175, 100;
2026-08-03T08:03:25+08:00,37175, 100;
2026-08-03T08:03:26+08:00,37175, 100;
2026-08-03T08:03:27+08:00,37175, 100;
2026-08-03T08:03:28+08:00,37175, 100;
2026-08-03T08:03:29+08:00,37175, 100;
2026-08-03T08:03:30+08:00,37175, 100;
2026-08-03T08:03:31+08:00,37175, 100;
2026-08-03T08:03:32+08:00,37175, 100;
2026-08-03T08:03:33+08:00,37175, 100;
2026-08-03T08:03:34+08:00,37175, 100;
2026-08-03T08:03:35+08:00,37175, 100;
2026-08-03T08:03:36+08:00,37175, 100;
2026-08-03T08:03:37+08:00,37175, 100;
2026-08-03T08:03:38+08:00,37175, 100;
2026-08-03T08:03:39+08:00,37175, 100;
2026-08-03T08:03:40+08:00,37175, 100;
2026-08-03T08:03:41+08:00,37175, 100;
2026-08-03T08:03:42+08:00,37175, 100;
2026-08-03T08:03:43+08:00,37175, 100;
2026-08-03T08:03:44+08:00,37175, 100;
2026-08-03T08:03:45+08:00,37175, 100;
2026-08-03T08:03:46+08:00,37175, 100;
2026-08-03T08:03:47+08:00,37175, 100;
2026-08-03T08:03:48+08:00,37175, 100;
2026-08-03T08:03:49+08:00,37175, 100;
2026-08-03T08:03:50+08:00,37175, 100;
2026-08-03T08:03:51+08:00,37175, 100;
2026-08-03T08:03:52+08:00,37175, 100;
2026-08-03T08:03:54+08:00,37175, 100;
2026-08-03T08:03:55+08:00,37175, 100;
2026-08-03T08:03:56+08:00,37175, 100;
2026-08-03T08:03:57+08:00,37175, 100;
2026-08-03T08:03:58+08:00,37175, 100;
2026-08-03T08:03:59+08:00,37175, 100;
2026-08-03T08:04:00+08:00,37175, 100;
2026-08-03T08:04:01+08:00,37175, 100;
2026-08-03T08:04:02+08:00,37175, 100;
2026-08-03T08:04:03+08:00,37175, 100;
2026-08-03T08:04:04+08:00,37175, 100;
2026-08-03T08:04:05+08:00,37175, 100;
2026-08-03T08:04:06+08:00,37175, 100;
2026-08-03T08:04:07+08:00,37175, 100;
2026-08-03T08:04:08+08:00,37175, 100;
2026-08-03T08:04:09+08:00,37175, 100;
2026-08-03T08:04:10+08:00,37175, 100;
2026-08-03T08:04:11+08:00,37175, 100;
2026-08-03T08:04:12+08:00,37175, 100;
2026-08-03T08:04:13+08:00,37175, 100;
2026-08-03T08:04:14+08:00,37175, 100;
2026-08-03T08:04:15+08:00,37175, 100;
2026-08-03T08:04:16+08:00,37175, 100;
2026-08-03T08:04:17+08:00,37175, 100;
2026-08-03T08:04:18+08:00,37175, 100;
2026-08-03T08:04:19+08:00,37175, 100;
2026-08-03T08:04:20+08:00,37175, 100;
2026-08-03T08:04:21+08:00,37175, 100;
2026-08-03T08:04:23+08:00,37175, 100;
2026-08-03T08:04:24+08:00,37175, 100;
2026-08-03T08:04:25+08:00,37175, 100;
2026-08-03T08:04:26+08:00,37175, 100;
2026-08-03T08:04:27+08:00,37175, 100;
2026-08-03T08:04:28+08:00,37175, 100;
2026-08-03T08:04:29+08:00,37175, 100;
2026-08-03T08:04:30+08:00,37175, 100;
2026-08-03T08:04:31+08:00,37175, 100;
2026-08-03T08:04:32+08:00,37175, 100;
2026-08-03T08:04:33+08:00,37175, 100;
2026-08-03T08:04:34+08:00,37175, 100;
2026-08-03T08:04:35+08:00,37175, 100;
2026-08-03T08:04:36+08:00,37175, 100;
2026-08-03T08:04:37+08:00,37175, 100;
2026-08-03T08:04:38+08:00,37175, 100;
2026-08-03T08:04:39+08:00,37175, 100;
2026-08-03T08:04:40+08:00,37175, 100;
2026-08-03T08:04:41+08:00,37175, 100;
2026-08-03T08:04:42+08:00,37175, 100;
2026-08-03T08:04:43+08:00,37175, 100;
2026-08-03T08:04:44+08:00,37175, 100;
2026-08-03T08:04:45+08:00,37175, 100;
2026-08-03T08:04:46+08:00,37175, 100;
2026-08-03T08:04:47+08:00,37175, 100;
2026-08-03T08:04:48+08:00,37175, 100;
2026-08-03T08:04:49+08:00,37175, 100;
2026-08-03T08:04:50+08:00,37175, 100;
2026-08-03T08:04:52+08:00,37175, 100;
2026-08-03T08:04:53+08:00,37175, 100;
2026-08-03T08:04:54+08:00,37175, 100;
2026-08-03T08:04:55+08:00,37175, 100;
2026-08-03T08:04:56+08:00,37175, 100;
2026-08-03T08:04:57+08:00,37175, 100;
2026-08-03T08:04:58+08:00,37175, 100;
2026-08-03T08:04:59+08:00,37175, 100;
2026-08-03T08:05:00+08:00,37175, 100;
2026-08-03T08:05:01+08:00,37175, 100;
2026-08-03T08:05:02+08:00,37175, 100;
2026-08-03T08:05:03+08:00,37175, 100;
2026-08-03T08:05:04+08:00,37175, 100;
2026-08-03T08:05:05+08:00,37175, 100;
2026-08-03T08:05:06+08:00,37175, 100;
2026-08-03T08:05:07+08:00,37175, 100;
2026-08-03T08:05:08+08:00,37175, 100;
2026-08-03T08:05:09+08:00,37175, 100;
2026-08-03T08:05:10+08:00,37175, 100;
2026-08-03T08:05:11+08:00,37175, 100;
2026-08-03T08:05:12+08:00,37175, 100;
2026-08-03T08:05:13+08:00,37175, 100;
2026-08-03T08:05:14+08:00,37175, 100;
2026-08-03T08:05:15+08:00,37175, 100;
2026-08-03T08:05:16+08:00,37175, 100;
2026-08-03T08:05:17+08:00,37175, 100;
2026-08-03T08:05:18+08:00,37175, 100;
2026-08-03T08:05:20+08:00,37175, 100;
2026-08-03T08:05:21+08:00,37175, 100;
2026-08-03T08:05:22+08:00,37175, 100;
2026-08-03T08:05:23+08:00,37175, 100;
2026-08-03T08:05:24+08:00,37175, 100;
2026-08-03T08:05:25+08:00,37175, 100;
2026-08-03T08:05:26+08:00,37175, 100;
2026-08-03T08:05:27+08:00,37175, 100;
2026-08-03T08:05:28+08:00,37175, 100;
2026-08-03T08:05:29+08:00,37175, 100;
2026-08-03T08:05:30+08:00,37175, 100;
2026-08-03T08:05:31+08:00,37175, 100;
2026-08-03T08:05:32+08:00,37175, 100;
2026-08-03T08:05:33+08:00,37175, 100;
2026-08-03T08:05:34+08:00,37175, 100;
2026-08-03T08:05:35+08:00,37175, 100;
2026-08-03T08:05:36+08:00,37175, 100;
2026-08-03T08:05:37+08:00,37175, 100;
2026-08-03T08:05:38+08:00,37175, 100;
2026-08-03T08:05:39+08:00,37175, 100;
2026-08-03T08:05:40+08:00,37175, 100;
2026-08-03T08:05:41+08:00,37175, 100;
2026-08-03T08:05:42+08:00,37175, 100;
2026-08-03T08:05:43+08:00,37175, 100;
2026-08-03T08:05:44+08:00,37175, 100;
2026-08-03T08:05:45+08:00,37175, 100;
2026-08-03T08:05:46+08:00,37175, 100;
2026-08-03T08:05:47+08:00,37175, 100;
2026-08-03T08:05:49+08:00,37175, 100;
2026-08-03T08:05:50+08:00,37175, 100;
2026-08-03T08:05:51+08:00,37175, 100;
2026-08-03T08:05:52+08:00,37175, 100;
2026-08-03T08:05:53+08:00,37175, 100;
2026-08-03T08:05:54+08:00,37175, 100;
2026-08-03T08:05:55+08:00,37175, 100;
2026-08-03T08:05:56+08:00,37175, 100;
2026-08-03T08:05:57+08:00,37175, 100;
2026-08-03T08:05:58+08:00,37175, 100;
2026-08-03T08:05:59+08:00,37175, 100;
2026-08-03T08:06:00+08:00,37175, 100;
2026-08-03T08:06:01+08:00,37175, 100;
2026-08-03T08:06:02+08:00,37175, 100;
2026-08-03T08:06:03+08:00,37175, 100;
2026-08-03T08:06:04+08:00,37175, 100;
2026-08-03T08:06:05+08:00,37175, 100;
2026-08-03T08:06:06+08:00,37175, 100;
2026-08-03T08:06:07+08:00,37175, 100;
2026-08-03T08:06:08+08:00,37175, 100;
2026-08-03T08:06:09+08:00,37175, 100;
2026-08-03T08:06:10+08:00,37175, 100;
2026-08-03T08:06:11+08:00,37175, 100;
2026-08-03T08:06:12+08:00,37175, 100;
2026-08-03T08:06:13+08:00,37175, 100;
2026-08-03T08:06:14+08:00,37175, 100;
2026-08-03T08:06:15+08:00,37175, 100;
2026-08-03T08:06:17+08:00,37175, 100;
2026-08-03T08:06:18+08:00,37175, 100;
2026-08-03T08:06:19+08:00,37175, 100;
2026-08-03T08:06:20+08:00,37175, 100;
2026-08-03T08:06:21+08:00,37175, 100;
2026-08-03T08:06:22+08:00,37175, 100;
2026-08-03T08:06:23+08:00,37175, 100;
2026-08-03T08:06:24+08:00,37175, 100;
2026-08-03T08:06:25+08:00,37175, 100;
2026-08-03T08:06:26+08:00,37175, 100;
2026-08-03T08:06:27+08:00,37175, 100;
2026-08-03T08:06:28+08:00,37175, 100;
2026-08-03T08:06:29+08:00,37175, 100;
2026-08-03T08:06:30+08:00,37175, 100;
2026-08-03T08:06:31+08:00,37175, 100;
2026-08-03T08:06:32+08:00,37175, 100;
2026-08-03T08:06:33+08:00,37175, 100;
2026-08-03T08:06:34+08:00,37175, 100;
2026-08-03T08:06:35+08:00,37175, 100;
2026-08-03T08:06:36+08:00,37175, 100;
2026-08-03T08:06:37+08:00,37175, 100;
2026-08-03T08:06:38+08:00,37175, 100;
2026-08-03T08:06:39+08:00,37175, 100;
2026-08-03T08:06:40+08:00,37175, 100;
2026-08-03T08:06:41+08:00,37175, 100;
2026-08-03T08:06:42+08:00,37175, 100;
2026-08-03T08:06:43+08:00,37175, 100;
2026-08-03T08:06:44+08:00,37175, 100;
2026-08-03T08:06:46+08:00,37175, 100;
2026-08-03T08:06:47+08:00,37175, 100;
2026-08-03T08:06:48+08:00,37175, 100;
2026-08-03T08:06:49+08:00,37175, 100;
2026-08-03T08:06:50+08:00,37175, 100;
2026-08-03T08:06:51+08:00,37175, 100;
2026-08-03T08:06:52+08:00,37175, 100;
2026-08-03T08:06:53+08:00,37175, 100;
2026-08-03T08:06:54+08:00,37175, 100;
2026-08-03T08:06:55+08:00,37175, 100;
2026-08-03T08:06:56+08:00,37175, 100;
2026-08-03T08:06:57+08:00,37175, 100;
2026-08-03T08:06:58+08:00,37175, 100;
2026-08-03T08:06:59+08:00,37175, 100;
2026-08-03T08:07:00+08:00,37175, 100;
2026-08-03T08:07:01+08:00,37175, 100;
2026-08-03T08:07:02+08:00,37175, 100;
2026-08-03T08:07:03+08:00,37175, 100;
2026-08-03T08:07:04+08:00,37175, 100;
2026-08-03T08:07:05+08:00,37175, 100;
2026-08-03T08:07:06+08:00,37175, 100;
2026-08-03T08:07:07+08:00,37175, 100;
2026-08-03T08:07:08+08:00,37175, 100;
2026-08-03T08:07:09+08:00,37175, 100;
2026-08-03T08:07:10+08:00,37175, 100;
2026-08-03T08:07:11+08:00,37175, 100;
2026-08-03T08:07:12+08:00,37175, 100;
2026-08-03T08:07:14+08:00,37175, 100;
2026-08-03T08:07:15+08:00,37175, 100;
2026-08-03T08:07:16+08:00,37175, 100;
2026-08-03T08:07:17+08:00,37175, 100;
2026-08-03T08:07:18+08:00,37175, 100;
2026-08-03T08:07:19+08:00,37175, 100;
2026-08-03T08:07:20+08:00,37175, 100;
2026-08-03T08:07:21+08:00,37175, 100;
2026-08-03T08:07:22+08:00,37175, 100;
2026-08-03T08:07:23+08:00,37175, 100;
2026-08-03T08:07:24+08:00,37175, 100;
2026-08-03T08:07:25+08:00,37175, 100;
2026-08-03T08:07:26+08:00,37175, 100;
2026-08-03T08:07:27+08:00,37175, 100;
2026-08-03T08:07:28+08:00,37175, 100;
2026-08-03T08:07:29+08:00,37175, 100;
2026-08-03T08:07:30+08:00,37175, 100;
2026-08-03T08:07:31+08:00,37175, 100;
2026-08-03T08:07:32+08:00,37175, 100;
2026-08-03T08:07:33+08:00,37175, 100;
2026-08-03T08:07:34+08:00,37175, 100;
2026-08-03T08:07:35+08:00,37175, 100;
2026-08-03T08:07:36+08:00,37175, 100;
2026-08-03T08:07:37+08:00,37175, 100;
2026-08-03T08:07:38+08:00,37175, 100;
2026-08-03T08:07:39+08:00,37175, 100;
2026-08-03T08:07:40+08:00,37175, 100;
2026-08-03T08:07:42+08:00,37175, 100;
2026-08-03T08:07:43+08:00,37175, 100;
2026-08-03T08:07:44+08:00,37175, 100;
2026-08-03T08:07:45+08:00,37175, 100;
2026-08-03T08:07:46+08:00,37175, 100;
2026-08-03T08:07:47+08:00,37175, 100;
2026-08-03T08:07:48+08:00,37175, 100;
2026-08-03T08:07:49+08:00,37175, 100;
2026-08-03T08:07:50+08:00,37175, 100;
2026-08-03T08:07:51+08:00,37175, 100;
2026-08-03T08:07:52+08:00,37175, 100;
2026-08-03T08:07:53+08:00,37175, 100;
2026-08-03T08:07:54+08:00,37175, 100;
2026-08-03T08:07:55+08:00,37175, 100;
2026-08-03T08:07:56+08:00,37175, 100;
2026-08-03T08:07:57+08:00,37175, 100;
2026-08-03T08:07:58+08:00,37175, 100;
2026-08-03T08:07:59+08:00,37175, 100;
2026-08-03T08:08:00+08:00,37175, 100;
2026-08-03T08:08:01+08:00,37175, 100;
2026-08-03T08:08:02+08:00,37175, 100;
2026-08-03T08:08:03+08:00,37175, 100;
2026-08-03T08:08:04+08:00,37175, 100;
2026-08-03T08:08:05+08:00,37175, 100;
2026-08-03T08:08:06+08:00,37175, 100;
2026-08-03T08:08:07+08:00,37175, 100;
2026-08-03T08:08:08+08:00,37175, 100;
2026-08-03T08:08:09+08:00,37175, 100;
2026-08-03T08:08:11+08:00,37175, 100;
2026-08-03T08:08:12+08:00,37175, 100;
2026-08-03T08:08:13+08:00,37175, 100;
2026-08-03T08:08:14+08:00,37175, 100;
2026-08-03T08:08:15+08:00,37175, 100;
2026-08-03T08:08:16+08:00,37175, 100;
2026-08-03T08:08:17+08:00,37175, 100;
2026-08-03T08:08:18+08:00,37175, 100;
2026-08-03T08:08:19+08:00,37175, 100;
2026-08-03T08:08:20+08:00,37175, 100;
2026-08-03T08:08:21+08:00,37175, 100;
2026-08-03T08:08:22+08:00,37175, 100;
2026-08-03T08:08:23+08:00,37175, 100;
2026-08-03T08:08:24+08:00,37175, 100;
2026-08-03T08:08:25+08:00,37175, 100;
2026-08-03T08:08:26+08:00,37175, 100;
2026-08-03T08:08:27+08:00,37175, 100;
2026-08-03T08:08:28+08:00,37175, 100;
2026-08-03T08:08:29+08:00,37175, 100;
2026-08-03T08:08:30+08:00,37175, 100;
2026-08-03T08:08:31+08:00,37175, 100;
2026-08-03T08:08:32+08:00,37175, 100;
2026-08-03T08:08:33+08:00,37175, 100;
2026-08-03T08:08:34+08:00,37175, 100;
2026-08-03T08:08:35+08:00,37175, 100;
2026-08-03T08:08:36+08:00,37175, 100;
2026-08-03T08:08:37+08:00,37175, 100;
2026-08-03T08:08:39+08:00,37175, 100;
2026-08-03T08:08:40+08:00,37175, 100;
2026-08-03T08:08:41+08:00,37175, 100;
2026-08-03T08:08:42+08:00,37175, 100;
2026-08-03T08:08:43+08:00,37175, 100;
2026-08-03T08:08:44+08:00,37175, 100;
2026-08-03T08:08:45+08:00,37175, 100;
2026-08-03T08:08:46+08:00,37175, 100;
2026-08-03T08:08:47+08:00,37175, 100;
2026-08-03T08:08:48+08:00,37175, 100;
2026-08-03T08:08:49+08:00,37175, 100;
2026-08-03T08:08:50+08:00,37175, 100;
2026-08-03T08:08:51+08:00,37175, 100;
2026-08-03T08:08:52+08:00,37175, 100;
2026-08-03T08:08:53+08:00,37175, 100;
2026-08-03T08:08:54+08:00,37175, 100;
2026-08-03T08:08:55+08:00,37175, 100;
2026-08-03T08:08:56+08:00,37175, 100;
2026-08-03T08:08:57+08:00,37175, 100;
2026-08-03T08:08:58+08:00,37175, 100;
2026-08-03T08:08:59+08:00,37175, 100;
2026-08-03T08:09:00+08:00,37175, 100;
2026-08-03T08:09:01+08:00,37175, 100;
2026-08-03T08:09:02+08:00,37175, 100;
2026-08-03T08:09:03+08:00,37175, 100;
2026-08-03T08:09:04+08:00,37175, 100;
2026-08-03T08:09:05+08:00,37175, 100;
2026-08-03T08:09:07+08:00,37175, 100;
2026-08-03T08:09:08+08:00,37175, 100;
2026-08-03T08:09:09+08:00,37175, 100;
2026-08-03T08:09:10+08:00,37175, 100;
2026-08-03T08:09:11+08:00,37175, 100;
2026-08-03T08:09:12+08:00,37175, 100;
2026-08-03T08:09:13+08:00,37175, 100;
2026-08-03T08:09:14+08:00,37175, 100;
2026-08-03T08:09:15+08:00,37175, 100;
2026-08-03T08:09:16+08:00,37175, 100;
2026-08-03T08:09:17+08:00,37175, 100;
2026-08-03T08:09:18+08:00,37175, 100;
2026-08-03T08:09:19+08:00,37175, 100;
2026-08-03T08:09:20+08:00,37175, 100;
2026-08-03T08:09:21+08:00,37175, 100;
2026-08-03T08:09:22+08:00,37175, 100;
2026-08-03T08:09:23+08:00,37175, 100;
2026-08-03T08:09:24+08:00,37175, 100;
2026-08-03T08:09:25+08:00,37175, 100;
2026-08-03T08:09:26+08:00,37175, 100;
2026-08-03T08:09:27+08:00,37175, 100;
2026-08-03T08:09:28+08:00,37175, 100;
2026-08-03T08:09:29+08:00,37175, 100;
2026-08-03T08:09:30+08:00,37175, 100;
2026-08-03T08:09:31+08:00,37175, 100;
2026-08-03T08:09:32+08:00,37175, 100;
2026-08-03T08:09:33+08:00,37175, 100;
2026-08-03T08:09:35+08:00,37175, 100;
2026-08-03T08:09:36+08:00,37175, 100;
2026-08-03T08:09:37+08:00,37175, 100;
2026-08-03T08:09:38+08:00,37175, 100;
2026-08-03T08:09:39+08:00,37175, 100;
2026-08-03T08:09:40+08:00,37175, 100;
2026-08-03T08:09:41+08:00,37175, 100;
2026-08-03T08:09:42+08:00,37175, 100;
2026-08-03T08:09:43+08:00,37175, 100;
2026-08-03T08:09:44+08:00,37175, 100;
2026-08-03T08:09:45+08:00,37175, 100;
2026-08-03T08:09:46+08:00,37175, 100;
2026-08-03T08:09:47+08:00,37175, 100;
2026-08-03T08:09:48+08:00,37175, 100;
2026-08-03T08:09:49+08:00,37175, 100;
2026-08-03T08:09:50+08:00,37175, 100;
2026-08-03T08:09:51+08:00,37175, 100;
2026-08-03T08:09:52+08:00,37175, 100;
2026-08-03T08:09:53+08:00,37175, 100;
2026-08-03T08:09:54+08:00,37175, 100;
2026-08-03T08:09:55+08:00,37175, 100;
2026-08-03T08:09:56+08:00,37175, 100;
2026-08-03T08:09:57+08:00,37175, 100;
2026-08-03T08:09:58+08:00,37175, 100;
2026-08-03T08:09:59+08:00,37175, 100;
2026-08-03T08:10:00+08:00,37175, 100;
2026-08-03T08:10:02+08:00,37175, 100;
2026-08-03T08:10:03+08:00,37175, 100;
2026-08-03T08:10:04+08:00,37175, 100;
2026-08-03T08:10:05+08:00,37175, 100;
2026-08-03T08:10:06+08:00,37175, 100;
2026-08-03T08:10:07+08:00,37175, 100;
2026-08-03T08:10:08+08:00,37175, 100;
2026-08-03T08:10:09+08:00,37175, 100;
2026-08-03T08:10:10+08:00,37175, 100;
2026-08-03T08:10:11+08:00,37175, 100;
2026-08-03T08:10:12+08:00,37175, 100;
2026-08-03T08:10:13+08:00,37175, 100;
2026-08-03T08:10:14+08:00,37175, 100;
2026-08-03T08:10:15+08:00,37175, 100;
2026-08-03T08:10:16+08:00,37175, 100;
2026-08-03T08:10:17+08:00,37175, 100;
2026-08-03T08:10:18+08:00,37175, 100;
2026-08-03T08:10:19+08:00,37175, 100;
2026-08-03T08:10:20+08:00,37175, 100;
2026-08-03T08:10:21+08:00,37175, 100;
2026-08-03T08:10:22+08:00,37175, 100;
2026-08-03T08:10:23+08:00,37175, 100;
2026-08-03T08:10:24+08:00,37175, 100;
2026-08-03T08:10:25+08:00,37175, 100;
2026-08-03T08:10:26+08:00,37175, 100;
2026-08-03T08:10:27+08:00,37175, 100;
2026-08-03T08:10:29+08:00,37175, 100;
2026-08-03T08:10:30+08:00,37175, 100;
2026-08-03T08:10:31+08:00,37175, 100;
2026-08-03T08:10:32+08:00,37175, 100;
2026-08-03T08:10:33+08:00,37175, 100;
2026-08-03T08:10:34+08:00,37175, 100;
2026-08-03T08:10:35+08:00,37175, 100;
2026-08-03T08:10:36+08:00,37175, 100;
2026-08-03T08:10:37+08:00,37175, 100;
2026-08-03T08:10:38+08:00,37175, 100;
2026-08-03T08:10:39+08:00,37175, 100;
2026-08-03T08:10:40+08:00,37175, 100;
2026-08-03T08:10:41+08:00,37175, 100;
2026-08-03T08:10:42+08:00,37175, 100;
2026-08-03T08:10:43+08:00,37175, 100;
2026-08-03T08:10:44+08:00,37175, 100;
2026-08-03T08:10:45+08:00,37175, 100;
2026-08-03T08:10:46+08:00,37175, 100;
2026-08-03T08:10:47+08:00,37175, 100;
2026-08-03T08:10:48+08:00,37175, 100;
2026-08-03T08:10:49+08:00,37175, 100;
2026-08-03T08:10:50+08:00,37175, 100;
2026-08-03T08:10:51+08:00,37175, 100;
2026-08-03T08:10:52+08:00,37175, 100;
2026-08-03T08:10:53+08:00,37175, 100;
2026-08-03T08:10:54+08:00,37175, 100;
2026-08-03T08:10:56+08:00,37175, 100;
2026-08-03T08:10:57+08:00,37175, 100;
2026-08-03T08:10:58+08:00,37175, 100;
2026-08-03T08:10:59+08:00,37175, 100;
2026-08-03T08:11:00+08:00,37175, 100;
2026-08-03T08:11:01+08:00,37175, 100;
2026-08-03T08:11:02+08:00,37175, 100;
2026-08-03T08:11:03+08:00,37175, 100;
2026-08-03T08:11:04+08:00,37175, 100;
2026-08-03T08:11:05+08:00,37175, 100;
2026-08-03T08:11:06+08:00,37175, 100;
2026-08-03T08:11:07+08:00,37175, 100;
2026-08-03T08:11:08+08:00,37175, 100;
2026-08-03T08:11:09+08:00,37175, 100;
2026-08-03T08:11:10+08:00,37175, 100;
2026-08-03T08:11:11+08:00,37175, 100;
2026-08-03T08:11:12+08:00,37175, 100;
2026-08-03T08:11:13+08:00,37175, 100;
2026-08-03T08:11:14+08:00,37175, 100;
2026-08-03T08:11:15+08:00,37175, 100;
2026-08-03T08:11:16+08:00,37175, 100;
2026-08-03T08:11:17+08:00,37175, 100;
2026-08-03T08:11:18+08:00,37175, 100;
2026-08-03T08:11:19+08:00,37175, 100;
2026-08-03T08:11:20+08:00,37175, 100;
2026-08-03T08:11:21+08:00,37175, 100;
2026-08-03T08:11:23+08:00,37175, 100;
2026-08-03T08:11:24+08:00,37175, 100;
2026-08-03T08:11:25+08:00,37175, 100;
2026-08-03T08:11:26+08:00,37175, 100;
2026-08-03T08:11:27+08:00,37175, 100;
2026-08-03T08:11:28+08:00,37175, 100;
2026-08-03T08:11:29+08:00,37175, 100;
2026-08-03T08:11:30+08:00,37175, 100;
2026-08-03T08:11:31+08:00,37175, 100;
2026-08-03T08:11:32+08:00,37175, 100;
2026-08-03T08:11:33+08:00,37175, 100;
2026-08-03T08:11:34+08:00,37175, 100;
2026-08-03T08:11:35+08:00,37175, 100;
2026-08-03T08:11:36+08:00,37175, 100;
2026-08-03T08:11:37+08:00,37175, 100;
2026-08-03T08:11:38+08:00,37175, 100;
2026-08-03T08:11:39+08:00,37175, 100;
2026-08-03T08:11:40+08:00,37175, 100;
2026-08-03T08:11:41+08:00,37175, 100;
2026-08-03T08:11:42+08:00,37175, 100;
2026-08-03T08:11:43+08:00,37175, 100;
2026-08-03T08:11:44+08:00,37175, 100;
2026-08-03T08:11:45+08:00,37175, 100;
2026-08-03T08:11:46+08:00,37175, 100;
2026-08-03T08:11:47+08:00,37175, 100;
2026-08-03T08:11:48+08:00,37175, 100;
2026-08-03T08:11:50+08:00,37175, 100;
2026-08-03T08:11:51+08:00,37175, 100;
2026-08-03T08:11:52+08:00,37175, 100;
2026-08-03T08:11:53+08:00,37175, 100;
2026-08-03T08:11:54+08:00,37175, 100;
2026-08-03T08:11:55+08:00,37175, 100;
2026-08-03T08:11:56+08:00,37175, 100;
2026-08-03T08:11:57+08:00,37175, 100;
2026-08-03T08:11:58+08:00,37175, 100;
2026-08-03T08:11:59+08:00,37175, 100;
2026-08-03T08:12:00+08:00,37175, 100;
2026-08-03T08:12:01+08:00,37175, 100;
2026-08-03T08:12:02+08:00,37175, 100;
2026-08-03T08:12:03+08:00,37175, 100;
2026-08-03T08:12:04+08:00,37175, 100;
2026-08-03T08:12:05+08:00,37175, 100;
2026-08-03T08:12:06+08:00,37175, 100;
2026-08-03T08:12:07+08:00,37175, 100;
2026-08-03T08:12:08+08:00,37175, 100;
2026-08-03T08:12:09+08:00,37175, 100;
2026-08-03T08:12:10+08:00,37175, 100;
2026-08-03T08:12:11+08:00,37175, 100;
2026-08-03T08:12:12+08:00,37175, 100;
2026-08-03T08:12:13+08:00,37175, 100;
2026-08-03T08:12:14+08:00,37175, 100;
2026-08-03T08:12:15+08:00,37175, 100;
2026-08-03T08:12:16+08:00,37175, 100;
2026-08-03T08:12:18+08:00,37175, 100;
2026-08-03T08:12:19+08:00,37175, 100;
2026-08-03T08:12:20+08:00,37175, 100;
2026-08-03T08:12:21+08:00,37175, 100;
2026-08-03T08:12:22+08:00,37175, 100;
2026-08-03T08:12:23+08:00,37175, 100;
2026-08-03T08:12:24+08:00,37175, 100;
2026-08-03T08:12:25+08:00,37175, 100;
2026-08-03T08:12:26+08:00,37175, 100;
2026-08-03T08:12:27+08:00,37175, 100;
2026-08-03T08:12:28+08:00,37175, 100;
2026-08-03T08:12:29+08:00,37175, 100;
2026-08-03T08:12:30+08:00,37175, 100;
2026-08-03T08:12:31+08:00,37175, 100;
2026-08-03T08:12:32+08:00,37175, 100;
2026-08-03T08:12:33+08:00,37175, 100;
2026-08-03T08:12:34+08:00,37175, 100;
2026-08-03T08:12:35+08:00,37175, 100;
2026-08-03T08:12:36+08:00,37175, 100;
2026-08-03T08:12:37+08:00,37175, 100;
2026-08-03T08:12:38+08:00,37175, 100;
2026-08-03T08:12:39+08:00,37175, 100;
2026-08-03T08:12:40+08:00,37175, 100;
2026-08-03T08:12:41+08:00,37175, 100;
2026-08-03T08:12:42+08:00,37175, 100;
2026-08-03T08:12:43+08:00,37175, 100;
2026-08-03T08:12:45+08:00,37175, 100;
2026-08-03T08:12:46+08:00,37175, 100;
2026-08-03T08:12:47+08:00,37175, 100;
2026-08-03T08:12:48+08:00,37175, 100;
2026-08-03T08:12:49+08:00,37175, 100;
2026-08-03T08:12:50+08:00,37175, 100;
2026-08-03T08:12:51+08:00,37175, 100;
2026-08-03T08:12:52+08:00,37175, 100;
2026-08-03T08:12:53+08:00,37175, 100;
2026-08-03T08:12:54+08:00,37175, 100;
2026-08-03T08:12:55+08:00,37175, 100;
2026-08-03T08:12:56+08:00,37175, 100;
2026-08-03T08:12:57+08:00,37175, 100;
2026-08-03T08:12:58+08:00,37175, 100;
2026-08-03T08:12:59+08:00,37175, 100;
2026-08-03T08:13:00+08:00,37175, 100;
2026-08-03T08:13:01+08:00,37175, 100;
2026-08-03T08:13:02+08:00,37175, 100;
2026-08-03T08:13:03+08:00,37175, 100;
2026-08-03T08:13:04+08:00,37175, 100;
2026-08-03T08:13:05+08:00,37175, 100;
2026-08-03T08:13:06+08:00,37175, 100;
2026-08-03T08:13:07+08:00,37175, 100;
2026-08-03T08:13:08+08:00,37175, 100;
2026-08-03T08:13:09+08:00,37175, 100;
2026-08-03T08:13:10+08:00,37175, 100;
2026-08-03T08:13:11+08:00,37175, 100;
2026-08-03T08:13:13+08:00,37175, 100;
2026-08-03T08:13:14+08:00,37175, 100;
2026-08-03T08:13:15+08:00,37175, 100;
2026-08-03T08:13:16+08:00,37175, 100;
2026-08-03T08:13:17+08:00,37175, 100;
2026-08-03T08:13:18+08:00,37175, 100;
2026-08-03T08:13:19+08:00,37175, 100;
2026-08-03T08:13:20+08:00,37175, 100;
2026-08-03T08:13:21+08:00,37175, 100;
2026-08-03T08:13:22+08:00,37175, 100;
2026-08-03T08:13:23+08:00,37175, 100;
2026-08-03T08:13:24+08:00,37175, 100;
2026-08-03T08:13:25+08:00,37175, 100;
2026-08-03T08:13:26+08:00,37175, 100;
2026-08-03T08:13:27+08:00,37175, 100;
2026-08-03T08:13:28+08:00,37175, 100;
2026-08-03T08:13:29+08:00,37175, 100;
2026-08-03T08:13:30+08:00,37175, 100;
2026-08-03T08:13:31+08:00,37175, 100;
2026-08-03T08:13:32+08:00,37175, 100;
2026-08-03T08:13:33+08:00,37175, 100;
2026-08-03T08:13:34+08:00,37175, 100;
2026-08-03T08:13:35+08:00,37175, 100;
2026-08-03T08:13:36+08:00,37175, 100;
2026-08-03T08:13:37+08:00,37175, 100;
2026-08-03T08:13:38+08:00,37175, 100;
2026-08-03T08:13:39+08:00,37175, 100;
2026-08-03T08:13:41+08:00,37175, 100;
2026-08-03T08:13:42+08:00,37175, 100;
2026-08-03T08:13:43+08:00,37175, 100;
2026-08-03T08:13:44+08:00,37175, 100;
2026-08-03T08:13:45+08:00,37175, 100;
2026-08-03T08:13:46+08:00,37175, 100;
2026-08-03T08:13:47+08:00,37175, 100;
2026-08-03T08:13:48+08:00,37175, 100;
2026-08-03T08:13:49+08:00,37175, 100;
2026-08-03T08:13:50+08:00,37175, 100;
2026-08-03T08:13:51+08:00,37175, 100;
2026-08-03T08:13:52+08:00,37175, 100;
2026-08-03T08:13:53+08:00,37175, 100;
2026-08-03T08:13:54+08:00,37175, 100;
2026-08-03T08:13:55+08:00,37175, 100;
2026-08-03T08:13:56+08:00,37175, 100;
2026-08-03T08:13:57+08:00,37175, 100;
2026-08-03T08:13:58+08:00,37175, 100;
2026-08-03T08:13:59+08:00,37175, 100;
2026-08-03T08:14:00+08:00,37175, 100;
2026-08-03T08:14:01+08:00,37175, 100;
2026-08-03T08:14:02+08:00,37175, 100;
2026-08-03T08:14:03+08:00,37175, 100;
2026-08-03T08:14:04+08:00,37175, 100;
2026-08-03T08:14:05+08:00,37175, 100;
2026-08-03T08:14:06+08:00,37175, 100;
2026-08-03T08:14:07+08:00,37175, 100;
2026-08-03T08:14:09+08:00,37175, 100;
2026-08-03T08:14:10+08:00,37175, 100;
2026-08-03T08:14:11+08:00,37175, 100;
2026-08-03T08:14:12+08:00,37175, 100;
2026-08-03T08:14:13+08:00,37175, 100;
2026-08-03T08:14:14+08:00,37175, 100;
2026-08-03T08:14:15+08:00,37175, 100;
2026-08-03T08:14:16+08:00,37175, 100;
2026-08-03T08:14:17+08:00,37175, 100;
2026-08-03T08:14:18+08:00,37175, 100;
2026-08-03T08:14:19+08:00,37175, 100;
2026-08-03T08:14:20+08:00,37175, 100;
2026-08-03T08:14:21+08:00,37175, 100;
2026-08-03T08:14:22+08:00,37175, 100;
2026-08-03T08:14:23+08:00,37175, 100;
2026-08-03T08:14:24+08:00,37175, 100;
2026-08-03T08:14:25+08:00,37175, 100;
2026-08-03T08:14:26+08:00,37175, 100;
2026-08-03T08:14:27+08:00,37175, 100;
2026-08-03T08:14:28+08:00,37175, 100;
2026-08-03T08:14:29+08:00,37175, 100;
2026-08-03T08:14:30+08:00,37175, 100;
2026-08-03T08:14:31+08:00,37175, 100;
2026-08-03T08:14:32+08:00,37175, 100;
2026-08-03T08:14:33+08:00,37175, 100;
2026-08-03T08:14:34+08:00,37175, 100;
2026-08-03T08:14:36+08:00,37175, 100;
2026-08-03T08:14:37+08:00,37175, 100;
2026-08-03T08:14:38+08:00,37175, 100;
2026-08-03T08:14:39+08:00,37175, 100;
2026-08-03T08:14:40+08:00,37175, 100;
2026-08-03T08:14:41+08:00,37175, 100;
2026-08-03T08:14:42+08:00,37175, 100;
2026-08-03T08:14:43+08:00,37175, 100;
2026-08-03T08:14:44+08:00,37175, 100;
2026-08-03T08:14:45+08:00,37175, 100;
2026-08-03T08:14:46+08:00,37175, 100;
2026-08-03T08:14:47+08:00,37175, 100;
2026-08-03T08:14:48+08:00,37175, 100;
2026-08-03T08:14:49+08:00,37175, 100;
2026-08-03T08:14:50+08:00,37175, 100;
2026-08-03T08:14:51+08:00,37175, 100;
2026-08-03T08:14:52+08:00,37175, 100;
2026-08-03T08:14:53+08:00,37175, 100;
2026-08-03T08:14:54+08:00,37175, 100;
2026-08-03T08:14:55+08:00,37175, 100;
2026-08-03T08:14:56+08:00,37175, 100;
2026-08-03T08:14:57+08:00,37175, 100;
2026-08-03T08:14:58+08:00,37175, 100;
2026-08-03T08:14:59+08:00,37175, 100;
2026-08-03T08:15:00+08:00,37175, 100;
2026-08-03T08:15:01+08:00,37175, 100;
2026-08-03T08:15:02+08:00,37175, 100;
2026-08-03T08:15:04+08:00,37175, 100;
2026-08-03T08:15:05+08:00,37175, 100;
2026-08-03T08:15:06+08:00,37175, 100;
2026-08-03T08:15:07+08:00,37175, 100;
2026-08-03T08:15:08+08:00,37175, 100;
2026-08-03T08:15:09+08:00,37175, 100;
2026-08-03T08:15:10+08:00,37175, 100;
2026-08-03T08:15:11+08:00,37175, 100;
2026-08-03T08:15:12+08:00,37175, 100;
2026-08-03T08:15:13+08:00,37175, 100;
2026-08-03T08:15:14+08:00,37175, 100;
2026-08-03T08:15:15+08:00,37175, 100;
2026-08-03T08:15:16+08:00,37175, 100;
2026-08-03T08:15:17+08:00,37175, 100;
2026-08-03T08:15:18+08:00,37175, 100;
2026-08-03T08:15:19+08:00,37175, 100;
2026-08-03T08:15:20+08:00,37175, 100;
2026-08-03T08:15:21+08:00,37175, 100;
2026-08-03T08:15:22+08:00,37175, 100;
2026-08-03T08:15:23+08:00,37175, 100;
2026-08-03T08:15:24+08:00,37175, 100;
2026-08-03T08:15:25+08:00,37175, 100;
2026-08-03T08:15:26+08:00,37175, 100;
2026-08-03T08:15:27+08:00,37175, 100;
2026-08-03T08:15:28+08:00,37175, 100;
2026-08-03T08:15:29+08:00,37175, 100;
2026-08-03T08:15:31+08:00,37175, 100;
2026-08-03T08:15:32+08:00,37175, 100;
2026-08-03T08:15:33+08:00,37175, 100;
2026-08-03T08:15:34+08:00,37175, 100;
2026-08-03T08:15:35+08:00,37175, 100;
2026-08-03T08:15:36+08:00,37175, 100;
2026-08-03T08:15:37+08:00,37175, 100;
2026-08-03T08:15:38+08:00,37175, 100;
2026-08-03T08:15:39+08:00,37175, 100;
2026-08-03T08:15:40+08:00,37175, 100;
2026-08-03T08:15:41+08:00,37175, 100;
2026-08-03T08:15:42+08:00,37175, 100;
2026-08-03T08:15:43+08:00,37175, 100;
2026-08-03T08:15:44+08:00,37175, 100;
2026-08-03T08:15:45+08:00,37175, 100;
2026-08-03T08:15:46+08:00,37175, 100;
2026-08-03T08:15:47+08:00,37175, 100;
2026-08-03T08:15:48+08:00,37175, 100;
2026-08-03T08:15:49+08:00,37175, 100;
2026-08-03T08:15:50+08:00,37175, 100;
2026-08-03T08:15:51+08:00,37175, 100;
2026-08-03T08:15:52+08:00,37175, 100;
2026-08-03T08:15:53+08:00,37175, 100;
2026-08-03T08:15:54+08:00,37175, 100;
2026-08-03T08:15:55+08:00,37175, 100;
2026-08-03T08:15:56+08:00,37175, 100;
2026-08-03T08:15:57+08:00,37175, 100;
2026-08-03T08:15:59+08:00,37175, 100;
2026-08-03T08:16:00+08:00,37175, 100;
2026-08-03T08:16:01+08:00,37175, 100;
2026-08-03T08:16:02+08:00,37175, 100;
2026-08-03T08:16:03+08:00,37175, 100;
2026-08-03T08:16:04+08:00,37175, 100;
2026-08-03T08:16:05+08:00,37175, 100;
2026-08-03T08:16:06+08:00,37175, 100;
2026-08-03T08:16:07+08:00,37175, 100;
2026-08-03T08:16:08+08:00,37175, 100;
2026-08-03T08:16:09+08:00,37175, 100;
2026-08-03T08:16:10+08:00,37175, 100;
2026-08-03T08:16:11+08:00,37175, 100;
2026-08-03T08:16:12+08:00,37175, 100;
2026-08-03T08:16:13+08:00,37175, 100;
2026-08-03T08:16:14+08:00,37175, 100;
2026-08-03T08:16:15+08:00,37175, 100;
2026-08-03T08:16:16+08:00,37175, 100;
2026-08-03T08:16:17+08:00,37175, 100;
2026-08-03T08:16:18+08:00,37175, 100;
2026-08-03T08:16:19+08:00,37175, 100;
2026-08-03T08:16:20+08:00,37175, 100;
2026-08-03T08:16:21+08:00,37175, 100;
2026-08-03T08:16:22+08:00,37175, 100;
2026-08-03T08:16:23+08:00,37175, 100;
2026-08-03T08:16:24+08:00,37175, 100;
2026-08-03T08:16:26+08:00,37175, 100;
2026-08-03T08:16:27+08:00,37175, 100;
2026-08-03T08:16:28+08:00,37175, 100;
2026-08-03T08:16:29+08:00,37175, 100;
2026-08-03T08:16:30+08:00,37175, 100;
2026-08-03T08:16:31+08:00,37175, 100;
2026-08-03T08:16:32+08:00,37175, 100;
2026-08-03T08:16:33+08:00,37175, 100;
2026-08-03T08:16:34+08:00,37175, 100;
2026-08-03T08:16:35+08:00,37175, 100;
2026-08-03T08:16:36+08:00,37175, 100;
2026-08-03T08:16:37+08:00,37175, 100;
2026-08-03T08:16:38+08:00,37175, 100;
2026-08-03T08:16:39+08:00,37175, 100;
2026-08-03T08:16:40+08:00,37175, 100;
2026-08-03T08:16:41+08:00,37175, 100;
2026-08-03T08:16:42+08:00,37175, 100;
2026-08-03T08:16:43+08:00,37175, 100;
2026-08-03T08:16:44+08:00,37175, 100;
2026-08-03T08:16:45+08:00,37175, 100;
2026-08-03T08:16:46+08:00,37175, 100;
2026-08-03T08:16:47+08:00,37175, 100;
2026-08-03T08:16:48+08:00,37175, 100;
2026-08-03T08:16:49+08:00,37175, 100;
2026-08-03T08:16:50+08:00,37175, 100;
2026-08-03T08:16:51+08:00,37175, 100;
2026-08-03T08:16:53+08:00,37175, 100;
2026-08-03T08:16:54+08:00,37175, 100;
2026-08-03T08:16:55+08:00,37175, 100;
2026-08-03T08:16:56+08:00,37175, 100;
2026-08-03T08:16:57+08:00,37175, 100;
2026-08-03T08:16:58+08:00,37175, 100;
2026-08-03T08:16:59+08:00,37175, 100;
2026-08-03T08:17:00+08:00,37175, 100;
2026-08-03T08:17:01+08:00,37175, 100;
2026-08-03T08:17:02+08:00,37175, 100;
2026-08-03T08:17:03+08:00,37175, 100;
2026-08-03T08:17:04+08:00,37175, 100;
2026-08-03T08:17:05+08:00,37175, 100;
2026-08-03T08:17:06+08:00,37175, 100;
2026-08-03T08:17:07+08:00,37175, 100;
2026-08-03T08:17:08+08:00,37175, 100;
2026-08-03T08:17:09+08:00,37175, 100;
2026-08-03T08:17:10+08:00,37175, 100;
2026-08-03T08:17:11+08:00,37175, 100;
2026-08-03T08:17:12+08:00,37175, 100;
2026-08-03T08:17:13+08:00,37175, 100;
2026-08-03T08:17:14+08:00,37175, 100;
2026-08-03T08:17:15+08:00,37175, 100;
2026-08-03T08:17:16+08:00,37175, 100;
2026-08-03T08:17:17+08:00,37175, 100;
2026-08-03T08:17:18+08:00,37175, 100;
2026-08-03T08:17:19+08:00,37175, 100;
2026-08-03T08:17:21+08:00,37175, 100;
2026-08-03T08:17:22+08:00,37175, 100;
2026-08-03T08:17:23+08:00,37175, 100;
2026-08-03T08:17:24+08:00,37175, 100;
2026-08-03T08:17:25+08:00,37175, 100;
2026-08-03T08:17:26+08:00,37175, 100;
2026-08-03T08:17:27+08:00,37175, 100;
2026-08-03T08:17:28+08:00,37175, 100;
2026-08-03T08:17:29+08:00,37175, 100;
2026-08-03T08:17:30+08:00,37175, 100;
2026-08-03T08:17:31+08:00,37175, 100;
2026-08-03T08:17:32+08:00,37175, 100;
2026-08-03T08:17:33+08:00,37175, 100;
2026-08-03T08:17:34+08:00,37175, 100;
2026-08-03T08:17:35+08:00,37175, 100;
2026-08-03T08:17:36+08:00,37175, 100;
2026-08-03T08:17:37+08:00,37175, 100;
2026-08-03T08:17:38+08:00,37175, 100;
2026-08-03T08:17:39+08:00,37175, 100;
2026-08-03T08:17:40+08:00,37175, 100;
2026-08-03T08:17:41+08:00,37175, 100;
2026-08-03T08:17:42+08:00,37175, 100;
2026-08-03T08:17:43+08:00,37175, 100;
2026-08-03T08:17:44+08:00,37175, 100;
2026-08-03T08:17:45+08:00,37175, 100;
2026-08-03T08:17:46+08:00,37175, 100;
2026-08-03T08:17:48+08:00,37175, 100;
2026-08-03T08:17:49+08:00,37175, 100;
2026-08-03T08:17:50+08:00,37175, 100;
2026-08-03T08:17:51+08:00,37175, 100;
2026-08-03T08:17:52+08:00,37175, 100;
2026-08-03T08:17:53+08:00,37175, 100;
2026-08-03T08:17:54+08:00,37175, 100;
2026-08-03T08:17:55+08:00,37175, 100;
2026-08-03T08:17:56+08:00,37175, 100;
2026-08-03T08:17:57+08:00,37175, 100;
2026-08-03T08:17:58+08:00,37175, 100;
2026-08-03T08:17:59+08:00,37175, 100;
2026-08-03T08:18:00+08:00,37175, 100;
2026-08-03T08:18:01+08:00,37175, 100;
2026-08-03T08:18:02+08:00,37175, 100;
2026-08-03T08:18:03+08:00,37175, 100;
2026-08-03T08:18:04+08:00,37175, 100;
2026-08-03T08:18:05+08:00,37175, 100;
2026-08-03T08:18:06+08:00,37175, 100;
2026-08-03T08:18:07+08:00,37175, 100;
2026-08-03T08:18:08+08:00,37175, 100;
2026-08-03T08:18:09+08:00,37175, 100;
2026-08-03T08:18:10+08:00,37175, 100;
2026-08-03T08:18:11+08:00,37175, 100;
2026-08-03T08:18:12+08:00,37175, 100;
2026-08-03T08:18:14+08:00,37175, 100;
2026-08-03T08:18:15+08:00,37175, 100;
2026-08-03T08:18:16+08:00,37175, 100;
2026-08-03T08:18:17+08:00,37175, 100;
2026-08-03T08:18:18+08:00,37175, 100;
2026-08-03T08:18:19+08:00,37175, 100;
2026-08-03T08:18:20+08:00,37175, 100;
2026-08-03T08:18:21+08:00,37175, 100;
2026-08-03T08:18:22+08:00,37175, 100;
2026-08-03T08:18:23+08:00,37175, 100;
2026-08-03T08:18:24+08:00,37175, 100;
2026-08-03T08:18:25+08:00,37175, 100;
2026-08-03T08:18:26+08:00,37175, 100;
2026-08-03T08:18:27+08:00,37175, 100;
2026-08-03T08:18:28+08:00,37175, 100;
2026-08-03T08:18:29+08:00,37175, 100;
2026-08-03T08:18:30+08:00,37175, 100;
2026-08-03T08:18:31+08:00,37175, 100;
2026-08-03T08:18:32+08:00,37175, 100;
2026-08-03T08:18:33+08:00,37175, 100;
2026-08-03T08:18:34+08:00,37175, 100;
2026-08-03T08:18:35+08:00,37175, 100;
2026-08-03T08:18:36+08:00,37175, 100;
2026-08-03T08:18:37+08:00,37175, 100;
2026-08-03T08:18:38+08:00,37175, 100;
2026-08-03T08:18:39+08:00,37175, 100;
2026-08-03T08:18:40+08:00,37175, 100;
2026-08-03T08:18:42+08:00,37175, 100;
2026-08-03T08:18:43+08:00,37175, 100;
2026-08-03T08:18:44+08:00,37175, 100;
2026-08-03T08:18:45+08:00,37175, 100;
2026-08-03T08:18:46+08:00,37175, 100;
2026-08-03T08:18:47+08:00,37175, 100;
2026-08-03T08:18:48+08:00,37175, 100;
2026-08-03T08:18:49+08:00,37175, 100;
2026-08-03T08:18:50+08:00,37175, 100;
2026-08-03T08:18:51+08:00,37175, 100;
2026-08-03T08:18:52+08:00,37175, 100;
2026-08-03T08:18:53+08:00,37175, 100;
2026-08-03T08:18:54+08:00,37175, 100;
2026-08-03T08:18:55+08:00,37175, 100;
2026-08-03T08:18:56+08:00,37175, 100;
2026-08-03T08:18:57+08:00,37175, 100;
2026-08-03T08:18:58+08:00,37175, 100;
2026-08-03T08:18:59+08:00,37175, 100;
2026-08-03T08:19:00+08:00,37175, 100;
2026-08-03T08:19:01+08:00,37175, 100;
2026-08-03T08:19:02+08:00,37175, 100;
2026-08-03T08:19:03+08:00,37175, 100;
2026-08-03T08:19:04+08:00,37175, 100;
2026-08-03T08:19:05+08:00,37175, 100;
2026-08-03T08:19:06+08:00,37175, 100;
2026-08-03T08:19:07+08:00,37175, 100;
2026-08-03T08:19:09+08:00,37175, 100;
2026-08-03T08:19:10+08:00,37175, 100;
2026-08-03T08:19:11+08:00,37175, 100;
2026-08-03T08:19:12+08:00,37175, 100;
2026-08-03T08:19:13+08:00,37175, 100;
2026-08-03T08:19:14+08:00,37175, 100;
2026-08-03T08:19:15+08:00,37175, 100;
2026-08-03T08:19:16+08:00,37175, 100;
2026-08-03T08:19:17+08:00,37175, 100;
2026-08-03T08:19:18+08:00,37175, 100;
2026-08-03T08:19:19+08:00,37175, 100;
2026-08-03T08:19:20+08:00,37175, 100;
2026-08-03T08:19:21+08:00,37175, 100;
2026-08-03T08:19:22+08:00,37175, 100;
2026-08-03T08:19:23+08:00,37175, 100;
2026-08-03T08:19:24+08:00,37175, 100;
2026-08-03T08:19:25+08:00,37175, 100;
2026-08-03T08:19:26+08:00,37175, 100;
2026-08-03T08:19:27+08:00,37175, 100;
2026-08-03T08:19:28+08:00,37175, 100;
2026-08-03T08:19:29+08:00,37175, 100;
2026-08-03T08:19:30+08:00,37175, 100;
2026-08-03T08:19:31+08:00,37175, 100;
2026-08-03T08:19:32+08:00,37175, 100;
2026-08-03T08:19:33+08:00,37175, 100;
2026-08-03T08:19:34+08:00,37175, 100;
2026-08-03T08:19:36+08:00,37175, 100;
2026-08-03T08:19:37+08:00,37175, 100;
2026-08-03T08:19:38+08:00,37175, 100;
2026-08-03T08:19:39+08:00,37175, 100;
2026-08-03T08:19:40+08:00,37175, 100;
2026-08-03T08:19:41+08:00,37175, 100;
2026-08-03T08:19:42+08:00,37175, 100;
2026-08-03T08:19:43+08:00,37175, 100;
2026-08-03T08:19:44+08:00,37175, 100;
2026-08-03T08:19:45+08:00,37175, 100;
2026-08-03T08:19:46+08:00,37175, 100;
2026-08-03T08:19:47+08:00,37175, 100;
2026-08-03T08:19:48+08:00,37175, 100;
2026-08-03T08:19:49+08:00,37175, 100;
2026-08-03T08:19:50+08:00,37175, 100;
2026-08-03T08:19:51+08:00,37175, 100;
2026-08-03T08:19:52+08:00,37175, 100;
2026-08-03T08:19:53+08:00,37175, 100;
2026-08-03T08:19:54+08:00,37175, 100;
2026-08-03T08:19:55+08:00,37175, 100;
2026-08-03T08:19:56+08:00,37175, 100;
2026-08-03T08:19:57+08:00,37175, 100;
2026-08-03T08:19:58+08:00,37175, 100;
2026-08-03T08:19:59+08:00,37175, 100;
2026-08-03T08:20:00+08:00,37175, 100;
2026-08-03T08:20:01+08:00,37175, 100;
2026-08-03T08:20:03+08:00,37175, 100;
2026-08-03T08:20:04+08:00,37175, 100;
2026-08-03T08:20:05+08:00,37175, 100;
2026-08-03T08:20:06+08:00,37175, 100;
2026-08-03T08:20:07+08:00,37175, 100;
2026-08-03T08:20:08+08:00,37175, 100;
2026-08-03T08:20:09+08:00,37175, 100;
2026-08-03T08:20:10+08:00,37175, 100;
2026-08-03T08:20:11+08:00,37175, 100;
2026-08-03T08:20:12+08:00,37175, 100;
2026-08-03T08:20:13+08:00,37175, 100;
2026-08-03T08:20:14+08:00,37175, 100;
2026-08-03T08:20:15+08:00,37175, 100;
2026-08-03T08:20:16+08:00,37175, 100;
2026-08-03T08:20:17+08:00,37175, 100;
2026-08-03T08:20:18+08:00,37175, 100;
2026-08-03T08:20:19+08:00,37175, 100;
2026-08-03T08:20:20+08:00,37175, 100;
2026-08-03T08:20:21+08:00,37175, 100;
2026-08-03T08:20:22+08:00,37175, 100;
2026-08-03T08:20:23+08:00,37175, 100;
2026-08-03T08:20:24+08:00,37175, 100;
2026-08-03T08:20:25+08:00,37175, 100;
2026-08-03T08:20:26+08:00,37175, 100;
2026-08-03T08:20:27+08:00,37175, 100;
2026-08-03T08:20:28+08:00,37175, 100;
2026-08-03T08:20:29+08:00,37175, 100;
2026-08-03T08:20:31+08:00,37175, 100;
2026-08-03T08:20:32+08:00,37175, 100;
2026-08-03T08:20:33+08:00,37175, 100;
2026-08-03T08:20:34+08:00,37175, 100;
2026-08-03T08:20:35+08:00,37175, 100;
2026-08-03T08:20:36+08:00,37175, 100;
2026-08-03T08:20:37+08:00,37175, 100;
2026-08-03T08:20:38+08:00,37175, 100;
2026-08-03T08:20:39+08:00,37175, 100;
2026-08-03T08:20:40+08:00,37175, 100;
2026-08-03T08:20:41+08:00,37175, 100;
2026-08-03T08:20:42+08:00,37175, 100;
2026-08-03T08:20:43+08:00,37175, 100;
2026-08-03T08:20:44+08:00,37175, 100;
2026-08-03T08:20:45+08:00,37175, 100;
2026-08-03T08:20:46+08:00,37175, 100;
2026-08-03T08:20:47+08:00,37175, 100;
2026-08-03T08:20:48+08:00,37175, 100;
2026-08-03T08:20:49+08:00,37175, 100;
2026-08-03T08:20:50+08:00,37175, 100;
2026-08-03T08:20:51+08:00,37175, 100;
2026-08-03T08:20:52+08:00,37175, 100;
2026-08-03T08:20:53+08:00,37175, 100;
2026-08-03T08:20:54+08:00,37175, 100;
2026-08-03T08:20:55+08:00,37175, 100;
2026-08-03T08:20:56+08:00,37175, 100;
2026-08-03T08:20:58+08:00,37175, 100;
2026-08-03T08:20:59+08:00,37175, 100;
2026-08-03T08:21:00+08:00,37175, 100;
2026-08-03T08:21:01+08:00,37175, 100;
2026-08-03T08:21:02+08:00,37175, 100;
2026-08-03T08:21:03+08:00,37175, 100;
2026-08-03T08:21:04+08:00,37175, 100;
2026-08-03T08:21:05+08:00,37175, 100;
2026-08-03T08:21:06+08:00,37175, 100;
2026-08-03T08:21:07+08:00,37175, 100;
2026-08-03T08:21:08+08:00,37175, 100;
2026-08-03T08:21:09+08:00,37175, 100;
2026-08-03T08:21:10+08:00,37175, 100;
2026-08-03T08:21:11+08:00,37175, 100;
2026-08-03T08:21:12+08:00,37175, 100;
2026-08-03T08:21:13+08:00,37175, 100;
2026-08-03T08:21:14+08:00,37175, 100;
2026-08-03T08:21:15+08:00,37175, 100;
2026-08-03T08:21:16+08:00,37175, 100;
2026-08-03T08:21:17+08:00,37175, 100;
2026-08-03T08:21:18+08:00,37175, 100;
2026-08-03T08:21:19+08:00,37175, 100;
2026-08-03T08:21:20+08:00,37175, 100;
2026-08-03T08:21:21+08:00,37175, 100;
2026-08-03T08:21:22+08:00,37175, 100;
2026-08-03T08:21:23+08:00,37175, 100;
2026-08-03T08:21:25+08:00,37175, 100;
2026-08-03T08:21:26+08:00,37175, 100;
2026-08-03T08:21:27+08:00,37175, 100;
2026-08-03T08:21:28+08:00,37175, 100;
2026-08-03T08:21:29+08:00,37175, 100;
2026-08-03T08:21:30+08:00,37175, 100;
2026-08-03T08:21:31+08:00,37175, 100;
2026-08-03T08:21:32+08:00,37175, 100;
2026-08-03T08:21:33+08:00,37175, 100;
2026-08-03T08:21:34+08:00,37175, 100;
2026-08-03T08:21:35+08:00,37175, 100;
2026-08-03T08:21:36+08:00,37175, 100;
2026-08-03T08:21:37+08:00,37175, 100;
2026-08-03T08:21:38+08:00,37175, 100;
2026-08-03T08:21:39+08:00,37175, 100;
2026-08-03T08:21:40+08:00,37175, 100;
2026-08-03T08:21:41+08:00,37175, 100;
2026-08-03T08:21:42+08:00,37175, 100;
2026-08-03T08:21:43+08:00,37175, 100;
2026-08-03T08:21:44+08:00,37175, 100;
2026-08-03T08:21:45+08:00,37175, 100;
2026-08-03T08:21:46+08:00,37175, 100;
2026-08-03T08:21:47+08:00,37175, 100;
2026-08-03T08:21:48+08:00,37175, 100;
2026-08-03T08:21:49+08:00,37175, 100;
2026-08-03T08:21:50+08:00,37175, 100;
2026-08-03T08:21:52+08:00,37175, 100;
2026-08-03T08:21:53+08:00,37175, 100;
2026-08-03T08:21:54+08:00,37175, 100;
2026-08-03T08:21:55+08:00,37175, 100;
2026-08-03T08:21:56+08:00,37175, 100;
2026-08-03T08:21:57+08:00,37175, 100;
2026-08-03T08:21:58+08:00,37175, 100;
2026-08-03T08:21:59+08:00,37175, 100;
2026-08-03T08:22:00+08:00,37175, 100;
2026-08-03T08:22:01+08:00,37175, 100;
2026-08-03T08:22:02+08:00,37175, 100;
2026-08-03T08:22:03+08:00,37175, 100;
2026-08-03T08:22:04+08:00,37175, 100;
2026-08-03T08:22:05+08:00,37175, 100;
2026-08-03T08:22:06+08:00,37175, 100;
2026-08-03T08:22:07+08:00,37175, 100;
2026-08-03T08:22:08+08:00,37175, 100;
2026-08-03T08:22:09+08:00,37175, 100;
2026-08-03T08:22:10+08:00,37175, 100;
2026-08-03T08:22:11+08:00,37175, 100;
2026-08-03T08:22:12+08:00,37175, 100;
2026-08-03T08:22:13+08:00,37175, 100;
2026-08-03T08:22:14+08:00,37175, 100;
2026-08-03T08:22:15+08:00,37175, 100;
2026-08-03T08:22:16+08:00,37175, 100;
2026-08-03T08:22:17+08:00,37175, 100;
2026-08-03T08:22:19+08:00,37175, 100;
2026-08-03T08:22:20+08:00,37175, 100;
2026-08-03T08:22:21+08:00,37175, 100;
2026-08-03T08:22:22+08:00,37175, 100;
2026-08-03T08:22:23+08:00,37175, 100;
2026-08-03T08:22:24+08:00,37175, 100;
2026-08-03T08:22:25+08:00,37175, 100;
2026-08-03T08:22:26+08:00,37175, 100;
2026-08-03T08:22:27+08:00,37175, 100;
2026-08-03T08:22:28+08:00,37175, 100;
2026-08-03T08:22:29+08:00,37175, 100;
2026-08-03T08:22:30+08:00,37175, 100;
2026-08-03T08:22:31+08:00,37175, 100;
2026-08-03T08:22:32+08:00,37175, 100;
2026-08-03T08:22:33+08:00,37175, 100;
2026-08-03T08:22:34+08:00,37175, 100;
2026-08-03T08:22:35+08:00,37175, 100;
2026-08-03T08:22:36+08:00,37175, 100;
2026-08-03T08:22:37+08:00,37175, 100;
2026-08-03T08:22:38+08:00,37175, 100;
2026-08-03T08:22:39+08:00,37175, 100;
2026-08-03T08:22:40+08:00,37175, 100;
2026-08-03T08:22:41+08:00,37175, 100;
2026-08-03T08:22:42+08:00,37175, 100;
2026-08-03T08:22:43+08:00,37175, 100;
2026-08-03T08:22:44+08:00,37175, 100;
2026-08-03T08:22:46+08:00,37175, 100;
2026-08-03T08:22:47+08:00,37175, 100;
2026-08-03T08:22:48+08:00,37175, 100;
2026-08-03T08:22:49+08:00,37175, 100;
2026-08-03T08:22:50+08:00,37175, 100;
2026-08-03T08:22:51+08:00,37175, 100;
2026-08-03T08:22:52+08:00,37175, 100;
2026-08-03T08:22:53+08:00,37175, 100;
2026-08-03T08:22:54+08:00,37175, 100;
2026-08-03T08:22:55+08:00,37175, 100;
2026-08-03T08:22:56+08:00,37175, 100;
2026-08-03T08:22:57+08:00,37175, 100;
2026-08-03T08:22:58+08:00,37175, 100;
2026-08-03T08:22:59+08:00,37175, 100;
2026-08-03T08:23:00+08:00,37175, 100;
2026-08-03T08:23:01+08:00,37175, 100;
2026-08-03T08:23:02+08:00,37175, 100;
2026-08-03T08:23:03+08:00,37175, 100;
2026-08-03T08:23:04+08:00,37175, 100;
2026-08-03T08:23:05+08:00,37175, 100;
2026-08-03T08:23:06+08:00,37175, 100;
2026-08-03T08:23:07+08:00,37175, 100;
2026-08-03T08:23:08+08:00,37175, 100;
2026-08-03T08:23:09+08:00,37175, 100;
2026-08-03T08:23:10+08:00,37175, 100;
2026-08-03T08:23:11+08:00,37175, 100;
2026-08-03T08:23:13+08:00,37175, 100;
2026-08-03T08:23:14+08:00,37175, 100;
2026-08-03T08:23:15+08:00,37175, 100;
2026-08-03T08:23:16+08:00,37175, 100;
2026-08-03T08:23:17+08:00,37175, 100;
2026-08-03T08:23:18+08:00,37175, 100;
2026-08-03T08:23:19+08:00,37175, 100;
2026-08-03T08:23:20+08:00,37175, 100;
2026-08-03T08:23:21+08:00,37175, 100;
2026-08-03T08:23:22+08:00,37175, 100;
2026-08-03T08:23:23+08:00,37175, 100;
2026-08-03T08:23:24+08:00,37175, 100;
2026-08-03T08:23:25+08:00,37175, 100;
2026-08-03T08:23:26+08:00,37175, 100;
2026-08-03T08:23:27+08:00,37175, 100;
2026-08-03T08:23:28+08:00,37175, 100;
2026-08-03T08:23:29+08:00,37175, 100;
2026-08-03T08:23:30+08:00,37175, 100;
2026-08-03T08:23:31+08:00,37175, 100;
2026-08-03T08:23:32+08:00,37175, 100;
2026-08-03T08:23:33+08:00,37175, 100;
2026-08-03T08:23:34+08:00,37175, 100;
2026-08-03T08:23:35+08:00,37175, 100;
2026-08-03T08:23:36+08:00,37175, 100;
2026-08-03T08:23:37+08:00,37175, 100;
2026-08-03T08:23:38+08:00,37175, 100;
2026-08-03T08:23:39+08:00,37175, 100;
2026-08-03T08:23:41+08:00,37175, 100;
2026-08-03T08:23:42+08:00,37175, 100;
2026-08-03T08:23:43+08:00,37175, 100;
2026-08-03T08:23:44+08:00,37175, 100;
2026-08-03T08:23:45+08:00,37175, 100;
2026-08-03T08:23:46+08:00,37175, 100;
2026-08-03T08:23:47+08:00,37175, 100;
2026-08-03T08:23:48+08:00,37175, 100;
2026-08-03T08:23:49+08:00,37175, 100;
2026-08-03T08:23:50+08:00,37175, 100;
2026-08-03T08:23:51+08:00,37175, 100;
2026-08-03T08:23:52+08:00,37175, 100;
2026-08-03T08:23:53+08:00,37175, 100;
2026-08-03T08:23:54+08:00,37175, 100;
2026-08-03T08:23:55+08:00,37175, 100;
2026-08-03T08:23:56+08:00,37175, 100;
2026-08-03T08:23:57+08:00,37175, 100;
2026-08-03T08:23:58+08:00,37175, 100;
2026-08-03T08:23:59+08:00,37175, 100;
2026-08-03T08:24:00+08:00,37175, 100;
2026-08-03T08:24:01+08:00,37175, 100;
2026-08-03T08:24:02+08:00,37175, 100;
2026-08-03T08:24:03+08:00,37175, 100;
2026-08-03T08:24:04+08:00,37175, 100;
2026-08-03T08:24:05+08:00,37175, 100;
2026-08-03T08:24:06+08:00,37175, 100;
2026-08-03T08:24:08+08:00,37175, 100;
2026-08-03T08:24:09+08:00,37175, 100;
2026-08-03T08:24:10+08:00,37175, 100;
2026-08-03T08:24:11+08:00,37175, 100;
2026-08-03T08:24:12+08:00,37175, 100;
2026-08-03T08:24:13+08:00,37175, 100;
2026-08-03T08:24:14+08:00,37175, 100;
2026-08-03T08:24:15+08:00,37175, 100;
2026-08-03T08:24:16+08:00,37175, 100;
2026-08-03T08:24:17+08:00,37175, 100;
2026-08-03T08:24:18+08:00,37175, 100;
2026-08-03T08:24:19+08:00,37175, 100;
2026-08-03T08:24:20+08:00,37175, 100;
2026-08-03T08:24:21+08:00,37175, 100;
2026-08-03T08:24:22+08:00,37175, 100;
2026-08-03T08:24:23+08:00,37175, 100;
2026-08-03T08:24:24+08:00,37175, 100;
2026-08-03T08:24:25+08:00,37175, 100;
2026-08-03T08:24:26+08:00,37175, 100;
2026-08-03T08:24:27+08:00,37175, 100;
2026-08-03T08:24:28+08:00,37175, 100;
2026-08-03T08:24:29+08:00,37175, 100;
2026-08-03T08:24:30+08:00,37175, 100;
2026-08-03T08:24:31+08:00,37175, 100;
2026-08-03T08:24:32+08:00,37175, 100;
2026-08-03T08:24:33+08:00,37175, 100;
2026-08-03T08:24:35+08:00,37175, 100;
2026-08-03T08:24:36+08:00,37175, 100;
2026-08-03T08:24:37+08:00,37175, 100;
2026-08-03T08:24:38+08:00,37175, 100;
2026-08-03T08:24:39+08:00,37175, 100;
2026-08-03T08:24:40+08:00,37175, 100;
2026-08-03T08:24:41+08:00,37175, 100;
2026-08-03T08:24:42+08:00,37175, 100;
2026-08-03T08:24:43+08:00,37175, 100;
2026-08-03T08:24:44+08:00,37175, 100;
2026-08-03T08:24:45+08:00,37175, 100;
2026-08-03T08:24:46+08:00,37175, 100;
2026-08-03T08:24:47+08:00,37175, 100;
2026-08-03T08:24:48+08:00,37175, 100;
2026-08-03T08:24:49+08:00,37175, 100;
2026-08-03T08:24:50+08:00,37175, 100;
2026-08-03T08:24:51+08:00,37175, 100;
2026-08-03T08:24:52+08:00,37175, 100;
2026-08-03T08:24:53+08:00,37175, 100;
2026-08-03T08:24:54+08:00,37175, 100;
2026-08-03T08:24:55+08:00,37175, 100;
2026-08-03T08:24:56+08:00,37175, 100;
2026-08-03T08:24:57+08:00,37175, 100;
2026-08-03T08:24:58+08:00,37175, 100;
2026-08-03T08:24:59+08:00,37175, 100;
2026-08-03T08:25:00+08:00,37175, 100;
2026-08-03T08:25:02+08:00,37175, 100;
2026-08-03T08:25:03+08:00,37175, 100;
2026-08-03T08:25:04+08:00,37175, 100;
2026-08-03T08:25:05+08:00,37175, 100;
2026-08-03T08:25:06+08:00,37175, 100;
2026-08-03T08:25:07+08:00,37175, 100;
2026-08-03T08:25:08+08:00,37175, 100;
2026-08-03T08:25:09+08:00,37175, 100;
2026-08-03T08:25:10+08:00,37175, 100;
2026-08-03T08:25:11+08:00,37175, 100;
2026-08-03T08:25:12+08:00,37175, 100;
2026-08-03T08:25:13+08:00,37175, 100;
2026-08-03T08:25:14+08:00,37175, 100;
2026-08-03T08:25:15+08:00,37175, 100;
2026-08-03T08:25:16+08:00,37175, 100;
2026-08-03T08:25:17+08:00,37175, 100;
2026-08-03T08:25:18+08:00,37175, 100;
2026-08-03T08:25:19+08:00,37175, 100;
2026-08-03T08:25:20+08:00,37175, 100;
2026-08-03T08:25:21+08:00,37175, 100;
2026-08-03T08:25:22+08:00,37175, 100;
2026-08-03T08:25:23+08:00,37175, 100;
2026-08-03T08:25:24+08:00,37175, 100;
2026-08-03T08:25:25+08:00,37175, 100;
2026-08-03T08:25:26+08:00,37175, 100;
2026-08-03T08:25:27+08:00,37175, 100;
2026-08-03T08:25:29+08:00,37175, 100;
2026-08-03T08:25:30+08:00,37175, 100;
2026-08-03T08:25:31+08:00,37175, 100;
2026-08-03T08:25:32+08:00,37175, 100;
2026-08-03T08:25:33+08:00,37175, 100;
2026-08-03T08:25:34+08:00,37175, 100;
2026-08-03T08:25:35+08:00,37175, 100;
2026-08-03T08:25:36+08:00,37175, 100;
2026-08-03T08:25:37+08:00,37175, 100;
2026-08-03T08:25:38+08:00,37175, 100;
2026-08-03T08:25:39+08:00,37175, 100;
2026-08-03T08:25:40+08:00,37175, 100;
2026-08-03T08:25:41+08:00,37175, 100;
2026-08-03T08:25:42+08:00,37175, 100;
2026-08-03T08:25:43+08:00,37175, 100;
2026-08-03T08:25:44+08:00,37175, 100;
2026-08-03T08:25:45+08:00,37175, 100;
2026-08-03T08:25:46+08:00,37175, 100;
2026-08-03T08:25:47+08:00,37175, 100;
2026-08-03T08:25:48+08:00,37175, 100;
2026-08-03T08:25:49+08:00,37175, 100;
2026-08-03T08:25:50+08:00,37175, 100;
2026-08-03T08:25:51+08:00,37175, 100;
2026-08-03T08:25:52+08:00,37175, 100;
2026-08-03T08:25:53+08:00,37175, 100;
2026-08-03T08:25:54+08:00,37175, 100;
2026-08-03T08:25:56+08:00,37175, 100;
2026-08-03T08:25:57+08:00,37175, 100;
2026-08-03T08:25:58+08:00,37175, 100;
2026-08-03T08:25:59+08:00,37175, 100;
2026-08-03T08:26:00+08:00,37175, 100;
2026-08-03T08:26:01+08:00,37175, 100;
2026-08-03T08:26:02+08:00,37175, 100;
2026-08-03T08:26:03+08:00,37175, 100;
2026-08-03T08:26:04+08:00,37175, 100;
2026-08-03T08:26:05+08:00,37175, 100;
2026-08-03T08:26:06+08:00,37175, 100;
2026-08-03T08:26:07+08:00,37175, 100;
2026-08-03T08:26:08+08:00,37175, 100;
2026-08-03T08:26:09+08:00,37175, 100;
2026-08-03T08:26:10+08:00,37175, 100;
2026-08-03T08:26:11+08:00,37175, 100;
2026-08-03T08:26:12+08:00,37175, 100;
2026-08-03T08:26:13+08:00,37175, 100;
2026-08-03T08:26:14+08:00,37175, 100;
2026-08-03T08:26:15+08:00,37175, 100;
2026-08-03T08:26:16+08:00,37175, 100;
2026-08-03T08:26:17+08:00,37175, 100;
2026-08-03T08:26:18+08:00,37175, 100;
2026-08-03T08:26:19+08:00,37175, 100;
2026-08-03T08:26:20+08:00,37175, 100;
2026-08-03T08:26:21+08:00,37175, 100;
2026-08-03T08:26:23+08:00,37175, 100;
2026-08-03T08:26:24+08:00,37175, 100;
2026-08-03T08:26:25+08:00,37175, 100;
2026-08-03T08:26:26+08:00,37175, 100;
2026-08-03T08:26:27+08:00,37175, 100;
2026-08-03T08:26:28+08:00,37175, 100;
2026-08-03T08:26:29+08:00,37175, 100;
2026-08-03T08:26:30+08:00,37175, 100;
2026-08-03T08:26:31+08:00,37175, 100;
2026-08-03T08:26:32+08:00,37175, 100;
2026-08-03T08:26:33+08:00,37175, 100;
2026-08-03T08:26:34+08:00,37175, 100;
2026-08-03T08:26:35+08:00,37175, 100;
2026-08-03T08:26:36+08:00,37175, 100;
2026-08-03T08:26:37+08:00,37175, 100;
2026-08-03T08:26:38+08:00,37175, 100;
2026-08-03T08:26:39+08:00,37175, 100;
2026-08-03T08:26:40+08:00,37175, 100;
2026-08-03T08:26:41+08:00,37175, 100;
2026-08-03T08:26:42+08:00,37175, 100;
2026-08-03T08:26:43+08:00,37175, 100;
2026-08-03T08:26:44+08:00,37175, 100;
2026-08-03T08:26:45+08:00,37175, 100;
2026-08-03T08:26:46+08:00,37175, 100;
2026-08-03T08:26:47+08:00,37175, 100;
2026-08-03T08:26:48+08:00,37175, 100;
2026-08-03T08:26:49+08:00,37175, 100;
2026-08-03T08:26:51+08:00,37175, 100;
2026-08-03T08:26:52+08:00,37175, 100;
2026-08-03T08:26:53+08:00,37175, 100;
2026-08-03T08:26:54+08:00,37175, 100;
2026-08-03T08:26:55+08:00,37175, 100;
2026-08-03T08:26:56+08:00,37175, 100;
2026-08-03T08:26:57+08:00,37175, 100;
2026-08-03T08:26:58+08:00,37175, 100;
2026-08-03T08:26:59+08:00,37175, 100;
2026-08-03T08:27:00+08:00,37175, 100;
2026-08-03T08:27:01+08:00,37175, 100;
2026-08-03T08:27:02+08:00,37175, 100;
2026-08-03T08:27:03+08:00,37175, 100;
2026-08-03T08:27:04+08:00,37175, 100;
2026-08-03T08:27:05+08:00,37175, 100;
2026-08-03T08:27:06+08:00,37175, 100;
2026-08-03T08:27:07+08:00,37175, 100;
2026-08-03T08:27:08+08:00,37175, 100;
2026-08-03T08:27:09+08:00,37175, 100;
2026-08-03T08:27:10+08:00,37175, 100;
2026-08-03T08:27:11+08:00,37175, 100;
2026-08-03T08:27:12+08:00,37175, 100;
2026-08-03T08:27:13+08:00,37175, 100;
2026-08-03T08:27:14+08:00,37175, 100;
2026-08-03T08:27:15+08:00,37175, 100;
2026-08-03T08:27:16+08:00,37175, 100;
2026-08-03T08:27:18+08:00,37175, 100;
2026-08-03T08:27:19+08:00,37175, 100;
2026-08-03T08:27:20+08:00,37175, 100;
2026-08-03T08:27:21+08:00,37175, 100;
2026-08-03T08:27:22+08:00,37175, 100;
2026-08-03T08:27:23+08:00,37175, 100;
2026-08-03T08:27:24+08:00,37175, 100;
2026-08-03T08:27:25+08:00,37175, 100;
2026-08-03T08:27:26+08:00,37175, 100;
2026-08-03T08:27:27+08:00,37175, 100;
2026-08-03T08:27:28+08:00,37175, 100;
2026-08-03T08:27:29+08:00,37175, 100;
2026-08-03T08:27:30+08:00,37175, 100;
2026-08-03T08:27:31+08:00,37175, 100;
2026-08-03T08:27:32+08:00,37175, 100;
2026-08-03T08:27:33+08:00,37175, 100;
2026-08-03T08:27:34+08:00,37175, 100;
2026-08-03T08:27:35+08:00,37175, 100;
2026-08-03T08:27:36+08:00,37175, 100;
2026-08-03T08:27:37+08:00,37175, 100;
2026-08-03T08:27:38+08:00,37175, 100;
2026-08-03T08:27:39+08:00,37175, 100;
2026-08-03T08:27:40+08:00,37175, 100;
2026-08-03T08:27:41+08:00,37175, 100;
2026-08-03T08:27:42+08:00,37175, 100;
2026-08-03T08:27:43+08:00,37175, 100;
2026-08-03T08:27:44+08:00,37175, 100;
2026-08-03T08:27:46+08:00,37175, 100;
2026-08-03T08:27:47+08:00,37175, 100;
2026-08-03T08:27:48+08:00,37175, 100;
2026-08-03T08:27:49+08:00,37175, 100;
2026-08-03T08:27:50+08:00,37175, 100;
2026-08-03T08:27:51+08:00,37175, 100;
2026-08-03T08:27:52+08:00,37175, 100;
2026-08-03T08:27:53+08:00,37175, 100;
2026-08-03T08:27:54+08:00,37175, 100;
2026-08-03T08:27:55+08:00,37175, 100;
2026-08-03T08:27:56+08:00,37175, 100;
2026-08-03T08:27:57+08:00,37175, 100;
2026-08-03T08:27:58+08:00,37175, 100;
2026-08-03T08:27:59+08:00,37175, 100;
2026-08-03T08:28:00+08:00,37175, 100;
2026-08-03T08:28:01+08:00,37175, 100;
2026-08-03T08:28:02+08:00,37175, 100;
2026-08-03T08:28:03+08:00,37175, 100;
2026-08-03T08:28:04+08:00,37175, 100;
2026-08-03T08:28:05+08:00,37175, 100;
2026-08-03T08:28:06+08:00,37175, 100;
2026-08-03T08:28:07+08:00,37175, 100;
2026-08-03T08:28:08+08:00,37175, 100;
2026-08-03T08:28:09+08:00,37175, 100;
2026-08-03T08:28:10+08:00,37175, 100;
2026-08-03T08:28:11+08:00,37175, 100;
2026-08-03T08:28:13+08:00,37175, 100;
2026-08-03T08:28:14+08:00,37175, 100;
2026-08-03T08:28:15+08:00,37175, 100;
2026-08-03T08:28:16+08:00,37175, 100;
2026-08-03T08:28:17+08:00,37175, 100;
2026-08-03T08:28:18+08:00,37175, 100;
2026-08-03T08:28:19+08:00,37175, 100;
2026-08-03T08:28:20+08:00,37175, 100;
2026-08-03T08:28:21+08:00,37175, 100;
2026-08-03T08:28:22+08:00,37175, 100;
2026-08-03T08:28:23+08:00,37175, 100;
2026-08-03T08:28:24+08:00,37175, 100;
2026-08-03T08:28:25+08:00,37175, 100;
2026-08-03T08:28:26+08:00,37175, 100;
2026-08-03T08:28:27+08:00,37175, 100;
2026-08-03T08:28:28+08:00,37175, 100;
2026-08-03T08:28:29+08:00,37175, 100;
2026-08-03T08:28:30+08:00,37175, 100;
2026-08-03T08:28:31+08:00,37175, 100;
2026-08-03T08:28:32+08:00,37175, 100;
2026-08-03T08:28:33+08:00,37175, 100;
2026-08-03T08:28:34+08:00,37175, 100;
2026-08-03T08:28:35+08:00,37175, 100;
2026-08-03T08:28:36+08:00,37175, 100;
2026-08-03T08:28:37+08:00,37175, 100;
2026-08-03T08:28:38+08:00,37175, 100;
2026-08-03T08:28:39+08:00,37175, 100;
2026-08-03T08:28:41+08:00,37175, 100;
2026-08-03T08:28:42+08:00,37175, 100;
2026-08-03T08:28:43+08:00,37175, 100;
2026-08-03T08:28:44+08:00,37175, 100;
2026-08-03T08:28:45+08:00,37175, 100;
2026-08-03T08:28:46+08:00,37175, 100;
2026-08-03T08:28:47+08:00,37175, 100;
2026-08-03T08:28:48+08:00,37175, 100;
2026-08-03T08:28:49+08:00,37175, 100;
2026-08-03T08:28:50+08:00,37175, 100;
2026-08-03T08:28:51+08:00,37175, 100;
2026-08-03T08:28:52+08:00,37175, 100;
2026-08-03T08:28:53+08:00,37175, 100;
2026-08-03T08:28:54+08:00,37175, 100;
2026-08-03T08:28:55+08:00,37175, 100;
2026-08-03T08:28:56+08:00,37175, 100;
2026-08-03T08:28:57+08:00,37175, 100;
2026-08-03T08:28:58+08:00,37175, 100;
2026-08-03T08:28:59+08:00,37175, 100;
2026-08-03T08:29:00+08:00,37175, 100;
2026-08-03T08:29:01+08:00,37175, 100;
2026-08-03T08:29:02+08:00,37175, 100;
2026-08-03T08:29:03+08:00,37175, 100;
2026-08-03T08:29:04+08:00,37175, 100;
2026-08-03T08:29:05+08:00,37175, 100;
2026-08-03T08:29:06+08:00,37175, 100;
2026-08-03T08:29:08+08:00,37175, 100;
2026-08-03T08:29:09+08:00,37175, 100;
2026-08-03T08:29:10+08:00,37175, 100;
2026-08-03T08:29:11+08:00,37175, 100;
2026-08-03T08:29:12+08:00,37175, 100;
2026-08-03T08:29:13+08:00,37175, 100;
2026-08-03T08:29:14+08:00,37175, 100;
2026-08-03T08:29:15+08:00,37175, 100;
2026-08-03T08:29:16+08:00,37175, 100;
2026-08-03T08:29:17+08:00,37175, 100;
2026-08-03T08:29:18+08:00,37175, 100;
2026-08-03T08:29:19+08:00,37175, 100;
2026-08-03T08:29:20+08:00,37175, 100;
2026-08-03T08:29:21+08:00,37175, 100;
2026-08-03T08:29:22+08:00,37175, 100;
2026-08-03T08:29:23+08:00,37175, 100;
2026-08-03T08:29:24+08:00,37175, 100;
2026-08-03T08:29:25+08:00,37175, 100;
2026-08-03T08:29:26+08:00,37175, 100;
2026-08-03T08:29:27+08:00,37175, 100;
2026-08-03T08:29:28+08:00,37175, 100;
2026-08-03T08:29:29+08:00,37175, 100;
2026-08-03T08:29:30+08:00,37175, 100;
2026-08-03T08:29:31+08:00,37175, 100;
2026-08-03T08:29:32+08:00,37175, 100;
2026-08-03T08:29:33+08:00,37175, 100;
2026-08-03T08:29:35+08:00,37175, 100;
2026-08-03T08:29:36+08:00,37175, 100;
2026-08-03T08:29:37+08:00,37175, 100;
2026-08-03T08:29:38+08:00,37175, 100;
2026-08-03T08:29:39+08:00,37175, 100;
2026-08-03T08:29:40+08:00,37175, 100;
2026-08-03T08:29:41+08:00,37175, 100;
2026-08-03T08:29:42+08:00,37175, 100;
2026-08-03T08:29:43+08:00,37175, 100;
2026-08-03T08:29:44+08:00,37175, 100;
2026-08-03T08:29:45+08:00,37175, 100;
2026-08-03T08:29:46+08:00,37175, 100;
2026-08-03T08:29:47+08:00,37175, 100;
2026-08-03T08:29:48+08:00,37175, 100;
2026-08-03T08:29:49+08:00,37175, 100;
2026-08-03T08:29:50+08:00,37175, 100;
2026-08-03T08:29:51+08:00,37175, 100;
2026-08-03T08:29:52+08:00,37175, 100;
2026-08-03T08:29:53+08:00,37175, 100;
2026-08-03T08:29:54+08:00,37175, 100;
2026-08-03T08:29:55+08:00,37175, 100;
2026-08-03T08:29:56+08:00,37175, 100;
2026-08-03T08:29:57+08:00,37175, 100;
2026-08-03T08:29:58+08:00,37175, 100;
2026-08-03T08:29:59+08:00,37175, 100;
2026-08-03T08:30:00+08:00,37175, 100;
2026-08-03T08:30:02+08:00,37175, 100;
2026-08-03T08:30:03+08:00,37175, 100;
2026-08-03T08:30:04+08:00,37175, 100;
2026-08-03T08:30:05+08:00,37175, 100;
2026-08-03T08:30:06+08:00,37175, 100;
2026-08-03T08:30:07+08:00,37175, 100;
2026-08-03T08:30:08+08:00,37175, 100;
2026-08-03T08:30:09+08:00,37175, 100;
2026-08-03T08:30:10+08:00,37175, 100;
2026-08-03T08:30:11+08:00,37175, 100;
2026-08-03T08:30:12+08:00,37175, 100;
2026-08-03T08:30:13+08:00,37175, 100;
2026-08-03T08:30:14+08:00,37175, 100;
2026-08-03T08:30:15+08:00,37175, 100;
2026-08-03T08:30:16+08:00,37175, 100;
2026-08-03T08:30:17+08:00,37175, 100;
2026-08-03T08:30:18+08:00,37175, 0;
2026-08-03T08:30:19+08:00,37175, 0;
2026-08-03T08:30:20+08:00,37175, 73;
2026-08-03T08:30:21+08:00,37175, 100;
2026-08-03T08:30:22+08:00,37175, 100;
2026-08-03T08:30:23+08:00,37175, 100;
2026-08-03T08:30:24+08:00,37175, 100;
2026-08-03T08:30:25+08:00,37175, 100;
2026-08-03T08:30:26+08:00,37175, 100;
2026-08-03T08:30:27+08:00,37175, 100;
2026-08-03T08:30:29+08:00,37175, 100;
2026-08-03T08:30:30+08:00,37175, 100;
2026-08-03T08:30:31+08:00,37175, 100;
2026-08-03T08:30:32+08:00,37175, 100;
2026-08-03T08:30:33+08:00,37175, 100;
2026-08-03T08:30:34+08:00,37175, 100;
2026-08-03T08:30:35+08:00,37175, 100;
2026-08-03T08:30:36+08:00,37175, 100;
2026-08-03T08:30:37+08:00,37175, 100;
2026-08-03T08:30:38+08:00,37175, 100;
2026-08-03T08:30:39+08:00,37175, 100;
2026-08-03T08:30:40+08:00,37175, 100;
2026-08-03T08:30:41+08:00,37175, 100;
2026-08-03T08:30:42+08:00,37175, 100;
2026-08-03T08:30:43+08:00,37175, 100;
2026-08-03T08:30:44+08:00,37175, 100;
2026-08-03T08:30:45+08:00,37175, 100;
2026-08-03T08:30:46+08:00,37175, 100;
2026-08-03T08:30:47+08:00,37175, 100;
2026-08-03T08:30:48+08:00,37175, 100;
2026-08-03T08:30:49+08:00,37175, 100;
2026-08-03T08:30:50+08:00,37175, 100;
2026-08-03T08:30:51+08:00,37175, 100;
2026-08-03T08:30:52+08:00,37175, 100;
2026-08-03T08:30:53+08:00,37175, 100;
2026-08-03T08:30:54+08:00,37175, 100;
2026-08-03T08:30:55+08:00,37175, 100;
2026-08-03T08:30:56+08:00,37175, 100;
2026-08-03T08:30:57+08:00,37175, 100;
2026-08-03T08:30:59+08:00,37175, 100;
2026-08-03T08:31:00+08:00,37175, 100;
2026-08-03T08:31:01+08:00,37175, 100;
2026-08-03T08:31:02+08:00,37175, 100;
2026-08-03T08:31:03+08:00,37175, 100;
2026-08-03T08:31:04+08:00,37175, 100;
2026-08-03T08:31:05+08:00,37175, 100;
2026-08-03T08:31:06+08:00,37175, 100;
2026-08-03T08:31:07+08:00,37175, 100;
2026-08-03T08:31:08+08:00,37175, 100;
2026-08-03T08:31:09+08:00,37175, 100;
2026-08-03T08:31:10+08:00,37175, 100;
2026-08-03T08:31:11+08:00,37175, 100;
2026-08-03T08:31:12+08:00,37175, 100;
2026-08-03T08:31:13+08:00,37175, 100;
2026-08-03T08:31:14+08:00,37175, 100;
2026-08-03T08:31:15+08:00,37175, 100;
2026-08-03T08:31:16+08:00,37175, 100;
2026-08-03T08:31:17+08:00,37175, 100;
2026-08-03T08:31:18+08:00,37175, 100;
2026-08-03T08:31:19+08:00,37175, 100;
2026-08-03T08:31:20+08:00,37175, 100;
2026-08-03T08:31:21+08:00,37175, 100;
2026-08-03T08:31:22+08:00,37175, 100;
2026-08-03T08:31:23+08:00,37175, 100;
2026-08-03T08:31:24+08:00,37175, 100;
2026-08-03T08:31:25+08:00,37175, 100;
2026-08-03T08:31:26+08:00,37175, 100;
2026-08-03T08:31:28+08:00,37175, 100;
2026-08-03T08:31:29+08:00,37175, 100;
2026-08-03T08:31:30+08:00,37175, 100;
2026-08-03T08:31:31+08:00,37175, 100;
2026-08-03T08:31:32+08:00,37175, 100;
2026-08-03T08:31:33+08:00,37175, 100;
2026-08-03T08:31:34+08:00,37175, 100;
2026-08-03T08:31:35+08:00,37175, 100;
2026-08-03T08:31:36+08:00,37175, 100;
2026-08-03T08:31:37+08:00,37175, 100;
2026-08-03T08:31:38+08:00,37175, 100;
2026-08-03T08:31:39+08:00,37175, 100;
2026-08-03T08:31:40+08:00,37175, 100;
2026-08-03T08:31:41+08:00,37175, 100;
2026-08-03T08:31:42+08:00,37175, 100;
2026-08-03T08:31:43+08:00,37175, 100;
2026-08-03T08:31:44+08:00,37175, 100;
2026-08-03T08:31:45+08:00,37175, 100;
2026-08-03T08:31:46+08:00,37175, 100;
2026-08-03T08:31:47+08:00,37175, 100;
2026-08-03T08:31:48+08:00,37175, 100;
2026-08-03T08:31:49+08:00,37175, 100;
2026-08-03T08:31:50+08:00,37175, 100;
2026-08-03T08:31:51+08:00,37175, 100;
2026-08-03T08:31:52+08:00,37175, 100;
2026-08-03T08:31:53+08:00,37175, 100;
2026-08-03T08:31:54+08:00,37175, 100;
2026-08-03T08:31:55+08:00,37175, 100;
2026-08-03T08:31:56+08:00,37175, 100;
2026-08-03T08:31:58+08:00,37175, 100;
2026-08-03T08:31:59+08:00,37175, 100;
2026-08-03T08:32:00+08:00,37175, 100;
2026-08-03T08:32:01+08:00,37175, 100;
2026-08-03T08:32:02+08:00,37175, 100;
2026-08-03T08:32:03+08:00,37175, 100;
2026-08-03T08:32:04+08:00,37175, 100;
2026-08-03T08:32:05+08:00,37175, 100;
2026-08-03T08:32:06+08:00,37175, 100;
2026-08-03T08:32:07+08:00,37175, 100;
2026-08-03T08:32:08+08:00,37175, 100;
2026-08-03T08:32:09+08:00,37175, 100;
2026-08-03T08:32:10+08:00,37175, 100;
2026-08-03T08:32:11+08:00,37175, 100;
2026-08-03T08:32:12+08:00,37175, 100;
2026-08-03T08:32:13+08:00,37175, 100;
2026-08-03T08:32:14+08:00,37175, 100;
2026-08-03T08:32:15+08:00,37175, 100;
2026-08-03T08:32:16+08:00,37175, 100;
2026-08-03T08:32:17+08:00,37175, 100;
2026-08-03T08:32:18+08:00,37175, 100;
2026-08-03T08:32:19+08:00,37175, 100;
2026-08-03T08:32:20+08:00,37175, 100;
2026-08-03T08:32:21+08:00,37175, 100;
2026-08-03T08:32:22+08:00,37175, 100;
2026-08-03T08:32:23+08:00,37175, 100;
2026-08-03T08:32:24+08:00,37175, 100;
2026-08-03T08:32:25+08:00,37175, 100;
2026-08-03T08:32:26+08:00,37175, 100;
2026-08-03T08:32:28+08:00,37175, 100;
2026-08-03T08:32:29+08:00,37175, 100;
2026-08-03T08:32:30+08:00,37175, 100;
2026-08-03T08:32:31+08:00,37175, 100;
2026-08-03T08:32:32+08:00,37175, 100;
2026-08-03T08:32:33+08:00,37175, 100;
2026-08-03T08:32:34+08:00,37175, 100;
2026-08-03T08:32:35+08:00,37175, 100;
2026-08-03T08:32:36+08:00,37175, 100;
2026-08-03T08:32:37+08:00,37175, 100;
2026-08-03T08:32:38+08:00,37175, 100;
2026-08-03T08:32:39+08:00,37175, 100;
2026-08-03T08:32:40+08:00,37175, 100;
2026-08-03T08:32:41+08:00,37175, 100;
2026-08-03T08:32:42+08:00,37175, 100;
2026-08-03T08:32:43+08:00,37175, 100;
2026-08-03T08:32:44+08:00,37175, 100;
2026-08-03T08:32:45+08:00,37175, 100;
2026-08-03T08:32:46+08:00,37175, 100;
2026-08-03T08:32:47+08:00,37175, 100;
2026-08-03T08:32:48+08:00,37175, 100;
2026-08-03T08:32:49+08:00,37175, 100;
2026-08-03T08:32:50+08:00,37175, 100;
2026-08-03T08:32:51+08:00,37175, 100;
2026-08-03T08:32:52+08:00,37175, 100;
2026-08-03T08:32:53+08:00,37175, 100;
2026-08-03T08:32:54+08:00,37175, 100;
2026-08-03T08:32:55+08:00,37175, 100;
2026-08-03T08:32:57+08:00,37175, 100;
2026-08-03T08:32:58+08:00,37175, 100;
2026-08-03T08:32:59+08:00,37175, 100;
2026-08-03T08:33:00+08:00,37175, 100;
2026-08-03T08:33:01+08:00,37175, 100;
2026-08-03T08:33:02+08:00,37175, 100;
2026-08-03T08:33:03+08:00,37175, 100;
2026-08-03T08:33:04+08:00,37175, 100;
2026-08-03T08:33:05+08:00,37175, 100;
2026-08-03T08:33:06+08:00,37175, 100;
2026-08-03T08:33:07+08:00,37175, 100;
2026-08-03T08:33:08+08:00,37175, 100;
2026-08-03T08:33:09+08:00,37175, 100;
2026-08-03T08:33:10+08:00,37175, 100;
2026-08-03T08:33:11+08:00,37175, 100;
2026-08-03T08:33:12+08:00,37175, 100;
2026-08-03T08:33:13+08:00,37175, 100;
2026-08-03T08:33:14+08:00,37175, 100;
2026-08-03T08:33:15+08:00,37175, 100;
2026-08-03T08:33:16+08:00,37175, 100;
2026-08-03T08:33:17+08:00,37175, 100;
2026-08-03T08:33:18+08:00,37175, 100;
2026-08-03T08:33:19+08:00,37175, 100;
2026-08-03T08:33:20+08:00,37175, 100;
2026-08-03T08:33:21+08:00,37175, 100;
2026-08-03T08:33:22+08:00,37175, 100;
2026-08-03T08:33:23+08:00,37175, 100;
2026-08-03T08:33:24+08:00,37175, 100;
2026-08-03T08:33:26+08:00,37175, 100;
2026-08-03T08:33:27+08:00,37175, 100;
2026-08-03T08:33:28+08:00,37175, 100;
2026-08-03T08:33:29+08:00,37175, 100;
2026-08-03T08:33:30+08:00,37175, 100;
2026-08-03T08:33:31+08:00,37175, 100;
2026-08-03T08:33:32+08:00,37175, 100;
2026-08-03T08:33:33+08:00,37175, 100;
2026-08-03T08:33:34+08:00,37175, 100;
2026-08-03T08:33:35+08:00,37175, 100;
2026-08-03T08:33:36+08:00,37175, 100;
2026-08-03T08:33:37+08:00,37175, 100;
2026-08-03T08:33:38+08:00,37175, 100;
2026-08-03T08:33:39+08:00,37175, 100;
2026-08-03T08:33:40+08:00,37175, 100;
2026-08-03T08:33:41+08:00,37175, 100;
2026-08-03T08:33:42+08:00,37175, 100;
2026-08-03T08:33:43+08:00,37175, 100;
2026-08-03T08:33:44+08:00,37175, 100;
2026-08-03T08:33:45+08:00,37175, 100;
2026-08-03T08:33:46+08:00,37175, 100;
2026-08-03T08:33:47+08:00,37175, 100;
2026-08-03T08:33:48+08:00,37175, 100;
2026-08-03T08:33:49+08:00,37175, 100;
2026-08-03T08:33:50+08:00,37175, 100;
2026-08-03T08:33:51+08:00,37175, 100;
2026-08-03T08:33:52+08:00,37175, 100;
2026-08-03T08:33:53+08:00,37175, 100;
2026-08-03T08:33:55+08:00,37175, 100;
2026-08-03T08:33:56+08:00,37175, 100;
2026-08-03T08:33:57+08:00,37175, 100;
2026-08-03T08:33:58+08:00,37175, 100;
2026-08-03T08:33:59+08:00,37175, 100;
2026-08-03T08:34:00+08:00,37175, 100;
2026-08-03T08:34:01+08:00,37175, 100;
2026-08-03T08:34:02+08:00,37175, 100;
2026-08-03T08:34:03+08:00,37175, 100;
2026-08-03T08:34:04+08:00,37175, 100;
2026-08-03T08:34:05+08:00,37175, 100;
2026-08-03T08:34:06+08:00,37175, 100;
2026-08-03T08:34:07+08:00,37175, 100;
2026-08-03T08:34:08+08:00,37175, 100;
2026-08-03T08:34:09+08:00,37175, 100;
2026-08-03T08:34:10+08:00,37175, 100;
2026-08-03T08:34:11+08:00,37175, 100;
2026-08-03T08:34:12+08:00,37175, 100;
2026-08-03T08:34:13+08:00,37175, 100;
2026-08-03T08:34:14+08:00,37175, 100;
2026-08-03T08:34:15+08:00,37175, 100;
2026-08-03T08:34:16+08:00,37175, 100;
2026-08-03T08:34:17+08:00,37175, 100;
2026-08-03T08:34:18+08:00,37175, 100;
2026-08-03T08:34:19+08:00,37175, 100;
2026-08-03T08:34:20+08:00,37175, 100;
2026-08-03T08:34:21+08:00,37175, 100;
2026-08-03T08:34:23+08:00,37175, 100;
2026-08-03T08:34:24+08:00,37175, 100;
2026-08-03T08:34:25+08:00,37175, 100;
2026-08-03T08:34:26+08:00,37175, 100;
2026-08-03T08:34:27+08:00,37175, 100;
2026-08-03T08:34:28+08:00,37175, 100;
2026-08-03T08:34:29+08:00,37175, 100;
2026-08-03T08:34:30+08:00,37175, 100;
2026-08-03T08:34:31+08:00,37175, 100;
2026-08-03T08:34:32+08:00,37175, 100;
2026-08-03T08:34:33+08:00,37175, 100;
2026-08-03T08:34:34+08:00,37175, 100;
2026-08-03T08:34:35+08:00,37175, 100;
2026-08-03T08:34:36+08:00,37175, 100;
2026-08-03T08:34:37+08:00,37175, 100;
2026-08-03T08:34:38+08:00,37175, 100;
2026-08-03T08:34:39+08:00,37175, 100;
2026-08-03T08:34:40+08:00,37175, 100;
2026-08-03T08:34:41+08:00,37175, 100;
2026-08-03T08:34:42+08:00,37175, 100;
2026-08-03T08:34:43+08:00,37175, 100;
2026-08-03T08:34:44+08:00,37175, 100;
2026-08-03T08:34:45+08:00,37175, 100;
2026-08-03T08:34:46+08:00,37175, 100;
2026-08-03T08:34:47+08:00,37175, 100;
2026-08-03T08:34:48+08:00,37175, 100;
2026-08-03T08:34:49+08:00,37175, 100;
2026-08-03T08:34:50+08:00,37175, 100;
2026-08-03T08:34:52+08:00,37175, 100;
2026-08-03T08:34:53+08:00,37175, 100;
2026-08-03T08:34:54+08:00,37175, 100;
2026-08-03T08:34:55+08:00,37175, 100;
2026-08-03T08:34:56+08:00,37175, 100;
2026-08-03T08:34:57+08:00,37175, 100;
2026-08-03T08:34:58+08:00,37175, 100;
2026-08-03T08:34:59+08:00,37175, 100;
2026-08-03T08:35:00+08:00,37175, 100;
2026-08-03T08:35:01+08:00,37175, 100;
2026-08-03T08:35:02+08:00,37175, 100;
2026-08-03T08:35:03+08:00,37175, 100;
2026-08-03T08:35:04+08:00,37175, 100;
2026-08-03T08:35:05+08:00,37175, 100;
2026-08-03T08:35:06+08:00,37175, 100;
2026-08-03T08:35:07+08:00,37175, 100;
2026-08-03T08:35:08+08:00,37175, 100;
2026-08-03T08:35:09+08:00,37175, 100;
2026-08-03T08:35:10+08:00,37175, 100;
2026-08-03T08:35:11+08:00,37175, 100;
2026-08-03T08:35:12+08:00,37175, 100;
2026-08-03T08:35:13+08:00,37175, 100;
2026-08-03T08:35:14+08:00,37175, 100;
2026-08-03T08:35:15+08:00,37175, 100;
2026-08-03T08:35:16+08:00,37175, 100;
2026-08-03T08:35:17+08:00,37175, 100;
2026-08-03T08:35:18+08:00,37175, 100;
2026-08-03T08:35:19+08:00,37175, 100;
2026-08-03T08:35:21+08:00,37175, 100;
2026-08-03T08:35:22+08:00,37175, 100;
2026-08-03T08:35:23+08:00,37175, 100;
2026-08-03T08:35:24+08:00,37175, 100;
2026-08-03T08:35:25+08:00,37175, 100;
2026-08-03T08:35:26+08:00,37175, 100;
2026-08-03T08:35:27+08:00,37175, 100;
2026-08-03T08:35:28+08:00,37175, 100;
2026-08-03T08:35:29+08:00,37175, 100;
2026-08-03T08:35:30+08:00,37175, 100;
2026-08-03T08:35:31+08:00,37175, 100;
2026-08-03T08:35:32+08:00,37175, 100;
2026-08-03T08:35:33+08:00,37175, 100;
2026-08-03T08:35:34+08:00,37175, 100;
2026-08-03T08:35:35+08:00,37175, 100;
2026-08-03T08:35:36+08:00,37175, 100;
2026-08-03T08:35:37+08:00,37175, 100;
2026-08-03T08:35:38+08:00,37175, 100;
2026-08-03T08:35:39+08:00,37175, 100;
2026-08-03T08:35:40+08:00,37175, 100;
2026-08-03T08:35:41+08:00,37175, 100;
2026-08-03T08:35:42+08:00,37175, 100;
2026-08-03T08:35:43+08:00,37175, 100;
2026-08-03T08:35:44+08:00,37175, 100;
2026-08-03T08:35:45+08:00,37175, 100;
2026-08-03T08:35:46+08:00,37175, 100;
2026-08-03T08:35:47+08:00,37175, 100;
2026-08-03T08:35:49+08:00,37175, 100;
2026-08-03T08:35:50+08:00,37175, 100;
2026-08-03T08:35:51+08:00,37175, 100;
2026-08-03T08:35:52+08:00,37175, 100;
2026-08-03T08:35:53+08:00,37175, 100;
2026-08-03T08:35:54+08:00,37175, 100;
2026-08-03T08:35:55+08:00,37175, 100;
2026-08-03T08:35:56+08:00,37175, 100;
2026-08-03T08:35:57+08:00,37175, 100;
2026-08-03T08:35:58+08:00,37175, 100;
2026-08-03T08:35:59+08:00,37175, 100;
2026-08-03T08:36:00+08:00,37175, 100;
2026-08-03T08:36:01+08:00,37175, 100;
2026-08-03T08:36:02+08:00,37175, 100;
2026-08-03T08:36:03+08:00,37175, 100;
2026-08-03T08:36:04+08:00,37175, 100;
2026-08-03T08:36:05+08:00,37175, 100;
2026-08-03T08:36:06+08:00,37175, 100;
2026-08-03T08:36:07+08:00,37175, 100;
2026-08-03T08:36:08+08:00,37175, 100;
2026-08-03T08:36:09+08:00,37175, 100;
2026-08-03T08:36:10+08:00,37175, 100;
2026-08-03T08:36:11+08:00,37175, 100;
2026-08-03T08:36:12+08:00,37175, 100;
2026-08-03T08:36:13+08:00,37175, 100;
2026-08-03T08:36:14+08:00,37175, 100;
2026-08-03T08:36:16+08:00,37175, 100;
2026-08-03T08:36:17+08:00,37175, 100;
2026-08-03T08:36:18+08:00,37175, 100;
2026-08-03T08:36:19+08:00,37175, 100;
2026-08-03T08:36:20+08:00,37175, 100;
2026-08-03T08:36:21+08:00,37175, 100;
2026-08-03T08:36:22+08:00,37175, 100;
2026-08-03T08:36:23+08:00,37175, 100;
2026-08-03T08:36:24+08:00,37175, 100;
2026-08-03T08:36:25+08:00,37175, 100;
2026-08-03T08:36:26+08:00,37175, 100;
2026-08-03T08:36:27+08:00,37175, 100;
2026-08-03T08:36:28+08:00,37175, 100;
2026-08-03T08:36:29+08:00,37175, 100;
2026-08-03T08:36:30+08:00,37175, 100;
2026-08-03T08:36:31+08:00,37175, 100;
2026-08-03T08:36:32+08:00,37175, 100;
2026-08-03T08:36:33+08:00,37175, 100;
2026-08-03T08:36:34+08:00,37175, 100;
2026-08-03T08:36:35+08:00,37175, 100;
2026-08-03T08:36:36+08:00,37175, 100;
2026-08-03T08:36:37+08:00,37175, 100;
2026-08-03T08:36:38+08:00,37175, 100;
2026-08-03T08:36:39+08:00,37175, 100;
2026-08-03T08:36:40+08:00,37175, 100;
2026-08-03T08:36:41+08:00,37175, 100;
2026-08-03T08:36:42+08:00,37175, 100;
2026-08-03T08:36:44+08:00,37175, 100;
2026-08-03T08:36:45+08:00,37175, 100;
2026-08-03T08:36:46+08:00,37175, 100;
2026-08-03T08:36:47+08:00,37175, 100;
2026-08-03T08:36:48+08:00,37175, 100;
2026-08-03T08:36:49+08:00,37175, 100;
2026-08-03T08:36:50+08:00,37175, 100;
2026-08-03T08:36:51+08:00,37175, 100;
2026-08-03T08:36:52+08:00,37175, 100;
2026-08-03T08:36:53+08:00,37175, 100;
2026-08-03T08:36:54+08:00,37175, 100;
2026-08-03T08:36:55+08:00,37175, 100;
2026-08-03T08:36:56+08:00,37175, 100;
2026-08-03T08:36:57+08:00,37175, 100;
2026-08-03T08:36:58+08:00,37175, 100;
2026-08-03T08:36:59+08:00,37175, 100;
2026-08-03T08:37:00+08:00,37175, 100;
2026-08-03T08:37:01+08:00,37175, 100;
2026-08-03T08:37:02+08:00,37175, 100;
2026-08-03T08:37:03+08:00,37175, 100;
2026-08-03T08:37:04+08:00,37175, 100;
2026-08-03T08:37:05+08:00,37175, 100;
2026-08-03T08:37:06+08:00,37175, 100;
2026-08-03T08:37:07+08:00,37175, 100;
2026-08-03T08:37:08+08:00,37175, 100;
2026-08-03T08:37:09+08:00,37175, 100;
2026-08-03T08:37:11+08:00,37175, 100;
2026-08-03T08:37:12+08:00,37175, 100;
2026-08-03T08:37:13+08:00,37175, 100;
2026-08-03T08:37:14+08:00,37175, 100;
2026-08-03T08:37:15+08:00,37175, 100;
2026-08-03T08:37:16+08:00,37175, 100;
2026-08-03T08:37:17+08:00,37175, 100;
2026-08-03T08:37:18+08:00,37175, 100;
2026-08-03T08:37:19+08:00,37175, 100;
2026-08-03T08:37:20+08:00,37175, 100;
2026-08-03T08:37:21+08:00,37175, 100;
2026-08-03T08:37:22+08:00,37175, 100;
2026-08-03T08:37:23+08:00,37175, 100;
2026-08-03T08:37:24+08:00,37175, 100;
2026-08-03T08:37:25+08:00,37175, 100;
2026-08-03T08:37:26+08:00,37175, 100;
2026-08-03T08:37:27+08:00,37175, 100;
2026-08-03T08:37:28+08:00,37175, 100;
2026-08-03T08:37:29+08:00,37175, 100;
2026-08-03T08:37:30+08:00,37175, 100;
2026-08-03T08:37:31+08:00,37175, 100;
2026-08-03T08:37:32+08:00,37175, 100;
2026-08-03T08:37:33+08:00,37175, 100;
2026-08-03T08:37:34+08:00,37175, 100;
2026-08-03T08:37:35+08:00,37175, 100;
2026-08-03T08:37:36+08:00,37175, 100;
2026-08-03T08:37:38+08:00,37175, 100;
2026-08-03T08:37:39+08:00,37175, 100;
2026-08-03T08:37:40+08:00,37175, 100;
2026-08-03T08:37:41+08:00,37175, 100;
2026-08-03T08:37:42+08:00,37175, 100;
2026-08-03T08:37:43+08:00,37175, 100;
2026-08-03T08:37:44+08:00,37175, 100;
2026-08-03T08:37:45+08:00,37175, 100;
2026-08-03T08:37:46+08:00,37175, 100;
2026-08-03T08:37:47+08:00,37175, 100;
2026-08-03T08:37:48+08:00,37175, 100;
2026-08-03T08:37:49+08:00,37175, 100;
2026-08-03T08:37:50+08:00,37175, 100;
2026-08-03T08:37:51+08:00,37175, 100;
2026-08-03T08:37:52+08:00,37175, 100;
2026-08-03T08:37:53+08:00,37175, 100;
2026-08-03T08:37:54+08:00,37175, 100;
2026-08-03T08:37:55+08:00,37175, 100;
2026-08-03T08:37:56+08:00,37175, 100;
2026-08-03T08:37:57+08:00,37175, 100;
2026-08-03T08:37:58+08:00,37175, 100;
2026-08-03T08:37:59+08:00,37175, 100;
2026-08-03T08:38:00+08:00,37175, 100;
2026-08-03T08:38:01+08:00,37175, 100;
2026-08-03T08:38:02+08:00,37175, 100;
2026-08-03T08:38:04+08:00,37175, 100;
2026-08-03T08:38:05+08:00,37175, 100;
2026-08-03T08:38:06+08:00,37175, 100;
2026-08-03T08:38:07+08:00,37175, 100;
2026-08-03T08:38:08+08:00,37175, 100;
2026-08-03T08:38:09+08:00,37175, 100;
2026-08-03T08:38:10+08:00,37175, 100;
2026-08-03T08:38:11+08:00,37175, 100;
2026-08-03T08:38:12+08:00,37175, 100;
2026-08-03T08:38:13+08:00,37175, 100;
2026-08-03T08:38:14+08:00,37175, 100;
2026-08-03T08:38:15+08:00,37175, 100;
2026-08-03T08:38:16+08:00,37175, 100;
2026-08-03T08:38:17+08:00,37175, 100;
2026-08-03T08:38:18+08:00,37175, 100;
2026-08-03T08:38:19+08:00,37175, 100;
2026-08-03T08:38:20+08:00,37175, 100;
2026-08-03T08:38:21+08:00,37175, 100;
2026-08-03T08:38:22+08:00,37175, 100;
2026-08-03T08:38:23+08:00,37175, 100;
2026-08-03T08:38:24+08:00,37175, 100;
2026-08-03T08:38:25+08:00,37175, 100;
2026-08-03T08:38:26+08:00,37175, 100;
2026-08-03T08:38:27+08:00,37175, 100;
2026-08-03T08:38:28+08:00,37175, 100;
2026-08-03T08:38:29+08:00,37175, 100;
2026-08-03T08:38:31+08:00,37175, 100;
2026-08-03T08:38:32+08:00,37175, 100;
2026-08-03T08:38:33+08:00,37175, 100;
2026-08-03T08:38:34+08:00,37175, 100;
2026-08-03T08:38:35+08:00,37175, 100;
2026-08-03T08:38:36+08:00,37175, 100;
2026-08-03T08:38:37+08:00,37175, 100;
2026-08-03T08:38:38+08:00,37175, 100;
2026-08-03T08:38:39+08:00,37175, 100;
2026-08-03T08:38:40+08:00,37175, 100;
2026-08-03T08:38:41+08:00,37175, 100;
2026-08-03T08:38:42+08:00,37175, 100;
2026-08-03T08:38:43+08:00,37175, 100;
2026-08-03T08:38:44+08:00,37175, 100;
2026-08-03T08:38:45+08:00,37175, 100;
2026-08-03T08:38:46+08:00,37175, 100;
2026-08-03T08:38:47+08:00,37175, 100;
2026-08-03T08:38:48+08:00,37175, 100;
2026-08-03T08:38:49+08:00,37175, 100;
2026-08-03T08:38:50+08:00,37175, 100;
2026-08-03T08:38:51+08:00,37175, 100;
2026-08-03T08:38:52+08:00,37175, 100;
2026-08-03T08:38:53+08:00,37175, 100;
2026-08-03T08:38:54+08:00,37175, 100;
2026-08-03T08:38:55+08:00,37175, 100;
2026-08-03T08:38:56+08:00,37175, 100;
2026-08-03T08:38:57+08:00,37175, 100;
2026-08-03T08:38:59+08:00,37175, 100;
2026-08-03T08:39:00+08:00,37175, 100;
2026-08-03T08:39:01+08:00,37175, 100;
2026-08-03T08:39:02+08:00,37175, 100;
2026-08-03T08:39:03+08:00,37175, 100;
2026-08-03T08:39:04+08:00,37175, 100;
2026-08-03T08:39:05+08:00,37175, 100;
2026-08-03T08:39:06+08:00,37175, 100;
2026-08-03T08:39:07+08:00,37175, 100;
2026-08-03T08:39:08+08:00,37175, 100;
2026-08-03T08:39:09+08:00,37175, 100;
2026-08-03T08:39:10+08:00,37175, 100;
2026-08-03T08:39:11+08:00,37175, 100;
2026-08-03T08:39:12+08:00,37175, 100;
2026-08-03T08:39:13+08:00,37175, 100;
2026-08-03T08:39:14+08:00,37175, 100;
2026-08-03T08:39:15+08:00,37175, 100;
2026-08-03T08:39:16+08:00,37175, 100;
2026-08-03T08:39:17+08:00,37175, 100;
2026-08-03T08:39:18+08:00,37175, 100;
2026-08-03T08:39:19+08:00,37175, 100;
2026-08-03T08:39:20+08:00,37175, 100;
2026-08-03T08:39:21+08:00,37175, 100;
2026-08-03T08:39:22+08:00,37175, 100;
2026-08-03T08:39:23+08:00,37175, 100;
2026-08-03T08:39:24+08:00,37175, 100;
2026-08-03T08:39:26+08:00,37175, 100;
2026-08-03T08:39:27+08:00,37175, 100;
2026-08-03T08:39:28+08:00,37175, 100;
2026-08-03T08:39:29+08:00,37175, 100;
2026-08-03T08:39:30+08:00,37175, 100;
2026-08-03T08:39:31+08:00,37175, 100;
2026-08-03T08:39:32+08:00,37175, 100;
2026-08-03T08:39:33+08:00,37175, 100;
2026-08-03T08:39:34+08:00,37175, 100;
2026-08-03T08:39:35+08:00,37175, 100;
2026-08-03T08:39:36+08:00,37175, 100;
2026-08-03T08:39:37+08:00,37175, 100;
2026-08-03T08:39:38+08:00,37175, 100;
2026-08-03T08:39:39+08:00,37175, 100;
2026-08-03T08:39:40+08:00,37175, 100;
2026-08-03T08:39:41+08:00,37175, 100;
2026-08-03T08:39:42+08:00,37175, 100;
2026-08-03T08:39:43+08:00,37175, 100;
2026-08-03T08:39:44+08:00,37175, 100;
2026-08-03T08:39:45+08:00,37175, 100;
2026-08-03T08:39:46+08:00,37175, 100;
2026-08-03T08:39:47+08:00,37175, 100;
2026-08-03T08:39:48+08:00,37175, 100;
2026-08-03T08:39:49+08:00,37175, 100;
2026-08-03T08:39:50+08:00,37175, 100;
2026-08-03T08:39:52+08:00,37175, 100;
2026-08-03T08:39:53+08:00,37175, 100;
2026-08-03T08:39:54+08:00,37175, 100;
2026-08-03T08:39:55+08:00,37175, 100;
2026-08-03T08:39:56+08:00,37175, 100;
2026-08-03T08:39:57+08:00,37175, 100;
2026-08-03T08:39:58+08:00,37175, 100;
2026-08-03T08:39:59+08:00,37175, 100;
2026-08-03T08:40:00+08:00,37175, 100;
2026-08-03T08:40:01+08:00,37175, 100;
2026-08-03T08:40:02+08:00,37175, 100;
2026-08-03T08:40:03+08:00,37175, 100;
2026-08-03T08:40:04+08:00,37175, 100;
2026-08-03T08:40:05+08:00,37175, 100;
2026-08-03T08:40:06+08:00,37175, 100;
2026-08-03T08:40:07+08:00,37175, 100;
2026-08-03T08:40:08+08:00,37175, 100;
2026-08-03T08:40:09+08:00,37175, 100;
2026-08-03T08:40:10+08:00,37175, 100;
2026-08-03T08:40:11+08:00,37175, 100;
2026-08-03T08:40:12+08:00,37175, 100;
2026-08-03T08:40:13+08:00,37175, 100;
2026-08-03T08:40:14+08:00,37175, 100;
2026-08-03T08:40:15+08:00,37175, 100;
2026-08-03T08:40:16+08:00,37175, 100;
2026-08-03T08:40:17+08:00,37175, 100;
2026-08-03T08:40:19+08:00,37175, 100;
2026-08-03T08:40:20+08:00,37175, 100;
2026-08-03T08:40:21+08:00,37175, 100;
2026-08-03T08:40:22+08:00,37175, 100;
2026-08-03T08:40:23+08:00,37175, 100;
2026-08-03T08:40:24+08:00,37175, 100;
2026-08-03T08:40:25+08:00,37175, 100;
2026-08-03T08:40:26+08:00,37175, 100;
2026-08-03T08:40:27+08:00,37175, 100;
2026-08-03T08:40:28+08:00,37175, 100;
2026-08-03T08:40:29+08:00,37175, 100;
2026-08-03T08:40:30+08:00,37175, 100;
2026-08-03T08:40:31+08:00,37175, 100;
2026-08-03T08:40:32+08:00,37175, 100;
2026-08-03T08:40:33+08:00,37175, 100;
2026-08-03T08:40:34+08:00,37175, 100;
2026-08-03T08:40:35+08:00,37175, 100;
2026-08-03T08:40:36+08:00,37175, 100;
2026-08-03T08:40:37+08:00,37175, 100;
2026-08-03T08:40:38+08:00,37175, 100;
2026-08-03T08:40:39+08:00,37175, 100;
2026-08-03T08:40:40+08:00,37175, 100;
2026-08-03T08:40:41+08:00,37175, 100;
2026-08-03T08:40:42+08:00,37175, 100;
2026-08-03T08:40:43+08:00,37175, 100;
2026-08-03T08:40:44+08:00,37175, 100;
2026-08-03T08:40:46+08:00,37175, 100;
2026-08-03T08:40:47+08:00,37175, 100;
2026-08-03T08:40:48+08:00,37175, 100;
2026-08-03T08:40:49+08:00,37175, 100;
2026-08-03T08:40:50+08:00,37175, 100;
2026-08-03T08:40:51+08:00,37175, 100;
2026-08-03T08:40:52+08:00,37175, 100;
2026-08-03T08:40:53+08:00,37175, 100;
2026-08-03T08:40:54+08:00,37175, 100;
2026-08-03T08:40:55+08:00,37175, 100;
2026-08-03T08:40:56+08:00,37175, 100;
2026-08-03T08:40:57+08:00,37175, 100;
2026-08-03T08:40:58+08:00,37175, 100;
2026-08-03T08:40:59+08:00,37175, 100;
2026-08-03T08:41:00+08:00,37175, 100;
2026-08-03T08:41:01+08:00,37175, 100;
2026-08-03T08:41:02+08:00,37175, 100;
2026-08-03T08:41:03+08:00,37175, 100;
2026-08-03T08:41:04+08:00,37175, 100;
2026-08-03T08:41:05+08:00,37175, 100;
2026-08-03T08:41:06+08:00,37175, 100;
2026-08-03T08:41:07+08:00,37175, 100;
2026-08-03T08:41:08+08:00,37175, 100;
2026-08-03T08:41:09+08:00,37175, 100;
2026-08-03T08:41:10+08:00,37175, 100;
2026-08-03T08:41:11+08:00,37175, 100;
2026-08-03T08:41:13+08:00,37175, 100;
2026-08-03T08:41:14+08:00,37175, 100;
2026-08-03T08:41:15+08:00,37175, 100;
2026-08-03T08:41:16+08:00,37175, 100;
2026-08-03T08:41:17+08:00,37175, 100;
2026-08-03T08:41:18+08:00,37175, 100;
2026-08-03T08:41:19+08:00,37175, 100;
2026-08-03T08:41:20+08:00,37175, 100;
2026-08-03T08:41:21+08:00,37175, 100;
2026-08-03T08:41:22+08:00,37175, 100;
2026-08-03T08:41:23+08:00,37175, 100;
2026-08-03T08:41:24+08:00,37175, 100;
2026-08-03T08:41:25+08:00,37175, 100;
2026-08-03T08:41:26+08:00,37175, 100;
2026-08-03T08:41:27+08:00,37175, 100;
2026-08-03T08:41:28+08:00,37175, 100;
2026-08-03T08:41:29+08:00,37175, 100;
2026-08-03T08:41:30+08:00,37175, 100;
2026-08-03T08:41:31+08:00,37175, 100;
2026-08-03T08:41:32+08:00,37175, 100;
2026-08-03T08:41:33+08:00,37175, 100;
2026-08-03T08:41:34+08:00,37175, 100;
2026-08-03T08:41:35+08:00,37175, 100;
2026-08-03T08:41:36+08:00,37175, 100;
2026-08-03T08:41:37+08:00,37175, 100;
2026-08-03T08:41:38+08:00,37175, 100;
2026-08-03T08:41:40+08:00,37175, 100;
2026-08-03T08:41:41+08:00,37175, 100;
2026-08-03T08:41:42+08:00,37175, 100;
2026-08-03T08:41:43+08:00,37175, 100;
2026-08-03T08:41:44+08:00,37175, 100;
2026-08-03T08:41:45+08:00,37175, 100;
2026-08-03T08:41:46+08:00,37175, 100;
2026-08-03T08:41:47+08:00,37175, 100;
2026-08-03T08:41:48+08:00,37175, 100;
2026-08-03T08:41:49+08:00,37175, 100;
2026-08-03T08:41:50+08:00,37175, 100;
2026-08-03T08:41:51+08:00,37175, 100;
2026-08-03T08:41:52+08:00,37175, 100;
2026-08-03T08:41:53+08:00,37175, 100;
2026-08-03T08:41:54+08:00,37175, 100;
2026-08-03T08:41:55+08:00,37175, 100;
2026-08-03T08:41:56+08:00,37175, 100;
2026-08-03T08:41:57+08:00,37175, 100;
2026-08-03T08:41:58+08:00,37175, 100;
2026-08-03T08:41:59+08:00,37175, 100;
2026-08-03T08:42:00+08:00,37175, 100;
2026-08-03T08:42:01+08:00,37175, 100;
2026-08-03T08:42:02+08:00,37175, 100;
2026-08-03T08:42:03+08:00,37175, 100;
2026-08-03T08:42:04+08:00,37175, 100;
2026-08-03T08:42:05+08:00,37175, 100;
2026-08-03T08:42:07+08:00,37175, 100;
2026-08-03T08:42:08+08:00,37175, 100;
2026-08-03T08:42:09+08:00,37175, 100;
2026-08-03T08:42:10+08:00,37175, 100;
2026-08-03T08:42:11+08:00,37175, 100;
2026-08-03T08:42:12+08:00,37175, 100;
2026-08-03T08:42:13+08:00,37175, 100;
2026-08-03T08:42:14+08:00,37175, 100;
2026-08-03T08:42:15+08:00,37175, 100;
2026-08-03T08:42:16+08:00,37175, 100;
2026-08-03T08:42:17+08:00,37175, 100;
2026-08-03T08:42:18+08:00,37175, 100;
2026-08-03T08:42:19+08:00,37175, 100;
2026-08-03T08:42:20+08:00,37175, 100;
2026-08-03T08:42:21+08:00,37175, 100;
2026-08-03T08:42:22+08:00,37175, 100;
2026-08-03T08:42:23+08:00,37175, 100;
2026-08-03T08:42:24+08:00,37175, 100;
2026-08-03T08:42:25+08:00,37175, 100;
2026-08-03T08:42:26+08:00,37175, 100;
2026-08-03T08:42:27+08:00,37175, 100;
2026-08-03T08:42:28+08:00,37175, 100;
2026-08-03T08:42:29+08:00,37175, 100;
2026-08-03T08:42:30+08:00,37175, 100;
2026-08-03T08:42:31+08:00,37175, 100;
2026-08-03T08:42:32+08:00,37175, 100;
2026-08-03T08:42:34+08:00,37175, 100;
2026-08-03T08:42:35+08:00,37175, 100;
2026-08-03T08:42:36+08:00,37175, 100;
2026-08-03T08:42:37+08:00,37175, 100;
2026-08-03T08:42:38+08:00,37175, 100;
2026-08-03T08:42:39+08:00,37175, 100;
2026-08-03T08:42:40+08:00,37175, 100;
2026-08-03T08:42:41+08:00,37175, 100;
2026-08-03T08:42:42+08:00,37175, 100;
2026-08-03T08:42:43+08:00,37175, 100;
2026-08-03T08:42:44+08:00,37175, 100;
2026-08-03T08:42:45+08:00,37175, 100;
2026-08-03T08:42:46+08:00,37175, 100;
2026-08-03T08:42:47+08:00,37175, 100;
2026-08-03T08:42:48+08:00,37175, 100;
2026-08-03T08:42:49+08:00,37175, 100;
2026-08-03T08:42:50+08:00,37175, 100;
2026-08-03T08:42:51+08:00,37175, 100;
2026-08-03T08:42:52+08:00,37175, 100;
2026-08-03T08:42:53+08:00,37175, 100;
2026-08-03T08:42:54+08:00,37175, 100;
2026-08-03T08:42:55+08:00,37175, 100;
2026-08-03T08:42:56+08:00,37175, 100;
2026-08-03T08:42:57+08:00,37175, 100;
2026-08-03T08:42:58+08:00,37175, 100;
2026-08-03T08:42:59+08:00,37175, 100;
2026-08-03T08:43:00+08:00,37175, 100;
2026-08-03T08:43:02+08:00,37175, 100;
2026-08-03T08:43:03+08:00,37175, 100;
2026-08-03T08:43:04+08:00,37175, 100;
2026-08-03T08:43:05+08:00,37175, 100;
2026-08-03T08:43:06+08:00,37175, 100;
2026-08-03T08:43:07+08:00,37175, 100;
2026-08-03T08:43:08+08:00,37175, 100;
2026-08-03T08:43:09+08:00,37175, 100;
2026-08-03T08:43:10+08:00,37175, 100;
2026-08-03T08:43:11+08:00,37175, 100;
2026-08-03T08:43:12+08:00,37175, 100;
2026-08-03T08:43:13+08:00,37175, 100;
2026-08-03T08:43:14+08:00,37175, 100;
2026-08-03T08:43:15+08:00,37175, 100;
2026-08-03T08:43:16+08:00,37175, 100;
2026-08-03T08:43:17+08:00,37175, 100;
2026-08-03T08:43:18+08:00,37175, 100;
2026-08-03T08:43:19+08:00,37175, 100;
2026-08-03T08:43:20+08:00,37175, 100;
2026-08-03T08:43:21+08:00,37175, 100;
2026-08-03T08:43:22+08:00,37175, 100;
2026-08-03T08:43:23+08:00,37175, 100;
2026-08-03T08:43:24+08:00,37175, 100;
2026-08-03T08:43:25+08:00,37175, 100;
2026-08-03T08:43:26+08:00,37175, 100;
2026-08-03T08:43:27+08:00,37175, 100;
2026-08-03T08:43:28+08:00,37175, 100;
2026-08-03T08:43:30+08:00,37175, 100;
2026-08-03T08:43:31+08:00,37175, 100;
2026-08-03T08:43:32+08:00,37175, 100;
2026-08-03T08:43:33+08:00,37175, 100;
2026-08-03T08:43:34+08:00,37175, 100;
2026-08-03T08:43:35+08:00,37175, 100;
2026-08-03T08:43:36+08:00,37175, 100;
2026-08-03T08:43:37+08:00,37175, 100;
2026-08-03T08:43:38+08:00,37175, 100;
2026-08-03T08:43:39+08:00,37175, 100;
2026-08-03T08:43:40+08:00,37175, 100;
2026-08-03T08:43:41+08:00,37175, 100;
2026-08-03T08:43:42+08:00,37175, 100;
2026-08-03T08:43:43+08:00,37175, 100;
2026-08-03T08:43:44+08:00,37175, 100;
2026-08-03T08:43:45+08:00,37175, 100;
2026-08-03T08:43:46+08:00,37175, 100;
2026-08-03T08:43:47+08:00,37175, 100;
2026-08-03T08:43:48+08:00,37175, 100;
2026-08-03T08:43:49+08:00,37175, 100;
2026-08-03T08:43:50+08:00,37175, 100;
2026-08-03T08:43:51+08:00,37175, 100;
2026-08-03T08:43:52+08:00,37175, 100;
2026-08-03T08:43:53+08:00,37175, 100;
2026-08-03T08:43:54+08:00,37175, 100;
2026-08-03T08:43:55+08:00,37175, 100;
2026-08-03T08:43:57+08:00,37175, 100;
2026-08-03T08:43:58+08:00,37175, 100;
2026-08-03T08:43:59+08:00,37175, 100;
2026-08-03T08:44:00+08:00,37175, 100;
2026-08-03T08:44:01+08:00,37175, 100;
2026-08-03T08:44:02+08:00,37175, 100;
2026-08-03T08:44:03+08:00,37175, 100;
2026-08-03T08:44:04+08:00,37175, 100;
2026-08-03T08:44:05+08:00,37175, 100;
2026-08-03T08:44:06+08:00,37175, 100;
2026-08-03T08:44:07+08:00,37175, 100;
2026-08-03T08:44:08+08:00,37175, 100;
2026-08-03T08:44:09+08:00,37175, 100;
2026-08-03T08:44:10+08:00,37175, 100;
2026-08-03T08:44:11+08:00,37175, 100;
2026-08-03T08:44:12+08:00,37175, 100;
2026-08-03T08:44:13+08:00,37175, 100;
2026-08-03T08:44:14+08:00,37175, 100;
2026-08-03T08:44:15+08:00,37175, 100;
2026-08-03T08:44:16+08:00,37175, 100;
2026-08-03T08:44:17+08:00,37175, 100;
2026-08-03T08:44:18+08:00,37175, 100;
2026-08-03T08:44:19+08:00,37175, 100;
2026-08-03T08:44:20+08:00,37175, 100;
2026-08-03T08:44:21+08:00,37175, 100;
2026-08-03T08:44:22+08:00,37175, 100;
2026-08-03T08:44:24+08:00,37175, 100;
2026-08-03T08:44:25+08:00,37175, 100;
2026-08-03T08:44:26+08:00,37175, 100;
2026-08-03T08:44:27+08:00,37175, 100;
2026-08-03T08:44:28+08:00,37175, 100;
2026-08-03T08:44:29+08:00,37175, 100;
2026-08-03T08:44:30+08:00,37175, 100;
2026-08-03T08:44:31+08:00,37175, 100;
2026-08-03T08:44:32+08:00,37175, 100;
2026-08-03T08:44:33+08:00,37175, 100;
2026-08-03T08:44:34+08:00,37175, 100;
2026-08-03T08:44:35+08:00,37175, 100;
2026-08-03T08:44:36+08:00,37175, 100;
2026-08-03T08:44:37+08:00,37175, 100;
2026-08-03T08:44:38+08:00,37175, 100;
2026-08-03T08:44:39+08:00,37175, 100;
2026-08-03T08:44:40+08:00,37175, 100;
2026-08-03T08:44:41+08:00,37175, 100;
2026-08-03T08:44:42+08:00,37175, 100;
2026-08-03T08:44:43+08:00,37175, 100;
2026-08-03T08:44:44+08:00,37175, 100;
2026-08-03T08:44:45+08:00,37175, 100;
2026-08-03T08:44:46+08:00,37175, 100;
2026-08-03T08:44:47+08:00,37175, 100;
2026-08-03T08:44:48+08:00,37175, 100;
2026-08-03T08:44:49+08:00,37175, 100;
2026-08-03T08:44:51+08:00,37175, 100;
2026-08-03T08:44:52+08:00,37175, 100;
2026-08-03T08:44:53+08:00,37175, 100;
2026-08-03T08:44:54+08:00,37175, 100;
2026-08-03T08:44:55+08:00,37175, 100;
2026-08-03T08:44:56+08:00,37175, 100;
2026-08-03T08:44:57+08:00,37175, 100;
2026-08-03T08:44:58+08:00,37175, 100;
2026-08-03T08:44:59+08:00,37175, 100;
2026-08-03T08:45:00+08:00,37175, 100;
2026-08-03T08:45:01+08:00,37175, 100;
2026-08-03T08:45:02+08:00,37175, 100;
2026-08-03T08:45:03+08:00,37175, 100;
2026-08-03T08:45:04+08:00,37175, 100;
2026-08-03T08:45:05+08:00,37175, 100;
2026-08-03T08:45:06+08:00,37175, 100;
2026-08-03T08:45:07+08:00,37175, 100;
2026-08-03T08:45:08+08:00,37175, 100;
2026-08-03T08:45:09+08:00,37175, 100;
2026-08-03T08:45:10+08:00,37175, 100;
2026-08-03T08:45:11+08:00,37175, 100;
2026-08-03T08:45:12+08:00,37175, 100;
2026-08-03T08:45:13+08:00,37175, 100;
2026-08-03T08:45:14+08:00,37175, 100;
2026-08-03T08:45:15+08:00,37175, 100;
2026-08-03T08:45:16+08:00,37175, 100;
2026-08-03T08:45:18+08:00,37175, 100;
2026-08-03T08:45:19+08:00,37175, 100;
2026-08-03T08:45:20+08:00,37175, 100;
2026-08-03T08:45:21+08:00,37175, 100;
2026-08-03T08:45:22+08:00,37175, 100;
2026-08-03T08:45:23+08:00,37175, 100;
2026-08-03T08:45:24+08:00,37175, 100;
2026-08-03T08:45:25+08:00,37175, 100;
2026-08-03T08:45:26+08:00,37175, 100;
2026-08-03T08:45:27+08:00,37175, 100;
2026-08-03T08:45:28+08:00,37175, 100;
2026-08-03T08:45:29+08:00,37175, 100;
2026-08-03T08:45:30+08:00,37175, 100;
2026-08-03T08:45:31+08:00,37175, 100;
2026-08-03T08:45:32+08:00,37175, 100;
2026-08-03T08:45:33+08:00,37175, 100;
2026-08-03T08:45:34+08:00,37175, 100;
2026-08-03T08:45:35+08:00,37175, 100;
2026-08-03T08:45:36+08:00,37175, 100;
2026-08-03T08:45:37+08:00,37175, 100;
2026-08-03T08:45:38+08:00,37175, 100;
2026-08-03T08:45:39+08:00,37175, 100;
2026-08-03T08:45:40+08:00,37175, 100;
2026-08-03T08:45:41+08:00,37175, 100;
2026-08-03T08:45:42+08:00,37175, 100;
2026-08-03T08:45:43+08:00,37175, 100;
2026-08-03T08:45:45+08:00,37175, 100;
2026-08-03T08:45:46+08:00,37175, 100;
2026-08-03T08:45:47+08:00,37175, 100;
2026-08-03T08:45:48+08:00,37175, 100;
2026-08-03T08:45:49+08:00,37175, 100;
2026-08-03T08:45:50+08:00,37175, 100;
2026-08-03T08:45:51+08:00,37175, 100;
2026-08-03T08:45:52+08:00,37175, 100;
2026-08-03T08:45:53+08:00,37175, 100;
2026-08-03T08:45:54+08:00,37175, 100;
2026-08-03T08:45:55+08:00,37175, 100;
2026-08-03T08:45:56+08:00,37175, 100;
2026-08-03T08:45:57+08:00,37175, 100;
2026-08-03T08:45:58+08:00,37175, 100;
2026-08-03T08:45:59+08:00,37175, 100;
2026-08-03T08:46:00+08:00,37175, 100;
2026-08-03T08:46:01+08:00,37175, 100;
2026-08-03T08:46:02+08:00,37175, 100;
2026-08-03T08:46:03+08:00,37175, 100;
2026-08-03T08:46:04+08:00,37175, 100;
2026-08-03T08:46:05+08:00,37175, 100;
2026-08-03T08:46:06+08:00,37175, 100;
2026-08-03T08:46:07+08:00,37175, 100;
2026-08-03T08:46:08+08:00,37175, 100;
2026-08-03T08:46:09+08:00,37175, 100;
2026-08-03T08:46:10+08:00,37175, 100;
2026-08-03T08:46:12+08:00,37175, 100;
2026-08-03T08:46:13+08:00,37175, 100;
2026-08-03T08:46:14+08:00,37175, 100;
2026-08-03T08:46:15+08:00,37175, 100;
2026-08-03T08:46:16+08:00,37175, 100;
2026-08-03T08:46:17+08:00,37175, 100;
2026-08-03T08:46:18+08:00,37175, 100;
2026-08-03T08:46:19+08:00,37175, 100;
2026-08-03T08:46:20+08:00,37175, 100;
2026-08-03T08:46:21+08:00,37175, 100;
2026-08-03T08:46:22+08:00,37175, 100;
2026-08-03T08:46:23+08:00,37175, 100;
2026-08-03T08:46:24+08:00,37175, 100;
2026-08-03T08:46:25+08:00,37175, 100;
2026-08-03T08:46:26+08:00,37175, 100;
2026-08-03T08:46:27+08:00,37175, 100;
2026-08-03T08:46:28+08:00,37175, 100;
2026-08-03T08:46:29+08:00,37175, 100;
2026-08-03T08:46:30+08:00,37175, 100;
2026-08-03T08:46:31+08:00,37175, 100;
2026-08-03T08:46:32+08:00,37175, 100;
2026-08-03T08:46:33+08:00,37175, 100;
2026-08-03T08:46:34+08:00,37175, 100;
2026-08-03T08:46:35+08:00,37175, 100;
2026-08-03T08:46:36+08:00,37175, 100;
2026-08-03T08:46:37+08:00,37175, 100;
2026-08-03T08:46:39+08:00,37175, 100;
2026-08-03T08:46:40+08:00,37175, 100;
2026-08-03T08:46:41+08:00,37175, 100;
2026-08-03T08:46:42+08:00,37175, 100;
2026-08-03T08:46:43+08:00,37175, 100;
2026-08-03T08:46:44+08:00,37175, 100;
2026-08-03T08:46:45+08:00,37175, 100;
2026-08-03T08:46:46+08:00,37175, 100;
2026-08-03T08:46:47+08:00,37175, 100;
2026-08-03T08:46:48+08:00,37175, 100;
2026-08-03T08:46:49+08:00,37175, 100;
2026-08-03T08:46:50+08:00,37175, 100;
2026-08-03T08:46:51+08:00,37175, 100;
2026-08-03T08:46:52+08:00,37175, 100;
2026-08-03T08:46:53+08:00,37175, 100;
2026-08-03T08:46:54+08:00,37175, 100;
2026-08-03T08:46:55+08:00,37175, 100;
2026-08-03T08:46:56+08:00,37175, 100;
2026-08-03T08:46:57+08:00,37175, 100;
2026-08-03T08:46:58+08:00,37175, 100;
2026-08-03T08:46:59+08:00,37175, 100;
2026-08-03T08:47:00+08:00,37175, 100;
2026-08-03T08:47:01+08:00,37175, 100;
2026-08-03T08:47:02+08:00,37175, 100;
2026-08-03T08:47:03+08:00,37175, 100;
2026-08-03T08:47:04+08:00,37175, 100;
2026-08-03T08:47:06+08:00,37175, 100;
2026-08-03T08:47:07+08:00,37175, 100;
2026-08-03T08:47:08+08:00,37175, 100;
2026-08-03T08:47:09+08:00,37175, 100;
2026-08-03T08:47:10+08:00,37175, 100;
2026-08-03T08:47:11+08:00,37175, 100;
2026-08-03T08:47:12+08:00,37175, 100;
2026-08-03T08:47:13+08:00,37175, 100;
2026-08-03T08:47:14+08:00,37175, 100;
2026-08-03T08:47:15+08:00,37175, 100;
2026-08-03T08:47:16+08:00,37175, 100;
2026-08-03T08:47:17+08:00,37175, 100;
2026-08-03T08:47:18+08:00,37175, 100;
2026-08-03T08:47:19+08:00,37175, 100;
2026-08-03T08:47:20+08:00,37175, 100;
2026-08-03T08:47:21+08:00,37175, 100;
2026-08-03T08:47:22+08:00,37175, 100;
2026-08-03T08:47:23+08:00,37175, 100;
2026-08-03T08:47:24+08:00,37175, 100;
2026-08-03T08:47:25+08:00,37175, 100;
2026-08-03T08:47:26+08:00,37175, 100;
2026-08-03T08:47:27+08:00,37175, 100;
2026-08-03T08:47:28+08:00,37175, 100;
2026-08-03T08:47:29+08:00,37175, 100;
2026-08-03T08:47:30+08:00,37175, 100;
2026-08-03T08:47:31+08:00,37175, 100;
2026-08-03T08:47:33+08:00,37175, 100;
2026-08-03T08:47:34+08:00,37175, 100;
2026-08-03T08:47:35+08:00,37175, 100;
2026-08-03T08:47:36+08:00,37175, 100;
2026-08-03T08:47:37+08:00,37175, 100;
2026-08-03T08:47:38+08:00,37175, 100;
2026-08-03T08:47:39+08:00,37175, 100;
2026-08-03T08:47:40+08:00,37175, 100;
2026-08-03T08:47:41+08:00,37175, 100;
2026-08-03T08:47:42+08:00,37175, 100;
2026-08-03T08:47:43+08:00,37175, 100;
2026-08-03T08:47:44+08:00,37175, 100;
2026-08-03T08:47:45+08:00,37175, 100;
2026-08-03T08:47:46+08:00,37175, 100;
2026-08-03T08:47:47+08:00,37175, 100;
2026-08-03T08:47:48+08:00,37175, 100;
2026-08-03T08:47:49+08:00,37175, 100;
2026-08-03T08:47:50+08:00,37175, 100;
2026-08-03T08:47:51+08:00,37175, 100;
2026-08-03T08:47:52+08:00,37175, 100;
2026-08-03T08:47:53+08:00,37175, 100;
2026-08-03T08:47:54+08:00,37175, 100;
2026-08-03T08:47:55+08:00,37175, 100;
2026-08-03T08:47:56+08:00,37175, 100;
2026-08-03T08:47:57+08:00,37175, 100;
2026-08-03T08:47:58+08:00,37175, 100;
2026-08-03T08:47:59+08:00,37175, 100;
2026-08-03T08:48:01+08:00,37175, 100;
2026-08-03T08:48:02+08:00,37175, 100;
2026-08-03T08:48:03+08:00,37175, 100;
2026-08-03T08:48:04+08:00,37175, 100;
2026-08-03T08:48:05+08:00,37175, 100;
2026-08-03T08:48:06+08:00,37175, 100;
2026-08-03T08:48:07+08:00,37175, 100;
2026-08-03T08:48:08+08:00,37175, 100;
2026-08-03T08:48:09+08:00,37175, 100;
2026-08-03T08:48:10+08:00,37175, 100;
2026-08-03T08:48:11+08:00,37175, 100;
2026-08-03T08:48:12+08:00,37175, 100;
2026-08-03T08:48:13+08:00,37175, 100;
2026-08-03T08:48:14+08:00,37175, 100;
2026-08-03T08:48:15+08:00,37175, 100;
2026-08-03T08:48:16+08:00,37175, 100;
2026-08-03T08:48:17+08:00,37175, 100;
2026-08-03T08:48:18+08:00,37175, 100;
2026-08-03T08:48:19+08:00,37175, 100;
2026-08-03T08:48:20+08:00,37175, 100;
2026-08-03T08:48:21+08:00,37175, 100;
2026-08-03T08:48:22+08:00,37175, 100;
2026-08-03T08:48:23+08:00,37175, 100;
2026-08-03T08:48:24+08:00,37175, 100;
2026-08-03T08:48:25+08:00,37175, 100;
2026-08-03T08:48:26+08:00,37175, 100;
2026-08-03T08:48:28+08:00,37175, 100;
2026-08-03T08:48:29+08:00,37175, 100;
2026-08-03T08:48:30+08:00,37175, 100;
2026-08-03T08:48:31+08:00,37175, 100;
2026-08-03T08:48:32+08:00,37175, 100;
2026-08-03T08:48:33+08:00,37175, 100;
2026-08-03T08:48:34+08:00,37175, 100;
2026-08-03T08:48:35+08:00,37175, 100;
2026-08-03T08:48:36+08:00,37175, 100;
2026-08-03T08:48:37+08:00,37175, 100;
2026-08-03T08:48:38+08:00,37175, 100;
2026-08-03T08:48:39+08:00,37175, 100;
2026-08-03T08:48:40+08:00,37175, 100;
2026-08-03T08:48:41+08:00,37175, 100;
2026-08-03T08:48:42+08:00,37175, 100;
2026-08-03T08:48:43+08:00,37175, 100;
2026-08-03T08:48:44+08:00,37175, 100;
2026-08-03T08:48:45+08:00,37175, 100;
2026-08-03T08:48:46+08:00,37175, 100;
2026-08-03T08:48:47+08:00,37175, 100;
2026-08-03T08:48:48+08:00,37175, 100;
2026-08-03T08:48:49+08:00,37175, 100;
2026-08-03T08:48:50+08:00,37175, 100;
2026-08-03T08:48:51+08:00,37175, 100;
2026-08-03T08:48:52+08:00,37175, 100;
2026-08-03T08:48:53+08:00,37175, 100;
2026-08-03T08:48:54+08:00,37175, 100;
2026-08-03T08:48:56+08:00,37175, 100;
2026-08-03T08:48:57+08:00,37175, 100;
2026-08-03T08:48:58+08:00,37175, 100;
2026-08-03T08:48:59+08:00,37175, 100;
2026-08-03T08:49:00+08:00,37175, 100;
2026-08-03T08:49:01+08:00,37175, 100;
2026-08-03T08:49:02+08:00,37175, 100;
2026-08-03T08:49:03+08:00,37175, 100;
2026-08-03T08:49:04+08:00,37175, 100;
2026-08-03T08:49:05+08:00,37175, 100;
2026-08-03T08:49:06+08:00,37175, 100;
2026-08-03T08:49:07+08:00,37175, 100;
2026-08-03T08:49:08+08:00,37175, 100;
2026-08-03T08:49:09+08:00,37175, 100;
2026-08-03T08:49:10+08:00,37175, 100;
2026-08-03T08:49:11+08:00,37175, 100;
2026-08-03T08:49:12+08:00,37175, 100;
2026-08-03T08:49:13+08:00,37175, 100;
2026-08-03T08:49:14+08:00,37175, 100;
2026-08-03T08:49:15+08:00,37175, 100;
2026-08-03T08:49:16+08:00,37175, 100;
2026-08-03T08:49:17+08:00,37175, 100;
2026-08-03T08:49:18+08:00,37175, 100;
2026-08-03T08:49:19+08:00,37175, 100;
2026-08-03T08:49:20+08:00,37175, 100;
2026-08-03T08:49:21+08:00,37175, 100;
2026-08-03T08:49:23+08:00,37175, 100;
2026-08-03T08:49:24+08:00,37175, 100;
2026-08-03T08:49:25+08:00,37175, 100;
2026-08-03T08:49:26+08:00,37175, 100;
2026-08-03T08:49:27+08:00,37175, 100;
2026-08-03T08:49:28+08:00,37175, 100;
2026-08-03T08:49:29+08:00,37175, 100;
2026-08-03T08:49:30+08:00,37175, 100;
2026-08-03T08:49:31+08:00,37175, 100;
2026-08-03T08:49:32+08:00,37175, 100;
2026-08-03T08:49:33+08:00,37175, 100;
2026-08-03T08:49:34+08:00,37175, 100;
2026-08-03T08:49:35+08:00,37175, 100;
2026-08-03T08:49:36+08:00,37175, 100;
2026-08-03T08:49:37+08:00,37175, 100;
2026-08-03T08:49:38+08:00,37175, 100;
2026-08-03T08:49:39+08:00,37175, 100;
2026-08-03T08:49:40+08:00,37175, 100;
2026-08-03T08:49:41+08:00,37175, 100;
2026-08-03T08:49:42+08:00,37175, 100;
2026-08-03T08:49:43+08:00,37175, 100;
2026-08-03T08:49:44+08:00,37175, 100;
2026-08-03T08:49:45+08:00,37175, 100;
2026-08-03T08:49:46+08:00,37175, 100;
2026-08-03T08:49:47+08:00,37175, 100;
2026-08-03T08:49:48+08:00,37175, 100;
2026-08-03T08:49:50+08:00,37175, 100;
2026-08-03T08:49:51+08:00,37175, 100;
2026-08-03T08:49:52+08:00,37175, 100;
2026-08-03T08:49:53+08:00,37175, 100;
2026-08-03T08:49:54+08:00,37175, 100;
2026-08-03T08:49:55+08:00,37175, 100;
2026-08-03T08:49:56+08:00,37175, 100;
2026-08-03T08:49:57+08:00,37175, 100;
2026-08-03T08:49:58+08:00,37175, 100;
2026-08-03T08:49:59+08:00,37175, 100;
2026-08-03T08:50:00+08:00,37175, 100;
2026-08-03T08:50:01+08:00,37175, 100;
2026-08-03T08:50:02+08:00,37175, 100;
2026-08-03T08:50:03+08:00,37175, 100;
2026-08-03T08:50:04+08:00,37175, 100;
2026-08-03T08:50:05+08:00,37175, 100;
2026-08-03T08:50:06+08:00,37175, 100;
2026-08-03T08:50:07+08:00,37175, 100;
2026-08-03T08:50:08+08:00,37175, 100;
2026-08-03T08:50:09+08:00,37175, 100;
2026-08-03T08:50:10+08:00,37175, 100;
2026-08-03T08:50:11+08:00,37175, 100;
2026-08-03T08:50:12+08:00,37175, 100;
2026-08-03T08:50:13+08:00,37175, 100;
2026-08-03T08:50:14+08:00,37175, 100;
2026-08-03T08:50:15+08:00,37175, 100;
2026-08-03T08:50:17+08:00,37175, 100;
2026-08-03T08:50:18+08:00,37175, 100;
2026-08-03T08:50:19+08:00,37175, 100;
2026-08-03T08:50:20+08:00,37175, 100;
2026-08-03T08:50:21+08:00,37175, 100;
2026-08-03T08:50:22+08:00,37175, 100;
2026-08-03T08:50:23+08:00,37175, 100;
2026-08-03T08:50:24+08:00,37175, 100;
2026-08-03T08:50:25+08:00,37175, 100;
2026-08-03T08:50:26+08:00,37175, 100;
2026-08-03T08:50:27+08:00,37175, 100;
2026-08-03T08:50:28+08:00,37175, 100;
2026-08-03T08:50:29+08:00,37175, 100;
2026-08-03T08:50:30+08:00,37175, 100;
2026-08-03T08:50:31+08:00,37175, 100;
2026-08-03T08:50:32+08:00,37175, 100;
2026-08-03T08:50:33+08:00,37175, 100;
2026-08-03T08:50:34+08:00,37175, 100;
2026-08-03T08:50:35+08:00,37175, 100;
2026-08-03T08:50:36+08:00,37175, 100;
2026-08-03T08:50:37+08:00,37175, 100;
2026-08-03T08:50:38+08:00,37175, 100;
2026-08-03T08:50:39+08:00,37175, 100;
2026-08-03T08:50:40+08:00,37175, 100;
2026-08-03T08:50:41+08:00,37175, 100;
2026-08-03T08:50:42+08:00,37175, 100;
2026-08-03T08:50:44+08:00,37175, 100;
2026-08-03T08:50:45+08:00,37175, 100;
2026-08-03T08:50:46+08:00,37175, 100;
2026-08-03T08:50:47+08:00,37175, 100;
2026-08-03T08:50:48+08:00,37175, 100;
2026-08-03T08:50:49+08:00,37175, 100;
2026-08-03T08:50:50+08:00,37175, 100;
2026-08-03T08:50:51+08:00,37175, 100;
2026-08-03T08:50:52+08:00,37175, 100;
2026-08-03T08:50:53+08:00,37175, 100;
2026-08-03T08:50:54+08:00,37175, 100;
2026-08-03T08:50:55+08:00,37175, 100;
2026-08-03T08:50:56+08:00,37175, 100;
2026-08-03T08:50:57+08:00,37175, 100;
2026-08-03T08:50:58+08:00,37175, 100;
2026-08-03T08:50:59+08:00,37175, 100;
2026-08-03T08:51:00+08:00,37175, 100;
2026-08-03T08:51:01+08:00,37175, 100;
2026-08-03T08:51:02+08:00,37175, 100;
2026-08-03T08:51:03+08:00,37175, 100;
2026-08-03T08:51:04+08:00,37175, 100;
2026-08-03T08:51:05+08:00,37175, 100;
2026-08-03T08:51:06+08:00,37175, 100;
2026-08-03T08:51:07+08:00,37175, 100;
2026-08-03T08:51:08+08:00,37175, 100;
2026-08-03T08:51:09+08:00,37175, 100;
2026-08-03T08:51:11+08:00,37175, 100;
2026-08-03T08:51:12+08:00,37175, 100;
2026-08-03T08:51:13+08:00,37175, 100;
2026-08-03T08:51:14+08:00,37175, 100;
2026-08-03T08:51:15+08:00,37175, 100;
2026-08-03T08:51:16+08:00,37175, 100;
2026-08-03T08:51:17+08:00,37175, 100;
2026-08-03T08:51:18+08:00,37175, 100;
2026-08-03T08:51:19+08:00,37175, 100;
2026-08-03T08:51:20+08:00,37175, 100;
2026-08-03T08:51:21+08:00,37175, 100;
2026-08-03T08:51:22+08:00,37175, 100;
2026-08-03T08:51:23+08:00,37175, 100;
2026-08-03T08:51:24+08:00,37175, 100;
2026-08-03T08:51:25+08:00,37175, 100;
2026-08-03T08:51:26+08:00,37175, 100;
2026-08-03T08:51:27+08:00,37175, 100;
2026-08-03T08:51:28+08:00,37175, 100;
2026-08-03T08:51:29+08:00,37175, 100;
2026-08-03T08:51:30+08:00,37175, 100;
2026-08-03T08:51:31+08:00,37175, 100;
2026-08-03T08:51:32+08:00,37175, 100;
2026-08-03T08:51:33+08:00,37175, 100;
2026-08-03T08:51:34+08:00,37175, 100;
2026-08-03T08:51:35+08:00,37175, 100;
2026-08-03T08:51:36+08:00,37175, 100;
2026-08-03T08:51:38+08:00,37175, 100;
2026-08-03T08:51:39+08:00,37175, 100;
2026-08-03T08:51:40+08:00,37175, 100;
2026-08-03T08:51:41+08:00,37175, 100;
2026-08-03T08:51:42+08:00,37175, 100;
2026-08-03T08:51:43+08:00,37175, 100;
2026-08-03T08:51:44+08:00,37175, 100;
2026-08-03T08:51:45+08:00,37175, 100;
2026-08-03T08:51:46+08:00,37175, 100;
2026-08-03T08:51:47+08:00,37175, 100;
2026-08-03T08:51:48+08:00,37175, 100;
2026-08-03T08:51:49+08:00,37175, 100;
2026-08-03T08:51:50+08:00,37175, 100;
2026-08-03T08:51:51+08:00,37175, 100;
2026-08-03T08:51:52+08:00,37175, 100;
2026-08-03T08:51:53+08:00,37175, 100;
2026-08-03T08:51:54+08:00,37175, 100;
2026-08-03T08:51:55+08:00,37175, 100;
2026-08-03T08:51:56+08:00,37175, 100;
2026-08-03T08:51:57+08:00,37175, 100;
2026-08-03T08:51:58+08:00,37175, 100;
2026-08-03T08:51:59+08:00,37175, 100;
2026-08-03T08:52:00+08:00,37175, 100;
2026-08-03T08:52:01+08:00,37175, 100;
2026-08-03T08:52:02+08:00,37175, 100;
2026-08-03T08:52:03+08:00,37175, 100;
2026-08-03T08:52:04+08:00,37175, 100;
2026-08-03T08:52:06+08:00,37175, 100;
2026-08-03T08:52:07+08:00,37175, 100;
2026-08-03T08:52:08+08:00,37175, 100;
2026-08-03T08:52:09+08:00,37175, 100;
2026-08-03T08:52:10+08:00,37175, 100;
2026-08-03T08:52:11+08:00,37175, 100;
2026-08-03T08:52:12+08:00,37175, 100;
2026-08-03T08:52:13+08:00,37175, 100;
2026-08-03T08:52:14+08:00,37175, 100;
2026-08-03T08:52:15+08:00,37175, 100;
2026-08-03T08:52:16+08:00,37175, 100;
2026-08-03T08:52:17+08:00,37175, 100;
2026-08-03T08:52:18+08:00,37175, 100;
2026-08-03T08:52:19+08:00,37175, 100;
2026-08-03T08:52:20+08:00,37175, 100;
2026-08-03T08:52:21+08:00,37175, 100;
2026-08-03T08:52:22+08:00,37175, 100;
2026-08-03T08:52:23+08:00,37175, 100;
2026-08-03T08:52:24+08:00,37175, 100;
2026-08-03T08:52:25+08:00,37175, 100;
2026-08-03T08:52:26+08:00,37175, 100;
2026-08-03T08:52:27+08:00,37175, 100;
2026-08-03T08:52:28+08:00,37175, 100;
2026-08-03T08:52:29+08:00,37175, 100;
2026-08-03T08:52:30+08:00,37175, 100;
2026-08-03T08:52:31+08:00,37175, 100;
2026-08-03T08:52:33+08:00,37175, 100;
2026-08-03T08:52:34+08:00,37175, 100;
2026-08-03T08:52:35+08:00,37175, 100;
2026-08-03T08:52:36+08:00,37175, 100;
2026-08-03T08:52:37+08:00,37175, 100;
2026-08-03T08:52:38+08:00,37175, 100;
2026-08-03T08:52:39+08:00,37175, 100;
2026-08-03T08:52:40+08:00,37175, 100;
2026-08-03T08:52:41+08:00,37175, 100;
2026-08-03T08:52:42+08:00,37175, 100;
2026-08-03T08:52:43+08:00,37175, 100;
2026-08-03T08:52:44+08:00,37175, 100;
2026-08-03T08:52:45+08:00,37175, 100;
2026-08-03T08:52:46+08:00,37175, 100;
2026-08-03T08:52:47+08:00,37175, 100;
2026-08-03T08:52:48+08:00,37175, 100;
2026-08-03T08:52:49+08:00,37175, 100;
2026-08-03T08:52:50+08:00,37175, 100;
2026-08-03T08:52:51+08:00,37175, 100;
2026-08-03T08:52:52+08:00,37175, 100;
2026-08-03T08:52:53+08:00,37175, 100;
2026-08-03T08:52:54+08:00,37175, 100;
2026-08-03T08:52:55+08:00,37175, 100;
2026-08-03T08:52:56+08:00,37175, 100;
2026-08-03T08:52:57+08:00,37175, 100;
2026-08-03T08:52:58+08:00,37175, 100;
2026-08-03T08:52:59+08:00,37175, 100;
2026-08-03T08:53:01+08:00,37175, 100;
2026-08-03T08:53:02+08:00,37175, 100;
2026-08-03T08:53:03+08:00,37175, 100;
2026-08-03T08:53:04+08:00,37175, 100;
2026-08-03T08:53:05+08:00,37175, 100;
2026-08-03T08:53:06+08:00,37175, 100;
2026-08-03T08:53:07+08:00,37175, 100;
2026-08-03T08:53:08+08:00,37175, 100;
2026-08-03T08:53:09+08:00,37175, 100;
2026-08-03T08:53:10+08:00,37175, 100;
2026-08-03T08:53:11+08:00,37175, 100;
2026-08-03T08:53:12+08:00,37175, 100;
2026-08-03T08:53:13+08:00,37175, 100;
2026-08-03T08:53:14+08:00,37175, 100;
2026-08-03T08:53:15+08:00,37175, 100;
2026-08-03T08:53:16+08:00,37175, 100;
2026-08-03T08:53:17+08:00,37175, 100;
2026-08-03T08:53:18+08:00,37175, 100;
2026-08-03T08:53:19+08:00,37175, 100;
2026-08-03T08:53:20+08:00,37175, 100;
2026-08-03T08:53:21+08:00,37175, 100;
2026-08-03T08:53:22+08:00,37175, 100;
2026-08-03T08:53:23+08:00,37175, 100;
2026-08-03T08:53:24+08:00,37175, 100;
2026-08-03T08:53:25+08:00,37175, 100;
2026-08-03T08:53:26+08:00,37175, 100;
2026-08-03T08:53:28+08:00,37175, 100;
2026-08-03T08:53:29+08:00,37175, 100;
2026-08-03T08:53:30+08:00,37175, 100;
2026-08-03T08:53:31+08:00,37175, 100;
2026-08-03T08:53:32+08:00,37175, 100;
2026-08-03T08:53:33+08:00,37175, 100;
2026-08-03T08:53:34+08:00,37175, 100;
2026-08-03T08:53:35+08:00,37175, 100;
2026-08-03T08:53:36+08:00,37175, 100;
2026-08-03T08:53:37+08:00,37175, 100;
2026-08-03T08:53:38+08:00,37175, 100;
2026-08-03T08:53:39+08:00,37175, 100;
2026-08-03T08:53:40+08:00,37175, 100;
2026-08-03T08:53:41+08:00,37175, 100;
2026-08-03T08:53:42+08:00,37175, 100;
2026-08-03T08:53:43+08:00,37175, 100;
2026-08-03T08:53:44+08:00,37175, 100;
2026-08-03T08:53:45+08:00,37175, 100;
2026-08-03T08:53:46+08:00,37175, 100;
2026-08-03T08:53:47+08:00,37175, 100;
2026-08-03T08:53:48+08:00,37175, 100;
2026-08-03T08:53:49+08:00,37175, 100;
2026-08-03T08:53:50+08:00,37175, 100;
2026-08-03T08:53:51+08:00,37175, 100;
2026-08-03T08:53:52+08:00,37175, 100;
2026-08-03T08:53:53+08:00,37175, 100;
2026-08-03T08:53:55+08:00,37175, 100;
2026-08-03T08:53:56+08:00,37175, 100;
2026-08-03T08:53:57+08:00,37175, 100;
2026-08-03T08:53:58+08:00,37175, 100;
2026-08-03T08:53:59+08:00,37175, 100;
2026-08-03T08:54:00+08:00,37175, 100;
2026-08-03T08:54:01+08:00,37175, 100;
2026-08-03T08:54:02+08:00,37175, 100;
2026-08-03T08:54:03+08:00,37175, 100;
2026-08-03T08:54:04+08:00,37175, 100;
