batch,domain,position,sample_id
0,BigGAN,0,GenImage_test/BigGAN/test/ai/851_biggan_00127.png
0,BigGAN,1,GenImage_test/BigGAN/test/nature/ILSVRC2012_val_00006673.JPEG
0,BigGAN,2,GenImage_test/BigGAN/test/nature/ILSVRC2012_val_00045353.JPEG
0,BigGAN,3,GenImage_test/BigGAN/test/ai/814_biggan_00074.png
0,BigGAN,4,GenImage_test/BigGAN/test/nature/ILSVRC2012_val_00046456.JPEG
0,BigGAN,5,GenImage_test/BigGAN/test/ai/677_biggan_00020.png
0,BigGAN,6,GenImage_test/BigGAN/test/ai/869_biggan_00074.png
0,BigGAN,7,GenImage_test/BigGAN/test/nature/ILSVRC2012_val_00023527.JPEG
0,BigGAN,8,GenImage_test/BigGAN/test/nature/ILSVRC2012_val_00032498.JPEG
0,BigGAN,9,GenImage_test/BigGAN/test/nature/ILSVRC2012_val_00000009.JPEG
0,BigGAN,10,GenImage_test/BigGAN/test/ai/718_biggan_00035.png
0,BigGAN,11,GenImage_test/BigGAN/test/nature/ILSVRC2012_val_00017430.JPEG
0,BigGAN,12,GenImage_test/BigGAN/test/ai/889_biggan_00127.png
0,BigGAN,13,GenImage_test/BigGAN/test/nature/ILSVRC2012_val_00035069.JPEG
0,BigGAN,14,GenImage_test/BigGAN/test/ai/184_biggan_00127.png
0,BigGAN,15,GenImage_test/BigGAN/test/nature/ILSVRC2012_val_00029823.JPEG
1,BigGAN,16,GenImage_test/BigGAN/test/ai/268_biggan_00039.png
1,BigGAN,17,GenImage_test/BigGAN/test/ai/309_biggan_00127.png
1,BigGAN,18,GenImage_test/BigGAN/test/nature/ILSVRC2012_val_00035219.JPEG
1,BigGAN,19,GenImage_test/BigGAN/test/ai/884_biggan_00035.png
1,BigGAN,20,GenImage_test/BigGAN/test/ai/774_biggan_00143.png
1,BigGAN,21,GenImage_test/BigGAN/test/nature/ILSVRC2012_val_00009729.JPEG
1,BigGAN,22,GenImage_test/BigGAN/test/ai/641_biggan_00039.png
1,BigGAN,23,GenImage_test/BigGAN/test/ai/775_biggan_00035.png
1,BigGAN,24,GenImage_test/BigGAN/test/ai/226_biggan_00127.png
1,BigGAN,25,GenImage_test/BigGAN/test/nature/ILSVRC2012_val_00015558.JPEG
1,BigGAN,26,GenImage_test/BigGAN/test/ai/953_biggan_00074.png
1,BigGAN,27,GenImage_test/BigGAN/test/nature/ILSVRC2012_val_00035437.JPEG
1,BigGAN,28,GenImage_test/BigGAN/test/ai/961_biggan_00035.png
1,BigGAN,29,GenImage_test/BigGAN/test/nature/ILSVRC2012_val_00046881.JPEG
1,BigGAN,30,GenImage_test/BigGAN/test/nature/ILSVRC2012_val_00033212.JPEG
1,BigGAN,31,GenImage_test/BigGAN/test/nature/ILSVRC2012_val_00038755.JPEG
2,BigGAN,32,GenImage_test/BigGAN/test/nature/ILSVRC2012_val_00043999.JPEG
2,BigGAN,33,GenImage_test/BigGAN/test/ai/891_biggan_00035.png
2,BigGAN,34,GenImage_test/BigGAN/test/ai/435_biggan_00035.png
2,BigGAN,35,GenImage_test/BigGAN/test/ai/300_biggan_00035.png
2,BigGAN,36,GenImage_test/BigGAN/test/ai/933_biggan_00039.png
2,BigGAN,37,GenImage_test/BigGAN/test/nature/ILSVRC2012_val_00010956.JPEG
2,BigGAN,38,GenImage_test/BigGAN/test/nature/ILSVRC2012_val_00015289.JPEG
2,BigGAN,39,GenImage_test/BigGAN/test/nature/ILSVRC2012_val_00016919.JPEG
2,BigGAN,40,GenImage_test/BigGAN/test/nature/ILSVRC2012_val_00013926.JPEG
2,BigGAN,41,GenImage_test/BigGAN/test/ai/496_biggan_00127.png
2,BigGAN,42,GenImage_test/BigGAN/test/ai/070_biggan_00143.png
2,BigGAN,43,GenImage_test/BigGAN/test/nature/ILSVRC2012_val_00018704.JPEG
2,BigGAN,44,GenImage_test/BigGAN/test/ai/207_biggan_00074.png
2,BigGAN,45,GenImage_test/BigGAN/test/nature/ILSVRC2012_val_00020818.JPEG
2,BigGAN,46,GenImage_test/BigGAN/test/nature/ILSVRC2012_val_00041465.JPEG
2,BigGAN,47,GenImage_test/BigGAN/test/nature/ILSVRC2012_val_00039651.JPEG
3,BigGAN,48,GenImage_test/BigGAN/test/nature/ILSVRC2012_val_00002296.JPEG
3,BigGAN,49,GenImage_test/BigGAN/test/ai/133_biggan_00020.png
3,BigGAN,50,GenImage_test/BigGAN/test/nature/ILSVRC2012_val_00039152.JPEG
3,BigGAN,51,GenImage_test/BigGAN/test/nature/ILSVRC2012_val_00005992.JPEG
3,BigGAN,52,GenImage_test/BigGAN/test/nature/ILSVRC2012_val_00036631.JPEG
3,BigGAN,53,GenImage_test/BigGAN/test/nature/ILSVRC2012_val_00004009.JPEG
3,BigGAN,54,GenImage_test/BigGAN/test/ai/351_biggan_00039.png
3,BigGAN,55,GenImage_test/BigGAN/test/ai/659_biggan_00020.png
3,BigGAN,56,GenImage_test/BigGAN/test/nature/ILSVRC2012_val_00025709.JPEG
3,BigGAN,57,GenImage_test/BigGAN/test/nature/ILSVRC2012_val_00043609.JPEG
3,BigGAN,58,GenImage_test/BigGAN/test/ai/154_biggan_00039.png
3,BigGAN,59,GenImage_test/BigGAN/test/ai/585_biggan_00074.png
3,BigGAN,60,GenImage_test/BigGAN/test/ai/875_biggan_00035.png
3,BigGAN,61,GenImage_test/BigGAN/test/nature/ILSVRC2012_val_00002130.JPEG
3,BigGAN,62,GenImage_test/BigGAN/test/ai/894_biggan_00020.png
3,BigGAN,63,GenImage_test/BigGAN/test/ai/653_biggan_00020.png
4,BigGAN,64,GenImage_test/BigGAN/test/ai/149_biggan_00074.png
4,BigGAN,65,GenImage_test/BigGAN/test/nature/ILSVRC2012_val_00003572.JPEG
4,BigGAN,66,GenImage_test/BigGAN/test/ai/457_biggan_00020.png
4,BigGAN,67,GenImage_test/BigGAN/test/nature/ILSVRC2012_val_00036934.JPEG
4,BigGAN,68,GenImage_test/BigGAN/test/ai/796_biggan_00143.png
4,BigGAN,69,GenImage_test/BigGAN/test/nature/ILSVRC2012_val_00029558.JPEG
4,BigGAN,70,GenImage_test/BigGAN/test/ai/920_biggan_00020.png
4,BigGAN,71,GenImage_test/BigGAN/test/nature/ILSVRC2012_val_00025606.JPEG
4,BigGAN,72,GenImage_test/BigGAN/test/ai/274_biggan_00143.png
4,BigGAN,73,GenImage_test/BigGAN/test/ai/900_biggan_00127.png
4,BigGAN,74,GenImage_test/BigGAN/test/ai/033_biggan_00035.png
4,BigGAN,75,GenImage_test/BigGAN/test/nature/ILSVRC2012_val_00026097.JPEG
4,BigGAN,76,GenImage_test/BigGAN/test/nature/ILSVRC2012_val_00031316.JPEG
4,BigGAN,77,GenImage_test/BigGAN/test/ai/917_biggan_00035.png
4,BigGAN,78,GenImage_test/BigGAN/test/ai/412_biggan_00020.png
4,BigGAN,79,GenImage_test/BigGAN/test/ai/222_biggan_00127.png
5,BigGAN,80,GenImage_test/BigGAN/test/ai/052_biggan_00035.png
5,BigGAN,81,GenImage_test/BigGAN/test/nature/ILSVRC2012_val_00006902.JPEG
5,BigGAN,82,GenImage_test/BigGAN/test/ai/592_biggan_00143.png
5,BigGAN,83,GenImage_test/BigGAN/test/ai/798_biggan_00039.png
5,BigGAN,84,GenImage_test/BigGAN/test/nature/ILSVRC2012_val_00011870.JPEG
5,BigGAN,85,GenImage_test/BigGAN/test/ai/948_biggan_00039.png
5,BigGAN,86,GenImage_test/BigGAN/test/nature/ILSVRC2012_val_00031045.JPEG
5,BigGAN,87,GenImage_test/BigGAN/test/ai/878_biggan_00143.png
5,BigGAN,88,GenImage_test/BigGAN/test/ai/689_biggan_00074.png
5,BigGAN,89,GenImage_test/BigGAN/test/ai/607_biggan_00020.png
5,BigGAN,90,GenImage_test/BigGAN/test/ai/216_biggan_00039.png
5,BigGAN,91,GenImage_test/BigGAN/test/nature/ILSVRC2012_val_00043857.JPEG
5,BigGAN,92,GenImage_test/BigGAN/test/ai/108_biggan_00035.png
5,BigGAN,93,GenImage_test/BigGAN/test/nature/ILSVRC2012_val_00004951.JPEG
5,BigGAN,94,GenImage_test/BigGAN/test/ai/147_biggan_00143.png
5,BigGAN,95,GenImage_test/BigGAN/test/ai/828_biggan_00127.png
6,BigGAN,96,GenImage_test/BigGAN/test/nature/ILSVRC2012_val_00008114.JPEG
6,BigGAN,97,GenImage_test/BigGAN/test/nature/ILSVRC2012_val_00018393.JPEG
6,BigGAN,98,GenImage_test/BigGAN/test/nature/ILSVRC2012_val_00035647.JPEG
6,BigGAN,99,GenImage_test/BigGAN/test/ai/832_biggan_00074.png
6,BigGAN,100,GenImage_test/BigGAN/test/nature/ILSVRC2012_val_00010075.JPEG
6,BigGAN,101,GenImage_test/BigGAN/test/nature/ILSVRC2012_val_00026117.JPEG
6,BigGAN,102,GenImage_test/BigGAN/test/nature/ILSVRC2012_val_00020581.JPEG
6,BigGAN,103,GenImage_test/BigGAN/test/ai/853_biggan_00127.png
6,BigGAN,104,GenImage_test/BigGAN/test/ai/617_biggan_00035.png
6,BigGAN,105,GenImage_test/BigGAN/test/nature/ILSVRC2012_val_00038446.JPEG
6,BigGAN,106,GenImage_test/BigGAN/test/nature/ILSVRC2012_val_00022860.JPEG
6,BigGAN,107,GenImage_test/BigGAN/test/nature/ILSVRC2012_val_00030424.JPEG
6,BigGAN,108,GenImage_test/BigGAN/test/ai/643_biggan_00035.png
6,BigGAN,109,GenImage_test/BigGAN/test/ai/235_biggan_00074.png
6,BigGAN,110,GenImage_test/BigGAN/test/nature/ILSVRC2012_val_00012259.JPEG
6,BigGAN,111,GenImage_test/BigGAN/test/nature/ILSVRC2012_val_00006262.JPEG
7,BigGAN,112,GenImage_test/BigGAN/test/nature/ILSVRC2012_val_00009476.JPEG
7,BigGAN,113,GenImage_test/BigGAN/test/nature/ILSVRC2012_val_00019382.JPEG
7,BigGAN,114,GenImage_test/BigGAN/test/nature/ILSVRC2012_val_00047250.JPEG
7,BigGAN,115,GenImage_test/BigGAN/test/ai/778_biggan_00039.png
7,BigGAN,116,GenImage_test/BigGAN/test/ai/465_biggan_00074.png
7,BigGAN,117,GenImage_test/BigGAN/test/nature/ILSVRC2012_val_00008221.JPEG
7,BigGAN,118,GenImage_test/BigGAN/test/ai/121_biggan_00074.png
7,BigGAN,119,GenImage_test/BigGAN/test/nature/ILSVRC2012_val_00045563.JPEG
7,BigGAN,120,GenImage_test/BigGAN/test/ai/962_biggan_00039.png
7,BigGAN,121,GenImage_test/BigGAN/test/nature/ILSVRC2012_val_00029719.JPEG
7,BigGAN,122,GenImage_test/BigGAN/test/nature/ILSVRC2012_val_00043643.JPEG
7,BigGAN,123,GenImage_test/BigGAN/test/ai/566_biggan_00143.png
7,BigGAN,124,GenImage_test/BigGAN/test/ai/823_biggan_00143.png
7,BigGAN,125,GenImage_test/BigGAN/test/nature/ILSVRC2012_val_00008727.JPEG
7,BigGAN,126,GenImage_test/BigGAN/test/nature/ILSVRC2012_val_00032571.JPEG
7,BigGAN,127,GenImage_test/BigGAN/test/nature/ILSVRC2012_val_00041948.JPEG
8,BigGAN,128,GenImage_test/BigGAN/test/nature/ILSVRC2012_val_00047272.JPEG
8,BigGAN,129,GenImage_test/BigGAN/test/nature/ILSVRC2012_val_00025735.JPEG
8,BigGAN,130,GenImage_test/BigGAN/test/nature/ILSVRC2012_val_00013666.JPEG
8,BigGAN,131,GenImage_test/BigGAN/test/ai/302_biggan_00039.png
8,BigGAN,132,GenImage_test/BigGAN/test/nature/ILSVRC2012_val_00029497.JPEG
8,BigGAN,133,GenImage_test/BigGAN/test/ai/204_biggan_00143.png
8,BigGAN,134,GenImage_test/BigGAN/test/nature/ILSVRC2012_val_00049347.JPEG
8,BigGAN,135,GenImage_test/BigGAN/test/nature/ILSVRC2012_val_00037929.JPEG
8,BigGAN,136,GenImage_test/BigGAN/test/ai/011_biggan_00039.png
8,BigGAN,137,GenImage_test/BigGAN/test/ai/800_biggan_00074.png
8,BigGAN,138,GenImage_test/BigGAN/test/nature/ILSVRC2012_val_00031567.JPEG
8,BigGAN,139,GenImage_test/BigGAN/test/nature/ILSVRC2012_val_00048284.JPEG
8,BigGAN,140,GenImage_test/BigGAN/test/nature/ILSVRC2012_val_00044765.JPEG
8,BigGAN,141,GenImage_test/BigGAN/test/ai/537_biggan_00074.png
8,BigGAN,142,GenImage_test/BigGAN/test/ai/950_biggan_00035.png
8,BigGAN,143,GenImage_test/BigGAN/test/nature/ILSVRC2012_val_00048435.JPEG
9,BigGAN,144,GenImage_test/BigGAN/test/ai/262_biggan_00020.png
9,BigGAN,145,GenImage_test/BigGAN/test/ai/114_biggan_00020.png
9,BigGAN,146,GenImage_test/BigGAN/test/ai/569_biggan_00039.png
9,BigGAN,147,GenImage_test/BigGAN/test/nature/ILSVRC2012_val_00048458.JPEG
9,BigGAN,148,GenImage_test/BigGAN/test/ai/365_biggan_00127.png
9,BigGAN,149,GenImage_test/BigGAN/test/nature/ILSVRC2012_val_00041690.JPEG
9,BigGAN,150,GenImage_test/BigGAN/test/nature/ILSVRC2012_val_00041192.JPEG
9,BigGAN,151,GenImage_test/BigGAN/test/nature/ILSVRC2012_val_00004439.JPEG
9,BigGAN,152,GenImage_test/BigGAN/test/nature/ILSVRC2012_val_00029202.JPEG
9,BigGAN,153,GenImage_test/BigGAN/test/ai/764_biggan_00035.png
9,BigGAN,154,GenImage_test/BigGAN/test/ai/572_biggan_00020.png
9,BigGAN,155,GenImage_test/BigGAN/test/ai/502_biggan_00143.png
9,BigGAN,156,GenImage_test/BigGAN/test/nature/ILSVRC2012_val_00038194.JPEG
9,BigGAN,157,GenImage_test/BigGAN/test/ai/219_biggan_00039.png
9,BigGAN,158,GenImage_test/BigGAN/test/nature/ILSVRC2012_val_00039921.JPEG
9,BigGAN,159,GenImage_test/BigGAN/test/nature/ILSVRC2012_val_00023140.JPEG
10,BigGAN,160,GenImage_test/BigGAN/test/nature/ILSVRC2012_val_00034376.JPEG
10,BigGAN,161,GenImage_test/BigGAN/test/nature/ILSVRC2012_val_00010261.JPEG
10,BigGAN,162,GenImage_test/BigGAN/test/ai/379_biggan_00039.png
10,BigGAN,163,GenImage_test/BigGAN/test/nature/ILSVRC2012_val_00040839.JPEG
10,BigGAN,164,GenImage_test/BigGAN/test/nature/ILSVRC2012_val_00045521.JPEG
10,BigGAN,165,GenImage_test/BigGAN/test/ai/966_biggan_00143.png
10,BigGAN,166,GenImage_test/BigGAN/test/ai/352_biggan_00039.png
10,BigGAN,167,GenImage_test/BigGAN/test/ai/092_biggan_00035.png
10,BigGAN,168,GenImage_test/BigGAN/test/ai/653_biggan_00039.png
10,BigGAN,169,GenImage_test/BigGAN/test/ai/022_biggan_00039.png
10,BigGAN,170,GenImage_test/BigGAN/test/ai/150_biggan_00074.png
10,BigGAN,171,GenImage_test/BigGAN/test/nature/ILSVRC2012_val_00013164.JPEG
10,BigGAN,172,GenImage_test/BigGAN/test/ai/467_biggan_00127.png
10,BigGAN,173,GenImage_test/BigGAN/test/nature/ILSVRC2012_val_00006239.JPEG
10,BigGAN,174,GenImage_test/BigGAN/test/nature/ILSVRC2012_val_00022005.JPEG
10,BigGAN,175,GenImage_test/BigGAN/test/nature/ILSVRC2012_val_00046325.JPEG
11,BigGAN,176,GenImage_test/BigGAN/test/ai/717_biggan_00127.png
11,BigGAN,177,GenImage_test/BigGAN/test/ai/739_biggan_00143.png
11,BigGAN,178,GenImage_test/BigGAN/test/ai/905_biggan_00127.png
11,BigGAN,179,GenImage_test/BigGAN/test/ai/825_biggan_00035.png
11,BigGAN,180,GenImage_test/BigGAN/test/ai/441_biggan_00143.png
11,BigGAN,181,GenImage_test/BigGAN/test/nature/ILSVRC2012_val_00045758.JPEG
11,BigGAN,182,GenImage_test/BigGAN/test/nature/ILSVRC2012_val_00042109.JPEG
11,BigGAN,183,GenImage_test/BigGAN/test/ai/648_biggan_00020.png
11,BigGAN,184,GenImage_test/BigGAN/test/nature/ILSVRC2012_val_00046498.JPEG
11,BigGAN,185,GenImage_test/BigGAN/test/nature/ILSVRC2012_val_00002353.JPEG
11,BigGAN,186,GenImage_test/BigGAN/test/ai/807_biggan_00039.png
11,BigGAN,187,GenImage_test/BigGAN/test/ai/794_biggan_00020.png
11,BigGAN,188,GenImage_test/BigGAN/test/ai/704_biggan_00039.png
11,BigGAN,189,GenImage_test/BigGAN/test/nature/ILSVRC2012_val_00010130.JPEG
11,BigGAN,190,GenImage_test/BigGAN/test/nature/ILSVRC2012_val_00048324.JPEG
11,BigGAN,191,GenImage_test/BigGAN/test/nature/ILSVRC2012_val_00024287.JPEG
12,BigGAN,192,GenImage_test/BigGAN/test/ai/388_biggan_00127.png
12,BigGAN,193,GenImage_test/BigGAN/test/nature/ILSVRC2012_val_00025742.JPEG
12,BigGAN,194,GenImage_test/BigGAN/test/nature/ILSVRC2012_val_00003920.JPEG
12,BigGAN,195,GenImage_test/BigGAN/test/ai/662_biggan_00127.png
12,BigGAN,196,GenImage_test/BigGAN/test/ai/048_biggan_00127.png
12,BigGAN,197,GenImage_test/BigGAN/test/nature/ILSVRC2012_val_00004014.JPEG
12,BigGAN,198,GenImage_test/BigGAN/test/nature/ILSVRC2012_val_00012228.JPEG
12,BigGAN,199,GenImage_test/BigGAN/test/nature/ILSVRC2012_val_00008729.JPEG
12,BigGAN,200,GenImage_test/BigGAN/test/nature/ILSVRC2012_val_00018789.JPEG
12,BigGAN,201,GenImage_test/BigGAN/test/ai/189_biggan_00143.png
12,BigGAN,202,GenImage_test/BigGAN/test/ai/436_biggan_00143.png
12,BigGAN,203,GenImage_test/BigGAN/test/nature/ILSVRC2012_val_00046955.JPEG
12,BigGAN,204,GenImage_test/BigGAN/test/ai/978_biggan_00127.png
12,BigGAN,205,GenImage_test/BigGAN/test/nature/ILSVRC2012_val_00006629.JPEG
12,BigGAN,206,GenImage_test/BigGAN/test/nature/ILSVRC2012_val_00001933.JPEG
12,BigGAN,207,GenImage_test/BigGAN/test/nature/ILSVRC2012_val_00013653.JPEG
13,BigGAN,208,GenImage_test/BigGAN/test/ai/942_biggan_00143.png
13,BigGAN,209,GenImage_test/BigGAN/test/ai/119_biggan_00020.png
13,BigGAN,210,GenImage_test/BigGAN/test/nature/ILSVRC2012_val_00028525.JPEG
13,BigGAN,211,GenImage_test/BigGAN/test/nature/ILSVRC2012_val_00009324.JPEG
13,BigGAN,212,GenImage_test/BigGAN/test/ai/030_biggan_00039.png
13,BigGAN,213,GenImage_test/BigGAN/test/nature/ILSVRC2012_val_00018031.JPEG
13,BigGAN,214,GenImage_test/BigGAN/test/ai/281_biggan_00074.png
13,BigGAN,215,GenImage_test/BigGAN/test/ai/827_biggan_00039.png
13,BigGAN,216,GenImage_test/BigGAN/test/ai/404_biggan_00127.png
13,BigGAN,217,GenImage_test/BigGAN/test/nature/ILSVRC2012_val_00017741.JPEG
13,BigGAN,218,GenImage_test/BigGAN/test/nature/ILSVRC2012_val_00020125.JPEG
13,BigGAN,219,GenImage_test/BigGAN/test/nature/ILSVRC2012_val_00013005.JPEG
13,BigGAN,220,GenImage_test/BigGAN/test/ai/197_biggan_00143.png
13,BigGAN,221,GenImage_test/BigGAN/test/nature/ILSVRC2012_val_00034794.JPEG
13,BigGAN,222,GenImage_test/BigGAN/test/ai/167_biggan_00035.png
13,BigGAN,223,GenImage_test/BigGAN/test/nature/ILSVRC2012_val_00038285.JPEG
14,BigGAN,224,GenImage_test/BigGAN/test/ai/894_biggan_00143.png
14,BigGAN,225,GenImage_test/BigGAN/test/ai/056_biggan_00039.png
14,BigGAN,226,GenImage_test/BigGAN/test/nature/ILSVRC2012_val_00034107.JPEG
14,BigGAN,227,GenImage_test/BigGAN/test/nature/ILSVRC2012_val_00027352.JPEG
14,BigGAN,228,GenImage_test/BigGAN/test/ai/670_biggan_00127.png
14,BigGAN,229,GenImage_test/BigGAN/test/nature/ILSVRC2012_val_00026543.JPEG
14,BigGAN,230,GenImage_test/BigGAN/test/nature/ILSVRC2012_val_00030528.JPEG
14,BigGAN,231,GenImage_test/BigGAN/test/nature/ILSVRC2012_val_00006523.JPEG
14,BigGAN,232,GenImage_test/BigGAN/test/ai/385_biggan_00020.png
14,BigGAN,233,GenImage_test/BigGAN/test/ai/409_biggan_00127.png
14,BigGAN,234,GenImage_test/BigGAN/test/nature/ILSVRC2012_val_00029271.JPEG
14,BigGAN,235,GenImage_test/BigGAN/test/ai/044_biggan_00074.png
14,BigGAN,236,GenImage_test/BigGAN/test/nature/ILSVRC2012_val_00002594.JPEG
14,BigGAN,237,GenImage_test/BigGAN/test/ai/050_biggan_00127.png
14,BigGAN,238,GenImage_test/BigGAN/test/ai/470_biggan_00039.png
14,BigGAN,239,GenImage_test/BigGAN/test/ai/092_biggan_00074.png
15,BigGAN,240,GenImage_test/BigGAN/test/ai/176_biggan_00074.png
15,BigGAN,241,GenImage_test/BigGAN/test/ai/784_biggan_00039.png
15,BigGAN,242,GenImage_test/BigGAN/test/nature/ILSVRC2012_val_00037310.JPEG
15,BigGAN,243,GenImage_test/BigGAN/test/nature/ILSVRC2012_val_00043263.JPEG
15,BigGAN,244,GenImage_test/BigGAN/test/nature/ILSVRC2012_val_00009332.JPEG
15,BigGAN,245,GenImage_test/BigGAN/test/nature/ILSVRC2012_val_00036514.JPEG
15,BigGAN,246,GenImage_test/BigGAN/test/nature/ILSVRC2012_val_00016481.JPEG
15,BigGAN,247,GenImage_test/BigGAN/test/nature/ILSVRC2012_val_00029934.JPEG
15,BigGAN,248,GenImage_test/BigGAN/test/ai/144_biggan_00039.png
15,BigGAN,249,GenImage_test/BigGAN/test/nature/ILSVRC2012_val_00006036.JPEG
15,BigGAN,250,GenImage_test/BigGAN/test/nature/ILSVRC2012_val_00035858.JPEG
15,BigGAN,251,GenImage_test/BigGAN/test/nature/ILSVRC2012_val_00026227.JPEG
15,BigGAN,252,GenImage_test/BigGAN/test/nature/ILSVRC2012_val_00021210.JPEG
15,BigGAN,253,GenImage_test/BigGAN/test/nature/ILSVRC2012_val_00041522.JPEG
15,BigGAN,254,GenImage_test/BigGAN/test/ai/246_biggan_00020.png
15,BigGAN,255,GenImage_test/BigGAN/test/nature/ILSVRC2012_val_00023400.JPEG
16,BigGAN,256,GenImage_test/BigGAN/test/nature/ILSVRC2012_val_00009835.JPEG
16,BigGAN,257,GenImage_test/BigGAN/test/ai/567_biggan_00074.png
16,BigGAN,258,GenImage_test/BigGAN/test/nature/ILSVRC2012_val_00006086.JPEG
16,BigGAN,259,GenImage_test/BigGAN/test/ai/231_biggan_00020.png
16,BigGAN,260,GenImage_test/BigGAN/test/ai/055_biggan_00020.png
16,BigGAN,261,GenImage_test/BigGAN/test/nature/ILSVRC2012_val_00009327.JPEG
16,BigGAN,262,GenImage_test/BigGAN/test/ai/889_biggan_00039.png
16,BigGAN,263,GenImage_test/BigGAN/test/nature/ILSVRC2012_val_00004046.JPEG
16,BigGAN,264,GenImage_test/BigGAN/test/ai/914_biggan_00020.png
16,BigGAN,265,GenImage_test/BigGAN/test/nature/ILSVRC2012_val_00029409.JPEG
16,BigGAN,266,GenImage_test/BigGAN/test/nature/ILSVRC2012_val_00023843.JPEG
16,BigGAN,267,GenImage_test/BigGAN/test/nature/ILSVRC2012_val_00028752.JPEG
16,BigGAN,268,GenImage_test/BigGAN/test/ai/403_biggan_00127.png
16,BigGAN,269,GenImage_test/BigGAN/test/ai/576_biggan_00035.png
16,BigGAN,270,GenImage_test/BigGAN/test/nature/ILSVRC2012_val_00040228.JPEG
16,BigGAN,271,GenImage_test/BigGAN/test/ai/727_biggan_00039.png
17,BigGAN,272,GenImage_test/BigGAN/test/ai/995_biggan_00074.png
17,BigGAN,273,GenImage_test/BigGAN/test/nature/ILSVRC2012_val_00047780.JPEG
17,BigGAN,274,GenImage_test/BigGAN/test/nature/ILSVRC2012_val_00040111.JPEG
17,BigGAN,275,GenImage_test/BigGAN/test/nature/ILSVRC2012_val_00019796.JPEG
17,BigGAN,276,GenImage_test/BigGAN/test/ai/528_biggan_00143.png
17,BigGAN,277,GenImage_test/BigGAN/test/ai/364_biggan_00039.png
17,BigGAN,278,GenImage_test/BigGAN/test/ai/927_biggan_00039.png
17,BigGAN,279,GenImage_test/BigGAN/test/ai/598_biggan_00035.png
17,BigGAN,280,GenImage_test/BigGAN/test/nature/ILSVRC2012_val_00037987.JPEG
17,BigGAN,281,GenImage_test/BigGAN/test/ai/575_biggan_00020.png
17,BigGAN,282,GenImage_test/BigGAN/test/nature/ILSVRC2012_val_00010378.JPEG
17,BigGAN,283,GenImage_test/BigGAN/test/nature/ILSVRC2012_val_00006781.JPEG
17,BigGAN,284,GenImage_test/BigGAN/test/ai/346_biggan_00039.png
17,BigGAN,285,GenImage_test/BigGAN/test/ai/876_biggan_00035.png
17,BigGAN,286,GenImage_test/BigGAN/test/ai/185_biggan_00020.png
17,BigGAN,287,GenImage_test/BigGAN/test/nature/ILSVRC2012_val_00020142.JPEG
18,BigGAN,288,GenImage_test/BigGAN/test/ai/137_biggan_00039.png
18,BigGAN,289,GenImage_test/BigGAN/test/ai/871_biggan_00143.png
18,BigGAN,290,GenImage_test/BigGAN/test/nature/ILSVRC2012_val_00032036.JPEG
18,BigGAN,291,GenImage_test/BigGAN/test/ai/182_biggan_00020.png
18,BigGAN,292,GenImage_test/BigGAN/test/ai/482_biggan_00074.png
18,BigGAN,293,GenImage_test/BigGAN/test/nature/ILSVRC2012_val_00030394.JPEG
18,BigGAN,294,GenImage_test/BigGAN/test/ai/192_biggan_00143.png
18,BigGAN,295,GenImage_test/BigGAN/test/ai/255_biggan_00127.png
18,BigGAN,296,GenImage_test/BigGAN/test/ai/909_biggan_00020.png
18,BigGAN,297,GenImage_test/BigGAN/test/ai/162_biggan_00020.png
18,BigGAN,298,GenImage_test/BigGAN/test/ai/983_biggan_00127.png
18,BigGAN,299,GenImage_test/BigGAN/test/ai/972_biggan_00035.png
18,BigGAN,300,GenImage_test/BigGAN/test/nature/ILSVRC2012_val_00036496.JPEG
18,BigGAN,301,GenImage_test/BigGAN/test/nature/ILSVRC2012_val_00000530.JPEG
18,BigGAN,302,GenImage_test/BigGAN/test/ai/844_biggan_00143.png
18,BigGAN,303,GenImage_test/BigGAN/test/ai/224_biggan_00143.png
19,BigGAN,304,GenImage_test/BigGAN/test/ai/036_biggan_00143.png
19,BigGAN,305,GenImage_test/BigGAN/test/ai/518_biggan_00035.png
19,BigGAN,306,GenImage_test/BigGAN/test/ai/842_biggan_00039.png
19,BigGAN,307,GenImage_test/BigGAN/test/ai/570_biggan_00020.png
19,BigGAN,308,GenImage_test/BigGAN/test/nature/ILSVRC2012_val_00045561.JPEG
19,BigGAN,309,GenImage_test/BigGAN/test/nature/ILSVRC2012_val_00006066.JPEG
19,BigGAN,310,GenImage_test/BigGAN/test/ai/822_biggan_00143.png
19,BigGAN,311,GenImage_test/BigGAN/test/nature/ILSVRC2012_val_00046034.JPEG
19,BigGAN,312,GenImage_test/BigGAN/test/nature/ILSVRC2012_val_00009088.JPEG
19,BigGAN,313,GenImage_test/BigGAN/test/nature/ILSVRC2012_val_00042868.JPEG
19,BigGAN,314,GenImage_test/BigGAN/test/nature/ILSVRC2012_val_00024692.JPEG
19,BigGAN,315,GenImage_test/BigGAN/test/ai/046_biggan_00074.png
19,BigGAN,316,GenImage_test/BigGAN/test/ai/263_biggan_00035.png
19,BigGAN,317,GenImage_test/BigGAN/test/nature/ILSVRC2012_val_00041493.JPEG
19,BigGAN,318,GenImage_test/BigGAN/test/nature/ILSVRC2012_val_00002945.JPEG
19,BigGAN,319,GenImage_test/BigGAN/test/nature/ILSVRC2012_val_00023766.JPEG
20,BigGAN,320,GenImage_test/BigGAN/test/nature/ILSVRC2012_val_00001797.JPEG
20,BigGAN,321,GenImage_test/BigGAN/test/ai/707_biggan_00143.png
20,BigGAN,322,GenImage_test/BigGAN/test/nature/ILSVRC2012_val_00021125.JPEG
20,BigGAN,323,GenImage_test/BigGAN/test/nature/ILSVRC2012_val_00020288.JPEG
20,BigGAN,324,GenImage_test/BigGAN/test/ai/427_biggan_00127.png
20,BigGAN,325,GenImage_test/BigGAN/test/nature/ILSVRC2012_val_00025612.JPEG
20,BigGAN,326,GenImage_test/BigGAN/test/nature/ILSVRC2012_val_00002931.JPEG
20,BigGAN,327,GenImage_test/BigGAN/test/nature/ILSVRC2012_val_00020712.JPEG
20,BigGAN,328,GenImage_test/BigGAN/test/ai/803_biggan_00039.png
20,BigGAN,329,GenImage_test/BigGAN/test/ai/349_biggan_00020.png
20,BigGAN,330,GenImage_test/BigGAN/test/ai/679_biggan_00035.png
20,BigGAN,331,GenImage_test/BigGAN/test/ai/879_biggan_00127.png
20,BigGAN,332,GenImage_test/BigGAN/test/ai/430_biggan_00039.png
20,BigGAN,333,GenImage_test/BigGAN/test/ai/203_biggan_00143.png
20,BigGAN,334,GenImage_test/BigGAN/test/nature/ILSVRC2012_val_00037519.JPEG
20,BigGAN,335,GenImage_test/BigGAN/test/ai/089_biggan_00127.png
21,BigGAN,336,GenImage_test/BigGAN/test/nature/ILSVRC2012_val_00021615.JPEG
21,BigGAN,337,GenImage_test/BigGAN/test/nature/ILSVRC2012_val_00003965.JPEG
21,BigGAN,338,GenImage_test/BigGAN/test/ai/864_biggan_00127.png
21,BigGAN,339,GenImage_test/BigGAN/test/ai/132_biggan_00020.png
21,BigGAN,340,GenImage_test/BigGAN/test/nature/ILSVRC2012_val_00025366.JPEG
21,BigGAN,341,GenImage_test/BigGAN/test/ai/263_biggan_00039.png
21,BigGAN,342,GenImage_test/BigGAN/test/nature/ILSVRC2012_val_00023429.JPEG
21,BigGAN,343,GenImage_test/BigGAN/test/ai/084_biggan_00074.png
21,BigGAN,344,GenImage_test/BigGAN/test/nature/ILSVRC2012_val_00048554.JPEG
21,BigGAN,345,GenImage_test/BigGAN/test/ai/331_biggan_00020.png
21,BigGAN,346,GenImage_test/BigGAN/test/nature/ILSVRC2012_val_00042624.JPEG
21,BigGAN,347,GenImage_test/BigGAN/test/ai/769_biggan_00039.png
21,BigGAN,348,GenImage_test/BigGAN/test/ai/734_biggan_00039.png
21,BigGAN,349,GenImage_test/BigGAN/test/ai/105_biggan_00143.png
21,BigGAN,350,GenImage_test/BigGAN/test/ai/986_biggan_00020.png
21,BigGAN,351,GenImage_test/BigGAN/test/ai/840_biggan_00143.png
22,BigGAN,352,GenImage_test/BigGAN/test/ai/688_biggan_00039.png
22,BigGAN,353,GenImage_test/BigGAN/test/nature/ILSVRC2012_val_00032852.JPEG
22,BigGAN,354,GenImage_test/BigGAN/test/ai/495_biggan_00035.png
22,BigGAN,355,GenImage_test/BigGAN/test/ai/032_biggan_00035.png
22,BigGAN,356,GenImage_test/BigGAN/test/ai/266_biggan_00074.png
22,BigGAN,357,GenImage_test/BigGAN/test/nature/ILSVRC2012_val_00035036.JPEG
22,BigGAN,358,GenImage_test/BigGAN/test/ai/269_biggan_00143.png
22,BigGAN,359,GenImage_test/BigGAN/test/nature/ILSVRC2012_val_00018303.JPEG
22,BigGAN,360,GenImage_test/BigGAN/test/nature/ILSVRC2012_val_00032757.JPEG
22,BigGAN,361,GenImage_test/BigGAN/test/ai/590_biggan_00074.png
22,BigGAN,362,GenImage_test/BigGAN/test/ai/242_biggan_00035.png
22,BigGAN,363,GenImage_test/BigGAN/test/ai/740_biggan_00035.png
22,BigGAN,364,GenImage_test/BigGAN/test/nature/ILSVRC2012_val_00040735.JPEG
22,BigGAN,365,GenImage_test/BigGAN/test/nature/ILSVRC2012_val_00016568.JPEG
22,BigGAN,366,GenImage_test/BigGAN/test/ai/247_biggan_00143.png
22,BigGAN,367,GenImage_test/BigGAN/test/ai/623_biggan_00020.png
23,BigGAN,368,GenImage_test/BigGAN/test/ai/471_biggan_00074.png
23,BigGAN,369,GenImage_test/BigGAN/test/nature/ILSVRC2012_val_00020721.JPEG
23,BigGAN,370,GenImage_test/BigGAN/test/nature/ILSVRC2012_val_00038757.JPEG
23,BigGAN,371,GenImage_test/BigGAN/test/nature/ILSVRC2012_val_00005118.JPEG
23,BigGAN,372,GenImage_test/BigGAN/test/ai/715_biggan_00020.png
23,BigGAN,373,GenImage_test/BigGAN/test/ai/461_biggan_00020.png
23,BigGAN,374,GenImage_test/BigGAN/test/nature/ILSVRC2012_val_00010020.JPEG
23,BigGAN,375,GenImage_test/BigGAN/test/nature/ILSVRC2012_val_00006357.JPEG
23,BigGAN,376,GenImage_test/BigGAN/test/nature/ILSVRC2012_val_00020522.JPEG
23,BigGAN,377,GenImage_test/BigGAN/test/nature/ILSVRC2012_val_00016819.JPEG
23,BigGAN,378,GenImage_test/BigGAN/test/nature/ILSVRC2012_val_00022123.JPEG
23,BigGAN,379,GenImage_test/BigGAN/test/ai/590_biggan_00039.png
23,BigGAN,380,GenImage_test/BigGAN/test/ai/614_biggan_00127.png
23,BigGAN,381,GenImage_test/BigGAN/test/ai/915_biggan_00074.png
23,BigGAN,382,GenImage_test/BigGAN/test/nature/ILSVRC2012_val_00040988.JPEG
23,BigGAN,383,GenImage_test/BigGAN/test/ai/010_biggan_00039.png
24,BigGAN,384,GenImage_test/BigGAN/test/ai/098_biggan_00020.png
24,BigGAN,385,GenImage_test/BigGAN/test/ai/247_biggan_00035.png
24,BigGAN,386,GenImage_test/BigGAN/test/nature/ILSVRC2012_val_00004402.JPEG
24,BigGAN,387,GenImage_test/BigGAN/test/nature/ILSVRC2012_val_00003292.JPEG
24,BigGAN,388,GenImage_test/BigGAN/test/nature/ILSVRC2012_val_00042356.JPEG
24,BigGAN,389,GenImage_test/BigGAN/test/ai/893_biggan_00143.png
24,BigGAN,390,GenImage_test/BigGAN/test/nature/ILSVRC2012_val_00003112.JPEG
24,BigGAN,391,GenImage_test/BigGAN/test/nature/ILSVRC2012_val_00004704.JPEG
24,BigGAN,392,GenImage_test/BigGAN/test/nature/ILSVRC2012_val_00008945.JPEG
24,BigGAN,393,GenImage_test/BigGAN/test/nature/ILSVRC2012_val_00041016.JPEG
24,BigGAN,394,GenImage_test/BigGAN/test/ai/962_biggan_00074.png
24,BigGAN,395,GenImage_test/BigGAN/test/nature/ILSVRC2012_val_00041168.JPEG
24,BigGAN,396,GenImage_test/BigGAN/test/nature/ILSVRC2012_val_00021322.JPEG
24,BigGAN,397,GenImage_test/BigGAN/test/nature/ILSVRC2012_val_00047725.JPEG
24,BigGAN,398,GenImage_test/BigGAN/test/nature/ILSVRC2012_val_00007630.JPEG
24,BigGAN,399,GenImage_test/BigGAN/test/ai/389_biggan_00143.png
25,BigGAN,400,GenImage_test/BigGAN/test/ai/749_biggan_00020.png
25,BigGAN,401,GenImage_test/BigGAN/test/ai/122_biggan_00039.png
25,BigGAN,402,GenImage_test/BigGAN/test/ai/917_biggan_00074.png
25,BigGAN,403,GenImage_test/BigGAN/test/ai/788_biggan_00074.png
25,BigGAN,404,GenImage_test/BigGAN/test/nature/ILSVRC2012_val_00028427.JPEG
25,BigGAN,405,GenImage_test/BigGAN/test/nature/ILSVRC2012_val_00026877.JPEG
25,BigGAN,406,GenImage_test/BigGAN/test/ai/170_biggan_00074.png
25,BigGAN,407,GenImage_test/BigGAN/test/ai/478_biggan_00127.png
25,BigGAN,408,GenImage_test/BigGAN/test/nature/ILSVRC2012_val_00030928.JPEG
25,BigGAN,409,GenImage_test/BigGAN/test/nature/ILSVRC2012_val_00017829.JPEG
25,BigGAN,410,GenImage_test/BigGAN/test/nature/ILSVRC2012_val_00047722.JPEG
25,BigGAN,411,GenImage_test/BigGAN/test/nature/ILSVRC2012_val_00030684.JPEG
25,BigGAN,412,GenImage_test/BigGAN/test/nature/ILSVRC2012_val_00013821.JPEG
25,BigGAN,413,GenImage_test/BigGAN/test/ai/359_biggan_00035.png
25,BigGAN,414,GenImage_test/BigGAN/test/ai/297_biggan_00020.png
25,BigGAN,415,GenImage_test/BigGAN/test/ai/616_biggan_00039.png
26,BigGAN,416,GenImage_test/BigGAN/test/nature/ILSVRC2012_val_00041657.JPEG
26,BigGAN,417,GenImage_test/BigGAN/test/nature/ILSVRC2012_val_00045660.JPEG
26,BigGAN,418,GenImage_test/BigGAN/test/ai/344_biggan_00039.png
26,BigGAN,419,GenImage_test/BigGAN/test/nature/ILSVRC2012_val_00000966.JPEG
26,BigGAN,420,GenImage_test/BigGAN/test/ai/899_biggan_00127.png
26,BigGAN,421,GenImage_test/BigGAN/test/nature/ILSVRC2012_val_00023231.JPEG
26,BigGAN,422,GenImage_test/BigGAN/test/ai/523_biggan_00074.png
26,BigGAN,423,GenImage_test/BigGAN/test/ai/898_biggan_00035.png
26,BigGAN,424,GenImage_test/BigGAN/test/nature/ILSVRC2012_val_00020504.JPEG
26,BigGAN,425,GenImage_test/BigGAN/test/ai/971_biggan_00074.png
26,BigGAN,426,GenImage_test/BigGAN/test/nature/ILSVRC2012_val_00031076.JPEG
26,BigGAN,427,GenImage_test/BigGAN/test/nature/ILSVRC2012_val_00031374.JPEG
26,BigGAN,428,GenImage_test/BigGAN/test/ai/798_biggan_00020.png
26,BigGAN,429,GenImage_test/BigGAN/test/nature/ILSVRC2012_val_00038930.JPEG
26,BigGAN,430,GenImage_test/BigGAN/test/ai/229_biggan_00039.png
26,BigGAN,431,GenImage_test/BigGAN/test/nature/ILSVRC2012_val_00039078.JPEG
27,BigGAN,432,GenImage_test/BigGAN/test/nature/ILSVRC2012_val_00043560.JPEG
27,BigGAN,433,GenImage_test/BigGAN/test/nature/ILSVRC2012_val_00000715.JPEG
27,BigGAN,434,GenImage_test/BigGAN/test/nature/ILSVRC2012_val_00020431.JPEG
27,BigGAN,435,GenImage_test/BigGAN/test/ai/921_biggan_00143.png
27,BigGAN,436,GenImage_test/BigGAN/test/nature/ILSVRC2012_val_00047919.JPEG
27,BigGAN,437,GenImage_test/BigGAN/test/nature/ILSVRC2012_val_00028308.JPEG
27,BigGAN,438,GenImage_test/BigGAN/test/ai/059_biggan_00127.png
27,BigGAN,439,GenImage_test/BigGAN/test/nature/ILSVRC2012_val_00028258.JPEG
27,BigGAN,440,GenImage_test/BigGAN/test/nature/ILSVRC2012_val_00032508.JPEG
27,BigGAN,441,GenImage_test/BigGAN/test/ai/301_biggan_00039.png
27,BigGAN,442,GenImage_test/BigGAN/test/ai/181_biggan_00127.png
27,BigGAN,443,GenImage_test/BigGAN/test/ai/909_biggan_00127.png
27,BigGAN,444,GenImage_test/BigGAN/test/nature/ILSVRC2012_val_00027894.JPEG
27,BigGAN,445,GenImage_test/BigGAN/test/nature/ILSVRC2012_val_00028671.JPEG
27,BigGAN,446,GenImage_test/BigGAN/test/nature/ILSVRC2012_val_00037307.JPEG
27,BigGAN,447,GenImage_test/BigGAN/test/nature/ILSVRC2012_val_00049962.JPEG
28,BigGAN,448,GenImage_test/BigGAN/test/ai/958_biggan_00074.png
28,BigGAN,449,GenImage_test/BigGAN/test/ai/814_biggan_00127.png
28,BigGAN,450,GenImage_test/BigGAN/test/ai/624_biggan_00074.png
28,BigGAN,451,GenImage_test/BigGAN/test/ai/656_biggan_00035.png
28,BigGAN,452,GenImage_test/BigGAN/test/nature/ILSVRC2012_val_00000442.JPEG
28,BigGAN,453,GenImage_test/BigGAN/test/ai/264_biggan_00143.png
28,BigGAN,454,GenImage_test/BigGAN/test/nature/ILSVRC2012_val_00005151.JPEG
28,BigGAN,455,GenImage_test/BigGAN/test/ai/285_biggan_00127.png
28,BigGAN,456,GenImage_test/BigGAN/test/ai/288_biggan_00035.png
28,BigGAN,457,GenImage_test/BigGAN/test/ai/017_biggan_00127.png
28,BigGAN,458,GenImage_test/BigGAN/test/nature/ILSVRC2012_val_00000509.JPEG
28,BigGAN,459,GenImage_test/BigGAN/test/nature/ILSVRC2012_val_00013145.JPEG
28,BigGAN,460,GenImage_test/BigGAN/test/ai/775_biggan_00074.png
28,BigGAN,461,GenImage_test/BigGAN/test/nature/ILSVRC2012_val_00013882.JPEG
28,BigGAN,462,GenImage_test/BigGAN/test/nature/ILSVRC2012_val_00032841.JPEG
28,BigGAN,463,GenImage_test/BigGAN/test/nature/ILSVRC2012_val_00022023.JPEG
29,BigGAN,464,GenImage_test/BigGAN/test/nature/ILSVRC2012_val_00032224.JPEG
29,BigGAN,465,GenImage_test/BigGAN/test/nature/ILSVRC2012_val_00049901.JPEG
29,BigGAN,466,GenImage_test/BigGAN/test/ai/278_biggan_00035.png
29,BigGAN,467,GenImage_test/BigGAN/test/ai/892_biggan_00020.png
29,BigGAN,468,GenImage_test/BigGAN/test/ai/214_biggan_00020.png
29,BigGAN,469,GenImage_test/BigGAN/test/ai/320_biggan_00074.png
29,BigGAN,470,GenImage_test/BigGAN/test/nature/ILSVRC2012_val_00032317.JPEG
29,BigGAN,471,GenImage_test/BigGAN/test/ai/958_biggan_00039.png
29,BigGAN,472,GenImage_test/BigGAN/test/ai/584_biggan_00074.png
29,BigGAN,473,GenImage_test/BigGAN/test/ai/069_biggan_00074.png
29,BigGAN,474,GenImage_test/BigGAN/test/nature/ILSVRC2012_val_00030531.JPEG
29,BigGAN,475,GenImage_test/BigGAN/test/ai/355_biggan_00143.png
29,BigGAN,476,GenImage_test/BigGAN/test/nature/ILSVRC2012_val_00014012.JPEG
29,BigGAN,477,GenImage_test/BigGAN/test/ai/244_biggan_00035.png
29,BigGAN,478,GenImage_test/BigGAN/test/ai/779_biggan_00020.png
29,BigGAN,479,GenImage_test/BigGAN/test/ai/406_biggan_00020.png
30,BigGAN,480,GenImage_test/BigGAN/test/ai/820_biggan_00127.png
30,BigGAN,481,GenImage_test/BigGAN/test/nature/ILSVRC2012_val_00022648.JPEG
30,BigGAN,482,GenImage_test/BigGAN/test/nature/ILSVRC2012_val_00047570.JPEG
30,BigGAN,483,GenImage_test/BigGAN/test/nature/ILSVRC2012_val_00003463.JPEG
30,BigGAN,484,GenImage_test/BigGAN/test/ai/208_biggan_00143.png
30,BigGAN,485,GenImage_test/BigGAN/test/ai/364_biggan_00074.png
30,BigGAN,486,GenImage_test/BigGAN/test/ai/013_biggan_00039.png
30,BigGAN,487,GenImage_test/BigGAN/test/ai/062_biggan_00039.png
30,BigGAN,488,GenImage_test/BigGAN/test/ai/795_biggan_00074.png
30,BigGAN,489,GenImage_test/BigGAN/test/ai/175_biggan_00039.png
30,BigGAN,490,GenImage_test/BigGAN/test/ai/501_biggan_00020.png
30,BigGAN,491,GenImage_test/BigGAN/test/ai/571_biggan_00039.png
30,BigGAN,492,GenImage_test/BigGAN/test/ai/649_biggan_00127.png
30,BigGAN,493,GenImage_test/BigGAN/test/ai/708_biggan_00020.png
30,BigGAN,494,GenImage_test/BigGAN/test/nature/ILSVRC2012_val_00006110.JPEG
30,BigGAN,495,GenImage_test/BigGAN/test/nature/ILSVRC2012_val_00044242.JPEG
31,BigGAN,496,GenImage_test/BigGAN/test/ai/461_biggan_00143.png
31,BigGAN,497,GenImage_test/BigGAN/test/ai/208_biggan_00039.png
31,BigGAN,498,GenImage_test/BigGAN/test/ai/519_biggan_00074.png
31,BigGAN,499,GenImage_test/BigGAN/test/ai/510_biggan_00039.png
31,BigGAN,500,GenImage_test/BigGAN/test/nature/ILSVRC2012_val_00022255.JPEG
31,BigGAN,501,GenImage_test/BigGAN/test/ai/712_biggan_00127.png
31,BigGAN,502,GenImage_test/BigGAN/test/nature/ILSVRC2012_val_00011690.JPEG
31,BigGAN,503,GenImage_test/BigGAN/test/ai/640_biggan_00074.png
31,BigGAN,504,GenImage_test/BigGAN/test/ai/867_biggan_00074.png
31,BigGAN,505,GenImage_test/BigGAN/test/ai/132_biggan_00074.png
31,BigGAN,506,GenImage_test/BigGAN/test/nature/ILSVRC2012_val_00007157.JPEG
31,BigGAN,507,GenImage_test/BigGAN/test/ai/577_biggan_00039.png
31,BigGAN,508,GenImage_test/BigGAN/test/ai/993_biggan_00127.png
31,BigGAN,509,GenImage_test/BigGAN/test/nature/ILSVRC2012_val_00017166.JPEG
31,BigGAN,510,GenImage_test/BigGAN/test/ai/877_biggan_00039.png
31,BigGAN,511,GenImage_test/BigGAN/test/ai/558_biggan_00143.png
32,BigGAN,512,GenImage_test/BigGAN/test/nature/ILSVRC2012_val_00031229.JPEG
32,BigGAN,513,GenImage_test/BigGAN/test/ai/789_biggan_00127.png
32,BigGAN,514,GenImage_test/BigGAN/test/ai/496_biggan_00035.png
32,BigGAN,515,GenImage_test/BigGAN/test/nature/ILSVRC2012_val_00007256.JPEG
32,BigGAN,516,GenImage_test/BigGAN/test/nature/ILSVRC2012_val_00023933.JPEG
32,BigGAN,517,GenImage_test/BigGAN/test/nature/ILSVRC2012_val_00017096.JPEG
32,BigGAN,518,GenImage_test/BigGAN/test/nature/ILSVRC2012_val_00019587.JPEG
32,BigGAN,519,GenImage_test/BigGAN/test/ai/164_biggan_00020.png
32,BigGAN,520,GenImage_test/BigGAN/test/ai/881_biggan_00035.png
32,BigGAN,521,GenImage_test/BigGAN/test/ai/837_biggan_00039.png
32,BigGAN,522,GenImage_test/BigGAN/test/nature/ILSVRC2012_val_00010609.JPEG
32,BigGAN,523,GenImage_test/BigGAN/test/ai/567_biggan_00127.png
32,BigGAN,524,GenImage_test/BigGAN/test/nature/ILSVRC2012_val_00027089.JPEG
32,BigGAN,525,GenImage_test/BigGAN/test/nature/ILSVRC2012_val_00017558.JPEG
32,BigGAN,526,GenImage_test/BigGAN/test/nature/ILSVRC2012_val_00017886.JPEG
32,BigGAN,527,GenImage_test/BigGAN/test/nature/ILSVRC2012_val_00021713.JPEG
33,BigGAN,528,GenImage_test/BigGAN/test/nature/ILSVRC2012_val_00018851.JPEG
33,BigGAN,529,GenImage_test/BigGAN/test/nature/ILSVRC2012_val_00048202.JPEG
33,BigGAN,530,GenImage_test/BigGAN/test/nature/ILSVRC2012_val_00018187.JPEG
33,BigGAN,531,GenImage_test/BigGAN/test/ai/719_biggan_00020.png
33,BigGAN,532,GenImage_test/BigGAN/test/nature/ILSVRC2012_val_00048198.JPEG
33,BigGAN,533,GenImage_test/BigGAN/test/ai/585_biggan_00020.png
33,BigGAN,534,GenImage_test/BigGAN/test/nature/ILSVRC2012_val_00034557.JPEG
33,BigGAN,535,GenImage_test/BigGAN/test/ai/763_biggan_00039.png
33,BigGAN,536,GenImage_test/BigGAN/test/ai/655_biggan_00143.png
33,BigGAN,537,GenImage_test/BigGAN/test/nature/ILSVRC2012_val_00000794.JPEG
33,BigGAN,538,GenImage_test/BigGAN/test/nature/ILSVRC2012_val_00048571.JPEG
33,BigGAN,539,GenImage_test/BigGAN/test/nature/ILSVRC2012_val_00029257.JPEG
33,BigGAN,540,GenImage_test/BigGAN/test/nature/ILSVRC2012_val_00034441.JPEG
33,BigGAN,541,GenImage_test/BigGAN/test/ai/299_biggan_00039.png
33,BigGAN,542,GenImage_test/BigGAN/test/nature/ILSVRC2012_val_00048252.JPEG
33,BigGAN,543,GenImage_test/BigGAN/test/nature/ILSVRC2012_val_00001322.JPEG
34,BigGAN,544,GenImage_test/BigGAN/test/nature/ILSVRC2012_val_00030036.JPEG
34,BigGAN,545,GenImage_test/BigGAN/test/ai/154_biggan_00127.png
34,BigGAN,546,GenImage_test/BigGAN/test/ai/721_biggan_00143.png
34,BigGAN,547,GenImage_test/BigGAN/test/ai/559_biggan_00035.png
34,BigGAN,548,GenImage_test/BigGAN/test/nature/ILSVRC2012_val_00015161.JPEG
34,BigGAN,549,GenImage_test/BigGAN/test/nature/ILSVRC2012_val_00019868.JPEG
34,BigGAN,550,GenImage_test/BigGAN/test/ai/855_biggan_00039.png
34,BigGAN,551,GenImage_test/BigGAN/test/nature/ILSVRC2012_val_00000210.JPEG
34,BigGAN,552,GenImage_test/BigGAN/test/ai/750_biggan_00035.png
34,BigGAN,553,GenImage_test/BigGAN/test/ai/957_biggan_00074.png
34,BigGAN,554,GenImage_test/BigGAN/test/ai/120_biggan_00020.png
34,BigGAN,555,GenImage_test/BigGAN/test/ai/263_biggan_00143.png
34,BigGAN,556,GenImage_test/BigGAN/test/nature/ILSVRC2012_val_00046985.JPEG
34,BigGAN,557,GenImage_test/BigGAN/test/ai/624_biggan_00127.png
34,BigGAN,558,GenImage_test/BigGAN/test/nature/ILSVRC2012_val_00041625.JPEG
34,BigGAN,559,GenImage_test/BigGAN/test/ai/274_biggan_00074.png
35,BigGAN,560,GenImage_test/BigGAN/test/ai/813_biggan_00020.png
35,BigGAN,561,GenImage_test/BigGAN/test/ai/417_biggan_00035.png
35,BigGAN,562,GenImage_test/BigGAN/test/nature/ILSVRC2012_val_00041529.JPEG
35,BigGAN,563,GenImage_test/BigGAN/test/nature/ILSVRC2012_val_00042609.JPEG
35,BigGAN,564,GenImage_test/BigGAN/test/ai/488_biggan_00127.png
35,BigGAN,565,GenImage_test/BigGAN/test/nature/ILSVRC2012_val_00018879.JPEG
35,BigGAN,566,GenImage_test/BigGAN/test/nature/ILSVRC2012_val_00032034.JPEG
35,BigGAN,567,GenImage_test/BigGAN/test/nature/ILSVRC2012_val_00011272.JPEG
35,BigGAN,568,GenImage_test/BigGAN/test/ai/509_biggan_00020.png
35,BigGAN,569,GenImage_test/BigGAN/test/ai/462_biggan_00039.png
35,BigGAN,570,GenImage_test/BigGAN/test/nature/ILSVRC2012_val_00000938.JPEG
35,BigGAN,571,GenImage_test/BigGAN/test/ai/940_biggan_00035.png
35,BigGAN,572,GenImage_test/BigGAN/test/nature/ILSVRC2012_val_00046597.JPEG
35,BigGAN,573,GenImage_test/BigGAN/test/nature/ILSVRC2012_val_00035349.JPEG
35,BigGAN,574,GenImage_test/BigGAN/test/nature/ILSVRC2012_val_00026154.JPEG
35,BigGAN,575,GenImage_test/BigGAN/test/ai/856_biggan_00074.png
36,BigGAN,576,GenImage_test/BigGAN/test/nature/ILSVRC2012_val_00007433.JPEG
36,BigGAN,577,GenImage_test/BigGAN/test/nature/ILSVRC2012_val_00045291.JPEG
36,BigGAN,578,GenImage_test/BigGAN/test/ai/957_biggan_00039.png
36,BigGAN,579,GenImage_test/BigGAN/test/ai/718_biggan_00143.png
36,BigGAN,580,GenImage_test/BigGAN/test/nature/ILSVRC2012_val_00012931.JPEG
36,BigGAN,581,GenImage_test/BigGAN/test/nature/ILSVRC2012_val_00027617.JPEG
36,BigGAN,582,GenImage_test/BigGAN/test/nature/ILSVRC2012_val_00035210.JPEG
36,BigGAN,583,GenImage_test/BigGAN/test/ai/886_biggan_00035.png
36,BigGAN,584,GenImage_test/BigGAN/test/ai/779_biggan_00127.png
36,BigGAN,585,GenImage_test/BigGAN/test/nature/ILSVRC2012_val_00026090.JPEG
36,BigGAN,586,GenImage_test/BigGAN/test/ai/589_biggan_00143.png
36,BigGAN,587,GenImage_test/BigGAN/test/ai/909_biggan_00143.png
36,BigGAN,588,GenImage_test/BigGAN/test/nature/ILSVRC2012_val_00030452.JPEG
36,BigGAN,589,GenImage_test/BigGAN/test/ai/526_biggan_00039.png
36,BigGAN,590,GenImage_test/BigGAN/test/ai/284_biggan_00074.png
36,BigGAN,591,GenImage_test/BigGAN/test/ai/311_biggan_00039.png
37,BigGAN,592,GenImage_test/BigGAN/test/nature/ILSVRC2012_val_00022010.JPEG
37,BigGAN,593,GenImage_test/BigGAN/test/nature/ILSVRC2012_val_00009490.JPEG
37,BigGAN,594,GenImage_test/BigGAN/test/ai/398_biggan_00035.png
37,BigGAN,595,GenImage_test/BigGAN/test/nature/ILSVRC2012_val_00024428.JPEG
37,BigGAN,596,GenImage_test/BigGAN/test/nature/ILSVRC2012_val_00013543.JPEG
37,BigGAN,597,GenImage_test/BigGAN/test/ai/222_biggan_00035.png
37,BigGAN,598,GenImage_test/BigGAN/test/ai/868_biggan_00074.png
37,BigGAN,599,GenImage_test/BigGAN/test/nature/ILSVRC2012_val_00024499.JPEG
37,BigGAN,600,GenImage_test/BigGAN/test/nature/ILSVRC2012_val_00029104.JPEG
37,BigGAN,601,GenImage_test/BigGAN/test/nature/ILSVRC2012_val_00002138.JPEG
37,BigGAN,602,GenImage_test/BigGAN/test/nature/ILSVRC2012_val_00035607.JPEG
37,BigGAN,603,GenImage_test/BigGAN/test/nature/ILSVRC2012_val_00036022.JPEG
37,BigGAN,604,GenImage_test/BigGAN/test/ai/587_biggan_00143.png
37,BigGAN,605,GenImage_test/BigGAN/test/nature/ILSVRC2012_val_00048532.JPEG
37,BigGAN,606,GenImage_test/BigGAN/test/ai/227_biggan_00074.png
37,BigGAN,607,GenImage_test/BigGAN/test/nature/ILSVRC2012_val_00005862.JPEG
38,BigGAN,608,GenImage_test/BigGAN/test/nature/ILSVRC2012_val_00029936.JPEG
38,BigGAN,609,GenImage_test/BigGAN/test/nature/ILSVRC2012_val_00012095.JPEG
38,BigGAN,610,GenImage_test/BigGAN/test/nature/ILSVRC2012_val_00010139.JPEG
38,BigGAN,611,GenImage_test/BigGAN/test/nature/ILSVRC2012_val_00002888.JPEG
38,BigGAN,612,GenImage_test/BigGAN/test/ai/933_biggan_00074.png
38,BigGAN,613,GenImage_test/BigGAN/test/ai/926_biggan_00020.png
38,BigGAN,614,GenImage_test/BigGAN/test/nature/ILSVRC2012_val_00008319.JPEG
38,BigGAN,615,GenImage_test/BigGAN/test/ai/438_biggan_00035.png
38,BigGAN,616,GenImage_test/BigGAN/test/nature/ILSVRC2012_val_00040274.JPEG
38,BigGAN,617,GenImage_test/BigGAN/test/nature/ILSVRC2012_val_00043536.JPEG
38,BigGAN,618,GenImage_test/BigGAN/test/ai/473_biggan_00035.png
38,BigGAN,619,GenImage_test/BigGAN/test/nature/ILSVRC2012_val_00011086.JPEG
38,BigGAN,620,GenImage_test/BigGAN/test/ai/323_biggan_00039.png
38,BigGAN,621,GenImage_test/BigGAN/test/nature/ILSVRC2012_val_00046720.JPEG
38,BigGAN,622,GenImage_test/BigGAN/test/ai/533_biggan_00020.png
38,BigGAN,623,GenImage_test/BigGAN/test/nature/ILSVRC2012_val_00024871.JPEG
39,BigGAN,624,GenImage_test/BigGAN/test/nature/ILSVRC2012_val_00013208.JPEG
39,BigGAN,625,GenImage_test/BigGAN/test/ai/357_biggan_00143.png
39,BigGAN,626,GenImage_test/BigGAN/test/nature/ILSVRC2012_val_00042348.JPEG
39,BigGAN,627,GenImage_test/BigGAN/test/nature/ILSVRC2012_val_00029772.JPEG
39,BigGAN,628,GenImage_test/BigGAN/test/nature/ILSVRC2012_val_00019719.JPEG
39,BigGAN,629,GenImage_test/BigGAN/test/nature/ILSVRC2012_val_00008091.JPEG
39,BigGAN,630,GenImage_test/BigGAN/test/ai/369_biggan_00035.png
39,BigGAN,631,GenImage_test/BigGAN/test/nature/ILSVRC2012_val_00006589.JPEG
39,BigGAN,632,GenImage_test/BigGAN/test/nature/ILSVRC2012_val_00042431.JPEG
39,BigGAN,633,GenImage_test/BigGAN/test/ai/060_biggan_00039.png
39,BigGAN,634,GenImage_test/BigGAN/test/nature/ILSVRC2012_val_00048648.JPEG
39,BigGAN,635,GenImage_test/BigGAN/test/nature/ILSVRC2012_val_00038394.JPEG
39,BigGAN,636,GenImage_test/BigGAN/test/nature/ILSVRC2012_val_00042926.JPEG
39,BigGAN,637,GenImage_test/BigGAN/test/ai/645_biggan_00074.png
39,BigGAN,638,GenImage_test/BigGAN/test/nature/ILSVRC2012_val_00020889.JPEG
39,BigGAN,639,GenImage_test/BigGAN/test/ai/201_biggan_00127.png
40,BigGAN,640,GenImage_test/BigGAN/test/ai/292_biggan_00035.png
40,BigGAN,641,GenImage_test/BigGAN/test/ai/565_biggan_00039.png
40,BigGAN,642,GenImage_test/BigGAN/test/nature/ILSVRC2012_val_00020370.JPEG
40,BigGAN,643,GenImage_test/BigGAN/test/nature/ILSVRC2012_val_00031424.JPEG
40,BigGAN,644,GenImage_test/BigGAN/test/ai/558_biggan_00074.png
40,BigGAN,645,GenImage_test/BigGAN/test/ai/167_biggan_00127.png
40,BigGAN,646,GenImage_test/BigGAN/test/ai/622_biggan_00035.png
40,BigGAN,647,GenImage_test/BigGAN/test/nature/ILSVRC2012_val_00034587.JPEG
40,BigGAN,648,GenImage_test/BigGAN/test/nature/ILSVRC2012_val_00020510.JPEG
40,BigGAN,649,GenImage_test/BigGAN/test/nature/ILSVRC2012_val_00048420.JPEG
40,BigGAN,650,GenImage_test/BigGAN/test/nature/ILSVRC2012_val_00049515.JPEG
40,BigGAN,651,GenImage_test/BigGAN/test/ai/741_biggan_00127.png
40,BigGAN,652,GenImage_test/BigGAN/test/ai/783_biggan_00127.png
40,BigGAN,653,GenImage_test/BigGAN/test/nature/ILSVRC2012_val_00007311.JPEG
40,BigGAN,654,GenImage_test/BigGAN/test/ai/829_biggan_00039.png
40,BigGAN,655,GenImage_test/BigGAN/test/nature/ILSVRC2012_val_00002638.JPEG
41,BigGAN,656,GenImage_test/BigGAN/test/nature/ILSVRC2012_val_00032943.JPEG
41,BigGAN,657,GenImage_test/BigGAN/test/ai/895_biggan_00143.png
41,BigGAN,658,GenImage_test/BigGAN/test/nature/ILSVRC2012_val_00048469.JPEG
41,BigGAN,659,GenImage_test/BigGAN/test/ai/286_biggan_00074.png
41,BigGAN,660,GenImage_test/BigGAN/test/ai/955_biggan_00039.png
41,BigGAN,661,GenImage_test/BigGAN/test/nature/ILSVRC2012_val_00030625.JPEG
41,BigGAN,662,GenImage_test/BigGAN/test/nature/ILSVRC2012_val_00017702.JPEG
41,BigGAN,663,GenImage_test/BigGAN/test/nature/ILSVRC2012_val_00041601.JPEG
41,BigGAN,664,GenImage_test/BigGAN/test/nature/ILSVRC2012_val_00034192.JPEG
41,BigGAN,665,GenImage_test/BigGAN/test/nature/ILSVRC2012_val_00027826.JPEG
41,BigGAN,666,GenImage_test/BigGAN/test/nature/ILSVRC2012_val_00028365.JPEG
41,BigGAN,667,GenImage_test/BigGAN/test/nature/ILSVRC2012_val_00045100.JPEG
41,BigGAN,668,GenImage_test/BigGAN/test/nature/ILSVRC2012_val_00027503.JPEG
41,BigGAN,669,GenImage_test/BigGAN/test/nature/ILSVRC2012_val_00019606.JPEG
41,BigGAN,670,GenImage_test/BigGAN/test/ai/347_biggan_00035.png
41,BigGAN,671,GenImage_test/BigGAN/test/nature/ILSVRC2012_val_00038854.JPEG
42,BigGAN,672,GenImage_test/BigGAN/test/ai/660_biggan_00035.png
42,BigGAN,673,GenImage_test/BigGAN/test/nature/ILSVRC2012_val_00033908.JPEG
42,BigGAN,674,GenImage_test/BigGAN/test/nature/ILSVRC2012_val_00049633.JPEG
42,BigGAN,675,GenImage_test/BigGAN/test/ai/794_biggan_00039.png
42,BigGAN,676,GenImage_test/BigGAN/test/ai/572_biggan_00127.png
42,BigGAN,677,GenImage_test/BigGAN/test/ai/739_biggan_00020.png
42,BigGAN,678,GenImage_test/BigGAN/test/nature/ILSVRC2012_val_00020417.JPEG
42,BigGAN,679,GenImage_test/BigGAN/test/nature/ILSVRC2012_val_00032252.JPEG
42,BigGAN,680,GenImage_test/BigGAN/test/ai/717_biggan_00020.png
42,BigGAN,681,GenImage_test/BigGAN/test/nature/ILSVRC2012_val_00015235.JPEG
42,BigGAN,682,GenImage_test/BigGAN/test/nature/ILSVRC2012_val_00039853.JPEG
42,BigGAN,683,GenImage_test/BigGAN/test/nature/ILSVRC2012_val_00013051.JPEG
42,BigGAN,684,GenImage_test/BigGAN/test/nature/ILSVRC2012_val_00031554.JPEG
42,BigGAN,685,GenImage_test/BigGAN/test/nature/ILSVRC2012_val_00025520.JPEG
42,BigGAN,686,GenImage_test/BigGAN/test/ai/194_biggan_00127.png
42,BigGAN,687,GenImage_test/BigGAN/test/nature/ILSVRC2012_val_00033258.JPEG
43,BigGAN,688,GenImage_test/BigGAN/test/nature/ILSVRC2012_val_00032305.JPEG
43,BigGAN,689,GenImage_test/BigGAN/test/nature/ILSVRC2012_val_00029254.JPEG
43,BigGAN,690,GenImage_test/BigGAN/test/nature/ILSVRC2012_val_00034230.JPEG
43,BigGAN,691,GenImage_test/BigGAN/test/ai/103_biggan_00039.png
43,BigGAN,692,GenImage_test/BigGAN/test/ai/096_biggan_00039.png
43,BigGAN,693,GenImage_test/BigGAN/test/nature/ILSVRC2012_val_00025570.JPEG
43,BigGAN,694,GenImage_test/BigGAN/test/nature/ILSVRC2012_val_00031766.JPEG
43,BigGAN,695,GenImage_test/BigGAN/test/nature/ILSVRC2012_val_00002746.JPEG
43,BigGAN,696,GenImage_test/BigGAN/test/ai/424_biggan_00035.png
43,BigGAN,697,GenImage_test/BigGAN/test/nature/ILSVRC2012_val_00025706.JPEG
43,BigGAN,698,GenImage_test/BigGAN/test/nature/ILSVRC2012_val_00023844.JPEG
43,BigGAN,699,GenImage_test/BigGAN/test/nature/ILSVRC2012_val_00012303.JPEG
43,BigGAN,700,GenImage_test/BigGAN/test/ai/950_biggan_00039.png
43,BigGAN,701,GenImage_test/BigGAN/test/ai/780_biggan_00127.png
43,BigGAN,702,GenImage_test/BigGAN/test/ai/377_biggan_00143.png
43,BigGAN,703,GenImage_test/BigGAN/test/nature/ILSVRC2012_val_00044116.JPEG
44,BigGAN,704,GenImage_test/BigGAN/test/ai/316_biggan_00035.png
44,BigGAN,705,GenImage_test/BigGAN/test/nature/ILSVRC2012_val_00002942.JPEG
44,BigGAN,706,GenImage_test/BigGAN/test/ai/022_biggan_00127.png
44,BigGAN,707,GenImage_test/BigGAN/test/nature/ILSVRC2012_val_00007932.JPEG
44,BigGAN,708,GenImage_test/BigGAN/test/ai/405_biggan_00127.png
44,BigGAN,709,GenImage_test/BigGAN/test/ai/099_biggan_00143.png
44,BigGAN,710,GenImage_test/BigGAN/test/nature/ILSVRC2012_val_00036020.JPEG
44,BigGAN,711,GenImage_test/BigGAN/test/nature/ILSVRC2012_val_00035518.JPEG
44,BigGAN,712,GenImage_test/BigGAN/test/ai/759_biggan_00039.png
44,BigGAN,713,GenImage_test/BigGAN/test/nature/ILSVRC2012_val_00037701.JPEG
44,BigGAN,714,GenImage_test/BigGAN/test/ai/973_biggan_00020.png
44,BigGAN,715,GenImage_test/BigGAN/test/ai/309_biggan_00035.png
44,BigGAN,716,GenImage_test/BigGAN/test/ai/297_biggan_00127.png
44,BigGAN,717,GenImage_test/BigGAN/test/ai/396_biggan_00127.png
44,BigGAN,718,GenImage_test/BigGAN/test/ai/784_biggan_00035.png
44,BigGAN,719,GenImage_test/BigGAN/test/nature/ILSVRC2012_val_00015720.JPEG
45,BigGAN,720,GenImage_test/BigGAN/test/ai/913_biggan_00127.png
45,BigGAN,721,GenImage_test/BigGAN/test/ai/986_biggan_00143.png
45,BigGAN,722,GenImage_test/BigGAN/test/nature/ILSVRC2012_val_00020259.JPEG
45,BigGAN,723,GenImage_test/BigGAN/test/ai/202_biggan_00035.png
45,BigGAN,724,GenImage_test/BigGAN/test/ai/919_biggan_00143.png
45,BigGAN,725,GenImage_test/BigGAN/test/ai/159_biggan_00143.png
45,BigGAN,726,GenImage_test/BigGAN/test/ai/002_biggan_00039.png
45,BigGAN,727,GenImage_test/BigGAN/test/ai/489_biggan_00035.png
45,BigGAN,728,GenImage_test/BigGAN/test/nature/ILSVRC2012_val_00023981.JPEG
45,BigGAN,729,GenImage_test/BigGAN/test/nature/ILSVRC2012_val_00006740.JPEG
45,BigGAN,730,GenImage_test/BigGAN/test/ai/270_biggan_00035.png
45,BigGAN,731,GenImage_test/BigGAN/test/nature/ILSVRC2012_val_00022088.JPEG
45,BigGAN,732,GenImage_test/BigGAN/test/nature/ILSVRC2012_val_00013217.JPEG
45,BigGAN,733,GenImage_test/BigGAN/test/nature/ILSVRC2012_val_00040252.JPEG
45,BigGAN,734,GenImage_test/BigGAN/test/ai/490_biggan_00039.png
45,BigGAN,735,GenImage_test/BigGAN/test/ai/595_biggan_00020.png
46,BigGAN,736,GenImage_test/BigGAN/test/ai/985_biggan_00035.png
46,BigGAN,737,GenImage_test/BigGAN/test/ai/411_biggan_00035.png
46,BigGAN,738,GenImage_test/BigGAN/test/nature/ILSVRC2012_val_00043418.JPEG
46,BigGAN,739,GenImage_test/BigGAN/test/ai/814_biggan_00039.png
46,BigGAN,740,GenImage_test/BigGAN/test/ai/232_biggan_00020.png
46,BigGAN,741,GenImage_test/BigGAN/test/nature/ILSVRC2012_val_00002585.JPEG
46,BigGAN,742,GenImage_test/BigGAN/test/nature/ILSVRC2012_val_00029173.JPEG
46,BigGAN,743,GenImage_test/BigGAN/test/ai/289_biggan_00127.png
46,BigGAN,744,GenImage_test/BigGAN/test/nature/ILSVRC2012_val_00017765.JPEG
46,BigGAN,745,GenImage_test/BigGAN/test/ai/209_biggan_00127.png
46,BigGAN,746,GenImage_test/BigGAN/test/nature/ILSVRC2012_val_00002092.JPEG
46,BigGAN,747,GenImage_test/BigGAN/test/ai/424_biggan_00039.png
46,BigGAN,748,GenImage_test/BigGAN/test/nature/ILSVRC2012_val_00028501.JPEG
46,BigGAN,749,GenImage_test/BigGAN/test/ai/407_biggan_00020.png
46,BigGAN,750,GenImage_test/BigGAN/test/nature/ILSVRC2012_val_00047310.JPEG
46,BigGAN,751,GenImage_test/BigGAN/test/ai/023_biggan_00074.png
47,BigGAN,752,GenImage_test/BigGAN/test/ai/266_biggan_00035.png
47,BigGAN,753,GenImage_test/BigGAN/test/nature/ILSVRC2012_val_00007338.JPEG
47,BigGAN,754,GenImage_test/BigGAN/test/ai/304_biggan_00143.png
47,BigGAN,755,GenImage_test/BigGAN/test/nature/ILSVRC2012_val_00047453.JPEG
47,BigGAN,756,GenImage_test/BigGAN/test/nature/ILSVRC2012_val_00027713.JPEG
47,BigGAN,757,GenImage_test/BigGAN/test/ai/427_biggan_00039.png
47,BigGAN,758,GenImage_test/BigGAN/test/ai/395_biggan_00039.png
47,BigGAN,759,GenImage_test/BigGAN/test/ai/387_biggan_00127.png
47,BigGAN,760,GenImage_test/BigGAN/test/nature/ILSVRC2012_val_00002069.JPEG
47,BigGAN,761,GenImage_test/BigGAN/test/ai/920_biggan_00039.png
47,BigGAN,762,GenImage_test/BigGAN/test/ai/795_biggan_00035.png
47,BigGAN,763,GenImage_test/BigGAN/test/nature/ILSVRC2012_val_00003964.JPEG
47,BigGAN,764,GenImage_test/BigGAN/test/nature/ILSVRC2012_val_00032991.JPEG
47,BigGAN,765,GenImage_test/BigGAN/test/ai/985_biggan_00127.png
47,BigGAN,766,GenImage_test/BigGAN/test/nature/ILSVRC2012_val_00034961.JPEG
47,BigGAN,767,GenImage_test/BigGAN/test/ai/465_biggan_00143.png
48,BigGAN,768,GenImage_test/BigGAN/test/ai/496_biggan_00039.png
48,BigGAN,769,GenImage_test/BigGAN/test/nature/ILSVRC2012_val_00005656.JPEG
48,BigGAN,770,GenImage_test/BigGAN/test/ai/502_biggan_00074.png
48,BigGAN,771,GenImage_test/BigGAN/test/nature/ILSVRC2012_val_00001669.JPEG
48,BigGAN,772,GenImage_test/BigGAN/test/nature/ILSVRC2012_val_00020664.JPEG
48,BigGAN,773,GenImage_test/BigGAN/test/ai/908_biggan_00127.png
48,BigGAN,774,GenImage_test/BigGAN/test/nature/ILSVRC2012_val_00035566.JPEG
48,BigGAN,775,GenImage_test/BigGAN/test/nature/ILSVRC2012_val_00024658.JPEG
48,BigGAN,776,GenImage_test/BigGAN/test/nature/ILSVRC2012_val_00017146.JPEG
48,BigGAN,777,GenImage_test/BigGAN/test/nature/ILSVRC2012_val_00027072.JPEG
48,BigGAN,778,GenImage_test/BigGAN/test/nature/ILSVRC2012_val_00008978.JPEG
48,BigGAN,779,GenImage_test/BigGAN/test/ai/154_biggan_00143.png
48,BigGAN,780,GenImage_test/BigGAN/test/nature/ILSVRC2012_val_00044470.JPEG
48,BigGAN,781,GenImage_test/BigGAN/test/nature/ILSVRC2012_val_00030696.JPEG
48,BigGAN,782,GenImage_test/BigGAN/test/ai/542_biggan_00035.png
48,BigGAN,783,GenImage_test/BigGAN/test/ai/917_biggan_00127.png
49,BigGAN,784,GenImage_test/BigGAN/test/nature/ILSVRC2012_val_00015630.JPEG
49,BigGAN,785,GenImage_test/BigGAN/test/ai/723_biggan_00127.png
49,BigGAN,786,GenImage_test/BigGAN/test/ai/138_biggan_00127.png
49,BigGAN,787,GenImage_test/BigGAN/test/ai/178_biggan_00020.png
49,BigGAN,788,GenImage_test/BigGAN/test/nature/ILSVRC2012_val_00036263.JPEG
49,BigGAN,789,GenImage_test/BigGAN/test/nature/ILSVRC2012_val_00017404.JPEG
49,BigGAN,790,GenImage_test/BigGAN/test/ai/294_biggan_00035.png
49,BigGAN,791,GenImage_test/BigGAN/test/ai/549_biggan_00127.png
49,BigGAN,792,GenImage_test/BigGAN/test/nature/ILSVRC2012_val_00048437.JPEG
49,BigGAN,793,GenImage_test/BigGAN/test/nature/ILSVRC2012_val_00019359.JPEG
49,BigGAN,794,GenImage_test/BigGAN/test/ai/259_biggan_00020.png
49,BigGAN,795,GenImage_test/BigGAN/test/ai/892_biggan_00074.png
49,BigGAN,796,GenImage_test/BigGAN/test/nature/ILSVRC2012_val_00047683.JPEG
49,BigGAN,797,GenImage_test/BigGAN/test/ai/301_biggan_00143.png
49,BigGAN,798,GenImage_test/BigGAN/test/ai/062_biggan_00020.png
49,BigGAN,799,GenImage_test/BigGAN/test/nature/ILSVRC2012_val_00030430.JPEG
50,BigGAN,800,GenImage_test/BigGAN/test/ai/404_biggan_00039.png
50,BigGAN,801,GenImage_test/BigGAN/test/ai/389_biggan_00020.png
50,BigGAN,802,GenImage_test/BigGAN/test/nature/ILSVRC2012_val_00044108.JPEG
50,BigGAN,803,GenImage_test/BigGAN/test/nature/ILSVRC2012_val_00023988.JPEG
50,BigGAN,804,GenImage_test/BigGAN/test/ai/862_biggan_00143.png
50,BigGAN,805,GenImage_test/BigGAN/test/ai/762_biggan_00127.png
50,BigGAN,806,GenImage_test/BigGAN/test/ai/489_biggan_00039.png
50,BigGAN,807,GenImage_test/BigGAN/test/ai/544_biggan_00035.png
50,BigGAN,808,GenImage_test/BigGAN/test/ai/941_biggan_00020.png
50,BigGAN,809,GenImage_test/BigGAN/test/ai/188_biggan_00143.png
50,BigGAN,810,GenImage_test/BigGAN/test/ai/492_biggan_00039.png
50,BigGAN,811,GenImage_test/BigGAN/test/ai/516_biggan_00143.png
50,BigGAN,812,GenImage_test/BigGAN/test/nature/ILSVRC2012_val_00026215.JPEG
50,BigGAN,813,GenImage_test/BigGAN/test/nature/ILSVRC2012_val_00016009.JPEG
50,BigGAN,814,GenImage_test/BigGAN/test/ai/430_biggan_00020.png
50,BigGAN,815,GenImage_test/BigGAN/test/nature/ILSVRC2012_val_00004916.JPEG
51,BigGAN,816,GenImage_test/BigGAN/test/ai/010_biggan_00143.png
51,BigGAN,817,GenImage_test/BigGAN/test/ai/809_biggan_00035.png
51,BigGAN,818,GenImage_test/BigGAN/test/ai/643_biggan_00039.png
51,BigGAN,819,GenImage_test/BigGAN/test/ai/664_biggan_00143.png
51,BigGAN,820,GenImage_test/BigGAN/test/ai/899_biggan_00074.png
51,BigGAN,821,GenImage_test/BigGAN/test/nature/ILSVRC2012_val_00030926.JPEG
51,BigGAN,822,GenImage_test/BigGAN/test/ai/671_biggan_00020.png
51,BigGAN,823,GenImage_test/BigGAN/test/nature/ILSVRC2012_val_00046787.JPEG
51,BigGAN,824,GenImage_test/BigGAN/test/nature/ILSVRC2012_val_00002332.JPEG
51,BigGAN,825,GenImage_test/BigGAN/test/nature/ILSVRC2012_val_00040511.JPEG
51,BigGAN,826,GenImage_test/BigGAN/test/nature/ILSVRC2012_val_00047978.JPEG
51,BigGAN,827,GenImage_test/BigGAN/test/nature/ILSVRC2012_val_00031828.JPEG
51,BigGAN,828,GenImage_test/BigGAN/test/ai/525_biggan_00074.png
51,BigGAN,829,GenImage_test/BigGAN/test/nature/ILSVRC2012_val_00001217.JPEG
51,BigGAN,830,GenImage_test/BigGAN/test/nature/ILSVRC2012_val_00027039.JPEG
51,BigGAN,831,GenImage_test/BigGAN/test/nature/ILSVRC2012_val_00042573.JPEG
52,BigGAN,832,GenImage_test/BigGAN/test/ai/978_biggan_00074.png
52,BigGAN,833,GenImage_test/BigGAN/test/nature/ILSVRC2012_val_00042745.JPEG
52,BigGAN,834,GenImage_test/BigGAN/test/nature/ILSVRC2012_val_00009730.JPEG
52,BigGAN,835,GenImage_test/BigGAN/test/ai/537_biggan_00020.png
52,BigGAN,836,GenImage_test/BigGAN/test/ai/723_biggan_00039.png
52,BigGAN,837,GenImage_test/BigGAN/test/ai/458_biggan_00020.png
52,BigGAN,838,GenImage_test/BigGAN/test/ai/301_biggan_00127.png
52,BigGAN,839,GenImage_test/BigGAN/test/nature/ILSVRC2012_val_00046152.JPEG
52,BigGAN,840,GenImage_test/BigGAN/test/ai/697_biggan_00127.png
52,BigGAN,841,GenImage_test/BigGAN/test/nature/ILSVRC2012_val_00034510.JPEG
52,BigGAN,842,GenImage_test/BigGAN/test/ai/971_biggan_00127.png
52,BigGAN,843,GenImage_test/BigGAN/test/ai/263_biggan_00074.png
52,BigGAN,844,GenImage_test/BigGAN/test/ai/712_biggan_00020.png
52,BigGAN,845,GenImage_test/BigGAN/test/ai/756_biggan_00035.png
52,BigGAN,846,GenImage_test/BigGAN/test/nature/ILSVRC2012_val_00031738.JPEG
52,BigGAN,847,GenImage_test/BigGAN/test/nature/ILSVRC2012_val_00010580.JPEG
53,BigGAN,848,GenImage_test/BigGAN/test/nature/ILSVRC2012_val_00002315.JPEG
53,BigGAN,849,GenImage_test/BigGAN/test/nature/ILSVRC2012_val_00045382.JPEG
53,BigGAN,850,GenImage_test/BigGAN/test/nature/ILSVRC2012_val_00023706.JPEG
53,BigGAN,851,GenImage_test/BigGAN/test/ai/021_biggan_00074.png
53,BigGAN,852,GenImage_test/BigGAN/test/nature/ILSVRC2012_val_00007533.JPEG
53,BigGAN,853,GenImage_test/BigGAN/test/ai/741_biggan_00035.png
53,BigGAN,854,GenImage_test/BigGAN/test/ai/079_biggan_00039.png
53,BigGAN,855,GenImage_test/BigGAN/test/ai/296_biggan_00035.png
53,BigGAN,856,GenImage_test/BigGAN/test/ai/031_biggan_00039.png
53,BigGAN,857,GenImage_test/BigGAN/test/ai/208_biggan_00127.png
53,BigGAN,858,GenImage_test/BigGAN/test/nature/ILSVRC2012_val_00020162.JPEG
53,BigGAN,859,GenImage_test/BigGAN/test/ai/031_biggan_00074.png
53,BigGAN,860,GenImage_test/BigGAN/test/ai/998_biggan_00020.png
53,BigGAN,861,GenImage_test/BigGAN/test/nature/ILSVRC2012_val_00044983.JPEG
53,BigGAN,862,GenImage_test/BigGAN/test/ai/695_biggan_00127.png
53,BigGAN,863,GenImage_test/BigGAN/test/ai/296_biggan_00020.png
54,BigGAN,864,GenImage_test/BigGAN/test/nature/ILSVRC2012_val_00037857.JPEG
54,BigGAN,865,GenImage_test/BigGAN/test/ai/753_biggan_00020.png
54,BigGAN,866,GenImage_test/BigGAN/test/nature/ILSVRC2012_val_00040848.JPEG
54,BigGAN,867,GenImage_test/BigGAN/test/nature/ILSVRC2012_val_00036052.JPEG
54,BigGAN,868,GenImage_test/BigGAN/test/ai/051_biggan_00143.png
54,BigGAN,869,GenImage_test/BigGAN/test/ai/328_biggan_00127.png
54,BigGAN,870,GenImage_test/BigGAN/test/ai/483_biggan_00143.png
54,BigGAN,871,GenImage_test/BigGAN/test/ai/977_biggan_00020.png
54,BigGAN,872,GenImage_test/BigGAN/test/ai/269_biggan_00020.png
54,BigGAN,873,GenImage_test/BigGAN/test/nature/ILSVRC2012_val_00044677.JPEG
54,BigGAN,874,GenImage_test/BigGAN/test/nature/ILSVRC2012_val_00039717.JPEG
54,BigGAN,875,GenImage_test/BigGAN/test/ai/320_biggan_00039.png
54,BigGAN,876,GenImage_test/BigGAN/test/nature/ILSVRC2012_val_00034094.JPEG
54,BigGAN,877,GenImage_test/BigGAN/test/ai/417_biggan_00020.png
54,BigGAN,878,GenImage_test/BigGAN/test/nature/ILSVRC2012_val_00015948.JPEG
54,BigGAN,879,GenImage_test/BigGAN/test/ai/699_biggan_00074.png
55,BigGAN,880,GenImage_test/BigGAN/test/ai/169_biggan_00074.png
55,BigGAN,881,GenImage_test/BigGAN/test/nature/ILSVRC2012_val_00043119.JPEG
55,BigGAN,882,GenImage_test/BigGAN/test/ai/603_biggan_00039.png
55,BigGAN,883,GenImage_test/BigGAN/test/nature/ILSVRC2012_val_00048881.JPEG
55,BigGAN,884,GenImage_test/BigGAN/test/ai/773_biggan_00127.png
55,BigGAN,885,GenImage_test/BigGAN/test/ai/934_biggan_00020.png
55,BigGAN,886,GenImage_test/BigGAN/test/ai/787_biggan_00020.png
55,BigGAN,887,GenImage_test/BigGAN/test/nature/ILSVRC2012_val_00049840.JPEG
55,BigGAN,888,GenImage_test/BigGAN/test/nature/ILSVRC2012_val_00005111.JPEG
55,BigGAN,889,GenImage_test/BigGAN/test/nature/ILSVRC2012_val_00037770.JPEG
55,BigGAN,890,GenImage_test/BigGAN/test/ai/746_biggan_00127.png
55,BigGAN,891,GenImage_test/BigGAN/test/nature/ILSVRC2012_val_00020051.JPEG
55,BigGAN,892,GenImage_test/BigGAN/test/nature/ILSVRC2012_val_00010142.JPEG
55,BigGAN,893,GenImage_test/BigGAN/test/nature/ILSVRC2012_val_00001379.JPEG
55,BigGAN,894,GenImage_test/BigGAN/test/nature/ILSVRC2012_val_00013909.JPEG
55,BigGAN,895,GenImage_test/BigGAN/test/nature/ILSVRC2012_val_00003873.JPEG
56,BigGAN,896,GenImage_test/BigGAN/test/nature/ILSVRC2012_val_00029028.JPEG
56,BigGAN,897,GenImage_test/BigGAN/test/ai/897_biggan_00074.png
56,BigGAN,898,GenImage_test/BigGAN/test/ai/080_biggan_00127.png
56,BigGAN,899,GenImage_test/BigGAN/test/nature/ILSVRC2012_val_00047592.JPEG
56,BigGAN,900,GenImage_test/BigGAN/test/nature/ILSVRC2012_val_00018724.JPEG
56,BigGAN,901,GenImage_test/BigGAN/test/nature/ILSVRC2012_val_00018632.JPEG
56,BigGAN,902,GenImage_test/BigGAN/test/ai/197_biggan_00127.png
56,BigGAN,903,GenImage_test/BigGAN/test/nature/ILSVRC2012_val_00006788.JPEG
56,BigGAN,904,GenImage_test/BigGAN/test/ai/921_biggan_00020.png
56,BigGAN,905,GenImage_test/BigGAN/test/ai/123_biggan_00039.png
56,BigGAN,906,GenImage_test/BigGAN/test/ai/750_biggan_00143.png
56,BigGAN,907,GenImage_test/BigGAN/test/nature/ILSVRC2012_val_00017646.JPEG
56,BigGAN,908,GenImage_test/BigGAN/test/nature/ILSVRC2012_val_00011345.JPEG
56,BigGAN,909,GenImage_test/BigGAN/test/ai/192_biggan_00127.png
56,BigGAN,910,GenImage_test/BigGAN/test/nature/ILSVRC2012_val_00045495.JPEG
56,BigGAN,911,GenImage_test/BigGAN/test/nature/ILSVRC2012_val_00021543.JPEG
57,BigGAN,912,GenImage_test/BigGAN/test/ai/642_biggan_00074.png
57,BigGAN,913,GenImage_test/BigGAN/test/nature/ILSVRC2012_val_00017785.JPEG
57,BigGAN,914,GenImage_test/BigGAN/test/nature/ILSVRC2012_val_00030792.JPEG
57,BigGAN,915,GenImage_test/BigGAN/test/ai/866_biggan_00020.png
57,BigGAN,916,GenImage_test/BigGAN/test/nature/ILSVRC2012_val_00016925.JPEG
57,BigGAN,917,GenImage_test/BigGAN/test/ai/416_biggan_00020.png
57,BigGAN,918,GenImage_test/BigGAN/test/ai/502_biggan_00039.png
57,BigGAN,919,GenImage_test/BigGAN/test/ai/381_biggan_00143.png
57,BigGAN,920,GenImage_test/BigGAN/test/nature/ILSVRC2012_val_00035738.JPEG
57,BigGAN,921,GenImage_test/BigGAN/test/ai/200_biggan_00127.png
57,BigGAN,922,GenImage_test/BigGAN/test/ai/084_biggan_00143.png
57,BigGAN,923,GenImage_test/BigGAN/test/nature/ILSVRC2012_val_00025155.JPEG
57,BigGAN,924,GenImage_test/BigGAN/test/ai/762_biggan_00143.png
57,BigGAN,925,GenImage_test/BigGAN/test/nature/ILSVRC2012_val_00010113.JPEG
57,BigGAN,926,GenImage_test/BigGAN/test/ai/458_biggan_00035.png
57,BigGAN,927,GenImage_test/BigGAN/test/nature/ILSVRC2012_val_00002170.JPEG
58,BigGAN,928,GenImage_test/BigGAN/test/nature/ILSVRC2012_val_00032794.JPEG
58,BigGAN,929,GenImage_test/BigGAN/test/nature/ILSVRC2012_val_00002589.JPEG
58,BigGAN,930,GenImage_test/BigGAN/test/ai/200_biggan_00074.png
58,BigGAN,931,GenImage_test/BigGAN/test/nature/ILSVRC2012_val_00015002.JPEG
58,BigGAN,932,GenImage_test/BigGAN/test/nature/ILSVRC2012_val_00016903.JPEG
58,BigGAN,933,GenImage_test/BigGAN/test/ai/304_biggan_00039.png
58,BigGAN,934,GenImage_test/BigGAN/test/nature/ILSVRC2012_val_00042714.JPEG
58,BigGAN,935,GenImage_test/BigGAN/test/ai/680_biggan_00020.png
58,BigGAN,936,GenImage_test/BigGAN/test/nature/ILSVRC2012_val_00015412.JPEG
58,BigGAN,937,GenImage_test/BigGAN/test/ai/728_biggan_00020.png
58,BigGAN,938,GenImage_test/BigGAN/test/ai/392_biggan_00074.png
58,BigGAN,939,GenImage_test/BigGAN/test/ai/715_biggan_00127.png
58,BigGAN,940,GenImage_test/BigGAN/test/ai/288_biggan_00143.png
58,BigGAN,941,GenImage_test/BigGAN/test/ai/841_biggan_00039.png
58,BigGAN,942,GenImage_test/BigGAN/test/nature/ILSVRC2012_val_00023123.JPEG
58,BigGAN,943,GenImage_test/BigGAN/test/ai/489_biggan_00074.png
59,BigGAN,944,GenImage_test/BigGAN/test/ai/375_biggan_00127.png
59,BigGAN,945,GenImage_test/BigGAN/test/ai/213_biggan_00035.png
59,BigGAN,946,GenImage_test/BigGAN/test/ai/333_biggan_00143.png
59,BigGAN,947,GenImage_test/BigGAN/test/nature/ILSVRC2012_val_00035475.JPEG
59,BigGAN,948,GenImage_test/BigGAN/test/ai/825_biggan_00039.png
59,BigGAN,949,GenImage_test/BigGAN/test/ai/091_biggan_00127.png
59,BigGAN,950,GenImage_test/BigGAN/test/nature/ILSVRC2012_val_00009652.JPEG
59,BigGAN,951,GenImage_test/BigGAN/test/nature/ILSVRC2012_val_00024825.JPEG
59,BigGAN,952,GenImage_test/BigGAN/test/nature/ILSVRC2012_val_00019439.JPEG
59,BigGAN,953,GenImage_test/BigGAN/test/ai/666_biggan_00039.png
59,BigGAN,954,GenImage_test/BigGAN/test/nature/ILSVRC2012_val_00045698.JPEG
59,BigGAN,955,GenImage_test/BigGAN/test/nature/ILSVRC2012_val_00012662.JPEG
59,BigGAN,956,GenImage_test/BigGAN/test/nature/ILSVRC2012_val_00028592.JPEG
59,BigGAN,957,GenImage_test/BigGAN/test/ai/164_biggan_00127.png
59,BigGAN,958,GenImage_test/BigGAN/test/nature/ILSVRC2012_val_00015832.JPEG
59,BigGAN,959,GenImage_test/BigGAN/test/nature/ILSVRC2012_val_00033474.JPEG
60,BigGAN,960,GenImage_test/BigGAN/test/ai/325_biggan_00039.png
60,BigGAN,961,GenImage_test/BigGAN/test/ai/910_biggan_00039.png
60,BigGAN,962,GenImage_test/BigGAN/test/ai/685_biggan_00143.png
60,BigGAN,963,GenImage_test/BigGAN/test/ai/136_biggan_00020.png
60,BigGAN,964,GenImage_test/BigGAN/test/nature/ILSVRC2012_val_00016375.JPEG
60,BigGAN,965,GenImage_test/BigGAN/test/nature/ILSVRC2012_val_00032231.JPEG
60,BigGAN,966,GenImage_test/BigGAN/test/ai/444_biggan_00020.png
60,BigGAN,967,GenImage_test/BigGAN/test/nature/ILSVRC2012_val_00008259.JPEG
60,BigGAN,968,GenImage_test/BigGAN/test/ai/896_biggan_00074.png
60,BigGAN,969,GenImage_test/BigGAN/test/ai/352_biggan_00035.png
60,BigGAN,970,GenImage_test/BigGAN/test/nature/ILSVRC2012_val_00027103.JPEG
60,BigGAN,971,GenImage_test/BigGAN/test/nature/ILSVRC2012_val_00038172.JPEG
60,BigGAN,972,GenImage_test/BigGAN/test/nature/ILSVRC2012_val_00002347.JPEG
60,BigGAN,973,GenImage_test/BigGAN/test/nature/ILSVRC2012_val_00014809.JPEG
60,BigGAN,974,GenImage_test/BigGAN/test/ai/071_biggan_00035.png
60,BigGAN,975,GenImage_test/BigGAN/test/ai/956_biggan_00143.png
61,BigGAN,976,GenImage_test/BigGAN/test/ai/984_biggan_00143.png
61,BigGAN,977,GenImage_test/BigGAN/test/ai/471_biggan_00035.png
61,BigGAN,978,GenImage_test/BigGAN/test/ai/927_biggan_00020.png
61,BigGAN,979,GenImage_test/BigGAN/test/ai/608_biggan_00074.png
61,BigGAN,980,GenImage_test/BigGAN/test/nature/ILSVRC2012_val_00003609.JPEG
61,BigGAN,981,GenImage_test/BigGAN/test/ai/805_biggan_00039.png
61,BigGAN,982,GenImage_test/BigGAN/test/ai/737_biggan_00035.png
61,BigGAN,983,GenImage_test/BigGAN/test/ai/728_biggan_00074.png
61,BigGAN,984,GenImage_test/BigGAN/test/nature/ILSVRC2012_val_00014016.JPEG
61,BigGAN,985,GenImage_test/BigGAN/test/ai/869_biggan_00127.png
61,BigGAN,986,GenImage_test/BigGAN/test/ai/436_biggan_00020.png
61,BigGAN,987,GenImage_test/BigGAN/test/nature/ILSVRC2012_val_00005935.JPEG
61,BigGAN,988,GenImage_test/BigGAN/test/ai/759_biggan_00143.png
61,BigGAN,989,GenImage_test/BigGAN/test/ai/965_biggan_00039.png
61,BigGAN,990,GenImage_test/BigGAN/test/ai/447_biggan_00143.png
61,BigGAN,991,GenImage_test/BigGAN/test/ai/860_biggan_00020.png
62,BigGAN,992,GenImage_test/BigGAN/test/ai/066_biggan_00020.png
62,BigGAN,993,GenImage_test/BigGAN/test/ai/764_biggan_00020.png
62,BigGAN,994,GenImage_test/BigGAN/test/nature/ILSVRC2012_val_00004990.JPEG
62,BigGAN,995,GenImage_test/BigGAN/test/ai/053_biggan_00143.png
62,BigGAN,996,GenImage_test/BigGAN/test/nature/ILSVRC2012_val_00040360.JPEG
62,BigGAN,997,GenImage_test/BigGAN/test/nature/ILSVRC2012_val_00008821.JPEG
62,BigGAN,998,GenImage_test/BigGAN/test/nature/ILSVRC2012_val_00035657.JPEG
62,BigGAN,999,GenImage_test/BigGAN/test/nature/ILSVRC2012_val_00004887.JPEG
62,BigGAN,1000,GenImage_test/BigGAN/test/ai/244_biggan_00127.png
62,BigGAN,1001,GenImage_test/BigGAN/test/nature/ILSVRC2012_val_00011397.JPEG
62,BigGAN,1002,GenImage_test/BigGAN/test/nature/ILSVRC2012_val_00046948.JPEG
62,BigGAN,1003,GenImage_test/BigGAN/test/nature/ILSVRC2012_val_00004752.JPEG
62,BigGAN,1004,GenImage_test/BigGAN/test/nature/ILSVRC2012_val_00020989.JPEG
62,BigGAN,1005,GenImage_test/BigGAN/test/nature/ILSVRC2012_val_00024339.JPEG
62,BigGAN,1006,GenImage_test/BigGAN/test/nature/ILSVRC2012_val_00005524.JPEG
62,BigGAN,1007,GenImage_test/BigGAN/test/ai/556_biggan_00020.png
63,BigGAN,1008,GenImage_test/BigGAN/test/nature/ILSVRC2012_val_00013654.JPEG
63,BigGAN,1009,GenImage_test/BigGAN/test/nature/ILSVRC2012_val_00044772.JPEG
63,BigGAN,1010,GenImage_test/BigGAN/test/nature/ILSVRC2012_val_00010890.JPEG
63,BigGAN,1011,GenImage_test/BigGAN/test/nature/ILSVRC2012_val_00023275.JPEG
63,BigGAN,1012,GenImage_test/BigGAN/test/nature/ILSVRC2012_val_00001587.JPEG
63,BigGAN,1013,GenImage_test/BigGAN/test/nature/ILSVRC2012_val_00045683.JPEG
63,BigGAN,1014,GenImage_test/BigGAN/test/nature/ILSVRC2012_val_00033763.JPEG
63,BigGAN,1015,GenImage_test/BigGAN/test/ai/155_biggan_00039.png
63,BigGAN,1016,GenImage_test/BigGAN/test/nature/ILSVRC2012_val_00011497.JPEG
63,BigGAN,1017,GenImage_test/BigGAN/test/ai/844_biggan_00039.png
63,BigGAN,1018,GenImage_test/BigGAN/test/ai/215_biggan_00035.png
63,BigGAN,1019,GenImage_test/BigGAN/test/nature/ILSVRC2012_val_00043658.JPEG
63,BigGAN,1020,GenImage_test/BigGAN/test/ai/427_biggan_00143.png
63,BigGAN,1021,GenImage_test/BigGAN/test/nature/ILSVRC2012_val_00031759.JPEG
63,BigGAN,1022,GenImage_test/BigGAN/test/ai/628_biggan_00127.png
63,BigGAN,1023,GenImage_test/BigGAN/test/ai/067_biggan_00127.png
64,BigGAN,1024,GenImage_test/BigGAN/test/ai/964_biggan_00143.png
64,BigGAN,1025,GenImage_test/BigGAN/test/ai/964_biggan_00035.png
64,BigGAN,1026,GenImage_test/BigGAN/test/ai/889_biggan_00143.png
64,BigGAN,1027,GenImage_test/BigGAN/test/nature/ILSVRC2012_val_00021282.JPEG
64,BigGAN,1028,GenImage_test/BigGAN/test/ai/607_biggan_00143.png
64,BigGAN,1029,GenImage_test/BigGAN/test/nature/ILSVRC2012_val_00013304.JPEG
64,BigGAN,1030,GenImage_test/BigGAN/test/nature/ILSVRC2012_val_00000886.JPEG
64,BigGAN,1031,GenImage_test/BigGAN/test/ai/351_biggan_00127.png
64,BigGAN,1032,GenImage_test/BigGAN/test/ai/949_biggan_00035.png
64,BigGAN,1033,GenImage_test/BigGAN/test/ai/710_biggan_00039.png
64,BigGAN,1034,GenImage_test/BigGAN/test/nature/ILSVRC2012_val_00008496.JPEG
64,BigGAN,1035,GenImage_test/BigGAN/test/nature/ILSVRC2012_val_00028479.JPEG
64,BigGAN,1036,GenImage_test/BigGAN/test/ai/014_biggan_00039.png
64,BigGAN,1037,GenImage_test/BigGAN/test/nature/ILSVRC2012_val_00043646.JPEG
64,BigGAN,1038,GenImage_test/BigGAN/test/nature/ILSVRC2012_val_00045976.JPEG
64,BigGAN,1039,GenImage_test/BigGAN/test/nature/ILSVRC2012_val_00034131.JPEG
65,BigGAN,1040,GenImage_test/BigGAN/test/nature/ILSVRC2012_val_00024091.JPEG
65,BigGAN,1041,GenImage_test/BigGAN/test/nature/ILSVRC2012_val_00014908.JPEG
65,BigGAN,1042,GenImage_test/BigGAN/test/ai/960_biggan_00143.png
65,BigGAN,1043,GenImage_test/BigGAN/test/nature/ILSVRC2012_val_00032815.JPEG
65,BigGAN,1044,GenImage_test/BigGAN/test/nature/ILSVRC2012_val_00043648.JPEG
65,BigGAN,1045,GenImage_test/BigGAN/test/ai/378_biggan_00020.png
65,BigGAN,1046,GenImage_test/BigGAN/test/nature/ILSVRC2012_val_00018728.JPEG
65,BigGAN,1047,GenImage_test/BigGAN/test/nature/ILSVRC2012_val_00045293.JPEG
65,BigGAN,1048,GenImage_test/BigGAN/test/ai/959_biggan_00143.png
65,BigGAN,1049,GenImage_test/BigGAN/test/nature/ILSVRC2012_val_00012163.JPEG
65,BigGAN,1050,GenImage_test/BigGAN/test/nature/ILSVRC2012_val_00038604.JPEG
65,BigGAN,1051,GenImage_test/BigGAN/test/ai/597_biggan_00074.png
65,BigGAN,1052,GenImage_test/BigGAN/test/ai/432_biggan_00127.png
65,BigGAN,1053,GenImage_test/BigGAN/test/nature/ILSVRC2012_val_00047756.JPEG
65,BigGAN,1054,GenImage_test/BigGAN/test/nature/ILSVRC2012_val_00017636.JPEG
65,BigGAN,1055,GenImage_test/BigGAN/test/nature/ILSVRC2012_val_00028632.JPEG
66,BigGAN,1056,GenImage_test/BigGAN/test/ai/932_biggan_00127.png
66,BigGAN,1057,GenImage_test/BigGAN/test/ai/167_biggan_00020.png
66,BigGAN,1058,GenImage_test/BigGAN/test/ai/264_biggan_00035.png
66,BigGAN,1059,GenImage_test/BigGAN/test/ai/684_biggan_00035.png
66,BigGAN,1060,GenImage_test/BigGAN/test/ai/659_biggan_00127.png
66,BigGAN,1061,GenImage_test/BigGAN/test/nature/ILSVRC2012_val_00027525.JPEG
66,BigGAN,1062,GenImage_test/BigGAN/test/ai/657_biggan_00143.png
66,BigGAN,1063,GenImage_test/BigGAN/test/ai/958_biggan_00020.png
66,BigGAN,1064,GenImage_test/BigGAN/test/ai/144_biggan_00035.png
66,BigGAN,1065,GenImage_test/BigGAN/test/nature/ILSVRC2012_val_00049980.JPEG
66,BigGAN,1066,GenImage_test/BigGAN/test/nature/ILSVRC2012_val_00013921.JPEG
66,BigGAN,1067,GenImage_test/BigGAN/test/ai/826_biggan_00020.png
66,BigGAN,1068,GenImage_test/BigGAN/test/ai/215_biggan_00127.png
66,BigGAN,1069,GenImage_test/BigGAN/test/nature/ILSVRC2012_val_00031434.JPEG
66,BigGAN,1070,GenImage_test/BigGAN/test/ai/439_biggan_00035.png
66,BigGAN,1071,GenImage_test/BigGAN/test/nature/ILSVRC2012_val_00035425.JPEG
67,BigGAN,1072,GenImage_test/BigGAN/test/nature/ILSVRC2012_val_00024912.JPEG
67,BigGAN,1073,GenImage_test/BigGAN/test/nature/ILSVRC2012_val_00027846.JPEG
67,BigGAN,1074,GenImage_test/BigGAN/test/ai/398_biggan_00020.png
67,BigGAN,1075,GenImage_test/BigGAN/test/nature/ILSVRC2012_val_00028162.JPEG
67,BigGAN,1076,GenImage_test/BigGAN/test/ai/069_biggan_00039.png
67,BigGAN,1077,GenImage_test/BigGAN/test/ai/102_biggan_00127.png
67,BigGAN,1078,GenImage_test/BigGAN/test/ai/136_biggan_00039.png
67,BigGAN,1079,GenImage_test/BigGAN/test/nature/ILSVRC2012_val_00031816.JPEG
67,BigGAN,1080,GenImage_test/BigGAN/test/ai/094_biggan_00074.png
67,BigGAN,1081,GenImage_test/BigGAN/test/nature/ILSVRC2012_val_00000564.JPEG
67,BigGAN,1082,GenImage_test/BigGAN/test/nature/ILSVRC2012_val_00002832.JPEG
67,BigGAN,1083,GenImage_test/BigGAN/test/nature/ILSVRC2012_val_00000945.JPEG
67,BigGAN,1084,GenImage_test/BigGAN/test/ai/494_biggan_00035.png
67,BigGAN,1085,GenImage_test/BigGAN/test/nature/ILSVRC2012_val_00042970.JPEG
67,BigGAN,1086,GenImage_test/BigGAN/test/ai/580_biggan_00127.png
67,BigGAN,1087,GenImage_test/BigGAN/test/ai/514_biggan_00020.png
68,BigGAN,1088,GenImage_test/BigGAN/test/ai/491_biggan_00127.png
68,BigGAN,1089,GenImage_test/BigGAN/test/ai/088_biggan_00039.png
68,BigGAN,1090,GenImage_test/BigGAN/test/nature/ILSVRC2012_val_00041680.JPEG
68,BigGAN,1091,GenImage_test/BigGAN/test/ai/599_biggan_00143.png
68,BigGAN,1092,GenImage_test/BigGAN/test/nature/ILSVRC2012_val_00030180.JPEG
68,BigGAN,1093,GenImage_test/BigGAN/test/nature/ILSVRC2012_val_00014820.JPEG
68,BigGAN,1094,GenImage_test/BigGAN/test/ai/849_biggan_00020.png
68,BigGAN,1095,GenImage_test/BigGAN/test/nature/ILSVRC2012_val_00036609.JPEG
68,BigGAN,1096,GenImage_test/BigGAN/test/nature/ILSVRC2012_val_00017023.JPEG
68,BigGAN,1097,GenImage_test/BigGAN/test/nature/ILSVRC2012_val_00046021.JPEG
68,BigGAN,1098,GenImage_test/BigGAN/test/nature/ILSVRC2012_val_00048553.JPEG
68,BigGAN,1099,GenImage_test/BigGAN/test/ai/047_biggan_00074.png
68,BigGAN,1100,GenImage_test/BigGAN/test/ai/089_biggan_00074.png
68,BigGAN,1101,GenImage_test/BigGAN/test/nature/ILSVRC2012_val_00013798.JPEG
68,BigGAN,1102,GenImage_test/BigGAN/test/ai/720_biggan_00035.png
68,BigGAN,1103,GenImage_test/BigGAN/test/nature/ILSVRC2012_val_00004531.JPEG
69,BigGAN,1104,GenImage_test/BigGAN/test/ai/295_biggan_00020.png
69,BigGAN,1105,GenImage_test/BigGAN/test/nature/ILSVRC2012_val_00042614.JPEG
69,BigGAN,1106,GenImage_test/BigGAN/test/ai/297_biggan_00039.png
69,BigGAN,1107,GenImage_test/BigGAN/test/ai/097_biggan_00035.png
69,BigGAN,1108,GenImage_test/BigGAN/test/ai/784_biggan_00143.png
69,BigGAN,1109,GenImage_test/BigGAN/test/ai/411_biggan_00020.png
69,BigGAN,1110,GenImage_test/BigGAN/test/ai/373_biggan_00074.png
69,BigGAN,1111,GenImage_test/BigGAN/test/nature/ILSVRC2012_val_00027942.JPEG
69,BigGAN,1112,GenImage_test/BigGAN/test/ai/965_biggan_00020.png
69,BigGAN,1113,GenImage_test/BigGAN/test/nature/ILSVRC2012_val_00027646.JPEG
69,BigGAN,1114,GenImage_test/BigGAN/test/nature/ILSVRC2012_val_00034688.JPEG
69,BigGAN,1115,GenImage_test/BigGAN/test/nature/ILSVRC2012_val_00044076.JPEG
69,BigGAN,1116,GenImage_test/BigGAN/test/ai/949_biggan_00020.png
69,BigGAN,1117,GenImage_test/BigGAN/test/nature/ILSVRC2012_val_00016111.JPEG
69,BigGAN,1118,GenImage_test/BigGAN/test/ai/473_biggan_00020.png
69,BigGAN,1119,GenImage_test/BigGAN/test/ai/341_biggan_00127.png
70,BigGAN,1120,GenImage_test/BigGAN/test/nature/ILSVRC2012_val_00037792.JPEG
70,BigGAN,1121,GenImage_test/BigGAN/test/nature/ILSVRC2012_val_00004283.JPEG
70,BigGAN,1122,GenImage_test/BigGAN/test/ai/752_biggan_00074.png
70,BigGAN,1123,GenImage_test/BigGAN/test/nature/ILSVRC2012_val_00038800.JPEG
70,BigGAN,1124,GenImage_test/BigGAN/test/nature/ILSVRC2012_val_00027890.JPEG
70,BigGAN,1125,GenImage_test/BigGAN/test/nature/ILSVRC2012_val_00017353.JPEG
70,BigGAN,1126,GenImage_test/BigGAN/test/nature/ILSVRC2012_val_00028195.JPEG
70,BigGAN,1127,GenImage_test/BigGAN/test/ai/644_biggan_00039.png
70,BigGAN,1128,GenImage_test/BigGAN/test/nature/ILSVRC2012_val_00017024.JPEG
70,BigGAN,1129,GenImage_test/BigGAN/test/nature/ILSVRC2012_val_00026608.JPEG
70,BigGAN,1130,GenImage_test/BigGAN/test/nature/ILSVRC2012_val_00009466.JPEG
70,BigGAN,1131,GenImage_test/BigGAN/test/ai/305_biggan_00074.png
70,BigGAN,1132,GenImage_test/BigGAN/test/ai/375_biggan_00143.png
70,BigGAN,1133,GenImage_test/BigGAN/test/ai/169_biggan_00127.png
70,BigGAN,1134,GenImage_test/BigGAN/test/nature/ILSVRC2012_val_00005279.JPEG
70,BigGAN,1135,GenImage_test/BigGAN/test/ai/992_biggan_00074.png
71,BigGAN,1136,GenImage_test/BigGAN/test/ai/222_biggan_00074.png
71,BigGAN,1137,GenImage_test/BigGAN/test/ai/810_biggan_00127.png
71,BigGAN,1138,GenImage_test/BigGAN/test/ai/568_biggan_00127.png
71,BigGAN,1139,GenImage_test/BigGAN/test/nature/ILSVRC2012_val_00038193.JPEG
71,BigGAN,1140,GenImage_test/BigGAN/test/nature/ILSVRC2012_val_00021000.JPEG
71,BigGAN,1141,GenImage_test/BigGAN/test/nature/ILSVRC2012_val_00030191.JPEG
71,BigGAN,1142,GenImage_test/BigGAN/test/nature/ILSVRC2012_val_00016410.JPEG
71,BigGAN,1143,GenImage_test/BigGAN/test/ai/622_biggan_00074.png
71,BigGAN,1144,GenImage_test/BigGAN/test/ai/604_biggan_00143.png
71,BigGAN,1145,GenImage_test/BigGAN/test/ai/930_biggan_00127.png
71,BigGAN,1146,GenImage_test/BigGAN/test/ai/414_biggan_00035.png
71,BigGAN,1147,GenImage_test/BigGAN/test/ai/990_biggan_00127.png
71,BigGAN,1148,GenImage_test/BigGAN/test/nature/ILSVRC2012_val_00031588.JPEG
71,BigGAN,1149,GenImage_test/BigGAN/test/ai/714_biggan_00035.png
71,BigGAN,1150,GenImage_test/BigGAN/test/ai/225_biggan_00074.png
71,BigGAN,1151,GenImage_test/BigGAN/test/nature/ILSVRC2012_val_00020951.JPEG
72,BigGAN,1152,GenImage_test/BigGAN/test/ai/456_biggan_00020.png
72,BigGAN,1153,GenImage_test/BigGAN/test/ai/213_biggan_00143.png
72,BigGAN,1154,GenImage_test/BigGAN/test/ai/237_biggan_00039.png
72,BigGAN,1155,GenImage_test/BigGAN/test/ai/300_biggan_00143.png
72,BigGAN,1156,GenImage_test/BigGAN/test/ai/335_biggan_00020.png
72,BigGAN,1157,GenImage_test/BigGAN/test/nature/ILSVRC2012_val_00042457.JPEG
72,BigGAN,1158,GenImage_test/BigGAN/test/ai/185_biggan_00035.png
72,BigGAN,1159,GenImage_test/BigGAN/test/ai/749_biggan_00035.png
72,BigGAN,1160,GenImage_test/BigGAN/test/nature/ILSVRC2012_val_00005195.JPEG
72,BigGAN,1161,GenImage_test/BigGAN/test/ai/131_biggan_00074.png
72,BigGAN,1162,GenImage_test/BigGAN/test/nature/ILSVRC2012_val_00037061.JPEG
72,BigGAN,1163,GenImage_test/BigGAN/test/nature/ILSVRC2012_val_00023585.JPEG
72,BigGAN,1164,GenImage_test/BigGAN/test/ai/014_biggan_00143.png
72,BigGAN,1165,GenImage_test/BigGAN/test/ai/224_biggan_00039.png
72,BigGAN,1166,GenImage_test/BigGAN/test/ai/987_biggan_00020.png
72,BigGAN,1167,GenImage_test/BigGAN/test/nature/ILSVRC2012_val_00022278.JPEG
73,BigGAN,1168,GenImage_test/BigGAN/test/nature/ILSVRC2012_val_00007056.JPEG
73,BigGAN,1169,GenImage_test/BigGAN/test/ai/259_biggan_00074.png
73,BigGAN,1170,GenImage_test/BigGAN/test/ai/539_biggan_00074.png
73,BigGAN,1171,GenImage_test/BigGAN/test/nature/ILSVRC2012_val_00046990.JPEG
73,BigGAN,1172,GenImage_test/BigGAN/test/ai/312_biggan_00074.png
73,BigGAN,1173,GenImage_test/BigGAN/test/nature/ILSVRC2012_val_00038738.JPEG
73,BigGAN,1174,GenImage_test/BigGAN/test/nature/ILSVRC2012_val_00019537.JPEG
73,BigGAN,1175,GenImage_test/BigGAN/test/nature/ILSVRC2012_val_00035242.JPEG
73,BigGAN,1176,GenImage_test/BigGAN/test/nature/ILSVRC2012_val_00008753.JPEG
73,BigGAN,1177,GenImage_test/BigGAN/test/nature/ILSVRC2012_val_00001843.JPEG
73,BigGAN,1178,GenImage_test/BigGAN/test/nature/ILSVRC2012_val_00003077.JPEG
73,BigGAN,1179,GenImage_test/BigGAN/test/nature/ILSVRC2012_val_00048362.JPEG
73,BigGAN,1180,GenImage_test/BigGAN/test/ai/338_biggan_00074.png
73,BigGAN,1181,GenImage_test/BigGAN/test/nature/ILSVRC2012_val_00005472.JPEG
73,BigGAN,1182,GenImage_test/BigGAN/test/ai/777_biggan_00127.png
73,BigGAN,1183,GenImage_test/BigGAN/test/ai/819_biggan_00039.png
74,BigGAN,1184,GenImage_test/BigGAN/test/ai/205_biggan_00143.png
74,BigGAN,1185,GenImage_test/BigGAN/test/nature/ILSVRC2012_val_00012956.JPEG
74,BigGAN,1186,GenImage_test/BigGAN/test/nature/ILSVRC2012_val_00032669.JPEG
74,BigGAN,1187,GenImage_test/BigGAN/test/ai/306_biggan_00127.png
74,BigGAN,1188,GenImage_test/BigGAN/test/ai/636_biggan_00039.png
74,BigGAN,1189,GenImage_test/BigGAN/test/ai/864_biggan_00143.png
74,BigGAN,1190,GenImage_test/BigGAN/test/ai/461_biggan_00127.png
74,BigGAN,1191,GenImage_test/BigGAN/test/nature/ILSVRC2012_val_00001857.JPEG
74,BigGAN,1192,GenImage_test/BigGAN/test/ai/818_biggan_00039.png
74,BigGAN,1193,GenImage_test/BigGAN/test/nature/ILSVRC2012_val_00003542.JPEG
74,BigGAN,1194,GenImage_test/BigGAN/test/nature/ILSVRC2012_val_00009972.JPEG
74,BigGAN,1195,GenImage_test/BigGAN/test/nature/ILSVRC2012_val_00009952.JPEG
74,BigGAN,1196,GenImage_test/BigGAN/test/ai/383_biggan_00127.png
74,BigGAN,1197,GenImage_test/BigGAN/test/ai/566_biggan_00039.png
74,BigGAN,1198,GenImage_test/BigGAN/test/nature/ILSVRC2012_val_00019854.JPEG
74,BigGAN,1199,GenImage_test/BigGAN/test/ai/241_biggan_00143.png
75,BigGAN,1200,GenImage_test/BigGAN/test/ai/180_biggan_00127.png
75,BigGAN,1201,GenImage_test/BigGAN/test/nature/ILSVRC2012_val_00041400.JPEG
75,BigGAN,1202,GenImage_test/BigGAN/test/ai/233_biggan_00035.png
75,BigGAN,1203,GenImage_test/BigGAN/test/nature/ILSVRC2012_val_00000541.JPEG
75,BigGAN,1204,GenImage_test/BigGAN/test/ai/906_biggan_00127.png
75,BigGAN,1205,GenImage_test/BigGAN/test/ai/410_biggan_00127.png
75,BigGAN,1206,GenImage_test/BigGAN/test/nature/ILSVRC2012_val_00043995.JPEG
75,BigGAN,1207,GenImage_test/BigGAN/test/ai/508_biggan_00039.png
75,BigGAN,1208,GenImage_test/BigGAN/test/nature/ILSVRC2012_val_00043471.JPEG
75,BigGAN,1209,GenImage_test/BigGAN/test/ai/643_biggan_00074.png
75,BigGAN,1210,GenImage_test/BigGAN/test/nature/ILSVRC2012_val_00006758.JPEG
75,BigGAN,1211,GenImage_test/BigGAN/test/nature/ILSVRC2012_val_00049445.JPEG
75,BigGAN,1212,GenImage_test/BigGAN/test/ai/169_biggan_00020.png
75,BigGAN,1213,GenImage_test/BigGAN/test/nature/ILSVRC2012_val_00003776.JPEG
75,BigGAN,1214,GenImage_test/BigGAN/test/ai/273_biggan_00039.png
75,BigGAN,1215,GenImage_test/BigGAN/test/nature/ILSVRC2012_val_00002883.JPEG
76,BigGAN,1216,GenImage_test/BigGAN/test/ai/518_biggan_00039.png
76,BigGAN,1217,GenImage_test/BigGAN/test/ai/626_biggan_00143.png
76,BigGAN,1218,GenImage_test/BigGAN/test/nature/ILSVRC2012_val_00010537.JPEG
76,BigGAN,1219,GenImage_test/BigGAN/test/nature/ILSVRC2012_val_00016907.JPEG
76,BigGAN,1220,GenImage_test/BigGAN/test/nature/ILSVRC2012_val_00025182.JPEG
76,BigGAN,1221,GenImage_test/BigGAN/test/nature/ILSVRC2012_val_00008885.JPEG
76,BigGAN,1222,GenImage_test/BigGAN/test/nature/ILSVRC2012_val_00038481.JPEG
76,BigGAN,1223,GenImage_test/BigGAN/test/nature/ILSVRC2012_val_00031789.JPEG
76,BigGAN,1224,GenImage_test/BigGAN/test/ai/570_biggan_00035.png
76,BigGAN,1225,GenImage_test/BigGAN/test/ai/979_biggan_00143.png
76,BigGAN,1226,GenImage_test/BigGAN/test/nature/ILSVRC2012_val_00031081.JPEG
76,BigGAN,1227,GenImage_test/BigGAN/test/ai/016_biggan_00035.png
76,BigGAN,1228,GenImage_test/BigGAN/test/ai/698_biggan_00020.png
76,BigGAN,1229,GenImage_test/BigGAN/test/ai/994_biggan_00020.png
76,BigGAN,1230,GenImage_test/BigGAN/test/nature/ILSVRC2012_val_00023137.JPEG
76,BigGAN,1231,GenImage_test/BigGAN/test/nature/ILSVRC2012_val_00037495.JPEG
77,BigGAN,1232,GenImage_test/BigGAN/test/nature/ILSVRC2012_val_00011499.JPEG
77,BigGAN,1233,GenImage_test/BigGAN/test/ai/661_biggan_00074.png
77,BigGAN,1234,GenImage_test/BigGAN/test/ai/503_biggan_00143.png
77,BigGAN,1235,GenImage_test/BigGAN/test/nature/ILSVRC2012_val_00011076.JPEG
77,BigGAN,1236,GenImage_test/BigGAN/test/ai/598_biggan_00039.png
77,BigGAN,1237,GenImage_test/BigGAN/test/nature/ILSVRC2012_val_00025451.JPEG
77,BigGAN,1238,GenImage_test/BigGAN/test/ai/028_biggan_00035.png
77,BigGAN,1239,GenImage_test/BigGAN/test/nature/ILSVRC2012_val_00039182.JPEG
77,BigGAN,1240,GenImage_test/BigGAN/test/ai/414_biggan_00074.png
77,BigGAN,1241,GenImage_test/BigGAN/test/ai/951_biggan_00074.png
77,BigGAN,1242,GenImage_test/BigGAN/test/ai/654_biggan_00143.png
77,BigGAN,1243,GenImage_test/BigGAN/test/nature/ILSVRC2012_val_00028474.JPEG
77,BigGAN,1244,GenImage_test/BigGAN/test/nature/ILSVRC2012_val_00011013.JPEG
77,BigGAN,1245,GenImage_test/BigGAN/test/nature/ILSVRC2012_val_00003215.JPEG
77,BigGAN,1246,GenImage_test/BigGAN/test/ai/235_biggan_00039.png
77,BigGAN,1247,GenImage_test/BigGAN/test/nature/ILSVRC2012_val_00006342.JPEG
78,BigGAN,1248,GenImage_test/BigGAN/test/ai/598_biggan_00127.png
78,BigGAN,1249,GenImage_test/BigGAN/test/ai/608_biggan_00039.png
78,BigGAN,1250,GenImage_test/BigGAN/test/nature/ILSVRC2012_val_00039789.JPEG
78,BigGAN,1251,GenImage_test/BigGAN/test/nature/ILSVRC2012_val_00008645.JPEG
78,BigGAN,1252,GenImage_test/BigGAN/test/ai/586_biggan_00127.png
78,BigGAN,1253,GenImage_test/BigGAN/test/nature/ILSVRC2012_val_00037839.JPEG
78,BigGAN,1254,GenImage_test/BigGAN/test/nature/ILSVRC2012_val_00045909.JPEG
78,BigGAN,1255,GenImage_test/BigGAN/test/nature/ILSVRC2012_val_00007765.JPEG
78,BigGAN,1256,GenImage_test/BigGAN/test/nature/ILSVRC2012_val_00009894.JPEG
78,BigGAN,1257,GenImage_test/BigGAN/test/nature/ILSVRC2012_val_00049401.JPEG
78,BigGAN,1258,GenImage_test/BigGAN/test/nature/ILSVRC2012_val_00016294.JPEG
78,BigGAN,1259,GenImage_test/BigGAN/test/ai/675_biggan_00020.png
78,BigGAN,1260,GenImage_test/BigGAN/test/nature/ILSVRC2012_val_00002952.JPEG
78,BigGAN,1261,GenImage_test/BigGAN/test/ai/385_biggan_00143.png
78,BigGAN,1262,GenImage_test/BigGAN/test/ai/907_biggan_00035.png
78,BigGAN,1263,GenImage_test/BigGAN/test/nature/ILSVRC2012_val_00045691.JPEG
79,BigGAN,1264,GenImage_test/BigGAN/test/nature/ILSVRC2012_val_00003313.JPEG
79,BigGAN,1265,GenImage_test/BigGAN/test/nature/ILSVRC2012_val_00008635.JPEG
79,BigGAN,1266,GenImage_test/BigGAN/test/ai/451_biggan_00035.png
79,BigGAN,1267,GenImage_test/BigGAN/test/ai/160_biggan_00020.png
79,BigGAN,1268,GenImage_test/BigGAN/test/ai/510_biggan_00074.png
79,BigGAN,1269,GenImage_test/BigGAN/test/nature/ILSVRC2012_val_00016511.JPEG
79,BigGAN,1270,GenImage_test/BigGAN/test/nature/ILSVRC2012_val_00025361.JPEG
79,BigGAN,1271,GenImage_test/BigGAN/test/ai/095_biggan_00039.png
79,BigGAN,1272,GenImage_test/BigGAN/test/ai/676_biggan_00074.png
79,BigGAN,1273,GenImage_test/BigGAN/test/nature/ILSVRC2012_val_00039229.JPEG
79,BigGAN,1274,GenImage_test/BigGAN/test/ai/384_biggan_00074.png
79,BigGAN,1275,GenImage_test/BigGAN/test/nature/ILSVRC2012_val_00011409.JPEG
79,BigGAN,1276,GenImage_test/BigGAN/test/ai/887_biggan_00074.png
79,BigGAN,1277,GenImage_test/BigGAN/test/ai/193_biggan_00074.png
79,BigGAN,1278,GenImage_test/BigGAN/test/ai/617_biggan_00020.png
79,BigGAN,1279,GenImage_test/BigGAN/test/nature/ILSVRC2012_val_00000133.JPEG
80,BigGAN,1280,GenImage_test/BigGAN/test/nature/ILSVRC2012_val_00010263.JPEG
80,BigGAN,1281,GenImage_test/BigGAN/test/nature/ILSVRC2012_val_00045716.JPEG
80,BigGAN,1282,GenImage_test/BigGAN/test/ai/207_biggan_00127.png
80,BigGAN,1283,GenImage_test/BigGAN/test/ai/572_biggan_00074.png
80,BigGAN,1284,GenImage_test/BigGAN/test/ai/850_biggan_00074.png
80,BigGAN,1285,GenImage_test/BigGAN/test/nature/ILSVRC2012_val_00036152.JPEG
80,BigGAN,1286,GenImage_test/BigGAN/test/ai/525_biggan_00039.png
80,BigGAN,1287,GenImage_test/BigGAN/test/ai/421_biggan_00035.png
80,BigGAN,1288,GenImage_test/BigGAN/test/nature/ILSVRC2012_val_00015950.JPEG
80,BigGAN,1289,GenImage_test/BigGAN/test/nature/ILSVRC2012_val_00003540.JPEG
80,BigGAN,1290,GenImage_test/BigGAN/test/ai/495_biggan_00039.png
80,BigGAN,1291,GenImage_test/BigGAN/test/ai/082_biggan_00039.png
80,BigGAN,1292,GenImage_test/BigGAN/test/nature/ILSVRC2012_val_00023731.JPEG
80,BigGAN,1293,GenImage_test/BigGAN/test/ai/772_biggan_00143.png
80,BigGAN,1294,GenImage_test/BigGAN/test/ai/648_biggan_00035.png
80,BigGAN,1295,GenImage_test/BigGAN/test/ai/035_biggan_00127.png
81,BigGAN,1296,GenImage_test/BigGAN/test/nature/ILSVRC2012_val_00033605.JPEG
81,BigGAN,1297,GenImage_test/BigGAN/test/ai/804_biggan_00127.png
81,BigGAN,1298,GenImage_test/BigGAN/test/ai/381_biggan_00127.png
81,BigGAN,1299,GenImage_test/BigGAN/test/nature/ILSVRC2012_val_00023162.JPEG
81,BigGAN,1300,GenImage_test/BigGAN/test/nature/ILSVRC2012_val_00039357.JPEG
81,BigGAN,1301,GenImage_test/BigGAN/test/ai/183_biggan_00143.png
81,BigGAN,1302,GenImage_test/BigGAN/test/ai/235_biggan_00020.png
81,BigGAN,1303,GenImage_test/BigGAN/test/ai/087_biggan_00035.png
81,BigGAN,1304,GenImage_test/BigGAN/test/nature/ILSVRC2012_val_00049253.JPEG
81,BigGAN,1305,GenImage_test/BigGAN/test/nature/ILSVRC2012_val_00019214.JPEG
81,BigGAN,1306,GenImage_test/BigGAN/test/ai/468_biggan_00127.png
81,BigGAN,1307,GenImage_test/BigGAN/test/nature/ILSVRC2012_val_00038848.JPEG
81,BigGAN,1308,GenImage_test/BigGAN/test/nature/ILSVRC2012_val_00038321.JPEG
81,BigGAN,1309,GenImage_test/BigGAN/test/nature/ILSVRC2012_val_00032974.JPEG
81,BigGAN,1310,GenImage_test/BigGAN/test/ai/019_biggan_00074.png
81,BigGAN,1311,GenImage_test/BigGAN/test/ai/302_biggan_00143.png
82,BigGAN,1312,GenImage_test/BigGAN/test/nature/ILSVRC2012_val_00038877.JPEG
82,BigGAN,1313,GenImage_test/BigGAN/test/ai/635_biggan_00039.png
82,BigGAN,1314,GenImage_test/BigGAN/test/nature/ILSVRC2012_val_00026866.JPEG
82,BigGAN,1315,GenImage_test/BigGAN/test/nature/ILSVRC2012_val_00043530.JPEG
82,BigGAN,1316,GenImage_test/BigGAN/test/nature/ILSVRC2012_val_00003970.JPEG
82,BigGAN,1317,GenImage_test/BigGAN/test/nature/ILSVRC2012_val_00002026.JPEG
82,BigGAN,1318,GenImage_test/BigGAN/test/nature/ILSVRC2012_val_00030406.JPEG
82,BigGAN,1319,GenImage_test/BigGAN/test/ai/692_biggan_00020.png
82,BigGAN,1320,GenImage_test/BigGAN/test/nature/ILSVRC2012_val_00031641.JPEG
82,BigGAN,1321,GenImage_test/BigGAN/test/ai/959_biggan_00074.png
82,BigGAN,1322,GenImage_test/BigGAN/test/nature/ILSVRC2012_val_00043071.JPEG
82,BigGAN,1323,GenImage_test/BigGAN/test/nature/ILSVRC2012_val_00030762.JPEG
82,BigGAN,1324,GenImage_test/BigGAN/test/nature/ILSVRC2012_val_00030805.JPEG
82,BigGAN,1325,GenImage_test/BigGAN/test/nature/ILSVRC2012_val_00045340.JPEG
82,BigGAN,1326,GenImage_test/BigGAN/test/ai/054_biggan_00074.png
82,BigGAN,1327,GenImage_test/BigGAN/test/ai/056_biggan_00143.png
83,BigGAN,1328,GenImage_test/BigGAN/test/ai/486_biggan_00020.png
83,BigGAN,1329,GenImage_test/BigGAN/test/nature/ILSVRC2012_val_00046544.JPEG
83,BigGAN,1330,GenImage_test/BigGAN/test/nature/ILSVRC2012_val_00013037.JPEG
83,BigGAN,1331,GenImage_test/BigGAN/test/nature/ILSVRC2012_val_00049210.JPEG
83,BigGAN,1332,GenImage_test/BigGAN/test/ai/795_biggan_00127.png
83,BigGAN,1333,GenImage_test/BigGAN/test/ai/354_biggan_00143.png
83,BigGAN,1334,GenImage_test/BigGAN/test/ai/360_biggan_00020.png
83,BigGAN,1335,GenImage_test/BigGAN/test/ai/565_biggan_00020.png
83,BigGAN,1336,GenImage_test/BigGAN/test/ai/334_biggan_00127.png
83,BigGAN,1337,GenImage_test/BigGAN/test/nature/ILSVRC2012_val_00031190.JPEG
83,BigGAN,1338,GenImage_test/BigGAN/test/ai/121_biggan_00020.png
83,BigGAN,1339,GenImage_test/BigGAN/test/ai/252_biggan_00143.png
83,BigGAN,1340,GenImage_test/BigGAN/test/ai/679_biggan_00127.png
83,BigGAN,1341,GenImage_test/BigGAN/test/nature/ILSVRC2012_val_00048950.JPEG
83,BigGAN,1342,GenImage_test/BigGAN/test/ai/933_biggan_00143.png
83,BigGAN,1343,GenImage_test/BigGAN/test/ai/018_biggan_00127.png
84,BigGAN,1344,GenImage_test/BigGAN/test/nature/ILSVRC2012_val_00018620.JPEG
84,BigGAN,1345,GenImage_test/BigGAN/test/ai/218_biggan_00039.png
84,BigGAN,1346,GenImage_test/BigGAN/test/nature/ILSVRC2012_val_00025624.JPEG
84,BigGAN,1347,GenImage_test/BigGAN/test/ai/002_biggan_00074.png
84,BigGAN,1348,GenImage_test/BigGAN/test/ai/425_biggan_00074.png
84,BigGAN,1349,GenImage_test/BigGAN/test/nature/ILSVRC2012_val_00016052.JPEG
84,BigGAN,1350,GenImage_test/BigGAN/test/ai/504_biggan_00039.png
84,BigGAN,1351,GenImage_test/BigGAN/test/ai/314_biggan_00020.png
84,BigGAN,1352,GenImage_test/BigGAN/test/nature/ILSVRC2012_val_00004716.JPEG
84,BigGAN,1353,GenImage_test/BigGAN/test/nature/ILSVRC2012_val_00031447.JPEG
84,BigGAN,1354,GenImage_test/BigGAN/test/ai/443_biggan_00074.png
84,BigGAN,1355,GenImage_test/BigGAN/test/nature/ILSVRC2012_val_00010967.JPEG
84,BigGAN,1356,GenImage_test/BigGAN/test/ai/205_biggan_00039.png
84,BigGAN,1357,GenImage_test/BigGAN/test/nature/ILSVRC2012_val_00006685.JPEG
84,BigGAN,1358,GenImage_test/BigGAN/test/nature/ILSVRC2012_val_00020686.JPEG
84,BigGAN,1359,GenImage_test/BigGAN/test/ai/931_biggan_00020.png
85,BigGAN,1360,GenImage_test/BigGAN/test/nature/ILSVRC2012_val_00013748.JPEG
85,BigGAN,1361,GenImage_test/BigGAN/test/nature/ILSVRC2012_val_00013643.JPEG
85,BigGAN,1362,GenImage_test/BigGAN/test/nature/ILSVRC2012_val_00048802.JPEG
85,BigGAN,1363,GenImage_test/BigGAN/test/ai/660_biggan_00143.png
85,BigGAN,1364,GenImage_test/BigGAN/test/nature/ILSVRC2012_val_00034833.JPEG
85,BigGAN,1365,GenImage_test/BigGAN/test/ai/011_biggan_00143.png
85,BigGAN,1366,GenImage_test/BigGAN/test/ai/713_biggan_00020.png
85,BigGAN,1367,GenImage_test/BigGAN/test/nature/ILSVRC2012_val_00035178.JPEG
85,BigGAN,1368,GenImage_test/BigGAN/test/ai/739_biggan_00074.png
85,BigGAN,1369,GenImage_test/BigGAN/test/nature/ILSVRC2012_val_00039799.JPEG
85,BigGAN,1370,GenImage_test/BigGAN/test/nature/ILSVRC2012_val_00049158.JPEG
85,BigGAN,1371,GenImage_test/BigGAN/test/ai/371_biggan_00127.png
85,BigGAN,1372,GenImage_test/BigGAN/test/nature/ILSVRC2012_val_00012667.JPEG
85,BigGAN,1373,GenImage_test/BigGAN/test/nature/ILSVRC2012_val_00030392.JPEG
85,BigGAN,1374,GenImage_test/BigGAN/test/ai/027_biggan_00039.png
85,BigGAN,1375,GenImage_test/BigGAN/test/ai/015_biggan_00035.png
86,BigGAN,1376,GenImage_test/BigGAN/test/nature/ILSVRC2012_val_00011804.JPEG
86,BigGAN,1377,GenImage_test/BigGAN/test/ai/440_biggan_00035.png
86,BigGAN,1378,GenImage_test/BigGAN/test/nature/ILSVRC2012_val_00012474.JPEG
86,BigGAN,1379,GenImage_test/BigGAN/test/nature/ILSVRC2012_val_00021663.JPEG
86,BigGAN,1380,GenImage_test/BigGAN/test/ai/234_biggan_00143.png
86,BigGAN,1381,GenImage_test/BigGAN/test/ai/245_biggan_00074.png
86,BigGAN,1382,GenImage_test/BigGAN/test/nature/ILSVRC2012_val_00029910.JPEG
86,BigGAN,1383,GenImage_test/BigGAN/test/ai/228_biggan_00035.png
86,BigGAN,1384,GenImage_test/BigGAN/test/ai/279_biggan_00074.png
86,BigGAN,1385,GenImage_test/BigGAN/test/nature/ILSVRC2012_val_00000374.JPEG
86,BigGAN,1386,GenImage_test/BigGAN/test/ai/171_biggan_00039.png
86,BigGAN,1387,GenImage_test/BigGAN/test/nature/ILSVRC2012_val_00021907.JPEG
86,BigGAN,1388,GenImage_test/BigGAN/test/ai/768_biggan_00127.png
86,BigGAN,1389,GenImage_test/BigGAN/test/nature/ILSVRC2012_val_00046661.JPEG
86,BigGAN,1390,GenImage_test/BigGAN/test/ai/264_biggan_00074.png
86,BigGAN,1391,GenImage_test/BigGAN/test/ai/924_biggan_00143.png
87,BigGAN,1392,GenImage_test/BigGAN/test/ai/934_biggan_00035.png
87,BigGAN,1393,GenImage_test/BigGAN/test/ai/413_biggan_00020.png
87,BigGAN,1394,GenImage_test/BigGAN/test/ai/768_biggan_00020.png
87,BigGAN,1395,GenImage_test/BigGAN/test/nature/ILSVRC2012_val_00045637.JPEG
87,BigGAN,1396,GenImage_test/BigGAN/test/ai/612_biggan_00035.png
87,BigGAN,1397,GenImage_test/BigGAN/test/nature/ILSVRC2012_val_00002711.JPEG
87,BigGAN,1398,GenImage_test/BigGAN/test/nature/ILSVRC2012_val_00012691.JPEG
87,BigGAN,1399,GenImage_test/BigGAN/test/nature/ILSVRC2012_val_00007809.JPEG
87,BigGAN,1400,GenImage_test/BigGAN/test/nature/ILSVRC2012_val_00025456.JPEG
87,BigGAN,1401,GenImage_test/BigGAN/test/nature/ILSVRC2012_val_00049628.JPEG
87,BigGAN,1402,GenImage_test/BigGAN/test/ai/915_biggan_00035.png
87,BigGAN,1403,GenImage_test/BigGAN/test/nature/ILSVRC2012_val_00048562.JPEG
87,BigGAN,1404,GenImage_test/BigGAN/test/ai/461_biggan_00039.png
87,BigGAN,1405,GenImage_test/BigGAN/test/nature/ILSVRC2012_val_00049572.JPEG
87,BigGAN,1406,GenImage_test/BigGAN/test/ai/993_biggan_00020.png
87,BigGAN,1407,GenImage_test/BigGAN/test/ai/374_biggan_00127.png
88,BigGAN,1408,GenImage_test/BigGAN/test/ai/194_biggan_00020.png
88,BigGAN,1409,GenImage_test/BigGAN/test/nature/ILSVRC2012_val_00032736.JPEG
88,BigGAN,1410,GenImage_test/BigGAN/test/ai/786_biggan_00020.png
88,BigGAN,1411,GenImage_test/BigGAN/test/ai/180_biggan_00020.png
88,BigGAN,1412,GenImage_test/BigGAN/test/nature/ILSVRC2012_val_00039000.JPEG
88,BigGAN,1413,GenImage_test/BigGAN/test/ai/299_biggan_00020.png
88,BigGAN,1414,GenImage_test/BigGAN/test/nature/ILSVRC2012_val_00008062.JPEG
88,BigGAN,1415,GenImage_test/BigGAN/test/ai/774_biggan_00074.png
88,BigGAN,1416,GenImage_test/BigGAN/test/ai/941_biggan_00039.png
88,BigGAN,1417,GenImage_test/BigGAN/test/nature/ILSVRC2012_val_00026622.JPEG
88,BigGAN,1418,GenImage_test/BigGAN/test/ai/976_biggan_00020.png
88,BigGAN,1419,GenImage_test/BigGAN/test/nature/ILSVRC2012_val_00030460.JPEG
88,BigGAN,1420,GenImage_test/BigGAN/test/ai/550_biggan_00074.png
88,BigGAN,1421,GenImage_test/BigGAN/test/ai/472_biggan_00127.png
88,BigGAN,1422,GenImage_test/BigGAN/test/nature/ILSVRC2012_val_00034059.JPEG
88,BigGAN,1423,GenImage_test/BigGAN/test/ai/206_biggan_00039.png
89,BigGAN,1424,GenImage_test/BigGAN/test/ai/234_biggan_00127.png
89,BigGAN,1425,GenImage_test/BigGAN/test/ai/249_biggan_00143.png
89,BigGAN,1426,GenImage_test/BigGAN/test/nature/ILSVRC2012_val_00012947.JPEG
89,BigGAN,1427,GenImage_test/BigGAN/test/nature/ILSVRC2012_val_00023295.JPEG
89,BigGAN,1428,GenImage_test/BigGAN/test/ai/371_biggan_00035.png
89,BigGAN,1429,GenImage_test/BigGAN/test/nature/ILSVRC2012_val_00027151.JPEG
89,BigGAN,1430,GenImage_test/BigGAN/test/nature/ILSVRC2012_val_00026054.JPEG
89,BigGAN,1431,GenImage_test/BigGAN/test/nature/ILSVRC2012_val_00035009.JPEG
89,BigGAN,1432,GenImage_test/BigGAN/test/nature/ILSVRC2012_val_00014933.JPEG
89,BigGAN,1433,GenImage_test/BigGAN/test/ai/279_biggan_00035.png
89,BigGAN,1434,GenImage_test/BigGAN/test/nature/ILSVRC2012_val_00012811.JPEG
89,BigGAN,1435,GenImage_test/BigGAN/test/ai/162_biggan_00143.png
89,BigGAN,1436,GenImage_test/BigGAN/test/ai/566_biggan_00074.png
89,BigGAN,1437,GenImage_test/BigGAN/test/ai/353_biggan_00039.png
89,BigGAN,1438,GenImage_test/BigGAN/test/nature/ILSVRC2012_val_00017742.JPEG
89,BigGAN,1439,GenImage_test/BigGAN/test/ai/370_biggan_00039.png
90,BigGAN,1440,GenImage_test/BigGAN/test/ai/790_biggan_00039.png
90,BigGAN,1441,GenImage_test/BigGAN/test/ai/150_biggan_00020.png
90,BigGAN,1442,GenImage_test/BigGAN/test/nature/ILSVRC2012_val_00016685.JPEG
90,BigGAN,1443,GenImage_test/BigGAN/test/nature/ILSVRC2012_val_00028227.JPEG
90,BigGAN,1444,GenImage_test/BigGAN/test/ai/291_biggan_00127.png
90,BigGAN,1445,GenImage_test/BigGAN/test/nature/ILSVRC2012_val_00021904.JPEG
90,BigGAN,1446,GenImage_test/BigGAN/test/ai/872_biggan_00127.png
90,BigGAN,1447,GenImage_test/BigGAN/test/nature/ILSVRC2012_val_00027908.JPEG
90,BigGAN,1448,GenImage_test/BigGAN/test/ai/389_biggan_00074.png
90,BigGAN,1449,GenImage_test/BigGAN/test/nature/ILSVRC2012_val_00034801.JPEG
90,BigGAN,1450,GenImage_test/BigGAN/test/ai/506_biggan_00143.png
90,BigGAN,1451,GenImage_test/BigGAN/test/nature/ILSVRC2012_val_00049520.JPEG
90,BigGAN,1452,GenImage_test/BigGAN/test/ai/851_biggan_00039.png
90,BigGAN,1453,GenImage_test/BigGAN/test/ai/366_biggan_00020.png
90,BigGAN,1454,GenImage_test/BigGAN/test/nature/ILSVRC2012_val_00011265.JPEG
90,BigGAN,1455,GenImage_test/BigGAN/test/ai/186_biggan_00127.png
91,BigGAN,1456,GenImage_test/BigGAN/test/nature/ILSVRC2012_val_00022284.JPEG
91,BigGAN,1457,GenImage_test/BigGAN/test/nature/ILSVRC2012_val_00041452.JPEG
91,BigGAN,1458,GenImage_test/BigGAN/test/nature/ILSVRC2012_val_00025673.JPEG
91,BigGAN,1459,GenImage_test/BigGAN/test/ai/062_biggan_00127.png
91,BigGAN,1460,GenImage_test/BigGAN/test/nature/ILSVRC2012_val_00009833.JPEG
91,BigGAN,1461,GenImage_test/BigGAN/test/ai/163_biggan_00127.png
91,BigGAN,1462,GenImage_test/BigGAN/test/nature/ILSVRC2012_val_00030933.JPEG
91,BigGAN,1463,GenImage_test/BigGAN/test/ai/050_biggan_00035.png
91,BigGAN,1464,GenImage_test/BigGAN/test/nature/ILSVRC2012_val_00003416.JPEG
91,BigGAN,1465,GenImage_test/BigGAN/test/ai/295_biggan_00039.png
91,BigGAN,1466,GenImage_test/BigGAN/test/nature/ILSVRC2012_val_00029301.JPEG
91,BigGAN,1467,GenImage_test/BigGAN/test/nature/ILSVRC2012_val_00016691.JPEG
91,BigGAN,1468,GenImage_test/BigGAN/test/ai/547_biggan_00035.png
91,BigGAN,1469,GenImage_test/BigGAN/test/ai/500_biggan_00074.png
91,BigGAN,1470,GenImage_test/BigGAN/test/nature/ILSVRC2012_val_00025631.JPEG
91,BigGAN,1471,GenImage_test/BigGAN/test/ai/429_biggan_00035.png
92,BigGAN,1472,GenImage_test/BigGAN/test/nature/ILSVRC2012_val_00010904.JPEG
92,BigGAN,1473,GenImage_test/BigGAN/test/nature/ILSVRC2012_val_00041471.JPEG
92,BigGAN,1474,GenImage_test/BigGAN/test/nature/ILSVRC2012_val_00039444.JPEG
92,BigGAN,1475,GenImage_test/BigGAN/test/nature/ILSVRC2012_val_00039159.JPEG
92,BigGAN,1476,GenImage_test/BigGAN/test/nature/ILSVRC2012_val_00026536.JPEG
92,BigGAN,1477,GenImage_test/BigGAN/test/ai/027_biggan_00127.png
92,BigGAN,1478,GenImage_test/BigGAN/test/ai/446_biggan_00039.png
92,BigGAN,1479,GenImage_test/BigGAN/test/ai/467_biggan_00035.png
92,BigGAN,1480,GenImage_test/BigGAN/test/nature/ILSVRC2012_val_00024198.JPEG
92,BigGAN,1481,GenImage_test/BigGAN/test/ai/766_biggan_00127.png
92,BigGAN,1482,GenImage_test/BigGAN/test/nature/ILSVRC2012_val_00016603.JPEG
92,BigGAN,1483,GenImage_test/BigGAN/test/ai/924_biggan_00020.png
92,BigGAN,1484,GenImage_test/BigGAN/test/nature/ILSVRC2012_val_00011396.JPEG
92,BigGAN,1485,GenImage_test/BigGAN/test/nature/ILSVRC2012_val_00004798.JPEG
92,BigGAN,1486,GenImage_test/BigGAN/test/ai/004_biggan_00020.png
92,BigGAN,1487,GenImage_test/BigGAN/test/nature/ILSVRC2012_val_00017085.JPEG
93,BigGAN,1488,GenImage_test/BigGAN/test/nature/ILSVRC2012_val_00029639.JPEG
93,BigGAN,1489,GenImage_test/BigGAN/test/ai/509_biggan_00143.png
93,BigGAN,1490,GenImage_test/BigGAN/test/ai/796_biggan_00074.png
93,BigGAN,1491,GenImage_test/BigGAN/test/nature/ILSVRC2012_val_00023462.JPEG
93,BigGAN,1492,GenImage_test/BigGAN/test/nature/ILSVRC2012_val_00013149.JPEG
93,BigGAN,1493,GenImage_test/BigGAN/test/nature/ILSVRC2012_val_00009513.JPEG
93,BigGAN,1494,GenImage_test/BigGAN/test/nature/ILSVRC2012_val_00045586.JPEG
93,BigGAN,1495,GenImage_test/BigGAN/test/ai/388_biggan_00074.png
93,BigGAN,1496,GenImage_test/BigGAN/test/nature/ILSVRC2012_val_00046888.JPEG
93,BigGAN,1497,GenImage_test/BigGAN/test/ai/161_biggan_00039.png
93,BigGAN,1498,GenImage_test/BigGAN/test/nature/ILSVRC2012_val_00031831.JPEG
93,BigGAN,1499,GenImage_test/BigGAN/test/ai/980_biggan_00127.png
94,ADM,1500,GenImage_test/ADM/test/nature/ILSVRC2012_val_00037742.JPEG
94,ADM,1501,GenImage_test/ADM/test/ai/248_adm_34.PNG
94,ADM,1502,GenImage_test/ADM/test/ai/430_adm_91.PNG
94,ADM,1503,GenImage_test/ADM/test/ai/395_adm_174.PNG
94,ADM,1504,GenImage_test/ADM/test/ai/862_adm_85.PNG
94,ADM,1505,GenImage_test/ADM/test/nature/ILSVRC2012_val_00028547.JPEG
94,ADM,1506,GenImage_test/ADM/test/nature/ILSVRC2012_val_00039372.JPEG
94,ADM,1507,GenImage_test/ADM/test/nature/ILSVRC2012_val_00030957.JPEG
94,ADM,1508,GenImage_test/ADM/test/ai/272_adm_85.PNG
94,ADM,1509,GenImage_test/ADM/test/nature/ILSVRC2012_val_00023720.JPEG
94,ADM,1510,GenImage_test/ADM/test/nature/ILSVRC2012_val_00000776.JPEG
94,ADM,1511,GenImage_test/ADM/test/ai/930_adm_153.PNG
94,ADM,1512,GenImage_test/ADM/test/ai/898_adm_7.PNG
94,ADM,1513,GenImage_test/ADM/test/ai/112_adm_153.PNG
94,ADM,1514,GenImage_test/ADM/test/ai/440_adm_91.PNG
94,ADM,1515,GenImage_test/ADM/test/ai/504_adm_7.PNG
95,ADM,1516,GenImage_test/ADM/test/nature/ILSVRC2012_val_00042544.JPEG
95,ADM,1517,GenImage_test/ADM/test/nature/ILSVRC2012_val_00000773.JPEG
95,ADM,1518,GenImage_test/ADM/test/nature/ILSVRC2012_val_00038612.JPEG
95,ADM,1519,GenImage_test/ADM/test/nature/ILSVRC2012_val_00018569.JPEG
95,ADM,1520,GenImage_test/ADM/test/nature/ILSVRC2012_val_00045535.JPEG
95,ADM,1521,GenImage_test/ADM/test/nature/ILSVRC2012_val_00049579.JPEG
95,ADM,1522,GenImage_test/ADM/test/ai/389_adm_174.PNG
95,ADM,1523,GenImage_test/ADM/test/nature/ILSVRC2012_val_00019250.JPEG
95,ADM,1524,GenImage_test/ADM/test/ai/606_adm_85.PNG
95,ADM,1525,GenImage_test/ADM/test/ai/530_adm_91.PNG
95,ADM,1526,GenImage_test/ADM/test/ai/385_adm_85.PNG
95,ADM,1527,GenImage_test/ADM/test/ai/852_adm_85.PNG
95,ADM,1528,GenImage_test/ADM/test/nature/ILSVRC2012_val_00010373.JPEG
95,ADM,1529,GenImage_test/ADM/test/ai/877_adm_7.PNG
95,ADM,1530,GenImage_test/ADM/test/ai/628_adm_153.PNG
95,ADM,1531,GenImage_test/ADM/test/nature/ILSVRC2012_val_00017311.JPEG
96,ADM,1532,GenImage_test/ADM/test/ai/2_adm_7.PNG
96,ADM,1533,GenImage_test/ADM/test/nature/ILSVRC2012_val_00037127.JPEG
96,ADM,1534,GenImage_test/ADM/test/nature/ILSVRC2012_val_00036139.JPEG
96,ADM,1535,GenImage_test/ADM/test/ai/24_adm_91.PNG
96,ADM,1536,GenImage_test/ADM/test/nature/ILSVRC2012_val_00009287.JPEG
96,ADM,1537,GenImage_test/ADM/test/ai/449_adm_7.PNG
96,ADM,1538,GenImage_test/ADM/test/nature/ILSVRC2012_val_00019390.JPEG
96,ADM,1539,GenImage_test/ADM/test/ai/513_adm_7.PNG
96,ADM,1540,GenImage_test/ADM/test/ai/372_adm_7.PNG
96,ADM,1541,GenImage_test/ADM/test/nature/ILSVRC2012_val_00045285.JPEG
96,ADM,1542,GenImage_test/ADM/test/ai/30_adm_153.PNG
96,ADM,1543,GenImage_test/ADM/test/nature/ILSVRC2012_val_00000178.JPEG
96,ADM,1544,GenImage_test/ADM/test/nature/ILSVRC2012_val_00030514.JPEG
96,ADM,1545,GenImage_test/ADM/test/ai/413_adm_91.PNG
96,ADM,1546,GenImage_test/ADM/test/nature/ILSVRC2012_val_00006861.JPEG
96,ADM,1547,GenImage_test/ADM/test/ai/678_adm_153.PNG
97,ADM,1548,GenImage_test/ADM/test/nature/ILSVRC2012_val_00012541.JPEG
97,ADM,1549,GenImage_test/ADM/test/nature/ILSVRC2012_val_00014730.JPEG
97,ADM,1550,GenImage_test/ADM/test/ai/245_adm_174.PNG
97,ADM,1551,GenImage_test/ADM/test/nature/ILSVRC2012_val_00005544.JPEG
97,ADM,1552,GenImage_test/ADM/test/nature/ILSVRC2012_val_00013823.JPEG
97,ADM,1553,GenImage_test/ADM/test/nature/ILSVRC2012_val_00022525.JPEG
97,ADM,1554,GenImage_test/ADM/test/ai/768_adm_174.PNG
97,ADM,1555,GenImage_test/ADM/test/ai/691_adm_91.PNG
97,ADM,1556,GenImage_test/ADM/test/ai/582_adm_153.PNG
97,ADM,1557,GenImage_test/ADM/test/nature/ILSVRC2012_val_00039918.JPEG
97,ADM,1558,GenImage_test/ADM/test/ai/845_adm_85.PNG
97,ADM,1559,GenImage_test/ADM/test/ai/950_adm_34.PNG
97,ADM,1560,GenImage_test/ADM/test/nature/ILSVRC2012_val_00013455.JPEG
97,ADM,1561,GenImage_test/ADM/test/nature/ILSVRC2012_val_00034232.JPEG
97,ADM,1562,GenImage_test/ADM/test/ai/266_adm_34.PNG
97,ADM,1563,GenImage_test/ADM/test/ai/14_adm_174.PNG
98,ADM,1564,GenImage_test/ADM/test/ai/69_adm_85.PNG
98,ADM,1565,GenImage_test/ADM/test/ai/867_adm_153.PNG
98,ADM,1566,GenImage_test/ADM/test/ai/768_adm_7.PNG
98,ADM,1567,GenImage_test/ADM/test/ai/912_adm_174.PNG
98,ADM,1568,GenImage_test/ADM/test/nature/ILSVRC2012_val_00044454.JPEG
98,ADM,1569,GenImage_test/ADM/test/nature/ILSVRC2012_val_00037314.JPEG
98,ADM,1570,GenImage_test/ADM/test/ai/460_adm_174.PNG
98,ADM,1571,GenImage_test/ADM/test/ai/919_adm_153.PNG
98,ADM,1572,GenImage_test/ADM/test/ai/339_adm_34.PNG
98,ADM,1573,GenImage_test/ADM/test/nature/ILSVRC2012_val_00041328.JPEG
98,ADM,1574,GenImage_test/ADM/test/nature/ILSVRC2012_val_00043241.JPEG
98,ADM,1575,GenImage_test/ADM/test/ai/27_adm_7.PNG
98,ADM,1576,GenImage_test/ADM/test/ai/648_adm_153.PNG
98,ADM,1577,GenImage_test/ADM/test/nature/ILSVRC2012_val_00027850.JPEG
98,ADM,1578,GenImage_test/ADM/test/nature/ILSVRC2012_val_00044257.JPEG
98,ADM,1579,GenImage_test/ADM/test/ai/143_adm_34.PNG
99,ADM,1580,GenImage_test/ADM/test/nature/ILSVRC2012_val_00024976.JPEG
99,ADM,1581,GenImage_test/ADM/test/ai/3_adm_85.PNG
99,ADM,1582,GenImage_test/ADM/test/ai/55_adm_34.PNG
99,ADM,1583,GenImage_test/ADM/test/ai/839_adm_153.PNG
99,ADM,1584,GenImage_test/ADM/test/nature/ILSVRC2012_val_00045378.JPEG
99,ADM,1585,GenImage_test/ADM/test/ai/911_adm_7.PNG
99,ADM,1586,GenImage_test/ADM/test/ai/443_adm_174.PNG
99,ADM,1587,GenImage_test/ADM/test/nature/ILSVRC2012_val_00015717.JPEG
99,ADM,1588,GenImage_test/ADM/test/ai/135_adm_85.PNG
99,ADM,1589,GenImage_test/ADM/test/nature/ILSVRC2012_val_00016306.JPEG
99,ADM,1590,GenImage_test/ADM/test/ai/883_adm_34.PNG
99,ADM,1591,GenImage_test/ADM/test/nature/ILSVRC2012_val_00022624.JPEG
99,ADM,1592,GenImage_test/ADM/test/ai/911_adm_153.PNG
99,ADM,1593,GenImage_test/ADM/test/ai/872_adm_85.PNG
99,ADM,1594,GenImage_test/ADM/test/nature/ILSVRC2012_val_00012463.JPEG
99,ADM,1595,GenImage_test/ADM/test/nature/ILSVRC2012_val_00019525.JPEG
100,ADM,1596,GenImage_test/ADM/test/nature/ILSVRC2012_val_00017259.JPEG
100,ADM,1597,GenImage_test/ADM/test/ai/263_adm_7.PNG
100,ADM,1598,GenImage_test/ADM/test/nature/ILSVRC2012_val_00004443.JPEG
100,ADM,1599,GenImage_test/ADM/test/nature/ILSVRC2012_val_00011915.JPEG
100,ADM,1600,GenImage_test/ADM/test/nature/ILSVRC2012_val_00010427.JPEG
100,ADM,1601,GenImage_test/ADM/test/nature/ILSVRC2012_val_00039218.JPEG
100,ADM,1602,GenImage_test/ADM/test/ai/924_adm_153.PNG
100,ADM,1603,GenImage_test/ADM/test/nature/ILSVRC2012_val_00002129.JPEG
100,ADM,1604,GenImage_test/ADM/test/ai/546_adm_91.PNG
100,ADM,1605,GenImage_test/ADM/test/nature/ILSVRC2012_val_00011471.JPEG
100,ADM,1606,GenImage_test/ADM/test/nature/ILSVRC2012_val_00046026.JPEG
100,ADM,1607,GenImage_test/ADM/test/nature/ILSVRC2012_val_00010239.JPEG
100,ADM,1608,GenImage_test/ADM/test/nature/ILSVRC2012_val_00045362.JPEG
100,ADM,1609,GenImage_test/ADM/test/ai/650_adm_85.PNG
100,ADM,1610,GenImage_test/ADM/test/ai/343_adm_153.PNG
100,ADM,1611,GenImage_test/ADM/test/nature/ILSVRC2012_val_00002924.JPEG
101,ADM,1612,GenImage_test/ADM/test/nature/ILSVRC2012_val_00016326.JPEG
101,ADM,1613,GenImage_test/ADM/test/nature/ILSVRC2012_val_00009371.JPEG
101,ADM,1614,GenImage_test/ADM/test/nature/ILSVRC2012_val_00001927.JPEG
101,ADM,1615,GenImage_test/ADM/test/ai/82_adm_34.PNG
101,ADM,1616,GenImage_test/ADM/test/nature/ILSVRC2012_val_00046084.JPEG
101,ADM,1617,GenImage_test/ADM/test/nature/ILSVRC2012_val_00018717.JPEG
101,ADM,1618,GenImage_test/ADM/test/nature/ILSVRC2012_val_00030370.JPEG
101,ADM,1619,GenImage_test/ADM/test/nature/ILSVRC2012_val_00037981.JPEG
101,ADM,1620,GenImage_test/ADM/test/nature/ILSVRC2012_val_00003892.JPEG
101,ADM,1621,GenImage_test/ADM/test/ai/193_adm_7.PNG
101,ADM,1622,GenImage_test/ADM/test/ai/71_adm_85.PNG
101,ADM,1623,GenImage_test/ADM/test/ai/733_adm_153.PNG
101,ADM,1624,GenImage_test/ADM/test/nature/ILSVRC2012_val_00012270.JPEG
101,ADM,1625,GenImage_test/ADM/test/ai/331_adm_153.PNG
101,ADM,1626,GenImage_test/ADM/test/ai/589_adm_153.PNG
101,ADM,1627,GenImage_test/ADM/test/nature/ILSVRC2012_val_00027860.JPEG
102,ADM,1628,GenImage_test/ADM/test/ai/756_adm_85.PNG
102,ADM,1629,GenImage_test/ADM/test/ai/977_adm_7.PNG
102,ADM,1630,GenImage_test/ADM/test/nature/ILSVRC2012_val_00015623.JPEG
102,ADM,1631,GenImage_test/ADM/test/nature/ILSVRC2012_val_00049111.JPEG
102,ADM,1632,GenImage_test/ADM/test/nature/ILSVRC2012_val_00004138.JPEG
102,ADM,1633,GenImage_test/ADM/test/nature/ILSVRC2012_val_00037331.JPEG
102,ADM,1634,GenImage_test/ADM/test/nature/ILSVRC2012_val_00043397.JPEG
102,ADM,1635,GenImage_test/ADM/test/ai/809_adm_7.PNG
102,ADM,1636,GenImage_test/ADM/test/nature/ILSVRC2012_val_00022574.JPEG
102,ADM,1637,GenImage_test/ADM/test/nature/ILSVRC2012_val_00041760.JPEG
102,ADM,1638,GenImage_test/ADM/test/nature/ILSVRC2012_val_00004000.JPEG
102,ADM,1639,GenImage_test/ADM/test/nature/ILSVRC2012_val_00028698.JPEG
102,ADM,1640,GenImage_test/ADM/test/ai/675_adm_153.PNG
102,ADM,1641,GenImage_test/ADM/test/nature/ILSVRC2012_val_00029456.JPEG
102,ADM,1642,GenImage_test/ADM/test/nature/ILSVRC2012_val_00021959.JPEG
102,ADM,1643,GenImage_test/ADM/test/nature/ILSVRC2012_val_00036594.JPEG
103,ADM,1644,GenImage_test/ADM/test/ai/749_adm_174.PNG
103,ADM,1645,GenImage_test/ADM/test/ai/725_adm_91.PNG
103,ADM,1646,GenImage_test/ADM/test/ai/812_adm_85.PNG
103,ADM,1647,GenImage_test/ADM/test/nature/ILSVRC2012_val_00033089.JPEG
103,ADM,1648,GenImage_test/ADM/test/nature/ILSVRC2012_val_00043977.JPEG
103,ADM,1649,GenImage_test/ADM/test/ai/745_adm_7.PNG
103,ADM,1650,GenImage_test/ADM/test/ai/613_adm_7.PNG
103,ADM,1651,GenImage_test/ADM/test/nature/ILSVRC2012_val_00043480.JPEG
103,ADM,1652,GenImage_test/ADM/test/nature/ILSVRC2012_val_00009812.JPEG
103,ADM,1653,GenImage_test/ADM/test/nature/ILSVRC2012_val_00023491.JPEG
103,ADM,1654,GenImage_test/ADM/test/nature/ILSVRC2012_val_00037626.JPEG
103,ADM,1655,GenImage_test/ADM/test/ai/880_adm_174.PNG
103,ADM,1656,GenImage_test/ADM/test/ai/402_adm_85.PNG
103,ADM,1657,GenImage_test/ADM/test/ai/310_adm_174.PNG
103,ADM,1658,GenImage_test/ADM/test/nature/ILSVRC2012_val_00046160.JPEG
103,ADM,1659,GenImage_test/ADM/test/ai/856_adm_174.PNG
104,ADM,1660,GenImage_test/ADM/test/nature/ILSVRC2012_val_00039998.JPEG
104,ADM,1661,GenImage_test/ADM/test/nature/ILSVRC2012_val_00020280.JPEG
104,ADM,1662,GenImage_test/ADM/test/ai/619_adm_153.PNG
104,ADM,1663,GenImage_test/ADM/test/ai/169_adm_91.PNG
104,ADM,1664,GenImage_test/ADM/test/nature/ILSVRC2012_val_00025525.JPEG
104,ADM,1665,GenImage_test/ADM/test/ai/744_adm_34.PNG
104,ADM,1666,GenImage_test/ADM/test/nature/ILSVRC2012_val_00013220.JPEG
104,ADM,1667,GenImage_test/ADM/test/nature/ILSVRC2012_val_00016480.JPEG
104,ADM,1668,GenImage_test/ADM/test/ai/434_adm_34.PNG
104,ADM,1669,GenImage_test/ADM/test/ai/140_adm_91.PNG
104,ADM,1670,GenImage_test/ADM/test/ai/595_adm_91.PNG
104,ADM,1671,GenImage_test/ADM/test/nature/ILSVRC2012_val_00028114.JPEG
104,ADM,1672,GenImage_test/ADM/test/nature/ILSVRC2012_val_00039220.JPEG
104,ADM,1673,GenImage_test/ADM/test/nature/ILSVRC2012_val_00042666.JPEG
104,ADM,1674,GenImage_test/ADM/test/ai/153_adm_7.PNG
104,ADM,1675,GenImage_test/ADM/test/ai/276_adm_153.PNG
105,ADM,1676,GenImage_test/ADM/test/nature/ILSVRC2012_val_00005344.JPEG
105,ADM,1677,GenImage_test/ADM/test/ai/242_adm_34.PNG
105,ADM,1678,GenImage_test/ADM/test/ai/341_adm_153.PNG
105,ADM,1679,GenImage_test/ADM/test/nature/ILSVRC2012_val_00034642.JPEG
105,ADM,1680,GenImage_test/ADM/test/nature/ILSVRC2012_val_00036581.JPEG
105,ADM,1681,GenImage_test/ADM/test/ai/467_adm_174.PNG
105,ADM,1682,GenImage_test/ADM/test/nature/ILSVRC2012_val_00021731.JPEG
105,ADM,1683,GenImage_test/ADM/test/ai/690_adm_85.PNG
105,ADM,1684,GenImage_test/ADM/test/ai/706_adm_174.PNG
105,ADM,1685,GenImage_test/ADM/test/nature/ILSVRC2012_val_00048556.JPEG
105,ADM,1686,GenImage_test/ADM/test/nature/ILSVRC2012_val_00033125.JPEG
105,ADM,1687,GenImage_test/ADM/test/nature/ILSVRC2012_val_00024447.JPEG
105,ADM,1688,GenImage_test/ADM/test/ai/886_adm_7.PNG
105,ADM,1689,GenImage_test/ADM/test/nature/ILSVRC2012_val_00042153.JPEG
105,ADM,1690,GenImage_test/ADM/test/nature/ILSVRC2012_val_00032154.JPEG
105,ADM,1691,GenImage_test/ADM/test/ai/588_adm_174.PNG
106,ADM,1692,GenImage_test/ADM/test/nature/ILSVRC2012_val_00000685.JPEG
106,ADM,1693,GenImage_test/ADM/test/nature/ILSVRC2012_val_00000145.JPEG
106,ADM,1694,GenImage_test/ADM/test/ai/197_adm_174.PNG
106,ADM,1695,GenImage_test/ADM/test/nature/ILSVRC2012_val_00043501.JPEG
106,ADM,1696,GenImage_test/ADM/test/ai/511_adm_91.PNG
106,ADM,1697,GenImage_test/ADM/test/ai/774_adm_91.PNG
106,ADM,1698,GenImage_test/ADM/test/ai/803_adm_85.PNG
106,ADM,1699,GenImage_test/ADM/test/nature/ILSVRC2012_val_00007190.JPEG
106,ADM,1700,GenImage_test/ADM/test/nature/ILSVRC2012_val_00028105.JPEG
106,ADM,1701,GenImage_test/ADM/test/ai/40_adm_153.PNG
106,ADM,1702,GenImage_test/ADM/test/ai/882_adm_174.PNG
106,ADM,1703,GenImage_test/ADM/test/ai/430_adm_7.PNG
106,ADM,1704,GenImage_test/ADM/test/ai/895_adm_85.PNG
106,ADM,1705,GenImage_test/ADM/test/ai/292_adm_153.PNG
106,ADM,1706,GenImage_test/ADM/test/nature/ILSVRC2012_val_00022644.JPEG
106,ADM,1707,GenImage_test/ADM/test/nature/ILSVRC2012_val_00028792.JPEG
107,ADM,1708,GenImage_test/ADM/test/nature/ILSVRC2012_val_00020992.JPEG
107,ADM,1709,GenImage_test/ADM/test/ai/238_adm_85.PNG
107,ADM,1710,GenImage_test/ADM/test/nature/ILSVRC2012_val_00036453.JPEG
107,ADM,1711,GenImage_test/ADM/test/ai/577_adm_174.PNG
107,ADM,1712,GenImage_test/ADM/test/nature/ILSVRC2012_val_00046551.JPEG
107,ADM,1713,GenImage_test/ADM/test/ai/830_adm_153.PNG
107,ADM,1714,GenImage_test/ADM/test/nature/ILSVRC2012_val_00043355.JPEG
107,ADM,1715,GenImage_test/ADM/test/ai/540_adm_85.PNG
107,ADM,1716,GenImage_test/ADM/test/ai/959_adm_174.PNG
107,ADM,1717,GenImage_test/ADM/test/nature/ILSVRC2012_val_00036206.JPEG
107,ADM,1718,GenImage_test/ADM/test/ai/452_adm_85.PNG
107,ADM,1719,GenImage_test/ADM/test/nature/ILSVRC2012_val_00045225.JPEG
107,ADM,1720,GenImage_test/ADM/test/nature/ILSVRC2012_val_00005426.JPEG
107,ADM,1721,GenImage_test/ADM/test/nature/ILSVRC2012_val_00029606.JPEG
107,ADM,1722,GenImage_test/ADM/test/nature/ILSVRC2012_val_00013392.JPEG
107,ADM,1723,GenImage_test/ADM/test/nature/ILSVRC2012_val_00033540.JPEG
108,ADM,1724,GenImage_test/ADM/test/ai/202_adm_153.PNG
108,ADM,1725,GenImage_test/ADM/test/nature/ILSVRC2012_val_00044968.JPEG
108,ADM,1726,GenImage_test/ADM/test/ai/617_adm_85.PNG
108,ADM,1727,GenImage_test/ADM/test/nature/ILSVRC2012_val_00023020.JPEG
108,ADM,1728,GenImage_test/ADM/test/ai/457_adm_85.PNG
108,ADM,1729,GenImage_test/ADM/test/ai/546_adm_174.PNG
108,ADM,1730,GenImage_test/ADM/test/nature/ILSVRC2012_val_00041074.JPEG
108,ADM,1731,GenImage_test/ADM/test/ai/951_adm_91.PNG
108,ADM,1732,GenImage_test/ADM/test/ai/545_adm_91.PNG
108,ADM,1733,GenImage_test/ADM/test/nature/ILSVRC2012_val_00046817.JPEG
108,ADM,1734,GenImage_test/ADM/test/nature/ILSVRC2012_val_00023412.JPEG
108,ADM,1735,GenImage_test/ADM/test/ai/777_adm_91.PNG
108,ADM,1736,GenImage_test/ADM/test/nature/ILSVRC2012_val_00042878.JPEG
108,ADM,1737,GenImage_test/ADM/test/ai/975_adm_7.PNG
108,ADM,1738,GenImage_test/ADM/test/nature/ILSVRC2012_val_00026372.JPEG
108,ADM,1739,GenImage_test/ADM/test/nature/ILSVRC2012_val_00009122.JPEG
109,ADM,1740,GenImage_test/ADM/test/ai/199_adm_91.PNG
109,ADM,1741,GenImage_test/ADM/test/ai/957_adm_34.PNG
109,ADM,1742,GenImage_test/ADM/test/nature/ILSVRC2012_val_00021455.JPEG
109,ADM,1743,GenImage_test/ADM/test/ai/128_adm_91.PNG
109,ADM,1744,GenImage_test/ADM/test/nature/ILSVRC2012_val_00026148.JPEG
109,ADM,1745,GenImage_test/ADM/test/ai/752_adm_85.PNG
109,ADM,1746,GenImage_test/ADM/test/nature/ILSVRC2012_val_00033847.JPEG
109,ADM,1747,GenImage_test/ADM/test/ai/305_adm_174.PNG
109,ADM,1748,GenImage_test/ADM/test/ai/688_adm_153.PNG
109,ADM,1749,GenImage_test/ADM/test/nature/ILSVRC2012_val_00028918.JPEG
109,ADM,1750,GenImage_test/ADM/test/nature/ILSVRC2012_val_00040602.JPEG
109,ADM,1751,GenImage_test/ADM/test/nature/ILSVRC2012_val_00047469.JPEG
109,ADM,1752,GenImage_test/ADM/test/ai/45_adm_174.PNG
109,ADM,1753,GenImage_test/ADM/test/ai/456_adm_174.PNG
109,ADM,1754,GenImage_test/ADM/test/ai/6_adm_85.PNG
109,ADM,1755,GenImage_test/ADM/test/nature/ILSVRC2012_val_00032273.JPEG
110,ADM,1756,GenImage_test/ADM/test/nature/ILSVRC2012_val_00002048.JPEG
110,ADM,1757,GenImage_test/ADM/test/ai/499_adm_85.PNG
110,ADM,1758,GenImage_test/ADM/test/ai/627_adm_174.PNG
110,ADM,1759,GenImage_test/ADM/test/nature/ILSVRC2012_val_00033726.JPEG
110,ADM,1760,GenImage_test/ADM/test/ai/782_adm_7.PNG
110,ADM,1761,GenImage_test/ADM/test/nature/ILSVRC2012_val_00017443.JPEG
110,ADM,1762,GenImage_test/ADM/test/nature/ILSVRC2012_val_00019534.JPEG
110,ADM,1763,GenImage_test/ADM/test/ai/957_adm_174.PNG
110,ADM,1764,GenImage_test/ADM/test/ai/875_adm_91.PNG
110,ADM,1765,GenImage_test/ADM/test/nature/ILSVRC2012_val_00025194.JPEG
110,ADM,1766,GenImage_test/ADM/test/nature/ILSVRC2012_val_00016087.JPEG
110,ADM,1767,GenImage_test/ADM/test/ai/62_adm_174.PNG
110,ADM,1768,GenImage_test/ADM/test/ai/37_adm_34.PNG
110,ADM,1769,GenImage_test/ADM/test/ai/778_adm_85.PNG
110,ADM,1770,GenImage_test/ADM/test/nature/ILSVRC2012_val_00018750.JPEG
110,ADM,1771,GenImage_test/ADM/test/nature/ILSVRC2012_val_00005144.JPEG
111,ADM,1772,GenImage_test/ADM/test/ai/200_adm_34.PNG
111,ADM,1773,GenImage_test/ADM/test/ai/172_adm_174.PNG
111,ADM,1774,GenImage_test/ADM/test/nature/ILSVRC2012_val_00004372.JPEG
111,ADM,1775,GenImage_test/ADM/test/ai/170_adm_153.PNG
111,ADM,1776,GenImage_test/ADM/test/ai/393_adm_174.PNG
111,ADM,1777,GenImage_test/ADM/test/ai/838_adm_34.PNG
111,ADM,1778,GenImage_test/ADM/test/nature/ILSVRC2012_val_00028378.JPEG
111,ADM,1779,GenImage_test/ADM/test/nature/ILSVRC2012_val_00042554.JPEG
111,ADM,1780,GenImage_test/ADM/test/nature/ILSVRC2012_val_00001067.JPEG
111,ADM,1781,GenImage_test/ADM/test/nature/ILSVRC2012_val_00048827.JPEG
111,ADM,1782,GenImage_test/ADM/test/ai/787_adm_7.PNG
111,ADM,1783,GenImage_test/ADM/test/ai/419_adm_34.PNG
111,ADM,1784,GenImage_test/ADM/test/ai/792_adm_7.PNG
111,ADM,1785,GenImage_test/ADM/test/ai/51_adm_174.PNG
111,ADM,1786,GenImage_test/ADM/test/nature/ILSVRC2012_val_00027429.JPEG
111,ADM,1787,GenImage_test/ADM/test/ai/247_adm_7.PNG
112,ADM,1788,GenImage_test/ADM/test/ai/942_adm_34.PNG
112,ADM,1789,GenImage_test/ADM/test/ai/239_adm_85.PNG
112,ADM,1790,GenImage_test/ADM/test/nature/ILSVRC2012_val_00040149.JPEG
112,ADM,1791,GenImage_test/ADM/test/ai/868_adm_85.PNG
112,ADM,1792,GenImage_test/ADM/test/nature/ILSVRC2012_val_00028348.JPEG
112,ADM,1793,GenImage_test/ADM/test/ai/372_adm_34.PNG
112,ADM,1794,GenImage_test/ADM/test/nature/ILSVRC2012_val_00010523.JPEG
112,ADM,1795,GenImage_test/ADM/test/nature/ILSVRC2012_val_00021862.JPEG
112,ADM,1796,GenImage_test/ADM/test/nature/ILSVRC2012_val_00006090.JPEG
112,ADM,1797,GenImage_test/ADM/test/nature/ILSVRC2012_val_00045001.JPEG
112,ADM,1798,GenImage_test/ADM/test/nature/ILSVRC2012_val_00047039.JPEG
112,ADM,1799,GenImage_test/ADM/test/nature/ILSVRC2012_val_00040964.JPEG
112,ADM,1800,GenImage_test/ADM/test/ai/462_adm_174.PNG
112,ADM,1801,GenImage_test/ADM/test/nature/ILSVRC2012_val_00002775.JPEG
112,ADM,1802,GenImage_test/ADM/test/nature/ILSVRC2012_val_00024605.JPEG
112,ADM,1803,GenImage_test/ADM/test/ai/213_adm_174.PNG
113,ADM,1804,GenImage_test/ADM/test/nature/ILSVRC2012_val_00041104.JPEG
113,ADM,1805,GenImage_test/ADM/test/nature/ILSVRC2012_val_00015075.JPEG
113,ADM,1806,GenImage_test/ADM/test/ai/45_adm_153.PNG
113,ADM,1807,GenImage_test/ADM/test/ai/855_adm_85.PNG
113,ADM,1808,GenImage_test/ADM/test/ai/248_adm_91.PNG
113,ADM,1809,GenImage_test/ADM/test/nature/ILSVRC2012_val_00000607.JPEG
113,ADM,1810,GenImage_test/ADM/test/ai/753_adm_7.PNG
113,ADM,1811,GenImage_test/ADM/test/ai/724_adm_153.PNG
113,ADM,1812,GenImage_test/ADM/test/nature/ILSVRC2012_val_00012426.JPEG
113,ADM,1813,GenImage_test/ADM/test/nature/ILSVRC2012_val_00019981.JPEG
113,ADM,1814,GenImage_test/ADM/test/ai/950_adm_85.PNG
113,ADM,1815,GenImage_test/ADM/test/ai/304_adm_7.PNG
113,ADM,1816,GenImage_test/ADM/test/nature/ILSVRC2012_val_00016710.JPEG
113,ADM,1817,GenImage_test/ADM/test/ai/320_adm_153.PNG
113,ADM,1818,GenImage_test/ADM/test/nature/ILSVRC2012_val_00003900.JPEG
113,ADM,1819,GenImage_test/ADM/test/ai/36_adm_174.PNG
114,ADM,1820,GenImage_test/ADM/test/ai/561_adm_91.PNG
114,ADM,1821,GenImage_test/ADM/test/ai/537_adm_153.PNG
114,ADM,1822,GenImage_test/ADM/test/nature/ILSVRC2012_val_00041276.JPEG
114,ADM,1823,GenImage_test/ADM/test/ai/430_adm_34.PNG
114,ADM,1824,GenImage_test/ADM/test/nature/ILSVRC2012_val_00022936.JPEG
114,ADM,1825,GenImage_test/ADM/test/nature/ILSVRC2012_val_00031842.JPEG
114,ADM,1826,GenImage_test/ADM/test/ai/926_adm_7.PNG
114,ADM,1827,GenImage_test/ADM/test/nature/ILSVRC2012_val_00037865.JPEG
114,ADM,1828,GenImage_test/ADM/test/ai/105_adm_7.PNG
114,ADM,1829,GenImage_test/ADM/test/nature/ILSVRC2012_val_00005794.JPEG
114,ADM,1830,GenImage_test/ADM/test/nature/ILSVRC2012_val_00026352.JPEG
114,ADM,1831,GenImage_test/ADM/test/ai/439_adm_85.PNG
114,ADM,1832,GenImage_test/ADM/test/ai/304_adm_34.PNG
114,ADM,1833,GenImage_test/ADM/test/ai/976_adm_34.PNG
114,ADM,1834,GenImage_test/ADM/test/nature/ILSVRC2012_val_00029898.JPEG
114,ADM,1835,GenImage_test/ADM/test/nature/ILSVRC2012_val_00036495.JPEG
115,ADM,1836,GenImage_test/ADM/test/nature/ILSVRC2012_val_00005818.JPEG
115,ADM,1837,GenImage_test/ADM/test/nature/ILSVRC2012_val_00033832.JPEG
115,ADM,1838,GenImage_test/ADM/test/ai/884_adm_174.PNG
115,ADM,1839,GenImage_test/ADM/test/nature/ILSVRC2012_val_00016248.JPEG
115,ADM,1840,GenImage_test/ADM/test/nature/ILSVRC2012_val_00040813.JPEG
115,ADM,1841,GenImage_test/ADM/test/nature/ILSVRC2012_val_00041350.JPEG
115,ADM,1842,GenImage_test/ADM/test/nature/ILSVRC2012_val_00040630.JPEG
115,ADM,1843,GenImage_test/ADM/test/ai/386_adm_153.PNG
115,ADM,1844,GenImage_test/ADM/test/nature/ILSVRC2012_val_00027603.JPEG
115,ADM,1845,GenImage_test/ADM/test/nature/ILSVRC2012_val_00009617.JPEG
115,ADM,1846,GenImage_test/ADM/test/nature/ILSVRC2012_val_00008513.JPEG
115,ADM,1847,GenImage_test/ADM/test/ai/123_adm_153.PNG
115,ADM,1848,GenImage_test/ADM/test/ai/236_adm_85.PNG
115,ADM,1849,GenImage_test/ADM/test/ai/506_adm_34.PNG
115,ADM,1850,GenImage_test/ADM/test/ai/514_adm_174.PNG
115,ADM,1851,GenImage_test/ADM/test/ai/775_adm_91.PNG
116,ADM,1852,GenImage_test/ADM/test/ai/373_adm_85.PNG
116,ADM,1853,GenImage_test/ADM/test/ai/937_adm_91.PNG
116,ADM,1854,GenImage_test/ADM/test/ai/732_adm_85.PNG
116,ADM,1855,GenImage_test/ADM/test/nature/ILSVRC2012_val_00015420.JPEG
116,ADM,1856,GenImage_test/ADM/test/nature/ILSVRC2012_val_00030234.JPEG
116,ADM,1857,GenImage_test/ADM/test/ai/547_adm_174.PNG
116,ADM,1858,GenImage_test/ADM/test/nature/ILSVRC2012_val_00012943.JPEG
116,ADM,1859,GenImage_test/ADM/test/nature/ILSVRC2012_val_00019316.JPEG
116,ADM,1860,GenImage_test/ADM/test/nature/ILSVRC2012_val_00043642.JPEG
116,ADM,1861,GenImage_test/ADM/test/ai/608_adm_34.PNG
116,ADM,1862,GenImage_test/ADM/test/nature/ILSVRC2012_val_00020113.JPEG
116,ADM,1863,GenImage_test/ADM/test/nature/ILSVRC2012_val_00042569.JPEG
116,ADM,1864,GenImage_test/ADM/test/ai/170_adm_34.PNG
116,ADM,1865,GenImage_test/ADM/test/nature/ILSVRC2012_val_00030672.JPEG
116,ADM,1866,GenImage_test/ADM/test/nature/ILSVRC2012_val_00001904.JPEG
116,ADM,1867,GenImage_test/ADM/test/nature/ILSVRC2012_val_00010923.JPEG
117,ADM,1868,GenImage_test/ADM/test/ai/300_adm_85.PNG
117,ADM,1869,GenImage_test/ADM/test/nature/ILSVRC2012_val_00011292.JPEG
117,ADM,1870,GenImage_test/ADM/test/ai/740_adm_85.PNG
117,ADM,1871,GenImage_test/ADM/test/nature/ILSVRC2012_val_00005312.JPEG
117,ADM,1872,GenImage_test/ADM/test/ai/711_adm_85.PNG
117,ADM,1873,GenImage_test/ADM/test/ai/253_adm_7.PNG
117,ADM,1874,GenImage_test/ADM/test/ai/270_adm_174.PNG
117,ADM,1875,GenImage_test/ADM/test/ai/977_adm_153.PNG
117,ADM,1876,GenImage_test/ADM/test/ai/956_adm_91.PNG
117,ADM,1877,GenImage_test/ADM/test/ai/322_adm_153.PNG
117,ADM,1878,GenImage_test/ADM/test/nature/ILSVRC2012_val_00026322.JPEG
117,ADM,1879,GenImage_test/ADM/test/nature/ILSVRC2012_val_00030572.JPEG
117,ADM,1880,GenImage_test/ADM/test/ai/233_adm_153.PNG
117,ADM,1881,GenImage_test/ADM/test/ai/374_adm_34.PNG
117,ADM,1882,GenImage_test/ADM/test/ai/403_adm_85.PNG
117,ADM,1883,GenImage_test/ADM/test/ai/831_adm_91.PNG
118,ADM,1884,GenImage_test/ADM/test/nature/ILSVRC2012_val_00033628.JPEG
118,ADM,1885,GenImage_test/ADM/test/ai/591_adm_153.PNG
118,ADM,1886,GenImage_test/ADM/test/ai/312_adm_91.PNG
118,ADM,1887,GenImage_test/ADM/test/ai/865_adm_91.PNG
118,ADM,1888,GenImage_test/ADM/test/nature/ILSVRC2012_val_00007108.JPEG
118,ADM,1889,GenImage_test/ADM/test/nature/ILSVRC2012_val_00040396.JPEG
118,ADM,1890,GenImage_test/ADM/test/nature/ILSVRC2012_val_00049760.JPEG
118,ADM,1891,GenImage_test/ADM/test/nature/ILSVRC2012_val_00021389.JPEG
118,ADM,1892,GenImage_test/ADM/test/nature/ILSVRC2012_val_00032865.JPEG
118,ADM,1893,GenImage_test/ADM/test/ai/246_adm_34.PNG
118,ADM,1894,GenImage_test/ADM/test/nature/ILSVRC2012_val_00046042.JPEG
118,ADM,1895,GenImage_test/ADM/test/ai/397_adm_91.PNG
118,ADM,1896,GenImage_test/ADM/test/nature/ILSVRC2012_val_00048726.JPEG
118,ADM,1897,GenImage_test/ADM/test/nature/ILSVRC2012_val_00009624.JPEG
118,ADM,1898,GenImage_test/ADM/test/nature/ILSVRC2012_val_00035534.JPEG
118,ADM,1899,GenImage_test/ADM/test/ai/37_adm_85.PNG
119,ADM,1900,GenImage_test/ADM/test/nature/ILSVRC2012_val_00048704.JPEG
119,ADM,1901,GenImage_test/ADM/test/nature/ILSVRC2012_val_00043058.JPEG
119,ADM,1902,GenImage_test/ADM/test/nature/ILSVRC2012_val_00010360.JPEG
119,ADM,1903,GenImage_test/ADM/test/nature/ILSVRC2012_val_00038175.JPEG
119,ADM,1904,GenImage_test/ADM/test/ai/33_adm_153.PNG
119,ADM,1905,GenImage_test/ADM/test/nature/ILSVRC2012_val_00031876.JPEG
119,ADM,1906,GenImage_test/ADM/test/nature/ILSVRC2012_val_00036974.JPEG
119,ADM,1907,GenImage_test/ADM/test/ai/871_adm_85.PNG
119,ADM,1908,GenImage_test/ADM/test/ai/552_adm_91.PNG
119,ADM,1909,GenImage_test/ADM/test/ai/249_adm_174.PNG
119,ADM,1910,GenImage_test/ADM/test/ai/772_adm_85.PNG
119,ADM,1911,GenImage_test/ADM/test/nature/ILSVRC2012_val_00003172.JPEG
119,ADM,1912,GenImage_test/ADM/test/nature/ILSVRC2012_val_00015385.JPEG
119,ADM,1913,GenImage_test/ADM/test/nature/ILSVRC2012_val_00041167.JPEG
119,ADM,1914,GenImage_test/ADM/test/nature/ILSVRC2012_val_00049304.JPEG
119,ADM,1915,GenImage_test/ADM/test/nature/ILSVRC2012_val_00005889.JPEG
120,ADM,1916,GenImage_test/ADM/test/ai/742_adm_153.PNG
120,ADM,1917,GenImage_test/ADM/test/nature/ILSVRC2012_val_00027965.JPEG
120,ADM,1918,GenImage_test/ADM/test/ai/487_adm_34.PNG
120,ADM,1919,GenImage_test/ADM/test/nature/ILSVRC2012_val_00048850.JPEG
120,ADM,1920,GenImage_test/ADM/test/ai/488_adm_7.PNG
120,ADM,1921,GenImage_test/ADM/test/nature/ILSVRC2012_val_00012445.JPEG
120,ADM,1922,GenImage_test/ADM/test/nature/ILSVRC2012_val_00004092.JPEG
120,ADM,1923,GenImage_test/ADM/test/ai/722_adm_34.PNG
120,ADM,1924,GenImage_test/ADM/test/ai/189_adm_153.PNG
120,ADM,1925,GenImage_test/ADM/test/nature/ILSVRC2012_val_00021654.JPEG
120,ADM,1926,GenImage_test/ADM/test/nature/ILSVRC2012_val_00014011.JPEG
120,ADM,1927,GenImage_test/ADM/test/ai/674_adm_85.PNG
120,ADM,1928,GenImage_test/ADM/test/nature/ILSVRC2012_val_00020402.JPEG
120,ADM,1929,GenImage_test/ADM/test/nature/ILSVRC2012_val_00047136.JPEG
120,ADM,1930,GenImage_test/ADM/test/ai/732_adm_174.PNG
120,ADM,1931,GenImage_test/ADM/test/nature/ILSVRC2012_val_00046096.JPEG
121,ADM,1932,GenImage_test/ADM/test/nature/ILSVRC2012_val_00038913.JPEG
121,ADM,1933,GenImage_test/ADM/test/nature/ILSVRC2012_val_00007558.JPEG
121,ADM,1934,GenImage_test/ADM/test/nature/ILSVRC2012_val_00026834.JPEG
121,ADM,1935,GenImage_test/ADM/test/nature/ILSVRC2012_val_00021937.JPEG
121,ADM,1936,GenImage_test/ADM/test/nature/ILSVRC2012_val_00037752.JPEG
121,ADM,1937,GenImage_test/ADM/test/ai/1_adm_153.PNG
121,ADM,1938,GenImage_test/ADM/test/nature/ILSVRC2012_val_00036795.JPEG
121,ADM,1939,GenImage_test/ADM/test/nature/ILSVRC2012_val_00033470.JPEG
121,ADM,1940,GenImage_test/ADM/test/nature/ILSVRC2012_val_00003461.JPEG
121,ADM,1941,GenImage_test/ADM/test/ai/793_adm_7.PNG
121,ADM,1942,GenImage_test/ADM/test/nature/ILSVRC2012_val_00016555.JPEG
121,ADM,1943,GenImage_test/ADM/test/ai/174_adm_91.PNG
121,ADM,1944,GenImage_test/ADM/test/ai/911_adm_91.PNG
121,ADM,1945,GenImage_test/ADM/test/nature/ILSVRC2012_val_00002821.JPEG
121,ADM,1946,GenImage_test/ADM/test/ai/445_adm_91.PNG
121,ADM,1947,GenImage_test/ADM/test/nature/ILSVRC2012_val_00030524.JPEG
122,ADM,1948,GenImage_test/ADM/test/nature/ILSVRC2012_val_00024724.JPEG
122,ADM,1949,GenImage_test/ADM/test/nature/ILSVRC2012_val_00018575.JPEG
122,ADM,1950,GenImage_test/ADM/test/nature/ILSVRC2012_val_00033664.JPEG
122,ADM,1951,GenImage_test/ADM/test/nature/ILSVRC2012_val_00041476.JPEG
122,ADM,1952,GenImage_test/ADM/test/nature/ILSVRC2012_val_00031797.JPEG
122,ADM,1953,GenImage_test/ADM/test/ai/16_adm_91.PNG
122,ADM,1954,GenImage_test/ADM/test/ai/365_adm_7.PNG
122,ADM,1955,GenImage_test/ADM/test/nature/ILSVRC2012_val_00024148.JPEG
122,ADM,1956,GenImage_test/ADM/test/ai/438_adm_34.PNG
122,ADM,1957,GenImage_test/ADM/test/ai/592_adm_91.PNG
122,ADM,1958,GenImage_test/ADM/test/ai/174_adm_34.PNG
122,ADM,1959,GenImage_test/ADM/test/ai/566_adm_153.PNG
122,ADM,1960,GenImage_test/ADM/test/ai/801_adm_34.PNG
122,ADM,1961,GenImage_test/ADM/test/ai/261_adm_91.PNG
122,ADM,1962,GenImage_test/ADM/test/ai/709_adm_7.PNG
122,ADM,1963,GenImage_test/ADM/test/nature/ILSVRC2012_val_00006154.JPEG
123,ADM,1964,GenImage_test/ADM/test/nature/ILSVRC2012_val_00008366.JPEG
123,ADM,1965,GenImage_test/ADM/test/nature/ILSVRC2012_val_00049518.JPEG
123,ADM,1966,GenImage_test/ADM/test/ai/253_adm_34.PNG
123,ADM,1967,GenImage_test/ADM/test/nature/ILSVRC2012_val_00035745.JPEG
123,ADM,1968,GenImage_test/ADM/test/ai/389_adm_91.PNG
123,ADM,1969,GenImage_test/ADM/test/nature/ILSVRC2012_val_00020941.JPEG
123,ADM,1970,GenImage_test/ADM/test/nature/ILSVRC2012_val_00008333.JPEG
123,ADM,1971,GenImage_test/ADM/test/nature/ILSVRC2012_val_00024268.JPEG
123,ADM,1972,GenImage_test/ADM/test/ai/587_adm_91.PNG
123,ADM,1973,GenImage_test/ADM/test/nature/ILSVRC2012_val_00047106.JPEG
123,ADM,1974,GenImage_test/ADM/test/nature/ILSVRC2012_val_00005931.JPEG
123,ADM,1975,GenImage_test/ADM/test/ai/689_adm_153.PNG
123,ADM,1976,GenImage_test/ADM/test/nature/ILSVRC2012_val_00040170.JPEG
123,ADM,1977,GenImage_test/ADM/test/nature/ILSVRC2012_val_00011627.JPEG
123,ADM,1978,GenImage_test/ADM/test/nature/ILSVRC2012_val_00009674.JPEG
123,ADM,1979,GenImage_test/ADM/test/ai/692_adm_34.PNG
124,ADM,1980,GenImage_test/ADM/test/nature/ILSVRC2012_val_00016223.JPEG
124,ADM,1981,GenImage_test/ADM/test/ai/48_adm_7.PNG
124,ADM,1982,GenImage_test/ADM/test/nature/ILSVRC2012_val_00020425.JPEG
124,ADM,1983,GenImage_test/ADM/test/ai/763_adm_174.PNG
124,ADM,1984,GenImage_test/ADM/test/ai/231_adm_7.PNG
124,ADM,1985,GenImage_test/ADM/test/nature/ILSVRC2012_val_00022073.JPEG
124,ADM,1986,GenImage_test/ADM/test/nature/ILSVRC2012_val_00039225.JPEG
124,ADM,1987,GenImage_test/ADM/test/ai/768_adm_85.PNG
124,ADM,1988,GenImage_test/ADM/test/ai/438_adm_153.PNG
124,ADM,1989,GenImage_test/ADM/test/nature/ILSVRC2012_val_00032717.JPEG
124,ADM,1990,GenImage_test/ADM/test/ai/65_adm_153.PNG
124,ADM,1991,GenImage_test/ADM/test/nature/ILSVRC2012_val_00020096.JPEG
124,ADM,1992,GenImage_test/ADM/test/ai/76_adm_91.PNG
124,ADM,1993,GenImage_test/ADM/test/ai/157_adm_7.PNG
124,ADM,1994,GenImage_test/ADM/test/ai/624_adm_7.PNG
124,ADM,1995,GenImage_test/ADM/test/nature/ILSVRC2012_val_00038627.JPEG
125,ADM,1996,GenImage_test/ADM/test/nature/ILSVRC2012_val_00004593.JPEG
125,ADM,1997,GenImage_test/ADM/test/ai/958_adm_34.PNG
125,ADM,1998,GenImage_test/ADM/test/nature/ILSVRC2012_val_00043864.JPEG
125,ADM,1999,GenImage_test/ADM/test/nature/ILSVRC2012_val_00020635.JPEG
125,ADM,2000,GenImage_test/ADM/test/ai/960_adm_153.PNG
125,ADM,2001,GenImage_test/ADM/test/ai/908_adm_153.PNG
125,ADM,2002,GenImage_test/ADM/test/nature/ILSVRC2012_val_00033644.JPEG
125,ADM,2003,GenImage_test/ADM/test/nature/ILSVRC2012_val_00001084.JPEG
125,ADM,2004,GenImage_test/ADM/test/nature/ILSVRC2012_val_00019465.JPEG
125,ADM,2005,GenImage_test/ADM/test/nature/ILSVRC2012_val_00047700.JPEG
125,ADM,2006,GenImage_test/ADM/test/ai/451_adm_174.PNG
125,ADM,2007,GenImage_test/ADM/test/nature/ILSVRC2012_val_00037493.JPEG
125,ADM,2008,GenImage_test/ADM/test/ai/676_adm_153.PNG
125,ADM,2009,GenImage_test/ADM/test/nature/ILSVRC2012_val_00005841.JPEG
125,ADM,2010,GenImage_test/ADM/test/ai/928_adm_7.PNG
125,ADM,2011,GenImage_test/ADM/test/ai/333_adm_34.PNG
126,ADM,2012,GenImage_test/ADM/test/nature/ILSVRC2012_val_00042410.JPEG
126,ADM,2013,GenImage_test/ADM/test/nature/ILSVRC2012_val_00029720.JPEG
126,ADM,2014,GenImage_test/ADM/test/nature/ILSVRC2012_val_00026509.JPEG
126,ADM,2015,GenImage_test/ADM/test/nature/ILSVRC2012_val_00037793.JPEG
126,ADM,2016,GenImage_test/ADM/test/ai/930_adm_85.PNG
126,ADM,2017,GenImage_test/ADM/test/ai/53_adm_153.PNG
126,ADM,2018,GenImage_test/ADM/test/ai/227_adm_34.PNG
126,ADM,2019,GenImage_test/ADM/test/nature/ILSVRC2012_val_00043257.JPEG
126,ADM,2020,GenImage_test/ADM/test/ai/319_adm_85.PNG
126,ADM,2021,GenImage_test/ADM/test/ai/233_adm_174.PNG
126,ADM,2022,GenImage_test/ADM/test/nature/ILSVRC2012_val_00027767.JPEG
126,ADM,2023,GenImage_test/ADM/test/ai/587_adm_153.PNG
126,ADM,2024,GenImage_test/ADM/test/nature/ILSVRC2012_val_00005498.JPEG
126,ADM,2025,GenImage_test/ADM/test/nature/ILSVRC2012_val_00005387.JPEG
126,ADM,2026,GenImage_test/ADM/test/ai/279_adm_91.PNG
126,ADM,2027,GenImage_test/ADM/test/nature/ILSVRC2012_val_00011102.JPEG
127,ADM,2028,GenImage_test/ADM/test/ai/741_adm_7.PNG
127,ADM,2029,GenImage_test/ADM/test/ai/551_adm_174.PNG
127,ADM,2030,GenImage_test/ADM/test/nature/ILSVRC2012_val_00031063.JPEG
127,ADM,2031,GenImage_test/ADM/test/ai/359_adm_7.PNG
127,ADM,2032,GenImage_test/ADM/test/nature/ILSVRC2012_val_00015928.JPEG
127,ADM,2033,GenImage_test/ADM/test/nature/ILSVRC2012_val_00015141.JPEG
127,ADM,2034,GenImage_test/ADM/test/ai/783_adm_91.PNG
127,ADM,2035,GenImage_test/ADM/test/ai/282_adm_153.PNG
127,ADM,2036,GenImage_test/ADM/test/ai/690_adm_91.PNG
127,ADM,2037,GenImage_test/ADM/test/ai/247_adm_91.PNG
127,ADM,2038,GenImage_test/ADM/test/ai/655_adm_34.PNG
127,ADM,2039,GenImage_test/ADM/test/ai/183_adm_34.PNG
127,ADM,2040,GenImage_test/ADM/test/nature/ILSVRC2012_val_00019772.JPEG
127,ADM,2041,GenImage_test/ADM/test/ai/766_adm_153.PNG
127,ADM,2042,GenImage_test/ADM/test/nature/ILSVRC2012_val_00010491.JPEG
127,ADM,2043,GenImage_test/ADM/test/nature/ILSVRC2012_val_00047793.JPEG
128,ADM,2044,GenImage_test/ADM/test/ai/889_adm_34.PNG
128,ADM,2045,GenImage_test/ADM/test/ai/366_adm_85.PNG
128,ADM,2046,GenImage_test/ADM/test/nature/ILSVRC2012_val_00013126.JPEG
128,ADM,2047,GenImage_test/ADM/test/nature/ILSVRC2012_val_00029768.JPEG
128,ADM,2048,GenImage_test/ADM/test/ai/805_adm_7.PNG
128,ADM,2049,GenImage_test/ADM/test/nature/ILSVRC2012_val_00048510.JPEG
128,ADM,2050,GenImage_test/ADM/test/ai/311_adm_153.PNG
128,ADM,2051,GenImage_test/ADM/test/ai/99_adm_174.PNG
128,ADM,2052,GenImage_test/ADM/test/nature/ILSVRC2012_val_00007014.JPEG
128,ADM,2053,GenImage_test/ADM/test/ai/790_adm_153.PNG
128,ADM,2054,GenImage_test/ADM/test/ai/382_adm_174.PNG
128,ADM,2055,GenImage_test/ADM/test/ai/886_adm_85.PNG
128,ADM,2056,GenImage_test/ADM/test/nature/ILSVRC2012_val_00023042.JPEG
128,ADM,2057,GenImage_test/ADM/test/nature/ILSVRC2012_val_00031358.JPEG
128,ADM,2058,GenImage_test/ADM/test/ai/577_adm_153.PNG
128,ADM,2059,GenImage_test/ADM/test/ai/23_adm_85.PNG
129,ADM,2060,GenImage_test/ADM/test/ai/819_adm_91.PNG
129,ADM,2061,GenImage_test/ADM/test/ai/798_adm_174.PNG
129,ADM,2062,GenImage_test/ADM/test/nature/ILSVRC2012_val_00000721.JPEG
129,ADM,2063,GenImage_test/ADM/test/ai/487_adm_85.PNG
129,ADM,2064,GenImage_test/ADM/test/ai/200_adm_153.PNG
129,ADM,2065,GenImage_test/ADM/test/ai/611_adm_85.PNG
129,ADM,2066,GenImage_test/ADM/test/ai/935_adm_153.PNG
129,ADM,2067,GenImage_test/ADM/test/nature/ILSVRC2012_val_00028222.JPEG
129,ADM,2068,GenImage_test/ADM/test/nature/ILSVRC2012_val_00009153.JPEG
129,ADM,2069,GenImage_test/ADM/test/nature/ILSVRC2012_val_00005432.JPEG
129,ADM,2070,GenImage_test/ADM/test/ai/477_adm_174.PNG
129,ADM,2071,GenImage_test/ADM/test/ai/484_adm_91.PNG
129,ADM,2072,GenImage_test/ADM/test/nature/ILSVRC2012_val_00025604.JPEG
129,ADM,2073,GenImage_test/ADM/test/ai/652_adm_174.PNG
129,ADM,2074,GenImage_test/ADM/test/ai/261_adm_153.PNG
129,ADM,2075,GenImage_test/ADM/test/ai/789_adm_85.PNG
130,ADM,2076,GenImage_test/ADM/test/nature/ILSVRC2012_val_00015302.JPEG
130,ADM,2077,GenImage_test/ADM/test/nature/ILSVRC2012_val_00024201.JPEG
130,ADM,2078,GenImage_test/ADM/test/ai/4_adm_91.PNG
130,ADM,2079,GenImage_test/ADM/test/ai/515_adm_85.PNG
130,ADM,2080,GenImage_test/ADM/test/nature/ILSVRC2012_val_00049122.JPEG
130,ADM,2081,GenImage_test/ADM/test/ai/800_adm_153.PNG
130,ADM,2082,GenImage_test/ADM/test/nature/ILSVRC2012_val_00032377.JPEG
130,ADM,2083,GenImage_test/ADM/test/nature/ILSVRC2012_val_00041511.JPEG
130,ADM,2084,GenImage_test/ADM/test/nature/ILSVRC2012_val_00006733.JPEG
130,ADM,2085,GenImage_test/ADM/test/ai/807_adm_174.PNG
130,ADM,2086,GenImage_test/ADM/test/ai/58_adm_34.PNG
130,ADM,2087,GenImage_test/ADM/test/nature/ILSVRC2012_val_00037232.JPEG
130,ADM,2088,GenImage_test/ADM/test/ai/654_adm_34.PNG
130,ADM,2089,GenImage_test/ADM/test/ai/476_adm_174.PNG
130,ADM,2090,GenImage_test/ADM/test/ai/864_adm_34.PNG
130,ADM,2091,GenImage_test/ADM/test/ai/239_adm_91.PNG
131,ADM,2092,GenImage_test/ADM/test/nature/ILSVRC2012_val_00037549.JPEG
131,ADM,2093,GenImage_test/ADM/test/nature/ILSVRC2012_val_00003593.JPEG
131,ADM,2094,GenImage_test/ADM/test/nature/ILSVRC2012_val_00041216.JPEG
131,ADM,2095,GenImage_test/ADM/test/nature/ILSVRC2012_val_00025902.JPEG
131,ADM,2096,GenImage_test/ADM/test/nature/ILSVRC2012_val_00011202.JPEG
131,ADM,2097,GenImage_test/ADM/test/nature/ILSVRC2012_val_00033910.JPEG
131,ADM,2098,GenImage_test/ADM/test/nature/ILSVRC2012_val_00022834.JPEG
131,ADM,2099,GenImage_test/ADM/test/ai/498_adm_153.PNG
131,ADM,2100,GenImage_test/ADM/test/ai/989_adm_153.PNG
131,ADM,2101,GenImage_test/ADM/test/ai/537_adm_34.PNG
131,ADM,2102,GenImage_test/ADM/test/nature/ILSVRC2012_val_00007083.JPEG
131,ADM,2103,GenImage_test/ADM/test/ai/149_adm_34.PNG
131,ADM,2104,GenImage_test/ADM/test/nature/ILSVRC2012_val_00025199.JPEG
131,ADM,2105,GenImage_test/ADM/test/nature/ILSVRC2012_val_00027720.JPEG
131,ADM,2106,GenImage_test/ADM/test/ai/242_adm_91.PNG
131,ADM,2107,GenImage_test/ADM/test/nature/ILSVRC2012_val_00011819.JPEG
132,ADM,2108,GenImage_test/ADM/test/ai/751_adm_34.PNG
132,ADM,2109,GenImage_test/ADM/test/ai/506_adm_153.PNG
132,ADM,2110,GenImage_test/ADM/test/nature/ILSVRC2012_val_00015662.JPEG
132,ADM,2111,GenImage_test/ADM/test/nature/ILSVRC2012_val_00048845.JPEG
132,ADM,2112,GenImage_test/ADM/test/ai/427_adm_91.PNG
132,ADM,2113,GenImage_test/ADM/test/ai/744_adm_7.PNG
132,ADM,2114,GenImage_test/ADM/test/nature/ILSVRC2012_val_00007333.JPEG
132,ADM,2115,GenImage_test/ADM/test/ai/792_adm_174.PNG
132,ADM,2116,GenImage_test/ADM/test/nature/ILSVRC2012_val_00041336.JPEG
132,ADM,2117,GenImage_test/ADM/test/ai/518_adm_91.PNG
132,ADM,2118,GenImage_test/ADM/test/nature/ILSVRC2012_val_00025917.JPEG
132,ADM,2119,GenImage_test/ADM/test/ai/99_adm_34.PNG
132,ADM,2120,GenImage_test/ADM/test/nature/ILSVRC2012_val_00020693.JPEG
132,ADM,2121,GenImage_test/ADM/test/nature/ILSVRC2012_val_00040191.JPEG
132,ADM,2122,GenImage_test/ADM/test/nature/ILSVRC2012_val_00024925.JPEG
132,ADM,2123,GenImage_test/ADM/test/ai/755_adm_174.PNG
133,ADM,2124,GenImage_test/ADM/test/nature/ILSVRC2012_val_00035700.JPEG
133,ADM,2125,GenImage_test/ADM/test/nature/ILSVRC2012_val_00044685.JPEG
133,ADM,2126,GenImage_test/ADM/test/nature/ILSVRC2012_val_00042487.JPEG
133,ADM,2127,GenImage_test/ADM/test/ai/60_adm_34.PNG
133,ADM,2128,GenImage_test/ADM/test/ai/952_adm_85.PNG
133,ADM,2129,GenImage_test/ADM/test/nature/ILSVRC2012_val_00035010.JPEG
133,ADM,2130,GenImage_test/ADM/test/nature/ILSVRC2012_val_00043650.JPEG
133,ADM,2131,GenImage_test/ADM/test/ai/57_adm_153.PNG
133,ADM,2132,GenImage_test/ADM/test/ai/606_adm_34.PNG
133,ADM,2133,GenImage_test/ADM/test/ai/837_adm_174.PNG
133,ADM,2134,GenImage_test/ADM/test/nature/ILSVRC2012_val_00014585.JPEG
133,ADM,2135,GenImage_test/ADM/test/nature/ILSVRC2012_val_00020332.JPEG
133,ADM,2136,GenImage_test/ADM/test/nature/ILSVRC2012_val_00046028.JPEG
133,ADM,2137,GenImage_test/ADM/test/nature/ILSVRC2012_val_00040654.JPEG
133,ADM,2138,GenImage_test/ADM/test/ai/938_adm_85.PNG
133,ADM,2139,GenImage_test/ADM/test/nature/ILSVRC2012_val_00005463.JPEG
134,ADM,2140,GenImage_test/ADM/test/nature/ILSVRC2012_val_00034652.JPEG
134,ADM,2141,GenImage_test/ADM/test/nature/ILSVRC2012_val_00019622.JPEG
134,ADM,2142,GenImage_test/ADM/test/nature/ILSVRC2012_val_00049669.JPEG
134,ADM,2143,GenImage_test/ADM/test/nature/ILSVRC2012_val_00034849.JPEG
134,ADM,2144,GenImage_test/ADM/test/ai/525_adm_91.PNG
134,ADM,2145,GenImage_test/ADM/test/nature/ILSVRC2012_val_00018094.JPEG
134,ADM,2146,GenImage_test/ADM/test/ai/875_adm_85.PNG
134,ADM,2147,GenImage_test/ADM/test/nature/ILSVRC2012_val_00048373.JPEG
134,ADM,2148,GenImage_test/ADM/test/ai/147_adm_85.PNG
134,ADM,2149,GenImage_test/ADM/test/ai/460_adm_91.PNG
134,ADM,2150,GenImage_test/ADM/test/ai/365_adm_85.PNG
134,ADM,2151,GenImage_test/ADM/test/nature/ILSVRC2012_val_00030565.JPEG
134,ADM,2152,GenImage_test/ADM/test/nature/ILSVRC2012_val_00016390.JPEG
134,ADM,2153,GenImage_test/ADM/test/nature/ILSVRC2012_val_00030459.JPEG
134,ADM,2154,GenImage_test/ADM/test/ai/603_adm_85.PNG
134,ADM,2155,GenImage_test/ADM/test/ai/692_adm_85.PNG
135,ADM,2156,GenImage_test/ADM/test/nature/ILSVRC2012_val_00007998.JPEG
135,ADM,2157,GenImage_test/ADM/test/ai/441_adm_153.PNG
135,ADM,2158,GenImage_test/ADM/test/nature/ILSVRC2012_val_00041652.JPEG
135,ADM,2159,GenImage_test/ADM/test/nature/ILSVRC2012_val_00031726.JPEG
135,ADM,2160,GenImage_test/ADM/test/ai/980_adm_34.PNG
135,ADM,2161,GenImage_test/ADM/test/ai/96_adm_153.PNG
135,ADM,2162,GenImage_test/ADM/test/nature/ILSVRC2012_val_00017885.JPEG
135,ADM,2163,GenImage_test/ADM/test/nature/ILSVRC2012_val_00041067.JPEG
135,ADM,2164,GenImage_test/ADM/test/nature/ILSVRC2012_val_00039481.JPEG
135,ADM,2165,GenImage_test/ADM/test/ai/225_adm_174.PNG
135,ADM,2166,GenImage_test/ADM/test/nature/ILSVRC2012_val_00049301.JPEG
135,ADM,2167,GenImage_test/ADM/test/ai/574_adm_153.PNG
135,ADM,2168,GenImage_test/ADM/test/nature/ILSVRC2012_val_00034186.JPEG
135,ADM,2169,GenImage_test/ADM/test/ai/320_adm_85.PNG
135,ADM,2170,GenImage_test/ADM/test/ai/972_adm_174.PNG
135,ADM,2171,GenImage_test/ADM/test/ai/23_adm_91.PNG
136,ADM,2172,GenImage_test/ADM/test/ai/859_adm_85.PNG
136,ADM,2173,GenImage_test/ADM/test/ai/929_adm_7.PNG
136,ADM,2174,GenImage_test/ADM/test/ai/442_adm_34.PNG
136,ADM,2175,GenImage_test/ADM/test/ai/619_adm_34.PNG
136,ADM,2176,GenImage_test/ADM/test/nature/ILSVRC2012_val_00046103.JPEG
136,ADM,2177,GenImage_test/ADM/test/ai/255_adm_34.PNG
136,ADM,2178,GenImage_test/ADM/test/ai/370_adm_153.PNG
136,ADM,2179,GenImage_test/ADM/test/ai/270_adm_7.PNG
136,ADM,2180,GenImage_test/ADM/test/nature/ILSVRC2012_val_00017224.JPEG
136,ADM,2181,GenImage_test/ADM/test/nature/ILSVRC2012_val_00013225.JPEG
136,ADM,2182,GenImage_test/ADM/test/ai/403_adm_91.PNG
136,ADM,2183,GenImage_test/ADM/test/nature/ILSVRC2012_val_00047552.JPEG
136,ADM,2184,GenImage_test/ADM/test/nature/ILSVRC2012_val_00014709.JPEG
136,ADM,2185,GenImage_test/ADM/test/nature/ILSVRC2012_val_00030912.JPEG
136,ADM,2186,GenImage_test/ADM/test/nature/ILSVRC2012_val_00034820.JPEG
136,ADM,2187,GenImage_test/ADM/test/nature/ILSVRC2012_val_00045982.JPEG
137,ADM,2188,GenImage_test/ADM/test/nature/ILSVRC2012_val_00026881.JPEG
137,ADM,2189,GenImage_test/ADM/test/ai/234_adm_91.PNG
137,ADM,2190,GenImage_test/ADM/test/nature/ILSVRC2012_val_00022185.JPEG
137,ADM,2191,GenImage_test/ADM/test/ai/379_adm_153.PNG
137,ADM,2192,GenImage_test/ADM/test/ai/283_adm_34.PNG
137,ADM,2193,GenImage_test/ADM/test/nature/ILSVRC2012_val_00036041.JPEG
137,ADM,2194,GenImage_test/ADM/test/nature/ILSVRC2012_val_00004002.JPEG
137,ADM,2195,GenImage_test/ADM/test/ai/173_adm_7.PNG
137,ADM,2196,GenImage_test/ADM/test/ai/668_adm_34.PNG
137,ADM,2197,GenImage_test/ADM/test/ai/710_adm_34.PNG
137,ADM,2198,GenImage_test/ADM/test/nature/ILSVRC2012_val_00029099.JPEG
137,ADM,2199,GenImage_test/ADM/test/nature/ILSVRC2012_val_00029020.JPEG
137,ADM,2200,GenImage_test/ADM/test/ai/693_adm_153.PNG
137,ADM,2201,GenImage_test/ADM/test/nature/ILSVRC2012_val_00023992.JPEG
137,ADM,2202,GenImage_test/ADM/test/ai/978_adm_153.PNG
137,ADM,2203,GenImage_test/ADM/test/nature/ILSVRC2012_val_00041415.JPEG
138,ADM,2204,GenImage_test/ADM/test/ai/299_adm_174.PNG
138,ADM,2205,GenImage_test/ADM/test/ai/955_adm_34.PNG
138,ADM,2206,GenImage_test/ADM/test/nature/ILSVRC2012_val_00023729.JPEG
138,ADM,2207,GenImage_test/ADM/test/nature/ILSVRC2012_val_00045647.JPEG
138,ADM,2208,GenImage_test/ADM/test/nature/ILSVRC2012_val_00029084.JPEG
138,ADM,2209,GenImage_test/ADM/test/ai/971_adm_91.PNG
138,ADM,2210,GenImage_test/ADM/test/nature/ILSVRC2012_val_00003074.JPEG
138,ADM,2211,GenImage_test/ADM/test/nature/ILSVRC2012_val_00014912.JPEG
138,ADM,2212,GenImage_test/ADM/test/ai/128_adm_174.PNG
138,ADM,2213,GenImage_test/ADM/test/nature/ILSVRC2012_val_00004595.JPEG
138,ADM,2214,GenImage_test/ADM/test/nature/ILSVRC2012_val_00021562.JPEG
138,ADM,2215,GenImage_test/ADM/test/ai/896_adm_174.PNG
138,ADM,2216,GenImage_test/ADM/test/ai/927_adm_174.PNG
138,ADM,2217,GenImage_test/ADM/test/ai/519_adm_34.PNG
138,ADM,2218,GenImage_test/ADM/test/nature/ILSVRC2012_val_00038173.JPEG
138,ADM,2219,GenImage_test/ADM/test/ai/26_adm_85.PNG
139,ADM,2220,GenImage_test/ADM/test/nature/ILSVRC2012_val_00048864.JPEG
139,ADM,2221,GenImage_test/ADM/test/nature/ILSVRC2012_val_00022790.JPEG
139,ADM,2222,GenImage_test/ADM/test/ai/653_adm_34.PNG
139,ADM,2223,GenImage_test/ADM/test/ai/164_adm_174.PNG
139,ADM,2224,GenImage_test/ADM/test/nature/ILSVRC2012_val_00036126.JPEG
139,ADM,2225,GenImage_test/ADM/test/ai/406_adm_153.PNG
139,ADM,2226,GenImage_test/ADM/test/ai/764_adm_85.PNG
139,ADM,2227,GenImage_test/ADM/test/nature/ILSVRC2012_val_00038006.JPEG
139,ADM,2228,GenImage_test/ADM/test/ai/806_adm_7.PNG
139,ADM,2229,GenImage_test/ADM/test/ai/43_adm_7.PNG
139,ADM,2230,GenImage_test/ADM/test/ai/431_adm_153.PNG
139,ADM,2231,GenImage_test/ADM/test/nature/ILSVRC2012_val_00014652.JPEG
139,ADM,2232,GenImage_test/ADM/test/nature/ILSVRC2012_val_00006503.JPEG
139,ADM,2233,GenImage_test/ADM/test/ai/854_adm_91.PNG
139,ADM,2234,GenImage_test/ADM/test/ai/827_adm_34.PNG
139,ADM,2235,GenImage_test/ADM/test/nature/ILSVRC2012_val_00006721.JPEG
140,ADM,2236,GenImage_test/ADM/test/ai/469_adm_85.PNG
140,ADM,2237,GenImage_test/ADM/test/nature/ILSVRC2012_val_00043500.JPEG
140,ADM,2238,GenImage_test/ADM/test/ai/146_adm_91.PNG
140,ADM,2239,GenImage_test/ADM/test/ai/611_adm_153.PNG
140,ADM,2240,GenImage_test/ADM/test/nature/ILSVRC2012_val_00002128.JPEG
140,ADM,2241,GenImage_test/ADM/test/nature/ILSVRC2012_val_00010700.JPEG
140,ADM,2242,GenImage_test/ADM/test/nature/ILSVRC2012_val_00023621.JPEG
140,ADM,2243,GenImage_test/ADM/test/nature/ILSVRC2012_val_00043832.JPEG
140,ADM,2244,GenImage_test/ADM/test/ai/672_adm_153.PNG
140,ADM,2245,GenImage_test/ADM/test/ai/363_adm_7.PNG
140,ADM,2246,GenImage_test/ADM/test/nature/ILSVRC2012_val_00044937.JPEG
140,ADM,2247,GenImage_test/ADM/test/ai/87_adm_91.PNG
140,ADM,2248,GenImage_test/ADM/test/nature/ILSVRC2012_val_00045081.JPEG
140,ADM,2249,GenImage_test/ADM/test/nature/ILSVRC2012_val_00046157.JPEG
140,ADM,2250,GenImage_test/ADM/test/ai/704_adm_7.PNG
140,ADM,2251,GenImage_test/ADM/test/ai/135_adm_34.PNG
141,ADM,2252,GenImage_test/ADM/test/ai/686_adm_85.PNG
141,ADM,2253,GenImage_test/ADM/test/ai/945_adm_153.PNG
141,ADM,2254,GenImage_test/ADM/test/nature/ILSVRC2012_val_00031241.JPEG
141,ADM,2255,GenImage_test/ADM/test/ai/210_adm_91.PNG
141,ADM,2256,GenImage_test/ADM/test/nature/ILSVRC2012_val_00044244.JPEG
141,ADM,2257,GenImage_test/ADM/test/nature/ILSVRC2012_val_00018867.JPEG
141,ADM,2258,GenImage_test/ADM/test/ai/300_adm_91.PNG
141,ADM,2259,GenImage_test/ADM/test/nature/ILSVRC2012_val_00046655.JPEG
141,ADM,2260,GenImage_test/ADM/test/ai/85_adm_91.PNG
141,ADM,2261,GenImage_test/ADM/test/ai/21_adm_91.PNG
141,ADM,2262,GenImage_test/ADM/test/ai/418_adm_34.PNG
141,ADM,2263,GenImage_test/ADM/test/ai/70_adm_34.PNG
141,ADM,2264,GenImage_test/ADM/test/nature/ILSVRC2012_val_00009275.JPEG
141,ADM,2265,GenImage_test/ADM/test/nature/ILSVRC2012_val_00007966.JPEG
141,ADM,2266,GenImage_test/ADM/test/nature/ILSVRC2012_val_00018086.JPEG
141,ADM,2267,GenImage_test/ADM/test/ai/625_adm_91.PNG
142,ADM,2268,GenImage_test/ADM/test/nature/ILSVRC2012_val_00045057.JPEG
142,ADM,2269,GenImage_test/ADM/test/nature/ILSVRC2012_val_00017016.JPEG
142,ADM,2270,GenImage_test/ADM/test/ai/892_adm_7.PNG
142,ADM,2271,GenImage_test/ADM/test/ai/679_adm_34.PNG
142,ADM,2272,GenImage_test/ADM/test/ai/574_adm_174.PNG
142,ADM,2273,GenImage_test/ADM/test/nature/ILSVRC2012_val_00021204.JPEG
142,ADM,2274,GenImage_test/ADM/test/nature/ILSVRC2012_val_00001477.JPEG
142,ADM,2275,GenImage_test/ADM/test/nature/ILSVRC2012_val_00007367.JPEG
142,ADM,2276,GenImage_test/ADM/test/ai/140_adm_7.PNG
142,ADM,2277,GenImage_test/ADM/test/ai/505_adm_91.PNG
142,ADM,2278,GenImage_test/ADM/test/ai/509_adm_91.PNG
142,ADM,2279,GenImage_test/ADM/test/nature/ILSVRC2012_val_00015129.JPEG
142,ADM,2280,GenImage_test/ADM/test/ai/118_adm_85.PNG
142,ADM,2281,GenImage_test/ADM/test/ai/344_adm_153.PNG
142,ADM,2282,GenImage_test/ADM/test/nature/ILSVRC2012_val_00021190.JPEG
142,ADM,2283,GenImage_test/ADM/test/ai/428_adm_85.PNG
143,ADM,2284,GenImage_test/ADM/test/nature/ILSVRC2012_val_00049159.JPEG
143,ADM,2285,GenImage_test/ADM/test/nature/ILSVRC2012_val_00009165.JPEG
143,ADM,2286,GenImage_test/ADM/test/nature/ILSVRC2012_val_00002213.JPEG
143,ADM,2287,GenImage_test/ADM/test/nature/ILSVRC2012_val_00003804.JPEG
143,ADM,2288,GenImage_test/ADM/test/nature/ILSVRC2012_val_00008921.JPEG
143,ADM,2289,GenImage_test/ADM/test/nature/ILSVRC2012_val_00002417.JPEG
143,ADM,2290,GenImage_test/ADM/test/ai/533_adm_91.PNG
143,ADM,2291,GenImage_test/ADM/test/ai/71_adm_174.PNG
143,ADM,2292,GenImage_test/ADM/test/nature/ILSVRC2012_val_00015238.JPEG
143,ADM,2293,GenImage_test/ADM/test/nature/ILSVRC2012_val_00032367.JPEG
143,ADM,2294,GenImage_test/ADM/test/nature/ILSVRC2012_val_00015716.JPEG
143,ADM,2295,GenImage_test/ADM/test/ai/273_adm_34.PNG
143,ADM,2296,GenImage_test/ADM/test/ai/310_adm_153.PNG
143,ADM,2297,GenImage_test/ADM/test/ai/923_adm_91.PNG
143,ADM,2298,GenImage_test/ADM/test/nature/ILSVRC2012_val_00037951.JPEG
143,ADM,2299,GenImage_test/ADM/test/nature/ILSVRC2012_val_00005844.JPEG
144,ADM,2300,GenImage_test/ADM/test/nature/ILSVRC2012_val_00045429.JPEG
144,ADM,2301,GenImage_test/ADM/test/ai/527_adm_91.PNG
144,ADM,2302,GenImage_test/ADM/test/nature/ILSVRC2012_val_00005674.JPEG
144,ADM,2303,GenImage_test/ADM/test/ai/172_adm_85.PNG
144,ADM,2304,GenImage_test/ADM/test/nature/ILSVRC2012_val_00014875.JPEG
144,ADM,2305,GenImage_test/ADM/test/nature/ILSVRC2012_val_00022499.JPEG
144,ADM,2306,GenImage_test/ADM/test/ai/301_adm_91.PNG
144,ADM,2307,GenImage_test/ADM/test/ai/338_adm_34.PNG
144,ADM,2308,GenImage_test/ADM/test/nature/ILSVRC2012_val_00038121.JPEG
144,ADM,2309,GenImage_test/ADM/test/nature/ILSVRC2012_val_00037615.JPEG
144,ADM,2310,GenImage_test/ADM/test/ai/955_adm_153.PNG
144,ADM,2311,GenImage_test/ADM/test/nature/ILSVRC2012_val_00028497.JPEG
144,ADM,2312,GenImage_test/ADM/test/nature/ILSVRC2012_val_00025023.JPEG
144,ADM,2313,GenImage_test/ADM/test/nature/ILSVRC2012_val_00000042.JPEG
144,ADM,2314,GenImage_test/ADM/test/nature/ILSVRC2012_val_00037005.JPEG
144,ADM,2315,GenImage_test/ADM/test/nature/ILSVRC2012_val_00026967.JPEG
145,ADM,2316,GenImage_test/ADM/test/nature/ILSVRC2012_val_00000543.JPEG
145,ADM,2317,GenImage_test/ADM/test/nature/ILSVRC2012_val_00025481.JPEG
145,ADM,2318,GenImage_test/ADM/test/ai/423_adm_85.PNG
145,ADM,2319,GenImage_test/ADM/test/ai/585_adm_85.PNG
145,ADM,2320,GenImage_test/ADM/test/nature/ILSVRC2012_val_00023728.JPEG
145,ADM,2321,GenImage_test/ADM/test/ai/407_adm_7.PNG
145,ADM,2322,GenImage_test/ADM/test/nature/ILSVRC2012_val_00032954.JPEG
145,ADM,2323,GenImage_test/ADM/test/ai/518_adm_34.PNG
145,ADM,2324,GenImage_test/ADM/test/nature/ILSVRC2012_val_00035885.JPEG
145,ADM,2325,GenImage_test/ADM/test/nature/ILSVRC2012_val_00024978.JPEG
145,ADM,2326,GenImage_test/ADM/test/nature/ILSVRC2012_val_00009378.JPEG
145,ADM,2327,GenImage_test/ADM/test/nature/ILSVRC2012_val_00017228.JPEG
145,ADM,2328,GenImage_test/ADM/test/ai/560_adm_7.PNG
145,ADM,2329,GenImage_test/ADM/test/ai/919_adm_7.PNG
145,ADM,2330,GenImage_test/ADM/test/ai/147_adm_174.PNG
145,ADM,2331,GenImage_test/ADM/test/nature/ILSVRC2012_val_00003204.JPEG
146,ADM,2332,GenImage_test/ADM/test/ai/745_adm_34.PNG
146,ADM,2333,GenImage_test/ADM/test/ai/783_adm_153.PNG
146,ADM,2334,GenImage_test/ADM/test/nature/ILSVRC2012_val_00034984.JPEG
146,ADM,2335,GenImage_test/ADM/test/nature/ILSVRC2012_val_00002887.JPEG
146,ADM,2336,GenImage_test/ADM/test/ai/369_adm_85.PNG
146,ADM,2337,GenImage_test/ADM/test/ai/564_adm_174.PNG
146,ADM,2338,GenImage_test/ADM/test/nature/ILSVRC2012_val_00024770.JPEG
146,ADM,2339,GenImage_test/ADM/test/nature/ILSVRC2012_val_00003027.JPEG
146,ADM,2340,GenImage_test/ADM/test/ai/760_adm_153.PNG
146,ADM,2341,GenImage_test/ADM/test/ai/476_adm_34.PNG
146,ADM,2342,GenImage_test/ADM/test/nature/ILSVRC2012_val_00038861.JPEG
146,ADM,2343,GenImage_test/ADM/test/nature/ILSVRC2012_val_00025419.JPEG
146,ADM,2344,GenImage_test/ADM/test/nature/ILSVRC2012_val_00005648.JPEG
146,ADM,2345,GenImage_test/ADM/test/nature/ILSVRC2012_val_00035367.JPEG
146,ADM,2346,GenImage_test/ADM/test/ai/799_adm_153.PNG
146,ADM,2347,GenImage_test/ADM/test/nature/ILSVRC2012_val_00007927.JPEG
147,ADM,2348,GenImage_test/ADM/test/nature/ILSVRC2012_val_00009538.JPEG
147,ADM,2349,GenImage_test/ADM/test/nature/ILSVRC2012_val_00042911.JPEG
147,ADM,2350,GenImage_test/ADM/test/nature/ILSVRC2012_val_00001822.JPEG
147,ADM,2351,GenImage_test/ADM/test/nature/ILSVRC2012_val_00002082.JPEG
147,ADM,2352,GenImage_test/ADM/test/nature/ILSVRC2012_val_00026202.JPEG
147,ADM,2353,GenImage_test/ADM/test/nature/ILSVRC2012_val_00042989.JPEG
147,ADM,2354,GenImage_test/ADM/test/nature/ILSVRC2012_val_00020196.JPEG
147,ADM,2355,GenImage_test/ADM/test/ai/181_adm_85.PNG
147,ADM,2356,GenImage_test/ADM/test/ai/712_adm_85.PNG
147,ADM,2357,GenImage_test/ADM/test/nature/ILSVRC2012_val_00003917.JPEG
147,ADM,2358,GenImage_test/ADM/test/nature/ILSVRC2012_val_00005754.JPEG
147,ADM,2359,GenImage_test/ADM/test/ai/371_adm_34.PNG
147,ADM,2360,GenImage_test/ADM/test/nature/ILSVRC2012_val_00023740.JPEG
147,ADM,2361,GenImage_test/ADM/test/nature/ILSVRC2012_val_00018779.JPEG
147,ADM,2362,GenImage_test/ADM/test/ai/808_adm_153.PNG
147,ADM,2363,GenImage_test/ADM/test/ai/627_adm_34.PNG
148,ADM,2364,GenImage_test/ADM/test/ai/642_adm_7.PNG
148,ADM,2365,GenImage_test/ADM/test/nature/ILSVRC2012_val_00008820.JPEG
148,ADM,2366,GenImage_test/ADM/test/nature/ILSVRC2012_val_00049469.JPEG
148,ADM,2367,GenImage_test/ADM/test/ai/895_adm_174.PNG
148,ADM,2368,GenImage_test/ADM/test/ai/938_adm_91.PNG
148,ADM,2369,GenImage_test/ADM/test/ai/669_adm_34.PNG
148,ADM,2370,GenImage_test/ADM/test/nature/ILSVRC2012_val_00032612.JPEG
148,ADM,2371,GenImage_test/ADM/test/nature/ILSVRC2012_val_00025383.JPEG
148,ADM,2372,GenImage_test/ADM/test/nature/ILSVRC2012_val_00046624.JPEG
148,ADM,2373,GenImage_test/ADM/test/nature/ILSVRC2012_val_00014970.JPEG
148,ADM,2374,GenImage_test/ADM/test/nature/ILSVRC2012_val_00003715.JPEG
148,ADM,2375,GenImage_test/ADM/test/nature/ILSVRC2012_val_00000881.JPEG
148,ADM,2376,GenImage_test/ADM/test/nature/ILSVRC2012_val_00017498.JPEG
148,ADM,2377,GenImage_test/ADM/test/ai/652_adm_153.PNG
148,ADM,2378,GenImage_test/ADM/test/ai/79_adm_85.PNG
148,ADM,2379,GenImage_test/ADM/test/ai/354_adm_34.PNG
149,ADM,2380,GenImage_test/ADM/test/ai/51_adm_34.PNG
149,ADM,2381,GenImage_test/ADM/test/ai/255_adm_153.PNG
149,ADM,2382,GenImage_test/ADM/test/ai/290_adm_91.PNG
149,ADM,2383,GenImage_test/ADM/test/ai/165_adm_174.PNG
149,ADM,2384,GenImage_test/ADM/test/nature/ILSVRC2012_val_00027274.JPEG
149,ADM,2385,GenImage_test/ADM/test/nature/ILSVRC2012_val_00040110.JPEG
149,ADM,2386,GenImage_test/ADM/test/nature/ILSVRC2012_val_00026102.JPEG
149,ADM,2387,GenImage_test/ADM/test/ai/211_adm_174.PNG
149,ADM,2388,GenImage_test/ADM/test/nature/ILSVRC2012_val_00006737.JPEG
149,ADM,2389,GenImage_test/ADM/test/ai/353_adm_174.PNG
149,ADM,2390,GenImage_test/ADM/test/ai/779_adm_153.PNG
149,ADM,2391,GenImage_test/ADM/test/ai/719_adm_153.PNG
149,ADM,2392,GenImage_test/ADM/test/ai/902_adm_34.PNG
149,ADM,2393,GenImage_test/ADM/test/nature/ILSVRC2012_val_00007576.JPEG
149,ADM,2394,GenImage_test/ADM/test/nature/ILSVRC2012_val_00037368.JPEG
149,ADM,2395,GenImage_test/ADM/test/ai/762_adm_7.PNG
150,ADM,2396,GenImage_test/ADM/test/ai/162_adm_174.PNG
150,ADM,2397,GenImage_test/ADM/test/nature/ILSVRC2012_val_00021564.JPEG
150,ADM,2398,GenImage_test/ADM/test/ai/739_adm_34.PNG
150,ADM,2399,GenImage_test/ADM/test/nature/ILSVRC2012_val_00019059.JPEG
150,ADM,2400,GenImage_test/ADM/test/ai/680_adm_153.PNG
150,ADM,2401,GenImage_test/ADM/test/nature/ILSVRC2012_val_00012832.JPEG
150,ADM,2402,GenImage_test/ADM/test/ai/622_adm_34.PNG
150,ADM,2403,GenImage_test/ADM/test/nature/ILSVRC2012_val_00034722.JPEG
150,ADM,2404,GenImage_test/ADM/test/ai/555_adm_85.PNG
150,ADM,2405,GenImage_test/ADM/test/ai/716_adm_91.PNG
150,ADM,2406,GenImage_test/ADM/test/nature/ILSVRC2012_val_00033466.JPEG
150,ADM,2407,GenImage_test/ADM/test/ai/627_adm_91.PNG
150,ADM,2408,GenImage_test/ADM/test/nature/ILSVRC2012_val_00015295.JPEG
150,ADM,2409,GenImage_test/ADM/test/nature/ILSVRC2012_val_00044525.JPEG
150,ADM,2410,GenImage_test/ADM/test/nature/ILSVRC2012_val_00034372.JPEG
150,ADM,2411,GenImage_test/ADM/test/ai/619_adm_85.PNG
151,ADM,2412,GenImage_test/ADM/test/nature/ILSVRC2012_val_00026612.JPEG
151,ADM,2413,GenImage_test/ADM/test/ai/624_adm_91.PNG
151,ADM,2414,GenImage_test/ADM/test/nature/ILSVRC2012_val_00043305.JPEG
151,ADM,2415,GenImage_test/ADM/test/nature/ILSVRC2012_val_00044618.JPEG
151,ADM,2416,GenImage_test/ADM/test/ai/377_adm_34.PNG
151,ADM,2417,GenImage_test/ADM/test/nature/ILSVRC2012_val_00012385.JPEG
151,ADM,2418,GenImage_test/ADM/test/ai/136_adm_91.PNG
151,ADM,2419,GenImage_test/ADM/test/nature/ILSVRC2012_val_00030919.JPEG
151,ADM,2420,GenImage_test/ADM/test/nature/ILSVRC2012_val_00036355.JPEG
151,ADM,2421,GenImage_test/ADM/test/nature/ILSVRC2012_val_00015992.JPEG
151,ADM,2422,GenImage_test/ADM/test/nature/ILSVRC2012_val_00021582.JPEG
151,ADM,2423,GenImage_test/ADM/test/ai/765_adm_153.PNG
151,ADM,2424,GenImage_test/ADM/test/ai/90_adm_7.PNG
151,ADM,2425,GenImage_test/ADM/test/nature/ILSVRC2012_val_00042338.JPEG
151,ADM,2426,GenImage_test/ADM/test/ai/795_adm_153.PNG
151,ADM,2427,GenImage_test/ADM/test/nature/ILSVRC2012_val_00046330.JPEG
152,ADM,2428,GenImage_test/ADM/test/ai/523_adm_91.PNG
152,ADM,2429,GenImage_test/ADM/test/ai/282_adm_174.PNG
152,ADM,2430,GenImage_test/ADM/test/nature/ILSVRC2012_val_00024958.JPEG
152,ADM,2431,GenImage_test/ADM/test/ai/990_adm_7.PNG
152,ADM,2432,GenImage_test/ADM/test/ai/524_adm_85.PNG
152,ADM,2433,GenImage_test/ADM/test/nature/ILSVRC2012_val_00024171.JPEG
152,ADM,2434,GenImage_test/ADM/test/ai/220_adm_85.PNG
152,ADM,2435,GenImage_test/ADM/test/nature/ILSVRC2012_val_00049256.JPEG
152,ADM,2436,GenImage_test/ADM/test/ai/304_adm_174.PNG
152,ADM,2437,GenImage_test/ADM/test/ai/789_adm_174.PNG
152,ADM,2438,GenImage_test/ADM/test/ai/477_adm_91.PNG
152,ADM,2439,GenImage_test/ADM/test/ai/419_adm_153.PNG
152,ADM,2440,GenImage_test/ADM/test/ai/182_adm_34.PNG
152,ADM,2441,GenImage_test/ADM/test/nature/ILSVRC2012_val_00041603.JPEG
152,ADM,2442,GenImage_test/ADM/test/nature/ILSVRC2012_val_00013797.JPEG
152,ADM,2443,GenImage_test/ADM/test/ai/12_adm_91.PNG
153,ADM,2444,GenImage_test/ADM/test/ai/2_adm_153.PNG
153,ADM,2445,GenImage_test/ADM/test/nature/ILSVRC2012_val_00039195.JPEG
153,ADM,2446,GenImage_test/ADM/test/nature/ILSVRC2012_val_00039926.JPEG
153,ADM,2447,GenImage_test/ADM/test/ai/915_adm_153.PNG
153,ADM,2448,GenImage_test/ADM/test/ai/752_adm_34.PNG
153,ADM,2449,GenImage_test/ADM/test/nature/ILSVRC2012_val_00018396.JPEG
153,ADM,2450,GenImage_test/ADM/test/ai/692_adm_174.PNG
153,ADM,2451,GenImage_test/ADM/test/ai/777_adm_34.PNG
153,ADM,2452,GenImage_test/ADM/test/ai/273_adm_153.PNG
153,ADM,2453,GenImage_test/ADM/test/ai/922_adm_7.PNG
153,ADM,2454,GenImage_test/ADM/test/nature/ILSVRC2012_val_00025907.JPEG
153,ADM,2455,GenImage_test/ADM/test/ai/433_adm_7.PNG
153,ADM,2456,GenImage_test/ADM/test/nature/ILSVRC2012_val_00032047.JPEG
153,ADM,2457,GenImage_test/ADM/test/nature/ILSVRC2012_val_00025660.JPEG
153,ADM,2458,GenImage_test/ADM/test/nature/ILSVRC2012_val_00033435.JPEG
153,ADM,2459,GenImage_test/ADM/test/nature/ILSVRC2012_val_00040258.JPEG
154,ADM,2460,GenImage_test/ADM/test/ai/505_adm_7.PNG
154,ADM,2461,GenImage_test/ADM/test/nature/ILSVRC2012_val_00007694.JPEG
154,ADM,2462,GenImage_test/ADM/test/nature/ILSVRC2012_val_00010185.JPEG
154,ADM,2463,GenImage_test/ADM/test/nature/ILSVRC2012_val_00004083.JPEG
154,ADM,2464,GenImage_test/ADM/test/nature/ILSVRC2012_val_00041531.JPEG
154,ADM,2465,GenImage_test/ADM/test/ai/71_adm_34.PNG
154,ADM,2466,GenImage_test/ADM/test/nature/ILSVRC2012_val_00019765.JPEG
154,ADM,2467,GenImage_test/ADM/test/ai/229_adm_34.PNG
154,ADM,2468,GenImage_test/ADM/test/nature/ILSVRC2012_val_00036831.JPEG
154,ADM,2469,GenImage_test/ADM/test/nature/ILSVRC2012_val_00021871.JPEG
154,ADM,2470,GenImage_test/ADM/test/ai/572_adm_174.PNG
154,ADM,2471,GenImage_test/ADM/test/nature/ILSVRC2012_val_00025759.JPEG
154,ADM,2472,GenImage_test/ADM/test/ai/155_adm_91.PNG
154,ADM,2473,GenImage_test/ADM/test/nature/ILSVRC2012_val_00018018.JPEG
154,ADM,2474,GenImage_test/ADM/test/ai/976_adm_153.PNG
154,ADM,2475,GenImage_test/ADM/test/nature/ILSVRC2012_val_00016745.JPEG
155,ADM,2476,GenImage_test/ADM/test/nature/ILSVRC2012_val_00047065.JPEG
155,ADM,2477,GenImage_test/ADM/test/nature/ILSVRC2012_val_00043300.JPEG
155,ADM,2478,GenImage_test/ADM/test/ai/264_adm_85.PNG
155,ADM,2479,GenImage_test/ADM/test/ai/251_adm_7.PNG
155,ADM,2480,GenImage_test/ADM/test/nature/ILSVRC2012_val_00042917.JPEG
155,ADM,2481,GenImage_test/ADM/test/nature/ILSVRC2012_val_00021544.JPEG
155,ADM,2482,GenImage_test/ADM/test/ai/623_adm_174.PNG
155,ADM,2483,GenImage_test/ADM/test/nature/ILSVRC2012_val_00041025.JPEG
155,ADM,2484,GenImage_test/ADM/test/ai/341_adm_174.PNG
155,ADM,2485,GenImage_test/ADM/test/ai/525_adm_85.PNG
155,ADM,2486,GenImage_test/ADM/test/ai/117_adm_34.PNG
155,ADM,2487,GenImage_test/ADM/test/ai/589_adm_7.PNG
155,ADM,2488,GenImage_test/ADM/test/ai/515_adm_34.PNG
155,ADM,2489,GenImage_test/ADM/test/ai/156_adm_34.PNG
155,ADM,2490,GenImage_test/ADM/test/ai/762_adm_34.PNG
155,ADM,2491,GenImage_test/ADM/test/ai/783_adm_7.PNG
156,ADM,2492,GenImage_test/ADM/test/nature/ILSVRC2012_val_00007538.JPEG
156,ADM,2493,GenImage_test/ADM/test/ai/368_adm_7.PNG
156,ADM,2494,GenImage_test/ADM/test/nature/ILSVRC2012_val_00026815.JPEG
156,ADM,2495,GenImage_test/ADM/test/nature/ILSVRC2012_val_00049164.JPEG
156,ADM,2496,GenImage_test/ADM/test/ai/907_adm_174.PNG
156,ADM,2497,GenImage_test/ADM/test/ai/729_adm_153.PNG
156,ADM,2498,GenImage_test/ADM/test/ai/946_adm_174.PNG
156,ADM,2499,GenImage_test/ADM/test/ai/557_adm_34.PNG
156,ADM,2500,GenImage_test/ADM/test/nature/ILSVRC2012_val_00004926.JPEG
156,ADM,2501,GenImage_test/ADM/test/nature/ILSVRC2012_val_00032466.JPEG
156,ADM,2502,GenImage_test/ADM/test/nature/ILSVRC2012_val_00037039.JPEG
156,ADM,2503,GenImage_test/ADM/test/nature/ILSVRC2012_val_00047539.JPEG
156,ADM,2504,GenImage_test/ADM/test/nature/ILSVRC2012_val_00022310.JPEG
156,ADM,2505,GenImage_test/ADM/test/ai/765_adm_7.PNG
156,ADM,2506,GenImage_test/ADM/test/nature/ILSVRC2012_val_00013560.JPEG
156,ADM,2507,GenImage_test/ADM/test/nature/ILSVRC2012_val_00047367.JPEG
157,ADM,2508,GenImage_test/ADM/test/ai/554_adm_91.PNG
157,ADM,2509,GenImage_test/ADM/test/nature/ILSVRC2012_val_00009869.JPEG
157,ADM,2510,GenImage_test/ADM/test/ai/792_adm_91.PNG
157,ADM,2511,GenImage_test/ADM/test/ai/148_adm_34.PNG
157,ADM,2512,GenImage_test/ADM/test/nature/ILSVRC2012_val_00037782.JPEG
157,ADM,2513,GenImage_test/ADM/test/ai/767_adm_85.PNG
157,ADM,2514,GenImage_test/ADM/test/ai/397_adm_85.PNG
157,ADM,2515,GenImage_test/ADM/test/nature/ILSVRC2012_val_00029285.JPEG
157,ADM,2516,GenImage_test/ADM/test/nature/ILSVRC2012_val_00001281.JPEG
157,ADM,2517,GenImage_test/ADM/test/nature/ILSVRC2012_val_00040103.JPEG
157,ADM,2518,GenImage_test/ADM/test/nature/ILSVRC2012_val_00009713.JPEG
157,ADM,2519,GenImage_test/ADM/test/nature/ILSVRC2012_val_00011803.JPEG
157,ADM,2520,GenImage_test/ADM/test/ai/644_adm_174.PNG
157,ADM,2521,GenImage_test/ADM/test/nature/ILSVRC2012_val_00005958.JPEG
157,ADM,2522,GenImage_test/ADM/test/ai/909_adm_7.PNG
157,ADM,2523,GenImage_test/ADM/test/nature/ILSVRC2012_val_00049660.JPEG
158,ADM,2524,GenImage_test/ADM/test/nature/ILSVRC2012_val_00024127.JPEG
158,ADM,2525,GenImage_test/ADM/test/nature/ILSVRC2012_val_00031502.JPEG
158,ADM,2526,GenImage_test/ADM/test/nature/ILSVRC2012_val_00046736.JPEG
158,ADM,2527,GenImage_test/ADM/test/nature/ILSVRC2012_val_00030196.JPEG
158,ADM,2528,GenImage_test/ADM/test/nature/ILSVRC2012_val_00010814.JPEG
158,ADM,2529,GenImage_test/ADM/test/nature/ILSVRC2012_val_00024784.JPEG
158,ADM,2530,GenImage_test/ADM/test/ai/489_adm_174.PNG
158,ADM,2531,GenImage_test/ADM/test/ai/545_adm_85.PNG
158,ADM,2532,GenImage_test/ADM/test/nature/ILSVRC2012_val_00013341.JPEG
158,ADM,2533,GenImage_test/ADM/test/nature/ILSVRC2012_val_00044593.JPEG
158,ADM,2534,GenImage_test/ADM/test/nature/ILSVRC2012_val_00018672.JPEG
158,ADM,2535,GenImage_test/ADM/test/ai/559_adm_91.PNG
158,ADM,2536,GenImage_test/ADM/test/nature/ILSVRC2012_val_00028604.JPEG
158,ADM,2537,GenImage_test/ADM/test/nature/ILSVRC2012_val_00040886.JPEG
158,ADM,2538,GenImage_test/ADM/test/ai/606_adm_91.PNG
158,ADM,2539,GenImage_test/ADM/test/nature/ILSVRC2012_val_00021760.JPEG
159,ADM,2540,GenImage_test/ADM/test/ai/168_adm_7.PNG
159,ADM,2541,GenImage_test/ADM/test/ai/73_adm_85.PNG
159,ADM,2542,GenImage_test/ADM/test/ai/979_adm_91.PNG
159,ADM,2543,GenImage_test/ADM/test/ai/433_adm_153.PNG
159,ADM,2544,GenImage_test/ADM/test/nature/ILSVRC2012_val_00047412.JPEG
159,ADM,2545,GenImage_test/ADM/test/nature/ILSVRC2012_val_00002643.JPEG
159,ADM,2546,GenImage_test/ADM/test/nature/ILSVRC2012_val_00018553.JPEG
159,ADM,2547,GenImage_test/ADM/test/ai/459_adm_153.PNG
159,ADM,2548,GenImage_test/ADM/test/nature/ILSVRC2012_val_00005699.JPEG
159,ADM,2549,GenImage_test/ADM/test/ai/775_adm_174.PNG
159,ADM,2550,GenImage_test/ADM/test/ai/95_adm_153.PNG
159,ADM,2551,GenImage_test/ADM/test/ai/178_adm_91.PNG
159,ADM,2552,GenImage_test/ADM/test/ai/393_adm_91.PNG
159,ADM,2553,GenImage_test/ADM/test/ai/501_adm_153.PNG
159,ADM,2554,GenImage_test/ADM/test/nature/ILSVRC2012_val_00001874.JPEG
159,ADM,2555,GenImage_test/ADM/test/ai/502_adm_174.PNG
160,ADM,2556,GenImage_test/ADM/test/ai/826_adm_153.PNG
160,ADM,2557,GenImage_test/ADM/test/nature/ILSVRC2012_val_00009602.JPEG
160,ADM,2558,GenImage_test/ADM/test/ai/764_adm_153.PNG
160,ADM,2559,GenImage_test/ADM/test/ai/280_adm_91.PNG
160,ADM,2560,GenImage_test/ADM/test/ai/610_adm_34.PNG
160,ADM,2561,GenImage_test/ADM/test/nature/ILSVRC2012_val_00001953.JPEG
160,ADM,2562,GenImage_test/ADM/test/ai/836_adm_153.PNG
160,ADM,2563,GenImage_test/ADM/test/ai/346_adm_34.PNG
160,ADM,2564,GenImage_test/ADM/test/ai/930_adm_7.PNG
160,ADM,2565,GenImage_test/ADM/test/nature/ILSVRC2012_val_00032887.JPEG
160,ADM,2566,GenImage_test/ADM/test/ai/816_adm_174.PNG
160,ADM,2567,GenImage_test/ADM/test/nature/ILSVRC2012_val_00049185.JPEG
160,ADM,2568,GenImage_test/ADM/test/nature/ILSVRC2012_val_00024596.JPEG
160,ADM,2569,GenImage_test/ADM/test/nature/ILSVRC2012_val_00035341.JPEG
160,ADM,2570,GenImage_test/ADM/test/ai/398_adm_85.PNG
160,ADM,2571,GenImage_test/ADM/test/nature/ILSVRC2012_val_00031882.JPEG
161,ADM,2572,GenImage_test/ADM/test/ai/958_adm_7.PNG
161,ADM,2573,GenImage_test/ADM/test/nature/ILSVRC2012_val_00008399.JPEG
161,ADM,2574,GenImage_test/ADM/test/nature/ILSVRC2012_val_00041968.JPEG
161,ADM,2575,GenImage_test/ADM/test/ai/318_adm_34.PNG
161,ADM,2576,GenImage_test/ADM/test/ai/921_adm_153.PNG
161,ADM,2577,GenImage_test/ADM/test/ai/744_adm_91.PNG
161,ADM,2578,GenImage_test/ADM/test/ai/319_adm_91.PNG
161,ADM,2579,GenImage_test/ADM/test/ai/435_adm_174.PNG
161,ADM,2580,GenImage_test/ADM/test/ai/643_adm_153.PNG
161,ADM,2581,GenImage_test/ADM/test/ai/854_adm_7.PNG
161,ADM,2582,GenImage_test/ADM/test/nature/ILSVRC2012_val_00029309.JPEG
161,ADM,2583,GenImage_test/ADM/test/ai/818_adm_153.PNG
161,ADM,2584,GenImage_test/ADM/test/ai/323_adm_174.PNG
161,ADM,2585,GenImage_test/ADM/test/ai/645_adm_91.PNG
161,ADM,2586,GenImage_test/ADM/test/nature/ILSVRC2012_val_00044702.JPEG
161,ADM,2587,GenImage_test/ADM/test/nature/ILSVRC2012_val_00023966.JPEG
162,ADM,2588,GenImage_test/ADM/test/ai/420_adm_34.PNG
162,ADM,2589,GenImage_test/ADM/test/ai/87_adm_34.PNG
162,ADM,2590,GenImage_test/ADM/test/nature/ILSVRC2012_val_00001838.JPEG
162,ADM,2591,GenImage_test/ADM/test/ai/305_adm_7.PNG
162,ADM,2592,GenImage_test/ADM/test/nature/ILSVRC2012_val_00013955.JPEG
162,ADM,2593,GenImage_test/ADM/test/ai/79_adm_91.PNG
162,ADM,2594,GenImage_test/ADM/test/ai/84_adm_85.PNG
162,ADM,2595,GenImage_test/ADM/test/ai/576_adm_153.PNG
162,ADM,2596,GenImage_test/ADM/test/ai/590_adm_34.PNG
162,ADM,2597,GenImage_test/ADM/test/nature/ILSVRC2012_val_00043972.JPEG
162,ADM,2598,GenImage_test/ADM/test/nature/ILSVRC2012_val_00038008.JPEG
162,ADM,2599,GenImage_test/ADM/test/nature/ILSVRC2012_val_00033569.JPEG
162,ADM,2600,GenImage_test/ADM/test/ai/948_adm_91.PNG
162,ADM,2601,GenImage_test/ADM/test/nature/ILSVRC2012_val_00018634.JPEG
162,ADM,2602,GenImage_test/ADM/test/nature/ILSVRC2012_val_00043452.JPEG
162,ADM,2603,GenImage_test/ADM/test/nature/ILSVRC2012_val_00025539.JPEG
163,ADM,2604,GenImage_test/ADM/test/ai/390_adm_34.PNG
163,ADM,2605,GenImage_test/ADM/test/nature/ILSVRC2012_val_00015885.JPEG
163,ADM,2606,GenImage_test/ADM/test/ai/852_adm_153.PNG
163,ADM,2607,GenImage_test/ADM/test/nature/ILSVRC2012_val_00044569.JPEG
163,ADM,2608,GenImage_test/ADM/test/ai/975_adm_153.PNG
163,ADM,2609,GenImage_test/ADM/test/ai/920_adm_7.PNG
163,ADM,2610,GenImage_test/ADM/test/nature/ILSVRC2012_val_00031393.JPEG
163,ADM,2611,GenImage_test/ADM/test/ai/974_adm_174.PNG
163,ADM,2612,GenImage_test/ADM/test/ai/13_adm_7.PNG
163,ADM,2613,GenImage_test/ADM/test/ai/41_adm_91.PNG
163,ADM,2614,GenImage_test/ADM/test/ai/599_adm_7.PNG
163,ADM,2615,GenImage_test/ADM/test/ai/279_adm_85.PNG
163,ADM,2616,GenImage_test/ADM/test/ai/497_adm_174.PNG
163,ADM,2617,GenImage_test/ADM/test/nature/ILSVRC2012_val_00028867.JPEG
163,ADM,2618,GenImage_test/ADM/test/nature/ILSVRC2012_val_00013886.JPEG
163,ADM,2619,GenImage_test/ADM/test/nature/ILSVRC2012_val_00049340.JPEG
164,ADM,2620,GenImage_test/ADM/test/nature/ILSVRC2012_val_00039043.JPEG
164,ADM,2621,GenImage_test/ADM/test/nature/ILSVRC2012_val_00012172.JPEG
164,ADM,2622,GenImage_test/ADM/test/nature/ILSVRC2012_val_00033116.JPEG
164,ADM,2623,GenImage_test/ADM/test/ai/554_adm_153.PNG
164,ADM,2624,GenImage_test/ADM/test/ai/965_adm_91.PNG
164,ADM,2625,GenImage_test/ADM/test/ai/227_adm_153.PNG
164,ADM,2626,GenImage_test/ADM/test/ai/40_adm_34.PNG
164,ADM,2627,GenImage_test/ADM/test/nature/ILSVRC2012_val_00031259.JPEG
164,ADM,2628,GenImage_test/ADM/test/nature/ILSVRC2012_val_00014277.JPEG
164,ADM,2629,GenImage_test/ADM/test/ai/448_adm_85.PNG
164,ADM,2630,GenImage_test/ADM/test/ai/237_adm_174.PNG
164,ADM,2631,GenImage_test/ADM/test/ai/183_adm_174.PNG
164,ADM,2632,GenImage_test/ADM/test/ai/926_adm_34.PNG
164,ADM,2633,GenImage_test/ADM/test/ai/431_adm_85.PNG
164,ADM,2634,GenImage_test/ADM/test/ai/570_adm_174.PNG
164,ADM,2635,GenImage_test/ADM/test/ai/233_adm_7.PNG
165,ADM,2636,GenImage_test/ADM/test/nature/ILSVRC2012_val_00045817.JPEG
165,ADM,2637,GenImage_test/ADM/test/ai/181_adm_7.PNG
165,ADM,2638,GenImage_test/ADM/test/ai/387_adm_85.PNG
165,ADM,2639,GenImage_test/ADM/test/ai/342_adm_34.PNG
165,ADM,2640,GenImage_test/ADM/test/ai/377_adm_85.PNG
165,ADM,2641,GenImage_test/ADM/test/nature/ILSVRC2012_val_00048602.JPEG
165,ADM,2642,GenImage_test/ADM/test/ai/456_adm_91.PNG
165,ADM,2643,GenImage_test/ADM/test/ai/913_adm_7.PNG
165,ADM,2644,GenImage_test/ADM/test/nature/ILSVRC2012_val_00013794.JPEG
165,ADM,2645,GenImage_test/ADM/test/ai/660_adm_153.PNG
165,ADM,2646,GenImage_test/ADM/test/ai/270_adm_153.PNG
165,ADM,2647,GenImage_test/ADM/test/ai/539_adm_174.PNG
165,ADM,2648,GenImage_test/ADM/test/nature/ILSVRC2012_val_00026417.JPEG
165,ADM,2649,GenImage_test/ADM/test/ai/111_adm_153.PNG
165,ADM,2650,GenImage_test/ADM/test/ai/683_adm_153.PNG
165,ADM,2651,GenImage_test/ADM/test/nature/ILSVRC2012_val_00005265.JPEG
166,ADM,2652,GenImage_test/ADM/test/ai/600_adm_7.PNG
166,ADM,2653,GenImage_test/ADM/test/nature/ILSVRC2012_val_00045004.JPEG
166,ADM,2654,GenImage_test/ADM/test/ai/827_adm_174.PNG
166,ADM,2655,GenImage_test/ADM/test/ai/938_adm_174.PNG
166,ADM,2656,GenImage_test/ADM/test/ai/195_adm_174.PNG
166,ADM,2657,GenImage_test/ADM/test/ai/852_adm_174.PNG
166,ADM,2658,GenImage_test/ADM/test/ai/828_adm_91.PNG
166,ADM,2659,GenImage_test/ADM/test/ai/266_adm_91.PNG
166,ADM,2660,GenImage_test/ADM/test/nature/ILSVRC2012_val_00026376.JPEG
166,ADM,2661,GenImage_test/ADM/test/ai/435_adm_34.PNG
166,ADM,2662,GenImage_test/ADM/test/nature/ILSVRC2012_val_00037843.JPEG
166,ADM,2663,GenImage_test/ADM/test/nature/ILSVRC2012_val_00000527.JPEG
166,ADM,2664,GenImage_test/ADM/test/nature/ILSVRC2012_val_00015250.JPEG
166,ADM,2665,GenImage_test/ADM/test/nature/ILSVRC2012_val_00029684.JPEG
166,ADM,2666,GenImage_test/ADM/test/ai/507_adm_153.PNG
166,ADM,2667,GenImage_test/ADM/test/ai/914_adm_91.PNG
167,ADM,2668,GenImage_test/ADM/test/ai/461_adm_7.PNG
167,ADM,2669,GenImage_test/ADM/test/ai/760_adm_91.PNG
167,ADM,2670,GenImage_test/ADM/test/nature/ILSVRC2012_val_00047024.JPEG
167,ADM,2671,GenImage_test/ADM/test/nature/ILSVRC2012_val_00013359.JPEG
167,ADM,2672,GenImage_test/ADM/test/ai/193_adm_153.PNG
167,ADM,2673,GenImage_test/ADM/test/nature/ILSVRC2012_val_00042781.JPEG
167,ADM,2674,GenImage_test/ADM/test/nature/ILSVRC2012_val_00036635.JPEG
167,ADM,2675,GenImage_test/ADM/test/nature/ILSVRC2012_val_00015140.JPEG
167,ADM,2676,GenImage_test/ADM/test/ai/58_adm_91.PNG
167,ADM,2677,GenImage_test/ADM/test/nature/ILSVRC2012_val_00024244.JPEG
167,ADM,2678,GenImage_test/ADM/test/nature/ILSVRC2012_val_00012910.JPEG
167,ADM,2679,GenImage_test/ADM/test/ai/656_adm_7.PNG
167,ADM,2680,GenImage_test/ADM/test/nature/ILSVRC2012_val_00015090.JPEG
167,ADM,2681,GenImage_test/ADM/test/ai/142_adm_7.PNG
167,ADM,2682,GenImage_test/ADM/test/ai/76_adm_174.PNG
167,ADM,2683,GenImage_test/ADM/test/ai/731_adm_153.PNG
168,ADM,2684,GenImage_test/ADM/test/ai/754_adm_34.PNG
168,ADM,2685,GenImage_test/ADM/test/ai/598_adm_34.PNG
168,ADM,2686,GenImage_test/ADM/test/ai/790_adm_91.PNG
168,ADM,2687,GenImage_test/ADM/test/ai/428_adm_91.PNG
168,ADM,2688,GenImage_test/ADM/test/nature/ILSVRC2012_val_00010829.JPEG
168,ADM,2689,GenImage_test/ADM/test/nature/ILSVRC2012_val_00014019.JPEG
168,ADM,2690,GenImage_test/ADM/test/ai/222_adm_34.PNG
168,ADM,2691,GenImage_test/ADM/test/ai/622_adm_174.PNG
168,ADM,2692,GenImage_test/ADM/test/nature/ILSVRC2012_val_00029182.JPEG
168,ADM,2693,GenImage_test/ADM/test/nature/ILSVRC2012_val_00014615.JPEG
168,ADM,2694,GenImage_test/ADM/test/ai/216_adm_91.PNG
168,ADM,2695,GenImage_test/ADM/test/ai/342_adm_174.PNG
168,ADM,2696,GenImage_test/ADM/test/nature/ILSVRC2012_val_00007950.JPEG
168,ADM,2697,GenImage_test/ADM/test/nature/ILSVRC2012_val_00044316.JPEG
168,ADM,2698,GenImage_test/ADM/test/nature/ILSVRC2012_val_00010019.JPEG
168,ADM,2699,GenImage_test/ADM/test/ai/317_adm_34.PNG
169,ADM,2700,GenImage_test/ADM/test/nature/ILSVRC2012_val_00029991.JPEG
169,ADM,2701,GenImage_test/ADM/test/nature/ILSVRC2012_val_00002614.JPEG
169,ADM,2702,GenImage_test/ADM/test/nature/ILSVRC2012_val_00001581.JPEG
169,ADM,2703,GenImage_test/ADM/test/nature/ILSVRC2012_val_00033862.JPEG
169,ADM,2704,GenImage_test/ADM/test/nature/ILSVRC2012_val_00028820.JPEG
169,ADM,2705,GenImage_test/ADM/test/ai/298_adm_153.PNG
169,ADM,2706,GenImage_test/ADM/test/nature/ILSVRC2012_val_00047547.JPEG
169,ADM,2707,GenImage_test/ADM/test/nature/ILSVRC2012_val_00027316.JPEG
169,ADM,2708,GenImage_test/ADM/test/nature/ILSVRC2012_val_00036471.JPEG
169,ADM,2709,GenImage_test/ADM/test/nature/ILSVRC2012_val_00039932.JPEG
169,ADM,2710,GenImage_test/ADM/test/ai/986_adm_91.PNG
169,ADM,2711,GenImage_test/ADM/test/nature/ILSVRC2012_val_00017153.JPEG
169,ADM,2712,GenImage_test/ADM/test/nature/ILSVRC2012_val_00016377.JPEG
169,ADM,2713,GenImage_test/ADM/test/nature/ILSVRC2012_val_00032810.JPEG
169,ADM,2714,GenImage_test/ADM/test/nature/ILSVRC2012_val_00017650.JPEG
169,ADM,2715,GenImage_test/ADM/test/nature/ILSVRC2012_val_00043568.JPEG
170,ADM,2716,GenImage_test/ADM/test/ai/167_adm_34.PNG
170,ADM,2717,GenImage_test/ADM/test/nature/ILSVRC2012_val_00025318.JPEG
170,ADM,2718,GenImage_test/ADM/test/nature/ILSVRC2012_val_00042400.JPEG
170,ADM,2719,GenImage_test/ADM/test/nature/ILSVRC2012_val_00016076.JPEG
170,ADM,2720,GenImage_test/ADM/test/nature/ILSVRC2012_val_00009342.JPEG
170,ADM,2721,GenImage_test/ADM/test/ai/59_adm_153.PNG
170,ADM,2722,GenImage_test/ADM/test/nature/ILSVRC2012_val_00042587.JPEG
170,ADM,2723,GenImage_test/ADM/test/ai/238_adm_174.PNG
170,ADM,2724,GenImage_test/ADM/test/ai/94_adm_85.PNG
170,ADM,2725,GenImage_test/ADM/test/nature/ILSVRC2012_val_00035266.JPEG
170,ADM,2726,GenImage_test/ADM/test/ai/476_adm_91.PNG
170,ADM,2727,GenImage_test/ADM/test/ai/932_adm_153.PNG
170,ADM,2728,GenImage_test/ADM/test/nature/ILSVRC2012_val_00004668.JPEG
170,ADM,2729,GenImage_test/ADM/test/ai/484_adm_7.PNG
170,ADM,2730,GenImage_test/ADM/test/ai/392_adm_34.PNG
170,ADM,2731,GenImage_test/ADM/test/ai/725_adm_153.PNG
171,ADM,2732,GenImage_test/ADM/test/ai/311_adm_85.PNG
171,ADM,2733,GenImage_test/ADM/test/nature/ILSVRC2012_val_00009746.JPEG
171,ADM,2734,GenImage_test/ADM/test/nature/ILSVRC2012_val_00003869.JPEG
171,ADM,2735,GenImage_test/ADM/test/ai/63_adm_7.PNG
171,ADM,2736,GenImage_test/ADM/test/nature/ILSVRC2012_val_00044467.JPEG
171,ADM,2737,GenImage_test/ADM/test/nature/ILSVRC2012_val_00031323.JPEG
171,ADM,2738,GenImage_test/ADM/test/ai/856_adm_153.PNG
171,ADM,2739,GenImage_test/ADM/test/ai/264_adm_91.PNG
171,ADM,2740,GenImage_test/ADM/test/ai/248_adm_7.PNG
171,ADM,2741,GenImage_test/ADM/test/ai/551_adm_34.PNG
171,ADM,2742,GenImage_test/ADM/test/nature/ILSVRC2012_val_00013488.JPEG
171,ADM,2743,GenImage_test/ADM/test/ai/776_adm_85.PNG
171,ADM,2744,GenImage_test/ADM/test/ai/598_adm_153.PNG
171,ADM,2745,GenImage_test/ADM/test/nature/ILSVRC2012_val_00030400.JPEG
171,ADM,2746,GenImage_test/ADM/test/nature/ILSVRC2012_val_00020660.JPEG
171,ADM,2747,GenImage_test/ADM/test/nature/ILSVRC2012_val_00011509.JPEG
172,ADM,2748,GenImage_test/ADM/test/ai/481_adm_7.PNG
172,ADM,2749,GenImage_test/ADM/test/ai/982_adm_91.PNG
172,ADM,2750,GenImage_test/ADM/test/ai/114_adm_91.PNG
172,ADM,2751,GenImage_test/ADM/test/ai/44_adm_85.PNG
172,ADM,2752,GenImage_test/ADM/test/ai/213_adm_7.PNG
172,ADM,2753,GenImage_test/ADM/test/nature/ILSVRC2012_val_00038080.JPEG
172,ADM,2754,GenImage_test/ADM/test/nature/ILSVRC2012_val_00033936.JPEG
172,ADM,2755,GenImage_test/ADM/test/ai/448_adm_174.PNG
172,ADM,2756,GenImage_test/ADM/test/nature/ILSVRC2012_val_00041475.JPEG
172,ADM,2757,GenImage_test/ADM/test/ai/167_adm_91.PNG
172,ADM,2758,GenImage_test/ADM/test/ai/642_adm_174.PNG
172,ADM,2759,GenImage_test/ADM/test/ai/976_adm_85.PNG
172,ADM,2760,GenImage_test/ADM/test/nature/ILSVRC2012_val_00012882.JPEG
172,ADM,2761,GenImage_test/ADM/test/ai/42_adm_7.PNG
172,ADM,2762,GenImage_test/ADM/test/nature/ILSVRC2012_val_00027737.JPEG
172,ADM,2763,GenImage_test/ADM/test/ai/813_adm_153.PNG
173,ADM,2764,GenImage_test/ADM/test/ai/50_adm_85.PNG
173,ADM,2765,GenImage_test/ADM/test/ai/387_adm_7.PNG
173,ADM,2766,GenImage_test/ADM/test/nature/ILSVRC2012_val_00027082.JPEG
173,ADM,2767,GenImage_test/ADM/test/nature/ILSVRC2012_val_00035485.JPEG
173,ADM,2768,GenImage_test/ADM/test/nature/ILSVRC2012_val_00016162.JPEG
173,ADM,2769,GenImage_test/ADM/test/nature/ILSVRC2012_val_00024238.JPEG
173,ADM,2770,GenImage_test/ADM/test/ai/104_adm_34.PNG
173,ADM,2771,GenImage_test/ADM/test/nature/ILSVRC2012_val_00040922.JPEG
173,ADM,2772,GenImage_test/ADM/test/nature/ILSVRC2012_val_00049513.JPEG
173,ADM,2773,GenImage_test/ADM/test/ai/996_adm_91.PNG
173,ADM,2774,GenImage_test/ADM/test/ai/197_adm_34.PNG
173,ADM,2775,GenImage_test/ADM/test/ai/158_adm_34.PNG
173,ADM,2776,GenImage_test/ADM/test/ai/219_adm_91.PNG
173,ADM,2777,GenImage_test/ADM/test/nature/ILSVRC2012_val_00045409.JPEG
173,ADM,2778,GenImage_test/ADM/test/nature/ILSVRC2012_val_00019980.JPEG
173,ADM,2779,GenImage_test/ADM/test/ai/703_adm_153.PNG
174,ADM,2780,GenImage_test/ADM/test/nature/ILSVRC2012_val_00008878.JPEG
174,ADM,2781,GenImage_test/ADM/test/nature/ILSVRC2012_val_00008866.JPEG
174,ADM,2782,GenImage_test/ADM/test/ai/9_adm_7.PNG
174,ADM,2783,GenImage_test/ADM/test/ai/492_adm_7.PNG
174,ADM,2784,GenImage_test/ADM/test/ai/81_adm_7.PNG
174,ADM,2785,GenImage_test/ADM/test/ai/787_adm_34.PNG
174,ADM,2786,GenImage_test/ADM/test/nature/ILSVRC2012_val_00026191.JPEG
174,ADM,2787,GenImage_test/ADM/test/ai/960_adm_34.PNG
174,ADM,2788,GenImage_test/ADM/test/nature/ILSVRC2012_val_00020358.JPEG
174,ADM,2789,GenImage_test/ADM/test/nature/ILSVRC2012_val_00012712.JPEG
174,ADM,2790,GenImage_test/ADM/test/ai/25_adm_34.PNG
174,ADM,2791,GenImage_test/ADM/test/ai/402_adm_7.PNG
174,ADM,2792,GenImage_test/ADM/test/nature/ILSVRC2012_val_00020783.JPEG
174,ADM,2793,GenImage_test/ADM/test/ai/155_adm_34.PNG
174,ADM,2794,GenImage_test/ADM/test/ai/757_adm_85.PNG
174,ADM,2795,GenImage_test/ADM/test/ai/70_adm_91.PNG
175,ADM,2796,GenImage_test/ADM/test/nature/ILSVRC2012_val_00012966.JPEG
175,ADM,2797,GenImage_test/ADM/test/ai/523_adm_153.PNG
175,ADM,2798,GenImage_test/ADM/test/ai/921_adm_34.PNG
175,ADM,2799,GenImage_test/ADM/test/ai/244_adm_174.PNG
175,ADM,2800,GenImage_test/ADM/test/ai/630_adm_91.PNG
175,ADM,2801,GenImage_test/ADM/test/nature/ILSVRC2012_val_00015424.JPEG
175,ADM,2802,GenImage_test/ADM/test/ai/824_adm_34.PNG
175,ADM,2803,GenImage_test/ADM/test/nature/ILSVRC2012_val_00030038.JPEG
175,ADM,2804,GenImage_test/ADM/test/ai/201_adm_85.PNG
175,ADM,2805,GenImage_test/ADM/test/ai/870_adm_7.PNG
175,ADM,2806,GenImage_test/ADM/test/nature/ILSVRC2012_val_00038473.JPEG
175,ADM,2807,GenImage_test/ADM/test/ai/411_adm_85.PNG
175,ADM,2808,GenImage_test/ADM/test/ai/92_adm_7.PNG
175,ADM,2809,GenImage_test/ADM/test/ai/952_adm_91.PNG
175,ADM,2810,GenImage_test/ADM/test/nature/ILSVRC2012_val_00031863.JPEG
175,ADM,2811,GenImage_test/ADM/test/nature/ILSVRC2012_val_00007145.JPEG
176,ADM,2812,GenImage_test/ADM/test/nature/ILSVRC2012_val_00030559.JPEG
176,ADM,2813,GenImage_test/ADM/test/ai/186_adm_7.PNG
176,ADM,2814,GenImage_test/ADM/test/nature/ILSVRC2012_val_00012351.JPEG
176,ADM,2815,GenImage_test/ADM/test/nature/ILSVRC2012_val_00013502.JPEG
176,ADM,2816,GenImage_test/ADM/test/nature/ILSVRC2012_val_00047951.JPEG
176,ADM,2817,GenImage_test/ADM/test/nature/ILSVRC2012_val_00003706.JPEG
176,ADM,2818,GenImage_test/ADM/test/nature/ILSVRC2012_val_00004530.JPEG
176,ADM,2819,GenImage_test/ADM/test/ai/869_adm_7.PNG
176,ADM,2820,GenImage_test/ADM/test/nature/ILSVRC2012_val_00021478.JPEG
176,ADM,2821,GenImage_test/ADM/test/ai/215_adm_91.PNG
176,ADM,2822,GenImage_test/ADM/test/nature/ILSVRC2012_val_00034720.JPEG
176,ADM,2823,GenImage_test/ADM/test/nature/ILSVRC2012_val_00045829.JPEG
176,ADM,2824,GenImage_test/ADM/test/ai/53_adm_85.PNG
176,ADM,2825,GenImage_test/ADM/test/ai/49_adm_174.PNG
176,ADM,2826,GenImage_test/ADM/test/ai/110_adm_85.PNG
176,ADM,2827,GenImage_test/ADM/test/ai/966_adm_7.PNG
177,ADM,2828,GenImage_test/ADM/test/ai/817_adm_34.PNG
177,ADM,2829,GenImage_test/ADM/test/nature/ILSVRC2012_val_00034738.JPEG
177,ADM,2830,GenImage_test/ADM/test/ai/80_adm_174.PNG
177,ADM,2831,GenImage_test/ADM/test/nature/ILSVRC2012_val_00012479.JPEG
177,ADM,2832,GenImage_test/ADM/test/ai/563_adm_34.PNG
177,ADM,2833,GenImage_test/ADM/test/ai/354_adm_153.PNG
177,ADM,2834,GenImage_test/ADM/test/nature/ILSVRC2012_val_00046440.JPEG
177,ADM,2835,GenImage_test/ADM/test/ai/665_adm_7.PNG
177,ADM,2836,GenImage_test/ADM/test/ai/401_adm_174.PNG
177,ADM,2837,GenImage_test/ADM/test/ai/549_adm_153.PNG
177,ADM,2838,GenImage_test/ADM/test/ai/350_adm_85.PNG
177,ADM,2839,GenImage_test/ADM/test/nature/ILSVRC2012_val_00013874.JPEG
177,ADM,2840,GenImage_test/ADM/test/nature/ILSVRC2012_val_00015365.JPEG
177,ADM,2841,GenImage_test/ADM/test/ai/419_adm_85.PNG
177,ADM,2842,GenImage_test/ADM/test/nature/ILSVRC2012_val_00001586.JPEG
177,ADM,2843,GenImage_test/ADM/test/ai/570_adm_153.PNG
178,ADM,2844,GenImage_test/ADM/test/ai/284_adm_91.PNG
178,ADM,2845,GenImage_test/ADM/test/ai/139_adm_34.PNG
178,ADM,2846,GenImage_test/ADM/test/nature/ILSVRC2012_val_00049188.JPEG
178,ADM,2847,GenImage_test/ADM/test/nature/ILSVRC2012_val_00031044.JPEG
178,ADM,2848,GenImage_test/ADM/test/ai/729_adm_34.PNG
178,ADM,2849,GenImage_test/ADM/test/ai/302_adm_153.PNG
178,ADM,2850,GenImage_test/ADM/test/nature/ILSVRC2012_val_00014543.JPEG
178,ADM,2851,GenImage_test/ADM/test/ai/575_adm_174.PNG
178,ADM,2852,GenImage_test/ADM/test/ai/19_adm_91.PNG
178,ADM,2853,GenImage_test/ADM/test/ai/210_adm_85.PNG
178,ADM,2854,GenImage_test/ADM/test/ai/504_adm_91.PNG
178,ADM,2855,GenImage_test/ADM/test/ai/130_adm_85.PNG
178,ADM,2856,GenImage_test/ADM/test/ai/659_adm_7.PNG
178,ADM,2857,GenImage_test/ADM/test/nature/ILSVRC2012_val_00021460.JPEG
178,ADM,2858,GenImage_test/ADM/test/nature/ILSVRC2012_val_00002547.JPEG
178,ADM,2859,GenImage_test/ADM/test/ai/924_adm_85.PNG
179,ADM,2860,GenImage_test/ADM/test/nature/ILSVRC2012_val_00039031.JPEG
179,ADM,2861,GenImage_test/ADM/test/nature/ILSVRC2012_val_00001845.JPEG
179,ADM,2862,GenImage_test/ADM/test/nature/ILSVRC2012_val_00029358.JPEG
179,ADM,2863,GenImage_test/ADM/test/nature/ILSVRC2012_val_00007784.JPEG
179,ADM,2864,GenImage_test/ADM/test/ai/160_adm_85.PNG
179,ADM,2865,GenImage_test/ADM/test/nature/ILSVRC2012_val_00013912.JPEG
179,ADM,2866,GenImage_test/ADM/test/ai/918_adm_85.PNG
179,ADM,2867,GenImage_test/ADM/test/nature/ILSVRC2012_val_00040824.JPEG
179,ADM,2868,GenImage_test/ADM/test/ai/408_adm_85.PNG
179,ADM,2869,GenImage_test/ADM/test/ai/338_adm_91.PNG
179,ADM,2870,GenImage_test/ADM/test/ai/942_adm_153.PNG
179,ADM,2871,GenImage_test/ADM/test/nature/ILSVRC2012_val_00000871.JPEG
179,ADM,2872,GenImage_test/ADM/test/nature/ILSVRC2012_val_00042152.JPEG
179,ADM,2873,GenImage_test/ADM/test/ai/130_adm_153.PNG
179,ADM,2874,GenImage_test/ADM/test/ai/307_adm_174.PNG
179,ADM,2875,GenImage_test/ADM/test/ai/380_adm_91.PNG
180,ADM,2876,GenImage_test/ADM/test/nature/ILSVRC2012_val_00049548.JPEG
180,ADM,2877,GenImage_test/ADM/test/nature/ILSVRC2012_val_00041897.JPEG
180,ADM,2878,GenImage_test/ADM/test/ai/639_adm_7.PNG
180,ADM,2879,GenImage_test/ADM/test/nature/ILSVRC2012_val_00029995.JPEG
180,ADM,2880,GenImage_test/ADM/test/ai/647_adm_34.PNG
180,ADM,2881,GenImage_test/ADM/test/ai/75_adm_91.PNG
180,ADM,2882,GenImage_test/ADM/test/ai/996_adm_174.PNG
180,ADM,2883,GenImage_test/ADM/test/nature/ILSVRC2012_val_00018574.JPEG
180,ADM,2884,GenImage_test/ADM/test/ai/137_adm_174.PNG
180,ADM,2885,GenImage_test/ADM/test/ai/912_adm_91.PNG
180,ADM,2886,GenImage_test/ADM/test/nature/ILSVRC2012_val_00014032.JPEG
180,ADM,2887,GenImage_test/ADM/test/ai/692_adm_91.PNG
180,ADM,2888,GenImage_test/ADM/test/nature/ILSVRC2012_val_00013551.JPEG
180,ADM,2889,GenImage_test/ADM/test/ai/866_adm_7.PNG
180,ADM,2890,GenImage_test/ADM/test/nature/ILSVRC2012_val_00043704.JPEG
180,ADM,2891,GenImage_test/ADM/test/nature/ILSVRC2012_val_00025514.JPEG
181,ADM,2892,GenImage_test/ADM/test/ai/824_adm_7.PNG
181,ADM,2893,GenImage_test/ADM/test/nature/ILSVRC2012_val_00033152.JPEG
181,ADM,2894,GenImage_test/ADM/test/nature/ILSVRC2012_val_00020842.JPEG
181,ADM,2895,GenImage_test/ADM/test/ai/38_adm_7.PNG
181,ADM,2896,GenImage_test/ADM/test/nature/ILSVRC2012_val_00012199.JPEG
181,ADM,2897,GenImage_test/ADM/test/nature/ILSVRC2012_val_00012825.JPEG
181,ADM,2898,GenImage_test/ADM/test/nature/ILSVRC2012_val_00043147.JPEG
181,ADM,2899,GenImage_test/ADM/test/nature/ILSVRC2012_val_00045655.JPEG
181,ADM,2900,GenImage_test/ADM/test/ai/133_adm_91.PNG
181,ADM,2901,GenImage_test/ADM/test/nature/ILSVRC2012_val_00046288.JPEG
181,ADM,2902,GenImage_test/ADM/test/ai/634_adm_7.PNG
181,ADM,2903,GenImage_test/ADM/test/ai/530_adm_7.PNG
181,ADM,2904,GenImage_test/ADM/test/ai/296_adm_34.PNG
181,ADM,2905,GenImage_test/ADM/test/nature/ILSVRC2012_val_00009660.JPEG
181,ADM,2906,GenImage_test/ADM/test/nature/ILSVRC2012_val_00000962.JPEG
181,ADM,2907,GenImage_test/ADM/test/nature/ILSVRC2012_val_00012848.JPEG
182,ADM,2908,GenImage_test/ADM/test/nature/ILSVRC2012_val_00046539.JPEG
182,ADM,2909,GenImage_test/ADM/test/ai/479_adm_85.PNG
182,ADM,2910,GenImage_test/ADM/test/nature/ILSVRC2012_val_00006919.JPEG
182,ADM,2911,GenImage_test/ADM/test/ai/407_adm_174.PNG
182,ADM,2912,GenImage_test/ADM/test/nature/ILSVRC2012_val_00030273.JPEG
182,ADM,2913,GenImage_test/ADM/test/nature/ILSVRC2012_val_00018837.JPEG
182,ADM,2914,GenImage_test/ADM/test/ai/126_adm_7.PNG
182,ADM,2915,GenImage_test/ADM/test/nature/ILSVRC2012_val_00006886.JPEG
182,ADM,2916,GenImage_test/ADM/test/nature/ILSVRC2012_val_00019789.JPEG
182,ADM,2917,GenImage_test/ADM/test/ai/25_adm_153.PNG
182,ADM,2918,GenImage_test/ADM/test/ai/116_adm_7.PNG
182,ADM,2919,GenImage_test/ADM/test/ai/440_adm_153.PNG
182,ADM,2920,GenImage_test/ADM/test/ai/159_adm_85.PNG
182,ADM,2921,GenImage_test/ADM/test/ai/504_adm_85.PNG
182,ADM,2922,GenImage_test/ADM/test/ai/173_adm_174.PNG
182,ADM,2923,GenImage_test/ADM/test/ai/259_adm_85.PNG
183,ADM,2924,GenImage_test/ADM/test/ai/177_adm_153.PNG
183,ADM,2925,GenImage_test/ADM/test/nature/ILSVRC2012_val_00025246.JPEG
183,ADM,2926,GenImage_test/ADM/test/nature/ILSVRC2012_val_00007034.JPEG
183,ADM,2927,GenImage_test/ADM/test/ai/330_adm_174.PNG
183,ADM,2928,GenImage_test/ADM/test/nature/ILSVRC2012_val_00029291.JPEG
183,ADM,2929,GenImage_test/ADM/test/ai/322_adm_174.PNG
183,ADM,2930,GenImage_test/ADM/test/ai/787_adm_85.PNG
183,ADM,2931,GenImage_test/ADM/test/ai/925_adm_85.PNG
183,ADM,2932,GenImage_test/ADM/test/nature/ILSVRC2012_val_00035262.JPEG
183,ADM,2933,GenImage_test/ADM/test/nature/ILSVRC2012_val_00036323.JPEG
183,ADM,2934,GenImage_test/ADM/test/ai/98_adm_85.PNG
183,ADM,2935,GenImage_test/ADM/test/nature/ILSVRC2012_val_00027356.JPEG
183,ADM,2936,GenImage_test/ADM/test/nature/ILSVRC2012_val_00034676.JPEG
183,ADM,2937,GenImage_test/ADM/test/ai/964_adm_153.PNG
183,ADM,2938,GenImage_test/ADM/test/nature/ILSVRC2012_val_00037955.JPEG
183,ADM,2939,GenImage_test/ADM/test/ai/5_adm_85.PNG
184,ADM,2940,GenImage_test/ADM/test/ai/954_adm_85.PNG
184,ADM,2941,GenImage_test/ADM/test/nature/ILSVRC2012_val_00025248.JPEG
184,ADM,2942,GenImage_test/ADM/test/nature/ILSVRC2012_val_00033672.JPEG
184,ADM,2943,GenImage_test/ADM/test/ai/571_adm_91.PNG
184,ADM,2944,GenImage_test/ADM/test/ai/232_adm_34.PNG
184,ADM,2945,GenImage_test/ADM/test/nature/ILSVRC2012_val_00006350.JPEG
184,ADM,2946,GenImage_test/ADM/test/nature/ILSVRC2012_val_00022043.JPEG
184,ADM,2947,GenImage_test/ADM/test/nature/ILSVRC2012_val_00046370.JPEG
184,ADM,2948,GenImage_test/ADM/test/ai/417_adm_153.PNG
184,ADM,2949,GenImage_test/ADM/test/ai/28_adm_34.PNG
184,ADM,2950,GenImage_test/ADM/test/ai/24_adm_85.PNG
184,ADM,2951,GenImage_test/ADM/test/ai/831_adm_85.PNG
184,ADM,2952,GenImage_test/ADM/test/ai/750_adm_174.PNG
184,ADM,2953,GenImage_test/ADM/test/ai/693_adm_174.PNG
184,ADM,2954,GenImage_test/ADM/test/ai/947_adm_34.PNG
184,ADM,2955,GenImage_test/ADM/test/nature/ILSVRC2012_val_00016725.JPEG
185,ADM,2956,GenImage_test/ADM/test/ai/570_adm_7.PNG
185,ADM,2957,GenImage_test/ADM/test/nature/ILSVRC2012_val_00004833.JPEG
185,ADM,2958,GenImage_test/ADM/test/nature/ILSVRC2012_val_00041369.JPEG
185,ADM,2959,GenImage_test/ADM/test/nature/ILSVRC2012_val_00007181.JPEG
185,ADM,2960,GenImage_test/ADM/test/ai/907_adm_91.PNG
185,ADM,2961,GenImage_test/ADM/test/ai/723_adm_85.PNG
185,ADM,2962,GenImage_test/ADM/test/nature/ILSVRC2012_val_00023065.JPEG
185,ADM,2963,GenImage_test/ADM/test/ai/568_adm_153.PNG
185,ADM,2964,GenImage_test/ADM/test/nature/ILSVRC2012_val_00030628.JPEG
185,ADM,2965,GenImage_test/ADM/test/nature/ILSVRC2012_val_00013429.JPEG
185,ADM,2966,GenImage_test/ADM/test/nature/ILSVRC2012_val_00013635.JPEG
185,ADM,2967,GenImage_test/ADM/test/ai/149_adm_153.PNG
185,ADM,2968,GenImage_test/ADM/test/nature/ILSVRC2012_val_00001433.JPEG
185,ADM,2969,GenImage_test/ADM/test/nature/ILSVRC2012_val_00032159.JPEG
185,ADM,2970,GenImage_test/ADM/test/nature/ILSVRC2012_val_00004334.JPEG
185,ADM,2971,GenImage_test/ADM/test/ai/667_adm_85.PNG
186,ADM,2972,GenImage_test/ADM/test/ai/531_adm_34.PNG
186,ADM,2973,GenImage_test/ADM/test/nature/ILSVRC2012_val_00042091.JPEG
186,ADM,2974,GenImage_test/ADM/test/nature/ILSVRC2012_val_00005716.JPEG
186,ADM,2975,GenImage_test/ADM/test/ai/353_adm_91.PNG
186,ADM,2976,GenImage_test/ADM/test/ai/450_adm_7.PNG
186,ADM,2977,GenImage_test/ADM/test/ai/739_adm_153.PNG
186,ADM,2978,GenImage_test/ADM/test/ai/7_adm_85.PNG
186,ADM,2979,GenImage_test/ADM/test/ai/610_adm_153.PNG
186,ADM,2980,GenImage_test/ADM/test/nature/ILSVRC2012_val_00044392.JPEG
186,ADM,2981,GenImage_test/ADM/test/nature/ILSVRC2012_val_00031776.JPEG
186,ADM,2982,GenImage_test/ADM/test/nature/ILSVRC2012_val_00026794.JPEG
186,ADM,2983,GenImage_test/ADM/test/ai/538_adm_85.PNG
186,ADM,2984,GenImage_test/ADM/test/nature/ILSVRC2012_val_00000896.JPEG
186,ADM,2985,GenImage_test/ADM/test/ai/177_adm_7.PNG
186,ADM,2986,GenImage_test/ADM/test/nature/ILSVRC2012_val_00003038.JPEG
186,ADM,2987,GenImage_test/ADM/test/nature/ILSVRC2012_val_00031346.JPEG
187,ADM,2988,GenImage_test/ADM/test/ai/376_adm_174.PNG
187,ADM,2989,GenImage_test/ADM/test/nature/ILSVRC2012_val_00046276.JPEG
187,ADM,2990,GenImage_test/ADM/test/ai/285_adm_174.PNG
187,ADM,2991,GenImage_test/ADM/test/ai/871_adm_153.PNG
187,ADM,2992,GenImage_test/ADM/test/nature/ILSVRC2012_val_00010552.JPEG
187,ADM,2993,GenImage_test/ADM/test/nature/ILSVRC2012_val_00039520.JPEG
187,ADM,2994,GenImage_test/ADM/test/ai/453_adm_85.PNG
187,ADM,2995,GenImage_test/ADM/test/nature/ILSVRC2012_val_00042753.JPEG
187,ADM,2996,GenImage_test/ADM/test/ai/57_adm_91.PNG
187,ADM,2997,GenImage_test/ADM/test/ai/261_adm_85.PNG
187,ADM,2998,GenImage_test/ADM/test/nature/ILSVRC2012_val_00038415.JPEG
187,ADM,2999,GenImage_test/ADM/test/ai/922_adm_153.PNG
188,glide,3000,GenImage_test/glide/test/nature/ILSVRC2012_val_00031804.JPEG
188,glide,3001,GenImage_test/glide/test/ai/GLIDE_1000_200_04_444_glide_00035.png
188,glide,3002,GenImage_test/glide/test/nature/ILSVRC2012_val_00049219.JPEG
188,glide,3003,GenImage_test/glide/test/nature/ILSVRC2012_val_00021711.JPEG
188,glide,3004,GenImage_test/glide/test/ai/GLIDE_1000_200_08_833_glide_00020.png
188,glide,3005,GenImage_test/glide/test/nature/ILSVRC2012_val_00006957.JPEG
188,glide,3006,GenImage_test/glide/test/nature/ILSVRC2012_val_00003152.JPEG
188,glide,3007,GenImage_test/glide/test/nature/ILSVRC2012_val_00044345.JPEG
188,glide,3008,GenImage_test/glide/test/ai/GLIDE_1000_200_00_053_glide_00020.png
188,glide,3009,GenImage_test/glide/test/ai/GLIDE_1000_200_08_877_glide_00035.png
188,glide,3010,GenImage_test/glide/test/ai/GLIDE_1000_200_05_511_glide_00020.png
188,glide,3011,GenImage_test/glide/test/nature/ILSVRC2012_val_00040898.JPEG
188,glide,3012,GenImage_test/glide/test/ai/GLIDE_1000_200_08_845_glide_00143.png
188,glide,3013,GenImage_test/glide/test/nature/ILSVRC2012_val_00015658.JPEG
188,glide,3014,GenImage_test/glide/test/ai/GLIDE_1000_200_00_077_glide_00143.png
188,glide,3015,GenImage_test/glide/test/nature/ILSVRC2012_val_00030169.JPEG
189,glide,3016,GenImage_test/glide/test/ai/GLIDE_1000_200_05_553_glide_00020.png
189,glide,3017,GenImage_test/glide/test/nature/ILSVRC2012_val_00019320.JPEG
189,glide,3018,GenImage_test/glide/test/nature/ILSVRC2012_val_00041059.JPEG
189,glide,3019,GenImage_test/glide/test/ai/GLIDE_1000_200_00_089_glide_00035.png
189,glide,3020,GenImage_test/glide/test/ai/GLIDE_1000_200_05_562_glide_00020.png
189,glide,3021,GenImage_test/glide/test/ai/GLIDE_1000_200_09_901_glide_00020.png
189,glide,3022,GenImage_test/glide/test/ai/GLIDE_1000_200_08_804_glide_00074.png
189,glide,3023,GenImage_test/glide/test/ai/GLIDE_1000_200_05_536_glide_00127.png
189,glide,3024,GenImage_test/glide/test/nature/ILSVRC2012_val_00014604.JPEG
189,glide,3025,GenImage_test/glide/test/nature/ILSVRC2012_val_00024434.JPEG
189,glide,3026,GenImage_test/glide/test/nature/ILSVRC2012_val_00001171.JPEG
189,glide,3027,GenImage_test/glide/test/nature/ILSVRC2012_val_00028163.JPEG
189,glide,3028,GenImage_test/glide/test/nature/ILSVRC2012_val_00024630.JPEG
189,glide,3029,GenImage_test/glide/test/ai/GLIDE_1000_200_05_558_glide_00143.png
189,glide,3030,GenImage_test/glide/test/nature/ILSVRC2012_val_00048539.JPEG
189,glide,3031,GenImage_test/glide/test/nature/ILSVRC2012_val_00018702.JPEG
190,glide,3032,GenImage_test/glide/test/nature/ILSVRC2012_val_00001261.JPEG
190,glide,3033,GenImage_test/glide/test/nature/ILSVRC2012_val_00037613.JPEG
190,glide,3034,GenImage_test/glide/test/nature/ILSVRC2012_val_00018918.JPEG
190,glide,3035,GenImage_test/glide/test/ai/GLIDE_1000_200_01_164_glide_00074.png
190,glide,3036,GenImage_test/glide/test/ai/GLIDE_1000_200_00_099_glide_00074.png
190,glide,3037,GenImage_test/glide/test/ai/GLIDE_1000_200_01_135_glide_00127.png
190,glide,3038,GenImage_test/glide/test/ai/GLIDE_1000_200_07_707_glide_00035.png
190,glide,3039,GenImage_test/glide/test/ai/GLIDE_1000_200_02_249_glide_00127.png
190,glide,3040,GenImage_test/glide/test/ai/GLIDE_1000_200_06_689_glide_00143.png
190,glide,3041,GenImage_test/glide/test/ai/GLIDE_1000_200_01_131_glide_00035.png
190,glide,3042,GenImage_test/glide/test/nature/ILSVRC2012_val_00032552.JPEG
190,glide,3043,GenImage_test/glide/test/nature/ILSVRC2012_val_00028285.JPEG
190,glide,3044,GenImage_test/glide/test/nature/ILSVRC2012_val_00027136.JPEG
190,glide,3045,GenImage_test/glide/test/nature/ILSVRC2012_val_00041250.JPEG
190,glide,3046,GenImage_test/glide/test/ai/GLIDE_1000_200_09_997_glide_00020.png
190,glide,3047,GenImage_test/glide/test/nature/ILSVRC2012_val_00045304.JPEG
191,glide,3048,GenImage_test/glide/test/nature/ILSVRC2012_val_00038690.JPEG
191,glide,3049,GenImage_test/glide/test/ai/GLIDE_1000_200_09_968_glide_00143.png
191,glide,3050,GenImage_test/glide/test/nature/ILSVRC2012_val_00049988.JPEG
191,glide,3051,GenImage_test/glide/test/ai/GLIDE_1000_200_03_376_glide_00020.png
191,glide,3052,GenImage_test/glide/test/nature/ILSVRC2012_val_00014895.JPEG
191,glide,3053,GenImage_test/glide/test/nature/ILSVRC2012_val_00018800.JPEG
191,glide,3054,GenImage_test/glide/test/nature/ILSVRC2012_val_00031534.JPEG
191,glide,3055,GenImage_test/glide/test/nature/ILSVRC2012_val_00021251.JPEG
191,glide,3056,GenImage_test/glide/test/nature/ILSVRC2012_val_00004932.JPEG
191,glide,3057,GenImage_test/glide/test/ai/GLIDE_1000_200_07_721_glide_00020.png
191,glide,3058,GenImage_test/glide/test/ai/GLIDE_1000_200_06_641_glide_00039.png
191,glide,3059,GenImage_test/glide/test/nature/ILSVRC2012_val_00013156.JPEG
191,glide,3060,GenImage_test/glide/test/ai/GLIDE_1000_200_09_925_glide_00020.png
191,glide,3061,GenImage_test/glide/test/nature/ILSVRC2012_val_00024114.JPEG
191,glide,3062,GenImage_test/glide/test/nature/ILSVRC2012_val_00031327.JPEG
191,glide,3063,GenImage_test/glide/test/ai/GLIDE_1000_200_07_724_glide_00127.png
192,glide,3064,GenImage_test/glide/test/nature/ILSVRC2012_val_00033964.JPEG
192,glide,3065,GenImage_test/glide/test/ai/GLIDE_1000_200_07_777_glide_00039.png
192,glide,3066,GenImage_test/glide/test/ai/GLIDE_1000_200_07_792_glide_00035.png
192,glide,3067,GenImage_test/glide/test/nature/ILSVRC2012_val_00016392.JPEG
192,glide,3068,GenImage_test/glide/test/nature/ILSVRC2012_val_00004485.JPEG
192,glide,3069,GenImage_test/glide/test/nature/ILSVRC2012_val_00032299.JPEG
192,glide,3070,GenImage_test/glide/test/ai/GLIDE_1000_200_08_881_glide_00127.png
192,glide,3071,GenImage_test/glide/test/ai/GLIDE_1000_200_03_396_glide_00035.png
192,glide,3072,GenImage_test/glide/test/nature/ILSVRC2012_val_00012816.JPEG
192,glide,3073,GenImage_test/glide/test/nature/ILSVRC2012_val_00004865.JPEG
192,glide,3074,GenImage_test/glide/test/ai/GLIDE_1000_200_08_824_glide_00020.png
192,glide,3075,GenImage_test/glide/test/nature/ILSVRC2012_val_00015329.JPEG
192,glide,3076,GenImage_test/glide/test/ai/GLIDE_1000_200_07_786_glide_00035.png
192,glide,3077,GenImage_test/glide/test/ai/GLIDE_1000_200_00_063_glide_00074.png
192,glide,3078,GenImage_test/glide/test/nature/ILSVRC2012_val_00038969.JPEG
192,glide,3079,GenImage_test/glide/test/nature/ILSVRC2012_val_00007052.JPEG
193,glide,3080,GenImage_test/glide/test/ai/GLIDE_1000_200_07_736_glide_00020.png
193,glide,3081,GenImage_test/glide/test/ai/GLIDE_1000_200_06_686_glide_00074.png
193,glide,3082,GenImage_test/glide/test/ai/GLIDE_1000_200_05_510_glide_00020.png
193,glide,3083,GenImage_test/glide/test/nature/ILSVRC2012_val_00018149.JPEG
193,glide,3084,GenImage_test/glide/test/nature/ILSVRC2012_val_00030034.JPEG
193,glide,3085,GenImage_test/glide/test/nature/ILSVRC2012_val_00007706.JPEG
193,glide,3086,GenImage_test/glide/test/ai/GLIDE_1000_200_00_061_glide_00035.png
193,glide,3087,GenImage_test/glide/test/ai/GLIDE_1000_200_03_371_glide_00143.png
193,glide,3088,GenImage_test/glide/test/nature/ILSVRC2012_val_00045958.JPEG
193,glide,3089,GenImage_test/glide/test/ai/GLIDE_1000_200_04_487_glide_00020.png
193,glide,3090,GenImage_test/glide/test/nature/ILSVRC2012_val_00044972.JPEG
193,glide,3091,GenImage_test/glide/test/nature/ILSVRC2012_val_00040121.JPEG
193,glide,3092,GenImage_test/glide/test/ai/GLIDE_1000_200_05_511_glide_00074.png
193,glide,3093,GenImage_test/glide/test/ai/GLIDE_1000_200_06_649_glide_00035.png
193,glide,3094,GenImage_test/glide/test/nature/ILSVRC2012_val_00010411.JPEG
193,glide,3095,GenImage_test/glide/test/nature/ILSVRC2012_val_00045277.JPEG
194,glide,3096,GenImage_test/glide/test/ai/GLIDE_1000_200_09_998_glide_00020.png
194,glide,3097,GenImage_test/glide/test/ai/GLIDE_1000_200_04_436_glide_00035.png
194,glide,3098,GenImage_test/glide/test/nature/ILSVRC2012_val_00033617.JPEG
194,glide,3099,GenImage_test/glide/test/nature/ILSVRC2012_val_00041699.JPEG
194,glide,3100,GenImage_test/glide/test/ai/GLIDE_1000_200_09_926_glide_00074.png
194,glide,3101,GenImage_test/glide/test/nature/ILSVRC2012_val_00049415.JPEG
194,glide,3102,GenImage_test/glide/test/ai/GLIDE_1000_200_04_443_glide_00127.png
194,glide,3103,GenImage_test/glide/test/ai/GLIDE_1000_200_07_723_glide_00039.png
194,glide,3104,GenImage_test/glide/test/nature/ILSVRC2012_val_00048230.JPEG
194,glide,3105,GenImage_test/glide/test/ai/GLIDE_1000_200_06_696_glide_00020.png
194,glide,3106,GenImage_test/glide/test/nature/ILSVRC2012_val_00004340.JPEG
194,glide,3107,GenImage_test/glide/test/nature/ILSVRC2012_val_00007360.JPEG
194,glide,3108,GenImage_test/glide/test/ai/GLIDE_1000_200_02_239_glide_00039.png
194,glide,3109,GenImage_test/glide/test/nature/ILSVRC2012_val_00006293.JPEG
194,glide,3110,GenImage_test/glide/test/ai/GLIDE_1000_200_01_123_glide_00127.png
194,glide,3111,GenImage_test/glide/test/ai/GLIDE_1000_200_01_119_glide_00020.png
195,glide,3112,GenImage_test/glide/test/ai/GLIDE_1000_200_06_697_glide_00020.png
195,glide,3113,GenImage_test/glide/test/ai/GLIDE_1000_200_06_623_glide_00039.png
195,glide,3114,GenImage_test/glide/test/nature/ILSVRC2012_val_00045452.JPEG
195,glide,3115,GenImage_test/glide/test/ai/GLIDE_1000_200_07_759_glide_00020.png
195,glide,3116,GenImage_test/glide/test/nature/ILSVRC2012_val_00016343.JPEG
195,glide,3117,GenImage_test/glide/test/nature/ILSVRC2012_val_00004978.JPEG
195,glide,3118,GenImage_test/glide/test/ai/GLIDE_1000_200_04_421_glide_00074.png
195,glide,3119,GenImage_test/glide/test/nature/ILSVRC2012_val_00037655.JPEG
195,glide,3120,GenImage_test/glide/test/nature/ILSVRC2012_val_00022914.JPEG
195,glide,3121,GenImage_test/glide/test/ai/GLIDE_1000_200_03_355_glide_00074.png
195,glide,3122,GenImage_test/glide/test/nature/ILSVRC2012_val_00001701.JPEG
195,glide,3123,GenImage_test/glide/test/nature/ILSVRC2012_val_00044710.JPEG
195,glide,3124,GenImage_test/glide/test/nature/ILSVRC2012_val_00035187.JPEG
195,glide,3125,GenImage_test/glide/test/ai/GLIDE_1000_200_02_278_glide_00020.png
195,glide,3126,GenImage_test/glide/test/ai/GLIDE_1000_200_02_229_glide_00020.png
195,glide,3127,GenImage_test/glide/test/ai/GLIDE_1000_200_05_546_glide_00127.png
196,glide,3128,GenImage_test/glide/test/ai/GLIDE_1000_200_02_287_glide_00035.png
196,glide,3129,GenImage_test/glide/test/nature/ILSVRC2012_val_00020506.JPEG
196,glide,3130,GenImage_test/glide/test/nature/ILSVRC2012_val_00047283.JPEG
196,glide,3131,GenImage_test/glide/test/ai/GLIDE_1000_200_09_964_glide_00143.png
196,glide,3132,GenImage_test/glide/test/nature/ILSVRC2012_val_00029362.JPEG
196,glide,3133,GenImage_test/glide/test/nature/ILSVRC2012_val_00016927.JPEG
196,glide,3134,GenImage_test/glide/test/nature/ILSVRC2012_val_00038106.JPEG
196,glide,3135,GenImage_test/glide/test/nature/ILSVRC2012_val_00041527.JPEG
196,glide,3136,GenImage_test/glide/test/ai/GLIDE_1000_200_06_650_glide_00074.png
196,glide,3137,GenImage_test/glide/test/nature/ILSVRC2012_val_00023906.JPEG
196,glide,3138,GenImage_test/glide/test/nature/ILSVRC2012_val_00023466.JPEG
196,glide,3139,GenImage_test/glide/test/ai/GLIDE_1000_200_08_821_glide_00020.png
196,glide,3140,GenImage_test/glide/test/ai/GLIDE_1000_200_00_073_glide_00074.png
196,glide,3141,GenImage_test/glide/test/ai/GLIDE_1000_200_04_404_glide_00039.png
196,glide,3142,GenImage_test/glide/test/ai/GLIDE_1000_200_08_816_glide_00035.png
196,glide,3143,GenImage_test/glide/test/ai/GLIDE_1000_200_04_411_glide_00035.png
197,glide,3144,GenImage_test/glide/test/ai/GLIDE_1000_200_05_500_glide_00020.png
197,glide,3145,GenImage_test/glide/test/ai/GLIDE_1000_200_00_066_glide_00020.png
197,glide,3146,GenImage_test/glide/test/ai/GLIDE_1000_200_09_999_glide_00143.png
197,glide,3147,GenImage_test/glide/test/nature/ILSVRC2012_val_00043302.JPEG
197,glide,3148,GenImage_test/glide/test/ai/GLIDE_1000_200_05_536_glide_00074.png
197,glide,3149,GenImage_test/glide/test/ai/GLIDE_1000_200_07_731_glide_00127.png
197,glide,3150,GenImage_test/glide/test/ai/GLIDE_1000_200_08_819_glide_00127.png
197,glide,3151,GenImage_test/glide/test/nature/ILSVRC2012_val_00001060.JPEG
197,glide,3152,GenImage_test/glide/test/nature/ILSVRC2012_val_00043983.JPEG
197,glide,3153,GenImage_test/glide/test/nature/ILSVRC2012_val_00015076.JPEG
197,glide,3154,GenImage_test/glide/test/ai/GLIDE_1000_200_02_296_glide_00035.png
197,glide,3155,GenImage_test/glide/test/ai/GLIDE_1000_200_02_206_glide_00035.png
197,glide,3156,GenImage_test/glide/test/nature/ILSVRC2012_val_00001645.JPEG
197,glide,3157,GenImage_test/glide/test/ai/GLIDE_1000_200_05_516_glide_00039.png
197,glide,3158,GenImage_test/glide/test/ai/GLIDE_1000_200_02_266_glide_00039.png
197,glide,3159,GenImage_test/glide/test/ai/GLIDE_1000_200_04_423_glide_00035.png
198,glide,3160,GenImage_test/glide/test/nature/ILSVRC2012_val_00004262.JPEG
198,glide,3161,GenImage_test/glide/test/nature/ILSVRC2012_val_00009171.JPEG
198,glide,3162,GenImage_test/glide/test/nature/ILSVRC2012_val_00031935.JPEG
198,glide,3163,GenImage_test/glide/test/nature/ILSVRC2012_val_00046206.JPEG
198,glide,3164,GenImage_test/glide/test/ai/GLIDE_1000_200_05_524_glide_00020.png
198,glide,3165,GenImage_test/glide/test/ai/GLIDE_1000_200_04_477_glide_00074.png
198,glide,3166,GenImage_test/glide/test/nature/ILSVRC2012_val_00047375.JPEG
198,glide,3167,GenImage_test/glide/test/ai/GLIDE_1000_200_04_476_glide_00074.png
198,glide,3168,GenImage_test/glide/test/nature/ILSVRC2012_val_00035387.JPEG
198,glide,3169,GenImage_test/glide/test/ai/GLIDE_1000_200_09_995_glide_00039.png
198,glide,3170,GenImage_test/glide/test/ai/GLIDE_1000_200_09_968_glide_00074.png
198,glide,3171,GenImage_test/glide/test/nature/ILSVRC2012_val_00046362.JPEG
198,glide,3172,GenImage_test/glide/test/ai/GLIDE_1000_200_07_733_glide_00074.png
198,glide,3173,GenImage_test/glide/test/nature/ILSVRC2012_val_00021033.JPEG
198,glide,3174,GenImage_test/glide/test/ai/GLIDE_1000_200_01_122_glide_00035.png
198,glide,3175,GenImage_test/glide/test/nature/ILSVRC2012_val_00026444.JPEG
199,glide,3176,GenImage_test/glide/test/ai/GLIDE_1000_200_03_375_glide_00074.png
199,glide,3177,GenImage_test/glide/test/ai/GLIDE_1000_200_06_621_glide_00143.png
199,glide,3178,GenImage_test/glide/test/ai/GLIDE_1000_200_07_761_glide_00039.png
199,glide,3179,GenImage_test/glide/test/ai/GLIDE_1000_200_08_859_glide_00039.png
199,glide,3180,GenImage_test/glide/test/ai/GLIDE_1000_200_03_334_glide_00035.png
199,glide,3181,GenImage_test/glide/test/ai/GLIDE_1000_200_04_486_glide_00127.png
199,glide,3182,GenImage_test/glide/test/ai/GLIDE_1000_200_04_461_glide_00143.png
199,glide,3183,GenImage_test/glide/test/ai/GLIDE_1000_200_08_843_glide_00035.png
199,glide,3184,GenImage_test/glide/test/ai/GLIDE_1000_200_04_487_glide_00035.png
199,glide,3185,GenImage_test/glide/test/nature/ILSVRC2012_val_00026004.JPEG
199,glide,3186,GenImage_test/glide/test/nature/ILSVRC2012_val_00028920.JPEG
199,glide,3187,GenImage_test/glide/test/ai/GLIDE_1000_200_01_144_glide_00143.png
199,glide,3188,GenImage_test/glide/test/ai/GLIDE_1000_200_07_744_glide_00127.png
199,glide,3189,GenImage_test/glide/test/ai/GLIDE_1000_200_07_734_glide_00039.png
199,glide,3190,GenImage_test/glide/test/nature/ILSVRC2012_val_00011034.JPEG
199,glide,3191,GenImage_test/glide/test/nature/ILSVRC2012_val_00008522.JPEG
200,glide,3192,GenImage_test/glide/test/nature/ILSVRC2012_val_00021947.JPEG
200,glide,3193,GenImage_test/glide/test/nature/ILSVRC2012_val_00023156.JPEG
200,glide,3194,GenImage_test/glide/test/ai/GLIDE_1000_200_07_708_glide_00039.png
200,glide,3195,GenImage_test/glide/test/nature/ILSVRC2012_val_00042189.JPEG
200,glide,3196,GenImage_test/glide/test/ai/GLIDE_1000_200_04_425_glide_00039.png
200,glide,3197,GenImage_test/glide/test/ai/GLIDE_1000_200_09_933_glide_00127.png
200,glide,3198,GenImage_test/glide/test/nature/ILSVRC2012_val_00025960.JPEG
200,glide,3199,GenImage_test/glide/test/ai/GLIDE_1000_200_04_494_glide_00143.png
200,glide,3200,GenImage_test/glide/test/nature/ILSVRC2012_val_00010108.JPEG
200,glide,3201,GenImage_test/glide/test/nature/ILSVRC2012_val_00000184.JPEG
200,glide,3202,GenImage_test/glide/test/ai/GLIDE_1000_200_05_591_glide_00039.png
200,glide,3203,GenImage_test/glide/test/nature/ILSVRC2012_val_00034108.JPEG
200,glide,3204,GenImage_test/glide/test/nature/ILSVRC2012_val_00001124.JPEG
200,glide,3205,GenImage_test/glide/test/nature/ILSVRC2012_val_00020732.JPEG
200,glide,3206,GenImage_test/glide/test/ai/GLIDE_1000_200_01_141_glide_00020.png
200,glide,3207,GenImage_test/glide/test/ai/GLIDE_1000_200_06_620_glide_00039.png
201,glide,3208,GenImage_test/glide/test/nature/ILSVRC2012_val_00026136.JPEG
201,glide,3209,GenImage_test/glide/test/nature/ILSVRC2012_val_00020498.JPEG
201,glide,3210,GenImage_test/glide/test/ai/GLIDE_1000_200_00_069_glide_00039.png
201,glide,3211,GenImage_test/glide/test/ai/GLIDE_1000_200_06_658_glide_00035.png
201,glide,3212,GenImage_test/glide/test/nature/ILSVRC2012_val_00022804.JPEG
201,glide,3213,GenImage_test/glide/test/ai/GLIDE_1000_200_07_731_glide_00035.png
201,glide,3214,GenImage_test/glide/test/ai/GLIDE_1000_200_00_070_glide_00020.png
201,glide,3215,GenImage_test/glide/test/ai/GLIDE_1000_200_00_075_glide_00035.png
201,glide,3216,GenImage_test/glide/test/ai/GLIDE_1000_200_04_469_glide_00127.png
201,glide,3217,GenImage_test/glide/test/nature/ILSVRC2012_val_00022532.JPEG
201,glide,3218,GenImage_test/glide/test/nature/ILSVRC2012_val_00031395.JPEG
201,glide,3219,GenImage_test/glide/test/ai/GLIDE_1000_200_05_581_glide_00039.png
201,glide,3220,GenImage_test/glide/test/ai/GLIDE_1000_200_03_362_glide_00074.png
201,glide,3221,GenImage_test/glide/test/nature/ILSVRC2012_val_00034631.JPEG
201,glide,3222,GenImage_test/glide/test/nature/ILSVRC2012_val_00009532.JPEG
201,glide,3223,GenImage_test/glide/test/nature/ILSVRC2012_val_00021261.JPEG
202,glide,3224,GenImage_test/glide/test/nature/ILSVRC2012_val_00005580.JPEG
202,glide,3225,GenImage_test/glide/test/ai/GLIDE_1000_200_07_726_glide_00039.png
202,glide,3226,GenImage_test/glide/test/ai/GLIDE_1000_200_00_097_glide_00035.png
202,glide,3227,GenImage_test/glide/test/ai/GLIDE_1000_200_05_544_glide_00020.png
202,glide,3228,GenImage_test/glide/test/ai/GLIDE_1000_200_06_694_glide_00020.png
202,glide,3229,GenImage_test/glide/test/nature/ILSVRC2012_val_00015937.JPEG
202,glide,3230,GenImage_test/glide/test/ai/GLIDE_1000_200_00_029_glide_00074.png
202,glide,3231,GenImage_test/glide/test/nature/ILSVRC2012_val_00001141.JPEG
202,glide,3232,GenImage_test/glide/test/nature/ILSVRC2012_val_00046167.JPEG
202,glide,3233,GenImage_test/glide/test/nature/ILSVRC2012_val_00000058.JPEG
202,glide,3234,GenImage_test/glide/test/nature/ILSVRC2012_val_00046497.JPEG
202,glide,3235,GenImage_test/glide/test/nature/ILSVRC2012_val_00010846.JPEG
202,glide,3236,GenImage_test/glide/test/ai/GLIDE_1000_200_04_451_glide_00039.png
202,glide,3237,GenImage_test/glide/test/nature/ILSVRC2012_val_00044775.JPEG
202,glide,3238,GenImage_test/glide/test/ai/GLIDE_1000_200_01_120_glide_00035.png
202,glide,3239,GenImage_test/glide/test/ai/GLIDE_1000_200_09_983_glide_00127.png
203,glide,3240,GenImage_test/glide/test/ai/GLIDE_1000_200_00_048_glide_00143.png
203,glide,3241,GenImage_test/glide/test/nature/ILSVRC2012_val_00043614.JPEG
203,glide,3242,GenImage_test/glide/test/ai/GLIDE_1000_200_01_156_glide_00020.png
203,glide,3243,GenImage_test/glide/test/ai/GLIDE_1000_200_09_958_glide_00127.png
203,glide,3244,GenImage_test/glide/test/ai/GLIDE_1000_200_03_362_glide_00039.png
203,glide,3245,GenImage_test/glide/test/nature/ILSVRC2012_val_00022230.JPEG
203,glide,3246,GenImage_test/glide/test/ai/GLIDE_1000_200_04_432_glide_00127.png
203,glide,3247,GenImage_test/glide/test/ai/GLIDE_1000_200_01_198_glide_00074.png
203,glide,3248,GenImage_test/glide/test/nature/ILSVRC2012_val_00023964.JPEG
203,glide,3249,GenImage_test/glide/test/nature/ILSVRC2012_val_00020197.JPEG
203,glide,3250,GenImage_test/glide/test/nature/ILSVRC2012_val_00007497.JPEG
203,glide,3251,GenImage_test/glide/test/nature/ILSVRC2012_val_00004079.JPEG
203,glide,3252,GenImage_test/glide/test/ai/GLIDE_1000_200_09_940_glide_00143.png
203,glide,3253,GenImage_test/glide/test/nature/ILSVRC2012_val_00020121.JPEG
203,glide,3254,GenImage_test/glide/test/ai/GLIDE_1000_200_04_463_glide_00039.png
203,glide,3255,GenImage_test/glide/test/nature/ILSVRC2012_val_00047081.JPEG
204,glide,3256,GenImage_test/glide/test/nature/ILSVRC2012_val_00018765.JPEG
204,glide,3257,GenImage_test/glide/test/nature/ILSVRC2012_val_00023657.JPEG
204,glide,3258,GenImage_test/glide/test/nature/ILSVRC2012_val_00027557.JPEG
204,glide,3259,GenImage_test/glide/test/ai/GLIDE_1000_200_09_970_glide_00035.png
204,glide,3260,GenImage_test/glide/test/nature/ILSVRC2012_val_00030386.JPEG
204,glide,3261,GenImage_test/glide/test/ai/GLIDE_1000_200_02_291_glide_00039.png
204,glide,3262,GenImage_test/glide/test/ai/GLIDE_1000_200_06_648_glide_00074.png
204,glide,3263,GenImage_test/glide/test/nature/ILSVRC2012_val_00003097.JPEG
204,glide,3264,GenImage_test/glide/test/ai/GLIDE_1000_200_04_425_glide_00127.png
204,glide,3265,GenImage_test/glide/test/nature/ILSVRC2012_val_00010418.JPEG
204,glide,3266,GenImage_test/glide/test/nature/ILSVRC2012_val_00042501.JPEG
204,glide,3267,GenImage_test/glide/test/ai/GLIDE_1000_200_09_915_glide_00039.png
204,glide,3268,GenImage_test/glide/test/nature/ILSVRC2012_val_00001976.JPEG
204,glide,3269,GenImage_test/glide/test/nature/ILSVRC2012_val_00035833.JPEG
204,glide,3270,GenImage_test/glide/test/ai/GLIDE_1000_200_04_474_glide_00127.png
204,glide,3271,GenImage_test/glide/test/ai/GLIDE_1000_200_02_299_glide_00020.png
205,glide,3272,GenImage_test/glide/test/nature/ILSVRC2012_val_00002511.JPEG
205,glide,3273,GenImage_test/glide/test/nature/ILSVRC2012_val_00025208.JPEG
205,glide,3274,GenImage_test/glide/test/ai/GLIDE_1000_200_03_316_glide_00035.png
205,glide,3275,GenImage_test/glide/test/ai/GLIDE_1000_200_09_916_glide_00143.png
205,glide,3276,GenImage_test/glide/test/nature/ILSVRC2012_val_00022401.JPEG
205,glide,3277,GenImage_test/glide/test/ai/GLIDE_1000_200_01_126_glide_00020.png
205,glide,3278,GenImage_test/glide/test/ai/GLIDE_1000_200_06_656_glide_00127.png
205,glide,3279,GenImage_test/glide/test/ai/GLIDE_1000_200_09_910_glide_00020.png
205,glide,3280,GenImage_test/glide/test/ai/GLIDE_1000_200_08_814_glide_00035.png
205,glide,3281,GenImage_test/glide/test/nature/ILSVRC2012_val_00048866.JPEG
205,glide,3282,GenImage_test/glide/test/ai/GLIDE_1000_200_00_007_glide_00039.png
205,glide,3283,GenImage_test/glide/test/ai/GLIDE_1000_200_07_705_glide_00039.png
205,glide,3284,GenImage_test/glide/test/ai/GLIDE_1000_200_05_523_glide_00143.png
205,glide,3285,GenImage_test/glide/test/nature/ILSVRC2012_val_00030182.JPEG
205,glide,3286,GenImage_test/glide/test/ai/GLIDE_1000_200_00_068_glide_00020.png
205,glide,3287,GenImage_test/glide/test/nature/ILSVRC2012_val_00024554.JPEG
206,glide,3288,GenImage_test/glide/test/nature/ILSVRC2012_val_00026671.JPEG
206,glide,3289,GenImage_test/glide/test/nature/ILSVRC2012_val_00047554.JPEG
206,glide,3290,GenImage_test/glide/test/nature/ILSVRC2012_val_00027727.JPEG
206,glide,3291,GenImage_test/glide/test/ai/GLIDE_1000_200_06_684_glide_00074.png
206,glide,3292,GenImage_test/glide/test/ai/GLIDE_1000_200_04_454_glide_00074.png
206,glide,3293,GenImage_test/glide/test/ai/GLIDE_1000_200_04_493_glide_00143.png
206,glide,3294,GenImage_test/glide/test/ai/GLIDE_1000_200_03_365_glide_00074.png
206,glide,3295,GenImage_test/glide/test/ai/GLIDE_1000_200_01_180_glide_00020.png
206,glide,3296,GenImage_test/glide/test/nature/ILSVRC2012_val_00042736.JPEG
206,glide,3297,GenImage_test/glide/test/nature/ILSVRC2012_val_00013769.JPEG
206,glide,3298,GenImage_test/glide/test/nature/ILSVRC2012_val_00006181.JPEG
206,glide,3299,GenImage_test/glide/test/nature/ILSVRC2012_val_00004288.JPEG
206,glide,3300,GenImage_test/glide/test/ai/GLIDE_1000_200_01_107_glide_00127.png
206,glide,3301,GenImage_test/glide/test/ai/GLIDE_1000_200_07_703_glide_00035.png
206,glide,3302,GenImage_test/glide/test/nature/ILSVRC2012_val_00024460.JPEG
206,glide,3303,GenImage_test/glide/test/nature/ILSVRC2012_val_00020022.JPEG
207,glide,3304,GenImage_test/glide/test/nature/ILSVRC2012_val_00046841.JPEG
207,glide,3305,GenImage_test/glide/test/nature/ILSVRC2012_val_00042601.JPEG
207,glide,3306,GenImage_test/glide/test/nature/ILSVRC2012_val_00043100.JPEG
207,glide,3307,GenImage_test/glide/test/ai/GLIDE_1000_200_00_049_glide_00035.png
207,glide,3308,GenImage_test/glide/test/ai/GLIDE_1000_200_01_171_glide_00127.png
207,glide,3309,GenImage_test/glide/test/nature/ILSVRC2012_val_00001005.JPEG
207,glide,3310,GenImage_test/glide/test/ai/GLIDE_1000_200_01_154_glide_00020.png
207,glide,3311,GenImage_test/glide/test/nature/ILSVRC2012_val_00031665.JPEG
207,glide,3312,GenImage_test/glide/test/ai/GLIDE_1000_200_03_344_glide_00074.png
207,glide,3313,GenImage_test/glide/test/nature/ILSVRC2012_val_00018433.JPEG
207,glide,3314,GenImage_test/glide/test/nature/ILSVRC2012_val_00020112.JPEG
207,glide,3315,GenImage_test/glide/test/ai/GLIDE_1000_200_09_965_glide_00127.png
207,glide,3316,GenImage_test/glide/test/ai/GLIDE_1000_200_09_905_glide_00143.png
207,glide,3317,GenImage_test/glide/test/nature/ILSVRC2012_val_00047763.JPEG
207,glide,3318,GenImage_test/glide/test/nature/ILSVRC2012_val_00031423.JPEG
207,glide,3319,GenImage_test/glide/test/nature/ILSVRC2012_val_00036506.JPEG
208,glide,3320,GenImage_test/glide/test/ai/GLIDE_1000_200_06_629_glide_00143.png
208,glide,3321,GenImage_test/glide/test/ai/GLIDE_1000_200_07_746_glide_00020.png
208,glide,3322,GenImage_test/glide/test/nature/ILSVRC2012_val_00049095.JPEG
208,glide,3323,GenImage_test/glide/test/ai/GLIDE_1000_200_01_165_glide_00074.png
208,glide,3324,GenImage_test/glide/test/nature/ILSVRC2012_val_00012013.JPEG
208,glide,3325,GenImage_test/glide/test/nature/ILSVRC2012_val_00010080.JPEG
208,glide,3326,GenImage_test/glide/test/ai/GLIDE_1000_200_08_836_glide_00127.png
208,glide,3327,GenImage_test/glide/test/ai/GLIDE_1000_200_04_411_glide_00039.png
208,glide,3328,GenImage_test/glide/test/nature/ILSVRC2012_val_00012876.JPEG
208,glide,3329,GenImage_test/glide/test/ai/GLIDE_1000_200_04_458_glide_00127.png
208,glide,3330,GenImage_test/glide/test/ai/GLIDE_1000_200_01_165_glide_00035.png
208,glide,3331,GenImage_test/glide/test/nature/ILSVRC2012_val_00029593.JPEG
208,glide,3332,GenImage_test/glide/test/ai/GLIDE_1000_200_04_429_glide_00035.png
208,glide,3333,GenImage_test/glide/test/nature/ILSVRC2012_val_00034930.JPEG
208,glide,3334,GenImage_test/glide/test/ai/GLIDE_1000_200_05_519_glide_00074.png
208,glide,3335,GenImage_test/glide/test/nature/ILSVRC2012_val_00003906.JPEG
209,glide,3336,GenImage_test/glide/test/nature/ILSVRC2012_val_00028398.JPEG
209,glide,3337,GenImage_test/glide/test/nature/ILSVRC2012_val_00004234.JPEG
209,glide,3338,GenImage_test/glide/test/ai/GLIDE_1000_200_02_210_glide_00074.png
209,glide,3339,GenImage_test/glide/test/ai/GLIDE_1000_200_09_994_glide_00074.png
209,glide,3340,GenImage_test/glide/test/nature/ILSVRC2012_val_00047549.JPEG
209,glide,3341,GenImage_test/glide/test/nature/ILSVRC2012_val_00039027.JPEG
209,glide,3342,GenImage_test/glide/test/nature/ILSVRC2012_val_00009776.JPEG
209,glide,3343,GenImage_test/glide/test/ai/GLIDE_1000_200_05_504_glide_00074.png
209,glide,3344,GenImage_test/glide/test/ai/GLIDE_1000_200_02_216_glide_00074.png
209,glide,3345,GenImage_test/glide/test/ai/GLIDE_1000_200_06_660_glide_00020.png
209,glide,3346,GenImage_test/glide/test/ai/GLIDE_1000_200_03_373_glide_00020.png
209,glide,3347,GenImage_test/glide/test/nature/ILSVRC2012_val_00041064.JPEG
209,glide,3348,GenImage_test/glide/test/nature/ILSVRC2012_val_00042965.JPEG
209,glide,3349,GenImage_test/glide/test/ai/GLIDE_1000_200_07_726_glide_00143.png
209,glide,3350,GenImage_test/glide/test/ai/GLIDE_1000_200_06_623_glide_00020.png
209,glide,3351,GenImage_test/glide/test/ai/GLIDE_1000_200_05_535_glide_00074.png
210,glide,3352,GenImage_test/glide/test/nature/ILSVRC2012_val_00016526.JPEG
210,glide,3353,GenImage_test/glide/test/nature/ILSVRC2012_val_00028900.JPEG
210,glide,3354,GenImage_test/glide/test/nature/ILSVRC2012_val_00020454.JPEG
210,glide,3355,GenImage_test/glide/test/nature/ILSVRC2012_val_00004663.JPEG
210,glide,3356,GenImage_test/glide/test/ai/GLIDE_1000_200_09_953_glide_00074.png
210,glide,3357,GenImage_test/glide/test/nature/ILSVRC2012_val_00037575.JPEG
210,glide,3358,GenImage_test/glide/test/ai/GLIDE_1000_200_08_868_glide_00020.png
210,glide,3359,GenImage_test/glide/test/nature/ILSVRC2012_val_00032396.JPEG
210,glide,3360,GenImage_test/glide/test/nature/ILSVRC2012_val_00032434.JPEG
210,glide,3361,GenImage_test/glide/test/ai/GLIDE_1000_200_01_131_glide_00039.png
210,glide,3362,GenImage_test/glide/test/ai/GLIDE_1000_200_05_560_glide_00143.png
210,glide,3363,GenImage_test/glide/test/ai/GLIDE_1000_200_00_013_glide_00035.png
210,glide,3364,GenImage_test/glide/test/nature/ILSVRC2012_val_00002093.JPEG
210,glide,3365,GenImage_test/glide/test/ai/GLIDE_1000_200_05_558_glide_00035.png
210,glide,3366,GenImage_test/glide/test/nature/ILSVRC2012_val_00029065.JPEG
210,glide,3367,GenImage_test/glide/test/ai/GLIDE_1000_200_03_345_glide_00020.png
211,glide,3368,GenImage_test/glide/test/ai/GLIDE_1000_200_02_256_glide_00127.png
211,glide,3369,GenImage_test/glide/test/ai/GLIDE_1000_200_07_763_glide_00020.png
211,glide,3370,GenImage_test/glide/test/nature/ILSVRC2012_val_00028568.JPEG
211,glide,3371,GenImage_test/glide/test/ai/GLIDE_1000_200_03_351_glide_00035.png
211,glide,3372,GenImage_test/glide/test/ai/GLIDE_1000_200_03_379_glide_00127.png
211,glide,3373,GenImage_test/glide/test/ai/GLIDE_1000_200_09_946_glide_00039.png
211,glide,3374,GenImage_test/glide/test/nature/ILSVRC2012_val_00048872.JPEG
211,glide,3375,GenImage_test/glide/test/nature/ILSVRC2012_val_00003816.JPEG
211,glide,3376,GenImage_test/glide/test/ai/GLIDE_1000_200_00_054_glide_00039.png
211,glide,3377,GenImage_test/glide/test/nature/ILSVRC2012_val_00025661.JPEG
211,glide,3378,GenImage_test/glide/test/ai/GLIDE_1000_200_07_721_glide_00039.png
211,glide,3379,GenImage_test/glide/test/nature/ILSVRC2012_val_00038904.JPEG
211,glide,3380,GenImage_test/glide/test/ai/GLIDE_1000_200_01_103_glide_00074.png
211,glide,3381,GenImage_test/glide/test/nature/ILSVRC2012_val_00024714.JPEG
211,glide,3382,GenImage_test/glide/test/ai/GLIDE_1000_200_07_761_glide_00127.png
211,glide,3383,GenImage_test/glide/test/ai/GLIDE_1000_200_00_068_glide_00035.png
212,glide,3384,GenImage_test/glide/test/ai/GLIDE_1000_200_01_178_glide_00039.png
212,glide,3385,GenImage_test/glide/test/nature/ILSVRC2012_val_00033531.JPEG
212,glide,3386,GenImage_test/glide/test/ai/GLIDE_1000_200_08_856_glide_00127.png
212,glide,3387,GenImage_test/glide/test/nature/ILSVRC2012_val_00022298.JPEG
212,glide,3388,GenImage_test/glide/test/ai/GLIDE_1000_200_07_756_glide_00143.png
212,glide,3389,GenImage_test/glide/test/ai/GLIDE_1000_200_09_904_glide_00074.png
212,glide,3390,GenImage_test/glide/test/nature/ILSVRC2012_val_00023976.JPEG
212,glide,3391,GenImage_test/glide/test/ai/GLIDE_1000_200_08_897_glide_00074.png
212,glide,3392,GenImage_test/glide/test/nature/ILSVRC2012_val_00009396.JPEG
212,glide,3393,GenImage_test/glide/test/ai/GLIDE_1000_200_01_196_glide_00035.png
212,glide,3394,GenImage_test/glide/test/nature/ILSVRC2012_val_00029045.JPEG
212,glide,3395,GenImage_test/glide/test/ai/GLIDE_1000_200_08_821_glide_00035.png
212,glide,3396,GenImage_test/glide/test/ai/GLIDE_1000_200_06_652_glide_00035.png
212,glide,3397,GenImage_test/glide/test/nature/ILSVRC2012_val_00038675.JPEG
212,glide,3398,GenImage_test/glide/test/nature/ILSVRC2012_val_00012588.JPEG
212,glide,3399,GenImage_test/glide/test/ai/GLIDE_1000_200_05_528_glide_00143.png
213,glide,3400,GenImage_test/glide/test/nature/ILSVRC2012_val_00044484.JPEG
213,glide,3401,GenImage_test/glide/test/ai/GLIDE_1000_200_00_052_glide_00127.png
213,glide,3402,GenImage_test/glide/test/ai/GLIDE_1000_200_02_260_glide_00143.png
213,glide,3403,GenImage_test/glide/test/nature/ILSVRC2012_val_00025480.JPEG
213,glide,3404,GenImage_test/glide/test/ai/GLIDE_1000_200_06_622_glide_00039.png
213,glide,3405,GenImage_test/glide/test/nature/ILSVRC2012_val_00011046.JPEG
213,glide,3406,GenImage_test/glide/test/ai/GLIDE_1000_200_08_888_glide_00020.png
213,glide,3407,GenImage_test/glide/test/ai/GLIDE_1000_200_04_412_glide_00020.png
213,glide,3408,GenImage_test/glide/test/ai/GLIDE_1000_200_01_186_glide_00035.png
213,glide,3409,GenImage_test/glide/test/ai/GLIDE_1000_200_01_156_glide_00074.png
213,glide,3410,GenImage_test/glide/test/ai/GLIDE_1000_200_07_716_glide_00074.png
213,glide,3411,GenImage_test/glide/test/ai/GLIDE_1000_200_06_675_glide_00020.png
213,glide,3412,GenImage_test/glide/test/nature/ILSVRC2012_val_00018455.JPEG
213,glide,3413,GenImage_test/glide/test/nature/ILSVRC2012_val_00025876.JPEG
213,glide,3414,GenImage_test/glide/test/nature/ILSVRC2012_val_00027598.JPEG
213,glide,3415,GenImage_test/glide/test/nature/ILSVRC2012_val_00008828.JPEG
214,glide,3416,GenImage_test/glide/test/ai/GLIDE_1000_200_02_236_glide_00035.png
214,glide,3417,GenImage_test/glide/test/ai/GLIDE_1000_200_07_766_glide_00020.png
214,glide,3418,GenImage_test/glide/test/ai/GLIDE_1000_200_02_256_glide_00035.png
214,glide,3419,GenImage_test/glide/test/ai/GLIDE_1000_200_04_426_glide_00039.png
214,glide,3420,GenImage_test/glide/test/ai/GLIDE_1000_200_00_009_glide_00039.png
214,glide,3421,GenImage_test/glide/test/nature/ILSVRC2012_val_00031791.JPEG
214,glide,3422,GenImage_test/glide/test/nature/ILSVRC2012_val_00034153.JPEG
214,glide,3423,GenImage_test/glide/test/nature/ILSVRC2012_val_00046979.JPEG
214,glide,3424,GenImage_test/glide/test/ai/GLIDE_1000_200_07_711_glide_00074.png
214,glide,3425,GenImage_test/glide/test/nature/ILSVRC2012_val_00030765.JPEG
214,glide,3426,GenImage_test/glide/test/ai/GLIDE_1000_200_06_600_glide_00039.png
214,glide,3427,GenImage_test/glide/test/ai/GLIDE_1000_200_01_187_glide_00020.png
214,glide,3428,GenImage_test/glide/test/ai/GLIDE_1000_200_05_516_glide_00127.png
214,glide,3429,GenImage_test/glide/test/ai/GLIDE_1000_200_02_215_glide_00074.png
214,glide,3430,GenImage_test/glide/test/nature/ILSVRC2012_val_00017540.JPEG
214,glide,3431,GenImage_test/glide/test/ai/GLIDE_1000_200_02_264_glide_00039.png
215,glide,3432,GenImage_test/glide/test/ai/GLIDE_1000_200_06_648_glide_00039.png
215,glide,3433,GenImage_test/glide/test/nature/ILSVRC2012_val_00003005.JPEG
215,glide,3434,GenImage_test/glide/test/ai/GLIDE_1000_200_05_589_glide_00074.png
215,glide,3435,GenImage_test/glide/test/ai/GLIDE_1000_200_07_727_glide_00074.png
215,glide,3436,GenImage_test/glide/test/nature/ILSVRC2012_val_00017241.JPEG
215,glide,3437,GenImage_test/glide/test/nature/ILSVRC2012_val_00004739.JPEG
215,glide,3438,GenImage_test/glide/test/nature/ILSVRC2012_val_00030380.JPEG
215,glide,3439,GenImage_test/glide/test/nature/ILSVRC2012_val_00033824.JPEG
215,glide,3440,GenImage_test/glide/test/nature/ILSVRC2012_val_00009295.JPEG
215,glide,3441,GenImage_test/glide/test/nature/ILSVRC2012_val_00039835.JPEG
215,glide,3442,GenImage_test/glide/test/ai/GLIDE_1000_200_03_331_glide_00039.png
215,glide,3443,GenImage_test/glide/test/nature/ILSVRC2012_val_00016324.JPEG
215,glide,3444,GenImage_test/glide/test/ai/GLIDE_1000_200_08_840_glide_00143.png
215,glide,3445,GenImage_test/glide/test/nature/ILSVRC2012_val_00014778.JPEG
215,glide,3446,GenImage_test/glide/test/nature/ILSVRC2012_val_00002824.JPEG
215,glide,3447,GenImage_test/glide/test/nature/ILSVRC2012_val_00036632.JPEG
216,glide,3448,GenImage_test/glide/test/ai/GLIDE_1000_200_07_747_glide_00143.png
216,glide,3449,GenImage_test/glide/test/nature/ILSVRC2012_val_00029727.JPEG
216,glide,3450,GenImage_test/glide/test/ai/GLIDE_1000_200_01_135_glide_00074.png
216,glide,3451,GenImage_test/glide/test/ai/GLIDE_1000_200_05_512_glide_00035.png
216,glide,3452,GenImage_test/glide/test/nature/ILSVRC2012_val_00013826.JPEG
216,glide,3453,GenImage_test/glide/test/ai/GLIDE_1000_200_00_070_glide_00035.png
216,glide,3454,GenImage_test/glide/test/ai/GLIDE_1000_200_08_816_glide_00127.png
216,glide,3455,GenImage_test/glide/test/ai/GLIDE_1000_200_05_557_glide_00143.png
216,glide,3456,GenImage_test/glide/test/ai/GLIDE_1000_200_03_397_glide_00143.png
216,glide,3457,GenImage_test/glide/test/ai/GLIDE_1000_200_08_811_glide_00127.png
216,glide,3458,GenImage_test/glide/test/nature/ILSVRC2012_val_00021024.JPEG
216,glide,3459,GenImage_test/glide/test/nature/ILSVRC2012_val_00041980.JPEG
216,glide,3460,GenImage_test/glide/test/ai/GLIDE_1000_200_03_377_glide_00020.png
216,glide,3461,GenImage_test/glide/test/ai/GLIDE_1000_200_05_543_glide_00035.png
216,glide,3462,GenImage_test/glide/test/ai/GLIDE_1000_200_09_993_glide_00039.png
216,glide,3463,GenImage_test/glide/test/nature/ILSVRC2012_val_00022519.JPEG
217,glide,3464,GenImage_test/glide/test/ai/GLIDE_1000_200_05_500_glide_00074.png
217,glide,3465,GenImage_test/glide/test/nature/ILSVRC2012_val_00048989.JPEG
217,glide,3466,GenImage_test/glide/test/nature/ILSVRC2012_val_00018784.JPEG
217,glide,3467,GenImage_test/glide/test/nature/ILSVRC2012_val_00015879.JPEG
217,glide,3468,GenImage_test/glide/test/nature/ILSVRC2012_val_00018615.JPEG
217,glide,3469,GenImage_test/glide/test/nature/ILSVRC2012_val_00002578.JPEG
217,glide,3470,GenImage_test/glide/test/nature/ILSVRC2012_val_00008147.JPEG
217,glide,3471,GenImage_test/glide/test/ai/GLIDE_1000_200_06_651_glide_00035.png
217,glide,3472,GenImage_test/glide/test/nature/ILSVRC2012_val_00029498.JPEG
217,glide,3473,GenImage_test/glide/test/nature/ILSVRC2012_val_00007680.JPEG
217,glide,3474,GenImage_test/glide/test/nature/ILSVRC2012_val_00005115.JPEG
217,glide,3475,GenImage_test/glide/test/ai/GLIDE_1000_200_03_307_glide_00074.png
217,glide,3476,GenImage_test/glide/test/nature/ILSVRC2012_val_00037119.JPEG
217,glide,3477,GenImage_test/glide/test/ai/GLIDE_1000_200_01_151_glide_00074.png
217,glide,3478,GenImage_test/glide/test/ai/GLIDE_1000_200_06_662_glide_00127.png
217,glide,3479,GenImage_test/glide/test/ai/GLIDE_1000_200_02_279_glide_00074.png
218,glide,3480,GenImage_test/glide/test/ai/GLIDE_1000_200_06_632_glide_00143.png
218,glide,3481,GenImage_test/glide/test/ai/GLIDE_1000_200_04_437_glide_00074.png
218,glide,3482,GenImage_test/glide/test/ai/GLIDE_1000_200_05_517_glide_00143.png
218,glide,3483,GenImage_test/glide/test/nature/ILSVRC2012_val_00012918.JPEG
218,glide,3484,GenImage_test/glide/test/nature/ILSVRC2012_val_00041393.JPEG
218,glide,3485,GenImage_test/glide/test/ai/GLIDE_1000_200_09_917_glide_00127.png
218,glide,3486,GenImage_test/glide/test/ai/GLIDE_1000_200_09_959_glide_00039.png
218,glide,3487,GenImage_test/glide/test/ai/GLIDE_1000_200_04_499_glide_00035.png
218,glide,3488,GenImage_test/glide/test/ai/GLIDE_1000_200_08_800_glide_00039.png
218,glide,3489,GenImage_test/glide/test/ai/GLIDE_1000_200_06_638_glide_00035.png
218,glide,3490,GenImage_test/glide/test/nature/ILSVRC2012_val_00021482.JPEG
218,glide,3491,GenImage_test/glide/test/ai/GLIDE_1000_200_01_194_glide_00074.png
218,glide,3492,GenImage_test/glide/test/ai/GLIDE_1000_200_04_411_glide_00074.png
218,glide,3493,GenImage_test/glide/test/nature/ILSVRC2012_val_00041073.JPEG
218,glide,3494,GenImage_test/glide/test/ai/GLIDE_1000_200_04_469_glide_00074.png
218,glide,3495,GenImage_test/glide/test/ai/GLIDE_1000_200_02_284_glide_00143.png
219,glide,3496,GenImage_test/glide/test/ai/GLIDE_1000_200_01_174_glide_00035.png
219,glide,3497,GenImage_test/glide/test/ai/GLIDE_1000_200_07_724_glide_00074.png
219,glide,3498,GenImage_test/glide/test/nature/ILSVRC2012_val_00027275.JPEG
219,glide,3499,GenImage_test/glide/test/ai/GLIDE_1000_200_07_742_glide_00035.png
219,glide,3500,GenImage_test/glide/test/ai/GLIDE_1000_200_00_013_glide_00143.png
219,glide,3501,GenImage_test/glide/test/nature/ILSVRC2012_val_00040545.JPEG
219,glide,3502,GenImage_test/glide/test/nature/ILSVRC2012_val_00000760.JPEG
219,glide,3503,GenImage_test/glide/test/nature/ILSVRC2012_val_00018118.JPEG
219,glide,3504,GenImage_test/glide/test/nature/ILSVRC2012_val_00012510.JPEG
219,glide,3505,GenImage_test/glide/test/nature/ILSVRC2012_val_00048589.JPEG
219,glide,3506,GenImage_test/glide/test/ai/GLIDE_1000_200_06_615_glide_00035.png
219,glide,3507,GenImage_test/glide/test/ai/GLIDE_1000_200_01_175_glide_00020.png
219,glide,3508,GenImage_test/glide/test/ai/GLIDE_1000_200_00_008_glide_00039.png
219,glide,3509,GenImage_test/glide/test/nature/ILSVRC2012_val_00049737.JPEG
219,glide,3510,GenImage_test/glide/test/nature/ILSVRC2012_val_00028804.JPEG
219,glide,3511,GenImage_test/glide/test/ai/GLIDE_1000_200_01_120_glide_00127.png
220,glide,3512,GenImage_test/glide/test/ai/GLIDE_1000_200_00_061_glide_00020.png
220,glide,3513,GenImage_test/glide/test/ai/GLIDE_1000_200_01_154_glide_00143.png
220,glide,3514,GenImage_test/glide/test/nature/ILSVRC2012_val_00033346.JPEG
220,glide,3515,GenImage_test/glide/test/nature/ILSVRC2012_val_00023406.JPEG
220,glide,3516,GenImage_test/glide/test/ai/GLIDE_1000_200_08_806_glide_00035.png
220,glide,3517,GenImage_test/glide/test/ai/GLIDE_1000_200_07_742_glide_00074.png
220,glide,3518,GenImage_test/glide/test/ai/GLIDE_1000_200_08_808_glide_00039.png
220,glide,3519,GenImage_test/glide/test/nature/ILSVRC2012_val_00008816.JPEG
220,glide,3520,GenImage_test/glide/test/ai/GLIDE_1000_200_02_220_glide_00039.png
220,glide,3521,GenImage_test/glide/test/nature/ILSVRC2012_val_00042024.JPEG
220,glide,3522,GenImage_test/glide/test/nature/ILSVRC2012_val_00042093.JPEG
220,glide,3523,GenImage_test/glide/test/nature/ILSVRC2012_val_00026530.JPEG
220,glide,3524,GenImage_test/glide/test/nature/ILSVRC2012_val_00049866.JPEG
220,glide,3525,GenImage_test/glide/test/ai/GLIDE_1000_200_08_869_glide_00035.png
220,glide,3526,GenImage_test/glide/test/nature/ILSVRC2012_val_00032563.JPEG
220,glide,3527,GenImage_test/glide/test/nature/ILSVRC2012_val_00008350.JPEG
221,glide,3528,GenImage_test/glide/test/nature/ILSVRC2012_val_00004970.JPEG
221,glide,3529,GenImage_test/glide/test/ai/GLIDE_1000_200_09_913_glide_00127.png
221,glide,3530,GenImage_test/glide/test/ai/GLIDE_1000_200_03_399_glide_00127.png
221,glide,3531,GenImage_test/glide/test/ai/GLIDE_1000_200_03_319_glide_00127.png
221,glide,3532,GenImage_test/glide/test/nature/ILSVRC2012_val_00001827.JPEG
221,glide,3533,GenImage_test/glide/test/ai/GLIDE_1000_200_00_013_glide_00074.png
221,glide,3534,GenImage_test/glide/test/nature/ILSVRC2012_val_00000407.JPEG
221,glide,3535,GenImage_test/glide/test/ai/GLIDE_1000_200_00_062_glide_00143.png
221,glide,3536,GenImage_test/glide/test/ai/GLIDE_1000_200_04_483_glide_00143.png
221,glide,3537,GenImage_test/glide/test/ai/GLIDE_1000_200_08_828_glide_00035.png
221,glide,3538,GenImage_test/glide/test/ai/GLIDE_1000_200_06_661_glide_00035.png
221,glide,3539,GenImage_test/glide/test/ai/GLIDE_1000_200_07_786_glide_00074.png
221,glide,3540,GenImage_test/glide/test/nature/ILSVRC2012_val_00007315.JPEG
221,glide,3541,GenImage_test/glide/test/nature/ILSVRC2012_val_00015030.JPEG
221,glide,3542,GenImage_test/glide/test/ai/GLIDE_1000_200_07_714_glide_00127.png
221,glide,3543,GenImage_test/glide/test/nature/ILSVRC2012_val_00021487.JPEG
222,glide,3544,GenImage_test/glide/test/ai/GLIDE_1000_200_03_346_glide_00074.png
222,glide,3545,GenImage_test/glide/test/nature/ILSVRC2012_val_00006811.JPEG
222,glide,3546,GenImage_test/glide/test/ai/GLIDE_1000_200_06_629_glide_00020.png
222,glide,3547,GenImage_test/glide/test/nature/ILSVRC2012_val_00014166.JPEG
222,glide,3548,GenImage_test/glide/test/ai/GLIDE_1000_200_08_851_glide_00127.png
222,glide,3549,GenImage_test/glide/test/nature/ILSVRC2012_val_00016801.JPEG
222,glide,3550,GenImage_test/glide/test/ai/GLIDE_1000_200_00_083_glide_00020.png
222,glide,3551,GenImage_test/glide/test/ai/GLIDE_1000_200_04_489_glide_00127.png
222,glide,3552,GenImage_test/glide/test/ai/GLIDE_1000_200_06_696_glide_00039.png
222,glide,3553,GenImage_test/glide/test/nature/ILSVRC2012_val_00031813.JPEG
222,glide,3554,GenImage_test/glide/test/nature/ILSVRC2012_val_00047557.JPEG
222,glide,3555,GenImage_test/glide/test/nature/ILSVRC2012_val_00049011.JPEG
222,glide,3556,GenImage_test/glide/test/nature/ILSVRC2012_val_00033871.JPEG
222,glide,3557,GenImage_test/glide/test/nature/ILSVRC2012_val_00003214.JPEG
222,glide,3558,GenImage_test/glide/test/ai/GLIDE_1000_200_02_272_glide_00143.png
222,glide,3559,GenImage_test/glide/test/nature/ILSVRC2012_val_00021151.JPEG
223,glide,3560,GenImage_test/glide/test/nature/ILSVRC2012_val_00035839.JPEG
223,glide,3561,GenImage_test/glide/test/nature/ILSVRC2012_val_00000647.JPEG
223,glide,3562,GenImage_test/glide/test/ai/GLIDE_1000_200_00_025_glide_00127.png
223,glide,3563,GenImage_test/glide/test/nature/ILSVRC2012_val_00047631.JPEG
223,glide,3564,GenImage_test/glide/test/nature/ILSVRC2012_val_00040540.JPEG
223,glide,3565,GenImage_test/glide/test/nature/ILSVRC2012_val_00026931.JPEG
223,glide,3566,GenImage_test/glide/test/ai/GLIDE_1000_200_05_599_glide_00020.png
223,glide,3567,GenImage_test/glide/test/ai/GLIDE_1000_200_08_845_glide_00074.png
223,glide,3568,GenImage_test/glide/test/nature/ILSVRC2012_val_00000392.JPEG
223,glide,3569,GenImage_test/glide/test/ai/GLIDE_1000_200_03_321_glide_00074.png
223,glide,3570,GenImage_test/glide/test/nature/ILSVRC2012_val_00011205.JPEG
223,glide,3571,GenImage_test/glide/test/nature/ILSVRC2012_val_00015078.JPEG
223,glide,3572,GenImage_test/glide/test/ai/GLIDE_1000_200_02_218_glide_00127.png
223,glide,3573,GenImage_test/glide/test/nature/ILSVRC2012_val_00040404.JPEG
223,glide,3574,GenImage_test/glide/test/nature/ILSVRC2012_val_00015922.JPEG
223,glide,3575,GenImage_test/glide/test/nature/ILSVRC2012_val_00021072.JPEG
224,glide,3576,GenImage_test/glide/test/nature/ILSVRC2012_val_00026942.JPEG
224,glide,3577,GenImage_test/glide/test/ai/GLIDE_1000_200_03_350_glide_00074.png
224,glide,3578,GenImage_test/glide/test/ai/GLIDE_1000_200_02_217_glide_00039.png
224,glide,3579,GenImage_test/glide/test/nature/ILSVRC2012_val_00047665.JPEG
224,glide,3580,GenImage_test/glide/test/ai/GLIDE_1000_200_02_249_glide_00074.png
224,glide,3581,GenImage_test/glide/test/nature/ILSVRC2012_val_00017346.JPEG
224,glide,3582,GenImage_test/glide/test/ai/GLIDE_1000_200_06_641_glide_00074.png
224,glide,3583,GenImage_test/glide/test/nature/ILSVRC2012_val_00043752.JPEG
224,glide,3584,GenImage_test/glide/test/nature/ILSVRC2012_val_00041090.JPEG
224,glide,3585,GenImage_test/glide/test/ai/GLIDE_1000_200_09_932_glide_00035.png
224,glide,3586,GenImage_test/glide/test/ai/GLIDE_1000_200_09_928_glide_00127.png
224,glide,3587,GenImage_test/glide/test/nature/ILSVRC2012_val_00009916.JPEG
224,glide,3588,GenImage_test/glide/test/ai/GLIDE_1000_200_07_744_glide_00143.png
224,glide,3589,GenImage_test/glide/test/nature/ILSVRC2012_val_00025297.JPEG
224,glide,3590,GenImage_test/glide/test/nature/ILSVRC2012_val_00036281.JPEG
224,glide,3591,GenImage_test/glide/test/ai/GLIDE_1000_200_08_881_glide_00035.png
225,glide,3592,GenImage_test/glide/test/nature/ILSVRC2012_val_00029996.JPEG
225,glide,3593,GenImage_test/glide/test/nature/ILSVRC2012_val_00037890.JPEG
225,glide,3594,GenImage_test/glide/test/ai/GLIDE_1000_200_01_127_glide_00020.png
225,glide,3595,GenImage_test/glide/test/ai/GLIDE_1000_200_03_320_glide_00143.png
225,glide,3596,GenImage_test/glide/test/ai/GLIDE_1000_200_05_556_glide_00127.png
225,glide,3597,GenImage_test/glide/test/ai/GLIDE_1000_200_00_080_glide_00074.png
225,glide,3598,GenImage_test/glide/test/nature/ILSVRC2012_val_00002953.JPEG
225,glide,3599,GenImage_test/glide/test/nature/ILSVRC2012_val_00003359.JPEG
225,glide,3600,GenImage_test/glide/test/nature/ILSVRC2012_val_00027145.JPEG
225,glide,3601,GenImage_test/glide/test/ai/GLIDE_1000_200_06_676_glide_00127.png
225,glide,3602,GenImage_test/glide/test/nature/ILSVRC2012_val_00010794.JPEG
225,glide,3603,GenImage_test/glide/test/nature/ILSVRC2012_val_00035320.JPEG
225,glide,3604,GenImage_test/glide/test/ai/GLIDE_1000_200_07_720_glide_00035.png
225,glide,3605,GenImage_test/glide/test/nature/ILSVRC2012_val_00049906.JPEG
225,glide,3606,GenImage_test/glide/test/ai/GLIDE_1000_200_01_164_glide_00020.png
225,glide,3607,GenImage_test/glide/test/nature/ILSVRC2012_val_00016130.JPEG
226,glide,3608,GenImage_test/glide/test/nature/ILSVRC2012_val_00009979.JPEG
226,glide,3609,GenImage_test/glide/test/nature/ILSVRC2012_val_00000584.JPEG
226,glide,3610,GenImage_test/glide/test/ai/GLIDE_1000_200_05_558_glide_00039.png
226,glide,3611,GenImage_test/glide/test/ai/GLIDE_1000_200_02_208_glide_00020.png
226,glide,3612,GenImage_test/glide/test/ai/GLIDE_1000_200_06_665_glide_00035.png
226,glide,3613,GenImage_test/glide/test/ai/GLIDE_1000_200_09_929_glide_00020.png
226,glide,3614,GenImage_test/glide/test/ai/GLIDE_1000_200_03_321_glide_00035.png
226,glide,3615,GenImage_test/glide/test/ai/GLIDE_1000_200_03_334_glide_00020.png
226,glide,3616,GenImage_test/glide/test/ai/GLIDE_1000_200_09_956_glide_00127.png
226,glide,3617,GenImage_test/glide/test/nature/ILSVRC2012_val_00036507.JPEG
226,glide,3618,GenImage_test/glide/test/nature/ILSVRC2012_val_00005479.JPEG
226,glide,3619,GenImage_test/glide/test/nature/ILSVRC2012_val_00043225.JPEG
226,glide,3620,GenImage_test/glide/test/nature/ILSVRC2012_val_00006414.JPEG
226,glide,3621,GenImage_test/glide/test/ai/GLIDE_1000_200_07_786_glide_00143.png
226,glide,3622,GenImage_test/glide/test/ai/GLIDE_1000_200_04_466_glide_00074.png
226,glide,3623,GenImage_test/glide/test/nature/ILSVRC2012_val_00030747.JPEG
227,glide,3624,GenImage_test/glide/test/ai/GLIDE_1000_200_08_886_glide_00127.png
227,glide,3625,GenImage_test/glide/test/ai/GLIDE_1000_200_09_990_glide_00074.png
227,glide,3626,GenImage_test/glide/test/nature/ILSVRC2012_val_00021848.JPEG
227,glide,3627,GenImage_test/glide/test/ai/GLIDE_1000_200_04_480_glide_00039.png
227,glide,3628,GenImage_test/glide/test/nature/ILSVRC2012_val_00007541.JPEG
227,glide,3629,GenImage_test/glide/test/nature/ILSVRC2012_val_00019735.JPEG
227,glide,3630,GenImage_test/glide/test/ai/GLIDE_1000_200_05_502_glide_00020.png
227,glide,3631,GenImage_test/glide/test/nature/ILSVRC2012_val_00029195.JPEG
227,glide,3632,GenImage_test/glide/test/nature/ILSVRC2012_val_00049383.JPEG
227,glide,3633,GenImage_test/glide/test/ai/GLIDE_1000_200_00_078_glide_00127.png
227,glide,3634,GenImage_test/glide/test/ai/GLIDE_1000_200_06_647_glide_00127.png
227,glide,3635,GenImage_test/glide/test/nature/ILSVRC2012_val_00040587.JPEG
227,glide,3636,GenImage_test/glide/test/ai/GLIDE_1000_200_05_553_glide_00039.png
227,glide,3637,GenImage_test/glide/test/ai/GLIDE_1000_200_02_234_glide_00020.png
227,glide,3638,GenImage_test/glide/test/ai/GLIDE_1000_200_07_749_glide_00020.png
227,glide,3639,GenImage_test/glide/test/nature/ILSVRC2012_val_00030374.JPEG
228,glide,3640,GenImage_test/glide/test/nature/ILSVRC2012_val_00031801.JPEG
228,glide,3641,GenImage_test/glide/test/ai/GLIDE_1000_200_03_309_glide_00020.png
228,glide,3642,GenImage_test/glide/test/nature/ILSVRC2012_val_00047156.JPEG
228,glide,3643,GenImage_test/glide/test/nature/ILSVRC2012_val_00038765.JPEG
228,glide,3644,GenImage_test/glide/test/ai/GLIDE_1000_200_03_392_glide_00074.png
228,glide,3645,GenImage_test/glide/test/ai/GLIDE_1000_200_08_875_glide_00074.png
228,glide,3646,GenImage_test/glide/test/ai/GLIDE_1000_200_04_456_glide_00020.png
228,glide,3647,GenImage_test/glide/test/ai/GLIDE_1000_200_02_250_glide_00143.png
228,glide,3648,GenImage_test/glide/test/ai/GLIDE_1000_200_04_474_glide_00020.png
228,glide,3649,GenImage_test/glide/test/ai/GLIDE_1000_200_04_496_glide_00020.png
228,glide,3650,GenImage_test/glide/test/nature/ILSVRC2012_val_00018948.JPEG
228,glide,3651,GenImage_test/glide/test/ai/GLIDE_1000_200_04_424_glide_00020.png
228,glide,3652,GenImage_test/glide/test/nature/ILSVRC2012_val_00037439.JPEG
228,glide,3653,GenImage_test/glide/test/ai/GLIDE_1000_200_03_312_glide_00143.png
228,glide,3654,GenImage_test/glide/test/nature/ILSVRC2012_val_00005851.JPEG
228,glide,3655,GenImage_test/glide/test/nature/ILSVRC2012_val_00022691.JPEG
229,glide,3656,GenImage_test/glide/test/ai/GLIDE_1000_200_07_738_glide_00074.png
229,glide,3657,GenImage_test/glide/test/nature/ILSVRC2012_val_00025816.JPEG
229,glide,3658,GenImage_test/glide/test/nature/ILSVRC2012_val_00012619.JPEG
229,glide,3659,GenImage_test/glide/test/ai/GLIDE_1000_200_02_271_glide_00039.png
229,glide,3660,GenImage_test/glide/test/nature/ILSVRC2012_val_00005731.JPEG
229,glide,3661,GenImage_test/glide/test/nature/ILSVRC2012_val_00037664.JPEG
229,glide,3662,GenImage_test/glide/test/ai/GLIDE_1000_200_09_935_glide_00127.png
229,glide,3663,GenImage_test/glide/test/nature/ILSVRC2012_val_00040379.JPEG
229,glide,3664,GenImage_test/glide/test/nature/ILSVRC2012_val_00044147.JPEG
229,glide,3665,GenImage_test/glide/test/nature/ILSVRC2012_val_00006856.JPEG
229,glide,3666,GenImage_test/glide/test/ai/GLIDE_1000_200_06_661_glide_00127.png
229,glide,3667,GenImage_test/glide/test/ai/GLIDE_1000_200_04_403_glide_00127.png
229,glide,3668,GenImage_test/glide/test/ai/GLIDE_1000_200_07_771_glide_00035.png
229,glide,3669,GenImage_test/glide/test/ai/GLIDE_1000_200_00_088_glide_00020.png
229,glide,3670,GenImage_test/glide/test/ai/GLIDE_1000_200_04_480_glide_00074.png
229,glide,3671,GenImage_test/glide/test/ai/GLIDE_1000_200_02_210_glide_00020.png
230,glide,3672,GenImage_test/glide/test/nature/ILSVRC2012_val_00015136.JPEG
230,glide,3673,GenImage_test/glide/test/ai/GLIDE_1000_200_00_073_glide_00143.png
230,glide,3674,GenImage_test/glide/test/nature/ILSVRC2012_val_00000837.JPEG
230,glide,3675,GenImage_test/glide/test/nature/ILSVRC2012_val_00030634.JPEG
230,glide,3676,GenImage_test/glide/test/ai/GLIDE_1000_200_05_533_glide_00074.png
230,glide,3677,GenImage_test/glide/test/ai/GLIDE_1000_200_05_586_glide_00127.png
230,glide,3678,GenImage_test/glide/test/nature/ILSVRC2012_val_00045379.JPEG
230,glide,3679,GenImage_test/glide/test/nature/ILSVRC2012_val_00009178.JPEG
230,glide,3680,GenImage_test/glide/test/nature/ILSVRC2012_val_00030774.JPEG
230,glide,3681,GenImage_test/glide/test/ai/GLIDE_1000_200_03_350_glide_00127.png
230,glide,3682,GenImage_test/glide/test/ai/GLIDE_1000_200_02_203_glide_00127.png
230,glide,3683,GenImage_test/glide/test/ai/GLIDE_1000_200_09_992_glide_00074.png
230,glide,3684,GenImage_test/glide/test/nature/ILSVRC2012_val_00033928.JPEG
230,glide,3685,GenImage_test/glide/test/nature/ILSVRC2012_val_00014018.JPEG
230,glide,3686,GenImage_test/glide/test/nature/ILSVRC2012_val_00000986.JPEG
230,glide,3687,GenImage_test/glide/test/nature/ILSVRC2012_val_00000973.JPEG
231,glide,3688,GenImage_test/glide/test/ai/GLIDE_1000_200_06_619_glide_00074.png
231,glide,3689,GenImage_test/glide/test/ai/GLIDE_1000_200_08_813_glide_00039.png
231,glide,3690,GenImage_test/glide/test/ai/GLIDE_1000_200_06_654_glide_00020.png
231,glide,3691,GenImage_test/glide/test/ai/GLIDE_1000_200_00_040_glide_00143.png
231,glide,3692,GenImage_test/glide/test/ai/GLIDE_1000_200_07_711_glide_00143.png
231,glide,3693,GenImage_test/glide/test/nature/ILSVRC2012_val_00013993.JPEG
231,glide,3694,GenImage_test/glide/test/ai/GLIDE_1000_200_07_798_glide_00020.png
231,glide,3695,GenImage_test/glide/test/ai/GLIDE_1000_200_01_179_glide_00020.png
231,glide,3696,GenImage_test/glide/test/nature/ILSVRC2012_val_00024035.JPEG
231,glide,3697,GenImage_test/glide/test/nature/ILSVRC2012_val_00034932.JPEG
231,glide,3698,GenImage_test/glide/test/ai/GLIDE_1000_200_00_047_glide_00039.png
231,glide,3699,GenImage_test/glide/test/ai/GLIDE_1000_200_03_387_glide_00039.png
231,glide,3700,GenImage_test/glide/test/nature/ILSVRC2012_val_00015540.JPEG
231,glide,3701,GenImage_test/glide/test/ai/GLIDE_1000_200_06_674_glide_00039.png
231,glide,3702,GenImage_test/glide/test/nature/ILSVRC2012_val_00046113.JPEG
231,glide,3703,GenImage_test/glide/test/nature/ILSVRC2012_val_00035724.JPEG
232,glide,3704,GenImage_test/glide/test/ai/GLIDE_1000_200_06_627_glide_00039.png
232,glide,3705,GenImage_test/glide/test/ai/GLIDE_1000_200_09_970_glide_00143.png
232,glide,3706,GenImage_test/glide/test/nature/ILSVRC2012_val_00016802.JPEG
232,glide,3707,GenImage_test/glide/test/ai/GLIDE_1000_200_03_306_glide_00035.png
232,glide,3708,GenImage_test/glide/test/ai/GLIDE_1000_200_00_083_glide_00039.png
232,glide,3709,GenImage_test/glide/test/nature/ILSVRC2012_val_00035997.JPEG
232,glide,3710,GenImage_test/glide/test/ai/GLIDE_1000_200_04_406_glide_00127.png
232,glide,3711,GenImage_test/glide/test/ai/GLIDE_1000_200_00_019_glide_00020.png
232,glide,3712,GenImage_test/glide/test/nature/ILSVRC2012_val_00029496.JPEG
232,glide,3713,GenImage_test/glide/test/nature/ILSVRC2012_val_00038248.JPEG
232,glide,3714,GenImage_test/glide/test/ai/GLIDE_1000_200_04_414_glide_00127.png
232,glide,3715,GenImage_test/glide/test/ai/GLIDE_1000_200_03_339_glide_00035.png
232,glide,3716,GenImage_test/glide/test/ai/GLIDE_1000_200_07_729_glide_00035.png
232,glide,3717,GenImage_test/glide/test/ai/GLIDE_1000_200_04_438_glide_00020.png
232,glide,3718,GenImage_test/glide/test/nature/ILSVRC2012_val_00024295.JPEG
232,glide,3719,GenImage_test/glide/test/ai/GLIDE_1000_200_06_657_glide_00127.png
233,glide,3720,GenImage_test/glide/test/ai/GLIDE_1000_200_03_302_glide_00074.png
233,glide,3721,GenImage_test/glide/test/nature/ILSVRC2012_val_00029166.JPEG
233,glide,3722,GenImage_test/glide/test/ai/GLIDE_1000_200_00_094_glide_00020.png
233,glide,3723,GenImage_test/glide/test/nature/ILSVRC2012_val_00048261.JPEG
233,glide,3724,GenImage_test/glide/test/ai/GLIDE_1000_200_04_453_glide_00020.png
233,glide,3725,GenImage_test/glide/test/ai/GLIDE_1000_200_06_680_glide_00074.png
233,glide,3726,GenImage_test/glide/test/nature/ILSVRC2012_val_00034532.JPEG
233,glide,3727,GenImage_test/glide/test/nature/ILSVRC2012_val_00048329.JPEG
233,glide,3728,GenImage_test/glide/test/nature/ILSVRC2012_val_00018320.JPEG
233,glide,3729,GenImage_test/glide/test/nature/ILSVRC2012_val_00019105.JPEG
233,glide,3730,GenImage_test/glide/test/nature/ILSVRC2012_val_00001419.JPEG
233,glide,3731,GenImage_test/glide/test/ai/GLIDE_1000_200_08_840_glide_00035.png
233,glide,3732,GenImage_test/glide/test/nature/ILSVRC2012_val_00029584.JPEG
233,glide,3733,GenImage_test/glide/test/nature/ILSVRC2012_val_00019910.JPEG
233,glide,3734,GenImage_test/glide/test/nature/ILSVRC2012_val_00022625.JPEG
233,glide,3735,GenImage_test/glide/test/ai/GLIDE_1000_200_03_332_glide_00020.png
234,glide,3736,GenImage_test/glide/test/nature/ILSVRC2012_val_00032435.JPEG
234,glide,3737,GenImage_test/glide/test/ai/GLIDE_1000_200_09_982_glide_00035.png
234,glide,3738,GenImage_test/glide/test/nature/ILSVRC2012_val_00034577.JPEG
234,glide,3739,GenImage_test/glide/test/nature/ILSVRC2012_val_00043596.JPEG
234,glide,3740,GenImage_test/glide/test/nature/ILSVRC2012_val_00016148.JPEG
234,glide,3741,GenImage_test/glide/test/nature/ILSVRC2012_val_00027961.JPEG
234,glide,3742,GenImage_test/glide/test/nature/ILSVRC2012_val_00033377.JPEG
234,glide,3743,GenImage_test/glide/test/ai/GLIDE_1000_200_00_082_glide_00039.png
234,glide,3744,GenImage_test/glide/test/nature/ILSVRC2012_val_00028343.JPEG
234,glide,3745,GenImage_test/glide/test/ai/GLIDE_1000_200_00_005_glide_00127.png
234,glide,3746,GenImage_test/glide/test/nature/ILSVRC2012_val_00013050.JPEG
234,glide,3747,GenImage_test/glide/test/ai/GLIDE_1000_200_01_160_glide_00143.png
234,glide,3748,GenImage_test/glide/test/nature/ILSVRC2012_val_00002714.JPEG
234,glide,3749,GenImage_test/glide/test/ai/GLIDE_1000_200_03_347_glide_00039.png
234,glide,3750,GenImage_test/glide/test/nature/ILSVRC2012_val_00041922.JPEG
234,glide,3751,GenImage_test/glide/test/nature/ILSVRC2012_val_00000552.JPEG
235,glide,3752,GenImage_test/glide/test/nature/ILSVRC2012_val_00031116.JPEG
235,glide,3753,GenImage_test/glide/test/nature/ILSVRC2012_val_00004513.JPEG
235,glide,3754,GenImage_test/glide/test/ai/GLIDE_1000_200_08_863_glide_00074.png
235,glide,3755,GenImage_test/glide/test/nature/ILSVRC2012_val_00049523.JPEG
235,glide,3756,GenImage_test/glide/test/nature/ILSVRC2012_val_00038580.JPEG
235,glide,3757,GenImage_test/glide/test/nature/ILSVRC2012_val_00004286.JPEG
235,glide,3758,GenImage_test/glide/test/nature/ILSVRC2012_val_00004632.JPEG
235,glide,3759,GenImage_test/glide/test/ai/GLIDE_1000_200_05_547_glide_00074.png
235,glide,3760,GenImage_test/glide/test/nature/ILSVRC2012_val_00021127.JPEG
235,glide,3761,GenImage_test/glide/test/ai/GLIDE_1000_200_04_418_glide_00035.png
235,glide,3762,GenImage_test/glide/test/nature/ILSVRC2012_val_00027320.JPEG
235,glide,3763,GenImage_test/glide/test/nature/ILSVRC2012_val_00044723.JPEG
235,glide,3764,GenImage_test/glide/test/ai/GLIDE_1000_200_08_830_glide_00039.png
235,glide,3765,GenImage_test/glide/test/ai/GLIDE_1000_200_00_017_glide_00039.png
235,glide,3766,GenImage_test/glide/test/ai/GLIDE_1000_200_00_007_glide_00074.png
235,glide,3767,GenImage_test/glide/test/nature/ILSVRC2012_val_00023013.JPEG
236,glide,3768,GenImage_test/glide/test/ai/GLIDE_1000_200_03_311_glide_00127.png
236,glide,3769,GenImage_test/glide/test/nature/ILSVRC2012_val_00042821.JPEG
236,glide,3770,GenImage_test/glide/test/ai/GLIDE_1000_200_06_644_glide_00143.png
236,glide,3771,GenImage_test/glide/test/ai/GLIDE_1000_200_04_475_glide_00127.png
236,glide,3772,GenImage_test/glide/test/nature/ILSVRC2012_val_00014234.JPEG
236,glide,3773,GenImage_test/glide/test/ai/GLIDE_1000_200_00_034_glide_00039.png
236,glide,3774,GenImage_test/glide/test/ai/GLIDE_1000_200_04_462_glide_00127.png
236,glide,3775,GenImage_test/glide/test/nature/ILSVRC2012_val_00010548.JPEG
236,glide,3776,GenImage_test/glide/test/nature/ILSVRC2012_val_00007040.JPEG
236,glide,3777,GenImage_test/glide/test/ai/GLIDE_1000_200_05_522_glide_00127.png
236,glide,3778,GenImage_test/glide/test/ai/GLIDE_1000_200_04_481_glide_00035.png
236,glide,3779,GenImage_test/glide/test/ai/GLIDE_1000_200_05_505_glide_00039.png
236,glide,3780,GenImage_test/glide/test/nature/ILSVRC2012_val_00003415.JPEG
236,glide,3781,GenImage_test/glide/test/ai/GLIDE_1000_200_00_094_glide_00143.png
236,glide,3782,GenImage_test/glide/test/nature/ILSVRC2012_val_00025287.JPEG
236,glide,3783,GenImage_test/glide/test/ai/GLIDE_1000_200_07_777_glide_00127.png
237,glide,3784,GenImage_test/glide/test/nature/ILSVRC2012_val_00022666.JPEG
237,glide,3785,GenImage_test/glide/test/nature/ILSVRC2012_val_00019391.JPEG
237,glide,3786,GenImage_test/glide/test/ai/GLIDE_1000_200_04_432_glide_00143.png
237,glide,3787,GenImage_test/glide/test/nature/ILSVRC2012_val_00039574.JPEG
237,glide,3788,GenImage_test/glide/test/ai/GLIDE_1000_200_01_134_glide_00127.png
237,glide,3789,GenImage_test/glide/test/nature/ILSVRC2012_val_00006998.JPEG
237,glide,3790,GenImage_test/glide/test/ai/GLIDE_1000_200_05_596_glide_00039.png
237,glide,3791,GenImage_test/glide/test/nature/ILSVRC2012_val_00020786.JPEG
237,glide,3792,GenImage_test/glide/test/ai/GLIDE_1000_200_06_663_glide_00127.png
237,glide,3793,GenImage_test/glide/test/ai/GLIDE_1000_200_08_860_glide_00020.png
237,glide,3794,GenImage_test/glide/test/ai/GLIDE_1000_200_09_921_glide_00035.png
237,glide,3795,GenImage_test/glide/test/ai/GLIDE_1000_200_09_986_glide_00020.png
237,glide,3796,GenImage_test/glide/test/ai/GLIDE_1000_200_08_829_glide_00039.png
237,glide,3797,GenImage_test/glide/test/ai/GLIDE_1000_200_09_941_glide_00020.png
237,glide,3798,GenImage_test/glide/test/nature/ILSVRC2012_val_00028771.JPEG
237,glide,3799,GenImage_test/glide/test/nature/ILSVRC2012_val_00018251.JPEG
238,glide,3800,GenImage_test/glide/test/nature/ILSVRC2012_val_00046616.JPEG
238,glide,3801,GenImage_test/glide/test/nature/ILSVRC2012_val_00006456.JPEG
238,glide,3802,GenImage_test/glide/test/ai/GLIDE_1000_200_09_901_glide_00074.png
238,glide,3803,GenImage_test/glide/test/nature/ILSVRC2012_val_00034970.JPEG
238,glide,3804,GenImage_test/glide/test/ai/GLIDE_1000_200_09_946_glide_00020.png
238,glide,3805,GenImage_test/glide/test/ai/GLIDE_1000_200_08_885_glide_00127.png
238,glide,3806,GenImage_test/glide/test/nature/ILSVRC2012_val_00043796.JPEG
238,glide,3807,GenImage_test/glide/test/ai/GLIDE_1000_200_01_191_glide_00020.png
238,glide,3808,GenImage_test/glide/test/nature/ILSVRC2012_val_00040371.JPEG
238,glide,3809,GenImage_test/glide/test/ai/GLIDE_1000_200_06_624_glide_00020.png
238,glide,3810,GenImage_test/glide/test/nature/ILSVRC2012_val_00041497.JPEG
238,glide,3811,GenImage_test/glide/test/ai/GLIDE_1000_200_05_553_glide_00127.png
238,glide,3812,GenImage_test/glide/test/nature/ILSVRC2012_val_00036861.JPEG
238,glide,3813,GenImage_test/glide/test/nature/ILSVRC2012_val_00011236.JPEG
238,glide,3814,GenImage_test/glide/test/nature/ILSVRC2012_val_00043485.JPEG
238,glide,3815,GenImage_test/glide/test/nature/ILSVRC2012_val_00044803.JPEG
239,glide,3816,GenImage_test/glide/test/nature/ILSVRC2012_val_00049463.JPEG
239,glide,3817,GenImage_test/glide/test/nature/ILSVRC2012_val_00026414.JPEG
239,glide,3818,GenImage_test/glide/test/nature/ILSVRC2012_val_00042861.JPEG
239,glide,3819,GenImage_test/glide/test/ai/GLIDE_1000_200_01_114_glide_00143.png
239,glide,3820,GenImage_test/glide/test/nature/ILSVRC2012_val_00029176.JPEG
239,glide,3821,GenImage_test/glide/test/ai/GLIDE_1000_200_02_253_glide_00039.png
239,glide,3822,GenImage_test/glide/test/ai/GLIDE_1000_200_05_543_glide_00143.png
239,glide,3823,GenImage_test/glide/test/nature/ILSVRC2012_val_00008166.JPEG
239,glide,3824,GenImage_test/glide/test/ai/GLIDE_1000_200_09_958_glide_00020.png
239,glide,3825,GenImage_test/glide/test/ai/GLIDE_1000_200_08_824_glide_00143.png
239,glide,3826,GenImage_test/glide/test/ai/GLIDE_1000_200_09_920_glide_00127.png
239,glide,3827,GenImage_test/glide/test/nature/ILSVRC2012_val_00004370.JPEG
239,glide,3828,GenImage_test/glide/test/ai/GLIDE_1000_200_00_089_glide_00127.png
239,glide,3829,GenImage_test/glide/test/nature/ILSVRC2012_val_00048772.JPEG
239,glide,3830,GenImage_test/glide/test/nature/ILSVRC2012_val_00025486.JPEG
239,glide,3831,GenImage_test/glide/test/nature/ILSVRC2012_val_00037215.JPEG
240,glide,3832,GenImage_test/glide/test/nature/ILSVRC2012_val_00046904.JPEG
240,glide,3833,GenImage_test/glide/test/nature/ILSVRC2012_val_00043531.JPEG
240,glide,3834,GenImage_test/glide/test/ai/GLIDE_1000_200_05_564_glide_00020.png
240,glide,3835,GenImage_test/glide/test/nature/ILSVRC2012_val_00000306.JPEG
240,glide,3836,GenImage_test/glide/test/nature/ILSVRC2012_val_00037931.JPEG
240,glide,3837,GenImage_test/glide/test/ai/GLIDE_1000_200_07_765_glide_00039.png
240,glide,3838,GenImage_test/glide/test/nature/ILSVRC2012_val_00038001.JPEG
240,glide,3839,GenImage_test/glide/test/nature/ILSVRC2012_val_00045827.JPEG
240,glide,3840,GenImage_test/glide/test/ai/GLIDE_1000_200_07_798_glide_00039.png
240,glide,3841,GenImage_test/glide/test/nature/ILSVRC2012_val_00046504.JPEG
240,glide,3842,GenImage_test/glide/test/ai/GLIDE_1000_200_06_674_glide_00127.png
240,glide,3843,GenImage_test/glide/test/nature/ILSVRC2012_val_00009198.JPEG
240,glide,3844,GenImage_test/glide/test/ai/GLIDE_1000_200_05_511_glide_00127.png
240,glide,3845,GenImage_test/glide/test/ai/GLIDE_1000_200_03_388_glide_00039.png
240,glide,3846,GenImage_test/glide/test/ai/GLIDE_1000_200_06_647_glide_00035.png
240,glide,3847,GenImage_test/glide/test/ai/GLIDE_1000_200_00_039_glide_00143.png
241,glide,3848,GenImage_test/glide/test/nature/ILSVRC2012_val_00019960.JPEG
241,glide,3849,GenImage_test/glide/test/ai/GLIDE_1000_200_07_751_glide_00035.png
241,glide,3850,GenImage_test/glide/test/ai/GLIDE_1000_200_07_754_glide_00127.png
241,glide,3851,GenImage_test/glide/test/nature/ILSVRC2012_val_00025058.JPEG
241,glide,3852,GenImage_test/glide/test/nature/ILSVRC2012_val_00035377.JPEG
241,glide,3853,GenImage_test/glide/test/nature/ILSVRC2012_val_00007473.JPEG
241,glide,3854,GenImage_test/glide/test/ai/GLIDE_1000_200_02_294_glide_00020.png
241,glide,3855,GenImage_test/glide/test/ai/GLIDE_1000_200_09_981_glide_00074.png
241,glide,3856,GenImage_test/glide/test/nature/ILSVRC2012_val_00001099.JPEG
241,glide,3857,GenImage_test/glide/test/nature/ILSVRC2012_val_00022661.JPEG
241,glide,3858,GenImage_test/glide/test/nature/ILSVRC2012_val_00021077.JPEG
241,glide,3859,GenImage_test/glide/test/nature/ILSVRC2012_val_00013831.JPEG
241,glide,3860,GenImage_test/glide/test/nature/ILSVRC2012_val_00038369.JPEG
241,glide,3861,GenImage_test/glide/test/nature/ILSVRC2012_val_00015913.JPEG
241,glide,3862,GenImage_test/glide/test/ai/GLIDE_1000_200_09_907_glide_00074.png
241,glide,3863,GenImage_test/glide/test/nature/ILSVRC2012_val_00022410.JPEG
242,glide,3864,GenImage_test/glide/test/nature/ILSVRC2012_val_00006677.JPEG
242,glide,3865,GenImage_test/glide/test/nature/ILSVRC2012_val_00001690.JPEG
242,glide,3866,GenImage_test/glide/test/ai/GLIDE_1000_200_06_629_glide_00074.png
242,glide,3867,GenImage_test/glide/test/nature/ILSVRC2012_val_00022281.JPEG
242,glide,3868,GenImage_test/glide/test/nature/ILSVRC2012_val_00004330.JPEG
242,glide,3869,GenImage_test/glide/test/ai/GLIDE_1000_200_05_585_glide_00020.png
242,glide,3870,GenImage_test/glide/test/ai/GLIDE_1000_200_00_050_glide_00074.png
242,glide,3871,GenImage_test/glide/test/ai/GLIDE_1000_200_02_226_glide_00143.png
242,glide,3872,GenImage_test/glide/test/ai/GLIDE_1000_200_00_045_glide_00035.png
242,glide,3873,GenImage_test/glide/test/ai/GLIDE_1000_200_03_373_glide_00127.png
242,glide,3874,GenImage_test/glide/test/ai/GLIDE_1000_200_02_214_glide_00020.png
242,glide,3875,GenImage_test/glide/test/ai/GLIDE_1000_200_06_684_glide_00035.png
242,glide,3876,GenImage_test/glide/test/nature/ILSVRC2012_val_00039766.JPEG
242,glide,3877,GenImage_test/glide/test/ai/GLIDE_1000_200_00_034_glide_00020.png
242,glide,3878,GenImage_test/glide/test/ai/GLIDE_1000_200_00_012_glide_00035.png
242,glide,3879,GenImage_test/glide/test/ai/GLIDE_1000_200_09_952_glide_00074.png
243,glide,3880,GenImage_test/glide/test/ai/GLIDE_1000_200_05_541_glide_00039.png
243,glide,3881,GenImage_test/glide/test/nature/ILSVRC2012_val_00021874.JPEG
243,glide,3882,GenImage_test/glide/test/ai/GLIDE_1000_200_05_583_glide_00039.png
243,glide,3883,GenImage_test/glide/test/nature/ILSVRC2012_val_00049019.JPEG
243,glide,3884,GenImage_test/glide/test/nature/ILSVRC2012_val_00014618.JPEG
243,glide,3885,GenImage_test/glide/test/ai/GLIDE_1000_200_01_190_glide_00074.png
243,glide,3886,GenImage_test/glide/test/ai/GLIDE_1000_200_07_722_glide_00143.png
243,glide,3887,GenImage_test/glide/test/ai/GLIDE_1000_200_07_797_glide_00020.png
243,glide,3888,GenImage_test/glide/test/nature/ILSVRC2012_val_00020241.JPEG
243,glide,3889,GenImage_test/glide/test/ai/GLIDE_1000_200_03_341_glide_00127.png
243,glide,3890,GenImage_test/glide/test/ai/GLIDE_1000_200_01_103_glide_00035.png
243,glide,3891,GenImage_test/glide/test/ai/GLIDE_1000_200_08_826_glide_00035.png
243,glide,3892,GenImage_test/glide/test/nature/ILSVRC2012_val_00032410.JPEG
243,glide,3893,GenImage_test/glide/test/ai/GLIDE_1000_200_09_977_glide_00127.png
243,glide,3894,GenImage_test/glide/test/ai/GLIDE_1000_200_06_688_glide_00035.png
243,glide,3895,GenImage_test/glide/test/ai/GLIDE_1000_200_01_175_glide_00143.png
244,glide,3896,GenImage_test/glide/test/nature/ILSVRC2012_val_00041743.JPEG
244,glide,3897,GenImage_test/glide/test/nature/ILSVRC2012_val_00036912.JPEG
244,glide,3898,GenImage_test/glide/test/nature/ILSVRC2012_val_00045551.JPEG
244,glide,3899,GenImage_test/glide/test/ai/GLIDE_1000_200_01_169_glide_00074.png
244,glide,3900,GenImage_test/glide/test/ai/GLIDE_1000_200_00_028_glide_00020.png
244,glide,3901,GenImage_test/glide/test/ai/GLIDE_1000_200_07_737_glide_00143.png
244,glide,3902,GenImage_test/glide/test/nature/ILSVRC2012_val_00008243.JPEG
244,glide,3903,GenImage_test/glide/test/nature/ILSVRC2012_val_00027934.JPEG
244,glide,3904,GenImage_test/glide/test/nature/ILSVRC2012_val_00034296.JPEG
244,glide,3905,GenImage_test/glide/test/nature/ILSVRC2012_val_00024536.JPEG
244,glide,3906,GenImage_test/glide/test/nature/ILSVRC2012_val_00039213.JPEG
244,glide,3907,GenImage_test/glide/test/ai/GLIDE_1000_200_07_723_glide_00020.png
244,glide,3908,GenImage_test/glide/test/nature/ILSVRC2012_val_00011159.JPEG
244,glide,3909,GenImage_test/glide/test/ai/GLIDE_1000_200_03_347_glide_00074.png
244,glide,3910,GenImage_test/glide/test/nature/ILSVRC2012_val_00003255.JPEG
244,glide,3911,GenImage_test/glide/test/ai/GLIDE_1000_200_00_060_glide_00035.png
245,glide,3912,GenImage_test/glide/test/nature/ILSVRC2012_val_00034237.JPEG
245,glide,3913,GenImage_test/glide/test/ai/GLIDE_1000_200_03_305_glide_00074.png
245,glide,3914,GenImage_test/glide/test/nature/ILSVRC2012_val_00005216.JPEG
245,glide,3915,GenImage_test/glide/test/ai/GLIDE_1000_200_09_903_glide_00039.png
245,glide,3916,GenImage_test/glide/test/nature/ILSVRC2012_val_00035318.JPEG
245,glide,3917,GenImage_test/glide/test/ai/GLIDE_1000_200_08_802_glide_00020.png
245,glide,3918,GenImage_test/glide/test/nature/ILSVRC2012_val_00049597.JPEG
245,glide,3919,GenImage_test/glide/test/ai/GLIDE_1000_200_09_955_glide_00020.png
245,glide,3920,GenImage_test/glide/test/nature/ILSVRC2012_val_00021892.JPEG
245,glide,3921,GenImage_test/glide/test/nature/ILSVRC2012_val_00016502.JPEG
245,glide,3922,GenImage_test/glide/test/ai/GLIDE_1000_200_06_680_glide_00020.png
245,glide,3923,GenImage_test/glide/test/nature/ILSVRC2012_val_00017632.JPEG
245,glide,3924,GenImage_test/glide/test/ai/GLIDE_1000_200_03_358_glide_00074.png
245,glide,3925,GenImage_test/glide/test/nature/ILSVRC2012_val_00001460.JPEG
245,glide,3926,GenImage_test/glide/test/ai/GLIDE_1000_200_08_849_glide_00074.png
245,glide,3927,GenImage_test/glide/test/nature/ILSVRC2012_val_00001096.JPEG
246,glide,3928,GenImage_test/glide/test/nature/ILSVRC2012_val_00026634.JPEG
246,glide,3929,GenImage_test/glide/test/ai/GLIDE_1000_200_05_591_glide_00143.png
246,glide,3930,GenImage_test/glide/test/ai/GLIDE_1000_200_07_784_glide_00143.png
246,glide,3931,GenImage_test/glide/test/ai/GLIDE_1000_200_04_466_glide_00127.png
246,glide,3932,GenImage_test/glide/test/nature/ILSVRC2012_val_00029286.JPEG
246,glide,3933,GenImage_test/glide/test/ai/GLIDE_1000_200_04_484_glide_00127.png
246,glide,3934,GenImage_test/glide/test/ai/GLIDE_1000_200_08_827_glide_00039.png
246,glide,3935,GenImage_test/glide/test/nature/ILSVRC2012_val_00037853.JPEG
246,glide,3936,GenImage_test/glide/test/nature/ILSVRC2012_val_00020753.JPEG
246,glide,3937,GenImage_test/glide/test/ai/GLIDE_1000_200_02_200_glide_00035.png
246,glide,3938,GenImage_test/glide/test/ai/GLIDE_1000_200_06_610_glide_00039.png
246,glide,3939,GenImage_test/glide/test/ai/GLIDE_1000_200_08_838_glide_00039.png
246,glide,3940,GenImage_test/glide/test/nature/ILSVRC2012_val_00012649.JPEG
246,glide,3941,GenImage_test/glide/test/ai/GLIDE_1000_200_02_270_glide_00020.png
246,glide,3942,GenImage_test/glide/test/ai/GLIDE_1000_200_05_536_glide_00035.png
246,glide,3943,GenImage_test/glide/test/ai/GLIDE_1000_200_09_922_glide_00035.png
247,glide,3944,GenImage_test/glide/test/nature/ILSVRC2012_val_00032701.JPEG
247,glide,3945,GenImage_test/glide/test/nature/ILSVRC2012_val_00016400.JPEG
247,glide,3946,GenImage_test/glide/test/ai/GLIDE_1000_200_08_816_glide_00039.png
247,glide,3947,GenImage_test/glide/test/ai/GLIDE_1000_200_09_959_glide_00020.png
247,glide,3948,GenImage_test/glide/test/ai/GLIDE_1000_200_08_815_glide_00035.png
247,glide,3949,GenImage_test/glide/test/nature/ILSVRC2012_val_00025390.JPEG
247,glide,3950,GenImage_test/glide/test/nature/ILSVRC2012_val_00044557.JPEG
247,glide,3951,GenImage_test/glide/test/ai/GLIDE_1000_200_00_069_glide_00035.png
247,glide,3952,GenImage_test/glide/test/nature/ILSVRC2012_val_00036627.JPEG
247,glide,3953,GenImage_test/glide/test/ai/GLIDE_1000_200_05_583_glide_00035.png
247,glide,3954,GenImage_test/glide/test/nature/ILSVRC2012_val_00030213.JPEG
247,glide,3955,GenImage_test/glide/test/nature/ILSVRC2012_val_00017099.JPEG
247,glide,3956,GenImage_test/glide/test/ai/GLIDE_1000_200_02_220_glide_00074.png
247,glide,3957,GenImage_test/glide/test/nature/ILSVRC2012_val_00030871.JPEG
247,glide,3958,GenImage_test/glide/test/ai/GLIDE_1000_200_01_139_glide_00039.png
247,glide,3959,GenImage_test/glide/test/ai/GLIDE_1000_200_02_282_glide_00039.png
248,glide,3960,GenImage_test/glide/test/nature/ILSVRC2012_val_00017300.JPEG
248,glide,3961,GenImage_test/glide/test/nature/ILSVRC2012_val_00042015.JPEG
248,glide,3962,GenImage_test/glide/test/ai/GLIDE_1000_200_06_699_glide_00035.png
248,glide,3963,GenImage_test/glide/test/ai/GLIDE_1000_200_02_245_glide_00039.png
248,glide,3964,GenImage_test/glide/test/ai/GLIDE_1000_200_08_872_glide_00039.png
248,glide,3965,GenImage_test/glide/test/nature/ILSVRC2012_val_00001942.JPEG
248,glide,3966,GenImage_test/glide/test/nature/ILSVRC2012_val_00043992.JPEG
248,glide,3967,GenImage_test/glide/test/nature/ILSVRC2012_val_00020988.JPEG
248,glide,3968,GenImage_test/glide/test/nature/ILSVRC2012_val_00042031.JPEG
248,glide,3969,GenImage_test/glide/test/ai/GLIDE_1000_200_04_459_glide_00143.png
248,glide,3970,GenImage_test/glide/test/ai/GLIDE_1000_200_03_324_glide_00127.png
248,glide,3971,GenImage_test/glide/test/nature/ILSVRC2012_val_00035643.JPEG
248,glide,3972,GenImage_test/glide/test/ai/GLIDE_1000_200_00_023_glide_00020.png
248,glide,3973,GenImage_test/glide/test/nature/ILSVRC2012_val_00006750.JPEG
248,glide,3974,GenImage_test/glide/test/nature/ILSVRC2012_val_00012354.JPEG
248,glide,3975,GenImage_test/glide/test/ai/GLIDE_1000_200_00_024_glide_00020.png
249,glide,3976,GenImage_test/glide/test/nature/ILSVRC2012_val_00013844.JPEG
249,glide,3977,GenImage_test/glide/test/nature/ILSVRC2012_val_00010447.JPEG
249,glide,3978,GenImage_test/glide/test/ai/GLIDE_1000_200_03_317_glide_00074.png
249,glide,3979,GenImage_test/glide/test/nature/ILSVRC2012_val_00004540.JPEG
249,glide,3980,GenImage_test/glide/test/nature/ILSVRC2012_val_00005393.JPEG
249,glide,3981,GenImage_test/glide/test/ai/GLIDE_1000_200_08_812_glide_00020.png
249,glide,3982,GenImage_test/glide/test/ai/GLIDE_1000_200_09_982_glide_00127.png
249,glide,3983,GenImage_test/glide/test/ai/GLIDE_1000_200_08_857_glide_00074.png
249,glide,3984,GenImage_test/glide/test/nature/ILSVRC2012_val_00043948.JPEG
249,glide,3985,GenImage_test/glide/test/nature/ILSVRC2012_val_00010119.JPEG
249,glide,3986,GenImage_test/glide/test/nature/ILSVRC2012_val_00011053.JPEG
249,glide,3987,GenImage_test/glide/test/ai/GLIDE_1000_200_06_630_glide_00143.png
249,glide,3988,GenImage_test/glide/test/ai/GLIDE_1000_200_08_898_glide_00039.png
249,glide,3989,GenImage_test/glide/test/nature/ILSVRC2012_val_00009343.JPEG
249,glide,3990,GenImage_test/glide/test/nature/ILSVRC2012_val_00011085.JPEG
249,glide,3991,GenImage_test/glide/test/ai/GLIDE_1000_200_01_162_glide_00020.png
250,glide,3992,GenImage_test/glide/test/nature/ILSVRC2012_val_00033570.JPEG
250,glide,3993,GenImage_test/glide/test/ai/GLIDE_1000_200_05_551_glide_00127.png
250,glide,3994,GenImage_test/glide/test/nature/ILSVRC2012_val_00017012.JPEG
250,glide,3995,GenImage_test/glide/test/ai/GLIDE_1000_200_04_432_glide_00035.png
250,glide,3996,GenImage_test/glide/test/ai/GLIDE_1000_200_06_695_glide_00020.png
250,glide,3997,GenImage_test/glide/test/ai/GLIDE_1000_200_07_703_glide_00127.png
250,glide,3998,GenImage_test/glide/test/nature/ILSVRC2012_val_00015349.JPEG
250,glide,3999,GenImage_test/glide/test/nature/ILSVRC2012_val_00018067.JPEG
250,glide,4000,GenImage_test/glide/test/ai/GLIDE_1000_200_02_296_glide_00020.png
250,glide,4001,GenImage_test/glide/test/ai/GLIDE_1000_200_08_814_glide_00074.png
250,glide,4002,GenImage_test/glide/test/nature/ILSVRC2012_val_00001341.JPEG
250,glide,4003,GenImage_test/glide/test/nature/ILSVRC2012_val_00034361.JPEG
250,glide,4004,GenImage_test/glide/test/ai/GLIDE_1000_200_07_760_glide_00074.png
250,glide,4005,GenImage_test/glide/test/nature/ILSVRC2012_val_00014637.JPEG
250,glide,4006,GenImage_test/glide/test/nature/ILSVRC2012_val_00005676.JPEG
250,glide,4007,GenImage_test/glide/test/nature/ILSVRC2012_val_00010432.JPEG
251,glide,4008,GenImage_test/glide/test/ai/GLIDE_1000_200_05_529_glide_00039.png
251,glide,4009,GenImage_test/glide/test/ai/GLIDE_1000_200_04_485_glide_00035.png
251,glide,4010,GenImage_test/glide/test/ai/GLIDE_1000_200_01_181_glide_00039.png
251,glide,4011,GenImage_test/glide/test/ai/GLIDE_1000_200_02_259_glide_00143.png
251,glide,4012,GenImage_test/glide/test/nature/ILSVRC2012_val_00010586.JPEG
251,glide,4013,GenImage_test/glide/test/nature/ILSVRC2012_val_00037992.JPEG
251,glide,4014,GenImage_test/glide/test/nature/ILSVRC2012_val_00017539.JPEG
251,glide,4015,GenImage_test/glide/test/nature/ILSVRC2012_val_00026296.JPEG
251,glide,4016,GenImage_test/glide/test/nature/ILSVRC2012_val_00019845.JPEG
251,glide,4017,GenImage_test/glide/test/nature/ILSVRC2012_val_00028628.JPEG
251,glide,4018,GenImage_test/glide/test/ai/GLIDE_1000_200_04_437_glide_00035.png
251,glide,4019,GenImage_test/glide/test/ai/GLIDE_1000_200_09_985_glide_00035.png
251,glide,4020,GenImage_test/glide/test/ai/GLIDE_1000_200_06_691_glide_00039.png
251,glide,4021,GenImage_test/glide/test/nature/ILSVRC2012_val_00033951.JPEG
251,glide,4022,GenImage_test/glide/test/ai/GLIDE_1000_200_03_361_glide_00020.png
251,glide,4023,GenImage_test/glide/test/nature/ILSVRC2012_val_00032609.JPEG
252,glide,4024,GenImage_test/glide/test/nature/ILSVRC2012_val_00037960.JPEG
252,glide,4025,GenImage_test/glide/test/nature/ILSVRC2012_val_00000633.JPEG
252,glide,4026,GenImage_test/glide/test/nature/ILSVRC2012_val_00037182.JPEG
252,glide,4027,GenImage_test/glide/test/ai/GLIDE_1000_200_04_409_glide_00074.png
252,glide,4028,GenImage_test/glide/test/ai/GLIDE_1000_200_03_372_glide_00143.png
252,glide,4029,GenImage_test/glide/test/ai/GLIDE_1000_200_07_710_glide_00020.png
252,glide,4030,GenImage_test/glide/test/ai/GLIDE_1000_200_05_507_glide_00020.png
252,glide,4031,GenImage_test/glide/test/ai/GLIDE_1000_200_02_257_glide_00127.png
252,glide,4032,GenImage_test/glide/test/nature/ILSVRC2012_val_00020013.JPEG
252,glide,4033,GenImage_test/glide/test/nature/ILSVRC2012_val_00022046.JPEG
252,glide,4034,GenImage_test/glide/test/ai/GLIDE_1000_200_04_431_glide_00074.png
252,glide,4035,GenImage_test/glide/test/nature/ILSVRC2012_val_00003714.JPEG
252,glide,4036,GenImage_test/glide/test/ai/GLIDE_1000_200_07_799_glide_00020.png
252,glide,4037,GenImage_test/glide/test/ai/GLIDE_1000_200_09_964_glide_00074.png
252,glide,4038,GenImage_test/glide/test/ai/GLIDE_1000_200_05_533_glide_00143.png
252,glide,4039,GenImage_test/glide/test/ai/GLIDE_1000_200_06_639_glide_00035.png
253,glide,4040,GenImage_test/glide/test/ai/GLIDE_1000_200_03_356_glide_00035.png
253,glide,4041,GenImage_test/glide/test/ai/GLIDE_1000_200_00_027_glide_00127.png
253,glide,4042,GenImage_test/glide/test/nature/ILSVRC2012_val_00039379.JPEG
253,glide,4043,GenImage_test/glide/test/nature/ILSVRC2012_val_00035775.JPEG
253,glide,4044,GenImage_test/glide/test/nature/ILSVRC2012_val_00046422.JPEG
253,glide,4045,GenImage_test/glide/test/ai/GLIDE_1000_200_09_968_glide_00020.png
253,glide,4046,GenImage_test/glide/test/nature/ILSVRC2012_val_00008737.JPEG
253,glide,4047,GenImage_test/glide/test/ai/GLIDE_1000_200_02_281_glide_00074.png
253,glide,4048,GenImage_test/glide/test/ai/GLIDE_1000_200_09_926_glide_00035.png
253,glide,4049,GenImage_test/glide/test/nature/ILSVRC2012_val_00046789.JPEG
253,glide,4050,GenImage_test/glide/test/nature/ILSVRC2012_val_00032731.JPEG
253,glide,4051,GenImage_test/glide/test/nature/ILSVRC2012_val_00049948.JPEG
253,glide,4052,GenImage_test/glide/test/ai/GLIDE_1000_200_08_884_glide_00035.png
253,glide,4053,GenImage_test/glide/test/ai/GLIDE_1000_200_03_304_glide_00074.png
253,glide,4054,GenImage_test/glide/test/ai/GLIDE_1000_200_08_887_glide_00143.png
253,glide,4055,GenImage_test/glide/test/ai/GLIDE_1000_200_04_430_glide_00143.png
254,glide,4056,GenImage_test/glide/test/nature/ILSVRC2012_val_00013092.JPEG
254,glide,4057,GenImage_test/glide/test/ai/GLIDE_1000_200_05_530_glide_00035.png
254,glide,4058,GenImage_test/glide/test/nature/ILSVRC2012_val_00031005.JPEG
254,glide,4059,GenImage_test/glide/test/nature/ILSVRC2012_val_00037915.JPEG
254,glide,4060,GenImage_test/glide/test/ai/GLIDE_1000_200_04_449_glide_00127.png
254,glide,4061,GenImage_test/glide/test/nature/ILSVRC2012_val_00030050.JPEG
254,glide,4062,GenImage_test/glide/test/nature/ILSVRC2012_val_00000536.JPEG
254,glide,4063,GenImage_test/glide/test/ai/GLIDE_1000_200_00_038_glide_00127.png
254,glide,4064,GenImage_test/glide/test/nature/ILSVRC2012_val_00018090.JPEG
254,glide,4065,GenImage_test/glide/test/ai/GLIDE_1000_200_03_362_glide_00035.png
254,glide,4066,GenImage_test/glide/test/nature/ILSVRC2012_val_00006070.JPEG
254,glide,4067,GenImage_test/glide/test/nature/ILSVRC2012_val_00030916.JPEG
254,glide,4068,GenImage_test/glide/test/ai/GLIDE_1000_200_01_181_glide_00127.png
254,glide,4069,GenImage_test/glide/test/nature/ILSVRC2012_val_00027430.JPEG
254,glide,4070,GenImage_test/glide/test/ai/GLIDE_1000_200_01_185_glide_00127.png
254,glide,4071,GenImage_test/glide/test/nature/ILSVRC2012_val_00018124.JPEG
255,glide,4072,GenImage_test/glide/test/ai/GLIDE_1000_200_09_990_glide_00143.png
255,glide,4073,GenImage_test/glide/test/ai/GLIDE_1000_200_08_836_glide_00039.png
255,glide,4074,GenImage_test/glide/test/nature/ILSVRC2012_val_00044296.JPEG
255,glide,4075,GenImage_test/glide/test/nature/ILSVRC2012_val_00043966.JPEG
255,glide,4076,GenImage_test/glide/test/ai/GLIDE_1000_200_00_001_glide_00035.png
255,glide,4077,GenImage_test/glide/test/nature/ILSVRC2012_val_00027664.JPEG
255,glide,4078,GenImage_test/glide/test/nature/ILSVRC2012_val_00045902.JPEG
255,glide,4079,GenImage_test/glide/test/ai/GLIDE_1000_200_03_385_glide_00143.png
255,glide,4080,GenImage_test/glide/test/nature/ILSVRC2012_val_00026062.JPEG
255,glide,4081,GenImage_test/glide/test/ai/GLIDE_1000_200_05_530_glide_00143.png
255,glide,4082,GenImage_test/glide/test/ai/GLIDE_1000_200_08_877_glide_00143.png
255,glide,4083,GenImage_test/glide/test/ai/GLIDE_1000_200_05_517_glide_00020.png
255,glide,4084,GenImage_test/glide/test/nature/ILSVRC2012_val_00003491.JPEG
255,glide,4085,GenImage_test/glide/test/nature/ILSVRC2012_val_00039703.JPEG
255,glide,4086,GenImage_test/glide/test/nature/ILSVRC2012_val_00030376.JPEG
255,glide,4087,GenImage_test/glide/test/nature/ILSVRC2012_val_00024173.JPEG
256,glide,4088,GenImage_test/glide/test/nature/ILSVRC2012_val_00009211.JPEG
256,glide,4089,GenImage_test/glide/test/ai/GLIDE_1000_200_02_255_glide_00143.png
256,glide,4090,GenImage_test/glide/test/ai/GLIDE_1000_200_04_476_glide_00035.png
256,glide,4091,GenImage_test/glide/test/nature/ILSVRC2012_val_00016800.JPEG
256,glide,4092,GenImage_test/glide/test/nature/ILSVRC2012_val_00021620.JPEG
256,glide,4093,GenImage_test/glide/test/ai/GLIDE_1000_200_09_974_glide_00039.png
256,glide,4094,GenImage_test/glide/test/ai/GLIDE_1000_200_00_015_glide_00020.png
256,glide,4095,GenImage_test/glide/test/nature/ILSVRC2012_val_00013659.JPEG
256,glide,4096,GenImage_test/glide/test/nature/ILSVRC2012_val_00044042.JPEG
256,glide,4097,GenImage_test/glide/test/ai/GLIDE_1000_200_07_723_glide_00035.png
256,glide,4098,GenImage_test/glide/test/ai/GLIDE_1000_200_00_010_glide_00039.png
256,glide,4099,GenImage_test/glide/test/nature/ILSVRC2012_val_00021446.JPEG
256,glide,4100,GenImage_test/glide/test/ai/GLIDE_1000_200_08_890_glide_00143.png
256,glide,4101,GenImage_test/glide/test/ai/GLIDE_1000_200_07_794_glide_00020.png
256,glide,4102,GenImage_test/glide/test/ai/GLIDE_1000_200_09_939_glide_00020.png
256,glide,4103,GenImage_test/glide/test/nature/ILSVRC2012_val_00037571.JPEG
257,glide,4104,GenImage_test/glide/test/ai/GLIDE_1000_200_04_403_glide_00039.png
257,glide,4105,GenImage_test/glide/test/nature/ILSVRC2012_val_00021232.JPEG
257,glide,4106,GenImage_test/glide/test/ai/GLIDE_1000_200_08_803_glide_00039.png
257,glide,4107,GenImage_test/glide/test/nature/ILSVRC2012_val_00014978.JPEG
257,glide,4108,GenImage_test/glide/test/ai/GLIDE_1000_200_01_166_glide_00127.png
257,glide,4109,GenImage_test/glide/test/ai/GLIDE_1000_200_06_677_glide_00127.png
257,glide,4110,GenImage_test/glide/test/nature/ILSVRC2012_val_00037436.JPEG
257,glide,4111,GenImage_test/glide/test/ai/GLIDE_1000_200_03_314_glide_00020.png
257,glide,4112,GenImage_test/glide/test/nature/ILSVRC2012_val_00017309.JPEG
257,glide,4113,GenImage_test/glide/test/nature/ILSVRC2012_val_00020592.JPEG
257,glide,4114,GenImage_test/glide/test/ai/GLIDE_1000_200_05_557_glide_00035.png
257,glide,4115,GenImage_test/glide/test/nature/ILSVRC2012_val_00000883.JPEG
257,glide,4116,GenImage_test/glide/test/ai/GLIDE_1000_200_03_304_glide_00039.png
257,glide,4117,GenImage_test/glide/test/nature/ILSVRC2012_val_00029701.JPEG
257,glide,4118,GenImage_test/glide/test/nature/ILSVRC2012_val_00003206.JPEG
257,glide,4119,GenImage_test/glide/test/nature/ILSVRC2012_val_00034796.JPEG
258,glide,4120,GenImage_test/glide/test/ai/GLIDE_1000_200_04_476_glide_00143.png
258,glide,4121,GenImage_test/glide/test/ai/GLIDE_1000_200_08_829_glide_00035.png
258,glide,4122,GenImage_test/glide/test/ai/GLIDE_1000_200_04_466_glide_00143.png
258,glide,4123,GenImage_test/glide/test/nature/ILSVRC2012_val_00042261.JPEG
258,glide,4124,GenImage_test/glide/test/nature/ILSVRC2012_val_00027661.JPEG
258,glide,4125,GenImage_test/glide/test/ai/GLIDE_1000_200_08_882_glide_00020.png
258,glide,4126,GenImage_test/glide/test/ai/GLIDE_1000_200_03_322_glide_00035.png
258,glide,4127,GenImage_test/glide/test/nature/ILSVRC2012_val_00000024.JPEG
258,glide,4128,GenImage_test/glide/test/nature/ILSVRC2012_val_00032768.JPEG
258,glide,4129,GenImage_test/glide/test/ai/GLIDE_1000_200_01_127_glide_00074.png
258,glide,4130,GenImage_test/glide/test/nature/ILSVRC2012_val_00043723.JPEG
258,glide,4131,GenImage_test/glide/test/ai/GLIDE_1000_200_03_399_glide_00074.png
258,glide,4132,GenImage_test/glide/test/nature/ILSVRC2012_val_00040622.JPEG
258,glide,4133,GenImage_test/glide/test/ai/GLIDE_1000_200_04_467_glide_00020.png
258,glide,4134,GenImage_test/glide/test/nature/ILSVRC2012_val_00041260.JPEG
258,glide,4135,GenImage_test/glide/test/ai/GLIDE_1000_200_02_254_glide_00020.png
259,glide,4136,GenImage_test/glide/test/nature/ILSVRC2012_val_00015891.JPEG
259,glide,4137,GenImage_test/glide/test/ai/GLIDE_1000_200_06_661_glide_00143.png
259,glide,4138,GenImage_test/glide/test/ai/GLIDE_1000_200_05_573_glide_00127.png
259,glide,4139,GenImage_test/glide/test/ai/GLIDE_1000_200_00_095_glide_00127.png
259,glide,4140,GenImage_test/glide/test/ai/GLIDE_1000_200_09_999_glide_00020.png
259,glide,4141,GenImage_test/glide/test/nature/ILSVRC2012_val_00047684.JPEG
259,glide,4142,GenImage_test/glide/test/nature/ILSVRC2012_val_00016780.JPEG
259,glide,4143,GenImage_test/glide/test/ai/GLIDE_1000_200_06_621_glide_00074.png
259,glide,4144,GenImage_test/glide/test/ai/GLIDE_1000_200_00_044_glide_00074.png
259,glide,4145,GenImage_test/glide/test/ai/GLIDE_1000_200_02_237_glide_00074.png
259,glide,4146,GenImage_test/glide/test/nature/ILSVRC2012_val_00037441.JPEG
259,glide,4147,GenImage_test/glide/test/ai/GLIDE_1000_200_05_590_glide_00143.png
259,glide,4148,GenImage_test/glide/test/nature/ILSVRC2012_val_00025098.JPEG
259,glide,4149,GenImage_test/glide/test/nature/ILSVRC2012_val_00011452.JPEG
259,glide,4150,GenImage_test/glide/test/ai/GLIDE_1000_200_07_790_glide_00127.png
259,glide,4151,GenImage_test/glide/test/ai/GLIDE_1000_200_09_978_glide_00143.png
260,glide,4152,GenImage_test/glide/test/ai/GLIDE_1000_200_01_176_glide_00035.png
260,glide,4153,GenImage_test/glide/test/ai/GLIDE_1000_200_06_626_glide_00039.png
260,glide,4154,GenImage_test/glide/test/ai/GLIDE_1000_200_07_776_glide_00127.png
260,glide,4155,GenImage_test/glide/test/nature/ILSVRC2012_val_00048723.JPEG
260,glide,4156,GenImage_test/glide/test/nature/ILSVRC2012_val_00038483.JPEG
260,glide,4157,GenImage_test/glide/test/ai/GLIDE_1000_200_00_078_glide_00035.png
260,glide,4158,GenImage_test/glide/test/ai/GLIDE_1000_200_08_878_glide_00143.png
260,glide,4159,GenImage_test/glide/test/nature/ILSVRC2012_val_00003621.JPEG
260,glide,4160,GenImage_test/glide/test/nature/ILSVRC2012_val_00013385.JPEG
260,glide,4161,GenImage_test/glide/test/nature/ILSVRC2012_val_00036965.JPEG
260,glide,4162,GenImage_test/glide/test/nature/ILSVRC2012_val_00035811.JPEG
260,glide,4163,GenImage_test/glide/test/ai/GLIDE_1000_200_04_429_glide_00039.png
260,glide,4164,GenImage_test/glide/test/nature/ILSVRC2012_val_00027572.JPEG
260,glide,4165,GenImage_test/glide/test/ai/GLIDE_1000_200_09_957_glide_00143.png
260,glide,4166,GenImage_test/glide/test/ai/GLIDE_1000_200_03_363_glide_00020.png
260,glide,4167,GenImage_test/glide/test/ai/GLIDE_1000_200_01_178_glide_00127.png
261,glide,4168,GenImage_test/glide/test/ai/GLIDE_1000_200_02_290_glide_00020.png
261,glide,4169,GenImage_test/glide/test/ai/GLIDE_1000_200_08_849_glide_00039.png
261,glide,4170,GenImage_test/glide/test/nature/ILSVRC2012_val_00033245.JPEG
261,glide,4171,GenImage_test/glide/test/ai/GLIDE_1000_200_05_556_glide_00143.png
261,glide,4172,GenImage_test/glide/test/ai/GLIDE_1000_200_09_972_glide_00020.png
261,glide,4173,GenImage_test/glide/test/nature/ILSVRC2012_val_00027423.JPEG
261,glide,4174,GenImage_test/glide/test/nature/ILSVRC2012_val_00029103.JPEG
261,glide,4175,GenImage_test/glide/test/ai/GLIDE_1000_200_00_002_glide_00020.png
261,glide,4176,GenImage_test/glide/test/nature/ILSVRC2012_val_00013813.JPEG
261,glide,4177,GenImage_test/glide/test/nature/ILSVRC2012_val_00045951.JPEG
261,glide,4178,GenImage_test/glide/test/nature/ILSVRC2012_val_00032101.JPEG
261,glide,4179,GenImage_test/glide/test/ai/GLIDE_1000_200_09_983_glide_00035.png
261,glide,4180,GenImage_test/glide/test/ai/GLIDE_1000_200_07_771_glide_00020.png
261,glide,4181,GenImage_test/glide/test/nature/ILSVRC2012_val_00007211.JPEG
261,glide,4182,GenImage_test/glide/test/nature/ILSVRC2012_val_00021160.JPEG
261,glide,4183,GenImage_test/glide/test/nature/ILSVRC2012_val_00025891.JPEG
262,glide,4184,GenImage_test/glide/test/nature/ILSVRC2012_val_00035712.JPEG
262,glide,4185,GenImage_test/glide/test/nature/ILSVRC2012_val_00038937.JPEG
262,glide,4186,GenImage_test/glide/test/nature/ILSVRC2012_val_00019689.JPEG
262,glide,4187,GenImage_test/glide/test/nature/ILSVRC2012_val_00027006.JPEG
262,glide,4188,GenImage_test/glide/test/nature/ILSVRC2012_val_00000875.JPEG
262,glide,4189,GenImage_test/glide/test/ai/GLIDE_1000_200_00_053_glide_00074.png
262,glide,4190,GenImage_test/glide/test/nature/ILSVRC2012_val_00000835.JPEG
262,glide,4191,GenImage_test/glide/test/nature/ILSVRC2012_val_00008947.JPEG
262,glide,4192,GenImage_test/glide/test/ai/GLIDE_1000_200_03_394_glide_00035.png
262,glide,4193,GenImage_test/glide/test/nature/ILSVRC2012_val_00027450.JPEG
262,glide,4194,GenImage_test/glide/test/nature/ILSVRC2012_val_00001670.JPEG
262,glide,4195,GenImage_test/glide/test/nature/ILSVRC2012_val_00012760.JPEG
262,glide,4196,GenImage_test/glide/test/ai/GLIDE_1000_200_08_840_glide_00039.png
262,glide,4197,GenImage_test/glide/test/ai/GLIDE_1000_200_00_081_glide_00020.png
262,glide,4198,GenImage_test/glide/test/ai/GLIDE_1000_200_09_923_glide_00039.png
262,glide,4199,GenImage_test/glide/test/ai/GLIDE_1000_200_08_823_glide_00143.png
263,glide,4200,GenImage_test/glide/test/nature/ILSVRC2012_val_00033458.JPEG
263,glide,4201,GenImage_test/glide/test/nature/ILSVRC2012_val_00046155.JPEG
263,glide,4202,GenImage_test/glide/test/ai/GLIDE_1000_200_07_795_glide_00074.png
263,glide,4203,GenImage_test/glide/test/nature/ILSVRC2012_val_00034281.JPEG
263,glide,4204,GenImage_test/glide/test/nature/ILSVRC2012_val_00029773.JPEG
263,glide,4205,GenImage_test/glide/test/nature/ILSVRC2012_val_00043761.JPEG
263,glide,4206,GenImage_test/glide/test/ai/GLIDE_1000_200_03_318_glide_00074.png
263,glide,4207,GenImage_test/glide/test/nature/ILSVRC2012_val_00043432.JPEG
263,glide,4208,GenImage_test/glide/test/ai/GLIDE_1000_200_09_956_glide_00020.png
263,glide,4209,GenImage_test/glide/test/ai/GLIDE_1000_200_09_910_glide_00127.png
263,glide,4210,GenImage_test/glide/test/nature/ILSVRC2012_val_00002785.JPEG
263,glide,4211,GenImage_test/glide/test/nature/ILSVRC2012_val_00035295.JPEG
263,glide,4212,GenImage_test/glide/test/nature/ILSVRC2012_val_00013812.JPEG
263,glide,4213,GenImage_test/glide/test/ai/GLIDE_1000_200_03_331_glide_00035.png
263,glide,4214,GenImage_test/glide/test/ai/GLIDE_1000_200_03_320_glide_00035.png
263,glide,4215,GenImage_test/glide/test/nature/ILSVRC2012_val_00020383.JPEG
264,glide,4216,GenImage_test/glide/test/ai/GLIDE_1000_200_03_325_glide_00039.png
264,glide,4217,GenImage_test/glide/test/ai/GLIDE_1000_200_09_917_glide_00143.png
264,glide,4218,GenImage_test/glide/test/nature/ILSVRC2012_val_00013802.JPEG
264,glide,4219,GenImage_test/glide/test/ai/GLIDE_1000_200_07_755_glide_00074.png
264,glide,4220,GenImage_test/glide/test/nature/ILSVRC2012_val_00018077.JPEG
264,glide,4221,GenImage_test/glide/test/nature/ILSVRC2012_val_00036576.JPEG
264,glide,4222,GenImage_test/glide/test/nature/ILSVRC2012_val_00022868.JPEG
264,glide,4223,GenImage_test/glide/test/nature/ILSVRC2012_val_00047875.JPEG
264,glide,4224,GenImage_test/glide/test/ai/GLIDE_1000_200_07_753_glide_00127.png
264,glide,4225,GenImage_test/glide/test/ai/GLIDE_1000_200_04_464_glide_00074.png
264,glide,4226,GenImage_test/glide/test/ai/GLIDE_1000_200_06_665_glide_00020.png
264,glide,4227,GenImage_test/glide/test/ai/GLIDE_1000_200_07_733_glide_00143.png
264,glide,4228,GenImage_test/glide/test/ai/GLIDE_1000_200_06_693_glide_00020.png
264,glide,4229,GenImage_test/glide/test/nature/ILSVRC2012_val_00020408.JPEG
264,glide,4230,GenImage_test/glide/test/nature/ILSVRC2012_val_00040827.JPEG
264,glide,4231,GenImage_test/glide/test/nature/ILSVRC2012_val_00035332.JPEG
265,glide,4232,GenImage_test/glide/test/ai/GLIDE_1000_200_04_469_glide_00143.png
265,glide,4233,GenImage_test/glide/test/ai/GLIDE_1000_200_09_997_glide_00074.png
265,glide,4234,GenImage_test/glide/test/ai/GLIDE_1000_200_08_839_glide_00020.png
265,glide,4235,GenImage_test/glide/test/ai/GLIDE_1000_200_02_280_glide_00039.png
265,glide,4236,GenImage_test/glide/test/nature/ILSVRC2012_val_00009690.JPEG
265,glide,4237,GenImage_test/glide/test/ai/GLIDE_1000_200_09_909_glide_00035.png
265,glide,4238,GenImage_test/glide/test/ai/GLIDE_1000_200_01_173_glide_00039.png
265,glide,4239,GenImage_test/glide/test/ai/GLIDE_1000_200_08_895_glide_00127.png
265,glide,4240,GenImage_test/glide/test/nature/ILSVRC2012_val_00007743.JPEG
265,glide,4241,GenImage_test/glide/test/nature/ILSVRC2012_val_00031112.JPEG
265,glide,4242,GenImage_test/glide/test/nature/ILSVRC2012_val_00011153.JPEG
265,glide,4243,GenImage_test/glide/test/ai/GLIDE_1000_200_05_546_glide_00074.png
265,glide,4244,GenImage_test/glide/test/nature/ILSVRC2012_val_00013517.JPEG
265,glide,4245,GenImage_test/glide/test/ai/GLIDE_1000_200_03_314_glide_00074.png
265,glide,4246,GenImage_test/glide/test/nature/ILSVRC2012_val_00005397.JPEG
265,glide,4247,GenImage_test/glide/test/ai/GLIDE_1000_200_02_282_glide_00074.png
266,glide,4248,GenImage_test/glide/test/nature/ILSVRC2012_val_00041651.JPEG
266,glide,4249,GenImage_test/glide/test/ai/GLIDE_1000_200_05_567_glide_00035.png
266,glide,4250,GenImage_test/glide/test/ai/GLIDE_1000_200_02_221_glide_00020.png
266,glide,4251,GenImage_test/glide/test/ai/GLIDE_1000_200_07_722_glide_00035.png
266,glide,4252,GenImage_test/glide/test/nature/ILSVRC2012_val_00005033.JPEG
266,glide,4253,GenImage_test/glide/test/ai/GLIDE_1000_200_07_726_glide_00127.png
266,glide,4254,GenImage_test/glide/test/ai/GLIDE_1000_200_03_342_glide_00143.png
266,glide,4255,GenImage_test/glide/test/ai/GLIDE_1000_200_05_567_glide_00020.png
266,glide,4256,GenImage_test/glide/test/ai/GLIDE_1000_200_06_692_glide_00020.png
266,glide,4257,GenImage_test/glide/test/ai/GLIDE_1000_200_04_408_glide_00127.png
266,glide,4258,GenImage_test/glide/test/ai/GLIDE_1000_200_02_268_glide_00127.png
266,glide,4259,GenImage_test/glide/test/nature/ILSVRC2012_val_00011712.JPEG
266,glide,4260,GenImage_test/glide/test/nature/ILSVRC2012_val_00025699.JPEG
266,glide,4261,GenImage_test/glide/test/ai/GLIDE_1000_200_08_876_glide_00020.png
266,glide,4262,GenImage_test/glide/test/nature/ILSVRC2012_val_00035430.JPEG
266,glide,4263,GenImage_test/glide/test/nature/ILSVRC2012_val_00048250.JPEG
267,glide,4264,GenImage_test/glide/test/ai/GLIDE_1000_200_02_276_glide_00020.png
267,glide,4265,GenImage_test/glide/test/nature/ILSVRC2012_val_00010161.JPEG
267,glide,4266,GenImage_test/glide/test/nature/ILSVRC2012_val_00001293.JPEG
267,glide,4267,GenImage_test/glide/test/ai/GLIDE_1000_200_07_774_glide_00074.png
267,glide,4268,GenImage_test/glide/test/nature/ILSVRC2012_val_00024785.JPEG
267,glide,4269,GenImage_test/glide/test/nature/ILSVRC2012_val_00011709.JPEG
267,glide,4270,GenImage_test/glide/test/nature/ILSVRC2012_val_00023926.JPEG
267,glide,4271,GenImage_test/glide/test/ai/GLIDE_1000_200_07_729_glide_00020.png
267,glide,4272,GenImage_test/glide/test/ai/GLIDE_1000_200_03_346_glide_00039.png
267,glide,4273,GenImage_test/glide/test/ai/GLIDE_1000_200_04_467_glide_00039.png
267,glide,4274,GenImage_test/glide/test/ai/GLIDE_1000_200_08_811_glide_00035.png
267,glide,4275,GenImage_test/glide/test/nature/ILSVRC2012_val_00035301.JPEG
267,glide,4276,GenImage_test/glide/test/nature/ILSVRC2012_val_00015918.JPEG
267,glide,4277,GenImage_test/glide/test/ai/GLIDE_1000_200_01_107_glide_00074.png
267,glide,4278,GenImage_test/glide/test/ai/GLIDE_1000_200_08_831_glide_00020.png
267,glide,4279,GenImage_test/glide/test/nature/ILSVRC2012_val_00031172.JPEG
268,glide,4280,GenImage_test/glide/test/ai/GLIDE_1000_200_09_934_glide_00074.png
268,glide,4281,GenImage_test/glide/test/nature/ILSVRC2012_val_00024372.JPEG
268,glide,4282,GenImage_test/glide/test/nature/ILSVRC2012_val_00001987.JPEG
268,glide,4283,GenImage_test/glide/test/nature/ILSVRC2012_val_00013663.JPEG
268,glide,4284,GenImage_test/glide/test/ai/GLIDE_1000_200_00_074_glide_00143.png
268,glide,4285,GenImage_test/glide/test/ai/GLIDE_1000_200_08_806_glide_00074.png
268,glide,4286,GenImage_test/glide/test/nature/ILSVRC2012_val_00037374.JPEG
268,glide,4287,GenImage_test/glide/test/ai/GLIDE_1000_200_00_033_glide_00039.png
268,glide,4288,GenImage_test/glide/test/ai/GLIDE_1000_200_01_137_glide_00143.png
268,glide,4289,GenImage_test/glide/test/ai/GLIDE_1000_200_09_990_glide_00035.png
268,glide,4290,GenImage_test/glide/test/nature/ILSVRC2012_val_00004203.JPEG
268,glide,4291,GenImage_test/glide/test/ai/GLIDE_1000_200_01_147_glide_00020.png
268,glide,4292,GenImage_test/glide/test/nature/ILSVRC2012_val_00037081.JPEG
268,glide,4293,GenImage_test/glide/test/nature/ILSVRC2012_val_00014753.JPEG
268,glide,4294,GenImage_test/glide/test/nature/ILSVRC2012_val_00035756.JPEG
268,glide,4295,GenImage_test/glide/test/ai/GLIDE_1000_200_05_585_glide_00143.png
269,glide,4296,GenImage_test/glide/test/nature/ILSVRC2012_val_00013351.JPEG
269,glide,4297,GenImage_test/glide/test/nature/ILSVRC2012_val_00022809.JPEG
269,glide,4298,GenImage_test/glide/test/ai/GLIDE_1000_200_07_797_glide_00039.png
269,glide,4299,GenImage_test/glide/test/ai/GLIDE_1000_200_01_125_glide_00039.png
269,glide,4300,GenImage_test/glide/test/ai/GLIDE_1000_200_04_482_glide_00143.png
269,glide,4301,GenImage_test/glide/test/ai/GLIDE_1000_200_03_302_glide_00035.png
269,glide,4302,GenImage_test/glide/test/ai/GLIDE_1000_200_01_126_glide_00035.png
269,glide,4303,GenImage_test/glide/test/ai/GLIDE_1000_200_00_056_glide_00035.png
269,glide,4304,GenImage_test/glide/test/nature/ILSVRC2012_val_00004746.JPEG
269,glide,4305,GenImage_test/glide/test/nature/ILSVRC2012_val_00026701.JPEG
269,glide,4306,GenImage_test/glide/test/ai/GLIDE_1000_200_03_335_glide_00020.png
269,glide,4307,GenImage_test/glide/test/nature/ILSVRC2012_val_00019182.JPEG
269,glide,4308,GenImage_test/glide/test/nature/ILSVRC2012_val_00034569.JPEG
269,glide,4309,GenImage_test/glide/test/nature/ILSVRC2012_val_00017642.JPEG
269,glide,4310,GenImage_test/glide/test/ai/GLIDE_1000_200_05_502_glide_00074.png
269,glide,4311,GenImage_test/glide/test/ai/GLIDE_1000_200_00_009_glide_00035.png
270,glide,4312,GenImage_test/glide/test/ai/GLIDE_1000_200_00_049_glide_00074.png
270,glide,4313,GenImage_test/glide/test/nature/ILSVRC2012_val_00022206.JPEG
270,glide,4314,GenImage_test/glide/test/nature/ILSVRC2012_val_00003444.JPEG
270,glide,4315,GenImage_test/glide/test/nature/ILSVRC2012_val_00035713.JPEG
270,glide,4316,GenImage_test/glide/test/ai/GLIDE_1000_200_01_156_glide_00039.png
270,glide,4317,GenImage_test/glide/test/ai/GLIDE_1000_200_08_851_glide_00143.png
270,glide,4318,GenImage_test/glide/test/ai/GLIDE_1000_200_07_743_glide_00020.png
270,glide,4319,GenImage_test/glide/test/ai/GLIDE_1000_200_09_989_glide_00039.png
270,glide,4320,GenImage_test/glide/test/ai/GLIDE_1000_200_06_605_glide_00127.png
270,glide,4321,GenImage_test/glide/test/ai/GLIDE_1000_200_08_894_glide_00035.png
270,glide,4322,GenImage_test/glide/test/nature/ILSVRC2012_val_00002399.JPEG
270,glide,4323,GenImage_test/glide/test/nature/ILSVRC2012_val_00000836.JPEG
270,glide,4324,GenImage_test/glide/test/nature/ILSVRC2012_val_00027041.JPEG
270,glide,4325,GenImage_test/glide/test/nature/ILSVRC2012_val_00042863.JPEG
270,glide,4326,GenImage_test/glide/test/ai/GLIDE_1000_200_06_639_glide_00127.png
270,glide,4327,GenImage_test/glide/test/nature/ILSVRC2012_val_00036494.JPEG
271,glide,4328,GenImage_test/glide/test/nature/ILSVRC2012_val_00004735.JPEG
271,glide,4329,GenImage_test/glide/test/ai/GLIDE_1000_200_05_598_glide_00143.png
271,glide,4330,GenImage_test/glide/test/nature/ILSVRC2012_val_00043249.JPEG
271,glide,4331,GenImage_test/glide/test/nature/ILSVRC2012_val_00033578.JPEG
271,glide,4332,GenImage_test/glide/test/ai/GLIDE_1000_200_08_807_glide_00020.png
271,glide,4333,GenImage_test/glide/test/nature/ILSVRC2012_val_00030305.JPEG
271,glide,4334,GenImage_test/glide/test/ai/GLIDE_1000_200_05_580_glide_00020.png
271,glide,4335,GenImage_test/glide/test/ai/GLIDE_1000_200_08_889_glide_00020.png
271,glide,4336,GenImage_test/glide/test/ai/GLIDE_1000_200_01_186_glide_00039.png
271,glide,4337,GenImage_test/glide/test/nature/ILSVRC2012_val_00034588.JPEG
271,glide,4338,GenImage_test/glide/test/nature/ILSVRC2012_val_00010400.JPEG
271,glide,4339,GenImage_test/glide/test/nature/ILSVRC2012_val_00045107.JPEG
271,glide,4340,GenImage_test/glide/test/nature/ILSVRC2012_val_00047950.JPEG
271,glide,4341,GenImage_test/glide/test/nature/ILSVRC2012_val_00025403.JPEG
271,glide,4342,GenImage_test/glide/test/ai/GLIDE_1000_200_08_895_glide_00143.png
271,glide,4343,GenImage_test/glide/test/nature/ILSVRC2012_val_00005919.JPEG
272,glide,4344,GenImage_test/glide/test/ai/GLIDE_1000_200_00_043_glide_00020.png
272,glide,4345,GenImage_test/glide/test/ai/GLIDE_1000_200_06_610_glide_00127.png
272,glide,4346,GenImage_test/glide/test/nature/ILSVRC2012_val_00012391.JPEG
272,glide,4347,GenImage_test/glide/test/ai/GLIDE_1000_200_01_157_glide_00127.png
272,glide,4348,GenImage_test/glide/test/ai/GLIDE_1000_200_09_924_glide_00074.png
272,glide,4349,GenImage_test/glide/test/ai/GLIDE_1000_200_08_800_glide_00143.png
272,glide,4350,GenImage_test/glide/test/nature/ILSVRC2012_val_00015647.JPEG
272,glide,4351,GenImage_test/glide/test/nature/ILSVRC2012_val_00011258.JPEG
272,glide,4352,GenImage_test/glide/test/nature/ILSVRC2012_val_00048761.JPEG
272,glide,4353,GenImage_test/glide/test/nature/ILSVRC2012_val_00025712.JPEG
272,glide,4354,GenImage_test/glide/test/ai/GLIDE_1000_200_06_608_glide_00039.png
272,glide,4355,GenImage_test/glide/test/nature/ILSVRC2012_val_00014196.JPEG
272,glide,4356,GenImage_test/glide/test/nature/ILSVRC2012_val_00020156.JPEG
272,glide,4357,GenImage_test/glide/test/ai/GLIDE_1000_200_03_377_glide_00074.png
272,glide,4358,GenImage_test/glide/test/ai/GLIDE_1000_200_03_386_glide_00143.png
272,glide,4359,GenImage_test/glide/test/nature/ILSVRC2012_val_00026577.JPEG
273,glide,4360,GenImage_test/glide/test/ai/GLIDE_1000_200_04_434_glide_00039.png
273,glide,4361,GenImage_test/glide/test/nature/ILSVRC2012_val_00023128.JPEG
273,glide,4362,GenImage_test/glide/test/nature/ILSVRC2012_val_00042282.JPEG
273,glide,4363,GenImage_test/glide/test/nature/ILSVRC2012_val_00041117.JPEG
273,glide,4364,GenImage_test/glide/test/ai/GLIDE_1000_200_01_101_glide_00143.png
273,glide,4365,GenImage_test/glide/test/nature/ILSVRC2012_val_00021745.JPEG
273,glide,4366,GenImage_test/glide/test/nature/ILSVRC2012_val_00010201.JPEG
273,glide,4367,GenImage_test/glide/test/nature/ILSVRC2012_val_00030318.JPEG
273,glide,4368,GenImage_test/glide/test/ai/GLIDE_1000_200_02_216_glide_00143.png
273,glide,4369,GenImage_test/glide/test/ai/GLIDE_1000_200_06_642_glide_00035.png
273,glide,4370,GenImage_test/glide/test/ai/GLIDE_1000_200_08_899_glide_00035.png
273,glide,4371,GenImage_test/glide/test/nature/ILSVRC2012_val_00040552.JPEG
273,glide,4372,GenImage_test/glide/test/ai/GLIDE_1000_200_03_316_glide_00074.png
273,glide,4373,GenImage_test/glide/test/nature/ILSVRC2012_val_00004915.JPEG
273,glide,4374,GenImage_test/glide/test/nature/ILSVRC2012_val_00016167.JPEG
273,glide,4375,GenImage_test/glide/test/nature/ILSVRC2012_val_00040470.JPEG
274,glide,4376,GenImage_test/glide/test/ai/GLIDE_1000_200_07_760_glide_00035.png
274,glide,4377,GenImage_test/glide/test/nature/ILSVRC2012_val_00000251.JPEG
274,glide,4378,GenImage_test/glide/test/nature/ILSVRC2012_val_00010070.JPEG
274,glide,4379,GenImage_test/glide/test/nature/ILSVRC2012_val_00005489.JPEG
274,glide,4380,GenImage_test/glide/test/ai/GLIDE_1000_200_00_061_glide_00143.png
274,glide,4381,GenImage_test/glide/test/nature/ILSVRC2012_val_00010729.JPEG
274,glide,4382,GenImage_test/glide/test/ai/GLIDE_1000_200_04_449_glide_00074.png
274,glide,4383,GenImage_test/glide/test/ai/GLIDE_1000_200_08_806_glide_00020.png
274,glide,4384,GenImage_test/glide/test/nature/ILSVRC2012_val_00017546.JPEG
274,glide,4385,GenImage_test/glide/test/nature/ILSVRC2012_val_00041992.JPEG
274,glide,4386,GenImage_test/glide/test/ai/GLIDE_1000_200_01_191_glide_00035.png
274,glide,4387,GenImage_test/glide/test/nature/ILSVRC2012_val_00035742.JPEG
274,glide,4388,GenImage_test/glide/test/ai/GLIDE_1000_200_07_775_glide_00074.png
274,glide,4389,GenImage_test/glide/test/nature/ILSVRC2012_val_00023812.JPEG
274,glide,4390,GenImage_test/glide/test/ai/GLIDE_1000_200_04_483_glide_00074.png
274,glide,4391,GenImage_test/glide/test/nature/ILSVRC2012_val_00016051.JPEG
275,glide,4392,GenImage_test/glide/test/nature/ILSVRC2012_val_00004131.JPEG
275,glide,4393,GenImage_test/glide/test/ai/GLIDE_1000_200_09_955_glide_00035.png
275,glide,4394,GenImage_test/glide/test/nature/ILSVRC2012_val_00005852.JPEG
275,glide,4395,GenImage_test/glide/test/ai/GLIDE_1000_200_02_204_glide_00074.png
275,glide,4396,GenImage_test/glide/test/ai/GLIDE_1000_200_09_905_glide_00035.png
275,glide,4397,GenImage_test/glide/test/ai/GLIDE_1000_200_01_142_glide_00127.png
275,glide,4398,GenImage_test/glide/test/nature/ILSVRC2012_val_00002193.JPEG
275,glide,4399,GenImage_test/glide/test/nature/ILSVRC2012_val_00034316.JPEG
275,glide,4400,GenImage_test/glide/test/ai/GLIDE_1000_200_06_605_glide_00020.png
275,glide,4401,GenImage_test/glide/test/nature/ILSVRC2012_val_00047473.JPEG
275,glide,4402,GenImage_test/glide/test/ai/GLIDE_1000_200_02_286_glide_00035.png
275,glide,4403,GenImage_test/glide/test/nature/ILSVRC2012_val_00024917.JPEG
275,glide,4404,GenImage_test/glide/test/ai/GLIDE_1000_200_09_961_glide_00039.png
275,glide,4405,GenImage_test/glide/test/ai/GLIDE_1000_200_03_371_glide_00039.png
275,glide,4406,GenImage_test/glide/test/nature/ILSVRC2012_val_00049482.JPEG
275,glide,4407,GenImage_test/glide/test/nature/ILSVRC2012_val_00015701.JPEG
276,glide,4408,GenImage_test/glide/test/nature/ILSVRC2012_val_00029404.JPEG
276,glide,4409,GenImage_test/glide/test/ai/GLIDE_1000_200_05_536_glide_00020.png
276,glide,4410,GenImage_test/glide/test/ai/GLIDE_1000_200_05_520_glide_00074.png
276,glide,4411,GenImage_test/glide/test/ai/GLIDE_1000_200_06_660_glide_00074.png
276,glide,4412,GenImage_test/glide/test/ai/GLIDE_1000_200_04_459_glide_00035.png
276,glide,4413,GenImage_test/glide/test/ai/GLIDE_1000_200_04_479_glide_00143.png
276,glide,4414,GenImage_test/glide/test/ai/GLIDE_1000_200_09_908_glide_00074.png
276,glide,4415,GenImage_test/glide/test/ai/GLIDE_1000_200_01_184_glide_00074.png
276,glide,4416,GenImage_test/glide/test/ai/GLIDE_1000_200_07_783_glide_00127.png
276,glide,4417,GenImage_test/glide/test/nature/ILSVRC2012_val_00006213.JPEG
276,glide,4418,GenImage_test/glide/test/nature/ILSVRC2012_val_00032827.JPEG
276,glide,4419,GenImage_test/glide/test/ai/GLIDE_1000_200_04_494_glide_00039.png
276,glide,4420,GenImage_test/glide/test/ai/GLIDE_1000_200_02_215_glide_00127.png
276,glide,4421,GenImage_test/glide/test/ai/GLIDE_1000_200_09_955_glide_00143.png
276,glide,4422,GenImage_test/glide/test/nature/ILSVRC2012_val_00013114.JPEG
276,glide,4423,GenImage_test/glide/test/nature/ILSVRC2012_val_00007827.JPEG
277,glide,4424,GenImage_test/glide/test/nature/ILSVRC2012_val_00019846.JPEG
277,glide,4425,GenImage_test/glide/test/nature/ILSVRC2012_val_00026348.JPEG
277,glide,4426,GenImage_test/glide/test/nature/ILSVRC2012_val_00008574.JPEG
277,glide,4427,GenImage_test/glide/test/nature/ILSVRC2012_val_00028519.JPEG
277,glide,4428,GenImage_test/glide/test/ai/GLIDE_1000_200_02_234_glide_00143.png
277,glide,4429,GenImage_test/glide/test/nature/ILSVRC2012_val_00043367.JPEG
277,glide,4430,GenImage_test/glide/test/ai/GLIDE_1000_200_08_808_glide_00035.png
277,glide,4431,GenImage_test/glide/test/ai/GLIDE_1000_200_00_009_glide_00074.png
277,glide,4432,GenImage_test/glide/test/nature/ILSVRC2012_val_00043840.JPEG
277,glide,4433,GenImage_test/glide/test/ai/GLIDE_1000_200_07_762_glide_00035.png
277,glide,4434,GenImage_test/glide/test/nature/ILSVRC2012_val_00028782.JPEG
277,glide,4435,GenImage_test/glide/test/ai/GLIDE_1000_200_05_508_glide_00127.png
277,glide,4436,GenImage_test/glide/test/nature/ILSVRC2012_val_00037714.JPEG
277,glide,4437,GenImage_test/glide/test/nature/ILSVRC2012_val_00006553.JPEG
277,glide,4438,GenImage_test/glide/test/ai/GLIDE_1000_200_01_120_glide_00020.png
277,glide,4439,GenImage_test/glide/test/ai/GLIDE_1000_200_01_104_glide_00020.png
278,glide,4440,GenImage_test/glide/test/nature/ILSVRC2012_val_00011377.JPEG
278,glide,4441,GenImage_test/glide/test/nature/ILSVRC2012_val_00035586.JPEG
278,glide,4442,GenImage_test/glide/test/ai/GLIDE_1000_200_03_379_glide_00035.png
278,glide,4443,GenImage_test/glide/test/nature/ILSVRC2012_val_00021820.JPEG
278,glide,4444,GenImage_test/glide/test/nature/ILSVRC2012_val_00030010.JPEG
278,glide,4445,GenImage_test/glide/test/nature/ILSVRC2012_val_00015845.JPEG
278,glide,4446,GenImage_test/glide/test/nature/ILSVRC2012_val_00027455.JPEG
278,glide,4447,GenImage_test/glide/test/nature/ILSVRC2012_val_00046907.JPEG
278,glide,4448,GenImage_test/glide/test/ai/GLIDE_1000_200_07_713_glide_00035.png
278,glide,4449,GenImage_test/glide/test/ai/GLIDE_1000_200_05_586_glide_00143.png
278,glide,4450,GenImage_test/glide/test/ai/GLIDE_1000_200_09_919_glide_00074.png
278,glide,4451,GenImage_test/glide/test/nature/ILSVRC2012_val_00025142.JPEG
278,glide,4452,GenImage_test/glide/test/nature/ILSVRC2012_val_00028796.JPEG
278,glide,4453,GenImage_test/glide/test/ai/GLIDE_1000_200_02_204_glide_00035.png
278,glide,4454,GenImage_test/glide/test/nature/ILSVRC2012_val_00002848.JPEG
278,glide,4455,GenImage_test/glide/test/nature/ILSVRC2012_val_00033231.JPEG
279,glide,4456,GenImage_test/glide/test/nature/ILSVRC2012_val_00030719.JPEG
279,glide,4457,GenImage_test/glide/test/nature/ILSVRC2012_val_00003889.JPEG
279,glide,4458,GenImage_test/glide/test/ai/GLIDE_1000_200_07_785_glide_00074.png
279,glide,4459,GenImage_test/glide/test/ai/GLIDE_1000_200_09_919_glide_00143.png
279,glide,4460,GenImage_test/glide/test/nature/ILSVRC2012_val_00048276.JPEG
279,glide,4461,GenImage_test/glide/test/ai/GLIDE_1000_200_05_596_glide_00035.png
279,glide,4462,GenImage_test/glide/test/nature/ILSVRC2012_val_00038310.JPEG
279,glide,4463,GenImage_test/glide/test/nature/ILSVRC2012_val_00049202.JPEG
279,glide,4464,GenImage_test/glide/test/ai/GLIDE_1000_200_09_905_glide_00074.png
279,glide,4465,GenImage_test/glide/test/nature/ILSVRC2012_val_00000618.JPEG
279,glide,4466,GenImage_test/glide/test/nature/ILSVRC2012_val_00043611.JPEG
279,glide,4467,GenImage_test/glide/test/nature/ILSVRC2012_val_00040479.JPEG
279,glide,4468,GenImage_test/glide/test/ai/GLIDE_1000_200_03_355_glide_00127.png
279,glide,4469,GenImage_test/glide/test/nature/ILSVRC2012_val_00026985.JPEG
279,glide,4470,GenImage_test/glide/test/nature/ILSVRC2012_val_00028585.JPEG
279,glide,4471,GenImage_test/glide/test/ai/GLIDE_1000_200_05_570_glide_00020.png
280,glide,4472,GenImage_test/glide/test/ai/GLIDE_1000_200_04_438_glide_00039.png
280,glide,4473,GenImage_test/glide/test/nature/ILSVRC2012_val_00028622.JPEG
280,glide,4474,GenImage_test/glide/test/ai/GLIDE_1000_200_09_917_glide_00039.png
280,glide,4475,GenImage_test/glide/test/ai/GLIDE_1000_200_05_550_glide_00035.png
280,glide,4476,GenImage_test/glide/test/nature/ILSVRC2012_val_00042927.JPEG
280,glide,4477,GenImage_test/glide/test/ai/GLIDE_1000_200_09_911_glide_00039.png
280,glide,4478,GenImage_test/glide/test/nature/ILSVRC2012_val_00044032.JPEG
280,glide,4479,GenImage_test/glide/test/ai/GLIDE_1000_200_05_515_glide_00127.png
280,glide,4480,GenImage_test/glide/test/ai/GLIDE_1000_200_04_489_glide_00035.png
280,glide,4481,GenImage_test/glide/test/nature/ILSVRC2012_val_00001108.JPEG
280,glide,4482,GenImage_test/glide/test/nature/ILSVRC2012_val_00030885.JPEG
280,glide,4483,GenImage_test/glide/test/nature/ILSVRC2012_val_00017719.JPEG
280,glide,4484,GenImage_test/glide/test/ai/GLIDE_1000_200_01_164_glide_00143.png
280,glide,4485,GenImage_test/glide/test/nature/ILSVRC2012_val_00029151.JPEG
280,glide,4486,GenImage_test/glide/test/ai/GLIDE_1000_200_01_164_glide_00039.png
280,glide,4487,GenImage_test/glide/test/nature/ILSVRC2012_val_00049591.JPEG
281,glide,4488,GenImage_test/glide/test/ai/GLIDE_1000_200_06_673_glide_00035.png
281,glide,4489,GenImage_test/glide/test/ai/GLIDE_1000_200_07_795_glide_00035.png
281,glide,4490,GenImage_test/glide/test/nature/ILSVRC2012_val_00035156.JPEG
281,glide,4491,GenImage_test/glide/test/nature/ILSVRC2012_val_00029827.JPEG
281,glide,4492,GenImage_test/glide/test/ai/GLIDE_1000_200_05_542_glide_00020.png
281,glide,4493,GenImage_test/glide/test/ai/GLIDE_1000_200_09_982_glide_00039.png
281,glide,4494,GenImage_test/glide/test/nature/ILSVRC2012_val_00002481.JPEG
281,glide,4495,GenImage_test/glide/test/nature/ILSVRC2012_val_00008917.JPEG
281,glide,4496,GenImage_test/glide/test/nature/ILSVRC2012_val_00049800.JPEG
281,glide,4497,GenImage_test/glide/test/nature/ILSVRC2012_val_00010211.JPEG
281,glide,4498,GenImage_test/glide/test/ai/GLIDE_1000_200_06_664_glide_00074.png
281,glide,4499,GenImage_test/glide/test/nature/ILSVRC2012_val_00007782.JPEG
282,stable_diffusion_v_1_5,4500,GenImage_test/stable_diffusion_v_1_5/test/ai/834_sdv5_00003.png
282,stable_diffusion_v_1_5,4501,GenImage_test/stable_diffusion_v_1_5/test/ai/755_sdv5_00100.png
282,stable_diffusion_v_1_5,4502,GenImage_test/stable_diffusion_v_1_5/test/nature/ILSVRC2012_val_00025188.JPEG
282,stable_diffusion_v_1_5,4503,GenImage_test/stable_diffusion_v_1_5/test/nature/ILSVRC2012_val_00045269.JPEG
282,stable_diffusion_v_1_5,4504,GenImage_test/stable_diffusion_v_1_5/test/ai/887_sdv5_00039.png
282,stable_diffusion_v_1_5,4505,GenImage_test/stable_diffusion_v_1_5/test/nature/ILSVRC2012_val_00045131.JPEG
282,stable_diffusion_v_1_5,4506,GenImage_test/stable_diffusion_v_1_5/test/ai/685_sdv5_00020.png
282,stable_diffusion_v_1_5,4507,GenImage_test/stable_diffusion_v_1_5/test/nature/ILSVRC2012_val_00013379.JPEG
282,stable_diffusion_v_1_5,4508,GenImage_test/stable_diffusion_v_1_5/test/ai/310_sdv5_00009.png
282,stable_diffusion_v_1_5,4509,GenImage_test/stable_diffusion_v_1_5/test/ai/023_sdv5_00003.png
282,stable_diffusion_v_1_5,4510,GenImage_test/stable_diffusion_v_1_5/test/nature/ILSVRC2012_val_00032623.JPEG
282,stable_diffusion_v_1_5,4511,GenImage_test/stable_diffusion_v_1_5/test/ai/641_sdv5_00135.png
282,stable_diffusion_v_1_5,4512,GenImage_test/stable_diffusion_v_1_5/test/ai/075_sdv5_00003.png
282,stable_diffusion_v_1_5,4513,GenImage_test/stable_diffusion_v_1_5/test/nature/ILSVRC2012_val_00029432.JPEG
282,stable_diffusion_v_1_5,4514,GenImage_test/stable_diffusion_v_1_5/test/nature/ILSVRC2012_val_00026679.JPEG
282,stable_diffusion_v_1_5,4515,GenImage_test/stable_diffusion_v_1_5/test/nature/ILSVRC2012_val_00002408.JPEG
283,stable_diffusion_v_1_5,4516,GenImage_test/stable_diffusion_v_1_5/test/ai/348_sdv5_00027.png
283,stable_diffusion_v_1_5,4517,GenImage_test/stable_diffusion_v_1_5/test/ai/390_sdv5_00039.png
283,stable_diffusion_v_1_5,4518,GenImage_test/stable_diffusion_v_1_5/test/nature/ILSVRC2012_val_00026752.JPEG
283,stable_diffusion_v_1_5,4519,GenImage_test/stable_diffusion_v_1_5/test/nature/ILSVRC2012_val_00026844.JPEG
283,stable_diffusion_v_1_5,4520,GenImage_test/stable_diffusion_v_1_5/test/ai/125_sdv5_00027.png
283,stable_diffusion_v_1_5,4521,GenImage_test/stable_diffusion_v_1_5/test/ai/817_sdv5_00039.png
283,stable_diffusion_v_1_5,4522,GenImage_test/stable_diffusion_v_1_5/test/nature/ILSVRC2012_val_00004491.JPEG
283,stable_diffusion_v_1_5,4523,GenImage_test/stable_diffusion_v_1_5/test/nature/ILSVRC2012_val_00046383.JPEG
283,stable_diffusion_v_1_5,4524,GenImage_test/stable_diffusion_v_1_5/test/nature/ILSVRC2012_val_00007285.JPEG
283,stable_diffusion_v_1_5,4525,GenImage_test/stable_diffusion_v_1_5/test/nature/ILSVRC2012_val_00038418.JPEG
283,stable_diffusion_v_1_5,4526,GenImage_test/stable_diffusion_v_1_5/test/ai/865_sdv5_00195.png
283,stable_diffusion_v_1_5,4527,GenImage_test/stable_diffusion_v_1_5/test/ai/520_sdv5_00195.png
283,stable_diffusion_v_1_5,4528,GenImage_test/stable_diffusion_v_1_5/test/ai/139_sdv5_00027.png
283,stable_diffusion_v_1_5,4529,GenImage_test/stable_diffusion_v_1_5/test/nature/ILSVRC2012_val_00025454.JPEG
283,stable_diffusion_v_1_5,4530,GenImage_test/stable_diffusion_v_1_5/test/ai/214_sdv5_00039.png
283,stable_diffusion_v_1_5,4531,GenImage_test/stable_diffusion_v_1_5/test/ai/091_sdv5_00100.png
284,stable_diffusion_v_1_5,4532,GenImage_test/stable_diffusion_v_1_5/test/ai/136_sdv5_00039.png
284,stable_diffusion_v_1_5,4533,GenImage_test/stable_diffusion_v_1_5/test/nature/ILSVRC2012_val_00049848.JPEG
284,stable_diffusion_v_1_5,4534,GenImage_test/stable_diffusion_v_1_5/test/nature/ILSVRC2012_val_00003266.JPEG
284,stable_diffusion_v_1_5,4535,GenImage_test/stable_diffusion_v_1_5/test/ai/471_sdv5_00020.png
284,stable_diffusion_v_1_5,4536,GenImage_test/stable_diffusion_v_1_5/test/nature/ILSVRC2012_val_00024640.JPEG
284,stable_diffusion_v_1_5,4537,GenImage_test/stable_diffusion_v_1_5/test/ai/405_sdv5_00009.png
284,stable_diffusion_v_1_5,4538,GenImage_test/stable_diffusion_v_1_5/test/nature/ILSVRC2012_val_00039230.JPEG
284,stable_diffusion_v_1_5,4539,GenImage_test/stable_diffusion_v_1_5/test/nature/ILSVRC2012_val_00038096.JPEG
284,stable_diffusion_v_1_5,4540,GenImage_test/stable_diffusion_v_1_5/test/nature/ILSVRC2012_val_00048352.JPEG
284,stable_diffusion_v_1_5,4541,GenImage_test/stable_diffusion_v_1_5/test/ai/863_sdv5_00100.png
284,stable_diffusion_v_1_5,4542,GenImage_test/stable_diffusion_v_1_5/test/ai/549_sdv5_00135.png
284,stable_diffusion_v_1_5,4543,GenImage_test/stable_diffusion_v_1_5/test/ai/158_sdv5_00195.png
284,stable_diffusion_v_1_5,4544,GenImage_test/stable_diffusion_v_1_5/test/nature/ILSVRC2012_val_00046989.JPEG
284,stable_diffusion_v_1_5,4545,GenImage_test/stable_diffusion_v_1_5/test/nature/ILSVRC2012_val_00023707.JPEG
284,stable_diffusion_v_1_5,4546,GenImage_test/stable_diffusion_v_1_5/test/nature/ILSVRC2012_val_00044070.JPEG
284,stable_diffusion_v_1_5,4547,GenImage_test/stable_diffusion_v_1_5/test/nature/ILSVRC2012_val_00018897.JPEG
285,stable_diffusion_v_1_5,4548,GenImage_test/stable_diffusion_v_1_5/test/ai/843_sdv5_00039.png
285,stable_diffusion_v_1_5,4549,GenImage_test/stable_diffusion_v_1_5/test/nature/ILSVRC2012_val_00007507.JPEG
285,stable_diffusion_v_1_5,4550,GenImage_test/stable_diffusion_v_1_5/test/nature/ILSVRC2012_val_00034212.JPEG
285,stable_diffusion_v_1_5,4551,GenImage_test/stable_diffusion_v_1_5/test/nature/ILSVRC2012_val_00015357.JPEG
285,stable_diffusion_v_1_5,4552,GenImage_test/stable_diffusion_v_1_5/test/nature/ILSVRC2012_val_00013286.JPEG
285,stable_diffusion_v_1_5,4553,GenImage_test/stable_diffusion_v_1_5/test/ai/746_sdv5_00020.png
285,stable_diffusion_v_1_5,4554,GenImage_test/stable_diffusion_v_1_5/test/ai/515_sdv5_00100.png
285,stable_diffusion_v_1_5,4555,GenImage_test/stable_diffusion_v_1_5/test/ai/084_sdv5_00009.png
285,stable_diffusion_v_1_5,4556,GenImage_test/stable_diffusion_v_1_5/test/nature/ILSVRC2012_val_00017192.JPEG
285,stable_diffusion_v_1_5,4557,GenImage_test/stable_diffusion_v_1_5/test/ai/126_sdv5_00003.png
285,stable_diffusion_v_1_5,4558,GenImage_test/stable_diffusion_v_1_5/test/ai/034_sdv5_00195.png
285,stable_diffusion_v_1_5,4559,GenImage_test/stable_diffusion_v_1_5/test/nature/ILSVRC2012_val_00029415.JPEG
285,stable_diffusion_v_1_5,4560,GenImage_test/stable_diffusion_v_1_5/test/ai/395_sdv5_00039.png
285,stable_diffusion_v_1_5,4561,GenImage_test/stable_diffusion_v_1_5/test/ai/852_sdv5_00027.png
285,stable_diffusion_v_1_5,4562,GenImage_test/stable_diffusion_v_1_5/test/ai/926_sdv5_00135.png
285,stable_diffusion_v_1_5,4563,GenImage_test/stable_diffusion_v_1_5/test/nature/ILSVRC2012_val_00007025.JPEG
286,stable_diffusion_v_1_5,4564,GenImage_test/stable_diffusion_v_1_5/test/ai/519_sdv5_00195.png
286,stable_diffusion_v_1_5,4565,GenImage_test/stable_diffusion_v_1_5/test/nature/ILSVRC2012_val_00007808.JPEG
286,stable_diffusion_v_1_5,4566,GenImage_test/stable_diffusion_v_1_5/test/ai/566_sdv5_00100.png
286,stable_diffusion_v_1_5,4567,GenImage_test/stable_diffusion_v_1_5/test/ai/531_sdv5_00009.png
286,stable_diffusion_v_1_5,4568,GenImage_test/stable_diffusion_v_1_5/test/nature/ILSVRC2012_val_00028756.JPEG
286,stable_diffusion_v_1_5,4569,GenImage_test/stable_diffusion_v_1_5/test/nature/ILSVRC2012_val_00048986.JPEG
286,stable_diffusion_v_1_5,4570,GenImage_test/stable_diffusion_v_1_5/test/nature/ILSVRC2012_val_00034502.JPEG
286,stable_diffusion_v_1_5,4571,GenImage_test/stable_diffusion_v_1_5/test/ai/803_sdv5_00195.png
286,stable_diffusion_v_1_5,4572,GenImage_test/stable_diffusion_v_1_5/test/nature/ILSVRC2012_val_00022068.JPEG
286,stable_diffusion_v_1_5,4573,GenImage_test/stable_diffusion_v_1_5/test/nature/ILSVRC2012_val_00027056.JPEG
286,stable_diffusion_v_1_5,4574,GenImage_test/stable_diffusion_v_1_5/test/nature/ILSVRC2012_val_00005358.JPEG
286,stable_diffusion_v_1_5,4575,GenImage_test/stable_diffusion_v_1_5/test/ai/619_sdv5_00020.png
286,stable_diffusion_v_1_5,4576,GenImage_test/stable_diffusion_v_1_5/test/nature/ILSVRC2012_val_00036939.JPEG
286,stable_diffusion_v_1_5,4577,GenImage_test/stable_diffusion_v_1_5/test/ai/333_sdv5_00135.png
286,stable_diffusion_v_1_5,4578,GenImage_test/stable_diffusion_v_1_5/test/ai/442_sdv5_00135.png
286,stable_diffusion_v_1_5,4579,GenImage_test/stable_diffusion_v_1_5/test/nature/ILSVRC2012_val_00007526.JPEG
287,stable_diffusion_v_1_5,4580,GenImage_test/stable_diffusion_v_1_5/test/ai/455_sdv5_00100.png
287,stable_diffusion_v_1_5,4581,GenImage_test/stable_diffusion_v_1_5/test/ai/294_sdv5_00195.png
287,stable_diffusion_v_1_5,4582,GenImage_test/stable_diffusion_v_1_5/test/nature/ILSVRC2012_val_00042385.JPEG
287,stable_diffusion_v_1_5,4583,GenImage_test/stable_diffusion_v_1_5/test/nature/ILSVRC2012_val_00035411.JPEG
287,stable_diffusion_v_1_5,4584,GenImage_test/stable_diffusion_v_1_5/test/ai/012_sdv5_00003.png
287,stable_diffusion_v_1_5,4585,GenImage_test/stable_diffusion_v_1_5/test/ai/386_sdv5_00020.png
287,stable_diffusion_v_1_5,4586,GenImage_test/stable_diffusion_v_1_5/test/ai/232_sdv5_00039.png
287,stable_diffusion_v_1_5,4587,GenImage_test/stable_diffusion_v_1_5/test/nature/ILSVRC2012_val_00004872.JPEG
287,stable_diffusion_v_1_5,4588,GenImage_test/stable_diffusion_v_1_5/test/nature/ILSVRC2012_val_00025507.JPEG
287,stable_diffusion_v_1_5,4589,GenImage_test/stable_diffusion_v_1_5/test/ai/842_sdv5_00003.png
287,stable_diffusion_v_1_5,4590,GenImage_test/stable_diffusion_v_1_5/test/ai/452_sdv5_00003.png
287,stable_diffusion_v_1_5,4591,GenImage_test/stable_diffusion_v_1_5/test/ai/633_sdv5_00003.png
287,stable_diffusion_v_1_5,4592,GenImage_test/stable_diffusion_v_1_5/test/ai/384_sdv5_00020.png
287,stable_diffusion_v_1_5,4593,GenImage_test/stable_diffusion_v_1_5/test/nature/ILSVRC2012_val_00008464.JPEG
287,stable_diffusion_v_1_5,4594,GenImage_test/stable_diffusion_v_1_5/test/ai/562_sdv5_00100.png
287,stable_diffusion_v_1_5,4595,GenImage_test/stable_diffusion_v_1_5/test/nature/ILSVRC2012_val_00001696.JPEG
288,stable_diffusion_v_1_5,4596,GenImage_test/stable_diffusion_v_1_5/test/nature/ILSVRC2012_val_00041459.JPEG
288,stable_diffusion_v_1_5,4597,GenImage_test/stable_diffusion_v_1_5/test/ai/511_sdv5_00020.png
288,stable_diffusion_v_1_5,4598,GenImage_test/stable_diffusion_v_1_5/test/nature/ILSVRC2012_val_00019815.JPEG
288,stable_diffusion_v_1_5,4599,GenImage_test/stable_diffusion_v_1_5/test/nature/ILSVRC2012_val_00046788.JPEG
288,stable_diffusion_v_1_5,4600,GenImage_test/stable_diffusion_v_1_5/test/nature/ILSVRC2012_val_00002683.JPEG
288,stable_diffusion_v_1_5,4601,GenImage_test/stable_diffusion_v_1_5/test/ai/400_sdv5_00027.png
288,stable_diffusion_v_1_5,4602,GenImage_test/stable_diffusion_v_1_5/test/ai/015_sdv5_00135.png
288,stable_diffusion_v_1_5,4603,GenImage_test/stable_diffusion_v_1_5/test/nature/ILSVRC2012_val_00034927.JPEG
288,stable_diffusion_v_1_5,4604,GenImage_test/stable_diffusion_v_1_5/test/nature/ILSVRC2012_val_00017067.JPEG
288,stable_diffusion_v_1_5,4605,GenImage_test/stable_diffusion_v_1_5/test/ai/066_sdv5_00135.png
288,stable_diffusion_v_1_5,4606,GenImage_test/stable_diffusion_v_1_5/test/nature/ILSVRC2012_val_00024105.JPEG
288,stable_diffusion_v_1_5,4607,GenImage_test/stable_diffusion_v_1_5/test/nature/ILSVRC2012_val_00020862.JPEG
288,stable_diffusion_v_1_5,4608,GenImage_test/stable_diffusion_v_1_5/test/nature/ILSVRC2012_val_00040623.JPEG
288,stable_diffusion_v_1_5,4609,GenImage_test/stable_diffusion_v_1_5/test/ai/422_sdv5_00003.png
288,stable_diffusion_v_1_5,4610,GenImage_test/stable_diffusion_v_1_5/test/nature/ILSVRC2012_val_00041675.JPEG
288,stable_diffusion_v_1_5,4611,GenImage_test/stable_diffusion_v_1_5/test/ai/387_sdv5_00003.png
289,stable_diffusion_v_1_5,4612,GenImage_test/stable_diffusion_v_1_5/test/nature/ILSVRC2012_val_00011891.JPEG
289,stable_diffusion_v_1_5,4613,GenImage_test/stable_diffusion_v_1_5/test/nature/ILSVRC2012_val_00020138.JPEG
289,stable_diffusion_v_1_5,4614,GenImage_test/stable_diffusion_v_1_5/test/ai/391_sdv5_00135.png
289,stable_diffusion_v_1_5,4615,GenImage_test/stable_diffusion_v_1_5/test/ai/088_sdv5_00100.png
289,stable_diffusion_v_1_5,4616,GenImage_test/stable_diffusion_v_1_5/test/nature/ILSVRC2012_val_00044194.JPEG
289,stable_diffusion_v_1_5,4617,GenImage_test/stable_diffusion_v_1_5/test/nature/ILSVRC2012_val_00047792.JPEG
289,stable_diffusion_v_1_5,4618,GenImage_test/stable_diffusion_v_1_5/test/ai/036_sdv5_00020.png
289,stable_diffusion_v_1_5,4619,GenImage_test/stable_diffusion_v_1_5/test/ai/325_sdv5_00009.png
289,stable_diffusion_v_1_5,4620,GenImage_test/stable_diffusion_v_1_5/test/ai/066_sdv5_00009.png
289,stable_diffusion_v_1_5,4621,GenImage_test/stable_diffusion_v_1_5/test/ai/755_sdv5_00003.png
289,stable_diffusion_v_1_5,4622,GenImage_test/stable_diffusion_v_1_5/test/nature/ILSVRC2012_val_00027369.JPEG
289,stable_diffusion_v_1_5,4623,GenImage_test/stable_diffusion_v_1_5/test/nature/ILSVRC2012_val_00035334.JPEG
289,stable_diffusion_v_1_5,4624,GenImage_test/stable_diffusion_v_1_5/test/ai/283_sdv5_00135.png
289,stable_diffusion_v_1_5,4625,GenImage_test/stable_diffusion_v_1_5/test/ai/765_sdv5_00100.png
289,stable_diffusion_v_1_5,4626,GenImage_test/stable_diffusion_v_1_5/test/ai/944_sdv5_00135.png
289,stable_diffusion_v_1_5,4627,GenImage_test/stable_diffusion_v_1_5/test/ai/501_sdv5_00195.png
290,stable_diffusion_v_1_5,4628,GenImage_test/stable_diffusion_v_1_5/test/nature/ILSVRC2012_val_00040463.JPEG
290,stable_diffusion_v_1_5,4629,GenImage_test/stable_diffusion_v_1_5/test/ai/186_sdv5_00003.png
290,stable_diffusion_v_1_5,4630,GenImage_test/stable_diffusion_v_1_5/test/nature/ILSVRC2012_val_00028372.JPEG
290,stable_diffusion_v_1_5,4631,GenImage_test/stable_diffusion_v_1_5/test/ai/155_sdv5_00039.png
290,stable_diffusion_v_1_5,4632,GenImage_test/stable_diffusion_v_1_5/test/ai/628_sdv5_00039.png
290,stable_diffusion_v_1_5,4633,GenImage_test/stable_diffusion_v_1_5/test/ai/518_sdv5_00003.png
290,stable_diffusion_v_1_5,4634,GenImage_test/stable_diffusion_v_1_5/test/ai/765_sdv5_00195.png
290,stable_diffusion_v_1_5,4635,GenImage_test/stable_diffusion_v_1_5/test/ai/571_sdv5_00135.png
290,stable_diffusion_v_1_5,4636,GenImage_test/stable_diffusion_v_1_5/test/ai/860_sdv5_00135.png
290,stable_diffusion_v_1_5,4637,GenImage_test/stable_diffusion_v_1_5/test/nature/ILSVRC2012_val_00042358.JPEG
290,stable_diffusion_v_1_5,4638,GenImage_test/stable_diffusion_v_1_5/test/nature/ILSVRC2012_val_00033580.JPEG
290,stable_diffusion_v_1_5,4639,GenImage_test/stable_diffusion_v_1_5/test/ai/696_sdv5_00020.png
290,stable_diffusion_v_1_5,4640,GenImage_test/stable_diffusion_v_1_5/test/ai/562_sdv5_00135.png
290,stable_diffusion_v_1_5,4641,GenImage_test/stable_diffusion_v_1_5/test/ai/926_sdv5_00100.png
290,stable_diffusion_v_1_5,4642,GenImage_test/stable_diffusion_v_1_5/test/nature/ILSVRC2012_val_00048361.JPEG
290,stable_diffusion_v_1_5,4643,GenImage_test/stable_diffusion_v_1_5/test/nature/ILSVRC2012_val_00019458.JPEG
291,stable_diffusion_v_1_5,4644,GenImage_test/stable_diffusion_v_1_5/test/ai/045_sdv5_00020.png
291,stable_diffusion_v_1_5,4645,GenImage_test/stable_diffusion_v_1_5/test/nature/ILSVRC2012_val_00024923.JPEG
291,stable_diffusion_v_1_5,4646,GenImage_test/stable_diffusion_v_1_5/test/nature/ILSVRC2012_val_00040471.JPEG
291,stable_diffusion_v_1_5,4647,GenImage_test/stable_diffusion_v_1_5/test/nature/ILSVRC2012_val_00037830.JPEG
291,stable_diffusion_v_1_5,4648,GenImage_test/stable_diffusion_v_1_5/test/nature/ILSVRC2012_val_00043632.JPEG
291,stable_diffusion_v_1_5,4649,GenImage_test/stable_diffusion_v_1_5/test/ai/053_sdv5_00003.png
291,stable_diffusion_v_1_5,4650,GenImage_test/stable_diffusion_v_1_5/test/ai/589_sdv5_00039.png
291,stable_diffusion_v_1_5,4651,GenImage_test/stable_diffusion_v_1_5/test/nature/ILSVRC2012_val_00010821.JPEG
291,stable_diffusion_v_1_5,4652,GenImage_test/stable_diffusion_v_1_5/test/ai/741_sdv5_00135.png
291,stable_diffusion_v_1_5,4653,GenImage_test/stable_diffusion_v_1_5/test/nature/ILSVRC2012_val_00015775.JPEG
291,stable_diffusion_v_1_5,4654,GenImage_test/stable_diffusion_v_1_5/test/ai/548_sdv5_00020.png
291,stable_diffusion_v_1_5,4655,GenImage_test/stable_diffusion_v_1_5/test/nature/ILSVRC2012_val_00031912.JPEG
291,stable_diffusion_v_1_5,4656,GenImage_test/stable_diffusion_v_1_5/test/nature/ILSVRC2012_val_00032387.JPEG
291,stable_diffusion_v_1_5,4657,GenImage_test/stable_diffusion_v_1_5/test/nature/ILSVRC2012_val_00000432.JPEG
291,stable_diffusion_v_1_5,4658,GenImage_test/stable_diffusion_v_1_5/test/nature/ILSVRC2012_val_00028388.JPEG
291,stable_diffusion_v_1_5,4659,GenImage_test/stable_diffusion_v_1_5/test/nature/ILSVRC2012_val_00034204.JPEG
292,stable_diffusion_v_1_5,4660,GenImage_test/stable_diffusion_v_1_5/test/nature/ILSVRC2012_val_00047958.JPEG
292,stable_diffusion_v_1_5,4661,GenImage_test/stable_diffusion_v_1_5/test/nature/ILSVRC2012_val_00028001.JPEG
292,stable_diffusion_v_1_5,4662,GenImage_test/stable_diffusion_v_1_5/test/ai/254_sdv5_00135.png
292,stable_diffusion_v_1_5,4663,GenImage_test/stable_diffusion_v_1_5/test/ai/623_sdv5_00027.png
292,stable_diffusion_v_1_5,4664,GenImage_test/stable_diffusion_v_1_5/test/nature/ILSVRC2012_val_00012071.JPEG
292,stable_diffusion_v_1_5,4665,GenImage_test/stable_diffusion_v_1_5/test/ai/828_sdv5_00195.png
292,stable_diffusion_v_1_5,4666,GenImage_test/stable_diffusion_v_1_5/test/ai/104_sdv5_00027.png
292,stable_diffusion_v_1_5,4667,GenImage_test/stable_diffusion_v_1_5/test/nature/ILSVRC2012_val_00018476.JPEG
292,stable_diffusion_v_1_5,4668,GenImage_test/stable_diffusion_v_1_5/test/nature/ILSVRC2012_val_00043499.JPEG
292,stable_diffusion_v_1_5,4669,GenImage_test/stable_diffusion_v_1_5/test/ai/341_sdv5_00135.png
292,stable_diffusion_v_1_5,4670,GenImage_test/stable_diffusion_v_1_5/test/nature/ILSVRC2012_val_00007401.JPEG
292,stable_diffusion_v_1_5,4671,GenImage_test/stable_diffusion_v_1_5/test/nature/ILSVRC2012_val_00018242.JPEG
292,stable_diffusion_v_1_5,4672,GenImage_test/stable_diffusion_v_1_5/test/ai/936_sdv5_00020.png
292,stable_diffusion_v_1_5,4673,GenImage_test/stable_diffusion_v_1_5/test/ai/032_sdv5_00003.png
292,stable_diffusion_v_1_5,4674,GenImage_test/stable_diffusion_v_1_5/test/nature/ILSVRC2012_val_00018064.JPEG
292,stable_diffusion_v_1_5,4675,GenImage_test/stable_diffusion_v_1_5/test/nature/ILSVRC2012_val_00044111.JPEG
293,stable_diffusion_v_1_5,4676,GenImage_test/stable_diffusion_v_1_5/test/nature/ILSVRC2012_val_00034136.JPEG
293,stable_diffusion_v_1_5,4677,GenImage_test/stable_diffusion_v_1_5/test/nature/ILSVRC2012_val_00046164.JPEG
293,stable_diffusion_v_1_5,4678,GenImage_test/stable_diffusion_v_1_5/test/ai/277_sdv5_00027.png
293,stable_diffusion_v_1_5,4679,GenImage_test/stable_diffusion_v_1_5/test/nature/ILSVRC2012_val_00041985.JPEG
293,stable_diffusion_v_1_5,4680,GenImage_test/stable_diffusion_v_1_5/test/ai/044_sdv5_00020.png
293,stable_diffusion_v_1_5,4681,GenImage_test/stable_diffusion_v_1_5/test/ai/729_sdv5_00009.png
293,stable_diffusion_v_1_5,4682,GenImage_test/stable_diffusion_v_1_5/test/nature/ILSVRC2012_val_00016351.JPEG
293,stable_diffusion_v_1_5,4683,GenImage_test/stable_diffusion_v_1_5/test/ai/187_sdv5_00039.png
293,stable_diffusion_v_1_5,4684,GenImage_test/stable_diffusion_v_1_5/test/nature/ILSVRC2012_val_00038377.JPEG
293,stable_diffusion_v_1_5,4685,GenImage_test/stable_diffusion_v_1_5/test/ai/919_sdv5_00039.png
293,stable_diffusion_v_1_5,4686,GenImage_test/stable_diffusion_v_1_5/test/ai/978_sdv5_00027.png
293,stable_diffusion_v_1_5,4687,GenImage_test/stable_diffusion_v_1_5/test/ai/637_sdv5_00195.png
293,stable_diffusion_v_1_5,4688,GenImage_test/stable_diffusion_v_1_5/test/ai/752_sdv5_00003.png
293,stable_diffusion_v_1_5,4689,GenImage_test/stable_diffusion_v_1_5/test/ai/899_sdv5_00039.png
293,stable_diffusion_v_1_5,4690,GenImage_test/stable_diffusion_v_1_5/test/nature/ILSVRC2012_val_00024159.JPEG
293,stable_diffusion_v_1_5,4691,GenImage_test/stable_diffusion_v_1_5/test/nature/ILSVRC2012_val_00033118.JPEG
294,stable_diffusion_v_1_5,4692,GenImage_test/stable_diffusion_v_1_5/test/nature/ILSVRC2012_val_00033110.JPEG
294,stable_diffusion_v_1_5,4693,GenImage_test/stable_diffusion_v_1_5/test/ai/724_sdv5_00100.png
294,stable_diffusion_v_1_5,4694,GenImage_test/stable_diffusion_v_1_5/test/ai/846_sdv5_00027.png
294,stable_diffusion_v_1_5,4695,GenImage_test/stable_diffusion_v_1_5/test/ai/124_sdv5_00100.png
294,stable_diffusion_v_1_5,4696,GenImage_test/stable_diffusion_v_1_5/test/ai/714_sdv5_00039.png
294,stable_diffusion_v_1_5,4697,GenImage_test/stable_diffusion_v_1_5/test/nature/ILSVRC2012_val_00008284.JPEG
294,stable_diffusion_v_1_5,4698,GenImage_test/stable_diffusion_v_1_5/test/nature/ILSVRC2012_val_00043246.JPEG
294,stable_diffusion_v_1_5,4699,GenImage_test/stable_diffusion_v_1_5/test/nature/ILSVRC2012_val_00021900.JPEG
294,stable_diffusion_v_1_5,4700,GenImage_test/stable_diffusion_v_1_5/test/ai/872_sdv5_00009.png
294,stable_diffusion_v_1_5,4701,GenImage_test/stable_diffusion_v_1_5/test/ai/540_sdv5_00195.png
294,stable_diffusion_v_1_5,4702,GenImage_test/stable_diffusion_v_1_5/test/nature/ILSVRC2012_val_00017001.JPEG
294,stable_diffusion_v_1_5,4703,GenImage_test/stable_diffusion_v_1_5/test/ai/803_sdv5_00027.png
294,stable_diffusion_v_1_5,4704,GenImage_test/stable_diffusion_v_1_5/test/ai/717_sdv5_00100.png
294,stable_diffusion_v_1_5,4705,GenImage_test/stable_diffusion_v_1_5/test/ai/758_sdv5_00100.png
294,stable_diffusion_v_1_5,4706,GenImage_test/stable_diffusion_v_1_5/test/nature/ILSVRC2012_val_00018340.JPEG
294,stable_diffusion_v_1_5,4707,GenImage_test/stable_diffusion_v_1_5/test/ai/759_sdv5_00003.png
295,stable_diffusion_v_1_5,4708,GenImage_test/stable_diffusion_v_1_5/test/ai/666_sdv5_00135.png
295,stable_diffusion_v_1_5,4709,GenImage_test/stable_diffusion_v_1_5/test/nature/ILSVRC2012_val_00049500.JPEG
295,stable_diffusion_v_1_5,4710,GenImage_test/stable_diffusion_v_1_5/test/nature/ILSVRC2012_val_00037369.JPEG
295,stable_diffusion_v_1_5,4711,GenImage_test/stable_diffusion_v_1_5/test/ai/609_sdv5_00100.png
295,stable_diffusion_v_1_5,4712,GenImage_test/stable_diffusion_v_1_5/test/nature/ILSVRC2012_val_00044278.JPEG
295,stable_diffusion_v_1_5,4713,GenImage_test/stable_diffusion_v_1_5/test/nature/ILSVRC2012_val_00015825.JPEG
295,stable_diffusion_v_1_5,4714,GenImage_test/stable_diffusion_v_1_5/test/ai/834_sdv5_00027.png
295,stable_diffusion_v_1_5,4715,GenImage_test/stable_diffusion_v_1_5/test/ai/004_sdv5_00195.png
295,stable_diffusion_v_1_5,4716,GenImage_test/stable_diffusion_v_1_5/test/ai/065_sdv5_00100.png
295,stable_diffusion_v_1_5,4717,GenImage_test/stable_diffusion_v_1_5/test/ai/642_sdv5_00100.png
295,stable_diffusion_v_1_5,4718,GenImage_test/stable_diffusion_v_1_5/test/nature/ILSVRC2012_val_00000575.JPEG
295,stable_diffusion_v_1_5,4719,GenImage_test/stable_diffusion_v_1_5/test/ai/126_sdv5_00100.png
295,stable_diffusion_v_1_5,4720,GenImage_test/stable_diffusion_v_1_5/test/nature/ILSVRC2012_val_00032814.JPEG
295,stable_diffusion_v_1_5,4721,GenImage_test/stable_diffusion_v_1_5/test/nature/ILSVRC2012_val_00035489.JPEG
295,stable_diffusion_v_1_5,4722,GenImage_test/stable_diffusion_v_1_5/test/ai/433_sdv5_00039.png
295,stable_diffusion_v_1_5,4723,GenImage_test/stable_diffusion_v_1_5/test/ai/678_sdv5_00100.png
296,stable_diffusion_v_1_5,4724,GenImage_test/stable_diffusion_v_1_5/test/nature/ILSVRC2012_val_00006027.JPEG
296,stable_diffusion_v_1_5,4725,GenImage_test/stable_diffusion_v_1_5/test/nature/ILSVRC2012_val_00043359.JPEG
296,stable_diffusion_v_1_5,4726,GenImage_test/stable_diffusion_v_1_5/test/nature/ILSVRC2012_val_00034842.JPEG
296,stable_diffusion_v_1_5,4727,GenImage_test/stable_diffusion_v_1_5/test/nature/ILSVRC2012_val_00037533.JPEG
296,stable_diffusion_v_1_5,4728,GenImage_test/stable_diffusion_v_1_5/test/ai/898_sdv5_00135.png
296,stable_diffusion_v_1_5,4729,GenImage_test/stable_diffusion_v_1_5/test/nature/ILSVRC2012_val_00041095.JPEG
296,stable_diffusion_v_1_5,4730,GenImage_test/stable_diffusion_v_1_5/test/ai/653_sdv5_00009.png
296,stable_diffusion_v_1_5,4731,GenImage_test/stable_diffusion_v_1_5/test/ai/845_sdv5_00100.png
296,stable_diffusion_v_1_5,4732,GenImage_test/stable_diffusion_v_1_5/test/ai/621_sdv5_00039.png
296,stable_diffusion_v_1_5,4733,GenImage_test/stable_diffusion_v_1_5/test/ai/534_sdv5_00020.png
296,stable_diffusion_v_1_5,4734,GenImage_test/stable_diffusion_v_1_5/test/ai/085_sdv5_00027.png
296,stable_diffusion_v_1_5,4735,GenImage_test/stable_diffusion_v_1_5/test/nature/ILSVRC2012_val_00047930.JPEG
296,stable_diffusion_v_1_5,4736,GenImage_test/stable_diffusion_v_1_5/test/nature/ILSVRC2012_val_00021200.JPEG
296,stable_diffusion_v_1_5,4737,GenImage_test/stable_diffusion_v_1_5/test/nature/ILSVRC2012_val_00021735.JPEG
296,stable_diffusion_v_1_5,4738,GenImage_test/stable_diffusion_v_1_5/test/ai/327_sdv5_00009.png
296,stable_diffusion_v_1_5,4739,GenImage_test/stable_diffusion_v_1_5/test/ai/584_sdv5_00009.png
297,stable_diffusion_v_1_5,4740,GenImage_test/stable_diffusion_v_1_5/test/nature/ILSVRC2012_val_00021189.JPEG
297,stable_diffusion_v_1_5,4741,GenImage_test/stable_diffusion_v_1_5/test/nature/ILSVRC2012_val_00022165.JPEG
297,stable_diffusion_v_1_5,4742,GenImage_test/stable_diffusion_v_1_5/test/ai/471_sdv5_00027.png
297,stable_diffusion_v_1_5,4743,GenImage_test/stable_diffusion_v_1_5/test/nature/ILSVRC2012_val_00034336.JPEG
297,stable_diffusion_v_1_5,4744,GenImage_test/stable_diffusion_v_1_5/test/ai/581_sdv5_00003.png
297,stable_diffusion_v_1_5,4745,GenImage_test/stable_diffusion_v_1_5/test/ai/212_sdv5_00027.png
297,stable_diffusion_v_1_5,4746,GenImage_test/stable_diffusion_v_1_5/test/nature/ILSVRC2012_val_00014331.JPEG
297,stable_diffusion_v_1_5,4747,GenImage_test/stable_diffusion_v_1_5/test/nature/ILSVRC2012_val_00016551.JPEG
297,stable_diffusion_v_1_5,4748,GenImage_test/stable_diffusion_v_1_5/test/nature/ILSVRC2012_val_00049247.JPEG
297,stable_diffusion_v_1_5,4749,GenImage_test/stable_diffusion_v_1_5/test/nature/ILSVRC2012_val_00030272.JPEG
297,stable_diffusion_v_1_5,4750,GenImage_test/stable_diffusion_v_1_5/test/nature/ILSVRC2012_val_00040262.JPEG
297,stable_diffusion_v_1_5,4751,GenImage_test/stable_diffusion_v_1_5/test/nature/ILSVRC2012_val_00018938.JPEG
297,stable_diffusion_v_1_5,4752,GenImage_test/stable_diffusion_v_1_5/test/ai/291_sdv5_00195.png
297,stable_diffusion_v_1_5,4753,GenImage_test/stable_diffusion_v_1_5/test/nature/ILSVRC2012_val_00025705.JPEG
297,stable_diffusion_v_1_5,4754,GenImage_test/stable_diffusion_v_1_5/test/ai/814_sdv5_00195.png
297,stable_diffusion_v_1_5,4755,GenImage_test/stable_diffusion_v_1_5/test/nature/ILSVRC2012_val_00048871.JPEG
298,stable_diffusion_v_1_5,4756,GenImage_test/stable_diffusion_v_1_5/test/nature/ILSVRC2012_val_00049153.JPEG
298,stable_diffusion_v_1_5,4757,GenImage_test/stable_diffusion_v_1_5/test/nature/ILSVRC2012_val_00043941.JPEG
298,stable_diffusion_v_1_5,4758,GenImage_test/stable_diffusion_v_1_5/test/nature/ILSVRC2012_val_00028005.JPEG
298,stable_diffusion_v_1_5,4759,GenImage_test/stable_diffusion_v_1_5/test/ai/231_sdv5_00195.png
298,stable_diffusion_v_1_5,4760,GenImage_test/stable_diffusion_v_1_5/test/ai/660_sdv5_00195.png
298,stable_diffusion_v_1_5,4761,GenImage_test/stable_diffusion_v_1_5/test/ai/512_sdv5_00003.png
298,stable_diffusion_v_1_5,4762,GenImage_test/stable_diffusion_v_1_5/test/ai/188_sdv5_00100.png
298,stable_diffusion_v_1_5,4763,GenImage_test/stable_diffusion_v_1_5/test/nature/ILSVRC2012_val_00006216.JPEG
298,stable_diffusion_v_1_5,4764,GenImage_test/stable_diffusion_v_1_5/test/ai/456_sdv5_00135.png
298,stable_diffusion_v_1_5,4765,GenImage_test/stable_diffusion_v_1_5/test/ai/204_sdv5_00027.png
298,stable_diffusion_v_1_5,4766,GenImage_test/stable_diffusion_v_1_5/test/ai/461_sdv5_00100.png
298,stable_diffusion_v_1_5,4767,GenImage_test/stable_diffusion_v_1_5/test/nature/ILSVRC2012_val_00025682.JPEG
298,stable_diffusion_v_1_5,4768,GenImage_test/stable_diffusion_v_1_5/test/nature/ILSVRC2012_val_00010288.JPEG
298,stable_diffusion_v_1_5,4769,GenImage_test/stable_diffusion_v_1_5/test/ai/739_sdv5_00100.png
298,stable_diffusion_v_1_5,4770,GenImage_test/stable_diffusion_v_1_5/test/ai/697_sdv5_00195.png
298,stable_diffusion_v_1_5,4771,GenImage_test/stable_diffusion_v_1_5/test/nature/ILSVRC2012_val_00021526.JPEG
299,stable_diffusion_v_1_5,4772,GenImage_test/stable_diffusion_v_1_5/test/nature/ILSVRC2012_val_00037741.JPEG
299,stable_diffusion_v_1_5,4773,GenImage_test/stable_diffusion_v_1_5/test/nature/ILSVRC2012_val_00022131.JPEG
299,stable_diffusion_v_1_5,4774,GenImage_test/stable_diffusion_v_1_5/test/nature/ILSVRC2012_val_00048813.JPEG
299,stable_diffusion_v_1_5,4775,GenImage_test/stable_diffusion_v_1_5/test/nature/ILSVRC2012_val_00000502.JPEG
299,stable_diffusion_v_1_5,4776,GenImage_test/stable_diffusion_v_1_5/test/nature/ILSVRC2012_val_00030486.JPEG
299,stable_diffusion_v_1_5,4777,GenImage_test/stable_diffusion_v_1_5/test/ai/181_sdv5_00135.png
299,stable_diffusion_v_1_5,4778,GenImage_test/stable_diffusion_v_1_5/test/ai/698_sdv5_00135.png
299,stable_diffusion_v_1_5,4779,GenImage_test/stable_diffusion_v_1_5/test/ai/866_sdv5_00027.png
299,stable_diffusion_v_1_5,4780,GenImage_test/stable_diffusion_v_1_5/test/nature/ILSVRC2012_val_00046669.JPEG
299,stable_diffusion_v_1_5,4781,GenImage_test/stable_diffusion_v_1_5/test/ai/979_sdv5_00039.png
299,stable_diffusion_v_1_5,4782,GenImage_test/stable_diffusion_v_1_5/test/ai/663_sdv5_00100.png
299,stable_diffusion_v_1_5,4783,GenImage_test/stable_diffusion_v_1_5/test/ai/564_sdv5_00135.png
299,stable_diffusion_v_1_5,4784,GenImage_test/stable_diffusion_v_1_5/test/ai/344_sdv5_00020.png
299,stable_diffusion_v_1_5,4785,GenImage_test/stable_diffusion_v_1_5/test/nature/ILSVRC2012_val_00037069.JPEG
299,stable_diffusion_v_1_5,4786,GenImage_test/stable_diffusion_v_1_5/test/nature/ILSVRC2012_val_00037750.JPEG
299,stable_diffusion_v_1_5,4787,GenImage_test/stable_diffusion_v_1_5/test/nature/ILSVRC2012_val_00042914.JPEG
300,stable_diffusion_v_1_5,4788,GenImage_test/stable_diffusion_v_1_5/test/ai/407_sdv5_00003.png
300,stable_diffusion_v_1_5,4789,GenImage_test/stable_diffusion_v_1_5/test/ai/411_sdv5_00003.png
300,stable_diffusion_v_1_5,4790,GenImage_test/stable_diffusion_v_1_5/test/nature/ILSVRC2012_val_00009645.JPEG
300,stable_diffusion_v_1_5,4791,GenImage_test/stable_diffusion_v_1_5/test/nature/ILSVRC2012_val_00028823.JPEG
300,stable_diffusion_v_1_5,4792,GenImage_test/stable_diffusion_v_1_5/test/ai/270_sdv5_00039.png
300,stable_diffusion_v_1_5,4793,GenImage_test/stable_diffusion_v_1_5/test/ai/104_sdv5_00195.png
300,stable_diffusion_v_1_5,4794,GenImage_test/stable_diffusion_v_1_5/test/nature/ILSVRC2012_val_00042052.JPEG
300,stable_diffusion_v_1_5,4795,GenImage_test/stable_diffusion_v_1_5/test/ai/270_sdv5_00003.png
300,stable_diffusion_v_1_5,4796,GenImage_test/stable_diffusion_v_1_5/test/nature/ILSVRC2012_val_00013650.JPEG
300,stable_diffusion_v_1_5,4797,GenImage_test/stable_diffusion_v_1_5/test/ai/249_sdv5_00020.png
300,stable_diffusion_v_1_5,4798,GenImage_test/stable_diffusion_v_1_5/test/nature/ILSVRC2012_val_00009582.JPEG
300,stable_diffusion_v_1_5,4799,GenImage_test/stable_diffusion_v_1_5/test/ai/127_sdv5_00027.png
300,stable_diffusion_v_1_5,4800,GenImage_test/stable_diffusion_v_1_5/test/ai/976_sdv5_00100.png
300,stable_diffusion_v_1_5,4801,GenImage_test/stable_diffusion_v_1_5/test/ai/534_sdv5_00100.png
300,stable_diffusion_v_1_5,4802,GenImage_test/stable_diffusion_v_1_5/test/ai/698_sdv5_00003.png
300,stable_diffusion_v_1_5,4803,GenImage_test/stable_diffusion_v_1_5/test/nature/ILSVRC2012_val_00036315.JPEG
301,stable_diffusion_v_1_5,4804,GenImage_test/stable_diffusion_v_1_5/test/nature/ILSVRC2012_val_00005490.JPEG
301,stable_diffusion_v_1_5,4805,GenImage_test/stable_diffusion_v_1_5/test/ai/970_sdv5_00009.png
301,stable_diffusion_v_1_5,4806,GenImage_test/stable_diffusion_v_1_5/test/ai/527_sdv5_00135.png
301,stable_diffusion_v_1_5,4807,GenImage_test/stable_diffusion_v_1_5/test/nature/ILSVRC2012_val_00009859.JPEG
301,stable_diffusion_v_1_5,4808,GenImage_test/stable_diffusion_v_1_5/test/ai/210_sdv5_00135.png
301,stable_diffusion_v_1_5,4809,GenImage_test/stable_diffusion_v_1_5/test/ai/378_sdv5_00100.png
301,stable_diffusion_v_1_5,4810,GenImage_test/stable_diffusion_v_1_5/test/ai/401_sdv5_00100.png
301,stable_diffusion_v_1_5,4811,GenImage_test/stable_diffusion_v_1_5/test/ai/108_sdv5_00027.png
301,stable_diffusion_v_1_5,4812,GenImage_test/stable_diffusion_v_1_5/test/ai/543_sdv5_00195.png
301,stable_diffusion_v_1_5,4813,GenImage_test/stable_diffusion_v_1_5/test/ai/121_sdv5_00039.png
301,stable_diffusion_v_1_5,4814,GenImage_test/stable_diffusion_v_1_5/test/nature/ILSVRC2012_val_00032580.JPEG
301,stable_diffusion_v_1_5,4815,GenImage_test/stable_diffusion_v_1_5/test/nature/ILSVRC2012_val_00018527.JPEG
301,stable_diffusion_v_1_5,4816,GenImage_test/stable_diffusion_v_1_5/test/nature/ILSVRC2012_val_00048873.JPEG
301,stable_diffusion_v_1_5,4817,GenImage_test/stable_diffusion_v_1_5/test/nature/ILSVRC2012_val_00011231.JPEG
301,stable_diffusion_v_1_5,4818,GenImage_test/stable_diffusion_v_1_5/test/ai/216_sdv5_00020.png
301,stable_diffusion_v_1_5,4819,GenImage_test/stable_diffusion_v_1_5/test/ai/995_sdv5_00195.png
302,stable_diffusion_v_1_5,4820,GenImage_test/stable_diffusion_v_1_5/test/nature/ILSVRC2012_val_00028553.JPEG
302,stable_diffusion_v_1_5,4821,GenImage_test/stable_diffusion_v_1_5/test/ai/100_sdv5_00195.png
302,stable_diffusion_v_1_5,4822,GenImage_test/stable_diffusion_v_1_5/test/nature/ILSVRC2012_val_00030294.JPEG
302,stable_diffusion_v_1_5,4823,GenImage_test/stable_diffusion_v_1_5/test/nature/ILSVRC2012_val_00031544.JPEG
302,stable_diffusion_v_1_5,4824,GenImage_test/stable_diffusion_v_1_5/test/nature/ILSVRC2012_val_00040576.JPEG
302,stable_diffusion_v_1_5,4825,GenImage_test/stable_diffusion_v_1_5/test/nature/ILSVRC2012_val_00017324.JPEG
302,stable_diffusion_v_1_5,4826,GenImage_test/stable_diffusion_v_1_5/test/nature/ILSVRC2012_val_00019394.JPEG
302,stable_diffusion_v_1_5,4827,GenImage_test/stable_diffusion_v_1_5/test/nature/ILSVRC2012_val_00013568.JPEG
302,stable_diffusion_v_1_5,4828,GenImage_test/stable_diffusion_v_1_5/test/ai/004_sdv5_00020.png
302,stable_diffusion_v_1_5,4829,GenImage_test/stable_diffusion_v_1_5/test/ai/545_sdv5_00003.png
302,stable_diffusion_v_1_5,4830,GenImage_test/stable_diffusion_v_1_5/test/nature/ILSVRC2012_val_00026341.JPEG
302,stable_diffusion_v_1_5,4831,GenImage_test/stable_diffusion_v_1_5/test/nature/ILSVRC2012_val_00021535.JPEG
302,stable_diffusion_v_1_5,4832,GenImage_test/stable_diffusion_v_1_5/test/nature/ILSVRC2012_val_00003063.JPEG
302,stable_diffusion_v_1_5,4833,GenImage_test/stable_diffusion_v_1_5/test/ai/593_sdv5_00195.png
302,stable_diffusion_v_1_5,4834,GenImage_test/stable_diffusion_v_1_5/test/ai/171_sdv5_00135.png
302,stable_diffusion_v_1_5,4835,GenImage_test/stable_diffusion_v_1_5/test/nature/ILSVRC2012_val_00005708.JPEG
303,stable_diffusion_v_1_5,4836,GenImage_test/stable_diffusion_v_1_5/test/nature/ILSVRC2012_val_00038863.JPEG
303,stable_diffusion_v_1_5,4837,GenImage_test/stable_diffusion_v_1_5/test/ai/453_sdv5_00027.png
303,stable_diffusion_v_1_5,4838,GenImage_test/stable_diffusion_v_1_5/test/nature/ILSVRC2012_val_00016387.JPEG
303,stable_diffusion_v_1_5,4839,GenImage_test/stable_diffusion_v_1_5/test/ai/067_sdv5_00027.png
303,stable_diffusion_v_1_5,4840,GenImage_test/stable_diffusion_v_1_5/test/ai/123_sdv5_00020.png
303,stable_diffusion_v_1_5,4841,GenImage_test/stable_diffusion_v_1_5/test/nature/ILSVRC2012_val_00041426.JPEG
303,stable_diffusion_v_1_5,4842,GenImage_test/stable_diffusion_v_1_5/test/ai/601_sdv5_00195.png
303,stable_diffusion_v_1_5,4843,GenImage_test/stable_diffusion_v_1_5/test/nature/ILSVRC2012_val_00045494.JPEG
303,stable_diffusion_v_1_5,4844,GenImage_test/stable_diffusion_v_1_5/test/ai/749_sdv5_00039.png
303,stable_diffusion_v_1_5,4845,GenImage_test/stable_diffusion_v_1_5/test/ai/854_sdv5_00039.png
303,stable_diffusion_v_1_5,4846,GenImage_test/stable_diffusion_v_1_5/test/nature/ILSVRC2012_val_00042511.JPEG
303,stable_diffusion_v_1_5,4847,GenImage_test/stable_diffusion_v_1_5/test/ai/578_sdv5_00135.png
303,stable_diffusion_v_1_5,4848,GenImage_test/stable_diffusion_v_1_5/test/nature/ILSVRC2012_val_00017630.JPEG
303,stable_diffusion_v_1_5,4849,GenImage_test/stable_diffusion_v_1_5/test/ai/137_sdv5_00135.png
303,stable_diffusion_v_1_5,4850,GenImage_test/stable_diffusion_v_1_5/test/ai/885_sdv5_00009.png
303,stable_diffusion_v_1_5,4851,GenImage_test/stable_diffusion_v_1_5/test/nature/ILSVRC2012_val_00020409.JPEG
304,stable_diffusion_v_1_5,4852,GenImage_test/stable_diffusion_v_1_5/test/ai/597_sdv5_00100.png
304,stable_diffusion_v_1_5,4853,GenImage_test/stable_diffusion_v_1_5/test/nature/ILSVRC2012_val_00019627.JPEG
304,stable_diffusion_v_1_5,4854,GenImage_test/stable_diffusion_v_1_5/test/nature/ILSVRC2012_val_00042872.JPEG
304,stable_diffusion_v_1_5,4855,GenImage_test/stable_diffusion_v_1_5/test/ai/265_sdv5_00039.png
304,stable_diffusion_v_1_5,4856,GenImage_test/stable_diffusion_v_1_5/test/nature/ILSVRC2012_val_00010404.JPEG
304,stable_diffusion_v_1_5,4857,GenImage_test/stable_diffusion_v_1_5/test/ai/683_sdv5_00009.png
304,stable_diffusion_v_1_5,4858,GenImage_test/stable_diffusion_v_1_5/test/ai/015_sdv5_00009.png
304,stable_diffusion_v_1_5,4859,GenImage_test/stable_diffusion_v_1_5/test/ai/226_sdv5_00020.png
304,stable_diffusion_v_1_5,4860,GenImage_test/stable_diffusion_v_1_5/test/nature/ILSVRC2012_val_00026337.JPEG
304,stable_diffusion_v_1_5,4861,GenImage_test/stable_diffusion_v_1_5/test/nature/ILSVRC2012_val_00023538.JPEG
304,stable_diffusion_v_1_5,4862,GenImage_test/stable_diffusion_v_1_5/test/ai/677_sdv5_00039.png
304,stable_diffusion_v_1_5,4863,GenImage_test/stable_diffusion_v_1_5/test/ai/027_sdv5_00039.png
304,stable_diffusion_v_1_5,4864,GenImage_test/stable_diffusion_v_1_5/test/nature/ILSVRC2012_val_00031152.JPEG
304,stable_diffusion_v_1_5,4865,GenImage_test/stable_diffusion_v_1_5/test/ai/605_sdv5_00027.png
304,stable_diffusion_v_1_5,4866,GenImage_test/stable_diffusion_v_1_5/test/nature/ILSVRC2012_val_00016068.JPEG
304,stable_diffusion_v_1_5,4867,GenImage_test/stable_diffusion_v_1_5/test/ai/820_sdv5_00027.png
305,stable_diffusion_v_1_5,4868,GenImage_test/stable_diffusion_v_1_5/test/ai/062_sdv5_00039.png
305,stable_diffusion_v_1_5,4869,GenImage_test/stable_diffusion_v_1_5/test/ai/387_sdv5_00027.png
305,stable_diffusion_v_1_5,4870,GenImage_test/stable_diffusion_v_1_5/test/nature/ILSVRC2012_val_00020460.JPEG
305,stable_diffusion_v_1_5,4871,GenImage_test/stable_diffusion_v_1_5/test/nature/ILSVRC2012_val_00016290.JPEG
305,stable_diffusion_v_1_5,4872,GenImage_test/stable_diffusion_v_1_5/test/nature/ILSVRC2012_val_00029132.JPEG
305,stable_diffusion_v_1_5,4873,GenImage_test/stable_diffusion_v_1_5/test/nature/ILSVRC2012_val_00023905.JPEG
305,stable_diffusion_v_1_5,4874,GenImage_test/stable_diffusion_v_1_5/test/nature/ILSVRC2012_val_00008780.JPEG
305,stable_diffusion_v_1_5,4875,GenImage_test/stable_diffusion_v_1_5/test/nature/ILSVRC2012_val_00017851.JPEG
305,stable_diffusion_v_1_5,4876,GenImage_test/stable_diffusion_v_1_5/test/ai/113_sdv5_00009.png
305,stable_diffusion_v_1_5,4877,GenImage_test/stable_diffusion_v_1_5/test/nature/ILSVRC2012_val_00000239.JPEG
305,stable_diffusion_v_1_5,4878,GenImage_test/stable_diffusion_v_1_5/test/nature/ILSVRC2012_val_00026785.JPEG
305,stable_diffusion_v_1_5,4879,GenImage_test/stable_diffusion_v_1_5/test/nature/ILSVRC2012_val_00019025.JPEG
305,stable_diffusion_v_1_5,4880,GenImage_test/stable_diffusion_v_1_5/test/nature/ILSVRC2012_val_00027253.JPEG
305,stable_diffusion_v_1_5,4881,GenImage_test/stable_diffusion_v_1_5/test/ai/999_sdv5_00009.png
305,stable_diffusion_v_1_5,4882,GenImage_test/stable_diffusion_v_1_5/test/ai/346_sdv5_00195.png
305,stable_diffusion_v_1_5,4883,GenImage_test/stable_diffusion_v_1_5/test/nature/ILSVRC2012_val_00024666.JPEG
306,stable_diffusion_v_1_5,4884,GenImage_test/stable_diffusion_v_1_5/test/nature/ILSVRC2012_val_00020001.JPEG
306,stable_diffusion_v_1_5,4885,GenImage_test/stable_diffusion_v_1_5/test/nature/ILSVRC2012_val_00010232.JPEG
306,stable_diffusion_v_1_5,4886,GenImage_test/stable_diffusion_v_1_5/test/nature/ILSVRC2012_val_00032871.JPEG
306,stable_diffusion_v_1_5,4887,GenImage_test/stable_diffusion_v_1_5/test/ai/070_sdv5_00039.png
306,stable_diffusion_v_1_5,4888,GenImage_test/stable_diffusion_v_1_5/test/ai/883_sdv5_00003.png
306,stable_diffusion_v_1_5,4889,GenImage_test/stable_diffusion_v_1_5/test/nature/ILSVRC2012_val_00039489.JPEG
306,stable_diffusion_v_1_5,4890,GenImage_test/stable_diffusion_v_1_5/test/ai/102_sdv5_00039.png
306,stable_diffusion_v_1_5,4891,GenImage_test/stable_diffusion_v_1_5/test/nature/ILSVRC2012_val_00045959.JPEG
306,stable_diffusion_v_1_5,4892,GenImage_test/stable_diffusion_v_1_5/test/nature/ILSVRC2012_val_00022203.JPEG
306,stable_diffusion_v_1_5,4893,GenImage_test/stable_diffusion_v_1_5/test/nature/ILSVRC2012_val_00045210.JPEG
306,stable_diffusion_v_1_5,4894,GenImage_test/stable_diffusion_v_1_5/test/ai/666_sdv5_00020.png
306,stable_diffusion_v_1_5,4895,GenImage_test/stable_diffusion_v_1_5/test/nature/ILSVRC2012_val_00011734.JPEG
306,stable_diffusion_v_1_5,4896,GenImage_test/stable_diffusion_v_1_5/test/nature/ILSVRC2012_val_00004411.JPEG
306,stable_diffusion_v_1_5,4897,GenImage_test/stable_diffusion_v_1_5/test/nature/ILSVRC2012_val_00026373.JPEG
306,stable_diffusion_v_1_5,4898,GenImage_test/stable_diffusion_v_1_5/test/ai/315_sdv5_00135.png
306,stable_diffusion_v_1_5,4899,GenImage_test/stable_diffusion_v_1_5/test/nature/ILSVRC2012_val_00002648.JPEG
307,stable_diffusion_v_1_5,4900,GenImage_test/stable_diffusion_v_1_5/test/nature/ILSVRC2012_val_00035690.JPEG
307,stable_diffusion_v_1_5,4901,GenImage_test/stable_diffusion_v_1_5/test/nature/ILSVRC2012_val_00006926.JPEG
307,stable_diffusion_v_1_5,4902,GenImage_test/stable_diffusion_v_1_5/test/ai/349_sdv5_00195.png
307,stable_diffusion_v_1_5,4903,GenImage_test/stable_diffusion_v_1_5/test/ai/808_sdv5_00100.png
307,stable_diffusion_v_1_5,4904,GenImage_test/stable_diffusion_v_1_5/test/nature/ILSVRC2012_val_00046094.JPEG
307,stable_diffusion_v_1_5,4905,GenImage_test/stable_diffusion_v_1_5/test/ai/057_sdv5_00195.png
307,stable_diffusion_v_1_5,4906,GenImage_test/stable_diffusion_v_1_5/test/ai/379_sdv5_00027.png
307,stable_diffusion_v_1_5,4907,GenImage_test/stable_diffusion_v_1_5/test/nature/ILSVRC2012_val_00007419.JPEG
307,stable_diffusion_v_1_5,4908,GenImage_test/stable_diffusion_v_1_5/test/nature/ILSVRC2012_val_00045885.JPEG
307,stable_diffusion_v_1_5,4909,GenImage_test/stable_diffusion_v_1_5/test/nature/ILSVRC2012_val_00025800.JPEG
307,stable_diffusion_v_1_5,4910,GenImage_test/stable_diffusion_v_1_5/test/ai/304_sdv5_00027.png
307,stable_diffusion_v_1_5,4911,GenImage_test/stable_diffusion_v_1_5/test/ai/316_sdv5_00100.png
307,stable_diffusion_v_1_5,4912,GenImage_test/stable_diffusion_v_1_5/test/ai/977_sdv5_00195.png
307,stable_diffusion_v_1_5,4913,GenImage_test/stable_diffusion_v_1_5/test/nature/ILSVRC2012_val_00006146.JPEG
307,stable_diffusion_v_1_5,4914,GenImage_test/stable_diffusion_v_1_5/test/nature/ILSVRC2012_val_00032510.JPEG
307,stable_diffusion_v_1_5,4915,GenImage_test/stable_diffusion_v_1_5/test/nature/ILSVRC2012_val_00048327.JPEG
308,stable_diffusion_v_1_5,4916,GenImage_test/stable_diffusion_v_1_5/test/nature/ILSVRC2012_val_00038707.JPEG
308,stable_diffusion_v_1_5,4917,GenImage_test/stable_diffusion_v_1_5/test/nature/ILSVRC2012_val_00035369.JPEG
308,stable_diffusion_v_1_5,4918,GenImage_test/stable_diffusion_v_1_5/test/nature/ILSVRC2012_val_00044542.JPEG
308,stable_diffusion_v_1_5,4919,GenImage_test/stable_diffusion_v_1_5/test/nature/ILSVRC2012_val_00020299.JPEG
308,stable_diffusion_v_1_5,4920,GenImage_test/stable_diffusion_v_1_5/test/nature/ILSVRC2012_val_00049090.JPEG
308,stable_diffusion_v_1_5,4921,GenImage_test/stable_diffusion_v_1_5/test/nature/ILSVRC2012_val_00036702.JPEG
308,stable_diffusion_v_1_5,4922,GenImage_test/stable_diffusion_v_1_5/test/nature/ILSVRC2012_val_00028629.JPEG
308,stable_diffusion_v_1_5,4923,GenImage_test/stable_diffusion_v_1_5/test/ai/205_sdv5_00039.png
308,stable_diffusion_v_1_5,4924,GenImage_test/stable_diffusion_v_1_5/test/ai/538_sdv5_00039.png
308,stable_diffusion_v_1_5,4925,GenImage_test/stable_diffusion_v_1_5/test/ai/069_sdv5_00100.png
308,stable_diffusion_v_1_5,4926,GenImage_test/stable_diffusion_v_1_5/test/nature/ILSVRC2012_val_00038266.JPEG
308,stable_diffusion_v_1_5,4927,GenImage_test/stable_diffusion_v_1_5/test/nature/ILSVRC2012_val_00021273.JPEG
308,stable_diffusion_v_1_5,4928,GenImage_test/stable_diffusion_v_1_5/test/ai/011_sdv5_00020.png
308,stable_diffusion_v_1_5,4929,GenImage_test/stable_diffusion_v_1_5/test/nature/ILSVRC2012_val_00023949.JPEG
308,stable_diffusion_v_1_5,4930,GenImage_test/stable_diffusion_v_1_5/test/ai/919_sdv5_00009.png
308,stable_diffusion_v_1_5,4931,GenImage_test/stable_diffusion_v_1_5/test/nature/ILSVRC2012_val_00037148.JPEG
309,stable_diffusion_v_1_5,4932,GenImage_test/stable_diffusion_v_1_5/test/ai/038_sdv5_00039.png
309,stable_diffusion_v_1_5,4933,GenImage_test/stable_diffusion_v_1_5/test/ai/550_sdv5_00003.png
309,stable_diffusion_v_1_5,4934,GenImage_test/stable_diffusion_v_1_5/test/ai/857_sdv5_00100.png
309,stable_diffusion_v_1_5,4935,GenImage_test/stable_diffusion_v_1_5/test/ai/029_sdv5_00020.png
309,stable_diffusion_v_1_5,4936,GenImage_test/stable_diffusion_v_1_5/test/ai/104_sdv5_00003.png
309,stable_diffusion_v_1_5,4937,GenImage_test/stable_diffusion_v_1_5/test/ai/401_sdv5_00039.png
309,stable_diffusion_v_1_5,4938,GenImage_test/stable_diffusion_v_1_5/test/nature/ILSVRC2012_val_00013641.JPEG
309,stable_diffusion_v_1_5,4939,GenImage_test/stable_diffusion_v_1_5/test/nature/ILSVRC2012_val_00028211.JPEG
309,stable_diffusion_v_1_5,4940,GenImage_test/stable_diffusion_v_1_5/test/ai/479_sdv5_00135.png
309,stable_diffusion_v_1_5,4941,GenImage_test/stable_diffusion_v_1_5/test/nature/ILSVRC2012_val_00003212.JPEG
309,stable_diffusion_v_1_5,4942,GenImage_test/stable_diffusion_v_1_5/test/nature/ILSVRC2012_val_00017288.JPEG
309,stable_diffusion_v_1_5,4943,GenImage_test/stable_diffusion_v_1_5/test/ai/038_sdv5_00009.png
309,stable_diffusion_v_1_5,4944,GenImage_test/stable_diffusion_v_1_5/test/nature/ILSVRC2012_val_00032320.JPEG
309,stable_diffusion_v_1_5,4945,GenImage_test/stable_diffusion_v_1_5/test/nature/ILSVRC2012_val_00044485.JPEG
309,stable_diffusion_v_1_5,4946,GenImage_test/stable_diffusion_v_1_5/test/nature/ILSVRC2012_val_00031380.JPEG
309,stable_diffusion_v_1_5,4947,GenImage_test/stable_diffusion_v_1_5/test/nature/ILSVRC2012_val_00017089.JPEG
310,stable_diffusion_v_1_5,4948,GenImage_test/stable_diffusion_v_1_5/test/nature/ILSVRC2012_val_00041585.JPEG
310,stable_diffusion_v_1_5,4949,GenImage_test/stable_diffusion_v_1_5/test/nature/ILSVRC2012_val_00030085.JPEG
310,stable_diffusion_v_1_5,4950,GenImage_test/stable_diffusion_v_1_5/test/ai/707_sdv5_00135.png
310,stable_diffusion_v_1_5,4951,GenImage_test/stable_diffusion_v_1_5/test/ai/419_sdv5_00100.png
310,stable_diffusion_v_1_5,4952,GenImage_test/stable_diffusion_v_1_5/test/ai/387_sdv5_00195.png
310,stable_diffusion_v_1_5,4953,GenImage_test/stable_diffusion_v_1_5/test/nature/ILSVRC2012_val_00039125.JPEG
310,stable_diffusion_v_1_5,4954,GenImage_test/stable_diffusion_v_1_5/test/nature/ILSVRC2012_val_00001093.JPEG
310,stable_diffusion_v_1_5,4955,GenImage_test/stable_diffusion_v_1_5/test/ai/088_sdv5_00039.png
310,stable_diffusion_v_1_5,4956,GenImage_test/stable_diffusion_v_1_5/test/ai/451_sdv5_00039.png
310,stable_diffusion_v_1_5,4957,GenImage_test/stable_diffusion_v_1_5/test/ai/714_sdv5_00003.png
310,stable_diffusion_v_1_5,4958,GenImage_test/stable_diffusion_v_1_5/test/nature/ILSVRC2012_val_00025218.JPEG
310,stable_diffusion_v_1_5,4959,GenImage_test/stable_diffusion_v_1_5/test/ai/895_sdv5_00027.png
310,stable_diffusion_v_1_5,4960,GenImage_test/stable_diffusion_v_1_5/test/ai/998_sdv5_00135.png
310,stable_diffusion_v_1_5,4961,GenImage_test/stable_diffusion_v_1_5/test/ai/531_sdv5_00100.png
310,stable_diffusion_v_1_5,4962,GenImage_test/stable_diffusion_v_1_5/test/nature/ILSVRC2012_val_00016270.JPEG
310,stable_diffusion_v_1_5,4963,GenImage_test/stable_diffusion_v_1_5/test/ai/225_sdv5_00195.png
311,stable_diffusion_v_1_5,4964,GenImage_test/stable_diffusion_v_1_5/test/ai/611_sdv5_00100.png
311,stable_diffusion_v_1_5,4965,GenImage_test/stable_diffusion_v_1_5/test/nature/ILSVRC2012_val_00041272.JPEG
311,stable_diffusion_v_1_5,4966,GenImage_test/stable_diffusion_v_1_5/test/ai/971_sdv5_00100.png
311,stable_diffusion_v_1_5,4967,GenImage_test/stable_diffusion_v_1_5/test/ai/626_sdv5_00003.png
311,stable_diffusion_v_1_5,4968,GenImage_test/stable_diffusion_v_1_5/test/nature/ILSVRC2012_val_00037277.JPEG
311,stable_diffusion_v_1_5,4969,GenImage_test/stable_diffusion_v_1_5/test/nature/ILSVRC2012_val_00041880.JPEG
311,stable_diffusion_v_1_5,4970,GenImage_test/stable_diffusion_v_1_5/test/nature/ILSVRC2012_val_00000155.JPEG
311,stable_diffusion_v_1_5,4971,GenImage_test/stable_diffusion_v_1_5/test/nature/ILSVRC2012_val_00037302.JPEG
311,stable_diffusion_v_1_5,4972,GenImage_test/stable_diffusion_v_1_5/test/ai/689_sdv5_00135.png
311,stable_diffusion_v_1_5,4973,GenImage_test/stable_diffusion_v_1_5/test/nature/ILSVRC2012_val_00010461.JPEG
311,stable_diffusion_v_1_5,4974,GenImage_test/stable_diffusion_v_1_5/test/nature/ILSVRC2012_val_00031281.JPEG
311,stable_diffusion_v_1_5,4975,GenImage_test/stable_diffusion_v_1_5/test/nature/ILSVRC2012_val_00011466.JPEG
311,stable_diffusion_v_1_5,4976,GenImage_test/stable_diffusion_v_1_5/test/ai/504_sdv5_00009.png
311,stable_diffusion_v_1_5,4977,GenImage_test/stable_diffusion_v_1_5/test/ai/352_sdv5_00009.png
311,stable_diffusion_v_1_5,4978,GenImage_test/stable_diffusion_v_1_5/test/nature/ILSVRC2012_val_00015055.JPEG
311,stable_diffusion_v_1_5,4979,GenImage_test/stable_diffusion_v_1_5/test/nature/ILSVRC2012_val_00016596.JPEG
312,stable_diffusion_v_1_5,4980,GenImage_test/stable_diffusion_v_1_5/test/ai/848_sdv5_00009.png
312,stable_diffusion_v_1_5,4981,GenImage_test/stable_diffusion_v_1_5/test/ai/535_sdv5_00195.png
312,stable_diffusion_v_1_5,4982,GenImage_test/stable_diffusion_v_1_5/test/ai/924_sdv5_00009.png
312,stable_diffusion_v_1_5,4983,GenImage_test/stable_diffusion_v_1_5/test/nature/ILSVRC2012_val_00036802.JPEG
312,stable_diffusion_v_1_5,4984,GenImage_test/stable_diffusion_v_1_5/test/ai/119_sdv5_00027.png
312,stable_diffusion_v_1_5,4985,GenImage_test/stable_diffusion_v_1_5/test/ai/289_sdv5_00020.png
312,stable_diffusion_v_1_5,4986,GenImage_test/stable_diffusion_v_1_5/test/nature/ILSVRC2012_val_00048233.JPEG
312,stable_diffusion_v_1_5,4987,GenImage_test/stable_diffusion_v_1_5/test/nature/ILSVRC2012_val_00012037.JPEG
312,stable_diffusion_v_1_5,4988,GenImage_test/stable_diffusion_v_1_5/test/ai/183_sdv5_00020.png
312,stable_diffusion_v_1_5,4989,GenImage_test/stable_diffusion_v_1_5/test/nature/ILSVRC2012_val_00011463.JPEG
312,stable_diffusion_v_1_5,4990,GenImage_test/stable_diffusion_v_1_5/test/nature/ILSVRC2012_val_00002166.JPEG
312,stable_diffusion_v_1_5,4991,GenImage_test/stable_diffusion_v_1_5/test/nature/ILSVRC2012_val_00020647.JPEG
312,stable_diffusion_v_1_5,4992,GenImage_test/stable_diffusion_v_1_5/test/nature/ILSVRC2012_val_00045049.JPEG
312,stable_diffusion_v_1_5,4993,GenImage_test/stable_diffusion_v_1_5/test/nature/ILSVRC2012_val_00047899.JPEG
312,stable_diffusion_v_1_5,4994,GenImage_test/stable_diffusion_v_1_5/test/nature/ILSVRC2012_val_00020085.JPEG
312,stable_diffusion_v_1_5,4995,GenImage_test/stable_diffusion_v_1_5/test/ai/584_sdv5_00020.png
313,stable_diffusion_v_1_5,4996,GenImage_test/stable_diffusion_v_1_5/test/ai/471_sdv5_00003.png
313,stable_diffusion_v_1_5,4997,GenImage_test/stable_diffusion_v_1_5/test/nature/ILSVRC2012_val_00013481.JPEG
313,stable_diffusion_v_1_5,4998,GenImage_test/stable_diffusion_v_1_5/test/nature/ILSVRC2012_val_00045493.JPEG
313,stable_diffusion_v_1_5,4999,GenImage_test/stable_diffusion_v_1_5/test/ai/974_sdv5_00135.png
313,stable_diffusion_v_1_5,5000,GenImage_test/stable_diffusion_v_1_5/test/ai/326_sdv5_00003.png
313,stable_diffusion_v_1_5,5001,GenImage_test/stable_diffusion_v_1_5/test/nature/ILSVRC2012_val_00004118.JPEG
313,stable_diffusion_v_1_5,5002,GenImage_test/stable_diffusion_v_1_5/test/ai/613_sdv5_00039.png
313,stable_diffusion_v_1_5,5003,GenImage_test/stable_diffusion_v_1_5/test/nature/ILSVRC2012_val_00029142.JPEG
313,stable_diffusion_v_1_5,5004,GenImage_test/stable_diffusion_v_1_5/test/nature/ILSVRC2012_val_00034155.JPEG
313,stable_diffusion_v_1_5,5005,GenImage_test/stable_diffusion_v_1_5/test/ai/218_sdv5_00039.png
313,stable_diffusion_v_1_5,5006,GenImage_test/stable_diffusion_v_1_5/test/ai/235_sdv5_00009.png
313,stable_diffusion_v_1_5,5007,GenImage_test/stable_diffusion_v_1_5/test/nature/ILSVRC2012_val_00021687.JPEG
313,stable_diffusion_v_1_5,5008,GenImage_test/stable_diffusion_v_1_5/test/ai/922_sdv5_00135.png
313,stable_diffusion_v_1_5,5009,GenImage_test/stable_diffusion_v_1_5/test/ai/270_sdv5_00020.png
313,stable_diffusion_v_1_5,5010,GenImage_test/stable_diffusion_v_1_5/test/ai/723_sdv5_00100.png
313,stable_diffusion_v_1_5,5011,GenImage_test/stable_diffusion_v_1_5/test/ai/440_sdv5_00135.png
314,stable_diffusion_v_1_5,5012,GenImage_test/stable_diffusion_v_1_5/test/nature/ILSVRC2012_val_00005102.JPEG
314,stable_diffusion_v_1_5,5013,GenImage_test/stable_diffusion_v_1_5/test/ai/191_sdv5_00020.png
314,stable_diffusion_v_1_5,5014,GenImage_test/stable_diffusion_v_1_5/test/ai/892_sdv5_00003.png
314,stable_diffusion_v_1_5,5015,GenImage_test/stable_diffusion_v_1_5/test/ai/429_sdv5_00003.png
314,stable_diffusion_v_1_5,5016,GenImage_test/stable_diffusion_v_1_5/test/nature/ILSVRC2012_val_00045777.JPEG
314,stable_diffusion_v_1_5,5017,GenImage_test/stable_diffusion_v_1_5/test/ai/889_sdv5_00039.png
314,stable_diffusion_v_1_5,5018,GenImage_test/stable_diffusion_v_1_5/test/ai/568_sdv5_00039.png
314,stable_diffusion_v_1_5,5019,GenImage_test/stable_diffusion_v_1_5/test/nature/ILSVRC2012_val_00043656.JPEG
314,stable_diffusion_v_1_5,5020,GenImage_test/stable_diffusion_v_1_5/test/ai/552_sdv5_00195.png
314,stable_diffusion_v_1_5,5021,GenImage_test/stable_diffusion_v_1_5/test/nature/ILSVRC2012_val_00030081.JPEG
314,stable_diffusion_v_1_5,5022,GenImage_test/stable_diffusion_v_1_5/test/nature/ILSVRC2012_val_00040235.JPEG
314,stable_diffusion_v_1_5,5023,GenImage_test/stable_diffusion_v_1_5/test/nature/ILSVRC2012_val_00041492.JPEG
314,stable_diffusion_v_1_5,5024,GenImage_test/stable_diffusion_v_1_5/test/nature/ILSVRC2012_val_00029583.JPEG
314,stable_diffusion_v_1_5,5025,GenImage_test/stable_diffusion_v_1_5/test/nature/ILSVRC2012_val_00010674.JPEG
314,stable_diffusion_v_1_5,5026,GenImage_test/stable_diffusion_v_1_5/test/ai/939_sdv5_00135.png
314,stable_diffusion_v_1_5,5027,GenImage_test/stable_diffusion_v_1_5/test/ai/565_sdv5_00195.png
315,stable_diffusion_v_1_5,5028,GenImage_test/stable_diffusion_v_1_5/test/nature/ILSVRC2012_val_00049979.JPEG
315,stable_diffusion_v_1_5,5029,GenImage_test/stable_diffusion_v_1_5/test/nature/ILSVRC2012_val_00000334.JPEG
315,stable_diffusion_v_1_5,5030,GenImage_test/stable_diffusion_v_1_5/test/nature/ILSVRC2012_val_00022699.JPEG
315,stable_diffusion_v_1_5,5031,GenImage_test/stable_diffusion_v_1_5/test/ai/095_sdv5_00039.png
315,stable_diffusion_v_1_5,5032,GenImage_test/stable_diffusion_v_1_5/test/nature/ILSVRC2012_val_00043740.JPEG
315,stable_diffusion_v_1_5,5033,GenImage_test/stable_diffusion_v_1_5/test/ai/008_sdv5_00009.png
315,stable_diffusion_v_1_5,5034,GenImage_test/stable_diffusion_v_1_5/test/nature/ILSVRC2012_val_00001799.JPEG
315,stable_diffusion_v_1_5,5035,GenImage_test/stable_diffusion_v_1_5/test/nature/ILSVRC2012_val_00001231.JPEG
315,stable_diffusion_v_1_5,5036,GenImage_test/stable_diffusion_v_1_5/test/ai/347_sdv5_00020.png
315,stable_diffusion_v_1_5,5037,GenImage_test/stable_diffusion_v_1_5/test/nature/ILSVRC2012_val_00039541.JPEG
315,stable_diffusion_v_1_5,5038,GenImage_test/stable_diffusion_v_1_5/test/ai/370_sdv5_00039.png
315,stable_diffusion_v_1_5,5039,GenImage_test/stable_diffusion_v_1_5/test/ai/026_sdv5_00027.png
315,stable_diffusion_v_1_5,5040,GenImage_test/stable_diffusion_v_1_5/test/ai/603_sdv5_00009.png
315,stable_diffusion_v_1_5,5041,GenImage_test/stable_diffusion_v_1_5/test/nature/ILSVRC2012_val_00046695.JPEG
315,stable_diffusion_v_1_5,5042,GenImage_test/stable_diffusion_v_1_5/test/ai/851_sdv5_00100.png
315,stable_diffusion_v_1_5,5043,GenImage_test/stable_diffusion_v_1_5/test/nature/ILSVRC2012_val_00037193.JPEG
316,stable_diffusion_v_1_5,5044,GenImage_test/stable_diffusion_v_1_5/test/ai/642_sdv5_00135.png
316,stable_diffusion_v_1_5,5045,GenImage_test/stable_diffusion_v_1_5/test/nature/ILSVRC2012_val_00029471.JPEG
316,stable_diffusion_v_1_5,5046,GenImage_test/stable_diffusion_v_1_5/test/nature/ILSVRC2012_val_00019938.JPEG
316,stable_diffusion_v_1_5,5047,GenImage_test/stable_diffusion_v_1_5/test/ai/130_sdv5_00039.png
316,stable_diffusion_v_1_5,5048,GenImage_test/stable_diffusion_v_1_5/test/ai/738_sdv5_00100.png
316,stable_diffusion_v_1_5,5049,GenImage_test/stable_diffusion_v_1_5/test/nature/ILSVRC2012_val_00019308.JPEG
316,stable_diffusion_v_1_5,5050,GenImage_test/stable_diffusion_v_1_5/test/nature/ILSVRC2012_val_00033621.JPEG
316,stable_diffusion_v_1_5,5051,GenImage_test/stable_diffusion_v_1_5/test/ai/748_sdv5_00135.png
316,stable_diffusion_v_1_5,5052,GenImage_test/stable_diffusion_v_1_5/test/ai/702_sdv5_00100.png
316,stable_diffusion_v_1_5,5053,GenImage_test/stable_diffusion_v_1_5/test/ai/527_sdv5_00100.png
316,stable_diffusion_v_1_5,5054,GenImage_test/stable_diffusion_v_1_5/test/nature/ILSVRC2012_val_00030519.JPEG
316,stable_diffusion_v_1_5,5055,GenImage_test/stable_diffusion_v_1_5/test/ai/103_sdv5_00195.png
316,stable_diffusion_v_1_5,5056,GenImage_test/stable_diffusion_v_1_5/test/nature/ILSVRC2012_val_00004175.JPEG
316,stable_diffusion_v_1_5,5057,GenImage_test/stable_diffusion_v_1_5/test/nature/ILSVRC2012_val_00008971.JPEG
316,stable_diffusion_v_1_5,5058,GenImage_test/stable_diffusion_v_1_5/test/nature/ILSVRC2012_val_00011896.JPEG
316,stable_diffusion_v_1_5,5059,GenImage_test/stable_diffusion_v_1_5/test/nature/ILSVRC2012_val_00016000.JPEG
317,stable_diffusion_v_1_5,5060,GenImage_test/stable_diffusion_v_1_5/test/ai/356_sdv5_00100.png
317,stable_diffusion_v_1_5,5061,GenImage_test/stable_diffusion_v_1_5/test/ai/496_sdv5_00135.png
317,stable_diffusion_v_1_5,5062,GenImage_test/stable_diffusion_v_1_5/test/nature/ILSVRC2012_val_00014910.JPEG
317,stable_diffusion_v_1_5,5063,GenImage_test/stable_diffusion_v_1_5/test/nature/ILSVRC2012_val_00007890.JPEG
317,stable_diffusion_v_1_5,5064,GenImage_test/stable_diffusion_v_1_5/test/ai/667_sdv5_00039.png
317,stable_diffusion_v_1_5,5065,GenImage_test/stable_diffusion_v_1_5/test/ai/639_sdv5_00009.png
317,stable_diffusion_v_1_5,5066,GenImage_test/stable_diffusion_v_1_5/test/nature/ILSVRC2012_val_00026279.JPEG
317,stable_diffusion_v_1_5,5067,GenImage_test/stable_diffusion_v_1_5/test/ai/034_sdv5_00100.png
317,stable_diffusion_v_1_5,5068,GenImage_test/stable_diffusion_v_1_5/test/ai/745_sdv5_00027.png
317,stable_diffusion_v_1_5,5069,GenImage_test/stable_diffusion_v_1_5/test/nature/ILSVRC2012_val_00007677.JPEG
317,stable_diffusion_v_1_5,5070,GenImage_test/stable_diffusion_v_1_5/test/nature/ILSVRC2012_val_00034566.JPEG
317,stable_diffusion_v_1_5,5071,GenImage_test/stable_diffusion_v_1_5/test/nature/ILSVRC2012_val_00045604.JPEG
317,stable_diffusion_v_1_5,5072,GenImage_test/stable_diffusion_v_1_5/test/nature/ILSVRC2012_val_00010064.JPEG
317,stable_diffusion_v_1_5,5073,GenImage_test/stable_diffusion_v_1_5/test/nature/ILSVRC2012_val_00006622.JPEG
317,stable_diffusion_v_1_5,5074,GenImage_test/stable_diffusion_v_1_5/test/ai/040_sdv5_00027.png
317,stable_diffusion_v_1_5,5075,GenImage_test/stable_diffusion_v_1_5/test/nature/ILSVRC2012_val_00023259.JPEG
318,stable_diffusion_v_1_5,5076,GenImage_test/stable_diffusion_v_1_5/test/nature/ILSVRC2012_val_00036191.JPEG
318,stable_diffusion_v_1_5,5077,GenImage_test/stable_diffusion_v_1_5/test/nature/ILSVRC2012_val_00018710.JPEG
318,stable_diffusion_v_1_5,5078,GenImage_test/stable_diffusion_v_1_5/test/nature/ILSVRC2012_val_00022241.JPEG
318,stable_diffusion_v_1_5,5079,GenImage_test/stable_diffusion_v_1_5/test/ai/068_sdv5_00039.png
318,stable_diffusion_v_1_5,5080,GenImage_test/stable_diffusion_v_1_5/test/nature/ILSVRC2012_val_00001056.JPEG
318,stable_diffusion_v_1_5,5081,GenImage_test/stable_diffusion_v_1_5/test/ai/046_sdv5_00003.png
318,stable_diffusion_v_1_5,5082,GenImage_test/stable_diffusion_v_1_5/test/ai/954_sdv5_00003.png
318,stable_diffusion_v_1_5,5083,GenImage_test/stable_diffusion_v_1_5/test/nature/ILSVRC2012_val_00029179.JPEG
318,stable_diffusion_v_1_5,5084,GenImage_test/stable_diffusion_v_1_5/test/nature/ILSVRC2012_val_00024092.JPEG
318,stable_diffusion_v_1_5,5085,GenImage_test/stable_diffusion_v_1_5/test/ai/792_sdv5_00027.png
318,stable_diffusion_v_1_5,5086,GenImage_test/stable_diffusion_v_1_5/test/nature/ILSVRC2012_val_00045050.JPEG
318,stable_diffusion_v_1_5,5087,GenImage_test/stable_diffusion_v_1_5/test/ai/522_sdv5_00009.png
318,stable_diffusion_v_1_5,5088,GenImage_test/stable_diffusion_v_1_5/test/ai/111_sdv5_00027.png
318,stable_diffusion_v_1_5,5089,GenImage_test/stable_diffusion_v_1_5/test/ai/347_sdv5_00039.png
318,stable_diffusion_v_1_5,5090,GenImage_test/stable_diffusion_v_1_5/test/ai/722_sdv5_00009.png
318,stable_diffusion_v_1_5,5091,GenImage_test/stable_diffusion_v_1_5/test/ai/611_sdv5_00009.png
319,stable_diffusion_v_1_5,5092,GenImage_test/stable_diffusion_v_1_5/test/ai/539_sdv5_00003.png
319,stable_diffusion_v_1_5,5093,GenImage_test/stable_diffusion_v_1_5/test/ai/604_sdv5_00039.png
319,stable_diffusion_v_1_5,5094,GenImage_test/stable_diffusion_v_1_5/test/nature/ILSVRC2012_val_00005253.JPEG
319,stable_diffusion_v_1_5,5095,GenImage_test/stable_diffusion_v_1_5/test/nature/ILSVRC2012_val_00006899.JPEG
319,stable_diffusion_v_1_5,5096,GenImage_test/stable_diffusion_v_1_5/test/nature/ILSVRC2012_val_00049614.JPEG
319,stable_diffusion_v_1_5,5097,GenImage_test/stable_diffusion_v_1_5/test/nature/ILSVRC2012_val_00014640.JPEG
319,stable_diffusion_v_1_5,5098,GenImage_test/stable_diffusion_v_1_5/test/ai/778_sdv5_00100.png
319,stable_diffusion_v_1_5,5099,GenImage_test/stable_diffusion_v_1_5/test/ai/124_sdv5_00027.png
319,stable_diffusion_v_1_5,5100,GenImage_test/stable_diffusion_v_1_5/test/ai/897_sdv5_00009.png
319,stable_diffusion_v_1_5,5101,GenImage_test/stable_diffusion_v_1_5/test/nature/ILSVRC2012_val_00034314.JPEG
319,stable_diffusion_v_1_5,5102,GenImage_test/stable_diffusion_v_1_5/test/nature/ILSVRC2012_val_00034250.JPEG
319,stable_diffusion_v_1_5,5103,GenImage_test/stable_diffusion_v_1_5/test/ai/607_sdv5_00009.png
319,stable_diffusion_v_1_5,5104,GenImage_test/stable_diffusion_v_1_5/test/nature/ILSVRC2012_val_00042918.JPEG
319,stable_diffusion_v_1_5,5105,GenImage_test/stable_diffusion_v_1_5/test/nature/ILSVRC2012_val_00005518.JPEG
319,stable_diffusion_v_1_5,5106,GenImage_test/stable_diffusion_v_1_5/test/ai/470_sdv5_00003.png
319,stable_diffusion_v_1_5,5107,GenImage_test/stable_diffusion_v_1_5/test/ai/227_sdv5_00135.png
320,stable_diffusion_v_1_5,5108,GenImage_test/stable_diffusion_v_1_5/test/nature/ILSVRC2012_val_00003156.JPEG
320,stable_diffusion_v_1_5,5109,GenImage_test/stable_diffusion_v_1_5/test/nature/ILSVRC2012_val_00042916.JPEG
320,stable_diffusion_v_1_5,5110,GenImage_test/stable_diffusion_v_1_5/test/ai/746_sdv5_00027.png
320,stable_diffusion_v_1_5,5111,GenImage_test/stable_diffusion_v_1_5/test/ai/919_sdv5_00100.png
320,stable_diffusion_v_1_5,5112,GenImage_test/stable_diffusion_v_1_5/test/ai/959_sdv5_00195.png
320,stable_diffusion_v_1_5,5113,GenImage_test/stable_diffusion_v_1_5/test/ai/042_sdv5_00135.png
320,stable_diffusion_v_1_5,5114,GenImage_test/stable_diffusion_v_1_5/test/nature/ILSVRC2012_val_00031210.JPEG
320,stable_diffusion_v_1_5,5115,GenImage_test/stable_diffusion_v_1_5/test/ai/353_sdv5_00020.png
320,stable_diffusion_v_1_5,5116,GenImage_test/stable_diffusion_v_1_5/test/ai/154_sdv5_00009.png
320,stable_diffusion_v_1_5,5117,GenImage_test/stable_diffusion_v_1_5/test/ai/988_sdv5_00039.png
320,stable_diffusion_v_1_5,5118,GenImage_test/stable_diffusion_v_1_5/test/nature/ILSVRC2012_val_00004357.JPEG
320,stable_diffusion_v_1_5,5119,GenImage_test/stable_diffusion_v_1_5/test/nature/ILSVRC2012_val_00035562.JPEG
320,stable_diffusion_v_1_5,5120,GenImage_test/stable_diffusion_v_1_5/test/ai/411_sdv5_00039.png
320,stable_diffusion_v_1_5,5121,GenImage_test/stable_diffusion_v_1_5/test/ai/815_sdv5_00195.png
320,stable_diffusion_v_1_5,5122,GenImage_test/stable_diffusion_v_1_5/test/ai/699_sdv5_00135.png
320,stable_diffusion_v_1_5,5123,GenImage_test/stable_diffusion_v_1_5/test/ai/515_sdv5_00020.png
321,stable_diffusion_v_1_5,5124,GenImage_test/stable_diffusion_v_1_5/test/nature/ILSVRC2012_val_00014579.JPEG
321,stable_diffusion_v_1_5,5125,GenImage_test/stable_diffusion_v_1_5/test/ai/502_sdv5_00039.png
321,stable_diffusion_v_1_5,5126,GenImage_test/stable_diffusion_v_1_5/test/nature/ILSVRC2012_val_00018382.JPEG
321,stable_diffusion_v_1_5,5127,GenImage_test/stable_diffusion_v_1_5/test/nature/ILSVRC2012_val_00015292.JPEG
321,stable_diffusion_v_1_5,5128,GenImage_test/stable_diffusion_v_1_5/test/nature/ILSVRC2012_val_00011529.JPEG
321,stable_diffusion_v_1_5,5129,GenImage_test/stable_diffusion_v_1_5/test/nature/ILSVRC2012_val_00027325.JPEG
321,stable_diffusion_v_1_5,5130,GenImage_test/stable_diffusion_v_1_5/test/nature/ILSVRC2012_val_00016869.JPEG
321,stable_diffusion_v_1_5,5131,GenImage_test/stable_diffusion_v_1_5/test/nature/ILSVRC2012_val_00004474.JPEG
321,stable_diffusion_v_1_5,5132,GenImage_test/stable_diffusion_v_1_5/test/ai/191_sdv5_00100.png
321,stable_diffusion_v_1_5,5133,GenImage_test/stable_diffusion_v_1_5/test/ai/335_sdv5_00009.png
321,stable_diffusion_v_1_5,5134,GenImage_test/stable_diffusion_v_1_5/test/nature/ILSVRC2012_val_00016521.JPEG
321,stable_diffusion_v_1_5,5135,GenImage_test/stable_diffusion_v_1_5/test/nature/ILSVRC2012_val_00048943.JPEG
321,stable_diffusion_v_1_5,5136,GenImage_test/stable_diffusion_v_1_5/test/nature/ILSVRC2012_val_00001435.JPEG
321,stable_diffusion_v_1_5,5137,GenImage_test/stable_diffusion_v_1_5/test/nature/ILSVRC2012_val_00009105.JPEG
321,stable_diffusion_v_1_5,5138,GenImage_test/stable_diffusion_v_1_5/test/ai/538_sdv5_00195.png
321,stable_diffusion_v_1_5,5139,GenImage_test/stable_diffusion_v_1_5/test/ai/466_sdv5_00020.png
322,stable_diffusion_v_1_5,5140,GenImage_test/stable_diffusion_v_1_5/test/nature/ILSVRC2012_val_00037030.JPEG
322,stable_diffusion_v_1_5,5141,GenImage_test/stable_diffusion_v_1_5/test/ai/817_sdv5_00195.png
322,stable_diffusion_v_1_5,5142,GenImage_test/stable_diffusion_v_1_5/test/ai/331_sdv5_00195.png
322,stable_diffusion_v_1_5,5143,GenImage_test/stable_diffusion_v_1_5/test/nature/ILSVRC2012_val_00043215.JPEG
322,stable_diffusion_v_1_5,5144,GenImage_test/stable_diffusion_v_1_5/test/ai/274_sdv5_00100.png
322,stable_diffusion_v_1_5,5145,GenImage_test/stable_diffusion_v_1_5/test/nature/ILSVRC2012_val_00032249.JPEG
322,stable_diffusion_v_1_5,5146,GenImage_test/stable_diffusion_v_1_5/test/ai/899_sdv5_00100.png
322,stable_diffusion_v_1_5,5147,GenImage_test/stable_diffusion_v_1_5/test/ai/571_sdv5_00100.png
322,stable_diffusion_v_1_5,5148,GenImage_test/stable_diffusion_v_1_5/test/nature/ILSVRC2012_val_00024014.JPEG
322,stable_diffusion_v_1_5,5149,GenImage_test/stable_diffusion_v_1_5/test/nature/ILSVRC2012_val_00004827.JPEG
322,stable_diffusion_v_1_5,5150,GenImage_test/stable_diffusion_v_1_5/test/ai/077_sdv5_00020.png
322,stable_diffusion_v_1_5,5151,GenImage_test/stable_diffusion_v_1_5/test/nature/ILSVRC2012_val_00016449.JPEG
322,stable_diffusion_v_1_5,5152,GenImage_test/stable_diffusion_v_1_5/test/nature/ILSVRC2012_val_00037050.JPEG
322,stable_diffusion_v_1_5,5153,GenImage_test/stable_diffusion_v_1_5/test/ai/580_sdv5_00195.png
322,stable_diffusion_v_1_5,5154,GenImage_test/stable_diffusion_v_1_5/test/ai/358_sdv5_00195.png
322,stable_diffusion_v_1_5,5155,GenImage_test/stable_diffusion_v_1_5/test/ai/752_sdv5_00027.png
323,stable_diffusion_v_1_5,5156,GenImage_test/stable_diffusion_v_1_5/test/nature/ILSVRC2012_val_00031421.JPEG
323,stable_diffusion_v_1_5,5157,GenImage_test/stable_diffusion_v_1_5/test/ai/689_sdv5_00003.png
323,stable_diffusion_v_1_5,5158,GenImage_test/stable_diffusion_v_1_5/test/nature/ILSVRC2012_val_00000979.JPEG
323,stable_diffusion_v_1_5,5159,GenImage_test/stable_diffusion_v_1_5/test/ai/727_sdv5_00003.png
323,stable_diffusion_v_1_5,5160,GenImage_test/stable_diffusion_v_1_5/test/ai/230_sdv5_00027.png
323,stable_diffusion_v_1_5,5161,GenImage_test/stable_diffusion_v_1_5/test/ai/392_sdv5_00135.png
323,stable_diffusion_v_1_5,5162,GenImage_test/stable_diffusion_v_1_5/test/nature/ILSVRC2012_val_00000849.JPEG
323,stable_diffusion_v_1_5,5163,GenImage_test/stable_diffusion_v_1_5/test/nature/ILSVRC2012_val_00043986.JPEG
323,stable_diffusion_v_1_5,5164,GenImage_test/stable_diffusion_v_1_5/test/ai/454_sdv5_00039.png
323,stable_diffusion_v_1_5,5165,GenImage_test/stable_diffusion_v_1_5/test/nature/ILSVRC2012_val_00012615.JPEG
323,stable_diffusion_v_1_5,5166,GenImage_test/stable_diffusion_v_1_5/test/ai/288_sdv5_00020.png
323,stable_diffusion_v_1_5,5167,GenImage_test/stable_diffusion_v_1_5/test/ai/471_sdv5_00039.png
323,stable_diffusion_v_1_5,5168,GenImage_test/stable_diffusion_v_1_5/test/ai/733_sdv5_00003.png
323,stable_diffusion_v_1_5,5169,GenImage_test/stable_diffusion_v_1_5/test/nature/ILSVRC2012_val_00041434.JPEG
323,stable_diffusion_v_1_5,5170,GenImage_test/stable_diffusion_v_1_5/test/nature/ILSVRC2012_val_00036584.JPEG
323,stable_diffusion_v_1_5,5171,GenImage_test/stable_diffusion_v_1_5/test/nature/ILSVRC2012_val_00026058.JPEG
324,stable_diffusion_v_1_5,5172,GenImage_test/stable_diffusion_v_1_5/test/ai/859_sdv5_00009.png
324,stable_diffusion_v_1_5,5173,GenImage_test/stable_diffusion_v_1_5/test/ai/640_sdv5_00135.png
324,stable_diffusion_v_1_5,5174,GenImage_test/stable_diffusion_v_1_5/test/ai/531_sdv5_00027.png
324,stable_diffusion_v_1_5,5175,GenImage_test/stable_diffusion_v_1_5/test/ai/827_sdv5_00135.png
324,stable_diffusion_v_1_5,5176,GenImage_test/stable_diffusion_v_1_5/test/ai/695_sdv5_00009.png
324,stable_diffusion_v_1_5,5177,GenImage_test/stable_diffusion_v_1_5/test/nature/ILSVRC2012_val_00009146.JPEG
324,stable_diffusion_v_1_5,5178,GenImage_test/stable_diffusion_v_1_5/test/nature/ILSVRC2012_val_00021035.JPEG
324,stable_diffusion_v_1_5,5179,GenImage_test/stable_diffusion_v_1_5/test/ai/129_sdv5_00003.png
324,stable_diffusion_v_1_5,5180,GenImage_test/stable_diffusion_v_1_5/test/nature/ILSVRC2012_val_00002802.JPEG
324,stable_diffusion_v_1_5,5181,GenImage_test/stable_diffusion_v_1_5/test/ai/991_sdv5_00039.png
324,stable_diffusion_v_1_5,5182,GenImage_test/stable_diffusion_v_1_5/test/nature/ILSVRC2012_val_00018089.JPEG
324,stable_diffusion_v_1_5,5183,GenImage_test/stable_diffusion_v_1_5/test/ai/349_sdv5_00003.png
324,stable_diffusion_v_1_5,5184,GenImage_test/stable_diffusion_v_1_5/test/ai/691_sdv5_00100.png
324,stable_diffusion_v_1_5,5185,GenImage_test/stable_diffusion_v_1_5/test/ai/220_sdv5_00039.png
324,stable_diffusion_v_1_5,5186,GenImage_test/stable_diffusion_v_1_5/test/ai/532_sdv5_00100.png
324,stable_diffusion_v_1_5,5187,GenImage_test/stable_diffusion_v_1_5/test/ai/083_sdv5_00009.png
325,stable_diffusion_v_1_5,5188,GenImage_test/stable_diffusion_v_1_5/test/ai/050_sdv5_00195.png
325,stable_diffusion_v_1_5,5189,GenImage_test/stable_diffusion_v_1_5/test/nature/ILSVRC2012_val_00004524.JPEG
325,stable_diffusion_v_1_5,5190,GenImage_test/stable_diffusion_v_1_5/test/nature/ILSVRC2012_val_00015694.JPEG
325,stable_diffusion_v_1_5,5191,GenImage_test/stable_diffusion_v_1_5/test/nature/ILSVRC2012_val_00036792.JPEG
325,stable_diffusion_v_1_5,5192,GenImage_test/stable_diffusion_v_1_5/test/ai/116_sdv5_00003.png
325,stable_diffusion_v_1_5,5193,GenImage_test/stable_diffusion_v_1_5/test/nature/ILSVRC2012_val_00025945.JPEG
325,stable_diffusion_v_1_5,5194,GenImage_test/stable_diffusion_v_1_5/test/nature/ILSVRC2012_val_00015291.JPEG
325,stable_diffusion_v_1_5,5195,GenImage_test/stable_diffusion_v_1_5/test/ai/915_sdv5_00100.png
325,stable_diffusion_v_1_5,5196,GenImage_test/stable_diffusion_v_1_5/test/nature/ILSVRC2012_val_00025679.JPEG
325,stable_diffusion_v_1_5,5197,GenImage_test/stable_diffusion_v_1_5/test/ai/533_sdv5_00027.png
325,stable_diffusion_v_1_5,5198,GenImage_test/stable_diffusion_v_1_5/test/nature/ILSVRC2012_val_00029837.JPEG
325,stable_diffusion_v_1_5,5199,GenImage_test/stable_diffusion_v_1_5/test/nature/ILSVRC2012_val_00047362.JPEG
325,stable_diffusion_v_1_5,5200,GenImage_test/stable_diffusion_v_1_5/test/ai/867_sdv5_00195.png
325,stable_diffusion_v_1_5,5201,GenImage_test/stable_diffusion_v_1_5/test/nature/ILSVRC2012_val_00044204.JPEG
325,stable_diffusion_v_1_5,5202,GenImage_test/stable_diffusion_v_1_5/test/nature/ILSVRC2012_val_00018423.JPEG
325,stable_diffusion_v_1_5,5203,GenImage_test/stable_diffusion_v_1_5/test/nature/ILSVRC2012_val_00042201.JPEG
326,stable_diffusion_v_1_5,5204,GenImage_test/stable_diffusion_v_1_5/test/ai/855_sdv5_00100.png
326,stable_diffusion_v_1_5,5205,GenImage_test/stable_diffusion_v_1_5/test/nature/ILSVRC2012_val_00047027.JPEG
326,stable_diffusion_v_1_5,5206,GenImage_test/stable_diffusion_v_1_5/test/ai/576_sdv5_00195.png
326,stable_diffusion_v_1_5,5207,GenImage_test/stable_diffusion_v_1_5/test/ai/836_sdv5_00027.png
326,stable_diffusion_v_1_5,5208,GenImage_test/stable_diffusion_v_1_5/test/ai/362_sdv5_00100.png
326,stable_diffusion_v_1_5,5209,GenImage_test/stable_diffusion_v_1_5/test/ai/019_sdv5_00027.png
326,stable_diffusion_v_1_5,5210,GenImage_test/stable_diffusion_v_1_5/test/ai/824_sdv5_00135.png
326,stable_diffusion_v_1_5,5211,GenImage_test/stable_diffusion_v_1_5/test/ai/731_sdv5_00009.png
326,stable_diffusion_v_1_5,5212,GenImage_test/stable_diffusion_v_1_5/test/nature/ILSVRC2012_val_00043338.JPEG
326,stable_diffusion_v_1_5,5213,GenImage_test/stable_diffusion_v_1_5/test/ai/338_sdv5_00003.png
326,stable_diffusion_v_1_5,5214,GenImage_test/stable_diffusion_v_1_5/test/ai/114_sdv5_00003.png
326,stable_diffusion_v_1_5,5215,GenImage_test/stable_diffusion_v_1_5/test/nature/ILSVRC2012_val_00007240.JPEG
326,stable_diffusion_v_1_5,5216,GenImage_test/stable_diffusion_v_1_5/test/ai/571_sdv5_00020.png
326,stable_diffusion_v_1_5,5217,GenImage_test/stable_diffusion_v_1_5/test/nature/ILSVRC2012_val_00007696.JPEG
326,stable_diffusion_v_1_5,5218,GenImage_test/stable_diffusion_v_1_5/test/ai/703_sdv5_00195.png
326,stable_diffusion_v_1_5,5219,GenImage_test/stable_diffusion_v_1_5/test/ai/974_sdv5_00020.png
327,stable_diffusion_v_1_5,5220,GenImage_test/stable_diffusion_v_1_5/test/nature/ILSVRC2012_val_00006296.JPEG
327,stable_diffusion_v_1_5,5221,GenImage_test/stable_diffusion_v_1_5/test/ai/000_sdv5_00135.png
327,stable_diffusion_v_1_5,5222,GenImage_test/stable_diffusion_v_1_5/test/nature/ILSVRC2012_val_00018540.JPEG
327,stable_diffusion_v_1_5,5223,GenImage_test/stable_diffusion_v_1_5/test/ai/235_sdv5_00195.png
327,stable_diffusion_v_1_5,5224,GenImage_test/stable_diffusion_v_1_5/test/nature/ILSVRC2012_val_00026939.JPEG
327,stable_diffusion_v_1_5,5225,GenImage_test/stable_diffusion_v_1_5/test/nature/ILSVRC2012_val_00023022.JPEG
327,stable_diffusion_v_1_5,5226,GenImage_test/stable_diffusion_v_1_5/test/nature/ILSVRC2012_val_00041836.JPEG
327,stable_diffusion_v_1_5,5227,GenImage_test/stable_diffusion_v_1_5/test/nature/ILSVRC2012_val_00006784.JPEG
327,stable_diffusion_v_1_5,5228,GenImage_test/stable_diffusion_v_1_5/test/ai/779_sdv5_00009.png
327,stable_diffusion_v_1_5,5229,GenImage_test/stable_diffusion_v_1_5/test/ai/118_sdv5_00027.png
327,stable_diffusion_v_1_5,5230,GenImage_test/stable_diffusion_v_1_5/test/ai/148_sdv5_00009.png
327,stable_diffusion_v_1_5,5231,GenImage_test/stable_diffusion_v_1_5/test/ai/259_sdv5_00135.png
327,stable_diffusion_v_1_5,5232,GenImage_test/stable_diffusion_v_1_5/test/ai/949_sdv5_00195.png
327,stable_diffusion_v_1_5,5233,GenImage_test/stable_diffusion_v_1_5/test/nature/ILSVRC2012_val_00019193.JPEG
327,stable_diffusion_v_1_5,5234,GenImage_test/stable_diffusion_v_1_5/test/ai/993_sdv5_00100.png
327,stable_diffusion_v_1_5,5235,GenImage_test/stable_diffusion_v_1_5/test/ai/249_sdv5_00195.png
328,stable_diffusion_v_1_5,5236,GenImage_test/stable_diffusion_v_1_5/test/ai/581_sdv5_00039.png
328,stable_diffusion_v_1_5,5237,GenImage_test/stable_diffusion_v_1_5/test/ai/724_sdv5_00020.png
328,stable_diffusion_v_1_5,5238,GenImage_test/stable_diffusion_v_1_5/test/nature/ILSVRC2012_val_00022163.JPEG
328,stable_diffusion_v_1_5,5239,GenImage_test/stable_diffusion_v_1_5/test/ai/501_sdv5_00009.png
328,stable_diffusion_v_1_5,5240,GenImage_test/stable_diffusion_v_1_5/test/ai/722_sdv5_00027.png
328,stable_diffusion_v_1_5,5241,GenImage_test/stable_diffusion_v_1_5/test/nature/ILSVRC2012_val_00025353.JPEG
328,stable_diffusion_v_1_5,5242,GenImage_test/stable_diffusion_v_1_5/test/ai/789_sdv5_00009.png
328,stable_diffusion_v_1_5,5243,GenImage_test/stable_diffusion_v_1_5/test/nature/ILSVRC2012_val_00018637.JPEG
328,stable_diffusion_v_1_5,5244,GenImage_test/stable_diffusion_v_1_5/test/nature/ILSVRC2012_val_00021814.JPEG
328,stable_diffusion_v_1_5,5245,GenImage_test/stable_diffusion_v_1_5/test/nature/ILSVRC2012_val_00045725.JPEG
328,stable_diffusion_v_1_5,5246,GenImage_test/stable_diffusion_v_1_5/test/nature/ILSVRC2012_val_00029980.JPEG
328,stable_diffusion_v_1_5,5247,GenImage_test/stable_diffusion_v_1_5/test/nature/ILSVRC2012_val_00000824.JPEG
328,stable_diffusion_v_1_5,5248,GenImage_test/stable_diffusion_v_1_5/test/nature/ILSVRC2012_val_00035500.JPEG
328,stable_diffusion_v_1_5,5249,GenImage_test/stable_diffusion_v_1_5/test/ai/014_sdv5_00009.png
328,stable_diffusion_v_1_5,5250,GenImage_test/stable_diffusion_v_1_5/test/ai/132_sdv5_00003.png
328,stable_diffusion_v_1_5,5251,GenImage_test/stable_diffusion_v_1_5/test/nature/ILSVRC2012_val_00046679.JPEG
329,stable_diffusion_v_1_5,5252,GenImage_test/stable_diffusion_v_1_5/test/nature/ILSVRC2012_val_00025584.JPEG
329,stable_diffusion_v_1_5,5253,GenImage_test/stable_diffusion_v_1_5/test/ai/315_sdv5_00003.png
329,stable_diffusion_v_1_5,5254,GenImage_test/stable_diffusion_v_1_5/test/nature/ILSVRC2012_val_00049940.JPEG
329,stable_diffusion_v_1_5,5255,GenImage_test/stable_diffusion_v_1_5/test/ai/386_sdv5_00027.png
329,stable_diffusion_v_1_5,5256,GenImage_test/stable_diffusion_v_1_5/test/nature/ILSVRC2012_val_00026642.JPEG
329,stable_diffusion_v_1_5,5257,GenImage_test/stable_diffusion_v_1_5/test/nature/ILSVRC2012_val_00020720.JPEG
329,stable_diffusion_v_1_5,5258,GenImage_test/stable_diffusion_v_1_5/test/nature/ILSVRC2012_val_00023751.JPEG
329,stable_diffusion_v_1_5,5259,GenImage_test/stable_diffusion_v_1_5/test/nature/ILSVRC2012_val_00022897.JPEG
329,stable_diffusion_v_1_5,5260,GenImage_test/stable_diffusion_v_1_5/test/nature/ILSVRC2012_val_00033584.JPEG
329,stable_diffusion_v_1_5,5261,GenImage_test/stable_diffusion_v_1_5/test/nature/ILSVRC2012_val_00018623.JPEG
329,stable_diffusion_v_1_5,5262,GenImage_test/stable_diffusion_v_1_5/test/ai/475_sdv5_00009.png
329,stable_diffusion_v_1_5,5263,GenImage_test/stable_diffusion_v_1_5/test/ai/587_sdv5_00100.png
329,stable_diffusion_v_1_5,5264,GenImage_test/stable_diffusion_v_1_5/test/ai/779_sdv5_00039.png
329,stable_diffusion_v_1_5,5265,GenImage_test/stable_diffusion_v_1_5/test/ai/155_sdv5_00100.png
329,stable_diffusion_v_1_5,5266,GenImage_test/stable_diffusion_v_1_5/test/nature/ILSVRC2012_val_00018027.JPEG
329,stable_diffusion_v_1_5,5267,GenImage_test/stable_diffusion_v_1_5/test/nature/ILSVRC2012_val_00043513.JPEG
330,stable_diffusion_v_1_5,5268,GenImage_test/stable_diffusion_v_1_5/test/nature/ILSVRC2012_val_00014162.JPEG
330,stable_diffusion_v_1_5,5269,GenImage_test/stable_diffusion_v_1_5/test/nature/ILSVRC2012_val_00045908.JPEG
330,stable_diffusion_v_1_5,5270,GenImage_test/stable_diffusion_v_1_5/test/nature/ILSVRC2012_val_00035564.JPEG
330,stable_diffusion_v_1_5,5271,GenImage_test/stable_diffusion_v_1_5/test/ai/490_sdv5_00039.png
330,stable_diffusion_v_1_5,5272,GenImage_test/stable_diffusion_v_1_5/test/nature/ILSVRC2012_val_00034042.JPEG
330,stable_diffusion_v_1_5,5273,GenImage_test/stable_diffusion_v_1_5/test/ai/674_sdv5_00020.png
330,stable_diffusion_v_1_5,5274,GenImage_test/stable_diffusion_v_1_5/test/nature/ILSVRC2012_val_00016091.JPEG
330,stable_diffusion_v_1_5,5275,GenImage_test/stable_diffusion_v_1_5/test/ai/069_sdv5_00020.png
330,stable_diffusion_v_1_5,5276,GenImage_test/stable_diffusion_v_1_5/test/ai/270_sdv5_00009.png
330,stable_diffusion_v_1_5,5277,GenImage_test/stable_diffusion_v_1_5/test/nature/ILSVRC2012_val_00017865.JPEG
330,stable_diffusion_v_1_5,5278,GenImage_test/stable_diffusion_v_1_5/test/ai/165_sdv5_00027.png
330,stable_diffusion_v_1_5,5279,GenImage_test/stable_diffusion_v_1_5/test/ai/960_sdv5_00009.png
330,stable_diffusion_v_1_5,5280,GenImage_test/stable_diffusion_v_1_5/test/ai/582_sdv5_00009.png
330,stable_diffusion_v_1_5,5281,GenImage_test/stable_diffusion_v_1_5/test/nature/ILSVRC2012_val_00028951.JPEG
330,stable_diffusion_v_1_5,5282,GenImage_test/stable_diffusion_v_1_5/test/nature/ILSVRC2012_val_00039485.JPEG
330,stable_diffusion_v_1_5,5283,GenImage_test/stable_diffusion_v_1_5/test/nature/ILSVRC2012_val_00018185.JPEG
331,stable_diffusion_v_1_5,5284,GenImage_test/stable_diffusion_v_1_5/test/nature/ILSVRC2012_val_00010514.JPEG
331,stable_diffusion_v_1_5,5285,GenImage_test/stable_diffusion_v_1_5/test/ai/329_sdv5_00020.png
331,stable_diffusion_v_1_5,5286,GenImage_test/stable_diffusion_v_1_5/test/nature/ILSVRC2012_val_00001205.JPEG
331,stable_diffusion_v_1_5,5287,GenImage_test/stable_diffusion_v_1_5/test/ai/743_sdv5_00100.png
331,stable_diffusion_v_1_5,5288,GenImage_test/stable_diffusion_v_1_5/test/ai/189_sdv5_00003.png
331,stable_diffusion_v_1_5,5289,GenImage_test/stable_diffusion_v_1_5/test/ai/978_sdv5_00003.png
331,stable_diffusion_v_1_5,5290,GenImage_test/stable_diffusion_v_1_5/test/ai/102_sdv5_00100.png
331,stable_diffusion_v_1_5,5291,GenImage_test/stable_diffusion_v_1_5/test/ai/432_sdv5_00039.png
331,stable_diffusion_v_1_5,5292,GenImage_test/stable_diffusion_v_1_5/test/ai/057_sdv5_00039.png
331,stable_diffusion_v_1_5,5293,GenImage_test/stable_diffusion_v_1_5/test/ai/946_sdv5_00195.png
331,stable_diffusion_v_1_5,5294,GenImage_test/stable_diffusion_v_1_5/test/ai/903_sdv5_00135.png
331,stable_diffusion_v_1_5,5295,GenImage_test/stable_diffusion_v_1_5/test/nature/ILSVRC2012_val_00041154.JPEG
331,stable_diffusion_v_1_5,5296,GenImage_test/stable_diffusion_v_1_5/test/ai/466_sdv5_00039.png
331,stable_diffusion_v_1_5,5297,GenImage_test/stable_diffusion_v_1_5/test/ai/048_sdv5_00027.png
331,stable_diffusion_v_1_5,5298,GenImage_test/stable_diffusion_v_1_5/test/nature/ILSVRC2012_val_00047446.JPEG
331,stable_diffusion_v_1_5,5299,GenImage_test/stable_diffusion_v_1_5/test/nature/ILSVRC2012_val_00029520.JPEG
332,stable_diffusion_v_1_5,5300,GenImage_test/stable_diffusion_v_1_5/test/nature/ILSVRC2012_val_00017458.JPEG
332,stable_diffusion_v_1_5,5301,GenImage_test/stable_diffusion_v_1_5/test/ai/861_sdv5_00020.png
332,stable_diffusion_v_1_5,5302,GenImage_test/stable_diffusion_v_1_5/test/nature/ILSVRC2012_val_00025626.JPEG
332,stable_diffusion_v_1_5,5303,GenImage_test/stable_diffusion_v_1_5/test/nature/ILSVRC2012_val_00048071.JPEG
332,stable_diffusion_v_1_5,5304,GenImage_test/stable_diffusion_v_1_5/test/nature/ILSVRC2012_val_00032086.JPEG
332,stable_diffusion_v_1_5,5305,GenImage_test/stable_diffusion_v_1_5/test/ai/788_sdv5_00135.png
332,stable_diffusion_v_1_5,5306,GenImage_test/stable_diffusion_v_1_5/test/nature/ILSVRC2012_val_00000323.JPEG
332,stable_diffusion_v_1_5,5307,GenImage_test/stable_diffusion_v_1_5/test/nature/ILSVRC2012_val_00037456.JPEG
332,stable_diffusion_v_1_5,5308,GenImage_test/stable_diffusion_v_1_5/test/ai/564_sdv5_00027.png
332,stable_diffusion_v_1_5,5309,GenImage_test/stable_diffusion_v_1_5/test/ai/987_sdv5_00195.png
332,stable_diffusion_v_1_5,5310,GenImage_test/stable_diffusion_v_1_5/test/nature/ILSVRC2012_val_00007511.JPEG
332,stable_diffusion_v_1_5,5311,GenImage_test/stable_diffusion_v_1_5/test/ai/075_sdv5_00039.png
332,stable_diffusion_v_1_5,5312,GenImage_test/stable_diffusion_v_1_5/test/nature/ILSVRC2012_val_00027950.JPEG
332,stable_diffusion_v_1_5,5313,GenImage_test/stable_diffusion_v_1_5/test/ai/313_sdv5_00039.png
332,stable_diffusion_v_1_5,5314,GenImage_test/stable_diffusion_v_1_5/test/ai/356_sdv5_00039.png
332,stable_diffusion_v_1_5,5315,GenImage_test/stable_diffusion_v_1_5/test/nature/ILSVRC2012_val_00039600.JPEG
333,stable_diffusion_v_1_5,5316,GenImage_test/stable_diffusion_v_1_5/test/nature/ILSVRC2012_val_00045116.JPEG
333,stable_diffusion_v_1_5,5317,GenImage_test/stable_diffusion_v_1_5/test/ai/070_sdv5_00020.png
333,stable_diffusion_v_1_5,5318,GenImage_test/stable_diffusion_v_1_5/test/ai/795_sdv5_00135.png
333,stable_diffusion_v_1_5,5319,GenImage_test/stable_diffusion_v_1_5/test/nature/ILSVRC2012_val_00047338.JPEG
333,stable_diffusion_v_1_5,5320,GenImage_test/stable_diffusion_v_1_5/test/nature/ILSVRC2012_val_00024094.JPEG
333,stable_diffusion_v_1_5,5321,GenImage_test/stable_diffusion_v_1_5/test/ai/663_sdv5_00003.png
333,stable_diffusion_v_1_5,5322,GenImage_test/stable_diffusion_v_1_5/test/nature/ILSVRC2012_val_00033328.JPEG
333,stable_diffusion_v_1_5,5323,GenImage_test/stable_diffusion_v_1_5/test/ai/356_sdv5_00009.png
333,stable_diffusion_v_1_5,5324,GenImage_test/stable_diffusion_v_1_5/test/ai/741_sdv5_00039.png
333,stable_diffusion_v_1_5,5325,GenImage_test/stable_diffusion_v_1_5/test/ai/957_sdv5_00100.png
333,stable_diffusion_v_1_5,5326,GenImage_test/stable_diffusion_v_1_5/test/nature/ILSVRC2012_val_00017083.JPEG
333,stable_diffusion_v_1_5,5327,GenImage_test/stable_diffusion_v_1_5/test/nature/ILSVRC2012_val_00001184.JPEG
333,stable_diffusion_v_1_5,5328,GenImage_test/stable_diffusion_v_1_5/test/nature/ILSVRC2012_val_00025331.JPEG
333,stable_diffusion_v_1_5,5329,GenImage_test/stable_diffusion_v_1_5/test/ai/830_sdv5_00027.png
333,stable_diffusion_v_1_5,5330,GenImage_test/stable_diffusion_v_1_5/test/nature/ILSVRC2012_val_00018222.JPEG
333,stable_diffusion_v_1_5,5331,GenImage_test/stable_diffusion_v_1_5/test/ai/643_sdv5_00020.png
334,stable_diffusion_v_1_5,5332,GenImage_test/stable_diffusion_v_1_5/test/ai/695_sdv5_00100.png
334,stable_diffusion_v_1_5,5333,GenImage_test/stable_diffusion_v_1_5/test/nature/ILSVRC2012_val_00022196.JPEG
334,stable_diffusion_v_1_5,5334,GenImage_test/stable_diffusion_v_1_5/test/nature/ILSVRC2012_val_00006509.JPEG
334,stable_diffusion_v_1_5,5335,GenImage_test/stable_diffusion_v_1_5/test/nature/ILSVRC2012_val_00045530.JPEG
334,stable_diffusion_v_1_5,5336,GenImage_test/stable_diffusion_v_1_5/test/nature/ILSVRC2012_val_00019381.JPEG
334,stable_diffusion_v_1_5,5337,GenImage_test/stable_diffusion_v_1_5/test/nature/ILSVRC2012_val_00023324.JPEG
334,stable_diffusion_v_1_5,5338,GenImage_test/stable_diffusion_v_1_5/test/nature/ILSVRC2012_val_00001811.JPEG
334,stable_diffusion_v_1_5,5339,GenImage_test/stable_diffusion_v_1_5/test/nature/ILSVRC2012_val_00036177.JPEG
334,stable_diffusion_v_1_5,5340,GenImage_test/stable_diffusion_v_1_5/test/nature/ILSVRC2012_val_00030274.JPEG
334,stable_diffusion_v_1_5,5341,GenImage_test/stable_diffusion_v_1_5/test/nature/ILSVRC2012_val_00018523.JPEG
334,stable_diffusion_v_1_5,5342,GenImage_test/stable_diffusion_v_1_5/test/nature/ILSVRC2012_val_00000494.JPEG
334,stable_diffusion_v_1_5,5343,GenImage_test/stable_diffusion_v_1_5/test/nature/ILSVRC2012_val_00036386.JPEG
334,stable_diffusion_v_1_5,5344,GenImage_test/stable_diffusion_v_1_5/test/nature/ILSVRC2012_val_00003988.JPEG
334,stable_diffusion_v_1_5,5345,GenImage_test/stable_diffusion_v_1_5/test/nature/ILSVRC2012_val_00006071.JPEG
334,stable_diffusion_v_1_5,5346,GenImage_test/stable_diffusion_v_1_5/test/nature/ILSVRC2012_val_00009670.JPEG
334,stable_diffusion_v_1_5,5347,GenImage_test/stable_diffusion_v_1_5/test/nature/ILSVRC2012_val_00019896.JPEG
335,stable_diffusion_v_1_5,5348,GenImage_test/stable_diffusion_v_1_5/test/ai/773_sdv5_00027.png
335,stable_diffusion_v_1_5,5349,GenImage_test/stable_diffusion_v_1_5/test/nature/ILSVRC2012_val_00023998.JPEG
335,stable_diffusion_v_1_5,5350,GenImage_test/stable_diffusion_v_1_5/test/nature/ILSVRC2012_val_00011090.JPEG
335,stable_diffusion_v_1_5,5351,GenImage_test/stable_diffusion_v_1_5/test/nature/ILSVRC2012_val_00001375.JPEG
335,stable_diffusion_v_1_5,5352,GenImage_test/stable_diffusion_v_1_5/test/nature/ILSVRC2012_val_00006264.JPEG
335,stable_diffusion_v_1_5,5353,GenImage_test/stable_diffusion_v_1_5/test/ai/115_sdv5_00003.png
335,stable_diffusion_v_1_5,5354,GenImage_test/stable_diffusion_v_1_5/test/ai/343_sdv5_00027.png
335,stable_diffusion_v_1_5,5355,GenImage_test/stable_diffusion_v_1_5/test/nature/ILSVRC2012_val_00034245.JPEG
335,stable_diffusion_v_1_5,5356,GenImage_test/stable_diffusion_v_1_5/test/nature/ILSVRC2012_val_00017792.JPEG
335,stable_diffusion_v_1_5,5357,GenImage_test/stable_diffusion_v_1_5/test/ai/234_sdv5_00195.png
335,stable_diffusion_v_1_5,5358,GenImage_test/stable_diffusion_v_1_5/test/nature/ILSVRC2012_val_00031840.JPEG
335,stable_diffusion_v_1_5,5359,GenImage_test/stable_diffusion_v_1_5/test/ai/764_sdv5_00027.png
335,stable_diffusion_v_1_5,5360,GenImage_test/stable_diffusion_v_1_5/test/ai/720_sdv5_00135.png
335,stable_diffusion_v_1_5,5361,GenImage_test/stable_diffusion_v_1_5/test/ai/307_sdv5_00003.png
335,stable_diffusion_v_1_5,5362,GenImage_test/stable_diffusion_v_1_5/test/nature/ILSVRC2012_val_00035565.JPEG
335,stable_diffusion_v_1_5,5363,GenImage_test/stable_diffusion_v_1_5/test/ai/499_sdv5_00039.png
336,stable_diffusion_v_1_5,5364,GenImage_test/stable_diffusion_v_1_5/test/nature/ILSVRC2012_val_00002516.JPEG
336,stable_diffusion_v_1_5,5365,GenImage_test/stable_diffusion_v_1_5/test/ai/880_sdv5_00003.png
336,stable_diffusion_v_1_5,5366,GenImage_test/stable_diffusion_v_1_5/test/ai/794_sdv5_00020.png
336,stable_diffusion_v_1_5,5367,GenImage_test/stable_diffusion_v_1_5/test/ai/570_sdv5_00195.png
336,stable_diffusion_v_1_5,5368,GenImage_test/stable_diffusion_v_1_5/test/nature/ILSVRC2012_val_00015187.JPEG
336,stable_diffusion_v_1_5,5369,GenImage_test/stable_diffusion_v_1_5/test/ai/960_sdv5_00135.png
336,stable_diffusion_v_1_5,5370,GenImage_test/stable_diffusion_v_1_5/test/ai/524_sdv5_00020.png
336,stable_diffusion_v_1_5,5371,GenImage_test/stable_diffusion_v_1_5/test/nature/ILSVRC2012_val_00040899.JPEG
336,stable_diffusion_v_1_5,5372,GenImage_test/stable_diffusion_v_1_5/test/nature/ILSVRC2012_val_00033232.JPEG
336,stable_diffusion_v_1_5,5373,GenImage_test/stable_diffusion_v_1_5/test/ai/936_sdv5_00003.png
336,stable_diffusion_v_1_5,5374,GenImage_test/stable_diffusion_v_1_5/test/nature/ILSVRC2012_val_00036825.JPEG
336,stable_diffusion_v_1_5,5375,GenImage_test/stable_diffusion_v_1_5/test/ai/168_sdv5_00027.png
336,stable_diffusion_v_1_5,5376,GenImage_test/stable_diffusion_v_1_5/test/ai/436_sdv5_00020.png
336,stable_diffusion_v_1_5,5377,GenImage_test/stable_diffusion_v_1_5/test/ai/562_sdv5_00039.png
336,stable_diffusion_v_1_5,5378,GenImage_test/stable_diffusion_v_1_5/test/nature/ILSVRC2012_val_00031607.JPEG
336,stable_diffusion_v_1_5,5379,GenImage_test/stable_diffusion_v_1_5/test/ai/276_sdv5_00195.png
337,stable_diffusion_v_1_5,5380,GenImage_test/stable_diffusion_v_1_5/test/ai/193_sdv5_00135.png
337,stable_diffusion_v_1_5,5381,GenImage_test/stable_diffusion_v_1_5/test/nature/ILSVRC2012_val_00017699.JPEG
337,stable_diffusion_v_1_5,5382,GenImage_test/stable_diffusion_v_1_5/test/ai/033_sdv5_00027.png
337,stable_diffusion_v_1_5,5383,GenImage_test/stable_diffusion_v_1_5/test/ai/207_sdv5_00039.png
337,stable_diffusion_v_1_5,5384,GenImage_test/stable_diffusion_v_1_5/test/ai/290_sdv5_00100.png
337,stable_diffusion_v_1_5,5385,GenImage_test/stable_diffusion_v_1_5/test/ai/896_sdv5_00027.png
337,stable_diffusion_v_1_5,5386,GenImage_test/stable_diffusion_v_1_5/test/ai/526_sdv5_00135.png
337,stable_diffusion_v_1_5,5387,GenImage_test/stable_diffusion_v_1_5/test/nature/ILSVRC2012_val_00010719.JPEG
337,stable_diffusion_v_1_5,5388,GenImage_test/stable_diffusion_v_1_5/test/nature/ILSVRC2012_val_00010554.JPEG
337,stable_diffusion_v_1_5,5389,GenImage_test/stable_diffusion_v_1_5/test/ai/058_sdv5_00027.png
337,stable_diffusion_v_1_5,5390,GenImage_test/stable_diffusion_v_1_5/test/ai/322_sdv5_00009.png
337,stable_diffusion_v_1_5,5391,GenImage_test/stable_diffusion_v_1_5/test/nature/ILSVRC2012_val_00021653.JPEG
337,stable_diffusion_v_1_5,5392,GenImage_test/stable_diffusion_v_1_5/test/ai/411_sdv5_00027.png
337,stable_diffusion_v_1_5,5393,GenImage_test/stable_diffusion_v_1_5/test/ai/451_sdv5_00100.png
337,stable_diffusion_v_1_5,5394,GenImage_test/stable_diffusion_v_1_5/test/nature/ILSVRC2012_val_00010756.JPEG
337,stable_diffusion_v_1_5,5395,GenImage_test/stable_diffusion_v_1_5/test/ai/863_sdv5_00009.png
338,stable_diffusion_v_1_5,5396,GenImage_test/stable_diffusion_v_1_5/test/ai/878_sdv5_00039.png
338,stable_diffusion_v_1_5,5397,GenImage_test/stable_diffusion_v_1_5/test/nature/ILSVRC2012_val_00016972.JPEG
338,stable_diffusion_v_1_5,5398,GenImage_test/stable_diffusion_v_1_5/test/nature/ILSVRC2012_val_00043401.JPEG
338,stable_diffusion_v_1_5,5399,GenImage_test/stable_diffusion_v_1_5/test/nature/ILSVRC2012_val_00018701.JPEG
338,stable_diffusion_v_1_5,5400,GenImage_test/stable_diffusion_v_1_5/test/nature/ILSVRC2012_val_00033026.JPEG
338,stable_diffusion_v_1_5,5401,GenImage_test/stable_diffusion_v_1_5/test/ai/348_sdv5_00135.png
338,stable_diffusion_v_1_5,5402,GenImage_test/stable_diffusion_v_1_5/test/nature/ILSVRC2012_val_00024858.JPEG
338,stable_diffusion_v_1_5,5403,GenImage_test/stable_diffusion_v_1_5/test/nature/ILSVRC2012_val_00040052.JPEG
338,stable_diffusion_v_1_5,5404,GenImage_test/stable_diffusion_v_1_5/test/nature/ILSVRC2012_val_00004294.JPEG
338,stable_diffusion_v_1_5,5405,GenImage_test/stable_diffusion_v_1_5/test/ai/614_sdv5_00009.png
338,stable_diffusion_v_1_5,5406,GenImage_test/stable_diffusion_v_1_5/test/ai/760_sdv5_00039.png
338,stable_diffusion_v_1_5,5407,GenImage_test/stable_diffusion_v_1_5/test/ai/620_sdv5_00027.png
338,stable_diffusion_v_1_5,5408,GenImage_test/stable_diffusion_v_1_5/test/ai/959_sdv5_00003.png
338,stable_diffusion_v_1_5,5409,GenImage_test/stable_diffusion_v_1_5/test/ai/628_sdv5_00027.png
338,stable_diffusion_v_1_5,5410,GenImage_test/stable_diffusion_v_1_5/test/ai/287_sdv5_00009.png
338,stable_diffusion_v_1_5,5411,GenImage_test/stable_diffusion_v_1_5/test/ai/173_sdv5_00020.png
339,stable_diffusion_v_1_5,5412,GenImage_test/stable_diffusion_v_1_5/test/ai/360_sdv5_00027.png
339,stable_diffusion_v_1_5,5413,GenImage_test/stable_diffusion_v_1_5/test/ai/007_sdv5_00195.png
339,stable_diffusion_v_1_5,5414,GenImage_test/stable_diffusion_v_1_5/test/nature/ILSVRC2012_val_00026016.JPEG
339,stable_diffusion_v_1_5,5415,GenImage_test/stable_diffusion_v_1_5/test/ai/601_sdv5_00135.png
339,stable_diffusion_v_1_5,5416,GenImage_test/stable_diffusion_v_1_5/test/nature/ILSVRC2012_val_00024160.JPEG
339,stable_diffusion_v_1_5,5417,GenImage_test/stable_diffusion_v_1_5/test/nature/ILSVRC2012_val_00009650.JPEG
339,stable_diffusion_v_1_5,5418,GenImage_test/stable_diffusion_v_1_5/test/ai/383_sdv5_00009.png
339,stable_diffusion_v_1_5,5419,GenImage_test/stable_diffusion_v_1_5/test/nature/ILSVRC2012_val_00030048.JPEG
339,stable_diffusion_v_1_5,5420,GenImage_test/stable_diffusion_v_1_5/test/ai/480_sdv5_00039.png
339,stable_diffusion_v_1_5,5421,GenImage_test/stable_diffusion_v_1_5/test/ai/016_sdv5_00020.png
339,stable_diffusion_v_1_5,5422,GenImage_test/stable_diffusion_v_1_5/test/ai/953_sdv5_00135.png
339,stable_diffusion_v_1_5,5423,GenImage_test/stable_diffusion_v_1_5/test/nature/ILSVRC2012_val_00032173.JPEG
339,stable_diffusion_v_1_5,5424,GenImage_test/stable_diffusion_v_1_5/test/nature/ILSVRC2012_val_00027756.JPEG
339,stable_diffusion_v_1_5,5425,GenImage_test/stable_diffusion_v_1_5/test/ai/415_sdv5_00195.png
339,stable_diffusion_v_1_5,5426,GenImage_test/stable_diffusion_v_1_5/test/nature/ILSVRC2012_val_00020627.JPEG
339,stable_diffusion_v_1_5,5427,GenImage_test/stable_diffusion_v_1_5/test/ai/289_sdv5_00100.png
340,stable_diffusion_v_1_5,5428,GenImage_test/stable_diffusion_v_1_5/test/nature/ILSVRC2012_val_00026028.JPEG
340,stable_diffusion_v_1_5,5429,GenImage_test/stable_diffusion_v_1_5/test/nature/ILSVRC2012_val_00030434.JPEG
340,stable_diffusion_v_1_5,5430,GenImage_test/stable_diffusion_v_1_5/test/ai/401_sdv5_00003.png
340,stable_diffusion_v_1_5,5431,GenImage_test/stable_diffusion_v_1_5/test/nature/ILSVRC2012_val_00028140.JPEG
340,stable_diffusion_v_1_5,5432,GenImage_test/stable_diffusion_v_1_5/test/nature/ILSVRC2012_val_00005819.JPEG
340,stable_diffusion_v_1_5,5433,GenImage_test/stable_diffusion_v_1_5/test/nature/ILSVRC2012_val_00032183.JPEG
340,stable_diffusion_v_1_5,5434,GenImage_test/stable_diffusion_v_1_5/test/ai/675_sdv5_00100.png
340,stable_diffusion_v_1_5,5435,GenImage_test/stable_diffusion_v_1_5/test/ai/741_sdv5_00100.png
340,stable_diffusion_v_1_5,5436,GenImage_test/stable_diffusion_v_1_5/test/nature/ILSVRC2012_val_00032287.JPEG
340,stable_diffusion_v_1_5,5437,GenImage_test/stable_diffusion_v_1_5/test/nature/ILSVRC2012_val_00039311.JPEG
340,stable_diffusion_v_1_5,5438,GenImage_test/stable_diffusion_v_1_5/test/nature/ILSVRC2012_val_00045297.JPEG
340,stable_diffusion_v_1_5,5439,GenImage_test/stable_diffusion_v_1_5/test/nature/ILSVRC2012_val_00029341.JPEG
340,stable_diffusion_v_1_5,5440,GenImage_test/stable_diffusion_v_1_5/test/nature/ILSVRC2012_val_00003674.JPEG
340,stable_diffusion_v_1_5,5441,GenImage_test/stable_diffusion_v_1_5/test/ai/204_sdv5_00135.png
340,stable_diffusion_v_1_5,5442,GenImage_test/stable_diffusion_v_1_5/test/ai/749_sdv5_00020.png
340,stable_diffusion_v_1_5,5443,GenImage_test/stable_diffusion_v_1_5/test/nature/ILSVRC2012_val_00002341.JPEG
341,stable_diffusion_v_1_5,5444,GenImage_test/stable_diffusion_v_1_5/test/ai/700_sdv5_00135.png
341,stable_diffusion_v_1_5,5445,GenImage_test/stable_diffusion_v_1_5/test/ai/395_sdv5_00027.png
341,stable_diffusion_v_1_5,5446,GenImage_test/stable_diffusion_v_1_5/test/ai/635_sdv5_00195.png
341,stable_diffusion_v_1_5,5447,GenImage_test/stable_diffusion_v_1_5/test/nature/ILSVRC2012_val_00018257.JPEG
341,stable_diffusion_v_1_5,5448,GenImage_test/stable_diffusion_v_1_5/test/ai/569_sdv5_00003.png
341,stable_diffusion_v_1_5,5449,GenImage_test/stable_diffusion_v_1_5/test/nature/ILSVRC2012_val_00040759.JPEG
341,stable_diffusion_v_1_5,5450,GenImage_test/stable_diffusion_v_1_5/test/ai/323_sdv5_00009.png
341,stable_diffusion_v_1_5,5451,GenImage_test/stable_diffusion_v_1_5/test/ai/728_sdv5_00020.png
341,stable_diffusion_v_1_5,5452,GenImage_test/stable_diffusion_v_1_5/test/nature/ILSVRC2012_val_00009145.JPEG
341,stable_diffusion_v_1_5,5453,GenImage_test/stable_diffusion_v_1_5/test/nature/ILSVRC2012_val_00029217.JPEG
341,stable_diffusion_v_1_5,5454,GenImage_test/stable_diffusion_v_1_5/test/nature/ILSVRC2012_val_00014351.JPEG
341,stable_diffusion_v_1_5,5455,GenImage_test/stable_diffusion_v_1_5/test/ai/630_sdv5_00009.png
341,stable_diffusion_v_1_5,5456,GenImage_test/stable_diffusion_v_1_5/test/ai/587_sdv5_00135.png
341,stable_diffusion_v_1_5,5457,GenImage_test/stable_diffusion_v_1_5/test/ai/283_sdv5_00195.png
341,stable_diffusion_v_1_5,5458,GenImage_test/stable_diffusion_v_1_5/test/nature/ILSVRC2012_val_00003355.JPEG
341,stable_diffusion_v_1_5,5459,GenImage_test/stable_diffusion_v_1_5/test/ai/893_sdv5_00100.png
342,stable_diffusion_v_1_5,5460,GenImage_test/stable_diffusion_v_1_5/test/nature/ILSVRC2012_val_00002936.JPEG
342,stable_diffusion_v_1_5,5461,GenImage_test/stable_diffusion_v_1_5/test/ai/607_sdv5_00100.png
342,stable_diffusion_v_1_5,5462,GenImage_test/stable_diffusion_v_1_5/test/nature/ILSVRC2012_val_00008502.JPEG
342,stable_diffusion_v_1_5,5463,GenImage_test/stable_diffusion_v_1_5/test/nature/ILSVRC2012_val_00027857.JPEG
342,stable_diffusion_v_1_5,5464,GenImage_test/stable_diffusion_v_1_5/test/nature/ILSVRC2012_val_00042754.JPEG
342,stable_diffusion_v_1_5,5465,GenImage_test/stable_diffusion_v_1_5/test/nature/ILSVRC2012_val_00042535.JPEG
342,stable_diffusion_v_1_5,5466,GenImage_test/stable_diffusion_v_1_5/test/ai/142_sdv5_00100.png
342,stable_diffusion_v_1_5,5467,GenImage_test/stable_diffusion_v_1_5/test/nature/ILSVRC2012_val_00001924.JPEG
342,stable_diffusion_v_1_5,5468,GenImage_test/stable_diffusion_v_1_5/test/ai/935_sdv5_00100.png
342,stable_diffusion_v_1_5,5469,GenImage_test/stable_diffusion_v_1_5/test/ai/514_sdv5_00100.png
342,stable_diffusion_v_1_5,5470,GenImage_test/stable_diffusion_v_1_5/test/ai/885_sdv5_00003.png
342,stable_diffusion_v_1_5,5471,GenImage_test/stable_diffusion_v_1_5/test/nature/ILSVRC2012_val_00028038.JPEG
342,stable_diffusion_v_1_5,5472,GenImage_test/stable_diffusion_v_1_5/test/ai/436_sdv5_00195.png
342,stable_diffusion_v_1_5,5473,GenImage_test/stable_diffusion_v_1_5/test/nature/ILSVRC2012_val_00022837.JPEG
342,stable_diffusion_v_1_5,5474,GenImage_test/stable_diffusion_v_1_5/test/ai/272_sdv5_00135.png
342,stable_diffusion_v_1_5,5475,GenImage_test/stable_diffusion_v_1_5/test/ai/519_sdv5_00135.png
343,stable_diffusion_v_1_5,5476,GenImage_test/stable_diffusion_v_1_5/test/nature/ILSVRC2012_val_00042185.JPEG
343,stable_diffusion_v_1_5,5477,GenImage_test/stable_diffusion_v_1_5/test/nature/ILSVRC2012_val_00009052.JPEG
343,stable_diffusion_v_1_5,5478,GenImage_test/stable_diffusion_v_1_5/test/ai/850_sdv5_00027.png
343,stable_diffusion_v_1_5,5479,GenImage_test/stable_diffusion_v_1_5/test/nature/ILSVRC2012_val_00002684.JPEG
343,stable_diffusion_v_1_5,5480,GenImage_test/stable_diffusion_v_1_5/test/nature/ILSVRC2012_val_00008782.JPEG
343,stable_diffusion_v_1_5,5481,GenImage_test/stable_diffusion_v_1_5/test/nature/ILSVRC2012_val_00042094.JPEG
343,stable_diffusion_v_1_5,5482,GenImage_test/stable_diffusion_v_1_5/test/ai/005_sdv5_00009.png
343,stable_diffusion_v_1_5,5483,GenImage_test/stable_diffusion_v_1_5/test/ai/423_sdv5_00039.png
343,stable_diffusion_v_1_5,5484,GenImage_test/stable_diffusion_v_1_5/test/nature/ILSVRC2012_val_00026916.JPEG
343,stable_diffusion_v_1_5,5485,GenImage_test/stable_diffusion_v_1_5/test/nature/ILSVRC2012_val_00010079.JPEG
343,stable_diffusion_v_1_5,5486,GenImage_test/stable_diffusion_v_1_5/test/nature/ILSVRC2012_val_00014898.JPEG
343,stable_diffusion_v_1_5,5487,GenImage_test/stable_diffusion_v_1_5/test/ai/063_sdv5_00100.png
343,stable_diffusion_v_1_5,5488,GenImage_test/stable_diffusion_v_1_5/test/nature/ILSVRC2012_val_00041172.JPEG
343,stable_diffusion_v_1_5,5489,GenImage_test/stable_diffusion_v_1_5/test/nature/ILSVRC2012_val_00037356.JPEG
343,stable_diffusion_v_1_5,5490,GenImage_test/stable_diffusion_v_1_5/test/nature/ILSVRC2012_val_00024628.JPEG
343,stable_diffusion_v_1_5,5491,GenImage_test/stable_diffusion_v_1_5/test/nature/ILSVRC2012_val_00043290.JPEG
344,stable_diffusion_v_1_5,5492,GenImage_test/stable_diffusion_v_1_5/test/nature/ILSVRC2012_val_00001677.JPEG
344,stable_diffusion_v_1_5,5493,GenImage_test/stable_diffusion_v_1_5/test/ai/605_sdv5_00100.png
344,stable_diffusion_v_1_5,5494,GenImage_test/stable_diffusion_v_1_5/test/nature/ILSVRC2012_val_00017073.JPEG
344,stable_diffusion_v_1_5,5495,GenImage_test/stable_diffusion_v_1_5/test/nature/ILSVRC2012_val_00046622.JPEG
344,stable_diffusion_v_1_5,5496,GenImage_test/stable_diffusion_v_1_5/test/ai/266_sdv5_00003.png
344,stable_diffusion_v_1_5,5497,GenImage_test/stable_diffusion_v_1_5/test/nature/ILSVRC2012_val_00037577.JPEG
344,stable_diffusion_v_1_5,5498,GenImage_test/stable_diffusion_v_1_5/test/ai/704_sdv5_00195.png
344,stable_diffusion_v_1_5,5499,GenImage_test/stable_diffusion_v_1_5/test/ai/362_sdv5_00195.png
344,stable_diffusion_v_1_5,5500,GenImage_test/stable_diffusion_v_1_5/test/ai/296_sdv5_00135.png
344,stable_diffusion_v_1_5,5501,GenImage_test/stable_diffusion_v_1_5/test/nature/ILSVRC2012_val_00038032.JPEG
344,stable_diffusion_v_1_5,5502,GenImage_test/stable_diffusion_v_1_5/test/nature/ILSVRC2012_val_00021310.JPEG
344,stable_diffusion_v_1_5,5503,GenImage_test/stable_diffusion_v_1_5/test/ai/062_sdv5_00195.png
344,stable_diffusion_v_1_5,5504,GenImage_test/stable_diffusion_v_1_5/test/ai/343_sdv5_00135.png
344,stable_diffusion_v_1_5,5505,GenImage_test/stable_diffusion_v_1_5/test/ai/137_sdv5_00009.png
344,stable_diffusion_v_1_5,5506,GenImage_test/stable_diffusion_v_1_5/test/ai/759_sdv5_00195.png
344,stable_diffusion_v_1_5,5507,GenImage_test/stable_diffusion_v_1_5/test/ai/709_sdv5_00195.png
345,stable_diffusion_v_1_5,5508,GenImage_test/stable_diffusion_v_1_5/test/nature/ILSVRC2012_val_00009286.JPEG
345,stable_diffusion_v_1_5,5509,GenImage_test/stable_diffusion_v_1_5/test/nature/ILSVRC2012_val_00020436.JPEG
345,stable_diffusion_v_1_5,5510,GenImage_test/stable_diffusion_v_1_5/test/nature/ILSVRC2012_val_00008761.JPEG
345,stable_diffusion_v_1_5,5511,GenImage_test/stable_diffusion_v_1_5/test/ai/923_sdv5_00195.png
345,stable_diffusion_v_1_5,5512,GenImage_test/stable_diffusion_v_1_5/test/nature/ILSVRC2012_val_00037112.JPEG
345,stable_diffusion_v_1_5,5513,GenImage_test/stable_diffusion_v_1_5/test/ai/473_sdv5_00009.png
345,stable_diffusion_v_1_5,5514,GenImage_test/stable_diffusion_v_1_5/test/nature/ILSVRC2012_val_00046562.JPEG
345,stable_diffusion_v_1_5,5515,GenImage_test/stable_diffusion_v_1_5/test/nature/ILSVRC2012_val_00006857.JPEG
345,stable_diffusion_v_1_5,5516,GenImage_test/stable_diffusion_v_1_5/test/ai/451_sdv5_00135.png
345,stable_diffusion_v_1_5,5517,GenImage_test/stable_diffusion_v_1_5/test/ai/415_sdv5_00100.png
345,stable_diffusion_v_1_5,5518,GenImage_test/stable_diffusion_v_1_5/test/nature/ILSVRC2012_val_00037899.JPEG
345,stable_diffusion_v_1_5,5519,GenImage_test/stable_diffusion_v_1_5/test/ai/766_sdv5_00039.png
345,stable_diffusion_v_1_5,5520,GenImage_test/stable_diffusion_v_1_5/test/nature/ILSVRC2012_val_00035431.JPEG
345,stable_diffusion_v_1_5,5521,GenImage_test/stable_diffusion_v_1_5/test/ai/208_sdv5_00009.png
345,stable_diffusion_v_1_5,5522,GenImage_test/stable_diffusion_v_1_5/test/ai/347_sdv5_00195.png
345,stable_diffusion_v_1_5,5523,GenImage_test/stable_diffusion_v_1_5/test/ai/226_sdv5_00039.png
346,stable_diffusion_v_1_5,5524,GenImage_test/stable_diffusion_v_1_5/test/ai/432_sdv5_00003.png
346,stable_diffusion_v_1_5,5525,GenImage_test/stable_diffusion_v_1_5/test/ai/348_sdv5_00009.png
346,stable_diffusion_v_1_5,5526,GenImage_test/stable_diffusion_v_1_5/test/ai/164_sdv5_00009.png
346,stable_diffusion_v_1_5,5527,GenImage_test/stable_diffusion_v_1_5/test/nature/ILSVRC2012_val_00047141.JPEG
346,stable_diffusion_v_1_5,5528,GenImage_test/stable_diffusion_v_1_5/test/nature/ILSVRC2012_val_00020072.JPEG
346,stable_diffusion_v_1_5,5529,GenImage_test/stable_diffusion_v_1_5/test/nature/ILSVRC2012_val_00005828.JPEG
346,stable_diffusion_v_1_5,5530,GenImage_test/stable_diffusion_v_1_5/test/ai/802_sdv5_00195.png
346,stable_diffusion_v_1_5,5531,GenImage_test/stable_diffusion_v_1_5/test/nature/ILSVRC2012_val_00037401.JPEG
346,stable_diffusion_v_1_5,5532,GenImage_test/stable_diffusion_v_1_5/test/ai/324_sdv5_00135.png
346,stable_diffusion_v_1_5,5533,GenImage_test/stable_diffusion_v_1_5/test/ai/280_sdv5_00009.png
346,stable_diffusion_v_1_5,5534,GenImage_test/stable_diffusion_v_1_5/test/ai/705_sdv5_00027.png
346,stable_diffusion_v_1_5,5535,GenImage_test/stable_diffusion_v_1_5/test/nature/ILSVRC2012_val_00001955.JPEG
346,stable_diffusion_v_1_5,5536,GenImage_test/stable_diffusion_v_1_5/test/nature/ILSVRC2012_val_00000567.JPEG
346,stable_diffusion_v_1_5,5537,GenImage_test/stable_diffusion_v_1_5/test/ai/641_sdv5_00009.png
346,stable_diffusion_v_1_5,5538,GenImage_test/stable_diffusion_v_1_5/test/nature/ILSVRC2012_val_00011206.JPEG
346,stable_diffusion_v_1_5,5539,GenImage_test/stable_diffusion_v_1_5/test/nature/ILSVRC2012_val_00025138.JPEG
347,stable_diffusion_v_1_5,5540,GenImage_test/stable_diffusion_v_1_5/test/nature/ILSVRC2012_val_00046905.JPEG
347,stable_diffusion_v_1_5,5541,GenImage_test/stable_diffusion_v_1_5/test/ai/118_sdv5_00003.png
347,stable_diffusion_v_1_5,5542,GenImage_test/stable_diffusion_v_1_5/test/nature/ILSVRC2012_val_00024964.JPEG
347,stable_diffusion_v_1_5,5543,GenImage_test/stable_diffusion_v_1_5/test/ai/398_sdv5_00027.png
347,stable_diffusion_v_1_5,5544,GenImage_test/stable_diffusion_v_1_5/test/ai/226_sdv5_00027.png
347,stable_diffusion_v_1_5,5545,GenImage_test/stable_diffusion_v_1_5/test/ai/619_sdv5_00135.png
347,stable_diffusion_v_1_5,5546,GenImage_test/stable_diffusion_v_1_5/test/ai/308_sdv5_00003.png
347,stable_diffusion_v_1_5,5547,GenImage_test/stable_diffusion_v_1_5/test/nature/ILSVRC2012_val_00046079.JPEG
347,stable_diffusion_v_1_5,5548,GenImage_test/stable_diffusion_v_1_5/test/ai/947_sdv5_00039.png
347,stable_diffusion_v_1_5,5549,GenImage_test/stable_diffusion_v_1_5/test/nature/ILSVRC2012_val_00020910.JPEG
347,stable_diffusion_v_1_5,5550,GenImage_test/stable_diffusion_v_1_5/test/ai/828_sdv5_00003.png
347,stable_diffusion_v_1_5,5551,GenImage_test/stable_diffusion_v_1_5/test/ai/767_sdv5_00009.png
347,stable_diffusion_v_1_5,5552,GenImage_test/stable_diffusion_v_1_5/test/nature/ILSVRC2012_val_00002059.JPEG
347,stable_diffusion_v_1_5,5553,GenImage_test/stable_diffusion_v_1_5/test/nature/ILSVRC2012_val_00039300.JPEG
347,stable_diffusion_v_1_5,5554,GenImage_test/stable_diffusion_v_1_5/test/ai/276_sdv5_00020.png
347,stable_diffusion_v_1_5,5555,GenImage_test/stable_diffusion_v_1_5/test/ai/902_sdv5_00003.png
348,stable_diffusion_v_1_5,5556,GenImage_test/stable_diffusion_v_1_5/test/ai/816_sdv5_00135.png
348,stable_diffusion_v_1_5,5557,GenImage_test/stable_diffusion_v_1_5/test/nature/ILSVRC2012_val_00019698.JPEG
348,stable_diffusion_v_1_5,5558,GenImage_test/stable_diffusion_v_1_5/test/nature/ILSVRC2012_val_00045000.JPEG
348,stable_diffusion_v_1_5,5559,GenImage_test/stable_diffusion_v_1_5/test/ai/281_sdv5_00009.png
348,stable_diffusion_v_1_5,5560,GenImage_test/stable_diffusion_v_1_5/test/nature/ILSVRC2012_val_00013922.JPEG
348,stable_diffusion_v_1_5,5561,GenImage_test/stable_diffusion_v_1_5/test/nature/ILSVRC2012_val_00000810.JPEG
348,stable_diffusion_v_1_5,5562,GenImage_test/stable_diffusion_v_1_5/test/ai/858_sdv5_00009.png
348,stable_diffusion_v_1_5,5563,GenImage_test/stable_diffusion_v_1_5/test/nature/ILSVRC2012_val_00048055.JPEG
348,stable_diffusion_v_1_5,5564,GenImage_test/stable_diffusion_v_1_5/test/ai/887_sdv5_00135.png
348,stable_diffusion_v_1_5,5565,GenImage_test/stable_diffusion_v_1_5/test/ai/732_sdv5_00003.png
348,stable_diffusion_v_1_5,5566,GenImage_test/stable_diffusion_v_1_5/test/nature/ILSVRC2012_val_00026212.JPEG
348,stable_diffusion_v_1_5,5567,GenImage_test/stable_diffusion_v_1_5/test/ai/685_sdv5_00195.png
348,stable_diffusion_v_1_5,5568,GenImage_test/stable_diffusion_v_1_5/test/ai/592_sdv5_00027.png
348,stable_diffusion_v_1_5,5569,GenImage_test/stable_diffusion_v_1_5/test/ai/249_sdv5_00100.png
348,stable_diffusion_v_1_5,5570,GenImage_test/stable_diffusion_v_1_5/test/ai/245_sdv5_00020.png
348,stable_diffusion_v_1_5,5571,GenImage_test/stable_diffusion_v_1_5/test/ai/438_sdv5_00003.png
349,stable_diffusion_v_1_5,5572,GenImage_test/stable_diffusion_v_1_5/test/nature/ILSVRC2012_val_00025411.JPEG
349,stable_diffusion_v_1_5,5573,GenImage_test/stable_diffusion_v_1_5/test/nature/ILSVRC2012_val_00019523.JPEG
349,stable_diffusion_v_1_5,5574,GenImage_test/stable_diffusion_v_1_5/test/nature/ILSVRC2012_val_00012928.JPEG
349,stable_diffusion_v_1_5,5575,GenImage_test/stable_diffusion_v_1_5/test/ai/603_sdv5_00027.png
349,stable_diffusion_v_1_5,5576,GenImage_test/stable_diffusion_v_1_5/test/nature/ILSVRC2012_val_00002279.JPEG
349,stable_diffusion_v_1_5,5577,GenImage_test/stable_diffusion_v_1_5/test/ai/695_sdv5_00195.png
349,stable_diffusion_v_1_5,5578,GenImage_test/stable_diffusion_v_1_5/test/ai/886_sdv5_00020.png
349,stable_diffusion_v_1_5,5579,GenImage_test/stable_diffusion_v_1_5/test/ai/563_sdv5_00020.png
349,stable_diffusion_v_1_5,5580,GenImage_test/stable_diffusion_v_1_5/test/ai/261_sdv5_00100.png
349,stable_diffusion_v_1_5,5581,GenImage_test/stable_diffusion_v_1_5/test/nature/ILSVRC2012_val_00012367.JPEG
349,stable_diffusion_v_1_5,5582,GenImage_test/stable_diffusion_v_1_5/test/ai/190_sdv5_00039.png
349,stable_diffusion_v_1_5,5583,GenImage_test/stable_diffusion_v_1_5/test/nature/ILSVRC2012_val_00045371.JPEG
349,stable_diffusion_v_1_5,5584,GenImage_test/stable_diffusion_v_1_5/test/nature/ILSVRC2012_val_00015944.JPEG
349,stable_diffusion_v_1_5,5585,GenImage_test/stable_diffusion_v_1_5/test/nature/ILSVRC2012_val_00000830.JPEG
349,stable_diffusion_v_1_5,5586,GenImage_test/stable_diffusion_v_1_5/test/nature/ILSVRC2012_val_00030502.JPEG
349,stable_diffusion_v_1_5,5587,GenImage_test/stable_diffusion_v_1_5/test/ai/160_sdv5_00009.png
350,stable_diffusion_v_1_5,5588,GenImage_test/stable_diffusion_v_1_5/test/nature/ILSVRC2012_val_00015455.JPEG
350,stable_diffusion_v_1_5,5589,GenImage_test/stable_diffusion_v_1_5/test/nature/ILSVRC2012_val_00021005.JPEG
350,stable_diffusion_v_1_5,5590,GenImage_test/stable_diffusion_v_1_5/test/ai/285_sdv5_00195.png
350,stable_diffusion_v_1_5,5591,GenImage_test/stable_diffusion_v_1_5/test/nature/ILSVRC2012_val_00039245.JPEG
350,stable_diffusion_v_1_5,5592,GenImage_test/stable_diffusion_v_1_5/test/ai/962_sdv5_00009.png
350,stable_diffusion_v_1_5,5593,GenImage_test/stable_diffusion_v_1_5/test/nature/ILSVRC2012_val_00022009.JPEG
350,stable_diffusion_v_1_5,5594,GenImage_test/stable_diffusion_v_1_5/test/ai/863_sdv5_00039.png
350,stable_diffusion_v_1_5,5595,GenImage_test/stable_diffusion_v_1_5/test/nature/ILSVRC2012_val_00010992.JPEG
350,stable_diffusion_v_1_5,5596,GenImage_test/stable_diffusion_v_1_5/test/ai/358_sdv5_00100.png
350,stable_diffusion_v_1_5,5597,GenImage_test/stable_diffusion_v_1_5/test/ai/625_sdv5_00003.png
350,stable_diffusion_v_1_5,5598,GenImage_test/stable_diffusion_v_1_5/test/nature/ILSVRC2012_val_00032327.JPEG
350,stable_diffusion_v_1_5,5599,GenImage_test/stable_diffusion_v_1_5/test/ai/370_sdv5_00100.png
350,stable_diffusion_v_1_5,5600,GenImage_test/stable_diffusion_v_1_5/test/nature/ILSVRC2012_val_00043325.JPEG
350,stable_diffusion_v_1_5,5601,GenImage_test/stable_diffusion_v_1_5/test/ai/854_sdv5_00009.png
350,stable_diffusion_v_1_5,5602,GenImage_test/stable_diffusion_v_1_5/test/ai/921_sdv5_00135.png
350,stable_diffusion_v_1_5,5603,GenImage_test/stable_diffusion_v_1_5/test/nature/ILSVRC2012_val_00026531.JPEG
351,stable_diffusion_v_1_5,5604,GenImage_test/stable_diffusion_v_1_5/test/nature/ILSVRC2012_val_00048965.JPEG
351,stable_diffusion_v_1_5,5605,GenImage_test/stable_diffusion_v_1_5/test/ai/739_sdv5_00020.png
351,stable_diffusion_v_1_5,5606,GenImage_test/stable_diffusion_v_1_5/test/nature/ILSVRC2012_val_00045068.JPEG
351,stable_diffusion_v_1_5,5607,GenImage_test/stable_diffusion_v_1_5/test/ai/372_sdv5_00195.png
351,stable_diffusion_v_1_5,5608,GenImage_test/stable_diffusion_v_1_5/test/nature/ILSVRC2012_val_00037002.JPEG
351,stable_diffusion_v_1_5,5609,GenImage_test/stable_diffusion_v_1_5/test/nature/ILSVRC2012_val_00014286.JPEG
351,stable_diffusion_v_1_5,5610,GenImage_test/stable_diffusion_v_1_5/test/nature/ILSVRC2012_val_00037098.JPEG
351,stable_diffusion_v_1_5,5611,GenImage_test/stable_diffusion_v_1_5/test/ai/230_sdv5_00195.png
351,stable_diffusion_v_1_5,5612,GenImage_test/stable_diffusion_v_1_5/test/ai/325_sdv5_00003.png
351,stable_diffusion_v_1_5,5613,GenImage_test/stable_diffusion_v_1_5/test/nature/ILSVRC2012_val_00007265.JPEG
351,stable_diffusion_v_1_5,5614,GenImage_test/stable_diffusion_v_1_5/test/nature/ILSVRC2012_val_00004159.JPEG
351,stable_diffusion_v_1_5,5615,GenImage_test/stable_diffusion_v_1_5/test/nature/ILSVRC2012_val_00005274.JPEG
351,stable_diffusion_v_1_5,5616,GenImage_test/stable_diffusion_v_1_5/test/nature/ILSVRC2012_val_00021249.JPEG
351,stable_diffusion_v_1_5,5617,GenImage_test/stable_diffusion_v_1_5/test/ai/043_sdv5_00003.png
351,stable_diffusion_v_1_5,5618,GenImage_test/stable_diffusion_v_1_5/test/nature/ILSVRC2012_val_00009629.JPEG
351,stable_diffusion_v_1_5,5619,GenImage_test/stable_diffusion_v_1_5/test/nature/ILSVRC2012_val_00030123.JPEG
352,stable_diffusion_v_1_5,5620,GenImage_test/stable_diffusion_v_1_5/test/nature/ILSVRC2012_val_00002980.JPEG
352,stable_diffusion_v_1_5,5621,GenImage_test/stable_diffusion_v_1_5/test/nature/ILSVRC2012_val_00009021.JPEG
352,stable_diffusion_v_1_5,5622,GenImage_test/stable_diffusion_v_1_5/test/nature/ILSVRC2012_val_00025593.JPEG
352,stable_diffusion_v_1_5,5623,GenImage_test/stable_diffusion_v_1_5/test/ai/128_sdv5_00039.png
352,stable_diffusion_v_1_5,5624,GenImage_test/stable_diffusion_v_1_5/test/nature/ILSVRC2012_val_00048447.JPEG
352,stable_diffusion_v_1_5,5625,GenImage_test/stable_diffusion_v_1_5/test/ai/135_sdv5_00100.png
352,stable_diffusion_v_1_5,5626,GenImage_test/stable_diffusion_v_1_5/test/ai/753_sdv5_00027.png
352,stable_diffusion_v_1_5,5627,GenImage_test/stable_diffusion_v_1_5/test/ai/484_sdv5_00003.png
352,stable_diffusion_v_1_5,5628,GenImage_test/stable_diffusion_v_1_5/test/ai/682_sdv5_00135.png
352,stable_diffusion_v_1_5,5629,GenImage_test/stable_diffusion_v_1_5/test/ai/158_sdv5_00039.png
352,stable_diffusion_v_1_5,5630,GenImage_test/stable_diffusion_v_1_5/test/nature/ILSVRC2012_val_00042372.JPEG
352,stable_diffusion_v_1_5,5631,GenImage_test/stable_diffusion_v_1_5/test/nature/ILSVRC2012_val_00028747.JPEG
352,stable_diffusion_v_1_5,5632,GenImage_test/stable_diffusion_v_1_5/test/nature/ILSVRC2012_val_00001140.JPEG
352,stable_diffusion_v_1_5,5633,GenImage_test/stable_diffusion_v_1_5/test/ai/792_sdv5_00020.png
352,stable_diffusion_v_1_5,5634,GenImage_test/stable_diffusion_v_1_5/test/ai/786_sdv5_00195.png
352,stable_diffusion_v_1_5,5635,GenImage_test/stable_diffusion_v_1_5/test/ai/358_sdv5_00135.png
353,stable_diffusion_v_1_5,5636,GenImage_test/stable_diffusion_v_1_5/test/nature/ILSVRC2012_val_00002216.JPEG
353,stable_diffusion_v_1_5,5637,GenImage_test/stable_diffusion_v_1_5/test/nature/ILSVRC2012_val_00001440.JPEG
353,stable_diffusion_v_1_5,5638,GenImage_test/stable_diffusion_v_1_5/test/ai/232_sdv5_00009.png
353,stable_diffusion_v_1_5,5639,GenImage_test/stable_diffusion_v_1_5/test/ai/914_sdv5_00195.png
353,stable_diffusion_v_1_5,5640,GenImage_test/stable_diffusion_v_1_5/test/nature/ILSVRC2012_val_00026571.JPEG
353,stable_diffusion_v_1_5,5641,GenImage_test/stable_diffusion_v_1_5/test/ai/032_sdv5_00135.png
353,stable_diffusion_v_1_5,5642,GenImage_test/stable_diffusion_v_1_5/test/nature/ILSVRC2012_val_00021365.JPEG
353,stable_diffusion_v_1_5,5643,GenImage_test/stable_diffusion_v_1_5/test/nature/ILSVRC2012_val_00008195.JPEG
353,stable_diffusion_v_1_5,5644,GenImage_test/stable_diffusion_v_1_5/test/nature/ILSVRC2012_val_00003458.JPEG
353,stable_diffusion_v_1_5,5645,GenImage_test/stable_diffusion_v_1_5/test/nature/ILSVRC2012_val_00024475.JPEG
353,stable_diffusion_v_1_5,5646,GenImage_test/stable_diffusion_v_1_5/test/ai/267_sdv5_00009.png
353,stable_diffusion_v_1_5,5647,GenImage_test/stable_diffusion_v_1_5/test/nature/ILSVRC2012_val_00028827.JPEG
353,stable_diffusion_v_1_5,5648,GenImage_test/stable_diffusion_v_1_5/test/ai/526_sdv5_00009.png
353,stable_diffusion_v_1_5,5649,GenImage_test/stable_diffusion_v_1_5/test/nature/ILSVRC2012_val_00011928.JPEG
353,stable_diffusion_v_1_5,5650,GenImage_test/stable_diffusion_v_1_5/test/ai/726_sdv5_00003.png
353,stable_diffusion_v_1_5,5651,GenImage_test/stable_diffusion_v_1_5/test/ai/800_sdv5_00020.png
354,stable_diffusion_v_1_5,5652,GenImage_test/stable_diffusion_v_1_5/test/ai/074_sdv5_00003.png
354,stable_diffusion_v_1_5,5653,GenImage_test/stable_diffusion_v_1_5/test/ai/128_sdv5_00100.png
354,stable_diffusion_v_1_5,5654,GenImage_test/stable_diffusion_v_1_5/test/nature/ILSVRC2012_val_00029677.JPEG
354,stable_diffusion_v_1_5,5655,GenImage_test/stable_diffusion_v_1_5/test/ai/654_sdv5_00003.png
354,stable_diffusion_v_1_5,5656,GenImage_test/stable_diffusion_v_1_5/test/ai/310_sdv5_00100.png
354,stable_diffusion_v_1_5,5657,GenImage_test/stable_diffusion_v_1_5/test/nature/ILSVRC2012_val_00003527.JPEG
354,stable_diffusion_v_1_5,5658,GenImage_test/stable_diffusion_v_1_5/test/nature/ILSVRC2012_val_00027609.JPEG
354,stable_diffusion_v_1_5,5659,GenImage_test/stable_diffusion_v_1_5/test/ai/174_sdv5_00027.png
354,stable_diffusion_v_1_5,5660,GenImage_test/stable_diffusion_v_1_5/test/ai/029_sdv5_00009.png
354,stable_diffusion_v_1_5,5661,GenImage_test/stable_diffusion_v_1_5/test/ai/574_sdv5_00100.png
354,stable_diffusion_v_1_5,5662,GenImage_test/stable_diffusion_v_1_5/test/nature/ILSVRC2012_val_00004072.JPEG
354,stable_diffusion_v_1_5,5663,GenImage_test/stable_diffusion_v_1_5/test/nature/ILSVRC2012_val_00048134.JPEG
354,stable_diffusion_v_1_5,5664,GenImage_test/stable_diffusion_v_1_5/test/ai/252_sdv5_00195.png
354,stable_diffusion_v_1_5,5665,GenImage_test/stable_diffusion_v_1_5/test/ai/299_sdv5_00100.png
354,stable_diffusion_v_1_5,5666,GenImage_test/stable_diffusion_v_1_5/test/ai/359_sdv5_00027.png
354,stable_diffusion_v_1_5,5667,GenImage_test/stable_diffusion_v_1_5/test/ai/854_sdv5_00020.png
355,stable_diffusion_v_1_5,5668,GenImage_test/stable_diffusion_v_1_5/test/nature/ILSVRC2012_val_00026432.JPEG
355,stable_diffusion_v_1_5,5669,GenImage_test/stable_diffusion_v_1_5/test/nature/ILSVRC2012_val_00024918.JPEG
355,stable_diffusion_v_1_5,5670,GenImage_test/stable_diffusion_v_1_5/test/ai/234_sdv5_00135.png
355,stable_diffusion_v_1_5,5671,GenImage_test/stable_diffusion_v_1_5/test/nature/ILSVRC2012_val_00041970.JPEG
355,stable_diffusion_v_1_5,5672,GenImage_test/stable_diffusion_v_1_5/test/ai/945_sdv5_00195.png
355,stable_diffusion_v_1_5,5673,GenImage_test/stable_diffusion_v_1_5/test/nature/ILSVRC2012_val_00028464.JPEG
355,stable_diffusion_v_1_5,5674,GenImage_test/stable_diffusion_v_1_5/test/nature/ILSVRC2012_val_00022895.JPEG
355,stable_diffusion_v_1_5,5675,GenImage_test/stable_diffusion_v_1_5/test/nature/ILSVRC2012_val_00035512.JPEG
355,stable_diffusion_v_1_5,5676,GenImage_test/stable_diffusion_v_1_5/test/ai/269_sdv5_00039.png
355,stable_diffusion_v_1_5,5677,GenImage_test/stable_diffusion_v_1_5/test/nature/ILSVRC2012_val_00009048.JPEG
355,stable_diffusion_v_1_5,5678,GenImage_test/stable_diffusion_v_1_5/test/ai/112_sdv5_00003.png
355,stable_diffusion_v_1_5,5679,GenImage_test/stable_diffusion_v_1_5/test/ai/667_sdv5_00195.png
355,stable_diffusion_v_1_5,5680,GenImage_test/stable_diffusion_v_1_5/test/nature/ILSVRC2012_val_00002192.JPEG
355,stable_diffusion_v_1_5,5681,GenImage_test/stable_diffusion_v_1_5/test/nature/ILSVRC2012_val_00027740.JPEG
355,stable_diffusion_v_1_5,5682,GenImage_test/stable_diffusion_v_1_5/test/nature/ILSVRC2012_val_00033821.JPEG
355,stable_diffusion_v_1_5,5683,GenImage_test/stable_diffusion_v_1_5/test/ai/037_sdv5_00135.png
356,stable_diffusion_v_1_5,5684,GenImage_test/stable_diffusion_v_1_5/test/nature/ILSVRC2012_val_00027174.JPEG
356,stable_diffusion_v_1_5,5685,GenImage_test/stable_diffusion_v_1_5/test/nature/ILSVRC2012_val_00038585.JPEG
356,stable_diffusion_v_1_5,5686,GenImage_test/stable_diffusion_v_1_5/test/ai/177_sdv5_00135.png
356,stable_diffusion_v_1_5,5687,GenImage_test/stable_diffusion_v_1_5/test/nature/ILSVRC2012_val_00023109.JPEG
356,stable_diffusion_v_1_5,5688,GenImage_test/stable_diffusion_v_1_5/test/nature/ILSVRC2012_val_00027064.JPEG
356,stable_diffusion_v_1_5,5689,GenImage_test/stable_diffusion_v_1_5/test/nature/ILSVRC2012_val_00000345.JPEG
356,stable_diffusion_v_1_5,5690,GenImage_test/stable_diffusion_v_1_5/test/ai/731_sdv5_00135.png
356,stable_diffusion_v_1_5,5691,GenImage_test/stable_diffusion_v_1_5/test/nature/ILSVRC2012_val_00011079.JPEG
356,stable_diffusion_v_1_5,5692,GenImage_test/stable_diffusion_v_1_5/test/ai/870_sdv5_00195.png
356,stable_diffusion_v_1_5,5693,GenImage_test/stable_diffusion_v_1_5/test/nature/ILSVRC2012_val_00003975.JPEG
356,stable_diffusion_v_1_5,5694,GenImage_test/stable_diffusion_v_1_5/test/ai/332_sdv5_00135.png
356,stable_diffusion_v_1_5,5695,GenImage_test/stable_diffusion_v_1_5/test/ai/152_sdv5_00039.png
356,stable_diffusion_v_1_5,5696,GenImage_test/stable_diffusion_v_1_5/test/nature/ILSVRC2012_val_00012088.JPEG
356,stable_diffusion_v_1_5,5697,GenImage_test/stable_diffusion_v_1_5/test/ai/818_sdv5_00020.png
356,stable_diffusion_v_1_5,5698,GenImage_test/stable_diffusion_v_1_5/test/nature/ILSVRC2012_val_00029116.JPEG
356,stable_diffusion_v_1_5,5699,GenImage_test/stable_diffusion_v_1_5/test/ai/828_sdv5_00027.png
357,stable_diffusion_v_1_5,5700,GenImage_test/stable_diffusion_v_1_5/test/nature/ILSVRC2012_val_00048727.JPEG
357,stable_diffusion_v_1_5,5701,GenImage_test/stable_diffusion_v_1_5/test/nature/ILSVRC2012_val_00006995.JPEG
357,stable_diffusion_v_1_5,5702,GenImage_test/stable_diffusion_v_1_5/test/ai/058_sdv5_00039.png
357,stable_diffusion_v_1_5,5703,GenImage_test/stable_diffusion_v_1_5/test/ai/561_sdv5_00135.png
357,stable_diffusion_v_1_5,5704,GenImage_test/stable_diffusion_v_1_5/test/ai/881_sdv5_00020.png
357,stable_diffusion_v_1_5,5705,GenImage_test/stable_diffusion_v_1_5/test/nature/ILSVRC2012_val_00007840.JPEG
357,stable_diffusion_v_1_5,5706,GenImage_test/stable_diffusion_v_1_5/test/ai/312_sdv5_00195.png
357,stable_diffusion_v_1_5,5707,GenImage_test/stable_diffusion_v_1_5/test/nature/ILSVRC2012_val_00040925.JPEG
357,stable_diffusion_v_1_5,5708,GenImage_test/stable_diffusion_v_1_5/test/ai/400_sdv5_00009.png
357,stable_diffusion_v_1_5,5709,GenImage_test/stable_diffusion_v_1_5/test/ai/499_sdv5_00027.png
357,stable_diffusion_v_1_5,5710,GenImage_test/stable_diffusion_v_1_5/test/nature/ILSVRC2012_val_00049424.JPEG
357,stable_diffusion_v_1_5,5711,GenImage_test/stable_diffusion_v_1_5/test/ai/142_sdv5_00009.png
357,stable_diffusion_v_1_5,5712,GenImage_test/stable_diffusion_v_1_5/test/nature/ILSVRC2012_val_00038439.JPEG
357,stable_diffusion_v_1_5,5713,GenImage_test/stable_diffusion_v_1_5/test/ai/403_sdv5_00003.png
357,stable_diffusion_v_1_5,5714,GenImage_test/stable_diffusion_v_1_5/test/nature/ILSVRC2012_val_00013583.JPEG
357,stable_diffusion_v_1_5,5715,GenImage_test/stable_diffusion_v_1_5/test/ai/275_sdv5_00003.png
358,stable_diffusion_v_1_5,5716,GenImage_test/stable_diffusion_v_1_5/test/ai/506_sdv5_00027.png
358,stable_diffusion_v_1_5,5717,GenImage_test/stable_diffusion_v_1_5/test/nature/ILSVRC2012_val_00000089.JPEG
358,stable_diffusion_v_1_5,5718,GenImage_test/stable_diffusion_v_1_5/test/nature/ILSVRC2012_val_00038791.JPEG
358,stable_diffusion_v_1_5,5719,GenImage_test/stable_diffusion_v_1_5/test/ai/956_sdv5_00003.png
358,stable_diffusion_v_1_5,5720,GenImage_test/stable_diffusion_v_1_5/test/ai/124_sdv5_00020.png
358,stable_diffusion_v_1_5,5721,GenImage_test/stable_diffusion_v_1_5/test/ai/328_sdv5_00027.png
358,stable_diffusion_v_1_5,5722,GenImage_test/stable_diffusion_v_1_5/test/ai/821_sdv5_00003.png
358,stable_diffusion_v_1_5,5723,GenImage_test/stable_diffusion_v_1_5/test/ai/853_sdv5_00135.png
358,stable_diffusion_v_1_5,5724,GenImage_test/stable_diffusion_v_1_5/test/ai/085_sdv5_00003.png
358,stable_diffusion_v_1_5,5725,GenImage_test/stable_diffusion_v_1_5/test/ai/587_sdv5_00020.png
358,stable_diffusion_v_1_5,5726,GenImage_test/stable_diffusion_v_1_5/test/ai/377_sdv5_00135.png
358,stable_diffusion_v_1_5,5727,GenImage_test/stable_diffusion_v_1_5/test/ai/576_sdv5_00039.png
358,stable_diffusion_v_1_5,5728,GenImage_test/stable_diffusion_v_1_5/test/ai/128_sdv5_00195.png
358,stable_diffusion_v_1_5,5729,GenImage_test/stable_diffusion_v_1_5/test/nature/ILSVRC2012_val_00046375.JPEG
358,stable_diffusion_v_1_5,5730,GenImage_test/stable_diffusion_v_1_5/test/nature/ILSVRC2012_val_00046384.JPEG
358,stable_diffusion_v_1_5,5731,GenImage_test/stable_diffusion_v_1_5/test/ai/217_sdv5_00009.png
359,stable_diffusion_v_1_5,5732,GenImage_test/stable_diffusion_v_1_5/test/ai/660_sdv5_00020.png
359,stable_diffusion_v_1_5,5733,GenImage_test/stable_diffusion_v_1_5/test/ai/579_sdv5_00027.png
359,stable_diffusion_v_1_5,5734,GenImage_test/stable_diffusion_v_1_5/test/ai/709_sdv5_00009.png
359,stable_diffusion_v_1_5,5735,GenImage_test/stable_diffusion_v_1_5/test/ai/351_sdv5_00027.png
359,stable_diffusion_v_1_5,5736,GenImage_test/stable_diffusion_v_1_5/test/nature/ILSVRC2012_val_00006832.JPEG
359,stable_diffusion_v_1_5,5737,GenImage_test/stable_diffusion_v_1_5/test/nature/ILSVRC2012_val_00008623.JPEG
359,stable_diffusion_v_1_5,5738,GenImage_test/stable_diffusion_v_1_5/test/nature/ILSVRC2012_val_00007442.JPEG
359,stable_diffusion_v_1_5,5739,GenImage_test/stable_diffusion_v_1_5/test/ai/730_sdv5_00009.png
359,stable_diffusion_v_1_5,5740,GenImage_test/stable_diffusion_v_1_5/test/nature/ILSVRC2012_val_00032229.JPEG
359,stable_diffusion_v_1_5,5741,GenImage_test/stable_diffusion_v_1_5/test/ai/167_sdv5_00135.png
359,stable_diffusion_v_1_5,5742,GenImage_test/stable_diffusion_v_1_5/test/ai/126_sdv5_00009.png
359,stable_diffusion_v_1_5,5743,GenImage_test/stable_diffusion_v_1_5/test/ai/782_sdv5_00027.png
359,stable_diffusion_v_1_5,5744,GenImage_test/stable_diffusion_v_1_5/test/nature/ILSVRC2012_val_00009980.JPEG
359,stable_diffusion_v_1_5,5745,GenImage_test/stable_diffusion_v_1_5/test/nature/ILSVRC2012_val_00007431.JPEG
359,stable_diffusion_v_1_5,5746,GenImage_test/stable_diffusion_v_1_5/test/nature/ILSVRC2012_val_00012200.JPEG
359,stable_diffusion_v_1_5,5747,GenImage_test/stable_diffusion_v_1_5/test/ai/295_sdv5_00003.png
360,stable_diffusion_v_1_5,5748,GenImage_test/stable_diffusion_v_1_5/test/ai/221_sdv5_00039.png
360,stable_diffusion_v_1_5,5749,GenImage_test/stable_diffusion_v_1_5/test/nature/ILSVRC2012_val_00041056.JPEG
360,stable_diffusion_v_1_5,5750,GenImage_test/stable_diffusion_v_1_5/test/nature/ILSVRC2012_val_00017573.JPEG
360,stable_diffusion_v_1_5,5751,GenImage_test/stable_diffusion_v_1_5/test/ai/504_sdv5_00195.png
360,stable_diffusion_v_1_5,5752,GenImage_test/stable_diffusion_v_1_5/test/ai/881_sdv5_00009.png
360,stable_diffusion_v_1_5,5753,GenImage_test/stable_diffusion_v_1_5/test/nature/ILSVRC2012_val_00025611.JPEG
360,stable_diffusion_v_1_5,5754,GenImage_test/stable_diffusion_v_1_5/test/nature/ILSVRC2012_val_00015189.JPEG
360,stable_diffusion_v_1_5,5755,GenImage_test/stable_diffusion_v_1_5/test/nature/ILSVRC2012_val_00046838.JPEG
360,stable_diffusion_v_1_5,5756,GenImage_test/stable_diffusion_v_1_5/test/ai/374_sdv5_00009.png
360,stable_diffusion_v_1_5,5757,GenImage_test/stable_diffusion_v_1_5/test/nature/ILSVRC2012_val_00011220.JPEG
360,stable_diffusion_v_1_5,5758,GenImage_test/stable_diffusion_v_1_5/test/ai/184_sdv5_00039.png
360,stable_diffusion_v_1_5,5759,GenImage_test/stable_diffusion_v_1_5/test/ai/203_sdv5_00003.png
360,stable_diffusion_v_1_5,5760,GenImage_test/stable_diffusion_v_1_5/test/nature/ILSVRC2012_val_00012019.JPEG
360,stable_diffusion_v_1_5,5761,GenImage_test/stable_diffusion_v_1_5/test/nature/ILSVRC2012_val_00044351.JPEG
360,stable_diffusion_v_1_5,5762,GenImage_test/stable_diffusion_v_1_5/test/nature/ILSVRC2012_val_00038586.JPEG
360,stable_diffusion_v_1_5,5763,GenImage_test/stable_diffusion_v_1_5/test/ai/892_sdv5_00135.png
361,stable_diffusion_v_1_5,5764,GenImage_test/stable_diffusion_v_1_5/test/ai/247_sdv5_00003.png
361,stable_diffusion_v_1_5,5765,GenImage_test/stable_diffusion_v_1_5/test/ai/088_sdv5_00195.png
361,stable_diffusion_v_1_5,5766,GenImage_test/stable_diffusion_v_1_5/test/nature/ILSVRC2012_val_00007461.JPEG
361,stable_diffusion_v_1_5,5767,GenImage_test/stable_diffusion_v_1_5/test/ai/198_sdv5_00100.png
361,stable_diffusion_v_1_5,5768,GenImage_test/stable_diffusion_v_1_5/test/ai/752_sdv5_00135.png
361,stable_diffusion_v_1_5,5769,GenImage_test/stable_diffusion_v_1_5/test/nature/ILSVRC2012_val_00033009.JPEG
361,stable_diffusion_v_1_5,5770,GenImage_test/stable_diffusion_v_1_5/test/ai/163_sdv5_00195.png
361,stable_diffusion_v_1_5,5771,GenImage_test/stable_diffusion_v_1_5/test/nature/ILSVRC2012_val_00036060.JPEG
361,stable_diffusion_v_1_5,5772,GenImage_test/stable_diffusion_v_1_5/test/nature/ILSVRC2012_val_00029164.JPEG
361,stable_diffusion_v_1_5,5773,GenImage_test/stable_diffusion_v_1_5/test/ai/979_sdv5_00135.png
361,stable_diffusion_v_1_5,5774,GenImage_test/stable_diffusion_v_1_5/test/ai/230_sdv5_00003.png
361,stable_diffusion_v_1_5,5775,GenImage_test/stable_diffusion_v_1_5/test/nature/ILSVRC2012_val_00048778.JPEG
361,stable_diffusion_v_1_5,5776,GenImage_test/stable_diffusion_v_1_5/test/nature/ILSVRC2012_val_00040438.JPEG
361,stable_diffusion_v_1_5,5777,GenImage_test/stable_diffusion_v_1_5/test/nature/ILSVRC2012_val_00000977.JPEG
361,stable_diffusion_v_1_5,5778,GenImage_test/stable_diffusion_v_1_5/test/nature/ILSVRC2012_val_00032975.JPEG
361,stable_diffusion_v_1_5,5779,GenImage_test/stable_diffusion_v_1_5/test/ai/488_sdv5_00027.png
362,stable_diffusion_v_1_5,5780,GenImage_test/stable_diffusion_v_1_5/test/nature/ILSVRC2012_val_00011903.JPEG
362,stable_diffusion_v_1_5,5781,GenImage_test/stable_diffusion_v_1_5/test/nature/ILSVRC2012_val_00014567.JPEG
362,stable_diffusion_v_1_5,5782,GenImage_test/stable_diffusion_v_1_5/test/ai/704_sdv5_00135.png
362,stable_diffusion_v_1_5,5783,GenImage_test/stable_diffusion_v_1_5/test/ai/938_sdv5_00027.png
362,stable_diffusion_v_1_5,5784,GenImage_test/stable_diffusion_v_1_5/test/nature/ILSVRC2012_val_00018756.JPEG
362,stable_diffusion_v_1_5,5785,GenImage_test/stable_diffusion_v_1_5/test/ai/218_sdv5_00100.png
362,stable_diffusion_v_1_5,5786,GenImage_test/stable_diffusion_v_1_5/test/ai/731_sdv5_00003.png
362,stable_diffusion_v_1_5,5787,GenImage_test/stable_diffusion_v_1_5/test/ai/051_sdv5_00020.png
362,stable_diffusion_v_1_5,5788,GenImage_test/stable_diffusion_v_1_5/test/nature/ILSVRC2012_val_00015151.JPEG
362,stable_diffusion_v_1_5,5789,GenImage_test/stable_diffusion_v_1_5/test/nature/ILSVRC2012_val_00013116.JPEG
362,stable_diffusion_v_1_5,5790,GenImage_test/stable_diffusion_v_1_5/test/ai/260_sdv5_00195.png
362,stable_diffusion_v_1_5,5791,GenImage_test/stable_diffusion_v_1_5/test/nature/ILSVRC2012_val_00004778.JPEG
362,stable_diffusion_v_1_5,5792,GenImage_test/stable_diffusion_v_1_5/test/nature/ILSVRC2012_val_00037248.JPEG
362,stable_diffusion_v_1_5,5793,GenImage_test/stable_diffusion_v_1_5/test/nature/ILSVRC2012_val_00039420.JPEG
362,stable_diffusion_v_1_5,5794,GenImage_test/stable_diffusion_v_1_5/test/nature/ILSVRC2012_val_00036298.JPEG
362,stable_diffusion_v_1_5,5795,GenImage_test/stable_diffusion_v_1_5/test/ai/191_sdv5_00039.png
363,stable_diffusion_v_1_5,5796,GenImage_test/stable_diffusion_v_1_5/test/nature/ILSVRC2012_val_00020265.JPEG
363,stable_diffusion_v_1_5,5797,GenImage_test/stable_diffusion_v_1_5/test/nature/ILSVRC2012_val_00035279.JPEG
363,stable_diffusion_v_1_5,5798,GenImage_test/stable_diffusion_v_1_5/test/ai/239_sdv5_00009.png
363,stable_diffusion_v_1_5,5799,GenImage_test/stable_diffusion_v_1_5/test/ai/711_sdv5_00100.png
363,stable_diffusion_v_1_5,5800,GenImage_test/stable_diffusion_v_1_5/test/ai/350_sdv5_00039.png
363,stable_diffusion_v_1_5,5801,GenImage_test/stable_diffusion_v_1_5/test/nature/ILSVRC2012_val_00029667.JPEG
363,stable_diffusion_v_1_5,5802,GenImage_test/stable_diffusion_v_1_5/test/nature/ILSVRC2012_val_00020462.JPEG
363,stable_diffusion_v_1_5,5803,GenImage_test/stable_diffusion_v_1_5/test/nature/ILSVRC2012_val_00025076.JPEG
363,stable_diffusion_v_1_5,5804,GenImage_test/stable_diffusion_v_1_5/test/ai/591_sdv5_00009.png
363,stable_diffusion_v_1_5,5805,GenImage_test/stable_diffusion_v_1_5/test/ai/876_sdv5_00100.png
363,stable_diffusion_v_1_5,5806,GenImage_test/stable_diffusion_v_1_5/test/nature/ILSVRC2012_val_00006419.JPEG
363,stable_diffusion_v_1_5,5807,GenImage_test/stable_diffusion_v_1_5/test/ai/244_sdv5_00100.png
363,stable_diffusion_v_1_5,5808,GenImage_test/stable_diffusion_v_1_5/test/ai/121_sdv5_00100.png
363,stable_diffusion_v_1_5,5809,GenImage_test/stable_diffusion_v_1_5/test/ai/977_sdv5_00003.png
363,stable_diffusion_v_1_5,5810,GenImage_test/stable_diffusion_v_1_5/test/ai/186_sdv5_00100.png
363,stable_diffusion_v_1_5,5811,GenImage_test/stable_diffusion_v_1_5/test/nature/ILSVRC2012_val_00028010.JPEG
364,stable_diffusion_v_1_5,5812,GenImage_test/stable_diffusion_v_1_5/test/nature/ILSVRC2012_val_00041304.JPEG
364,stable_diffusion_v_1_5,5813,GenImage_test/stable_diffusion_v_1_5/test/nature/ILSVRC2012_val_00036647.JPEG
364,stable_diffusion_v_1_5,5814,GenImage_test/stable_diffusion_v_1_5/test/nature/ILSVRC2012_val_00049240.JPEG
364,stable_diffusion_v_1_5,5815,GenImage_test/stable_diffusion_v_1_5/test/ai/454_sdv5_00020.png
364,stable_diffusion_v_1_5,5816,GenImage_test/stable_diffusion_v_1_5/test/ai/677_sdv5_00003.png
364,stable_diffusion_v_1_5,5817,GenImage_test/stable_diffusion_v_1_5/test/ai/838_sdv5_00135.png
364,stable_diffusion_v_1_5,5818,GenImage_test/stable_diffusion_v_1_5/test/ai/644_sdv5_00009.png
364,stable_diffusion_v_1_5,5819,GenImage_test/stable_diffusion_v_1_5/test/ai/775_sdv5_00020.png
364,stable_diffusion_v_1_5,5820,GenImage_test/stable_diffusion_v_1_5/test/nature/ILSVRC2012_val_00000458.JPEG
364,stable_diffusion_v_1_5,5821,GenImage_test/stable_diffusion_v_1_5/test/ai/587_sdv5_00027.png
364,stable_diffusion_v_1_5,5822,GenImage_test/stable_diffusion_v_1_5/test/ai/842_sdv5_00100.png
364,stable_diffusion_v_1_5,5823,GenImage_test/stable_diffusion_v_1_5/test/nature/ILSVRC2012_val_00021032.JPEG
364,stable_diffusion_v_1_5,5824,GenImage_test/stable_diffusion_v_1_5/test/nature/ILSVRC2012_val_00035814.JPEG
364,stable_diffusion_v_1_5,5825,GenImage_test/stable_diffusion_v_1_5/test/ai/221_sdv5_00003.png
364,stable_diffusion_v_1_5,5826,GenImage_test/stable_diffusion_v_1_5/test/nature/ILSVRC2012_val_00016337.JPEG
364,stable_diffusion_v_1_5,5827,GenImage_test/stable_diffusion_v_1_5/test/ai/381_sdv5_00039.png
365,stable_diffusion_v_1_5,5828,GenImage_test/stable_diffusion_v_1_5/test/nature/ILSVRC2012_val_00009515.JPEG
365,stable_diffusion_v_1_5,5829,GenImage_test/stable_diffusion_v_1_5/test/nature/ILSVRC2012_val_00044133.JPEG
365,stable_diffusion_v_1_5,5830,GenImage_test/stable_diffusion_v_1_5/test/ai/512_sdv5_00100.png
365,stable_diffusion_v_1_5,5831,GenImage_test/stable_diffusion_v_1_5/test/nature/ILSVRC2012_val_00017690.JPEG
365,stable_diffusion_v_1_5,5832,GenImage_test/stable_diffusion_v_1_5/test/ai/718_sdv5_00020.png
365,stable_diffusion_v_1_5,5833,GenImage_test/stable_diffusion_v_1_5/test/ai/825_sdv5_00195.png
365,stable_diffusion_v_1_5,5834,GenImage_test/stable_diffusion_v_1_5/test/nature/ILSVRC2012_val_00006639.JPEG
365,stable_diffusion_v_1_5,5835,GenImage_test/stable_diffusion_v_1_5/test/nature/ILSVRC2012_val_00042738.JPEG
365,stable_diffusion_v_1_5,5836,GenImage_test/stable_diffusion_v_1_5/test/nature/ILSVRC2012_val_00021020.JPEG
365,stable_diffusion_v_1_5,5837,GenImage_test/stable_diffusion_v_1_5/test/ai/059_sdv5_00020.png
365,stable_diffusion_v_1_5,5838,GenImage_test/stable_diffusion_v_1_5/test/ai/373_sdv5_00039.png
365,stable_diffusion_v_1_5,5839,GenImage_test/stable_diffusion_v_1_5/test/ai/927_sdv5_00135.png
365,stable_diffusion_v_1_5,5840,GenImage_test/stable_diffusion_v_1_5/test/ai/809_sdv5_00027.png
365,stable_diffusion_v_1_5,5841,GenImage_test/stable_diffusion_v_1_5/test/nature/ILSVRC2012_val_00008006.JPEG
365,stable_diffusion_v_1_5,5842,GenImage_test/stable_diffusion_v_1_5/test/nature/ILSVRC2012_val_00037333.JPEG
365,stable_diffusion_v_1_5,5843,GenImage_test/stable_diffusion_v_1_5/test/nature/ILSVRC2012_val_00048073.JPEG
366,stable_diffusion_v_1_5,5844,GenImage_test/stable_diffusion_v_1_5/test/ai/860_sdv5_00009.png
366,stable_diffusion_v_1_5,5845,GenImage_test/stable_diffusion_v_1_5/test/nature/ILSVRC2012_val_00006499.JPEG
366,stable_diffusion_v_1_5,5846,GenImage_test/stable_diffusion_v_1_5/test/ai/952_sdv5_00039.png
366,stable_diffusion_v_1_5,5847,GenImage_test/stable_diffusion_v_1_5/test/ai/549_sdv5_00003.png
366,stable_diffusion_v_1_5,5848,GenImage_test/stable_diffusion_v_1_5/test/nature/ILSVRC2012_val_00037116.JPEG
366,stable_diffusion_v_1_5,5849,GenImage_test/stable_diffusion_v_1_5/test/nature/ILSVRC2012_val_00026276.JPEG
366,stable_diffusion_v_1_5,5850,GenImage_test/stable_diffusion_v_1_5/test/nature/ILSVRC2012_val_00015106.JPEG
366,stable_diffusion_v_1_5,5851,GenImage_test/stable_diffusion_v_1_5/test/nature/ILSVRC2012_val_00040165.JPEG
366,stable_diffusion_v_1_5,5852,GenImage_test/stable_diffusion_v_1_5/test/ai/996_sdv5_00135.png
366,stable_diffusion_v_1_5,5853,GenImage_test/stable_diffusion_v_1_5/test/ai/380_sdv5_00100.png
366,stable_diffusion_v_1_5,5854,GenImage_test/stable_diffusion_v_1_5/test/nature/ILSVRC2012_val_00019360.JPEG
366,stable_diffusion_v_1_5,5855,GenImage_test/stable_diffusion_v_1_5/test/nature/ILSVRC2012_val_00028767.JPEG
366,stable_diffusion_v_1_5,5856,GenImage_test/stable_diffusion_v_1_5/test/nature/ILSVRC2012_val_00033478.JPEG
366,stable_diffusion_v_1_5,5857,GenImage_test/stable_diffusion_v_1_5/test/ai/379_sdv5_00100.png
366,stable_diffusion_v_1_5,5858,GenImage_test/stable_diffusion_v_1_5/test/nature/ILSVRC2012_val_00038195.JPEG
366,stable_diffusion_v_1_5,5859,GenImage_test/stable_diffusion_v_1_5/test/ai/027_sdv5_00027.png
367,stable_diffusion_v_1_5,5860,GenImage_test/stable_diffusion_v_1_5/test/nature/ILSVRC2012_val_00004436.JPEG
367,stable_diffusion_v_1_5,5861,GenImage_test/stable_diffusion_v_1_5/test/ai/224_sdv5_00039.png
367,stable_diffusion_v_1_5,5862,GenImage_test/stable_diffusion_v_1_5/test/nature/ILSVRC2012_val_00042389.JPEG
367,stable_diffusion_v_1_5,5863,GenImage_test/stable_diffusion_v_1_5/test/ai/916_sdv5_00003.png
367,stable_diffusion_v_1_5,5864,GenImage_test/stable_diffusion_v_1_5/test/ai/669_sdv5_00039.png
367,stable_diffusion_v_1_5,5865,GenImage_test/stable_diffusion_v_1_5/test/nature/ILSVRC2012_val_00001414.JPEG
367,stable_diffusion_v_1_5,5866,GenImage_test/stable_diffusion_v_1_5/test/nature/ILSVRC2012_val_00006917.JPEG
367,stable_diffusion_v_1_5,5867,GenImage_test/stable_diffusion_v_1_5/test/ai/718_sdv5_00100.png
367,stable_diffusion_v_1_5,5868,GenImage_test/stable_diffusion_v_1_5/test/nature/ILSVRC2012_val_00006770.JPEG
367,stable_diffusion_v_1_5,5869,GenImage_test/stable_diffusion_v_1_5/test/nature/ILSVRC2012_val_00037053.JPEG
367,stable_diffusion_v_1_5,5870,GenImage_test/stable_diffusion_v_1_5/test/ai/856_sdv5_00027.png
367,stable_diffusion_v_1_5,5871,GenImage_test/stable_diffusion_v_1_5/test/nature/ILSVRC2012_val_00005719.JPEG
367,stable_diffusion_v_1_5,5872,GenImage_test/stable_diffusion_v_1_5/test/ai/328_sdv5_00020.png
367,stable_diffusion_v_1_5,5873,GenImage_test/stable_diffusion_v_1_5/test/nature/ILSVRC2012_val_00007833.JPEG
367,stable_diffusion_v_1_5,5874,GenImage_test/stable_diffusion_v_1_5/test/ai/099_sdv5_00100.png
367,stable_diffusion_v_1_5,5875,GenImage_test/stable_diffusion_v_1_5/test/nature/ILSVRC2012_val_00001931.JPEG
368,stable_diffusion_v_1_5,5876,GenImage_test/stable_diffusion_v_1_5/test/nature/ILSVRC2012_val_00034595.JPEG
368,stable_diffusion_v_1_5,5877,GenImage_test/stable_diffusion_v_1_5/test/ai/166_sdv5_00027.png
368,stable_diffusion_v_1_5,5878,GenImage_test/stable_diffusion_v_1_5/test/nature/ILSVRC2012_val_00030369.JPEG
368,stable_diffusion_v_1_5,5879,GenImage_test/stable_diffusion_v_1_5/test/ai/186_sdv5_00135.png
368,stable_diffusion_v_1_5,5880,GenImage_test/stable_diffusion_v_1_5/test/nature/ILSVRC2012_val_00047520.JPEG
368,stable_diffusion_v_1_5,5881,GenImage_test/stable_diffusion_v_1_5/test/nature/ILSVRC2012_val_00009900.JPEG
368,stable_diffusion_v_1_5,5882,GenImage_test/stable_diffusion_v_1_5/test/nature/ILSVRC2012_val_00024284.JPEG
368,stable_diffusion_v_1_5,5883,GenImage_test/stable_diffusion_v_1_5/test/ai/732_sdv5_00009.png
368,stable_diffusion_v_1_5,5884,GenImage_test/stable_diffusion_v_1_5/test/nature/ILSVRC2012_val_00020115.JPEG
368,stable_diffusion_v_1_5,5885,GenImage_test/stable_diffusion_v_1_5/test/ai/305_sdv5_00195.png
368,stable_diffusion_v_1_5,5886,GenImage_test/stable_diffusion_v_1_5/test/nature/ILSVRC2012_val_00016146.JPEG
368,stable_diffusion_v_1_5,5887,GenImage_test/stable_diffusion_v_1_5/test/ai/766_sdv5_00003.png
368,stable_diffusion_v_1_5,5888,GenImage_test/stable_diffusion_v_1_5/test/nature/ILSVRC2012_val_00034579.JPEG
368,stable_diffusion_v_1_5,5889,GenImage_test/stable_diffusion_v_1_5/test/ai/422_sdv5_00039.png
368,stable_diffusion_v_1_5,5890,GenImage_test/stable_diffusion_v_1_5/test/ai/850_sdv5_00003.png
368,stable_diffusion_v_1_5,5891,GenImage_test/stable_diffusion_v_1_5/test/nature/ILSVRC2012_val_00031370.JPEG
369,stable_diffusion_v_1_5,5892,GenImage_test/stable_diffusion_v_1_5/test/nature/ILSVRC2012_val_00021313.JPEG
369,stable_diffusion_v_1_5,5893,GenImage_test/stable_diffusion_v_1_5/test/ai/331_sdv5_00009.png
369,stable_diffusion_v_1_5,5894,GenImage_test/stable_diffusion_v_1_5/test/ai/584_sdv5_00039.png
369,stable_diffusion_v_1_5,5895,GenImage_test/stable_diffusion_v_1_5/test/ai/443_sdv5_00135.png
369,stable_diffusion_v_1_5,5896,GenImage_test/stable_diffusion_v_1_5/test/ai/502_sdv5_00195.png
369,stable_diffusion_v_1_5,5897,GenImage_test/stable_diffusion_v_1_5/test/ai/728_sdv5_00003.png
369,stable_diffusion_v_1_5,5898,GenImage_test/stable_diffusion_v_1_5/test/ai/250_sdv5_00100.png
369,stable_diffusion_v_1_5,5899,GenImage_test/stable_diffusion_v_1_5/test/nature/ILSVRC2012_val_00031026.JPEG
369,stable_diffusion_v_1_5,5900,GenImage_test/stable_diffusion_v_1_5/test/ai/365_sdv5_00027.png
369,stable_diffusion_v_1_5,5901,GenImage_test/stable_diffusion_v_1_5/test/nature/ILSVRC2012_val_00041825.JPEG
369,stable_diffusion_v_1_5,5902,GenImage_test/stable_diffusion_v_1_5/test/nature/ILSVRC2012_val_00033122.JPEG
369,stable_diffusion_v_1_5,5903,GenImage_test/stable_diffusion_v_1_5/test/nature/ILSVRC2012_val_00037190.JPEG
369,stable_diffusion_v_1_5,5904,GenImage_test/stable_diffusion_v_1_5/test/nature/ILSVRC2012_val_00023075.JPEG
369,stable_diffusion_v_1_5,5905,GenImage_test/stable_diffusion_v_1_5/test/nature/ILSVRC2012_val_00015989.JPEG
369,stable_diffusion_v_1_5,5906,GenImage_test/stable_diffusion_v_1_5/test/nature/ILSVRC2012_val_00014667.JPEG
369,stable_diffusion_v_1_5,5907,GenImage_test/stable_diffusion_v_1_5/test/ai/165_sdv5_00020.png
370,stable_diffusion_v_1_5,5908,GenImage_test/stable_diffusion_v_1_5/test/nature/ILSVRC2012_val_00014611.JPEG
370,stable_diffusion_v_1_5,5909,GenImage_test/stable_diffusion_v_1_5/test/nature/ILSVRC2012_val_00035228.JPEG
370,stable_diffusion_v_1_5,5910,GenImage_test/stable_diffusion_v_1_5/test/nature/ILSVRC2012_val_00007135.JPEG
370,stable_diffusion_v_1_5,5911,GenImage_test/stable_diffusion_v_1_5/test/nature/ILSVRC2012_val_00010173.JPEG
370,stable_diffusion_v_1_5,5912,GenImage_test/stable_diffusion_v_1_5/test/nature/ILSVRC2012_val_00033168.JPEG
370,stable_diffusion_v_1_5,5913,GenImage_test/stable_diffusion_v_1_5/test/nature/ILSVRC2012_val_00027468.JPEG
370,stable_diffusion_v_1_5,5914,GenImage_test/stable_diffusion_v_1_5/test/ai/476_sdv5_00020.png
370,stable_diffusion_v_1_5,5915,GenImage_test/stable_diffusion_v_1_5/test/ai/524_sdv5_00195.png
370,stable_diffusion_v_1_5,5916,GenImage_test/stable_diffusion_v_1_5/test/ai/635_sdv5_00100.png
370,stable_diffusion_v_1_5,5917,GenImage_test/stable_diffusion_v_1_5/test/ai/363_sdv5_00135.png
370,stable_diffusion_v_1_5,5918,GenImage_test/stable_diffusion_v_1_5/test/ai/052_sdv5_00135.png
370,stable_diffusion_v_1_5,5919,GenImage_test/stable_diffusion_v_1_5/test/ai/217_sdv5_00195.png
370,stable_diffusion_v_1_5,5920,GenImage_test/stable_diffusion_v_1_5/test/ai/232_sdv5_00027.png
370,stable_diffusion_v_1_5,5921,GenImage_test/stable_diffusion_v_1_5/test/nature/ILSVRC2012_val_00049745.JPEG
370,stable_diffusion_v_1_5,5922,GenImage_test/stable_diffusion_v_1_5/test/ai/075_sdv5_00135.png
370,stable_diffusion_v_1_5,5923,GenImage_test/stable_diffusion_v_1_5/test/ai/002_sdv5_00195.png
371,stable_diffusion_v_1_5,5924,GenImage_test/stable_diffusion_v_1_5/test/nature/ILSVRC2012_val_00004193.JPEG
371,stable_diffusion_v_1_5,5925,GenImage_test/stable_diffusion_v_1_5/test/ai/931_sdv5_00195.png
371,stable_diffusion_v_1_5,5926,GenImage_test/stable_diffusion_v_1_5/test/ai/314_sdv5_00135.png
371,stable_diffusion_v_1_5,5927,GenImage_test/stable_diffusion_v_1_5/test/nature/ILSVRC2012_val_00044603.JPEG
371,stable_diffusion_v_1_5,5928,GenImage_test/stable_diffusion_v_1_5/test/nature/ILSVRC2012_val_00035490.JPEG
371,stable_diffusion_v_1_5,5929,GenImage_test/stable_diffusion_v_1_5/test/ai/274_sdv5_00027.png
371,stable_diffusion_v_1_5,5930,GenImage_test/stable_diffusion_v_1_5/test/ai/285_sdv5_00009.png
371,stable_diffusion_v_1_5,5931,GenImage_test/stable_diffusion_v_1_5/test/ai/761_sdv5_00020.png
371,stable_diffusion_v_1_5,5932,GenImage_test/stable_diffusion_v_1_5/test/nature/ILSVRC2012_val_00027348.JPEG
371,stable_diffusion_v_1_5,5933,GenImage_test/stable_diffusion_v_1_5/test/ai/594_sdv5_00020.png
371,stable_diffusion_v_1_5,5934,GenImage_test/stable_diffusion_v_1_5/test/nature/ILSVRC2012_val_00024875.JPEG
371,stable_diffusion_v_1_5,5935,GenImage_test/stable_diffusion_v_1_5/test/nature/ILSVRC2012_val_00047783.JPEG
371,stable_diffusion_v_1_5,5936,GenImage_test/stable_diffusion_v_1_5/test/nature/ILSVRC2012_val_00038457.JPEG
371,stable_diffusion_v_1_5,5937,GenImage_test/stable_diffusion_v_1_5/test/nature/ILSVRC2012_val_00014804.JPEG
371,stable_diffusion_v_1_5,5938,GenImage_test/stable_diffusion_v_1_5/test/nature/ILSVRC2012_val_00008931.JPEG
371,stable_diffusion_v_1_5,5939,GenImage_test/stable_diffusion_v_1_5/test/ai/451_sdv5_00195.png
372,stable_diffusion_v_1_5,5940,GenImage_test/stable_diffusion_v_1_5/test/nature/ILSVRC2012_val_00019406.JPEG
372,stable_diffusion_v_1_5,5941,GenImage_test/stable_diffusion_v_1_5/test/ai/338_sdv5_00195.png
372,stable_diffusion_v_1_5,5942,GenImage_test/stable_diffusion_v_1_5/test/ai/974_sdv5_00039.png
372,stable_diffusion_v_1_5,5943,GenImage_test/stable_diffusion_v_1_5/test/nature/ILSVRC2012_val_00031632.JPEG
372,stable_diffusion_v_1_5,5944,GenImage_test/stable_diffusion_v_1_5/test/nature/ILSVRC2012_val_00027564.JPEG
372,stable_diffusion_v_1_5,5945,GenImage_test/stable_diffusion_v_1_5/test/ai/545_sdv5_00100.png
372,stable_diffusion_v_1_5,5946,GenImage_test/stable_diffusion_v_1_5/test/nature/ILSVRC2012_val_00027822.JPEG
372,stable_diffusion_v_1_5,5947,GenImage_test/stable_diffusion_v_1_5/test/ai/086_sdv5_00039.png
372,stable_diffusion_v_1_5,5948,GenImage_test/stable_diffusion_v_1_5/test/ai/383_sdv5_00020.png
372,stable_diffusion_v_1_5,5949,GenImage_test/stable_diffusion_v_1_5/test/nature/ILSVRC2012_val_00042204.JPEG
372,stable_diffusion_v_1_5,5950,GenImage_test/stable_diffusion_v_1_5/test/nature/ILSVRC2012_val_00024688.JPEG
372,stable_diffusion_v_1_5,5951,GenImage_test/stable_diffusion_v_1_5/test/nature/ILSVRC2012_val_00035374.JPEG
372,stable_diffusion_v_1_5,5952,GenImage_test/stable_diffusion_v_1_5/test/ai/688_sdv5_00195.png
372,stable_diffusion_v_1_5,5953,GenImage_test/stable_diffusion_v_1_5/test/ai/698_sdv5_00039.png
372,stable_diffusion_v_1_5,5954,GenImage_test/stable_diffusion_v_1_5/test/ai/414_sdv5_00003.png
372,stable_diffusion_v_1_5,5955,GenImage_test/stable_diffusion_v_1_5/test/ai/182_sdv5_00195.png
373,stable_diffusion_v_1_5,5956,GenImage_test/stable_diffusion_v_1_5/test/ai/975_sdv5_00100.png
373,stable_diffusion_v_1_5,5957,GenImage_test/stable_diffusion_v_1_5/test/ai/936_sdv5_00027.png
373,stable_diffusion_v_1_5,5958,GenImage_test/stable_diffusion_v_1_5/test/ai/201_sdv5_00020.png
373,stable_diffusion_v_1_5,5959,GenImage_test/stable_diffusion_v_1_5/test/ai/168_sdv5_00195.png
373,stable_diffusion_v_1_5,5960,GenImage_test/stable_diffusion_v_1_5/test/ai/934_sdv5_00135.png
373,stable_diffusion_v_1_5,5961,GenImage_test/stable_diffusion_v_1_5/test/ai/454_sdv5_00195.png
373,stable_diffusion_v_1_5,5962,GenImage_test/stable_diffusion_v_1_5/test/nature/ILSVRC2012_val_00036844.JPEG
373,stable_diffusion_v_1_5,5963,GenImage_test/stable_diffusion_v_1_5/test/ai/300_sdv5_00100.png
373,stable_diffusion_v_1_5,5964,GenImage_test/stable_diffusion_v_1_5/test/ai/570_sdv5_00020.png
373,stable_diffusion_v_1_5,5965,GenImage_test/stable_diffusion_v_1_5/test/ai/611_sdv5_00020.png
373,stable_diffusion_v_1_5,5966,GenImage_test/stable_diffusion_v_1_5/test/ai/108_sdv5_00135.png
373,stable_diffusion_v_1_5,5967,GenImage_test/stable_diffusion_v_1_5/test/ai/930_sdv5_00003.png
373,stable_diffusion_v_1_5,5968,GenImage_test/stable_diffusion_v_1_5/test/nature/ILSVRC2012_val_00025263.JPEG
373,stable_diffusion_v_1_5,5969,GenImage_test/stable_diffusion_v_1_5/test/ai/743_sdv5_00039.png
373,stable_diffusion_v_1_5,5970,GenImage_test/stable_diffusion_v_1_5/test/ai/199_sdv5_00195.png
373,stable_diffusion_v_1_5,5971,GenImage_test/stable_diffusion_v_1_5/test/nature/ILSVRC2012_val_00000388.JPEG
374,stable_diffusion_v_1_5,5972,GenImage_test/stable_diffusion_v_1_5/test/ai/938_sdv5_00009.png
374,stable_diffusion_v_1_5,5973,GenImage_test/stable_diffusion_v_1_5/test/nature/ILSVRC2012_val_00014244.JPEG
374,stable_diffusion_v_1_5,5974,GenImage_test/stable_diffusion_v_1_5/test/nature/ILSVRC2012_val_00003457.JPEG
374,stable_diffusion_v_1_5,5975,GenImage_test/stable_diffusion_v_1_5/test/nature/ILSVRC2012_val_00030226.JPEG
374,stable_diffusion_v_1_5,5976,GenImage_test/stable_diffusion_v_1_5/test/nature/ILSVRC2012_val_00013020.JPEG
374,stable_diffusion_v_1_5,5977,GenImage_test/stable_diffusion_v_1_5/test/nature/ILSVRC2012_val_00021635.JPEG
374,stable_diffusion_v_1_5,5978,GenImage_test/stable_diffusion_v_1_5/test/nature/ILSVRC2012_val_00004806.JPEG
374,stable_diffusion_v_1_5,5979,GenImage_test/stable_diffusion_v_1_5/test/nature/ILSVRC2012_val_00006909.JPEG
374,stable_diffusion_v_1_5,5980,GenImage_test/stable_diffusion_v_1_5/test/nature/ILSVRC2012_val_00010529.JPEG
374,stable_diffusion_v_1_5,5981,GenImage_test/stable_diffusion_v_1_5/test/ai/456_sdv5_00195.png
374,stable_diffusion_v_1_5,5982,GenImage_test/stable_diffusion_v_1_5/test/nature/ILSVRC2012_val_00007876.JPEG
374,stable_diffusion_v_1_5,5983,GenImage_test/stable_diffusion_v_1_5/test/nature/ILSVRC2012_val_00025359.JPEG
374,stable_diffusion_v_1_5,5984,GenImage_test/stable_diffusion_v_1_5/test/ai/904_sdv5_00009.png
374,stable_diffusion_v_1_5,5985,GenImage_test/stable_diffusion_v_1_5/test/nature/ILSVRC2012_val_00025630.JPEG
374,stable_diffusion_v_1_5,5986,GenImage_test/stable_diffusion_v_1_5/test/nature/ILSVRC2012_val_00002133.JPEG
374,stable_diffusion_v_1_5,5987,GenImage_test/stable_diffusion_v_1_5/test/nature/ILSVRC2012_val_00019463.JPEG
375,stable_diffusion_v_1_5,5988,GenImage_test/stable_diffusion_v_1_5/test/ai/095_sdv5_00135.png
375,stable_diffusion_v_1_5,5989,GenImage_test/stable_diffusion_v_1_5/test/nature/ILSVRC2012_val_00006242.JPEG
375,stable_diffusion_v_1_5,5990,GenImage_test/stable_diffusion_v_1_5/test/nature/ILSVRC2012_val_00046525.JPEG
375,stable_diffusion_v_1_5,5991,GenImage_test/stable_diffusion_v_1_5/test/ai/966_sdv5_00020.png
375,stable_diffusion_v_1_5,5992,GenImage_test/stable_diffusion_v_1_5/test/ai/498_sdv5_00135.png
375,stable_diffusion_v_1_5,5993,GenImage_test/stable_diffusion_v_1_5/test/ai/809_sdv5_00009.png
375,stable_diffusion_v_1_5,5994,GenImage_test/stable_diffusion_v_1_5/test/ai/477_sdv5_00135.png
375,stable_diffusion_v_1_5,5995,GenImage_test/stable_diffusion_v_1_5/test/nature/ILSVRC2012_val_00043476.JPEG
375,stable_diffusion_v_1_5,5996,GenImage_test/stable_diffusion_v_1_5/test/ai/554_sdv5_00100.png
375,stable_diffusion_v_1_5,5997,GenImage_test/stable_diffusion_v_1_5/test/ai/865_sdv5_00135.png
375,stable_diffusion_v_1_5,5998,GenImage_test/stable_diffusion_v_1_5/test/ai/735_sdv5_00135.png
375,stable_diffusion_v_1_5,5999,GenImage_test/stable_diffusion_v_1_5/test/ai/306_sdv5_00100.png
376,VQDM,6000,GenImage_test/VQDM/test/nature/ILSVRC2012_val_00033505.JPEG
376,VQDM,6001,GenImage_test/VQDM/test/nature/ILSVRC2012_val_00004765.JPEG
376,VQDM,6002,GenImage_test/VQDM/test/nature/ILSVRC2012_val_00009008.JPEG
376,VQDM,6003,GenImage_test/VQDM/test/ai/VQDM_1000_200_04_412_vqdm_00020.png
376,VQDM,6004,GenImage_test/VQDM/test/ai/VQDM_1000_200_00_003_vqdm_00035.png
376,VQDM,6005,GenImage_test/VQDM/test/nature/ILSVRC2012_val_00010691.JPEG
376,VQDM,6006,GenImage_test/VQDM/test/nature/ILSVRC2012_val_00024002.JPEG
376,VQDM,6007,GenImage_test/VQDM/test/ai/VQDM_1000_200_08_866_vqdm_00127.png
376,VQDM,6008,GenImage_test/VQDM/test/ai/VQDM_1000_200_05_563_vqdm_00039.png
376,VQDM,6009,GenImage_test/VQDM/test/nature/ILSVRC2012_val_00002881.JPEG
376,VQDM,6010,GenImage_test/VQDM/test/ai/VQDM_1000_200_03_307_vqdm_00074.png
376,VQDM,6011,GenImage_test/VQDM/test/nature/ILSVRC2012_val_00003310.JPEG
376,VQDM,6012,GenImage_test/VQDM/test/ai/VQDM_1000_200_02_250_vqdm_00143.png
376,VQDM,6013,GenImage_test/VQDM/test/nature/ILSVRC2012_val_00035900.JPEG
376,VQDM,6014,GenImage_test/VQDM/test/nature/ILSVRC2012_val_00027321.JPEG
376,VQDM,6015,GenImage_test/VQDM/test/nature/ILSVRC2012_val_00034730.JPEG
377,VQDM,6016,GenImage_test/VQDM/test/nature/ILSVRC2012_val_00004861.JPEG
377,VQDM,6017,GenImage_test/VQDM/test/ai/VQDM_1000_200_07_780_vqdm_00035.png
377,VQDM,6018,GenImage_test/VQDM/test/ai/VQDM_1000_200_07_711_vqdm_00143.png
377,VQDM,6019,GenImage_test/VQDM/test/ai/VQDM_1000_200_05_540_vqdm_00127.png
377,VQDM,6020,GenImage_test/VQDM/test/ai/VQDM_1000_200_07_758_vqdm_00074.png
377,VQDM,6021,GenImage_test/VQDM/test/ai/VQDM_1000_200_00_062_vqdm_00074.png
377,VQDM,6022,GenImage_test/VQDM/test/nature/ILSVRC2012_val_00004145.JPEG
377,VQDM,6023,GenImage_test/VQDM/test/ai/VQDM_1000_200_01_198_vqdm_00039.png
377,VQDM,6024,GenImage_test/VQDM/test/ai/VQDM_1000_200_01_119_vqdm_00074.png
377,VQDM,6025,GenImage_test/VQDM/test/ai/VQDM_1000_200_08_876_vqdm_00127.png
377,VQDM,6026,GenImage_test/VQDM/test/ai/VQDM_1000_200_02_248_vqdm_00074.png
377,VQDM,6027,GenImage_test/VQDM/test/nature/ILSVRC2012_val_00049646.JPEG
377,VQDM,6028,GenImage_test/VQDM/test/ai/VQDM_1000_200_02_234_vqdm_00039.png
377,VQDM,6029,GenImage_test/VQDM/test/nature/ILSVRC2012_val_00040590.JPEG
377,VQDM,6030,GenImage_test/VQDM/test/nature/ILSVRC2012_val_00020952.JPEG
377,VQDM,6031,GenImage_test/VQDM/test/ai/VQDM_1000_200_06_654_vqdm_00143.png
378,VQDM,6032,GenImage_test/VQDM/test/ai/VQDM_1000_200_01_179_vqdm_00143.png
378,VQDM,6033,GenImage_test/VQDM/test/nature/ILSVRC2012_val_00011886.JPEG
378,VQDM,6034,GenImage_test/VQDM/test/nature/ILSVRC2012_val_00005952.JPEG
378,VQDM,6035,GenImage_test/VQDM/test/ai/VQDM_1000_200_08_867_vqdm_00035.png
378,VQDM,6036,GenImage_test/VQDM/test/ai/VQDM_1000_200_05_549_vqdm_00039.png
378,VQDM,6037,GenImage_test/VQDM/test/nature/ILSVRC2012_val_00000361.JPEG
378,VQDM,6038,GenImage_test/VQDM/test/ai/VQDM_1000_200_09_987_vqdm_00143.png
378,VQDM,6039,GenImage_test/VQDM/test/ai/VQDM_1000_200_06_687_vqdm_00127.png
378,VQDM,6040,GenImage_test/VQDM/test/nature/ILSVRC2012_val_00014311.JPEG
378,VQDM,6041,GenImage_test/VQDM/test/ai/VQDM_1000_200_09_934_vqdm_00035.png
378,VQDM,6042,GenImage_test/VQDM/test/nature/ILSVRC2012_val_00038983.JPEG
378,VQDM,6043,GenImage_test/VQDM/test/ai/VQDM_1000_200_00_083_vqdm_00035.png
378,VQDM,6044,GenImage_test/VQDM/test/nature/ILSVRC2012_val_00016501.JPEG
378,VQDM,6045,GenImage_test/VQDM/test/nature/ILSVRC2012_val_00017897.JPEG
378,VQDM,6046,GenImage_test/VQDM/test/ai/VQDM_1000_200_07_798_vqdm_00039.png
378,VQDM,6047,GenImage_test/VQDM/test/nature/ILSVRC2012_val_00028776.JPEG
379,VQDM,6048,GenImage_test/VQDM/test/ai/VQDM_1000_200_03_346_vqdm_00143.png
379,VQDM,6049,GenImage_test/VQDM/test/ai/VQDM_1000_200_02_268_vqdm_00020.png
379,VQDM,6050,GenImage_test/VQDM/test/nature/ILSVRC2012_val_00046222.JPEG
379,VQDM,6051,GenImage_test/VQDM/test/nature/ILSVRC2012_val_00031636.JPEG
379,VQDM,6052,GenImage_test/VQDM/test/nature/ILSVRC2012_val_00012971.JPEG
379,VQDM,6053,GenImage_test/VQDM/test/nature/ILSVRC2012_val_00031468.JPEG
379,VQDM,6054,GenImage_test/VQDM/test/nature/ILSVRC2012_val_00049075.JPEG
379,VQDM,6055,GenImage_test/VQDM/test/nature/ILSVRC2012_val_00001255.JPEG
379,VQDM,6056,GenImage_test/VQDM/test/nature/ILSVRC2012_val_00037403.JPEG
379,VQDM,6057,GenImage_test/VQDM/test/nature/ILSVRC2012_val_00016085.JPEG
379,VQDM,6058,GenImage_test/VQDM/test/nature/ILSVRC2012_val_00010276.JPEG
379,VQDM,6059,GenImage_test/VQDM/test/nature/ILSVRC2012_val_00046434.JPEG
379,VQDM,6060,GenImage_test/VQDM/test/nature/ILSVRC2012_val_00018082.JPEG
379,VQDM,6061,GenImage_test/VQDM/test/nature/ILSVRC2012_val_00049438.JPEG
379,VQDM,6062,GenImage_test/VQDM/test/ai/VQDM_1000_200_01_148_vqdm_00035.png
379,VQDM,6063,GenImage_test/VQDM/test/ai/VQDM_1000_200_04_457_vqdm_00020.png
380,VQDM,6064,GenImage_test/VQDM/test/ai/VQDM_1000_200_02_294_vqdm_00127.png
380,VQDM,6065,GenImage_test/VQDM/test/nature/ILSVRC2012_val_00039406.JPEG
380,VQDM,6066,GenImage_test/VQDM/test/nature/ILSVRC2012_val_00030580.JPEG
380,VQDM,6067,GenImage_test/VQDM/test/nature/ILSVRC2012_val_00012772.JPEG
380,VQDM,6068,GenImage_test/VQDM/test/nature/ILSVRC2012_val_00049897.JPEG
380,VQDM,6069,GenImage_test/VQDM/test/nature/ILSVRC2012_val_00023806.JPEG
380,VQDM,6070,GenImage_test/VQDM/test/ai/VQDM_1000_200_05_514_vqdm_00143.png
380,VQDM,6071,GenImage_test/VQDM/test/nature/ILSVRC2012_val_00032963.JPEG
380,VQDM,6072,GenImage_test/VQDM/test/nature/ILSVRC2012_val_00024265.JPEG
380,VQDM,6073,GenImage_test/VQDM/test/nature/ILSVRC2012_val_00010827.JPEG
380,VQDM,6074,GenImage_test/VQDM/test/ai/VQDM_1000_200_03_334_vqdm_00020.png
380,VQDM,6075,GenImage_test/VQDM/test/nature/ILSVRC2012_val_00020222.JPEG
380,VQDM,6076,GenImage_test/VQDM/test/ai/VQDM_1000_200_02_233_vqdm_00039.png
380,VQDM,6077,GenImage_test/VQDM/test/nature/ILSVRC2012_val_00033681.JPEG
380,VQDM,6078,GenImage_test/VQDM/test/nature/ILSVRC2012_val_00031449.JPEG
380,VQDM,6079,GenImage_test/VQDM/test/nature/ILSVRC2012_val_00017733.JPEG
381,VQDM,6080,GenImage_test/VQDM/test/ai/VQDM_1000_200_01_169_vqdm_00143.png
381,VQDM,6081,GenImage_test/VQDM/test/nature/ILSVRC2012_val_00000416.JPEG
381,VQDM,6082,GenImage_test/VQDM/test/ai/VQDM_1000_200_07_701_vqdm_00074.png
381,VQDM,6083,GenImage_test/VQDM/test/nature/ILSVRC2012_val_00013901.JPEG
381,VQDM,6084,GenImage_test/VQDM/test/nature/ILSVRC2012_val_00003524.JPEG
381,VQDM,6085,GenImage_test/VQDM/test/nature/ILSVRC2012_val_00033390.JPEG
381,VQDM,6086,GenImage_test/VQDM/test/nature/ILSVRC2012_val_00011106.JPEG
381,VQDM,6087,GenImage_test/VQDM/test/nature/ILSVRC2012_val_00011589.JPEG
381,VQDM,6088,GenImage_test/VQDM/test/nature/ILSVRC2012_val_00018511.JPEG
381,VQDM,6089,GenImage_test/VQDM/test/ai/VQDM_1000_200_00_081_vqdm_00039.png
381,VQDM,6090,GenImage_test/VQDM/test/ai/VQDM_1000_200_09_996_vqdm_00035.png
381,VQDM,6091,GenImage_test/VQDM/test/ai/VQDM_1000_200_08_820_vqdm_00127.png
381,VQDM,6092,GenImage_test/VQDM/test/ai/VQDM_1000_200_08_870_vqdm_00035.png
381,VQDM,6093,GenImage_test/VQDM/test/ai/VQDM_1000_200_08_826_vqdm_00020.png
381,VQDM,6094,GenImage_test/VQDM/test/nature/ILSVRC2012_val_00030530.JPEG
381,VQDM,6095,GenImage_test/VQDM/test/nature/ILSVRC2012_val_00018610.JPEG
382,VQDM,6096,GenImage_test/VQDM/test/nature/ILSVRC2012_val_00005163.JPEG
382,VQDM,6097,GenImage_test/VQDM/test/ai/VQDM_1000_200_07_760_vqdm_00074.png
382,VQDM,6098,GenImage_test/VQDM/test/nature/ILSVRC2012_val_00018846.JPEG
382,VQDM,6099,GenImage_test/VQDM/test/nature/ILSVRC2012_val_00014590.JPEG
382,VQDM,6100,GenImage_test/VQDM/test/nature/ILSVRC2012_val_00044737.JPEG
382,VQDM,6101,GenImage_test/VQDM/test/ai/VQDM_1000_200_02_207_vqdm_00020.png
382,VQDM,6102,GenImage_test/VQDM/test/ai/VQDM_1000_200_05_502_vqdm_00039.png
382,VQDM,6103,GenImage_test/VQDM/test/ai/VQDM_1000_200_03_330_vqdm_00143.png
382,VQDM,6104,GenImage_test/VQDM/test/ai/VQDM_1000_200_01_169_vqdm_00039.png
382,VQDM,6105,GenImage_test/VQDM/test/ai/VQDM_1000_200_04_495_vqdm_00035.png
382,VQDM,6106,GenImage_test/VQDM/test/ai/VQDM_1000_200_00_058_vqdm_00074.png
382,VQDM,6107,GenImage_test/VQDM/test/nature/ILSVRC2012_val_00010359.JPEG
382,VQDM,6108,GenImage_test/VQDM/test/ai/VQDM_1000_200_01_166_vqdm_00074.png
382,VQDM,6109,GenImage_test/VQDM/test/nature/ILSVRC2012_val_00009842.JPEG
382,VQDM,6110,GenImage_test/VQDM/test/ai/VQDM_1000_200_04_421_vqdm_00143.png
382,VQDM,6111,GenImage_test/VQDM/test/nature/ILSVRC2012_val_00001652.JPEG
383,VQDM,6112,GenImage_test/VQDM/test/nature/ILSVRC2012_val_00012841.JPEG
383,VQDM,6113,GenImage_test/VQDM/test/nature/ILSVRC2012_val_00036910.JPEG
383,VQDM,6114,GenImage_test/VQDM/test/nature/ILSVRC2012_val_00011779.JPEG
383,VQDM,6115,GenImage_test/VQDM/test/ai/VQDM_1000_200_00_048_vqdm_00039.png
383,VQDM,6116,GenImage_test/VQDM/test/ai/VQDM_1000_200_07_718_vqdm_00035.png
383,VQDM,6117,GenImage_test/VQDM/test/nature/ILSVRC2012_val_00046742.JPEG
383,VQDM,6118,GenImage_test/VQDM/test/ai/VQDM_1000_200_00_066_vqdm_00035.png
383,VQDM,6119,GenImage_test/VQDM/test/ai/VQDM_1000_200_00_015_vqdm_00127.png
383,VQDM,6120,GenImage_test/VQDM/test/nature/ILSVRC2012_val_00037686.JPEG
383,VQDM,6121,GenImage_test/VQDM/test/nature/ILSVRC2012_val_00034027.JPEG
383,VQDM,6122,GenImage_test/VQDM/test/nature/ILSVRC2012_val_00027024.JPEG
383,VQDM,6123,GenImage_test/VQDM/test/ai/VQDM_1000_200_07_735_vqdm_00127.png
383,VQDM,6124,GenImage_test/VQDM/test/nature/ILSVRC2012_val_00023439.JPEG
383,VQDM,6125,GenImage_test/VQDM/test/nature/ILSVRC2012_val_00018919.JPEG
383,VQDM,6126,GenImage_test/VQDM/test/ai/VQDM_1000_200_05_572_vqdm_00143.png
383,VQDM,6127,GenImage_test/VQDM/test/nature/ILSVRC2012_val_00016805.JPEG
384,VQDM,6128,GenImage_test/VQDM/test/ai/VQDM_1000_200_06_617_vqdm_00035.png
384,VQDM,6129,GenImage_test/VQDM/test/nature/ILSVRC2012_val_00022611.JPEG
384,VQDM,6130,GenImage_test/VQDM/test/ai/VQDM_1000_200_07_798_vqdm_00035.png
384,VQDM,6131,GenImage_test/VQDM/test/nature/ILSVRC2012_val_00019928.JPEG
384,VQDM,6132,GenImage_test/VQDM/test/ai/VQDM_1000_200_02_210_vqdm_00039.png
384,VQDM,6133,GenImage_test/VQDM/test/ai/VQDM_1000_200_06_608_vqdm_00127.png
384,VQDM,6134,GenImage_test/VQDM/test/nature/ILSVRC2012_val_00047472.JPEG
384,VQDM,6135,GenImage_test/VQDM/test/ai/VQDM_1000_200_07_727_vqdm_00020.png
384,VQDM,6136,GenImage_test/VQDM/test/nature/ILSVRC2012_val_00013829.JPEG
384,VQDM,6137,GenImage_test/VQDM/test/nature/ILSVRC2012_val_00031847.JPEG
384,VQDM,6138,GenImage_test/VQDM/test/ai/VQDM_1000_200_03_334_vqdm_00035.png
384,VQDM,6139,GenImage_test/VQDM/test/ai/VQDM_1000_200_08_851_vqdm_00143.png
384,VQDM,6140,GenImage_test/VQDM/test/nature/ILSVRC2012_val_00031514.JPEG
384,VQDM,6141,GenImage_test/VQDM/test/ai/VQDM_1000_200_09_946_vqdm_00020.png
384,VQDM,6142,GenImage_test/VQDM/test/ai/VQDM_1000_200_03_366_vqdm_00039.png
384,VQDM,6143,GenImage_test/VQDM/test/ai/VQDM_1000_200_07_716_vqdm_00020.png
385,VQDM,6144,GenImage_test/VQDM/test/ai/VQDM_1000_200_02_223_vqdm_00020.png
385,VQDM,6145,GenImage_test/VQDM/test/ai/VQDM_1000_200_06_633_vqdm_00074.png
385,VQDM,6146,GenImage_test/VQDM/test/ai/VQDM_1000_200_01_164_vqdm_00074.png
385,VQDM,6147,GenImage_test/VQDM/test/ai/VQDM_1000_200_06_664_vqdm_00020.png
385,VQDM,6148,GenImage_test/VQDM/test/nature/ILSVRC2012_val_00043091.JPEG
385,VQDM,6149,GenImage_test/VQDM/test/nature/ILSVRC2012_val_00029284.JPEG
385,VQDM,6150,GenImage_test/VQDM/test/ai/VQDM_1000_200_02_266_vqdm_00127.png
385,VQDM,6151,GenImage_test/VQDM/test/nature/ILSVRC2012_val_00005126.JPEG
385,VQDM,6152,GenImage_test/VQDM/test/nature/ILSVRC2012_val_00045367.JPEG
385,VQDM,6153,GenImage_test/VQDM/test/nature/ILSVRC2012_val_00012003.JPEG
385,VQDM,6154,GenImage_test/VQDM/test/ai/VQDM_1000_200_05_590_vqdm_00039.png
385,VQDM,6155,GenImage_test/VQDM/test/nature/ILSVRC2012_val_00029765.JPEG
385,VQDM,6156,GenImage_test/VQDM/test/nature/ILSVRC2012_val_00008258.JPEG
385,VQDM,6157,GenImage_test/VQDM/test/nature/ILSVRC2012_val_00045771.JPEG
385,VQDM,6158,GenImage_test/VQDM/test/ai/VQDM_1000_200_04_445_vqdm_00035.png
385,VQDM,6159,GenImage_test/VQDM/test/ai/VQDM_1000_200_05_537_vqdm_00035.png
386,VQDM,6160,GenImage_test/VQDM/test/ai/VQDM_1000_200_00_020_vqdm_00020.png
386,VQDM,6161,GenImage_test/VQDM/test/ai/VQDM_1000_200_03_366_vqdm_00020.png
386,VQDM,6162,GenImage_test/VQDM/test/ai/VQDM_1000_200_09_974_vqdm_00039.png
386,VQDM,6163,GenImage_test/VQDM/test/ai/VQDM_1000_200_08_854_vqdm_00127.png
386,VQDM,6164,GenImage_test/VQDM/test/ai/VQDM_1000_200_00_064_vqdm_00020.png
386,VQDM,6165,GenImage_test/VQDM/test/ai/VQDM_1000_200_07_729_vqdm_00039.png
386,VQDM,6166,GenImage_test/VQDM/test/ai/VQDM_1000_200_03_338_vqdm_00039.png
386,VQDM,6167,GenImage_test/VQDM/test/ai/VQDM_1000_200_07_700_vqdm_00035.png
386,VQDM,6168,GenImage_test/VQDM/test/ai/VQDM_1000_200_07_790_vqdm_00143.png
386,VQDM,6169,GenImage_test/VQDM/test/ai/VQDM_1000_200_06_619_vqdm_00035.png
386,VQDM,6170,GenImage_test/VQDM/test/ai/VQDM_1000_200_03_368_vqdm_00143.png
386,VQDM,6171,GenImage_test/VQDM/test/ai/VQDM_1000_200_09_912_vqdm_00020.png
386,VQDM,6172,GenImage_test/VQDM/test/ai/VQDM_1000_200_05_587_vqdm_00035.png
386,VQDM,6173,GenImage_test/VQDM/test/nature/ILSVRC2012_val_00027918.JPEG
386,VQDM,6174,GenImage_test/VQDM/test/ai/VQDM_1000_200_07_774_vqdm_00035.png
386,VQDM,6175,GenImage_test/VQDM/test/ai/VQDM_1000_200_05_531_vqdm_00035.png
387,VQDM,6176,GenImage_test/VQDM/test/ai/VQDM_1000_200_00_002_vqdm_00035.png
387,VQDM,6177,GenImage_test/VQDM/test/nature/ILSVRC2012_val_00032759.JPEG
387,VQDM,6178,GenImage_test/VQDM/test/nature/ILSVRC2012_val_00019818.JPEG
387,VQDM,6179,GenImage_test/VQDM/test/ai/VQDM_1000_200_06_630_vqdm_00074.png
387,VQDM,6180,GenImage_test/VQDM/test/ai/VQDM_1000_200_03_337_vqdm_00074.png
387,VQDM,6181,GenImage_test/VQDM/test/nature/ILSVRC2012_val_00017661.JPEG
387,VQDM,6182,GenImage_test/VQDM/test/nature/ILSVRC2012_val_00022344.JPEG
387,VQDM,6183,GenImage_test/VQDM/test/ai/VQDM_1000_200_06_604_vqdm_00127.png
387,VQDM,6184,GenImage_test/VQDM/test/nature/ILSVRC2012_val_00035388.JPEG
387,VQDM,6185,GenImage_test/VQDM/test/ai/VQDM_1000_200_01_163_vqdm_00039.png
387,VQDM,6186,GenImage_test/VQDM/test/ai/VQDM_1000_200_03_331_vqdm_00039.png
387,VQDM,6187,GenImage_test/VQDM/test/nature/ILSVRC2012_val_00006517.JPEG
387,VQDM,6188,GenImage_test/VQDM/test/nature/ILSVRC2012_val_00030140.JPEG
387,VQDM,6189,GenImage_test/VQDM/test/ai/VQDM_1000_200_05_594_vqdm_00020.png
387,VQDM,6190,GenImage_test/VQDM/test/nature/ILSVRC2012_val_00030264.JPEG
387,VQDM,6191,GenImage_test/VQDM/test/ai/VQDM_1000_200_02_290_vqdm_00127.png
388,VQDM,6192,GenImage_test/VQDM/test/ai/VQDM_1000_200_09_992_vqdm_00127.png
388,VQDM,6193,GenImage_test/VQDM/test/ai/VQDM_1000_200_01_139_vqdm_00143.png
388,VQDM,6194,GenImage_test/VQDM/test/ai/VQDM_1000_200_04_455_vqdm_00035.png
388,VQDM,6195,GenImage_test/VQDM/test/nature/ILSVRC2012_val_00046421.JPEG
388,VQDM,6196,GenImage_test/VQDM/test/ai/VQDM_1000_200_01_149_vqdm_00020.png
388,VQDM,6197,GenImage_test/VQDM/test/nature/ILSVRC2012_val_00048610.JPEG
388,VQDM,6198,GenImage_test/VQDM/test/ai/VQDM_1000_200_03_365_vqdm_00074.png
388,VQDM,6199,GenImage_test/VQDM/test/ai/VQDM_1000_200_07_774_vqdm_00020.png
388,VQDM,6200,GenImage_test/VQDM/test/ai/VQDM_1000_200_06_606_vqdm_00143.png
388,VQDM,6201,GenImage_test/VQDM/test/nature/ILSVRC2012_val_00037524.JPEG
388,VQDM,6202,GenImage_test/VQDM/test/ai/VQDM_1000_200_01_106_vqdm_00127.png
388,VQDM,6203,GenImage_test/VQDM/test/nature/ILSVRC2012_val_00031111.JPEG
388,VQDM,6204,GenImage_test/VQDM/test/nature/ILSVRC2012_val_00029258.JPEG
388,VQDM,6205,GenImage_test/VQDM/test/nature/ILSVRC2012_val_00035511.JPEG
388,VQDM,6206,GenImage_test/VQDM/test/nature/ILSVRC2012_val_00009049.JPEG
388,VQDM,6207,GenImage_test/VQDM/test/ai/VQDM_1000_200_04_493_vqdm_00143.png
389,VQDM,6208,GenImage_test/VQDM/test/nature/ILSVRC2012_val_00044157.JPEG
389,VQDM,6209,GenImage_test/VQDM/test/nature/ILSVRC2012_val_00044894.JPEG
389,VQDM,6210,GenImage_test/VQDM/test/nature/ILSVRC2012_val_00026758.JPEG
389,VQDM,6211,GenImage_test/VQDM/test/nature/ILSVRC2012_val_00034603.JPEG
389,VQDM,6212,GenImage_test/VQDM/test/nature/ILSVRC2012_val_00019899.JPEG
389,VQDM,6213,GenImage_test/VQDM/test/nature/ILSVRC2012_val_00045700.JPEG
389,VQDM,6214,GenImage_test/VQDM/test/ai/VQDM_1000_200_07_758_vqdm_00039.png
389,VQDM,6215,GenImage_test/VQDM/test/ai/VQDM_1000_200_05_521_vqdm_00074.png
389,VQDM,6216,GenImage_test/VQDM/test/nature/ILSVRC2012_val_00015706.JPEG
389,VQDM,6217,GenImage_test/VQDM/test/ai/VQDM_1000_200_05_599_vqdm_00143.png
389,VQDM,6218,GenImage_test/VQDM/test/ai/VQDM_1000_200_06_627_vqdm_00074.png
389,VQDM,6219,GenImage_test/VQDM/test/nature/ILSVRC2012_val_00005260.JPEG
389,VQDM,6220,GenImage_test/VQDM/test/nature/ILSVRC2012_val_00004376.JPEG
389,VQDM,6221,GenImage_test/VQDM/test/ai/VQDM_1000_200_03_303_vqdm_00074.png
389,VQDM,6222,GenImage_test/VQDM/test/ai/VQDM_1000_200_06_684_vqdm_00127.png
389,VQDM,6223,GenImage_test/VQDM/test/ai/VQDM_1000_200_01_152_vqdm_00074.png
390,VQDM,6224,GenImage_test/VQDM/test/nature/ILSVRC2012_val_00036094.JPEG
390,VQDM,6225,GenImage_test/VQDM/test/nature/ILSVRC2012_val_00024250.JPEG
390,VQDM,6226,GenImage_test/VQDM/test/nature/ILSVRC2012_val_00000990.JPEG
390,VQDM,6227,GenImage_test/VQDM/test/nature/ILSVRC2012_val_00023366.JPEG
390,VQDM,6228,GenImage_test/VQDM/test/nature/ILSVRC2012_val_00038857.JPEG
390,VQDM,6229,GenImage_test/VQDM/test/nature/ILSVRC2012_val_00040955.JPEG
390,VQDM,6230,GenImage_test/VQDM/test/nature/ILSVRC2012_val_00003530.JPEG
390,VQDM,6231,GenImage_test/VQDM/test/nature/ILSVRC2012_val_00014697.JPEG
390,VQDM,6232,GenImage_test/VQDM/test/nature/ILSVRC2012_val_00039543.JPEG
390,VQDM,6233,GenImage_test/VQDM/test/ai/VQDM_1000_200_08_825_vqdm_00143.png
390,VQDM,6234,GenImage_test/VQDM/test/nature/ILSVRC2012_val_00005697.JPEG
390,VQDM,6235,GenImage_test/VQDM/test/nature/ILSVRC2012_val_00015040.JPEG
390,VQDM,6236,GenImage_test/VQDM/test/nature/ILSVRC2012_val_00041361.JPEG
390,VQDM,6237,GenImage_test/VQDM/test/nature/ILSVRC2012_val_00044682.JPEG
390,VQDM,6238,GenImage_test/VQDM/test/nature/ILSVRC2012_val_00001034.JPEG
390,VQDM,6239,GenImage_test/VQDM/test/ai/VQDM_1000_200_04_476_vqdm_00039.png
391,VQDM,6240,GenImage_test/VQDM/test/ai/VQDM_1000_200_04_458_vqdm_00039.png
391,VQDM,6241,GenImage_test/VQDM/test/nature/ILSVRC2012_val_00037414.JPEG
391,VQDM,6242,GenImage_test/VQDM/test/ai/VQDM_1000_200_04_404_vqdm_00039.png
391,VQDM,6243,GenImage_test/VQDM/test/ai/VQDM_1000_200_04_492_vqdm_00074.png
391,VQDM,6244,GenImage_test/VQDM/test/nature/ILSVRC2012_val_00003705.JPEG
391,VQDM,6245,GenImage_test/VQDM/test/nature/ILSVRC2012_val_00031248.JPEG
391,VQDM,6246,GenImage_test/VQDM/test/ai/VQDM_1000_200_09_952_vqdm_00127.png
391,VQDM,6247,GenImage_test/VQDM/test/ai/VQDM_1000_200_08_878_vqdm_00127.png
391,VQDM,6248,GenImage_test/VQDM/test/ai/VQDM_1000_200_03_358_vqdm_00143.png
391,VQDM,6249,GenImage_test/VQDM/test/nature/ILSVRC2012_val_00032290.JPEG
391,VQDM,6250,GenImage_test/VQDM/test/ai/VQDM_1000_200_08_807_vqdm_00020.png
391,VQDM,6251,GenImage_test/VQDM/test/nature/ILSVRC2012_val_00049519.JPEG
391,VQDM,6252,GenImage_test/VQDM/test/nature/ILSVRC2012_val_00011324.JPEG
391,VQDM,6253,GenImage_test/VQDM/test/ai/VQDM_1000_200_02_227_vqdm_00035.png
391,VQDM,6254,GenImage_test/VQDM/test/ai/VQDM_1000_200_04_410_vqdm_00143.png
391,VQDM,6255,GenImage_test/VQDM/test/nature/ILSVRC2012_val_00017037.JPEG
392,VQDM,6256,GenImage_test/VQDM/test/ai/VQDM_1000_200_06_686_vqdm_00127.png
392,VQDM,6257,GenImage_test/VQDM/test/ai/VQDM_1000_200_01_121_vqdm_00143.png
392,VQDM,6258,GenImage_test/VQDM/test/nature/ILSVRC2012_val_00041718.JPEG
392,VQDM,6259,GenImage_test/VQDM/test/nature/ILSVRC2012_val_00030670.JPEG
392,VQDM,6260,GenImage_test/VQDM/test/ai/VQDM_1000_200_07_757_vqdm_00127.png
392,VQDM,6261,GenImage_test/VQDM/test/ai/VQDM_1000_200_04_445_vqdm_00143.png
392,VQDM,6262,GenImage_test/VQDM/test/ai/VQDM_1000_200_09_967_vqdm_00127.png
392,VQDM,6263,GenImage_test/VQDM/test/ai/VQDM_1000_200_08_864_vqdm_00039.png
392,VQDM,6264,GenImage_test/VQDM/test/ai/VQDM_1000_200_02_266_vqdm_00035.png
392,VQDM,6265,GenImage_test/VQDM/test/nature/ILSVRC2012_val_00045170.JPEG
392,VQDM,6266,GenImage_test/VQDM/test/nature/ILSVRC2012_val_00022317.JPEG
392,VQDM,6267,GenImage_test/VQDM/test/ai/VQDM_1000_200_04_477_vqdm_00020.png
392,VQDM,6268,GenImage_test/VQDM/test/nature/ILSVRC2012_val_00019991.JPEG
392,VQDM,6269,GenImage_test/VQDM/test/ai/VQDM_1000_200_09_956_vqdm_00127.png
392,VQDM,6270,GenImage_test/VQDM/test/nature/ILSVRC2012_val_00027916.JPEG
392,VQDM,6271,GenImage_test/VQDM/test/nature/ILSVRC2012_val_00014031.JPEG
393,VQDM,6272,GenImage_test/VQDM/test/ai/VQDM_1000_200_05_572_vqdm_00020.png
393,VQDM,6273,GenImage_test/VQDM/test/nature/ILSVRC2012_val_00014226.JPEG
393,VQDM,6274,GenImage_test/VQDM/test/ai/VQDM_1000_200_06_684_vqdm_00035.png
393,VQDM,6275,GenImage_test/VQDM/test/ai/VQDM_1000_200_06_617_vqdm_00074.png
393,VQDM,6276,GenImage_test/VQDM/test/nature/ILSVRC2012_val_00010127.JPEG
393,VQDM,6277,GenImage_test/VQDM/test/nature/ILSVRC2012_val_00007873.JPEG
393,VQDM,6278,GenImage_test/VQDM/test/nature/ILSVRC2012_val_00037177.JPEG
393,VQDM,6279,GenImage_test/VQDM/test/ai/VQDM_1000_200_03_325_vqdm_00020.png
393,VQDM,6280,GenImage_test/VQDM/test/nature/ILSVRC2012_val_00036669.JPEG
393,VQDM,6281,GenImage_test/VQDM/test/ai/VQDM_1000_200_05_510_vqdm_00074.png
393,VQDM,6282,GenImage_test/VQDM/test/ai/VQDM_1000_200_02_209_vqdm_00143.png
393,VQDM,6283,GenImage_test/VQDM/test/ai/VQDM_1000_200_00_000_vqdm_00020.png
393,VQDM,6284,GenImage_test/VQDM/test/ai/VQDM_1000_200_08_813_vqdm_00020.png
393,VQDM,6285,GenImage_test/VQDM/test/ai/VQDM_1000_200_05_517_vqdm_00143.png
393,VQDM,6286,GenImage_test/VQDM/test/nature/ILSVRC2012_val_00036308.JPEG
393,VQDM,6287,GenImage_test/VQDM/test/ai/VQDM_1000_200_08_804_vqdm_00143.png
394,VQDM,6288,GenImage_test/VQDM/test/ai/VQDM_1000_200_02_238_vqdm_00074.png
394,VQDM,6289,GenImage_test/VQDM/test/ai/VQDM_1000_200_06_672_vqdm_00020.png
394,VQDM,6290,GenImage_test/VQDM/test/nature/ILSVRC2012_val_00019665.JPEG
394,VQDM,6291,GenImage_test/VQDM/test/ai/VQDM_1000_200_09_975_vqdm_00039.png
394,VQDM,6292,GenImage_test/VQDM/test/nature/ILSVRC2012_val_00043733.JPEG
394,VQDM,6293,GenImage_test/VQDM/test/nature/ILSVRC2012_val_00026651.JPEG
394,VQDM,6294,GenImage_test/VQDM/test/ai/VQDM_1000_200_07_746_vqdm_00020.png
394,VQDM,6295,GenImage_test/VQDM/test/ai/VQDM_1000_200_09_989_vqdm_00020.png
394,VQDM,6296,GenImage_test/VQDM/test/ai/VQDM_1000_200_02_212_vqdm_00074.png
394,VQDM,6297,GenImage_test/VQDM/test/nature/ILSVRC2012_val_00026838.JPEG
394,VQDM,6298,GenImage_test/VQDM/test/ai/VQDM_1000_200_08_855_vqdm_00039.png
394,VQDM,6299,GenImage_test/VQDM/test/ai/VQDM_1000_200_06_693_vqdm_00143.png
394,VQDM,6300,GenImage_test/VQDM/test/ai/VQDM_1000_200_03_365_vqdm_00127.png
394,VQDM,6301,GenImage_test/VQDM/test/ai/VQDM_1000_200_06_607_vqdm_00035.png
394,VQDM,6302,GenImage_test/VQDM/test/nature/ILSVRC2012_val_00007914.JPEG
394,VQDM,6303,GenImage_test/VQDM/test/nature/ILSVRC2012_val_00040117.JPEG
395,VQDM,6304,GenImage_test/VQDM/test/nature/ILSVRC2012_val_00032772.JPEG
395,VQDM,6305,GenImage_test/VQDM/test/nature/ILSVRC2012_val_00013680.JPEG
395,VQDM,6306,GenImage_test/VQDM/test/nature/ILSVRC2012_val_00015391.JPEG
395,VQDM,6307,GenImage_test/VQDM/test/nature/ILSVRC2012_val_00015437.JPEG
395,VQDM,6308,GenImage_test/VQDM/test/ai/VQDM_1000_200_00_069_vqdm_00035.png
395,VQDM,6309,GenImage_test/VQDM/test/nature/ILSVRC2012_val_00036107.JPEG
395,VQDM,6310,GenImage_test/VQDM/test/ai/VQDM_1000_200_00_074_vqdm_00035.png
395,VQDM,6311,GenImage_test/VQDM/test/nature/ILSVRC2012_val_00027099.JPEG
395,VQDM,6312,GenImage_test/VQDM/test/ai/VQDM_1000_200_03_319_vqdm_00035.png
395,VQDM,6313,GenImage_test/VQDM/test/nature/ILSVRC2012_val_00018329.JPEG
395,VQDM,6314,GenImage_test/VQDM/test/nature/ILSVRC2012_val_00003691.JPEG
395,VQDM,6315,GenImage_test/VQDM/test/nature/ILSVRC2012_val_00029363.JPEG
395,VQDM,6316,GenImage_test/VQDM/test/nature/ILSVRC2012_val_00005042.JPEG
395,VQDM,6317,GenImage_test/VQDM/test/nature/ILSVRC2012_val_00006988.JPEG
395,VQDM,6318,GenImage_test/VQDM/test/nature/ILSVRC2012_val_00004095.JPEG
395,VQDM,6319,GenImage_test/VQDM/test/ai/VQDM_1000_200_07_739_vqdm_00039.png
396,VQDM,6320,GenImage_test/VQDM/test/nature/ILSVRC2012_val_00001612.JPEG
396,VQDM,6321,GenImage_test/VQDM/test/nature/ILSVRC2012_val_00033829.JPEG
396,VQDM,6322,GenImage_test/VQDM/test/nature/ILSVRC2012_val_00008960.JPEG
396,VQDM,6323,GenImage_test/VQDM/test/nature/ILSVRC2012_val_00043025.JPEG
396,VQDM,6324,GenImage_test/VQDM/test/ai/VQDM_1000_200_00_091_vqdm_00035.png
396,VQDM,6325,GenImage_test/VQDM/test/ai/VQDM_1000_200_03_329_vqdm_00074.png
396,VQDM,6326,GenImage_test/VQDM/test/ai/VQDM_1000_200_01_161_vqdm_00020.png
396,VQDM,6327,GenImage_test/VQDM/test/ai/VQDM_1000_200_07_775_vqdm_00074.png
396,VQDM,6328,GenImage_test/VQDM/test/ai/VQDM_1000_200_07_761_vqdm_00127.png
396,VQDM,6329,GenImage_test/VQDM/test/nature/ILSVRC2012_val_00034134.JPEG
396,VQDM,6330,GenImage_test/VQDM/test/ai/VQDM_1000_200_02_260_vqdm_00020.png
396,VQDM,6331,GenImage_test/VQDM/test/ai/VQDM_1000_200_05_504_vqdm_00074.png
396,VQDM,6332,GenImage_test/VQDM/test/ai/VQDM_1000_200_08_880_vqdm_00039.png
396,VQDM,6333,GenImage_test/VQDM/test/nature/ILSVRC2012_val_00048285.JPEG
396,VQDM,6334,GenImage_test/VQDM/test/ai/VQDM_1000_200_01_160_vqdm_00127.png
396,VQDM,6335,GenImage_test/VQDM/test/ai/VQDM_1000_200_01_167_vqdm_00074.png
397,VQDM,6336,GenImage_test/VQDM/test/nature/ILSVRC2012_val_00033631.JPEG
397,VQDM,6337,GenImage_test/VQDM/test/ai/VQDM_1000_200_00_007_vqdm_00127.png
397,VQDM,6338,GenImage_test/VQDM/test/nature/ILSVRC2012_val_00032561.JPEG
397,VQDM,6339,GenImage_test/VQDM/test/nature/ILSVRC2012_val_00022032.JPEG
397,VQDM,6340,GenImage_test/VQDM/test/ai/VQDM_1000_200_07_772_vqdm_00035.png
397,VQDM,6341,GenImage_test/VQDM/test/nature/ILSVRC2012_val_00049706.JPEG
397,VQDM,6342,GenImage_test/VQDM/test/nature/ILSVRC2012_val_00045122.JPEG
397,VQDM,6343,GenImage_test/VQDM/test/ai/VQDM_1000_200_07_793_vqdm_00143.png
397,VQDM,6344,GenImage_test/VQDM/test/ai/VQDM_1000_200_05_504_vqdm_00039.png
397,VQDM,6345,GenImage_test/VQDM/test/ai/VQDM_1000_200_02_286_vqdm_00127.png
397,VQDM,6346,GenImage_test/VQDM/test/ai/VQDM_1000_200_06_676_vqdm_00039.png
397,VQDM,6347,GenImage_test/VQDM/test/ai/VQDM_1000_200_05_581_vqdm_00020.png
397,VQDM,6348,GenImage_test/VQDM/test/ai/VQDM_1000_200_04_499_vqdm_00039.png
397,VQDM,6349,GenImage_test/VQDM/test/ai/VQDM_1000_200_05_545_vqdm_00074.png
397,VQDM,6350,GenImage_test/VQDM/test/ai/VQDM_1000_200_04_491_vqdm_00143.png
397,VQDM,6351,GenImage_test/VQDM/test/nature/ILSVRC2012_val_00015257.JPEG
398,VQDM,6352,GenImage_test/VQDM/test/ai/VQDM_1000_200_04_472_vqdm_00039.png
398,VQDM,6353,GenImage_test/VQDM/test/ai/VQDM_1000_200_07_776_vqdm_00035.png
398,VQDM,6354,GenImage_test/VQDM/test/ai/VQDM_1000_200_05_502_vqdm_00074.png
398,VQDM,6355,GenImage_test/VQDM/test/nature/ILSVRC2012_val_00027333.JPEG
398,VQDM,6356,GenImage_test/VQDM/test/ai/VQDM_1000_200_05_591_vqdm_00020.png
398,VQDM,6357,GenImage_test/VQDM/test/nature/ILSVRC2012_val_00040242.JPEG
398,VQDM,6358,GenImage_test/VQDM/test/nature/ILSVRC2012_val_00037340.JPEG
398,VQDM,6359,GenImage_test/VQDM/test/ai/VQDM_1000_200_01_188_vqdm_00020.png
398,VQDM,6360,GenImage_test/VQDM/test/ai/VQDM_1000_200_02_206_vqdm_00074.png
398,VQDM,6361,GenImage_test/VQDM/test/nature/ILSVRC2012_val_00017101.JPEG
398,VQDM,6362,GenImage_test/VQDM/test/ai/VQDM_1000_200_00_077_vqdm_00039.png
398,VQDM,6363,GenImage_test/VQDM/test/nature/ILSVRC2012_val_00037969.JPEG
398,VQDM,6364,GenImage_test/VQDM/test/nature/ILSVRC2012_val_00042956.JPEG
398,VQDM,6365,GenImage_test/VQDM/test/nature/ILSVRC2012_val_00016462.JPEG
398,VQDM,6366,GenImage_test/VQDM/test/nature/ILSVRC2012_val_00038626.JPEG
398,VQDM,6367,GenImage_test/VQDM/test/ai/VQDM_1000_200_01_139_vqdm_00074.png
399,VQDM,6368,GenImage_test/VQDM/test/ai/VQDM_1000_200_00_086_vqdm_00035.png
399,VQDM,6369,GenImage_test/VQDM/test/nature/ILSVRC2012_val_00020603.JPEG
399,VQDM,6370,GenImage_test/VQDM/test/nature/ILSVRC2012_val_00005942.JPEG
399,VQDM,6371,GenImage_test/VQDM/test/nature/ILSVRC2012_val_00005909.JPEG
399,VQDM,6372,GenImage_test/VQDM/test/nature/ILSVRC2012_val_00023107.JPEG
399,VQDM,6373,GenImage_test/VQDM/test/nature/ILSVRC2012_val_00040135.JPEG
399,VQDM,6374,GenImage_test/VQDM/test/ai/VQDM_1000_200_08_896_vqdm_00143.png
399,VQDM,6375,GenImage_test/VQDM/test/nature/ILSVRC2012_val_00013736.JPEG
399,VQDM,6376,GenImage_test/VQDM/test/nature/ILSVRC2012_val_00040888.JPEG
399,VQDM,6377,GenImage_test/VQDM/test/nature/ILSVRC2012_val_00013729.JPEG
399,VQDM,6378,GenImage_test/VQDM/test/ai/VQDM_1000_200_07_777_vqdm_00074.png
399,VQDM,6379,GenImage_test/VQDM/test/nature/ILSVRC2012_val_00018979.JPEG
399,VQDM,6380,GenImage_test/VQDM/test/nature/ILSVRC2012_val_00049121.JPEG
399,VQDM,6381,GenImage_test/VQDM/test/ai/VQDM_1000_200_09_913_vqdm_00039.png
399,VQDM,6382,GenImage_test/VQDM/test/nature/ILSVRC2012_val_00022400.JPEG
399,VQDM,6383,GenImage_test/VQDM/test/ai/VQDM_1000_200_05_540_vqdm_00035.png
400,VQDM,6384,GenImage_test/VQDM/test/ai/VQDM_1000_200_02_201_vqdm_00074.png
400,VQDM,6385,GenImage_test/VQDM/test/ai/VQDM_1000_200_01_181_vqdm_00074.png
400,VQDM,6386,GenImage_test/VQDM/test/nature/ILSVRC2012_val_00000841.JPEG
400,VQDM,6387,GenImage_test/VQDM/test/ai/VQDM_1000_200_01_172_vqdm_00074.png
400,VQDM,6388,GenImage_test/VQDM/test/ai/VQDM_1000_200_03_374_vqdm_00039.png
400,VQDM,6389,GenImage_test/VQDM/test/nature/ILSVRC2012_val_00011802.JPEG
400,VQDM,6390,GenImage_test/VQDM/test/nature/ILSVRC2012_val_00030433.JPEG
400,VQDM,6391,GenImage_test/VQDM/test/ai/VQDM_1000_200_06_613_vqdm_00074.png
400,VQDM,6392,GenImage_test/VQDM/test/ai/VQDM_1000_200_02_206_vqdm_00035.png
400,VQDM,6393,GenImage_test/VQDM/test/nature/ILSVRC2012_val_00003565.JPEG
400,VQDM,6394,GenImage_test/VQDM/test/ai/VQDM_1000_200_08_810_vqdm_00127.png
400,VQDM,6395,GenImage_test/VQDM/test/ai/VQDM_1000_200_08_802_vqdm_00039.png
400,VQDM,6396,GenImage_test/VQDM/test/nature/ILSVRC2012_val_00048679.JPEG
400,VQDM,6397,GenImage_test/VQDM/test/nature/ILSVRC2012_val_00018179.JPEG
400,VQDM,6398,GenImage_test/VQDM/test/nature/ILSVRC2012_val_00041638.JPEG
400,VQDM,6399,GenImage_test/VQDM/test/nature/ILSVRC2012_val_00036054.JPEG
401,VQDM,6400,GenImage_test/VQDM/test/nature/ILSVRC2012_val_00012906.JPEG
401,VQDM,6401,GenImage_test/VQDM/test/ai/VQDM_1000_200_08_894_vqdm_00020.png
401,VQDM,6402,GenImage_test/VQDM/test/ai/VQDM_1000_200_07_784_vqdm_00127.png
401,VQDM,6403,GenImage_test/VQDM/test/ai/VQDM_1000_200_03_381_vqdm_00020.png
401,VQDM,6404,GenImage_test/VQDM/test/nature/ILSVRC2012_val_00042677.JPEG
401,VQDM,6405,GenImage_test/VQDM/test/nature/ILSVRC2012_val_00021397.JPEG
401,VQDM,6406,GenImage_test/VQDM/test/nature/ILSVRC2012_val_00027913.JPEG
401,VQDM,6407,GenImage_test/VQDM/test/nature/ILSVRC2012_val_00048326.JPEG
401,VQDM,6408,GenImage_test/VQDM/test/nature/ILSVRC2012_val_00018955.JPEG
401,VQDM,6409,GenImage_test/VQDM/test/nature/ILSVRC2012_val_00025367.JPEG
401,VQDM,6410,GenImage_test/VQDM/test/ai/VQDM_1000_200_07_741_vqdm_00143.png
401,VQDM,6411,GenImage_test/VQDM/test/nature/ILSVRC2012_val_00036516.JPEG
401,VQDM,6412,GenImage_test/VQDM/test/nature/ILSVRC2012_val_00014379.JPEG
401,VQDM,6413,GenImage_test/VQDM/test/nature/ILSVRC2012_val_00017778.JPEG
401,VQDM,6414,GenImage_test/VQDM/test/nature/ILSVRC2012_val_00000219.JPEG
401,VQDM,6415,GenImage_test/VQDM/test/nature/ILSVRC2012_val_00030716.JPEG
402,VQDM,6416,GenImage_test/VQDM/test/nature/ILSVRC2012_val_00002119.JPEG
402,VQDM,6417,GenImage_test/VQDM/test/ai/VQDM_1000_200_02_270_vqdm_00039.png
402,VQDM,6418,GenImage_test/VQDM/test/nature/ILSVRC2012_val_00024651.JPEG
402,VQDM,6419,GenImage_test/VQDM/test/nature/ILSVRC2012_val_00009773.JPEG
402,VQDM,6420,GenImage_test/VQDM/test/ai/VQDM_1000_200_07_711_vqdm_00127.png
402,VQDM,6421,GenImage_test/VQDM/test/ai/VQDM_1000_200_04_431_vqdm_00127.png
402,VQDM,6422,GenImage_test/VQDM/test/ai/VQDM_1000_200_08_833_vqdm_00074.png
402,VQDM,6423,GenImage_test/VQDM/test/nature/ILSVRC2012_val_00022328.JPEG
402,VQDM,6424,GenImage_test/VQDM/test/nature/ILSVRC2012_val_00028226.JPEG
402,VQDM,6425,GenImage_test/VQDM/test/ai/VQDM_1000_200_06_672_vqdm_00143.png
402,VQDM,6426,GenImage_test/VQDM/test/nature/ILSVRC2012_val_00012835.JPEG
402,VQDM,6427,GenImage_test/VQDM/test/nature/ILSVRC2012_val_00023468.JPEG
402,VQDM,6428,GenImage_test/VQDM/test/nature/ILSVRC2012_val_00039545.JPEG
402,VQDM,6429,GenImage_test/VQDM/test/nature/ILSVRC2012_val_00015483.JPEG
402,VQDM,6430,GenImage_test/VQDM/test/nature/ILSVRC2012_val_00048638.JPEG
402,VQDM,6431,GenImage_test/VQDM/test/nature/ILSVRC2012_val_00007418.JPEG
403,VQDM,6432,GenImage_test/VQDM/test/nature/ILSVRC2012_val_00017712.JPEG
403,VQDM,6433,GenImage_test/VQDM/test/ai/VQDM_1000_200_04_456_vqdm_00035.png
403,VQDM,6434,GenImage_test/VQDM/test/nature/ILSVRC2012_val_00014137.JPEG
403,VQDM,6435,GenImage_test/VQDM/test/nature/ILSVRC2012_val_00003786.JPEG
403,VQDM,6436,GenImage_test/VQDM/test/nature/ILSVRC2012_val_00000237.JPEG
403,VQDM,6437,GenImage_test/VQDM/test/ai/VQDM_1000_200_08_835_vqdm_00127.png
403,VQDM,6438,GenImage_test/VQDM/test/nature/ILSVRC2012_val_00042737.JPEG
403,VQDM,6439,GenImage_test/VQDM/test/ai/VQDM_1000_200_02_273_vqdm_00035.png
403,VQDM,6440,GenImage_test/VQDM/test/ai/VQDM_1000_200_07_770_vqdm_00143.png
403,VQDM,6441,GenImage_test/VQDM/test/ai/VQDM_1000_200_07_712_vqdm_00143.png
403,VQDM,6442,GenImage_test/VQDM/test/ai/VQDM_1000_200_04_472_vqdm_00020.png
403,VQDM,6443,GenImage_test/VQDM/test/ai/VQDM_1000_200_03_313_vqdm_00035.png
403,VQDM,6444,GenImage_test/VQDM/test/nature/ILSVRC2012_val_00031548.JPEG
403,VQDM,6445,GenImage_test/VQDM/test/nature/ILSVRC2012_val_00004698.JPEG
403,VQDM,6446,GenImage_test/VQDM/test/ai/VQDM_1000_200_04_423_vqdm_00127.png
403,VQDM,6447,GenImage_test/VQDM/test/nature/ILSVRC2012_val_00026518.JPEG
404,VQDM,6448,GenImage_test/VQDM/test/ai/VQDM_1000_200_05_548_vqdm_00039.png
404,VQDM,6449,GenImage_test/VQDM/test/ai/VQDM_1000_200_06_625_vqdm_00039.png
404,VQDM,6450,GenImage_test/VQDM/test/ai/VQDM_1000_200_07_705_vqdm_00039.png
404,VQDM,6451,GenImage_test/VQDM/test/ai/VQDM_1000_200_04_427_vqdm_00020.png
404,VQDM,6452,GenImage_test/VQDM/test/ai/VQDM_1000_200_00_030_vqdm_00143.png
404,VQDM,6453,GenImage_test/VQDM/test/nature/ILSVRC2012_val_00034000.JPEG
404,VQDM,6454,GenImage_test/VQDM/test/nature/ILSVRC2012_val_00046181.JPEG
404,VQDM,6455,GenImage_test/VQDM/test/ai/VQDM_1000_200_04_451_vqdm_00074.png
404,VQDM,6456,GenImage_test/VQDM/test/nature/ILSVRC2012_val_00038383.JPEG
404,VQDM,6457,GenImage_test/VQDM/test/ai/VQDM_1000_200_06_610_vqdm_00035.png
404,VQDM,6458,GenImage_test/VQDM/test/ai/VQDM_1000_200_09_970_vqdm_00074.png
404,VQDM,6459,GenImage_test/VQDM/test/nature/ILSVRC2012_val_00025848.JPEG
404,VQDM,6460,GenImage_test/VQDM/test/nature/ILSVRC2012_val_00008051.JPEG
404,VQDM,6461,GenImage_test/VQDM/test/nature/ILSVRC2012_val_00030838.JPEG
404,VQDM,6462,GenImage_test/VQDM/test/ai/VQDM_1000_200_05_539_vqdm_00035.png
404,VQDM,6463,GenImage_test/VQDM/test/nature/ILSVRC2012_val_00014484.JPEG
405,VQDM,6464,GenImage_test/VQDM/test/ai/VQDM_1000_200_04_427_vqdm_00143.png
405,VQDM,6465,GenImage_test/VQDM/test/ai/VQDM_1000_200_06_688_vqdm_00074.png
405,VQDM,6466,GenImage_test/VQDM/test/ai/VQDM_1000_200_06_675_vqdm_00035.png
405,VQDM,6467,GenImage_test/VQDM/test/ai/VQDM_1000_200_06_655_vqdm_00020.png
405,VQDM,6468,GenImage_test/VQDM/test/nature/ILSVRC2012_val_00006550.JPEG
405,VQDM,6469,GenImage_test/VQDM/test/nature/ILSVRC2012_val_00023900.JPEG
405,VQDM,6470,GenImage_test/VQDM/test/ai/VQDM_1000_200_05_519_vqdm_00127.png
405,VQDM,6471,GenImage_test/VQDM/test/nature/ILSVRC2012_val_00013065.JPEG
405,VQDM,6472,GenImage_test/VQDM/test/ai/VQDM_1000_200_05_581_vqdm_00127.png
405,VQDM,6473,GenImage_test/VQDM/test/nature/ILSVRC2012_val_00030949.JPEG
405,VQDM,6474,GenImage_test/VQDM/test/nature/ILSVRC2012_val_00044273.JPEG
405,VQDM,6475,GenImage_test/VQDM/test/nature/ILSVRC2012_val_00043962.JPEG
405,VQDM,6476,GenImage_test/VQDM/test/nature/ILSVRC2012_val_00014350.JPEG
405,VQDM,6477,GenImage_test/VQDM/test/nature/ILSVRC2012_val_00013463.JPEG
405,VQDM,6478,GenImage_test/VQDM/test/ai/VQDM_1000_200_03_376_vqdm_00039.png
405,VQDM,6479,GenImage_test/VQDM/test/nature/ILSVRC2012_val_00047239.JPEG
406,VQDM,6480,GenImage_test/VQDM/test/nature/ILSVRC2012_val_00005627.JPEG
406,VQDM,6481,GenImage_test/VQDM/test/nature/ILSVRC2012_val_00034450.JPEG
406,VQDM,6482,GenImage_test/VQDM/test/nature/ILSVRC2012_val_00017184.JPEG
406,VQDM,6483,GenImage_test/VQDM/test/ai/VQDM_1000_200_02_253_vqdm_00035.png
406,VQDM,6484,GenImage_test/VQDM/test/ai/VQDM_1000_200_08_888_vqdm_00074.png
406,VQDM,6485,GenImage_test/VQDM/test/nature/ILSVRC2012_val_00039134.JPEG
406,VQDM,6486,GenImage_test/VQDM/test/ai/VQDM_1000_200_06_607_vqdm_00074.png
406,VQDM,6487,GenImage_test/VQDM/test/nature/ILSVRC2012_val_00043345.JPEG
406,VQDM,6488,GenImage_test/VQDM/test/nature/ILSVRC2012_val_00025644.JPEG
406,VQDM,6489,GenImage_test/VQDM/test/nature/ILSVRC2012_val_00039738.JPEG
406,VQDM,6490,GenImage_test/VQDM/test/ai/VQDM_1000_200_09_934_vqdm_00127.png
406,VQDM,6491,GenImage_test/VQDM/test/nature/ILSVRC2012_val_00045577.JPEG
406,VQDM,6492,GenImage_test/VQDM/test/ai/VQDM_1000_200_05_552_vqdm_00039.png
406,VQDM,6493,GenImage_test/VQDM/test/ai/VQDM_1000_200_05_501_vqdm_00039.png
406,VQDM,6494,GenImage_test/VQDM/test/nature/ILSVRC2012_val_00038915.JPEG
406,VQDM,6495,GenImage_test/VQDM/test/nature/ILSVRC2012_val_00047257.JPEG
407,VQDM,6496,GenImage_test/VQDM/test/nature/ILSVRC2012_val_00018358.JPEG
407,VQDM,6497,GenImage_test/VQDM/test/nature/ILSVRC2012_val_00019515.JPEG
407,VQDM,6498,GenImage_test/VQDM/test/nature/ILSVRC2012_val_00010004.JPEG
407,VQDM,6499,GenImage_test/VQDM/test/nature/ILSVRC2012_val_00018267.JPEG
407,VQDM,6500,GenImage_test/VQDM/test/nature/ILSVRC2012_val_00039054.JPEG
407,VQDM,6501,GenImage_test/VQDM/test/nature/ILSVRC2012_val_00045617.JPEG
407,VQDM,6502,GenImage_test/VQDM/test/nature/ILSVRC2012_val_00023572.JPEG
407,VQDM,6503,GenImage_test/VQDM/test/ai/VQDM_1000_200_07_738_vqdm_00035.png
407,VQDM,6504,GenImage_test/VQDM/test/ai/VQDM_1000_200_02_201_vqdm_00039.png
407,VQDM,6505,GenImage_test/VQDM/test/ai/VQDM_1000_200_03_304_vqdm_00127.png
407,VQDM,6506,GenImage_test/VQDM/test/nature/ILSVRC2012_val_00039507.JPEG
407,VQDM,6507,GenImage_test/VQDM/test/nature/ILSVRC2012_val_00021658.JPEG
407,VQDM,6508,GenImage_test/VQDM/test/ai/VQDM_1000_200_06_628_vqdm_00020.png
407,VQDM,6509,GenImage_test/VQDM/test/nature/ILSVRC2012_val_00005416.JPEG
407,VQDM,6510,GenImage_test/VQDM/test/nature/ILSVRC2012_val_00039582.JPEG
407,VQDM,6511,GenImage_test/VQDM/test/ai/VQDM_1000_200_04_439_vqdm_00035.png
408,VQDM,6512,GenImage_test/VQDM/test/nature/ILSVRC2012_val_00048062.JPEG
408,VQDM,6513,GenImage_test/VQDM/test/ai/VQDM_1000_200_09_961_vqdm_00074.png
408,VQDM,6514,GenImage_test/VQDM/test/nature/ILSVRC2012_val_00044615.JPEG
408,VQDM,6515,GenImage_test/VQDM/test/nature/ILSVRC2012_val_00033161.JPEG
408,VQDM,6516,GenImage_test/VQDM/test/ai/VQDM_1000_200_00_051_vqdm_00035.png
408,VQDM,6517,GenImage_test/VQDM/test/nature/ILSVRC2012_val_00049703.JPEG
408,VQDM,6518,GenImage_test/VQDM/test/ai/VQDM_1000_200_07_739_vqdm_00035.png
408,VQDM,6519,GenImage_test/VQDM/test/ai/VQDM_1000_200_02_224_vqdm_00127.png
408,VQDM,6520,GenImage_test/VQDM/test/ai/VQDM_1000_200_07_760_vqdm_00127.png
408,VQDM,6521,GenImage_test/VQDM/test/nature/ILSVRC2012_val_00000081.JPEG
408,VQDM,6522,GenImage_test/VQDM/test/ai/VQDM_1000_200_00_076_vqdm_00074.png
408,VQDM,6523,GenImage_test/VQDM/test/ai/VQDM_1000_200_05_526_vqdm_00143.png
408,VQDM,6524,GenImage_test/VQDM/test/nature/ILSVRC2012_val_00014105.JPEG
408,VQDM,6525,GenImage_test/VQDM/test/nature/ILSVRC2012_val_00035447.JPEG
408,VQDM,6526,GenImage_test/VQDM/test/ai/VQDM_1000_200_03_306_vqdm_00020.png
408,VQDM,6527,GenImage_test/VQDM/test/ai/VQDM_1000_200_01_181_vqdm_00039.png
409,VQDM,6528,GenImage_test/VQDM/test/ai/VQDM_1000_200_01_122_vqdm_00143.png
409,VQDM,6529,GenImage_test/VQDM/test/ai/VQDM_1000_200_06_652_vqdm_00074.png
409,VQDM,6530,GenImage_test/VQDM/test/nature/ILSVRC2012_val_00008101.JPEG
409,VQDM,6531,GenImage_test/VQDM/test/ai/VQDM_1000_200_08_822_vqdm_00127.png
409,VQDM,6532,GenImage_test/VQDM/test/ai/VQDM_1000_200_00_051_vqdm_00127.png
409,VQDM,6533,GenImage_test/VQDM/test/ai/VQDM_1000_200_07_799_vqdm_00020.png
409,VQDM,6534,GenImage_test/VQDM/test/ai/VQDM_1000_200_02_256_vqdm_00127.png
409,VQDM,6535,GenImage_test/VQDM/test/ai/VQDM_1000_200_01_142_vqdm_00143.png
409,VQDM,6536,GenImage_test/VQDM/test/ai/VQDM_1000_200_01_176_vqdm_00127.png
409,VQDM,6537,GenImage_test/VQDM/test/nature/ILSVRC2012_val_00004512.JPEG
409,VQDM,6538,GenImage_test/VQDM/test/nature/ILSVRC2012_val_00017118.JPEG
409,VQDM,6539,GenImage_test/VQDM/test/nature/ILSVRC2012_val_00019121.JPEG
409,VQDM,6540,GenImage_test/VQDM/test/nature/ILSVRC2012_val_00027548.JPEG
409,VQDM,6541,GenImage_test/VQDM/test/ai/VQDM_1000_200_07_717_vqdm_00039.png
409,VQDM,6542,GenImage_test/VQDM/test/nature/ILSVRC2012_val_00026240.JPEG
409,VQDM,6543,GenImage_test/VQDM/test/ai/VQDM_1000_200_03_381_vqdm_00143.png
410,VQDM,6544,GenImage_test/VQDM/test/ai/VQDM_1000_200_07_734_vqdm_00143.png
410,VQDM,6545,GenImage_test/VQDM/test/nature/ILSVRC2012_val_00016672.JPEG
410,VQDM,6546,GenImage_test/VQDM/test/ai/VQDM_1000_200_05_565_vqdm_00143.png
410,VQDM,6547,GenImage_test/VQDM/test/ai/VQDM_1000_200_04_417_vqdm_00039.png
410,VQDM,6548,GenImage_test/VQDM/test/nature/ILSVRC2012_val_00004397.JPEG
410,VQDM,6549,GenImage_test/VQDM/test/ai/VQDM_1000_200_00_066_vqdm_00039.png
410,VQDM,6550,GenImage_test/VQDM/test/ai/VQDM_1000_200_06_626_vqdm_00127.png
410,VQDM,6551,GenImage_test/VQDM/test/nature/ILSVRC2012_val_00010445.JPEG
410,VQDM,6552,GenImage_test/VQDM/test/nature/ILSVRC2012_val_00032737.JPEG
410,VQDM,6553,GenImage_test/VQDM/test/nature/ILSVRC2012_val_00011387.JPEG
410,VQDM,6554,GenImage_test/VQDM/test/ai/VQDM_1000_200_08_835_vqdm_00074.png
410,VQDM,6555,GenImage_test/VQDM/test/ai/VQDM_1000_200_06_690_vqdm_00127.png
410,VQDM,6556,GenImage_test/VQDM/test/ai/VQDM_1000_200_03_398_vqdm_00020.png
410,VQDM,6557,GenImage_test/VQDM/test/nature/ILSVRC2012_val_00046802.JPEG
410,VQDM,6558,GenImage_test/VQDM/test/nature/ILSVRC2012_val_00036870.JPEG
410,VQDM,6559,GenImage_test/VQDM/test/ai/VQDM_1000_200_01_194_vqdm_00035.png
411,VQDM,6560,GenImage_test/VQDM/test/nature/ILSVRC2012_val_00024806.JPEG
411,VQDM,6561,GenImage_test/VQDM/test/nature/ILSVRC2012_val_00047926.JPEG
411,VQDM,6562,GenImage_test/VQDM/test/ai/VQDM_1000_200_09_926_vqdm_00074.png
411,VQDM,6563,GenImage_test/VQDM/test/nature/ILSVRC2012_val_00034602.JPEG
411,VQDM,6564,GenImage_test/VQDM/test/ai/VQDM_1000_200_03_376_vqdm_00020.png
411,VQDM,6565,GenImage_test/VQDM/test/nature/ILSVRC2012_val_00017840.JPEG
411,VQDM,6566,GenImage_test/VQDM/test/nature/ILSVRC2012_val_00034682.JPEG
411,VQDM,6567,GenImage_test/VQDM/test/ai/VQDM_1000_200_03_326_vqdm_00074.png
411,VQDM,6568,GenImage_test/VQDM/test/nature/ILSVRC2012_val_00027643.JPEG
411,VQDM,6569,GenImage_test/VQDM/test/ai/VQDM_1000_200_09_984_vqdm_00127.png
411,VQDM,6570,GenImage_test/VQDM/test/ai/VQDM_1000_200_05_578_vqdm_00127.png
411,VQDM,6571,GenImage_test/VQDM/test/ai/VQDM_1000_200_01_150_vqdm_00020.png
411,VQDM,6572,GenImage_test/VQDM/test/nature/ILSVRC2012_val_00021146.JPEG
411,VQDM,6573,GenImage_test/VQDM/test/nature/ILSVRC2012_val_00017677.JPEG
411,VQDM,6574,GenImage_test/VQDM/test/ai/VQDM_1000_200_09_906_vqdm_00020.png
411,VQDM,6575,GenImage_test/VQDM/test/ai/VQDM_1000_200_04_440_vqdm_00035.png
412,VQDM,6576,GenImage_test/VQDM/test/nature/ILSVRC2012_val_00030675.JPEG
412,VQDM,6577,GenImage_test/VQDM/test/ai/VQDM_1000_200_01_179_vqdm_00039.png
412,VQDM,6578,GenImage_test/VQDM/test/ai/VQDM_1000_200_09_964_vqdm_00020.png
412,VQDM,6579,GenImage_test/VQDM/test/ai/VQDM_1000_200_03_370_vqdm_00035.png
412,VQDM,6580,GenImage_test/VQDM/test/ai/VQDM_1000_200_09_985_vqdm_00035.png
412,VQDM,6581,GenImage_test/VQDM/test/nature/ILSVRC2012_val_00039721.JPEG
412,VQDM,6582,GenImage_test/VQDM/test/nature/ILSVRC2012_val_00013097.JPEG
412,VQDM,6583,GenImage_test/VQDM/test/nature/ILSVRC2012_val_00004207.JPEG
412,VQDM,6584,GenImage_test/VQDM/test/ai/VQDM_1000_200_02_213_vqdm_00143.png
412,VQDM,6585,GenImage_test/VQDM/test/ai/VQDM_1000_200_04_412_vqdm_00143.png
412,VQDM,6586,GenImage_test/VQDM/test/nature/ILSVRC2012_val_00044261.JPEG
412,VQDM,6587,GenImage_test/VQDM/test/ai/VQDM_1000_200_04_497_vqdm_00143.png
412,VQDM,6588,GenImage_test/VQDM/test/ai/VQDM_1000_200_05_503_vqdm_00039.png
412,VQDM,6589,GenImage_test/VQDM/test/nature/ILSVRC2012_val_00012829.JPEG
412,VQDM,6590,GenImage_test/VQDM/test/ai/VQDM_1000_200_05_578_vqdm_00143.png
412,VQDM,6591,GenImage_test/VQDM/test/nature/ILSVRC2012_val_00011170.JPEG
413,VQDM,6592,GenImage_test/VQDM/test/ai/VQDM_1000_200_09_972_vqdm_00143.png
413,VQDM,6593,GenImage_test/VQDM/test/nature/ILSVRC2012_val_00004879.JPEG
413,VQDM,6594,GenImage_test/VQDM/test/nature/ILSVRC2012_val_00028572.JPEG
413,VQDM,6595,GenImage_test/VQDM/test/ai/VQDM_1000_200_04_474_vqdm_00035.png
413,VQDM,6596,GenImage_test/VQDM/test/nature/ILSVRC2012_val_00003251.JPEG
413,VQDM,6597,GenImage_test/VQDM/test/ai/VQDM_1000_200_04_481_vqdm_00127.png
413,VQDM,6598,GenImage_test/VQDM/test/ai/VQDM_1000_200_05_539_vqdm_00074.png
413,VQDM,6599,GenImage_test/VQDM/test/nature/ILSVRC2012_val_00000657.JPEG
413,VQDM,6600,GenImage_test/VQDM/test/ai/VQDM_1000_200_09_980_vqdm_00039.png
413,VQDM,6601,GenImage_test/VQDM/test/nature/ILSVRC2012_val_00008229.JPEG
413,VQDM,6602,GenImage_test/VQDM/test/ai/VQDM_1000_200_01_124_vqdm_00035.png
413,VQDM,6603,GenImage_test/VQDM/test/nature/ILSVRC2012_val_00006030.JPEG
413,VQDM,6604,GenImage_test/VQDM/test/nature/ILSVRC2012_val_00021391.JPEG
413,VQDM,6605,GenImage_test/VQDM/test/nature/ILSVRC2012_val_00015511.JPEG
413,VQDM,6606,GenImage_test/VQDM/test/nature/ILSVRC2012_val_00040494.JPEG
413,VQDM,6607,GenImage_test/VQDM/test/ai/VQDM_1000_200_09_923_vqdm_00039.png
414,VQDM,6608,GenImage_test/VQDM/test/nature/ILSVRC2012_val_00037290.JPEG
414,VQDM,6609,GenImage_test/VQDM/test/nature/ILSVRC2012_val_00008660.JPEG
414,VQDM,6610,GenImage_test/VQDM/test/ai/VQDM_1000_200_02_243_vqdm_00020.png
414,VQDM,6611,GenImage_test/VQDM/test/nature/ILSVRC2012_val_00021676.JPEG
414,VQDM,6612,GenImage_test/VQDM/test/nature/ILSVRC2012_val_00007651.JPEG
414,VQDM,6613,GenImage_test/VQDM/test/nature/ILSVRC2012_val_00015734.JPEG
414,VQDM,6614,GenImage_test/VQDM/test/nature/ILSVRC2012_val_00009611.JPEG
414,VQDM,6615,GenImage_test/VQDM/test/nature/ILSVRC2012_val_00015651.JPEG
414,VQDM,6616,GenImage_test/VQDM/test/ai/VQDM_1000_200_05_542_vqdm_00143.png
414,VQDM,6617,GenImage_test/VQDM/test/ai/VQDM_1000_200_03_328_vqdm_00039.png
414,VQDM,6618,GenImage_test/VQDM/test/ai/VQDM_1000_200_09_962_vqdm_00020.png
414,VQDM,6619,GenImage_test/VQDM/test/nature/ILSVRC2012_val_00038884.JPEG
414,VQDM,6620,GenImage_test/VQDM/test/nature/ILSVRC2012_val_00027118.JPEG
414,VQDM,6621,GenImage_test/VQDM/test/ai/VQDM_1000_200_00_080_vqdm_00035.png
414,VQDM,6622,GenImage_test/VQDM/test/nature/ILSVRC2012_val_00024698.JPEG
414,VQDM,6623,GenImage_test/VQDM/test/ai/VQDM_1000_200_05_551_vqdm_00020.png
415,VQDM,6624,GenImage_test/VQDM/test/ai/VQDM_1000_200_08_835_vqdm_00020.png
415,VQDM,6625,GenImage_test/VQDM/test/ai/VQDM_1000_200_09_951_vqdm_00143.png
415,VQDM,6626,GenImage_test/VQDM/test/ai/VQDM_1000_200_00_000_vqdm_00127.png
415,VQDM,6627,GenImage_test/VQDM/test/ai/VQDM_1000_200_01_165_vqdm_00074.png
415,VQDM,6628,GenImage_test/VQDM/test/ai/VQDM_1000_200_08_864_vqdm_00127.png
415,VQDM,6629,GenImage_test/VQDM/test/nature/ILSVRC2012_val_00034578.JPEG
415,VQDM,6630,GenImage_test/VQDM/test/ai/VQDM_1000_200_00_034_vqdm_00074.png
415,VQDM,6631,GenImage_test/VQDM/test/nature/ILSVRC2012_val_00025007.JPEG
415,VQDM,6632,GenImage_test/VQDM/test/ai/VQDM_1000_200_01_105_vqdm_00127.png
415,VQDM,6633,GenImage_test/VQDM/test/ai/VQDM_1000_200_02_244_vqdm_00020.png
415,VQDM,6634,GenImage_test/VQDM/test/ai/VQDM_1000_200_05_530_vqdm_00143.png
415,VQDM,6635,GenImage_test/VQDM/test/ai/VQDM_1000_200_01_197_vqdm_00074.png
415,VQDM,6636,GenImage_test/VQDM/test/nature/ILSVRC2012_val_00004771.JPEG
415,VQDM,6637,GenImage_test/VQDM/test/nature/ILSVRC2012_val_00016245.JPEG
415,VQDM,6638,GenImage_test/VQDM/test/ai/VQDM_1000_200_02_243_vqdm_00035.png
415,VQDM,6639,GenImage_test/VQDM/test/ai/VQDM_1000_200_09_938_vqdm_00143.png
416,VQDM,6640,GenImage_test/VQDM/test/nature/ILSVRC2012_val_00023877.JPEG
416,VQDM,6641,GenImage_test/VQDM/test/ai/VQDM_1000_200_02_285_vqdm_00127.png
416,VQDM,6642,GenImage_test/VQDM/test/nature/ILSVRC2012_val_00020100.JPEG
416,VQDM,6643,GenImage_test/VQDM/test/nature/ILSVRC2012_val_00042604.JPEG
416,VQDM,6644,GenImage_test/VQDM/test/ai/VQDM_1000_200_08_847_vqdm_00074.png
416,VQDM,6645,GenImage_test/VQDM/test/nature/ILSVRC2012_val_00041187.JPEG
416,VQDM,6646,GenImage_test/VQDM/test/nature/ILSVRC2012_val_00029319.JPEG
416,VQDM,6647,GenImage_test/VQDM/test/ai/VQDM_1000_200_07_737_vqdm_00143.png
416,VQDM,6648,GenImage_test/VQDM/test/ai/VQDM_1000_200_02_201_vqdm_00143.png
416,VQDM,6649,GenImage_test/VQDM/test/nature/ILSVRC2012_val_00038437.JPEG
416,VQDM,6650,GenImage_test/VQDM/test/ai/VQDM_1000_200_01_190_vqdm_00127.png
416,VQDM,6651,GenImage_test/VQDM/test/nature/ILSVRC2012_val_00035285.JPEG
416,VQDM,6652,GenImage_test/VQDM/test/nature/ILSVRC2012_val_00028155.JPEG
416,VQDM,6653,GenImage_test/VQDM/test/nature/ILSVRC2012_val_00008813.JPEG
416,VQDM,6654,GenImage_test/VQDM/test/ai/VQDM_1000_200_01_106_vqdm_00035.png
416,VQDM,6655,GenImage_test/VQDM/test/ai/VQDM_1000_200_04_489_vqdm_00020.png
417,VQDM,6656,GenImage_test/VQDM/test/nature/ILSVRC2012_val_00043039.JPEG
417,VQDM,6657,GenImage_test/VQDM/test/ai/VQDM_1000_200_06_699_vqdm_00035.png
417,VQDM,6658,GenImage_test/VQDM/test/ai/VQDM_1000_200_05_538_vqdm_00143.png
417,VQDM,6659,GenImage_test/VQDM/test/nature/ILSVRC2012_val_00000444.JPEG
417,VQDM,6660,GenImage_test/VQDM/test/nature/ILSVRC2012_val_00019056.JPEG
417,VQDM,6661,GenImage_test/VQDM/test/ai/VQDM_1000_200_05_599_vqdm_00035.png
417,VQDM,6662,GenImage_test/VQDM/test/nature/ILSVRC2012_val_00008244.JPEG
417,VQDM,6663,GenImage_test/VQDM/test/ai/VQDM_1000_200_03_359_vqdm_00020.png
417,VQDM,6664,GenImage_test/VQDM/test/nature/ILSVRC2012_val_00013972.JPEG
417,VQDM,6665,GenImage_test/VQDM/test/nature/ILSVRC2012_val_00012792.JPEG
417,VQDM,6666,GenImage_test/VQDM/test/ai/VQDM_1000_200_04_420_vqdm_00039.png
417,VQDM,6667,GenImage_test/VQDM/test/nature/ILSVRC2012_val_00030178.JPEG
417,VQDM,6668,GenImage_test/VQDM/test/nature/ILSVRC2012_val_00025884.JPEG
417,VQDM,6669,GenImage_test/VQDM/test/ai/VQDM_1000_200_05_532_vqdm_00020.png
417,VQDM,6670,GenImage_test/VQDM/test/ai/VQDM_1000_200_01_109_vqdm_00127.png
417,VQDM,6671,GenImage_test/VQDM/test/nature/ILSVRC2012_val_00031771.JPEG
418,VQDM,6672,GenImage_test/VQDM/test/nature/ILSVRC2012_val_00043601.JPEG
418,VQDM,6673,GenImage_test/VQDM/test/nature/ILSVRC2012_val_00020858.JPEG
418,VQDM,6674,GenImage_test/VQDM/test/nature/ILSVRC2012_val_00044415.JPEG
418,VQDM,6675,GenImage_test/VQDM/test/nature/ILSVRC2012_val_00028732.JPEG
418,VQDM,6676,GenImage_test/VQDM/test/ai/VQDM_1000_200_07_783_vqdm_00039.png
418,VQDM,6677,GenImage_test/VQDM/test/nature/ILSVRC2012_val_00031622.JPEG
418,VQDM,6678,GenImage_test/VQDM/test/nature/ILSVRC2012_val_00046623.JPEG
418,VQDM,6679,GenImage_test/VQDM/test/ai/VQDM_1000_200_05_530_vqdm_00074.png
418,VQDM,6680,GenImage_test/VQDM/test/ai/VQDM_1000_200_04_410_vqdm_00127.png
418,VQDM,6681,GenImage_test/VQDM/test/nature/ILSVRC2012_val_00032703.JPEG
418,VQDM,6682,GenImage_test/VQDM/test/nature/ILSVRC2012_val_00022479.JPEG
418,VQDM,6683,GenImage_test/VQDM/test/ai/VQDM_1000_200_01_113_vqdm_00127.png
418,VQDM,6684,GenImage_test/VQDM/test/ai/VQDM_1000_200_09_945_vqdm_00020.png
418,VQDM,6685,GenImage_test/VQDM/test/ai/VQDM_1000_200_00_039_vqdm_00074.png
418,VQDM,6686,GenImage_test/VQDM/test/ai/VQDM_1000_200_01_180_vqdm_00039.png
418,VQDM,6687,GenImage_test/VQDM/test/nature/ILSVRC2012_val_00032904.JPEG
419,VQDM,6688,GenImage_test/VQDM/test/nature/ILSVRC2012_val_00030446.JPEG
419,VQDM,6689,GenImage_test/VQDM/test/nature/ILSVRC2012_val_00002030.JPEG
419,VQDM,6690,GenImage_test/VQDM/test/ai/VQDM_1000_200_09_941_vqdm_00074.png
419,VQDM,6691,GenImage_test/VQDM/test/nature/ILSVRC2012_val_00010492.JPEG
419,VQDM,6692,GenImage_test/VQDM/test/ai/VQDM_1000_200_09_983_vqdm_00035.png
419,VQDM,6693,GenImage_test/VQDM/test/nature/ILSVRC2012_val_00008020.JPEG
419,VQDM,6694,GenImage_test/VQDM/test/ai/VQDM_1000_200_07_754_vqdm_00020.png
419,VQDM,6695,GenImage_test/VQDM/test/nature/ILSVRC2012_val_00037922.JPEG
419,VQDM,6696,GenImage_test/VQDM/test/nature/ILSVRC2012_val_00022788.JPEG
419,VQDM,6697,GenImage_test/VQDM/test/ai/VQDM_1000_200_07_741_vqdm_00074.png
419,VQDM,6698,GenImage_test/VQDM/test/nature/ILSVRC2012_val_00027393.JPEG
419,VQDM,6699,GenImage_test/VQDM/test/nature/ILSVRC2012_val_00031321.JPEG
419,VQDM,6700,GenImage_test/VQDM/test/nature/ILSVRC2012_val_00008057.JPEG
419,VQDM,6701,GenImage_test/VQDM/test/ai/VQDM_1000_200_03_321_vqdm_00127.png
419,VQDM,6702,GenImage_test/VQDM/test/nature/ILSVRC2012_val_00007837.JPEG
419,VQDM,6703,GenImage_test/VQDM/test/nature/ILSVRC2012_val_00028751.JPEG
420,VQDM,6704,GenImage_test/VQDM/test/ai/VQDM_1000_200_01_121_vqdm_00020.png
420,VQDM,6705,GenImage_test/VQDM/test/ai/VQDM_1000_200_02_237_vqdm_00074.png
420,VQDM,6706,GenImage_test/VQDM/test/ai/VQDM_1000_200_06_683_vqdm_00020.png
420,VQDM,6707,GenImage_test/VQDM/test/ai/VQDM_1000_200_02_297_vqdm_00020.png
420,VQDM,6708,GenImage_test/VQDM/test/nature/ILSVRC2012_val_00045852.JPEG
420,VQDM,6709,GenImage_test/VQDM/test/ai/VQDM_1000_200_03_397_vqdm_00127.png
420,VQDM,6710,GenImage_test/VQDM/test/ai/VQDM_1000_200_03_315_vqdm_00020.png
420,VQDM,6711,GenImage_test/VQDM/test/nature/ILSVRC2012_val_00034782.JPEG
420,VQDM,6712,GenImage_test/VQDM/test/ai/VQDM_1000_200_09_971_vqdm_00143.png
420,VQDM,6713,GenImage_test/VQDM/test/ai/VQDM_1000_200_00_012_vqdm_00074.png
420,VQDM,6714,GenImage_test/VQDM/test/ai/VQDM_1000_200_03_349_vqdm_00035.png
420,VQDM,6715,GenImage_test/VQDM/test/nature/ILSVRC2012_val_00049235.JPEG
420,VQDM,6716,GenImage_test/VQDM/test/ai/VQDM_1000_200_01_116_vqdm_00127.png
420,VQDM,6717,GenImage_test/VQDM/test/ai/VQDM_1000_200_03_310_vqdm_00020.png
420,VQDM,6718,GenImage_test/VQDM/test/ai/VQDM_1000_200_07_785_vqdm_00020.png
420,VQDM,6719,GenImage_test/VQDM/test/ai/VQDM_1000_200_06_675_vqdm_00039.png
421,VQDM,6720,GenImage_test/VQDM/test/nature/ILSVRC2012_val_00043220.JPEG
421,VQDM,6721,GenImage_test/VQDM/test/ai/VQDM_1000_200_03_322_vqdm_00035.png
421,VQDM,6722,GenImage_test/VQDM/test/nature/ILSVRC2012_val_00014423.JPEG
421,VQDM,6723,GenImage_test/VQDM/test/nature/ILSVRC2012_val_00029524.JPEG
421,VQDM,6724,GenImage_test/VQDM/test/ai/VQDM_1000_200_00_060_vqdm_00143.png
421,VQDM,6725,GenImage_test/VQDM/test/ai/VQDM_1000_200_05_503_vqdm_00074.png
421,VQDM,6726,GenImage_test/VQDM/test/nature/ILSVRC2012_val_00016601.JPEG
421,VQDM,6727,GenImage_test/VQDM/test/ai/VQDM_1000_200_06_645_vqdm_00039.png
421,VQDM,6728,GenImage_test/VQDM/test/ai/VQDM_1000_200_01_163_vqdm_00020.png
421,VQDM,6729,GenImage_test/VQDM/test/ai/VQDM_1000_200_06_622_vqdm_00039.png
421,VQDM,6730,GenImage_test/VQDM/test/nature/ILSVRC2012_val_00046015.JPEG
421,VQDM,6731,GenImage_test/VQDM/test/nature/ILSVRC2012_val_00047170.JPEG
421,VQDM,6732,GenImage_test/VQDM/test/ai/VQDM_1000_200_06_642_vqdm_00035.png
421,VQDM,6733,GenImage_test/VQDM/test/ai/VQDM_1000_200_08_813_vqdm_00035.png
421,VQDM,6734,GenImage_test/VQDM/test/ai/VQDM_1000_200_03_373_vqdm_00127.png
421,VQDM,6735,GenImage_test/VQDM/test/nature/ILSVRC2012_val_00008052.JPEG
422,VQDM,6736,GenImage_test/VQDM/test/ai/VQDM_1000_200_07_766_vqdm_00074.png
422,VQDM,6737,GenImage_test/VQDM/test/nature/ILSVRC2012_val_00005262.JPEG
422,VQDM,6738,GenImage_test/VQDM/test/ai/VQDM_1000_200_09_916_vqdm_00074.png
422,VQDM,6739,GenImage_test/VQDM/test/nature/ILSVRC2012_val_00016444.JPEG
422,VQDM,6740,GenImage_test/VQDM/test/ai/VQDM_1000_200_03_374_vqdm_00035.png
422,VQDM,6741,GenImage_test/VQDM/test/ai/VQDM_1000_200_05_568_vqdm_00127.png
422,VQDM,6742,GenImage_test/VQDM/test/nature/ILSVRC2012_val_00009526.JPEG
422,VQDM,6743,GenImage_test/VQDM/test/ai/VQDM_1000_200_06_608_vqdm_00143.png
422,VQDM,6744,GenImage_test/VQDM/test/ai/VQDM_1000_200_03_358_vqdm_00074.png
422,VQDM,6745,GenImage_test/VQDM/test/ai/VQDM_1000_200_03_399_vqdm_00127.png
422,VQDM,6746,GenImage_test/VQDM/test/ai/VQDM_1000_200_04_435_vqdm_00039.png
422,VQDM,6747,GenImage_test/VQDM/test/ai/VQDM_1000_200_06_614_vqdm_00074.png
422,VQDM,6748,GenImage_test/VQDM/test/nature/ILSVRC2012_val_00029820.JPEG
422,VQDM,6749,GenImage_test/VQDM/test/nature/ILSVRC2012_val_00015121.JPEG
422,VQDM,6750,GenImage_test/VQDM/test/ai/VQDM_1000_200_01_132_vqdm_00039.png
422,VQDM,6751,GenImage_test/VQDM/test/nature/ILSVRC2012_val_00045014.JPEG
423,VQDM,6752,GenImage_test/VQDM/test/nature/ILSVRC2012_val_00005389.JPEG
423,VQDM,6753,GenImage_test/VQDM/test/nature/ILSVRC2012_val_00017162.JPEG
423,VQDM,6754,GenImage_test/VQDM/test/nature/ILSVRC2012_val_00036477.JPEG
423,VQDM,6755,GenImage_test/VQDM/test/nature/ILSVRC2012_val_00002247.JPEG
423,VQDM,6756,GenImage_test/VQDM/test/ai/VQDM_1000_200_04_424_vqdm_00127.png
423,VQDM,6757,GenImage_test/VQDM/test/ai/VQDM_1000_200_09_987_vqdm_00127.png
423,VQDM,6758,GenImage_test/VQDM/test/nature/ILSVRC2012_val_00038217.JPEG
423,VQDM,6759,GenImage_test/VQDM/test/ai/VQDM_1000_200_09_958_vqdm_00127.png
423,VQDM,6760,GenImage_test/VQDM/test/ai/VQDM_1000_200_06_641_vqdm_00074.png
423,VQDM,6761,GenImage_test/VQDM/test/ai/VQDM_1000_200_07_740_vqdm_00020.png
423,VQDM,6762,GenImage_test/VQDM/test/nature/ILSVRC2012_val_00022150.JPEG
423,VQDM,6763,GenImage_test/VQDM/test/ai/VQDM_1000_200_09_958_vqdm_00143.png
423,VQDM,6764,GenImage_test/VQDM/test/nature/ILSVRC2012_val_00023723.JPEG
423,VQDM,6765,GenImage_test/VQDM/test/nature/ILSVRC2012_val_00002476.JPEG
423,VQDM,6766,GenImage_test/VQDM/test/nature/ILSVRC2012_val_00036319.JPEG
423,VQDM,6767,GenImage_test/VQDM/test/ai/VQDM_1000_200_06_698_vqdm_00020.png
424,VQDM,6768,GenImage_test/VQDM/test/ai/VQDM_1000_200_06_622_vqdm_00074.png
424,VQDM,6769,GenImage_test/VQDM/test/nature/ILSVRC2012_val_00043599.JPEG
424,VQDM,6770,GenImage_test/VQDM/test/nature/ILSVRC2012_val_00012682.JPEG
424,VQDM,6771,GenImage_test/VQDM/test/nature/ILSVRC2012_val_00004819.JPEG
424,VQDM,6772,GenImage_test/VQDM/test/ai/VQDM_1000_200_02_212_vqdm_00035.png
424,VQDM,6773,GenImage_test/VQDM/test/nature/ILSVRC2012_val_00040859.JPEG
424,VQDM,6774,GenImage_test/VQDM/test/ai/VQDM_1000_200_09_977_vqdm_00074.png
424,VQDM,6775,GenImage_test/VQDM/test/ai/VQDM_1000_200_09_960_vqdm_00127.png
424,VQDM,6776,GenImage_test/VQDM/test/ai/VQDM_1000_200_05_506_vqdm_00074.png
424,VQDM,6777,GenImage_test/VQDM/test/nature/ILSVRC2012_val_00019199.JPEG
424,VQDM,6778,GenImage_test/VQDM/test/ai/VQDM_1000_200_04_411_vqdm_00143.png
424,VQDM,6779,GenImage_test/VQDM/test/nature/ILSVRC2012_val_00010819.JPEG
424,VQDM,6780,GenImage_test/VQDM/test/ai/VQDM_1000_200_04_415_vqdm_00143.png
424,VQDM,6781,GenImage_test/VQDM/test/nature/ILSVRC2012_val_00002146.JPEG
424,VQDM,6782,GenImage_test/VQDM/test/nature/ILSVRC2012_val_00023592.JPEG
424,VQDM,6783,GenImage_test/VQDM/test/ai/VQDM_1000_200_02_254_vqdm_00143.png
425,VQDM,6784,GenImage_test/VQDM/test/nature/ILSVRC2012_val_00032600.JPEG
425,VQDM,6785,GenImage_test/VQDM/test/nature/ILSVRC2012_val_00010961.JPEG
425,VQDM,6786,GenImage_test/VQDM/test/ai/VQDM_1000_200_08_842_vqdm_00039.png
425,VQDM,6787,GenImage_test/VQDM/test/nature/ILSVRC2012_val_00007544.JPEG
425,VQDM,6788,GenImage_test/VQDM/test/ai/VQDM_1000_200_08_887_vqdm_00074.png
425,VQDM,6789,GenImage_test/VQDM/test/nature/ILSVRC2012_val_00018775.JPEG
425,VQDM,6790,GenImage_test/VQDM/test/nature/ILSVRC2012_val_00006999.JPEG
425,VQDM,6791,GenImage_test/VQDM/test/nature/ILSVRC2012_val_00003002.JPEG
425,VQDM,6792,GenImage_test/VQDM/test/ai/VQDM_1000_200_03_375_vqdm_00127.png
425,VQDM,6793,GenImage_test/VQDM/test/ai/VQDM_1000_200_07_790_vqdm_00127.png
425,VQDM,6794,GenImage_test/VQDM/test/nature/ILSVRC2012_val_00032662.JPEG
425,VQDM,6795,GenImage_test/VQDM/test/nature/ILSVRC2012_val_00002536.JPEG
425,VQDM,6796,GenImage_test/VQDM/test/ai/VQDM_1000_200_04_429_vqdm_00035.png
425,VQDM,6797,GenImage_test/VQDM/test/ai/VQDM_1000_200_05_543_vqdm_00020.png
425,VQDM,6798,GenImage_test/VQDM/test/ai/VQDM_1000_200_06_627_vqdm_00127.png
425,VQDM,6799,GenImage_test/VQDM/test/ai/VQDM_1000_200_07_733_vqdm_00143.png
426,VQDM,6800,GenImage_test/VQDM/test/ai/VQDM_1000_200_00_023_vqdm_00020.png
426,VQDM,6801,GenImage_test/VQDM/test/nature/ILSVRC2012_val_00049093.JPEG
426,VQDM,6802,GenImage_test/VQDM/test/ai/VQDM_1000_200_06_638_vqdm_00039.png
426,VQDM,6803,GenImage_test/VQDM/test/nature/ILSVRC2012_val_00020095.JPEG
426,VQDM,6804,GenImage_test/VQDM/test/nature/ILSVRC2012_val_00001664.JPEG
426,VQDM,6805,GenImage_test/VQDM/test/nature/ILSVRC2012_val_00036750.JPEG
426,VQDM,6806,GenImage_test/VQDM/test/nature/ILSVRC2012_val_00045438.JPEG
426,VQDM,6807,GenImage_test/VQDM/test/ai/VQDM_1000_200_07_767_vqdm_00035.png
426,VQDM,6808,GenImage_test/VQDM/test/ai/VQDM_1000_200_01_156_vqdm_00039.png
426,VQDM,6809,GenImage_test/VQDM/test/ai/VQDM_1000_200_04_453_vqdm_00020.png
426,VQDM,6810,GenImage_test/VQDM/test/nature/ILSVRC2012_val_00010466.JPEG
426,VQDM,6811,GenImage_test/VQDM/test/ai/VQDM_1000_200_07_730_vqdm_00143.png
426,VQDM,6812,GenImage_test/VQDM/test/nature/ILSVRC2012_val_00008559.JPEG
426,VQDM,6813,GenImage_test/VQDM/test/ai/VQDM_1000_200_01_144_vqdm_00074.png
426,VQDM,6814,GenImage_test/VQDM/test/nature/ILSVRC2012_val_00005375.JPEG
426,VQDM,6815,GenImage_test/VQDM/test/ai/VQDM_1000_200_07_784_vqdm_00039.png
427,VQDM,6816,GenImage_test/VQDM/test/nature/ILSVRC2012_val_00039656.JPEG
427,VQDM,6817,GenImage_test/VQDM/test/ai/VQDM_1000_200_07_704_vqdm_00035.png
427,VQDM,6818,GenImage_test/VQDM/test/nature/ILSVRC2012_val_00011761.JPEG
427,VQDM,6819,GenImage_test/VQDM/test/nature/ILSVRC2012_val_00033698.JPEG
427,VQDM,6820,GenImage_test/VQDM/test/nature/ILSVRC2012_val_00023564.JPEG
427,VQDM,6821,GenImage_test/VQDM/test/ai/VQDM_1000_200_07_757_vqdm_00035.png
427,VQDM,6822,GenImage_test/VQDM/test/nature/ILSVRC2012_val_00025846.JPEG
427,VQDM,6823,GenImage_test/VQDM/test/nature/ILSVRC2012_val_00028654.JPEG
427,VQDM,6824,GenImage_test/VQDM/test/ai/VQDM_1000_200_04_490_vqdm_00074.png
427,VQDM,6825,GenImage_test/VQDM/test/nature/ILSVRC2012_val_00017457.JPEG
427,VQDM,6826,GenImage_test/VQDM/test/nature/ILSVRC2012_val_00039113.JPEG
427,VQDM,6827,GenImage_test/VQDM/test/nature/ILSVRC2012_val_00011598.JPEG
427,VQDM,6828,GenImage_test/VQDM/test/ai/VQDM_1000_200_02_217_vqdm_00020.png
427,VQDM,6829,GenImage_test/VQDM/test/ai/VQDM_1000_200_05_533_vqdm_00039.png
427,VQDM,6830,GenImage_test/VQDM/test/nature/ILSVRC2012_val_00001944.JPEG
427,VQDM,6831,GenImage_test/VQDM/test/nature/ILSVRC2012_val_00009993.JPEG
428,VQDM,6832,GenImage_test/VQDM/test/nature/ILSVRC2012_val_00045768.JPEG
428,VQDM,6833,GenImage_test/VQDM/test/nature/ILSVRC2012_val_00047887.JPEG
428,VQDM,6834,GenImage_test/VQDM/test/ai/VQDM_1000_200_09_962_vqdm_00127.png
428,VQDM,6835,GenImage_test/VQDM/test/ai/VQDM_1000_200_08_808_vqdm_00143.png
428,VQDM,6836,GenImage_test/VQDM/test/ai/VQDM_1000_200_09_957_vqdm_00074.png
428,VQDM,6837,GenImage_test/VQDM/test/ai/VQDM_1000_200_09_998_vqdm_00020.png
428,VQDM,6838,GenImage_test/VQDM/test/nature/ILSVRC2012_val_00014363.JPEG
428,VQDM,6839,GenImage_test/VQDM/test/nature/ILSVRC2012_val_00003991.JPEG
428,VQDM,6840,GenImage_test/VQDM/test/nature/ILSVRC2012_val_00018376.JPEG
428,VQDM,6841,GenImage_test/VQDM/test/nature/ILSVRC2012_val_00024450.JPEG
428,VQDM,6842,GenImage_test/VQDM/test/nature/ILSVRC2012_val_00002957.JPEG
428,VQDM,6843,GenImage_test/VQDM/test/nature/ILSVRC2012_val_00036778.JPEG
428,VQDM,6844,GenImage_test/VQDM/test/ai/VQDM_1000_200_07_706_vqdm_00127.png
428,VQDM,6845,GenImage_test/VQDM/test/nature/ILSVRC2012_val_00012793.JPEG
428,VQDM,6846,GenImage_test/VQDM/test/ai/VQDM_1000_200_01_189_vqdm_00039.png
428,VQDM,6847,GenImage_test/VQDM/test/ai/VQDM_1000_200_05_535_vqdm_00074.png
429,VQDM,6848,GenImage_test/VQDM/test/ai/VQDM_1000_200_01_116_vqdm_00039.png
429,VQDM,6849,GenImage_test/VQDM/test/nature/ILSVRC2012_val_00044793.JPEG
429,VQDM,6850,GenImage_test/VQDM/test/ai/VQDM_1000_200_02_293_vqdm_00039.png
429,VQDM,6851,GenImage_test/VQDM/test/ai/VQDM_1000_200_02_290_vqdm_00035.png
429,VQDM,6852,GenImage_test/VQDM/test/nature/ILSVRC2012_val_00049659.JPEG
429,VQDM,6853,GenImage_test/VQDM/test/ai/VQDM_1000_200_00_077_vqdm_00035.png
429,VQDM,6854,GenImage_test/VQDM/test/ai/VQDM_1000_200_00_002_vqdm_00127.png
429,VQDM,6855,GenImage_test/VQDM/test/ai/VQDM_1000_200_01_127_vqdm_00020.png
429,VQDM,6856,GenImage_test/VQDM/test/ai/VQDM_1000_200_07_715_vqdm_00039.png
429,VQDM,6857,GenImage_test/VQDM/test/ai/VQDM_1000_200_04_452_vqdm_00035.png
429,VQDM,6858,GenImage_test/VQDM/test/ai/VQDM_1000_200_06_624_vqdm_00074.png
429,VQDM,6859,GenImage_test/VQDM/test/ai/VQDM_1000_200_05_539_vqdm_00039.png
429,VQDM,6860,GenImage_test/VQDM/test/ai/VQDM_1000_200_01_120_vqdm_00035.png
429,VQDM,6861,GenImage_test/VQDM/test/ai/VQDM_1000_200_09_999_vqdm_00143.png
429,VQDM,6862,GenImage_test/VQDM/test/ai/VQDM_1000_200_09_937_vqdm_00020.png
429,VQDM,6863,GenImage_test/VQDM/test/nature/ILSVRC2012_val_00007368.JPEG
430,VQDM,6864,GenImage_test/VQDM/test/ai/VQDM_1000_200_03_340_vqdm_00039.png
430,VQDM,6865,GenImage_test/VQDM/test/ai/VQDM_1000_200_02_276_vqdm_00020.png
430,VQDM,6866,GenImage_test/VQDM/test/nature/ILSVRC2012_val_00046595.JPEG
430,VQDM,6867,GenImage_test/VQDM/test/nature/ILSVRC2012_val_00047732.JPEG
430,VQDM,6868,GenImage_test/VQDM/test/ai/VQDM_1000_200_00_026_vqdm_00127.png
430,VQDM,6869,GenImage_test/VQDM/test/ai/VQDM_1000_200_09_954_vqdm_00127.png
430,VQDM,6870,GenImage_test/VQDM/test/nature/ILSVRC2012_val_00012131.JPEG
430,VQDM,6871,GenImage_test/VQDM/test/nature/ILSVRC2012_val_00028839.JPEG
430,VQDM,6872,GenImage_test/VQDM/test/ai/VQDM_1000_200_01_149_vqdm_00035.png
430,VQDM,6873,GenImage_test/VQDM/test/ai/VQDM_1000_200_05_520_vqdm_00143.png
430,VQDM,6874,GenImage_test/VQDM/test/ai/VQDM_1000_200_01_133_vqdm_00074.png
430,VQDM,6875,GenImage_test/VQDM/test/nature/ILSVRC2012_val_00014588.JPEG
430,VQDM,6876,GenImage_test/VQDM/test/nature/ILSVRC2012_val_00034235.JPEG
430,VQDM,6877,GenImage_test/VQDM/test/nature/ILSVRC2012_val_00023431.JPEG
430,VQDM,6878,GenImage_test/VQDM/test/ai/VQDM_1000_200_03_326_vqdm_00039.png
430,VQDM,6879,GenImage_test/VQDM/test/ai/VQDM_1000_200_03_341_vqdm_00039.png
431,VQDM,6880,GenImage_test/VQDM/test/ai/VQDM_1000_200_03_328_vqdm_00035.png
431,VQDM,6881,GenImage_test/VQDM/test/ai/VQDM_1000_200_03_359_vqdm_00143.png
431,VQDM,6882,GenImage_test/VQDM/test/nature/ILSVRC2012_val_00041039.JPEG
431,VQDM,6883,GenImage_test/VQDM/test/nature/ILSVRC2012_val_00021833.JPEG
431,VQDM,6884,GenImage_test/VQDM/test/ai/VQDM_1000_200_09_960_vqdm_00039.png
431,VQDM,6885,GenImage_test/VQDM/test/nature/ILSVRC2012_val_00008178.JPEG
431,VQDM,6886,GenImage_test/VQDM/test/ai/VQDM_1000_200_05_559_vqdm_00074.png
431,VQDM,6887,GenImage_test/VQDM/test/ai/VQDM_1000_200_03_350_vqdm_00143.png
431,VQDM,6888,GenImage_test/VQDM/test/nature/ILSVRC2012_val_00002653.JPEG
431,VQDM,6889,GenImage_test/VQDM/test/ai/VQDM_1000_200_07_707_vqdm_00127.png
431,VQDM,6890,GenImage_test/VQDM/test/ai/VQDM_1000_200_03_361_vqdm_00074.png
431,VQDM,6891,GenImage_test/VQDM/test/ai/VQDM_1000_200_02_297_vqdm_00074.png
431,VQDM,6892,GenImage_test/VQDM/test/ai/VQDM_1000_200_05_559_vqdm_00039.png
431,VQDM,6893,GenImage_test/VQDM/test/nature/ILSVRC2012_val_00011756.JPEG
431,VQDM,6894,GenImage_test/VQDM/test/ai/VQDM_1000_200_00_092_vqdm_00020.png
431,VQDM,6895,GenImage_test/VQDM/test/nature/ILSVRC2012_val_00030554.JPEG
432,VQDM,6896,GenImage_test/VQDM/test/ai/VQDM_1000_200_01_143_vqdm_00020.png
432,VQDM,6897,GenImage_test/VQDM/test/ai/VQDM_1000_200_08_832_vqdm_00074.png
432,VQDM,6898,GenImage_test/VQDM/test/ai/VQDM_1000_200_05_529_vqdm_00039.png
432,VQDM,6899,GenImage_test/VQDM/test/nature/ILSVRC2012_val_00023801.JPEG
432,VQDM,6900,GenImage_test/VQDM/test/nature/ILSVRC2012_val_00017949.JPEG
432,VQDM,6901,GenImage_test/VQDM/test/ai/VQDM_1000_200_07_764_vqdm_00039.png
432,VQDM,6902,GenImage_test/VQDM/test/nature/ILSVRC2012_val_00000022.JPEG
432,VQDM,6903,GenImage_test/VQDM/test/nature/ILSVRC2012_val_00010005.JPEG
432,VQDM,6904,GenImage_test/VQDM/test/nature/ILSVRC2012_val_00022660.JPEG
432,VQDM,6905,GenImage_test/VQDM/test/nature/ILSVRC2012_val_00021372.JPEG
432,VQDM,6906,GenImage_test/VQDM/test/ai/VQDM_1000_200_05_528_vqdm_00035.png
432,VQDM,6907,GenImage_test/VQDM/test/nature/ILSVRC2012_val_00042729.JPEG
432,VQDM,6908,GenImage_test/VQDM/test/nature/ILSVRC2012_val_00007565.JPEG
432,VQDM,6909,GenImage_test/VQDM/test/ai/VQDM_1000_200_05_525_vqdm_00127.png
432,VQDM,6910,GenImage_test/VQDM/test/nature/ILSVRC2012_val_00048063.JPEG
432,VQDM,6911,GenImage_test/VQDM/test/nature/ILSVRC2012_val_00006822.JPEG
433,VQDM,6912,GenImage_test/VQDM/test/ai/VQDM_1000_200_02_200_vqdm_00127.png
433,VQDM,6913,GenImage_test/VQDM/test/ai/VQDM_1000_200_09_908_vqdm_00035.png
433,VQDM,6914,GenImage_test/VQDM/test/nature/ILSVRC2012_val_00002071.JPEG
433,VQDM,6915,GenImage_test/VQDM/test/ai/VQDM_1000_200_03_303_vqdm_00035.png
433,VQDM,6916,GenImage_test/VQDM/test/ai/VQDM_1000_200_01_186_vqdm_00039.png
433,VQDM,6917,GenImage_test/VQDM/test/nature/ILSVRC2012_val_00034259.JPEG
433,VQDM,6918,GenImage_test/VQDM/test/nature/ILSVRC2012_val_00027314.JPEG
433,VQDM,6919,GenImage_test/VQDM/test/ai/VQDM_1000_200_03_318_vqdm_00035.png
433,VQDM,6920,GenImage_test/VQDM/test/nature/ILSVRC2012_val_00030668.JPEG
433,VQDM,6921,GenImage_test/VQDM/test/nature/ILSVRC2012_val_00016820.JPEG
433,VQDM,6922,GenImage_test/VQDM/test/nature/ILSVRC2012_val_00003877.JPEG
433,VQDM,6923,GenImage_test/VQDM/test/nature/ILSVRC2012_val_00001928.JPEG
433,VQDM,6924,GenImage_test/VQDM/test/nature/ILSVRC2012_val_00030029.JPEG
433,VQDM,6925,GenImage_test/VQDM/test/ai/VQDM_1000_200_05_532_vqdm_00143.png
433,VQDM,6926,GenImage_test/VQDM/test/ai/VQDM_1000_200_08_857_vqdm_00143.png
433,VQDM,6927,GenImage_test/VQDM/test/nature/ILSVRC2012_val_00030357.JPEG
434,VQDM,6928,GenImage_test/VQDM/test/ai/VQDM_1000_200_03_356_vqdm_00074.png
434,VQDM,6929,GenImage_test/VQDM/test/ai/VQDM_1000_200_07_788_vqdm_00035.png
434,VQDM,6930,GenImage_test/VQDM/test/nature/ILSVRC2012_val_00025216.JPEG
434,VQDM,6931,GenImage_test/VQDM/test/nature/ILSVRC2012_val_00047803.JPEG
434,VQDM,6932,GenImage_test/VQDM/test/ai/VQDM_1000_200_02_293_vqdm_00127.png
434,VQDM,6933,GenImage_test/VQDM/test/ai/VQDM_1000_200_03_304_vqdm_00143.png
434,VQDM,6934,GenImage_test/VQDM/test/nature/ILSVRC2012_val_00032776.JPEG
434,VQDM,6935,GenImage_test/VQDM/test/ai/VQDM_1000_200_07_732_vqdm_00039.png
434,VQDM,6936,GenImage_test/VQDM/test/nature/ILSVRC2012_val_00003652.JPEG
434,VQDM,6937,GenImage_test/VQDM/test/ai/VQDM_1000_200_00_095_vqdm_00039.png
434,VQDM,6938,GenImage_test/VQDM/test/nature/ILSVRC2012_val_00013906.JPEG
434,VQDM,6939,GenImage_test/VQDM/test/ai/VQDM_1000_200_08_889_vqdm_00035.png
434,VQDM,6940,GenImage_test/VQDM/test/ai/VQDM_1000_200_09_943_vqdm_00020.png
434,VQDM,6941,GenImage_test/VQDM/test/nature/ILSVRC2012_val_00015120.JPEG
434,VQDM,6942,GenImage_test/VQDM/test/nature/ILSVRC2012_val_00022290.JPEG
434,VQDM,6943,GenImage_test/VQDM/test/ai/VQDM_1000_200_05_516_vqdm_00039.png
435,VQDM,6944,GenImage_test/VQDM/test/nature/ILSVRC2012_val_00037787.JPEG
435,VQDM,6945,GenImage_test/VQDM/test/nature/ILSVRC2012_val_00004369.JPEG
435,VQDM,6946,GenImage_test/VQDM/test/nature/ILSVRC2012_val_00009288.JPEG
435,VQDM,6947,GenImage_test/VQDM/test/ai/VQDM_1000_200_08_882_vqdm_00074.png
435,VQDM,6948,GenImage_test/VQDM/test/ai/VQDM_1000_200_01_183_vqdm_00127.png
435,VQDM,6949,GenImage_test/VQDM/test/ai/VQDM_1000_200_07_735_vqdm_00074.png
435,VQDM,6950,GenImage_test/VQDM/test/ai/VQDM_1000_200_05_589_vqdm_00127.png
435,VQDM,6951,GenImage_test/VQDM/test/ai/VQDM_1000_200_01_173_vqdm_00020.png
435,VQDM,6952,GenImage_test/VQDM/test/ai/VQDM_1000_200_00_018_vqdm_00020.png
435,VQDM,6953,GenImage_test/VQDM/test/ai/VQDM_1000_200_01_159_vqdm_00074.png
435,VQDM,6954,GenImage_test/VQDM/test/nature/ILSVRC2012_val_00017336.JPEG
435,VQDM,6955,GenImage_test/VQDM/test/nature/ILSVRC2012_val_00007740.JPEG
435,VQDM,6956,GenImage_test/VQDM/test/ai/VQDM_1000_200_07_798_vqdm_00143.png
435,VQDM,6957,GenImage_test/VQDM/test/ai/VQDM_1000_200_03_310_vqdm_00074.png
435,VQDM,6958,GenImage_test/VQDM/test/ai/VQDM_1000_200_06_644_vqdm_00020.png
435,VQDM,6959,GenImage_test/VQDM/test/nature/ILSVRC2012_val_00000310.JPEG
436,VQDM,6960,GenImage_test/VQDM/test/nature/ILSVRC2012_val_00044384.JPEG
436,VQDM,6961,GenImage_test/VQDM/test/ai/VQDM_1000_200_02_266_vqdm_00143.png
436,VQDM,6962,GenImage_test/VQDM/test/nature/ILSVRC2012_val_00043023.JPEG
436,VQDM,6963,GenImage_test/VQDM/test/ai/VQDM_1000_200_07_708_vqdm_00020.png
436,VQDM,6964,GenImage_test/VQDM/test/ai/VQDM_1000_200_02_285_vqdm_00074.png
436,VQDM,6965,GenImage_test/VQDM/test/ai/VQDM_1000_200_05_558_vqdm_00039.png
436,VQDM,6966,GenImage_test/VQDM/test/ai/VQDM_1000_200_02_257_vqdm_00074.png
436,VQDM,6967,GenImage_test/VQDM/test/nature/ILSVRC2012_val_00034705.JPEG
436,VQDM,6968,GenImage_test/VQDM/test/nature/ILSVRC2012_val_00036219.JPEG
436,VQDM,6969,GenImage_test/VQDM/test/nature/ILSVRC2012_val_00007061.JPEG
436,VQDM,6970,GenImage_test/VQDM/test/nature/ILSVRC2012_val_00005097.JPEG
436,VQDM,6971,GenImage_test/VQDM/test/nature/ILSVRC2012_val_00040349.JPEG
436,VQDM,6972,GenImage_test/VQDM/test/nature/ILSVRC2012_val_00018644.JPEG
436,VQDM,6973,GenImage_test/VQDM/test/ai/VQDM_1000_200_09_904_vqdm_00020.png
436,VQDM,6974,GenImage_test/VQDM/test/ai/VQDM_1000_200_05_593_vqdm_00143.png
436,VQDM,6975,GenImage_test/VQDM/test/ai/VQDM_1000_200_00_084_vqdm_00039.png
437,VQDM,6976,GenImage_test/VQDM/test/nature/ILSVRC2012_val_00028053.JPEG
437,VQDM,6977,GenImage_test/VQDM/test/ai/VQDM_1000_200_09_976_vqdm_00020.png
437,VQDM,6978,GenImage_test/VQDM/test/ai/VQDM_1000_200_00_021_vqdm_00035.png
437,VQDM,6979,GenImage_test/VQDM/test/ai/VQDM_1000_200_00_018_vqdm_00143.png
437,VQDM,6980,GenImage_test/VQDM/test/nature/ILSVRC2012_val_00008957.JPEG
437,VQDM,6981,GenImage_test/VQDM/test/ai/VQDM_1000_200_00_098_vqdm_00035.png
437,VQDM,6982,GenImage_test/VQDM/test/nature/ILSVRC2012_val_00033312.JPEG
437,VQDM,6983,GenImage_test/VQDM/test/ai/VQDM_1000_200_04_451_vqdm_00039.png
437,VQDM,6984,GenImage_test/VQDM/test/ai/VQDM_1000_200_06_680_vqdm_00143.png
437,VQDM,6985,GenImage_test/VQDM/test/ai/VQDM_1000_200_01_143_vqdm_00039.png
437,VQDM,6986,GenImage_test/VQDM/test/ai/VQDM_1000_200_04_422_vqdm_00074.png
437,VQDM,6987,GenImage_test/VQDM/test/ai/VQDM_1000_200_06_676_vqdm_00035.png
437,VQDM,6988,GenImage_test/VQDM/test/nature/ILSVRC2012_val_00009763.JPEG
437,VQDM,6989,GenImage_test/VQDM/test/nature/ILSVRC2012_val_00049900.JPEG
437,VQDM,6990,GenImage_test/VQDM/test/ai/VQDM_1000_200_05_558_vqdm_00127.png
437,VQDM,6991,GenImage_test/VQDM/test/nature/ILSVRC2012_val_00033189.JPEG
438,VQDM,6992,GenImage_test/VQDM/test/nature/ILSVRC2012_val_00017399.JPEG
438,VQDM,6993,GenImage_test/VQDM/test/ai/VQDM_1000_200_07_703_vqdm_00143.png
438,VQDM,6994,GenImage_test/VQDM/test/ai/VQDM_1000_200_07_719_vqdm_00020.png
438,VQDM,6995,GenImage_test/VQDM/test/ai/VQDM_1000_200_02_290_vqdm_00143.png
438,VQDM,6996,GenImage_test/VQDM/test/ai/VQDM_1000_200_08_818_vqdm_00039.png
438,VQDM,6997,GenImage_test/VQDM/test/nature/ILSVRC2012_val_00016153.JPEG
438,VQDM,6998,GenImage_test/VQDM/test/ai/VQDM_1000_200_02_220_vqdm_00035.png
438,VQDM,6999,GenImage_test/VQDM/test/nature/ILSVRC2012_val_00006004.JPEG
438,VQDM,7000,GenImage_test/VQDM/test/nature/ILSVRC2012_val_00013629.JPEG
438,VQDM,7001,GenImage_test/VQDM/test/ai/VQDM_1000_200_00_053_vqdm_00127.png
438,VQDM,7002,GenImage_test/VQDM/test/nature/ILSVRC2012_val_00045044.JPEG
438,VQDM,7003,GenImage_test/VQDM/test/nature/ILSVRC2012_val_00024941.JPEG
438,VQDM,7004,GenImage_test/VQDM/test/ai/VQDM_1000_200_09_911_vqdm_00143.png
438,VQDM,7005,GenImage_test/VQDM/test/ai/VQDM_1000_200_08_846_vqdm_00039.png
438,VQDM,7006,GenImage_test/VQDM/test/nature/ILSVRC2012_val_00008943.JPEG
438,VQDM,7007,GenImage_test/VQDM/test/nature/ILSVRC2012_val_00003208.JPEG
439,VQDM,7008,GenImage_test/VQDM/test/nature/ILSVRC2012_val_00011965.JPEG
439,VQDM,7009,GenImage_test/VQDM/test/ai/VQDM_1000_200_08_861_vqdm_00035.png
439,VQDM,7010,GenImage_test/VQDM/test/ai/VQDM_1000_200_08_864_vqdm_00020.png
439,VQDM,7011,GenImage_test/VQDM/test/ai/VQDM_1000_200_04_410_vqdm_00035.png
439,VQDM,7012,GenImage_test/VQDM/test/ai/VQDM_1000_200_05_596_vqdm_00020.png
439,VQDM,7013,GenImage_test/VQDM/test/ai/VQDM_1000_200_06_608_vqdm_00035.png
439,VQDM,7014,GenImage_test/VQDM/test/ai/VQDM_1000_200_04_440_vqdm_00039.png
439,VQDM,7015,GenImage_test/VQDM/test/ai/VQDM_1000_200_01_116_vqdm_00074.png
439,VQDM,7016,GenImage_test/VQDM/test/ai/VQDM_1000_200_07_794_vqdm_00039.png
439,VQDM,7017,GenImage_test/VQDM/test/nature/ILSVRC2012_val_00037625.JPEG
439,VQDM,7018,GenImage_test/VQDM/test/ai/VQDM_1000_200_02_227_vqdm_00020.png
439,VQDM,7019,GenImage_test/VQDM/test/nature/ILSVRC2012_val_00008092.JPEG
439,VQDM,7020,GenImage_test/VQDM/test/ai/VQDM_1000_200_08_872_vqdm_00035.png
439,VQDM,7021,GenImage_test/VQDM/test/ai/VQDM_1000_200_06_654_vqdm_00039.png
439,VQDM,7022,GenImage_test/VQDM/test/nature/ILSVRC2012_val_00030312.JPEG
439,VQDM,7023,GenImage_test/VQDM/test/nature/ILSVRC2012_val_00020861.JPEG
440,VQDM,7024,GenImage_test/VQDM/test/nature/ILSVRC2012_val_00014556.JPEG
440,VQDM,7025,GenImage_test/VQDM/test/ai/VQDM_1000_200_04_453_vqdm_00039.png
440,VQDM,7026,GenImage_test/VQDM/test/ai/VQDM_1000_200_01_163_vqdm_00143.png
440,VQDM,7027,GenImage_test/VQDM/test/nature/ILSVRC2012_val_00036423.JPEG
440,VQDM,7028,GenImage_test/VQDM/test/nature/ILSVRC2012_val_00034003.JPEG
440,VQDM,7029,GenImage_test/VQDM/test/nature/ILSVRC2012_val_00039908.JPEG
440,VQDM,7030,GenImage_test/VQDM/test/ai/VQDM_1000_200_03_351_vqdm_00127.png
440,VQDM,7031,GenImage_test/VQDM/test/nature/ILSVRC2012_val_00011323.JPEG
440,VQDM,7032,GenImage_test/VQDM/test/ai/VQDM_1000_200_00_083_vqdm_00074.png
440,VQDM,7033,GenImage_test/VQDM/test/nature/ILSVRC2012_val_00036197.JPEG
440,VQDM,7034,GenImage_test/VQDM/test/ai/VQDM_1000_200_07_720_vqdm_00074.png
440,VQDM,7035,GenImage_test/VQDM/test/ai/VQDM_1000_200_05_547_vqdm_00127.png
440,VQDM,7036,GenImage_test/VQDM/test/ai/VQDM_1000_200_06_622_vqdm_00035.png
440,VQDM,7037,GenImage_test/VQDM/test/ai/VQDM_1000_200_08_854_vqdm_00035.png
440,VQDM,7038,GenImage_test/VQDM/test/nature/ILSVRC2012_val_00008903.JPEG
440,VQDM,7039,GenImage_test/VQDM/test/ai/VQDM_1000_200_04_401_vqdm_00074.png
441,VQDM,7040,GenImage_test/VQDM/test/nature/ILSVRC2012_val_00004210.JPEG
441,VQDM,7041,GenImage_test/VQDM/test/ai/VQDM_1000_200_08_868_vqdm_00127.png
441,VQDM,7042,GenImage_test/VQDM/test/ai/VQDM_1000_200_09_926_vqdm_00127.png
441,VQDM,7043,GenImage_test/VQDM/test/ai/VQDM_1000_200_08_852_vqdm_00074.png
441,VQDM,7044,GenImage_test/VQDM/test/nature/ILSVRC2012_val_00044594.JPEG
441,VQDM,7045,GenImage_test/VQDM/test/nature/ILSVRC2012_val_00014290.JPEG
441,VQDM,7046,GenImage_test/VQDM/test/ai/VQDM_1000_200_03_383_vqdm_00074.png
441,VQDM,7047,GenImage_test/VQDM/test/ai/VQDM_1000_200_02_258_vqdm_00143.png
441,VQDM,7048,GenImage_test/VQDM/test/ai/VQDM_1000_200_02_261_vqdm_00143.png
441,VQDM,7049,GenImage_test/VQDM/test/nature/ILSVRC2012_val_00015210.JPEG
441,VQDM,7050,GenImage_test/VQDM/test/ai/VQDM_1000_200_02_229_vqdm_00039.png
441,VQDM,7051,GenImage_test/VQDM/test/ai/VQDM_1000_200_04_490_vqdm_00035.png
441,VQDM,7052,GenImage_test/VQDM/test/ai/VQDM_1000_200_02_222_vqdm_00127.png
441,VQDM,7053,GenImage_test/VQDM/test/nature/ILSVRC2012_val_00039683.JPEG
441,VQDM,7054,GenImage_test/VQDM/test/ai/VQDM_1000_200_09_988_vqdm_00127.png
441,VQDM,7055,GenImage_test/VQDM/test/ai/VQDM_1000_200_01_151_vqdm_00074.png
442,VQDM,7056,GenImage_test/VQDM/test/ai/VQDM_1000_200_03_309_vqdm_00074.png
442,VQDM,7057,GenImage_test/VQDM/test/nature/ILSVRC2012_val_00014258.JPEG
442,VQDM,7058,GenImage_test/VQDM/test/ai/VQDM_1000_200_09_951_vqdm_00127.png
442,VQDM,7059,GenImage_test/VQDM/test/ai/VQDM_1000_200_01_157_vqdm_00127.png
442,VQDM,7060,GenImage_test/VQDM/test/nature/ILSVRC2012_val_00033490.JPEG
442,VQDM,7061,GenImage_test/VQDM/test/nature/ILSVRC2012_val_00017189.JPEG
442,VQDM,7062,GenImage_test/VQDM/test/ai/VQDM_1000_200_05_553_vqdm_00127.png
442,VQDM,7063,GenImage_test/VQDM/test/ai/VQDM_1000_200_01_181_vqdm_00127.png
442,VQDM,7064,GenImage_test/VQDM/test/ai/VQDM_1000_200_03_342_vqdm_00020.png
442,VQDM,7065,GenImage_test/VQDM/test/nature/ILSVRC2012_val_00000045.JPEG
442,VQDM,7066,GenImage_test/VQDM/test/ai/VQDM_1000_200_00_003_vqdm_00039.png
442,VQDM,7067,GenImage_test/VQDM/test/nature/ILSVRC2012_val_00030139.JPEG
442,VQDM,7068,GenImage_test/VQDM/test/ai/VQDM_1000_200_07_720_vqdm_00035.png
442,VQDM,7069,GenImage_test/VQDM/test/nature/ILSVRC2012_val_00019294.JPEG
442,VQDM,7070,GenImage_test/VQDM/test/ai/VQDM_1000_200_05_524_vqdm_00074.png
442,VQDM,7071,GenImage_test/VQDM/test/ai/VQDM_1000_200_01_180_vqdm_00143.png
443,VQDM,7072,GenImage_test/VQDM/test/nature/ILSVRC2012_val_00033971.JPEG
443,VQDM,7073,GenImage_test/VQDM/test/ai/VQDM_1000_200_05_597_vqdm_00039.png
443,VQDM,7074,GenImage_test/VQDM/test/nature/ILSVRC2012_val_00039890.JPEG
443,VQDM,7075,GenImage_test/VQDM/test/nature/ILSVRC2012_val_00027083.JPEG
443,VQDM,7076,GenImage_test/VQDM/test/nature/ILSVRC2012_val_00015199.JPEG
443,VQDM,7077,GenImage_test/VQDM/test/nature/ILSVRC2012_val_00009237.JPEG
443,VQDM,7078,GenImage_test/VQDM/test/ai/VQDM_1000_200_09_928_vqdm_00074.png
443,VQDM,7079,GenImage_test/VQDM/test/nature/ILSVRC2012_val_00008063.JPEG
443,VQDM,7080,GenImage_test/VQDM/test/nature/ILSVRC2012_val_00036770.JPEG
443,VQDM,7081,GenImage_test/VQDM/test/ai/VQDM_1000_200_03_331_vqdm_00127.png
443,VQDM,7082,GenImage_test/VQDM/test/ai/VQDM_1000_200_00_093_vqdm_00143.png
443,VQDM,7083,GenImage_test/VQDM/test/nature/ILSVRC2012_val_00039840.JPEG
443,VQDM,7084,GenImage_test/VQDM/test/ai/VQDM_1000_200_06_625_vqdm_00074.png
443,VQDM,7085,GenImage_test/VQDM/test/nature/ILSVRC2012_val_00030887.JPEG
443,VQDM,7086,GenImage_test/VQDM/test/nature/ILSVRC2012_val_00018862.JPEG
443,VQDM,7087,GenImage_test/VQDM/test/ai/VQDM_1000_200_09_923_vqdm_00035.png
444,VQDM,7088,GenImage_test/VQDM/test/ai/VQDM_1000_200_04_426_vqdm_00035.png
444,VQDM,7089,GenImage_test/VQDM/test/nature/ILSVRC2012_val_00026342.JPEG
444,VQDM,7090,GenImage_test/VQDM/test/ai/VQDM_1000_200_01_144_vqdm_00039.png
444,VQDM,7091,GenImage_test/VQDM/test/ai/VQDM_1000_200_03_354_vqdm_00074.png
444,VQDM,7092,GenImage_test/VQDM/test/ai/VQDM_1000_200_06_666_vqdm_00035.png
444,VQDM,7093,GenImage_test/VQDM/test/nature/ILSVRC2012_val_00048157.JPEG
444,VQDM,7094,GenImage_test/VQDM/test/nature/ILSVRC2012_val_00028704.JPEG
444,VQDM,7095,GenImage_test/VQDM/test/ai/VQDM_1000_200_04_483_vqdm_00127.png
444,VQDM,7096,GenImage_test/VQDM/test/ai/VQDM_1000_200_04_482_vqdm_00020.png
444,VQDM,7097,GenImage_test/VQDM/test/nature/ILSVRC2012_val_00042822.JPEG
444,VQDM,7098,GenImage_test/VQDM/test/ai/VQDM_1000_200_02_209_vqdm_00127.png
444,VQDM,7099,GenImage_test/VQDM/test/ai/VQDM_1000_200_02_276_vqdm_00039.png
444,VQDM,7100,GenImage_test/VQDM/test/nature/ILSVRC2012_val_00033383.JPEG
444,VQDM,7101,GenImage_test/VQDM/test/nature/ILSVRC2012_val_00031953.JPEG
444,VQDM,7102,GenImage_test/VQDM/test/ai/VQDM_1000_200_05_554_vqdm_00020.png
444,VQDM,7103,GenImage_test/VQDM/test/ai/VQDM_1000_200_07_768_vqdm_00035.png
445,VQDM,7104,GenImage_test/VQDM/test/nature/ILSVRC2012_val_00049425.JPEG
445,VQDM,7105,GenImage_test/VQDM/test/nature/ILSVRC2012_val_00032706.JPEG
445,VQDM,7106,GenImage_test/VQDM/test/nature/ILSVRC2012_val_00013890.JPEG
445,VQDM,7107,GenImage_test/VQDM/test/ai/VQDM_1000_200_07_716_vqdm_00143.png
445,VQDM,7108,GenImage_test/VQDM/test/nature/ILSVRC2012_val_00000751.JPEG
445,VQDM,7109,GenImage_test/VQDM/test/ai/VQDM_1000_200_09_982_vqdm_00039.png
445,VQDM,7110,GenImage_test/VQDM/test/ai/VQDM_1000_200_06_636_vqdm_00039.png
445,VQDM,7111,GenImage_test/VQDM/test/nature/ILSVRC2012_val_00012485.JPEG
445,VQDM,7112,GenImage_test/VQDM/test/ai/VQDM_1000_200_01_141_vqdm_00039.png
445,VQDM,7113,GenImage_test/VQDM/test/ai/VQDM_1000_200_00_064_vqdm_00074.png
445,VQDM,7114,GenImage_test/VQDM/test/nature/ILSVRC2012_val_00045272.JPEG
445,VQDM,7115,GenImage_test/VQDM/test/nature/ILSVRC2012_val_00036661.JPEG
445,VQDM,7116,GenImage_test/VQDM/test/ai/VQDM_1000_200_05_534_vqdm_00143.png
445,VQDM,7117,GenImage_test/VQDM/test/ai/VQDM_1000_200_09_940_vqdm_00039.png
445,VQDM,7118,GenImage_test/VQDM/test/nature/ILSVRC2012_val_00020482.JPEG
445,VQDM,7119,GenImage_test/VQDM/test/ai/VQDM_1000_200_00_050_vqdm_00074.png
446,VQDM,7120,GenImage_test/VQDM/test/ai/VQDM_1000_200_01_199_vqdm_00074.png
446,VQDM,7121,GenImage_test/VQDM/test/nature/ILSVRC2012_val_00034480.JPEG
446,VQDM,7122,GenImage_test/VQDM/test/ai/VQDM_1000_200_03_326_vqdm_00020.png
446,VQDM,7123,GenImage_test/VQDM/test/nature/ILSVRC2012_val_00011414.JPEG
446,VQDM,7124,GenImage_test/VQDM/test/ai/VQDM_1000_200_08_889_vqdm_00039.png
446,VQDM,7125,GenImage_test/VQDM/test/ai/VQDM_1000_200_00_049_vqdm_00143.png
446,VQDM,7126,GenImage_test/VQDM/test/nature/ILSVRC2012_val_00026973.JPEG
446,VQDM,7127,GenImage_test/VQDM/test/ai/VQDM_1000_200_00_032_vqdm_00074.png
446,VQDM,7128,GenImage_test/VQDM/test/nature/ILSVRC2012_val_00022822.JPEG
446,VQDM,7129,GenImage_test/VQDM/test/ai/VQDM_1000_200_09_906_vqdm_00127.png
446,VQDM,7130,GenImage_test/VQDM/test/nature/ILSVRC2012_val_00019737.JPEG
446,VQDM,7131,GenImage_test/VQDM/test/nature/ILSVRC2012_val_00034511.JPEG
446,VQDM,7132,GenImage_test/VQDM/test/nature/ILSVRC2012_val_00020212.JPEG
446,VQDM,7133,GenImage_test/VQDM/test/ai/VQDM_1000_200_04_460_vqdm_00039.png
446,VQDM,7134,GenImage_test/VQDM/test/ai/VQDM_1000_200_02_270_vqdm_00143.png
446,VQDM,7135,GenImage_test/VQDM/test/nature/ILSVRC2012_val_00003059.JPEG
447,VQDM,7136,GenImage_test/VQDM/test/ai/VQDM_1000_200_01_137_vqdm_00074.png
447,VQDM,7137,GenImage_test/VQDM/test/nature/ILSVRC2012_val_00029890.JPEG
447,VQDM,7138,GenImage_test/VQDM/test/ai/VQDM_1000_200_02_217_vqdm_00143.png
447,VQDM,7139,GenImage_test/VQDM/test/nature/ILSVRC2012_val_00014264.JPEG
447,VQDM,7140,GenImage_test/VQDM/test/nature/ILSVRC2012_val_00017513.JPEG
447,VQDM,7141,GenImage_test/VQDM/test/ai/VQDM_1000_200_07_765_vqdm_00020.png
447,VQDM,7142,GenImage_test/VQDM/test/ai/VQDM_1000_200_09_992_vqdm_00039.png
447,VQDM,7143,GenImage_test/VQDM/test/ai/VQDM_1000_200_06_644_vqdm_00143.png
447,VQDM,7144,GenImage_test/VQDM/test/nature/ILSVRC2012_val_00002712.JPEG
447,VQDM,7145,GenImage_test/VQDM/test/ai/VQDM_1000_200_04_408_vqdm_00035.png
447,VQDM,7146,GenImage_test/VQDM/test/nature/ILSVRC2012_val_00018682.JPEG
447,VQDM,7147,GenImage_test/VQDM/test/nature/ILSVRC2012_val_00022287.JPEG
447,VQDM,7148,GenImage_test/VQDM/test/nature/ILSVRC2012_val_00030570.JPEG
447,VQDM,7149,GenImage_test/VQDM/test/nature/ILSVRC2012_val_00033892.JPEG
447,VQDM,7150,GenImage_test/VQDM/test/ai/VQDM_1000_200_03_358_vqdm_00020.png
447,VQDM,7151,GenImage_test/VQDM/test/nature/ILSVRC2012_val_00017579.JPEG
448,VQDM,7152,GenImage_test/VQDM/test/nature/ILSVRC2012_val_00000085.JPEG
448,VQDM,7153,GenImage_test/VQDM/test/nature/ILSVRC2012_val_00007206.JPEG
448,VQDM,7154,GenImage_test/VQDM/test/ai/VQDM_1000_200_05_571_vqdm_00020.png
448,VQDM,7155,GenImage_test/VQDM/test/ai/VQDM_1000_200_00_032_vqdm_00035.png
448,VQDM,7156,GenImage_test/VQDM/test/nature/ILSVRC2012_val_00002629.JPEG
448,VQDM,7157,GenImage_test/VQDM/test/nature/ILSVRC2012_val_00035834.JPEG
448,VQDM,7158,GenImage_test/VQDM/test/nature/ILSVRC2012_val_00038648.JPEG
448,VQDM,7159,GenImage_test/VQDM/test/nature/ILSVRC2012_val_00043358.JPEG
448,VQDM,7160,GenImage_test/VQDM/test/ai/VQDM_1000_200_01_193_vqdm_00127.png
448,VQDM,7161,GenImage_test/VQDM/test/ai/VQDM_1000_200_00_062_vqdm_00020.png
448,VQDM,7162,GenImage_test/VQDM/test/nature/ILSVRC2012_val_00040454.JPEG
448,VQDM,7163,GenImage_test/VQDM/test/ai/VQDM_1000_200_08_815_vqdm_00035.png
448,VQDM,7164,GenImage_test/VQDM/test/nature/ILSVRC2012_val_00031367.JPEG
448,VQDM,7165,GenImage_test/VQDM/test/nature/ILSVRC2012_val_00015968.JPEG
448,VQDM,7166,GenImage_test/VQDM/test/nature/ILSVRC2012_val_00003246.JPEG
448,VQDM,7167,GenImage_test/VQDM/test/ai/VQDM_1000_200_05_596_vqdm_00127.png
449,VQDM,7168,GenImage_test/VQDM/test/nature/ILSVRC2012_val_00000803.JPEG
449,VQDM,7169,GenImage_test/VQDM/test/nature/ILSVRC2012_val_00015911.JPEG
449,VQDM,7170,GenImage_test/VQDM/test/nature/ILSVRC2012_val_00009255.JPEG
449,VQDM,7171,GenImage_test/VQDM/test/nature/ILSVRC2012_val_00001200.JPEG
449,VQDM,7172,GenImage_test/VQDM/test/ai/VQDM_1000_200_05_569_vqdm_00035.png
449,VQDM,7173,GenImage_test/VQDM/test/ai/VQDM_1000_200_09_973_vqdm_00143.png
449,VQDM,7174,GenImage_test/VQDM/test/ai/VQDM_1000_200_09_927_vqdm_00143.png
449,VQDM,7175,GenImage_test/VQDM/test/nature/ILSVRC2012_val_00011541.JPEG
449,VQDM,7176,GenImage_test/VQDM/test/ai/VQDM_1000_200_05_552_vqdm_00020.png
449,VQDM,7177,GenImage_test/VQDM/test/ai/VQDM_1000_200_02_272_vqdm_00143.png
449,VQDM,7178,GenImage_test/VQDM/test/ai/VQDM_1000_200_02_251_vqdm_00020.png
449,VQDM,7179,GenImage_test/VQDM/test/nature/ILSVRC2012_val_00033972.JPEG
449,VQDM,7180,GenImage_test/VQDM/test/ai/VQDM_1000_200_00_091_vqdm_00039.png
449,VQDM,7181,GenImage_test/VQDM/test/ai/VQDM_1000_200_08_801_vqdm_00039.png
449,VQDM,7182,GenImage_test/VQDM/test/ai/VQDM_1000_200_00_056_vqdm_00074.png
449,VQDM,7183,GenImage_test/VQDM/test/ai/VQDM_1000_200_00_065_vqdm_00039.png
450,VQDM,7184,GenImage_test/VQDM/test/nature/ILSVRC2012_val_00035622.JPEG
450,VQDM,7185,GenImage_test/VQDM/test/ai/VQDM_1000_200_01_122_vqdm_00039.png
450,VQDM,7186,GenImage_test/VQDM/test/nature/ILSVRC2012_val_00023970.JPEG
450,VQDM,7187,GenImage_test/VQDM/test/ai/VQDM_1000_200_04_404_vqdm_00020.png
450,VQDM,7188,GenImage_test/VQDM/test/ai/VQDM_1000_200_06_677_vqdm_00074.png
450,VQDM,7189,GenImage_test/VQDM/test/ai/VQDM_1000_200_01_184_vqdm_00143.png
450,VQDM,7190,GenImage_test/VQDM/test/nature/ILSVRC2012_val_00007188.JPEG
450,VQDM,7191,GenImage_test/VQDM/test/nature/ILSVRC2012_val_00009248.JPEG
450,VQDM,7192,GenImage_test/VQDM/test/ai/VQDM_1000_200_00_017_vqdm_00039.png
450,VQDM,7193,GenImage_test/VQDM/test/nature/ILSVRC2012_val_00005066.JPEG
450,VQDM,7194,GenImage_test/VQDM/test/ai/VQDM_1000_200_08_832_vqdm_00127.png
450,VQDM,7195,GenImage_test/VQDM/test/nature/ILSVRC2012_val_00047120.JPEG
450,VQDM,7196,GenImage_test/VQDM/test/ai/VQDM_1000_200_01_128_vqdm_00035.png
450,VQDM,7197,GenImage_test/VQDM/test/nature/ILSVRC2012_val_00002183.JPEG
450,VQDM,7198,GenImage_test/VQDM/test/ai/VQDM_1000_200_07_700_vqdm_00020.png
450,VQDM,7199,GenImage_test/VQDM/test/ai/VQDM_1000_200_07_756_vqdm_00020.png
451,VQDM,7200,GenImage_test/VQDM/test/ai/VQDM_1000_200_04_404_vqdm_00143.png
451,VQDM,7201,GenImage_test/VQDM/test/nature/ILSVRC2012_val_00018606.JPEG
451,VQDM,7202,GenImage_test/VQDM/test/nature/ILSVRC2012_val_00042488.JPEG
451,VQDM,7203,GenImage_test/VQDM/test/nature/ILSVRC2012_val_00023838.JPEG
451,VQDM,7204,GenImage_test/VQDM/test/ai/VQDM_1000_200_05_552_vqdm_00143.png
451,VQDM,7205,GenImage_test/VQDM/test/nature/ILSVRC2012_val_00046436.JPEG
451,VQDM,7206,GenImage_test/VQDM/test/ai/VQDM_1000_200_05_516_vqdm_00020.png
451,VQDM,7207,GenImage_test/VQDM/test/nature/ILSVRC2012_val_00007813.JPEG
451,VQDM,7208,GenImage_test/VQDM/test/nature/ILSVRC2012_val_00042584.JPEG
451,VQDM,7209,GenImage_test/VQDM/test/ai/VQDM_1000_200_02_224_vqdm_00039.png
451,VQDM,7210,GenImage_test/VQDM/test/ai/VQDM_1000_200_09_993_vqdm_00039.png
451,VQDM,7211,GenImage_test/VQDM/test/nature/ILSVRC2012_val_00030799.JPEG
451,VQDM,7212,GenImage_test/VQDM/test/ai/VQDM_1000_200_08_830_vqdm_00074.png
451,VQDM,7213,GenImage_test/VQDM/test/ai/VQDM_1000_200_05_506_vqdm_00039.png
451,VQDM,7214,GenImage_test/VQDM/test/nature/ILSVRC2012_val_00004617.JPEG
451,VQDM,7215,GenImage_test/VQDM/test/nature/ILSVRC2012_val_00018549.JPEG
452,VQDM,7216,GenImage_test/VQDM/test/nature/ILSVRC2012_val_00003777.JPEG
452,VQDM,7217,GenImage_test/VQDM/test/ai/VQDM_1000_200_07_752_vqdm_00020.png
452,VQDM,7218,GenImage_test/VQDM/test/nature/ILSVRC2012_val_00035268.JPEG
452,VQDM,7219,GenImage_test/VQDM/test/nature/ILSVRC2012_val_00020062.JPEG
452,VQDM,7220,GenImage_test/VQDM/test/ai/VQDM_1000_200_09_924_vqdm_00020.png
452,VQDM,7221,GenImage_test/VQDM/test/nature/ILSVRC2012_val_00010767.JPEG
452,VQDM,7222,GenImage_test/VQDM/test/ai/VQDM_1000_200_09_961_vqdm_00035.png
452,VQDM,7223,GenImage_test/VQDM/test/ai/VQDM_1000_200_05_500_vqdm_00039.png
452,VQDM,7224,GenImage_test/VQDM/test/nature/ILSVRC2012_val_00036823.JPEG
452,VQDM,7225,GenImage_test/VQDM/test/nature/ILSVRC2012_val_00039680.JPEG
452,VQDM,7226,GenImage_test/VQDM/test/nature/ILSVRC2012_val_00026357.JPEG
452,VQDM,7227,GenImage_test/VQDM/test/ai/VQDM_1000_200_09_918_vqdm_00143.png
452,VQDM,7228,GenImage_test/VQDM/test/ai/VQDM_1000_200_06_675_vqdm_00143.png
452,VQDM,7229,GenImage_test/VQDM/test/ai/VQDM_1000_200_07_771_vqdm_00127.png
452,VQDM,7230,GenImage_test/VQDM/test/ai/VQDM_1000_200_07_720_vqdm_00039.png
452,VQDM,7231,GenImage_test/VQDM/test/nature/ILSVRC2012_val_00025017.JPEG
453,VQDM,7232,GenImage_test/VQDM/test/nature/ILSVRC2012_val_00024802.JPEG
453,VQDM,7233,GenImage_test/VQDM/test/ai/VQDM_1000_200_04_442_vqdm_00074.png
453,VQDM,7234,GenImage_test/VQDM/test/nature/ILSVRC2012_val_00019882.JPEG
453,VQDM,7235,GenImage_test/VQDM/test/nature/ILSVRC2012_val_00016937.JPEG
453,VQDM,7236,GenImage_test/VQDM/test/nature/ILSVRC2012_val_00049038.JPEG
453,VQDM,7237,GenImage_test/VQDM/test/nature/ILSVRC2012_val_00043488.JPEG
453,VQDM,7238,GenImage_test/VQDM/test/nature/ILSVRC2012_val_00031047.JPEG
453,VQDM,7239,GenImage_test/VQDM/test/nature/ILSVRC2012_val_00014546.JPEG
453,VQDM,7240,GenImage_test/VQDM/test/nature/ILSVRC2012_val_00017062.JPEG
453,VQDM,7241,GenImage_test/VQDM/test/nature/ILSVRC2012_val_00029058.JPEG
453,VQDM,7242,GenImage_test/VQDM/test/nature/ILSVRC2012_val_00028673.JPEG
453,VQDM,7243,GenImage_test/VQDM/test/ai/VQDM_1000_200_01_114_vqdm_00020.png
453,VQDM,7244,GenImage_test/VQDM/test/nature/ILSVRC2012_val_00016777.JPEG
453,VQDM,7245,GenImage_test/VQDM/test/nature/ILSVRC2012_val_00006403.JPEG
453,VQDM,7246,GenImage_test/VQDM/test/nature/ILSVRC2012_val_00000137.JPEG
453,VQDM,7247,GenImage_test/VQDM/test/nature/ILSVRC2012_val_00035717.JPEG
454,VQDM,7248,GenImage_test/VQDM/test/ai/VQDM_1000_200_09_946_vqdm_00074.png
454,VQDM,7249,GenImage_test/VQDM/test/nature/ILSVRC2012_val_00000464.JPEG
454,VQDM,7250,GenImage_test/VQDM/test/ai/VQDM_1000_200_05_541_vqdm_00143.png
454,VQDM,7251,GenImage_test/VQDM/test/nature/ILSVRC2012_val_00027874.JPEG
454,VQDM,7252,GenImage_test/VQDM/test/ai/VQDM_1000_200_03_304_vqdm_00039.png
454,VQDM,7253,GenImage_test/VQDM/test/nature/ILSVRC2012_val_00034597.JPEG
454,VQDM,7254,GenImage_test/VQDM/test/ai/VQDM_1000_200_09_985_vqdm_00020.png
454,VQDM,7255,GenImage_test/VQDM/test/ai/VQDM_1000_200_07_704_vqdm_00143.png
454,VQDM,7256,GenImage_test/VQDM/test/nature/ILSVRC2012_val_00000813.JPEG
454,VQDM,7257,GenImage_test/VQDM/test/nature/ILSVRC2012_val_00015360.JPEG
454,VQDM,7258,GenImage_test/VQDM/test/ai/VQDM_1000_200_04_424_vqdm_00020.png
454,VQDM,7259,GenImage_test/VQDM/test/ai/VQDM_1000_200_03_387_vqdm_00035.png
454,VQDM,7260,GenImage_test/VQDM/test/ai/VQDM_1000_200_07_770_vqdm_00035.png
454,VQDM,7261,GenImage_test/VQDM/test/nature/ILSVRC2012_val_00042881.JPEG
454,VQDM,7262,GenImage_test/VQDM/test/nature/ILSVRC2012_val_00048613.JPEG
454,VQDM,7263,GenImage_test/VQDM/test/nature/ILSVRC2012_val_00012349.JPEG
455,VQDM,7264,GenImage_test/VQDM/test/nature/ILSVRC2012_val_00013403.JPEG
455,VQDM,7265,GenImage_test/VQDM/test/nature/ILSVRC2012_val_00033498.JPEG
455,VQDM,7266,GenImage_test/VQDM/test/ai/VQDM_1000_200_05_590_vqdm_00020.png
455,VQDM,7267,GenImage_test/VQDM/test/nature/ILSVRC2012_val_00039206.JPEG
455,VQDM,7268,GenImage_test/VQDM/test/nature/ILSVRC2012_val_00006045.JPEG
455,VQDM,7269,GenImage_test/VQDM/test/ai/VQDM_1000_200_06_635_vqdm_00020.png
455,VQDM,7270,GenImage_test/VQDM/test/nature/ILSVRC2012_val_00039425.JPEG
455,VQDM,7271,GenImage_test/VQDM/test/nature/ILSVRC2012_val_00039294.JPEG
455,VQDM,7272,GenImage_test/VQDM/test/ai/VQDM_1000_200_09_954_vqdm_00143.png
455,VQDM,7273,GenImage_test/VQDM/test/nature/ILSVRC2012_val_00025126.JPEG
455,VQDM,7274,GenImage_test/VQDM/test/nature/ILSVRC2012_val_00047559.JPEG
455,VQDM,7275,GenImage_test/VQDM/test/ai/VQDM_1000_200_08_816_vqdm_00127.png
455,VQDM,7276,GenImage_test/VQDM/test/ai/VQDM_1000_200_06_646_vqdm_00127.png
455,VQDM,7277,GenImage_test/VQDM/test/ai/VQDM_1000_200_00_035_vqdm_00020.png
455,VQDM,7278,GenImage_test/VQDM/test/ai/VQDM_1000_200_02_214_vqdm_00074.png
455,VQDM,7279,GenImage_test/VQDM/test/nature/ILSVRC2012_val_00044903.JPEG
456,VQDM,7280,GenImage_test/VQDM/test/nature/ILSVRC2012_val_00029822.JPEG
456,VQDM,7281,GenImage_test/VQDM/test/ai/VQDM_1000_200_01_101_vqdm_00039.png
456,VQDM,7282,GenImage_test/VQDM/test/ai/VQDM_1000_200_08_866_vqdm_00039.png
456,VQDM,7283,GenImage_test/VQDM/test/ai/VQDM_1000_200_04_488_vqdm_00143.png
456,VQDM,7284,GenImage_test/VQDM/test/nature/ILSVRC2012_val_00041186.JPEG
456,VQDM,7285,GenImage_test/VQDM/test/ai/VQDM_1000_200_01_194_vqdm_00143.png
456,VQDM,7286,GenImage_test/VQDM/test/ai/VQDM_1000_200_02_260_vqdm_00127.png
456,VQDM,7287,GenImage_test/VQDM/test/ai/VQDM_1000_200_01_189_vqdm_00143.png
456,VQDM,7288,GenImage_test/VQDM/test/ai/VQDM_1000_200_06_658_vqdm_00127.png
456,VQDM,7289,GenImage_test/VQDM/test/nature/ILSVRC2012_val_00012705.JPEG
456,VQDM,7290,GenImage_test/VQDM/test/ai/VQDM_1000_200_08_811_vqdm_00035.png
456,VQDM,7291,GenImage_test/VQDM/test/ai/VQDM_1000_200_08_822_vqdm_00035.png
456,VQDM,7292,GenImage_test/VQDM/test/nature/ILSVRC2012_val_00037581.JPEG
456,VQDM,7293,GenImage_test/VQDM/test/ai/VQDM_1000_200_08_886_vqdm_00074.png
456,VQDM,7294,GenImage_test/VQDM/test/ai/VQDM_1000_200_05_577_vqdm_00127.png
456,VQDM,7295,GenImage_test/VQDM/test/ai/VQDM_1000_200_08_837_vqdm_00074.png
457,VQDM,7296,GenImage_test/VQDM/test/nature/ILSVRC2012_val_00001222.JPEG
457,VQDM,7297,GenImage_test/VQDM/test/ai/VQDM_1000_200_04_418_vqdm_00039.png
457,VQDM,7298,GenImage_test/VQDM/test/nature/ILSVRC2012_val_00026743.JPEG
457,VQDM,7299,GenImage_test/VQDM/test/nature/ILSVRC2012_val_00028588.JPEG
457,VQDM,7300,GenImage_test/VQDM/test/nature/ILSVRC2012_val_00038478.JPEG
457,VQDM,7301,GenImage_test/VQDM/test/ai/VQDM_1000_200_03_363_vqdm_00074.png
457,VQDM,7302,GenImage_test/VQDM/test/nature/ILSVRC2012_val_00001192.JPEG
457,VQDM,7303,GenImage_test/VQDM/test/ai/VQDM_1000_200_01_100_vqdm_00035.png
457,VQDM,7304,GenImage_test/VQDM/test/ai/VQDM_1000_200_07_793_vqdm_00039.png
457,VQDM,7305,GenImage_test/VQDM/test/ai/VQDM_1000_200_02_277_vqdm_00020.png
457,VQDM,7306,GenImage_test/VQDM/test/ai/VQDM_1000_200_01_162_vqdm_00143.png
457,VQDM,7307,GenImage_test/VQDM/test/nature/ILSVRC2012_val_00035501.JPEG
457,VQDM,7308,GenImage_test/VQDM/test/ai/VQDM_1000_200_09_934_vqdm_00074.png
457,VQDM,7309,GenImage_test/VQDM/test/nature/ILSVRC2012_val_00035289.JPEG
457,VQDM,7310,GenImage_test/VQDM/test/nature/ILSVRC2012_val_00018882.JPEG
457,VQDM,7311,GenImage_test/VQDM/test/ai/VQDM_1000_200_08_887_vqdm_00035.png
458,VQDM,7312,GenImage_test/VQDM/test/nature/ILSVRC2012_val_00001816.JPEG
458,VQDM,7313,GenImage_test/VQDM/test/ai/VQDM_1000_200_01_132_vqdm_00035.png
458,VQDM,7314,GenImage_test/VQDM/test/nature/ILSVRC2012_val_00039369.JPEG
458,VQDM,7315,GenImage_test/VQDM/test/nature/ILSVRC2012_val_00032246.JPEG
458,VQDM,7316,GenImage_test/VQDM/test/ai/VQDM_1000_200_05_562_vqdm_00143.png
458,VQDM,7317,GenImage_test/VQDM/test/ai/VQDM_1000_200_03_303_vqdm_00127.png
458,VQDM,7318,GenImage_test/VQDM/test/nature/ILSVRC2012_val_00014292.JPEG
458,VQDM,7319,GenImage_test/VQDM/test/ai/VQDM_1000_200_05_527_vqdm_00035.png
458,VQDM,7320,GenImage_test/VQDM/test/ai/VQDM_1000_200_07_748_vqdm_00020.png
458,VQDM,7321,GenImage_test/VQDM/test/ai/VQDM_1000_200_08_855_vqdm_00127.png
458,VQDM,7322,GenImage_test/VQDM/test/nature/ILSVRC2012_val_00026851.JPEG
458,VQDM,7323,GenImage_test/VQDM/test/nature/ILSVRC2012_val_00048040.JPEG
458,VQDM,7324,GenImage_test/VQDM/test/nature/ILSVRC2012_val_00041916.JPEG
458,VQDM,7325,GenImage_test/VQDM/test/nature/ILSVRC2012_val_00019378.JPEG
458,VQDM,7326,GenImage_test/VQDM/test/ai/VQDM_1000_200_03_347_vqdm_00143.png
458,VQDM,7327,GenImage_test/VQDM/test/ai/VQDM_1000_200_02_291_vqdm_00020.png
459,VQDM,7328,GenImage_test/VQDM/test/ai/VQDM_1000_200_05_598_vqdm_00020.png
459,VQDM,7329,GenImage_test/VQDM/test/ai/VQDM_1000_200_06_650_vqdm_00039.png
459,VQDM,7330,GenImage_test/VQDM/test/ai/VQDM_1000_200_09_980_vqdm_00127.png
459,VQDM,7331,GenImage_test/VQDM/test/nature/ILSVRC2012_val_00014378.JPEG
459,VQDM,7332,GenImage_test/VQDM/test/nature/ILSVRC2012_val_00045778.JPEG
459,VQDM,7333,GenImage_test/VQDM/test/nature/ILSVRC2012_val_00004508.JPEG
459,VQDM,7334,GenImage_test/VQDM/test/nature/ILSVRC2012_val_00027543.JPEG
459,VQDM,7335,GenImage_test/VQDM/test/nature/ILSVRC2012_val_00038425.JPEG
459,VQDM,7336,GenImage_test/VQDM/test/nature/ILSVRC2012_val_00023541.JPEG
459,VQDM,7337,GenImage_test/VQDM/test/nature/ILSVRC2012_val_00030014.JPEG
459,VQDM,7338,GenImage_test/VQDM/test/ai/VQDM_1000_200_01_122_vqdm_00020.png
459,VQDM,7339,GenImage_test/VQDM/test/ai/VQDM_1000_200_00_053_vqdm_00039.png
459,VQDM,7340,GenImage_test/VQDM/test/ai/VQDM_1000_200_01_154_vqdm_00127.png
459,VQDM,7341,GenImage_test/VQDM/test/ai/VQDM_1000_200_00_052_vqdm_00035.png
459,VQDM,7342,GenImage_test/VQDM/test/nature/ILSVRC2012_val_00043961.JPEG
459,VQDM,7343,GenImage_test/VQDM/test/ai/VQDM_1000_200_05_554_vqdm_00039.png
460,VQDM,7344,GenImage_test/VQDM/test/ai/VQDM_1000_200_03_370_vqdm_00143.png
460,VQDM,7345,GenImage_test/VQDM/test/ai/VQDM_1000_200_01_135_vqdm_00127.png
460,VQDM,7346,GenImage_test/VQDM/test/ai/VQDM_1000_200_04_442_vqdm_00020.png
460,VQDM,7347,GenImage_test/VQDM/test/ai/VQDM_1000_200_00_030_vqdm_00035.png
460,VQDM,7348,GenImage_test/VQDM/test/nature/ILSVRC2012_val_00029725.JPEG
460,VQDM,7349,GenImage_test/VQDM/test/nature/ILSVRC2012_val_00033246.JPEG
460,VQDM,7350,GenImage_test/VQDM/test/nature/ILSVRC2012_val_00049307.JPEG
460,VQDM,7351,GenImage_test/VQDM/test/ai/VQDM_1000_200_03_375_vqdm_00035.png
460,VQDM,7352,GenImage_test/VQDM/test/ai/VQDM_1000_200_05_521_vqdm_00143.png
460,VQDM,7353,GenImage_test/VQDM/test/ai/VQDM_1000_200_05_576_vqdm_00143.png
460,VQDM,7354,GenImage_test/VQDM/test/nature/ILSVRC2012_val_00030337.JPEG
460,VQDM,7355,GenImage_test/VQDM/test/nature/ILSVRC2012_val_00046837.JPEG
460,VQDM,7356,GenImage_test/VQDM/test/ai/VQDM_1000_200_03_327_vqdm_00039.png
460,VQDM,7357,GenImage_test/VQDM/test/nature/ILSVRC2012_val_00007284.JPEG
460,VQDM,7358,GenImage_test/VQDM/test/nature/ILSVRC2012_val_00049184.JPEG
460,VQDM,7359,GenImage_test/VQDM/test/ai/VQDM_1000_200_00_051_vqdm_00143.png
461,VQDM,7360,GenImage_test/VQDM/test/nature/ILSVRC2012_val_00032321.JPEG
461,VQDM,7361,GenImage_test/VQDM/test/ai/VQDM_1000_200_00_014_vqdm_00035.png
461,VQDM,7362,GenImage_test/VQDM/test/nature/ILSVRC2012_val_00011827.JPEG
461,VQDM,7363,GenImage_test/VQDM/test/ai/VQDM_1000_200_00_081_vqdm_00074.png
461,VQDM,7364,GenImage_test/VQDM/test/nature/ILSVRC2012_val_00025340.JPEG
461,VQDM,7365,GenImage_test/VQDM/test/ai/VQDM_1000_200_05_571_vqdm_00143.png
461,VQDM,7366,GenImage_test/VQDM/test/nature/ILSVRC2012_val_00038855.JPEG
461,VQDM,7367,GenImage_test/VQDM/test/nature/ILSVRC2012_val_00036947.JPEG
461,VQDM,7368,GenImage_test/VQDM/test/ai/VQDM_1000_200_08_851_vqdm_00039.png
461,VQDM,7369,GenImage_test/VQDM/test/nature/ILSVRC2012_val_00049465.JPEG
461,VQDM,7370,GenImage_test/VQDM/test/nature/ILSVRC2012_val_00026709.JPEG
461,VQDM,7371,GenImage_test/VQDM/test/nature/ILSVRC2012_val_00017572.JPEG
461,VQDM,7372,GenImage_test/VQDM/test/nature/ILSVRC2012_val_00017003.JPEG
461,VQDM,7373,GenImage_test/VQDM/test/nature/ILSVRC2012_val_00018290.JPEG
461,VQDM,7374,GenImage_test/VQDM/test/ai/VQDM_1000_200_02_238_vqdm_00035.png
461,VQDM,7375,GenImage_test/VQDM/test/ai/VQDM_1000_200_02_235_vqdm_00127.png
462,VQDM,7376,GenImage_test/VQDM/test/ai/VQDM_1000_200_02_240_vqdm_00039.png
462,VQDM,7377,GenImage_test/VQDM/test/ai/VQDM_1000_200_09_920_vqdm_00074.png
462,VQDM,7378,GenImage_test/VQDM/test/nature/ILSVRC2012_val_00026574.JPEG
462,VQDM,7379,GenImage_test/VQDM/test/ai/VQDM_1000_200_08_881_vqdm_00143.png
462,VQDM,7380,GenImage_test/VQDM/test/nature/ILSVRC2012_val_00006488.JPEG
462,VQDM,7381,GenImage_test/VQDM/test/nature/ILSVRC2012_val_00036986.JPEG
462,VQDM,7382,GenImage_test/VQDM/test/ai/VQDM_1000_200_08_879_vqdm_00020.png
462,VQDM,7383,GenImage_test/VQDM/test/ai/VQDM_1000_200_06_660_vqdm_00143.png
462,VQDM,7384,GenImage_test/VQDM/test/ai/VQDM_1000_200_03_346_vqdm_00039.png
462,VQDM,7385,GenImage_test/VQDM/test/ai/VQDM_1000_200_01_184_vqdm_00127.png
462,VQDM,7386,GenImage_test/VQDM/test/ai/VQDM_1000_200_06_609_vqdm_00035.png
462,VQDM,7387,GenImage_test/VQDM/test/ai/VQDM_1000_200_01_115_vqdm_00074.png
462,VQDM,7388,GenImage_test/VQDM/test/nature/ILSVRC2012_val_00011834.JPEG
462,VQDM,7389,GenImage_test/VQDM/test/ai/VQDM_1000_200_09_993_vqdm_00035.png
462,VQDM,7390,GenImage_test/VQDM/test/ai/VQDM_1000_200_09_966_vqdm_00074.png
462,VQDM,7391,GenImage_test/VQDM/test/nature/ILSVRC2012_val_00002357.JPEG
463,VQDM,7392,GenImage_test/VQDM/test/ai/VQDM_1000_200_07_708_vqdm_00143.png
463,VQDM,7393,GenImage_test/VQDM/test/ai/VQDM_1000_200_05_595_vqdm_00127.png
463,VQDM,7394,GenImage_test/VQDM/test/ai/VQDM_1000_200_06_659_vqdm_00127.png
463,VQDM,7395,GenImage_test/VQDM/test/ai/VQDM_1000_200_05_598_vqdm_00074.png
463,VQDM,7396,GenImage_test/VQDM/test/ai/VQDM_1000_200_04_435_vqdm_00035.png
463,VQDM,7397,GenImage_test/VQDM/test/nature/ILSVRC2012_val_00016347.JPEG
463,VQDM,7398,GenImage_test/VQDM/test/nature/ILSVRC2012_val_00010530.JPEG
463,VQDM,7399,GenImage_test/VQDM/test/ai/VQDM_1000_200_09_915_vqdm_00074.png
463,VQDM,7400,GenImage_test/VQDM/test/nature/ILSVRC2012_val_00042759.JPEG
463,VQDM,7401,GenImage_test/VQDM/test/ai/VQDM_1000_200_04_426_vqdm_00020.png
463,VQDM,7402,GenImage_test/VQDM/test/ai/VQDM_1000_200_08_846_vqdm_00127.png
463,VQDM,7403,GenImage_test/VQDM/test/nature/ILSVRC2012_val_00003347.JPEG
463,VQDM,7404,GenImage_test/VQDM/test/ai/VQDM_1000_200_03_391_vqdm_00020.png
463,VQDM,7405,GenImage_test/VQDM/test/nature/ILSVRC2012_val_00037397.JPEG
463,VQDM,7406,GenImage_test/VQDM/test/ai/VQDM_1000_200_02_299_vqdm_00035.png
463,VQDM,7407,GenImage_test/VQDM/test/nature/ILSVRC2012_val_00005591.JPEG
464,VQDM,7408,GenImage_test/VQDM/test/nature/ILSVRC2012_val_00044509.JPEG
464,VQDM,7409,GenImage_test/VQDM/test/ai/VQDM_1000_200_01_143_vqdm_00127.png
464,VQDM,7410,GenImage_test/VQDM/test/ai/VQDM_1000_200_08_858_vqdm_00020.png
464,VQDM,7411,GenImage_test/VQDM/test/nature/ILSVRC2012_val_00027260.JPEG
464,VQDM,7412,GenImage_test/VQDM/test/nature/ILSVRC2012_val_00039428.JPEG
464,VQDM,7413,GenImage_test/VQDM/test/ai/VQDM_1000_200_09_944_vqdm_00035.png
464,VQDM,7414,GenImage_test/VQDM/test/nature/ILSVRC2012_val_00028864.JPEG
464,VQDM,7415,GenImage_test/VQDM/test/ai/VQDM_1000_200_08_890_vqdm_00035.png
464,VQDM,7416,GenImage_test/VQDM/test/nature/ILSVRC2012_val_00012516.JPEG
464,VQDM,7417,GenImage_test/VQDM/test/ai/VQDM_1000_200_05_519_vqdm_00143.png
464,VQDM,7418,GenImage_test/VQDM/test/ai/VQDM_1000_200_00_092_vqdm_00039.png
464,VQDM,7419,GenImage_test/VQDM/test/ai/VQDM_1000_200_06_623_vqdm_00074.png
464,VQDM,7420,GenImage_test/VQDM/test/ai/VQDM_1000_200_00_059_vqdm_00127.png
464,VQDM,7421,GenImage_test/VQDM/test/ai/VQDM_1000_200_09_935_vqdm_00074.png
464,VQDM,7422,GenImage_test/VQDM/test/nature/ILSVRC2012_val_00009425.JPEG
464,VQDM,7423,GenImage_test/VQDM/test/nature/ILSVRC2012_val_00001733.JPEG
465,VQDM,7424,GenImage_test/VQDM/test/nature/ILSVRC2012_val_00024396.JPEG
465,VQDM,7425,GenImage_test/VQDM/test/ai/VQDM_1000_200_00_006_vqdm_00074.png
465,VQDM,7426,GenImage_test/VQDM/test/ai/VQDM_1000_200_03_327_vqdm_00127.png
465,VQDM,7427,GenImage_test/VQDM/test/nature/ILSVRC2012_val_00019364.JPEG
465,VQDM,7428,GenImage_test/VQDM/test/nature/ILSVRC2012_val_00048006.JPEG
465,VQDM,7429,GenImage_test/VQDM/test/nature/ILSVRC2012_val_00031987.JPEG
465,VQDM,7430,GenImage_test/VQDM/test/ai/VQDM_1000_200_06_692_vqdm_00127.png
465,VQDM,7431,GenImage_test/VQDM/test/ai/VQDM_1000_200_01_165_vqdm_00039.png
465,VQDM,7432,GenImage_test/VQDM/test/ai/VQDM_1000_200_02_260_vqdm_00074.png
465,VQDM,7433,GenImage_test/VQDM/test/nature/ILSVRC2012_val_00017374.JPEG
465,VQDM,7434,GenImage_test/VQDM/test/nature/ILSVRC2012_val_00023155.JPEG
465,VQDM,7435,GenImage_test/VQDM/test/ai/VQDM_1000_200_03_311_vqdm_00020.png
465,VQDM,7436,GenImage_test/VQDM/test/nature/ILSVRC2012_val_00029169.JPEG
465,VQDM,7437,GenImage_test/VQDM/test/nature/ILSVRC2012_val_00021793.JPEG
465,VQDM,7438,GenImage_test/VQDM/test/ai/VQDM_1000_200_00_031_vqdm_00020.png
465,VQDM,7439,GenImage_test/VQDM/test/nature/ILSVRC2012_val_00044275.JPEG
466,VQDM,7440,GenImage_test/VQDM/test/ai/VQDM_1000_200_00_013_vqdm_00035.png
466,VQDM,7441,GenImage_test/VQDM/test/ai/VQDM_1000_200_02_280_vqdm_00039.png
466,VQDM,7442,GenImage_test/VQDM/test/ai/VQDM_1000_200_05_574_vqdm_00035.png
466,VQDM,7443,GenImage_test/VQDM/test/nature/ILSVRC2012_val_00038841.JPEG
466,VQDM,7444,GenImage_test/VQDM/test/nature/ILSVRC2012_val_00049555.JPEG
466,VQDM,7445,GenImage_test/VQDM/test/nature/ILSVRC2012_val_00012875.JPEG
466,VQDM,7446,GenImage_test/VQDM/test/ai/VQDM_1000_200_06_615_vqdm_00074.png
466,VQDM,7447,GenImage_test/VQDM/test/ai/VQDM_1000_200_04_460_vqdm_00020.png
466,VQDM,7448,GenImage_test/VQDM/test/nature/ILSVRC2012_val_00018586.JPEG
466,VQDM,7449,GenImage_test/VQDM/test/nature/ILSVRC2012_val_00033124.JPEG
466,VQDM,7450,GenImage_test/VQDM/test/nature/ILSVRC2012_val_00047196.JPEG
466,VQDM,7451,GenImage_test/VQDM/test/nature/ILSVRC2012_val_00024042.JPEG
466,VQDM,7452,GenImage_test/VQDM/test/nature/ILSVRC2012_val_00022570.JPEG
466,VQDM,7453,GenImage_test/VQDM/test/ai/VQDM_1000_200_07_729_vqdm_00074.png
466,VQDM,7454,GenImage_test/VQDM/test/nature/ILSVRC2012_val_00020237.JPEG
466,VQDM,7455,GenImage_test/VQDM/test/nature/ILSVRC2012_val_00047176.JPEG
467,VQDM,7456,GenImage_test/VQDM/test/nature/ILSVRC2012_val_00022061.JPEG
467,VQDM,7457,GenImage_test/VQDM/test/nature/ILSVRC2012_val_00025771.JPEG
467,VQDM,7458,GenImage_test/VQDM/test/nature/ILSVRC2012_val_00039678.JPEG
467,VQDM,7459,GenImage_test/VQDM/test/ai/VQDM_1000_200_03_336_vqdm_00020.png
467,VQDM,7460,GenImage_test/VQDM/test/ai/VQDM_1000_200_08_878_vqdm_00035.png
467,VQDM,7461,GenImage_test/VQDM/test/ai/VQDM_1000_200_01_193_vqdm_00039.png
467,VQDM,7462,GenImage_test/VQDM/test/nature/ILSVRC2012_val_00012081.JPEG
467,VQDM,7463,GenImage_test/VQDM/test/ai/VQDM_1000_200_03_333_vqdm_00020.png
467,VQDM,7464,GenImage_test/VQDM/test/ai/VQDM_1000_200_08_895_vqdm_00143.png
467,VQDM,7465,GenImage_test/VQDM/test/nature/ILSVRC2012_val_00020242.JPEG
467,VQDM,7466,GenImage_test/VQDM/test/ai/VQDM_1000_200_02_288_vqdm_00039.png
467,VQDM,7467,GenImage_test/VQDM/test/ai/VQDM_1000_200_09_927_vqdm_00020.png
467,VQDM,7468,GenImage_test/VQDM/test/ai/VQDM_1000_200_04_437_vqdm_00039.png
467,VQDM,7469,GenImage_test/VQDM/test/nature/ILSVRC2012_val_00014259.JPEG
467,VQDM,7470,GenImage_test/VQDM/test/nature/ILSVRC2012_val_00037415.JPEG
467,VQDM,7471,GenImage_test/VQDM/test/nature/ILSVRC2012_val_00009904.JPEG
468,VQDM,7472,GenImage_test/VQDM/test/nature/ILSVRC2012_val_00046408.JPEG
468,VQDM,7473,GenImage_test/VQDM/test/nature/ILSVRC2012_val_00006215.JPEG
468,VQDM,7474,GenImage_test/VQDM/test/ai/VQDM_1000_200_00_010_vqdm_00020.png
468,VQDM,7475,GenImage_test/VQDM/test/ai/VQDM_1000_200_08_873_vqdm_00074.png
468,VQDM,7476,GenImage_test/VQDM/test/nature/ILSVRC2012_val_00032118.JPEG
468,VQDM,7477,GenImage_test/VQDM/test/ai/VQDM_1000_200_04_403_vqdm_00020.png
468,VQDM,7478,GenImage_test/VQDM/test/nature/ILSVRC2012_val_00038747.JPEG
468,VQDM,7479,GenImage_test/VQDM/test/nature/ILSVRC2012_val_00021749.JPEG
468,VQDM,7480,GenImage_test/VQDM/test/ai/VQDM_1000_200_05_562_vqdm_00020.png
468,VQDM,7481,GenImage_test/VQDM/test/nature/ILSVRC2012_val_00040990.JPEG
468,VQDM,7482,GenImage_test/VQDM/test/nature/ILSVRC2012_val_00027054.JPEG
468,VQDM,7483,GenImage_test/VQDM/test/ai/VQDM_1000_200_03_302_vqdm_00074.png
468,VQDM,7484,GenImage_test/VQDM/test/nature/ILSVRC2012_val_00015530.JPEG
468,VQDM,7485,GenImage_test/VQDM/test/nature/ILSVRC2012_val_00003213.JPEG
468,VQDM,7486,GenImage_test/VQDM/test/nature/ILSVRC2012_val_00007810.JPEG
468,VQDM,7487,GenImage_test/VQDM/test/nature/ILSVRC2012_val_00002998.JPEG
469,VQDM,7488,GenImage_test/VQDM/test/nature/ILSVRC2012_val_00046663.JPEG
469,VQDM,7489,GenImage_test/VQDM/test/nature/ILSVRC2012_val_00037239.JPEG
469,VQDM,7490,GenImage_test/VQDM/test/nature/ILSVRC2012_val_00031621.JPEG
469,VQDM,7491,GenImage_test/VQDM/test/ai/VQDM_1000_200_09_986_vqdm_00127.png
469,VQDM,7492,GenImage_test/VQDM/test/nature/ILSVRC2012_val_00038769.JPEG
469,VQDM,7493,GenImage_test/VQDM/test/nature/ILSVRC2012_val_00047140.JPEG
469,VQDM,7494,GenImage_test/VQDM/test/nature/ILSVRC2012_val_00005377.JPEG
469,VQDM,7495,GenImage_test/VQDM/test/ai/VQDM_1000_200_09_965_vqdm_00039.png
469,VQDM,7496,GenImage_test/VQDM/test/ai/VQDM_1000_200_09_935_vqdm_00035.png
469,VQDM,7497,GenImage_test/VQDM/test/nature/ILSVRC2012_val_00046619.JPEG
469,VQDM,7498,GenImage_test/VQDM/test/nature/ILSVRC2012_val_00023631.JPEG
469,VQDM,7499,GenImage_test/VQDM/test/ai/VQDM_1000_200_05_564_vqdm_00074.png
470,wukong,7500,GenImage_test/wukong/test/nature/ILSVRC2012_val_00011705.JPEG
470,wukong,7501,GenImage_test/wukong/test/nature/ILSVRC2012_val_00016701.JPEG
470,wukong,7502,GenImage_test/wukong/test/ai/556_wukong_image88.png
470,wukong,7503,GenImage_test/wukong/test/nature/ILSVRC2012_val_00016669.JPEG
470,wukong,7504,GenImage_test/wukong/test/ai/102_wukong_image61.png
470,wukong,7505,GenImage_test/wukong/test/nature/ILSVRC2012_val_00030242.JPEG
470,wukong,7506,GenImage_test/wukong/test/nature/ILSVRC2012_val_00009357.JPEG
470,wukong,7507,GenImage_test/wukong/test/ai/387_wukong_image128.png
470,wukong,7508,GenImage_test/wukong/test/ai/487_wukong_image128.png
470,wukong,7509,GenImage_test/wukong/test/nature/ILSVRC2012_val_00016765.JPEG
470,wukong,7510,GenImage_test/wukong/test/nature/ILSVRC2012_val_00009995.JPEG
470,wukong,7511,GenImage_test/wukong/test/ai/804_wukong_image86.png
470,wukong,7512,GenImage_test/wukong/test/nature/ILSVRC2012_val_00041851.JPEG
470,wukong,7513,GenImage_test/wukong/test/ai/746_wukong_image128.png
470,wukong,7514,GenImage_test/wukong/test/ai/342_wukong_image88.png
470,wukong,7515,GenImage_test/wukong/test/ai/30_wukong_image61.png
471,wukong,7516,GenImage_test/wukong/test/ai/179_wukong_image188.png
471,wukong,7517,GenImage_test/wukong/test/nature/ILSVRC2012_val_00049100.JPEG
471,wukong,7518,GenImage_test/wukong/test/nature/ILSVRC2012_val_00016744.JPEG
471,wukong,7519,GenImage_test/wukong/test/nature/ILSVRC2012_val_00040921.JPEG
471,wukong,7520,GenImage_test/wukong/test/nature/ILSVRC2012_val_00001172.JPEG
471,wukong,7521,GenImage_test/wukong/test/ai/544_wukong_image128.png
471,wukong,7522,GenImage_test/wukong/test/nature/ILSVRC2012_val_00003253.JPEG
471,wukong,7523,GenImage_test/wukong/test/ai/74_wukong_image198.png
471,wukong,7524,GenImage_test/wukong/test/nature/ILSVRC2012_val_00046696.JPEG
471,wukong,7525,GenImage_test/wukong/test/nature/ILSVRC2012_val_00013451.JPEG
471,wukong,7526,GenImage_test/wukong/test/ai/284_wukong_image198.png
471,wukong,7527,GenImage_test/wukong/test/nature/ILSVRC2012_val_00020986.JPEG
471,wukong,7528,GenImage_test/wukong/test/ai/642_wukong_image86.png
471,wukong,7529,GenImage_test/wukong/test/ai/731_wukong_image86.png
471,wukong,7530,GenImage_test/wukong/test/nature/ILSVRC2012_val_00028603.JPEG
471,wukong,7531,GenImage_test/wukong/test/ai/620_wukong_image128.png
472,wukong,7532,GenImage_test/wukong/test/ai/400_wukong_image188.png
472,wukong,7533,GenImage_test/wukong/test/ai/773_wukong_image188.png
472,wukong,7534,GenImage_test/wukong/test/nature/ILSVRC2012_val_00006233.JPEG
472,wukong,7535,GenImage_test/wukong/test/nature/ILSVRC2012_val_00033340.JPEG
472,wukong,7536,GenImage_test/wukong/test/ai/495_wukong_image88.png
472,wukong,7537,GenImage_test/wukong/test/ai/894_wukong_image188.png
472,wukong,7538,GenImage_test/wukong/test/nature/ILSVRC2012_val_00013062.JPEG
472,wukong,7539,GenImage_test/wukong/test/ai/228_wukong_image86.png
472,wukong,7540,GenImage_test/wukong/test/ai/425_wukong_image198.png
472,wukong,7541,GenImage_test/wukong/test/ai/938_wukong_image128.png
472,wukong,7542,GenImage_test/wukong/test/ai/202_wukong_image61.png
472,wukong,7543,GenImage_test/wukong/test/ai/15_wukong_image188.png
472,wukong,7544,GenImage_test/wukong/test/nature/ILSVRC2012_val_00039464.JPEG
472,wukong,7545,GenImage_test/wukong/test/ai/662_wukong_image198.png
472,wukong,7546,GenImage_test/wukong/test/nature/ILSVRC2012_val_00018526.JPEG
472,wukong,7547,GenImage_test/wukong/test/ai/793_wukong_image198.png
473,wukong,7548,GenImage_test/wukong/test/ai/288_wukong_image188.png
473,wukong,7549,GenImage_test/wukong/test/nature/ILSVRC2012_val_00037673.JPEG
473,wukong,7550,GenImage_test/wukong/test/ai/166_wukong_image198.png
473,wukong,7551,GenImage_test/wukong/test/ai/500_wukong_image188.png
473,wukong,7552,GenImage_test/wukong/test/nature/ILSVRC2012_val_00019741.JPEG
473,wukong,7553,GenImage_test/wukong/test/nature/ILSVRC2012_val_00011858.JPEG
473,wukong,7554,GenImage_test/wukong/test/ai/15_wukong_image198.png
473,wukong,7555,GenImage_test/wukong/test/ai/459_wukong_image88.png
473,wukong,7556,GenImage_test/wukong/test/ai/109_wukong_image128.png
473,wukong,7557,GenImage_test/wukong/test/nature/ILSVRC2012_val_00016445.JPEG
473,wukong,7558,GenImage_test/wukong/test/ai/711_wukong_image86.png
473,wukong,7559,GenImage_test/wukong/test/nature/ILSVRC2012_val_00030891.JPEG
473,wukong,7560,GenImage_test/wukong/test/ai/488_wukong_image128.png
473,wukong,7561,GenImage_test/wukong/test/nature/ILSVRC2012_val_00046458.JPEG
473,wukong,7562,GenImage_test/wukong/test/nature/ILSVRC2012_val_00048620.JPEG
473,wukong,7563,GenImage_test/wukong/test/nature/ILSVRC2012_val_00036011.JPEG
474,wukong,7564,GenImage_test/wukong/test/nature/ILSVRC2012_val_00019615.JPEG
474,wukong,7565,GenImage_test/wukong/test/nature/ILSVRC2012_val_00037352.JPEG
474,wukong,7566,GenImage_test/wukong/test/ai/258_wukong_image88.png
474,wukong,7567,GenImage_test/wukong/test/ai/578_wukong_image128.png
474,wukong,7568,GenImage_test/wukong/test/ai/381_wukong_image198.png
474,wukong,7569,GenImage_test/wukong/test/nature/ILSVRC2012_val_00015912.JPEG
474,wukong,7570,GenImage_test/wukong/test/nature/ILSVRC2012_val_00013803.JPEG
474,wukong,7571,GenImage_test/wukong/test/ai/37_wukong_image188.png
474,wukong,7572,GenImage_test/wukong/test/ai/616_wukong_image128.png
474,wukong,7573,GenImage_test/wukong/test/nature/ILSVRC2012_val_00034492.JPEG
474,wukong,7574,GenImage_test/wukong/test/ai/484_wukong_image88.png
474,wukong,7575,GenImage_test/wukong/test/nature/ILSVRC2012_val_00036691.JPEG
474,wukong,7576,GenImage_test/wukong/test/nature/ILSVRC2012_val_00039016.JPEG
474,wukong,7577,GenImage_test/wukong/test/ai/580_wukong_image128.png
474,wukong,7578,GenImage_test/wukong/test/ai/496_wukong_image61.png
474,wukong,7579,GenImage_test/wukong/test/ai/597_wukong_image198.png
475,wukong,7580,GenImage_test/wukong/test/nature/ILSVRC2012_val_00033624.JPEG
475,wukong,7581,GenImage_test/wukong/test/nature/ILSVRC2012_val_00011008.JPEG
475,wukong,7582,GenImage_test/wukong/test/ai/531_wukong_image188.png
475,wukong,7583,GenImage_test/wukong/test/nature/ILSVRC2012_val_00020615.JPEG
475,wukong,7584,GenImage_test/wukong/test/ai/658_wukong_image198.png
475,wukong,7585,GenImage_test/wukong/test/ai/924_wukong_image61.png
475,wukong,7586,GenImage_test/wukong/test/ai/477_wukong_image188.png
475,wukong,7587,GenImage_test/wukong/test/ai/694_wukong_image128.png
475,wukong,7588,GenImage_test/wukong/test/ai/380_wukong_image128.png
475,wukong,7589,GenImage_test/wukong/test/nature/ILSVRC2012_val_00048775.JPEG
475,wukong,7590,GenImage_test/wukong/test/nature/ILSVRC2012_val_00026488.JPEG
475,wukong,7591,GenImage_test/wukong/test/nature/ILSVRC2012_val_00002428.JPEG
475,wukong,7592,GenImage_test/wukong/test/nature/ILSVRC2012_val_00031619.JPEG
475,wukong,7593,GenImage_test/wukong/test/nature/ILSVRC2012_val_00026895.JPEG
475,wukong,7594,GenImage_test/wukong/test/nature/ILSVRC2012_val_00003563.JPEG
475,wukong,7595,GenImage_test/wukong/test/nature/ILSVRC2012_val_00021754.JPEG
476,wukong,7596,GenImage_test/wukong/test/nature/ILSVRC2012_val_00046710.JPEG
476,wukong,7597,GenImage_test/wukong/test/nature/ILSVRC2012_val_00018017.JPEG
476,wukong,7598,GenImage_test/wukong/test/ai/325_wukong_image88.png
476,wukong,7599,GenImage_test/wukong/test/nature/ILSVRC2012_val_00031196.JPEG
476,wukong,7600,GenImage_test/wukong/test/ai/872_wukong_image88.png
476,wukong,7601,GenImage_test/wukong/test/nature/ILSVRC2012_val_00042788.JPEG
476,wukong,7602,GenImage_test/wukong/test/nature/ILSVRC2012_val_00031786.JPEG
476,wukong,7603,GenImage_test/wukong/test/ai/840_wukong_image128.png
476,wukong,7604,GenImage_test/wukong/test/ai/383_wukong_image128.png
476,wukong,7605,GenImage_test/wukong/test/ai/571_wukong_image188.png
476,wukong,7606,GenImage_test/wukong/test/ai/56_wukong_image61.png
476,wukong,7607,GenImage_test/wukong/test/nature/ILSVRC2012_val_00021757.JPEG
476,wukong,7608,GenImage_test/wukong/test/ai/677_wukong_image188.png
476,wukong,7609,GenImage_test/wukong/test/ai/212_wukong_image88.png
476,wukong,7610,GenImage_test/wukong/test/nature/ILSVRC2012_val_00043547.JPEG
476,wukong,7611,GenImage_test/wukong/test/nature/ILSVRC2012_val_00014273.JPEG
477,wukong,7612,GenImage_test/wukong/test/ai/514_wukong_image88.png
477,wukong,7613,GenImage_test/wukong/test/nature/ILSVRC2012_val_00004766.JPEG
477,wukong,7614,GenImage_test/wukong/test/nature/ILSVRC2012_val_00014617.JPEG
477,wukong,7615,GenImage_test/wukong/test/nature/ILSVRC2012_val_00001911.JPEG
477,wukong,7616,GenImage_test/wukong/test/ai/458_wukong_image88.png
477,wukong,7617,GenImage_test/wukong/test/ai/885_wukong_image198.png
477,wukong,7618,GenImage_test/wukong/test/ai/220_wukong_image188.png
477,wukong,7619,GenImage_test/wukong/test/nature/ILSVRC2012_val_00002676.JPEG
477,wukong,7620,GenImage_test/wukong/test/ai/579_wukong_image61.png
477,wukong,7621,GenImage_test/wukong/test/ai/125_wukong_image198.png
477,wukong,7622,GenImage_test/wukong/test/nature/ILSVRC2012_val_00046584.JPEG
477,wukong,7623,GenImage_test/wukong/test/nature/ILSVRC2012_val_00015290.JPEG
477,wukong,7624,GenImage_test/wukong/test/ai/236_wukong_image86.png
477,wukong,7625,GenImage_test/wukong/test/ai/97_wukong_image61.png
477,wukong,7626,GenImage_test/wukong/test/nature/ILSVRC2012_val_00025406.JPEG
477,wukong,7627,GenImage_test/wukong/test/ai/802_wukong_image198.png
478,wukong,7628,GenImage_test/wukong/test/nature/ILSVRC2012_val_00007187.JPEG
478,wukong,7629,GenImage_test/wukong/test/ai/699_wukong_image128.png
478,wukong,7630,GenImage_test/wukong/test/ai/577_wukong_image61.png
478,wukong,7631,GenImage_test/wukong/test/nature/ILSVRC2012_val_00020305.JPEG
478,wukong,7632,GenImage_test/wukong/test/ai/291_wukong_image198.png
478,wukong,7633,GenImage_test/wukong/test/ai/125_wukong_image188.png
478,wukong,7634,GenImage_test/wukong/test/nature/ILSVRC2012_val_00001518.JPEG
478,wukong,7635,GenImage_test/wukong/test/ai/481_wukong_image88.png
478,wukong,7636,GenImage_test/wukong/test/ai/488_wukong_image198.png
478,wukong,7637,GenImage_test/wukong/test/nature/ILSVRC2012_val_00030397.JPEG
478,wukong,7638,GenImage_test/wukong/test/nature/ILSVRC2012_val_00033135.JPEG
478,wukong,7639,GenImage_test/wukong/test/ai/492_wukong_image88.png
478,wukong,7640,GenImage_test/wukong/test/nature/ILSVRC2012_val_00018325.JPEG
478,wukong,7641,GenImage_test/wukong/test/ai/45_wukong_image198.png
478,wukong,7642,GenImage_test/wukong/test/ai/230_wukong_image61.png
478,wukong,7643,GenImage_test/wukong/test/nature/ILSVRC2012_val_00009708.JPEG
479,wukong,7644,GenImage_test/wukong/test/nature/ILSVRC2012_val_00030709.JPEG
479,wukong,7645,GenImage_test/wukong/test/nature/ILSVRC2012_val_00013039.JPEG
479,wukong,7646,GenImage_test/wukong/test/nature/ILSVRC2012_val_00049715.JPEG
479,wukong,7647,GenImage_test/wukong/test/ai/468_wukong_image61.png
479,wukong,7648,GenImage_test/wukong/test/nature/ILSVRC2012_val_00016440.JPEG
479,wukong,7649,GenImage_test/wukong/test/nature/ILSVRC2012_val_00008594.JPEG
479,wukong,7650,GenImage_test/wukong/test/ai/53_wukong_image188.png
479,wukong,7651,GenImage_test/wukong/test/ai/655_wukong_image86.png
479,wukong,7652,GenImage_test/wukong/test/nature/ILSVRC2012_val_00042353.JPEG
479,wukong,7653,GenImage_test/wukong/test/ai/348_wukong_image61.png
479,wukong,7654,GenImage_test/wukong/test/ai/559_wukong_image128.png
479,wukong,7655,GenImage_test/wukong/test/nature/ILSVRC2012_val_00001869.JPEG
479,wukong,7656,GenImage_test/wukong/test/nature/ILSVRC2012_val_00015123.JPEG
479,wukong,7657,GenImage_test/wukong/test/ai/366_wukong_image86.png
479,wukong,7658,GenImage_test/wukong/test/nature/ILSVRC2012_val_00017095.JPEG
479,wukong,7659,GenImage_test/wukong/test/nature/ILSVRC2012_val_00015139.JPEG
480,wukong,7660,GenImage_test/wukong/test/ai/242_wukong_image86.png
480,wukong,7661,GenImage_test/wukong/test/nature/ILSVRC2012_val_00007545.JPEG
480,wukong,7662,GenImage_test/wukong/test/nature/ILSVRC2012_val_00001234.JPEG
480,wukong,7663,GenImage_test/wukong/test/nature/ILSVRC2012_val_00017378.JPEG
480,wukong,7664,GenImage_test/wukong/test/ai/78_wukong_image86.png
480,wukong,7665,GenImage_test/wukong/test/ai/473_wukong_image86.png
480,wukong,7666,GenImage_test/wukong/test/ai/690_wukong_image198.png
480,wukong,7667,GenImage_test/wukong/test/nature/ILSVRC2012_val_00020869.JPEG
480,wukong,7668,GenImage_test/wukong/test/nature/ILSVRC2012_val_00030094.JPEG
480,wukong,7669,GenImage_test/wukong/test/nature/ILSVRC2012_val_00008765.JPEG
480,wukong,7670,GenImage_test/wukong/test/nature/ILSVRC2012_val_00037715.JPEG
480,wukong,7671,GenImage_test/wukong/test/nature/ILSVRC2012_val_00009120.JPEG
480,wukong,7672,GenImage_test/wukong/test/nature/ILSVRC2012_val_00041246.JPEG
480,wukong,7673,GenImage_test/wukong/test/ai/376_wukong_image88.png
480,wukong,7674,GenImage_test/wukong/test/ai/304_wukong_image88.png
480,wukong,7675,GenImage_test/wukong/test/nature/ILSVRC2012_val_00047757.JPEG
481,wukong,7676,GenImage_test/wukong/test/nature/ILSVRC2012_val_00038541.JPEG
481,wukong,7677,GenImage_test/wukong/test/nature/ILSVRC2012_val_00022705.JPEG
481,wukong,7678,GenImage_test/wukong/test/nature/ILSVRC2012_val_00023189.JPEG
481,wukong,7679,GenImage_test/wukong/test/nature/ILSVRC2012_val_00044820.JPEG
481,wukong,7680,GenImage_test/wukong/test/ai/436_wukong_image86.png
481,wukong,7681,GenImage_test/wukong/test/ai/606_wukong_image86.png
481,wukong,7682,GenImage_test/wukong/test/ai/108_wukong_image128.png
481,wukong,7683,GenImage_test/wukong/test/ai/22_wukong_image128.png
481,wukong,7684,GenImage_test/wukong/test/ai/764_wukong_image188.png
481,wukong,7685,GenImage_test/wukong/test/nature/ILSVRC2012_val_00047752.JPEG
481,wukong,7686,GenImage_test/wukong/test/ai/893_wukong_image128.png
481,wukong,7687,GenImage_test/wukong/test/nature/ILSVRC2012_val_00034999.JPEG
481,wukong,7688,GenImage_test/wukong/test/ai/529_wukong_image61.png
481,wukong,7689,GenImage_test/wukong/test/ai/554_wukong_image86.png
481,wukong,7690,GenImage_test/wukong/test/ai/869_wukong_image86.png
481,wukong,7691,GenImage_test/wukong/test/nature/ILSVRC2012_val_00041145.JPEG
482,wukong,7692,GenImage_test/wukong/test/nature/ILSVRC2012_val_00039988.JPEG
482,wukong,7693,GenImage_test/wukong/test/nature/ILSVRC2012_val_00023577.JPEG
482,wukong,7694,GenImage_test/wukong/test/nature/ILSVRC2012_val_00023000.JPEG
482,wukong,7695,GenImage_test/wukong/test/ai/313_wukong_image188.png
482,wukong,7696,GenImage_test/wukong/test/ai/557_wukong_image88.png
482,wukong,7697,GenImage_test/wukong/test/nature/ILSVRC2012_val_00049773.JPEG
482,wukong,7698,GenImage_test/wukong/test/ai/0_wukong_image188.png
482,wukong,7699,GenImage_test/wukong/test/nature/ILSVRC2012_val_00024209.JPEG
482,wukong,7700,GenImage_test/wukong/test/nature/ILSVRC2012_val_00002062.JPEG
482,wukong,7701,GenImage_test/wukong/test/nature/ILSVRC2012_val_00015668.JPEG
482,wukong,7702,GenImage_test/wukong/test/ai/327_wukong_image88.png
482,wukong,7703,GenImage_test/wukong/test/nature/ILSVRC2012_val_00019089.JPEG
482,wukong,7704,GenImage_test/wukong/test/nature/ILSVRC2012_val_00016370.JPEG
482,wukong,7705,GenImage_test/wukong/test/nature/ILSVRC2012_val_00034368.JPEG
482,wukong,7706,GenImage_test/wukong/test/nature/ILSVRC2012_val_00017121.JPEG
482,wukong,7707,GenImage_test/wukong/test/nature/ILSVRC2012_val_00021258.JPEG
483,wukong,7708,GenImage_test/wukong/test/nature/ILSVRC2012_val_00019994.JPEG
483,wukong,7709,GenImage_test/wukong/test/nature/ILSVRC2012_val_00002922.JPEG
483,wukong,7710,GenImage_test/wukong/test/ai/705_wukong_image61.png
483,wukong,7711,GenImage_test/wukong/test/ai/229_wukong_image86.png
483,wukong,7712,GenImage_test/wukong/test/ai/652_wukong_image88.png
483,wukong,7713,GenImage_test/wukong/test/ai/245_wukong_image88.png
483,wukong,7714,GenImage_test/wukong/test/nature/ILSVRC2012_val_00030899.JPEG
483,wukong,7715,GenImage_test/wukong/test/ai/557_wukong_image86.png
483,wukong,7716,GenImage_test/wukong/test/nature/ILSVRC2012_val_00014626.JPEG
483,wukong,7717,GenImage_test/wukong/test/nature/ILSVRC2012_val_00041846.JPEG
483,wukong,7718,GenImage_test/wukong/test/nature/ILSVRC2012_val_00026119.JPEG
483,wukong,7719,GenImage_test/wukong/test/ai/925_wukong_image198.png
483,wukong,7720,GenImage_test/wukong/test/ai/649_wukong_image61.png
483,wukong,7721,GenImage_test/wukong/test/ai/274_wukong_image86.png
483,wukong,7722,GenImage_test/wukong/test/nature/ILSVRC2012_val_00020981.JPEG
483,wukong,7723,GenImage_test/wukong/test/nature/ILSVRC2012_val_00019256.JPEG
484,wukong,7724,GenImage_test/wukong/test/nature/ILSVRC2012_val_00026314.JPEG
484,wukong,7725,GenImage_test/wukong/test/nature/ILSVRC2012_val_00017700.JPEG
484,wukong,7726,GenImage_test/wukong/test/nature/ILSVRC2012_val_00021308.JPEG
484,wukong,7727,GenImage_test/wukong/test/ai/33_wukong_image128.png
484,wukong,7728,GenImage_test/wukong/test/ai/263_wukong_image188.png
484,wukong,7729,GenImage_test/wukong/test/nature/ILSVRC2012_val_00007831.JPEG
484,wukong,7730,GenImage_test/wukong/test/nature/ILSVRC2012_val_00009899.JPEG
484,wukong,7731,GenImage_test/wukong/test/ai/431_wukong_image61.png
484,wukong,7732,GenImage_test/wukong/test/ai/51_wukong_image86.png
484,wukong,7733,GenImage_test/wukong/test/nature/ILSVRC2012_val_00035905.JPEG
484,wukong,7734,GenImage_test/wukong/test/ai/658_wukong_image188.png
484,wukong,7735,GenImage_test/wukong/test/ai/198_wukong_image86.png
484,wukong,7736,GenImage_test/wukong/test/ai/96_wukong_image86.png
484,wukong,7737,GenImage_test/wukong/test/ai/531_wukong_image86.png
484,wukong,7738,GenImage_test/wukong/test/nature/ILSVRC2012_val_00020766.JPEG
484,wukong,7739,GenImage_test/wukong/test/ai/649_wukong_image86.png
485,wukong,7740,GenImage_test/wukong/test/ai/665_wukong_image128.png
485,wukong,7741,GenImage_test/wukong/test/ai/372_wukong_image188.png
485,wukong,7742,GenImage_test/wukong/test/nature/ILSVRC2012_val_00035797.JPEG
485,wukong,7743,GenImage_test/wukong/test/ai/222_wukong_image198.png
485,wukong,7744,GenImage_test/wukong/test/nature/ILSVRC2012_val_00044227.JPEG
485,wukong,7745,GenImage_test/wukong/test/ai/59_wukong_image86.png
485,wukong,7746,GenImage_test/wukong/test/nature/ILSVRC2012_val_00027540.JPEG
485,wukong,7747,GenImage_test/wukong/test/nature/ILSVRC2012_val_00036417.JPEG
485,wukong,7748,GenImage_test/wukong/test/ai/412_wukong_image61.png
485,wukong,7749,GenImage_test/wukong/test/ai/257_wukong_image61.png
485,wukong,7750,GenImage_test/wukong/test/nature/ILSVRC2012_val_00009740.JPEG
485,wukong,7751,GenImage_test/wukong/test/nature/ILSVRC2012_val_00039523.JPEG
485,wukong,7752,GenImage_test/wukong/test/ai/274_wukong_image198.png
485,wukong,7753,GenImage_test/wukong/test/ai/686_wukong_image86.png
485,wukong,7754,GenImage_test/wukong/test/nature/ILSVRC2012_val_00017883.JPEG
485,wukong,7755,GenImage_test/wukong/test/ai/540_wukong_image198.png
486,wukong,7756,GenImage_test/wukong/test/ai/358_wukong_image88.png
486,wukong,7757,GenImage_test/wukong/test/ai/579_wukong_image198.png
486,wukong,7758,GenImage_test/wukong/test/ai/837_wukong_image61.png
486,wukong,7759,GenImage_test/wukong/test/nature/ILSVRC2012_val_00034529.JPEG
486,wukong,7760,GenImage_test/wukong/test/ai/124_wukong_image61.png
486,wukong,7761,GenImage_test/wukong/test/ai/205_wukong_image188.png
486,wukong,7762,GenImage_test/wukong/test/ai/614_wukong_image198.png
486,wukong,7763,GenImage_test/wukong/test/nature/ILSVRC2012_val_00012418.JPEG
486,wukong,7764,GenImage_test/wukong/test/ai/738_wukong_image188.png
486,wukong,7765,GenImage_test/wukong/test/ai/909_wukong_image86.png
486,wukong,7766,GenImage_test/wukong/test/nature/ILSVRC2012_val_00040525.JPEG
486,wukong,7767,GenImage_test/wukong/test/ai/19_wukong_image198.png
486,wukong,7768,GenImage_test/wukong/test/ai/711_wukong_image88.png
486,wukong,7769,GenImage_test/wukong/test/nature/ILSVRC2012_val_00012990.JPEG
486,wukong,7770,GenImage_test/wukong/test/ai/390_wukong_image61.png
486,wukong,7771,GenImage_test/wukong/test/nature/ILSVRC2012_val_00048534.JPEG
487,wukong,7772,GenImage_test/wukong/test/ai/614_wukong_image61.png
487,wukong,7773,GenImage_test/wukong/test/nature/ILSVRC2012_val_00007342.JPEG
487,wukong,7774,GenImage_test/wukong/test/ai/505_wukong_image61.png
487,wukong,7775,GenImage_test/wukong/test/ai/331_wukong_image88.png
487,wukong,7776,GenImage_test/wukong/test/nature/ILSVRC2012_val_00042825.JPEG
487,wukong,7777,GenImage_test/wukong/test/nature/ILSVRC2012_val_00013375.JPEG
487,wukong,7778,GenImage_test/wukong/test/nature/ILSVRC2012_val_00015058.JPEG
487,wukong,7779,GenImage_test/wukong/test/ai/825_wukong_image188.png
487,wukong,7780,GenImage_test/wukong/test/nature/ILSVRC2012_val_00016107.JPEG
487,wukong,7781,GenImage_test/wukong/test/ai/26_wukong_image61.png
487,wukong,7782,GenImage_test/wukong/test/nature/ILSVRC2012_val_00028996.JPEG
487,wukong,7783,GenImage_test/wukong/test/ai/184_wukong_image88.png
487,wukong,7784,GenImage_test/wukong/test/ai/123_wukong_image61.png
487,wukong,7785,GenImage_test/wukong/test/ai/44_wukong_image61.png
487,wukong,7786,GenImage_test/wukong/test/nature/ILSVRC2012_val_00030473.JPEG
487,wukong,7787,GenImage_test/wukong/test/ai/291_wukong_image88.png
488,wukong,7788,GenImage_test/wukong/test/ai/424_wukong_image86.png
488,wukong,7789,GenImage_test/wukong/test/ai/839_wukong_image61.png
488,wukong,7790,GenImage_test/wukong/test/nature/ILSVRC2012_val_00027788.JPEG
488,wukong,7791,GenImage_test/wukong/test/ai/813_wukong_image86.png
488,wukong,7792,GenImage_test/wukong/test/nature/ILSVRC2012_val_00036249.JPEG
488,wukong,7793,GenImage_test/wukong/test/nature/ILSVRC2012_val_00006200.JPEG
488,wukong,7794,GenImage_test/wukong/test/ai/750_wukong_image88.png
488,wukong,7795,GenImage_test/wukong/test/nature/ILSVRC2012_val_00018773.JPEG
488,wukong,7796,GenImage_test/wukong/test/ai/501_wukong_image61.png
488,wukong,7797,GenImage_test/wukong/test/ai/869_wukong_image128.png
488,wukong,7798,GenImage_test/wukong/test/ai/545_wukong_image86.png
488,wukong,7799,GenImage_test/wukong/test/ai/877_wukong_image188.png
488,wukong,7800,GenImage_test/wukong/test/ai/215_wukong_image198.png
488,wukong,7801,GenImage_test/wukong/test/ai/414_wukong_image128.png
488,wukong,7802,GenImage_test/wukong/test/ai/750_wukong_image128.png
488,wukong,7803,GenImage_test/wukong/test/ai/625_wukong_image198.png
489,wukong,7804,GenImage_test/wukong/test/nature/ILSVRC2012_val_00037128.JPEG
489,wukong,7805,GenImage_test/wukong/test/nature/ILSVRC2012_val_00025087.JPEG
489,wukong,7806,GenImage_test/wukong/test/ai/57_wukong_image198.png
489,wukong,7807,GenImage_test/wukong/test/ai/431_wukong_image198.png
489,wukong,7808,GenImage_test/wukong/test/ai/476_wukong_image198.png
489,wukong,7809,GenImage_test/wukong/test/ai/410_wukong_image188.png
489,wukong,7810,GenImage_test/wukong/test/ai/204_wukong_image198.png
489,wukong,7811,GenImage_test/wukong/test/ai/310_wukong_image198.png
489,wukong,7812,GenImage_test/wukong/test/ai/163_wukong_image128.png
489,wukong,7813,GenImage_test/wukong/test/ai/818_wukong_image61.png
489,wukong,7814,GenImage_test/wukong/test/ai/976_wukong_image88.png
489,wukong,7815,GenImage_test/wukong/test/ai/637_wukong_image198.png
489,wukong,7816,GenImage_test/wukong/test/ai/919_wukong_image128.png
489,wukong,7817,GenImage_test/wukong/test/nature/ILSVRC2012_val_00001515.JPEG
489,wukong,7818,GenImage_test/wukong/test/nature/ILSVRC2012_val_00045990.JPEG
489,wukong,7819,GenImage_test/wukong/test/ai/58_wukong_image128.png
490,wukong,7820,GenImage_test/wukong/test/nature/ILSVRC2012_val_00035124.JPEG
490,wukong,7821,GenImage_test/wukong/test/nature/ILSVRC2012_val_00010021.JPEG
490,wukong,7822,GenImage_test/wukong/test/ai/106_wukong_image86.png
490,wukong,7823,GenImage_test/wukong/test/nature/ILSVRC2012_val_00041703.JPEG
490,wukong,7824,GenImage_test/wukong/test/ai/245_wukong_image188.png
490,wukong,7825,GenImage_test/wukong/test/ai/478_wukong_image128.png
490,wukong,7826,GenImage_test/wukong/test/ai/734_wukong_image198.png
490,wukong,7827,GenImage_test/wukong/test/nature/ILSVRC2012_val_00025475.JPEG
490,wukong,7828,GenImage_test/wukong/test/nature/ILSVRC2012_val_00013618.JPEG
490,wukong,7829,GenImage_test/wukong/test/nature/ILSVRC2012_val_00038926.JPEG
490,wukong,7830,GenImage_test/wukong/test/nature/ILSVRC2012_val_00031751.JPEG
490,wukong,7831,GenImage_test/wukong/test/ai/331_wukong_image128.png
490,wukong,7832,GenImage_test/wukong/test/nature/ILSVRC2012_val_00007770.JPEG
490,wukong,7833,GenImage_test/wukong/test/nature/ILSVRC2012_val_00003217.JPEG
490,wukong,7834,GenImage_test/wukong/test/ai/765_wukong_image61.png
490,wukong,7835,GenImage_test/wukong/test/nature/ILSVRC2012_val_00000414.JPEG
491,wukong,7836,GenImage_test/wukong/test/ai/584_wukong_image128.png
491,wukong,7837,GenImage_test/wukong/test/nature/ILSVRC2012_val_00034354.JPEG
491,wukong,7838,GenImage_test/wukong/test/nature/ILSVRC2012_val_00023377.JPEG
491,wukong,7839,GenImage_test/wukong/test/nature/ILSVRC2012_val_00004938.JPEG
491,wukong,7840,GenImage_test/wukong/test/nature/ILSVRC2012_val_00040306.JPEG
491,wukong,7841,GenImage_test/wukong/test/ai/836_wukong_image61.png
491,wukong,7842,GenImage_test/wukong/test/ai/604_wukong_image88.png
491,wukong,7843,GenImage_test/wukong/test/ai/580_wukong_image88.png
491,wukong,7844,GenImage_test/wukong/test/ai/16_wukong_image198.png
491,wukong,7845,GenImage_test/wukong/test/nature/ILSVRC2012_val_00015413.JPEG
491,wukong,7846,GenImage_test/wukong/test/nature/ILSVRC2012_val_00010052.JPEG
491,wukong,7847,GenImage_test/wukong/test/ai/922_wukong_image198.png
491,wukong,7848,GenImage_test/wukong/test/ai/517_wukong_image86.png
491,wukong,7849,GenImage_test/wukong/test/ai/910_wukong_image128.png
491,wukong,7850,GenImage_test/wukong/test/ai/763_wukong_image188.png
491,wukong,7851,GenImage_test/wukong/test/nature/ILSVRC2012_val_00022566.JPEG
492,wukong,7852,GenImage_test/wukong/test/nature/ILSVRC2012_val_00045284.JPEG
492,wukong,7853,GenImage_test/wukong/test/nature/ILSVRC2012_val_00013001.JPEG
492,wukong,7854,GenImage_test/wukong/test/ai/220_wukong_image128.png
492,wukong,7855,GenImage_test/wukong/test/nature/ILSVRC2012_val_00035084.JPEG
492,wukong,7856,GenImage_test/wukong/test/nature/ILSVRC2012_val_00033052.JPEG
492,wukong,7857,GenImage_test/wukong/test/nature/ILSVRC2012_val_00030753.JPEG
492,wukong,7858,GenImage_test/wukong/test/ai/368_wukong_image198.png
492,wukong,7859,GenImage_test/wukong/test/nature/ILSVRC2012_val_00028468.JPEG
492,wukong,7860,GenImage_test/wukong/test/nature/ILSVRC2012_val_00015965.JPEG
492,wukong,7861,GenImage_test/wukong/test/nature/ILSVRC2012_val_00045587.JPEG
492,wukong,7862,GenImage_test/wukong/test/nature/ILSVRC2012_val_00043613.JPEG
492,wukong,7863,GenImage_test/wukong/test/ai/603_wukong_image188.png
492,wukong,7864,GenImage_test/wukong/test/nature/ILSVRC2012_val_00013709.JPEG
492,wukong,7865,GenImage_test/wukong/test/ai/879_wukong_image86.png
492,wukong,7866,GenImage_test/wukong/test/ai/669_wukong_image128.png
492,wukong,7867,GenImage_test/wukong/test/nature/ILSVRC2012_val_00001392.JPEG
493,wukong,7868,GenImage_test/wukong/test/nature/ILSVRC2012_val_00022130.JPEG
493,wukong,7869,GenImage_test/wukong/test/nature/ILSVRC2012_val_00029263.JPEG
493,wukong,7870,GenImage_test/wukong/test/nature/ILSVRC2012_val_00031952.JPEG
493,wukong,7871,GenImage_test/wukong/test/nature/ILSVRC2012_val_00022161.JPEG
493,wukong,7872,GenImage_test/wukong/test/ai/804_wukong_image88.png
493,wukong,7873,GenImage_test/wukong/test/nature/ILSVRC2012_val_00002537.JPEG
493,wukong,7874,GenImage_test/wukong/test/ai/222_wukong_image88.png
493,wukong,7875,GenImage_test/wukong/test/nature/ILSVRC2012_val_00045165.JPEG
493,wukong,7876,GenImage_test/wukong/test/ai/966_wukong_image61.png
493,wukong,7877,GenImage_test/wukong/test/nature/ILSVRC2012_val_00016522.JPEG
493,wukong,7878,GenImage_test/wukong/test/nature/ILSVRC2012_val_00025931.JPEG
493,wukong,7879,GenImage_test/wukong/test/nature/ILSVRC2012_val_00026880.JPEG
493,wukong,7880,GenImage_test/wukong/test/nature/ILSVRC2012_val_00041996.JPEG
493,wukong,7881,GenImage_test/wukong/test/nature/ILSVRC2012_val_00039818.JPEG
493,wukong,7882,GenImage_test/wukong/test/nature/ILSVRC2012_val_00037880.JPEG
493,wukong,7883,GenImage_test/wukong/test/ai/389_wukong_image86.png
494,wukong,7884,GenImage_test/wukong/test/ai/582_wukong_image198.png
494,wukong,7885,GenImage_test/wukong/test/ai/230_wukong_image86.png
494,wukong,7886,GenImage_test/wukong/test/ai/157_wukong_image88.png
494,wukong,7887,GenImage_test/wukong/test/nature/ILSVRC2012_val_00011062.JPEG
494,wukong,7888,GenImage_test/wukong/test/nature/ILSVRC2012_val_00017593.JPEG
494,wukong,7889,GenImage_test/wukong/test/ai/235_wukong_image86.png
494,wukong,7890,GenImage_test/wukong/test/nature/ILSVRC2012_val_00012688.JPEG
494,wukong,7891,GenImage_test/wukong/test/ai/648_wukong_image198.png
494,wukong,7892,GenImage_test/wukong/test/nature/ILSVRC2012_val_00003771.JPEG
494,wukong,7893,GenImage_test/wukong/test/ai/427_wukong_image198.png
494,wukong,7894,GenImage_test/wukong/test/nature/ILSVRC2012_val_00039194.JPEG
494,wukong,7895,GenImage_test/wukong/test/ai/975_wukong_image198.png
494,wukong,7896,GenImage_test/wukong/test/nature/ILSVRC2012_val_00011966.JPEG
494,wukong,7897,GenImage_test/wukong/test/nature/ILSVRC2012_val_00017633.JPEG
494,wukong,7898,GenImage_test/wukong/test/ai/30_wukong_image86.png
494,wukong,7899,GenImage_test/wukong/test/nature/ILSVRC2012_val_00023669.JPEG
495,wukong,7900,GenImage_test/wukong/test/nature/ILSVRC2012_val_00030798.JPEG
495,wukong,7901,GenImage_test/wukong/test/nature/ILSVRC2012_val_00010865.JPEG
495,wukong,7902,GenImage_test/wukong/test/ai/150_wukong_image188.png
495,wukong,7903,GenImage_test/wukong/test/nature/ILSVRC2012_val_00049472.JPEG
495,wukong,7904,GenImage_test/wukong/test/nature/ILSVRC2012_val_00024639.JPEG
495,wukong,7905,GenImage_test/wukong/test/ai/718_wukong_image88.png
495,wukong,7906,GenImage_test/wukong/test/nature/ILSVRC2012_val_00022107.JPEG
495,wukong,7907,GenImage_test/wukong/test/ai/205_wukong_image198.png
495,wukong,7908,GenImage_test/wukong/test/ai/632_wukong_image61.png
495,wukong,7909,GenImage_test/wukong/test/nature/ILSVRC2012_val_00025812.JPEG
495,wukong,7910,GenImage_test/wukong/test/nature/ILSVRC2012_val_00018823.JPEG
495,wukong,7911,GenImage_test/wukong/test/nature/ILSVRC2012_val_00044831.JPEG
495,wukong,7912,GenImage_test/wukong/test/ai/447_wukong_image198.png
495,wukong,7913,GenImage_test/wukong/test/ai/326_wukong_image88.png
495,wukong,7914,GenImage_test/wukong/test/ai/199_wukong_image188.png
495,wukong,7915,GenImage_test/wukong/test/nature/ILSVRC2012_val_00047132.JPEG
496,wukong,7916,GenImage_test/wukong/test/ai/296_wukong_image88.png
496,wukong,7917,GenImage_test/wukong/test/nature/ILSVRC2012_val_00011630.JPEG
496,wukong,7918,GenImage_test/wukong/test/ai/644_wukong_image61.png
496,wukong,7919,GenImage_test/wukong/test/ai/270_wukong_image86.png
496,wukong,7920,GenImage_test/wukong/test/nature/ILSVRC2012_val_00023664.JPEG
496,wukong,7921,GenImage_test/wukong/test/ai/894_wukong_image61.png
496,wukong,7922,GenImage_test/wukong/test/ai/550_wukong_image188.png
496,wukong,7923,GenImage_test/wukong/test/nature/ILSVRC2012_val_00010421.JPEG
496,wukong,7924,GenImage_test/wukong/test/ai/160_wukong_image61.png
496,wukong,7925,GenImage_test/wukong/test/ai/164_wukong_image88.png
496,wukong,7926,GenImage_test/wukong/test/nature/ILSVRC2012_val_00017927.JPEG
496,wukong,7927,GenImage_test/wukong/test/ai/763_wukong_image88.png
496,wukong,7928,GenImage_test/wukong/test/ai/361_wukong_image198.png
496,wukong,7929,GenImage_test/wukong/test/nature/ILSVRC2012_val_00004389.JPEG
496,wukong,7930,GenImage_test/wukong/test/nature/ILSVRC2012_val_00030715.JPEG
496,wukong,7931,GenImage_test/wukong/test/ai/248_wukong_image198.png
497,wukong,7932,GenImage_test/wukong/test/nature/ILSVRC2012_val_00012233.JPEG
497,wukong,7933,GenImage_test/wukong/test/nature/ILSVRC2012_val_00031006.JPEG
497,wukong,7934,GenImage_test/wukong/test/nature/ILSVRC2012_val_00023851.JPEG
497,wukong,7935,GenImage_test/wukong/test/ai/186_wukong_image188.png
497,wukong,7936,GenImage_test/wukong/test/nature/ILSVRC2012_val_00009512.JPEG
497,wukong,7937,GenImage_test/wukong/test/ai/795_wukong_image86.png
497,wukong,7938,GenImage_test/wukong/test/nature/ILSVRC2012_val_00013966.JPEG
497,wukong,7939,GenImage_test/wukong/test/ai/87_wukong_image188.png
497,wukong,7940,GenImage_test/wukong/test/ai/863_wukong_image188.png
497,wukong,7941,GenImage_test/wukong/test/nature/ILSVRC2012_val_00015403.JPEG
497,wukong,7942,GenImage_test/wukong/test/ai/724_wukong_image86.png
497,wukong,7943,GenImage_test/wukong/test/nature/ILSVRC2012_val_00049194.JPEG
497,wukong,7944,GenImage_test/wukong/test/ai/345_wukong_image86.png
497,wukong,7945,GenImage_test/wukong/test/ai/474_wukong_image86.png
497,wukong,7946,GenImage_test/wukong/test/nature/ILSVRC2012_val_00032656.JPEG
497,wukong,7947,GenImage_test/wukong/test/ai/986_wukong_image61.png
498,wukong,7948,GenImage_test/wukong/test/ai/803_wukong_image188.png
498,wukong,7949,GenImage_test/wukong/test/nature/ILSVRC2012_val_00049504.JPEG
498,wukong,7950,GenImage_test/wukong/test/nature/ILSVRC2012_val_00043994.JPEG
498,wukong,7951,GenImage_test/wukong/test/ai/935_wukong_image188.png
498,wukong,7952,GenImage_test/wukong/test/ai/497_wukong_image88.png
498,wukong,7953,GenImage_test/wukong/test/ai/637_wukong_image61.png
498,wukong,7954,GenImage_test/wukong/test/nature/ILSVRC2012_val_00021095.JPEG
498,wukong,7955,GenImage_test/wukong/test/ai/150_wukong_image198.png
498,wukong,7956,GenImage_test/wukong/test/nature/ILSVRC2012_val_00010370.JPEG
498,wukong,7957,GenImage_test/wukong/test/nature/ILSVRC2012_val_00013301.JPEG
498,wukong,7958,GenImage_test/wukong/test/nature/ILSVRC2012_val_00049466.JPEG
498,wukong,7959,GenImage_test/wukong/test/nature/ILSVRC2012_val_00018959.JPEG
498,wukong,7960,GenImage_test/wukong/test/ai/911_wukong_image198.png
498,wukong,7961,GenImage_test/wukong/test/nature/ILSVRC2012_val_00007018.JPEG
498,wukong,7962,GenImage_test/wukong/test/nature/ILSVRC2012_val_00011708.JPEG
498,wukong,7963,GenImage_test/wukong/test/ai/922_wukong_image128.png
499,wukong,7964,GenImage_test/wukong/test/nature/ILSVRC2012_val_00024473.JPEG
499,wukong,7965,GenImage_test/wukong/test/ai/225_wukong_image198.png
499,wukong,7966,GenImage_test/wukong/test/nature/ILSVRC2012_val_00029279.JPEG
499,wukong,7967,GenImage_test/wukong/test/nature/ILSVRC2012_val_00002880.JPEG
499,wukong,7968,GenImage_test/wukong/test/ai/883_wukong_image86.png
499,wukong,7969,GenImage_test/wukong/test/nature/ILSVRC2012_val_00006653.JPEG
499,wukong,7970,GenImage_test/wukong/test/nature/ILSVRC2012_val_00048958.JPEG
499,wukong,7971,GenImage_test/wukong/test/nature/ILSVRC2012_val_00012727.JPEG
499,wukong,7972,GenImage_test/wukong/test/nature/ILSVRC2012_val_00031408.JPEG
499,wukong,7973,GenImage_test/wukong/test/nature/ILSVRC2012_val_00049243.JPEG
499,wukong,7974,GenImage_test/wukong/test/nature/ILSVRC2012_val_00028408.JPEG
499,wukong,7975,GenImage_test/wukong/test/nature/ILSVRC2012_val_00026253.JPEG
499,wukong,7976,GenImage_test/wukong/test/nature/ILSVRC2012_val_00037155.JPEG
499,wukong,7977,GenImage_test/wukong/test/nature/ILSVRC2012_val_00030329.JPEG
499,wukong,7978,GenImage_test/wukong/test/nature/ILSVRC2012_val_00045695.JPEG
499,wukong,7979,GenImage_test/wukong/test/nature/ILSVRC2012_val_00042475.JPEG
500,wukong,7980,GenImage_test/wukong/test/nature/ILSVRC2012_val_00012015.JPEG
500,wukong,7981,GenImage_test/wukong/test/ai/118_wukong_image61.png
500,wukong,7982,GenImage_test/wukong/test/ai/755_wukong_image128.png
500,wukong,7983,GenImage_test/wukong/test/ai/483_wukong_image88.png
500,wukong,7984,GenImage_test/wukong/test/ai/468_wukong_image128.png
500,wukong,7985,GenImage_test/wukong/test/ai/566_wukong_image128.png
500,wukong,7986,GenImage_test/wukong/test/nature/ILSVRC2012_val_00019532.JPEG
500,wukong,7987,GenImage_test/wukong/test/ai/705_wukong_image128.png
500,wukong,7988,GenImage_test/wukong/test/nature/ILSVRC2012_val_00011415.JPEG
500,wukong,7989,GenImage_test/wukong/test/nature/ILSVRC2012_val_00046133.JPEG
500,wukong,7990,GenImage_test/wukong/test/ai/405_wukong_image198.png
500,wukong,7991,GenImage_test/wukong/test/ai/574_wukong_image128.png
500,wukong,7992,GenImage_test/wukong/test/ai/472_wukong_image86.png
500,wukong,7993,GenImage_test/wukong/test/ai/739_wukong_image128.png
500,wukong,7994,GenImage_test/wukong/test/ai/413_wukong_image188.png
500,wukong,7995,GenImage_test/wukong/test/nature/ILSVRC2012_val_00010220.JPEG
501,wukong,7996,GenImage_test/wukong/test/ai/566_wukong_image198.png
501,wukong,7997,GenImage_test/wukong/test/nature/ILSVRC2012_val_00036439.JPEG
501,wukong,7998,GenImage_test/wukong/test/ai/328_wukong_image198.png
501,wukong,7999,GenImage_test/wukong/test/nature/ILSVRC2012_val_00021782.JPEG
501,wukong,8000,GenImage_test/wukong/test/ai/715_wukong_image88.png
501,wukong,8001,GenImage_test/wukong/test/ai/722_wukong_image128.png
501,wukong,8002,GenImage_test/wukong/test/ai/982_wukong_image86.png
501,wukong,8003,GenImage_test/wukong/test/ai/552_wukong_image88.png
501,wukong,8004,GenImage_test/wukong/test/nature/ILSVRC2012_val_00042547.JPEG
501,wukong,8005,GenImage_test/wukong/test/ai/108_wukong_image88.png
501,wukong,8006,GenImage_test/wukong/test/nature/ILSVRC2012_val_00009291.JPEG
501,wukong,8007,GenImage_test/wukong/test/ai/176_wukong_image86.png
501,wukong,8008,GenImage_test/wukong/test/ai/321_wukong_image61.png
501,wukong,8009,GenImage_test/wukong/test/nature/ILSVRC2012_val_00035298.JPEG
501,wukong,8010,GenImage_test/wukong/test/ai/465_wukong_image128.png
501,wukong,8011,GenImage_test/wukong/test/nature/ILSVRC2012_val_00032454.JPEG
502,wukong,8012,GenImage_test/wukong/test/nature/ILSVRC2012_val_00043730.JPEG
502,wukong,8013,GenImage_test/wukong/test/nature/ILSVRC2012_val_00038151.JPEG
502,wukong,8014,GenImage_test/wukong/test/nature/ILSVRC2012_val_00007405.JPEG
502,wukong,8015,GenImage_test/wukong/test/ai/250_wukong_image86.png
502,wukong,8016,GenImage_test/wukong/test/ai/704_wukong_image88.png
502,wukong,8017,GenImage_test/wukong/test/ai/436_wukong_image198.png
502,wukong,8018,GenImage_test/wukong/test/nature/ILSVRC2012_val_00035259.JPEG
502,wukong,8019,GenImage_test/wukong/test/ai/690_wukong_image61.png
502,wukong,8020,GenImage_test/wukong/test/nature/ILSVRC2012_val_00005724.JPEG
502,wukong,8021,GenImage_test/wukong/test/ai/464_wukong_image188.png
502,wukong,8022,GenImage_test/wukong/test/nature/ILSVRC2012_val_00034023.JPEG
502,wukong,8023,GenImage_test/wukong/test/nature/ILSVRC2012_val_00012413.JPEG
502,wukong,8024,GenImage_test/wukong/test/ai/537_wukong_image188.png
502,wukong,8025,GenImage_test/wukong/test/ai/720_wukong_image61.png
502,wukong,8026,GenImage_test/wukong/test/nature/ILSVRC2012_val_00004270.JPEG
502,wukong,8027,GenImage_test/wukong/test/nature/ILSVRC2012_val_00009880.JPEG
503,wukong,8028,GenImage_test/wukong/test/ai/43_wukong_image86.png
503,wukong,8029,GenImage_test/wukong/test/nature/ILSVRC2012_val_00002443.JPEG
503,wukong,8030,GenImage_test/wukong/test/nature/ILSVRC2012_val_00020934.JPEG
503,wukong,8031,GenImage_test/wukong/test/ai/335_wukong_image128.png
503,wukong,8032,GenImage_test/wukong/test/ai/951_wukong_image86.png
503,wukong,8033,GenImage_test/wukong/test/nature/ILSVRC2012_val_00034415.JPEG
503,wukong,8034,GenImage_test/wukong/test/nature/ILSVRC2012_val_00016739.JPEG
503,wukong,8035,GenImage_test/wukong/test/ai/876_wukong_image188.png
503,wukong,8036,GenImage_test/wukong/test/ai/689_wukong_image88.png
503,wukong,8037,GenImage_test/wukong/test/nature/ILSVRC2012_val_00012186.JPEG
503,wukong,8038,GenImage_test/wukong/test/ai/615_wukong_image61.png
503,wukong,8039,GenImage_test/wukong/test/nature/ILSVRC2012_val_00032205.JPEG
503,wukong,8040,GenImage_test/wukong/test/nature/ILSVRC2012_val_00040315.JPEG
503,wukong,8041,GenImage_test/wukong/test/nature/ILSVRC2012_val_00026665.JPEG
503,wukong,8042,GenImage_test/wukong/test/ai/448_wukong_image128.png
503,wukong,8043,GenImage_test/wukong/test/ai/340_wukong_image61.png
504,wukong,8044,GenImage_test/wukong/test/nature/ILSVRC2012_val_00045536.JPEG
504,wukong,8045,GenImage_test/wukong/test/ai/677_wukong_image198.png
504,wukong,8046,GenImage_test/wukong/test/nature/ILSVRC2012_val_00040980.JPEG
504,wukong,8047,GenImage_test/wukong/test/nature/ILSVRC2012_val_00040380.JPEG
504,wukong,8048,GenImage_test/wukong/test/ai/623_wukong_image86.png
504,wukong,8049,GenImage_test/wukong/test/ai/389_wukong_image61.png
504,wukong,8050,GenImage_test/wukong/test/nature/ILSVRC2012_val_00031845.JPEG
504,wukong,8051,GenImage_test/wukong/test/nature/ILSVRC2012_val_00023287.JPEG
504,wukong,8052,GenImage_test/wukong/test/ai/622_wukong_image188.png
504,wukong,8053,GenImage_test/wukong/test/ai/482_wukong_image198.png
504,wukong,8054,GenImage_test/wukong/test/nature/ILSVRC2012_val_00049118.JPEG
504,wukong,8055,GenImage_test/wukong/test/nature/ILSVRC2012_val_00005245.JPEG
504,wukong,8056,GenImage_test/wukong/test/nature/ILSVRC2012_val_00025859.JPEG
504,wukong,8057,GenImage_test/wukong/test/ai/823_wukong_image88.png
504,wukong,8058,GenImage_test/wukong/test/ai/289_wukong_image198.png
504,wukong,8059,GenImage_test/wukong/test/ai/616_wukong_image198.png
505,wukong,8060,GenImage_test/wukong/test/nature/ILSVRC2012_val_00026218.JPEG
505,wukong,8061,GenImage_test/wukong/test/ai/151_wukong_image61.png
505,wukong,8062,GenImage_test/wukong/test/ai/526_wukong_image86.png
505,wukong,8063,GenImage_test/wukong/test/nature/ILSVRC2012_val_00012741.JPEG
505,wukong,8064,GenImage_test/wukong/test/nature/ILSVRC2012_val_00000669.JPEG
505,wukong,8065,GenImage_test/wukong/test/nature/ILSVRC2012_val_00020860.JPEG
505,wukong,8066,GenImage_test/wukong/test/ai/595_wukong_image86.png
505,wukong,8067,GenImage_test/wukong/test/ai/808_wukong_image188.png
505,wukong,8068,GenImage_test/wukong/test/ai/792_wukong_image88.png
505,wukong,8069,GenImage_test/wukong/test/ai/815_wukong_image86.png
505,wukong,8070,GenImage_test/wukong/test/ai/417_wukong_image88.png
505,wukong,8071,GenImage_test/wukong/test/nature/ILSVRC2012_val_00039800.JPEG
505,wukong,8072,GenImage_test/wukong/test/nature/ILSVRC2012_val_00006501.JPEG
505,wukong,8073,GenImage_test/wukong/test/nature/ILSVRC2012_val_00006247.JPEG
505,wukong,8074,GenImage_test/wukong/test/ai/298_wukong_image198.png
505,wukong,8075,GenImage_test/wukong/test/nature/ILSVRC2012_val_00039846.JPEG
506,wukong,8076,GenImage_test/wukong/test/nature/ILSVRC2012_val_00043123.JPEG
506,wukong,8077,GenImage_test/wukong/test/ai/273_wukong_image86.png
506,wukong,8078,GenImage_test/wukong/test/ai/219_wukong_image188.png
506,wukong,8079,GenImage_test/wukong/test/nature/ILSVRC2012_val_00014914.JPEG
506,wukong,8080,GenImage_test/wukong/test/ai/539_wukong_image88.png
506,wukong,8081,GenImage_test/wukong/test/ai/624_wukong_image86.png
506,wukong,8082,GenImage_test/wukong/test/ai/871_wukong_image86.png
506,wukong,8083,GenImage_test/wukong/test/ai/286_wukong_image198.png
506,wukong,8084,GenImage_test/wukong/test/ai/704_wukong_image61.png
506,wukong,8085,GenImage_test/wukong/test/nature/ILSVRC2012_val_00026912.JPEG
506,wukong,8086,GenImage_test/wukong/test/ai/480_wukong_image61.png
506,wukong,8087,GenImage_test/wukong/test/ai/751_wukong_image128.png
506,wukong,8088,GenImage_test/wukong/test/nature/ILSVRC2012_val_00047611.JPEG
506,wukong,8089,GenImage_test/wukong/test/nature/ILSVRC2012_val_00004993.JPEG
506,wukong,8090,GenImage_test/wukong/test/nature/ILSVRC2012_val_00038549.JPEG
506,wukong,8091,GenImage_test/wukong/test/nature/ILSVRC2012_val_00032059.JPEG
507,wukong,8092,GenImage_test/wukong/test/nature/ILSVRC2012_val_00007988.JPEG
507,wukong,8093,GenImage_test/wukong/test/nature/ILSVRC2012_val_00048714.JPEG
507,wukong,8094,GenImage_test/wukong/test/nature/ILSVRC2012_val_00020726.JPEG
507,wukong,8095,GenImage_test/wukong/test/ai/133_wukong_image88.png
507,wukong,8096,GenImage_test/wukong/test/nature/ILSVRC2012_val_00015938.JPEG
507,wukong,8097,GenImage_test/wukong/test/nature/ILSVRC2012_val_00047125.JPEG
507,wukong,8098,GenImage_test/wukong/test/ai/760_wukong_image128.png
507,wukong,8099,GenImage_test/wukong/test/ai/75_wukong_image128.png
507,wukong,8100,GenImage_test/wukong/test/nature/ILSVRC2012_val_00013677.JPEG
507,wukong,8101,GenImage_test/wukong/test/ai/620_wukong_image61.png
507,wukong,8102,GenImage_test/wukong/test/ai/406_wukong_image198.png
507,wukong,8103,GenImage_test/wukong/test/nature/ILSVRC2012_val_00046050.JPEG
507,wukong,8104,GenImage_test/wukong/test/nature/ILSVRC2012_val_00024257.JPEG
507,wukong,8105,GenImage_test/wukong/test/ai/408_wukong_image128.png
507,wukong,8106,GenImage_test/wukong/test/ai/59_wukong_image61.png
507,wukong,8107,GenImage_test/wukong/test/nature/ILSVRC2012_val_00010417.JPEG
508,wukong,8108,GenImage_test/wukong/test/ai/468_wukong_image88.png
508,wukong,8109,GenImage_test/wukong/test/nature/ILSVRC2012_val_00036005.JPEG
508,wukong,8110,GenImage_test/wukong/test/ai/875_wukong_image61.png
508,wukong,8111,GenImage_test/wukong/test/ai/240_wukong_image86.png
508,wukong,8112,GenImage_test/wukong/test/ai/537_wukong_image198.png
508,wukong,8113,GenImage_test/wukong/test/ai/689_wukong_image61.png
508,wukong,8114,GenImage_test/wukong/test/nature/ILSVRC2012_val_00037437.JPEG
508,wukong,8115,GenImage_test/wukong/test/ai/703_wukong_image128.png
508,wukong,8116,GenImage_test/wukong/test/ai/804_wukong_image128.png
508,wukong,8117,GenImage_test/wukong/test/nature/ILSVRC2012_val_00013070.JPEG
508,wukong,8118,GenImage_test/wukong/test/ai/585_wukong_image128.png
508,wukong,8119,GenImage_test/wukong/test/nature/ILSVRC2012_val_00049384.JPEG
508,wukong,8120,GenImage_test/wukong/test/ai/32_wukong_image128.png
508,wukong,8121,GenImage_test/wukong/test/nature/ILSVRC2012_val_00027924.JPEG
508,wukong,8122,GenImage_test/wukong/test/ai/8_wukong_image88.png
508,wukong,8123,GenImage_test/wukong/test/nature/ILSVRC2012_val_00002778.JPEG
509,wukong,8124,GenImage_test/wukong/test/ai/550_wukong_image128.png
509,wukong,8125,GenImage_test/wukong/test/ai/874_wukong_image188.png
509,wukong,8126,GenImage_test/wukong/test/nature/ILSVRC2012_val_00030404.JPEG
509,wukong,8127,GenImage_test/wukong/test/ai/368_wukong_image188.png
509,wukong,8128,GenImage_test/wukong/test/ai/718_wukong_image61.png
509,wukong,8129,GenImage_test/wukong/test/ai/194_wukong_image88.png
509,wukong,8130,GenImage_test/wukong/test/nature/ILSVRC2012_val_00021223.JPEG
509,wukong,8131,GenImage_test/wukong/test/nature/ILSVRC2012_val_00019304.JPEG
509,wukong,8132,GenImage_test/wukong/test/ai/517_wukong_image61.png
509,wukong,8133,GenImage_test/wukong/test/ai/108_wukong_image188.png
509,wukong,8134,GenImage_test/wukong/test/nature/ILSVRC2012_val_00009571.JPEG
509,wukong,8135,GenImage_test/wukong/test/ai/363_wukong_image86.png
509,wukong,8136,GenImage_test/wukong/test/ai/863_wukong_image198.png
509,wukong,8137,GenImage_test/wukong/test/ai/486_wukong_image188.png
509,wukong,8138,GenImage_test/wukong/test/nature/ILSVRC2012_val_00012822.JPEG
509,wukong,8139,GenImage_test/wukong/test/ai/552_wukong_image198.png
510,wukong,8140,GenImage_test/wukong/test/ai/399_wukong_image128.png
510,wukong,8141,GenImage_test/wukong/test/ai/694_wukong_image198.png
510,wukong,8142,GenImage_test/wukong/test/ai/243_wukong_image88.png
510,wukong,8143,GenImage_test/wukong/test/ai/588_wukong_image61.png
510,wukong,8144,GenImage_test/wukong/test/nature/ILSVRC2012_val_00048711.JPEG
510,wukong,8145,GenImage_test/wukong/test/nature/ILSVRC2012_val_00009392.JPEG
510,wukong,8146,GenImage_test/wukong/test/ai/92_wukong_image61.png
510,wukong,8147,GenImage_test/wukong/test/ai/882_wukong_image128.png
510,wukong,8148,GenImage_test/wukong/test/nature/ILSVRC2012_val_00014941.JPEG
510,wukong,8149,GenImage_test/wukong/test/ai/415_wukong_image86.png
510,wukong,8150,GenImage_test/wukong/test/nature/ILSVRC2012_val_00016402.JPEG
510,wukong,8151,GenImage_test/wukong/test/ai/136_wukong_image88.png
510,wukong,8152,GenImage_test/wukong/test/nature/ILSVRC2012_val_00027306.JPEG
510,wukong,8153,GenImage_test/wukong/test/ai/191_wukong_image198.png
510,wukong,8154,GenImage_test/wukong/test/nature/ILSVRC2012_val_00017582.JPEG
510,wukong,8155,GenImage_test/wukong/test/ai/684_wukong_image88.png
511,wukong,8156,GenImage_test/wukong/test/nature/ILSVRC2012_val_00012044.JPEG
511,wukong,8157,GenImage_test/wukong/test/ai/222_wukong_image188.png
511,wukong,8158,GenImage_test/wukong/test/nature/ILSVRC2012_val_00042021.JPEG
511,wukong,8159,GenImage_test/wukong/test/ai/868_wukong_image86.png
511,wukong,8160,GenImage_test/wukong/test/nature/ILSVRC2012_val_00028041.JPEG
511,wukong,8161,GenImage_test/wukong/test/ai/399_wukong_image188.png
511,wukong,8162,GenImage_test/wukong/test/nature/ILSVRC2012_val_00040862.JPEG
511,wukong,8163,GenImage_test/wukong/test/nature/ILSVRC2012_val_00022597.JPEG
511,wukong,8164,GenImage_test/wukong/test/ai/910_wukong_image61.png
511,wukong,8165,GenImage_test/wukong/test/ai/973_wukong_image88.png
511,wukong,8166,GenImage_test/wukong/test/nature/ILSVRC2012_val_00043598.JPEG
511,wukong,8167,GenImage_test/wukong/test/nature/ILSVRC2012_val_00034052.JPEG
511,wukong,8168,GenImage_test/wukong/test/nature/ILSVRC2012_val_00040118.JPEG
511,wukong,8169,GenImage_test/wukong/test/ai/836_wukong_image128.png
511,wukong,8170,GenImage_test/wukong/test/nature/ILSVRC2012_val_00041554.JPEG
511,wukong,8171,GenImage_test/wukong/test/ai/58_wukong_image86.png
512,wukong,8172,GenImage_test/wukong/test/ai/7_wukong_image86.png
512,wukong,8173,GenImage_test/wukong/test/nature/ILSVRC2012_val_00022300.JPEG
512,wukong,8174,GenImage_test/wukong/test/ai/737_wukong_image86.png
512,wukong,8175,GenImage_test/wukong/test/nature/ILSVRC2012_val_00049783.JPEG
512,wukong,8176,GenImage_test/wukong/test/nature/ILSVRC2012_val_00049522.JPEG
512,wukong,8177,GenImage_test/wukong/test/ai/908_wukong_image88.png
512,wukong,8178,GenImage_test/wukong/test/nature/ILSVRC2012_val_00030041.JPEG
512,wukong,8179,GenImage_test/wukong/test/ai/295_wukong_image188.png
512,wukong,8180,GenImage_test/wukong/test/nature/ILSVRC2012_val_00020319.JPEG
512,wukong,8181,GenImage_test/wukong/test/nature/ILSVRC2012_val_00006270.JPEG
512,wukong,8182,GenImage_test/wukong/test/nature/ILSVRC2012_val_00011276.JPEG
512,wukong,8183,GenImage_test/wukong/test/ai/808_wukong_image198.png
512,wukong,8184,GenImage_test/wukong/test/ai/733_wukong_image88.png
512,wukong,8185,GenImage_test/wukong/test/nature/ILSVRC2012_val_00008154.JPEG
512,wukong,8186,GenImage_test/wukong/test/ai/470_wukong_image86.png
512,wukong,8187,GenImage_test/wukong/test/nature/ILSVRC2012_val_00002747.JPEG
513,wukong,8188,GenImage_test/wukong/test/nature/ILSVRC2012_val_00041472.JPEG
513,wukong,8189,GenImage_test/wukong/test/ai/430_wukong_image88.png
513,wukong,8190,GenImage_test/wukong/test/nature/ILSVRC2012_val_00039368.JPEG
513,wukong,8191,GenImage_test/wukong/test/nature/ILSVRC2012_val_00024089.JPEG
513,wukong,8192,GenImage_test/wukong/test/nature/ILSVRC2012_val_00035711.JPEG
513,wukong,8193,GenImage_test/wukong/test/nature/ILSVRC2012_val_00024385.JPEG
513,wukong,8194,GenImage_test/wukong/test/nature/ILSVRC2012_val_00017585.JPEG
513,wukong,8195,GenImage_test/wukong/test/ai/866_wukong_image188.png
513,wukong,8196,GenImage_test/wukong/test/ai/785_wukong_image198.png
513,wukong,8197,GenImage_test/wukong/test/ai/101_wukong_image61.png
513,wukong,8198,GenImage_test/wukong/test/nature/ILSVRC2012_val_00036036.JPEG
513,wukong,8199,GenImage_test/wukong/test/nature/ILSVRC2012_val_00044216.JPEG
513,wukong,8200,GenImage_test/wukong/test/ai/338_wukong_image61.png
513,wukong,8201,GenImage_test/wukong/test/nature/ILSVRC2012_val_00003898.JPEG
513,wukong,8202,GenImage_test/wukong/test/nature/ILSVRC2012_val_00030997.JPEG
513,wukong,8203,GenImage_test/wukong/test/ai/421_wukong_image61.png
514,wukong,8204,GenImage_test/wukong/test/nature/ILSVRC2012_val_00044668.JPEG
514,wukong,8205,GenImage_test/wukong/test/nature/ILSVRC2012_val_00026458.JPEG
514,wukong,8206,GenImage_test/wukong/test/ai/963_wukong_image61.png
514,wukong,8207,GenImage_test/wukong/test/ai/479_wukong_image188.png
514,wukong,8208,GenImage_test/wukong/test/ai/167_wukong_image198.png
514,wukong,8209,GenImage_test/wukong/test/nature/ILSVRC2012_val_00018451.JPEG
514,wukong,8210,GenImage_test/wukong/test/ai/77_wukong_image86.png
514,wukong,8211,GenImage_test/wukong/test/nature/ILSVRC2012_val_00030420.JPEG
514,wukong,8212,GenImage_test/wukong/test/ai/229_wukong_image198.png
514,wukong,8213,GenImage_test/wukong/test/ai/825_wukong_image86.png
514,wukong,8214,GenImage_test/wukong/test/ai/0_wukong_image86.png
514,wukong,8215,GenImage_test/wukong/test/nature/ILSVRC2012_val_00001125.JPEG
514,wukong,8216,GenImage_test/wukong/test/nature/ILSVRC2012_val_00033893.JPEG
514,wukong,8217,GenImage_test/wukong/test/ai/688_wukong_image198.png
514,wukong,8218,GenImage_test/wukong/test/nature/ILSVRC2012_val_00030814.JPEG
514,wukong,8219,GenImage_test/wukong/test/nature/ILSVRC2012_val_00001560.JPEG
515,wukong,8220,GenImage_test/wukong/test/nature/ILSVRC2012_val_00006088.JPEG
515,wukong,8221,GenImage_test/wukong/test/ai/926_wukong_image88.png
515,wukong,8222,GenImage_test/wukong/test/ai/497_wukong_image188.png
515,wukong,8223,GenImage_test/wukong/test/nature/ILSVRC2012_val_00014505.JPEG
515,wukong,8224,GenImage_test/wukong/test/nature/ILSVRC2012_val_00030253.JPEG
515,wukong,8225,GenImage_test/wukong/test/nature/ILSVRC2012_val_00029399.JPEG
515,wukong,8226,GenImage_test/wukong/test/ai/87_wukong_image198.png
515,wukong,8227,GenImage_test/wukong/test/ai/746_wukong_image198.png
515,wukong,8228,GenImage_test/wukong/test/ai/714_wukong_image61.png
515,wukong,8229,GenImage_test/wukong/test/ai/267_wukong_image61.png
515,wukong,8230,GenImage_test/wukong/test/ai/574_wukong_image86.png
515,wukong,8231,GenImage_test/wukong/test/ai/88_wukong_image88.png
515,wukong,8232,GenImage_test/wukong/test/ai/934_wukong_image86.png
515,wukong,8233,GenImage_test/wukong/test/ai/861_wukong_image61.png
515,wukong,8234,GenImage_test/wukong/test/ai/859_wukong_image128.png
515,wukong,8235,GenImage_test/wukong/test/ai/54_wukong_image61.png
516,wukong,8236,GenImage_test/wukong/test/ai/784_wukong_image128.png
516,wukong,8237,GenImage_test/wukong/test/ai/82_wukong_image128.png
516,wukong,8238,GenImage_test/wukong/test/ai/149_wukong_image198.png
516,wukong,8239,GenImage_test/wukong/test/ai/346_wukong_image128.png
516,wukong,8240,GenImage_test/wukong/test/nature/ILSVRC2012_val_00018965.JPEG
516,wukong,8241,GenImage_test/wukong/test/nature/ILSVRC2012_val_00011019.JPEG
516,wukong,8242,GenImage_test/wukong/test/nature/ILSVRC2012_val_00017918.JPEG
516,wukong,8243,GenImage_test/wukong/test/nature/ILSVRC2012_val_00024697.JPEG
516,wukong,8244,GenImage_test/wukong/test/ai/407_wukong_image128.png
516,wukong,8245,GenImage_test/wukong/test/ai/207_wukong_image128.png
516,wukong,8246,GenImage_test/wukong/test/ai/18_wukong_image198.png
516,wukong,8247,GenImage_test/wukong/test/nature/ILSVRC2012_val_00026929.JPEG
516,wukong,8248,GenImage_test/wukong/test/ai/703_wukong_image198.png
516,wukong,8249,GenImage_test/wukong/test/ai/867_wukong_image128.png
516,wukong,8250,GenImage_test/wukong/test/ai/351_wukong_image61.png
516,wukong,8251,GenImage_test/wukong/test/nature/ILSVRC2012_val_00043862.JPEG
517,wukong,8252,GenImage_test/wukong/test/ai/763_wukong_image86.png
517,wukong,8253,GenImage_test/wukong/test/nature/ILSVRC2012_val_00019066.JPEG
517,wukong,8254,GenImage_test/wukong/test/nature/ILSVRC2012_val_00006761.JPEG
517,wukong,8255,GenImage_test/wukong/test/nature/ILSVRC2012_val_00048191.JPEG
517,wukong,8256,GenImage_test/wukong/test/ai/439_wukong_image61.png
517,wukong,8257,GenImage_test/wukong/test/ai/233_wukong_image61.png
517,wukong,8258,GenImage_test/wukong/test/nature/ILSVRC2012_val_00031433.JPEG
517,wukong,8259,GenImage_test/wukong/test/ai/776_wukong_image128.png
517,wukong,8260,GenImage_test/wukong/test/nature/ILSVRC2012_val_00004581.JPEG
517,wukong,8261,GenImage_test/wukong/test/ai/476_wukong_image61.png
517,wukong,8262,GenImage_test/wukong/test/nature/ILSVRC2012_val_00046153.JPEG
517,wukong,8263,GenImage_test/wukong/test/nature/ILSVRC2012_val_00030377.JPEG
517,wukong,8264,GenImage_test/wukong/test/ai/952_wukong_image128.png
517,wukong,8265,GenImage_test/wukong/test/nature/ILSVRC2012_val_00047923.JPEG
517,wukong,8266,GenImage_test/wukong/test/nature/ILSVRC2012_val_00045524.JPEG
517,wukong,8267,GenImage_test/wukong/test/ai/306_wukong_image86.png
518,wukong,8268,GenImage_test/wukong/test/ai/429_wukong_image61.png
518,wukong,8269,GenImage_test/wukong/test/ai/539_wukong_image188.png
518,wukong,8270,GenImage_test/wukong/test/ai/708_wukong_image188.png
518,wukong,8271,GenImage_test/wukong/test/ai/394_wukong_image61.png
518,wukong,8272,GenImage_test/wukong/test/ai/260_wukong_image88.png
518,wukong,8273,GenImage_test/wukong/test/ai/533_wukong_image188.png
518,wukong,8274,GenImage_test/wukong/test/ai/758_wukong_image61.png
518,wukong,8275,GenImage_test/wukong/test/nature/ILSVRC2012_val_00045055.JPEG
518,wukong,8276,GenImage_test/wukong/test/ai/799_wukong_image88.png
518,wukong,8277,GenImage_test/wukong/test/nature/ILSVRC2012_val_00034600.JPEG
518,wukong,8278,GenImage_test/wukong/test/ai/471_wukong_image61.png
518,wukong,8279,GenImage_test/wukong/test/ai/47_wukong_image61.png
518,wukong,8280,GenImage_test/wukong/test/nature/ILSVRC2012_val_00043285.JPEG
518,wukong,8281,GenImage_test/wukong/test/nature/ILSVRC2012_val_00028410.JPEG
518,wukong,8282,GenImage_test/wukong/test/ai/5_wukong_image86.png
518,wukong,8283,GenImage_test/wukong/test/nature/ILSVRC2012_val_00031484.JPEG
519,wukong,8284,GenImage_test/wukong/test/ai/23_wukong_image86.png
519,wukong,8285,GenImage_test/wukong/test/nature/ILSVRC2012_val_00040347.JPEG
519,wukong,8286,GenImage_test/wukong/test/nature/ILSVRC2012_val_00037840.JPEG
519,wukong,8287,GenImage_test/wukong/test/ai/554_wukong_image188.png
519,wukong,8288,GenImage_test/wukong/test/ai/587_wukong_image188.png
519,wukong,8289,GenImage_test/wukong/test/ai/884_wukong_image86.png
519,wukong,8290,GenImage_test/wukong/test/nature/ILSVRC2012_val_00030690.JPEG
519,wukong,8291,GenImage_test/wukong/test/ai/363_wukong_image188.png
519,wukong,8292,GenImage_test/wukong/test/ai/324_wukong_image128.png
519,wukong,8293,GenImage_test/wukong/test/nature/ILSVRC2012_val_00002272.JPEG
519,wukong,8294,GenImage_test/wukong/test/nature/ILSVRC2012_val_00031160.JPEG
519,wukong,8295,GenImage_test/wukong/test/nature/ILSVRC2012_val_00042492.JPEG
519,wukong,8296,GenImage_test/wukong/test/ai/416_wukong_image128.png
519,wukong,8297,GenImage_test/wukong/test/ai/256_wukong_image188.png
519,wukong,8298,GenImage_test/wukong/test/nature/ILSVRC2012_val_00014119.JPEG
519,wukong,8299,GenImage_test/wukong/test/ai/521_wukong_image88.png
520,wukong,8300,GenImage_test/wukong/test/ai/782_wukong_image128.png
520,wukong,8301,GenImage_test/wukong/test/ai/981_wukong_image198.png
520,wukong,8302,GenImage_test/wukong/test/ai/755_wukong_image86.png
520,wukong,8303,GenImage_test/wukong/test/nature/ILSVRC2012_val_00033959.JPEG
520,wukong,8304,GenImage_test/wukong/test/ai/735_wukong_image128.png
520,wukong,8305,GenImage_test/wukong/test/nature/ILSVRC2012_val_00016779.JPEG
520,wukong,8306,GenImage_test/wukong/test/ai/666_wukong_image188.png
520,wukong,8307,GenImage_test/wukong/test/nature/ILSVRC2012_val_00015753.JPEG
520,wukong,8308,GenImage_test/wukong/test/ai/53_wukong_image61.png
520,wukong,8309,GenImage_test/wukong/test/nature/ILSVRC2012_val_00005792.JPEG
520,wukong,8310,GenImage_test/wukong/test/nature/ILSVRC2012_val_00022787.JPEG
520,wukong,8311,GenImage_test/wukong/test/nature/ILSVRC2012_val_00007227.JPEG
520,wukong,8312,GenImage_test/wukong/test/ai/745_wukong_image188.png
520,wukong,8313,GenImage_test/wukong/test/nature/ILSVRC2012_val_00046779.JPEG
520,wukong,8314,GenImage_test/wukong/test/nature/ILSVRC2012_val_00023932.JPEG
520,wukong,8315,GenImage_test/wukong/test/nature/ILSVRC2012_val_00040370.JPEG
521,wukong,8316,GenImage_test/wukong/test/nature/ILSVRC2012_val_00018677.JPEG
521,wukong,8317,GenImage_test/wukong/test/ai/510_wukong_image61.png
521,wukong,8318,GenImage_test/wukong/test/nature/ILSVRC2012_val_00046274.JPEG
521,wukong,8319,GenImage_test/wukong/test/ai/850_wukong_image198.png
521,wukong,8320,GenImage_test/wukong/test/nature/ILSVRC2012_val_00019267.JPEG
521,wukong,8321,GenImage_test/wukong/test/nature/ILSVRC2012_val_00028418.JPEG
521,wukong,8322,GenImage_test/wukong/test/ai/177_wukong_image188.png
521,wukong,8323,GenImage_test/wukong/test/nature/ILSVRC2012_val_00021645.JPEG
521,wukong,8324,GenImage_test/wukong/test/nature/ILSVRC2012_val_00029690.JPEG
521,wukong,8325,GenImage_test/wukong/test/nature/ILSVRC2012_val_00023001.JPEG
521,wukong,8326,GenImage_test/wukong/test/ai/540_wukong_image86.png
521,wukong,8327,GenImage_test/wukong/test/nature/ILSVRC2012_val_00035463.JPEG
521,wukong,8328,GenImage_test/wukong/test/nature/ILSVRC2012_val_00030725.JPEG
521,wukong,8329,GenImage_test/wukong/test/ai/909_wukong_image198.png
521,wukong,8330,GenImage_test/wukong/test/ai/827_wukong_image128.png
521,wukong,8331,GenImage_test/wukong/test/nature/ILSVRC2012_val_00043545.JPEG
522,wukong,8332,GenImage_test/wukong/test/ai/950_wukong_image198.png
522,wukong,8333,GenImage_test/wukong/test/ai/576_wukong_image86.png
522,wukong,8334,GenImage_test/wukong/test/ai/519_wukong_image61.png
522,wukong,8335,GenImage_test/wukong/test/nature/ILSVRC2012_val_00041858.JPEG
522,wukong,8336,GenImage_test/wukong/test/ai/610_wukong_image128.png
522,wukong,8337,GenImage_test/wukong/test/nature/ILSVRC2012_val_00015301.JPEG
522,wukong,8338,GenImage_test/wukong/test/nature/ILSVRC2012_val_00037317.JPEG
522,wukong,8339,GenImage_test/wukong/test/nature/ILSVRC2012_val_00002670.JPEG
522,wukong,8340,GenImage_test/wukong/test/nature/ILSVRC2012_val_00038206.JPEG
522,wukong,8341,GenImage_test/wukong/test/nature/ILSVRC2012_val_00040897.JPEG
522,wukong,8342,GenImage_test/wukong/test/ai/766_wukong_image198.png
522,wukong,8343,GenImage_test/wukong/test/ai/207_wukong_image88.png
522,wukong,8344,GenImage_test/wukong/test/ai/939_wukong_image198.png
522,wukong,8345,GenImage_test/wukong/test/ai/121_wukong_image86.png
522,wukong,8346,GenImage_test/wukong/test/ai/822_wukong_image86.png
522,wukong,8347,GenImage_test/wukong/test/ai/233_wukong_image128.png
523,wukong,8348,GenImage_test/wukong/test/ai/543_wukong_image128.png
523,wukong,8349,GenImage_test/wukong/test/ai/575_wukong_image88.png
523,wukong,8350,GenImage_test/wukong/test/ai/974_wukong_image198.png
523,wukong,8351,GenImage_test/wukong/test/nature/ILSVRC2012_val_00044482.JPEG
523,wukong,8352,GenImage_test/wukong/test/nature/ILSVRC2012_val_00020915.JPEG
523,wukong,8353,GenImage_test/wukong/test/nature/ILSVRC2012_val_00015341.JPEG
523,wukong,8354,GenImage_test/wukong/test/nature/ILSVRC2012_val_00011005.JPEG
523,wukong,8355,GenImage_test/wukong/test/ai/643_wukong_image86.png
523,wukong,8356,GenImage_test/wukong/test/nature/ILSVRC2012_val_00007548.JPEG
523,wukong,8357,GenImage_test/wukong/test/ai/637_wukong_image128.png
523,wukong,8358,GenImage_test/wukong/test/nature/ILSVRC2012_val_00013121.JPEG
523,wukong,8359,GenImage_test/wukong/test/ai/379_wukong_image61.png
523,wukong,8360,GenImage_test/wukong/test/nature/ILSVRC2012_val_00012132.JPEG
523,wukong,8361,GenImage_test/wukong/test/ai/186_wukong_image198.png
523,wukong,8362,GenImage_test/wukong/test/nature/ILSVRC2012_val_00034172.JPEG
523,wukong,8363,GenImage_test/wukong/test/ai/603_wukong_image61.png
524,wukong,8364,GenImage_test/wukong/test/nature/ILSVRC2012_val_00048316.JPEG
524,wukong,8365,GenImage_test/wukong/test/nature/ILSVRC2012_val_00005487.JPEG
524,wukong,8366,GenImage_test/wukong/test/ai/33_wukong_image88.png
524,wukong,8367,GenImage_test/wukong/test/nature/ILSVRC2012_val_00034303.JPEG
524,wukong,8368,GenImage_test/wukong/test/nature/ILSVRC2012_val_00010695.JPEG
524,wukong,8369,GenImage_test/wukong/test/ai/751_wukong_image188.png
524,wukong,8370,GenImage_test/wukong/test/ai/788_wukong_image88.png
524,wukong,8371,GenImage_test/wukong/test/nature/ILSVRC2012_val_00045772.JPEG
524,wukong,8372,GenImage_test/wukong/test/nature/ILSVRC2012_val_00025412.JPEG
524,wukong,8373,GenImage_test/wukong/test/nature/ILSVRC2012_val_00049119.JPEG
524,wukong,8374,GenImage_test/wukong/test/ai/281_wukong_image86.png
524,wukong,8375,GenImage_test/wukong/test/nature/ILSVRC2012_val_00012498.JPEG
524,wukong,8376,GenImage_test/wukong/test/ai/881_wukong_image188.png
524,wukong,8377,GenImage_test/wukong/test/ai/972_wukong_image86.png
524,wukong,8378,GenImage_test/wukong/test/nature/ILSVRC2012_val_00046365.JPEG
524,wukong,8379,GenImage_test/wukong/test/nature/ILSVRC2012_val_00007137.JPEG
525,wukong,8380,GenImage_test/wukong/test/nature/ILSVRC2012_val_00004180.JPEG
525,wukong,8381,GenImage_test/wukong/test/nature/ILSVRC2012_val_00039659.JPEG
525,wukong,8382,GenImage_test/wukong/test/nature/ILSVRC2012_val_00045227.JPEG
525,wukong,8383,GenImage_test/wukong/test/nature/ILSVRC2012_val_00041070.JPEG
525,wukong,8384,GenImage_test/wukong/test/ai/247_wukong_image128.png
525,wukong,8385,GenImage_test/wukong/test/nature/ILSVRC2012_val_00010375.JPEG
525,wukong,8386,GenImage_test/wukong/test/ai/158_wukong_image198.png
525,wukong,8387,GenImage_test/wukong/test/ai/378_wukong_image128.png
525,wukong,8388,GenImage_test/wukong/test/ai/562_wukong_image61.png
525,wukong,8389,GenImage_test/wukong/test/ai/597_wukong_image61.png
525,wukong,8390,GenImage_test/wukong/test/ai/11_wukong_image88.png
525,wukong,8391,GenImage_test/wukong/test/ai/160_wukong_image128.png
525,wukong,8392,GenImage_test/wukong/test/nature/ILSVRC2012_val_00025187.JPEG
525,wukong,8393,GenImage_test/wukong/test/ai/188_wukong_image198.png
525,wukong,8394,GenImage_test/wukong/test/nature/ILSVRC2012_val_00008429.JPEG
525,wukong,8395,GenImage_test/wukong/test/ai/17_wukong_image61.png
526,wukong,8396,GenImage_test/wukong/test/ai/481_wukong_image86.png
526,wukong,8397,GenImage_test/wukong/test/nature/ILSVRC2012_val_00016174.JPEG
526,wukong,8398,GenImage_test/wukong/test/nature/ILSVRC2012_val_00005226.JPEG
526,wukong,8399,GenImage_test/wukong/test/ai/208_wukong_image88.png
526,wukong,8400,GenImage_test/wukong/test/nature/ILSVRC2012_val_00010517.JPEG
526,wukong,8401,GenImage_test/wukong/test/ai/810_wukong_image128.png
526,wukong,8402,GenImage_test/wukong/test/ai/599_wukong_image88.png
526,wukong,8403,GenImage_test/wukong/test/ai/239_wukong_image128.png
526,wukong,8404,GenImage_test/wukong/test/ai/988_wukong_image198.png
526,wukong,8405,GenImage_test/wukong/test/nature/ILSVRC2012_val_00016951.JPEG
526,wukong,8406,GenImage_test/wukong/test/nature/ILSVRC2012_val_00032655.JPEG
526,wukong,8407,GenImage_test/wukong/test/ai/984_wukong_image128.png
526,wukong,8408,GenImage_test/wukong/test/nature/ILSVRC2012_val_00009564.JPEG
526,wukong,8409,GenImage_test/wukong/test/nature/ILSVRC2012_val_00021214.JPEG
526,wukong,8410,GenImage_test/wukong/test/ai/849_wukong_image61.png
526,wukong,8411,GenImage_test/wukong/test/nature/ILSVRC2012_val_00027799.JPEG
527,wukong,8412,GenImage_test/wukong/test/nature/ILSVRC2012_val_00044664.JPEG
527,wukong,8413,GenImage_test/wukong/test/ai/82_wukong_image198.png
527,wukong,8414,GenImage_test/wukong/test/nature/ILSVRC2012_val_00047844.JPEG
527,wukong,8415,GenImage_test/wukong/test/ai/661_wukong_image198.png
527,wukong,8416,GenImage_test/wukong/test/ai/16_wukong_image188.png
527,wukong,8417,GenImage_test/wukong/test/ai/739_wukong_image86.png
527,wukong,8418,GenImage_test/wukong/test/ai/53_wukong_image86.png
527,wukong,8419,GenImage_test/wukong/test/nature/ILSVRC2012_val_00005267.JPEG
527,wukong,8420,GenImage_test/wukong/test/ai/53_wukong_image128.png
527,wukong,8421,GenImage_test/wukong/test/ai/602_wukong_image86.png
527,wukong,8422,GenImage_test/wukong/test/ai/716_wukong_image86.png
527,wukong,8423,GenImage_test/wukong/test/ai/722_wukong_image61.png
527,wukong,8424,GenImage_test/wukong/test/ai/42_wukong_image61.png
527,wukong,8425,GenImage_test/wukong/test/ai/446_wukong_image88.png
527,wukong,8426,GenImage_test/wukong/test/nature/ILSVRC2012_val_00024542.JPEG
527,wukong,8427,GenImage_test/wukong/test/ai/415_wukong_image61.png
528,wukong,8428,GenImage_test/wukong/test/ai/842_wukong_image128.png
528,wukong,8429,GenImage_test/wukong/test/nature/ILSVRC2012_val_00047975.JPEG
528,wukong,8430,GenImage_test/wukong/test/nature/ILSVRC2012_val_00025817.JPEG
528,wukong,8431,GenImage_test/wukong/test/nature/ILSVRC2012_val_00031703.JPEG
528,wukong,8432,GenImage_test/wukong/test/nature/ILSVRC2012_val_00033717.JPEG
528,wukong,8433,GenImage_test/wukong/test/ai/243_wukong_image61.png
528,wukong,8434,GenImage_test/wukong/test/nature/ILSVRC2012_val_00033339.JPEG
528,wukong,8435,GenImage_test/wukong/test/nature/ILSVRC2012_val_00009350.JPEG
528,wukong,8436,GenImage_test/wukong/test/ai/296_wukong_image86.png
528,wukong,8437,GenImage_test/wukong/test/nature/ILSVRC2012_val_00043174.JPEG
528,wukong,8438,GenImage_test/wukong/test/ai/369_wukong_image88.png
528,wukong,8439,GenImage_test/wukong/test/nature/ILSVRC2012_val_00002910.JPEG
528,wukong,8440,GenImage_test/wukong/test/ai/836_wukong_image88.png
528,wukong,8441,GenImage_test/wukong/test/ai/392_wukong_image61.png
528,wukong,8442,GenImage_test/wukong/test/nature/ILSVRC2012_val_00019143.JPEG
528,wukong,8443,GenImage_test/wukong/test/ai/639_wukong_image88.png
529,wukong,8444,GenImage_test/wukong/test/nature/ILSVRC2012_val_00004800.JPEG
529,wukong,8445,GenImage_test/wukong/test/ai/663_wukong_image198.png
529,wukong,8446,GenImage_test/wukong/test/ai/445_wukong_image128.png
529,wukong,8447,GenImage_test/wukong/test/nature/ILSVRC2012_val_00040147.JPEG
529,wukong,8448,GenImage_test/wukong/test/ai/870_wukong_image61.png
529,wukong,8449,GenImage_test/wukong/test/ai/568_wukong_image61.png
529,wukong,8450,GenImage_test/wukong/test/nature/ILSVRC2012_val_00003350.JPEG
529,wukong,8451,GenImage_test/wukong/test/ai/217_wukong_image88.png
529,wukong,8452,GenImage_test/wukong/test/ai/593_wukong_image61.png
529,wukong,8453,GenImage_test/wukong/test/ai/96_wukong_image88.png
529,wukong,8454,GenImage_test/wukong/test/nature/ILSVRC2012_val_00028883.JPEG
529,wukong,8455,GenImage_test/wukong/test/nature/ILSVRC2012_val_00026501.JPEG
529,wukong,8456,GenImage_test/wukong/test/ai/512_wukong_image188.png
529,wukong,8457,GenImage_test/wukong/test/nature/ILSVRC2012_val_00010175.JPEG
529,wukong,8458,GenImage_test/wukong/test/nature/ILSVRC2012_val_00013028.JPEG
529,wukong,8459,GenImage_test/wukong/test/nature/ILSVRC2012_val_00002218.JPEG
530,wukong,8460,GenImage_test/wukong/test/nature/ILSVRC2012_val_00003325.JPEG
530,wukong,8461,GenImage_test/wukong/test/nature/ILSVRC2012_val_00018576.JPEG
530,wukong,8462,GenImage_test/wukong/test/ai/781_wukong_image188.png
530,wukong,8463,GenImage_test/wukong/test/ai/347_wukong_image88.png
530,wukong,8464,GenImage_test/wukong/test/ai/992_wukong_image61.png
530,wukong,8465,GenImage_test/wukong/test/ai/635_wukong_image198.png
530,wukong,8466,GenImage_test/wukong/test/nature/ILSVRC2012_val_00013541.JPEG
530,wukong,8467,GenImage_test/wukong/test/nature/ILSVRC2012_val_00035252.JPEG
530,wukong,8468,GenImage_test/wukong/test/ai/114_wukong_image198.png
530,wukong,8469,GenImage_test/wukong/test/nature/ILSVRC2012_val_00043156.JPEG
530,wukong,8470,GenImage_test/wukong/test/nature/ILSVRC2012_val_00020432.JPEG
530,wukong,8471,GenImage_test/wukong/test/ai/91_wukong_image61.png
530,wukong,8472,GenImage_test/wukong/test/ai/695_wukong_image188.png
530,wukong,8473,GenImage_test/wukong/test/nature/ILSVRC2012_val_00001086.JPEG
530,wukong,8474,GenImage_test/wukong/test/nature/ILSVRC2012_val_00031485.JPEG
530,wukong,8475,GenImage_test/wukong/test/nature/ILSVRC2012_val_00007007.JPEG
531,wukong,8476,GenImage_test/wukong/test/ai/253_wukong_image88.png
531,wukong,8477,GenImage_test/wukong/test/ai/343_wukong_image198.png
531,wukong,8478,GenImage_test/wukong/test/nature/ILSVRC2012_val_00047181.JPEG
531,wukong,8479,GenImage_test/wukong/test/ai/114_wukong_image88.png
531,wukong,8480,GenImage_test/wukong/test/ai/907_wukong_image198.png
531,wukong,8481,GenImage_test/wukong/test/nature/ILSVRC2012_val_00039175.JPEG
531,wukong,8482,GenImage_test/wukong/test/ai/547_wukong_image86.png
531,wukong,8483,GenImage_test/wukong/test/nature/ILSVRC2012_val_00015464.JPEG
531,wukong,8484,GenImage_test/wukong/test/ai/682_wukong_image198.png
531,wukong,8485,GenImage_test/wukong/test/ai/416_wukong_image61.png
531,wukong,8486,GenImage_test/wukong/test/ai/132_wukong_image188.png
531,wukong,8487,GenImage_test/wukong/test/nature/ILSVRC2012_val_00013611.JPEG
531,wukong,8488,GenImage_test/wukong/test/nature/ILSVRC2012_val_00034787.JPEG
531,wukong,8489,GenImage_test/wukong/test/nature/ILSVRC2012_val_00036397.JPEG
531,wukong,8490,GenImage_test/wukong/test/nature/ILSVRC2012_val_00028871.JPEG
531,wukong,8491,GenImage_test/wukong/test/nature/ILSVRC2012_val_00002322.JPEG
532,wukong,8492,GenImage_test/wukong/test/ai/808_wukong_image86.png
532,wukong,8493,GenImage_test/wukong/test/nature/ILSVRC2012_val_00016773.JPEG
532,wukong,8494,GenImage_test/wukong/test/ai/337_wukong_image61.png
532,wukong,8495,GenImage_test/wukong/test/nature/ILSVRC2012_val_00002319.JPEG
532,wukong,8496,GenImage_test/wukong/test/nature/ILSVRC2012_val_00014303.JPEG
532,wukong,8497,GenImage_test/wukong/test/nature/ILSVRC2012_val_00022990.JPEG
532,wukong,8498,GenImage_test/wukong/test/nature/ILSVRC2012_val_00043186.JPEG
532,wukong,8499,GenImage_test/wukong/test/nature/ILSVRC2012_val_00036491.JPEG
532,wukong,8500,GenImage_test/wukong/test/ai/307_wukong_image198.png
532,wukong,8501,GenImage_test/wukong/test/nature/ILSVRC2012_val_00005628.JPEG
532,wukong,8502,GenImage_test/wukong/test/nature/ILSVRC2012_val_00013110.JPEG
532,wukong,8503,GenImage_test/wukong/test/ai/596_wukong_image61.png
532,wukong,8504,GenImage_test/wukong/test/nature/ILSVRC2012_val_00015258.JPEG
532,wukong,8505,GenImage_test/wukong/test/nature/ILSVRC2012_val_00048825.JPEG
532,wukong,8506,GenImage_test/wukong/test/nature/ILSVRC2012_val_00010916.JPEG
532,wukong,8507,GenImage_test/wukong/test/ai/199_wukong_image61.png
533,wukong,8508,GenImage_test/wukong/test/ai/234_wukong_image198.png
533,wukong,8509,GenImage_test/wukong/test/ai/807_wukong_image86.png
533,wukong,8510,GenImage_test/wukong/test/nature/ILSVRC2012_val_00039231.JPEG
533,wukong,8511,GenImage_test/wukong/test/ai/971_wukong_image188.png
533,wukong,8512,GenImage_test/wukong/test/nature/ILSVRC2012_val_00031082.JPEG
533,wukong,8513,GenImage_test/wukong/test/nature/ILSVRC2012_val_00043438.JPEG
533,wukong,8514,GenImage_test/wukong/test/nature/ILSVRC2012_val_00010203.JPEG
533,wukong,8515,GenImage_test/wukong/test/ai/210_wukong_image198.png
533,wukong,8516,GenImage_test/wukong/test/nature/ILSVRC2012_val_00021539.JPEG
533,wukong,8517,GenImage_test/wukong/test/nature/ILSVRC2012_val_00048921.JPEG
533,wukong,8518,GenImage_test/wukong/test/nature/ILSVRC2012_val_00008941.JPEG
533,wukong,8519,GenImage_test/wukong/test/ai/701_wukong_image86.png
533,wukong,8520,GenImage_test/wukong/test/ai/218_wukong_image198.png
533,wukong,8521,GenImage_test/wukong/test/nature/ILSVRC2012_val_00021521.JPEG
533,wukong,8522,GenImage_test/wukong/test/nature/ILSVRC2012_val_00049495.JPEG
533,wukong,8523,GenImage_test/wukong/test/nature/ILSVRC2012_val_00049261.JPEG
534,wukong,8524,GenImage_test/wukong/test/nature/ILSVRC2012_val_00018288.JPEG
534,wukong,8525,GenImage_test/wukong/test/nature/ILSVRC2012_val_00040562.JPEG
534,wukong,8526,GenImage_test/wukong/test/ai/571_wukong_image61.png
534,wukong,8527,GenImage_test/wukong/test/nature/ILSVRC2012_val_00031775.JPEG
534,wukong,8528,GenImage_test/wukong/test/ai/551_wukong_image61.png
534,wukong,8529,GenImage_test/wukong/test/ai/192_wukong_image198.png
534,wukong,8530,GenImage_test/wukong/test/ai/916_wukong_image188.png
534,wukong,8531,GenImage_test/wukong/test/ai/448_wukong_image61.png
534,wukong,8532,GenImage_test/wukong/test/nature/ILSVRC2012_val_00017202.JPEG
534,wukong,8533,GenImage_test/wukong/test/ai/696_wukong_image198.png
534,wukong,8534,GenImage_test/wukong/test/ai/924_wukong_image198.png
534,wukong,8535,GenImage_test/wukong/test/ai/422_wukong_image128.png
534,wukong,8536,GenImage_test/wukong/test/ai/786_wukong_image86.png
534,wukong,8537,GenImage_test/wukong/test/ai/195_wukong_image61.png
534,wukong,8538,GenImage_test/wukong/test/nature/ILSVRC2012_val_00028006.JPEG
534,wukong,8539,GenImage_test/wukong/test/ai/408_wukong_image188.png
535,wukong,8540,GenImage_test/wukong/test/nature/ILSVRC2012_val_00037704.JPEG
535,wukong,8541,GenImage_test/wukong/test/nature/ILSVRC2012_val_00009656.JPEG
535,wukong,8542,GenImage_test/wukong/test/nature/ILSVRC2012_val_00015969.JPEG
535,wukong,8543,GenImage_test/wukong/test/nature/ILSVRC2012_val_00035790.JPEG
535,wukong,8544,GenImage_test/wukong/test/nature/ILSVRC2012_val_00020032.JPEG
535,wukong,8545,GenImage_test/wukong/test/nature/ILSVRC2012_val_00030789.JPEG
535,wukong,8546,GenImage_test/wukong/test/nature/ILSVRC2012_val_00026757.JPEG
535,wukong,8547,GenImage_test/wukong/test/ai/579_wukong_image128.png
535,wukong,8548,GenImage_test/wukong/test/nature/ILSVRC2012_val_00023252.JPEG
535,wukong,8549,GenImage_test/wukong/test/ai/903_wukong_image128.png
535,wukong,8550,GenImage_test/wukong/test/ai/742_wukong_image86.png
535,wukong,8551,GenImage_test/wukong/test/nature/ILSVRC2012_val_00008457.JPEG
535,wukong,8552,GenImage_test/wukong/test/ai/163_wukong_image86.png
535,wukong,8553,GenImage_test/wukong/test/nature/ILSVRC2012_val_00030721.JPEG
535,wukong,8554,GenImage_test/wukong/test/ai/995_wukong_image128.png
535,wukong,8555,GenImage_test/wukong/test/nature/ILSVRC2012_val_00041040.JPEG
536,wukong,8556,GenImage_test/wukong/test/nature/ILSVRC2012_val_00000516.JPEG
536,wukong,8557,GenImage_test/wukong/test/ai/156_wukong_image198.png
536,wukong,8558,GenImage_test/wukong/test/nature/ILSVRC2012_val_00015115.JPEG
536,wukong,8559,GenImage_test/wukong/test/nature/ILSVRC2012_val_00020657.JPEG
536,wukong,8560,GenImage_test/wukong/test/nature/ILSVRC2012_val_00039093.JPEG
536,wukong,8561,GenImage_test/wukong/test/nature/ILSVRC2012_val_00028335.JPEG
536,wukong,8562,GenImage_test/wukong/test/ai/559_wukong_image198.png
536,wukong,8563,GenImage_test/wukong/test/nature/ILSVRC2012_val_00001538.JPEG
536,wukong,8564,GenImage_test/wukong/test/nature/ILSVRC2012_val_00023644.JPEG
536,wukong,8565,GenImage_test/wukong/test/nature/ILSVRC2012_val_00017973.JPEG
536,wukong,8566,GenImage_test/wukong/test/ai/558_wukong_image128.png
536,wukong,8567,GenImage_test/wukong/test/nature/ILSVRC2012_val_00021174.JPEG
536,wukong,8568,GenImage_test/wukong/test/nature/ILSVRC2012_val_00007826.JPEG
536,wukong,8569,GenImage_test/wukong/test/nature/ILSVRC2012_val_00024775.JPEG
536,wukong,8570,GenImage_test/wukong/test/ai/794_wukong_image128.png
536,wukong,8571,GenImage_test/wukong/test/nature/ILSVRC2012_val_00030499.JPEG
537,wukong,8572,GenImage_test/wukong/test/nature/ILSVRC2012_val_00031671.JPEG
537,wukong,8573,GenImage_test/wukong/test/ai/455_wukong_image88.png
537,wukong,8574,GenImage_test/wukong/test/nature/ILSVRC2012_val_00040528.JPEG
537,wukong,8575,GenImage_test/wukong/test/ai/427_wukong_image86.png
537,wukong,8576,GenImage_test/wukong/test/ai/975_wukong_image61.png
537,wukong,8577,GenImage_test/wukong/test/ai/6_wukong_image86.png
537,wukong,8578,GenImage_test/wukong/test/ai/248_wukong_image61.png
537,wukong,8579,GenImage_test/wukong/test/ai/52_wukong_image61.png
537,wukong,8580,GenImage_test/wukong/test/ai/584_wukong_image61.png
537,wukong,8581,GenImage_test/wukong/test/ai/154_wukong_image86.png
537,wukong,8582,GenImage_test/wukong/test/nature/ILSVRC2012_val_00001030.JPEG
537,wukong,8583,GenImage_test/wukong/test/nature/ILSVRC2012_val_00015211.JPEG
537,wukong,8584,GenImage_test/wukong/test/ai/182_wukong_image86.png
537,wukong,8585,GenImage_test/wukong/test/ai/651_wukong_image198.png
537,wukong,8586,GenImage_test/wukong/test/nature/ILSVRC2012_val_00003333.JPEG
537,wukong,8587,GenImage_test/wukong/test/nature/ILSVRC2012_val_00044555.JPEG
538,wukong,8588,GenImage_test/wukong/test/nature/ILSVRC2012_val_00018414.JPEG
538,wukong,8589,GenImage_test/wukong/test/nature/ILSVRC2012_val_00022417.JPEG
538,wukong,8590,GenImage_test/wukong/test/nature/ILSVRC2012_val_00045806.JPEG
538,wukong,8591,GenImage_test/wukong/test/nature/ILSVRC2012_val_00014782.JPEG
538,wukong,8592,GenImage_test/wukong/test/nature/ILSVRC2012_val_00033318.JPEG
538,wukong,8593,GenImage_test/wukong/test/nature/ILSVRC2012_val_00029531.JPEG
538,wukong,8594,GenImage_test/wukong/test/ai/861_wukong_image188.png
538,wukong,8595,GenImage_test/wukong/test/ai/267_wukong_image188.png
538,wukong,8596,GenImage_test/wukong/test/nature/ILSVRC2012_val_00041934.JPEG
538,wukong,8597,GenImage_test/wukong/test/nature/ILSVRC2012_val_00017026.JPEG
538,wukong,8598,GenImage_test/wukong/test/nature/ILSVRC2012_val_00025030.JPEG
538,wukong,8599,GenImage_test/wukong/test/nature/ILSVRC2012_val_00017534.JPEG
538,wukong,8600,GenImage_test/wukong/test/ai/349_wukong_image128.png
538,wukong,8601,GenImage_test/wukong/test/ai/313_wukong_image88.png
538,wukong,8602,GenImage_test/wukong/test/nature/ILSVRC2012_val_00045966.JPEG
538,wukong,8603,GenImage_test/wukong/test/ai/898_wukong_image61.png
539,wukong,8604,GenImage_test/wukong/test/nature/ILSVRC2012_val_00024410.JPEG
539,wukong,8605,GenImage_test/wukong/test/ai/526_wukong_image61.png
539,wukong,8606,GenImage_test/wukong/test/ai/851_wukong_image128.png
539,wukong,8607,GenImage_test/wukong/test/nature/ILSVRC2012_val_00003003.JPEG
539,wukong,8608,GenImage_test/wukong/test/ai/501_wukong_image198.png
539,wukong,8609,GenImage_test/wukong/test/ai/240_wukong_image198.png
539,wukong,8610,GenImage_test/wukong/test/ai/153_wukong_image188.png
539,wukong,8611,GenImage_test/wukong/test/nature/ILSVRC2012_val_00002665.JPEG
539,wukong,8612,GenImage_test/wukong/test/nature/ILSVRC2012_val_00021463.JPEG
539,wukong,8613,GenImage_test/wukong/test/nature/ILSVRC2012_val_00011342.JPEG
539,wukong,8614,GenImage_test/wukong/test/ai/195_wukong_image128.png
539,wukong,8615,GenImage_test/wukong/test/ai/135_wukong_image188.png
539,wukong,8616,GenImage_test/wukong/test/ai/687_wukong_image86.png
539,wukong,8617,GenImage_test/wukong/test/nature/ILSVRC2012_val_00018427.JPEG
539,wukong,8618,GenImage_test/wukong/test/ai/638_wukong_image198.png
539,wukong,8619,GenImage_test/wukong/test/nature/ILSVRC2012_val_00043773.JPEG
540,wukong,8620,GenImage_test/wukong/test/nature/ILSVRC2012_val_00001577.JPEG
540,wukong,8621,GenImage_test/wukong/test/ai/37_wukong_image88.png
540,wukong,8622,GenImage_test/wukong/test/nature/ILSVRC2012_val_00002225.JPEG
540,wukong,8623,GenImage_test/wukong/test/ai/328_wukong_image61.png
540,wukong,8624,GenImage_test/wukong/test/nature/ILSVRC2012_val_00015914.JPEG
540,wukong,8625,GenImage_test/wukong/test/ai/719_wukong_image128.png
540,wukong,8626,GenImage_test/wukong/test/ai/837_wukong_image128.png
540,wukong,8627,GenImage_test/wukong/test/ai/37_wukong_image198.png
540,wukong,8628,GenImage_test/wukong/test/nature/ILSVRC2012_val_00006559.JPEG
540,wukong,8629,GenImage_test/wukong/test/nature/ILSVRC2012_val_00030816.JPEG
540,wukong,8630,GenImage_test/wukong/test/nature/ILSVRC2012_val_00034827.JPEG
540,wukong,8631,GenImage_test/wukong/test/nature/ILSVRC2012_val_00033402.JPEG
540,wukong,8632,GenImage_test/wukong/test/nature/ILSVRC2012_val_00040021.JPEG
540,wukong,8633,GenImage_test/wukong/test/ai/142_wukong_image61.png
540,wukong,8634,GenImage_test/wukong/test/nature/ILSVRC2012_val_00049017.JPEG
540,wukong,8635,GenImage_test/wukong/test/ai/796_wukong_image188.png
541,wukong,8636,GenImage_test/wukong/test/ai/712_wukong_image61.png
541,wukong,8637,GenImage_test/wukong/test/ai/611_wukong_image61.png
541,wukong,8638,GenImage_test/wukong/test/nature/ILSVRC2012_val_00038109.JPEG
541,wukong,8639,GenImage_test/wukong/test/nature/ILSVRC2012_val_00033327.JPEG
541,wukong,8640,GenImage_test/wukong/test/nature/ILSVRC2012_val_00035853.JPEG
541,wukong,8641,GenImage_test/wukong/test/ai/614_wukong_image188.png
541,wukong,8642,GenImage_test/wukong/test/ai/216_wukong_image86.png
541,wukong,8643,GenImage_test/wukong/test/nature/ILSVRC2012_val_00003849.JPEG
541,wukong,8644,GenImage_test/wukong/test/nature/ILSVRC2012_val_00028329.JPEG
541,wukong,8645,GenImage_test/wukong/test/nature/ILSVRC2012_val_00026388.JPEG
541,wukong,8646,GenImage_test/wukong/test/ai/970_wukong_image61.png
541,wukong,8647,GenImage_test/wukong/test/nature/ILSVRC2012_val_00031715.JPEG
541,wukong,8648,GenImage_test/wukong/test/nature/ILSVRC2012_val_00019883.JPEG
541,wukong,8649,GenImage_test/wukong/test/nature/ILSVRC2012_val_00006241.JPEG
541,wukong,8650,GenImage_test/wukong/test/ai/215_wukong_image88.png
541,wukong,8651,GenImage_test/wukong/test/ai/136_wukong_image86.png
542,wukong,8652,GenImage_test/wukong/test/nature/ILSVRC2012_val_00010129.JPEG
542,wukong,8653,GenImage_test/wukong/test/nature/ILSVRC2012_val_00018367.JPEG
542,wukong,8654,GenImage_test/wukong/test/nature/ILSVRC2012_val_00030896.JPEG
542,wukong,8655,GenImage_test/wukong/test/ai/227_wukong_image198.png
542,wukong,8656,GenImage_test/wukong/test/nature/ILSVRC2012_val_00046371.JPEG
542,wukong,8657,GenImage_test/wukong/test/ai/166_wukong_image61.png
542,wukong,8658,GenImage_test/wukong/test/ai/752_wukong_image86.png
542,wukong,8659,GenImage_test/wukong/test/ai/993_wukong_image88.png
542,wukong,8660,GenImage_test/wukong/test/nature/ILSVRC2012_val_00025949.JPEG
542,wukong,8661,GenImage_test/wukong/test/ai/40_wukong_image128.png
542,wukong,8662,GenImage_test/wukong/test/ai/336_wukong_image86.png
542,wukong,8663,GenImage_test/wukong/test/nature/ILSVRC2012_val_00026907.JPEG
542,wukong,8664,GenImage_test/wukong/test/ai/357_wukong_image86.png
542,wukong,8665,GenImage_test/wukong/test/nature/ILSVRC2012_val_00001237.JPEG
542,wukong,8666,GenImage_test/wukong/test/nature/ILSVRC2012_val_00011464.JPEG
542,wukong,8667,GenImage_test/wukong/test/nature/ILSVRC2012_val_00038373.JPEG
543,wukong,8668,GenImage_test/wukong/test/nature/ILSVRC2012_val_00024850.JPEG
543,wukong,8669,GenImage_test/wukong/test/ai/546_wukong_image198.png
543,wukong,8670,GenImage_test/wukong/test/ai/608_wukong_image128.png
543,wukong,8671,GenImage_test/wukong/test/nature/ILSVRC2012_val_00006480.JPEG
543,wukong,8672,GenImage_test/wukong/test/ai/567_wukong_image128.png
543,wukong,8673,GenImage_test/wukong/test/ai/123_wukong_image188.png
543,wukong,8674,GenImage_test/wukong/test/ai/916_wukong_image61.png
543,wukong,8675,GenImage_test/wukong/test/nature/ILSVRC2012_val_00018960.JPEG
543,wukong,8676,GenImage_test/wukong/test/nature/ILSVRC2012_val_00041885.JPEG
543,wukong,8677,GenImage_test/wukong/test/ai/949_wukong_image86.png
543,wukong,8678,GenImage_test/wukong/test/nature/ILSVRC2012_val_00028699.JPEG
543,wukong,8679,GenImage_test/wukong/test/ai/234_wukong_image61.png
543,wukong,8680,GenImage_test/wukong/test/nature/ILSVRC2012_val_00019583.JPEG
543,wukong,8681,GenImage_test/wukong/test/nature/ILSVRC2012_val_00024370.JPEG
543,wukong,8682,GenImage_test/wukong/test/nature/ILSVRC2012_val_00040875.JPEG
543,wukong,8683,GenImage_test/wukong/test/ai/69_wukong_image128.png
544,wukong,8684,GenImage_test/wukong/test/nature/ILSVRC2012_val_00022467.JPEG
544,wukong,8685,GenImage_test/wukong/test/nature/ILSVRC2012_val_00036786.JPEG
544,wukong,8686,GenImage_test/wukong/test/ai/519_wukong_image198.png
544,wukong,8687,GenImage_test/wukong/test/nature/ILSVRC2012_val_00002486.JPEG
544,wukong,8688,GenImage_test/wukong/test/nature/ILSVRC2012_val_00021639.JPEG
544,wukong,8689,GenImage_test/wukong/test/ai/226_wukong_image188.png
544,wukong,8690,GenImage_test/wukong/test/nature/ILSVRC2012_val_00033732.JPEG
544,wukong,8691,GenImage_test/wukong/test/ai/679_wukong_image88.png
544,wukong,8692,GenImage_test/wukong/test/ai/158_wukong_image61.png
544,wukong,8693,GenImage_test/wukong/test/nature/ILSVRC2012_val_00026805.JPEG
544,wukong,8694,GenImage_test/wukong/test/nature/ILSVRC2012_val_00004700.JPEG
544,wukong,8695,GenImage_test/wukong/test/nature/ILSVRC2012_val_00026874.JPEG
544,wukong,8696,GenImage_test/wukong/test/nature/ILSVRC2012_val_00044537.JPEG
544,wukong,8697,GenImage_test/wukong/test/nature/ILSVRC2012_val_00014510.JPEG
544,wukong,8698,GenImage_test/wukong/test/ai/443_wukong_image61.png
544,wukong,8699,GenImage_test/wukong/test/ai/395_wukong_image86.png
545,wukong,8700,GenImage_test/wukong/test/ai/902_wukong_image86.png
545,wukong,8701,GenImage_test/wukong/test/ai/266_wukong_image188.png
545,wukong,8702,GenImage_test/wukong/test/ai/294_wukong_image198.png
545,wukong,8703,GenImage_test/wukong/test/ai/67_wukong_image88.png
545,wukong,8704,GenImage_test/wukong/test/nature/ILSVRC2012_val_00044256.JPEG
545,wukong,8705,GenImage_test/wukong/test/nature/ILSVRC2012_val_00048788.JPEG
545,wukong,8706,GenImage_test/wukong/test/ai/734_wukong_image61.png
545,wukong,8707,GenImage_test/wukong/test/ai/970_wukong_image88.png
545,wukong,8708,GenImage_test/wukong/test/ai/900_wukong_image198.png
545,wukong,8709,GenImage_test/wukong/test/ai/978_wukong_image198.png
545,wukong,8710,GenImage_test/wukong/test/ai/675_wukong_image198.png
545,wukong,8711,GenImage_test/wukong/test/nature/ILSVRC2012_val_00037734.JPEG
545,wukong,8712,GenImage_test/wukong/test/nature/ILSVRC2012_val_00041953.JPEG
545,wukong,8713,GenImage_test/wukong/test/ai/164_wukong_image86.png
545,wukong,8714,GenImage_test/wukong/test/nature/ILSVRC2012_val_00045781.JPEG
545,wukong,8715,GenImage_test/wukong/test/ai/146_wukong_image88.png
546,wukong,8716,GenImage_test/wukong/test/ai/485_wukong_image188.png
546,wukong,8717,GenImage_test/wukong/test/ai/741_wukong_image198.png
546,wukong,8718,GenImage_test/wukong/test/ai/10_wukong_image61.png
546,wukong,8719,GenImage_test/wukong/test/ai/113_wukong_image86.png
546,wukong,8720,GenImage_test/wukong/test/ai/748_wukong_image61.png
546,wukong,8721,GenImage_test/wukong/test/nature/ILSVRC2012_val_00026515.JPEG
546,wukong,8722,GenImage_test/wukong/test/nature/ILSVRC2012_val_00015347.JPEG
546,wukong,8723,GenImage_test/wukong/test/ai/203_wukong_image86.png
546,wukong,8724,GenImage_test/wukong/test/ai/672_wukong_image188.png
546,wukong,8725,GenImage_test/wukong/test/nature/ILSVRC2012_val_00031492.JPEG
546,wukong,8726,GenImage_test/wukong/test/nature/ILSVRC2012_val_00035515.JPEG
546,wukong,8727,GenImage_test/wukong/test/ai/765_wukong_image86.png
546,wukong,8728,GenImage_test/wukong/test/ai/717_wukong_image188.png
546,wukong,8729,GenImage_test/wukong/test/ai/341_wukong_image61.png
546,wukong,8730,GenImage_test/wukong/test/nature/ILSVRC2012_val_00047619.JPEG
546,wukong,8731,GenImage_test/wukong/test/ai/740_wukong_image86.png
547,wukong,8732,GenImage_test/wukong/test/ai/757_wukong_image61.png
547,wukong,8733,GenImage_test/wukong/test/nature/ILSVRC2012_val_00012036.JPEG
547,wukong,8734,GenImage_test/wukong/test/nature/ILSVRC2012_val_00045463.JPEG
547,wukong,8735,GenImage_test/wukong/test/nature/ILSVRC2012_val_00008613.JPEG
547,wukong,8736,GenImage_test/wukong/test/ai/119_wukong_image88.png
547,wukong,8737,GenImage_test/wukong/test/ai/293_wukong_image198.png
547,wukong,8738,GenImage_test/wukong/test/nature/ILSVRC2012_val_00046119.JPEG
547,wukong,8739,GenImage_test/wukong/test/nature/ILSVRC2012_val_00028216.JPEG
547,wukong,8740,GenImage_test/wukong/test/nature/ILSVRC2012_val_00008056.JPEG
547,wukong,8741,GenImage_test/wukong/test/ai/584_wukong_image86.png
547,wukong,8742,GenImage_test/wukong/test/nature/ILSVRC2012_val_00019727.JPEG
547,wukong,8743,GenImage_test/wukong/test/nature/ILSVRC2012_val_00027330.JPEG
547,wukong,8744,GenImage_test/wukong/test/nature/ILSVRC2012_val_00031364.JPEG
547,wukong,8745,GenImage_test/wukong/test/nature/ILSVRC2012_val_00028432.JPEG
547,wukong,8746,GenImage_test/wukong/test/nature/ILSVRC2012_val_00047371.JPEG
547,wukong,8747,GenImage_test/wukong/test/nature/ILSVRC2012_val_00040653.JPEG
548,wukong,8748,GenImage_test/wukong/test/nature/ILSVRC2012_val_00018059.JPEG
548,wukong,8749,GenImage_test/wukong/test/nature/ILSVRC2012_val_00023455.JPEG
548,wukong,8750,GenImage_test/wukong/test/nature/ILSVRC2012_val_00047288.JPEG
548,wukong,8751,GenImage_test/wukong/test/ai/715_wukong_image198.png
548,wukong,8752,GenImage_test/wukong/test/ai/420_wukong_image61.png
548,wukong,8753,GenImage_test/wukong/test/nature/ILSVRC2012_val_00029681.JPEG
548,wukong,8754,GenImage_test/wukong/test/nature/ILSVRC2012_val_00022115.JPEG
548,wukong,8755,GenImage_test/wukong/test/ai/726_wukong_image88.png
548,wukong,8756,GenImage_test/wukong/test/ai/73_wukong_image198.png
548,wukong,8757,GenImage_test/wukong/test/nature/ILSVRC2012_val_00026621.JPEG
548,wukong,8758,GenImage_test/wukong/test/nature/ILSVRC2012_val_00030832.JPEG
548,wukong,8759,GenImage_test/wukong/test/nature/ILSVRC2012_val_00026714.JPEG
548,wukong,8760,GenImage_test/wukong/test/ai/211_wukong_image88.png
548,wukong,8761,GenImage_test/wukong/test/ai/568_wukong_image88.png
548,wukong,8762,GenImage_test/wukong/test/nature/ILSVRC2012_val_00017394.JPEG
548,wukong,8763,GenImage_test/wukong/test/nature/ILSVRC2012_val_00022423.JPEG
549,wukong,8764,GenImage_test/wukong/test/nature/ILSVRC2012_val_00004606.JPEG
549,wukong,8765,GenImage_test/wukong/test/nature/ILSVRC2012_val_00009658.JPEG
549,wukong,8766,GenImage_test/wukong/test/ai/83_wukong_image88.png
549,wukong,8767,GenImage_test/wukong/test/nature/ILSVRC2012_val_00037224.JPEG
549,wukong,8768,GenImage_test/wukong/test/nature/ILSVRC2012_val_00048429.JPEG
549,wukong,8769,GenImage_test/wukong/test/nature/ILSVRC2012_val_00004503.JPEG
549,wukong,8770,GenImage_test/wukong/test/nature/ILSVRC2012_val_00044324.JPEG
549,wukong,8771,GenImage_test/wukong/test/ai/49_wukong_image128.png
549,wukong,8772,GenImage_test/wukong/test/nature/ILSVRC2012_val_00011469.JPEG
549,wukong,8773,GenImage_test/wukong/test/ai/27_wukong_image86.png
549,wukong,8774,GenImage_test/wukong/test/nature/ILSVRC2012_val_00033117.JPEG
549,wukong,8775,GenImage_test/wukong/test/ai/400_wukong_image86.png
549,wukong,8776,GenImage_test/wukong/test/nature/ILSVRC2012_val_00019863.JPEG
549,wukong,8777,GenImage_test/wukong/test/nature/ILSVRC2012_val_00009819.JPEG
549,wukong,8778,GenImage_test/wukong/test/ai/627_wukong_image61.png
549,wukong,8779,GenImage_test/wukong/test/nature/ILSVRC2012_val_00014256.JPEG
550,wukong,8780,GenImage_test/wukong/test/nature/ILSVRC2012_val_00017191.JPEG
550,wukong,8781,GenImage_test/wukong/test/ai/271_wukong_image128.png
550,wukong,8782,GenImage_test/wukong/test/ai/997_wukong_image198.png
550,wukong,8783,GenImage_test/wukong/test/ai/887_wukong_image88.png
550,wukong,8784,GenImage_test/wukong/test/nature/ILSVRC2012_val_00021085.JPEG
550,wukong,8785,GenImage_test/wukong/test/nature/ILSVRC2012_val_00010853.JPEG
550,wukong,8786,GenImage_test/wukong/test/nature/ILSVRC2012_val_00049546.JPEG
550,wukong,8787,GenImage_test/wukong/test/nature/ILSVRC2012_val_00043309.JPEG
550,wukong,8788,GenImage_test/wukong/test/nature/ILSVRC2012_val_00020456.JPEG
550,wukong,8789,GenImage_test/wukong/test/nature/ILSVRC2012_val_00044346.JPEG
550,wukong,8790,GenImage_test/wukong/test/ai/772_wukong_image188.png
550,wukong,8791,GenImage_test/wukong/test/ai/879_wukong_image88.png
550,wukong,8792,GenImage_test/wukong/test/nature/ILSVRC2012_val_00009063.JPEG
550,wukong,8793,GenImage_test/wukong/test/nature/ILSVRC2012_val_00012607.JPEG
550,wukong,8794,GenImage_test/wukong/test/nature/ILSVRC2012_val_00036673.JPEG
550,wukong,8795,GenImage_test/wukong/test/ai/36_wukong_image61.png
551,wukong,8796,GenImage_test/wukong/test/ai/268_wukong_image128.png
551,wukong,8797,GenImage_test/wukong/test/ai/535_wukong_image88.png
551,wukong,8798,GenImage_test/wukong/test/nature/ILSVRC2012_val_00027658.JPEG
551,wukong,8799,GenImage_test/wukong/test/nature/ILSVRC2012_val_00015846.JPEG
551,wukong,8800,GenImage_test/wukong/test/ai/35_wukong_image88.png
551,wukong,8801,GenImage_test/wukong/test/ai/775_wukong_image128.png
551,wukong,8802,GenImage_test/wukong/test/nature/ILSVRC2012_val_00039162.JPEG
551,wukong,8803,GenImage_test/wukong/test/nature/ILSVRC2012_val_00015769.JPEG
551,wukong,8804,GenImage_test/wukong/test/ai/998_wukong_image86.png
551,wukong,8805,GenImage_test/wukong/test/ai/589_wukong_image188.png
551,wukong,8806,GenImage_test/wukong/test/ai/248_wukong_image188.png
551,wukong,8807,GenImage_test/wukong/test/ai/34_wukong_image198.png
551,wukong,8808,GenImage_test/wukong/test/nature/ILSVRC2012_val_00018712.JPEG
551,wukong,8809,GenImage_test/wukong/test/nature/ILSVRC2012_val_00026891.JPEG
551,wukong,8810,GenImage_test/wukong/test/nature/ILSVRC2012_val_00013049.JPEG
551,wukong,8811,GenImage_test/wukong/test/ai/666_wukong_image61.png
552,wukong,8812,GenImage_test/wukong/test/ai/386_wukong_image128.png
552,wukong,8813,GenImage_test/wukong/test/ai/755_wukong_image198.png
552,wukong,8814,GenImage_test/wukong/test/nature/ILSVRC2012_val_00014017.JPEG
552,wukong,8815,GenImage_test/wukong/test/nature/ILSVRC2012_val_00024750.JPEG
552,wukong,8816,GenImage_test/wukong/test/ai/324_wukong_image188.png
552,wukong,8817,GenImage_test/wukong/test/ai/415_wukong_image128.png
552,wukong,8818,GenImage_test/wukong/test/nature/ILSVRC2012_val_00020715.JPEG
552,wukong,8819,GenImage_test/wukong/test/ai/603_wukong_image198.png
552,wukong,8820,GenImage_test/wukong/test/nature/ILSVRC2012_val_00039508.JPEG
552,wukong,8821,GenImage_test/wukong/test/ai/720_wukong_image188.png
552,wukong,8822,GenImage_test/wukong/test/nature/ILSVRC2012_val_00030588.JPEG
552,wukong,8823,GenImage_test/wukong/test/nature/ILSVRC2012_val_00025695.JPEG
552,wukong,8824,GenImage_test/wukong/test/ai/56_wukong_image188.png
552,wukong,8825,GenImage_test/wukong/test/ai/176_wukong_image188.png
552,wukong,8826,GenImage_test/wukong/test/ai/294_wukong_image188.png
552,wukong,8827,GenImage_test/wukong/test/ai/272_wukong_image128.png
553,wukong,8828,GenImage_test/wukong/test/ai/563_wukong_image61.png
553,wukong,8829,GenImage_test/wukong/test/nature/ILSVRC2012_val_00027575.JPEG
553,wukong,8830,GenImage_test/wukong/test/ai/11_wukong_image86.png
553,wukong,8831,GenImage_test/wukong/test/nature/ILSVRC2012_val_00006601.JPEG
553,wukong,8832,GenImage_test/wukong/test/nature/ILSVRC2012_val_00045728.JPEG
553,wukong,8833,GenImage_test/wukong/test/nature/ILSVRC2012_val_00032950.JPEG
553,wukong,8834,GenImage_test/wukong/test/nature/ILSVRC2012_val_00041691.JPEG
553,wukong,8835,GenImage_test/wukong/test/nature/ILSVRC2012_val_00038028.JPEG
553,wukong,8836,GenImage_test/wukong/test/ai/170_wukong_image61.png
553,wukong,8837,GenImage_test/wukong/test/ai/42_wukong_image88.png
553,wukong,8838,GenImage_test/wukong/test/ai/566_wukong_image88.png
553,wukong,8839,GenImage_test/wukong/test/ai/645_wukong_image198.png
553,wukong,8840,GenImage_test/wukong/test/nature/ILSVRC2012_val_00017815.JPEG
553,wukong,8841,GenImage_test/wukong/test/ai/96_wukong_image198.png
553,wukong,8842,GenImage_test/wukong/test/nature/ILSVRC2012_val_00046471.JPEG
553,wukong,8843,GenImage_test/wukong/test/ai/604_wukong_image128.png
554,wukong,8844,GenImage_test/wukong/test/nature/ILSVRC2012_val_00044670.JPEG
554,wukong,8845,GenImage_test/wukong/test/nature/ILSVRC2012_val_00020899.JPEG
554,wukong,8846,GenImage_test/wukong/test/ai/607_wukong_image198.png
554,wukong,8847,GenImage_test/wukong/test/nature/ILSVRC2012_val_00034159.JPEG
554,wukong,8848,GenImage_test/wukong/test/ai/105_wukong_image88.png
554,wukong,8849,GenImage_test/wukong/test/nature/ILSVRC2012_val_00043213.JPEG
554,wukong,8850,GenImage_test/wukong/test/nature/ILSVRC2012_val_00041578.JPEG
554,wukong,8851,GenImage_test/wukong/test/nature/ILSVRC2012_val_00003376.JPEG
554,wukong,8852,GenImage_test/wukong/test/nature/ILSVRC2012_val_00001295.JPEG
554,wukong,8853,GenImage_test/wukong/test/nature/ILSVRC2012_val_00021477.JPEG
554,wukong,8854,GenImage_test/wukong/test/ai/894_wukong_image86.png
554,wukong,8855,GenImage_test/wukong/test/ai/901_wukong_image198.png
554,wukong,8856,GenImage_test/wukong/test/nature/ILSVRC2012_val_00012889.JPEG
554,wukong,8857,GenImage_test/wukong/test/nature/ILSVRC2012_val_00008352.JPEG
554,wukong,8858,GenImage_test/wukong/test/ai/627_wukong_image198.png
554,wukong,8859,GenImage_test/wukong/test/ai/732_wukong_image88.png
555,wukong,8860,GenImage_test/wukong/test/ai/917_wukong_image61.png
555,wukong,8861,GenImage_test/wukong/test/ai/933_wukong_image88.png
555,wukong,8862,GenImage_test/wukong/test/nature/ILSVRC2012_val_00009156.JPEG
555,wukong,8863,GenImage_test/wukong/test/ai/221_wukong_image61.png
555,wukong,8864,GenImage_test/wukong/test/ai/308_wukong_image188.png
555,wukong,8865,GenImage_test/wukong/test/ai/802_wukong_image61.png
555,wukong,8866,GenImage_test/wukong/test/nature/ILSVRC2012_val_00046769.JPEG
555,wukong,8867,GenImage_test/wukong/test/nature/ILSVRC2012_val_00007570.JPEG
555,wukong,8868,GenImage_test/wukong/test/ai/138_wukong_image188.png
555,wukong,8869,GenImage_test/wukong/test/nature/ILSVRC2012_val_00035059.JPEG
555,wukong,8870,GenImage_test/wukong/test/ai/994_wukong_image61.png
555,wukong,8871,GenImage_test/wukong/test/nature/ILSVRC2012_val_00007954.JPEG
555,wukong,8872,GenImage_test/wukong/test/nature/ILSVRC2012_val_00044991.JPEG
555,wukong,8873,GenImage_test/wukong/test/nature/ILSVRC2012_val_00042036.JPEG
555,wukong,8874,GenImage_test/wukong/test/ai/439_wukong_image198.png
555,wukong,8875,GenImage_test/wukong/test/ai/457_wukong_image128.png
556,wukong,8876,GenImage_test/wukong/test/ai/630_wukong_image88.png
556,wukong,8877,GenImage_test/wukong/test/ai/816_wukong_image86.png
556,wukong,8878,GenImage_test/wukong/test/ai/532_wukong_image128.png
556,wukong,8879,GenImage_test/wukong/test/ai/107_wukong_image198.png
556,wukong,8880,GenImage_test/wukong/test/nature/ILSVRC2012_val_00024538.JPEG
556,wukong,8881,GenImage_test/wukong/test/ai/725_wukong_image61.png
556,wukong,8882,GenImage_test/wukong/test/nature/ILSVRC2012_val_00014785.JPEG
556,wukong,8883,GenImage_test/wukong/test/ai/571_wukong_image128.png
556,wukong,8884,GenImage_test/wukong/test/nature/ILSVRC2012_val_00006686.JPEG
556,wukong,8885,GenImage_test/wukong/test/nature/ILSVRC2012_val_00014430.JPEG
556,wukong,8886,GenImage_test/wukong/test/nature/ILSVRC2012_val_00027526.JPEG
556,wukong,8887,GenImage_test/wukong/test/nature/ILSVRC2012_val_00024899.JPEG
556,wukong,8888,GenImage_test/wukong/test/nature/ILSVRC2012_val_00031334.JPEG
556,wukong,8889,GenImage_test/wukong/test/ai/658_wukong_image86.png
556,wukong,8890,GenImage_test/wukong/test/ai/525_wukong_image198.png
556,wukong,8891,GenImage_test/wukong/test/ai/156_wukong_image128.png
557,wukong,8892,GenImage_test/wukong/test/ai/364_wukong_image88.png
557,wukong,8893,GenImage_test/wukong/test/ai/208_wukong_image61.png
557,wukong,8894,GenImage_test/wukong/test/nature/ILSVRC2012_val_00035538.JPEG
557,wukong,8895,GenImage_test/wukong/test/ai/731_wukong_image188.png
557,wukong,8896,GenImage_test/wukong/test/nature/ILSVRC2012_val_00038974.JPEG
557,wukong,8897,GenImage_test/wukong/test/nature/ILSVRC2012_val_00031087.JPEG
557,wukong,8898,GenImage_test/wukong/test/ai/921_wukong_image86.png
557,wukong,8899,GenImage_test/wukong/test/ai/945_wukong_image198.png
557,wukong,8900,GenImage_test/wukong/test/ai/921_wukong_image198.png
557,wukong,8901,GenImage_test/wukong/test/ai/67_wukong_image188.png
557,wukong,8902,GenImage_test/wukong/test/ai/92_wukong_image128.png
557,wukong,8903,GenImage_test/wukong/test/nature/ILSVRC2012_val_00049166.JPEG
557,wukong,8904,GenImage_test/wukong/test/ai/448_wukong_image88.png
557,wukong,8905,GenImage_test/wukong/test/nature/ILSVRC2012_val_00023546.JPEG
557,wukong,8906,GenImage_test/wukong/test/nature/ILSVRC2012_val_00039440.JPEG
557,wukong,8907,GenImage_test/wukong/test/ai/334_wukong_image128.png
558,wukong,8908,GenImage_test/wukong/test/nature/ILSVRC2012_val_00034426.JPEG
558,wukong,8909,GenImage_test/wukong/test/nature/ILSVRC2012_val_00025178.JPEG
558,wukong,8910,GenImage_test/wukong/test/nature/ILSVRC2012_val_00002152.JPEG
558,wukong,8911,GenImage_test/wukong/test/ai/51_wukong_image188.png
558,wukong,8912,GenImage_test/wukong/test/nature/ILSVRC2012_val_00027591.JPEG
558,wukong,8913,GenImage_test/wukong/test/nature/ILSVRC2012_val_00025799.JPEG
558,wukong,8914,GenImage_test/wukong/test/nature/ILSVRC2012_val_00014650.JPEG
558,wukong,8915,GenImage_test/wukong/test/ai/887_wukong_image86.png
558,wukong,8916,GenImage_test/wukong/test/ai/306_wukong_image88.png
558,wukong,8917,GenImage_test/wukong/test/nature/ILSVRC2012_val_00019136.JPEG
558,wukong,8918,GenImage_test/wukong/test/nature/ILSVRC2012_val_00010277.JPEG
558,wukong,8919,GenImage_test/wukong/test/ai/409_wukong_image128.png
558,wukong,8920,GenImage_test/wukong/test/ai/335_wukong_image188.png
558,wukong,8921,GenImage_test/wukong/test/ai/72_wukong_image88.png
558,wukong,8922,GenImage_test/wukong/test/ai/651_wukong_image88.png
558,wukong,8923,GenImage_test/wukong/test/nature/ILSVRC2012_val_00009430.JPEG
559,wukong,8924,GenImage_test/wukong/test/ai/350_wukong_image188.png
559,wukong,8925,GenImage_test/wukong/test/ai/677_wukong_image86.png
559,wukong,8926,GenImage_test/wukong/test/nature/ILSVRC2012_val_00036523.JPEG
559,wukong,8927,GenImage_test/wukong/test/nature/ILSVRC2012_val_00021624.JPEG
559,wukong,8928,GenImage_test/wukong/test/nature/ILSVRC2012_val_00047351.JPEG
559,wukong,8929,GenImage_test/wukong/test/nature/ILSVRC2012_val_00002517.JPEG
559,wukong,8930,GenImage_test/wukong/test/ai/845_wukong_image128.png
559,wukong,8931,GenImage_test/wukong/test/ai/766_wukong_image128.png
559,wukong,8932,GenImage_test/wukong/test/nature/ILSVRC2012_val_00026049.JPEG
559,wukong,8933,GenImage_test/wukong/test/ai/419_wukong_image88.png
559,wukong,8934,GenImage_test/wukong/test/nature/ILSVRC2012_val_00028630.JPEG
559,wukong,8935,GenImage_test/wukong/test/ai/918_wukong_image188.png
559,wukong,8936,GenImage_test/wukong/test/nature/ILSVRC2012_val_00040320.JPEG
559,wukong,8937,GenImage_test/wukong/test/nature/ILSVRC2012_val_00040100.JPEG
559,wukong,8938,GenImage_test/wukong/test/nature/ILSVRC2012_val_00039696.JPEG
559,wukong,8939,GenImage_test/wukong/test/nature/ILSVRC2012_val_00032090.JPEG
560,wukong,8940,GenImage_test/wukong/test/nature/ILSVRC2012_val_00025193.JPEG
560,wukong,8941,GenImage_test/wukong/test/ai/218_wukong_image86.png
560,wukong,8942,GenImage_test/wukong/test/nature/ILSVRC2012_val_00015089.JPEG
560,wukong,8943,GenImage_test/wukong/test/nature/ILSVRC2012_val_00029007.JPEG
560,wukong,8944,GenImage_test/wukong/test/ai/292_wukong_image86.png
560,wukong,8945,GenImage_test/wukong/test/nature/ILSVRC2012_val_00034646.JPEG
560,wukong,8946,GenImage_test/wukong/test/ai/299_wukong_image188.png
560,wukong,8947,GenImage_test/wukong/test/ai/698_wukong_image128.png
560,wukong,8948,GenImage_test/wukong/test/nature/ILSVRC2012_val_00037695.JPEG
560,wukong,8949,GenImage_test/wukong/test/ai/576_wukong_image198.png
560,wukong,8950,GenImage_test/wukong/test/ai/89_wukong_image198.png
560,wukong,8951,GenImage_test/wukong/test/ai/581_wukong_image188.png
560,wukong,8952,GenImage_test/wukong/test/nature/ILSVRC2012_val_00037587.JPEG
560,wukong,8953,GenImage_test/wukong/test/ai/262_wukong_image86.png
560,wukong,8954,GenImage_test/wukong/test/ai/587_wukong_image128.png
560,wukong,8955,GenImage_test/wukong/test/ai/257_wukong_image88.png
561,wukong,8956,GenImage_test/wukong/test/nature/ILSVRC2012_val_00007797.JPEG
561,wukong,8957,GenImage_test/wukong/test/nature/ILSVRC2012_val_00027436.JPEG
561,wukong,8958,GenImage_test/wukong/test/nature/ILSVRC2012_val_00047880.JPEG
561,wukong,8959,GenImage_test/wukong/test/nature/ILSVRC2012_val_00011785.JPEG
561,wukong,8960,GenImage_test/wukong/test/ai/19_wukong_image86.png
561,wukong,8961,GenImage_test/wukong/test/nature/ILSVRC2012_val_00008786.JPEG
561,wukong,8962,GenImage_test/wukong/test/nature/ILSVRC2012_val_00044232.JPEG
561,wukong,8963,GenImage_test/wukong/test/nature/ILSVRC2012_val_00023507.JPEG
561,wukong,8964,GenImage_test/wukong/test/nature/ILSVRC2012_val_00006385.JPEG
561,wukong,8965,GenImage_test/wukong/test/ai/326_wukong_image61.png
561,wukong,8966,GenImage_test/wukong/test/ai/77_wukong_image188.png
561,wukong,8967,GenImage_test/wukong/test/ai/606_wukong_image88.png
561,wukong,8968,GenImage_test/wukong/test/ai/974_wukong_image188.png
561,wukong,8969,GenImage_test/wukong/test/nature/ILSVRC2012_val_00030835.JPEG
561,wukong,8970,GenImage_test/wukong/test/nature/ILSVRC2012_val_00010521.JPEG
561,wukong,8971,GenImage_test/wukong/test/ai/109_wukong_image86.png
562,wukong,8972,GenImage_test/wukong/test/ai/734_wukong_image128.png
562,wukong,8973,GenImage_test/wukong/test/ai/821_wukong_image198.png
562,wukong,8974,GenImage_test/wukong/test/ai/136_wukong_image198.png
562,wukong,8975,GenImage_test/wukong/test/nature/ILSVRC2012_val_00040062.JPEG
562,wukong,8976,GenImage_test/wukong/test/ai/717_wukong_image198.png
562,wukong,8977,GenImage_test/wukong/test/nature/ILSVRC2012_val_00020109.JPEG
562,wukong,8978,GenImage_test/wukong/test/ai/523_wukong_image128.png
562,wukong,8979,GenImage_test/wukong/test/ai/546_wukong_image128.png
562,wukong,8980,GenImage_test/wukong/test/ai/993_wukong_image128.png
562,wukong,8981,GenImage_test/wukong/test/nature/ILSVRC2012_val_00025921.JPEG
562,wukong,8982,GenImage_test/wukong/test/nature/ILSVRC2012_val_00025807.JPEG
562,wukong,8983,GenImage_test/wukong/test/ai/250_wukong_image88.png
562,wukong,8984,GenImage_test/wukong/test/ai/752_wukong_image188.png
562,wukong,8985,GenImage_test/wukong/test/ai/377_wukong_image88.png
562,wukong,8986,GenImage_test/wukong/test/nature/ILSVRC2012_val_00029459.JPEG
562,wukong,8987,GenImage_test/wukong/test/ai/339_wukong_image198.png
563,wukong,8988,GenImage_test/wukong/test/ai/652_wukong_image188.png
563,wukong,8989,GenImage_test/wukong/test/ai/307_wukong_image128.png
563,wukong,8990,GenImage_test/wukong/test/ai/557_wukong_image188.png
563,wukong,8991,GenImage_test/wukong/test/nature/ILSVRC2012_val_00048957.JPEG
563,wukong,8992,GenImage_test/wukong/test/ai/135_wukong_image88.png
563,wukong,8993,GenImage_test/wukong/test/ai/758_wukong_image128.png
563,wukong,8994,GenImage_test/wukong/test/ai/609_wukong_image198.png
563,wukong,8995,GenImage_test/wukong/test/nature/ILSVRC2012_val_00029189.JPEG
563,wukong,8996,GenImage_test/wukong/test/ai/496_wukong_image198.png
563,wukong,8997,GenImage_test/wukong/test/nature/ILSVRC2012_val_00029939.JPEG
563,wukong,8998,GenImage_test/wukong/test/ai/700_wukong_image61.png
563,wukong,8999,GenImage_test/wukong/test/nature/ILSVRC2012_val_00035216.JPEG
564,Midjourney,9000,GenImage_test/Midjourney/test/ai/962_midjourney_198.png
564,Midjourney,9001,GenImage_test/Midjourney/test/ai/330_midjourney_88.png
564,Midjourney,9002,GenImage_test/Midjourney/test/ai/357_midjourney_88.png
564,Midjourney,9003,GenImage_test/Midjourney/test/ai/158_midjourney_197.png
564,Midjourney,9004,GenImage_test/Midjourney/test/nature/ILSVRC2012_val_00048422.JPEG
564,Midjourney,9005,GenImage_test/Midjourney/test/ai/692_midjourney_100.png
564,Midjourney,9006,GenImage_test/Midjourney/test/nature/ILSVRC2012_val_00030243.JPEG
564,Midjourney,9007,GenImage_test/Midjourney/test/nature/ILSVRC2012_val_00001617.JPEG
564,Midjourney,9008,GenImage_test/Midjourney/test/nature/ILSVRC2012_val_00040790.JPEG
564,Midjourney,9009,GenImage_test/Midjourney/test/ai/189_midjourney_34.png
564,Midjourney,9010,GenImage_test/Midjourney/test/nature/ILSVRC2012_val_00047082.JPEG
564,Midjourney,9011,GenImage_test/Midjourney/test/ai/706_midjourney_197.png
564,Midjourney,9012,GenImage_test/Midjourney/test/nature/ILSVRC2012_val_00010898.JPEG
564,Midjourney,9013,GenImage_test/Midjourney/test/ai/346_midjourney_100.png
564,Midjourney,9014,GenImage_test/Midjourney/test/nature/ILSVRC2012_val_00036917.JPEG
564,Midjourney,9015,GenImage_test/Midjourney/test/ai/977_midjourney_34.png
565,Midjourney,9016,GenImage_test/Midjourney/test/ai/705_midjourney_198.png
565,Midjourney,9017,GenImage_test/Midjourney/test/nature/ILSVRC2012_val_00026234.JPEG
565,Midjourney,9018,GenImage_test/Midjourney/test/nature/ILSVRC2012_val_00019793.JPEG
565,Midjourney,9019,GenImage_test/Midjourney/test/nature/ILSVRC2012_val_00020929.JPEG
565,Midjourney,9020,GenImage_test/Midjourney/test/nature/ILSVRC2012_val_00017204.JPEG
565,Midjourney,9021,GenImage_test/Midjourney/test/ai/605_midjourney_169.png
565,Midjourney,9022,GenImage_test/Midjourney/test/nature/ILSVRC2012_val_00048211.JPEG
565,Midjourney,9023,GenImage_test/Midjourney/test/nature/ILSVRC2012_val_00018554.JPEG
565,Midjourney,9024,GenImage_test/Midjourney/test/ai/372_midjourney_34.png
565,Midjourney,9025,GenImage_test/Midjourney/test/nature/ILSVRC2012_val_00032073.JPEG
565,Midjourney,9026,GenImage_test/Midjourney/test/nature/ILSVRC2012_val_00025573.JPEG
565,Midjourney,9027,GenImage_test/Midjourney/test/nature/ILSVRC2012_val_00040994.JPEG
565,Midjourney,9028,GenImage_test/Midjourney/test/nature/ILSVRC2012_val_00030298.JPEG
565,Midjourney,9029,GenImage_test/Midjourney/test/nature/ILSVRC2012_val_00031039.JPEG
565,Midjourney,9030,GenImage_test/Midjourney/test/nature/ILSVRC2012_val_00040991.JPEG
565,Midjourney,9031,GenImage_test/Midjourney/test/ai/708_midjourney_169.png
566,Midjourney,9032,GenImage_test/Midjourney/test/ai/612_midjourney_198.png
566,Midjourney,9033,GenImage_test/Midjourney/test/nature/ILSVRC2012_val_00010199.JPEG
566,Midjourney,9034,GenImage_test/Midjourney/test/nature/ILSVRC2012_val_00001602.JPEG
566,Midjourney,9035,GenImage_test/Midjourney/test/nature/ILSVRC2012_val_00017368.JPEG
566,Midjourney,9036,GenImage_test/Midjourney/test/ai/797_midjourney_100.png
566,Midjourney,9037,GenImage_test/Midjourney/test/nature/ILSVRC2012_val_00024446.JPEG
566,Midjourney,9038,GenImage_test/Midjourney/test/ai/239_midjourney_88.png
566,Midjourney,9039,GenImage_test/Midjourney/test/nature/ILSVRC2012_val_00004353.JPEG
566,Midjourney,9040,GenImage_test/Midjourney/test/ai/917_midjourney_197.png
566,Midjourney,9041,GenImage_test/Midjourney/test/ai/962_midjourney_88.png
566,Midjourney,9042,GenImage_test/Midjourney/test/nature/ILSVRC2012_val_00030422.JPEG
566,Midjourney,9043,GenImage_test/Midjourney/test/ai/925_midjourney_100.png
566,Midjourney,9044,GenImage_test/Midjourney/test/nature/ILSVRC2012_val_00011824.JPEG
566,Midjourney,9045,GenImage_test/Midjourney/test/ai/369_midjourney_34.png
566,Midjourney,9046,GenImage_test/Midjourney/test/ai/528_midjourney_34.png
566,Midjourney,9047,GenImage_test/Midjourney/test/ai/734_midjourney_88.png
567,Midjourney,9048,GenImage_test/Midjourney/test/nature/ILSVRC2012_val_00025813.JPEG
567,Midjourney,9049,GenImage_test/Midjourney/test/nature/ILSVRC2012_val_00014123.JPEG
567,Midjourney,9050,GenImage_test/Midjourney/test/ai/754_midjourney_198.png
567,Midjourney,9051,GenImage_test/Midjourney/test/ai/396_midjourney_34.png
567,Midjourney,9052,GenImage_test/Midjourney/test/nature/ILSVRC2012_val_00042782.JPEG
567,Midjourney,9053,GenImage_test/Midjourney/test/nature/ILSVRC2012_val_00007038.JPEG
567,Midjourney,9054,GenImage_test/Midjourney/test/ai/16_midjourney_100.png
567,Midjourney,9055,GenImage_test/Midjourney/test/ai/284_midjourney_198.png
567,Midjourney,9056,GenImage_test/Midjourney/test/nature/ILSVRC2012_val_00014858.JPEG
567,Midjourney,9057,GenImage_test/Midjourney/test/ai/618_midjourney_34.png
567,Midjourney,9058,GenImage_test/Midjourney/test/nature/ILSVRC2012_val_00030987.JPEG
567,Midjourney,9059,GenImage_test/Midjourney/test/nature/ILSVRC2012_val_00018859.JPEG
567,Midjourney,9060,GenImage_test/Midjourney/test/ai/642_midjourney_197.png
567,Midjourney,9061,GenImage_test/Midjourney/test/nature/ILSVRC2012_val_00042412.JPEG
567,Midjourney,9062,GenImage_test/Midjourney/test/ai/773_midjourney_100.png
567,Midjourney,9063,GenImage_test/Midjourney/test/ai/133_midjourney_197.png
568,Midjourney,9064,GenImage_test/Midjourney/test/nature/ILSVRC2012_val_00022784.JPEG
568,Midjourney,9065,GenImage_test/Midjourney/test/nature/ILSVRC2012_val_00034151.JPEG
568,Midjourney,9066,GenImage_test/Midjourney/test/nature/ILSVRC2012_val_00024999.JPEG
568,Midjourney,9067,GenImage_test/Midjourney/test/nature/ILSVRC2012_val_00045653.JPEG
568,Midjourney,9068,GenImage_test/Midjourney/test/nature/ILSVRC2012_val_00021769.JPEG
568,Midjourney,9069,GenImage_test/Midjourney/test/nature/ILSVRC2012_val_00004511.JPEG
568,Midjourney,9070,GenImage_test/Midjourney/test/nature/ILSVRC2012_val_00005608.JPEG
568,Midjourney,9071,GenImage_test/Midjourney/test/nature/ILSVRC2012_val_00047484.JPEG
568,Midjourney,9072,GenImage_test/Midjourney/test/nature/ILSVRC2012_val_00011426.JPEG
568,Midjourney,9073,GenImage_test/Midjourney/test/ai/791_midjourney_197.png
568,Midjourney,9074,GenImage_test/Midjourney/test/ai/877_midjourney_100.png
568,Midjourney,9075,GenImage_test/Midjourney/test/nature/ILSVRC2012_val_00049175.JPEG
568,Midjourney,9076,GenImage_test/Midjourney/test/nature/ILSVRC2012_val_00000533.JPEG
568,Midjourney,9077,GenImage_test/Midjourney/test/ai/457_midjourney_34.png
568,Midjourney,9078,GenImage_test/Midjourney/test/nature/ILSVRC2012_val_00010652.JPEG
568,Midjourney,9079,GenImage_test/Midjourney/test/ai/434_midjourney_34.png
569,Midjourney,9080,GenImage_test/Midjourney/test/ai/397_midjourney_88.png
569,Midjourney,9081,GenImage_test/Midjourney/test/nature/ILSVRC2012_val_00031601.JPEG
569,Midjourney,9082,GenImage_test/Midjourney/test/ai/622_midjourney_198.png
569,Midjourney,9083,GenImage_test/Midjourney/test/nature/ILSVRC2012_val_00006711.JPEG
569,Midjourney,9084,GenImage_test/Midjourney/test/ai/89_midjourney_169.png
569,Midjourney,9085,GenImage_test/Midjourney/test/ai/662_midjourney_197.png
569,Midjourney,9086,GenImage_test/Midjourney/test/ai/475_midjourney_34.png
569,Midjourney,9087,GenImage_test/Midjourney/test/nature/ILSVRC2012_val_00019742.JPEG
569,Midjourney,9088,GenImage_test/Midjourney/test/ai/952_midjourney_169.png
569,Midjourney,9089,GenImage_test/Midjourney/test/ai/817_midjourney_88.png
569,Midjourney,9090,GenImage_test/Midjourney/test/nature/ILSVRC2012_val_00008353.JPEG
569,Midjourney,9091,GenImage_test/Midjourney/test/nature/ILSVRC2012_val_00034878.JPEG
569,Midjourney,9092,GenImage_test/Midjourney/test/ai/174_midjourney_100.png
569,Midjourney,9093,GenImage_test/Midjourney/test/nature/ILSVRC2012_val_00022861.JPEG
569,Midjourney,9094,GenImage_test/Midjourney/test/ai/454_midjourney_197.png
569,Midjourney,9095,GenImage_test/Midjourney/test/nature/ILSVRC2012_val_00044099.JPEG
570,Midjourney,9096,GenImage_test/Midjourney/test/nature/ILSVRC2012_val_00046008.JPEG
570,Midjourney,9097,GenImage_test/Midjourney/test/ai/524_midjourney_100.png
570,Midjourney,9098,GenImage_test/Midjourney/test/nature/ILSVRC2012_val_00040195.JPEG
570,Midjourney,9099,GenImage_test/Midjourney/test/ai/33_midjourney_197.png
570,Midjourney,9100,GenImage_test/Midjourney/test/nature/ILSVRC2012_val_00020243.JPEG
570,Midjourney,9101,GenImage_test/Midjourney/test/nature/ILSVRC2012_val_00049533.JPEG
570,Midjourney,9102,GenImage_test/Midjourney/test/ai/562_midjourney_169.png
570,Midjourney,9103,GenImage_test/Midjourney/test/ai/267_midjourney_34.png
570,Midjourney,9104,GenImage_test/Midjourney/test/nature/ILSVRC2012_val_00035381.JPEG
570,Midjourney,9105,GenImage_test/Midjourney/test/nature/ILSVRC2012_val_00039867.JPEG
570,Midjourney,9106,GenImage_test/Midjourney/test/nature/ILSVRC2012_val_00011566.JPEG
570,Midjourney,9107,GenImage_test/Midjourney/test/ai/250_midjourney_34.png
570,Midjourney,9108,GenImage_test/Midjourney/test/nature/ILSVRC2012_val_00013142.JPEG
570,Midjourney,9109,GenImage_test/Midjourney/test/ai/11_midjourney_197.png
570,Midjourney,9110,GenImage_test/Midjourney/test/nature/ILSVRC2012_val_00037078.JPEG
570,Midjourney,9111,GenImage_test/Midjourney/test/nature/ILSVRC2012_val_00030316.JPEG
571,Midjourney,9112,GenImage_test/Midjourney/test/ai/865_midjourney_88.png
571,Midjourney,9113,GenImage_test/Midjourney/test/nature/ILSVRC2012_val_00018864.JPEG
571,Midjourney,9114,GenImage_test/Midjourney/test/ai/192_midjourney_198.png
571,Midjourney,9115,GenImage_test/Midjourney/test/nature/ILSVRC2012_val_00046945.JPEG
571,Midjourney,9116,GenImage_test/Midjourney/test/nature/ILSVRC2012_val_00032756.JPEG
571,Midjourney,9117,GenImage_test/Midjourney/test/nature/ILSVRC2012_val_00043243.JPEG
571,Midjourney,9118,GenImage_test/Midjourney/test/nature/ILSVRC2012_val_00046711.JPEG
571,Midjourney,9119,GenImage_test/Midjourney/test/ai/913_midjourney_34.png
571,Midjourney,9120,GenImage_test/Midjourney/test/nature/ILSVRC2012_val_00001089.JPEG
571,Midjourney,9121,GenImage_test/Midjourney/test/nature/ILSVRC2012_val_00043193.JPEG
571,Midjourney,9122,GenImage_test/Midjourney/test/ai/486_midjourney_169.png
571,Midjourney,9123,GenImage_test/Midjourney/test/ai/39_midjourney_34.png
571,Midjourney,9124,GenImage_test/Midjourney/test/ai/235_midjourney_169.png
571,Midjourney,9125,GenImage_test/Midjourney/test/nature/ILSVRC2012_val_00032927.JPEG
571,Midjourney,9126,GenImage_test/Midjourney/test/ai/902_midjourney_198.png
571,Midjourney,9127,GenImage_test/Midjourney/test/ai/520_midjourney_198.png
572,Midjourney,9128,GenImage_test/Midjourney/test/nature/ILSVRC2012_val_00044457.JPEG
572,Midjourney,9129,GenImage_test/Midjourney/test/ai/93_midjourney_197.png
572,Midjourney,9130,GenImage_test/Midjourney/test/ai/111_midjourney_169.png
572,Midjourney,9131,GenImage_test/Midjourney/test/nature/ILSVRC2012_val_00010236.JPEG
572,Midjourney,9132,GenImage_test/Midjourney/test/nature/ILSVRC2012_val_00014558.JPEG
572,Midjourney,9133,GenImage_test/Midjourney/test/ai/150_midjourney_197.png
572,Midjourney,9134,GenImage_test/Midjourney/test/nature/ILSVRC2012_val_00041285.JPEG
572,Midjourney,9135,GenImage_test/Midjourney/test/ai/440_midjourney_197.png
572,Midjourney,9136,GenImage_test/Midjourney/test/ai/596_midjourney_169.png
572,Midjourney,9137,GenImage_test/Midjourney/test/nature/ILSVRC2012_val_00002675.JPEG
572,Midjourney,9138,GenImage_test/Midjourney/test/ai/575_midjourney_197.png
572,Midjourney,9139,GenImage_test/Midjourney/test/nature/ILSVRC2012_val_00001509.JPEG
572,Midjourney,9140,GenImage_test/Midjourney/test/nature/ILSVRC2012_val_00034225.JPEG
572,Midjourney,9141,GenImage_test/Midjourney/test/nature/ILSVRC2012_val_00017504.JPEG
572,Midjourney,9142,GenImage_test/Midjourney/test/nature/ILSVRC2012_val_00019007.JPEG
572,Midjourney,9143,GenImage_test/Midjourney/test/nature/ILSVRC2012_val_00023968.JPEG
573,Midjourney,9144,GenImage_test/Midjourney/test/nature/ILSVRC2012_val_00009104.JPEG
573,Midjourney,9145,GenImage_test/Midjourney/test/ai/108_midjourney_34.png
573,Midjourney,9146,GenImage_test/Midjourney/test/nature/ILSVRC2012_val_00027764.JPEG
573,Midjourney,9147,GenImage_test/Midjourney/test/nature/ILSVRC2012_val_00015655.JPEG
573,Midjourney,9148,GenImage_test/Midjourney/test/nature/ILSVRC2012_val_00027922.JPEG
573,Midjourney,9149,GenImage_test/Midjourney/test/ai/573_midjourney_100.png
573,Midjourney,9150,GenImage_test/Midjourney/test/nature/ILSVRC2012_val_00007976.JPEG
573,Midjourney,9151,GenImage_test/Midjourney/test/ai/595_midjourney_88.png
573,Midjourney,9152,GenImage_test/Midjourney/test/ai/857_midjourney_100.png
573,Midjourney,9153,GenImage_test/Midjourney/test/ai/148_midjourney_100.png
573,Midjourney,9154,GenImage_test/Midjourney/test/ai/748_midjourney_100.png
573,Midjourney,9155,GenImage_test/Midjourney/test/nature/ILSVRC2012_val_00018668.JPEG
573,Midjourney,9156,GenImage_test/Midjourney/test/nature/ILSVRC2012_val_00024654.JPEG
573,Midjourney,9157,GenImage_test/Midjourney/test/ai/168_midjourney_100.png
573,Midjourney,9158,GenImage_test/Midjourney/test/ai/992_midjourney_34.png
573,Midjourney,9159,GenImage_test/Midjourney/test/ai/679_midjourney_169.png
574,Midjourney,9160,GenImage_test/Midjourney/test/nature/ILSVRC2012_val_00045538.JPEG
574,Midjourney,9161,GenImage_test/Midjourney/test/ai/994_midjourney_100.png
574,Midjourney,9162,GenImage_test/Midjourney/test/ai/366_midjourney_197.png
574,Midjourney,9163,GenImage_test/Midjourney/test/ai/997_midjourney_169.png
574,Midjourney,9164,GenImage_test/Midjourney/test/nature/ILSVRC2012_val_00010422.JPEG
574,Midjourney,9165,GenImage_test/Midjourney/test/ai/567_midjourney_198.png
574,Midjourney,9166,GenImage_test/Midjourney/test/nature/ILSVRC2012_val_00049018.JPEG
574,Midjourney,9167,GenImage_test/Midjourney/test/nature/ILSVRC2012_val_00045344.JPEG
574,Midjourney,9168,GenImage_test/Midjourney/test/nature/ILSVRC2012_val_00033905.JPEG
574,Midjourney,9169,GenImage_test/Midjourney/test/ai/258_midjourney_88.png
574,Midjourney,9170,GenImage_test/Midjourney/test/nature/ILSVRC2012_val_00033817.JPEG
574,Midjourney,9171,GenImage_test/Midjourney/test/ai/413_midjourney_100.png
574,Midjourney,9172,GenImage_test/Midjourney/test/nature/ILSVRC2012_val_00047074.JPEG
574,Midjourney,9173,GenImage_test/Midjourney/test/nature/ILSVRC2012_val_00018894.JPEG
574,Midjourney,9174,GenImage_test/Midjourney/test/nature/ILSVRC2012_val_00014512.JPEG
574,Midjourney,9175,GenImage_test/Midjourney/test/ai/746_midjourney_34.png
575,Midjourney,9176,GenImage_test/Midjourney/test/ai/71_midjourney_34.png
575,Midjourney,9177,GenImage_test/Midjourney/test/ai/37_midjourney_197.png
575,Midjourney,9178,GenImage_test/Midjourney/test/nature/ILSVRC2012_val_00037146.JPEG
575,Midjourney,9179,GenImage_test/Midjourney/test/nature/ILSVRC2012_val_00018495.JPEG
575,Midjourney,9180,GenImage_test/Midjourney/test/nature/ILSVRC2012_val_00040247.JPEG
575,Midjourney,9181,GenImage_test/Midjourney/test/ai/932_midjourney_34.png
575,Midjourney,9182,GenImage_test/Midjourney/test/ai/462_midjourney_88.png
575,Midjourney,9183,GenImage_test/Midjourney/test/ai/12_midjourney_88.png
575,Midjourney,9184,GenImage_test/Midjourney/test/nature/ILSVRC2012_val_00017764.JPEG
575,Midjourney,9185,GenImage_test/Midjourney/test/nature/ILSVRC2012_val_00000049.JPEG
575,Midjourney,9186,GenImage_test/Midjourney/test/nature/ILSVRC2012_val_00025549.JPEG
575,Midjourney,9187,GenImage_test/Midjourney/test/ai/417_midjourney_198.png
575,Midjourney,9188,GenImage_test/Midjourney/test/ai/56_midjourney_100.png
575,Midjourney,9189,GenImage_test/Midjourney/test/nature/ILSVRC2012_val_00039454.JPEG
575,Midjourney,9190,GenImage_test/Midjourney/test/ai/732_midjourney_197.png
575,Midjourney,9191,GenImage_test/Midjourney/test/nature/ILSVRC2012_val_00014747.JPEG
576,Midjourney,9192,GenImage_test/Midjourney/test/ai/147_midjourney_88.png
576,Midjourney,9193,GenImage_test/Midjourney/test/nature/ILSVRC2012_val_00003231.JPEG
576,Midjourney,9194,GenImage_test/Midjourney/test/nature/ILSVRC2012_val_00030867.JPEG
576,Midjourney,9195,GenImage_test/Midjourney/test/ai/871_midjourney_88.png
576,Midjourney,9196,GenImage_test/Midjourney/test/ai/794_midjourney_169.png
576,Midjourney,9197,GenImage_test/Midjourney/test/nature/ILSVRC2012_val_00026726.JPEG
576,Midjourney,9198,GenImage_test/Midjourney/test/nature/ILSVRC2012_val_00049149.JPEG
576,Midjourney,9199,GenImage_test/Midjourney/test/nature/ILSVRC2012_val_00046857.JPEG
576,Midjourney,9200,GenImage_test/Midjourney/test/nature/ILSVRC2012_val_00001229.JPEG
576,Midjourney,9201,GenImage_test/Midjourney/test/nature/ILSVRC2012_val_00038954.JPEG
576,Midjourney,9202,GenImage_test/Midjourney/test/ai/540_midjourney_34.png
576,Midjourney,9203,GenImage_test/Midjourney/test/nature/ILSVRC2012_val_00012884.JPEG
576,Midjourney,9204,GenImage_test/Midjourney/test/nature/ILSVRC2012_val_00008355.JPEG
576,Midjourney,9205,GenImage_test/Midjourney/test/nature/ILSVRC2012_val_00010505.JPEG
576,Midjourney,9206,GenImage_test/Midjourney/test/nature/ILSVRC2012_val_00042388.JPEG
576,Midjourney,9207,GenImage_test/Midjourney/test/ai/496_midjourney_197.png
577,Midjourney,9208,GenImage_test/Midjourney/test/nature/ILSVRC2012_val_00017875.JPEG
577,Midjourney,9209,GenImage_test/Midjourney/test/ai/747_midjourney_169.png
577,Midjourney,9210,GenImage_test/Midjourney/test/nature/ILSVRC2012_val_00007734.JPEG
577,Midjourney,9211,GenImage_test/Midjourney/test/nature/ILSVRC2012_val_00007961.JPEG
577,Midjourney,9212,GenImage_test/Midjourney/test/ai/636_midjourney_88.png
577,Midjourney,9213,GenImage_test/Midjourney/test/ai/639_midjourney_34.png
577,Midjourney,9214,GenImage_test/Midjourney/test/ai/377_midjourney_100.png
577,Midjourney,9215,GenImage_test/Midjourney/test/nature/ILSVRC2012_val_00044089.JPEG
577,Midjourney,9216,GenImage_test/Midjourney/test/nature/ILSVRC2012_val_00045576.JPEG
577,Midjourney,9217,GenImage_test/Midjourney/test/ai/870_midjourney_198.png
577,Midjourney,9218,GenImage_test/Midjourney/test/nature/ILSVRC2012_val_00040958.JPEG
577,Midjourney,9219,GenImage_test/Midjourney/test/nature/ILSVRC2012_val_00049084.JPEG
577,Midjourney,9220,GenImage_test/Midjourney/test/nature/ILSVRC2012_val_00002372.JPEG
577,Midjourney,9221,GenImage_test/Midjourney/test/nature/ILSVRC2012_val_00030669.JPEG
577,Midjourney,9222,GenImage_test/Midjourney/test/nature/ILSVRC2012_val_00006659.JPEG
577,Midjourney,9223,GenImage_test/Midjourney/test/nature/ILSVRC2012_val_00007572.JPEG
578,Midjourney,9224,GenImage_test/Midjourney/test/ai/597_midjourney_197.png
578,Midjourney,9225,GenImage_test/Midjourney/test/ai/837_midjourney_169.png
578,Midjourney,9226,GenImage_test/Midjourney/test/ai/167_midjourney_198.png
578,Midjourney,9227,GenImage_test/Midjourney/test/ai/815_midjourney_198.png
578,Midjourney,9228,GenImage_test/Midjourney/test/nature/ILSVRC2012_val_00042035.JPEG
578,Midjourney,9229,GenImage_test/Midjourney/test/ai/40_midjourney_198.png
578,Midjourney,9230,GenImage_test/Midjourney/test/nature/ILSVRC2012_val_00016798.JPEG
578,Midjourney,9231,GenImage_test/Midjourney/test/ai/526_midjourney_169.png
578,Midjourney,9232,GenImage_test/Midjourney/test/ai/234_midjourney_197.png
578,Midjourney,9233,GenImage_test/Midjourney/test/ai/551_midjourney_34.png
578,Midjourney,9234,GenImage_test/Midjourney/test/ai/829_midjourney_169.png
578,Midjourney,9235,GenImage_test/Midjourney/test/ai/772_midjourney_34.png
578,Midjourney,9236,GenImage_test/Midjourney/test/ai/272_midjourney_197.png
578,Midjourney,9237,GenImage_test/Midjourney/test/nature/ILSVRC2012_val_00020176.JPEG
578,Midjourney,9238,GenImage_test/Midjourney/test/ai/819_midjourney_88.png
578,Midjourney,9239,GenImage_test/Midjourney/test/nature/ILSVRC2012_val_00009130.JPEG
579,Midjourney,9240,GenImage_test/Midjourney/test/nature/ILSVRC2012_val_00011882.JPEG
579,Midjourney,9241,GenImage_test/Midjourney/test/ai/74_midjourney_34.png
579,Midjourney,9242,GenImage_test/Midjourney/test/nature/ILSVRC2012_val_00044778.JPEG
579,Midjourney,9243,GenImage_test/Midjourney/test/ai/730_midjourney_100.png
579,Midjourney,9244,GenImage_test/Midjourney/test/ai/130_midjourney_100.png
579,Midjourney,9245,GenImage_test/Midjourney/test/ai/890_midjourney_197.png
579,Midjourney,9246,GenImage_test/Midjourney/test/ai/880_midjourney_100.png
579,Midjourney,9247,GenImage_test/Midjourney/test/ai/276_midjourney_197.png
579,Midjourney,9248,GenImage_test/Midjourney/test/nature/ILSVRC2012_val_00039325.JPEG
579,Midjourney,9249,GenImage_test/Midjourney/test/ai/564_midjourney_198.png
579,Midjourney,9250,GenImage_test/Midjourney/test/ai/296_midjourney_198.png
579,Midjourney,9251,GenImage_test/Midjourney/test/ai/284_midjourney_88.png
579,Midjourney,9252,GenImage_test/Midjourney/test/ai/220_midjourney_197.png
579,Midjourney,9253,GenImage_test/Midjourney/test/ai/64_midjourney_34.png
579,Midjourney,9254,GenImage_test/Midjourney/test/nature/ILSVRC2012_val_00019165.JPEG
579,Midjourney,9255,GenImage_test/Midjourney/test/ai/941_midjourney_100.png
580,Midjourney,9256,GenImage_test/Midjourney/test/nature/ILSVRC2012_val_00003322.JPEG
580,Midjourney,9257,GenImage_test/Midjourney/test/ai/347_midjourney_169.png
580,Midjourney,9258,GenImage_test/Midjourney/test/ai/94_midjourney_34.png
580,Midjourney,9259,GenImage_test/Midjourney/test/ai/848_midjourney_198.png
580,Midjourney,9260,GenImage_test/Midjourney/test/ai/946_midjourney_169.png
580,Midjourney,9261,GenImage_test/Midjourney/test/nature/ILSVRC2012_val_00019986.JPEG
580,Midjourney,9262,GenImage_test/Midjourney/test/nature/ILSVRC2012_val_00014516.JPEG
580,Midjourney,9263,GenImage_test/Midjourney/test/ai/833_midjourney_197.png
580,Midjourney,9264,GenImage_test/Midjourney/test/nature/ILSVRC2012_val_00016275.JPEG
580,Midjourney,9265,GenImage_test/Midjourney/test/ai/300_midjourney_197.png
580,Midjourney,9266,GenImage_test/Midjourney/test/ai/549_midjourney_34.png
580,Midjourney,9267,GenImage_test/Midjourney/test/ai/262_midjourney_198.png
580,Midjourney,9268,GenImage_test/Midjourney/test/nature/ILSVRC2012_val_00045178.JPEG
580,Midjourney,9269,GenImage_test/Midjourney/test/ai/104_midjourney_34.png
580,Midjourney,9270,GenImage_test/Midjourney/test/nature/ILSVRC2012_val_00037332.JPEG
580,Midjourney,9271,GenImage_test/Midjourney/test/ai/763_midjourney_198.png
581,Midjourney,9272,GenImage_test/Midjourney/test/ai/348_midjourney_88.png
581,Midjourney,9273,GenImage_test/Midjourney/test/nature/ILSVRC2012_val_00041751.JPEG
581,Midjourney,9274,GenImage_test/Midjourney/test/ai/716_midjourney_100.png
581,Midjourney,9275,GenImage_test/Midjourney/test/nature/ILSVRC2012_val_00023272.JPEG
581,Midjourney,9276,GenImage_test/Midjourney/test/nature/ILSVRC2012_val_00009229.JPEG
581,Midjourney,9277,GenImage_test/Midjourney/test/nature/ILSVRC2012_val_00028009.JPEG
581,Midjourney,9278,GenImage_test/Midjourney/test/nature/ILSVRC2012_val_00049286.JPEG
581,Midjourney,9279,GenImage_test/Midjourney/test/ai/388_midjourney_197.png
581,Midjourney,9280,GenImage_test/Midjourney/test/ai/75_midjourney_197.png
581,Midjourney,9281,GenImage_test/Midjourney/test/nature/ILSVRC2012_val_00033782.JPEG
581,Midjourney,9282,GenImage_test/Midjourney/test/ai/845_midjourney_197.png
581,Midjourney,9283,GenImage_test/Midjourney/test/nature/ILSVRC2012_val_00035697.JPEG
581,Midjourney,9284,GenImage_test/Midjourney/test/ai/786_midjourney_88.png
581,Midjourney,9285,GenImage_test/Midjourney/test/nature/ILSVRC2012_val_00027865.JPEG
581,Midjourney,9286,GenImage_test/Midjourney/test/nature/ILSVRC2012_val_00007466.JPEG
581,Midjourney,9287,GenImage_test/Midjourney/test/nature/ILSVRC2012_val_00045950.JPEG
582,Midjourney,9288,GenImage_test/Midjourney/test/ai/861_midjourney_169.png
582,Midjourney,9289,GenImage_test/Midjourney/test/ai/462_midjourney_34.png
582,Midjourney,9290,GenImage_test/Midjourney/test/ai/274_midjourney_169.png
582,Midjourney,9291,GenImage_test/Midjourney/test/nature/ILSVRC2012_val_00040945.JPEG
582,Midjourney,9292,GenImage_test/Midjourney/test/ai/450_midjourney_198.png
582,Midjourney,9293,GenImage_test/Midjourney/test/nature/ILSVRC2012_val_00039712.JPEG
582,Midjourney,9294,GenImage_test/Midjourney/test/ai/611_midjourney_88.png
582,Midjourney,9295,GenImage_test/Midjourney/test/nature/ILSVRC2012_val_00008171.JPEG
582,Midjourney,9296,GenImage_test/Midjourney/test/nature/ILSVRC2012_val_00033192.JPEG
582,Midjourney,9297,GenImage_test/Midjourney/test/ai/138_midjourney_198.png
582,Midjourney,9298,GenImage_test/Midjourney/test/nature/ILSVRC2012_val_00006823.JPEG
582,Midjourney,9299,GenImage_test/Midjourney/test/ai/295_midjourney_169.png
582,Midjourney,9300,GenImage_test/Midjourney/test/nature/ILSVRC2012_val_00007513.JPEG
582,Midjourney,9301,GenImage_test/Midjourney/test/nature/ILSVRC2012_val_00019116.JPEG
582,Midjourney,9302,GenImage_test/Midjourney/test/nature/ILSVRC2012_val_00023727.JPEG
582,Midjourney,9303,GenImage_test/Midjourney/test/ai/737_midjourney_169.png
583,Midjourney,9304,GenImage_test/Midjourney/test/nature/ILSVRC2012_val_00048474.JPEG
583,Midjourney,9305,GenImage_test/Midjourney/test/ai/129_midjourney_34.png
583,Midjourney,9306,GenImage_test/Midjourney/test/nature/ILSVRC2012_val_00031747.JPEG
583,Midjourney,9307,GenImage_test/Midjourney/test/ai/263_midjourney_197.png
583,Midjourney,9308,GenImage_test/Midjourney/test/ai/776_midjourney_198.png
583,Midjourney,9309,GenImage_test/Midjourney/test/nature/ILSVRC2012_val_00031480.JPEG
583,Midjourney,9310,GenImage_test/Midjourney/test/nature/ILSVRC2012_val_00037153.JPEG
583,Midjourney,9311,GenImage_test/Midjourney/test/ai/533_midjourney_88.png
583,Midjourney,9312,GenImage_test/Midjourney/test/nature/ILSVRC2012_val_00045350.JPEG
583,Midjourney,9313,GenImage_test/Midjourney/test/nature/ILSVRC2012_val_00011068.JPEG
583,Midjourney,9314,GenImage_test/Midjourney/test/nature/ILSVRC2012_val_00014616.JPEG
583,Midjourney,9315,GenImage_test/Midjourney/test/ai/866_midjourney_198.png
583,Midjourney,9316,GenImage_test/Midjourney/test/ai/319_midjourney_34.png
583,Midjourney,9317,GenImage_test/Midjourney/test/ai/412_midjourney_197.png
583,Midjourney,9318,GenImage_test/Midjourney/test/nature/ILSVRC2012_val_00020845.JPEG
583,Midjourney,9319,GenImage_test/Midjourney/test/nature/ILSVRC2012_val_00037672.JPEG
584,Midjourney,9320,GenImage_test/Midjourney/test/ai/170_midjourney_169.png
584,Midjourney,9321,GenImage_test/Midjourney/test/ai/160_midjourney_88.png
584,Midjourney,9322,GenImage_test/Midjourney/test/nature/ILSVRC2012_val_00011477.JPEG
584,Midjourney,9323,GenImage_test/Midjourney/test/ai/896_midjourney_100.png
584,Midjourney,9324,GenImage_test/Midjourney/test/nature/ILSVRC2012_val_00041083.JPEG
584,Midjourney,9325,GenImage_test/Midjourney/test/nature/ILSVRC2012_val_00014367.JPEG
584,Midjourney,9326,GenImage_test/Midjourney/test/nature/ILSVRC2012_val_00006421.JPEG
584,Midjourney,9327,GenImage_test/Midjourney/test/nature/ILSVRC2012_val_00024134.JPEG
584,Midjourney,9328,GenImage_test/Midjourney/test/ai/263_midjourney_169.png
584,Midjourney,9329,GenImage_test/Midjourney/test/nature/ILSVRC2012_val_00007331.JPEG
584,Midjourney,9330,GenImage_test/Midjourney/test/ai/465_midjourney_197.png
584,Midjourney,9331,GenImage_test/Midjourney/test/ai/82_midjourney_169.png
584,Midjourney,9332,GenImage_test/Midjourney/test/nature/ILSVRC2012_val_00046025.JPEG
584,Midjourney,9333,GenImage_test/Midjourney/test/nature/ILSVRC2012_val_00006782.JPEG
584,Midjourney,9334,GenImage_test/Midjourney/test/ai/335_midjourney_88.png
584,Midjourney,9335,GenImage_test/Midjourney/test/ai/590_midjourney_34.png
585,Midjourney,9336,GenImage_test/Midjourney/test/nature/ILSVRC2012_val_00006205.JPEG
585,Midjourney,9337,GenImage_test/Midjourney/test/ai/510_midjourney_100.png
585,Midjourney,9338,GenImage_test/Midjourney/test/nature/ILSVRC2012_val_00045949.JPEG
585,Midjourney,9339,GenImage_test/Midjourney/test/ai/526_midjourney_198.png
585,Midjourney,9340,GenImage_test/Midjourney/test/nature/ILSVRC2012_val_00017149.JPEG
585,Midjourney,9341,GenImage_test/Midjourney/test/nature/ILSVRC2012_val_00049154.JPEG
585,Midjourney,9342,GenImage_test/Midjourney/test/ai/72_midjourney_100.png
585,Midjourney,9343,GenImage_test/Midjourney/test/ai/623_midjourney_100.png
585,Midjourney,9344,GenImage_test/Midjourney/test/ai/67_midjourney_169.png
585,Midjourney,9345,GenImage_test/Midjourney/test/ai/275_midjourney_169.png
585,Midjourney,9346,GenImage_test/Midjourney/test/nature/ILSVRC2012_val_00014036.JPEG
585,Midjourney,9347,GenImage_test/Midjourney/test/nature/ILSVRC2012_val_00034337.JPEG
585,Midjourney,9348,GenImage_test/Midjourney/test/nature/ILSVRC2012_val_00021289.JPEG
585,Midjourney,9349,GenImage_test/Midjourney/test/nature/ILSVRC2012_val_00002911.JPEG
585,Midjourney,9350,GenImage_test/Midjourney/test/nature/ILSVRC2012_val_00009631.JPEG
585,Midjourney,9351,GenImage_test/Midjourney/test/nature/ILSVRC2012_val_00006702.JPEG
586,Midjourney,9352,GenImage_test/Midjourney/test/ai/118_midjourney_197.png
586,Midjourney,9353,GenImage_test/Midjourney/test/nature/ILSVRC2012_val_00037124.JPEG
586,Midjourney,9354,GenImage_test/Midjourney/test/ai/40_midjourney_100.png
586,Midjourney,9355,GenImage_test/Midjourney/test/nature/ILSVRC2012_val_00011907.JPEG
586,Midjourney,9356,GenImage_test/Midjourney/test/ai/749_midjourney_88.png
586,Midjourney,9357,GenImage_test/Midjourney/test/ai/935_midjourney_34.png
586,Midjourney,9358,GenImage_test/Midjourney/test/ai/198_midjourney_100.png
586,Midjourney,9359,GenImage_test/Midjourney/test/ai/227_midjourney_34.png
586,Midjourney,9360,GenImage_test/Midjourney/test/nature/ILSVRC2012_val_00022270.JPEG
586,Midjourney,9361,GenImage_test/Midjourney/test/nature/ILSVRC2012_val_00040911.JPEG
586,Midjourney,9362,GenImage_test/Midjourney/test/nature/ILSVRC2012_val_00044224.JPEG
586,Midjourney,9363,GenImage_test/Midjourney/test/nature/ILSVRC2012_val_00012834.JPEG
586,Midjourney,9364,GenImage_test/Midjourney/test/ai/421_midjourney_100.png
586,Midjourney,9365,GenImage_test/Midjourney/test/nature/ILSVRC2012_val_00043267.JPEG
586,Midjourney,9366,GenImage_test/Midjourney/test/ai/602_midjourney_169.png
586,Midjourney,9367,GenImage_test/Midjourney/test/ai/33_midjourney_88.png
587,Midjourney,9368,GenImage_test/Midjourney/test/nature/ILSVRC2012_val_00026412.JPEG
587,Midjourney,9369,GenImage_test/Midjourney/test/ai/237_midjourney_197.png
587,Midjourney,9370,GenImage_test/Midjourney/test/ai/775_midjourney_88.png
587,Midjourney,9371,GenImage_test/Midjourney/test/nature/ILSVRC2012_val_00016855.JPEG
587,Midjourney,9372,GenImage_test/Midjourney/test/ai/54_midjourney_100.png
587,Midjourney,9373,GenImage_test/Midjourney/test/nature/ILSVRC2012_val_00041068.JPEG
587,Midjourney,9374,GenImage_test/Midjourney/test/nature/ILSVRC2012_val_00047719.JPEG
587,Midjourney,9375,GenImage_test/Midjourney/test/ai/346_midjourney_34.png
587,Midjourney,9376,GenImage_test/Midjourney/test/nature/ILSVRC2012_val_00039187.JPEG
587,Midjourney,9377,GenImage_test/Midjourney/test/nature/ILSVRC2012_val_00034894.JPEG
587,Midjourney,9378,GenImage_test/Midjourney/test/nature/ILSVRC2012_val_00014748.JPEG
587,Midjourney,9379,GenImage_test/Midjourney/test/nature/ILSVRC2012_val_00023929.JPEG
587,Midjourney,9380,GenImage_test/Midjourney/test/nature/ILSVRC2012_val_00029347.JPEG
587,Midjourney,9381,GenImage_test/Midjourney/test/ai/145_midjourney_198.png
587,Midjourney,9382,GenImage_test/Midjourney/test/nature/ILSVRC2012_val_00010742.JPEG
587,Midjourney,9383,GenImage_test/Midjourney/test/ai/493_midjourney_169.png
588,Midjourney,9384,GenImage_test/Midjourney/test/nature/ILSVRC2012_val_00027708.JPEG
588,Midjourney,9385,GenImage_test/Midjourney/test/ai/117_midjourney_198.png
588,Midjourney,9386,GenImage_test/Midjourney/test/ai/664_midjourney_198.png
588,Midjourney,9387,GenImage_test/Midjourney/test/ai/409_midjourney_197.png
588,Midjourney,9388,GenImage_test/Midjourney/test/ai/859_midjourney_198.png
588,Midjourney,9389,GenImage_test/Midjourney/test/nature/ILSVRC2012_val_00000589.JPEG
588,Midjourney,9390,GenImage_test/Midjourney/test/ai/845_midjourney_88.png
588,Midjourney,9391,GenImage_test/Midjourney/test/nature/ILSVRC2012_val_00049189.JPEG
588,Midjourney,9392,GenImage_test/Midjourney/test/ai/202_midjourney_169.png
588,Midjourney,9393,GenImage_test/Midjourney/test/nature/ILSVRC2012_val_00027777.JPEG
588,Midjourney,9394,GenImage_test/Midjourney/test/nature/ILSVRC2012_val_00005960.JPEG
588,Midjourney,9395,GenImage_test/Midjourney/test/ai/606_midjourney_100.png
588,Midjourney,9396,GenImage_test/Midjourney/test/nature/ILSVRC2012_val_00040433.JPEG
588,Midjourney,9397,GenImage_test/Midjourney/test/ai/835_midjourney_198.png
588,Midjourney,9398,GenImage_test/Midjourney/test/nature/ILSVRC2012_val_00048512.JPEG
588,Midjourney,9399,GenImage_test/Midjourney/test/nature/ILSVRC2012_val_00027789.JPEG
589,Midjourney,9400,GenImage_test/Midjourney/test/ai/143_midjourney_197.png
589,Midjourney,9401,GenImage_test/Midjourney/test/nature/ILSVRC2012_val_00032915.JPEG
589,Midjourney,9402,GenImage_test/Midjourney/test/ai/175_midjourney_34.png
589,Midjourney,9403,GenImage_test/Midjourney/test/nature/ILSVRC2012_val_00022693.JPEG
589,Midjourney,9404,GenImage_test/Midjourney/test/nature/ILSVRC2012_val_00030945.JPEG
589,Midjourney,9405,GenImage_test/Midjourney/test/ai/907_midjourney_197.png
589,Midjourney,9406,GenImage_test/Midjourney/test/ai/219_midjourney_88.png
589,Midjourney,9407,GenImage_test/Midjourney/test/nature/ILSVRC2012_val_00039018.JPEG
589,Midjourney,9408,GenImage_test/Midjourney/test/nature/ILSVRC2012_val_00014100.JPEG
589,Midjourney,9409,GenImage_test/Midjourney/test/ai/102_midjourney_34.png
589,Midjourney,9410,GenImage_test/Midjourney/test/ai/386_midjourney_197.png
589,Midjourney,9411,GenImage_test/Midjourney/test/ai/272_midjourney_100.png
589,Midjourney,9412,GenImage_test/Midjourney/test/nature/ILSVRC2012_val_00030513.JPEG
589,Midjourney,9413,GenImage_test/Midjourney/test/ai/867_midjourney_100.png
589,Midjourney,9414,GenImage_test/Midjourney/test/ai/353_midjourney_198.png
589,Midjourney,9415,GenImage_test/Midjourney/test/nature/ILSVRC2012_val_00049565.JPEG
590,Midjourney,9416,GenImage_test/Midjourney/test/nature/ILSVRC2012_val_00016310.JPEG
590,Midjourney,9417,GenImage_test/Midjourney/test/nature/ILSVRC2012_val_00047292.JPEG
590,Midjourney,9418,GenImage_test/Midjourney/test/nature/ILSVRC2012_val_00032832.JPEG
590,Midjourney,9419,GenImage_test/Midjourney/test/nature/ILSVRC2012_val_00036274.JPEG
590,Midjourney,9420,GenImage_test/Midjourney/test/nature/ILSVRC2012_val_00016226.JPEG
590,Midjourney,9421,GenImage_test/Midjourney/test/ai/266_midjourney_198.png
590,Midjourney,9422,GenImage_test/Midjourney/test/ai/317_midjourney_198.png
590,Midjourney,9423,GenImage_test/Midjourney/test/nature/ILSVRC2012_val_00044185.JPEG
590,Midjourney,9424,GenImage_test/Midjourney/test/ai/229_midjourney_198.png
590,Midjourney,9425,GenImage_test/Midjourney/test/ai/321_midjourney_197.png
590,Midjourney,9426,GenImage_test/Midjourney/test/ai/547_midjourney_100.png
590,Midjourney,9427,GenImage_test/Midjourney/test/ai/636_midjourney_197.png
590,Midjourney,9428,GenImage_test/Midjourney/test/nature/ILSVRC2012_val_00037200.JPEG
590,Midjourney,9429,GenImage_test/Midjourney/test/ai/605_midjourney_197.png
590,Midjourney,9430,GenImage_test/Midjourney/test/nature/ILSVRC2012_val_00025686.JPEG
590,Midjourney,9431,GenImage_test/Midjourney/test/ai/499_midjourney_169.png
591,Midjourney,9432,GenImage_test/Midjourney/test/nature/ILSVRC2012_val_00003938.JPEG
591,Midjourney,9433,GenImage_test/Midjourney/test/nature/ILSVRC2012_val_00038558.JPEG
591,Midjourney,9434,GenImage_test/Midjourney/test/ai/152_midjourney_169.png
591,Midjourney,9435,GenImage_test/Midjourney/test/nature/ILSVRC2012_val_00048742.JPEG
591,Midjourney,9436,GenImage_test/Midjourney/test/nature/ILSVRC2012_val_00049390.JPEG
591,Midjourney,9437,GenImage_test/Midjourney/test/ai/838_midjourney_197.png
591,Midjourney,9438,GenImage_test/Midjourney/test/ai/580_midjourney_197.png
591,Midjourney,9439,GenImage_test/Midjourney/test/nature/ILSVRC2012_val_00010111.JPEG
591,Midjourney,9440,GenImage_test/Midjourney/test/nature/ILSVRC2012_val_00018741.JPEG
591,Midjourney,9441,GenImage_test/Midjourney/test/ai/539_midjourney_169.png
591,Midjourney,9442,GenImage_test/Midjourney/test/nature/ILSVRC2012_val_00020193.JPEG
591,Midjourney,9443,GenImage_test/Midjourney/test/ai/39_midjourney_88.png
591,Midjourney,9444,GenImage_test/Midjourney/test/ai/428_midjourney_169.png
591,Midjourney,9445,GenImage_test/Midjourney/test/nature/ILSVRC2012_val_00021996.JPEG
591,Midjourney,9446,GenImage_test/Midjourney/test/nature/ILSVRC2012_val_00009702.JPEG
591,Midjourney,9447,GenImage_test/Midjourney/test/ai/38_midjourney_34.png
592,Midjourney,9448,GenImage_test/Midjourney/test/ai/447_midjourney_169.png
592,Midjourney,9449,GenImage_test/Midjourney/test/ai/537_midjourney_34.png
592,Midjourney,9450,GenImage_test/Midjourney/test/ai/155_midjourney_169.png
592,Midjourney,9451,GenImage_test/Midjourney/test/ai/459_midjourney_197.png
592,Midjourney,9452,GenImage_test/Midjourney/test/ai/924_midjourney_198.png
592,Midjourney,9453,GenImage_test/Midjourney/test/ai/245_midjourney_100.png
592,Midjourney,9454,GenImage_test/Midjourney/test/nature/ILSVRC2012_val_00032674.JPEG
592,Midjourney,9455,GenImage_test/Midjourney/test/ai/165_midjourney_197.png
592,Midjourney,9456,GenImage_test/Midjourney/test/nature/ILSVRC2012_val_00035517.JPEG
592,Midjourney,9457,GenImage_test/Midjourney/test/nature/ILSVRC2012_val_00027849.JPEG
592,Midjourney,9458,GenImage_test/Midjourney/test/ai/428_midjourney_198.png
592,Midjourney,9459,GenImage_test/Midjourney/test/nature/ILSVRC2012_val_00038260.JPEG
592,Midjourney,9460,GenImage_test/Midjourney/test/ai/559_midjourney_169.png
592,Midjourney,9461,GenImage_test/Midjourney/test/ai/470_midjourney_198.png
592,Midjourney,9462,GenImage_test/Midjourney/test/nature/ILSVRC2012_val_00020598.JPEG
592,Midjourney,9463,GenImage_test/Midjourney/test/nature/ILSVRC2012_val_00041701.JPEG
593,Midjourney,9464,GenImage_test/Midjourney/test/nature/ILSVRC2012_val_00005843.JPEG
593,Midjourney,9465,GenImage_test/Midjourney/test/ai/589_midjourney_197.png
593,Midjourney,9466,GenImage_test/Midjourney/test/ai/634_midjourney_100.png
593,Midjourney,9467,GenImage_test/Midjourney/test/nature/ILSVRC2012_val_00030164.JPEG
593,Midjourney,9468,GenImage_test/Midjourney/test/ai/569_midjourney_169.png
593,Midjourney,9469,GenImage_test/Midjourney/test/nature/ILSVRC2012_val_00007798.JPEG
593,Midjourney,9470,GenImage_test/Midjourney/test/nature/ILSVRC2012_val_00005790.JPEG
593,Midjourney,9471,GenImage_test/Midjourney/test/nature/ILSVRC2012_val_00002593.JPEG
593,Midjourney,9472,GenImage_test/Midjourney/test/nature/ILSVRC2012_val_00022999.JPEG
593,Midjourney,9473,GenImage_test/Midjourney/test/nature/ILSVRC2012_val_00040495.JPEG
593,Midjourney,9474,GenImage_test/Midjourney/test/ai/569_midjourney_100.png
593,Midjourney,9475,GenImage_test/Midjourney/test/nature/ILSVRC2012_val_00024182.JPEG
593,Midjourney,9476,GenImage_test/Midjourney/test/ai/534_midjourney_169.png
593,Midjourney,9477,GenImage_test/Midjourney/test/ai/747_midjourney_197.png
593,Midjourney,9478,GenImage_test/Midjourney/test/ai/672_midjourney_197.png
593,Midjourney,9479,GenImage_test/Midjourney/test/ai/154_midjourney_198.png
594,Midjourney,9480,GenImage_test/Midjourney/test/ai/525_midjourney_197.png
594,Midjourney,9481,GenImage_test/Midjourney/test/nature/ILSVRC2012_val_00040284.JPEG
594,Midjourney,9482,GenImage_test/Midjourney/test/ai/527_midjourney_100.png
594,Midjourney,9483,GenImage_test/Midjourney/test/nature/ILSVRC2012_val_00027841.JPEG
594,Midjourney,9484,GenImage_test/Midjourney/test/nature/ILSVRC2012_val_00007508.JPEG
594,Midjourney,9485,GenImage_test/Midjourney/test/ai/720_midjourney_100.png
594,Midjourney,9486,GenImage_test/Midjourney/test/ai/177_midjourney_88.png
594,Midjourney,9487,GenImage_test/Midjourney/test/ai/988_midjourney_198.png
594,Midjourney,9488,GenImage_test/Midjourney/test/ai/605_midjourney_198.png
594,Midjourney,9489,GenImage_test/Midjourney/test/nature/ILSVRC2012_val_00033448.JPEG
594,Midjourney,9490,GenImage_test/Midjourney/test/ai/452_midjourney_198.png
594,Midjourney,9491,GenImage_test/Midjourney/test/ai/295_midjourney_88.png
594,Midjourney,9492,GenImage_test/Midjourney/test/ai/357_midjourney_169.png
594,Midjourney,9493,GenImage_test/Midjourney/test/nature/ILSVRC2012_val_00039963.JPEG
594,Midjourney,9494,GenImage_test/Midjourney/test/ai/803_midjourney_197.png
594,Midjourney,9495,GenImage_test/Midjourney/test/ai/773_midjourney_198.png
595,Midjourney,9496,GenImage_test/Midjourney/test/ai/290_midjourney_198.png
595,Midjourney,9497,GenImage_test/Midjourney/test/ai/655_midjourney_88.png
595,Midjourney,9498,GenImage_test/Midjourney/test/ai/137_midjourney_88.png
595,Midjourney,9499,GenImage_test/Midjourney/test/ai/129_midjourney_88.png
595,Midjourney,9500,GenImage_test/Midjourney/test/ai/189_midjourney_197.png
595,Midjourney,9501,GenImage_test/Midjourney/test/ai/507_midjourney_169.png
595,Midjourney,9502,GenImage_test/Midjourney/test/nature/ILSVRC2012_val_00042556.JPEG
595,Midjourney,9503,GenImage_test/Midjourney/test/ai/5_midjourney_198.png
595,Midjourney,9504,GenImage_test/Midjourney/test/nature/ILSVRC2012_val_00019959.JPEG
595,Midjourney,9505,GenImage_test/Midjourney/test/ai/12_midjourney_198.png
595,Midjourney,9506,GenImage_test/Midjourney/test/nature/ILSVRC2012_val_00006083.JPEG
595,Midjourney,9507,GenImage_test/Midjourney/test/ai/323_midjourney_34.png
595,Midjourney,9508,GenImage_test/Midjourney/test/nature/ILSVRC2012_val_00044004.JPEG
595,Midjourney,9509,GenImage_test/Midjourney/test/ai/654_midjourney_88.png
595,Midjourney,9510,GenImage_test/Midjourney/test/ai/146_midjourney_198.png
595,Midjourney,9511,GenImage_test/Midjourney/test/nature/ILSVRC2012_val_00012450.JPEG
596,Midjourney,9512,GenImage_test/Midjourney/test/nature/ILSVRC2012_val_00024505.JPEG
596,Midjourney,9513,GenImage_test/Midjourney/test/ai/259_midjourney_197.png
596,Midjourney,9514,GenImage_test/Midjourney/test/nature/ILSVRC2012_val_00008444.JPEG
596,Midjourney,9515,GenImage_test/Midjourney/test/nature/ILSVRC2012_val_00027323.JPEG
596,Midjourney,9516,GenImage_test/Midjourney/test/nature/ILSVRC2012_val_00026890.JPEG
596,Midjourney,9517,GenImage_test/Midjourney/test/ai/561_midjourney_100.png
596,Midjourney,9518,GenImage_test/Midjourney/test/ai/168_midjourney_197.png
596,Midjourney,9519,GenImage_test/Midjourney/test/ai/27_midjourney_198.png
596,Midjourney,9520,GenImage_test/Midjourney/test/nature/ILSVRC2012_val_00028199.JPEG
596,Midjourney,9521,GenImage_test/Midjourney/test/ai/436_midjourney_169.png
596,Midjourney,9522,GenImage_test/Midjourney/test/nature/ILSVRC2012_val_00041358.JPEG
596,Midjourney,9523,GenImage_test/Midjourney/test/nature/ILSVRC2012_val_00043982.JPEG
596,Midjourney,9524,GenImage_test/Midjourney/test/nature/ILSVRC2012_val_00002575.JPEG
596,Midjourney,9525,GenImage_test/Midjourney/test/ai/238_midjourney_34.png
596,Midjourney,9526,GenImage_test/Midjourney/test/nature/ILSVRC2012_val_00011975.JPEG
596,Midjourney,9527,GenImage_test/Midjourney/test/ai/774_midjourney_88.png
597,Midjourney,9528,GenImage_test/Midjourney/test/nature/ILSVRC2012_val_00009601.JPEG
597,Midjourney,9529,GenImage_test/Midjourney/test/ai/48_midjourney_197.png
597,Midjourney,9530,GenImage_test/Midjourney/test/nature/ILSVRC2012_val_00001693.JPEG
597,Midjourney,9531,GenImage_test/Midjourney/test/ai/25_midjourney_100.png
597,Midjourney,9532,GenImage_test/Midjourney/test/ai/542_midjourney_34.png
597,Midjourney,9533,GenImage_test/Midjourney/test/nature/ILSVRC2012_val_00021486.JPEG
597,Midjourney,9534,GenImage_test/Midjourney/test/ai/548_midjourney_88.png
597,Midjourney,9535,GenImage_test/Midjourney/test/ai/721_midjourney_100.png
597,Midjourney,9536,GenImage_test/Midjourney/test/nature/ILSVRC2012_val_00014903.JPEG
597,Midjourney,9537,GenImage_test/Midjourney/test/ai/799_midjourney_198.png
597,Midjourney,9538,GenImage_test/Midjourney/test/ai/938_midjourney_197.png
597,Midjourney,9539,GenImage_test/Midjourney/test/nature/ILSVRC2012_val_00028971.JPEG
597,Midjourney,9540,GenImage_test/Midjourney/test/ai/393_midjourney_197.png
597,Midjourney,9541,GenImage_test/Midjourney/test/ai/318_midjourney_88.png
597,Midjourney,9542,GenImage_test/Midjourney/test/ai/661_midjourney_34.png
597,Midjourney,9543,GenImage_test/Midjourney/test/ai/994_midjourney_197.png
598,Midjourney,9544,GenImage_test/Midjourney/test/nature/ILSVRC2012_val_00012045.JPEG
598,Midjourney,9545,GenImage_test/Midjourney/test/ai/980_midjourney_34.png
598,Midjourney,9546,GenImage_test/Midjourney/test/ai/398_midjourney_88.png
598,Midjourney,9547,GenImage_test/Midjourney/test/ai/58_midjourney_169.png
598,Midjourney,9548,GenImage_test/Midjourney/test/ai/977_midjourney_88.png
598,Midjourney,9549,GenImage_test/Midjourney/test/nature/ILSVRC2012_val_00035190.JPEG
598,Midjourney,9550,GenImage_test/Midjourney/test/ai/323_midjourney_100.png
598,Midjourney,9551,GenImage_test/Midjourney/test/ai/547_midjourney_88.png
598,Midjourney,9552,GenImage_test/Midjourney/test/nature/ILSVRC2012_val_00027270.JPEG
598,Midjourney,9553,GenImage_test/Midjourney/test/nature/ILSVRC2012_val_00013325.JPEG
598,Midjourney,9554,GenImage_test/Midjourney/test/nature/ILSVRC2012_val_00017422.JPEG
598,Midjourney,9555,GenImage_test/Midjourney/test/nature/ILSVRC2012_val_00023418.JPEG
598,Midjourney,9556,GenImage_test/Midjourney/test/nature/ILSVRC2012_val_00020947.JPEG
598,Midjourney,9557,GenImage_test/Midjourney/test/ai/428_midjourney_34.png
598,Midjourney,9558,GenImage_test/Midjourney/test/ai/434_midjourney_197.png
598,Midjourney,9559,GenImage_test/Midjourney/test/ai/520_midjourney_100.png
599,Midjourney,9560,GenImage_test/Midjourney/test/nature/ILSVRC2012_val_00025262.JPEG
599,Midjourney,9561,GenImage_test/Midjourney/test/ai/233_midjourney_100.png
599,Midjourney,9562,GenImage_test/Midjourney/test/ai/572_midjourney_88.png
599,Midjourney,9563,GenImage_test/Midjourney/test/nature/ILSVRC2012_val_00036304.JPEG
599,Midjourney,9564,GenImage_test/Midjourney/test/nature/ILSVRC2012_val_00008267.JPEG
599,Midjourney,9565,GenImage_test/Midjourney/test/nature/ILSVRC2012_val_00024208.JPEG
599,Midjourney,9566,GenImage_test/Midjourney/test/ai/288_midjourney_34.png
599,Midjourney,9567,GenImage_test/Midjourney/test/ai/237_midjourney_198.png
599,Midjourney,9568,GenImage_test/Midjourney/test/nature/ILSVRC2012_val_00047190.JPEG
599,Midjourney,9569,GenImage_test/Midjourney/test/nature/ILSVRC2012_val_00047408.JPEG
599,Midjourney,9570,GenImage_test/Midjourney/test/ai/102_midjourney_100.png
599,Midjourney,9571,GenImage_test/Midjourney/test/ai/40_midjourney_169.png
599,Midjourney,9572,GenImage_test/Midjourney/test/ai/27_midjourney_100.png
599,Midjourney,9573,GenImage_test/Midjourney/test/nature/ILSVRC2012_val_00019529.JPEG
599,Midjourney,9574,GenImage_test/Midjourney/test/ai/277_midjourney_100.png
599,Midjourney,9575,GenImage_test/Midjourney/test/ai/618_midjourney_197.png
600,Midjourney,9576,GenImage_test/Midjourney/test/ai/561_midjourney_88.png
600,Midjourney,9577,GenImage_test/Midjourney/test/nature/ILSVRC2012_val_00013537.JPEG
600,Midjourney,9578,GenImage_test/Midjourney/test/nature/ILSVRC2012_val_00047092.JPEG
600,Midjourney,9579,GenImage_test/Midjourney/test/nature/ILSVRC2012_val_00041828.JPEG
600,Midjourney,9580,GenImage_test/Midjourney/test/nature/ILSVRC2012_val_00049331.JPEG
600,Midjourney,9581,GenImage_test/Midjourney/test/nature/ILSVRC2012_val_00040872.JPEG
600,Midjourney,9582,GenImage_test/Midjourney/test/ai/456_midjourney_34.png
600,Midjourney,9583,GenImage_test/Midjourney/test/nature/ILSVRC2012_val_00034177.JPEG
600,Midjourney,9584,GenImage_test/Midjourney/test/nature/ILSVRC2012_val_00030840.JPEG
600,Midjourney,9585,GenImage_test/Midjourney/test/ai/513_midjourney_100.png
600,Midjourney,9586,GenImage_test/Midjourney/test/ai/581_midjourney_197.png
600,Midjourney,9587,GenImage_test/Midjourney/test/nature/ILSVRC2012_val_00034391.JPEG
600,Midjourney,9588,GenImage_test/Midjourney/test/ai/796_midjourney_197.png
600,Midjourney,9589,GenImage_test/Midjourney/test/ai/149_midjourney_198.png
600,Midjourney,9590,GenImage_test/Midjourney/test/ai/280_midjourney_34.png
600,Midjourney,9591,GenImage_test/Midjourney/test/nature/ILSVRC2012_val_00038740.JPEG
601,Midjourney,9592,GenImage_test/Midjourney/test/nature/ILSVRC2012_val_00030966.JPEG
601,Midjourney,9593,GenImage_test/Midjourney/test/nature/ILSVRC2012_val_00036361.JPEG
601,Midjourney,9594,GenImage_test/Midjourney/test/nature/ILSVRC2012_val_00016389.JPEG
601,Midjourney,9595,GenImage_test/Midjourney/test/nature/ILSVRC2012_val_00045528.JPEG
601,Midjourney,9596,GenImage_test/Midjourney/test/ai/654_midjourney_198.png
601,Midjourney,9597,GenImage_test/Midjourney/test/nature/ILSVRC2012_val_00018607.JPEG
601,Midjourney,9598,GenImage_test/Midjourney/test/ai/416_midjourney_169.png
601,Midjourney,9599,GenImage_test/Midjourney/test/nature/ILSVRC2012_val_00002283.JPEG
601,Midjourney,9600,GenImage_test/Midjourney/test/nature/ILSVRC2012_val_00007787.JPEG
601,Midjourney,9601,GenImage_test/Midjourney/test/ai/15_midjourney_197.png
601,Midjourney,9602,GenImage_test/Midjourney/test/ai/531_midjourney_198.png
601,Midjourney,9603,GenImage_test/Midjourney/test/ai/840_midjourney_169.png
601,Midjourney,9604,GenImage_test/Midjourney/test/ai/774_midjourney_197.png
601,Midjourney,9605,GenImage_test/Midjourney/test/ai/383_midjourney_34.png
601,Midjourney,9606,GenImage_test/Midjourney/test/nature/ILSVRC2012_val_00035408.JPEG
601,Midjourney,9607,GenImage_test/Midjourney/test/nature/ILSVRC2012_val_00042812.JPEG
602,Midjourney,9608,GenImage_test/Midjourney/test/ai/911_midjourney_34.png
602,Midjourney,9609,GenImage_test/Midjourney/test/nature/ILSVRC2012_val_00031498.JPEG
602,Midjourney,9610,GenImage_test/Midjourney/test/ai/834_midjourney_169.png
602,Midjourney,9611,GenImage_test/Midjourney/test/ai/882_midjourney_169.png
602,Midjourney,9612,GenImage_test/Midjourney/test/nature/ILSVRC2012_val_00033064.JPEG
602,Midjourney,9613,GenImage_test/Midjourney/test/nature/ILSVRC2012_val_00049874.JPEG
602,Midjourney,9614,GenImage_test/Midjourney/test/nature/ILSVRC2012_val_00016197.JPEG
602,Midjourney,9615,GenImage_test/Midjourney/test/ai/74_midjourney_88.png
602,Midjourney,9616,GenImage_test/Midjourney/test/ai/483_midjourney_34.png
602,Midjourney,9617,GenImage_test/Midjourney/test/nature/ILSVRC2012_val_00047623.JPEG
602,Midjourney,9618,GenImage_test/Midjourney/test/ai/136_midjourney_169.png
602,Midjourney,9619,GenImage_test/Midjourney/test/nature/ILSVRC2012_val_00004504.JPEG
602,Midjourney,9620,GenImage_test/Midjourney/test/ai/950_midjourney_88.png
602,Midjourney,9621,GenImage_test/Midjourney/test/nature/ILSVRC2012_val_00006208.JPEG
602,Midjourney,9622,GenImage_test/Midjourney/test/ai/917_midjourney_100.png
602,Midjourney,9623,GenImage_test/Midjourney/test/nature/ILSVRC2012_val_00028165.JPEG
603,Midjourney,9624,GenImage_test/Midjourney/test/nature/ILSVRC2012_val_00012885.JPEG
603,Midjourney,9625,GenImage_test/Midjourney/test/nature/ILSVRC2012_val_00020636.JPEG
603,Midjourney,9626,GenImage_test/Midjourney/test/ai/800_midjourney_34.png
603,Midjourney,9627,GenImage_test/Midjourney/test/ai/575_midjourney_198.png
603,Midjourney,9628,GenImage_test/Midjourney/test/ai/226_midjourney_88.png
603,Midjourney,9629,GenImage_test/Midjourney/test/ai/246_midjourney_34.png
603,Midjourney,9630,GenImage_test/Midjourney/test/nature/ILSVRC2012_val_00006536.JPEG
603,Midjourney,9631,GenImage_test/Midjourney/test/ai/673_midjourney_198.png
603,Midjourney,9632,GenImage_test/Midjourney/test/ai/318_midjourney_34.png
603,Midjourney,9633,GenImage_test/Midjourney/test/nature/ILSVRC2012_val_00027067.JPEG
603,Midjourney,9634,GenImage_test/Midjourney/test/ai/790_midjourney_34.png
603,Midjourney,9635,GenImage_test/Midjourney/test/nature/ILSVRC2012_val_00041586.JPEG
603,Midjourney,9636,GenImage_test/Midjourney/test/ai/474_midjourney_198.png
603,Midjourney,9637,GenImage_test/Midjourney/test/ai/188_midjourney_169.png
603,Midjourney,9638,GenImage_test/Midjourney/test/nature/ILSVRC2012_val_00003149.JPEG
603,Midjourney,9639,GenImage_test/Midjourney/test/nature/ILSVRC2012_val_00020392.JPEG
604,Midjourney,9640,GenImage_test/Midjourney/test/nature/ILSVRC2012_val_00027301.JPEG
604,Midjourney,9641,GenImage_test/Midjourney/test/ai/629_midjourney_34.png
604,Midjourney,9642,GenImage_test/Midjourney/test/nature/ILSVRC2012_val_00044498.JPEG
604,Midjourney,9643,GenImage_test/Midjourney/test/ai/104_midjourney_198.png
604,Midjourney,9644,GenImage_test/Midjourney/test/ai/344_midjourney_169.png
604,Midjourney,9645,GenImage_test/Midjourney/test/ai/748_midjourney_88.png
604,Midjourney,9646,GenImage_test/Midjourney/test/ai/464_midjourney_88.png
604,Midjourney,9647,GenImage_test/Midjourney/test/nature/ILSVRC2012_val_00008042.JPEG
604,Midjourney,9648,GenImage_test/Midjourney/test/nature/ILSVRC2012_val_00045688.JPEG
604,Midjourney,9649,GenImage_test/Midjourney/test/ai/922_midjourney_197.png
604,Midjourney,9650,GenImage_test/Midjourney/test/ai/293_midjourney_197.png
604,Midjourney,9651,GenImage_test/Midjourney/test/ai/677_midjourney_34.png
604,Midjourney,9652,GenImage_test/Midjourney/test/ai/700_midjourney_197.png
604,Midjourney,9653,GenImage_test/Midjourney/test/nature/ILSVRC2012_val_00003056.JPEG
604,Midjourney,9654,GenImage_test/Midjourney/test/nature/ILSVRC2012_val_00037022.JPEG
604,Midjourney,9655,GenImage_test/Midjourney/test/ai/302_midjourney_169.png
605,Midjourney,9656,GenImage_test/Midjourney/test/ai/956_midjourney_198.png
605,Midjourney,9657,GenImage_test/Midjourney/test/ai/541_midjourney_197.png
605,Midjourney,9658,GenImage_test/Midjourney/test/nature/ILSVRC2012_val_00021393.JPEG
605,Midjourney,9659,GenImage_test/Midjourney/test/nature/ILSVRC2012_val_00015991.JPEG
605,Midjourney,9660,GenImage_test/Midjourney/test/ai/844_midjourney_100.png
605,Midjourney,9661,GenImage_test/Midjourney/test/ai/162_midjourney_198.png
605,Midjourney,9662,GenImage_test/Midjourney/test/ai/904_midjourney_198.png
605,Midjourney,9663,GenImage_test/Midjourney/test/ai/0_midjourney_88.png
605,Midjourney,9664,GenImage_test/Midjourney/test/nature/ILSVRC2012_val_00040091.JPEG
605,Midjourney,9665,GenImage_test/Midjourney/test/ai/789_midjourney_88.png
605,Midjourney,9666,GenImage_test/Midjourney/test/nature/ILSVRC2012_val_00037259.JPEG
605,Midjourney,9667,GenImage_test/Midjourney/test/ai/906_midjourney_197.png
605,Midjourney,9668,GenImage_test/Midjourney/test/ai/181_midjourney_34.png
605,Midjourney,9669,GenImage_test/Midjourney/test/nature/ILSVRC2012_val_00015032.JPEG
605,Midjourney,9670,GenImage_test/Midjourney/test/nature/ILSVRC2012_val_00016634.JPEG
605,Midjourney,9671,GenImage_test/Midjourney/test/ai/983_midjourney_100.png
606,Midjourney,9672,GenImage_test/Midjourney/test/nature/ILSVRC2012_val_00013708.JPEG
606,Midjourney,9673,GenImage_test/Midjourney/test/nature/ILSVRC2012_val_00047610.JPEG
606,Midjourney,9674,GenImage_test/Midjourney/test/ai/502_midjourney_100.png
606,Midjourney,9675,GenImage_test/Midjourney/test/ai/987_midjourney_197.png
606,Midjourney,9676,GenImage_test/Midjourney/test/nature/ILSVRC2012_val_00048492.JPEG
606,Midjourney,9677,GenImage_test/Midjourney/test/nature/ILSVRC2012_val_00028625.JPEG
606,Midjourney,9678,GenImage_test/Midjourney/test/nature/ILSVRC2012_val_00000496.JPEG
606,Midjourney,9679,GenImage_test/Midjourney/test/nature/ILSVRC2012_val_00003006.JPEG
606,Midjourney,9680,GenImage_test/Midjourney/test/nature/ILSVRC2012_val_00033273.JPEG
606,Midjourney,9681,GenImage_test/Midjourney/test/nature/ILSVRC2012_val_00021073.JPEG
606,Midjourney,9682,GenImage_test/Midjourney/test/ai/992_midjourney_198.png
606,Midjourney,9683,GenImage_test/Midjourney/test/ai/584_midjourney_198.png
606,Midjourney,9684,GenImage_test/Midjourney/test/ai/2_midjourney_198.png
606,Midjourney,9685,GenImage_test/Midjourney/test/nature/ILSVRC2012_val_00036112.JPEG
606,Midjourney,9686,GenImage_test/Midjourney/test/nature/ILSVRC2012_val_00049576.JPEG
606,Midjourney,9687,GenImage_test/Midjourney/test/nature/ILSVRC2012_val_00011260.JPEG
607,Midjourney,9688,GenImage_test/Midjourney/test/ai/779_midjourney_197.png
607,Midjourney,9689,GenImage_test/Midjourney/test/nature/ILSVRC2012_val_00041180.JPEG
607,Midjourney,9690,GenImage_test/Midjourney/test/nature/ILSVRC2012_val_00014939.JPEG
607,Midjourney,9691,GenImage_test/Midjourney/test/nature/ILSVRC2012_val_00000597.JPEG
607,Midjourney,9692,GenImage_test/Midjourney/test/nature/ILSVRC2012_val_00040049.JPEG
607,Midjourney,9693,GenImage_test/Midjourney/test/ai/866_midjourney_34.png
607,Midjourney,9694,GenImage_test/Midjourney/test/nature/ILSVRC2012_val_00022433.JPEG
607,Midjourney,9695,GenImage_test/Midjourney/test/ai/200_midjourney_198.png
607,Midjourney,9696,GenImage_test/Midjourney/test/nature/ILSVRC2012_val_00002782.JPEG
607,Midjourney,9697,GenImage_test/Midjourney/test/nature/ILSVRC2012_val_00039850.JPEG
607,Midjourney,9698,GenImage_test/Midjourney/test/ai/781_midjourney_100.png
607,Midjourney,9699,GenImage_test/Midjourney/test/nature/ILSVRC2012_val_00025829.JPEG
607,Midjourney,9700,GenImage_test/Midjourney/test/ai/607_midjourney_100.png
607,Midjourney,9701,GenImage_test/Midjourney/test/nature/ILSVRC2012_val_00021860.JPEG
607,Midjourney,9702,GenImage_test/Midjourney/test/nature/ILSVRC2012_val_00013782.JPEG
607,Midjourney,9703,GenImage_test/Midjourney/test/ai/352_midjourney_197.png
608,Midjourney,9704,GenImage_test/Midjourney/test/nature/ILSVRC2012_val_00010673.JPEG
608,Midjourney,9705,GenImage_test/Midjourney/test/ai/80_midjourney_198.png
608,Midjourney,9706,GenImage_test/Midjourney/test/ai/136_midjourney_198.png
608,Midjourney,9707,GenImage_test/Midjourney/test/ai/554_midjourney_100.png
608,Midjourney,9708,GenImage_test/Midjourney/test/nature/ILSVRC2012_val_00013356.JPEG
608,Midjourney,9709,GenImage_test/Midjourney/test/ai/350_midjourney_100.png
608,Midjourney,9710,GenImage_test/Midjourney/test/ai/571_midjourney_34.png
608,Midjourney,9711,GenImage_test/Midjourney/test/nature/ILSVRC2012_val_00010955.JPEG
608,Midjourney,9712,GenImage_test/Midjourney/test/nature/ILSVRC2012_val_00041219.JPEG
608,Midjourney,9713,GenImage_test/Midjourney/test/ai/995_midjourney_169.png
608,Midjourney,9714,GenImage_test/Midjourney/test/ai/758_midjourney_198.png
608,Midjourney,9715,GenImage_test/Midjourney/test/ai/19_midjourney_100.png
608,Midjourney,9716,GenImage_test/Midjourney/test/ai/438_midjourney_88.png
608,Midjourney,9717,GenImage_test/Midjourney/test/ai/923_midjourney_100.png
608,Midjourney,9718,GenImage_test/Midjourney/test/ai/109_midjourney_198.png
608,Midjourney,9719,GenImage_test/Midjourney/test/ai/281_midjourney_169.png
609,Midjourney,9720,GenImage_test/Midjourney/test/nature/ILSVRC2012_val_00017527.JPEG
609,Midjourney,9721,GenImage_test/Midjourney/test/nature/ILSVRC2012_val_00010240.JPEG
609,Midjourney,9722,GenImage_test/Midjourney/test/nature/ILSVRC2012_val_00021669.JPEG
609,Midjourney,9723,GenImage_test/Midjourney/test/ai/305_midjourney_197.png
609,Midjourney,9724,GenImage_test/Midjourney/test/nature/ILSVRC2012_val_00016218.JPEG
609,Midjourney,9725,GenImage_test/Midjourney/test/ai/756_midjourney_169.png
609,Midjourney,9726,GenImage_test/Midjourney/test/nature/ILSVRC2012_val_00041410.JPEG
609,Midjourney,9727,GenImage_test/Midjourney/test/nature/ILSVRC2012_val_00002513.JPEG
609,Midjourney,9728,GenImage_test/Midjourney/test/nature/ILSVRC2012_val_00024887.JPEG
609,Midjourney,9729,GenImage_test/Midjourney/test/ai/224_midjourney_88.png
609,Midjourney,9730,GenImage_test/Midjourney/test/nature/ILSVRC2012_val_00041879.JPEG
609,Midjourney,9731,GenImage_test/Midjourney/test/nature/ILSVRC2012_val_00048011.JPEG
609,Midjourney,9732,GenImage_test/Midjourney/test/ai/349_midjourney_169.png
609,Midjourney,9733,GenImage_test/Midjourney/test/nature/ILSVRC2012_val_00011188.JPEG
609,Midjourney,9734,GenImage_test/Midjourney/test/ai/580_midjourney_100.png
609,Midjourney,9735,GenImage_test/Midjourney/test/nature/ILSVRC2012_val_00047337.JPEG
610,Midjourney,9736,GenImage_test/Midjourney/test/ai/127_midjourney_169.png
610,Midjourney,9737,GenImage_test/Midjourney/test/ai/959_midjourney_169.png
610,Midjourney,9738,GenImage_test/Midjourney/test/nature/ILSVRC2012_val_00012284.JPEG
610,Midjourney,9739,GenImage_test/Midjourney/test/nature/ILSVRC2012_val_00044936.JPEG
610,Midjourney,9740,GenImage_test/Midjourney/test/ai/399_midjourney_34.png
610,Midjourney,9741,GenImage_test/Midjourney/test/nature/ILSVRC2012_val_00012967.JPEG
610,Midjourney,9742,GenImage_test/Midjourney/test/ai/708_midjourney_198.png
610,Midjourney,9743,GenImage_test/Midjourney/test/nature/ILSVRC2012_val_00032870.JPEG
610,Midjourney,9744,GenImage_test/Midjourney/test/nature/ILSVRC2012_val_00049032.JPEG
610,Midjourney,9745,GenImage_test/Midjourney/test/ai/987_midjourney_169.png
610,Midjourney,9746,GenImage_test/Midjourney/test/nature/ILSVRC2012_val_00030333.JPEG
610,Midjourney,9747,GenImage_test/Midjourney/test/ai/872_midjourney_34.png
610,Midjourney,9748,GenImage_test/Midjourney/test/nature/ILSVRC2012_val_00040797.JPEG
610,Midjourney,9749,GenImage_test/Midjourney/test/nature/ILSVRC2012_val_00032569.JPEG
610,Midjourney,9750,GenImage_test/Midjourney/test/ai/219_midjourney_169.png
610,Midjourney,9751,GenImage_test/Midjourney/test/ai/276_midjourney_34.png
611,Midjourney,9752,GenImage_test/Midjourney/test/nature/ILSVRC2012_val_00022126.JPEG
611,Midjourney,9753,GenImage_test/Midjourney/test/nature/ILSVRC2012_val_00022864.JPEG
611,Midjourney,9754,GenImage_test/Midjourney/test/ai/109_midjourney_100.png
611,Midjourney,9755,GenImage_test/Midjourney/test/ai/410_midjourney_198.png
611,Midjourney,9756,GenImage_test/Midjourney/test/nature/ILSVRC2012_val_00036930.JPEG
611,Midjourney,9757,GenImage_test/Midjourney/test/ai/912_midjourney_198.png
611,Midjourney,9758,GenImage_test/Midjourney/test/nature/ILSVRC2012_val_00003642.JPEG
611,Midjourney,9759,GenImage_test/Midjourney/test/ai/652_midjourney_197.png
611,Midjourney,9760,GenImage_test/Midjourney/test/ai/387_midjourney_169.png
611,Midjourney,9761,GenImage_test/Midjourney/test/nature/ILSVRC2012_val_00013337.JPEG
611,Midjourney,9762,GenImage_test/Midjourney/test/nature/ILSVRC2012_val_00012968.JPEG
611,Midjourney,9763,GenImage_test/Midjourney/test/nature/ILSVRC2012_val_00044060.JPEG
611,Midjourney,9764,GenImage_test/Midjourney/test/ai/756_midjourney_198.png
611,Midjourney,9765,GenImage_test/Midjourney/test/nature/ILSVRC2012_val_00025861.JPEG
611,Midjourney,9766,GenImage_test/Midjourney/test/ai/161_midjourney_198.png
611,Midjourney,9767,GenImage_test/Midjourney/test/ai/606_midjourney_34.png
612,Midjourney,9768,GenImage_test/Midjourney/test/nature/ILSVRC2012_val_00040633.JPEG
612,Midjourney,9769,GenImage_test/Midjourney/test/ai/411_midjourney_198.png
612,Midjourney,9770,GenImage_test/Midjourney/test/nature/ILSVRC2012_val_00030166.JPEG
612,Midjourney,9771,GenImage_test/Midjourney/test/ai/356_midjourney_100.png
612,Midjourney,9772,GenImage_test/Midjourney/test/nature/ILSVRC2012_val_00014225.JPEG
612,Midjourney,9773,GenImage_test/Midjourney/test/ai/593_midjourney_197.png
612,Midjourney,9774,GenImage_test/Midjourney/test/ai/142_midjourney_34.png
612,Midjourney,9775,GenImage_test/Midjourney/test/nature/ILSVRC2012_val_00029612.JPEG
612,Midjourney,9776,GenImage_test/Midjourney/test/nature/ILSVRC2012_val_00031318.JPEG
612,Midjourney,9777,GenImage_test/Midjourney/test/ai/96_midjourney_197.png
612,Midjourney,9778,GenImage_test/Midjourney/test/nature/ILSVRC2012_val_00011015.JPEG
612,Midjourney,9779,GenImage_test/Midjourney/test/ai/536_midjourney_100.png
612,Midjourney,9780,GenImage_test/Midjourney/test/nature/ILSVRC2012_val_00023388.JPEG
612,Midjourney,9781,GenImage_test/Midjourney/test/nature/ILSVRC2012_val_00011341.JPEG
612,Midjourney,9782,GenImage_test/Midjourney/test/ai/546_midjourney_34.png
612,Midjourney,9783,GenImage_test/Midjourney/test/ai/329_midjourney_100.png
613,Midjourney,9784,GenImage_test/Midjourney/test/nature/ILSVRC2012_val_00047253.JPEG
613,Midjourney,9785,GenImage_test/Midjourney/test/nature/ILSVRC2012_val_00018233.JPEG
613,Midjourney,9786,GenImage_test/Midjourney/test/nature/ILSVRC2012_val_00020961.JPEG
613,Midjourney,9787,GenImage_test/Midjourney/test/ai/989_midjourney_198.png
613,Midjourney,9788,GenImage_test/Midjourney/test/nature/ILSVRC2012_val_00016396.JPEG
613,Midjourney,9789,GenImage_test/Midjourney/test/nature/ILSVRC2012_val_00049777.JPEG
613,Midjourney,9790,GenImage_test/Midjourney/test/nature/ILSVRC2012_val_00028908.JPEG
613,Midjourney,9791,GenImage_test/Midjourney/test/ai/520_midjourney_34.png
613,Midjourney,9792,GenImage_test/Midjourney/test/nature/ILSVRC2012_val_00026780.JPEG
613,Midjourney,9793,GenImage_test/Midjourney/test/ai/646_midjourney_88.png
613,Midjourney,9794,GenImage_test/Midjourney/test/nature/ILSVRC2012_val_00004527.JPEG
613,Midjourney,9795,GenImage_test/Midjourney/test/ai/996_midjourney_34.png
613,Midjourney,9796,GenImage_test/Midjourney/test/ai/643_midjourney_198.png
613,Midjourney,9797,GenImage_test/Midjourney/test/nature/ILSVRC2012_val_00023573.JPEG
613,Midjourney,9798,GenImage_test/Midjourney/test/ai/938_midjourney_34.png
613,Midjourney,9799,GenImage_test/Midjourney/test/nature/ILSVRC2012_val_00000918.JPEG
614,Midjourney,9800,GenImage_test/Midjourney/test/ai/701_midjourney_88.png
614,Midjourney,9801,GenImage_test/Midjourney/test/ai/160_midjourney_34.png
614,Midjourney,9802,GenImage_test/Midjourney/test/nature/ILSVRC2012_val_00037494.JPEG
614,Midjourney,9803,GenImage_test/Midjourney/test/ai/886_midjourney_197.png
614,Midjourney,9804,GenImage_test/Midjourney/test/ai/219_midjourney_197.png
614,Midjourney,9805,GenImage_test/Midjourney/test/nature/ILSVRC2012_val_00004373.JPEG
614,Midjourney,9806,GenImage_test/Midjourney/test/ai/945_midjourney_198.png
614,Midjourney,9807,GenImage_test/Midjourney/test/nature/ILSVRC2012_val_00023555.JPEG
614,Midjourney,9808,GenImage_test/Midjourney/test/ai/364_midjourney_198.png
614,Midjourney,9809,GenImage_test/Midjourney/test/nature/ILSVRC2012_val_00031563.JPEG
614,Midjourney,9810,GenImage_test/Midjourney/test/ai/123_midjourney_88.png
614,Midjourney,9811,GenImage_test/Midjourney/test/ai/713_midjourney_34.png
614,Midjourney,9812,GenImage_test/Midjourney/test/nature/ILSVRC2012_val_00008555.JPEG
614,Midjourney,9813,GenImage_test/Midjourney/test/ai/291_midjourney_34.png
614,Midjourney,9814,GenImage_test/Midjourney/test/nature/ILSVRC2012_val_00009086.JPEG
614,Midjourney,9815,GenImage_test/Midjourney/test/ai/124_midjourney_88.png
615,Midjourney,9816,GenImage_test/Midjourney/test/nature/ILSVRC2012_val_00029306.JPEG
615,Midjourney,9817,GenImage_test/Midjourney/test/nature/ILSVRC2012_val_00021196.JPEG
615,Midjourney,9818,GenImage_test/Midjourney/test/ai/932_midjourney_88.png
615,Midjourney,9819,GenImage_test/Midjourney/test/ai/357_midjourney_198.png
615,Midjourney,9820,GenImage_test/Midjourney/test/ai/221_midjourney_169.png
615,Midjourney,9821,GenImage_test/Midjourney/test/ai/554_midjourney_88.png
615,Midjourney,9822,GenImage_test/Midjourney/test/nature/ILSVRC2012_val_00002431.JPEG
615,Midjourney,9823,GenImage_test/Midjourney/test/ai/484_midjourney_169.png
615,Midjourney,9824,GenImage_test/Midjourney/test/ai/540_midjourney_169.png
615,Midjourney,9825,GenImage_test/Midjourney/test/nature/ILSVRC2012_val_00017385.JPEG
615,Midjourney,9826,GenImage_test/Midjourney/test/nature/ILSVRC2012_val_00018797.JPEG
615,Midjourney,9827,GenImage_test/Midjourney/test/nature/ILSVRC2012_val_00024101.JPEG
615,Midjourney,9828,GenImage_test/Midjourney/test/ai/128_midjourney_34.png
615,Midjourney,9829,GenImage_test/Midjourney/test/nature/ILSVRC2012_val_00007288.JPEG
615,Midjourney,9830,GenImage_test/Midjourney/test/nature/ILSVRC2012_val_00000284.JPEG
615,Midjourney,9831,GenImage_test/Midjourney/test/nature/ILSVRC2012_val_00041957.JPEG
616,Midjourney,9832,GenImage_test/Midjourney/test/ai/128_midjourney_100.png
616,Midjourney,9833,GenImage_test/Midjourney/test/nature/ILSVRC2012_val_00036853.JPEG
616,Midjourney,9834,GenImage_test/Midjourney/test/ai/841_midjourney_197.png
616,Midjourney,9835,GenImage_test/Midjourney/test/nature/ILSVRC2012_val_00016425.JPEG
616,Midjourney,9836,GenImage_test/Midjourney/test/nature/ILSVRC2012_val_00022008.JPEG
616,Midjourney,9837,GenImage_test/Midjourney/test/nature/ILSVRC2012_val_00004871.JPEG
616,Midjourney,9838,GenImage_test/Midjourney/test/nature/ILSVRC2012_val_00018202.JPEG
616,Midjourney,9839,GenImage_test/Midjourney/test/nature/ILSVRC2012_val_00013298.JPEG
616,Midjourney,9840,GenImage_test/Midjourney/test/nature/ILSVRC2012_val_00028043.JPEG
616,Midjourney,9841,GenImage_test/Midjourney/test/ai/937_midjourney_197.png
616,Midjourney,9842,GenImage_test/Midjourney/test/ai/752_midjourney_88.png
616,Midjourney,9843,GenImage_test/Midjourney/test/nature/ILSVRC2012_val_00024117.JPEG
616,Midjourney,9844,GenImage_test/Midjourney/test/nature/ILSVRC2012_val_00049483.JPEG
616,Midjourney,9845,GenImage_test/Midjourney/test/nature/ILSVRC2012_val_00026513.JPEG
616,Midjourney,9846,GenImage_test/Midjourney/test/nature/ILSVRC2012_val_00037557.JPEG
616,Midjourney,9847,GenImage_test/Midjourney/test/ai/254_midjourney_197.png
617,Midjourney,9848,GenImage_test/Midjourney/test/nature/ILSVRC2012_val_00011487.JPEG
617,Midjourney,9849,GenImage_test/Midjourney/test/nature/ILSVRC2012_val_00020680.JPEG
617,Midjourney,9850,GenImage_test/Midjourney/test/ai/38_midjourney_169.png
617,Midjourney,9851,GenImage_test/Midjourney/test/ai/46_midjourney_34.png
617,Midjourney,9852,GenImage_test/Midjourney/test/ai/735_midjourney_88.png
617,Midjourney,9853,GenImage_test/Midjourney/test/nature/ILSVRC2012_val_00049626.JPEG
617,Midjourney,9854,GenImage_test/Midjourney/test/nature/ILSVRC2012_val_00031216.JPEG
617,Midjourney,9855,GenImage_test/Midjourney/test/nature/ILSVRC2012_val_00009365.JPEG
617,Midjourney,9856,GenImage_test/Midjourney/test/nature/ILSVRC2012_val_00014891.JPEG
617,Midjourney,9857,GenImage_test/Midjourney/test/ai/10_midjourney_88.png
617,Midjourney,9858,GenImage_test/Midjourney/test/nature/ILSVRC2012_val_00016479.JPEG
617,Midjourney,9859,GenImage_test/Midjourney/test/nature/ILSVRC2012_val_00049611.JPEG
617,Midjourney,9860,GenImage_test/Midjourney/test/nature/ILSVRC2012_val_00018213.JPEG
617,Midjourney,9861,GenImage_test/Midjourney/test/nature/ILSVRC2012_val_00044128.JPEG
617,Midjourney,9862,GenImage_test/Midjourney/test/ai/270_midjourney_100.png
617,Midjourney,9863,GenImage_test/Midjourney/test/ai/740_midjourney_100.png
618,Midjourney,9864,GenImage_test/Midjourney/test/nature/ILSVRC2012_val_00015638.JPEG
618,Midjourney,9865,GenImage_test/Midjourney/test/nature/ILSVRC2012_val_00049222.JPEG
618,Midjourney,9866,GenImage_test/Midjourney/test/nature/ILSVRC2012_val_00017823.JPEG
618,Midjourney,9867,GenImage_test/Midjourney/test/ai/45_midjourney_34.png
618,Midjourney,9868,GenImage_test/Midjourney/test/ai/515_midjourney_88.png
618,Midjourney,9869,GenImage_test/Midjourney/test/ai/693_midjourney_169.png
618,Midjourney,9870,GenImage_test/Midjourney/test/nature/ILSVRC2012_val_00018218.JPEG
618,Midjourney,9871,GenImage_test/Midjourney/test/ai/700_midjourney_88.png
618,Midjourney,9872,GenImage_test/Midjourney/test/ai/633_midjourney_169.png
618,Midjourney,9873,GenImage_test/Midjourney/test/ai/107_midjourney_100.png
618,Midjourney,9874,GenImage_test/Midjourney/test/nature/ILSVRC2012_val_00044630.JPEG
618,Midjourney,9875,GenImage_test/Midjourney/test/ai/748_midjourney_169.png
618,Midjourney,9876,GenImage_test/Midjourney/test/ai/957_midjourney_198.png
618,Midjourney,9877,GenImage_test/Midjourney/test/nature/ILSVRC2012_val_00047401.JPEG
618,Midjourney,9878,GenImage_test/Midjourney/test/nature/ILSVRC2012_val_00025376.JPEG
618,Midjourney,9879,GenImage_test/Midjourney/test/ai/922_midjourney_169.png
619,Midjourney,9880,GenImage_test/Midjourney/test/ai/274_midjourney_198.png
619,Midjourney,9881,GenImage_test/Midjourney/test/nature/ILSVRC2012_val_00017151.JPEG
619,Midjourney,9882,GenImage_test/Midjourney/test/nature/ILSVRC2012_val_00025232.JPEG
619,Midjourney,9883,GenImage_test/Midjourney/test/ai/465_midjourney_198.png
619,Midjourney,9884,GenImage_test/Midjourney/test/ai/384_midjourney_100.png
619,Midjourney,9885,GenImage_test/Midjourney/test/ai/213_midjourney_198.png
619,Midjourney,9886,GenImage_test/Midjourney/test/nature/ILSVRC2012_val_00014802.JPEG
619,Midjourney,9887,GenImage_test/Midjourney/test/ai/765_midjourney_100.png
619,Midjourney,9888,GenImage_test/Midjourney/test/nature/ILSVRC2012_val_00000888.JPEG
619,Midjourney,9889,GenImage_test/Midjourney/test/ai/306_midjourney_197.png
619,Midjourney,9890,GenImage_test/Midjourney/test/ai/721_midjourney_198.png
619,Midjourney,9891,GenImage_test/Midjourney/test/ai/275_midjourney_34.png
619,Midjourney,9892,GenImage_test/Midjourney/test/ai/881_midjourney_34.png
619,Midjourney,9893,GenImage_test/Midjourney/test/nature/ILSVRC2012_val_00007351.JPEG
619,Midjourney,9894,GenImage_test/Midjourney/test/nature/ILSVRC2012_val_00049115.JPEG
619,Midjourney,9895,GenImage_test/Midjourney/test/ai/825_midjourney_100.png
620,Midjourney,9896,GenImage_test/Midjourney/test/ai/89_midjourney_100.png
620,Midjourney,9897,GenImage_test/Midjourney/test/nature/ILSVRC2012_val_00006040.JPEG
620,Midjourney,9898,GenImage_test/Midjourney/test/ai/291_midjourney_169.png
620,Midjourney,9899,GenImage_test/Midjourney/test/ai/810_midjourney_34.png
620,Midjourney,9900,GenImage_test/Midjourney/test/nature/ILSVRC2012_val_00002252.JPEG
620,Midjourney,9901,GenImage_test/Midjourney/test/ai/891_midjourney_169.png
620,Midjourney,9902,GenImage_test/Midjourney/test/nature/ILSVRC2012_val_00008386.JPEG
620,Midjourney,9903,GenImage_test/Midjourney/test/ai/634_midjourney_88.png
620,Midjourney,9904,GenImage_test/Midjourney/test/nature/ILSVRC2012_val_00026484.JPEG
620,Midjourney,9905,GenImage_test/Midjourney/test/nature/ILSVRC2012_val_00045588.JPEG
620,Midjourney,9906,GenImage_test/Midjourney/test/ai/835_midjourney_88.png
620,Midjourney,9907,GenImage_test/Midjourney/test/ai/984_midjourney_100.png
620,Midjourney,9908,GenImage_test/Midjourney/test/nature/ILSVRC2012_val_00040373.JPEG
620,Midjourney,9909,GenImage_test/Midjourney/test/nature/ILSVRC2012_val_00005157.JPEG
620,Midjourney,9910,GenImage_test/Midjourney/test/nature/ILSVRC2012_val_00041665.JPEG
620,Midjourney,9911,GenImage_test/Midjourney/test/ai/615_midjourney_198.png
621,Midjourney,9912,GenImage_test/Midjourney/test/nature/ILSVRC2012_val_00034233.JPEG
621,Midjourney,9913,GenImage_test/Midjourney/test/ai/704_midjourney_169.png
621,Midjourney,9914,GenImage_test/Midjourney/test/ai/227_midjourney_100.png
621,Midjourney,9915,GenImage_test/Midjourney/test/ai/295_midjourney_100.png
621,Midjourney,9916,GenImage_test/Midjourney/test/ai/771_midjourney_100.png
621,Midjourney,9917,GenImage_test/Midjourney/test/ai/130_midjourney_198.png
621,Midjourney,9918,GenImage_test/Midjourney/test/ai/231_midjourney_198.png
621,Midjourney,9919,GenImage_test/Midjourney/test/ai/174_midjourney_88.png
621,Midjourney,9920,GenImage_test/Midjourney/test/ai/78_midjourney_198.png
621,Midjourney,9921,GenImage_test/Midjourney/test/ai/877_midjourney_169.png
621,Midjourney,9922,GenImage_test/Midjourney/test/nature/ILSVRC2012_val_00020203.JPEG
621,Midjourney,9923,GenImage_test/Midjourney/test/nature/ILSVRC2012_val_00049440.JPEG
621,Midjourney,9924,GenImage_test/Midjourney/test/nature/ILSVRC2012_val_00014248.JPEG
621,Midjourney,9925,GenImage_test/Midjourney/test/ai/26_midjourney_198.png
621,Midjourney,9926,GenImage_test/Midjourney/test/ai/764_midjourney_34.png
621,Midjourney,9927,GenImage_test/Midjourney/test/nature/ILSVRC2012_val_00012075.JPEG
622,Midjourney,9928,GenImage_test/Midjourney/test/ai/47_midjourney_198.png
622,Midjourney,9929,GenImage_test/Midjourney/test/ai/610_midjourney_88.png
622,Midjourney,9930,GenImage_test/Midjourney/test/nature/ILSVRC2012_val_00042149.JPEG
622,Midjourney,9931,GenImage_test/Midjourney/test/ai/222_midjourney_100.png
622,Midjourney,9932,GenImage_test/Midjourney/test/nature/ILSVRC2012_val_00022471.JPEG
622,Midjourney,9933,GenImage_test/Midjourney/test/nature/ILSVRC2012_val_00043628.JPEG
622,Midjourney,9934,GenImage_test/Midjourney/test/ai/479_midjourney_169.png
622,Midjourney,9935,GenImage_test/Midjourney/test/ai/312_midjourney_198.png
622,Midjourney,9936,GenImage_test/Midjourney/test/nature/ILSVRC2012_val_00012724.JPEG
622,Midjourney,9937,GenImage_test/Midjourney/test/nature/ILSVRC2012_val_00033827.JPEG
622,Midjourney,9938,GenImage_test/Midjourney/test/ai/979_midjourney_88.png
622,Midjourney,9939,GenImage_test/Midjourney/test/ai/815_midjourney_100.png
622,Midjourney,9940,GenImage_test/Midjourney/test/ai/421_midjourney_198.png
622,Midjourney,9941,GenImage_test/Midjourney/test/ai/671_midjourney_198.png
622,Midjourney,9942,GenImage_test/Midjourney/test/nature/ILSVRC2012_val_00040597.JPEG
622,Midjourney,9943,GenImage_test/Midjourney/test/nature/ILSVRC2012_val_00045093.JPEG
623,Midjourney,9944,GenImage_test/Midjourney/test/nature/ILSVRC2012_val_00020435.JPEG
623,Midjourney,9945,GenImage_test/Midjourney/test/nature/ILSVRC2012_val_00044057.JPEG
623,Midjourney,9946,GenImage_test/Midjourney/test/nature/ILSVRC2012_val_00034958.JPEG
623,Midjourney,9947,GenImage_test/Midjourney/test/ai/139_midjourney_169.png
623,Midjourney,9948,GenImage_test/Midjourney/test/ai/257_midjourney_198.png
623,Midjourney,9949,GenImage_test/Midjourney/test/ai/535_midjourney_100.png
623,Midjourney,9950,GenImage_test/Midjourney/test/nature/ILSVRC2012_val_00001740.JPEG
623,Midjourney,9951,GenImage_test/Midjourney/test/ai/455_midjourney_198.png
623,Midjourney,9952,GenImage_test/Midjourney/test/nature/ILSVRC2012_val_00010771.JPEG
623,Midjourney,9953,GenImage_test/Midjourney/test/nature/ILSVRC2012_val_00022544.JPEG
623,Midjourney,9954,GenImage_test/Midjourney/test/ai/947_midjourney_197.png
623,Midjourney,9955,GenImage_test/Midjourney/test/ai/665_midjourney_88.png
623,Midjourney,9956,GenImage_test/Midjourney/test/nature/ILSVRC2012_val_00039207.JPEG
623,Midjourney,9957,GenImage_test/Midjourney/test/ai/220_midjourney_100.png
623,Midjourney,9958,GenImage_test/Midjourney/test/ai/444_midjourney_197.png
623,Midjourney,9959,GenImage_test/Midjourney/test/ai/851_midjourney_34.png
624,Midjourney,9960,GenImage_test/Midjourney/test/ai/818_midjourney_169.png
624,Midjourney,9961,GenImage_test/Midjourney/test/ai/850_midjourney_34.png
624,Midjourney,9962,GenImage_test/Midjourney/test/ai/828_midjourney_198.png
624,Midjourney,9963,GenImage_test/Midjourney/test/nature/ILSVRC2012_val_00000712.JPEG
624,Midjourney,9964,GenImage_test/Midjourney/test/nature/ILSVRC2012_val_00008844.JPEG
624,Midjourney,9965,GenImage_test/Midjourney/test/ai/394_midjourney_198.png
624,Midjourney,9966,GenImage_test/Midjourney/test/ai/138_midjourney_169.png
624,Midjourney,9967,GenImage_test/Midjourney/test/nature/ILSVRC2012_val_00049957.JPEG
624,Midjourney,9968,GenImage_test/Midjourney/test/ai/861_midjourney_88.png
624,Midjourney,9969,GenImage_test/Midjourney/test/ai/946_midjourney_100.png
624,Midjourney,9970,GenImage_test/Midjourney/test/ai/456_midjourney_169.png
624,Midjourney,9971,GenImage_test/Midjourney/test/nature/ILSVRC2012_val_00007895.JPEG
624,Midjourney,9972,GenImage_test/Midjourney/test/ai/692_midjourney_169.png
624,Midjourney,9973,GenImage_test/Midjourney/test/nature/ILSVRC2012_val_00044343.JPEG
624,Midjourney,9974,GenImage_test/Midjourney/test/ai/145_midjourney_34.png
624,Midjourney,9975,GenImage_test/Midjourney/test/nature/ILSVRC2012_val_00003953.JPEG
625,Midjourney,9976,GenImage_test/Midjourney/test/ai/253_midjourney_169.png
625,Midjourney,9977,GenImage_test/Midjourney/test/ai/710_midjourney_88.png
625,Midjourney,9978,GenImage_test/Midjourney/test/nature/ILSVRC2012_val_00047358.JPEG
625,Midjourney,9979,GenImage_test/Midjourney/test/ai/270_midjourney_198.png
625,Midjourney,9980,GenImage_test/Midjourney/test/ai/76_midjourney_197.png
625,Midjourney,9981,GenImage_test/Midjourney/test/ai/390_midjourney_169.png
625,Midjourney,9982,GenImage_test/Midjourney/test/ai/79_midjourney_169.png
625,Midjourney,9983,GenImage_test/Midjourney/test/ai/793_midjourney_88.png
625,Midjourney,9984,GenImage_test/Midjourney/test/ai/672_midjourney_88.png
625,Midjourney,9985,GenImage_test/Midjourney/test/ai/731_midjourney_34.png
625,Midjourney,9986,GenImage_test/Midjourney/test/ai/21_midjourney_197.png
625,Midjourney,9987,GenImage_test/Midjourney/test/ai/13_midjourney_88.png
625,Midjourney,9988,GenImage_test/Midjourney/test/nature/ILSVRC2012_val_00040769.JPEG
625,Midjourney,9989,GenImage_test/Midjourney/test/nature/ILSVRC2012_val_00039644.JPEG
625,Midjourney,9990,GenImage_test/Midjourney/test/ai/302_midjourney_198.png
625,Midjourney,9991,GenImage_test/Midjourney/test/ai/572_midjourney_34.png
626,Midjourney,9992,GenImage_test/Midjourney/test/nature/ILSVRC2012_val_00040344.JPEG
626,Midjourney,9993,GenImage_test/Midjourney/test/ai/516_midjourney_88.png
626,Midjourney,9994,GenImage_test/Midjourney/test/ai/3_midjourney_100.png
626,Midjourney,9995,GenImage_test/Midjourney/test/ai/957_midjourney_100.png
626,Midjourney,9996,GenImage_test/Midjourney/test/ai/381_midjourney_169.png
626,Midjourney,9997,GenImage_test/Midjourney/test/ai/625_midjourney_198.png
626,Midjourney,9998,GenImage_test/Midjourney/test/ai/293_midjourney_198.png
626,Midjourney,9999,GenImage_test/Midjourney/test/nature/ILSVRC2012_val_00022248.JPEG
626,Midjourney,10000,GenImage_test/Midjourney/test/ai/930_midjourney_88.png
626,Midjourney,10001,GenImage_test/Midjourney/test/ai/719_midjourney_197.png
626,Midjourney,10002,GenImage_test/Midjourney/test/ai/71_midjourney_100.png
626,Midjourney,10003,GenImage_test/Midjourney/test/nature/ILSVRC2012_val_00039196.JPEG
626,Midjourney,10004,GenImage_test/Midjourney/test/nature/ILSVRC2012_val_00009073.JPEG
626,Midjourney,10005,GenImage_test/Midjourney/test/nature/ILSVRC2012_val_00030113.JPEG
626,Midjourney,10006,GenImage_test/Midjourney/test/nature/ILSVRC2012_val_00030088.JPEG
626,Midjourney,10007,GenImage_test/Midjourney/test/ai/604_midjourney_197.png
627,Midjourney,10008,GenImage_test/Midjourney/test/ai/533_midjourney_197.png
627,Midjourney,10009,GenImage_test/Midjourney/test/nature/ILSVRC2012_val_00003697.JPEG
627,Midjourney,10010,GenImage_test/Midjourney/test/ai/2_midjourney_197.png
627,Midjourney,10011,GenImage_test/Midjourney/test/nature/ILSVRC2012_val_00005197.JPEG
627,Midjourney,10012,GenImage_test/Midjourney/test/nature/ILSVRC2012_val_00045574.JPEG
627,Midjourney,10013,GenImage_test/Midjourney/test/nature/ILSVRC2012_val_00019738.JPEG
627,Midjourney,10014,GenImage_test/Midjourney/test/nature/ILSVRC2012_val_00030679.JPEG
627,Midjourney,10015,GenImage_test/Midjourney/test/ai/744_midjourney_197.png
627,Midjourney,10016,GenImage_test/Midjourney/test/ai/825_midjourney_197.png
627,Midjourney,10017,GenImage_test/Midjourney/test/nature/ILSVRC2012_val_00026389.JPEG
627,Midjourney,10018,GenImage_test/Midjourney/test/nature/ILSVRC2012_val_00014544.JPEG
627,Midjourney,10019,GenImage_test/Midjourney/test/nature/ILSVRC2012_val_00043895.JPEG
627,Midjourney,10020,GenImage_test/Midjourney/test/ai/21_midjourney_88.png
627,Midjourney,10021,GenImage_test/Midjourney/test/ai/551_midjourney_100.png
627,Midjourney,10022,GenImage_test/Midjourney/test/ai/159_midjourney_88.png
627,Midjourney,10023,GenImage_test/Midjourney/test/nature/ILSVRC2012_val_00009530.JPEG
628,Midjourney,10024,GenImage_test/Midjourney/test/ai/703_midjourney_88.png
628,Midjourney,10025,GenImage_test/Midjourney/test/ai/30_midjourney_197.png
628,Midjourney,10026,GenImage_test/Midjourney/test/nature/ILSVRC2012_val_00000688.JPEG
628,Midjourney,10027,GenImage_test/Midjourney/test/nature/ILSVRC2012_val_00021625.JPEG
628,Midjourney,10028,GenImage_test/Midjourney/test/ai/813_midjourney_198.png
628,Midjourney,10029,GenImage_test/Midjourney/test/nature/ILSVRC2012_val_00045098.JPEG
628,Midjourney,10030,GenImage_test/Midjourney/test/nature/ILSVRC2012_val_00022751.JPEG
628,Midjourney,10031,GenImage_test/Midjourney/test/nature/ILSVRC2012_val_00014683.JPEG
628,Midjourney,10032,GenImage_test/Midjourney/test/nature/ILSVRC2012_val_00010015.JPEG
628,Midjourney,10033,GenImage_test/Midjourney/test/nature/ILSVRC2012_val_00042274.JPEG
628,Midjourney,10034,GenImage_test/Midjourney/test/nature/ILSVRC2012_val_00031016.JPEG
628,Midjourney,10035,GenImage_test/Midjourney/test/ai/733_midjourney_198.png
628,Midjourney,10036,GenImage_test/Midjourney/test/nature/ILSVRC2012_val_00032340.JPEG
628,Midjourney,10037,GenImage_test/Midjourney/test/nature/ILSVRC2012_val_00012267.JPEG
628,Midjourney,10038,GenImage_test/Midjourney/test/nature/ILSVRC2012_val_00038978.JPEG
628,Midjourney,10039,GenImage_test/Midjourney/test/nature/ILSVRC2012_val_00017365.JPEG
629,Midjourney,10040,GenImage_test/Midjourney/test/ai/138_midjourney_88.png
629,Midjourney,10041,GenImage_test/Midjourney/test/nature/ILSVRC2012_val_00015684.JPEG
629,Midjourney,10042,GenImage_test/Midjourney/test/ai/574_midjourney_100.png
629,Midjourney,10043,GenImage_test/Midjourney/test/ai/630_midjourney_197.png
629,Midjourney,10044,GenImage_test/Midjourney/test/nature/ILSVRC2012_val_00025863.JPEG
629,Midjourney,10045,GenImage_test/Midjourney/test/nature/ILSVRC2012_val_00021406.JPEG
629,Midjourney,10046,GenImage_test/Midjourney/test/nature/ILSVRC2012_val_00017143.JPEG
629,Midjourney,10047,GenImage_test/Midjourney/test/ai/53_midjourney_100.png
629,Midjourney,10048,GenImage_test/Midjourney/test/nature/ILSVRC2012_val_00013035.JPEG
629,Midjourney,10049,GenImage_test/Midjourney/test/nature/ILSVRC2012_val_00030769.JPEG
629,Midjourney,10050,GenImage_test/Midjourney/test/nature/ILSVRC2012_val_00025239.JPEG
629,Midjourney,10051,GenImage_test/Midjourney/test/nature/ILSVRC2012_val_00016548.JPEG
629,Midjourney,10052,GenImage_test/Midjourney/test/nature/ILSVRC2012_val_00021747.JPEG
629,Midjourney,10053,GenImage_test/Midjourney/test/ai/460_midjourney_197.png
629,Midjourney,10054,GenImage_test/Midjourney/test/ai/929_midjourney_198.png
629,Midjourney,10055,GenImage_test/Midjourney/test/nature/ILSVRC2012_val_00018390.JPEG
630,Midjourney,10056,GenImage_test/Midjourney/test/nature/ILSVRC2012_val_00049037.JPEG
630,Midjourney,10057,GenImage_test/Midjourney/test/nature/ILSVRC2012_val_00007287.JPEG
630,Midjourney,10058,GenImage_test/Midjourney/test/ai/799_midjourney_88.png
630,Midjourney,10059,GenImage_test/Midjourney/test/ai/207_midjourney_34.png
630,Midjourney,10060,GenImage_test/Midjourney/test/nature/ILSVRC2012_val_00023157.JPEG
630,Midjourney,10061,GenImage_test/Midjourney/test/ai/149_midjourney_169.png
630,Midjourney,10062,GenImage_test/Midjourney/test/ai/574_midjourney_198.png
630,Midjourney,10063,GenImage_test/Midjourney/test/ai/798_midjourney_88.png
630,Midjourney,10064,GenImage_test/Midjourney/test/ai/312_midjourney_88.png
630,Midjourney,10065,GenImage_test/Midjourney/test/nature/ILSVRC2012_val_00034998.JPEG
630,Midjourney,10066,GenImage_test/Midjourney/test/ai/634_midjourney_197.png
630,Midjourney,10067,GenImage_test/Midjourney/test/ai/689_midjourney_197.png
630,Midjourney,10068,GenImage_test/Midjourney/test/nature/ILSVRC2012_val_00046417.JPEG
630,Midjourney,10069,GenImage_test/Midjourney/test/ai/973_midjourney_100.png
630,Midjourney,10070,GenImage_test/Midjourney/test/ai/540_midjourney_100.png
630,Midjourney,10071,GenImage_test/Midjourney/test/nature/ILSVRC2012_val_00032227.JPEG
631,Midjourney,10072,GenImage_test/Midjourney/test/ai/538_midjourney_197.png
631,Midjourney,10073,GenImage_test/Midjourney/test/ai/673_midjourney_197.png
631,Midjourney,10074,GenImage_test/Midjourney/test/nature/ILSVRC2012_val_00038526.JPEG
631,Midjourney,10075,GenImage_test/Midjourney/test/ai/69_midjourney_197.png
631,Midjourney,10076,GenImage_test/Midjourney/test/ai/264_midjourney_34.png
631,Midjourney,10077,GenImage_test/Midjourney/test/ai/627_midjourney_169.png
631,Midjourney,10078,GenImage_test/Midjourney/test/ai/537_midjourney_88.png
631,Midjourney,10079,GenImage_test/Midjourney/test/ai/304_midjourney_88.png
631,Midjourney,10080,GenImage_test/Midjourney/test/ai/231_midjourney_34.png
631,Midjourney,10081,GenImage_test/Midjourney/test/ai/11_midjourney_198.png
631,Midjourney,10082,GenImage_test/Midjourney/test/nature/ILSVRC2012_val_00028831.JPEG
631,Midjourney,10083,GenImage_test/Midjourney/test/ai/377_midjourney_197.png
631,Midjourney,10084,GenImage_test/Midjourney/test/ai/591_midjourney_34.png
631,Midjourney,10085,GenImage_test/Midjourney/test/nature/ILSVRC2012_val_00036436.JPEG
631,Midjourney,10086,GenImage_test/Midjourney/test/nature/ILSVRC2012_val_00048962.JPEG
631,Midjourney,10087,GenImage_test/Midjourney/test/nature/ILSVRC2012_val_00044175.JPEG
632,Midjourney,10088,GenImage_test/Midjourney/test/ai/345_midjourney_197.png
632,Midjourney,10089,GenImage_test/Midjourney/test/ai/954_midjourney_100.png
632,Midjourney,10090,GenImage_test/Midjourney/test/nature/ILSVRC2012_val_00029269.JPEG
632,Midjourney,10091,GenImage_test/Midjourney/test/nature/ILSVRC2012_val_00014993.JPEG
632,Midjourney,10092,GenImage_test/Midjourney/test/nature/ILSVRC2012_val_00025537.JPEG
632,Midjourney,10093,GenImage_test/Midjourney/test/nature/ILSVRC2012_val_00006404.JPEG
632,Midjourney,10094,GenImage_test/Midjourney/test/ai/363_midjourney_100.png
632,Midjourney,10095,GenImage_test/Midjourney/test/ai/269_midjourney_198.png
632,Midjourney,10096,GenImage_test/Midjourney/test/ai/363_midjourney_198.png
632,Midjourney,10097,GenImage_test/Midjourney/test/nature/ILSVRC2012_val_00011645.JPEG
632,Midjourney,10098,GenImage_test/Midjourney/test/nature/ILSVRC2012_val_00018923.JPEG
632,Midjourney,10099,GenImage_test/Midjourney/test/nature/ILSVRC2012_val_00032874.JPEG
632,Midjourney,10100,GenImage_test/Midjourney/test/ai/3_midjourney_88.png
632,Midjourney,10101,GenImage_test/Midjourney/test/nature/ILSVRC2012_val_00004718.JPEG
632,Midjourney,10102,GenImage_test/Midjourney/test/nature/ILSVRC2012_val_00038293.JPEG
632,Midjourney,10103,GenImage_test/Midjourney/test/ai/248_midjourney_34.png
633,Midjourney,10104,GenImage_test/Midjourney/test/ai/323_midjourney_169.png
633,Midjourney,10105,GenImage_test/Midjourney/test/nature/ILSVRC2012_val_00042960.JPEG
633,Midjourney,10106,GenImage_test/Midjourney/test/ai/250_midjourney_197.png
633,Midjourney,10107,GenImage_test/Midjourney/test/ai/309_midjourney_34.png
633,Midjourney,10108,GenImage_test/Midjourney/test/ai/676_midjourney_34.png
633,Midjourney,10109,GenImage_test/Midjourney/test/nature/ILSVRC2012_val_00018231.JPEG
633,Midjourney,10110,GenImage_test/Midjourney/test/nature/ILSVRC2012_val_00003681.JPEG
633,Midjourney,10111,GenImage_test/Midjourney/test/nature/ILSVRC2012_val_00033944.JPEG
633,Midjourney,10112,GenImage_test/Midjourney/test/ai/755_midjourney_100.png
633,Midjourney,10113,GenImage_test/Midjourney/test/ai/578_midjourney_88.png
633,Midjourney,10114,GenImage_test/Midjourney/test/nature/ILSVRC2012_val_00010567.JPEG
633,Midjourney,10115,GenImage_test/Midjourney/test/ai/449_midjourney_100.png
633,Midjourney,10116,GenImage_test/Midjourney/test/nature/ILSVRC2012_val_00023178.JPEG
633,Midjourney,10117,GenImage_test/Midjourney/test/ai/967_midjourney_100.png
633,Midjourney,10118,GenImage_test/Midjourney/test/ai/97_midjourney_88.png
633,Midjourney,10119,GenImage_test/Midjourney/test/ai/697_midjourney_88.png
634,Midjourney,10120,GenImage_test/Midjourney/test/nature/ILSVRC2012_val_00029569.JPEG
634,Midjourney,10121,GenImage_test/Midjourney/test/nature/ILSVRC2012_val_00023750.JPEG
634,Midjourney,10122,GenImage_test/Midjourney/test/ai/896_midjourney_198.png
634,Midjourney,10123,GenImage_test/Midjourney/test/ai/933_midjourney_88.png
634,Midjourney,10124,GenImage_test/Midjourney/test/nature/ILSVRC2012_val_00015440.JPEG
634,Midjourney,10125,GenImage_test/Midjourney/test/nature/ILSVRC2012_val_00010720.JPEG
634,Midjourney,10126,GenImage_test/Midjourney/test/nature/ILSVRC2012_val_00046353.JPEG
634,Midjourney,10127,GenImage_test/Midjourney/test/nature/ILSVRC2012_val_00037347.JPEG
634,Midjourney,10128,GenImage_test/Midjourney/test/ai/194_midjourney_197.png
634,Midjourney,10129,GenImage_test/Midjourney/test/ai/356_midjourney_88.png
634,Midjourney,10130,GenImage_test/Midjourney/test/nature/ILSVRC2012_val_00010772.JPEG
634,Midjourney,10131,GenImage_test/Midjourney/test/nature/ILSVRC2012_val_00041889.JPEG
634,Midjourney,10132,GenImage_test/Midjourney/test/ai/139_midjourney_34.png
634,Midjourney,10133,GenImage_test/Midjourney/test/ai/132_midjourney_100.png
634,Midjourney,10134,GenImage_test/Midjourney/test/nature/ILSVRC2012_val_00032253.JPEG
634,Midjourney,10135,GenImage_test/Midjourney/test/nature/ILSVRC2012_val_00017662.JPEG
635,Midjourney,10136,GenImage_test/Midjourney/test/ai/76_midjourney_198.png
635,Midjourney,10137,GenImage_test/Midjourney/test/nature/ILSVRC2012_val_00042045.JPEG
635,Midjourney,10138,GenImage_test/Midjourney/test/nature/ILSVRC2012_val_00016793.JPEG
635,Midjourney,10139,GenImage_test/Midjourney/test/nature/ILSVRC2012_val_00008422.JPEG
635,Midjourney,10140,GenImage_test/Midjourney/test/ai/867_midjourney_34.png
635,Midjourney,10141,GenImage_test/Midjourney/test/nature/ILSVRC2012_val_00022850.JPEG
635,Midjourney,10142,GenImage_test/Midjourney/test/ai/524_midjourney_34.png
635,Midjourney,10143,GenImage_test/Midjourney/test/nature/ILSVRC2012_val_00023117.JPEG
635,Midjourney,10144,GenImage_test/Midjourney/test/nature/ILSVRC2012_val_00004128.JPEG
635,Midjourney,10145,GenImage_test/Midjourney/test/nature/ILSVRC2012_val_00020345.JPEG
635,Midjourney,10146,GenImage_test/Midjourney/test/ai/72_midjourney_198.png
635,Midjourney,10147,GenImage_test/Midjourney/test/ai/14_midjourney_100.png
635,Midjourney,10148,GenImage_test/Midjourney/test/ai/322_midjourney_34.png
635,Midjourney,10149,GenImage_test/Midjourney/test/nature/ILSVRC2012_val_00003632.JPEG
635,Midjourney,10150,GenImage_test/Midjourney/test/nature/ILSVRC2012_val_00041556.JPEG
635,Midjourney,10151,GenImage_test/Midjourney/test/ai/339_midjourney_197.png
636,Midjourney,10152,GenImage_test/Midjourney/test/ai/799_midjourney_197.png
636,Midjourney,10153,GenImage_test/Midjourney/test/nature/ILSVRC2012_val_00030064.JPEG
636,Midjourney,10154,GenImage_test/Midjourney/test/ai/225_midjourney_198.png
636,Midjourney,10155,GenImage_test/Midjourney/test/nature/ILSVRC2012_val_00008702.JPEG
636,Midjourney,10156,GenImage_test/Midjourney/test/nature/ILSVRC2012_val_00009451.JPEG
636,Midjourney,10157,GenImage_test/Midjourney/test/ai/929_midjourney_100.png
636,Midjourney,10158,GenImage_test/Midjourney/test/ai/304_midjourney_197.png
636,Midjourney,10159,GenImage_test/Midjourney/test/ai/854_midjourney_100.png
636,Midjourney,10160,GenImage_test/Midjourney/test/nature/ILSVRC2012_val_00033082.JPEG
636,Midjourney,10161,GenImage_test/Midjourney/test/nature/ILSVRC2012_val_00011763.JPEG
636,Midjourney,10162,GenImage_test/Midjourney/test/nature/ILSVRC2012_val_00024574.JPEG
636,Midjourney,10163,GenImage_test/Midjourney/test/nature/ILSVRC2012_val_00020262.JPEG
636,Midjourney,10164,GenImage_test/Midjourney/test/nature/ILSVRC2012_val_00008491.JPEG
636,Midjourney,10165,GenImage_test/Midjourney/test/nature/ILSVRC2012_val_00003835.JPEG
636,Midjourney,10166,GenImage_test/Midjourney/test/ai/932_midjourney_100.png
636,Midjourney,10167,GenImage_test/Midjourney/test/ai/945_midjourney_88.png
637,Midjourney,10168,GenImage_test/Midjourney/test/nature/ILSVRC2012_val_00005412.JPEG
637,Midjourney,10169,GenImage_test/Midjourney/test/nature/ILSVRC2012_val_00010732.JPEG
637,Midjourney,10170,GenImage_test/Midjourney/test/ai/392_midjourney_88.png
637,Midjourney,10171,GenImage_test/Midjourney/test/ai/909_midjourney_198.png
637,Midjourney,10172,GenImage_test/Midjourney/test/nature/ILSVRC2012_val_00045240.JPEG
637,Midjourney,10173,GenImage_test/Midjourney/test/nature/ILSVRC2012_val_00033744.JPEG
637,Midjourney,10174,GenImage_test/Midjourney/test/ai/129_midjourney_198.png
637,Midjourney,10175,GenImage_test/Midjourney/test/nature/ILSVRC2012_val_00035781.JPEG
637,Midjourney,10176,GenImage_test/Midjourney/test/ai/623_midjourney_34.png
637,Midjourney,10177,GenImage_test/Midjourney/test/ai/410_midjourney_100.png
637,Midjourney,10178,GenImage_test/Midjourney/test/ai/906_midjourney_100.png
637,Midjourney,10179,GenImage_test/Midjourney/test/ai/163_midjourney_100.png
637,Midjourney,10180,GenImage_test/Midjourney/test/nature/ILSVRC2012_val_00032120.JPEG
637,Midjourney,10181,GenImage_test/Midjourney/test/ai/34_midjourney_34.png
637,Midjourney,10182,GenImage_test/Midjourney/test/nature/ILSVRC2012_val_00044851.JPEG
637,Midjourney,10183,GenImage_test/Midjourney/test/ai/61_midjourney_169.png
638,Midjourney,10184,GenImage_test/Midjourney/test/nature/ILSVRC2012_val_00014237.JPEG
638,Midjourney,10185,GenImage_test/Midjourney/test/nature/ILSVRC2012_val_00002849.JPEG
638,Midjourney,10186,GenImage_test/Midjourney/test/ai/194_midjourney_100.png
638,Midjourney,10187,GenImage_test/Midjourney/test/ai/546_midjourney_169.png
638,Midjourney,10188,GenImage_test/Midjourney/test/ai/66_midjourney_197.png
638,Midjourney,10189,GenImage_test/Midjourney/test/ai/949_midjourney_198.png
638,Midjourney,10190,GenImage_test/Midjourney/test/nature/ILSVRC2012_val_00005583.JPEG
638,Midjourney,10191,GenImage_test/Midjourney/test/ai/629_midjourney_198.png
638,Midjourney,10192,GenImage_test/Midjourney/test/nature/ILSVRC2012_val_00027402.JPEG
638,Midjourney,10193,GenImage_test/Midjourney/test/ai/639_midjourney_198.png
638,Midjourney,10194,GenImage_test/Midjourney/test/ai/859_midjourney_169.png
638,Midjourney,10195,GenImage_test/Midjourney/test/nature/ILSVRC2012_val_00045566.JPEG
638,Midjourney,10196,GenImage_test/Midjourney/test/ai/612_midjourney_34.png
638,Midjourney,10197,GenImage_test/Midjourney/test/nature/ILSVRC2012_val_00039126.JPEG
638,Midjourney,10198,GenImage_test/Midjourney/test/nature/ILSVRC2012_val_00017419.JPEG
638,Midjourney,10199,GenImage_test/Midjourney/test/nature/ILSVRC2012_val_00031308.JPEG
639,Midjourney,10200,GenImage_test/Midjourney/test/nature/ILSVRC2012_val_00007443.JPEG
639,Midjourney,10201,GenImage_test/Midjourney/test/ai/979_midjourney_34.png
639,Midjourney,10202,GenImage_test/Midjourney/test/ai/515_midjourney_169.png
639,Midjourney,10203,GenImage_test/Midjourney/test/nature/ILSVRC2012_val_00009577.JPEG
639,Midjourney,10204,GenImage_test/Midjourney/test/nature/ILSVRC2012_val_00009461.JPEG
639,Midjourney,10205,GenImage_test/Midjourney/test/ai/643_midjourney_34.png
639,Midjourney,10206,GenImage_test/Midjourney/test/nature/ILSVRC2012_val_00031712.JPEG
639,Midjourney,10207,GenImage_test/Midjourney/test/nature/ILSVRC2012_val_00018372.JPEG
639,Midjourney,10208,GenImage_test/Midjourney/test/nature/ILSVRC2012_val_00022134.JPEG
639,Midjourney,10209,GenImage_test/Midjourney/test/nature/ILSVRC2012_val_00029804.JPEG
639,Midjourney,10210,GenImage_test/Midjourney/test/nature/ILSVRC2012_val_00009970.JPEG
639,Midjourney,10211,GenImage_test/Midjourney/test/nature/ILSVRC2012_val_00024119.JPEG
639,Midjourney,10212,GenImage_test/Midjourney/test/nature/ILSVRC2012_val_00023105.JPEG
639,Midjourney,10213,GenImage_test/Midjourney/test/ai/723_midjourney_198.png
639,Midjourney,10214,GenImage_test/Midjourney/test/nature/ILSVRC2012_val_00010056.JPEG
639,Midjourney,10215,GenImage_test/Midjourney/test/ai/996_midjourney_169.png
640,Midjourney,10216,GenImage_test/Midjourney/test/nature/ILSVRC2012_val_00036880.JPEG
640,Midjourney,10217,GenImage_test/Midjourney/test/nature/ILSVRC2012_val_00034370.JPEG
640,Midjourney,10218,GenImage_test/Midjourney/test/nature/ILSVRC2012_val_00029473.JPEG
640,Midjourney,10219,GenImage_test/Midjourney/test/ai/942_midjourney_169.png
640,Midjourney,10220,GenImage_test/Midjourney/test/nature/ILSVRC2012_val_00016435.JPEG
640,Midjourney,10221,GenImage_test/Midjourney/test/ai/421_midjourney_169.png
640,Midjourney,10222,GenImage_test/Midjourney/test/ai/666_midjourney_88.png
640,Midjourney,10223,GenImage_test/Midjourney/test/nature/ILSVRC2012_val_00049807.JPEG
640,Midjourney,10224,GenImage_test/Midjourney/test/nature/ILSVRC2012_val_00035889.JPEG
640,Midjourney,10225,GenImage_test/Midjourney/test/nature/ILSVRC2012_val_00047050.JPEG
640,Midjourney,10226,GenImage_test/Midjourney/test/nature/ILSVRC2012_val_00023733.JPEG
640,Midjourney,10227,GenImage_test/Midjourney/test/ai/909_midjourney_100.png
640,Midjourney,10228,GenImage_test/Midjourney/test/ai/682_midjourney_88.png
640,Midjourney,10229,GenImage_test/Midjourney/test/ai/204_midjourney_88.png
640,Midjourney,10230,GenImage_test/Midjourney/test/ai/885_midjourney_197.png
640,Midjourney,10231,GenImage_test/Midjourney/test/nature/ILSVRC2012_val_00028872.JPEG
641,Midjourney,10232,GenImage_test/Midjourney/test/nature/ILSVRC2012_val_00047006.JPEG
641,Midjourney,10233,GenImage_test/Midjourney/test/nature/ILSVRC2012_val_00019879.JPEG
641,Midjourney,10234,GenImage_test/Midjourney/test/ai/63_midjourney_88.png
641,Midjourney,10235,GenImage_test/Midjourney/test/nature/ILSVRC2012_val_00013476.JPEG
641,Midjourney,10236,GenImage_test/Midjourney/test/ai/13_midjourney_100.png
641,Midjourney,10237,GenImage_test/Midjourney/test/ai/732_midjourney_198.png
641,Midjourney,10238,GenImage_test/Midjourney/test/nature/ILSVRC2012_val_00022658.JPEG
641,Midjourney,10239,GenImage_test/Midjourney/test/nature/ILSVRC2012_val_00021876.JPEG
641,Midjourney,10240,GenImage_test/Midjourney/test/ai/608_midjourney_88.png
641,Midjourney,10241,GenImage_test/Midjourney/test/ai/786_midjourney_34.png
641,Midjourney,10242,GenImage_test/Midjourney/test/nature/ILSVRC2012_val_00041523.JPEG
641,Midjourney,10243,GenImage_test/Midjourney/test/ai/204_midjourney_169.png
641,Midjourney,10244,GenImage_test/Midjourney/test/nature/ILSVRC2012_val_00047563.JPEG
641,Midjourney,10245,GenImage_test/Midjourney/test/nature/ILSVRC2012_val_00048887.JPEG
641,Midjourney,10246,GenImage_test/Midjourney/test/ai/48_midjourney_34.png
641,Midjourney,10247,GenImage_test/Midjourney/test/ai/19_midjourney_88.png
642,Midjourney,10248,GenImage_test/Midjourney/test/nature/ILSVRC2012_val_00017025.JPEG
642,Midjourney,10249,GenImage_test/Midjourney/test/ai/907_midjourney_88.png
642,Midjourney,10250,GenImage_test/Midjourney/test/ai/744_midjourney_169.png
642,Midjourney,10251,GenImage_test/Midjourney/test/nature/ILSVRC2012_val_00012296.JPEG
642,Midjourney,10252,GenImage_test/Midjourney/test/ai/556_midjourney_100.png
642,Midjourney,10253,GenImage_test/Midjourney/test/nature/ILSVRC2012_val_00030485.JPEG
642,Midjourney,10254,GenImage_test/Midjourney/test/nature/ILSVRC2012_val_00041575.JPEG
642,Midjourney,10255,GenImage_test/Midjourney/test/nature/ILSVRC2012_val_00049899.JPEG
642,Midjourney,10256,GenImage_test/Midjourney/test/nature/ILSVRC2012_val_00037556.JPEG
642,Midjourney,10257,GenImage_test/Midjourney/test/ai/804_midjourney_169.png
642,Midjourney,10258,GenImage_test/Midjourney/test/nature/ILSVRC2012_val_00003272.JPEG
642,Midjourney,10259,GenImage_test/Midjourney/test/ai/747_midjourney_88.png
642,Midjourney,10260,GenImage_test/Midjourney/test/nature/ILSVRC2012_val_00034349.JPEG
642,Midjourney,10261,GenImage_test/Midjourney/test/nature/ILSVRC2012_val_00044840.JPEG
642,Midjourney,10262,GenImage_test/Midjourney/test/ai/31_midjourney_88.png
642,Midjourney,10263,GenImage_test/Midjourney/test/ai/601_midjourney_198.png
643,Midjourney,10264,GenImage_test/Midjourney/test/nature/ILSVRC2012_val_00018369.JPEG
643,Midjourney,10265,GenImage_test/Midjourney/test/nature/ILSVRC2012_val_00015785.JPEG
643,Midjourney,10266,GenImage_test/Midjourney/test/nature/ILSVRC2012_val_00038766.JPEG
643,Midjourney,10267,GenImage_test/Midjourney/test/ai/444_midjourney_100.png
643,Midjourney,10268,GenImage_test/Midjourney/test/ai/393_midjourney_34.png
643,Midjourney,10269,GenImage_test/Midjourney/test/ai/321_midjourney_100.png
643,Midjourney,10270,GenImage_test/Midjourney/test/ai/878_midjourney_198.png
643,Midjourney,10271,GenImage_test/Midjourney/test/ai/273_midjourney_100.png
643,Midjourney,10272,GenImage_test/Midjourney/test/ai/434_midjourney_100.png
643,Midjourney,10273,GenImage_test/Midjourney/test/nature/ILSVRC2012_val_00014629.JPEG
643,Midjourney,10274,GenImage_test/Midjourney/test/nature/ILSVRC2012_val_00025985.JPEG
643,Midjourney,10275,GenImage_test/Midjourney/test/nature/ILSVRC2012_val_00038122.JPEG
643,Midjourney,10276,GenImage_test/Midjourney/test/nature/ILSVRC2012_val_00018415.JPEG
643,Midjourney,10277,GenImage_test/Midjourney/test/nature/ILSVRC2012_val_00027337.JPEG
643,Midjourney,10278,GenImage_test/Midjourney/test/ai/217_midjourney_88.png
643,Midjourney,10279,GenImage_test/Midjourney/test/ai/821_midjourney_169.png
644,Midjourney,10280,GenImage_test/Midjourney/test/nature/ILSVRC2012_val_00017692.JPEG
644,Midjourney,10281,GenImage_test/Midjourney/test/ai/470_midjourney_169.png
644,Midjourney,10282,GenImage_test/Midjourney/test/ai/884_midjourney_88.png
644,Midjourney,10283,GenImage_test/Midjourney/test/nature/ILSVRC2012_val_00033479.JPEG
644,Midjourney,10284,GenImage_test/Midjourney/test/nature/ILSVRC2012_val_00042044.JPEG
644,Midjourney,10285,GenImage_test/Midjourney/test/nature/ILSVRC2012_val_00037710.JPEG
644,Midjourney,10286,GenImage_test/Midjourney/test/ai/820_midjourney_197.png
644,Midjourney,10287,GenImage_test/Midjourney/test/ai/152_midjourney_198.png
644,Midjourney,10288,GenImage_test/Midjourney/test/nature/ILSVRC2012_val_00017617.JPEG
644,Midjourney,10289,GenImage_test/Midjourney/test/ai/763_midjourney_197.png
644,Midjourney,10290,GenImage_test/Midjourney/test/ai/852_midjourney_88.png
644,Midjourney,10291,GenImage_test/Midjourney/test/nature/ILSVRC2012_val_00023098.JPEG
644,Midjourney,10292,GenImage_test/Midjourney/test/ai/329_midjourney_197.png
644,Midjourney,10293,GenImage_test/Midjourney/test/nature/ILSVRC2012_val_00037449.JPEG
644,Midjourney,10294,GenImage_test/Midjourney/test/nature/ILSVRC2012_val_00025592.JPEG
644,Midjourney,10295,GenImage_test/Midjourney/test/ai/189_midjourney_88.png
645,Midjourney,10296,GenImage_test/Midjourney/test/nature/ILSVRC2012_val_00040993.JPEG
645,Midjourney,10297,GenImage_test/Midjourney/test/ai/359_midjourney_88.png
645,Midjourney,10298,GenImage_test/Midjourney/test/ai/632_midjourney_197.png
645,Midjourney,10299,GenImage_test/Midjourney/test/nature/ILSVRC2012_val_00047597.JPEG
645,Midjourney,10300,GenImage_test/Midjourney/test/nature/ILSVRC2012_val_00039212.JPEG
645,Midjourney,10301,GenImage_test/Midjourney/test/nature/ILSVRC2012_val_00026177.JPEG
645,Midjourney,10302,GenImage_test/Midjourney/test/nature/ILSVRC2012_val_00013329.JPEG
645,Midjourney,10303,GenImage_test/Midjourney/test/nature/ILSVRC2012_val_00045610.JPEG
645,Midjourney,10304,GenImage_test/Midjourney/test/nature/ILSVRC2012_val_00045425.JPEG
645,Midjourney,10305,GenImage_test/Midjourney/test/nature/ILSVRC2012_val_00029801.JPEG
645,Midjourney,10306,GenImage_test/Midjourney/test/ai/467_midjourney_198.png
645,Midjourney,10307,GenImage_test/Midjourney/test/ai/298_midjourney_198.png
645,Midjourney,10308,GenImage_test/Midjourney/test/nature/ILSVRC2012_val_00026600.JPEG
645,Midjourney,10309,GenImage_test/Midjourney/test/nature/ILSVRC2012_val_00044925.JPEG
645,Midjourney,10310,GenImage_test/Midjourney/test/ai/744_midjourney_198.png
645,Midjourney,10311,GenImage_test/Midjourney/test/ai/281_midjourney_100.png
646,Midjourney,10312,GenImage_test/Midjourney/test/nature/ILSVRC2012_val_00037292.JPEG
646,Midjourney,10313,GenImage_test/Midjourney/test/ai/966_midjourney_88.png
646,Midjourney,10314,GenImage_test/Midjourney/test/ai/26_midjourney_88.png
646,Midjourney,10315,GenImage_test/Midjourney/test/ai/497_midjourney_197.png
646,Midjourney,10316,GenImage_test/Midjourney/test/nature/ILSVRC2012_val_00013210.JPEG
646,Midjourney,10317,GenImage_test/Midjourney/test/ai/341_midjourney_34.png
646,Midjourney,10318,GenImage_test/Midjourney/test/ai/289_midjourney_88.png
646,Midjourney,10319,GenImage_test/Midjourney/test/nature/ILSVRC2012_val_00000913.JPEG
646,Midjourney,10320,GenImage_test/Midjourney/test/ai/430_midjourney_34.png
646,Midjourney,10321,GenImage_test/Midjourney/test/nature/ILSVRC2012_val_00021288.JPEG
646,Midjourney,10322,GenImage_test/Midjourney/test/nature/ILSVRC2012_val_00034848.JPEG
646,Midjourney,10323,GenImage_test/Midjourney/test/nature/ILSVRC2012_val_00015371.JPEG
646,Midjourney,10324,GenImage_test/Midjourney/test/nature/ILSVRC2012_val_00022545.JPEG
646,Midjourney,10325,GenImage_test/Midjourney/test/nature/ILSVRC2012_val_00013410.JPEG
646,Midjourney,10326,GenImage_test/Midjourney/test/nature/ILSVRC2012_val_00011684.JPEG
646,Midjourney,10327,GenImage_test/Midjourney/test/ai/42_midjourney_197.png
647,Midjourney,10328,GenImage_test/Midjourney/test/ai/646_midjourney_169.png
647,Midjourney,10329,GenImage_test/Midjourney/test/nature/ILSVRC2012_val_00010262.JPEG
647,Midjourney,10330,GenImage_test/Midjourney/test/nature/ILSVRC2012_val_00034835.JPEG
647,Midjourney,10331,GenImage_test/Midjourney/test/ai/109_midjourney_169.png
647,Midjourney,10332,GenImage_test/Midjourney/test/nature/ILSVRC2012_val_00014911.JPEG
647,Midjourney,10333,GenImage_test/Midjourney/test/nature/ILSVRC2012_val_00036341.JPEG
647,Midjourney,10334,GenImage_test/Midjourney/test/ai/366_midjourney_88.png
647,Midjourney,10335,GenImage_test/Midjourney/test/nature/ILSVRC2012_val_00037120.JPEG
647,Midjourney,10336,GenImage_test/Midjourney/test/ai/673_midjourney_169.png
647,Midjourney,10337,GenImage_test/Midjourney/test/ai/79_midjourney_197.png
647,Midjourney,10338,GenImage_test/Midjourney/test/nature/ILSVRC2012_val_00025923.JPEG
647,Midjourney,10339,GenImage_test/Midjourney/test/nature/ILSVRC2012_val_00019398.JPEG
647,Midjourney,10340,GenImage_test/Midjourney/test/ai/610_midjourney_100.png
647,Midjourney,10341,GenImage_test/Midjourney/test/nature/ILSVRC2012_val_00039985.JPEG
647,Midjourney,10342,GenImage_test/Midjourney/test/nature/ILSVRC2012_val_00008554.JPEG
647,Midjourney,10343,GenImage_test/Midjourney/test/nature/ILSVRC2012_val_00023649.JPEG
648,Midjourney,10344,GenImage_test/Midjourney/test/nature/ILSVRC2012_val_00002079.JPEG
648,Midjourney,10345,GenImage_test/Midjourney/test/ai/165_midjourney_198.png
648,Midjourney,10346,GenImage_test/Midjourney/test/ai/120_midjourney_169.png
648,Midjourney,10347,GenImage_test/Midjourney/test/ai/369_midjourney_88.png
648,Midjourney,10348,GenImage_test/Midjourney/test/nature/ILSVRC2012_val_00028793.JPEG
648,Midjourney,10349,GenImage_test/Midjourney/test/nature/ILSVRC2012_val_00046170.JPEG
648,Midjourney,10350,GenImage_test/Midjourney/test/nature/ILSVRC2012_val_00014358.JPEG
648,Midjourney,10351,GenImage_test/Midjourney/test/ai/172_midjourney_198.png
648,Midjourney,10352,GenImage_test/Midjourney/test/nature/ILSVRC2012_val_00040002.JPEG
648,Midjourney,10353,GenImage_test/Midjourney/test/ai/97_midjourney_34.png
648,Midjourney,10354,GenImage_test/Midjourney/test/nature/ILSVRC2012_val_00032778.JPEG
648,Midjourney,10355,GenImage_test/Midjourney/test/ai/340_midjourney_34.png
648,Midjourney,10356,GenImage_test/Midjourney/test/nature/ILSVRC2012_val_00047618.JPEG
648,Midjourney,10357,GenImage_test/Midjourney/test/ai/33_midjourney_169.png
648,Midjourney,10358,GenImage_test/Midjourney/test/ai/787_midjourney_197.png
648,Midjourney,10359,GenImage_test/Midjourney/test/nature/ILSVRC2012_val_00013137.JPEG
649,Midjourney,10360,GenImage_test/Midjourney/test/ai/990_midjourney_100.png
649,Midjourney,10361,GenImage_test/Midjourney/test/nature/ILSVRC2012_val_00013284.JPEG
649,Midjourney,10362,GenImage_test/Midjourney/test/nature/ILSVRC2012_val_00039001.JPEG
649,Midjourney,10363,GenImage_test/Midjourney/test/ai/468_midjourney_34.png
649,Midjourney,10364,GenImage_test/Midjourney/test/nature/ILSVRC2012_val_00010958.JPEG
649,Midjourney,10365,GenImage_test/Midjourney/test/ai/4_midjourney_198.png
649,Midjourney,10366,GenImage_test/Midjourney/test/ai/215_midjourney_88.png
649,Midjourney,10367,GenImage_test/Midjourney/test/nature/ILSVRC2012_val_00020674.JPEG
649,Midjourney,10368,GenImage_test/Midjourney/test/ai/711_midjourney_88.png
649,Midjourney,10369,GenImage_test/Midjourney/test/ai/14_midjourney_34.png
649,Midjourney,10370,GenImage_test/Midjourney/test/nature/ILSVRC2012_val_00031294.JPEG
649,Midjourney,10371,GenImage_test/Midjourney/test/nature/ILSVRC2012_val_00031163.JPEG
649,Midjourney,10372,GenImage_test/Midjourney/test/ai/290_midjourney_197.png
649,Midjourney,10373,GenImage_test/Midjourney/test/nature/ILSVRC2012_val_00036729.JPEG
649,Midjourney,10374,GenImage_test/Midjourney/test/nature/ILSVRC2012_val_00023890.JPEG
649,Midjourney,10375,GenImage_test/Midjourney/test/nature/ILSVRC2012_val_00039591.JPEG
650,Midjourney,10376,GenImage_test/Midjourney/test/ai/475_midjourney_198.png
650,Midjourney,10377,GenImage_test/Midjourney/test/nature/ILSVRC2012_val_00027608.JPEG
650,Midjourney,10378,GenImage_test/Midjourney/test/ai/275_midjourney_197.png
650,Midjourney,10379,GenImage_test/Midjourney/test/nature/ILSVRC2012_val_00006773.JPEG
650,Midjourney,10380,GenImage_test/Midjourney/test/nature/ILSVRC2012_val_00028390.JPEG
650,Midjourney,10381,GenImage_test/Midjourney/test/nature/ILSVRC2012_val_00025319.JPEG
650,Midjourney,10382,GenImage_test/Midjourney/test/ai/814_midjourney_198.png
650,Midjourney,10383,GenImage_test/Midjourney/test/ai/756_midjourney_88.png
650,Midjourney,10384,GenImage_test/Midjourney/test/nature/ILSVRC2012_val_00025093.JPEG
650,Midjourney,10385,GenImage_test/Midjourney/test/nature/ILSVRC2012_val_00026715.JPEG
650,Midjourney,10386,GenImage_test/Midjourney/test/nature/ILSVRC2012_val_00001667.JPEG
650,Midjourney,10387,GenImage_test/Midjourney/test/ai/331_midjourney_197.png
650,Midjourney,10388,GenImage_test/Midjourney/test/ai/784_midjourney_198.png
650,Midjourney,10389,GenImage_test/Midjourney/test/nature/ILSVRC2012_val_00024814.JPEG
650,Midjourney,10390,GenImage_test/Midjourney/test/ai/168_midjourney_169.png
650,Midjourney,10391,GenImage_test/Midjourney/test/nature/ILSVRC2012_val_00005673.JPEG
651,Midjourney,10392,GenImage_test/Midjourney/test/ai/349_midjourney_197.png
651,Midjourney,10393,GenImage_test/Midjourney/test/nature/ILSVRC2012_val_00023008.JPEG
651,Midjourney,10394,GenImage_test/Midjourney/test/nature/ILSVRC2012_val_00046735.JPEG
651,Midjourney,10395,GenImage_test/Midjourney/test/ai/843_midjourney_198.png
651,Midjourney,10396,GenImage_test/Midjourney/test/ai/480_midjourney_198.png
651,Midjourney,10397,GenImage_test/Midjourney/test/ai/880_midjourney_197.png
651,Midjourney,10398,GenImage_test/Midjourney/test/ai/408_midjourney_197.png
651,Midjourney,10399,GenImage_test/Midjourney/test/ai/782_midjourney_169.png
651,Midjourney,10400,GenImage_test/Midjourney/test/ai/961_midjourney_34.png
651,Midjourney,10401,GenImage_test/Midjourney/test/ai/649_midjourney_34.png
651,Midjourney,10402,GenImage_test/Midjourney/test/nature/ILSVRC2012_val_00037650.JPEG
651,Midjourney,10403,GenImage_test/Midjourney/test/nature/ILSVRC2012_val_00023005.JPEG
651,Midjourney,10404,GenImage_test/Midjourney/test/nature/ILSVRC2012_val_00027038.JPEG
651,Midjourney,10405,GenImage_test/Midjourney/test/ai/898_midjourney_198.png
651,Midjourney,10406,GenImage_test/Midjourney/test/nature/ILSVRC2012_val_00048056.JPEG
651,Midjourney,10407,GenImage_test/Midjourney/test/nature/ILSVRC2012_val_00026382.JPEG
652,Midjourney,10408,GenImage_test/Midjourney/test/nature/ILSVRC2012_val_00003586.JPEG
652,Midjourney,10409,GenImage_test/Midjourney/test/ai/741_midjourney_88.png
652,Midjourney,10410,GenImage_test/Midjourney/test/ai/137_midjourney_197.png
652,Midjourney,10411,GenImage_test/Midjourney/test/nature/ILSVRC2012_val_00022846.JPEG
652,Midjourney,10412,GenImage_test/Midjourney/test/nature/ILSVRC2012_val_00036648.JPEG
652,Midjourney,10413,GenImage_test/Midjourney/test/ai/655_midjourney_197.png
652,Midjourney,10414,GenImage_test/Midjourney/test/ai/428_midjourney_88.png
652,Midjourney,10415,GenImage_test/Midjourney/test/ai/446_midjourney_169.png
652,Midjourney,10416,GenImage_test/Midjourney/test/ai/197_midjourney_197.png
652,Midjourney,10417,GenImage_test/Midjourney/test/ai/417_midjourney_100.png
652,Midjourney,10418,GenImage_test/Midjourney/test/ai/809_midjourney_88.png
652,Midjourney,10419,GenImage_test/Midjourney/test/nature/ILSVRC2012_val_00029900.JPEG
652,Midjourney,10420,GenImage_test/Midjourney/test/ai/419_midjourney_100.png
652,Midjourney,10421,GenImage_test/Midjourney/test/nature/ILSVRC2012_val_00004687.JPEG
652,Midjourney,10422,GenImage_test/Midjourney/test/ai/437_midjourney_198.png
652,Midjourney,10423,GenImage_test/Midjourney/test/ai/783_midjourney_198.png
653,Midjourney,10424,GenImage_test/Midjourney/test/ai/869_midjourney_197.png
653,Midjourney,10425,GenImage_test/Midjourney/test/nature/ILSVRC2012_val_00019769.JPEG
653,Midjourney,10426,GenImage_test/Midjourney/test/ai/151_midjourney_197.png
653,Midjourney,10427,GenImage_test/Midjourney/test/ai/82_midjourney_197.png
653,Midjourney,10428,GenImage_test/Midjourney/test/ai/953_midjourney_169.png
653,Midjourney,10429,GenImage_test/Midjourney/test/ai/696_midjourney_100.png
653,Midjourney,10430,GenImage_test/Midjourney/test/nature/ILSVRC2012_val_00031979.JPEG
653,Midjourney,10431,GenImage_test/Midjourney/test/nature/ILSVRC2012_val_00014625.JPEG
653,Midjourney,10432,GenImage_test/Midjourney/test/ai/579_midjourney_100.png
653,Midjourney,10433,GenImage_test/Midjourney/test/nature/ILSVRC2012_val_00009427.JPEG
653,Midjourney,10434,GenImage_test/Midjourney/test/nature/ILSVRC2012_val_00011423.JPEG
653,Midjourney,10435,GenImage_test/Midjourney/test/ai/194_midjourney_198.png
653,Midjourney,10436,GenImage_test/Midjourney/test/nature/ILSVRC2012_val_00035613.JPEG
653,Midjourney,10437,GenImage_test/Midjourney/test/nature/ILSVRC2012_val_00016371.JPEG
653,Midjourney,10438,GenImage_test/Midjourney/test/ai/494_midjourney_169.png
653,Midjourney,10439,GenImage_test/Midjourney/test/nature/ILSVRC2012_val_00018739.JPEG
654,Midjourney,10440,GenImage_test/Midjourney/test/nature/ILSVRC2012_val_00032939.JPEG
654,Midjourney,10441,GenImage_test/Midjourney/test/ai/381_midjourney_88.png
654,Midjourney,10442,GenImage_test/Midjourney/test/ai/189_midjourney_169.png
654,Midjourney,10443,GenImage_test/Midjourney/test/nature/ILSVRC2012_val_00004543.JPEG
654,Midjourney,10444,GenImage_test/Midjourney/test/ai/821_midjourney_197.png
654,Midjourney,10445,GenImage_test/Midjourney/test/nature/ILSVRC2012_val_00013278.JPEG
654,Midjourney,10446,GenImage_test/Midjourney/test/nature/ILSVRC2012_val_00029550.JPEG
654,Midjourney,10447,GenImage_test/Midjourney/test/ai/59_midjourney_88.png
654,Midjourney,10448,GenImage_test/Midjourney/test/ai/60_midjourney_100.png
654,Midjourney,10449,GenImage_test/Midjourney/test/ai/22_midjourney_169.png
654,Midjourney,10450,GenImage_test/Midjourney/test/ai/435_midjourney_88.png
654,Midjourney,10451,GenImage_test/Midjourney/test/ai/459_midjourney_169.png
654,Midjourney,10452,GenImage_test/Midjourney/test/ai/538_midjourney_100.png
654,Midjourney,10453,GenImage_test/Midjourney/test/nature/ILSVRC2012_val_00030233.JPEG
654,Midjourney,10454,GenImage_test/Midjourney/test/ai/192_midjourney_88.png
654,Midjourney,10455,GenImage_test/Midjourney/test/nature/ILSVRC2012_val_00014635.JPEG
655,Midjourney,10456,GenImage_test/Midjourney/test/ai/340_midjourney_197.png
655,Midjourney,10457,GenImage_test/Midjourney/test/nature/ILSVRC2012_val_00002294.JPEG
655,Midjourney,10458,GenImage_test/Midjourney/test/ai/350_midjourney_197.png
655,Midjourney,10459,GenImage_test/Midjourney/test/nature/ILSVRC2012_val_00044782.JPEG
655,Midjourney,10460,GenImage_test/Midjourney/test/nature/ILSVRC2012_val_00036623.JPEG
655,Midjourney,10461,GenImage_test/Midjourney/test/ai/218_midjourney_34.png
655,Midjourney,10462,GenImage_test/Midjourney/test/nature/ILSVRC2012_val_00037898.JPEG
655,Midjourney,10463,GenImage_test/Midjourney/test/ai/285_midjourney_34.png
655,Midjourney,10464,GenImage_test/Midjourney/test/nature/ILSVRC2012_val_00013172.JPEG
655,Midjourney,10465,GenImage_test/Midjourney/test/nature/ILSVRC2012_val_00020990.JPEG
655,Midjourney,10466,GenImage_test/Midjourney/test/nature/ILSVRC2012_val_00041480.JPEG
655,Midjourney,10467,GenImage_test/Midjourney/test/ai/339_midjourney_34.png
655,Midjourney,10468,GenImage_test/Midjourney/test/nature/ILSVRC2012_val_00034383.JPEG
655,Midjourney,10469,GenImage_test/Midjourney/test/nature/ILSVRC2012_val_00049294.JPEG
655,Midjourney,10470,GenImage_test/Midjourney/test/nature/ILSVRC2012_val_00021333.JPEG
655,Midjourney,10471,GenImage_test/Midjourney/test/ai/658_midjourney_198.png
656,Midjourney,10472,GenImage_test/Midjourney/test/ai/377_midjourney_34.png
656,Midjourney,10473,GenImage_test/Midjourney/test/ai/597_midjourney_198.png
656,Midjourney,10474,GenImage_test/Midjourney/test/ai/425_midjourney_34.png
656,Midjourney,10475,GenImage_test/Midjourney/test/nature/ILSVRC2012_val_00025238.JPEG
656,Midjourney,10476,GenImage_test/Midjourney/test/ai/479_midjourney_100.png
656,Midjourney,10477,GenImage_test/Midjourney/test/nature/ILSVRC2012_val_00034644.JPEG
656,Midjourney,10478,GenImage_test/Midjourney/test/ai/721_midjourney_169.png
656,Midjourney,10479,GenImage_test/Midjourney/test/nature/ILSVRC2012_val_00042877.JPEG
656,Midjourney,10480,GenImage_test/Midjourney/test/ai/931_midjourney_88.png
656,Midjourney,10481,GenImage_test/Midjourney/test/ai/864_midjourney_88.png
656,Midjourney,10482,GenImage_test/Midjourney/test/nature/ILSVRC2012_val_00013835.JPEG
656,Midjourney,10483,GenImage_test/Midjourney/test/nature/ILSVRC2012_val_00041377.JPEG
656,Midjourney,10484,GenImage_test/Midjourney/test/nature/ILSVRC2012_val_00004995.JPEG
656,Midjourney,10485,GenImage_test/Midjourney/test/ai/871_midjourney_169.png
656,Midjourney,10486,GenImage_test/Midjourney/test/ai/579_midjourney_198.png
656,Midjourney,10487,GenImage_test/Midjourney/test/nature/ILSVRC2012_val_00019974.JPEG
657,Midjourney,10488,GenImage_test/Midjourney/test/ai/227_midjourney_88.png
657,Midjourney,10489,GenImage_test/Midjourney/test/nature/ILSVRC2012_val_00035999.JPEG
657,Midjourney,10490,GenImage_test/Midjourney/test/ai/145_midjourney_197.png
657,Midjourney,10491,GenImage_test/Midjourney/test/nature/ILSVRC2012_val_00046727.JPEG
657,Midjourney,10492,GenImage_test/Midjourney/test/ai/32_midjourney_198.png
657,Midjourney,10493,GenImage_test/Midjourney/test/nature/ILSVRC2012_val_00015908.JPEG
657,Midjourney,10494,GenImage_test/Midjourney/test/ai/209_midjourney_198.png
657,Midjourney,10495,GenImage_test/Midjourney/test/ai/372_midjourney_100.png
657,Midjourney,10496,GenImage_test/Midjourney/test/nature/ILSVRC2012_val_00037244.JPEG
657,Midjourney,10497,GenImage_test/Midjourney/test/ai/998_midjourney_34.png
657,Midjourney,10498,GenImage_test/Midjourney/test/nature/ILSVRC2012_val_00019574.JPEG
657,Midjourney,10499,GenImage_test/Midjourney/test/nature/ILSVRC2012_val_00041327.JPEG
