batch,domain,position,sample_id
0,BigGAN,0,GenImage_test/BigGAN/test/nature/ILSVRC2012_val_00045431.JPEG
0,BigGAN,1,GenImage_test/BigGAN/test/nature/ILSVRC2012_val_00001857.JPEG
0,BigGAN,2,GenImage_test/BigGAN/test/nature/ILSVRC2012_val_00008461.JPEG
0,BigGAN,3,GenImage_test/BigGAN/test/nature/ILSVRC2012_val_00006839.JPEG
0,BigGAN,4,GenImage_test/BigGAN/test/nature/ILSVRC2012_val_00035143.JPEG
0,BigGAN,5,GenImage_test/BigGAN/test/ai/389_biggan_00127.png
0,BigGAN,6,GenImage_test/BigGAN/test/ai/759_biggan_00143.png
0,BigGAN,7,GenImage_test/BigGAN/test/ai/661_biggan_00020.png
0,BigGAN,8,GenImage_test/BigGAN/test/ai/804_biggan_00035.png
0,BigGAN,9,GenImage_test/BigGAN/test/ai/135_biggan_00020.png
0,BigGAN,10,GenImage_test/BigGAN/test/nature/ILSVRC2012_val_00005842.JPEG
0,BigGAN,11,GenImage_test/BigGAN/test/nature/ILSVRC2012_val_00043589.JPEG
0,BigGAN,12,GenImage_test/BigGAN/test/ai/104_biggan_00127.png
0,BigGAN,13,GenImage_test/BigGAN/test/nature/ILSVRC2012_val_00008169.JPEG
0,BigGAN,14,GenImage_test/BigGAN/test/ai/988_biggan_00039.png
0,BigGAN,15,GenImage_test/BigGAN/test/nature/ILSVRC2012_val_00025798.JPEG
1,BigGAN,16,GenImage_test/BigGAN/test/nature/ILSVRC2012_val_00035069.JPEG
1,BigGAN,17,GenImage_test/BigGAN/test/ai/736_biggan_00143.png
1,BigGAN,18,GenImage_test/BigGAN/test/ai/608_biggan_00035.png
1,BigGAN,19,GenImage_test/BigGAN/test/ai/436_biggan_00074.png
1,BigGAN,20,GenImage_test/BigGAN/test/nature/ILSVRC2012_val_00016919.JPEG
1,BigGAN,21,GenImage_test/BigGAN/test/nature/ILSVRC2012_val_00039910.JPEG
1,BigGAN,22,GenImage_test/BigGAN/test/nature/ILSVRC2012_val_00028926.JPEG
1,BigGAN,23,GenImage_test/BigGAN/test/nature/ILSVRC2012_val_00013264.JPEG
1,BigGAN,24,GenImage_test/BigGAN/test/ai/747_biggan_00039.png
1,BigGAN,25,GenImage_test/BigGAN/test/ai/961_biggan_00074.png
1,BigGAN,26,GenImage_test/BigGAN/test/ai/272_biggan_00035.png
1,BigGAN,27,GenImage_test/BigGAN/test/ai/699_biggan_00127.png
1,BigGAN,28,GenImage_test/BigGAN/test/nature/ILSVRC2012_val_00032508.JPEG
1,BigGAN,29,GenImage_test/BigGAN/test/ai/958_biggan_00020.png
1,BigGAN,30,GenImage_test/BigGAN/test/ai/105_biggan_00074.png
1,BigGAN,31,GenImage_test/BigGAN/test/nature/ILSVRC2012_val_00031182.JPEG
2,BigGAN,32,GenImage_test/BigGAN/test/ai/803_biggan_00020.png
2,BigGAN,33,GenImage_test/BigGAN/test/nature/ILSVRC2012_val_00013129.JPEG
2,BigGAN,34,GenImage_test/BigGAN/test/ai/503_biggan_00035.png
2,BigGAN,35,GenImage_test/BigGAN/test/nature/ILSVRC2012_val_00043957.JPEG
2,BigGAN,36,GenImage_test/BigGAN/test/nature/ILSVRC2012_val_00024727.JPEG
2,BigGAN,37,GenImage_test/BigGAN/test/ai/025_biggan_00127.png
2,BigGAN,38,GenImage_test/BigGAN/test/nature/ILSVRC2012_val_00002424.JPEG
2,BigGAN,39,GenImage_test/BigGAN/test/nature/ILSVRC2012_val_00031406.JPEG
2,BigGAN,40,GenImage_test/BigGAN/test/ai/900_biggan_00020.png
2,BigGAN,41,GenImage_test/BigGAN/test/nature/ILSVRC2012_val_00031042.JPEG
2,BigGAN,42,GenImage_test/BigGAN/test/ai/103_biggan_00020.png
2,BigGAN,43,GenImage_test/BigGAN/test/nature/ILSVRC2012_val_00013021.JPEG
2,BigGAN,44,GenImage_test/BigGAN/test/ai/697_biggan_00035.png
2,BigGAN,45,GenImage_test/BigGAN/test/ai/970_biggan_00035.png
2,BigGAN,46,GenImage_test/BigGAN/test/nature/ILSVRC2012_val_00007097.JPEG
2,BigGAN,47,GenImage_test/BigGAN/test/ai/382_biggan_00074.png
3,BigGAN,48,GenImage_test/BigGAN/test/nature/ILSVRC2012_val_00040586.JPEG
3,BigGAN,49,GenImage_test/BigGAN/test/nature/ILSVRC2012_val_00003443.JPEG
3,BigGAN,50,GenImage_test/BigGAN/test/ai/213_biggan_00020.png
3,BigGAN,51,GenImage_test/BigGAN/test/ai/047_biggan_00039.png
3,BigGAN,52,GenImage_test/BigGAN/test/ai/126_biggan_00039.png
3,BigGAN,53,GenImage_test/BigGAN/test/ai/828_biggan_00143.png
3,BigGAN,54,GenImage_test/BigGAN/test/nature/ILSVRC2012_val_00036152.JPEG
3,BigGAN,55,GenImage_test/BigGAN/test/nature/ILSVRC2012_val_00022630.JPEG
3,BigGAN,56,GenImage_test/BigGAN/test/ai/915_biggan_00127.png
3,BigGAN,57,GenImage_test/BigGAN/test/nature/ILSVRC2012_val_00007182.JPEG
3,BigGAN,58,GenImage_test/BigGAN/test/ai/918_biggan_00039.png
3,BigGAN,59,GenImage_test/BigGAN/test/ai/439_biggan_00020.png
3,BigGAN,60,GenImage_test/BigGAN/test/nature/ILSVRC2012_val_00042206.JPEG
3,BigGAN,61,GenImage_test/BigGAN/test/nature/ILSVRC2012_val_00001633.JPEG
3,BigGAN,62,GenImage_test/BigGAN/test/nature/ILSVRC2012_val_00012411.JPEG
3,BigGAN,63,GenImage_test/BigGAN/test/ai/090_biggan_00127.png
4,BigGAN,64,GenImage_test/BigGAN/test/nature/ILSVRC2012_val_00041118.JPEG
4,BigGAN,65,GenImage_test/BigGAN/test/ai/366_biggan_00039.png
4,BigGAN,66,GenImage_test/BigGAN/test/ai/559_biggan_00035.png
4,BigGAN,67,GenImage_test/BigGAN/test/nature/ILSVRC2012_val_00032277.JPEG
4,BigGAN,68,GenImage_test/BigGAN/test/ai/249_biggan_00035.png
4,BigGAN,69,GenImage_test/BigGAN/test/ai/780_biggan_00143.png
4,BigGAN,70,GenImage_test/BigGAN/test/ai/791_biggan_00035.png
4,BigGAN,71,GenImage_test/BigGAN/test/nature/ILSVRC2012_val_00019782.JPEG
4,BigGAN,72,GenImage_test/BigGAN/test/ai/383_biggan_00127.png
4,BigGAN,73,GenImage_test/BigGAN/test/nature/ILSVRC2012_val_00033761.JPEG
4,BigGAN,74,GenImage_test/BigGAN/test/ai/922_biggan_00020.png
4,BigGAN,75,GenImage_test/BigGAN/test/nature/ILSVRC2012_val_00024907.JPEG
4,BigGAN,76,GenImage_test/BigGAN/test/nature/ILSVRC2012_val_00028341.JPEG
4,BigGAN,77,GenImage_test/BigGAN/test/nature/ILSVRC2012_val_00028227.JPEG
4,BigGAN,78,GenImage_test/BigGAN/test/ai/421_biggan_00143.png
4,BigGAN,79,GenImage_test/BigGAN/test/ai/220_biggan_00039.png
5,BigGAN,80,GenImage_test/BigGAN/test/nature/ILSVRC2012_val_00021309.JPEG
5,BigGAN,81,GenImage_test/BigGAN/test/ai/709_biggan_00039.png
5,BigGAN,82,GenImage_test/BigGAN/test/ai/101_biggan_00039.png
5,BigGAN,83,GenImage_test/BigGAN/test/nature/ILSVRC2012_val_00009699.JPEG
5,BigGAN,84,GenImage_test/BigGAN/test/ai/136_biggan_00127.png
5,BigGAN,85,GenImage_test/BigGAN/test/nature/ILSVRC2012_val_00017671.JPEG
5,BigGAN,86,GenImage_test/BigGAN/test/nature/ILSVRC2012_val_00018275.JPEG
5,BigGAN,87,GenImage_test/BigGAN/test/ai/532_biggan_00074.png
5,BigGAN,88,GenImage_test/BigGAN/test/nature/ILSVRC2012_val_00002952.JPEG
5,BigGAN,89,GenImage_test/BigGAN/test/nature/ILSVRC2012_val_00016064.JPEG
5,BigGAN,90,GenImage_test/BigGAN/test/ai/682_biggan_00127.png
5,BigGAN,91,GenImage_test/BigGAN/test/ai/191_biggan_00020.png
5,BigGAN,92,GenImage_test/BigGAN/test/ai/400_biggan_00127.png
5,BigGAN,93,GenImage_test/BigGAN/test/nature/ILSVRC2012_val_00019235.JPEG
5,BigGAN,94,GenImage_test/BigGAN/test/ai/582_biggan_00143.png
5,BigGAN,95,GenImage_test/BigGAN/test/ai/098_biggan_00039.png
6,BigGAN,96,GenImage_test/BigGAN/test/ai/648_biggan_00039.png
6,BigGAN,97,GenImage_test/BigGAN/test/nature/ILSVRC2012_val_00012112.JPEG
6,BigGAN,98,GenImage_test/BigGAN/test/nature/ILSVRC2012_val_00007530.JPEG
6,BigGAN,99,GenImage_test/BigGAN/test/nature/ILSVRC2012_val_00018747.JPEG
6,BigGAN,100,GenImage_test/BigGAN/test/nature/ILSVRC2012_val_00007433.JPEG
6,BigGAN,101,GenImage_test/BigGAN/test/ai/617_biggan_00074.png
6,BigGAN,102,GenImage_test/BigGAN/test/nature/ILSVRC2012_val_00003873.JPEG
6,BigGAN,103,GenImage_test/BigGAN/test/nature/ILSVRC2012_val_00010103.JPEG
6,BigGAN,104,GenImage_test/BigGAN/test/nature/ILSVRC2012_val_00005123.JPEG
6,BigGAN,105,GenImage_test/BigGAN/test/ai/101_biggan_00074.png
6,BigGAN,106,GenImage_test/BigGAN/test/ai/672_biggan_00143.png
6,BigGAN,107,GenImage_test/BigGAN/test/ai/719_biggan_00127.png
6,BigGAN,108,GenImage_test/BigGAN/test/ai/009_biggan_00035.png
6,BigGAN,109,GenImage_test/BigGAN/test/nature/ILSVRC2012_val_00023275.JPEG
6,BigGAN,110,GenImage_test/BigGAN/test/ai/816_biggan_00020.png
6,BigGAN,111,GenImage_test/BigGAN/test/ai/769_biggan_00143.png
7,BigGAN,112,GenImage_test/BigGAN/test/nature/ILSVRC2012_val_00012476.JPEG
7,BigGAN,113,GenImage_test/BigGAN/test/nature/ILSVRC2012_val_00023162.JPEG
7,BigGAN,114,GenImage_test/BigGAN/test/ai/302_biggan_00035.png
7,BigGAN,115,GenImage_test/BigGAN/test/ai/461_biggan_00127.png
7,BigGAN,116,GenImage_test/BigGAN/test/nature/ILSVRC2012_val_00044637.JPEG
7,BigGAN,117,GenImage_test/BigGAN/test/ai/227_biggan_00035.png
7,BigGAN,118,GenImage_test/BigGAN/test/ai/660_biggan_00127.png
7,BigGAN,119,GenImage_test/BigGAN/test/nature/ILSVRC2012_val_00022792.JPEG
7,BigGAN,120,GenImage_test/BigGAN/test/ai/161_biggan_00074.png
7,BigGAN,121,GenImage_test/BigGAN/test/ai/611_biggan_00127.png
7,BigGAN,122,GenImage_test/BigGAN/test/ai/371_biggan_00020.png
7,BigGAN,123,GenImage_test/BigGAN/test/ai/670_biggan_00074.png
7,BigGAN,124,GenImage_test/BigGAN/test/ai/749_biggan_00039.png
7,BigGAN,125,GenImage_test/BigGAN/test/ai/047_biggan_00127.png
7,BigGAN,126,GenImage_test/BigGAN/test/ai/200_biggan_00020.png
7,BigGAN,127,GenImage_test/BigGAN/test/nature/ILSVRC2012_val_00019678.JPEG
8,BigGAN,128,GenImage_test/BigGAN/test/nature/ILSVRC2012_val_00047683.JPEG
8,BigGAN,129,GenImage_test/BigGAN/test/ai/378_biggan_00127.png
8,BigGAN,130,GenImage_test/BigGAN/test/ai/424_biggan_00039.png
8,BigGAN,131,GenImage_test/BigGAN/test/ai/805_biggan_00039.png
8,BigGAN,132,GenImage_test/BigGAN/test/nature/ILSVRC2012_val_00027225.JPEG
8,BigGAN,133,GenImage_test/BigGAN/test/nature/ILSVRC2012_val_00011823.JPEG
8,BigGAN,134,GenImage_test/BigGAN/test/ai/026_biggan_00074.png
8,BigGAN,135,GenImage_test/BigGAN/test/nature/ILSVRC2012_val_00001582.JPEG
8,BigGAN,136,GenImage_test/BigGAN/test/nature/ILSVRC2012_val_00043711.JPEG
8,BigGAN,137,GenImage_test/BigGAN/test/nature/ILSVRC2012_val_00023393.JPEG
8,BigGAN,138,GenImage_test/BigGAN/test/ai/991_biggan_00143.png
8,BigGAN,139,GenImage_test/BigGAN/test/nature/ILSVRC2012_val_00012051.JPEG
8,BigGAN,140,GenImage_test/BigGAN/test/nature/ILSVRC2012_val_00011130.JPEG
8,BigGAN,141,GenImage_test/BigGAN/test/nature/ILSVRC2012_val_00026409.JPEG
8,BigGAN,142,GenImage_test/BigGAN/test/ai/534_biggan_00020.png
8,BigGAN,143,GenImage_test/BigGAN/test/nature/ILSVRC2012_val_00010609.JPEG
9,BigGAN,144,GenImage_test/BigGAN/test/nature/ILSVRC2012_val_00013926.JPEG
9,BigGAN,145,GenImage_test/BigGAN/test/ai/717_biggan_00143.png
9,BigGAN,146,GenImage_test/BigGAN/test/ai/873_biggan_00039.png
9,BigGAN,147,GenImage_test/BigGAN/test/nature/ILSVRC2012_val_00043337.JPEG
9,BigGAN,148,GenImage_test/BigGAN/test/nature/ILSVRC2012_val_00035023.JPEG
9,BigGAN,149,GenImage_test/BigGAN/test/ai/643_biggan_00074.png
9,BigGAN,150,GenImage_test/BigGAN/test/ai/671_biggan_00039.png
9,BigGAN,151,GenImage_test/BigGAN/test/ai/130_biggan_00127.png
9,BigGAN,152,GenImage_test/BigGAN/test/nature/ILSVRC2012_val_00012742.JPEG
9,BigGAN,153,GenImage_test/BigGAN/test/ai/390_biggan_00039.png
9,BigGAN,154,GenImage_test/BigGAN/test/ai/686_biggan_00039.png
9,BigGAN,155,GenImage_test/BigGAN/test/ai/170_biggan_00143.png
9,BigGAN,156,GenImage_test/BigGAN/test/ai/979_biggan_00127.png
9,BigGAN,157,GenImage_test/BigGAN/test/nature/ILSVRC2012_val_00031356.JPEG
9,BigGAN,158,GenImage_test/BigGAN/test/nature/ILSVRC2012_val_00011821.JPEG
9,BigGAN,159,GenImage_test/BigGAN/test/ai/916_biggan_00020.png
10,BigGAN,160,GenImage_test/BigGAN/test/nature/ILSVRC2012_val_00006979.JPEG
10,BigGAN,161,GenImage_test/BigGAN/test/nature/ILSVRC2012_val_00036084.JPEG
10,BigGAN,162,GenImage_test/BigGAN/test/nature/ILSVRC2012_val_00037209.JPEG
10,BigGAN,163,GenImage_test/BigGAN/test/nature/ILSVRC2012_val_00010932.JPEG
10,BigGAN,164,GenImage_test/BigGAN/test/nature/ILSVRC2012_val_00007294.JPEG
10,BigGAN,165,GenImage_test/BigGAN/test/nature/ILSVRC2012_val_00036178.JPEG
10,BigGAN,166,GenImage_test/BigGAN/test/nature/ILSVRC2012_val_00040742.JPEG
10,BigGAN,167,GenImage_test/BigGAN/test/ai/703_biggan_00127.png
10,BigGAN,168,GenImage_test/BigGAN/test/ai/079_biggan_00020.png
10,BigGAN,169,GenImage_test/BigGAN/test/nature/ILSVRC2012_val_00044815.JPEG
10,BigGAN,170,GenImage_test/BigGAN/test/ai/713_biggan_00020.png
10,BigGAN,171,GenImage_test/BigGAN/test/nature/ILSVRC2012_val_00030266.JPEG
10,BigGAN,172,GenImage_test/BigGAN/test/nature/ILSVRC2012_val_00033725.JPEG
10,BigGAN,173,GenImage_test/BigGAN/test/ai/391_biggan_00127.png
10,BigGAN,174,GenImage_test/BigGAN/test/nature/ILSVRC2012_val_00035209.JPEG
10,BigGAN,175,GenImage_test/BigGAN/test/ai/199_biggan_00020.png
11,BigGAN,176,GenImage_test/BigGAN/test/nature/ILSVRC2012_val_00014860.JPEG
11,BigGAN,177,GenImage_test/BigGAN/test/ai/883_biggan_00143.png
11,BigGAN,178,GenImage_test/BigGAN/test/nature/ILSVRC2012_val_00027894.JPEG
11,BigGAN,179,GenImage_test/BigGAN/test/ai/083_biggan_00127.png
11,BigGAN,180,GenImage_test/BigGAN/test/ai/706_biggan_00143.png
11,BigGAN,181,GenImage_test/BigGAN/test/nature/ILSVRC2012_val_00006663.JPEG
11,BigGAN,182,GenImage_test/BigGAN/test/ai/017_biggan_00127.png
11,BigGAN,183,GenImage_test/BigGAN/test/ai/300_biggan_00127.png
11,BigGAN,184,GenImage_test/BigGAN/test/ai/911_biggan_00039.png
11,BigGAN,185,GenImage_test/BigGAN/test/nature/ILSVRC2012_val_00007937.JPEG
11,BigGAN,186,GenImage_test/BigGAN/test/nature/ILSVRC2012_val_00020077.JPEG
11,BigGAN,187,GenImage_test/BigGAN/test/nature/ILSVRC2012_val_00003774.JPEG
11,BigGAN,188,GenImage_test/BigGAN/test/nature/ILSVRC2012_val_00033249.JPEG
11,BigGAN,189,GenImage_test/BigGAN/test/nature/ILSVRC2012_val_00016628.JPEG
11,BigGAN,190,GenImage_test/BigGAN/test/nature/ILSVRC2012_val_00039570.JPEG
11,BigGAN,191,GenImage_test/BigGAN/test/ai/075_biggan_00074.png
12,BigGAN,192,GenImage_test/BigGAN/test/ai/164_biggan_00039.png
12,BigGAN,193,GenImage_test/BigGAN/test/ai/645_biggan_00074.png
12,BigGAN,194,GenImage_test/BigGAN/test/nature/ILSVRC2012_val_00009517.JPEG
12,BigGAN,195,GenImage_test/BigGAN/test/nature/ILSVRC2012_val_00015351.JPEG
12,BigGAN,196,GenImage_test/BigGAN/test/nature/ILSVRC2012_val_00002440.JPEG
12,BigGAN,197,GenImage_test/BigGAN/test/nature/ILSVRC2012_val_00002103.JPEG
12,BigGAN,198,GenImage_test/BigGAN/test/nature/ILSVRC2012_val_00014907.JPEG
12,BigGAN,199,GenImage_test/BigGAN/test/nature/ILSVRC2012_val_00025414.JPEG
12,BigGAN,200,GenImage_test/BigGAN/test/nature/ILSVRC2012_val_00049508.JPEG
12,BigGAN,201,GenImage_test/BigGAN/test/nature/ILSVRC2012_val_00036628.JPEG
12,BigGAN,202,GenImage_test/BigGAN/test/ai/345_biggan_00127.png
12,BigGAN,203,GenImage_test/BigGAN/test/nature/ILSVRC2012_val_00048458.JPEG
12,BigGAN,204,GenImage_test/BigGAN/test/ai/503_biggan_00039.png
12,BigGAN,205,GenImage_test/BigGAN/test/ai/728_biggan_00020.png
12,BigGAN,206,GenImage_test/BigGAN/test/nature/ILSVRC2012_val_00009507.JPEG
12,BigGAN,207,GenImage_test/BigGAN/test/nature/ILSVRC2012_val_00047258.JPEG
13,BigGAN,208,GenImage_test/BigGAN/test/ai/655_biggan_00039.png
13,BigGAN,209,GenImage_test/BigGAN/test/nature/ILSVRC2012_val_00028903.JPEG
13,BigGAN,210,GenImage_test/BigGAN/test/ai/873_biggan_00035.png
13,BigGAN,211,GenImage_test/BigGAN/test/ai/840_biggan_00143.png
13,BigGAN,212,GenImage_test/BigGAN/test/ai/801_biggan_00020.png
13,BigGAN,213,GenImage_test/BigGAN/test/ai/083_biggan_00020.png
13,BigGAN,214,GenImage_test/BigGAN/test/ai/270_biggan_00143.png
13,BigGAN,215,GenImage_test/BigGAN/test/ai/146_biggan_00074.png
13,BigGAN,216,GenImage_test/BigGAN/test/ai/301_biggan_00143.png
13,BigGAN,217,GenImage_test/BigGAN/test/ai/027_biggan_00039.png
13,BigGAN,218,GenImage_test/BigGAN/test/ai/016_biggan_00035.png
13,BigGAN,219,GenImage_test/BigGAN/test/nature/ILSVRC2012_val_00035956.JPEG
13,BigGAN,220,GenImage_test/BigGAN/test/ai/655_biggan_00127.png
13,BigGAN,221,GenImage_test/BigGAN/test/nature/ILSVRC2012_val_00001516.JPEG
13,BigGAN,222,GenImage_test/BigGAN/test/ai/310_biggan_00074.png
13,BigGAN,223,GenImage_test/BigGAN/test/nature/ILSVRC2012_val_00041672.JPEG
14,BigGAN,224,GenImage_test/BigGAN/test/nature/ILSVRC2012_val_00001786.JPEG
14,BigGAN,225,GenImage_test/BigGAN/test/ai/296_biggan_00020.png
14,BigGAN,226,GenImage_test/BigGAN/test/nature/ILSVRC2012_val_00013273.JPEG
14,BigGAN,227,GenImage_test/BigGAN/test/nature/ILSVRC2012_val_00014124.JPEG
14,BigGAN,228,GenImage_test/BigGAN/test/ai/487_biggan_00035.png
14,BigGAN,229,GenImage_test/BigGAN/test/nature/ILSVRC2012_val_00042014.JPEG
14,BigGAN,230,GenImage_test/BigGAN/test/ai/179_biggan_00074.png
14,BigGAN,231,GenImage_test/BigGAN/test/nature/ILSVRC2012_val_00026692.JPEG
14,BigGAN,232,GenImage_test/BigGAN/test/ai/048_biggan_00074.png
14,BigGAN,233,GenImage_test/BigGAN/test/nature/ILSVRC2012_val_00043449.JPEG
14,BigGAN,234,GenImage_test/BigGAN/test/nature/ILSVRC2012_val_00015560.JPEG
14,BigGAN,235,GenImage_test/BigGAN/test/ai/545_biggan_00143.png
14,BigGAN,236,GenImage_test/BigGAN/test/nature/ILSVRC2012_val_00048419.JPEG
14,BigGAN,237,GenImage_test/BigGAN/test/ai/040_biggan_00074.png
14,BigGAN,238,GenImage_test/BigGAN/test/nature/ILSVRC2012_val_00004071.JPEG
14,BigGAN,239,GenImage_test/BigGAN/test/ai/815_biggan_00143.png
15,BigGAN,240,GenImage_test/BigGAN/test/ai/170_biggan_00020.png
15,BigGAN,241,GenImage_test/BigGAN/test/ai/363_biggan_00035.png
15,BigGAN,242,GenImage_test/BigGAN/test/nature/ILSVRC2012_val_00013631.JPEG
15,BigGAN,243,GenImage_test/BigGAN/test/ai/906_biggan_00039.png
15,BigGAN,244,GenImage_test/BigGAN/test/ai/461_biggan_00039.png
15,BigGAN,245,GenImage_test/BigGAN/test/ai/088_biggan_00127.png
15,BigGAN,246,GenImage_test/BigGAN/test/ai/953_biggan_00035.png
15,BigGAN,247,GenImage_test/BigGAN/test/ai/896_biggan_00143.png
15,BigGAN,248,GenImage_test/BigGAN/test/nature/ILSVRC2012_val_00039108.JPEG
15,BigGAN,249,GenImage_test/BigGAN/test/ai/533_biggan_00143.png
15,BigGAN,250,GenImage_test/BigGAN/test/ai/889_biggan_00020.png
15,BigGAN,251,GenImage_test/BigGAN/test/ai/291_biggan_00020.png
15,BigGAN,252,GenImage_test/BigGAN/test/nature/ILSVRC2012_val_00028921.JPEG
15,BigGAN,253,GenImage_test/BigGAN/test/nature/ILSVRC2012_val_00012987.JPEG
15,BigGAN,254,GenImage_test/BigGAN/test/nature/ILSVRC2012_val_00049236.JPEG
15,BigGAN,255,GenImage_test/BigGAN/test/ai/172_biggan_00039.png
16,BigGAN,256,GenImage_test/BigGAN/test/ai/851_biggan_00035.png
16,BigGAN,257,GenImage_test/BigGAN/test/ai/505_biggan_00020.png
16,BigGAN,258,GenImage_test/BigGAN/test/ai/246_biggan_00127.png
16,BigGAN,259,GenImage_test/BigGAN/test/ai/487_biggan_00020.png
16,BigGAN,260,GenImage_test/BigGAN/test/nature/ILSVRC2012_val_00048420.JPEG
16,BigGAN,261,GenImage_test/BigGAN/test/nature/ILSVRC2012_val_00044988.JPEG
16,BigGAN,262,GenImage_test/BigGAN/test/ai/889_biggan_00039.png
16,BigGAN,263,GenImage_test/BigGAN/test/ai/294_biggan_00074.png
16,BigGAN,264,GenImage_test/BigGAN/test/ai/452_biggan_00020.png
16,BigGAN,265,GenImage_test/BigGAN/test/ai/767_biggan_00074.png
16,BigGAN,266,GenImage_test/BigGAN/test/nature/ILSVRC2012_val_00038804.JPEG
16,BigGAN,267,GenImage_test/BigGAN/test/nature/ILSVRC2012_val_00010508.JPEG
16,BigGAN,268,GenImage_test/BigGAN/test/ai/099_biggan_00020.png
16,BigGAN,269,GenImage_test/BigGAN/test/nature/ILSVRC2012_val_00018753.JPEG
16,BigGAN,270,GenImage_test/BigGAN/test/ai/097_biggan_00127.png
16,BigGAN,271,GenImage_test/BigGAN/test/ai/517_biggan_00074.png
17,BigGAN,272,GenImage_test/BigGAN/test/nature/ILSVRC2012_val_00023416.JPEG
17,BigGAN,273,GenImage_test/BigGAN/test/ai/712_biggan_00035.png
17,BigGAN,274,GenImage_test/BigGAN/test/nature/ILSVRC2012_val_00019811.JPEG
17,BigGAN,275,GenImage_test/BigGAN/test/ai/484_biggan_00035.png
17,BigGAN,276,GenImage_test/BigGAN/test/ai/575_biggan_00020.png
17,BigGAN,277,GenImage_test/BigGAN/test/ai/195_biggan_00039.png
17,BigGAN,278,GenImage_test/BigGAN/test/ai/691_biggan_00035.png
17,BigGAN,279,GenImage_test/BigGAN/test/ai/899_biggan_00035.png
17,BigGAN,280,GenImage_test/BigGAN/test/nature/ILSVRC2012_val_00024718.JPEG
17,BigGAN,281,GenImage_test/BigGAN/test/ai/455_biggan_00143.png
17,BigGAN,282,GenImage_test/BigGAN/test/nature/ILSVRC2012_val_00033616.JPEG
17,BigGAN,283,GenImage_test/BigGAN/test/ai/310_biggan_00127.png
17,BigGAN,284,GenImage_test/BigGAN/test/nature/ILSVRC2012_val_00038178.JPEG
17,BigGAN,285,GenImage_test/BigGAN/test/nature/ILSVRC2012_val_00034516.JPEG
17,BigGAN,286,GenImage_test/BigGAN/test/nature/ILSVRC2012_val_00047064.JPEG
17,BigGAN,287,GenImage_test/BigGAN/test/ai/550_biggan_00035.png
18,BigGAN,288,GenImage_test/BigGAN/test/nature/ILSVRC2012_val_00021973.JPEG
18,BigGAN,289,GenImage_test/BigGAN/test/nature/ILSVRC2012_val_00032941.JPEG
18,BigGAN,290,GenImage_test/BigGAN/test/ai/324_biggan_00035.png
18,BigGAN,291,GenImage_test/BigGAN/test/nature/ILSVRC2012_val_00028485.JPEG
18,BigGAN,292,GenImage_test/BigGAN/test/ai/460_biggan_00039.png
18,BigGAN,293,GenImage_test/BigGAN/test/nature/ILSVRC2012_val_00012309.JPEG
18,BigGAN,294,GenImage_test/BigGAN/test/nature/ILSVRC2012_val_00043858.JPEG
18,BigGAN,295,GenImage_test/BigGAN/test/ai/858_biggan_00035.png
18,BigGAN,296,GenImage_test/BigGAN/test/ai/234_biggan_00143.png
18,BigGAN,297,GenImage_test/BigGAN/test/ai/675_biggan_00035.png
18,BigGAN,298,GenImage_test/BigGAN/test/ai/886_biggan_00074.png
18,BigGAN,299,GenImage_test/BigGAN/test/nature/ILSVRC2012_val_00004609.JPEG
18,BigGAN,300,GenImage_test/BigGAN/test/ai/731_biggan_00143.png
18,BigGAN,301,GenImage_test/BigGAN/test/nature/ILSVRC2012_val_00002046.JPEG
18,BigGAN,302,GenImage_test/BigGAN/test/nature/ILSVRC2012_val_00031655.JPEG
18,BigGAN,303,GenImage_test/BigGAN/test/ai/029_biggan_00020.png
19,BigGAN,304,GenImage_test/BigGAN/test/nature/ILSVRC2012_val_00048437.JPEG
19,BigGAN,305,GenImage_test/BigGAN/test/ai/658_biggan_00127.png
19,BigGAN,306,GenImage_test/BigGAN/test/nature/ILSVRC2012_val_00046582.JPEG
19,BigGAN,307,GenImage_test/BigGAN/test/nature/ILSVRC2012_val_00042992.JPEG
19,BigGAN,308,GenImage_test/BigGAN/test/ai/228_biggan_00035.png
19,BigGAN,309,GenImage_test/BigGAN/test/ai/687_biggan_00020.png
19,BigGAN,310,GenImage_test/BigGAN/test/nature/ILSVRC2012_val_00023646.JPEG
19,BigGAN,311,GenImage_test/BigGAN/test/nature/ILSVRC2012_val_00012141.JPEG
19,BigGAN,312,GenImage_test/BigGAN/test/nature/ILSVRC2012_val_00014819.JPEG
19,BigGAN,313,GenImage_test/BigGAN/test/ai/633_biggan_00035.png
19,BigGAN,314,GenImage_test/BigGAN/test/ai/577_biggan_00039.png
19,BigGAN,315,GenImage_test/BigGAN/test/ai/025_biggan_00039.png
19,BigGAN,316,GenImage_test/BigGAN/test/nature/ILSVRC2012_val_00023955.JPEG
19,BigGAN,317,GenImage_test/BigGAN/test/nature/ILSVRC2012_val_00020942.JPEG
19,BigGAN,318,GenImage_test/BigGAN/test/nature/ILSVRC2012_val_00043899.JPEG
19,BigGAN,319,GenImage_test/BigGAN/test/ai/826_biggan_00039.png
20,BigGAN,320,GenImage_test/BigGAN/test/nature/ILSVRC2012_val_00043119.JPEG
20,BigGAN,321,GenImage_test/BigGAN/test/ai/979_biggan_00143.png
20,BigGAN,322,GenImage_test/BigGAN/test/ai/043_biggan_00127.png
20,BigGAN,323,GenImage_test/BigGAN/test/ai/555_biggan_00039.png
20,BigGAN,324,GenImage_test/BigGAN/test/nature/ILSVRC2012_val_00039348.JPEG
20,BigGAN,325,GenImage_test/BigGAN/test/nature/ILSVRC2012_val_00027170.JPEG
20,BigGAN,326,GenImage_test/BigGAN/test/nature/ILSVRC2012_val_00020036.JPEG
20,BigGAN,327,GenImage_test/BigGAN/test/nature/ILSVRC2012_val_00025706.JPEG
20,BigGAN,328,GenImage_test/BigGAN/test/nature/ILSVRC2012_val_00041354.JPEG
20,BigGAN,329,GenImage_test/BigGAN/test/ai/300_biggan_00035.png
20,BigGAN,330,GenImage_test/BigGAN/test/nature/ILSVRC2012_val_00001105.JPEG
20,BigGAN,331,GenImage_test/BigGAN/test/nature/ILSVRC2012_val_00024361.JPEG
20,BigGAN,332,GenImage_test/BigGAN/test/nature/ILSVRC2012_val_00018303.JPEG
20,BigGAN,333,GenImage_test/BigGAN/test/ai/550_biggan_00143.png
20,BigGAN,334,GenImage_test/BigGAN/test/ai/096_biggan_00039.png
20,BigGAN,335,GenImage_test/BigGAN/test/nature/ILSVRC2012_val_00020504.JPEG
21,BigGAN,336,GenImage_test/BigGAN/test/ai/610_biggan_00074.png
21,BigGAN,337,GenImage_test/BigGAN/test/nature/ILSVRC2012_val_00026921.JPEG
21,BigGAN,338,GenImage_test/BigGAN/test/ai/048_biggan_00020.png
21,BigGAN,339,GenImage_test/BigGAN/test/ai/671_biggan_00074.png
21,BigGAN,340,GenImage_test/BigGAN/test/nature/ILSVRC2012_val_00014488.JPEG
21,BigGAN,341,GenImage_test/BigGAN/test/nature/ILSVRC2012_val_00048651.JPEG
21,BigGAN,342,GenImage_test/BigGAN/test/nature/ILSVRC2012_val_00023243.JPEG
21,BigGAN,343,GenImage_test/BigGAN/test/ai/933_biggan_00143.png
21,BigGAN,344,GenImage_test/BigGAN/test/ai/937_biggan_00020.png
21,BigGAN,345,GenImage_test/BigGAN/test/nature/ILSVRC2012_val_00005348.JPEG
21,BigGAN,346,GenImage_test/BigGAN/test/ai/547_biggan_00035.png
21,BigGAN,347,GenImage_test/BigGAN/test/ai/087_biggan_00127.png
21,BigGAN,348,GenImage_test/BigGAN/test/nature/ILSVRC2012_val_00028111.JPEG
21,BigGAN,349,GenImage_test/BigGAN/test/ai/793_biggan_00074.png
21,BigGAN,350,GenImage_test/BigGAN/test/ai/358_biggan_00074.png
21,BigGAN,351,GenImage_test/BigGAN/test/ai/262_biggan_00035.png
22,BigGAN,352,GenImage_test/BigGAN/test/ai/599_biggan_00127.png
22,BigGAN,353,GenImage_test/BigGAN/test/nature/ILSVRC2012_val_00014744.JPEG
22,BigGAN,354,GenImage_test/BigGAN/test/ai/801_biggan_00143.png
22,BigGAN,355,GenImage_test/BigGAN/test/ai/680_biggan_00143.png
22,BigGAN,356,GenImage_test/BigGAN/test/ai/800_biggan_00035.png
22,BigGAN,357,GenImage_test/BigGAN/test/nature/ILSVRC2012_val_00014192.JPEG
22,BigGAN,358,GenImage_test/BigGAN/test/ai/585_biggan_00143.png
22,BigGAN,359,GenImage_test/BigGAN/test/nature/ILSVRC2012_val_00018070.JPEG
22,BigGAN,360,GenImage_test/BigGAN/test/ai/975_biggan_00020.png
22,BigGAN,361,GenImage_test/BigGAN/test/nature/ILSVRC2012_val_00016958.JPEG
22,BigGAN,362,GenImage_test/BigGAN/test/nature/ILSVRC2012_val_00008926.JPEG
22,BigGAN,363,GenImage_test/BigGAN/test/ai/679_biggan_00020.png
22,BigGAN,364,GenImage_test/BigGAN/test/nature/ILSVRC2012_val_00022761.JPEG
22,BigGAN,365,GenImage_test/BigGAN/test/ai/147_biggan_00020.png
22,BigGAN,366,GenImage_test/BigGAN/test/nature/ILSVRC2012_val_00049471.JPEG
22,BigGAN,367,GenImage_test/BigGAN/test/ai/398_biggan_00074.png
23,BigGAN,368,GenImage_test/BigGAN/test/ai/825_biggan_00074.png
23,BigGAN,369,GenImage_test/BigGAN/test/nature/ILSVRC2012_val_00012026.JPEG
23,BigGAN,370,GenImage_test/BigGAN/test/ai/714_biggan_00020.png
23,BigGAN,371,GenImage_test/BigGAN/test/ai/193_biggan_00074.png
23,BigGAN,372,GenImage_test/BigGAN/test/nature/ILSVRC2012_val_00001910.JPEG
23,BigGAN,373,GenImage_test/BigGAN/test/nature/ILSVRC2012_val_00021935.JPEG
23,BigGAN,374,GenImage_test/BigGAN/test/ai/308_biggan_00035.png
23,BigGAN,375,GenImage_test/BigGAN/test/nature/ILSVRC2012_val_00016308.JPEG
23,BigGAN,376,GenImage_test/BigGAN/test/ai/735_biggan_00143.png
23,BigGAN,377,GenImage_test/BigGAN/test/nature/ILSVRC2012_val_00030091.JPEG
23,BigGAN,378,GenImage_test/BigGAN/test/nature/ILSVRC2012_val_00046875.JPEG
23,BigGAN,379,GenImage_test/BigGAN/test/nature/ILSVRC2012_val_00041287.JPEG
23,BigGAN,380,GenImage_test/BigGAN/test/ai/802_biggan_00020.png
23,BigGAN,381,GenImage_test/BigGAN/test/nature/ILSVRC2012_val_00038801.JPEG
23,BigGAN,382,GenImage_test/BigGAN/test/nature/ILSVRC2012_val_00033611.JPEG
23,BigGAN,383,GenImage_test/BigGAN/test/nature/ILSVRC2012_val_00002429.JPEG
24,BigGAN,384,GenImage_test/BigGAN/test/ai/651_biggan_00039.png
24,BigGAN,385,GenImage_test/BigGAN/test/nature/ILSVRC2012_val_00030777.JPEG
24,BigGAN,386,GenImage_test/BigGAN/test/nature/ILSVRC2012_val_00010397.JPEG
24,BigGAN,387,GenImage_test/BigGAN/test/ai/925_biggan_00035.png
24,BigGAN,388,GenImage_test/BigGAN/test/nature/ILSVRC2012_val_00018716.JPEG
24,BigGAN,389,GenImage_test/BigGAN/test/nature/ILSVRC2012_val_00007939.JPEG
24,BigGAN,390,GenImage_test/BigGAN/test/nature/ILSVRC2012_val_00012524.JPEG
24,BigGAN,391,GenImage_test/BigGAN/test/ai/801_biggan_00127.png
24,BigGAN,392,GenImage_test/BigGAN/test/ai/829_biggan_00020.png
24,BigGAN,393,GenImage_test/BigGAN/test/nature/ILSVRC2012_val_00046418.JPEG
24,BigGAN,394,GenImage_test/BigGAN/test/nature/ILSVRC2012_val_00020762.JPEG
24,BigGAN,395,GenImage_test/BigGAN/test/ai/337_biggan_00039.png
24,BigGAN,396,GenImage_test/BigGAN/test/nature/ILSVRC2012_val_00046529.JPEG
24,BigGAN,397,GenImage_test/BigGAN/test/ai/966_biggan_00074.png
24,BigGAN,398,GenImage_test/BigGAN/test/nature/ILSVRC2012_val_00009603.JPEG
24,BigGAN,399,GenImage_test/BigGAN/test/ai/136_biggan_00074.png
25,BigGAN,400,GenImage_test/BigGAN/test/ai/678_biggan_00143.png
25,BigGAN,401,GenImage_test/BigGAN/test/ai/375_biggan_00039.png
25,BigGAN,402,GenImage_test/BigGAN/test/nature/ILSVRC2012_val_00018143.JPEG
25,BigGAN,403,GenImage_test/BigGAN/test/ai/958_biggan_00074.png
25,BigGAN,404,GenImage_test/BigGAN/test/nature/ILSVRC2012_val_00030487.JPEG
25,BigGAN,405,GenImage_test/BigGAN/test/ai/740_biggan_00074.png
25,BigGAN,406,GenImage_test/BigGAN/test/ai/503_biggan_00127.png
25,BigGAN,407,GenImage_test/BigGAN/test/nature/ILSVRC2012_val_00025668.JPEG
25,BigGAN,408,GenImage_test/BigGAN/test/ai/340_biggan_00143.png
25,BigGAN,409,GenImage_test/BigGAN/test/ai/917_biggan_00127.png
25,BigGAN,410,GenImage_test/BigGAN/test/nature/ILSVRC2012_val_00011670.JPEG
25,BigGAN,411,GenImage_test/BigGAN/test/ai/339_biggan_00039.png
25,BigGAN,412,GenImage_test/BigGAN/test/nature/ILSVRC2012_val_00025417.JPEG
25,BigGAN,413,GenImage_test/BigGAN/test/ai/051_biggan_00020.png
25,BigGAN,414,GenImage_test/BigGAN/test/nature/ILSVRC2012_val_00005340.JPEG
25,BigGAN,415,GenImage_test/BigGAN/test/ai/370_biggan_00020.png
26,BigGAN,416,GenImage_test/BigGAN/test/ai/007_biggan_00127.png
26,BigGAN,417,GenImage_test/BigGAN/test/nature/ILSVRC2012_val_00048811.JPEG
26,BigGAN,418,GenImage_test/BigGAN/test/nature/ILSVRC2012_val_00009472.JPEG
26,BigGAN,419,GenImage_test/BigGAN/test/nature/ILSVRC2012_val_00003416.JPEG
26,BigGAN,420,GenImage_test/BigGAN/test/nature/ILSVRC2012_val_00019491.JPEG
26,BigGAN,421,GenImage_test/BigGAN/test/nature/ILSVRC2012_val_00014034.JPEG
26,BigGAN,422,GenImage_test/BigGAN/test/ai/337_biggan_00127.png
26,BigGAN,423,GenImage_test/BigGAN/test/nature/ILSVRC2012_val_00039173.JPEG
26,BigGAN,424,GenImage_test/BigGAN/test/nature/ILSVRC2012_val_00049843.JPEG
26,BigGAN,425,GenImage_test/BigGAN/test/ai/963_biggan_00143.png
26,BigGAN,426,GenImage_test/BigGAN/test/ai/468_biggan_00020.png
26,BigGAN,427,GenImage_test/BigGAN/test/ai/411_biggan_00020.png
26,BigGAN,428,GenImage_test/BigGAN/test/nature/ILSVRC2012_val_00018263.JPEG
26,BigGAN,429,GenImage_test/BigGAN/test/ai/947_biggan_00035.png
26,BigGAN,430,GenImage_test/BigGAN/test/ai/615_biggan_00035.png
26,BigGAN,431,GenImage_test/BigGAN/test/ai/788_biggan_00074.png
27,BigGAN,432,GenImage_test/BigGAN/test/nature/ILSVRC2012_val_00045732.JPEG
27,BigGAN,433,GenImage_test/BigGAN/test/nature/ILSVRC2012_val_00044008.JPEG
27,BigGAN,434,GenImage_test/BigGAN/test/ai/230_biggan_00127.png
27,BigGAN,435,GenImage_test/BigGAN/test/ai/453_biggan_00074.png
27,BigGAN,436,GenImage_test/BigGAN/test/nature/ILSVRC2012_val_00024121.JPEG
27,BigGAN,437,GenImage_test/BigGAN/test/nature/ILSVRC2012_val_00043071.JPEG
27,BigGAN,438,GenImage_test/BigGAN/test/nature/ILSVRC2012_val_00002884.JPEG
27,BigGAN,439,GenImage_test/BigGAN/test/ai/194_biggan_00020.png
27,BigGAN,440,GenImage_test/BigGAN/test/ai/362_biggan_00127.png
27,BigGAN,441,GenImage_test/BigGAN/test/nature/ILSVRC2012_val_00042910.JPEG
27,BigGAN,442,GenImage_test/BigGAN/test/ai/545_biggan_00127.png
27,BigGAN,443,GenImage_test/BigGAN/test/ai/398_biggan_00035.png
27,BigGAN,444,GenImage_test/BigGAN/test/ai/821_biggan_00020.png
27,BigGAN,445,GenImage_test/BigGAN/test/nature/ILSVRC2012_val_00043471.JPEG
27,BigGAN,446,GenImage_test/BigGAN/test/nature/ILSVRC2012_val_00043066.JPEG
27,BigGAN,447,GenImage_test/BigGAN/test/nature/ILSVRC2012_val_00011265.JPEG
28,BigGAN,448,GenImage_test/BigGAN/test/nature/ILSVRC2012_val_00015950.JPEG
28,BigGAN,449,GenImage_test/BigGAN/test/nature/ILSVRC2012_val_00016600.JPEG
28,BigGAN,450,GenImage_test/BigGAN/test/ai/575_biggan_00035.png
28,BigGAN,451,GenImage_test/BigGAN/test/nature/ILSVRC2012_val_00006789.JPEG
28,BigGAN,452,GenImage_test/BigGAN/test/nature/ILSVRC2012_val_00021914.JPEG
28,BigGAN,453,GenImage_test/BigGAN/test/nature/ILSVRC2012_val_00024758.JPEG
28,BigGAN,454,GenImage_test/BigGAN/test/nature/ILSVRC2012_val_00004758.JPEG
28,BigGAN,455,GenImage_test/BigGAN/test/ai/031_biggan_00143.png
28,BigGAN,456,GenImage_test/BigGAN/test/nature/ILSVRC2012_val_00026410.JPEG
28,BigGAN,457,GenImage_test/BigGAN/test/nature/ILSVRC2012_val_00013078.JPEG
28,BigGAN,458,GenImage_test/BigGAN/test/ai/992_biggan_00020.png
28,BigGAN,459,GenImage_test/BigGAN/test/nature/ILSVRC2012_val_00046726.JPEG
28,BigGAN,460,GenImage_test/BigGAN/test/ai/265_biggan_00039.png
28,BigGAN,461,GenImage_test/BigGAN/test/nature/ILSVRC2012_val_00011397.JPEG
28,BigGAN,462,GenImage_test/BigGAN/test/ai/267_biggan_00020.png
28,BigGAN,463,GenImage_test/BigGAN/test/nature/ILSVRC2012_val_00021380.JPEG
29,BigGAN,464,GenImage_test/BigGAN/test/nature/ILSVRC2012_val_00012299.JPEG
29,BigGAN,465,GenImage_test/BigGAN/test/ai/402_biggan_00074.png
29,BigGAN,466,GenImage_test/BigGAN/test/nature/ILSVRC2012_val_00034723.JPEG
29,BigGAN,467,GenImage_test/BigGAN/test/ai/909_biggan_00127.png
29,BigGAN,468,GenImage_test/BigGAN/test/nature/ILSVRC2012_val_00030469.JPEG
29,BigGAN,469,GenImage_test/BigGAN/test/ai/502_biggan_00143.png
29,BigGAN,470,GenImage_test/BigGAN/test/ai/371_biggan_00039.png
29,BigGAN,471,GenImage_test/BigGAN/test/nature/ILSVRC2012_val_00004136.JPEG
29,BigGAN,472,GenImage_test/BigGAN/test/nature/ILSVRC2012_val_00020601.JPEG
29,BigGAN,473,GenImage_test/BigGAN/test/nature/ILSVRC2012_val_00008885.JPEG
29,BigGAN,474,GenImage_test/BigGAN/test/ai/111_biggan_00020.png
29,BigGAN,475,GenImage_test/BigGAN/test/nature/ILSVRC2012_val_00012811.JPEG
29,BigGAN,476,GenImage_test/BigGAN/test/nature/ILSVRC2012_val_00044933.JPEG
29,BigGAN,477,GenImage_test/BigGAN/test/ai/930_biggan_00035.png
29,BigGAN,478,GenImage_test/BigGAN/test/ai/352_biggan_00035.png
29,BigGAN,479,GenImage_test/BigGAN/test/nature/ILSVRC2012_val_00015675.JPEG
30,BigGAN,480,GenImage_test/BigGAN/test/nature/ILSVRC2012_val_00017697.JPEG
30,BigGAN,481,GenImage_test/BigGAN/test/ai/341_biggan_00020.png
30,BigGAN,482,GenImage_test/BigGAN/test/nature/ILSVRC2012_val_00004634.JPEG
30,BigGAN,483,GenImage_test/BigGAN/test/nature/ILSVRC2012_val_00004224.JPEG
30,BigGAN,484,GenImage_test/BigGAN/test/nature/ILSVRC2012_val_00014813.JPEG
30,BigGAN,485,GenImage_test/BigGAN/test/nature/ILSVRC2012_val_00049572.JPEG
30,BigGAN,486,GenImage_test/BigGAN/test/nature/ILSVRC2012_val_00019569.JPEG
30,BigGAN,487,GenImage_test/BigGAN/test/ai/421_biggan_00039.png
30,BigGAN,488,GenImage_test/BigGAN/test/ai/375_biggan_00035.png
30,BigGAN,489,GenImage_test/BigGAN/test/nature/ILSVRC2012_val_00025738.JPEG
30,BigGAN,490,GenImage_test/BigGAN/test/nature/ILSVRC2012_val_00035698.JPEG
30,BigGAN,491,GenImage_test/BigGAN/test/nature/ILSVRC2012_val_00004899.JPEG
30,BigGAN,492,GenImage_test/BigGAN/test/ai/526_biggan_00074.png
30,BigGAN,493,GenImage_test/BigGAN/test/ai/658_biggan_00039.png
30,BigGAN,494,GenImage_test/BigGAN/test/ai/267_biggan_00039.png
30,BigGAN,495,GenImage_test/BigGAN/test/ai/317_biggan_00035.png
31,BigGAN,496,GenImage_test/BigGAN/test/nature/ILSVRC2012_val_00012317.JPEG
31,BigGAN,497,GenImage_test/BigGAN/test/nature/ILSVRC2012_val_00001456.JPEG
31,BigGAN,498,GenImage_test/BigGAN/test/ai/447_biggan_00074.png
31,BigGAN,499,GenImage_test/BigGAN/test/nature/ILSVRC2012_val_00023074.JPEG
31,BigGAN,500,GenImage_test/BigGAN/test/ai/660_biggan_00074.png
31,BigGAN,501,GenImage_test/BigGAN/test/ai/630_biggan_00039.png
31,BigGAN,502,GenImage_test/BigGAN/test/ai/653_biggan_00020.png
31,BigGAN,503,GenImage_test/BigGAN/test/ai/313_biggan_00020.png
31,BigGAN,504,GenImage_test/BigGAN/test/nature/ILSVRC2012_val_00009513.JPEG
31,BigGAN,505,GenImage_test/BigGAN/test/ai/627_biggan_00039.png
31,BigGAN,506,GenImage_test/BigGAN/test/nature/ILSVRC2012_val_00048631.JPEG
31,BigGAN,507,GenImage_test/BigGAN/test/ai/649_biggan_00035.png
31,BigGAN,508,GenImage_test/BigGAN/test/ai/830_biggan_00020.png
31,BigGAN,509,GenImage_test/BigGAN/test/ai/042_biggan_00143.png
31,BigGAN,510,GenImage_test/BigGAN/test/nature/ILSVRC2012_val_00025740.JPEG
31,BigGAN,511,GenImage_test/BigGAN/test/nature/ILSVRC2012_val_00040184.JPEG
32,BigGAN,512,GenImage_test/BigGAN/test/ai/887_biggan_00143.png
32,BigGAN,513,GenImage_test/BigGAN/test/ai/176_biggan_00020.png
32,BigGAN,514,GenImage_test/BigGAN/test/nature/ILSVRC2012_val_00009384.JPEG
32,BigGAN,515,GenImage_test/BigGAN/test/ai/616_biggan_00127.png
32,BigGAN,516,GenImage_test/BigGAN/test/nature/ILSVRC2012_val_00033150.JPEG
32,BigGAN,517,GenImage_test/BigGAN/test/nature/ILSVRC2012_val_00047622.JPEG
32,BigGAN,518,GenImage_test/BigGAN/test/nature/ILSVRC2012_val_00006475.JPEG
32,BigGAN,519,GenImage_test/BigGAN/test/nature/ILSVRC2012_val_00038395.JPEG
32,BigGAN,520,GenImage_test/BigGAN/test/ai/473_biggan_00143.png
32,BigGAN,521,GenImage_test/BigGAN/test/ai/776_biggan_00143.png
32,BigGAN,522,GenImage_test/BigGAN/test/ai/798_biggan_00039.png
32,BigGAN,523,GenImage_test/BigGAN/test/ai/549_biggan_00127.png
32,BigGAN,524,GenImage_test/BigGAN/test/ai/645_biggan_00035.png
32,BigGAN,525,GenImage_test/BigGAN/test/ai/513_biggan_00074.png
32,BigGAN,526,GenImage_test/BigGAN/test/nature/ILSVRC2012_val_00023304.JPEG
32,BigGAN,527,GenImage_test/BigGAN/test/nature/ILSVRC2012_val_00019367.JPEG
33,BigGAN,528,GenImage_test/BigGAN/test/nature/ILSVRC2012_val_00036498.JPEG
33,BigGAN,529,GenImage_test/BigGAN/test/nature/ILSVRC2012_val_00023145.JPEG
33,BigGAN,530,GenImage_test/BigGAN/test/nature/ILSVRC2012_val_00045517.JPEG
33,BigGAN,531,GenImage_test/BigGAN/test/nature/ILSVRC2012_val_00032190.JPEG
33,BigGAN,532,GenImage_test/BigGAN/test/nature/ILSVRC2012_val_00012266.JPEG
33,BigGAN,533,GenImage_test/BigGAN/test/ai/069_biggan_00035.png
33,BigGAN,534,GenImage_test/BigGAN/test/nature/ILSVRC2012_val_00036074.JPEG
33,BigGAN,535,GenImage_test/BigGAN/test/ai/214_biggan_00127.png
33,BigGAN,536,GenImage_test/BigGAN/test/nature/ILSVRC2012_val_00042536.JPEG
33,BigGAN,537,GenImage_test/BigGAN/test/ai/157_biggan_00143.png
33,BigGAN,538,GenImage_test/BigGAN/test/ai/295_biggan_00035.png
33,BigGAN,539,GenImage_test/BigGAN/test/ai/410_biggan_00039.png
33,BigGAN,540,GenImage_test/BigGAN/test/ai/811_biggan_00074.png
33,BigGAN,541,GenImage_test/BigGAN/test/nature/ILSVRC2012_val_00024319.JPEG
33,BigGAN,542,GenImage_test/BigGAN/test/ai/747_biggan_00020.png
33,BigGAN,543,GenImage_test/BigGAN/test/ai/104_biggan_00020.png
34,BigGAN,544,GenImage_test/BigGAN/test/ai/350_biggan_00035.png
34,BigGAN,545,GenImage_test/BigGAN/test/ai/133_biggan_00074.png
34,BigGAN,546,GenImage_test/BigGAN/test/ai/880_biggan_00020.png
34,BigGAN,547,GenImage_test/BigGAN/test/ai/528_biggan_00035.png
34,BigGAN,548,GenImage_test/BigGAN/test/ai/866_biggan_00143.png
34,BigGAN,549,GenImage_test/BigGAN/test/ai/636_biggan_00020.png
34,BigGAN,550,GenImage_test/BigGAN/test/nature/ILSVRC2012_val_00032763.JPEG
34,BigGAN,551,GenImage_test/BigGAN/test/nature/ILSVRC2012_val_00044562.JPEG
34,BigGAN,552,GenImage_test/BigGAN/test/nature/ILSVRC2012_val_00002730.JPEG
34,BigGAN,553,GenImage_test/BigGAN/test/ai/804_biggan_00020.png
34,BigGAN,554,GenImage_test/BigGAN/test/nature/ILSVRC2012_val_00015784.JPEG
34,BigGAN,555,GenImage_test/BigGAN/test/ai/073_biggan_00039.png
34,BigGAN,556,GenImage_test/BigGAN/test/nature/ILSVRC2012_val_00032841.JPEG
34,BigGAN,557,GenImage_test/BigGAN/test/nature/ILSVRC2012_val_00027246.JPEG
34,BigGAN,558,GenImage_test/BigGAN/test/nature/ILSVRC2012_val_00022255.JPEG
34,BigGAN,559,GenImage_test/BigGAN/test/nature/ILSVRC2012_val_00044304.JPEG
35,BigGAN,560,GenImage_test/BigGAN/test/ai/753_biggan_00074.png
35,BigGAN,561,GenImage_test/BigGAN/test/ai/466_biggan_00074.png
35,BigGAN,562,GenImage_test/BigGAN/test/nature/ILSVRC2012_val_00026500.JPEG
35,BigGAN,563,GenImage_test/BigGAN/test/ai/293_biggan_00127.png
35,BigGAN,564,GenImage_test/BigGAN/test/ai/968_biggan_00035.png
35,BigGAN,565,GenImage_test/BigGAN/test/nature/ILSVRC2012_val_00041654.JPEG
35,BigGAN,566,GenImage_test/BigGAN/test/nature/ILSVRC2012_val_00018789.JPEG
35,BigGAN,567,GenImage_test/BigGAN/test/nature/ILSVRC2012_val_00007546.JPEG
35,BigGAN,568,GenImage_test/BigGAN/test/nature/ILSVRC2012_val_00022111.JPEG
35,BigGAN,569,GenImage_test/BigGAN/test/nature/ILSVRC2012_val_00029073.JPEG
35,BigGAN,570,GenImage_test/BigGAN/test/ai/847_biggan_00074.png
35,BigGAN,571,GenImage_test/BigGAN/test/nature/ILSVRC2012_val_00024663.JPEG
35,BigGAN,572,GenImage_test/BigGAN/test/nature/ILSVRC2012_val_00004716.JPEG
35,BigGAN,573,GenImage_test/BigGAN/test/nature/ILSVRC2012_val_00006771.JPEG
35,BigGAN,574,GenImage_test/BigGAN/test/nature/ILSVRC2012_val_00016783.JPEG
35,BigGAN,575,GenImage_test/BigGAN/test/nature/ILSVRC2012_val_00001062.JPEG
36,BigGAN,576,GenImage_test/BigGAN/test/nature/ILSVRC2012_val_00004628.JPEG
36,BigGAN,577,GenImage_test/BigGAN/test/ai/238_biggan_00074.png
36,BigGAN,578,GenImage_test/BigGAN/test/nature/ILSVRC2012_val_00019988.JPEG
36,BigGAN,579,GenImage_test/BigGAN/test/ai/519_biggan_00074.png
36,BigGAN,580,GenImage_test/BigGAN/test/ai/740_biggan_00127.png
36,BigGAN,581,GenImage_test/BigGAN/test/nature/ILSVRC2012_val_00033502.JPEG
36,BigGAN,582,GenImage_test/BigGAN/test/nature/ILSVRC2012_val_00003633.JPEG
36,BigGAN,583,GenImage_test/BigGAN/test/nature/ILSVRC2012_val_00014074.JPEG
36,BigGAN,584,GenImage_test/BigGAN/test/ai/380_biggan_00039.png
36,BigGAN,585,GenImage_test/BigGAN/test/ai/472_biggan_00127.png
36,BigGAN,586,GenImage_test/BigGAN/test/nature/ILSVRC2012_val_00012017.JPEG
36,BigGAN,587,GenImage_test/BigGAN/test/ai/672_biggan_00020.png
36,BigGAN,588,GenImage_test/BigGAN/test/nature/ILSVRC2012_val_00004283.JPEG
36,BigGAN,589,GenImage_test/BigGAN/test/ai/414_biggan_00035.png
36,BigGAN,590,GenImage_test/BigGAN/test/nature/ILSVRC2012_val_00047054.JPEG
36,BigGAN,591,GenImage_test/BigGAN/test/nature/ILSVRC2012_val_00019903.JPEG
37,BigGAN,592,GenImage_test/BigGAN/test/nature/ILSVRC2012_val_00032971.JPEG
37,BigGAN,593,GenImage_test/BigGAN/test/ai/257_biggan_00074.png
37,BigGAN,594,GenImage_test/BigGAN/test/ai/618_biggan_00074.png
37,BigGAN,595,GenImage_test/BigGAN/test/ai/003_biggan_00039.png
37,BigGAN,596,GenImage_test/BigGAN/test/ai/720_biggan_00127.png
37,BigGAN,597,GenImage_test/BigGAN/test/nature/ILSVRC2012_val_00012394.JPEG
37,BigGAN,598,GenImage_test/BigGAN/test/nature/ILSVRC2012_val_00035276.JPEG
37,BigGAN,599,GenImage_test/BigGAN/test/nature/ILSVRC2012_val_00035536.JPEG
37,BigGAN,600,GenImage_test/BigGAN/test/ai/535_biggan_00039.png
37,BigGAN,601,GenImage_test/BigGAN/test/ai/937_biggan_00127.png
37,BigGAN,602,GenImage_test/BigGAN/test/nature/ILSVRC2012_val_00015935.JPEG
37,BigGAN,603,GenImage_test/BigGAN/test/ai/772_biggan_00035.png
37,BigGAN,604,GenImage_test/BigGAN/test/nature/ILSVRC2012_val_00033335.JPEG
37,BigGAN,605,GenImage_test/BigGAN/test/ai/335_biggan_00039.png
37,BigGAN,606,GenImage_test/BigGAN/test/nature/ILSVRC2012_val_00031817.JPEG
37,BigGAN,607,GenImage_test/BigGAN/test/ai/042_biggan_00074.png
38,BigGAN,608,GenImage_test/BigGAN/test/ai/910_biggan_00143.png
38,BigGAN,609,GenImage_test/BigGAN/test/nature/ILSVRC2012_val_00011820.JPEG
38,BigGAN,610,GenImage_test/BigGAN/test/ai/364_biggan_00127.png
38,BigGAN,611,GenImage_test/BigGAN/test/nature/ILSVRC2012_val_00010489.JPEG
38,BigGAN,612,GenImage_test/BigGAN/test/nature/ILSVRC2012_val_00043223.JPEG
38,BigGAN,613,GenImage_test/BigGAN/test/nature/ILSVRC2012_val_00019261.JPEG
38,BigGAN,614,GenImage_test/BigGAN/test/ai/929_biggan_00039.png
38,BigGAN,615,GenImage_test/BigGAN/test/nature/ILSVRC2012_val_00023123.JPEG
38,BigGAN,616,GenImage_test/BigGAN/test/ai/690_biggan_00127.png
38,BigGAN,617,GenImage_test/BigGAN/test/nature/ILSVRC2012_val_00017464.JPEG
38,BigGAN,618,GenImage_test/BigGAN/test/nature/ILSVRC2012_val_00027096.JPEG
38,BigGAN,619,GenImage_test/BigGAN/test/ai/039_biggan_00127.png
38,BigGAN,620,GenImage_test/BigGAN/test/nature/ILSVRC2012_val_00011473.JPEG
38,BigGAN,621,GenImage_test/BigGAN/test/ai/835_biggan_00074.png
38,BigGAN,622,GenImage_test/BigGAN/test/nature/ILSVRC2012_val_00000075.JPEG
38,BigGAN,623,GenImage_test/BigGAN/test/nature/ILSVRC2012_val_00031807.JPEG
39,BigGAN,624,GenImage_test/BigGAN/test/nature/ILSVRC2012_val_00017935.JPEG
39,BigGAN,625,GenImage_test/BigGAN/test/ai/036_biggan_00020.png
39,BigGAN,626,GenImage_test/BigGAN/test/nature/ILSVRC2012_val_00041910.JPEG
39,BigGAN,627,GenImage_test/BigGAN/test/ai/270_biggan_00074.png
39,BigGAN,628,GenImage_test/BigGAN/test/nature/ILSVRC2012_val_00042615.JPEG
39,BigGAN,629,GenImage_test/BigGAN/test/nature/ILSVRC2012_val_00044974.JPEG
39,BigGAN,630,GenImage_test/BigGAN/test/nature/ILSVRC2012_val_00030036.JPEG
39,BigGAN,631,GenImage_test/BigGAN/test/ai/444_biggan_00127.png
39,BigGAN,632,GenImage_test/BigGAN/test/ai/939_biggan_00143.png
39,BigGAN,633,GenImage_test/BigGAN/test/nature/ILSVRC2012_val_00010153.JPEG
39,BigGAN,634,GenImage_test/BigGAN/test/nature/ILSVRC2012_val_00024384.JPEG
39,BigGAN,635,GenImage_test/BigGAN/test/nature/ILSVRC2012_val_00041138.JPEG
39,BigGAN,636,GenImage_test/BigGAN/test/nature/ILSVRC2012_val_00028244.JPEG
39,BigGAN,637,GenImage_test/BigGAN/test/nature/ILSVRC2012_val_00042932.JPEG
39,BigGAN,638,GenImage_test/BigGAN/test/nature/ILSVRC2012_val_00003826.JPEG
39,BigGAN,639,GenImage_test/BigGAN/test/nature/ILSVRC2012_val_00008985.JPEG
40,BigGAN,640,GenImage_test/BigGAN/test/ai/484_biggan_00020.png
40,BigGAN,641,GenImage_test/BigGAN/test/ai/250_biggan_00035.png
40,BigGAN,642,GenImage_test/BigGAN/test/ai/567_biggan_00143.png
40,BigGAN,643,GenImage_test/BigGAN/test/nature/ILSVRC2012_val_00029896.JPEG
40,BigGAN,644,GenImage_test/BigGAN/test/nature/ILSVRC2012_val_00030097.JPEG
40,BigGAN,645,GenImage_test/BigGAN/test/nature/ILSVRC2012_val_00042444.JPEG
40,BigGAN,646,GenImage_test/BigGAN/test/nature/ILSVRC2012_val_00046985.JPEG
40,BigGAN,647,GenImage_test/BigGAN/test/nature/ILSVRC2012_val_00001702.JPEG
40,BigGAN,648,GenImage_test/BigGAN/test/nature/ILSVRC2012_val_00019293.JPEG
40,BigGAN,649,GenImage_test/BigGAN/test/nature/ILSVRC2012_val_00027587.JPEG
40,BigGAN,650,GenImage_test/BigGAN/test/ai/979_biggan_00020.png
40,BigGAN,651,GenImage_test/BigGAN/test/ai/871_biggan_00039.png
40,BigGAN,652,GenImage_test/BigGAN/test/ai/743_biggan_00020.png
40,BigGAN,653,GenImage_test/BigGAN/test/nature/ILSVRC2012_val_00042267.JPEG
40,BigGAN,654,GenImage_test/BigGAN/test/ai/833_biggan_00035.png
40,BigGAN,655,GenImage_test/BigGAN/test/nature/ILSVRC2012_val_00010539.JPEG
41,BigGAN,656,GenImage_test/BigGAN/test/ai/205_biggan_00035.png
41,BigGAN,657,GenImage_test/BigGAN/test/ai/959_biggan_00127.png
41,BigGAN,658,GenImage_test/BigGAN/test/ai/570_biggan_00127.png
41,BigGAN,659,GenImage_test/BigGAN/test/nature/ILSVRC2012_val_00049595.JPEG
41,BigGAN,660,GenImage_test/BigGAN/test/nature/ILSVRC2012_val_00027414.JPEG
41,BigGAN,661,GenImage_test/BigGAN/test/nature/ILSVRC2012_val_00035570.JPEG
41,BigGAN,662,GenImage_test/BigGAN/test/nature/ILSVRC2012_val_00001350.JPEG
41,BigGAN,663,GenImage_test/BigGAN/test/nature/ILSVRC2012_val_00000784.JPEG
41,BigGAN,664,GenImage_test/BigGAN/test/nature/ILSVRC2012_val_00034997.JPEG
41,BigGAN,665,GenImage_test/BigGAN/test/nature/ILSVRC2012_val_00004649.JPEG
41,BigGAN,666,GenImage_test/BigGAN/test/ai/747_biggan_00143.png
41,BigGAN,667,GenImage_test/BigGAN/test/ai/313_biggan_00127.png
41,BigGAN,668,GenImage_test/BigGAN/test/ai/985_biggan_00074.png
41,BigGAN,669,GenImage_test/BigGAN/test/nature/ILSVRC2012_val_00026718.JPEG
41,BigGAN,670,GenImage_test/BigGAN/test/nature/ILSVRC2012_val_00017033.JPEG
41,BigGAN,671,GenImage_test/BigGAN/test/nature/ILSVRC2012_val_00031319.JPEG
42,BigGAN,672,GenImage_test/BigGAN/test/ai/927_biggan_00039.png
42,BigGAN,673,GenImage_test/BigGAN/test/ai/494_biggan_00039.png
42,BigGAN,674,GenImage_test/BigGAN/test/nature/ILSVRC2012_val_00025035.JPEG
42,BigGAN,675,GenImage_test/BigGAN/test/nature/ILSVRC2012_val_00040698.JPEG
42,BigGAN,676,GenImage_test/BigGAN/test/nature/ILSVRC2012_val_00006658.JPEG
42,BigGAN,677,GenImage_test/BigGAN/test/ai/830_biggan_00035.png
42,BigGAN,678,GenImage_test/BigGAN/test/ai/529_biggan_00035.png
42,BigGAN,679,GenImage_test/BigGAN/test/ai/529_biggan_00143.png
42,BigGAN,680,GenImage_test/BigGAN/test/ai/614_biggan_00127.png
42,BigGAN,681,GenImage_test/BigGAN/test/nature/ILSVRC2012_val_00027607.JPEG
42,BigGAN,682,GenImage_test/BigGAN/test/ai/195_biggan_00035.png
42,BigGAN,683,GenImage_test/BigGAN/test/ai/776_biggan_00020.png
42,BigGAN,684,GenImage_test/BigGAN/test/ai/163_biggan_00127.png
42,BigGAN,685,GenImage_test/BigGAN/test/ai/538_biggan_00035.png
42,BigGAN,686,GenImage_test/BigGAN/test/ai/883_biggan_00035.png
42,BigGAN,687,GenImage_test/BigGAN/test/ai/084_biggan_00020.png
43,BigGAN,688,GenImage_test/BigGAN/test/ai/537_biggan_00143.png
43,BigGAN,689,GenImage_test/BigGAN/test/ai/464_biggan_00035.png
43,BigGAN,690,GenImage_test/BigGAN/test/nature/ILSVRC2012_val_00017502.JPEG
43,BigGAN,691,GenImage_test/BigGAN/test/nature/ILSVRC2012_val_00030467.JPEG
43,BigGAN,692,GenImage_test/BigGAN/test/nature/ILSVRC2012_val_00023402.JPEG
43,BigGAN,693,GenImage_test/BigGAN/test/ai/708_biggan_00035.png
43,BigGAN,694,GenImage_test/BigGAN/test/ai/171_biggan_00035.png
43,BigGAN,695,GenImage_test/BigGAN/test/ai/039_biggan_00020.png
43,BigGAN,696,GenImage_test/BigGAN/test/nature/ILSVRC2012_val_00001530.JPEG
43,BigGAN,697,GenImage_test/BigGAN/test/nature/ILSVRC2012_val_00005474.JPEG
43,BigGAN,698,GenImage_test/BigGAN/test/nature/ILSVRC2012_val_00035394.JPEG
43,BigGAN,699,GenImage_test/BigGAN/test/ai/446_biggan_00039.png
43,BigGAN,700,GenImage_test/BigGAN/test/nature/ILSVRC2012_val_00029202.JPEG
43,BigGAN,701,GenImage_test/BigGAN/test/ai/765_biggan_00039.png
43,BigGAN,702,GenImage_test/BigGAN/test/nature/ILSVRC2012_val_00035196.JPEG
43,BigGAN,703,GenImage_test/BigGAN/test/nature/ILSVRC2012_val_00012707.JPEG
44,BigGAN,704,GenImage_test/BigGAN/test/ai/156_biggan_00039.png
44,BigGAN,705,GenImage_test/BigGAN/test/nature/ILSVRC2012_val_00040788.JPEG
44,BigGAN,706,GenImage_test/BigGAN/test/nature/ILSVRC2012_val_00024192.JPEG
44,BigGAN,707,GenImage_test/BigGAN/test/nature/ILSVRC2012_val_00010102.JPEG
44,BigGAN,708,GenImage_test/BigGAN/test/nature/ILSVRC2012_val_00032696.JPEG
44,BigGAN,709,GenImage_test/BigGAN/test/ai/901_biggan_00143.png
44,BigGAN,710,GenImage_test/BigGAN/test/ai/511_biggan_00035.png
44,BigGAN,711,GenImage_test/BigGAN/test/ai/558_biggan_00143.png
44,BigGAN,712,GenImage_test/BigGAN/test/ai/016_biggan_00074.png
44,BigGAN,713,GenImage_test/BigGAN/test/ai/885_biggan_00127.png
44,BigGAN,714,GenImage_test/BigGAN/test/nature/ILSVRC2012_val_00021063.JPEG
44,BigGAN,715,GenImage_test/BigGAN/test/ai/172_biggan_00127.png
44,BigGAN,716,GenImage_test/BigGAN/test/ai/686_biggan_00074.png
44,BigGAN,717,GenImage_test/BigGAN/test/ai/196_biggan_00039.png
44,BigGAN,718,GenImage_test/BigGAN/test/ai/362_biggan_00143.png
44,BigGAN,719,GenImage_test/BigGAN/test/ai/281_biggan_00074.png
45,BigGAN,720,GenImage_test/BigGAN/test/ai/847_biggan_00020.png
45,BigGAN,721,GenImage_test/BigGAN/test/ai/176_biggan_00039.png
45,BigGAN,722,GenImage_test/BigGAN/test/nature/ILSVRC2012_val_00025735.JPEG
45,BigGAN,723,GenImage_test/BigGAN/test/ai/603_biggan_00039.png
45,BigGAN,724,GenImage_test/BigGAN/test/nature/ILSVRC2012_val_00011623.JPEG
45,BigGAN,725,GenImage_test/BigGAN/test/nature/ILSVRC2012_val_00031781.JPEG
45,BigGAN,726,GenImage_test/BigGAN/test/nature/ILSVRC2012_val_00043247.JPEG
45,BigGAN,727,GenImage_test/BigGAN/test/ai/806_biggan_00039.png
45,BigGAN,728,GenImage_test/BigGAN/test/nature/ILSVRC2012_val_00028943.JPEG
45,BigGAN,729,GenImage_test/BigGAN/test/nature/ILSVRC2012_val_00011940.JPEG
45,BigGAN,730,GenImage_test/BigGAN/test/ai/722_biggan_00143.png
45,BigGAN,731,GenImage_test/BigGAN/test/nature/ILSVRC2012_val_00005914.JPEG
45,BigGAN,732,GenImage_test/BigGAN/test/nature/ILSVRC2012_val_00017017.JPEG
45,BigGAN,733,GenImage_test/BigGAN/test/ai/232_biggan_00143.png
45,BigGAN,734,GenImage_test/BigGAN/test/nature/ILSVRC2012_val_00008083.JPEG
45,BigGAN,735,GenImage_test/BigGAN/test/nature/ILSVRC2012_val_00027589.JPEG
46,BigGAN,736,GenImage_test/BigGAN/test/ai/403_biggan_00127.png
46,BigGAN,737,GenImage_test/BigGAN/test/ai/769_biggan_00035.png
46,BigGAN,738,GenImage_test/BigGAN/test/ai/201_biggan_00143.png
46,BigGAN,739,GenImage_test/BigGAN/test/ai/919_biggan_00035.png
46,BigGAN,740,GenImage_test/BigGAN/test/nature/ILSVRC2012_val_00016829.JPEG
46,BigGAN,741,GenImage_test/BigGAN/test/ai/129_biggan_00020.png
46,BigGAN,742,GenImage_test/BigGAN/test/ai/165_biggan_00074.png
46,BigGAN,743,GenImage_test/BigGAN/test/nature/ILSVRC2012_val_00022277.JPEG
46,BigGAN,744,GenImage_test/BigGAN/test/nature/ILSVRC2012_val_00015851.JPEG
46,BigGAN,745,GenImage_test/BigGAN/test/nature/ILSVRC2012_val_00044076.JPEG
46,BigGAN,746,GenImage_test/BigGAN/test/ai/457_biggan_00035.png
46,BigGAN,747,GenImage_test/BigGAN/test/nature/ILSVRC2012_val_00021691.JPEG
46,BigGAN,748,GenImage_test/BigGAN/test/ai/377_biggan_00127.png
46,BigGAN,749,GenImage_test/BigGAN/test/ai/350_biggan_00143.png
46,BigGAN,750,GenImage_test/BigGAN/test/ai/332_biggan_00039.png
46,BigGAN,751,GenImage_test/BigGAN/test/ai/643_biggan_00020.png
47,BigGAN,752,GenImage_test/BigGAN/test/nature/ILSVRC2012_val_00009599.JPEG
47,BigGAN,753,GenImage_test/BigGAN/test/ai/347_biggan_00143.png
47,BigGAN,754,GenImage_test/BigGAN/test/ai/600_biggan_00039.png
47,BigGAN,755,GenImage_test/BigGAN/test/nature/ILSVRC2012_val_00033943.JPEG
47,BigGAN,756,GenImage_test/BigGAN/test/nature/ILSVRC2012_val_00030684.JPEG
47,BigGAN,757,GenImage_test/BigGAN/test/nature/ILSVRC2012_val_00004264.JPEG
47,BigGAN,758,GenImage_test/BigGAN/test/ai/693_biggan_00127.png
47,BigGAN,759,GenImage_test/BigGAN/test/nature/ILSVRC2012_val_00007376.JPEG
47,BigGAN,760,GenImage_test/BigGAN/test/nature/ILSVRC2012_val_00021227.JPEG
47,BigGAN,761,GenImage_test/BigGAN/test/ai/348_biggan_00127.png
47,BigGAN,762,GenImage_test/BigGAN/test/nature/ILSVRC2012_val_00044402.JPEG
47,BigGAN,763,GenImage_test/BigGAN/test/nature/ILSVRC2012_val_00028539.JPEG
47,BigGAN,764,GenImage_test/BigGAN/test/ai/077_biggan_00143.png
47,BigGAN,765,GenImage_test/BigGAN/test/nature/ILSVRC2012_val_00027222.JPEG
47,BigGAN,766,GenImage_test/BigGAN/test/nature/ILSVRC2012_val_00007116.JPEG
47,BigGAN,767,GenImage_test/BigGAN/test/nature/ILSVRC2012_val_00017785.JPEG
48,BigGAN,768,GenImage_test/BigGAN/test/nature/ILSVRC2012_val_00022706.JPEG
48,BigGAN,769,GenImage_test/BigGAN/test/nature/ILSVRC2012_val_00009054.JPEG
48,BigGAN,770,GenImage_test/BigGAN/test/nature/ILSVRC2012_val_00009588.JPEG
48,BigGAN,771,GenImage_test/BigGAN/test/nature/ILSVRC2012_val_00012529.JPEG
48,BigGAN,772,GenImage_test/BigGAN/test/ai/760_biggan_00039.png
48,BigGAN,773,GenImage_test/BigGAN/test/ai/790_biggan_00020.png
48,BigGAN,774,GenImage_test/BigGAN/test/ai/447_biggan_00143.png
48,BigGAN,775,GenImage_test/BigGAN/test/nature/ILSVRC2012_val_00046899.JPEG
48,BigGAN,776,GenImage_test/BigGAN/test/nature/ILSVRC2012_val_00034681.JPEG
48,BigGAN,777,GenImage_test/BigGAN/test/nature/ILSVRC2012_val_00004014.JPEG
48,BigGAN,778,GenImage_test/BigGAN/test/ai/357_biggan_00074.png
48,BigGAN,779,GenImage_test/BigGAN/test/ai/874_biggan_00039.png
48,BigGAN,780,GenImage_test/BigGAN/test/ai/012_biggan_00074.png
48,BigGAN,781,GenImage_test/BigGAN/test/ai/169_biggan_00143.png
48,BigGAN,782,GenImage_test/BigGAN/test/nature/ILSVRC2012_val_00046190.JPEG
48,BigGAN,783,GenImage_test/BigGAN/test/ai/086_biggan_00143.png
49,BigGAN,784,GenImage_test/BigGAN/test/nature/ILSVRC2012_val_00013602.JPEG
49,BigGAN,785,GenImage_test/BigGAN/test/ai/146_biggan_00039.png
49,BigGAN,786,GenImage_test/BigGAN/test/ai/154_biggan_00143.png
49,BigGAN,787,GenImage_test/BigGAN/test/nature/ILSVRC2012_val_00033760.JPEG
49,BigGAN,788,GenImage_test/BigGAN/test/nature/ILSVRC2012_val_00032524.JPEG
49,BigGAN,789,GenImage_test/BigGAN/test/ai/506_biggan_00035.png
49,BigGAN,790,GenImage_test/BigGAN/test/nature/ILSVRC2012_val_00045788.JPEG
49,BigGAN,791,GenImage_test/BigGAN/test/nature/ILSVRC2012_val_00011672.JPEG
49,BigGAN,792,GenImage_test/BigGAN/test/nature/ILSVRC2012_val_00028196.JPEG
49,BigGAN,793,GenImage_test/BigGAN/test/ai/238_biggan_00039.png
49,BigGAN,794,GenImage_test/BigGAN/test/nature/ILSVRC2012_val_00042211.JPEG
49,BigGAN,795,GenImage_test/BigGAN/test/nature/ILSVRC2012_val_00011082.JPEG
49,BigGAN,796,GenImage_test/BigGAN/test/ai/340_biggan_00127.png
49,BigGAN,797,GenImage_test/BigGAN/test/nature/ILSVRC2012_val_00016742.JPEG
49,BigGAN,798,GenImage_test/BigGAN/test/ai/944_biggan_00020.png
49,BigGAN,799,GenImage_test/BigGAN/test/ai/644_biggan_00039.png
50,BigGAN,800,GenImage_test/BigGAN/test/ai/150_biggan_00143.png
50,BigGAN,801,GenImage_test/BigGAN/test/nature/ILSVRC2012_val_00040080.JPEG
50,BigGAN,802,GenImage_test/BigGAN/test/ai/731_biggan_00035.png
50,BigGAN,803,GenImage_test/BigGAN/test/ai/845_biggan_00143.png
50,BigGAN,804,GenImage_test/BigGAN/test/ai/598_biggan_00143.png
50,BigGAN,805,GenImage_test/BigGAN/test/nature/ILSVRC2012_val_00015384.JPEG
50,BigGAN,806,GenImage_test/BigGAN/test/nature/ILSVRC2012_val_00029577.JPEG
50,BigGAN,807,GenImage_test/BigGAN/test/ai/386_biggan_00074.png
50,BigGAN,808,GenImage_test/BigGAN/test/nature/ILSVRC2012_val_00004063.JPEG
50,BigGAN,809,GenImage_test/BigGAN/test/nature/ILSVRC2012_val_00003117.JPEG
50,BigGAN,810,GenImage_test/BigGAN/test/nature/ILSVRC2012_val_00003702.JPEG
50,BigGAN,811,GenImage_test/BigGAN/test/ai/008_biggan_00020.png
50,BigGAN,812,GenImage_test/BigGAN/test/ai/348_biggan_00074.png
50,BigGAN,813,GenImage_test/BigGAN/test/ai/861_biggan_00143.png
50,BigGAN,814,GenImage_test/BigGAN/test/ai/327_biggan_00127.png
50,BigGAN,815,GenImage_test/BigGAN/test/nature/ILSVRC2012_val_00027379.JPEG
51,BigGAN,816,GenImage_test/BigGAN/test/nature/ILSVRC2012_val_00034987.JPEG
51,BigGAN,817,GenImage_test/BigGAN/test/ai/990_biggan_00074.png
51,BigGAN,818,GenImage_test/BigGAN/test/nature/ILSVRC2012_val_00043530.JPEG
51,BigGAN,819,GenImage_test/BigGAN/test/ai/160_biggan_00039.png
51,BigGAN,820,GenImage_test/BigGAN/test/ai/997_biggan_00143.png
51,BigGAN,821,GenImage_test/BigGAN/test/nature/ILSVRC2012_val_00002300.JPEG
51,BigGAN,822,GenImage_test/BigGAN/test/ai/159_biggan_00143.png
51,BigGAN,823,GenImage_test/BigGAN/test/nature/ILSVRC2012_val_00018045.JPEG
51,BigGAN,824,GenImage_test/BigGAN/test/nature/ILSVRC2012_val_00029344.JPEG
51,BigGAN,825,GenImage_test/BigGAN/test/nature/ILSVRC2012_val_00045561.JPEG
51,BigGAN,826,GenImage_test/BigGAN/test/ai/812_biggan_00035.png
51,BigGAN,827,GenImage_test/BigGAN/test/nature/ILSVRC2012_val_00047148.JPEG
51,BigGAN,828,GenImage_test/BigGAN/test/ai/052_biggan_00143.png
51,BigGAN,829,GenImage_test/BigGAN/test/ai/412_biggan_00035.png
51,BigGAN,830,GenImage_test/BigGAN/test/ai/866_biggan_00035.png
51,BigGAN,831,GenImage_test/BigGAN/test/nature/ILSVRC2012_val_00001599.JPEG
52,BigGAN,832,GenImage_test/BigGAN/test/nature/ILSVRC2012_val_00005738.JPEG
52,BigGAN,833,GenImage_test/BigGAN/test/nature/ILSVRC2012_val_00045161.JPEG
52,BigGAN,834,GenImage_test/BigGAN/test/ai/664_biggan_00035.png
52,BigGAN,835,GenImage_test/BigGAN/test/ai/397_biggan_00143.png
52,BigGAN,836,GenImage_test/BigGAN/test/ai/413_biggan_00074.png
52,BigGAN,837,GenImage_test/BigGAN/test/nature/ILSVRC2012_val_00026548.JPEG
52,BigGAN,838,GenImage_test/BigGAN/test/nature/ILSVRC2012_val_00040676.JPEG
52,BigGAN,839,GenImage_test/BigGAN/test/nature/ILSVRC2012_val_00041004.JPEG
52,BigGAN,840,GenImage_test/BigGAN/test/nature/ILSVRC2012_val_00010020.JPEG
52,BigGAN,841,GenImage_test/BigGAN/test/nature/ILSVRC2012_val_00014447.JPEG
52,BigGAN,842,GenImage_test/BigGAN/test/nature/ILSVRC2012_val_00015186.JPEG
52,BigGAN,843,GenImage_test/BigGAN/test/nature/ILSVRC2012_val_00045340.JPEG
52,BigGAN,844,GenImage_test/BigGAN/test/nature/ILSVRC2012_val_00015631.JPEG
52,BigGAN,845,GenImage_test/BigGAN/test/nature/ILSVRC2012_val_00034506.JPEG
52,BigGAN,846,GenImage_test/BigGAN/test/nature/ILSVRC2012_val_00017119.JPEG
52,BigGAN,847,GenImage_test/BigGAN/test/nature/ILSVRC2012_val_00024416.JPEG
53,BigGAN,848,GenImage_test/BigGAN/test/nature/ILSVRC2012_val_00016962.JPEG
53,BigGAN,849,GenImage_test/BigGAN/test/nature/ILSVRC2012_val_00004710.JPEG
53,BigGAN,850,GenImage_test/BigGAN/test/ai/141_biggan_00127.png
53,BigGAN,851,GenImage_test/BigGAN/test/ai/088_biggan_00020.png
53,BigGAN,852,GenImage_test/BigGAN/test/ai/749_biggan_00035.png
53,BigGAN,853,GenImage_test/BigGAN/test/ai/148_biggan_00143.png
53,BigGAN,854,GenImage_test/BigGAN/test/ai/570_biggan_00074.png
53,BigGAN,855,GenImage_test/BigGAN/test/nature/ILSVRC2012_val_00045401.JPEG
53,BigGAN,856,GenImage_test/BigGAN/test/nature/ILSVRC2012_val_00023766.JPEG
53,BigGAN,857,GenImage_test/BigGAN/test/nature/ILSVRC2012_val_00021125.JPEG
53,BigGAN,858,GenImage_test/BigGAN/test/nature/ILSVRC2012_val_00040357.JPEG
53,BigGAN,859,GenImage_test/BigGAN/test/ai/747_biggan_00035.png
53,BigGAN,860,GenImage_test/BigGAN/test/nature/ILSVRC2012_val_00046351.JPEG
53,BigGAN,861,GenImage_test/BigGAN/test/nature/ILSVRC2012_val_00015411.JPEG
53,BigGAN,862,GenImage_test/BigGAN/test/nature/ILSVRC2012_val_00030625.JPEG
53,BigGAN,863,GenImage_test/BigGAN/test/nature/ILSVRC2012_val_00018081.JPEG
54,BigGAN,864,GenImage_test/BigGAN/test/ai/576_biggan_00020.png
54,BigGAN,865,GenImage_test/BigGAN/test/ai/966_biggan_00143.png
54,BigGAN,866,GenImage_test/BigGAN/test/nature/ILSVRC2012_val_00007596.JPEG
54,BigGAN,867,GenImage_test/BigGAN/test/nature/ILSVRC2012_val_00036999.JPEG
54,BigGAN,868,GenImage_test/BigGAN/test/nature/ILSVRC2012_val_00027774.JPEG
54,BigGAN,869,GenImage_test/BigGAN/test/ai/921_biggan_00127.png
54,BigGAN,870,GenImage_test/BigGAN/test/ai/498_biggan_00074.png
54,BigGAN,871,GenImage_test/BigGAN/test/ai/068_biggan_00039.png
54,BigGAN,872,GenImage_test/BigGAN/test/nature/ILSVRC2012_val_00039865.JPEG
54,BigGAN,873,GenImage_test/BigGAN/test/nature/ILSVRC2012_val_00045889.JPEG
54,BigGAN,874,GenImage_test/BigGAN/test/nature/ILSVRC2012_val_00047718.JPEG
54,BigGAN,875,GenImage_test/BigGAN/test/ai/259_biggan_00035.png
54,BigGAN,876,GenImage_test/BigGAN/test/ai/843_biggan_00127.png
54,BigGAN,877,GenImage_test/BigGAN/test/nature/ILSVRC2012_val_00024984.JPEG
54,BigGAN,878,GenImage_test/BigGAN/test/ai/094_biggan_00039.png
54,BigGAN,879,GenImage_test/BigGAN/test/ai/786_biggan_00143.png
55,BigGAN,880,GenImage_test/BigGAN/test/ai/005_biggan_00039.png
55,BigGAN,881,GenImage_test/BigGAN/test/nature/ILSVRC2012_val_00022284.JPEG
55,BigGAN,882,GenImage_test/BigGAN/test/nature/ILSVRC2012_val_00025947.JPEG
55,BigGAN,883,GenImage_test/BigGAN/test/ai/244_biggan_00039.png
55,BigGAN,884,GenImage_test/BigGAN/test/nature/ILSVRC2012_val_00011359.JPEG
55,BigGAN,885,GenImage_test/BigGAN/test/nature/ILSVRC2012_val_00004621.JPEG
55,BigGAN,886,GenImage_test/BigGAN/test/nature/ILSVRC2012_val_00004916.JPEG
55,BigGAN,887,GenImage_test/BigGAN/test/nature/ILSVRC2012_val_00025464.JPEG
55,BigGAN,888,GenImage_test/BigGAN/test/ai/434_biggan_00143.png
55,BigGAN,889,GenImage_test/BigGAN/test/ai/754_biggan_00143.png
55,BigGAN,890,GenImage_test/BigGAN/test/nature/ILSVRC2012_val_00047173.JPEG
55,BigGAN,891,GenImage_test/BigGAN/test/nature/ILSVRC2012_val_00047215.JPEG
55,BigGAN,892,GenImage_test/BigGAN/test/ai/936_biggan_00143.png
55,BigGAN,893,GenImage_test/BigGAN/test/nature/ILSVRC2012_val_00040042.JPEG
55,BigGAN,894,GenImage_test/BigGAN/test/nature/ILSVRC2012_val_00035974.JPEG
55,BigGAN,895,GenImage_test/BigGAN/test/nature/ILSVRC2012_val_00032815.JPEG
56,BigGAN,896,GenImage_test/BigGAN/test/nature/ILSVRC2012_val_00039210.JPEG
56,BigGAN,897,GenImage_test/BigGAN/test/nature/ILSVRC2012_val_00020965.JPEG
56,BigGAN,898,GenImage_test/BigGAN/test/ai/502_biggan_00020.png
56,BigGAN,899,GenImage_test/BigGAN/test/nature/ILSVRC2012_val_00027284.JPEG
56,BigGAN,900,GenImage_test/BigGAN/test/ai/960_biggan_00039.png
56,BigGAN,901,GenImage_test/BigGAN/test/nature/ILSVRC2012_val_00047494.JPEG
56,BigGAN,902,GenImage_test/BigGAN/test/nature/ILSVRC2012_val_00029259.JPEG
56,BigGAN,903,GenImage_test/BigGAN/test/nature/ILSVRC2012_val_00030012.JPEG
56,BigGAN,904,GenImage_test/BigGAN/test/nature/ILSVRC2012_val_00040688.JPEG
56,BigGAN,905,GenImage_test/BigGAN/test/ai/897_biggan_00143.png
56,BigGAN,906,GenImage_test/BigGAN/test/ai/167_biggan_00020.png
56,BigGAN,907,GenImage_test/BigGAN/test/ai/326_biggan_00020.png
56,BigGAN,908,GenImage_test/BigGAN/test/nature/ILSVRC2012_val_00005295.JPEG
56,BigGAN,909,GenImage_test/BigGAN/test/ai/702_biggan_00020.png
56,BigGAN,910,GenImage_test/BigGAN/test/nature/ILSVRC2012_val_00046664.JPEG
56,BigGAN,911,GenImage_test/BigGAN/test/ai/030_biggan_00039.png
57,BigGAN,912,GenImage_test/BigGAN/test/ai/510_biggan_00039.png
57,BigGAN,913,GenImage_test/BigGAN/test/nature/ILSVRC2012_val_00015023.JPEG
57,BigGAN,914,GenImage_test/BigGAN/test/ai/752_biggan_00039.png
57,BigGAN,915,GenImage_test/BigGAN/test/ai/736_biggan_00020.png
57,BigGAN,916,GenImage_test/BigGAN/test/ai/881_biggan_00020.png
57,BigGAN,917,GenImage_test/BigGAN/test/ai/367_biggan_00074.png
57,BigGAN,918,GenImage_test/BigGAN/test/ai/468_biggan_00127.png
57,BigGAN,919,GenImage_test/BigGAN/test/nature/ILSVRC2012_val_00037070.JPEG
57,BigGAN,920,GenImage_test/BigGAN/test/nature/ILSVRC2012_val_00004351.JPEG
57,BigGAN,921,GenImage_test/BigGAN/test/nature/ILSVRC2012_val_00048251.JPEG
57,BigGAN,922,GenImage_test/BigGAN/test/nature/ILSVRC2012_val_00023527.JPEG
57,BigGAN,923,GenImage_test/BigGAN/test/nature/ILSVRC2012_val_00037457.JPEG
57,BigGAN,924,GenImage_test/BigGAN/test/ai/471_biggan_00035.png
57,BigGAN,925,GenImage_test/BigGAN/test/nature/ILSVRC2012_val_00036934.JPEG
57,BigGAN,926,GenImage_test/BigGAN/test/ai/427_biggan_00039.png
57,BigGAN,927,GenImage_test/BigGAN/test/nature/ILSVRC2012_val_00021480.JPEG
58,BigGAN,928,GenImage_test/BigGAN/test/nature/ILSVRC2012_val_00004674.JPEG
58,BigGAN,929,GenImage_test/BigGAN/test/nature/ILSVRC2012_val_00004320.JPEG
58,BigGAN,930,GenImage_test/BigGAN/test/nature/ILSVRC2012_val_00018571.JPEG
58,BigGAN,931,GenImage_test/BigGAN/test/nature/ILSVRC2012_val_00025673.JPEG
58,BigGAN,932,GenImage_test/BigGAN/test/ai/363_biggan_00020.png
58,BigGAN,933,GenImage_test/BigGAN/test/ai/075_biggan_00143.png
58,BigGAN,934,GenImage_test/BigGAN/test/nature/ILSVRC2012_val_00003119.JPEG
58,BigGAN,935,GenImage_test/BigGAN/test/nature/ILSVRC2012_val_00038002.JPEG
58,BigGAN,936,GenImage_test/BigGAN/test/nature/ILSVRC2012_val_00005437.JPEG
58,BigGAN,937,GenImage_test/BigGAN/test/ai/413_biggan_00039.png
58,BigGAN,938,GenImage_test/BigGAN/test/nature/ILSVRC2012_val_00018900.JPEG
58,BigGAN,939,GenImage_test/BigGAN/test/nature/ILSVRC2012_val_00033914.JPEG
58,BigGAN,940,GenImage_test/BigGAN/test/nature/ILSVRC2012_val_00032224.JPEG
58,BigGAN,941,GenImage_test/BigGAN/test/nature/ILSVRC2012_val_00048950.JPEG
58,BigGAN,942,GenImage_test/BigGAN/test/ai/027_biggan_00143.png
58,BigGAN,943,GenImage_test/BigGAN/test/nature/ILSVRC2012_val_00048217.JPEG
59,BigGAN,944,GenImage_test/BigGAN/test/nature/ILSVRC2012_val_00035991.JPEG
59,BigGAN,945,GenImage_test/BigGAN/test/ai/375_biggan_00143.png
59,BigGAN,946,GenImage_test/BigGAN/test/nature/ILSVRC2012_val_00008034.JPEG
59,BigGAN,947,GenImage_test/BigGAN/test/nature/ILSVRC2012_val_00011321.JPEG
59,BigGAN,948,GenImage_test/BigGAN/test/ai/584_biggan_00035.png
59,BigGAN,949,GenImage_test/BigGAN/test/ai/112_biggan_00020.png
59,BigGAN,950,GenImage_test/BigGAN/test/nature/ILSVRC2012_val_00036064.JPEG
59,BigGAN,951,GenImage_test/BigGAN/test/ai/485_biggan_00020.png
59,BigGAN,952,GenImage_test/BigGAN/test/nature/ILSVRC2012_val_00039323.JPEG
59,BigGAN,953,GenImage_test/BigGAN/test/nature/ILSVRC2012_val_00038498.JPEG
59,BigGAN,954,GenImage_test/BigGAN/test/nature/ILSVRC2012_val_00039768.JPEG
59,BigGAN,955,GenImage_test/BigGAN/test/ai/588_biggan_00039.png
59,BigGAN,956,GenImage_test/BigGAN/test/nature/ILSVRC2012_val_00037345.JPEG
59,BigGAN,957,GenImage_test/BigGAN/test/ai/881_biggan_00035.png
59,BigGAN,958,GenImage_test/BigGAN/test/ai/262_biggan_00143.png
59,BigGAN,959,GenImage_test/BigGAN/test/ai/378_biggan_00074.png
60,BigGAN,960,GenImage_test/BigGAN/test/ai/616_biggan_00035.png
60,BigGAN,961,GenImage_test/BigGAN/test/ai/414_biggan_00020.png
60,BigGAN,962,GenImage_test/BigGAN/test/nature/ILSVRC2012_val_00013124.JPEG
60,BigGAN,963,GenImage_test/BigGAN/test/nature/ILSVRC2012_val_00008977.JPEG
60,BigGAN,964,GenImage_test/BigGAN/test/ai/204_biggan_00127.png
60,BigGAN,965,GenImage_test/BigGAN/test/nature/ILSVRC2012_val_00049139.JPEG
60,BigGAN,966,GenImage_test/BigGAN/test/ai/160_biggan_00074.png
60,BigGAN,967,GenImage_test/BigGAN/test/nature/ILSVRC2012_val_00046289.JPEG
60,BigGAN,968,GenImage_test/BigGAN/test/ai/106_biggan_00020.png
60,BigGAN,969,GenImage_test/BigGAN/test/ai/319_biggan_00020.png
60,BigGAN,970,GenImage_test/BigGAN/test/nature/ILSVRC2012_val_00001429.JPEG
60,BigGAN,971,GenImage_test/BigGAN/test/nature/ILSVRC2012_val_00008225.JPEG
60,BigGAN,972,GenImage_test/BigGAN/test/nature/ILSVRC2012_val_00002931.JPEG
60,BigGAN,973,GenImage_test/BigGAN/test/nature/ILSVRC2012_val_00026962.JPEG
60,BigGAN,974,GenImage_test/BigGAN/test/ai/619_biggan_00020.png
60,BigGAN,975,GenImage_test/BigGAN/test/ai/121_biggan_00020.png
61,BigGAN,976,GenImage_test/BigGAN/test/nature/ILSVRC2012_val_00028380.JPEG
61,BigGAN,977,GenImage_test/BigGAN/test/ai/243_biggan_00020.png
61,BigGAN,978,GenImage_test/BigGAN/test/nature/ILSVRC2012_val_00010113.JPEG
61,BigGAN,979,GenImage_test/BigGAN/test/nature/ILSVRC2012_val_00011435.JPEG
61,BigGAN,980,GenImage_test/BigGAN/test/ai/566_biggan_00039.png
61,BigGAN,981,GenImage_test/BigGAN/test/nature/ILSVRC2012_val_00002658.JPEG
61,BigGAN,982,GenImage_test/BigGAN/test/nature/ILSVRC2012_val_00014636.JPEG
61,BigGAN,983,GenImage_test/BigGAN/test/ai/776_biggan_00035.png
61,BigGAN,984,GenImage_test/BigGAN/test/ai/038_biggan_00020.png
61,BigGAN,985,GenImage_test/BigGAN/test/nature/ILSVRC2012_val_00049503.JPEG
61,BigGAN,986,GenImage_test/BigGAN/test/ai/829_biggan_00035.png
61,BigGAN,987,GenImage_test/BigGAN/test/nature/ILSVRC2012_val_00007550.JPEG
61,BigGAN,988,GenImage_test/BigGAN/test/ai/445_biggan_00039.png
61,BigGAN,989,GenImage_test/BigGAN/test/nature/ILSVRC2012_val_00028643.JPEG
61,BigGAN,990,GenImage_test/BigGAN/test/ai/558_biggan_00074.png
61,BigGAN,991,GenImage_test/BigGAN/test/ai/246_biggan_00074.png
62,BigGAN,992,GenImage_test/BigGAN/test/nature/ILSVRC2012_val_00002205.JPEG
62,BigGAN,993,GenImage_test/BigGAN/test/nature/ILSVRC2012_val_00011690.JPEG
62,BigGAN,994,GenImage_test/BigGAN/test/nature/ILSVRC2012_val_00004856.JPEG
62,BigGAN,995,GenImage_test/BigGAN/test/ai/988_biggan_00127.png
62,BigGAN,996,GenImage_test/BigGAN/test/ai/632_biggan_00039.png
62,BigGAN,997,GenImage_test/BigGAN/test/nature/ILSVRC2012_val_00016045.JPEG
62,BigGAN,998,GenImage_test/BigGAN/test/nature/ILSVRC2012_val_00003653.JPEG
62,BigGAN,999,GenImage_test/BigGAN/test/ai/355_biggan_00035.png
62,BigGAN,1000,GenImage_test/BigGAN/test/nature/ILSVRC2012_val_00018224.JPEG
62,BigGAN,1001,GenImage_test/BigGAN/test/ai/011_biggan_00074.png
62,BigGAN,1002,GenImage_test/BigGAN/test/nature/ILSVRC2012_val_00018886.JPEG
62,BigGAN,1003,GenImage_test/BigGAN/test/nature/ILSVRC2012_val_00022362.JPEG
62,BigGAN,1004,GenImage_test/BigGAN/test/ai/805_biggan_00127.png
62,BigGAN,1005,GenImage_test/BigGAN/test/ai/590_biggan_00074.png
62,BigGAN,1006,GenImage_test/BigGAN/test/nature/ILSVRC2012_val_00000382.JPEG
62,BigGAN,1007,GenImage_test/BigGAN/test/ai/189_biggan_00143.png
63,BigGAN,1008,GenImage_test/BigGAN/test/nature/ILSVRC2012_val_00017948.JPEG
63,BigGAN,1009,GenImage_test/BigGAN/test/ai/694_biggan_00039.png
63,BigGAN,1010,GenImage_test/BigGAN/test/nature/ILSVRC2012_val_00032489.JPEG
63,BigGAN,1011,GenImage_test/BigGAN/test/nature/ILSVRC2012_val_00024350.JPEG
63,BigGAN,1012,GenImage_test/BigGAN/test/nature/ILSVRC2012_val_00021960.JPEG
63,BigGAN,1013,GenImage_test/BigGAN/test/nature/ILSVRC2012_val_00016118.JPEG
63,BigGAN,1014,GenImage_test/BigGAN/test/ai/109_biggan_00127.png
63,BigGAN,1015,GenImage_test/BigGAN/test/ai/470_biggan_00127.png
63,BigGAN,1016,GenImage_test/BigGAN/test/nature/ILSVRC2012_val_00035922.JPEG
63,BigGAN,1017,GenImage_test/BigGAN/test/ai/321_biggan_00074.png
63,BigGAN,1018,GenImage_test/BigGAN/test/nature/ILSVRC2012_val_00044940.JPEG
63,BigGAN,1019,GenImage_test/BigGAN/test/ai/295_biggan_00074.png
63,BigGAN,1020,GenImage_test/BigGAN/test/nature/ILSVRC2012_val_00028730.JPEG
63,BigGAN,1021,GenImage_test/BigGAN/test/ai/857_biggan_00127.png
63,BigGAN,1022,GenImage_test/BigGAN/test/ai/309_biggan_00127.png
63,BigGAN,1023,GenImage_test/BigGAN/test/ai/278_biggan_00039.png
64,BigGAN,1024,GenImage_test/BigGAN/test/nature/ILSVRC2012_val_00042302.JPEG
64,BigGAN,1025,GenImage_test/BigGAN/test/nature/ILSVRC2012_val_00030648.JPEG
64,BigGAN,1026,GenImage_test/BigGAN/test/nature/ILSVRC2012_val_00024565.JPEG
64,BigGAN,1027,GenImage_test/BigGAN/test/nature/ILSVRC2012_val_00022322.JPEG
64,BigGAN,1028,GenImage_test/BigGAN/test/ai/840_biggan_00127.png
64,BigGAN,1029,GenImage_test/BigGAN/test/nature/ILSVRC2012_val_00047596.JPEG
64,BigGAN,1030,GenImage_test/BigGAN/test/nature/ILSVRC2012_val_00029909.JPEG
64,BigGAN,1031,GenImage_test/BigGAN/test/nature/ILSVRC2012_val_00023809.JPEG
64,BigGAN,1032,GenImage_test/BigGAN/test/nature/ILSVRC2012_val_00031880.JPEG
64,BigGAN,1033,GenImage_test/BigGAN/test/nature/ILSVRC2012_val_00003499.JPEG
64,BigGAN,1034,GenImage_test/BigGAN/test/nature/ILSVRC2012_val_00004243.JPEG
64,BigGAN,1035,GenImage_test/BigGAN/test/nature/ILSVRC2012_val_00028671.JPEG
64,BigGAN,1036,GenImage_test/BigGAN/test/nature/ILSVRC2012_val_00015372.JPEG
64,BigGAN,1037,GenImage_test/BigGAN/test/ai/713_biggan_00039.png
64,BigGAN,1038,GenImage_test/BigGAN/test/ai/037_biggan_00074.png
64,BigGAN,1039,GenImage_test/BigGAN/test/nature/ILSVRC2012_val_00028651.JPEG
65,BigGAN,1040,GenImage_test/BigGAN/test/nature/ILSVRC2012_val_00014278.JPEG
65,BigGAN,1041,GenImage_test/BigGAN/test/nature/ILSVRC2012_val_00034940.JPEG
65,BigGAN,1042,GenImage_test/BigGAN/test/nature/ILSVRC2012_val_00009739.JPEG
65,BigGAN,1043,GenImage_test/BigGAN/test/ai/643_biggan_00143.png
65,BigGAN,1044,GenImage_test/BigGAN/test/ai/914_biggan_00035.png
65,BigGAN,1045,GenImage_test/BigGAN/test/nature/ILSVRC2012_val_00028963.JPEG
65,BigGAN,1046,GenImage_test/BigGAN/test/ai/752_biggan_00035.png
65,BigGAN,1047,GenImage_test/BigGAN/test/nature/ILSVRC2012_val_00034778.JPEG
65,BigGAN,1048,GenImage_test/BigGAN/test/nature/ILSVRC2012_val_00042614.JPEG
65,BigGAN,1049,GenImage_test/BigGAN/test/nature/ILSVRC2012_val_00035474.JPEG
65,BigGAN,1050,GenImage_test/BigGAN/test/nature/ILSVRC2012_val_00017305.JPEG
65,BigGAN,1051,GenImage_test/BigGAN/test/ai/196_biggan_00020.png
65,BigGAN,1052,GenImage_test/BigGAN/test/nature/ILSVRC2012_val_00040385.JPEG
65,BigGAN,1053,GenImage_test/BigGAN/test/ai/335_biggan_00143.png
65,BigGAN,1054,GenImage_test/BigGAN/test/nature/ILSVRC2012_val_00047098.JPEG
65,BigGAN,1055,GenImage_test/BigGAN/test/nature/ILSVRC2012_val_00005016.JPEG
66,BigGAN,1056,GenImage_test/BigGAN/test/nature/ILSVRC2012_val_00008363.JPEG
66,BigGAN,1057,GenImage_test/BigGAN/test/ai/742_biggan_00020.png
66,BigGAN,1058,GenImage_test/BigGAN/test/nature/ILSVRC2012_val_00014419.JPEG
66,BigGAN,1059,GenImage_test/BigGAN/test/ai/395_biggan_00143.png
66,BigGAN,1060,GenImage_test/BigGAN/test/nature/ILSVRC2012_val_00015760.JPEG
66,BigGAN,1061,GenImage_test/BigGAN/test/nature/ILSVRC2012_val_00034257.JPEG
66,BigGAN,1062,GenImage_test/BigGAN/test/ai/120_biggan_00020.png
66,BigGAN,1063,GenImage_test/BigGAN/test/nature/ILSVRC2012_val_00007197.JPEG
66,BigGAN,1064,GenImage_test/BigGAN/test/nature/ILSVRC2012_val_00029823.JPEG
66,BigGAN,1065,GenImage_test/BigGAN/test/ai/911_biggan_00127.png
66,BigGAN,1066,GenImage_test/BigGAN/test/nature/ILSVRC2012_val_00019708.JPEG
66,BigGAN,1067,GenImage_test/BigGAN/test/nature/ILSVRC2012_val_00025015.JPEG
66,BigGAN,1068,GenImage_test/BigGAN/test/ai/059_biggan_00020.png
66,BigGAN,1069,GenImage_test/BigGAN/test/ai/090_biggan_00035.png
66,BigGAN,1070,GenImage_test/BigGAN/test/nature/ILSVRC2012_val_00039359.JPEG
66,BigGAN,1071,GenImage_test/BigGAN/test/ai/957_biggan_00039.png
67,BigGAN,1072,GenImage_test/BigGAN/test/nature/ILSVRC2012_val_00046397.JPEG
67,BigGAN,1073,GenImage_test/BigGAN/test/nature/ILSVRC2012_val_00046367.JPEG
67,BigGAN,1074,GenImage_test/BigGAN/test/ai/666_biggan_00143.png
67,BigGAN,1075,GenImage_test/BigGAN/test/nature/ILSVRC2012_val_00018133.JPEG
67,BigGAN,1076,GenImage_test/BigGAN/test/ai/035_biggan_00020.png
67,BigGAN,1077,GenImage_test/BigGAN/test/nature/ILSVRC2012_val_00010537.JPEG
67,BigGAN,1078,GenImage_test/BigGAN/test/ai/169_biggan_00039.png
67,BigGAN,1079,GenImage_test/BigGAN/test/ai/389_biggan_00074.png
67,BigGAN,1080,GenImage_test/BigGAN/test/nature/ILSVRC2012_val_00017551.JPEG
67,BigGAN,1081,GenImage_test/BigGAN/test/ai/053_biggan_00127.png
67,BigGAN,1082,GenImage_test/BigGAN/test/nature/ILSVRC2012_val_00022539.JPEG
67,BigGAN,1083,GenImage_test/BigGAN/test/ai/355_biggan_00020.png
67,BigGAN,1084,GenImage_test/BigGAN/test/nature/ILSVRC2012_val_00024951.JPEG
67,BigGAN,1085,GenImage_test/BigGAN/test/ai/145_biggan_00020.png
67,BigGAN,1086,GenImage_test/BigGAN/test/ai/020_biggan_00039.png
67,BigGAN,1087,GenImage_test/BigGAN/test/ai/368_biggan_00074.png
68,BigGAN,1088,GenImage_test/BigGAN/test/nature/ILSVRC2012_val_00043857.JPEG
68,BigGAN,1089,GenImage_test/BigGAN/test/ai/066_biggan_00035.png
68,BigGAN,1090,GenImage_test/BigGAN/test/ai/757_biggan_00074.png
68,BigGAN,1091,GenImage_test/BigGAN/test/nature/ILSVRC2012_val_00034269.JPEG
68,BigGAN,1092,GenImage_test/BigGAN/test/ai/764_biggan_00020.png
68,BigGAN,1093,GenImage_test/BigGAN/test/nature/ILSVRC2012_val_00018120.JPEG
68,BigGAN,1094,GenImage_test/BigGAN/test/ai/231_biggan_00143.png
68,BigGAN,1095,GenImage_test/BigGAN/test/nature/ILSVRC2012_val_00008266.JPEG
68,BigGAN,1096,GenImage_test/BigGAN/test/ai/584_biggan_00020.png
68,BigGAN,1097,GenImage_test/BigGAN/test/nature/ILSVRC2012_val_00048662.JPEG
68,BigGAN,1098,GenImage_test/BigGAN/test/ai/999_biggan_00127.png
68,BigGAN,1099,GenImage_test/BigGAN/test/ai/295_biggan_00143.png
68,BigGAN,1100,GenImage_test/BigGAN/test/ai/034_biggan_00035.png
68,BigGAN,1101,GenImage_test/BigGAN/test/ai/851_biggan_00143.png
68,BigGAN,1102,GenImage_test/BigGAN/test/nature/ILSVRC2012_val_00030551.JPEG
68,BigGAN,1103,GenImage_test/BigGAN/test/ai/093_biggan_00020.png
69,BigGAN,1104,GenImage_test/BigGAN/test/ai/261_biggan_00035.png
69,BigGAN,1105,GenImage_test/BigGAN/test/ai/121_biggan_00039.png
69,BigGAN,1106,GenImage_test/BigGAN/test/ai/997_biggan_00127.png
69,BigGAN,1107,GenImage_test/BigGAN/test/nature/ILSVRC2012_val_00046457.JPEG
69,BigGAN,1108,GenImage_test/BigGAN/test/ai/779_biggan_00074.png
69,BigGAN,1109,GenImage_test/BigGAN/test/ai/249_biggan_00020.png
69,BigGAN,1110,GenImage_test/BigGAN/test/ai/744_biggan_00127.png
69,BigGAN,1111,GenImage_test/BigGAN/test/ai/351_biggan_00035.png
69,BigGAN,1112,GenImage_test/BigGAN/test/nature/ILSVRC2012_val_00035330.JPEG
69,BigGAN,1113,GenImage_test/BigGAN/test/nature/ILSVRC2012_val_00041005.JPEG
69,BigGAN,1114,GenImage_test/BigGAN/test/ai/851_biggan_00127.png
69,BigGAN,1115,GenImage_test/BigGAN/test/ai/902_biggan_00035.png
69,BigGAN,1116,GenImage_test/BigGAN/test/ai/067_biggan_00143.png
69,BigGAN,1117,GenImage_test/BigGAN/test/nature/ILSVRC2012_val_00036919.JPEG
69,BigGAN,1118,GenImage_test/BigGAN/test/nature/ILSVRC2012_val_00036799.JPEG
69,BigGAN,1119,GenImage_test/BigGAN/test/nature/ILSVRC2012_val_00004410.JPEG
70,BigGAN,1120,GenImage_test/BigGAN/test/ai/798_biggan_00127.png
70,BigGAN,1121,GenImage_test/BigGAN/test/ai/011_biggan_00039.png
70,BigGAN,1122,GenImage_test/BigGAN/test/nature/ILSVRC2012_val_00025505.JPEG
70,BigGAN,1123,GenImage_test/BigGAN/test/ai/448_biggan_00143.png
70,BigGAN,1124,GenImage_test/BigGAN/test/ai/538_biggan_00074.png
70,BigGAN,1125,GenImage_test/BigGAN/test/ai/850_biggan_00039.png
70,BigGAN,1126,GenImage_test/BigGAN/test/ai/772_biggan_00074.png
70,BigGAN,1127,GenImage_test/BigGAN/test/ai/999_biggan_00035.png
70,BigGAN,1128,GenImage_test/BigGAN/test/ai/593_biggan_00127.png
70,BigGAN,1129,GenImage_test/BigGAN/test/nature/ILSVRC2012_val_00017773.JPEG
70,BigGAN,1130,GenImage_test/BigGAN/test/nature/ILSVRC2012_val_00008753.JPEG
70,BigGAN,1131,GenImage_test/BigGAN/test/ai/997_biggan_00039.png
70,BigGAN,1132,GenImage_test/BigGAN/test/nature/ILSVRC2012_val_00041363.JPEG
70,BigGAN,1133,GenImage_test/BigGAN/test/ai/299_biggan_00074.png
70,BigGAN,1134,GenImage_test/BigGAN/test/nature/ILSVRC2012_val_00045309.JPEG
70,BigGAN,1135,GenImage_test/BigGAN/test/ai/090_biggan_00143.png
71,BigGAN,1136,GenImage_test/BigGAN/test/nature/ILSVRC2012_val_00041986.JPEG
71,BigGAN,1137,GenImage_test/BigGAN/test/ai/970_biggan_00143.png
71,BigGAN,1138,GenImage_test/BigGAN/test/nature/ILSVRC2012_val_00011340.JPEG
71,BigGAN,1139,GenImage_test/BigGAN/test/ai/324_biggan_00039.png
71,BigGAN,1140,GenImage_test/BigGAN/test/nature/ILSVRC2012_val_00030792.JPEG
71,BigGAN,1141,GenImage_test/BigGAN/test/nature/ILSVRC2012_val_00016344.JPEG
71,BigGAN,1142,GenImage_test/BigGAN/test/nature/ILSVRC2012_val_00048387.JPEG
71,BigGAN,1143,GenImage_test/BigGAN/test/nature/ILSVRC2012_val_00022812.JPEG
71,BigGAN,1144,GenImage_test/BigGAN/test/ai/100_biggan_00020.png
71,BigGAN,1145,GenImage_test/BigGAN/test/ai/630_biggan_00127.png
71,BigGAN,1146,GenImage_test/BigGAN/test/nature/ILSVRC2012_val_00023281.JPEG
71,BigGAN,1147,GenImage_test/BigGAN/test/ai/143_biggan_00074.png
71,BigGAN,1148,GenImage_test/BigGAN/test/ai/745_biggan_00020.png
71,BigGAN,1149,GenImage_test/BigGAN/test/ai/127_biggan_00035.png
71,BigGAN,1150,GenImage_test/BigGAN/test/nature/ILSVRC2012_val_00031020.JPEG
71,BigGAN,1151,GenImage_test/BigGAN/test/nature/ILSVRC2012_val_00042163.JPEG
72,BigGAN,1152,GenImage_test/BigGAN/test/ai/606_biggan_00020.png
72,BigGAN,1153,GenImage_test/BigGAN/test/ai/677_biggan_00035.png
72,BigGAN,1154,GenImage_test/BigGAN/test/nature/ILSVRC2012_val_00032235.JPEG
72,BigGAN,1155,GenImage_test/BigGAN/test/ai/731_biggan_00074.png
72,BigGAN,1156,GenImage_test/BigGAN/test/nature/ILSVRC2012_val_00003897.JPEG
72,BigGAN,1157,GenImage_test/BigGAN/test/nature/ILSVRC2012_val_00011229.JPEG
72,BigGAN,1158,GenImage_test/BigGAN/test/nature/ILSVRC2012_val_00017382.JPEG
72,BigGAN,1159,GenImage_test/BigGAN/test/ai/350_biggan_00127.png
72,BigGAN,1160,GenImage_test/BigGAN/test/ai/947_biggan_00127.png
72,BigGAN,1161,GenImage_test/BigGAN/test/ai/795_biggan_00035.png
72,BigGAN,1162,GenImage_test/BigGAN/test/ai/838_biggan_00074.png
72,BigGAN,1163,GenImage_test/BigGAN/test/ai/607_biggan_00074.png
72,BigGAN,1164,GenImage_test/BigGAN/test/nature/ILSVRC2012_val_00018388.JPEG
72,BigGAN,1165,GenImage_test/BigGAN/test/ai/241_biggan_00020.png
72,BigGAN,1166,GenImage_test/BigGAN/test/ai/272_biggan_00143.png
72,BigGAN,1167,GenImage_test/BigGAN/test/ai/328_biggan_00127.png
73,BigGAN,1168,GenImage_test/BigGAN/test/ai/769_biggan_00127.png
73,BigGAN,1169,GenImage_test/BigGAN/test/nature/ILSVRC2012_val_00014365.JPEG
73,BigGAN,1170,GenImage_test/BigGAN/test/ai/764_biggan_00035.png
73,BigGAN,1171,GenImage_test/BigGAN/test/ai/760_biggan_00143.png
73,BigGAN,1172,GenImage_test/BigGAN/test/nature/ILSVRC2012_val_00006774.JPEG
73,BigGAN,1173,GenImage_test/BigGAN/test/nature/ILSVRC2012_val_00042676.JPEG
73,BigGAN,1174,GenImage_test/BigGAN/test/nature/ILSVRC2012_val_00017966.JPEG
73,BigGAN,1175,GenImage_test/BigGAN/test/nature/ILSVRC2012_val_00032036.JPEG
73,BigGAN,1176,GenImage_test/BigGAN/test/ai/732_biggan_00020.png
73,BigGAN,1177,GenImage_test/BigGAN/test/nature/ILSVRC2012_val_00031252.JPEG
73,BigGAN,1178,GenImage_test/BigGAN/test/ai/021_biggan_00074.png
73,BigGAN,1179,GenImage_test/BigGAN/test/ai/544_biggan_00127.png
73,BigGAN,1180,GenImage_test/BigGAN/test/nature/ILSVRC2012_val_00049157.JPEG
73,BigGAN,1181,GenImage_test/BigGAN/test/nature/ILSVRC2012_val_00041465.JPEG
73,BigGAN,1182,GenImage_test/BigGAN/test/nature/ILSVRC2012_val_00022088.JPEG
73,BigGAN,1183,GenImage_test/BigGAN/test/nature/ILSVRC2012_val_00019456.JPEG
74,BigGAN,1184,GenImage_test/BigGAN/test/nature/ILSVRC2012_val_00032991.JPEG
74,BigGAN,1185,GenImage_test/BigGAN/test/nature/ILSVRC2012_val_00000395.JPEG
74,BigGAN,1186,GenImage_test/BigGAN/test/ai/118_biggan_00039.png
74,BigGAN,1187,GenImage_test/BigGAN/test/ai/355_biggan_00039.png
74,BigGAN,1188,GenImage_test/BigGAN/test/ai/160_biggan_00035.png
74,BigGAN,1189,GenImage_test/BigGAN/test/nature/ILSVRC2012_val_00021292.JPEG
74,BigGAN,1190,GenImage_test/BigGAN/test/ai/828_biggan_00035.png
74,BigGAN,1191,GenImage_test/BigGAN/test/nature/ILSVRC2012_val_00034729.JPEG
74,BigGAN,1192,GenImage_test/BigGAN/test/ai/157_biggan_00127.png
74,BigGAN,1193,GenImage_test/BigGAN/test/ai/205_biggan_00039.png
74,BigGAN,1194,GenImage_test/BigGAN/test/nature/ILSVRC2012_val_00017702.JPEG
74,BigGAN,1195,GenImage_test/BigGAN/test/ai/254_biggan_00127.png
74,BigGAN,1196,GenImage_test/BigGAN/test/nature/ILSVRC2012_val_00012564.JPEG
74,BigGAN,1197,GenImage_test/BigGAN/test/ai/072_biggan_00143.png
74,BigGAN,1198,GenImage_test/BigGAN/test/ai/842_biggan_00039.png
74,BigGAN,1199,GenImage_test/BigGAN/test/nature/ILSVRC2012_val_00031828.JPEG
75,BigGAN,1200,GenImage_test/BigGAN/test/ai/486_biggan_00143.png
75,BigGAN,1201,GenImage_test/BigGAN/test/ai/155_biggan_00035.png
75,BigGAN,1202,GenImage_test/BigGAN/test/nature/ILSVRC2012_val_00012739.JPEG
75,BigGAN,1203,GenImage_test/BigGAN/test/nature/ILSVRC2012_val_00036977.JPEG
75,BigGAN,1204,GenImage_test/BigGAN/test/ai/643_biggan_00127.png
75,BigGAN,1205,GenImage_test/BigGAN/test/ai/515_biggan_00035.png
75,BigGAN,1206,GenImage_test/BigGAN/test/ai/693_biggan_00074.png
75,BigGAN,1207,GenImage_test/BigGAN/test/ai/441_biggan_00074.png
75,BigGAN,1208,GenImage_test/BigGAN/test/nature/ILSVRC2012_val_00032356.JPEG
75,BigGAN,1209,GenImage_test/BigGAN/test/nature/ILSVRC2012_val_00034192.JPEG
75,BigGAN,1210,GenImage_test/BigGAN/test/ai/105_biggan_00143.png
75,BigGAN,1211,GenImage_test/BigGAN/test/ai/240_biggan_00020.png
75,BigGAN,1212,GenImage_test/BigGAN/test/ai/790_biggan_00039.png
75,BigGAN,1213,GenImage_test/BigGAN/test/ai/954_biggan_00127.png
75,BigGAN,1214,GenImage_test/BigGAN/test/nature/ILSVRC2012_val_00014113.JPEG
75,BigGAN,1215,GenImage_test/BigGAN/test/ai/873_biggan_00127.png
76,BigGAN,1216,GenImage_test/BigGAN/test/ai/751_biggan_00020.png
76,BigGAN,1217,GenImage_test/BigGAN/test/ai/175_biggan_00020.png
76,BigGAN,1218,GenImage_test/BigGAN/test/ai/175_biggan_00074.png
76,BigGAN,1219,GenImage_test/BigGAN/test/ai/260_biggan_00039.png
76,BigGAN,1220,GenImage_test/BigGAN/test/nature/ILSVRC2012_val_00023270.JPEG
76,BigGAN,1221,GenImage_test/BigGAN/test/ai/992_biggan_00143.png
76,BigGAN,1222,GenImage_test/BigGAN/test/nature/ILSVRC2012_val_00036378.JPEG
76,BigGAN,1223,GenImage_test/BigGAN/test/nature/ILSVRC2012_val_00028389.JPEG
76,BigGAN,1224,GenImage_test/BigGAN/test/nature/ILSVRC2012_val_00011162.JPEG
76,BigGAN,1225,GenImage_test/BigGAN/test/ai/817_biggan_00035.png
76,BigGAN,1226,GenImage_test/BigGAN/test/ai/120_biggan_00143.png
76,BigGAN,1227,GenImage_test/BigGAN/test/nature/ILSVRC2012_val_00004043.JPEG
76,BigGAN,1228,GenImage_test/BigGAN/test/nature/ILSVRC2012_val_00029097.JPEG
76,BigGAN,1229,GenImage_test/BigGAN/test/ai/697_biggan_00127.png
76,BigGAN,1230,GenImage_test/BigGAN/test/nature/ILSVRC2012_val_00031885.JPEG
76,BigGAN,1231,GenImage_test/BigGAN/test/ai/666_biggan_00020.png
77,BigGAN,1232,GenImage_test/BigGAN/test/ai/054_biggan_00143.png
77,BigGAN,1233,GenImage_test/BigGAN/test/ai/053_biggan_00035.png
77,BigGAN,1234,GenImage_test/BigGAN/test/ai/208_biggan_00020.png
77,BigGAN,1235,GenImage_test/BigGAN/test/nature/ILSVRC2012_val_00043658.JPEG
77,BigGAN,1236,GenImage_test/BigGAN/test/ai/729_biggan_00039.png
77,BigGAN,1237,GenImage_test/BigGAN/test/ai/928_biggan_00039.png
77,BigGAN,1238,GenImage_test/BigGAN/test/ai/429_biggan_00035.png
77,BigGAN,1239,GenImage_test/BigGAN/test/ai/530_biggan_00143.png
77,BigGAN,1240,GenImage_test/BigGAN/test/ai/748_biggan_00035.png
77,BigGAN,1241,GenImage_test/BigGAN/test/nature/ILSVRC2012_val_00038556.JPEG
77,BigGAN,1242,GenImage_test/BigGAN/test/nature/ILSVRC2012_val_00035036.JPEG
77,BigGAN,1243,GenImage_test/BigGAN/test/ai/201_biggan_00035.png
77,BigGAN,1244,GenImage_test/BigGAN/test/ai/143_biggan_00035.png
77,BigGAN,1245,GenImage_test/BigGAN/test/nature/ILSVRC2012_val_00047572.JPEG
77,BigGAN,1246,GenImage_test/BigGAN/test/nature/ILSVRC2012_val_00007885.JPEG
77,BigGAN,1247,GenImage_test/BigGAN/test/ai/509_biggan_00039.png
78,BigGAN,1248,GenImage_test/BigGAN/test/nature/ILSVRC2012_val_00047145.JPEG
78,BigGAN,1249,GenImage_test/BigGAN/test/nature/ILSVRC2012_val_00037450.JPEG
78,BigGAN,1250,GenImage_test/BigGAN/test/ai/617_biggan_00127.png
78,BigGAN,1251,GenImage_test/BigGAN/test/ai/343_biggan_00143.png
78,BigGAN,1252,GenImage_test/BigGAN/test/ai/205_biggan_00020.png
78,BigGAN,1253,GenImage_test/BigGAN/test/ai/931_biggan_00035.png
78,BigGAN,1254,GenImage_test/BigGAN/test/ai/804_biggan_00074.png
78,BigGAN,1255,GenImage_test/BigGAN/test/ai/913_biggan_00020.png
78,BigGAN,1256,GenImage_test/BigGAN/test/ai/729_biggan_00143.png
78,BigGAN,1257,GenImage_test/BigGAN/test/nature/ILSVRC2012_val_00048649.JPEG
78,BigGAN,1258,GenImage_test/BigGAN/test/ai/436_biggan_00035.png
78,BigGAN,1259,GenImage_test/BigGAN/test/ai/054_biggan_00020.png
78,BigGAN,1260,GenImage_test/BigGAN/test/ai/410_biggan_00074.png
78,BigGAN,1261,GenImage_test/BigGAN/test/nature/ILSVRC2012_val_00004409.JPEG
78,BigGAN,1262,GenImage_test/BigGAN/test/ai/406_biggan_00039.png
78,BigGAN,1263,GenImage_test/BigGAN/test/ai/779_biggan_00035.png
79,BigGAN,1264,GenImage_test/BigGAN/test/nature/ILSVRC2012_val_00018943.JPEG
79,BigGAN,1265,GenImage_test/BigGAN/test/ai/967_biggan_00035.png
79,BigGAN,1266,GenImage_test/BigGAN/test/nature/ILSVRC2012_val_00039181.JPEG
79,BigGAN,1267,GenImage_test/BigGAN/test/ai/306_biggan_00035.png
79,BigGAN,1268,GenImage_test/BigGAN/test/ai/061_biggan_00074.png
79,BigGAN,1269,GenImage_test/BigGAN/test/ai/872_biggan_00143.png
79,BigGAN,1270,GenImage_test/BigGAN/test/nature/ILSVRC2012_val_00022712.JPEG
79,BigGAN,1271,GenImage_test/BigGAN/test/ai/490_biggan_00020.png
79,BigGAN,1272,GenImage_test/BigGAN/test/nature/ILSVRC2012_val_00010182.JPEG
79,BigGAN,1273,GenImage_test/BigGAN/test/nature/ILSVRC2012_val_00006623.JPEG
79,BigGAN,1274,GenImage_test/BigGAN/test/ai/289_biggan_00039.png
79,BigGAN,1275,GenImage_test/BigGAN/test/nature/ILSVRC2012_val_00039686.JPEG
79,BigGAN,1276,GenImage_test/BigGAN/test/ai/681_biggan_00035.png
79,BigGAN,1277,GenImage_test/BigGAN/test/ai/215_biggan_00039.png
79,BigGAN,1278,GenImage_test/BigGAN/test/ai/553_biggan_00035.png
79,BigGAN,1279,GenImage_test/BigGAN/test/nature/ILSVRC2012_val_00021216.JPEG
80,BigGAN,1280,GenImage_test/BigGAN/test/nature/ILSVRC2012_val_00004111.JPEG
80,BigGAN,1281,GenImage_test/BigGAN/test/ai/968_biggan_00074.png
80,BigGAN,1282,GenImage_test/BigGAN/test/nature/ILSVRC2012_val_00022976.JPEG
80,BigGAN,1283,GenImage_test/BigGAN/test/nature/ILSVRC2012_val_00034607.JPEG
80,BigGAN,1284,GenImage_test/BigGAN/test/ai/560_biggan_00143.png
80,BigGAN,1285,GenImage_test/BigGAN/test/ai/379_biggan_00143.png
80,BigGAN,1286,GenImage_test/BigGAN/test/nature/ILSVRC2012_val_00023993.JPEG
80,BigGAN,1287,GenImage_test/BigGAN/test/ai/920_biggan_00035.png
80,BigGAN,1288,GenImage_test/BigGAN/test/nature/ILSVRC2012_val_00038569.JPEG
80,BigGAN,1289,GenImage_test/BigGAN/test/ai/318_biggan_00020.png
80,BigGAN,1290,GenImage_test/BigGAN/test/nature/ILSVRC2012_val_00016391.JPEG
80,BigGAN,1291,GenImage_test/BigGAN/test/nature/ILSVRC2012_val_00012146.JPEG
80,BigGAN,1292,GenImage_test/BigGAN/test/ai/622_biggan_00035.png
80,BigGAN,1293,GenImage_test/BigGAN/test/ai/103_biggan_00074.png
80,BigGAN,1294,GenImage_test/BigGAN/test/nature/ILSVRC2012_val_00019055.JPEG
80,BigGAN,1295,GenImage_test/BigGAN/test/ai/653_biggan_00074.png
81,BigGAN,1296,GenImage_test/BigGAN/test/ai/442_biggan_00127.png
81,BigGAN,1297,GenImage_test/BigGAN/test/ai/334_biggan_00074.png
81,BigGAN,1298,GenImage_test/BigGAN/test/ai/855_biggan_00143.png
81,BigGAN,1299,GenImage_test/BigGAN/test/nature/ILSVRC2012_val_00018291.JPEG
81,BigGAN,1300,GenImage_test/BigGAN/test/ai/469_biggan_00074.png
81,BigGAN,1301,GenImage_test/BigGAN/test/ai/875_biggan_00020.png
81,BigGAN,1302,GenImage_test/BigGAN/test/ai/303_biggan_00074.png
81,BigGAN,1303,GenImage_test/BigGAN/test/ai/366_biggan_00074.png
81,BigGAN,1304,GenImage_test/BigGAN/test/nature/ILSVRC2012_val_00040667.JPEG
81,BigGAN,1305,GenImage_test/BigGAN/test/nature/ILSVRC2012_val_00039869.JPEG
81,BigGAN,1306,GenImage_test/BigGAN/test/nature/ILSVRC2012_val_00017776.JPEG
81,BigGAN,1307,GenImage_test/BigGAN/test/ai/269_biggan_00039.png
81,BigGAN,1308,GenImage_test/BigGAN/test/nature/ILSVRC2012_val_00036607.JPEG
81,BigGAN,1309,GenImage_test/BigGAN/test/nature/ILSVRC2012_val_00011076.JPEG
81,BigGAN,1310,GenImage_test/BigGAN/test/nature/ILSVRC2012_val_00015881.JPEG
81,BigGAN,1311,GenImage_test/BigGAN/test/ai/589_biggan_00020.png
82,BigGAN,1312,GenImage_test/BigGAN/test/nature/ILSVRC2012_val_00019017.JPEG
82,BigGAN,1313,GenImage_test/BigGAN/test/ai/940_biggan_00035.png
82,BigGAN,1314,GenImage_test/BigGAN/test/ai/706_biggan_00035.png
82,BigGAN,1315,GenImage_test/BigGAN/test/ai/628_biggan_00035.png
82,BigGAN,1316,GenImage_test/BigGAN/test/nature/ILSVRC2012_val_00017449.JPEG
82,BigGAN,1317,GenImage_test/BigGAN/test/ai/661_biggan_00143.png
82,BigGAN,1318,GenImage_test/BigGAN/test/ai/105_biggan_00127.png
82,BigGAN,1319,GenImage_test/BigGAN/test/nature/ILSVRC2012_val_00005284.JPEG
82,BigGAN,1320,GenImage_test/BigGAN/test/ai/073_biggan_00143.png
82,BigGAN,1321,GenImage_test/BigGAN/test/nature/ILSVRC2012_val_00006523.JPEG
82,BigGAN,1322,GenImage_test/BigGAN/test/ai/569_biggan_00020.png
82,BigGAN,1323,GenImage_test/BigGAN/test/ai/057_biggan_00127.png
82,BigGAN,1324,GenImage_test/BigGAN/test/nature/ILSVRC2012_val_00049962.JPEG
82,BigGAN,1325,GenImage_test/BigGAN/test/nature/ILSVRC2012_val_00012082.JPEG
82,BigGAN,1326,GenImage_test/BigGAN/test/ai/898_biggan_00035.png
82,BigGAN,1327,GenImage_test/BigGAN/test/nature/ILSVRC2012_val_00008604.JPEG
83,BigGAN,1328,GenImage_test/BigGAN/test/ai/999_biggan_00020.png
83,BigGAN,1329,GenImage_test/BigGAN/test/nature/ILSVRC2012_val_00011808.JPEG
83,BigGAN,1330,GenImage_test/BigGAN/test/ai/850_biggan_00143.png
83,BigGAN,1331,GenImage_test/BigGAN/test/nature/ILSVRC2012_val_00011104.JPEG
83,BigGAN,1332,GenImage_test/BigGAN/test/nature/ILSVRC2012_val_00024252.JPEG
83,BigGAN,1333,GenImage_test/BigGAN/test/ai/196_biggan_00074.png
83,BigGAN,1334,GenImage_test/BigGAN/test/ai/505_biggan_00127.png
83,BigGAN,1335,GenImage_test/BigGAN/test/nature/ILSVRC2012_val_00019953.JPEG
83,BigGAN,1336,GenImage_test/BigGAN/test/ai/206_biggan_00127.png
83,BigGAN,1337,GenImage_test/BigGAN/test/ai/409_biggan_00035.png
83,BigGAN,1338,GenImage_test/BigGAN/test/nature/ILSVRC2012_val_00034950.JPEG
83,BigGAN,1339,GenImage_test/BigGAN/test/nature/ILSVRC2012_val_00005346.JPEG
83,BigGAN,1340,GenImage_test/BigGAN/test/ai/602_biggan_00074.png
83,BigGAN,1341,GenImage_test/BigGAN/test/ai/965_biggan_00035.png
83,BigGAN,1342,GenImage_test/BigGAN/test/ai/154_biggan_00035.png
83,BigGAN,1343,GenImage_test/BigGAN/test/nature/ILSVRC2012_val_00009522.JPEG
84,BigGAN,1344,GenImage_test/BigGAN/test/ai/474_biggan_00074.png
84,BigGAN,1345,GenImage_test/BigGAN/test/nature/ILSVRC2012_val_00025742.JPEG
84,BigGAN,1346,GenImage_test/BigGAN/test/nature/ILSVRC2012_val_00009894.JPEG
84,BigGAN,1347,GenImage_test/BigGAN/test/ai/586_biggan_00143.png
84,BigGAN,1348,GenImage_test/BigGAN/test/ai/609_biggan_00143.png
84,BigGAN,1349,GenImage_test/BigGAN/test/ai/255_biggan_00143.png
84,BigGAN,1350,GenImage_test/BigGAN/test/nature/ILSVRC2012_val_00021066.JPEG
84,BigGAN,1351,GenImage_test/BigGAN/test/ai/392_biggan_00143.png
84,BigGAN,1352,GenImage_test/BigGAN/test/ai/878_biggan_00020.png
84,BigGAN,1353,GenImage_test/BigGAN/test/ai/265_biggan_00074.png
84,BigGAN,1354,GenImage_test/BigGAN/test/ai/498_biggan_00039.png
84,BigGAN,1355,GenImage_test/BigGAN/test/ai/035_biggan_00035.png
84,BigGAN,1356,GenImage_test/BigGAN/test/nature/ILSVRC2012_val_00046462.JPEG
84,BigGAN,1357,GenImage_test/BigGAN/test/nature/ILSVRC2012_val_00015859.JPEG
84,BigGAN,1358,GenImage_test/BigGAN/test/nature/ILSVRC2012_val_00016497.JPEG
84,BigGAN,1359,GenImage_test/BigGAN/test/nature/ILSVRC2012_val_00013891.JPEG
85,BigGAN,1360,GenImage_test/BigGAN/test/ai/981_biggan_00074.png
85,BigGAN,1361,GenImage_test/BigGAN/test/nature/ILSVRC2012_val_00013086.JPEG
85,BigGAN,1362,GenImage_test/BigGAN/test/nature/ILSVRC2012_val_00044023.JPEG
85,BigGAN,1363,GenImage_test/BigGAN/test/ai/714_biggan_00074.png
85,BigGAN,1364,GenImage_test/BigGAN/test/nature/ILSVRC2012_val_00026001.JPEG
85,BigGAN,1365,GenImage_test/BigGAN/test/ai/951_biggan_00039.png
85,BigGAN,1366,GenImage_test/BigGAN/test/ai/817_biggan_00020.png
85,BigGAN,1367,GenImage_test/BigGAN/test/ai/894_biggan_00127.png
85,BigGAN,1368,GenImage_test/BigGAN/test/ai/156_biggan_00074.png
85,BigGAN,1369,GenImage_test/BigGAN/test/nature/ILSVRC2012_val_00010941.JPEG
85,BigGAN,1370,GenImage_test/BigGAN/test/ai/764_biggan_00127.png
85,BigGAN,1371,GenImage_test/BigGAN/test/ai/011_biggan_00143.png
85,BigGAN,1372,GenImage_test/BigGAN/test/ai/333_biggan_00074.png
85,BigGAN,1373,GenImage_test/BigGAN/test/ai/376_biggan_00039.png
85,BigGAN,1374,GenImage_test/BigGAN/test/ai/592_biggan_00039.png
85,BigGAN,1375,GenImage_test/BigGAN/test/nature/ILSVRC2012_val_00046294.JPEG
86,BigGAN,1376,GenImage_test/BigGAN/test/nature/ILSVRC2012_val_00007795.JPEG
86,BigGAN,1377,GenImage_test/BigGAN/test/ai/968_biggan_00020.png
86,BigGAN,1378,GenImage_test/BigGAN/test/nature/ILSVRC2012_val_00043495.JPEG
86,BigGAN,1379,GenImage_test/BigGAN/test/ai/126_biggan_00020.png
86,BigGAN,1380,GenImage_test/BigGAN/test/nature/ILSVRC2012_val_00005722.JPEG
86,BigGAN,1381,GenImage_test/BigGAN/test/ai/359_biggan_00143.png
86,BigGAN,1382,GenImage_test/BigGAN/test/ai/793_biggan_00020.png
86,BigGAN,1383,GenImage_test/BigGAN/test/ai/362_biggan_00074.png
86,BigGAN,1384,GenImage_test/BigGAN/test/ai/510_biggan_00127.png
86,BigGAN,1385,GenImage_test/BigGAN/test/ai/553_biggan_00143.png
86,BigGAN,1386,GenImage_test/BigGAN/test/nature/ILSVRC2012_val_00034590.JPEG
86,BigGAN,1387,GenImage_test/BigGAN/test/ai/140_biggan_00039.png
86,BigGAN,1388,GenImage_test/BigGAN/test/nature/ILSVRC2012_val_00047143.JPEG
86,BigGAN,1389,GenImage_test/BigGAN/test/ai/707_biggan_00039.png
86,BigGAN,1390,GenImage_test/BigGAN/test/nature/ILSVRC2012_val_00044321.JPEG
86,BigGAN,1391,GenImage_test/BigGAN/test/nature/ILSVRC2012_val_00005786.JPEG
87,BigGAN,1392,GenImage_test/BigGAN/test/nature/ILSVRC2012_val_00034616.JPEG
87,BigGAN,1393,GenImage_test/BigGAN/test/ai/968_biggan_00143.png
87,BigGAN,1394,GenImage_test/BigGAN/test/ai/823_biggan_00143.png
87,BigGAN,1395,GenImage_test/BigGAN/test/nature/ILSVRC2012_val_00016503.JPEG
87,BigGAN,1396,GenImage_test/BigGAN/test/ai/707_biggan_00074.png
87,BigGAN,1397,GenImage_test/BigGAN/test/nature/ILSVRC2012_val_00028525.JPEG
87,BigGAN,1398,GenImage_test/BigGAN/test/ai/702_biggan_00074.png
87,BigGAN,1399,GenImage_test/BigGAN/test/nature/ILSVRC2012_val_00047114.JPEG
87,BigGAN,1400,GenImage_test/BigGAN/test/ai/787_biggan_00143.png
87,BigGAN,1401,GenImage_test/BigGAN/test/ai/901_biggan_00035.png
87,BigGAN,1402,GenImage_test/BigGAN/test/nature/ILSVRC2012_val_00031424.JPEG
87,BigGAN,1403,GenImage_test/BigGAN/test/ai/721_biggan_00127.png
87,BigGAN,1404,GenImage_test/BigGAN/test/ai/124_biggan_00143.png
87,BigGAN,1405,GenImage_test/BigGAN/test/ai/133_biggan_00143.png
87,BigGAN,1406,GenImage_test/BigGAN/test/nature/ILSVRC2012_val_00046215.JPEG
87,BigGAN,1407,GenImage_test/BigGAN/test/ai/705_biggan_00127.png
88,BigGAN,1408,GenImage_test/BigGAN/test/nature/ILSVRC2012_val_00041121.JPEG
88,BigGAN,1409,GenImage_test/BigGAN/test/nature/ILSVRC2012_val_00040106.JPEG
88,BigGAN,1410,GenImage_test/BigGAN/test/ai/229_biggan_00035.png
88,BigGAN,1411,GenImage_test/BigGAN/test/ai/282_biggan_00035.png
88,BigGAN,1412,GenImage_test/BigGAN/test/nature/ILSVRC2012_val_00020886.JPEG
88,BigGAN,1413,GenImage_test/BigGAN/test/nature/ILSVRC2012_val_00024177.JPEG
88,BigGAN,1414,GenImage_test/BigGAN/test/ai/733_biggan_00020.png
88,BigGAN,1415,GenImage_test/BigGAN/test/nature/ILSVRC2012_val_00011535.JPEG
88,BigGAN,1416,GenImage_test/BigGAN/test/nature/ILSVRC2012_val_00025038.JPEG
88,BigGAN,1417,GenImage_test/BigGAN/test/ai/753_biggan_00143.png
88,BigGAN,1418,GenImage_test/BigGAN/test/ai/885_biggan_00035.png
88,BigGAN,1419,GenImage_test/BigGAN/test/ai/123_biggan_00039.png
88,BigGAN,1420,GenImage_test/BigGAN/test/nature/ILSVRC2012_val_00021074.JPEG
88,BigGAN,1421,GenImage_test/BigGAN/test/ai/856_biggan_00039.png
88,BigGAN,1422,GenImage_test/BigGAN/test/ai/130_biggan_00020.png
88,BigGAN,1423,GenImage_test/BigGAN/test/nature/ILSVRC2012_val_00042656.JPEG
89,BigGAN,1424,GenImage_test/BigGAN/test/ai/346_biggan_00039.png
89,BigGAN,1425,GenImage_test/BigGAN/test/nature/ILSVRC2012_val_00018172.JPEG
89,BigGAN,1426,GenImage_test/BigGAN/test/nature/ILSVRC2012_val_00031190.JPEG
89,BigGAN,1427,GenImage_test/BigGAN/test/ai/906_biggan_00074.png
89,BigGAN,1428,GenImage_test/BigGAN/test/nature/ILSVRC2012_val_00022242.JPEG
89,BigGAN,1429,GenImage_test/BigGAN/test/nature/ILSVRC2012_val_00028837.JPEG
89,BigGAN,1430,GenImage_test/BigGAN/test/nature/ILSVRC2012_val_00042649.JPEG
89,BigGAN,1431,GenImage_test/BigGAN/test/nature/ILSVRC2012_val_00033443.JPEG
89,BigGAN,1432,GenImage_test/BigGAN/test/nature/ILSVRC2012_val_00000794.JPEG
89,BigGAN,1433,GenImage_test/BigGAN/test/nature/ILSVRC2012_val_00034710.JPEG
89,BigGAN,1434,GenImage_test/BigGAN/test/ai/771_biggan_00074.png
89,BigGAN,1435,GenImage_test/BigGAN/test/nature/ILSVRC2012_val_00043999.JPEG
89,BigGAN,1436,GenImage_test/BigGAN/test/nature/ILSVRC2012_val_00039902.JPEG
89,BigGAN,1437,GenImage_test/BigGAN/test/ai/807_biggan_00074.png
89,BigGAN,1438,GenImage_test/BigGAN/test/nature/ILSVRC2012_val_00049401.JPEG
89,BigGAN,1439,GenImage_test/BigGAN/test/ai/132_biggan_00035.png
90,BigGAN,1440,GenImage_test/BigGAN/test/nature/ILSVRC2012_val_00032462.JPEG
90,BigGAN,1441,GenImage_test/BigGAN/test/ai/199_biggan_00039.png
90,BigGAN,1442,GenImage_test/BigGAN/test/nature/ILSVRC2012_val_00027903.JPEG
90,BigGAN,1443,GenImage_test/BigGAN/test/nature/ILSVRC2012_val_00001393.JPEG
90,BigGAN,1444,GenImage_test/BigGAN/test/ai/536_biggan_00127.png
90,BigGAN,1445,GenImage_test/BigGAN/test/nature/ILSVRC2012_val_00038673.JPEG
90,BigGAN,1446,GenImage_test/BigGAN/test/nature/ILSVRC2012_val_00034229.JPEG
90,BigGAN,1447,GenImage_test/BigGAN/test/nature/ILSVRC2012_val_00002328.JPEG
90,BigGAN,1448,GenImage_test/BigGAN/test/ai/575_biggan_00039.png
90,BigGAN,1449,GenImage_test/BigGAN/test/nature/ILSVRC2012_val_00011385.JPEG
90,BigGAN,1450,GenImage_test/BigGAN/test/nature/ILSVRC2012_val_00005746.JPEG
90,BigGAN,1451,GenImage_test/BigGAN/test/ai/194_biggan_00035.png
90,BigGAN,1452,GenImage_test/BigGAN/test/ai/834_biggan_00143.png
90,BigGAN,1453,GenImage_test/BigGAN/test/nature/ILSVRC2012_val_00046154.JPEG
90,BigGAN,1454,GenImage_test/BigGAN/test/ai/305_biggan_00039.png
90,BigGAN,1455,GenImage_test/BigGAN/test/nature/ILSVRC2012_val_00035294.JPEG
91,BigGAN,1456,GenImage_test/BigGAN/test/ai/656_biggan_00035.png
91,BigGAN,1457,GenImage_test/BigGAN/test/nature/ILSVRC2012_val_00007125.JPEG
91,BigGAN,1458,GenImage_test/BigGAN/test/ai/486_biggan_00020.png
91,BigGAN,1459,GenImage_test/BigGAN/test/nature/ILSVRC2012_val_00009933.JPEG
91,BigGAN,1460,GenImage_test/BigGAN/test/ai/114_biggan_00039.png
91,BigGAN,1461,GenImage_test/BigGAN/test/ai/802_biggan_00074.png
91,BigGAN,1462,GenImage_test/BigGAN/test/nature/ILSVRC2012_val_00015553.JPEG
91,BigGAN,1463,GenImage_test/BigGAN/test/nature/ILSVRC2012_val_00030741.JPEG
91,BigGAN,1464,GenImage_test/BigGAN/test/ai/445_biggan_00035.png
91,BigGAN,1465,GenImage_test/BigGAN/test/ai/796_biggan_00039.png
91,BigGAN,1466,GenImage_test/BigGAN/test/nature/ILSVRC2012_val_00008542.JPEG
91,BigGAN,1467,GenImage_test/BigGAN/test/nature/ILSVRC2012_val_00027718.JPEG
91,BigGAN,1468,GenImage_test/BigGAN/test/nature/ILSVRC2012_val_00016294.JPEG
91,BigGAN,1469,GenImage_test/BigGAN/test/ai/648_biggan_00143.png
91,BigGAN,1470,GenImage_test/BigGAN/test/ai/209_biggan_00020.png
91,BigGAN,1471,GenImage_test/BigGAN/test/nature/ILSVRC2012_val_00043643.JPEG
92,BigGAN,1472,GenImage_test/BigGAN/test/nature/ILSVRC2012_val_00046828.JPEG
92,BigGAN,1473,GenImage_test/BigGAN/test/ai/876_biggan_00035.png
92,BigGAN,1474,GenImage_test/BigGAN/test/ai/405_biggan_00035.png
92,BigGAN,1475,GenImage_test/BigGAN/test/ai/150_biggan_00035.png
92,BigGAN,1476,GenImage_test/BigGAN/test/nature/ILSVRC2012_val_00048615.JPEG
92,BigGAN,1477,GenImage_test/BigGAN/test/ai/282_biggan_00143.png
92,BigGAN,1478,GenImage_test/BigGAN/test/nature/ILSVRC2012_val_00023400.JPEG
92,BigGAN,1479,GenImage_test/BigGAN/test/nature/ILSVRC2012_val_00039921.JPEG
92,BigGAN,1480,GenImage_test/BigGAN/test/nature/ILSVRC2012_val_00027501.JPEG
92,BigGAN,1481,GenImage_test/BigGAN/test/ai/584_biggan_00127.png
92,BigGAN,1482,GenImage_test/BigGAN/test/ai/462_biggan_00127.png
92,BigGAN,1483,GenImage_test/BigGAN/test/ai/535_biggan_00020.png
92,BigGAN,1484,GenImage_test/BigGAN/test/ai/453_biggan_00143.png
92,BigGAN,1485,GenImage_test/BigGAN/test/nature/ILSVRC2012_val_00007256.JPEG
92,BigGAN,1486,GenImage_test/BigGAN/test/nature/ILSVRC2012_val_00041001.JPEG
92,BigGAN,1487,GenImage_test/BigGAN/test/nature/ILSVRC2012_val_00038848.JPEG
93,BigGAN,1488,GenImage_test/BigGAN/test/ai/382_biggan_00143.png
93,BigGAN,1489,GenImage_test/BigGAN/test/ai/158_biggan_00143.png
93,BigGAN,1490,GenImage_test/BigGAN/test/ai/259_biggan_00020.png
93,BigGAN,1491,GenImage_test/BigGAN/test/nature/ILSVRC2012_val_00000631.JPEG
93,BigGAN,1492,GenImage_test/BigGAN/test/ai/875_biggan_00127.png
93,BigGAN,1493,GenImage_test/BigGAN/test/ai/171_biggan_00020.png
93,BigGAN,1494,GenImage_test/BigGAN/test/ai/964_biggan_00020.png
93,BigGAN,1495,GenImage_test/BigGAN/test/ai/483_biggan_00143.png
93,BigGAN,1496,GenImage_test/BigGAN/test/nature/ILSVRC2012_val_00049103.JPEG
93,BigGAN,1497,GenImage_test/BigGAN/test/ai/017_biggan_00074.png
93,BigGAN,1498,GenImage_test/BigGAN/test/ai/077_biggan_00039.png
93,BigGAN,1499,GenImage_test/BigGAN/test/nature/ILSVRC2012_val_00004009.JPEG
94,ADM,1500,GenImage_test/ADM/test/ai/867_adm_85.PNG
94,ADM,1501,GenImage_test/ADM/test/nature/ILSVRC2012_val_00006178.JPEG
94,ADM,1502,GenImage_test/ADM/test/nature/ILSVRC2012_val_00044857.JPEG
94,ADM,1503,GenImage_test/ADM/test/ai/833_adm_7.PNG
94,ADM,1504,GenImage_test/ADM/test/nature/ILSVRC2012_val_00046083.JPEG
94,ADM,1505,GenImage_test/ADM/test/ai/70_adm_153.PNG
94,ADM,1506,GenImage_test/ADM/test/ai/883_adm_7.PNG
94,ADM,1507,GenImage_test/ADM/test/nature/ILSVRC2012_val_00022907.JPEG
94,ADM,1508,GenImage_test/ADM/test/nature/ILSVRC2012_val_00031927.JPEG
94,ADM,1509,GenImage_test/ADM/test/nature/ILSVRC2012_val_00000005.JPEG
94,ADM,1510,GenImage_test/ADM/test/ai/747_adm_174.PNG
94,ADM,1511,GenImage_test/ADM/test/nature/ILSVRC2012_val_00016695.JPEG
94,ADM,1512,GenImage_test/ADM/test/ai/900_adm_85.PNG
94,ADM,1513,GenImage_test/ADM/test/nature/ILSVRC2012_val_00034690.JPEG
94,ADM,1514,GenImage_test/ADM/test/ai/266_adm_85.PNG
94,ADM,1515,GenImage_test/ADM/test/nature/ILSVRC2012_val_00029152.JPEG
95,ADM,1516,GenImage_test/ADM/test/ai/341_adm_34.PNG
95,ADM,1517,GenImage_test/ADM/test/ai/379_adm_85.PNG
95,ADM,1518,GenImage_test/ADM/test/nature/ILSVRC2012_val_00034829.JPEG
95,ADM,1519,GenImage_test/ADM/test/ai/897_adm_174.PNG
95,ADM,1520,GenImage_test/ADM/test/ai/798_adm_91.PNG
95,ADM,1521,GenImage_test/ADM/test/nature/ILSVRC2012_val_00009460.JPEG
95,ADM,1522,GenImage_test/ADM/test/ai/678_adm_34.PNG
95,ADM,1523,GenImage_test/ADM/test/ai/799_adm_174.PNG
95,ADM,1524,GenImage_test/ADM/test/ai/303_adm_85.PNG
95,ADM,1525,GenImage_test/ADM/test/nature/ILSVRC2012_val_00014968.JPEG
95,ADM,1526,GenImage_test/ADM/test/ai/959_adm_7.PNG
95,ADM,1527,GenImage_test/ADM/test/nature/ILSVRC2012_val_00035107.JPEG
95,ADM,1528,GenImage_test/ADM/test/ai/966_adm_174.PNG
95,ADM,1529,GenImage_test/ADM/test/nature/ILSVRC2012_val_00046476.JPEG
95,ADM,1530,GenImage_test/ADM/test/nature/ILSVRC2012_val_00032775.JPEG
95,ADM,1531,GenImage_test/ADM/test/nature/ILSVRC2012_val_00038486.JPEG
96,ADM,1532,GenImage_test/ADM/test/nature/ILSVRC2012_val_00043341.JPEG
96,ADM,1533,GenImage_test/ADM/test/ai/902_adm_174.PNG
96,ADM,1534,GenImage_test/ADM/test/ai/492_adm_174.PNG
96,ADM,1535,GenImage_test/ADM/test/ai/370_adm_174.PNG
96,ADM,1536,GenImage_test/ADM/test/ai/940_adm_34.PNG
96,ADM,1537,GenImage_test/ADM/test/nature/ILSVRC2012_val_00010484.JPEG
96,ADM,1538,GenImage_test/ADM/test/nature/ILSVRC2012_val_00014774.JPEG
96,ADM,1539,GenImage_test/ADM/test/nature/ILSVRC2012_val_00016262.JPEG
96,ADM,1540,GenImage_test/ADM/test/nature/ILSVRC2012_val_00013522.JPEG
96,ADM,1541,GenImage_test/ADM/test/ai/547_adm_85.PNG
96,ADM,1542,GenImage_test/ADM/test/ai/163_adm_91.PNG
96,ADM,1543,GenImage_test/ADM/test/nature/ILSVRC2012_val_00018076.JPEG
96,ADM,1544,GenImage_test/ADM/test/ai/287_adm_7.PNG
96,ADM,1545,GenImage_test/ADM/test/nature/ILSVRC2012_val_00020118.JPEG
96,ADM,1546,GenImage_test/ADM/test/nature/ILSVRC2012_val_00041146.JPEG
96,ADM,1547,GenImage_test/ADM/test/nature/ILSVRC2012_val_00039429.JPEG
97,ADM,1548,GenImage_test/ADM/test/nature/ILSVRC2012_val_00001949.JPEG
97,ADM,1549,GenImage_test/ADM/test/ai/21_adm_153.PNG
97,ADM,1550,GenImage_test/ADM/test/nature/ILSVRC2012_val_00038868.JPEG
97,ADM,1551,GenImage_test/ADM/test/nature/ILSVRC2012_val_00005429.JPEG
97,ADM,1552,GenImage_test/ADM/test/nature/ILSVRC2012_val_00036312.JPEG
97,ADM,1553,GenImage_test/ADM/test/nature/ILSVRC2012_val_00003449.JPEG
97,ADM,1554,GenImage_test/ADM/test/ai/416_adm_34.PNG
97,ADM,1555,GenImage_test/ADM/test/ai/694_adm_153.PNG
97,ADM,1556,GenImage_test/ADM/test/nature/ILSVRC2012_val_00025001.JPEG
97,ADM,1557,GenImage_test/ADM/test/nature/ILSVRC2012_val_00043016.JPEG
97,ADM,1558,GenImage_test/ADM/test/ai/239_adm_34.PNG
97,ADM,1559,GenImage_test/ADM/test/ai/627_adm_7.PNG
97,ADM,1560,GenImage_test/ADM/test/ai/889_adm_174.PNG
97,ADM,1561,GenImage_test/ADM/test/nature/ILSVRC2012_val_00001803.JPEG
97,ADM,1562,GenImage_test/ADM/test/ai/905_adm_153.PNG
97,ADM,1563,GenImage_test/ADM/test/ai/689_adm_153.PNG
98,ADM,1564,GenImage_test/ADM/test/ai/234_adm_7.PNG
98,ADM,1565,GenImage_test/ADM/test/nature/ILSVRC2012_val_00003092.JPEG
98,ADM,1566,GenImage_test/ADM/test/ai/511_adm_153.PNG
98,ADM,1567,GenImage_test/ADM/test/nature/ILSVRC2012_val_00036533.JPEG
98,ADM,1568,GenImage_test/ADM/test/ai/817_adm_91.PNG
98,ADM,1569,GenImage_test/ADM/test/nature/ILSVRC2012_val_00028902.JPEG
98,ADM,1570,GenImage_test/ADM/test/ai/929_adm_153.PNG
98,ADM,1571,GenImage_test/ADM/test/nature/ILSVRC2012_val_00024905.JPEG
98,ADM,1572,GenImage_test/ADM/test/ai/347_adm_91.PNG
98,ADM,1573,GenImage_test/ADM/test/ai/910_adm_85.PNG
98,ADM,1574,GenImage_test/ADM/test/ai/12_adm_174.PNG
98,ADM,1575,GenImage_test/ADM/test/nature/ILSVRC2012_val_00025351.JPEG
98,ADM,1576,GenImage_test/ADM/test/nature/ILSVRC2012_val_00030642.JPEG
98,ADM,1577,GenImage_test/ADM/test/ai/926_adm_174.PNG
98,ADM,1578,GenImage_test/ADM/test/ai/471_adm_153.PNG
98,ADM,1579,GenImage_test/ADM/test/ai/2_adm_85.PNG
99,ADM,1580,GenImage_test/ADM/test/ai/147_adm_174.PNG
99,ADM,1581,GenImage_test/ADM/test/nature/ILSVRC2012_val_00006448.JPEG
99,ADM,1582,GenImage_test/ADM/test/ai/633_adm_91.PNG
99,ADM,1583,GenImage_test/ADM/test/ai/819_adm_34.PNG
99,ADM,1584,GenImage_test/ADM/test/nature/ILSVRC2012_val_00011513.JPEG
99,ADM,1585,GenImage_test/ADM/test/ai/954_adm_34.PNG
99,ADM,1586,GenImage_test/ADM/test/nature/ILSVRC2012_val_00030400.JPEG
99,ADM,1587,GenImage_test/ADM/test/ai/891_adm_91.PNG
99,ADM,1588,GenImage_test/ADM/test/ai/720_adm_7.PNG
99,ADM,1589,GenImage_test/ADM/test/ai/647_adm_153.PNG
99,ADM,1590,GenImage_test/ADM/test/ai/295_adm_34.PNG
99,ADM,1591,GenImage_test/ADM/test/nature/ILSVRC2012_val_00043194.JPEG
99,ADM,1592,GenImage_test/ADM/test/ai/198_adm_174.PNG
99,ADM,1593,GenImage_test/ADM/test/nature/ILSVRC2012_val_00004392.JPEG
99,ADM,1594,GenImage_test/ADM/test/ai/232_adm_91.PNG
99,ADM,1595,GenImage_test/ADM/test/ai/846_adm_85.PNG
100,ADM,1596,GenImage_test/ADM/test/nature/ILSVRC2012_val_00007623.JPEG
100,ADM,1597,GenImage_test/ADM/test/nature/ILSVRC2012_val_00017722.JPEG
100,ADM,1598,GenImage_test/ADM/test/nature/ILSVRC2012_val_00035359.JPEG
100,ADM,1599,GenImage_test/ADM/test/ai/84_adm_7.PNG
100,ADM,1600,GenImage_test/ADM/test/nature/ILSVRC2012_val_00009762.JPEG
100,ADM,1601,GenImage_test/ADM/test/nature/ILSVRC2012_val_00025382.JPEG
100,ADM,1602,GenImage_test/ADM/test/nature/ILSVRC2012_val_00019918.JPEG
100,ADM,1603,GenImage_test/ADM/test/ai/869_adm_85.PNG
100,ADM,1604,GenImage_test/ADM/test/ai/656_adm_174.PNG
100,ADM,1605,GenImage_test/ADM/test/nature/ILSVRC2012_val_00038080.JPEG
100,ADM,1606,GenImage_test/ADM/test/nature/ILSVRC2012_val_00022185.JPEG
100,ADM,1607,GenImage_test/ADM/test/nature/ILSVRC2012_val_00029649.JPEG
100,ADM,1608,GenImage_test/ADM/test/ai/67_adm_174.PNG
100,ADM,1609,GenImage_test/ADM/test/ai/311_adm_7.PNG
100,ADM,1610,GenImage_test/ADM/test/nature/ILSVRC2012_val_00011935.JPEG
100,ADM,1611,GenImage_test/ADM/test/nature/ILSVRC2012_val_00005823.JPEG
101,ADM,1612,GenImage_test/ADM/test/nature/ILSVRC2012_val_00009195.JPEG
101,ADM,1613,GenImage_test/ADM/test/nature/ILSVRC2012_val_00018802.JPEG
101,ADM,1614,GenImage_test/ADM/test/nature/ILSVRC2012_val_00046931.JPEG
101,ADM,1615,GenImage_test/ADM/test/ai/800_adm_34.PNG
101,ADM,1616,GenImage_test/ADM/test/ai/519_adm_7.PNG
101,ADM,1617,GenImage_test/ADM/test/nature/ILSVRC2012_val_00007745.JPEG
101,ADM,1618,GenImage_test/ADM/test/ai/209_adm_7.PNG
101,ADM,1619,GenImage_test/ADM/test/nature/ILSVRC2012_val_00045238.JPEG
101,ADM,1620,GenImage_test/ADM/test/ai/967_adm_34.PNG
101,ADM,1621,GenImage_test/ADM/test/nature/ILSVRC2012_val_00029099.JPEG
101,ADM,1622,GenImage_test/ADM/test/nature/ILSVRC2012_val_00043050.JPEG
101,ADM,1623,GenImage_test/ADM/test/ai/60_adm_91.PNG
101,ADM,1624,GenImage_test/ADM/test/ai/841_adm_91.PNG
101,ADM,1625,GenImage_test/ADM/test/nature/ILSVRC2012_val_00008312.JPEG
101,ADM,1626,GenImage_test/ADM/test/nature/ILSVRC2012_val_00031968.JPEG
101,ADM,1627,GenImage_test/ADM/test/nature/ILSVRC2012_val_00041546.JPEG
102,ADM,1628,GenImage_test/ADM/test/nature/ILSVRC2012_val_00046954.JPEG
102,ADM,1629,GenImage_test/ADM/test/nature/ILSVRC2012_val_00025014.JPEG
102,ADM,1630,GenImage_test/ADM/test/nature/ILSVRC2012_val_00013328.JPEG
102,ADM,1631,GenImage_test/ADM/test/ai/372_adm_34.PNG
102,ADM,1632,GenImage_test/ADM/test/nature/ILSVRC2012_val_00028868.JPEG
102,ADM,1633,GenImage_test/ADM/test/ai/284_adm_91.PNG
102,ADM,1634,GenImage_test/ADM/test/nature/ILSVRC2012_val_00049293.JPEG
102,ADM,1635,GenImage_test/ADM/test/nature/ILSVRC2012_val_00037615.JPEG
102,ADM,1636,GenImage_test/ADM/test/ai/10_adm_34.PNG
102,ADM,1637,GenImage_test/ADM/test/ai/820_adm_7.PNG
102,ADM,1638,GenImage_test/ADM/test/nature/ILSVRC2012_val_00030921.JPEG
102,ADM,1639,GenImage_test/ADM/test/nature/ILSVRC2012_val_00048083.JPEG
102,ADM,1640,GenImage_test/ADM/test/nature/ILSVRC2012_val_00044153.JPEG
102,ADM,1641,GenImage_test/ADM/test/ai/584_adm_7.PNG
102,ADM,1642,GenImage_test/ADM/test/ai/956_adm_174.PNG
102,ADM,1643,GenImage_test/ADM/test/nature/ILSVRC2012_val_00048318.JPEG
103,ADM,1644,GenImage_test/ADM/test/ai/336_adm_153.PNG
103,ADM,1645,GenImage_test/ADM/test/ai/202_adm_153.PNG
103,ADM,1646,GenImage_test/ADM/test/ai/612_adm_34.PNG
103,ADM,1647,GenImage_test/ADM/test/nature/ILSVRC2012_val_00048373.JPEG
103,ADM,1648,GenImage_test/ADM/test/ai/429_adm_85.PNG
103,ADM,1649,GenImage_test/ADM/test/nature/ILSVRC2012_val_00041418.JPEG
103,ADM,1650,GenImage_test/ADM/test/nature/ILSVRC2012_val_00040928.JPEG
103,ADM,1651,GenImage_test/ADM/test/nature/ILSVRC2012_val_00003915.JPEG
103,ADM,1652,GenImage_test/ADM/test/nature/ILSVRC2012_val_00028541.JPEG
103,ADM,1653,GenImage_test/ADM/test/ai/789_adm_174.PNG
103,ADM,1654,GenImage_test/ADM/test/ai/615_adm_153.PNG
103,ADM,1655,GenImage_test/ADM/test/ai/552_adm_91.PNG
103,ADM,1656,GenImage_test/ADM/test/nature/ILSVRC2012_val_00037868.JPEG
103,ADM,1657,GenImage_test/ADM/test/ai/298_adm_34.PNG
103,ADM,1658,GenImage_test/ADM/test/nature/ILSVRC2012_val_00039786.JPEG
103,ADM,1659,GenImage_test/ADM/test/nature/ILSVRC2012_val_00022517.JPEG
104,ADM,1660,GenImage_test/ADM/test/nature/ILSVRC2012_val_00033949.JPEG
104,ADM,1661,GenImage_test/ADM/test/nature/ILSVRC2012_val_00009926.JPEG
104,ADM,1662,GenImage_test/ADM/test/ai/441_adm_34.PNG
104,ADM,1663,GenImage_test/ADM/test/nature/ILSVRC2012_val_00040640.JPEG
104,ADM,1664,GenImage_test/ADM/test/nature/ILSVRC2012_val_00045145.JPEG
104,ADM,1665,GenImage_test/ADM/test/ai/970_adm_91.PNG
104,ADM,1666,GenImage_test/ADM/test/ai/417_adm_34.PNG
104,ADM,1667,GenImage_test/ADM/test/ai/183_adm_174.PNG
104,ADM,1668,GenImage_test/ADM/test/ai/689_adm_34.PNG
104,ADM,1669,GenImage_test/ADM/test/ai/11_adm_34.PNG
104,ADM,1670,GenImage_test/ADM/test/ai/235_adm_7.PNG
104,ADM,1671,GenImage_test/ADM/test/nature/ILSVRC2012_val_00012861.JPEG
104,ADM,1672,GenImage_test/ADM/test/ai/520_adm_85.PNG
104,ADM,1673,GenImage_test/ADM/test/nature/ILSVRC2012_val_00005788.JPEG
104,ADM,1674,GenImage_test/ADM/test/nature/ILSVRC2012_val_00021381.JPEG
104,ADM,1675,GenImage_test/ADM/test/nature/ILSVRC2012_val_00045947.JPEG
105,ADM,1676,GenImage_test/ADM/test/ai/746_adm_85.PNG
105,ADM,1677,GenImage_test/ADM/test/ai/766_adm_91.PNG
105,ADM,1678,GenImage_test/ADM/test/ai/915_adm_85.PNG
105,ADM,1679,GenImage_test/ADM/test/ai/843_adm_174.PNG
105,ADM,1680,GenImage_test/ADM/test/ai/498_adm_91.PNG
105,ADM,1681,GenImage_test/ADM/test/nature/ILSVRC2012_val_00045420.JPEG
105,ADM,1682,GenImage_test/ADM/test/nature/ILSVRC2012_val_00041622.JPEG
105,ADM,1683,GenImage_test/ADM/test/ai/684_adm_153.PNG
105,ADM,1684,GenImage_test/ADM/test/nature/ILSVRC2012_val_00046112.JPEG
105,ADM,1685,GenImage_test/ADM/test/nature/ILSVRC2012_val_00002016.JPEG
105,ADM,1686,GenImage_test/ADM/test/ai/827_adm_34.PNG
105,ADM,1687,GenImage_test/ADM/test/ai/815_adm_153.PNG
105,ADM,1688,GenImage_test/ADM/test/ai/734_adm_34.PNG
105,ADM,1689,GenImage_test/ADM/test/nature/ILSVRC2012_val_00009818.JPEG
105,ADM,1690,GenImage_test/ADM/test/nature/ILSVRC2012_val_00048103.JPEG
105,ADM,1691,GenImage_test/ADM/test/nature/ILSVRC2012_val_00023584.JPEG
106,ADM,1692,GenImage_test/ADM/test/ai/44_adm_85.PNG
106,ADM,1693,GenImage_test/ADM/test/nature/ILSVRC2012_val_00025065.JPEG
106,ADM,1694,GenImage_test/ADM/test/nature/ILSVRC2012_val_00003411.JPEG
106,ADM,1695,GenImage_test/ADM/test/ai/697_adm_85.PNG
106,ADM,1696,GenImage_test/ADM/test/ai/143_adm_85.PNG
106,ADM,1697,GenImage_test/ADM/test/nature/ILSVRC2012_val_00003462.JPEG
106,ADM,1698,GenImage_test/ADM/test/nature/ILSVRC2012_val_00011915.JPEG
106,ADM,1699,GenImage_test/ADM/test/nature/ILSVRC2012_val_00008322.JPEG
106,ADM,1700,GenImage_test/ADM/test/nature/ILSVRC2012_val_00018166.JPEG
106,ADM,1701,GenImage_test/ADM/test/ai/270_adm_91.PNG
106,ADM,1702,GenImage_test/ADM/test/ai/493_adm_91.PNG
106,ADM,1703,GenImage_test/ADM/test/nature/ILSVRC2012_val_00046580.JPEG
106,ADM,1704,GenImage_test/ADM/test/ai/981_adm_85.PNG
106,ADM,1705,GenImage_test/ADM/test/nature/ILSVRC2012_val_00006090.JPEG
106,ADM,1706,GenImage_test/ADM/test/nature/ILSVRC2012_val_00001688.JPEG
106,ADM,1707,GenImage_test/ADM/test/nature/ILSVRC2012_val_00013285.JPEG
107,ADM,1708,GenImage_test/ADM/test/ai/949_adm_91.PNG
107,ADM,1709,GenImage_test/ADM/test/ai/207_adm_153.PNG
107,ADM,1710,GenImage_test/ADM/test/nature/ILSVRC2012_val_00027879.JPEG
107,ADM,1711,GenImage_test/ADM/test/nature/ILSVRC2012_val_00009075.JPEG
107,ADM,1712,GenImage_test/ADM/test/ai/127_adm_34.PNG
107,ADM,1713,GenImage_test/ADM/test/nature/ILSVRC2012_val_00017228.JPEG
107,ADM,1714,GenImage_test/ADM/test/ai/353_adm_7.PNG
107,ADM,1715,GenImage_test/ADM/test/ai/845_adm_34.PNG
107,ADM,1716,GenImage_test/ADM/test/ai/464_adm_85.PNG
107,ADM,1717,GenImage_test/ADM/test/nature/ILSVRC2012_val_00016990.JPEG
107,ADM,1718,GenImage_test/ADM/test/nature/ILSVRC2012_val_00019510.JPEG
107,ADM,1719,GenImage_test/ADM/test/nature/ILSVRC2012_val_00012729.JPEG
107,ADM,1720,GenImage_test/ADM/test/ai/278_adm_91.PNG
107,ADM,1721,GenImage_test/ADM/test/nature/ILSVRC2012_val_00034463.JPEG
107,ADM,1722,GenImage_test/ADM/test/ai/250_adm_174.PNG
107,ADM,1723,GenImage_test/ADM/test/nature/ILSVRC2012_val_00037917.JPEG
108,ADM,1724,GenImage_test/ADM/test/ai/905_adm_91.PNG
108,ADM,1725,GenImage_test/ADM/test/ai/150_adm_34.PNG
108,ADM,1726,GenImage_test/ADM/test/nature/ILSVRC2012_val_00033640.JPEG
108,ADM,1727,GenImage_test/ADM/test/nature/ILSVRC2012_val_00026572.JPEG
108,ADM,1728,GenImage_test/ADM/test/ai/703_adm_85.PNG
108,ADM,1729,GenImage_test/ADM/test/nature/ILSVRC2012_val_00025688.JPEG
108,ADM,1730,GenImage_test/ADM/test/nature/ILSVRC2012_val_00029716.JPEG
108,ADM,1731,GenImage_test/ADM/test/nature/ILSVRC2012_val_00006017.JPEG
108,ADM,1732,GenImage_test/ADM/test/ai/447_adm_153.PNG
108,ADM,1733,GenImage_test/ADM/test/ai/469_adm_85.PNG
108,ADM,1734,GenImage_test/ADM/test/nature/ILSVRC2012_val_00028600.JPEG
108,ADM,1735,GenImage_test/ADM/test/ai/13_adm_7.PNG
108,ADM,1736,GenImage_test/ADM/test/nature/ILSVRC2012_val_00002149.JPEG
108,ADM,1737,GenImage_test/ADM/test/ai/145_adm_85.PNG
108,ADM,1738,GenImage_test/ADM/test/ai/523_adm_34.PNG
108,ADM,1739,GenImage_test/ADM/test/ai/183_adm_7.PNG
109,ADM,1740,GenImage_test/ADM/test/ai/259_adm_7.PNG
109,ADM,1741,GenImage_test/ADM/test/ai/806_adm_34.PNG
109,ADM,1742,GenImage_test/ADM/test/nature/ILSVRC2012_val_00036857.JPEG
109,ADM,1743,GenImage_test/ADM/test/nature/ILSVRC2012_val_00042674.JPEG
109,ADM,1744,GenImage_test/ADM/test/nature/ILSVRC2012_val_00009113.JPEG
109,ADM,1745,GenImage_test/ADM/test/nature/ILSVRC2012_val_00036151.JPEG
109,ADM,1746,GenImage_test/ADM/test/nature/ILSVRC2012_val_00015928.JPEG
109,ADM,1747,GenImage_test/ADM/test/nature/ILSVRC2012_val_00029222.JPEG
109,ADM,1748,GenImage_test/ADM/test/ai/22_adm_34.PNG
109,ADM,1749,GenImage_test/ADM/test/nature/ILSVRC2012_val_00005515.JPEG
109,ADM,1750,GenImage_test/ADM/test/nature/ILSVRC2012_val_00035535.JPEG
109,ADM,1751,GenImage_test/ADM/test/nature/ILSVRC2012_val_00025523.JPEG
109,ADM,1752,GenImage_test/ADM/test/nature/ILSVRC2012_val_00020568.JPEG
109,ADM,1753,GenImage_test/ADM/test/nature/ILSVRC2012_val_00041174.JPEG
109,ADM,1754,GenImage_test/ADM/test/ai/321_adm_153.PNG
109,ADM,1755,GenImage_test/ADM/test/nature/ILSVRC2012_val_00022834.JPEG
110,ADM,1756,GenImage_test/ADM/test/nature/ILSVRC2012_val_00009557.JPEG
110,ADM,1757,GenImage_test/ADM/test/ai/610_adm_7.PNG
110,ADM,1758,GenImage_test/ADM/test/nature/ILSVRC2012_val_00005568.JPEG
110,ADM,1759,GenImage_test/ADM/test/ai/308_adm_153.PNG
110,ADM,1760,GenImage_test/ADM/test/ai/14_adm_153.PNG
110,ADM,1761,GenImage_test/ADM/test/nature/ILSVRC2012_val_00009077.JPEG
110,ADM,1762,GenImage_test/ADM/test/ai/900_adm_34.PNG
110,ADM,1763,GenImage_test/ADM/test/nature/ILSVRC2012_val_00003519.JPEG
110,ADM,1764,GenImage_test/ADM/test/ai/923_adm_153.PNG
110,ADM,1765,GenImage_test/ADM/test/nature/ILSVRC2012_val_00028757.JPEG
110,ADM,1766,GenImage_test/ADM/test/nature/ILSVRC2012_val_00023172.JPEG
110,ADM,1767,GenImage_test/ADM/test/nature/ILSVRC2012_val_00028076.JPEG
110,ADM,1768,GenImage_test/ADM/test/ai/463_adm_85.PNG
110,ADM,1769,GenImage_test/ADM/test/ai/619_adm_174.PNG
110,ADM,1770,GenImage_test/ADM/test/nature/ILSVRC2012_val_00040093.JPEG
110,ADM,1771,GenImage_test/ADM/test/ai/755_adm_34.PNG
111,ADM,1772,GenImage_test/ADM/test/ai/997_adm_7.PNG
111,ADM,1773,GenImage_test/ADM/test/nature/ILSVRC2012_val_00047539.JPEG
111,ADM,1774,GenImage_test/ADM/test/nature/ILSVRC2012_val_00040007.JPEG
111,ADM,1775,GenImage_test/ADM/test/nature/ILSVRC2012_val_00019271.JPEG
111,ADM,1776,GenImage_test/ADM/test/ai/576_adm_91.PNG
111,ADM,1777,GenImage_test/ADM/test/ai/428_adm_34.PNG
111,ADM,1778,GenImage_test/ADM/test/ai/935_adm_34.PNG
111,ADM,1779,GenImage_test/ADM/test/ai/639_adm_174.PNG
111,ADM,1780,GenImage_test/ADM/test/nature/ILSVRC2012_val_00037630.JPEG
111,ADM,1781,GenImage_test/ADM/test/ai/618_adm_153.PNG
111,ADM,1782,GenImage_test/ADM/test/nature/ILSVRC2012_val_00010055.JPEG
111,ADM,1783,GenImage_test/ADM/test/nature/ILSVRC2012_val_00006325.JPEG
111,ADM,1784,GenImage_test/ADM/test/ai/411_adm_34.PNG
111,ADM,1785,GenImage_test/ADM/test/ai/88_adm_174.PNG
111,ADM,1786,GenImage_test/ADM/test/ai/267_adm_153.PNG
111,ADM,1787,GenImage_test/ADM/test/nature/ILSVRC2012_val_00019525.JPEG
112,ADM,1788,GenImage_test/ADM/test/ai/223_adm_34.PNG
112,ADM,1789,GenImage_test/ADM/test/ai/885_adm_91.PNG
112,ADM,1790,GenImage_test/ADM/test/nature/ILSVRC2012_val_00031432.JPEG
112,ADM,1791,GenImage_test/ADM/test/ai/264_adm_153.PNG
112,ADM,1792,GenImage_test/ADM/test/ai/534_adm_7.PNG
112,ADM,1793,GenImage_test/ADM/test/nature/ILSVRC2012_val_00029606.JPEG
112,ADM,1794,GenImage_test/ADM/test/ai/273_adm_91.PNG
112,ADM,1795,GenImage_test/ADM/test/ai/32_adm_85.PNG
112,ADM,1796,GenImage_test/ADM/test/ai/919_adm_153.PNG
112,ADM,1797,GenImage_test/ADM/test/ai/246_adm_153.PNG
112,ADM,1798,GenImage_test/ADM/test/ai/986_adm_85.PNG
112,ADM,1799,GenImage_test/ADM/test/ai/976_adm_174.PNG
112,ADM,1800,GenImage_test/ADM/test/nature/ILSVRC2012_val_00036144.JPEG
112,ADM,1801,GenImage_test/ADM/test/nature/ILSVRC2012_val_00000456.JPEG
112,ADM,1802,GenImage_test/ADM/test/ai/860_adm_91.PNG
112,ADM,1803,GenImage_test/ADM/test/ai/301_adm_91.PNG
113,ADM,1804,GenImage_test/ADM/test/ai/132_adm_91.PNG
113,ADM,1805,GenImage_test/ADM/test/ai/567_adm_174.PNG
113,ADM,1806,GenImage_test/ADM/test/ai/859_adm_34.PNG
113,ADM,1807,GenImage_test/ADM/test/ai/613_adm_153.PNG
113,ADM,1808,GenImage_test/ADM/test/nature/ILSVRC2012_val_00045225.JPEG
113,ADM,1809,GenImage_test/ADM/test/nature/ILSVRC2012_val_00005526.JPEG
113,ADM,1810,GenImage_test/ADM/test/ai/840_adm_91.PNG
113,ADM,1811,GenImage_test/ADM/test/nature/ILSVRC2012_val_00045710.JPEG
113,ADM,1812,GenImage_test/ADM/test/nature/ILSVRC2012_val_00008846.JPEG
113,ADM,1813,GenImage_test/ADM/test/nature/ILSVRC2012_val_00042322.JPEG
113,ADM,1814,GenImage_test/ADM/test/nature/ILSVRC2012_val_00023992.JPEG
113,ADM,1815,GenImage_test/ADM/test/ai/141_adm_7.PNG
113,ADM,1816,GenImage_test/ADM/test/ai/337_adm_174.PNG
113,ADM,1817,GenImage_test/ADM/test/nature/ILSVRC2012_val_00041170.JPEG
113,ADM,1818,GenImage_test/ADM/test/nature/ILSVRC2012_val_00002555.JPEG
113,ADM,1819,GenImage_test/ADM/test/nature/ILSVRC2012_val_00023065.JPEG
114,ADM,1820,GenImage_test/ADM/test/nature/ILSVRC2012_val_00001606.JPEG
114,ADM,1821,GenImage_test/ADM/test/ai/737_adm_91.PNG
114,ADM,1822,GenImage_test/ADM/test/nature/ILSVRC2012_val_00020489.JPEG
114,ADM,1823,GenImage_test/ADM/test/nature/ILSVRC2012_val_00019733.JPEG
114,ADM,1824,GenImage_test/ADM/test/ai/485_adm_85.PNG
114,ADM,1825,GenImage_test/ADM/test/nature/ILSVRC2012_val_00024916.JPEG
114,ADM,1826,GenImage_test/ADM/test/nature/ILSVRC2012_val_00002526.JPEG
114,ADM,1827,GenImage_test/ADM/test/nature/ILSVRC2012_val_00020005.JPEG
114,ADM,1828,GenImage_test/ADM/test/ai/823_adm_34.PNG
114,ADM,1829,GenImage_test/ADM/test/ai/414_adm_153.PNG
114,ADM,1830,GenImage_test/ADM/test/ai/711_adm_174.PNG
114,ADM,1831,GenImage_test/ADM/test/ai/892_adm_85.PNG
114,ADM,1832,GenImage_test/ADM/test/ai/488_adm_34.PNG
114,ADM,1833,GenImage_test/ADM/test/ai/283_adm_91.PNG
114,ADM,1834,GenImage_test/ADM/test/nature/ILSVRC2012_val_00037147.JPEG
114,ADM,1835,GenImage_test/ADM/test/ai/180_adm_85.PNG
115,ADM,1836,GenImage_test/ADM/test/nature/ILSVRC2012_val_00020916.JPEG
115,ADM,1837,GenImage_test/ADM/test/nature/ILSVRC2012_val_00003435.JPEG
115,ADM,1838,GenImage_test/ADM/test/ai/879_adm_85.PNG
115,ADM,1839,GenImage_test/ADM/test/ai/219_adm_153.PNG
115,ADM,1840,GenImage_test/ADM/test/nature/ILSVRC2012_val_00024686.JPEG
115,ADM,1841,GenImage_test/ADM/test/ai/337_adm_34.PNG
115,ADM,1842,GenImage_test/ADM/test/nature/ILSVRC2012_val_00022858.JPEG
115,ADM,1843,GenImage_test/ADM/test/ai/176_adm_7.PNG
115,ADM,1844,GenImage_test/ADM/test/nature/ILSVRC2012_val_00048506.JPEG
115,ADM,1845,GenImage_test/ADM/test/ai/399_adm_153.PNG
115,ADM,1846,GenImage_test/ADM/test/nature/ILSVRC2012_val_00042139.JPEG
115,ADM,1847,GenImage_test/ADM/test/ai/793_adm_34.PNG
115,ADM,1848,GenImage_test/ADM/test/ai/761_adm_34.PNG
115,ADM,1849,GenImage_test/ADM/test/ai/195_adm_91.PNG
115,ADM,1850,GenImage_test/ADM/test/ai/989_adm_153.PNG
115,ADM,1851,GenImage_test/ADM/test/ai/857_adm_91.PNG
116,ADM,1852,GenImage_test/ADM/test/ai/71_adm_34.PNG
116,ADM,1853,GenImage_test/ADM/test/nature/ILSVRC2012_val_00032460.JPEG
116,ADM,1854,GenImage_test/ADM/test/ai/546_adm_174.PNG
116,ADM,1855,GenImage_test/ADM/test/ai/129_adm_174.PNG
116,ADM,1856,GenImage_test/ADM/test/ai/33_adm_7.PNG
116,ADM,1857,GenImage_test/ADM/test/nature/ILSVRC2012_val_00034671.JPEG
116,ADM,1858,GenImage_test/ADM/test/ai/342_adm_91.PNG
116,ADM,1859,GenImage_test/ADM/test/nature/ILSVRC2012_val_00017543.JPEG
116,ADM,1860,GenImage_test/ADM/test/nature/ILSVRC2012_val_00032273.JPEG
116,ADM,1861,GenImage_test/ADM/test/ai/631_adm_7.PNG
116,ADM,1862,GenImage_test/ADM/test/ai/318_adm_174.PNG
116,ADM,1863,GenImage_test/ADM/test/ai/767_adm_174.PNG
116,ADM,1864,GenImage_test/ADM/test/nature/ILSVRC2012_val_00040550.JPEG
116,ADM,1865,GenImage_test/ADM/test/nature/ILSVRC2012_val_00015956.JPEG
116,ADM,1866,GenImage_test/ADM/test/ai/322_adm_91.PNG
116,ADM,1867,GenImage_test/ADM/test/ai/661_adm_153.PNG
117,ADM,1868,GenImage_test/ADM/test/ai/524_adm_7.PNG
117,ADM,1869,GenImage_test/ADM/test/nature/ILSVRC2012_val_00020011.JPEG
117,ADM,1870,GenImage_test/ADM/test/nature/ILSVRC2012_val_00038504.JPEG
117,ADM,1871,GenImage_test/ADM/test/nature/ILSVRC2012_val_00004526.JPEG
117,ADM,1872,GenImage_test/ADM/test/ai/744_adm_153.PNG
117,ADM,1873,GenImage_test/ADM/test/ai/515_adm_153.PNG
117,ADM,1874,GenImage_test/ADM/test/nature/ILSVRC2012_val_00009721.JPEG
117,ADM,1875,GenImage_test/ADM/test/nature/ILSVRC2012_val_00005881.JPEG
117,ADM,1876,GenImage_test/ADM/test/nature/ILSVRC2012_val_00019892.JPEG
117,ADM,1877,GenImage_test/ADM/test/nature/ILSVRC2012_val_00016221.JPEG
117,ADM,1878,GenImage_test/ADM/test/nature/ILSVRC2012_val_00021478.JPEG
117,ADM,1879,GenImage_test/ADM/test/ai/631_adm_34.PNG
117,ADM,1880,GenImage_test/ADM/test/ai/653_adm_85.PNG
117,ADM,1881,GenImage_test/ADM/test/ai/924_adm_7.PNG
117,ADM,1882,GenImage_test/ADM/test/nature/ILSVRC2012_val_00040762.JPEG
117,ADM,1883,GenImage_test/ADM/test/ai/109_adm_34.PNG
118,ADM,1884,GenImage_test/ADM/test/ai/189_adm_153.PNG
118,ADM,1885,GenImage_test/ADM/test/ai/322_adm_174.PNG
118,ADM,1886,GenImage_test/ADM/test/nature/ILSVRC2012_val_00003879.JPEG
118,ADM,1887,GenImage_test/ADM/test/nature/ILSVRC2012_val_00002862.JPEG
118,ADM,1888,GenImage_test/ADM/test/nature/ILSVRC2012_val_00041878.JPEG
118,ADM,1889,GenImage_test/ADM/test/ai/904_adm_91.PNG
118,ADM,1890,GenImage_test/ADM/test/nature/ILSVRC2012_val_00002686.JPEG
118,ADM,1891,GenImage_test/ADM/test/nature/ILSVRC2012_val_00004138.JPEG
118,ADM,1892,GenImage_test/ADM/test/nature/ILSVRC2012_val_00008549.JPEG
118,ADM,1893,GenImage_test/ADM/test/nature/ILSVRC2012_val_00040813.JPEG
118,ADM,1894,GenImage_test/ADM/test/ai/967_adm_7.PNG
118,ADM,1895,GenImage_test/ADM/test/nature/ILSVRC2012_val_00040919.JPEG
118,ADM,1896,GenImage_test/ADM/test/nature/ILSVRC2012_val_00020687.JPEG
118,ADM,1897,GenImage_test/ADM/test/nature/ILSVRC2012_val_00047452.JPEG
118,ADM,1898,GenImage_test/ADM/test/nature/ILSVRC2012_val_00007145.JPEG
118,ADM,1899,GenImage_test/ADM/test/ai/450_adm_91.PNG
119,ADM,1900,GenImage_test/ADM/test/ai/775_adm_153.PNG
119,ADM,1901,GenImage_test/ADM/test/ai/20_adm_34.PNG
119,ADM,1902,GenImage_test/ADM/test/ai/926_adm_7.PNG
119,ADM,1903,GenImage_test/ADM/test/ai/80_adm_7.PNG
119,ADM,1904,GenImage_test/ADM/test/nature/ILSVRC2012_val_00027734.JPEG
119,ADM,1905,GenImage_test/ADM/test/nature/ILSVRC2012_val_00026071.JPEG
119,ADM,1906,GenImage_test/ADM/test/ai/253_adm_7.PNG
119,ADM,1907,GenImage_test/ADM/test/ai/530_adm_85.PNG
119,ADM,1908,GenImage_test/ADM/test/nature/ILSVRC2012_val_00030271.JPEG
119,ADM,1909,GenImage_test/ADM/test/nature/ILSVRC2012_val_00017125.JPEG
119,ADM,1910,GenImage_test/ADM/test/nature/ILSVRC2012_val_00047444.JPEG
119,ADM,1911,GenImage_test/ADM/test/nature/ILSVRC2012_val_00029908.JPEG
119,ADM,1912,GenImage_test/ADM/test/nature/ILSVRC2012_val_00013449.JPEG
119,ADM,1913,GenImage_test/ADM/test/ai/423_adm_174.PNG
119,ADM,1914,GenImage_test/ADM/test/ai/368_adm_153.PNG
119,ADM,1915,GenImage_test/ADM/test/ai/655_adm_34.PNG
120,ADM,1916,GenImage_test/ADM/test/nature/ILSVRC2012_val_00041350.JPEG
120,ADM,1917,GenImage_test/ADM/test/nature/ILSVRC2012_val_00045323.JPEG
120,ADM,1918,GenImage_test/ADM/test/ai/40_adm_34.PNG
120,ADM,1919,GenImage_test/ADM/test/nature/ILSVRC2012_val_00000758.JPEG
120,ADM,1920,GenImage_test/ADM/test/ai/90_adm_85.PNG
120,ADM,1921,GenImage_test/ADM/test/nature/ILSVRC2012_val_00022624.JPEG
120,ADM,1922,GenImage_test/ADM/test/ai/571_adm_7.PNG
120,ADM,1923,GenImage_test/ADM/test/ai/909_adm_174.PNG
120,ADM,1924,GenImage_test/ADM/test/nature/ILSVRC2012_val_00019859.JPEG
120,ADM,1925,GenImage_test/ADM/test/ai/975_adm_7.PNG
120,ADM,1926,GenImage_test/ADM/test/nature/ILSVRC2012_val_00030456.JPEG
120,ADM,1927,GenImage_test/ADM/test/nature/ILSVRC2012_val_00030723.JPEG
120,ADM,1928,GenImage_test/ADM/test/ai/819_adm_153.PNG
120,ADM,1929,GenImage_test/ADM/test/nature/ILSVRC2012_val_00038635.JPEG
120,ADM,1930,GenImage_test/ADM/test/ai/306_adm_34.PNG
120,ADM,1931,GenImage_test/ADM/test/nature/ILSVRC2012_val_00038756.JPEG
121,ADM,1932,GenImage_test/ADM/test/nature/ILSVRC2012_val_00042993.JPEG
121,ADM,1933,GenImage_test/ADM/test/nature/ILSVRC2012_val_00000583.JPEG
121,ADM,1934,GenImage_test/ADM/test/nature/ILSVRC2012_val_00019829.JPEG
121,ADM,1935,GenImage_test/ADM/test/ai/92_adm_91.PNG
121,ADM,1936,GenImage_test/ADM/test/nature/ILSVRC2012_val_00047655.JPEG
121,ADM,1937,GenImage_test/ADM/test/nature/ILSVRC2012_val_00027629.JPEG
121,ADM,1938,GenImage_test/ADM/test/ai/153_adm_85.PNG
121,ADM,1939,GenImage_test/ADM/test/nature/ILSVRC2012_val_00027600.JPEG
121,ADM,1940,GenImage_test/ADM/test/nature/ILSVRC2012_val_00031941.JPEG
121,ADM,1941,GenImage_test/ADM/test/ai/371_adm_34.PNG
121,ADM,1942,GenImage_test/ADM/test/ai/263_adm_85.PNG
121,ADM,1943,GenImage_test/ADM/test/ai/919_adm_85.PNG
121,ADM,1944,GenImage_test/ADM/test/nature/ILSVRC2012_val_00027206.JPEG
121,ADM,1945,GenImage_test/ADM/test/nature/ILSVRC2012_val_00028025.JPEG
121,ADM,1946,GenImage_test/ADM/test/nature/ILSVRC2012_val_00036846.JPEG
121,ADM,1947,GenImage_test/ADM/test/nature/ILSVRC2012_val_00049938.JPEG
122,ADM,1948,GenImage_test/ADM/test/ai/963_adm_7.PNG
122,ADM,1949,GenImage_test/ADM/test/ai/833_adm_85.PNG
122,ADM,1950,GenImage_test/ADM/test/ai/662_adm_7.PNG
122,ADM,1951,GenImage_test/ADM/test/ai/691_adm_174.PNG
122,ADM,1952,GenImage_test/ADM/test/nature/ILSVRC2012_val_00000394.JPEG
122,ADM,1953,GenImage_test/ADM/test/ai/338_adm_91.PNG
122,ADM,1954,GenImage_test/ADM/test/nature/ILSVRC2012_val_00004556.JPEG
122,ADM,1955,GenImage_test/ADM/test/ai/357_adm_85.PNG
122,ADM,1956,GenImage_test/ADM/test/ai/35_adm_174.PNG
122,ADM,1957,GenImage_test/ADM/test/ai/115_adm_85.PNG
122,ADM,1958,GenImage_test/ADM/test/nature/ILSVRC2012_val_00000427.JPEG
122,ADM,1959,GenImage_test/ADM/test/nature/ILSVRC2012_val_00012840.JPEG
122,ADM,1960,GenImage_test/ADM/test/ai/799_adm_7.PNG
122,ADM,1961,GenImage_test/ADM/test/nature/ILSVRC2012_val_00013493.JPEG
122,ADM,1962,GenImage_test/ADM/test/nature/ILSVRC2012_val_00032415.JPEG
122,ADM,1963,GenImage_test/ADM/test/nature/ILSVRC2012_val_00021404.JPEG
123,ADM,1964,GenImage_test/ADM/test/nature/ILSVRC2012_val_00031630.JPEG
123,ADM,1965,GenImage_test/ADM/test/nature/ILSVRC2012_val_00049896.JPEG
123,ADM,1966,GenImage_test/ADM/test/ai/350_adm_174.PNG
123,ADM,1967,GenImage_test/ADM/test/ai/903_adm_153.PNG
123,ADM,1968,GenImage_test/ADM/test/ai/293_adm_153.PNG
123,ADM,1969,GenImage_test/ADM/test/ai/389_adm_7.PNG
123,ADM,1970,GenImage_test/ADM/test/nature/ILSVRC2012_val_00031780.JPEG
123,ADM,1971,GenImage_test/ADM/test/ai/963_adm_34.PNG
123,ADM,1972,GenImage_test/ADM/test/ai/626_adm_7.PNG
123,ADM,1973,GenImage_test/ADM/test/ai/162_adm_7.PNG
123,ADM,1974,GenImage_test/ADM/test/nature/ILSVRC2012_val_00029720.JPEG
123,ADM,1975,GenImage_test/ADM/test/ai/41_adm_91.PNG
123,ADM,1976,GenImage_test/ADM/test/nature/ILSVRC2012_val_00013593.JPEG
123,ADM,1977,GenImage_test/ADM/test/ai/31_adm_174.PNG
123,ADM,1978,GenImage_test/ADM/test/ai/801_adm_153.PNG
123,ADM,1979,GenImage_test/ADM/test/ai/466_adm_153.PNG
124,ADM,1980,GenImage_test/ADM/test/ai/839_adm_85.PNG
124,ADM,1981,GenImage_test/ADM/test/nature/ILSVRC2012_val_00021937.JPEG
124,ADM,1982,GenImage_test/ADM/test/nature/ILSVRC2012_val_00047249.JPEG
124,ADM,1983,GenImage_test/ADM/test/nature/ILSVRC2012_val_00002996.JPEG
124,ADM,1984,GenImage_test/ADM/test/ai/288_adm_91.PNG
124,ADM,1985,GenImage_test/ADM/test/ai/428_adm_7.PNG
124,ADM,1986,GenImage_test/ADM/test/ai/111_adm_34.PNG
124,ADM,1987,GenImage_test/ADM/test/ai/156_adm_34.PNG
124,ADM,1988,GenImage_test/ADM/test/ai/816_adm_7.PNG
124,ADM,1989,GenImage_test/ADM/test/ai/258_adm_34.PNG
124,ADM,1990,GenImage_test/ADM/test/ai/551_adm_153.PNG
124,ADM,1991,GenImage_test/ADM/test/ai/614_adm_34.PNG
124,ADM,1992,GenImage_test/ADM/test/ai/685_adm_85.PNG
124,ADM,1993,GenImage_test/ADM/test/ai/738_adm_153.PNG
124,ADM,1994,GenImage_test/ADM/test/nature/ILSVRC2012_val_00005607.JPEG
124,ADM,1995,GenImage_test/ADM/test/nature/ILSVRC2012_val_00043569.JPEG
125,ADM,1996,GenImage_test/ADM/test/ai/515_adm_91.PNG
125,ADM,1997,GenImage_test/ADM/test/ai/288_adm_34.PNG
125,ADM,1998,GenImage_test/ADM/test/ai/568_adm_7.PNG
125,ADM,1999,GenImage_test/ADM/test/ai/55_adm_34.PNG
125,ADM,2000,GenImage_test/ADM/test/nature/ILSVRC2012_val_00021564.JPEG
125,ADM,2001,GenImage_test/ADM/test/ai/741_adm_85.PNG
125,ADM,2002,GenImage_test/ADM/test/nature/ILSVRC2012_val_00011303.JPEG
125,ADM,2003,GenImage_test/ADM/test/ai/677_adm_7.PNG
125,ADM,2004,GenImage_test/ADM/test/ai/881_adm_7.PNG
125,ADM,2005,GenImage_test/ADM/test/ai/219_adm_7.PNG
125,ADM,2006,GenImage_test/ADM/test/nature/ILSVRC2012_val_00006595.JPEG
125,ADM,2007,GenImage_test/ADM/test/ai/61_adm_34.PNG
125,ADM,2008,GenImage_test/ADM/test/ai/995_adm_85.PNG
125,ADM,2009,GenImage_test/ADM/test/nature/ILSVRC2012_val_00016476.JPEG
125,ADM,2010,GenImage_test/ADM/test/ai/890_adm_34.PNG
125,ADM,2011,GenImage_test/ADM/test/ai/602_adm_91.PNG
126,ADM,2012,GenImage_test/ADM/test/nature/ILSVRC2012_val_00030572.JPEG
126,ADM,2013,GenImage_test/ADM/test/ai/810_adm_85.PNG
126,ADM,2014,GenImage_test/ADM/test/ai/547_adm_174.PNG
126,ADM,2015,GenImage_test/ADM/test/nature/ILSVRC2012_val_00006737.JPEG
126,ADM,2016,GenImage_test/ADM/test/nature/ILSVRC2012_val_00023241.JPEG
126,ADM,2017,GenImage_test/ADM/test/nature/ILSVRC2012_val_00016450.JPEG
126,ADM,2018,GenImage_test/ADM/test/nature/ILSVRC2012_val_00019041.JPEG
126,ADM,2019,GenImage_test/ADM/test/ai/248_adm_153.PNG
126,ADM,2020,GenImage_test/ADM/test/ai/894_adm_174.PNG
126,ADM,2021,GenImage_test/ADM/test/ai/854_adm_34.PNG
126,ADM,2022,GenImage_test/ADM/test/nature/ILSVRC2012_val_00010239.JPEG
126,ADM,2023,GenImage_test/ADM/test/ai/610_adm_85.PNG
126,ADM,2024,GenImage_test/ADM/test/nature/ILSVRC2012_val_00026282.JPEG
126,ADM,2025,GenImage_test/ADM/test/nature/ILSVRC2012_val_00016827.JPEG
126,ADM,2026,GenImage_test/ADM/test/nature/ILSVRC2012_val_00017142.JPEG
126,ADM,2027,GenImage_test/ADM/test/nature/ILSVRC2012_val_00021046.JPEG
127,ADM,2028,GenImage_test/ADM/test/nature/ILSVRC2012_val_00018216.JPEG
127,ADM,2029,GenImage_test/ADM/test/nature/ILSVRC2012_val_00047857.JPEG
127,ADM,2030,GenImage_test/ADM/test/nature/ILSVRC2012_val_00017381.JPEG
127,ADM,2031,GenImage_test/ADM/test/ai/748_adm_153.PNG
127,ADM,2032,GenImage_test/ADM/test/nature/ILSVRC2012_val_00047849.JPEG
127,ADM,2033,GenImage_test/ADM/test/ai/627_adm_153.PNG
127,ADM,2034,GenImage_test/ADM/test/nature/ILSVRC2012_val_00034186.JPEG
127,ADM,2035,GenImage_test/ADM/test/ai/788_adm_34.PNG
127,ADM,2036,GenImage_test/ADM/test/ai/690_adm_91.PNG
127,ADM,2037,GenImage_test/ADM/test/nature/ILSVRC2012_val_00000636.JPEG
127,ADM,2038,GenImage_test/ADM/test/nature/ILSVRC2012_val_00048511.JPEG
127,ADM,2039,GenImage_test/ADM/test/nature/ILSVRC2012_val_00028586.JPEG
127,ADM,2040,GenImage_test/ADM/test/nature/ILSVRC2012_val_00034045.JPEG
127,ADM,2041,GenImage_test/ADM/test/ai/36_adm_34.PNG
127,ADM,2042,GenImage_test/ADM/test/nature/ILSVRC2012_val_00047951.JPEG
127,ADM,2043,GenImage_test/ADM/test/nature/ILSVRC2012_val_00001084.JPEG
128,ADM,2044,GenImage_test/ADM/test/nature/ILSVRC2012_val_00029285.JPEG
128,ADM,2045,GenImage_test/ADM/test/ai/239_adm_85.PNG
128,ADM,2046,GenImage_test/ADM/test/ai/74_adm_91.PNG
128,ADM,2047,GenImage_test/ADM/test/ai/603_adm_174.PNG
128,ADM,2048,GenImage_test/ADM/test/nature/ILSVRC2012_val_00014633.JPEG
128,ADM,2049,GenImage_test/ADM/test/nature/ILSVRC2012_val_00019332.JPEG
128,ADM,2050,GenImage_test/ADM/test/ai/870_adm_34.PNG
128,ADM,2051,GenImage_test/ADM/test/nature/ILSVRC2012_val_00000166.JPEG
128,ADM,2052,GenImage_test/ADM/test/ai/776_adm_174.PNG
128,ADM,2053,GenImage_test/ADM/test/ai/962_adm_7.PNG
128,ADM,2054,GenImage_test/ADM/test/ai/208_adm_153.PNG
128,ADM,2055,GenImage_test/ADM/test/ai/337_adm_91.PNG
128,ADM,2056,GenImage_test/ADM/test/nature/ILSVRC2012_val_00046620.JPEG
128,ADM,2057,GenImage_test/ADM/test/ai/662_adm_85.PNG
128,ADM,2058,GenImage_test/ADM/test/nature/ILSVRC2012_val_00041325.JPEG
128,ADM,2059,GenImage_test/ADM/test/ai/347_adm_7.PNG
129,ADM,2060,GenImage_test/ADM/test/ai/832_adm_153.PNG
129,ADM,2061,GenImage_test/ADM/test/ai/476_adm_174.PNG
129,ADM,2062,GenImage_test/ADM/test/nature/ILSVRC2012_val_00041216.JPEG
129,ADM,2063,GenImage_test/ADM/test/nature/ILSVRC2012_val_00042102.JPEG
129,ADM,2064,GenImage_test/ADM/test/ai/53_adm_85.PNG
129,ADM,2065,GenImage_test/ADM/test/nature/ILSVRC2012_val_00018219.JPEG
129,ADM,2066,GenImage_test/ADM/test/nature/ILSVRC2012_val_00031430.JPEG
129,ADM,2067,GenImage_test/ADM/test/nature/ILSVRC2012_val_00010815.JPEG
129,ADM,2068,GenImage_test/ADM/test/ai/559_adm_153.PNG
129,ADM,2069,GenImage_test/ADM/test/ai/516_adm_34.PNG
129,ADM,2070,GenImage_test/ADM/test/nature/ILSVRC2012_val_00000733.JPEG
129,ADM,2071,GenImage_test/ADM/test/ai/947_adm_174.PNG
129,ADM,2072,GenImage_test/ADM/test/nature/ILSVRC2012_val_00046225.JPEG
129,ADM,2073,GenImage_test/ADM/test/nature/ILSVRC2012_val_00034993.JPEG
129,ADM,2074,GenImage_test/ADM/test/nature/ILSVRC2012_val_00025442.JPEG
129,ADM,2075,GenImage_test/ADM/test/ai/871_adm_7.PNG
130,ADM,2076,GenImage_test/ADM/test/nature/ILSVRC2012_val_00006975.JPEG
130,ADM,2077,GenImage_test/ADM/test/nature/ILSVRC2012_val_00044724.JPEG
130,ADM,2078,GenImage_test/ADM/test/ai/962_adm_34.PNG
130,ADM,2079,GenImage_test/ADM/test/ai/747_adm_91.PNG
130,ADM,2080,GenImage_test/ADM/test/nature/ILSVRC2012_val_00012666.JPEG
130,ADM,2081,GenImage_test/ADM/test/nature/ILSVRC2012_val_00026834.JPEG
130,ADM,2082,GenImage_test/ADM/test/nature/ILSVRC2012_val_00034825.JPEG
130,ADM,2083,GenImage_test/ADM/test/ai/899_adm_174.PNG
130,ADM,2084,GenImage_test/ADM/test/ai/801_adm_85.PNG
130,ADM,2085,GenImage_test/ADM/test/nature/ILSVRC2012_val_00025346.JPEG
130,ADM,2086,GenImage_test/ADM/test/ai/630_adm_91.PNG
130,ADM,2087,GenImage_test/ADM/test/ai/919_adm_91.PNG
130,ADM,2088,GenImage_test/ADM/test/nature/ILSVRC2012_val_00029678.JPEG
130,ADM,2089,GenImage_test/ADM/test/ai/574_adm_34.PNG
130,ADM,2090,GenImage_test/ADM/test/ai/356_adm_7.PNG
130,ADM,2091,GenImage_test/ADM/test/ai/380_adm_34.PNG
131,ADM,2092,GenImage_test/ADM/test/nature/ILSVRC2012_val_00021383.JPEG
131,ADM,2093,GenImage_test/ADM/test/nature/ILSVRC2012_val_00009217.JPEG
131,ADM,2094,GenImage_test/ADM/test/ai/459_adm_174.PNG
131,ADM,2095,GenImage_test/ADM/test/nature/ILSVRC2012_val_00023732.JPEG
131,ADM,2096,GenImage_test/ADM/test/nature/ILSVRC2012_val_00013192.JPEG
131,ADM,2097,GenImage_test/ADM/test/ai/2_adm_174.PNG
131,ADM,2098,GenImage_test/ADM/test/ai/882_adm_7.PNG
131,ADM,2099,GenImage_test/ADM/test/nature/ILSVRC2012_val_00023768.JPEG
131,ADM,2100,GenImage_test/ADM/test/nature/ILSVRC2012_val_00028437.JPEG
131,ADM,2101,GenImage_test/ADM/test/nature/ILSVRC2012_val_00001822.JPEG
131,ADM,2102,GenImage_test/ADM/test/nature/ILSVRC2012_val_00035278.JPEG
131,ADM,2103,GenImage_test/ADM/test/nature/ILSVRC2012_val_00035700.JPEG
131,ADM,2104,GenImage_test/ADM/test/ai/629_adm_91.PNG
131,ADM,2105,GenImage_test/ADM/test/nature/ILSVRC2012_val_00048470.JPEG
131,ADM,2106,GenImage_test/ADM/test/ai/304_adm_7.PNG
131,ADM,2107,GenImage_test/ADM/test/nature/ILSVRC2012_val_00005322.JPEG
132,ADM,2108,GenImage_test/ADM/test/nature/ILSVRC2012_val_00029230.JPEG
132,ADM,2109,GenImage_test/ADM/test/nature/ILSVRC2012_val_00011781.JPEG
132,ADM,2110,GenImage_test/ADM/test/nature/ILSVRC2012_val_00009847.JPEG
132,ADM,2111,GenImage_test/ADM/test/nature/ILSVRC2012_val_00002498.JPEG
132,ADM,2112,GenImage_test/ADM/test/ai/940_adm_7.PNG
132,ADM,2113,GenImage_test/ADM/test/ai/934_adm_153.PNG
132,ADM,2114,GenImage_test/ADM/test/nature/ILSVRC2012_val_00007872.JPEG
132,ADM,2115,GenImage_test/ADM/test/ai/495_adm_174.PNG
132,ADM,2116,GenImage_test/ADM/test/nature/ILSVRC2012_val_00040156.JPEG
132,ADM,2117,GenImage_test/ADM/test/nature/ILSVRC2012_val_00042928.JPEG
132,ADM,2118,GenImage_test/ADM/test/ai/526_adm_174.PNG
132,ADM,2119,GenImage_test/ADM/test/nature/ILSVRC2012_val_00010620.JPEG
132,ADM,2120,GenImage_test/ADM/test/ai/391_adm_34.PNG
132,ADM,2121,GenImage_test/ADM/test/nature/ILSVRC2012_val_00046288.JPEG
132,ADM,2122,GenImage_test/ADM/test/ai/580_adm_153.PNG
132,ADM,2123,GenImage_test/ADM/test/nature/ILSVRC2012_val_00024281.JPEG
133,ADM,2124,GenImage_test/ADM/test/nature/ILSVRC2012_val_00012914.JPEG
133,ADM,2125,GenImage_test/ADM/test/ai/421_adm_91.PNG
133,ADM,2126,GenImage_test/ADM/test/nature/ILSVRC2012_val_00041866.JPEG
133,ADM,2127,GenImage_test/ADM/test/nature/ILSVRC2012_val_00029138.JPEG
133,ADM,2128,GenImage_test/ADM/test/nature/ILSVRC2012_val_00019194.JPEG
133,ADM,2129,GenImage_test/ADM/test/nature/ILSVRC2012_val_00007591.JPEG
133,ADM,2130,GenImage_test/ADM/test/ai/432_adm_174.PNG
133,ADM,2131,GenImage_test/ADM/test/nature/ILSVRC2012_val_00006063.JPEG
133,ADM,2132,GenImage_test/ADM/test/nature/ILSVRC2012_val_00041918.JPEG
133,ADM,2133,GenImage_test/ADM/test/ai/154_adm_34.PNG
133,ADM,2134,GenImage_test/ADM/test/nature/ILSVRC2012_val_00048644.JPEG
133,ADM,2135,GenImage_test/ADM/test/nature/ILSVRC2012_val_00038015.JPEG
133,ADM,2136,GenImage_test/ADM/test/nature/ILSVRC2012_val_00042379.JPEG
133,ADM,2137,GenImage_test/ADM/test/ai/681_adm_7.PNG
133,ADM,2138,GenImage_test/ADM/test/nature/ILSVRC2012_val_00020196.JPEG
133,ADM,2139,GenImage_test/ADM/test/ai/281_adm_85.PNG
134,ADM,2140,GenImage_test/ADM/test/ai/363_adm_174.PNG
134,ADM,2141,GenImage_test/ADM/test/ai/609_adm_34.PNG
134,ADM,2142,GenImage_test/ADM/test/nature/ILSVRC2012_val_00019779.JPEG
134,ADM,2143,GenImage_test/ADM/test/nature/ILSVRC2012_val_00030773.JPEG
134,ADM,2144,GenImage_test/ADM/test/ai/602_adm_7.PNG
134,ADM,2145,GenImage_test/ADM/test/ai/250_adm_85.PNG
134,ADM,2146,GenImage_test/ADM/test/ai/660_adm_174.PNG
134,ADM,2147,GenImage_test/ADM/test/nature/ILSVRC2012_val_00034232.JPEG
134,ADM,2148,GenImage_test/ADM/test/nature/ILSVRC2012_val_00019864.JPEG
134,ADM,2149,GenImage_test/ADM/test/nature/ILSVRC2012_val_00048305.JPEG
134,ADM,2150,GenImage_test/ADM/test/nature/ILSVRC2012_val_00049489.JPEG
134,ADM,2151,GenImage_test/ADM/test/ai/768_adm_85.PNG
134,ADM,2152,GenImage_test/ADM/test/ai/805_adm_85.PNG
134,ADM,2153,GenImage_test/ADM/test/nature/ILSVRC2012_val_00006851.JPEG
134,ADM,2154,GenImage_test/ADM/test/ai/847_adm_34.PNG
134,ADM,2155,GenImage_test/ADM/test/nature/ILSVRC2012_val_00002213.JPEG
135,ADM,2156,GenImage_test/ADM/test/nature/ILSVRC2012_val_00032517.JPEG
135,ADM,2157,GenImage_test/ADM/test/ai/906_adm_91.PNG
135,ADM,2158,GenImage_test/ADM/test/nature/ILSVRC2012_val_00048380.JPEG
135,ADM,2159,GenImage_test/ADM/test/ai/358_adm_7.PNG
135,ADM,2160,GenImage_test/ADM/test/ai/960_adm_34.PNG
135,ADM,2161,GenImage_test/ADM/test/nature/ILSVRC2012_val_00029849.JPEG
135,ADM,2162,GenImage_test/ADM/test/nature/ILSVRC2012_val_00016950.JPEG
135,ADM,2163,GenImage_test/ADM/test/nature/ILSVRC2012_val_00041289.JPEG
135,ADM,2164,GenImage_test/ADM/test/nature/ILSVRC2012_val_00033708.JPEG
135,ADM,2165,GenImage_test/ADM/test/nature/ILSVRC2012_val_00027154.JPEG
135,ADM,2166,GenImage_test/ADM/test/nature/ILSVRC2012_val_00027668.JPEG
135,ADM,2167,GenImage_test/ADM/test/nature/ILSVRC2012_val_00044483.JPEG
135,ADM,2168,GenImage_test/ADM/test/nature/ILSVRC2012_val_00026688.JPEG
135,ADM,2169,GenImage_test/ADM/test/nature/ILSVRC2012_val_00019043.JPEG
135,ADM,2170,GenImage_test/ADM/test/ai/412_adm_174.PNG
135,ADM,2171,GenImage_test/ADM/test/nature/ILSVRC2012_val_00038612.JPEG
136,ADM,2172,GenImage_test/ADM/test/ai/695_adm_174.PNG
136,ADM,2173,GenImage_test/ADM/test/nature/ILSVRC2012_val_00033488.JPEG
136,ADM,2174,GenImage_test/ADM/test/nature/ILSVRC2012_val_00049635.JPEG
136,ADM,2175,GenImage_test/ADM/test/ai/815_adm_34.PNG
136,ADM,2176,GenImage_test/ADM/test/ai/615_adm_85.PNG
136,ADM,2177,GenImage_test/ADM/test/ai/766_adm_153.PNG
136,ADM,2178,GenImage_test/ADM/test/nature/ILSVRC2012_val_00019822.JPEG
136,ADM,2179,GenImage_test/ADM/test/nature/ILSVRC2012_val_00031672.JPEG
136,ADM,2180,GenImage_test/ADM/test/ai/746_adm_153.PNG
136,ADM,2181,GenImage_test/ADM/test/nature/ILSVRC2012_val_00014752.JPEG
136,ADM,2182,GenImage_test/ADM/test/nature/ILSVRC2012_val_00039617.JPEG
136,ADM,2183,GenImage_test/ADM/test/nature/ILSVRC2012_val_00012785.JPEG
136,ADM,2184,GenImage_test/ADM/test/nature/ILSVRC2012_val_00030919.JPEG
136,ADM,2185,GenImage_test/ADM/test/nature/ILSVRC2012_val_00024877.JPEG
136,ADM,2186,GenImage_test/ADM/test/ai/275_adm_85.PNG
136,ADM,2187,GenImage_test/ADM/test/nature/ILSVRC2012_val_00032828.JPEG
137,ADM,2188,GenImage_test/ADM/test/nature/ILSVRC2012_val_00031745.JPEG
137,ADM,2189,GenImage_test/ADM/test/nature/ILSVRC2012_val_00028566.JPEG
137,ADM,2190,GenImage_test/ADM/test/nature/ILSVRC2012_val_00033757.JPEG
137,ADM,2191,GenImage_test/ADM/test/ai/193_adm_34.PNG
137,ADM,2192,GenImage_test/ADM/test/ai/187_adm_34.PNG
137,ADM,2193,GenImage_test/ADM/test/nature/ILSVRC2012_val_00024902.JPEG
137,ADM,2194,GenImage_test/ADM/test/nature/ILSVRC2012_val_00031123.JPEG
137,ADM,2195,GenImage_test/ADM/test/nature/ILSVRC2012_val_00002351.JPEG
137,ADM,2196,GenImage_test/ADM/test/ai/482_adm_174.PNG
137,ADM,2197,GenImage_test/ADM/test/nature/ILSVRC2012_val_00024988.JPEG
137,ADM,2198,GenImage_test/ADM/test/nature/ILSVRC2012_val_00023182.JPEG
137,ADM,2199,GenImage_test/ADM/test/nature/ILSVRC2012_val_00011983.JPEG
137,ADM,2200,GenImage_test/ADM/test/ai/956_adm_34.PNG
137,ADM,2201,GenImage_test/ADM/test/ai/802_adm_85.PNG
137,ADM,2202,GenImage_test/ADM/test/ai/43_adm_91.PNG
137,ADM,2203,GenImage_test/ADM/test/nature/ILSVRC2012_val_00043470.JPEG
138,ADM,2204,GenImage_test/ADM/test/ai/385_adm_174.PNG
138,ADM,2205,GenImage_test/ADM/test/nature/ILSVRC2012_val_00002545.JPEG
138,ADM,2206,GenImage_test/ADM/test/ai/11_adm_85.PNG
138,ADM,2207,GenImage_test/ADM/test/nature/ILSVRC2012_val_00007355.JPEG
138,ADM,2208,GenImage_test/ADM/test/ai/465_adm_85.PNG
138,ADM,2209,GenImage_test/ADM/test/ai/18_adm_91.PNG
138,ADM,2210,GenImage_test/ADM/test/nature/ILSVRC2012_val_00035696.JPEG
138,ADM,2211,GenImage_test/ADM/test/nature/ILSVRC2012_val_00035223.JPEG
138,ADM,2212,GenImage_test/ADM/test/ai/784_adm_34.PNG
138,ADM,2213,GenImage_test/ADM/test/nature/ILSVRC2012_val_00037328.JPEG
138,ADM,2214,GenImage_test/ADM/test/ai/977_adm_153.PNG
138,ADM,2215,GenImage_test/ADM/test/ai/379_adm_174.PNG
138,ADM,2216,GenImage_test/ADM/test/ai/368_adm_85.PNG
138,ADM,2217,GenImage_test/ADM/test/ai/457_adm_85.PNG
138,ADM,2218,GenImage_test/ADM/test/ai/806_adm_174.PNG
138,ADM,2219,GenImage_test/ADM/test/nature/ILSVRC2012_val_00015168.JPEG
139,ADM,2220,GenImage_test/ADM/test/ai/922_adm_85.PNG
139,ADM,2221,GenImage_test/ADM/test/ai/989_adm_91.PNG
139,ADM,2222,GenImage_test/ADM/test/nature/ILSVRC2012_val_00019692.JPEG
139,ADM,2223,GenImage_test/ADM/test/ai/282_adm_174.PNG
139,ADM,2224,GenImage_test/ADM/test/ai/928_adm_91.PNG
139,ADM,2225,GenImage_test/ADM/test/ai/243_adm_91.PNG
139,ADM,2226,GenImage_test/ADM/test/ai/101_adm_34.PNG
139,ADM,2227,GenImage_test/ADM/test/ai/540_adm_174.PNG
139,ADM,2228,GenImage_test/ADM/test/nature/ILSVRC2012_val_00023254.JPEG
139,ADM,2229,GenImage_test/ADM/test/nature/ILSVRC2012_val_00006256.JPEG
139,ADM,2230,GenImage_test/ADM/test/ai/343_adm_174.PNG
139,ADM,2231,GenImage_test/ADM/test/nature/ILSVRC2012_val_00021449.JPEG
139,ADM,2232,GenImage_test/ADM/test/nature/ILSVRC2012_val_00012916.JPEG
139,ADM,2233,GenImage_test/ADM/test/nature/ILSVRC2012_val_00040132.JPEG
139,ADM,2234,GenImage_test/ADM/test/ai/541_adm_34.PNG
139,ADM,2235,GenImage_test/ADM/test/ai/636_adm_153.PNG
140,ADM,2236,GenImage_test/ADM/test/ai/988_adm_174.PNG
140,ADM,2237,GenImage_test/ADM/test/ai/470_adm_174.PNG
140,ADM,2238,GenImage_test/ADM/test/nature/ILSVRC2012_val_00042791.JPEG
140,ADM,2239,GenImage_test/ADM/test/ai/833_adm_34.PNG
140,ADM,2240,GenImage_test/ADM/test/ai/309_adm_153.PNG
140,ADM,2241,GenImage_test/ADM/test/nature/ILSVRC2012_val_00002145.JPEG
140,ADM,2242,GenImage_test/ADM/test/nature/ILSVRC2012_val_00028495.JPEG
140,ADM,2243,GenImage_test/ADM/test/ai/360_adm_85.PNG
140,ADM,2244,GenImage_test/ADM/test/nature/ILSVRC2012_val_00017043.JPEG
140,ADM,2245,GenImage_test/ADM/test/ai/289_adm_85.PNG
140,ADM,2246,GenImage_test/ADM/test/nature/ILSVRC2012_val_00001774.JPEG
140,ADM,2247,GenImage_test/ADM/test/ai/482_adm_34.PNG
140,ADM,2248,GenImage_test/ADM/test/nature/ILSVRC2012_val_00027863.JPEG
140,ADM,2249,GenImage_test/ADM/test/ai/467_adm_153.PNG
140,ADM,2250,GenImage_test/ADM/test/nature/ILSVRC2012_val_00046977.JPEG
140,ADM,2251,GenImage_test/ADM/test/ai/120_adm_7.PNG
141,ADM,2252,GenImage_test/ADM/test/ai/33_adm_174.PNG
141,ADM,2253,GenImage_test/ADM/test/nature/ILSVRC2012_val_00006885.JPEG
141,ADM,2254,GenImage_test/ADM/test/ai/374_adm_91.PNG
141,ADM,2255,GenImage_test/ADM/test/nature/ILSVRC2012_val_00047113.JPEG
141,ADM,2256,GenImage_test/ADM/test/nature/ILSVRC2012_val_00026974.JPEG
141,ADM,2257,GenImage_test/ADM/test/ai/485_adm_34.PNG
141,ADM,2258,GenImage_test/ADM/test/ai/456_adm_34.PNG
141,ADM,2259,GenImage_test/ADM/test/ai/449_adm_85.PNG
141,ADM,2260,GenImage_test/ADM/test/nature/ILSVRC2012_val_00001769.JPEG
141,ADM,2261,GenImage_test/ADM/test/ai/929_adm_34.PNG
141,ADM,2262,GenImage_test/ADM/test/ai/816_adm_174.PNG
141,ADM,2263,GenImage_test/ADM/test/nature/ILSVRC2012_val_00003431.JPEG
141,ADM,2264,GenImage_test/ADM/test/nature/ILSVRC2012_val_00032622.JPEG
141,ADM,2265,GenImage_test/ADM/test/ai/988_adm_85.PNG
141,ADM,2266,GenImage_test/ADM/test/nature/ILSVRC2012_val_00034609.JPEG
141,ADM,2267,GenImage_test/ADM/test/ai/519_adm_91.PNG
142,ADM,2268,GenImage_test/ADM/test/ai/547_adm_34.PNG
142,ADM,2269,GenImage_test/ADM/test/nature/ILSVRC2012_val_00005081.JPEG
142,ADM,2270,GenImage_test/ADM/test/ai/552_adm_7.PNG
142,ADM,2271,GenImage_test/ADM/test/nature/ILSVRC2012_val_00001458.JPEG
142,ADM,2272,GenImage_test/ADM/test/nature/ILSVRC2012_val_00019967.JPEG
142,ADM,2273,GenImage_test/ADM/test/ai/918_adm_85.PNG
142,ADM,2274,GenImage_test/ADM/test/nature/ILSVRC2012_val_00035248.JPEG
142,ADM,2275,GenImage_test/ADM/test/nature/ILSVRC2012_val_00023971.JPEG
142,ADM,2276,GenImage_test/ADM/test/nature/ILSVRC2012_val_00016474.JPEG
142,ADM,2277,GenImage_test/ADM/test/nature/ILSVRC2012_val_00026262.JPEG
142,ADM,2278,GenImage_test/ADM/test/nature/ILSVRC2012_val_00008592.JPEG
142,ADM,2279,GenImage_test/ADM/test/ai/239_adm_91.PNG
142,ADM,2280,GenImage_test/ADM/test/nature/ILSVRC2012_val_00043758.JPEG
142,ADM,2281,GenImage_test/ADM/test/nature/ILSVRC2012_val_00029911.JPEG
142,ADM,2282,GenImage_test/ADM/test/ai/589_adm_174.PNG
142,ADM,2283,GenImage_test/ADM/test/ai/926_adm_85.PNG
143,ADM,2284,GenImage_test/ADM/test/nature/ILSVRC2012_val_00015071.JPEG
143,ADM,2285,GenImage_test/ADM/test/ai/751_adm_85.PNG
143,ADM,2286,GenImage_test/ADM/test/ai/224_adm_85.PNG
143,ADM,2287,GenImage_test/ADM/test/ai/260_adm_153.PNG
143,ADM,2288,GenImage_test/ADM/test/nature/ILSVRC2012_val_00035915.JPEG
143,ADM,2289,GenImage_test/ADM/test/nature/ILSVRC2012_val_00016599.JPEG
143,ADM,2290,GenImage_test/ADM/test/ai/365_adm_174.PNG
143,ADM,2291,GenImage_test/ADM/test/ai/595_adm_85.PNG
143,ADM,2292,GenImage_test/ADM/test/nature/ILSVRC2012_val_00048332.JPEG
143,ADM,2293,GenImage_test/ADM/test/nature/ILSVRC2012_val_00018780.JPEG
143,ADM,2294,GenImage_test/ADM/test/ai/333_adm_153.PNG
143,ADM,2295,GenImage_test/ADM/test/ai/903_adm_7.PNG
143,ADM,2296,GenImage_test/ADM/test/nature/ILSVRC2012_val_00047389.JPEG
143,ADM,2297,GenImage_test/ADM/test/ai/371_adm_91.PNG
143,ADM,2298,GenImage_test/ADM/test/ai/156_adm_153.PNG
143,ADM,2299,GenImage_test/ADM/test/nature/ILSVRC2012_val_00029653.JPEG
144,ADM,2300,GenImage_test/ADM/test/ai/464_adm_34.PNG
144,ADM,2301,GenImage_test/ADM/test/ai/450_adm_153.PNG
144,ADM,2302,GenImage_test/ADM/test/nature/ILSVRC2012_val_00043454.JPEG
144,ADM,2303,GenImage_test/ADM/test/nature/ILSVRC2012_val_00023255.JPEG
144,ADM,2304,GenImage_test/ADM/test/ai/877_adm_91.PNG
144,ADM,2305,GenImage_test/ADM/test/ai/787_adm_85.PNG
144,ADM,2306,GenImage_test/ADM/test/ai/540_adm_34.PNG
144,ADM,2307,GenImage_test/ADM/test/ai/590_adm_174.PNG
144,ADM,2308,GenImage_test/ADM/test/ai/948_adm_153.PNG
144,ADM,2309,GenImage_test/ADM/test/ai/26_adm_91.PNG
144,ADM,2310,GenImage_test/ADM/test/ai/543_adm_34.PNG
144,ADM,2311,GenImage_test/ADM/test/ai/565_adm_91.PNG
144,ADM,2312,GenImage_test/ADM/test/nature/ILSVRC2012_val_00025514.JPEG
144,ADM,2313,GenImage_test/ADM/test/nature/ILSVRC2012_val_00015429.JPEG
144,ADM,2314,GenImage_test/ADM/test/ai/488_adm_153.PNG
144,ADM,2315,GenImage_test/ADM/test/nature/ILSVRC2012_val_00004372.JPEG
145,ADM,2316,GenImage_test/ADM/test/ai/109_adm_91.PNG
145,ADM,2317,GenImage_test/ADM/test/ai/829_adm_174.PNG
145,ADM,2318,GenImage_test/ADM/test/ai/67_adm_34.PNG
145,ADM,2319,GenImage_test/ADM/test/ai/699_adm_91.PNG
145,ADM,2320,GenImage_test/ADM/test/ai/90_adm_7.PNG
145,ADM,2321,GenImage_test/ADM/test/nature/ILSVRC2012_val_00030257.JPEG
145,ADM,2322,GenImage_test/ADM/test/ai/704_adm_153.PNG
145,ADM,2323,GenImage_test/ADM/test/nature/ILSVRC2012_val_00046357.JPEG
145,ADM,2324,GenImage_test/ADM/test/nature/ILSVRC2012_val_00001974.JPEG
145,ADM,2325,GenImage_test/ADM/test/nature/ILSVRC2012_val_00040348.JPEG
145,ADM,2326,GenImage_test/ADM/test/nature/ILSVRC2012_val_00047678.JPEG
145,ADM,2327,GenImage_test/ADM/test/nature/ILSVRC2012_val_00031217.JPEG
145,ADM,2328,GenImage_test/ADM/test/ai/573_adm_7.PNG
145,ADM,2329,GenImage_test/ADM/test/nature/ILSVRC2012_val_00000947.JPEG
145,ADM,2330,GenImage_test/ADM/test/nature/ILSVRC2012_val_00026214.JPEG
145,ADM,2331,GenImage_test/ADM/test/nature/ILSVRC2012_val_00042065.JPEG
146,ADM,2332,GenImage_test/ADM/test/ai/981_adm_7.PNG
146,ADM,2333,GenImage_test/ADM/test/nature/ILSVRC2012_val_00042229.JPEG
146,ADM,2334,GenImage_test/ADM/test/nature/ILSVRC2012_val_00009465.JPEG
146,ADM,2335,GenImage_test/ADM/test/ai/584_adm_153.PNG
146,ADM,2336,GenImage_test/ADM/test/ai/751_adm_34.PNG
146,ADM,2337,GenImage_test/ADM/test/ai/512_adm_153.PNG
146,ADM,2338,GenImage_test/ADM/test/ai/371_adm_85.PNG
146,ADM,2339,GenImage_test/ADM/test/nature/ILSVRC2012_val_00045812.JPEG
146,ADM,2340,GenImage_test/ADM/test/ai/728_adm_85.PNG
146,ADM,2341,GenImage_test/ADM/test/nature/ILSVRC2012_val_00034129.JPEG
146,ADM,2342,GenImage_test/ADM/test/ai/975_adm_85.PNG
146,ADM,2343,GenImage_test/ADM/test/ai/337_adm_7.PNG
146,ADM,2344,GenImage_test/ADM/test/ai/741_adm_153.PNG
146,ADM,2345,GenImage_test/ADM/test/ai/781_adm_174.PNG
146,ADM,2346,GenImage_test/ADM/test/nature/ILSVRC2012_val_00031058.JPEG
146,ADM,2347,GenImage_test/ADM/test/nature/ILSVRC2012_val_00010219.JPEG
147,ADM,2348,GenImage_test/ADM/test/nature/ILSVRC2012_val_00001961.JPEG
147,ADM,2349,GenImage_test/ADM/test/nature/ILSVRC2012_val_00044901.JPEG
147,ADM,2350,GenImage_test/ADM/test/nature/ILSVRC2012_val_00023028.JPEG
147,ADM,2351,GenImage_test/ADM/test/ai/119_adm_7.PNG
147,ADM,2352,GenImage_test/ADM/test/nature/ILSVRC2012_val_00007043.JPEG
147,ADM,2353,GenImage_test/ADM/test/ai/768_adm_174.PNG
147,ADM,2354,GenImage_test/ADM/test/ai/171_adm_34.PNG
147,ADM,2355,GenImage_test/ADM/test/ai/367_adm_174.PNG
147,ADM,2356,GenImage_test/ADM/test/ai/128_adm_34.PNG
147,ADM,2357,GenImage_test/ADM/test/ai/288_adm_85.PNG
147,ADM,2358,GenImage_test/ADM/test/nature/ILSVRC2012_val_00019534.JPEG
147,ADM,2359,GenImage_test/ADM/test/ai/128_adm_7.PNG
147,ADM,2360,GenImage_test/ADM/test/ai/99_adm_153.PNG
147,ADM,2361,GenImage_test/ADM/test/nature/ILSVRC2012_val_00044392.JPEG
147,ADM,2362,GenImage_test/ADM/test/ai/726_adm_85.PNG
147,ADM,2363,GenImage_test/ADM/test/ai/367_adm_153.PNG
148,ADM,2364,GenImage_test/ADM/test/nature/ILSVRC2012_val_00037544.JPEG
148,ADM,2365,GenImage_test/ADM/test/ai/779_adm_153.PNG
148,ADM,2366,GenImage_test/ADM/test/nature/ILSVRC2012_val_00040646.JPEG
148,ADM,2367,GenImage_test/ADM/test/nature/ILSVRC2012_val_00035745.JPEG
148,ADM,2368,GenImage_test/ADM/test/ai/146_adm_91.PNG
148,ADM,2369,GenImage_test/ADM/test/ai/396_adm_85.PNG
148,ADM,2370,GenImage_test/ADM/test/ai/535_adm_91.PNG
148,ADM,2371,GenImage_test/ADM/test/ai/980_adm_153.PNG
148,ADM,2372,GenImage_test/ADM/test/ai/342_adm_153.PNG
148,ADM,2373,GenImage_test/ADM/test/nature/ILSVRC2012_val_00044039.JPEG
148,ADM,2374,GenImage_test/ADM/test/nature/ILSVRC2012_val_00039483.JPEG
148,ADM,2375,GenImage_test/ADM/test/ai/389_adm_34.PNG
148,ADM,2376,GenImage_test/ADM/test/nature/ILSVRC2012_val_00033628.JPEG
148,ADM,2377,GenImage_test/ADM/test/ai/476_adm_153.PNG
148,ADM,2378,GenImage_test/ADM/test/nature/ILSVRC2012_val_00015355.JPEG
148,ADM,2379,GenImage_test/ADM/test/ai/72_adm_7.PNG
149,ADM,2380,GenImage_test/ADM/test/ai/252_adm_7.PNG
149,ADM,2381,GenImage_test/ADM/test/nature/ILSVRC2012_val_00042539.JPEG
149,ADM,2382,GenImage_test/ADM/test/ai/643_adm_34.PNG
149,ADM,2383,GenImage_test/ADM/test/nature/ILSVRC2012_val_00048850.JPEG
149,ADM,2384,GenImage_test/ADM/test/ai/797_adm_85.PNG
149,ADM,2385,GenImage_test/ADM/test/ai/941_adm_153.PNG
149,ADM,2386,GenImage_test/ADM/test/ai/809_adm_153.PNG
149,ADM,2387,GenImage_test/ADM/test/nature/ILSVRC2012_val_00049851.JPEG
149,ADM,2388,GenImage_test/ADM/test/nature/ILSVRC2012_val_00004525.JPEG
149,ADM,2389,GenImage_test/ADM/test/nature/ILSVRC2012_val_00037424.JPEG
149,ADM,2390,GenImage_test/ADM/test/ai/772_adm_85.PNG
149,ADM,2391,GenImage_test/ADM/test/nature/ILSVRC2012_val_00019473.JPEG
149,ADM,2392,GenImage_test/ADM/test/nature/ILSVRC2012_val_00009849.JPEG
149,ADM,2393,GenImage_test/ADM/test/nature/ILSVRC2012_val_00001155.JPEG
149,ADM,2394,GenImage_test/ADM/test/nature/ILSVRC2012_val_00013502.JPEG
149,ADM,2395,GenImage_test/ADM/test/nature/ILSVRC2012_val_00003383.JPEG
150,ADM,2396,GenImage_test/ADM/test/nature/ILSVRC2012_val_00028314.JPEG
150,ADM,2397,GenImage_test/ADM/test/ai/908_adm_7.PNG
150,ADM,2398,GenImage_test/ADM/test/ai/172_adm_85.PNG
150,ADM,2399,GenImage_test/ADM/test/nature/ILSVRC2012_val_00047293.JPEG
150,ADM,2400,GenImage_test/ADM/test/nature/ILSVRC2012_val_00018110.JPEG
150,ADM,2401,GenImage_test/ADM/test/nature/ILSVRC2012_val_00018000.JPEG
150,ADM,2402,GenImage_test/ADM/test/ai/278_adm_85.PNG
150,ADM,2403,GenImage_test/ADM/test/nature/ILSVRC2012_val_00006331.JPEG
150,ADM,2404,GenImage_test/ADM/test/ai/92_adm_153.PNG
150,ADM,2405,GenImage_test/ADM/test/ai/210_adm_34.PNG
150,ADM,2406,GenImage_test/ADM/test/ai/776_adm_91.PNG
150,ADM,2407,GenImage_test/ADM/test/nature/ILSVRC2012_val_00016885.JPEG
150,ADM,2408,GenImage_test/ADM/test/nature/ILSVRC2012_val_00010872.JPEG
150,ADM,2409,GenImage_test/ADM/test/ai/273_adm_85.PNG
150,ADM,2410,GenImage_test/ADM/test/nature/ILSVRC2012_val_00045085.JPEG
150,ADM,2411,GenImage_test/ADM/test/nature/ILSVRC2012_val_00020842.JPEG
151,ADM,2412,GenImage_test/ADM/test/ai/679_adm_7.PNG
151,ADM,2413,GenImage_test/ADM/test/nature/ILSVRC2012_val_00017084.JPEG
151,ADM,2414,GenImage_test/ADM/test/nature/ILSVRC2012_val_00030098.JPEG
151,ADM,2415,GenImage_test/ADM/test/ai/880_adm_153.PNG
151,ADM,2416,GenImage_test/ADM/test/nature/ILSVRC2012_val_00016268.JPEG
151,ADM,2417,GenImage_test/ADM/test/ai/475_adm_153.PNG
151,ADM,2418,GenImage_test/ADM/test/ai/552_adm_34.PNG
151,ADM,2419,GenImage_test/ADM/test/ai/443_adm_91.PNG
151,ADM,2420,GenImage_test/ADM/test/nature/ILSVRC2012_val_00035433.JPEG
151,ADM,2421,GenImage_test/ADM/test/ai/280_adm_85.PNG
151,ADM,2422,GenImage_test/ADM/test/ai/176_adm_91.PNG
151,ADM,2423,GenImage_test/ADM/test/nature/ILSVRC2012_val_00024534.JPEG
151,ADM,2424,GenImage_test/ADM/test/ai/787_adm_91.PNG
151,ADM,2425,GenImage_test/ADM/test/nature/ILSVRC2012_val_00009804.JPEG
151,ADM,2426,GenImage_test/ADM/test/ai/512_adm_174.PNG
151,ADM,2427,GenImage_test/ADM/test/nature/ILSVRC2012_val_00001866.JPEG
152,ADM,2428,GenImage_test/ADM/test/nature/ILSVRC2012_val_00032361.JPEG
152,ADM,2429,GenImage_test/ADM/test/nature/ILSVRC2012_val_00002147.JPEG
152,ADM,2430,GenImage_test/ADM/test/ai/280_adm_7.PNG
152,ADM,2431,GenImage_test/ADM/test/nature/ILSVRC2012_val_00014543.JPEG
152,ADM,2432,GenImage_test/ADM/test/nature/ILSVRC2012_val_00016254.JPEG
152,ADM,2433,GenImage_test/ADM/test/ai/374_adm_34.PNG
152,ADM,2434,GenImage_test/ADM/test/nature/ILSVRC2012_val_00042207.JPEG
152,ADM,2435,GenImage_test/ADM/test/ai/712_adm_153.PNG
152,ADM,2436,GenImage_test/ADM/test/nature/ILSVRC2012_val_00014875.JPEG
152,ADM,2437,GenImage_test/ADM/test/ai/756_adm_153.PNG
152,ADM,2438,GenImage_test/ADM/test/ai/453_adm_7.PNG
152,ADM,2439,GenImage_test/ADM/test/ai/744_adm_85.PNG
152,ADM,2440,GenImage_test/ADM/test/ai/35_adm_91.PNG
152,ADM,2441,GenImage_test/ADM/test/ai/858_adm_34.PNG
152,ADM,2442,GenImage_test/ADM/test/nature/ILSVRC2012_val_00022494.JPEG
152,ADM,2443,GenImage_test/ADM/test/ai/540_adm_7.PNG
153,ADM,2444,GenImage_test/ADM/test/ai/438_adm_85.PNG
153,ADM,2445,GenImage_test/ADM/test/ai/292_adm_174.PNG
153,ADM,2446,GenImage_test/ADM/test/ai/3_adm_91.PNG
153,ADM,2447,GenImage_test/ADM/test/nature/ILSVRC2012_val_00035175.JPEG
153,ADM,2448,GenImage_test/ADM/test/ai/843_adm_34.PNG
153,ADM,2449,GenImage_test/ADM/test/ai/182_adm_85.PNG
153,ADM,2450,GenImage_test/ADM/test/nature/ILSVRC2012_val_00009361.JPEG
153,ADM,2451,GenImage_test/ADM/test/nature/ILSVRC2012_val_00024191.JPEG
153,ADM,2452,GenImage_test/ADM/test/nature/ILSVRC2012_val_00018848.JPEG
153,ADM,2453,GenImage_test/ADM/test/ai/6_adm_34.PNG
153,ADM,2454,GenImage_test/ADM/test/nature/ILSVRC2012_val_00045348.JPEG
153,ADM,2455,GenImage_test/ADM/test/nature/ILSVRC2012_val_00012372.JPEG
153,ADM,2456,GenImage_test/ADM/test/nature/ILSVRC2012_val_00027930.JPEG
153,ADM,2457,GenImage_test/ADM/test/ai/248_adm_85.PNG
153,ADM,2458,GenImage_test/ADM/test/nature/ILSVRC2012_val_00015270.JPEG
153,ADM,2459,GenImage_test/ADM/test/nature/ILSVRC2012_val_00033019.JPEG
154,ADM,2460,GenImage_test/ADM/test/ai/393_adm_34.PNG
154,ADM,2461,GenImage_test/ADM/test/ai/91_adm_34.PNG
154,ADM,2462,GenImage_test/ADM/test/ai/717_adm_91.PNG
154,ADM,2463,GenImage_test/ADM/test/ai/222_adm_153.PNG
154,ADM,2464,GenImage_test/ADM/test/nature/ILSVRC2012_val_00015869.JPEG
154,ADM,2465,GenImage_test/ADM/test/nature/ILSVRC2012_val_00031644.JPEG
154,ADM,2466,GenImage_test/ADM/test/ai/4_adm_153.PNG
154,ADM,2467,GenImage_test/ADM/test/nature/ILSVRC2012_val_00007792.JPEG
154,ADM,2468,GenImage_test/ADM/test/ai/907_adm_7.PNG
154,ADM,2469,GenImage_test/ADM/test/ai/417_adm_174.PNG
154,ADM,2470,GenImage_test/ADM/test/nature/ILSVRC2012_val_00026322.JPEG
154,ADM,2471,GenImage_test/ADM/test/nature/ILSVRC2012_val_00037843.JPEG
154,ADM,2472,GenImage_test/ADM/test/nature/ILSVRC2012_val_00001998.JPEG
154,ADM,2473,GenImage_test/ADM/test/nature/ILSVRC2012_val_00014247.JPEG
154,ADM,2474,GenImage_test/ADM/test/ai/164_adm_174.PNG
154,ADM,2475,GenImage_test/ADM/test/ai/961_adm_91.PNG
155,ADM,2476,GenImage_test/ADM/test/ai/987_adm_91.PNG
155,ADM,2477,GenImage_test/ADM/test/ai/524_adm_174.PNG
155,ADM,2478,GenImage_test/ADM/test/ai/935_adm_153.PNG
155,ADM,2479,GenImage_test/ADM/test/ai/648_adm_7.PNG
155,ADM,2480,GenImage_test/ADM/test/nature/ILSVRC2012_val_00003139.JPEG
155,ADM,2481,GenImage_test/ADM/test/ai/825_adm_34.PNG
155,ADM,2482,GenImage_test/ADM/test/ai/764_adm_174.PNG
155,ADM,2483,GenImage_test/ADM/test/ai/756_adm_7.PNG
155,ADM,2484,GenImage_test/ADM/test/nature/ILSVRC2012_val_00013598.JPEG
155,ADM,2485,GenImage_test/ADM/test/ai/883_adm_85.PNG
155,ADM,2486,GenImage_test/ADM/test/ai/493_adm_153.PNG
155,ADM,2487,GenImage_test/ADM/test/nature/ILSVRC2012_val_00005404.JPEG
155,ADM,2488,GenImage_test/ADM/test/ai/784_adm_91.PNG
155,ADM,2489,GenImage_test/ADM/test/ai/96_adm_34.PNG
155,ADM,2490,GenImage_test/ADM/test/ai/502_adm_91.PNG
155,ADM,2491,GenImage_test/ADM/test/ai/875_adm_153.PNG
156,ADM,2492,GenImage_test/ADM/test/ai/15_adm_153.PNG
156,ADM,2493,GenImage_test/ADM/test/ai/789_adm_153.PNG
156,ADM,2494,GenImage_test/ADM/test/nature/ILSVRC2012_val_00004424.JPEG
156,ADM,2495,GenImage_test/ADM/test/ai/148_adm_91.PNG
156,ADM,2496,GenImage_test/ADM/test/nature/ILSVRC2012_val_00040215.JPEG
156,ADM,2497,GenImage_test/ADM/test/nature/ILSVRC2012_val_00008413.JPEG
156,ADM,2498,GenImage_test/ADM/test/nature/ILSVRC2012_val_00035364.JPEG
156,ADM,2499,GenImage_test/ADM/test/nature/ILSVRC2012_val_00004331.JPEG
156,ADM,2500,GenImage_test/ADM/test/ai/31_adm_85.PNG
156,ADM,2501,GenImage_test/ADM/test/nature/ILSVRC2012_val_00010990.JPEG
156,ADM,2502,GenImage_test/ADM/test/nature/ILSVRC2012_val_00046552.JPEG
156,ADM,2503,GenImage_test/ADM/test/nature/ILSVRC2012_val_00004179.JPEG
156,ADM,2504,GenImage_test/ADM/test/nature/ILSVRC2012_val_00020321.JPEG
156,ADM,2505,GenImage_test/ADM/test/nature/ILSVRC2012_val_00023661.JPEG
156,ADM,2506,GenImage_test/ADM/test/nature/ILSVRC2012_val_00004874.JPEG
156,ADM,2507,GenImage_test/ADM/test/ai/600_adm_153.PNG
157,ADM,2508,GenImage_test/ADM/test/nature/ILSVRC2012_val_00013287.JPEG
157,ADM,2509,GenImage_test/ADM/test/nature/ILSVRC2012_val_00044165.JPEG
157,ADM,2510,GenImage_test/ADM/test/nature/ILSVRC2012_val_00010442.JPEG
157,ADM,2511,GenImage_test/ADM/test/nature/ILSVRC2012_val_00022683.JPEG
157,ADM,2512,GenImage_test/ADM/test/nature/ILSVRC2012_val_00001367.JPEG
157,ADM,2513,GenImage_test/ADM/test/nature/ILSVRC2012_val_00045342.JPEG
157,ADM,2514,GenImage_test/ADM/test/nature/ILSVRC2012_val_00033351.JPEG
157,ADM,2515,GenImage_test/ADM/test/ai/23_adm_34.PNG
157,ADM,2516,GenImage_test/ADM/test/nature/ILSVRC2012_val_00011073.JPEG
157,ADM,2517,GenImage_test/ADM/test/ai/860_adm_34.PNG
157,ADM,2518,GenImage_test/ADM/test/ai/294_adm_174.PNG
157,ADM,2519,GenImage_test/ADM/test/nature/ILSVRC2012_val_00043063.JPEG
157,ADM,2520,GenImage_test/ADM/test/ai/485_adm_91.PNG
157,ADM,2521,GenImage_test/ADM/test/nature/ILSVRC2012_val_00031068.JPEG
157,ADM,2522,GenImage_test/ADM/test/ai/666_adm_85.PNG
157,ADM,2523,GenImage_test/ADM/test/ai/160_adm_85.PNG
158,ADM,2524,GenImage_test/ADM/test/ai/969_adm_91.PNG
158,ADM,2525,GenImage_test/ADM/test/ai/969_adm_174.PNG
158,ADM,2526,GenImage_test/ADM/test/ai/900_adm_91.PNG
158,ADM,2527,GenImage_test/ADM/test/nature/ILSVRC2012_val_00020606.JPEG
158,ADM,2528,GenImage_test/ADM/test/ai/647_adm_91.PNG
158,ADM,2529,GenImage_test/ADM/test/nature/ILSVRC2012_val_00013006.JPEG
158,ADM,2530,GenImage_test/ADM/test/nature/ILSVRC2012_val_00000713.JPEG
158,ADM,2531,GenImage_test/ADM/test/ai/416_adm_85.PNG
158,ADM,2532,GenImage_test/ADM/test/ai/955_adm_174.PNG
158,ADM,2533,GenImage_test/ADM/test/ai/73_adm_34.PNG
158,ADM,2534,GenImage_test/ADM/test/nature/ILSVRC2012_val_00008090.JPEG
158,ADM,2535,GenImage_test/ADM/test/nature/ILSVRC2012_val_00027856.JPEG
158,ADM,2536,GenImage_test/ADM/test/ai/112_adm_34.PNG
158,ADM,2537,GenImage_test/ADM/test/nature/ILSVRC2012_val_00043051.JPEG
158,ADM,2538,GenImage_test/ADM/test/nature/ILSVRC2012_val_00045664.JPEG
158,ADM,2539,GenImage_test/ADM/test/nature/ILSVRC2012_val_00033644.JPEG
159,ADM,2540,GenImage_test/ADM/test/nature/ILSVRC2012_val_00023309.JPEG
159,ADM,2541,GenImage_test/ADM/test/nature/ILSVRC2012_val_00014439.JPEG
159,ADM,2542,GenImage_test/ADM/test/ai/965_adm_91.PNG
159,ADM,2543,GenImage_test/ADM/test/nature/ILSVRC2012_val_00032367.JPEG
159,ADM,2544,GenImage_test/ADM/test/nature/ILSVRC2012_val_00043057.JPEG
159,ADM,2545,GenImage_test/ADM/test/ai/440_adm_153.PNG
159,ADM,2546,GenImage_test/ADM/test/nature/ILSVRC2012_val_00018112.JPEG
159,ADM,2547,GenImage_test/ADM/test/nature/ILSVRC2012_val_00044777.JPEG
159,ADM,2548,GenImage_test/ADM/test/ai/964_adm_91.PNG
159,ADM,2549,GenImage_test/ADM/test/nature/ILSVRC2012_val_00011888.JPEG
159,ADM,2550,GenImage_test/ADM/test/nature/ILSVRC2012_val_00038347.JPEG
159,ADM,2551,GenImage_test/ADM/test/ai/638_adm_7.PNG
159,ADM,2552,GenImage_test/ADM/test/ai/48_adm_85.PNG
159,ADM,2553,GenImage_test/ADM/test/nature/ILSVRC2012_val_00047512.JPEG
159,ADM,2554,GenImage_test/ADM/test/nature/ILSVRC2012_val_00016872.JPEG
159,ADM,2555,GenImage_test/ADM/test/nature/ILSVRC2012_val_00027972.JPEG
160,ADM,2556,GenImage_test/ADM/test/ai/93_adm_85.PNG
160,ADM,2557,GenImage_test/ADM/test/ai/250_adm_153.PNG
160,ADM,2558,GenImage_test/ADM/test/ai/338_adm_174.PNG
160,ADM,2559,GenImage_test/ADM/test/ai/716_adm_174.PNG
160,ADM,2560,GenImage_test/ADM/test/ai/694_adm_85.PNG
160,ADM,2561,GenImage_test/ADM/test/nature/ILSVRC2012_val_00026705.JPEG
160,ADM,2562,GenImage_test/ADM/test/ai/692_adm_91.PNG
160,ADM,2563,GenImage_test/ADM/test/ai/963_adm_153.PNG
160,ADM,2564,GenImage_test/ADM/test/ai/22_adm_174.PNG
160,ADM,2565,GenImage_test/ADM/test/nature/ILSVRC2012_val_00049984.JPEG
160,ADM,2566,GenImage_test/ADM/test/nature/ILSVRC2012_val_00013505.JPEG
160,ADM,2567,GenImage_test/ADM/test/ai/844_adm_153.PNG
160,ADM,2568,GenImage_test/ADM/test/ai/294_adm_85.PNG
160,ADM,2569,GenImage_test/ADM/test/nature/ILSVRC2012_val_00030804.JPEG
160,ADM,2570,GenImage_test/ADM/test/ai/496_adm_174.PNG
160,ADM,2571,GenImage_test/ADM/test/nature/ILSVRC2012_val_00035077.JPEG
161,ADM,2572,GenImage_test/ADM/test/nature/ILSVRC2012_val_00024315.JPEG
161,ADM,2573,GenImage_test/ADM/test/nature/ILSVRC2012_val_00027164.JPEG
161,ADM,2574,GenImage_test/ADM/test/ai/459_adm_153.PNG
161,ADM,2575,GenImage_test/ADM/test/nature/ILSVRC2012_val_00027434.JPEG
161,ADM,2576,GenImage_test/ADM/test/ai/162_adm_34.PNG
161,ADM,2577,GenImage_test/ADM/test/ai/192_adm_85.PNG
161,ADM,2578,GenImage_test/ADM/test/ai/222_adm_34.PNG
161,ADM,2579,GenImage_test/ADM/test/nature/ILSVRC2012_val_00031170.JPEG
161,ADM,2580,GenImage_test/ADM/test/ai/185_adm_7.PNG
161,ADM,2581,GenImage_test/ADM/test/nature/ILSVRC2012_val_00000475.JPEG
161,ADM,2582,GenImage_test/ADM/test/nature/ILSVRC2012_val_00002417.JPEG
161,ADM,2583,GenImage_test/ADM/test/nature/ILSVRC2012_val_00000743.JPEG
161,ADM,2584,GenImage_test/ADM/test/ai/545_adm_174.PNG
161,ADM,2585,GenImage_test/ADM/test/nature/ILSVRC2012_val_00042434.JPEG
161,ADM,2586,GenImage_test/ADM/test/ai/622_adm_85.PNG
161,ADM,2587,GenImage_test/ADM/test/ai/563_adm_153.PNG
162,ADM,2588,GenImage_test/ADM/test/ai/542_adm_85.PNG
162,ADM,2589,GenImage_test/ADM/test/ai/17_adm_34.PNG
162,ADM,2590,GenImage_test/ADM/test/nature/ILSVRC2012_val_00041409.JPEG
162,ADM,2591,GenImage_test/ADM/test/ai/63_adm_91.PNG
162,ADM,2592,GenImage_test/ADM/test/nature/ILSVRC2012_val_00029383.JPEG
162,ADM,2593,GenImage_test/ADM/test/nature/ILSVRC2012_val_00014294.JPEG
162,ADM,2594,GenImage_test/ADM/test/ai/865_adm_153.PNG
162,ADM,2595,GenImage_test/ADM/test/nature/ILSVRC2012_val_00036310.JPEG
162,ADM,2596,GenImage_test/ADM/test/nature/ILSVRC2012_val_00016377.JPEG
162,ADM,2597,GenImage_test/ADM/test/nature/ILSVRC2012_val_00045703.JPEG
162,ADM,2598,GenImage_test/ADM/test/nature/ILSVRC2012_val_00048502.JPEG
162,ADM,2599,GenImage_test/ADM/test/ai/142_adm_7.PNG
162,ADM,2600,GenImage_test/ADM/test/ai/180_adm_7.PNG
162,ADM,2601,GenImage_test/ADM/test/nature/ILSVRC2012_val_00013429.JPEG
162,ADM,2602,GenImage_test/ADM/test/ai/749_adm_174.PNG
162,ADM,2603,GenImage_test/ADM/test/nature/ILSVRC2012_val_00004002.JPEG
163,ADM,2604,GenImage_test/ADM/test/ai/366_adm_153.PNG
163,ADM,2605,GenImage_test/ADM/test/nature/ILSVRC2012_val_00042104.JPEG
163,ADM,2606,GenImage_test/ADM/test/ai/368_adm_34.PNG
163,ADM,2607,GenImage_test/ADM/test/ai/188_adm_174.PNG
163,ADM,2608,GenImage_test/ADM/test/ai/806_adm_91.PNG
163,ADM,2609,GenImage_test/ADM/test/ai/470_adm_153.PNG
163,ADM,2610,GenImage_test/ADM/test/ai/436_adm_7.PNG
163,ADM,2611,GenImage_test/ADM/test/nature/ILSVRC2012_val_00027235.JPEG
163,ADM,2612,GenImage_test/ADM/test/ai/96_adm_153.PNG
163,ADM,2613,GenImage_test/ADM/test/nature/ILSVRC2012_val_00026881.JPEG
163,ADM,2614,GenImage_test/ADM/test/nature/ILSVRC2012_val_00034372.JPEG
163,ADM,2615,GenImage_test/ADM/test/nature/ILSVRC2012_val_00043436.JPEG
163,ADM,2616,GenImage_test/ADM/test/ai/955_adm_153.PNG
163,ADM,2617,GenImage_test/ADM/test/nature/ILSVRC2012_val_00015584.JPEG
163,ADM,2618,GenImage_test/ADM/test/ai/526_adm_153.PNG
163,ADM,2619,GenImage_test/ADM/test/ai/407_adm_85.PNG
164,ADM,2620,GenImage_test/ADM/test/nature/ILSVRC2012_val_00037509.JPEG
164,ADM,2621,GenImage_test/ADM/test/nature/ILSVRC2012_val_00003755.JPEG
164,ADM,2622,GenImage_test/ADM/test/ai/778_adm_7.PNG
164,ADM,2623,GenImage_test/ADM/test/nature/ILSVRC2012_val_00038564.JPEG
164,ADM,2624,GenImage_test/ADM/test/nature/ILSVRC2012_val_00027200.JPEG
164,ADM,2625,GenImage_test/ADM/test/nature/ILSVRC2012_val_00016555.JPEG
164,ADM,2626,GenImage_test/ADM/test/nature/ILSVRC2012_val_00027485.JPEG
164,ADM,2627,GenImage_test/ADM/test/ai/680_adm_34.PNG
164,ADM,2628,GenImage_test/ADM/test/nature/ILSVRC2012_val_00016378.JPEG
164,ADM,2629,GenImage_test/ADM/test/nature/ILSVRC2012_val_00025763.JPEG
164,ADM,2630,GenImage_test/ADM/test/nature/ILSVRC2012_val_00009184.JPEG
164,ADM,2631,GenImage_test/ADM/test/ai/375_adm_7.PNG
164,ADM,2632,GenImage_test/ADM/test/ai/438_adm_91.PNG
164,ADM,2633,GenImage_test/ADM/test/ai/252_adm_85.PNG
164,ADM,2634,GenImage_test/ADM/test/nature/ILSVRC2012_val_00004654.JPEG
164,ADM,2635,GenImage_test/ADM/test/ai/994_adm_7.PNG
165,ADM,2636,GenImage_test/ADM/test/ai/2_adm_7.PNG
165,ADM,2637,GenImage_test/ADM/test/ai/82_adm_85.PNG
165,ADM,2638,GenImage_test/ADM/test/ai/611_adm_85.PNG
165,ADM,2639,GenImage_test/ADM/test/nature/ILSVRC2012_val_00037865.JPEG
165,ADM,2640,GenImage_test/ADM/test/nature/ILSVRC2012_val_00020328.JPEG
165,ADM,2641,GenImage_test/ADM/test/nature/ILSVRC2012_val_00029402.JPEG
165,ADM,2642,GenImage_test/ADM/test/nature/ILSVRC2012_val_00015888.JPEG
165,ADM,2643,GenImage_test/ADM/test/ai/660_adm_7.PNG
165,ADM,2644,GenImage_test/ADM/test/ai/644_adm_91.PNG
165,ADM,2645,GenImage_test/ADM/test/ai/938_adm_85.PNG
165,ADM,2646,GenImage_test/ADM/test/ai/473_adm_174.PNG
165,ADM,2647,GenImage_test/ADM/test/ai/992_adm_85.PNG
165,ADM,2648,GenImage_test/ADM/test/nature/ILSVRC2012_val_00030947.JPEG
165,ADM,2649,GenImage_test/ADM/test/ai/743_adm_174.PNG
165,ADM,2650,GenImage_test/ADM/test/ai/302_adm_7.PNG
165,ADM,2651,GenImage_test/ADM/test/nature/ILSVRC2012_val_00020280.JPEG
166,ADM,2652,GenImage_test/ADM/test/ai/510_adm_153.PNG
166,ADM,2653,GenImage_test/ADM/test/ai/292_adm_91.PNG
166,ADM,2654,GenImage_test/ADM/test/ai/313_adm_34.PNG
166,ADM,2655,GenImage_test/ADM/test/ai/370_adm_91.PNG
166,ADM,2656,GenImage_test/ADM/test/ai/401_adm_153.PNG
166,ADM,2657,GenImage_test/ADM/test/nature/ILSVRC2012_val_00041977.JPEG
166,ADM,2658,GenImage_test/ADM/test/ai/267_adm_174.PNG
166,ADM,2659,GenImage_test/ADM/test/ai/775_adm_174.PNG
166,ADM,2660,GenImage_test/ADM/test/nature/ILSVRC2012_val_00004588.JPEG
166,ADM,2661,GenImage_test/ADM/test/ai/218_adm_7.PNG
166,ADM,2662,GenImage_test/ADM/test/nature/ILSVRC2012_val_00036638.JPEG
166,ADM,2663,GenImage_test/ADM/test/nature/ILSVRC2012_val_00022913.JPEG
166,ADM,2664,GenImage_test/ADM/test/ai/112_adm_91.PNG
166,ADM,2665,GenImage_test/ADM/test/ai/301_adm_34.PNG
166,ADM,2666,GenImage_test/ADM/test/ai/98_adm_153.PNG
166,ADM,2667,GenImage_test/ADM/test/nature/ILSVRC2012_val_00021596.JPEG
167,ADM,2668,GenImage_test/ADM/test/nature/ILSVRC2012_val_00006534.JPEG
167,ADM,2669,GenImage_test/ADM/test/ai/333_adm_7.PNG
167,ADM,2670,GenImage_test/ADM/test/ai/586_adm_7.PNG
167,ADM,2671,GenImage_test/ADM/test/nature/ILSVRC2012_val_00046624.JPEG
167,ADM,2672,GenImage_test/ADM/test/ai/381_adm_7.PNG
167,ADM,2673,GenImage_test/ADM/test/nature/ILSVRC2012_val_00038452.JPEG
167,ADM,2674,GenImage_test/ADM/test/nature/ILSVRC2012_val_00019001.JPEG
167,ADM,2675,GenImage_test/ADM/test/nature/ILSVRC2012_val_00034857.JPEG
167,ADM,2676,GenImage_test/ADM/test/nature/ILSVRC2012_val_00008356.JPEG
167,ADM,2677,GenImage_test/ADM/test/nature/ILSVRC2012_val_00001616.JPEG
167,ADM,2678,GenImage_test/ADM/test/nature/ILSVRC2012_val_00002681.JPEG
167,ADM,2679,GenImage_test/ADM/test/nature/ILSVRC2012_val_00048126.JPEG
167,ADM,2680,GenImage_test/ADM/test/ai/404_adm_7.PNG
167,ADM,2681,GenImage_test/ADM/test/nature/ILSVRC2012_val_00004833.JPEG
167,ADM,2682,GenImage_test/ADM/test/ai/7_adm_85.PNG
167,ADM,2683,GenImage_test/ADM/test/ai/838_adm_34.PNG
168,ADM,2684,GenImage_test/ADM/test/ai/285_adm_91.PNG
168,ADM,2685,GenImage_test/ADM/test/nature/ILSVRC2012_val_00012695.JPEG
168,ADM,2686,GenImage_test/ADM/test/nature/ILSVRC2012_val_00032113.JPEG
168,ADM,2687,GenImage_test/ADM/test/ai/376_adm_85.PNG
168,ADM,2688,GenImage_test/ADM/test/ai/673_adm_34.PNG
168,ADM,2689,GenImage_test/ADM/test/ai/879_adm_91.PNG
168,ADM,2690,GenImage_test/ADM/test/ai/515_adm_85.PNG
168,ADM,2691,GenImage_test/ADM/test/nature/ILSVRC2012_val_00001627.JPEG
168,ADM,2692,GenImage_test/ADM/test/ai/837_adm_34.PNG
168,ADM,2693,GenImage_test/ADM/test/nature/ILSVRC2012_val_00003052.JPEG
168,ADM,2694,GenImage_test/ADM/test/nature/ILSVRC2012_val_00009663.JPEG
168,ADM,2695,GenImage_test/ADM/test/nature/ILSVRC2012_val_00009637.JPEG
168,ADM,2696,GenImage_test/ADM/test/ai/445_adm_85.PNG
168,ADM,2697,GenImage_test/ADM/test/ai/60_adm_34.PNG
168,ADM,2698,GenImage_test/ADM/test/nature/ILSVRC2012_val_00019326.JPEG
168,ADM,2699,GenImage_test/ADM/test/ai/317_adm_91.PNG
169,ADM,2700,GenImage_test/ADM/test/ai/262_adm_85.PNG
169,ADM,2701,GenImage_test/ADM/test/nature/ILSVRC2012_val_00041094.JPEG
169,ADM,2702,GenImage_test/ADM/test/ai/30_adm_174.PNG
169,ADM,2703,GenImage_test/ADM/test/nature/ILSVRC2012_val_00000462.JPEG
169,ADM,2704,GenImage_test/ADM/test/ai/916_adm_85.PNG
169,ADM,2705,GenImage_test/ADM/test/ai/46_adm_85.PNG
169,ADM,2706,GenImage_test/ADM/test/nature/ILSVRC2012_val_00043332.JPEG
169,ADM,2707,GenImage_test/ADM/test/ai/558_adm_34.PNG
169,ADM,2708,GenImage_test/ADM/test/nature/ILSVRC2012_val_00042842.JPEG
169,ADM,2709,GenImage_test/ADM/test/ai/67_adm_7.PNG
169,ADM,2710,GenImage_test/ADM/test/nature/ILSVRC2012_val_00006266.JPEG
169,ADM,2711,GenImage_test/ADM/test/nature/ILSVRC2012_val_00049418.JPEG
169,ADM,2712,GenImage_test/ADM/test/ai/252_adm_153.PNG
169,ADM,2713,GenImage_test/ADM/test/nature/ILSVRC2012_val_00003280.JPEG
169,ADM,2714,GenImage_test/ADM/test/ai/346_adm_34.PNG
169,ADM,2715,GenImage_test/ADM/test/nature/ILSVRC2012_val_00002472.JPEG
170,ADM,2716,GenImage_test/ADM/test/ai/567_adm_34.PNG
170,ADM,2717,GenImage_test/ADM/test/ai/664_adm_91.PNG
170,ADM,2718,GenImage_test/ADM/test/nature/ILSVRC2012_val_00010185.JPEG
170,ADM,2719,GenImage_test/ADM/test/nature/ILSVRC2012_val_00016257.JPEG
170,ADM,2720,GenImage_test/ADM/test/nature/ILSVRC2012_val_00024544.JPEG
170,ADM,2721,GenImage_test/ADM/test/nature/ILSVRC2012_val_00008490.JPEG
170,ADM,2722,GenImage_test/ADM/test/nature/ILSVRC2012_val_00038133.JPEG
170,ADM,2723,GenImage_test/ADM/test/nature/ILSVRC2012_val_00031128.JPEG
170,ADM,2724,GenImage_test/ADM/test/ai/613_adm_174.PNG
170,ADM,2725,GenImage_test/ADM/test/ai/982_adm_91.PNG
170,ADM,2726,GenImage_test/ADM/test/nature/ILSVRC2012_val_00030459.JPEG
170,ADM,2727,GenImage_test/ADM/test/ai/114_adm_174.PNG
170,ADM,2728,GenImage_test/ADM/test/ai/729_adm_153.PNG
170,ADM,2729,GenImage_test/ADM/test/ai/996_adm_153.PNG
170,ADM,2730,GenImage_test/ADM/test/nature/ILSVRC2012_val_00022508.JPEG
170,ADM,2731,GenImage_test/ADM/test/nature/ILSVRC2012_val_00037126.JPEG
171,ADM,2732,GenImage_test/ADM/test/nature/ILSVRC2012_val_00011078.JPEG
171,ADM,2733,GenImage_test/ADM/test/ai/696_adm_7.PNG
171,ADM,2734,GenImage_test/ADM/test/ai/553_adm_91.PNG
171,ADM,2735,GenImage_test/ADM/test/nature/ILSVRC2012_val_00010611.JPEG
171,ADM,2736,GenImage_test/ADM/test/ai/639_adm_34.PNG
171,ADM,2737,GenImage_test/ADM/test/nature/ILSVRC2012_val_00024784.JPEG
171,ADM,2738,GenImage_test/ADM/test/ai/125_adm_174.PNG
171,ADM,2739,GenImage_test/ADM/test/nature/ILSVRC2012_val_00038912.JPEG
171,ADM,2740,GenImage_test/ADM/test/ai/473_adm_7.PNG
171,ADM,2741,GenImage_test/ADM/test/ai/957_adm_7.PNG
171,ADM,2742,GenImage_test/ADM/test/ai/68_adm_91.PNG
171,ADM,2743,GenImage_test/ADM/test/nature/ILSVRC2012_val_00027855.JPEG
171,ADM,2744,GenImage_test/ADM/test/nature/ILSVRC2012_val_00010545.JPEG
171,ADM,2745,GenImage_test/ADM/test/nature/ILSVRC2012_val_00002813.JPEG
171,ADM,2746,GenImage_test/ADM/test/ai/311_adm_34.PNG
171,ADM,2747,GenImage_test/ADM/test/nature/ILSVRC2012_val_00005867.JPEG
172,ADM,2748,GenImage_test/ADM/test/ai/639_adm_85.PNG
172,ADM,2749,GenImage_test/ADM/test/ai/648_adm_34.PNG
172,ADM,2750,GenImage_test/ADM/test/nature/ILSVRC2012_val_00039534.JPEG
172,ADM,2751,GenImage_test/ADM/test/nature/ILSVRC2012_val_00008188.JPEG
172,ADM,2752,GenImage_test/ADM/test/ai/628_adm_85.PNG
172,ADM,2753,GenImage_test/ADM/test/nature/ILSVRC2012_val_00037538.JPEG
172,ADM,2754,GenImage_test/ADM/test/nature/ILSVRC2012_val_00045581.JPEG
172,ADM,2755,GenImage_test/ADM/test/nature/ILSVRC2012_val_00007225.JPEG
172,ADM,2756,GenImage_test/ADM/test/nature/ILSVRC2012_val_00009593.JPEG
172,ADM,2757,GenImage_test/ADM/test/nature/ILSVRC2012_val_00049330.JPEG
172,ADM,2758,GenImage_test/ADM/test/nature/ILSVRC2012_val_00015794.JPEG
172,ADM,2759,GenImage_test/ADM/test/ai/708_adm_153.PNG
172,ADM,2760,GenImage_test/ADM/test/nature/ILSVRC2012_val_00002558.JPEG
172,ADM,2761,GenImage_test/ADM/test/ai/447_adm_91.PNG
172,ADM,2762,GenImage_test/ADM/test/ai/917_adm_174.PNG
172,ADM,2763,GenImage_test/ADM/test/nature/ILSVRC2012_val_00045345.JPEG
173,ADM,2764,GenImage_test/ADM/test/nature/ILSVRC2012_val_00002894.JPEG
173,ADM,2765,GenImage_test/ADM/test/nature/ILSVRC2012_val_00008181.JPEG
173,ADM,2766,GenImage_test/ADM/test/ai/506_adm_174.PNG
173,ADM,2767,GenImage_test/ADM/test/ai/244_adm_153.PNG
173,ADM,2768,GenImage_test/ADM/test/ai/55_adm_7.PNG
173,ADM,2769,GenImage_test/ADM/test/nature/ILSVRC2012_val_00015942.JPEG
173,ADM,2770,GenImage_test/ADM/test/nature/ILSVRC2012_val_00024659.JPEG
173,ADM,2771,GenImage_test/ADM/test/ai/186_adm_34.PNG
173,ADM,2772,GenImage_test/ADM/test/ai/709_adm_7.PNG
173,ADM,2773,GenImage_test/ADM/test/nature/ILSVRC2012_val_00038998.JPEG
173,ADM,2774,GenImage_test/ADM/test/ai/446_adm_7.PNG
173,ADM,2775,GenImage_test/ADM/test/nature/ILSVRC2012_val_00011007.JPEG
173,ADM,2776,GenImage_test/ADM/test/ai/89_adm_7.PNG
173,ADM,2777,GenImage_test/ADM/test/ai/274_adm_7.PNG
173,ADM,2778,GenImage_test/ADM/test/ai/656_adm_153.PNG
173,ADM,2779,GenImage_test/ADM/test/nature/ILSVRC2012_val_00000095.JPEG
174,ADM,2780,GenImage_test/ADM/test/nature/ILSVRC2012_val_00009932.JPEG
174,ADM,2781,GenImage_test/ADM/test/nature/ILSVRC2012_val_00045369.JPEG
174,ADM,2782,GenImage_test/ADM/test/ai/287_adm_85.PNG
174,ADM,2783,GenImage_test/ADM/test/ai/615_adm_7.PNG
174,ADM,2784,GenImage_test/ADM/test/ai/866_adm_7.PNG
174,ADM,2785,GenImage_test/ADM/test/nature/ILSVRC2012_val_00035841.JPEG
174,ADM,2786,GenImage_test/ADM/test/ai/573_adm_34.PNG
174,ADM,2787,GenImage_test/ADM/test/ai/47_adm_174.PNG
174,ADM,2788,GenImage_test/ADM/test/nature/ILSVRC2012_val_00015365.JPEG
174,ADM,2789,GenImage_test/ADM/test/nature/ILSVRC2012_val_00003049.JPEG
174,ADM,2790,GenImage_test/ADM/test/ai/546_adm_34.PNG
174,ADM,2791,GenImage_test/ADM/test/ai/174_adm_34.PNG
174,ADM,2792,GenImage_test/ADM/test/nature/ILSVRC2012_val_00023040.JPEG
174,ADM,2793,GenImage_test/ADM/test/ai/796_adm_91.PNG
174,ADM,2794,GenImage_test/ADM/test/ai/684_adm_174.PNG
174,ADM,2795,GenImage_test/ADM/test/ai/131_adm_85.PNG
175,ADM,2796,GenImage_test/ADM/test/nature/ILSVRC2012_val_00033151.JPEG
175,ADM,2797,GenImage_test/ADM/test/ai/824_adm_85.PNG
175,ADM,2798,GenImage_test/ADM/test/ai/443_adm_85.PNG
175,ADM,2799,GenImage_test/ADM/test/nature/ILSVRC2012_val_00022546.JPEG
175,ADM,2800,GenImage_test/ADM/test/nature/ILSVRC2012_val_00039094.JPEG
175,ADM,2801,GenImage_test/ADM/test/ai/265_adm_91.PNG
175,ADM,2802,GenImage_test/ADM/test/ai/311_adm_153.PNG
175,ADM,2803,GenImage_test/ADM/test/ai/179_adm_174.PNG
175,ADM,2804,GenImage_test/ADM/test/nature/ILSVRC2012_val_00049176.JPEG
175,ADM,2805,GenImage_test/ADM/test/nature/ILSVRC2012_val_00018574.JPEG
175,ADM,2806,GenImage_test/ADM/test/ai/521_adm_85.PNG
175,ADM,2807,GenImage_test/ADM/test/nature/ILSVRC2012_val_00038595.JPEG
175,ADM,2808,GenImage_test/ADM/test/nature/ILSVRC2012_val_00037955.JPEG
175,ADM,2809,GenImage_test/ADM/test/nature/ILSVRC2012_val_00032564.JPEG
175,ADM,2810,GenImage_test/ADM/test/ai/117_adm_7.PNG
175,ADM,2811,GenImage_test/ADM/test/ai/372_adm_91.PNG
176,ADM,2812,GenImage_test/ADM/test/nature/ILSVRC2012_val_00038616.JPEG
176,ADM,2813,GenImage_test/ADM/test/ai/672_adm_34.PNG
176,ADM,2814,GenImage_test/ADM/test/nature/ILSVRC2012_val_00026066.JPEG
176,ADM,2815,GenImage_test/ADM/test/nature/ILSVRC2012_val_00042917.JPEG
176,ADM,2816,GenImage_test/ADM/test/nature/ILSVRC2012_val_00003440.JPEG
176,ADM,2817,GenImage_test/ADM/test/nature/ILSVRC2012_val_00001727.JPEG
176,ADM,2818,GenImage_test/ADM/test/nature/ILSVRC2012_val_00029634.JPEG
176,ADM,2819,GenImage_test/ADM/test/ai/723_adm_153.PNG
176,ADM,2820,GenImage_test/ADM/test/nature/ILSVRC2012_val_00031013.JPEG
176,ADM,2821,GenImage_test/ADM/test/ai/964_adm_7.PNG
176,ADM,2822,GenImage_test/ADM/test/nature/ILSVRC2012_val_00042489.JPEG
176,ADM,2823,GenImage_test/ADM/test/nature/ILSVRC2012_val_00030005.JPEG
176,ADM,2824,GenImage_test/ADM/test/nature/ILSVRC2012_val_00030129.JPEG
176,ADM,2825,GenImage_test/ADM/test/nature/ILSVRC2012_val_00044843.JPEG
176,ADM,2826,GenImage_test/ADM/test/ai/149_adm_7.PNG
176,ADM,2827,GenImage_test/ADM/test/ai/150_adm_91.PNG
177,ADM,2828,GenImage_test/ADM/test/ai/538_adm_153.PNG
177,ADM,2829,GenImage_test/ADM/test/nature/ILSVRC2012_val_00046160.JPEG
177,ADM,2830,GenImage_test/ADM/test/nature/ILSVRC2012_val_00012779.JPEG
177,ADM,2831,GenImage_test/ADM/test/nature/ILSVRC2012_val_00049127.JPEG
177,ADM,2832,GenImage_test/ADM/test/ai/816_adm_85.PNG
177,ADM,2833,GenImage_test/ADM/test/ai/419_adm_91.PNG
177,ADM,2834,GenImage_test/ADM/test/ai/424_adm_153.PNG
177,ADM,2835,GenImage_test/ADM/test/ai/609_adm_153.PNG
177,ADM,2836,GenImage_test/ADM/test/ai/400_adm_85.PNG
177,ADM,2837,GenImage_test/ADM/test/nature/ILSVRC2012_val_00030559.JPEG
177,ADM,2838,GenImage_test/ADM/test/ai/209_adm_153.PNG
177,ADM,2839,GenImage_test/ADM/test/ai/327_adm_91.PNG
177,ADM,2840,GenImage_test/ADM/test/ai/711_adm_85.PNG
177,ADM,2841,GenImage_test/ADM/test/nature/ILSVRC2012_val_00048876.JPEG
177,ADM,2842,GenImage_test/ADM/test/ai/940_adm_91.PNG
177,ADM,2843,GenImage_test/ADM/test/ai/116_adm_85.PNG
178,ADM,2844,GenImage_test/ADM/test/nature/ILSVRC2012_val_00017989.JPEG
178,ADM,2845,GenImage_test/ADM/test/ai/297_adm_34.PNG
178,ADM,2846,GenImage_test/ADM/test/nature/ILSVRC2012_val_00024932.JPEG
178,ADM,2847,GenImage_test/ADM/test/ai/101_adm_7.PNG
178,ADM,2848,GenImage_test/ADM/test/ai/483_adm_7.PNG
178,ADM,2849,GenImage_test/ADM/test/nature/ILSVRC2012_val_00015542.JPEG
178,ADM,2850,GenImage_test/ADM/test/ai/554_adm_34.PNG
178,ADM,2851,GenImage_test/ADM/test/ai/383_adm_153.PNG
178,ADM,2852,GenImage_test/ADM/test/nature/ILSVRC2012_val_00004162.JPEG
178,ADM,2853,GenImage_test/ADM/test/nature/ILSVRC2012_val_00030822.JPEG
178,ADM,2854,GenImage_test/ADM/test/ai/49_adm_7.PNG
178,ADM,2855,GenImage_test/ADM/test/nature/ILSVRC2012_val_00010491.JPEG
178,ADM,2856,GenImage_test/ADM/test/ai/285_adm_34.PNG
178,ADM,2857,GenImage_test/ADM/test/nature/ILSVRC2012_val_00006196.JPEG
178,ADM,2858,GenImage_test/ADM/test/nature/ILSVRC2012_val_00019980.JPEG
178,ADM,2859,GenImage_test/ADM/test/ai/939_adm_153.PNG
179,ADM,2860,GenImage_test/ADM/test/nature/ILSVRC2012_val_00013396.JPEG
179,ADM,2861,GenImage_test/ADM/test/nature/ILSVRC2012_val_00013280.JPEG
179,ADM,2862,GenImage_test/ADM/test/nature/ILSVRC2012_val_00048790.JPEG
179,ADM,2863,GenImage_test/ADM/test/ai/695_adm_91.PNG
179,ADM,2864,GenImage_test/ADM/test/nature/ILSVRC2012_val_00034470.JPEG
179,ADM,2865,GenImage_test/ADM/test/ai/10_adm_91.PNG
179,ADM,2866,GenImage_test/ADM/test/ai/742_adm_153.PNG
179,ADM,2867,GenImage_test/ADM/test/nature/ILSVRC2012_val_00034784.JPEG
179,ADM,2868,GenImage_test/ADM/test/ai/766_adm_7.PNG
179,ADM,2869,GenImage_test/ADM/test/nature/ILSVRC2012_val_00039565.JPEG
179,ADM,2870,GenImage_test/ADM/test/nature/ILSVRC2012_val_00049110.JPEG
179,ADM,2871,GenImage_test/ADM/test/ai/434_adm_85.PNG
179,ADM,2872,GenImage_test/ADM/test/nature/ILSVRC2012_val_00012385.JPEG
179,ADM,2873,GenImage_test/ADM/test/nature/ILSVRC2012_val_00029579.JPEG
179,ADM,2874,GenImage_test/ADM/test/ai/124_adm_34.PNG
179,ADM,2875,GenImage_test/ADM/test/ai/113_adm_174.PNG
180,ADM,2876,GenImage_test/ADM/test/nature/ILSVRC2012_val_00011399.JPEG
180,ADM,2877,GenImage_test/ADM/test/ai/497_adm_174.PNG
180,ADM,2878,GenImage_test/ADM/test/nature/ILSVRC2012_val_00012180.JPEG
180,ADM,2879,GenImage_test/ADM/test/nature/ILSVRC2012_val_00020977.JPEG
180,ADM,2880,GenImage_test/ADM/test/ai/310_adm_91.PNG
180,ADM,2881,GenImage_test/ADM/test/ai/320_adm_7.PNG
180,ADM,2882,GenImage_test/ADM/test/nature/ILSVRC2012_val_00029184.JPEG
180,ADM,2883,GenImage_test/ADM/test/ai/305_adm_174.PNG
180,ADM,2884,GenImage_test/ADM/test/ai/351_adm_7.PNG
180,ADM,2885,GenImage_test/ADM/test/nature/ILSVRC2012_val_00000294.JPEG
180,ADM,2886,GenImage_test/ADM/test/ai/254_adm_34.PNG
180,ADM,2887,GenImage_test/ADM/test/nature/ILSVRC2012_val_00021211.JPEG
180,ADM,2888,GenImage_test/ADM/test/ai/792_adm_85.PNG
180,ADM,2889,GenImage_test/ADM/test/nature/ILSVRC2012_val_00046264.JPEG
180,ADM,2890,GenImage_test/ADM/test/ai/338_adm_7.PNG
180,ADM,2891,GenImage_test/ADM/test/ai/932_adm_91.PNG
181,ADM,2892,GenImage_test/ADM/test/ai/941_adm_174.PNG
181,ADM,2893,GenImage_test/ADM/test/ai/472_adm_153.PNG
181,ADM,2894,GenImage_test/ADM/test/ai/792_adm_153.PNG
181,ADM,2895,GenImage_test/ADM/test/nature/ILSVRC2012_val_00045289.JPEG
181,ADM,2896,GenImage_test/ADM/test/ai/651_adm_174.PNG
181,ADM,2897,GenImage_test/ADM/test/nature/ILSVRC2012_val_00002304.JPEG
181,ADM,2898,GenImage_test/ADM/test/nature/ILSVRC2012_val_00012417.JPEG
181,ADM,2899,GenImage_test/ADM/test/nature/ILSVRC2012_val_00007293.JPEG
181,ADM,2900,GenImage_test/ADM/test/nature/ILSVRC2012_val_00024820.JPEG
181,ADM,2901,GenImage_test/ADM/test/nature/ILSVRC2012_val_00049621.JPEG
181,ADM,2902,GenImage_test/ADM/test/ai/924_adm_174.PNG
181,ADM,2903,GenImage_test/ADM/test/nature/ILSVRC2012_val_00048510.JPEG
181,ADM,2904,GenImage_test/ADM/test/ai/515_adm_34.PNG
181,ADM,2905,GenImage_test/ADM/test/nature/ILSVRC2012_val_00049531.JPEG
181,ADM,2906,GenImage_test/ADM/test/ai/995_adm_153.PNG
181,ADM,2907,GenImage_test/ADM/test/ai/437_adm_85.PNG
182,ADM,2908,GenImage_test/ADM/test/ai/275_adm_153.PNG
182,ADM,2909,GenImage_test/ADM/test/nature/ILSVRC2012_val_00032223.JPEG
182,ADM,2910,GenImage_test/ADM/test/ai/808_adm_153.PNG
182,ADM,2911,GenImage_test/ADM/test/ai/262_adm_153.PNG
182,ADM,2912,GenImage_test/ADM/test/nature/ILSVRC2012_val_00038699.JPEG
182,ADM,2913,GenImage_test/ADM/test/ai/36_adm_153.PNG
182,ADM,2914,GenImage_test/ADM/test/nature/ILSVRC2012_val_00007558.JPEG
182,ADM,2915,GenImage_test/ADM/test/ai/798_adm_7.PNG
182,ADM,2916,GenImage_test/ADM/test/ai/948_adm_34.PNG
182,ADM,2917,GenImage_test/ADM/test/nature/ILSVRC2012_val_00025768.JPEG
182,ADM,2918,GenImage_test/ADM/test/ai/97_adm_153.PNG
182,ADM,2919,GenImage_test/ADM/test/nature/ILSVRC2012_val_00029682.JPEG
182,ADM,2920,GenImage_test/ADM/test/ai/596_adm_7.PNG
182,ADM,2921,GenImage_test/ADM/test/ai/525_adm_85.PNG
182,ADM,2922,GenImage_test/ADM/test/nature/ILSVRC2012_val_00033607.JPEG
182,ADM,2923,GenImage_test/ADM/test/ai/286_adm_34.PNG
183,ADM,2924,GenImage_test/ADM/test/ai/310_adm_85.PNG
183,ADM,2925,GenImage_test/ADM/test/ai/324_adm_91.PNG
183,ADM,2926,GenImage_test/ADM/test/nature/ILSVRC2012_val_00012681.JPEG
183,ADM,2927,GenImage_test/ADM/test/nature/ILSVRC2012_val_00022688.JPEG
183,ADM,2928,GenImage_test/ADM/test/ai/434_adm_174.PNG
183,ADM,2929,GenImage_test/ADM/test/nature/ILSVRC2012_val_00026372.JPEG
183,ADM,2930,GenImage_test/ADM/test/nature/ILSVRC2012_val_00025308.JPEG
183,ADM,2931,GenImage_test/ADM/test/nature/ILSVRC2012_val_00034642.JPEG
183,ADM,2932,GenImage_test/ADM/test/nature/ILSVRC2012_val_00014452.JPEG
183,ADM,2933,GenImage_test/ADM/test/ai/351_adm_174.PNG
183,ADM,2934,GenImage_test/ADM/test/nature/ILSVRC2012_val_00012479.JPEG
183,ADM,2935,GenImage_test/ADM/test/ai/246_adm_91.PNG
183,ADM,2936,GenImage_test/ADM/test/ai/60_adm_7.PNG
183,ADM,2937,GenImage_test/ADM/test/ai/418_adm_34.PNG
183,ADM,2938,GenImage_test/ADM/test/nature/ILSVRC2012_val_00016992.JPEG
183,ADM,2939,GenImage_test/ADM/test/ai/433_adm_34.PNG
184,ADM,2940,GenImage_test/ADM/test/ai/811_adm_34.PNG
184,ADM,2941,GenImage_test/ADM/test/ai/235_adm_153.PNG
184,ADM,2942,GenImage_test/ADM/test/nature/ILSVRC2012_val_00016066.JPEG
184,ADM,2943,GenImage_test/ADM/test/nature/ILSVRC2012_val_00027568.JPEG
184,ADM,2944,GenImage_test/ADM/test/ai/362_adm_85.PNG
184,ADM,2945,GenImage_test/ADM/test/nature/ILSVRC2012_val_00021204.JPEG
184,ADM,2946,GenImage_test/ADM/test/ai/886_adm_85.PNG
184,ADM,2947,GenImage_test/ADM/test/nature/ILSVRC2012_val_00027219.JPEG
184,ADM,2948,GenImage_test/ADM/test/ai/450_adm_7.PNG
184,ADM,2949,GenImage_test/ADM/test/nature/ILSVRC2012_val_00034464.JPEG
184,ADM,2950,GenImage_test/ADM/test/ai/556_adm_91.PNG
184,ADM,2951,GenImage_test/ADM/test/nature/ILSVRC2012_val_00049501.JPEG
184,ADM,2952,GenImage_test/ADM/test/ai/867_adm_34.PNG
184,ADM,2953,GenImage_test/ADM/test/ai/42_adm_153.PNG
184,ADM,2954,GenImage_test/ADM/test/nature/ILSVRC2012_val_00010811.JPEG
184,ADM,2955,GenImage_test/ADM/test/ai/268_adm_85.PNG
185,ADM,2956,GenImage_test/ADM/test/nature/ILSVRC2012_val_00021600.JPEG
185,ADM,2957,GenImage_test/ADM/test/nature/ILSVRC2012_val_00041141.JPEG
185,ADM,2958,GenImage_test/ADM/test/nature/ILSVRC2012_val_00024976.JPEG
185,ADM,2959,GenImage_test/ADM/test/ai/156_adm_85.PNG
185,ADM,2960,GenImage_test/ADM/test/nature/ILSVRC2012_val_00009555.JPEG
185,ADM,2961,GenImage_test/ADM/test/ai/247_adm_85.PNG
185,ADM,2962,GenImage_test/ADM/test/nature/ILSVRC2012_val_00030273.JPEG
185,ADM,2963,GenImage_test/ADM/test/ai/145_adm_174.PNG
185,ADM,2964,GenImage_test/ADM/test/nature/ILSVRC2012_val_00002986.JPEG
185,ADM,2965,GenImage_test/ADM/test/ai/366_adm_34.PNG
185,ADM,2966,GenImage_test/ADM/test/nature/ILSVRC2012_val_00028604.JPEG
185,ADM,2967,GenImage_test/ADM/test/nature/ILSVRC2012_val_00016072.JPEG
185,ADM,2968,GenImage_test/ADM/test/ai/593_adm_174.PNG
185,ADM,2969,GenImage_test/ADM/test/ai/550_adm_7.PNG
185,ADM,2970,GenImage_test/ADM/test/nature/ILSVRC2012_val_00024937.JPEG
185,ADM,2971,GenImage_test/ADM/test/ai/487_adm_174.PNG
186,ADM,2972,GenImage_test/ADM/test/nature/ILSVRC2012_val_00010469.JPEG
186,ADM,2973,GenImage_test/ADM/test/nature/ILSVRC2012_val_00041150.JPEG
186,ADM,2974,GenImage_test/ADM/test/nature/ILSVRC2012_val_00039220.JPEG
186,ADM,2975,GenImage_test/ADM/test/nature/ILSVRC2012_val_00038880.JPEG
186,ADM,2976,GenImage_test/ADM/test/nature/ILSVRC2012_val_00025675.JPEG
186,ADM,2977,GenImage_test/ADM/test/ai/124_adm_85.PNG
186,ADM,2978,GenImage_test/ADM/test/ai/501_adm_34.PNG
186,ADM,2979,GenImage_test/ADM/test/ai/520_adm_174.PNG
186,ADM,2980,GenImage_test/ADM/test/nature/ILSVRC2012_val_00023448.JPEG
186,ADM,2981,GenImage_test/ADM/test/ai/790_adm_85.PNG
186,ADM,2982,GenImage_test/ADM/test/nature/ILSVRC2012_val_00016015.JPEG
186,ADM,2983,GenImage_test/ADM/test/ai/932_adm_153.PNG
186,ADM,2984,GenImage_test/ADM/test/nature/ILSVRC2012_val_00010981.JPEG
186,ADM,2985,GenImage_test/ADM/test/nature/ILSVRC2012_val_00004231.JPEG
186,ADM,2986,GenImage_test/ADM/test/ai/103_adm_153.PNG
186,ADM,2987,GenImage_test/ADM/test/nature/ILSVRC2012_val_00016446.JPEG
187,ADM,2988,GenImage_test/ADM/test/nature/ILSVRC2012_val_00029035.JPEG
187,ADM,2989,GenImage_test/ADM/test/ai/559_adm_91.PNG
187,ADM,2990,GenImage_test/ADM/test/ai/817_adm_7.PNG
187,ADM,2991,GenImage_test/ADM/test/nature/ILSVRC2012_val_00022867.JPEG
187,ADM,2992,GenImage_test/ADM/test/nature/ILSVRC2012_val_00012848.JPEG
187,ADM,2993,GenImage_test/ADM/test/nature/ILSVRC2012_val_00009260.JPEG
187,ADM,2994,GenImage_test/ADM/test/nature/ILSVRC2012_val_00045249.JPEG
187,ADM,2995,GenImage_test/ADM/test/ai/44_adm_7.PNG
187,ADM,2996,GenImage_test/ADM/test/nature/ILSVRC2012_val_00046502.JPEG
187,ADM,2997,GenImage_test/ADM/test/ai/245_adm_34.PNG
187,ADM,2998,GenImage_test/ADM/test/nature/ILSVRC2012_val_00031241.JPEG
187,ADM,2999,GenImage_test/ADM/test/ai/983_adm_85.PNG
188,glide,3000,GenImage_test/glide/test/nature/ILSVRC2012_val_00037736.JPEG
188,glide,3001,GenImage_test/glide/test/ai/GLIDE_1000_200_01_164_glide_00039.png
188,glide,3002,GenImage_test/glide/test/ai/GLIDE_1000_200_03_367_glide_00143.png
188,glide,3003,GenImage_test/glide/test/ai/GLIDE_1000_200_03_327_glide_00035.png
188,glide,3004,GenImage_test/glide/test/ai/GLIDE_1000_200_08_846_glide_00127.png
188,glide,3005,GenImage_test/glide/test/nature/ILSVRC2012_val_00028796.JPEG
188,glide,3006,GenImage_test/glide/test/nature/ILSVRC2012_val_00039217.JPEG
188,glide,3007,GenImage_test/glide/test/nature/ILSVRC2012_val_00031333.JPEG
188,glide,3008,GenImage_test/glide/test/ai/GLIDE_1000_200_01_191_glide_00127.png
188,glide,3009,GenImage_test/glide/test/nature/ILSVRC2012_val_00024028.JPEG
188,glide,3010,GenImage_test/glide/test/nature/ILSVRC2012_val_00000780.JPEG
188,glide,3011,GenImage_test/glide/test/ai/GLIDE_1000_200_09_922_glide_00020.png
188,glide,3012,GenImage_test/glide/test/ai/GLIDE_1000_200_08_885_glide_00074.png
188,glide,3013,GenImage_test/glide/test/ai/GLIDE_1000_200_00_014_glide_00020.png
188,glide,3014,GenImage_test/glide/test/ai/GLIDE_1000_200_03_378_glide_00143.png
188,glide,3015,GenImage_test/glide/test/ai/GLIDE_1000_200_04_449_glide_00074.png
189,glide,3016,GenImage_test/glide/test/nature/ILSVRC2012_val_00042831.JPEG
189,glide,3017,GenImage_test/glide/test/nature/ILSVRC2012_val_00000760.JPEG
189,glide,3018,GenImage_test/glide/test/nature/ILSVRC2012_val_00038513.JPEG
189,glide,3019,GenImage_test/glide/test/nature/ILSVRC2012_val_00018592.JPEG
189,glide,3020,GenImage_test/glide/test/nature/ILSVRC2012_val_00045497.JPEG
189,glide,3021,GenImage_test/glide/test/nature/ILSVRC2012_val_00049671.JPEG
189,glide,3022,GenImage_test/glide/test/ai/GLIDE_1000_200_03_320_glide_00035.png
189,glide,3023,GenImage_test/glide/test/nature/ILSVRC2012_val_00019408.JPEG
189,glide,3024,GenImage_test/glide/test/ai/GLIDE_1000_200_05_562_glide_00127.png
189,glide,3025,GenImage_test/glide/test/ai/GLIDE_1000_200_04_478_glide_00143.png
189,glide,3026,GenImage_test/glide/test/ai/GLIDE_1000_200_03_316_glide_00127.png
189,glide,3027,GenImage_test/glide/test/ai/GLIDE_1000_200_08_835_glide_00127.png
189,glide,3028,GenImage_test/glide/test/nature/ILSVRC2012_val_00010115.JPEG
189,glide,3029,GenImage_test/glide/test/ai/GLIDE_1000_200_08_862_glide_00074.png
189,glide,3030,GenImage_test/glide/test/ai/GLIDE_1000_200_05_586_glide_00020.png
189,glide,3031,GenImage_test/glide/test/nature/ILSVRC2012_val_00017431.JPEG
190,glide,3032,GenImage_test/glide/test/ai/GLIDE_1000_200_02_222_glide_00074.png
190,glide,3033,GenImage_test/glide/test/nature/ILSVRC2012_val_00037263.JPEG
190,glide,3034,GenImage_test/glide/test/nature/ILSVRC2012_val_00036449.JPEG
190,glide,3035,GenImage_test/glide/test/ai/GLIDE_1000_200_01_166_glide_00143.png
190,glide,3036,GenImage_test/glide/test/nature/ILSVRC2012_val_00008947.JPEG
190,glide,3037,GenImage_test/glide/test/ai/GLIDE_1000_200_03_387_glide_00074.png
190,glide,3038,GenImage_test/glide/test/nature/ILSVRC2012_val_00019580.JPEG
190,glide,3039,GenImage_test/glide/test/ai/GLIDE_1000_200_04_459_glide_00074.png
190,glide,3040,GenImage_test/glide/test/ai/GLIDE_1000_200_03_302_glide_00074.png
190,glide,3041,GenImage_test/glide/test/nature/ILSVRC2012_val_00045304.JPEG
190,glide,3042,GenImage_test/glide/test/ai/GLIDE_1000_200_02_233_glide_00020.png
190,glide,3043,GenImage_test/glide/test/nature/ILSVRC2012_val_00000193.JPEG
190,glide,3044,GenImage_test/glide/test/nature/ILSVRC2012_val_00030831.JPEG
190,glide,3045,GenImage_test/glide/test/ai/GLIDE_1000_200_03_348_glide_00143.png
190,glide,3046,GenImage_test/glide/test/nature/ILSVRC2012_val_00006473.JPEG
190,glide,3047,GenImage_test/glide/test/ai/GLIDE_1000_200_06_641_glide_00020.png
191,glide,3048,GenImage_test/glide/test/nature/ILSVRC2012_val_00012174.JPEG
191,glide,3049,GenImage_test/glide/test/nature/ILSVRC2012_val_00014254.JPEG
191,glide,3050,GenImage_test/glide/test/ai/GLIDE_1000_200_01_161_glide_00035.png
191,glide,3051,GenImage_test/glide/test/nature/ILSVRC2012_val_00005264.JPEG
191,glide,3052,GenImage_test/glide/test/nature/ILSVRC2012_val_00013492.JPEG
191,glide,3053,GenImage_test/glide/test/nature/ILSVRC2012_val_00022589.JPEG
191,glide,3054,GenImage_test/glide/test/ai/GLIDE_1000_200_07_741_glide_00035.png
191,glide,3055,GenImage_test/glide/test/ai/GLIDE_1000_200_06_656_glide_00143.png
191,glide,3056,GenImage_test/glide/test/ai/GLIDE_1000_200_05_535_glide_00020.png
191,glide,3057,GenImage_test/glide/test/nature/ILSVRC2012_val_00039720.JPEG
191,glide,3058,GenImage_test/glide/test/ai/GLIDE_1000_200_08_827_glide_00127.png
191,glide,3059,GenImage_test/glide/test/ai/GLIDE_1000_200_09_944_glide_00039.png
191,glide,3060,GenImage_test/glide/test/nature/ILSVRC2012_val_00013063.JPEG
191,glide,3061,GenImage_test/glide/test/nature/ILSVRC2012_val_00034393.JPEG
191,glide,3062,GenImage_test/glide/test/ai/GLIDE_1000_200_01_184_glide_00039.png
191,glide,3063,GenImage_test/glide/test/ai/GLIDE_1000_200_00_055_glide_00035.png
192,glide,3064,GenImage_test/glide/test/ai/GLIDE_1000_200_06_665_glide_00127.png
192,glide,3065,GenImage_test/glide/test/ai/GLIDE_1000_200_08_851_glide_00020.png
192,glide,3066,GenImage_test/glide/test/ai/GLIDE_1000_200_07_741_glide_00074.png
192,glide,3067,GenImage_test/glide/test/ai/GLIDE_1000_200_09_902_glide_00035.png
192,glide,3068,GenImage_test/glide/test/nature/ILSVRC2012_val_00044710.JPEG
192,glide,3069,GenImage_test/glide/test/nature/ILSVRC2012_val_00037385.JPEG
192,glide,3070,GenImage_test/glide/test/ai/GLIDE_1000_200_04_400_glide_00035.png
192,glide,3071,GenImage_test/glide/test/ai/GLIDE_1000_200_09_909_glide_00020.png
192,glide,3072,GenImage_test/glide/test/ai/GLIDE_1000_200_02_265_glide_00039.png
192,glide,3073,GenImage_test/glide/test/nature/ILSVRC2012_val_00041229.JPEG
192,glide,3074,GenImage_test/glide/test/nature/ILSVRC2012_val_00043492.JPEG
192,glide,3075,GenImage_test/glide/test/ai/GLIDE_1000_200_01_199_glide_00074.png
192,glide,3076,GenImage_test/glide/test/ai/GLIDE_1000_200_06_608_glide_00020.png
192,glide,3077,GenImage_test/glide/test/nature/ILSVRC2012_val_00028071.JPEG
192,glide,3078,GenImage_test/glide/test/nature/ILSVRC2012_val_00044506.JPEG
192,glide,3079,GenImage_test/glide/test/ai/GLIDE_1000_200_00_048_glide_00039.png
193,glide,3080,GenImage_test/glide/test/nature/ILSVRC2012_val_00025345.JPEG
193,glide,3081,GenImage_test/glide/test/ai/GLIDE_1000_200_03_333_glide_00127.png
193,glide,3082,GenImage_test/glide/test/ai/GLIDE_1000_200_05_510_glide_00039.png
193,glide,3083,GenImage_test/glide/test/ai/GLIDE_1000_200_08_820_glide_00020.png
193,glide,3084,GenImage_test/glide/test/nature/ILSVRC2012_val_00045405.JPEG
193,glide,3085,GenImage_test/glide/test/ai/GLIDE_1000_200_09_901_glide_00074.png
193,glide,3086,GenImage_test/glide/test/ai/GLIDE_1000_200_03_381_glide_00035.png
193,glide,3087,GenImage_test/glide/test/nature/ILSVRC2012_val_00015370.JPEG
193,glide,3088,GenImage_test/glide/test/ai/GLIDE_1000_200_00_039_glide_00127.png
193,glide,3089,GenImage_test/glide/test/nature/ILSVRC2012_val_00016231.JPEG
193,glide,3090,GenImage_test/glide/test/ai/GLIDE_1000_200_08_869_glide_00039.png
193,glide,3091,GenImage_test/glide/test/nature/ILSVRC2012_val_00022804.JPEG
193,glide,3092,GenImage_test/glide/test/ai/GLIDE_1000_200_09_901_glide_00020.png
193,glide,3093,GenImage_test/glide/test/ai/GLIDE_1000_200_08_857_glide_00127.png
193,glide,3094,GenImage_test/glide/test/nature/ILSVRC2012_val_00012062.JPEG
193,glide,3095,GenImage_test/glide/test/nature/ILSVRC2012_val_00019768.JPEG
194,glide,3096,GenImage_test/glide/test/nature/ILSVRC2012_val_00017309.JPEG
194,glide,3097,GenImage_test/glide/test/ai/GLIDE_1000_200_01_181_glide_00074.png
194,glide,3098,GenImage_test/glide/test/nature/ILSVRC2012_val_00004289.JPEG
194,glide,3099,GenImage_test/glide/test/nature/ILSVRC2012_val_00011448.JPEG
194,glide,3100,GenImage_test/glide/test/nature/ILSVRC2012_val_00010169.JPEG
194,glide,3101,GenImage_test/glide/test/nature/ILSVRC2012_val_00039011.JPEG
194,glide,3102,GenImage_test/glide/test/ai/GLIDE_1000_200_09_915_glide_00020.png
194,glide,3103,GenImage_test/glide/test/nature/ILSVRC2012_val_00001983.JPEG
194,glide,3104,GenImage_test/glide/test/ai/GLIDE_1000_200_04_495_glide_00143.png
194,glide,3105,GenImage_test/glide/test/nature/ILSVRC2012_val_00011122.JPEG
194,glide,3106,GenImage_test/glide/test/nature/ILSVRC2012_val_00046128.JPEG
194,glide,3107,GenImage_test/glide/test/nature/ILSVRC2012_val_00009957.JPEG
194,glide,3108,GenImage_test/glide/test/nature/ILSVRC2012_val_00045392.JPEG
194,glide,3109,GenImage_test/glide/test/ai/GLIDE_1000_200_06_611_glide_00127.png
194,glide,3110,GenImage_test/glide/test/ai/GLIDE_1000_200_02_270_glide_00020.png
194,glide,3111,GenImage_test/glide/test/nature/ILSVRC2012_val_00002752.JPEG
195,glide,3112,GenImage_test/glide/test/nature/ILSVRC2012_val_00016238.JPEG
195,glide,3113,GenImage_test/glide/test/nature/ILSVRC2012_val_00009096.JPEG
195,glide,3114,GenImage_test/glide/test/nature/ILSVRC2012_val_00001754.JPEG
195,glide,3115,GenImage_test/glide/test/ai/GLIDE_1000_200_08_810_glide_00039.png
195,glide,3116,GenImage_test/glide/test/nature/ILSVRC2012_val_00046231.JPEG
195,glide,3117,GenImage_test/glide/test/nature/ILSVRC2012_val_00018725.JPEG
195,glide,3118,GenImage_test/glide/test/nature/ILSVRC2012_val_00030727.JPEG
195,glide,3119,GenImage_test/glide/test/nature/ILSVRC2012_val_00037959.JPEG
195,glide,3120,GenImage_test/glide/test/nature/ILSVRC2012_val_00003714.JPEG
195,glide,3121,GenImage_test/glide/test/ai/GLIDE_1000_200_01_103_glide_00074.png
195,glide,3122,GenImage_test/glide/test/ai/GLIDE_1000_200_06_688_glide_00127.png
195,glide,3123,GenImage_test/glide/test/ai/GLIDE_1000_200_07_703_glide_00020.png
195,glide,3124,GenImage_test/glide/test/nature/ILSVRC2012_val_00011842.JPEG
195,glide,3125,GenImage_test/glide/test/ai/GLIDE_1000_200_02_257_glide_00020.png
195,glide,3126,GenImage_test/glide/test/ai/GLIDE_1000_200_05_542_glide_00020.png
195,glide,3127,GenImage_test/glide/test/nature/ILSVRC2012_val_00028163.JPEG
196,glide,3128,GenImage_test/glide/test/ai/GLIDE_1000_200_07_728_glide_00127.png
196,glide,3129,GenImage_test/glide/test/ai/GLIDE_1000_200_09_973_glide_00074.png
196,glide,3130,GenImage_test/glide/test/nature/ILSVRC2012_val_00015260.JPEG
196,glide,3131,GenImage_test/glide/test/nature/ILSVRC2012_val_00049219.JPEG
196,glide,3132,GenImage_test/glide/test/nature/ILSVRC2012_val_00004026.JPEG
196,glide,3133,GenImage_test/glide/test/nature/ILSVRC2012_val_00037392.JPEG
196,glide,3134,GenImage_test/glide/test/nature/ILSVRC2012_val_00043691.JPEG
196,glide,3135,GenImage_test/glide/test/ai/GLIDE_1000_200_07_787_glide_00074.png
196,glide,3136,GenImage_test/glide/test/nature/ILSVRC2012_val_00022666.JPEG
196,glide,3137,GenImage_test/glide/test/nature/ILSVRC2012_val_00041804.JPEG
196,glide,3138,GenImage_test/glide/test/nature/ILSVRC2012_val_00003827.JPEG
196,glide,3139,GenImage_test/glide/test/nature/ILSVRC2012_val_00028964.JPEG
196,glide,3140,GenImage_test/glide/test/ai/GLIDE_1000_200_06_638_glide_00020.png
196,glide,3141,GenImage_test/glide/test/nature/ILSVRC2012_val_00029831.JPEG
196,glide,3142,GenImage_test/glide/test/nature/ILSVRC2012_val_00022014.JPEG
196,glide,3143,GenImage_test/glide/test/nature/ILSVRC2012_val_00036912.JPEG
197,glide,3144,GenImage_test/glide/test/ai/GLIDE_1000_200_07_720_glide_00035.png
197,glide,3145,GenImage_test/glide/test/ai/GLIDE_1000_200_06_694_glide_00143.png
197,glide,3146,GenImage_test/glide/test/ai/GLIDE_1000_200_07_791_glide_00127.png
197,glide,3147,GenImage_test/glide/test/nature/ILSVRC2012_val_00033288.JPEG
197,glide,3148,GenImage_test/glide/test/nature/ILSVRC2012_val_00044209.JPEG
197,glide,3149,GenImage_test/glide/test/ai/GLIDE_1000_200_07_716_glide_00074.png
197,glide,3150,GenImage_test/glide/test/ai/GLIDE_1000_200_05_570_glide_00074.png
197,glide,3151,GenImage_test/glide/test/nature/ILSVRC2012_val_00043755.JPEG
197,glide,3152,GenImage_test/glide/test/nature/ILSVRC2012_val_00009528.JPEG
197,glide,3153,GenImage_test/glide/test/nature/ILSVRC2012_val_00023800.JPEG
197,glide,3154,GenImage_test/glide/test/nature/ILSVRC2012_val_00037668.JPEG
197,glide,3155,GenImage_test/glide/test/ai/GLIDE_1000_200_08_866_glide_00035.png
197,glide,3156,GenImage_test/glide/test/ai/GLIDE_1000_200_03_336_glide_00127.png
197,glide,3157,GenImage_test/glide/test/ai/GLIDE_1000_200_02_234_glide_00035.png
197,glide,3158,GenImage_test/glide/test/nature/ILSVRC2012_val_00046329.JPEG
197,glide,3159,GenImage_test/glide/test/ai/GLIDE_1000_200_08_839_glide_00035.png
198,glide,3160,GenImage_test/glide/test/nature/ILSVRC2012_val_00039788.JPEG
198,glide,3161,GenImage_test/glide/test/nature/ILSVRC2012_val_00020523.JPEG
198,glide,3162,GenImage_test/glide/test/ai/GLIDE_1000_200_05_576_glide_00020.png
198,glide,3163,GenImage_test/glide/test/ai/GLIDE_1000_200_00_076_glide_00143.png
198,glide,3164,GenImage_test/glide/test/nature/ILSVRC2012_val_00025880.JPEG
198,glide,3165,GenImage_test/glide/test/ai/GLIDE_1000_200_07_715_glide_00039.png
198,glide,3166,GenImage_test/glide/test/nature/ILSVRC2012_val_00012816.JPEG
198,glide,3167,GenImage_test/glide/test/nature/ILSVRC2012_val_00016394.JPEG
198,glide,3168,GenImage_test/glide/test/ai/GLIDE_1000_200_03_371_glide_00039.png
198,glide,3169,GenImage_test/glide/test/ai/GLIDE_1000_200_00_045_glide_00143.png
198,glide,3170,GenImage_test/glide/test/ai/GLIDE_1000_200_05_549_glide_00143.png
198,glide,3171,GenImage_test/glide/test/nature/ILSVRC2012_val_00028396.JPEG
198,glide,3172,GenImage_test/glide/test/nature/ILSVRC2012_val_00039012.JPEG
198,glide,3173,GenImage_test/glide/test/nature/ILSVRC2012_val_00042994.JPEG
198,glide,3174,GenImage_test/glide/test/ai/GLIDE_1000_200_00_059_glide_00074.png
198,glide,3175,GenImage_test/glide/test/ai/GLIDE_1000_200_01_195_glide_00020.png
199,glide,3176,GenImage_test/glide/test/nature/ILSVRC2012_val_00005115.JPEG
199,glide,3177,GenImage_test/glide/test/ai/GLIDE_1000_200_01_158_glide_00039.png
199,glide,3178,GenImage_test/glide/test/ai/GLIDE_1000_200_02_268_glide_00020.png
199,glide,3179,GenImage_test/glide/test/nature/ILSVRC2012_val_00034869.JPEG
199,glide,3180,GenImage_test/glide/test/nature/ILSVRC2012_val_00036892.JPEG
199,glide,3181,GenImage_test/glide/test/ai/GLIDE_1000_200_04_407_glide_00035.png
199,glide,3182,GenImage_test/glide/test/nature/ILSVRC2012_val_00021794.JPEG
199,glide,3183,GenImage_test/glide/test/ai/GLIDE_1000_200_06_655_glide_00127.png
199,glide,3184,GenImage_test/glide/test/ai/GLIDE_1000_200_06_673_glide_00035.png
199,glide,3185,GenImage_test/glide/test/nature/ILSVRC2012_val_00048580.JPEG
199,glide,3186,GenImage_test/glide/test/nature/ILSVRC2012_val_00033322.JPEG
199,glide,3187,GenImage_test/glide/test/nature/ILSVRC2012_val_00024714.JPEG
199,glide,3188,GenImage_test/glide/test/ai/GLIDE_1000_200_08_872_glide_00074.png
199,glide,3189,GenImage_test/glide/test/nature/ILSVRC2012_val_00042256.JPEG
199,glide,3190,GenImage_test/glide/test/nature/ILSVRC2012_val_00032515.JPEG
199,glide,3191,GenImage_test/glide/test/ai/GLIDE_1000_200_05_541_glide_00035.png
200,glide,3192,GenImage_test/glide/test/nature/ILSVRC2012_val_00000626.JPEG
200,glide,3193,GenImage_test/glide/test/nature/ILSVRC2012_val_00000156.JPEG
200,glide,3194,GenImage_test/glide/test/ai/GLIDE_1000_200_01_107_glide_00035.png
200,glide,3195,GenImage_test/glide/test/nature/ILSVRC2012_val_00043807.JPEG
200,glide,3196,GenImage_test/glide/test/ai/GLIDE_1000_200_04_457_glide_00143.png
200,glide,3197,GenImage_test/glide/test/ai/GLIDE_1000_200_07_748_glide_00143.png
200,glide,3198,GenImage_test/glide/test/ai/GLIDE_1000_200_07_781_glide_00127.png
200,glide,3199,GenImage_test/glide/test/nature/ILSVRC2012_val_00006977.JPEG
200,glide,3200,GenImage_test/glide/test/nature/ILSVRC2012_val_00028381.JPEG
200,glide,3201,GenImage_test/glide/test/ai/GLIDE_1000_200_03_344_glide_00020.png
200,glide,3202,GenImage_test/glide/test/ai/GLIDE_1000_200_08_868_glide_00035.png
200,glide,3203,GenImage_test/glide/test/ai/GLIDE_1000_200_03_367_glide_00074.png
200,glide,3204,GenImage_test/glide/test/ai/GLIDE_1000_200_08_882_glide_00127.png
200,glide,3205,GenImage_test/glide/test/ai/GLIDE_1000_200_02_213_glide_00020.png
200,glide,3206,GenImage_test/glide/test/nature/ILSVRC2012_val_00022868.JPEG
200,glide,3207,GenImage_test/glide/test/nature/ILSVRC2012_val_00029018.JPEG
201,glide,3208,GenImage_test/glide/test/nature/ILSVRC2012_val_00021138.JPEG
201,glide,3209,GenImage_test/glide/test/ai/GLIDE_1000_200_01_153_glide_00127.png
201,glide,3210,GenImage_test/glide/test/nature/ILSVRC2012_val_00036686.JPEG
201,glide,3211,GenImage_test/glide/test/ai/GLIDE_1000_200_05_529_glide_00035.png
201,glide,3212,GenImage_test/glide/test/nature/ILSVRC2012_val_00046786.JPEG
201,glide,3213,GenImage_test/glide/test/ai/GLIDE_1000_200_08_811_glide_00020.png
201,glide,3214,GenImage_test/glide/test/nature/ILSVRC2012_val_00043663.JPEG
201,glide,3215,GenImage_test/glide/test/ai/GLIDE_1000_200_04_489_glide_00127.png
201,glide,3216,GenImage_test/glide/test/ai/GLIDE_1000_200_09_953_glide_00035.png
201,glide,3217,GenImage_test/glide/test/nature/ILSVRC2012_val_00036494.JPEG
201,glide,3218,GenImage_test/glide/test/ai/GLIDE_1000_200_03_391_glide_00127.png
201,glide,3219,GenImage_test/glide/test/nature/ILSVRC2012_val_00045226.JPEG
201,glide,3220,GenImage_test/glide/test/nature/ILSVRC2012_val_00005194.JPEG
201,glide,3221,GenImage_test/glide/test/nature/ILSVRC2012_val_00029957.JPEG
201,glide,3222,GenImage_test/glide/test/nature/ILSVRC2012_val_00012992.JPEG
201,glide,3223,GenImage_test/glide/test/nature/ILSVRC2012_val_00033629.JPEG
202,glide,3224,GenImage_test/glide/test/ai/GLIDE_1000_200_01_114_glide_00020.png
202,glide,3225,GenImage_test/glide/test/nature/ILSVRC2012_val_00045052.JPEG
202,glide,3226,GenImage_test/glide/test/ai/GLIDE_1000_200_05_574_glide_00127.png
202,glide,3227,GenImage_test/glide/test/nature/ILSVRC2012_val_00023286.JPEG
202,glide,3228,GenImage_test/glide/test/ai/GLIDE_1000_200_03_396_glide_00127.png
202,glide,3229,GenImage_test/glide/test/ai/GLIDE_1000_200_04_495_glide_00035.png
202,glide,3230,GenImage_test/glide/test/nature/ILSVRC2012_val_00041037.JPEG
202,glide,3231,GenImage_test/glide/test/ai/GLIDE_1000_200_09_945_glide_00143.png
202,glide,3232,GenImage_test/glide/test/ai/GLIDE_1000_200_04_494_glide_00143.png
202,glide,3233,GenImage_test/glide/test/nature/ILSVRC2012_val_00046964.JPEG
202,glide,3234,GenImage_test/glide/test/nature/ILSVRC2012_val_00023721.JPEG
202,glide,3235,GenImage_test/glide/test/ai/GLIDE_1000_200_07_751_glide_00143.png
202,glide,3236,GenImage_test/glide/test/nature/ILSVRC2012_val_00043221.JPEG
202,glide,3237,GenImage_test/glide/test/ai/GLIDE_1000_200_09_971_glide_00074.png
202,glide,3238,GenImage_test/glide/test/nature/ILSVRC2012_val_00026638.JPEG
202,glide,3239,GenImage_test/glide/test/nature/ILSVRC2012_val_00008743.JPEG
203,glide,3240,GenImage_test/glide/test/ai/GLIDE_1000_200_01_109_glide_00143.png
203,glide,3241,GenImage_test/glide/test/ai/GLIDE_1000_200_09_951_glide_00039.png
203,glide,3242,GenImage_test/glide/test/nature/ILSVRC2012_val_00021508.JPEG
203,glide,3243,GenImage_test/glide/test/ai/GLIDE_1000_200_00_031_glide_00143.png
203,glide,3244,GenImage_test/glide/test/nature/ILSVRC2012_val_00026444.JPEG
203,glide,3245,GenImage_test/glide/test/ai/GLIDE_1000_200_07_724_glide_00127.png
203,glide,3246,GenImage_test/glide/test/nature/ILSVRC2012_val_00034068.JPEG
203,glide,3247,GenImage_test/glide/test/ai/GLIDE_1000_200_02_228_glide_00035.png
203,glide,3248,GenImage_test/glide/test/ai/GLIDE_1000_200_06_652_glide_00020.png
203,glide,3249,GenImage_test/glide/test/nature/ILSVRC2012_val_00029141.JPEG
203,glide,3250,GenImage_test/glide/test/nature/ILSVRC2012_val_00040427.JPEG
203,glide,3251,GenImage_test/glide/test/nature/ILSVRC2012_val_00047584.JPEG
203,glide,3252,GenImage_test/glide/test/ai/GLIDE_1000_200_03_399_glide_00035.png
203,glide,3253,GenImage_test/glide/test/ai/GLIDE_1000_200_03_395_glide_00035.png
203,glide,3254,GenImage_test/glide/test/ai/GLIDE_1000_200_06_666_glide_00127.png
203,glide,3255,GenImage_test/glide/test/nature/ILSVRC2012_val_00032621.JPEG
204,glide,3256,GenImage_test/glide/test/nature/ILSVRC2012_val_00001885.JPEG
204,glide,3257,GenImage_test/glide/test/ai/GLIDE_1000_200_04_442_glide_00127.png
204,glide,3258,GenImage_test/glide/test/ai/GLIDE_1000_200_05_585_glide_00035.png
204,glide,3259,GenImage_test/glide/test/nature/ILSVRC2012_val_00033989.JPEG
204,glide,3260,GenImage_test/glide/test/ai/GLIDE_1000_200_07_757_glide_00074.png
204,glide,3261,GenImage_test/glide/test/nature/ILSVRC2012_val_00017561.JPEG
204,glide,3262,GenImage_test/glide/test/nature/ILSVRC2012_val_00019780.JPEG
204,glide,3263,GenImage_test/glide/test/ai/GLIDE_1000_200_09_951_glide_00035.png
204,glide,3264,GenImage_test/glide/test/ai/GLIDE_1000_200_08_860_glide_00143.png
204,glide,3265,GenImage_test/glide/test/nature/ILSVRC2012_val_00025551.JPEG
204,glide,3266,GenImage_test/glide/test/nature/ILSVRC2012_val_00015961.JPEG
204,glide,3267,GenImage_test/glide/test/ai/GLIDE_1000_200_05_588_glide_00035.png
204,glide,3268,GenImage_test/glide/test/ai/GLIDE_1000_200_03_310_glide_00039.png
204,glide,3269,GenImage_test/glide/test/ai/GLIDE_1000_200_07_752_glide_00127.png
204,glide,3270,GenImage_test/glide/test/nature/ILSVRC2012_val_00018771.JPEG
204,glide,3271,GenImage_test/glide/test/nature/ILSVRC2012_val_00004987.JPEG
205,glide,3272,GenImage_test/glide/test/ai/GLIDE_1000_200_01_112_glide_00039.png
205,glide,3273,GenImage_test/glide/test/ai/GLIDE_1000_200_00_080_glide_00035.png
205,glide,3274,GenImage_test/glide/test/nature/ILSVRC2012_val_00004219.JPEG
205,glide,3275,GenImage_test/glide/test/ai/GLIDE_1000_200_00_078_glide_00020.png
205,glide,3276,GenImage_test/glide/test/ai/GLIDE_1000_200_03_325_glide_00035.png
205,glide,3277,GenImage_test/glide/test/ai/GLIDE_1000_200_08_819_glide_00039.png
205,glide,3278,GenImage_test/glide/test/nature/ILSVRC2012_val_00028667.JPEG
205,glide,3279,GenImage_test/glide/test/nature/ILSVRC2012_val_00042861.JPEG
205,glide,3280,GenImage_test/glide/test/nature/ILSVRC2012_val_00001027.JPEG
205,glide,3281,GenImage_test/glide/test/nature/ILSVRC2012_val_00048830.JPEG
205,glide,3282,GenImage_test/glide/test/ai/GLIDE_1000_200_07_762_glide_00074.png
205,glide,3283,GenImage_test/glide/test/ai/GLIDE_1000_200_03_354_glide_00039.png
205,glide,3284,GenImage_test/glide/test/ai/GLIDE_1000_200_07_768_glide_00074.png
205,glide,3285,GenImage_test/glide/test/ai/GLIDE_1000_200_04_466_glide_00035.png
205,glide,3286,GenImage_test/glide/test/nature/ILSVRC2012_val_00027661.JPEG
205,glide,3287,GenImage_test/glide/test/ai/GLIDE_1000_200_01_163_glide_00074.png
206,glide,3288,GenImage_test/glide/test/ai/GLIDE_1000_200_09_935_glide_00039.png
206,glide,3289,GenImage_test/glide/test/ai/GLIDE_1000_200_01_154_glide_00127.png
206,glide,3290,GenImage_test/glide/test/nature/ILSVRC2012_val_00039962.JPEG
206,glide,3291,GenImage_test/glide/test/ai/GLIDE_1000_200_08_852_glide_00127.png
206,glide,3292,GenImage_test/glide/test/nature/ILSVRC2012_val_00028649.JPEG
206,glide,3293,GenImage_test/glide/test/ai/GLIDE_1000_200_03_302_glide_00039.png
206,glide,3294,GenImage_test/glide/test/nature/ILSVRC2012_val_00010280.JPEG
206,glide,3295,GenImage_test/glide/test/nature/ILSVRC2012_val_00021874.JPEG
206,glide,3296,GenImage_test/glide/test/nature/ILSVRC2012_val_00005727.JPEG
206,glide,3297,GenImage_test/glide/test/nature/ILSVRC2012_val_00045108.JPEG
206,glide,3298,GenImage_test/glide/test/nature/ILSVRC2012_val_00047228.JPEG
206,glide,3299,GenImage_test/glide/test/nature/ILSVRC2012_val_00040902.JPEG
206,glide,3300,GenImage_test/glide/test/ai/GLIDE_1000_200_04_402_glide_00035.png
206,glide,3301,GenImage_test/glide/test/nature/ILSVRC2012_val_00002617.JPEG
206,glide,3302,GenImage_test/glide/test/nature/ILSVRC2012_val_00024917.JPEG
206,glide,3303,GenImage_test/glide/test/ai/GLIDE_1000_200_01_126_glide_00035.png
207,glide,3304,GenImage_test/glide/test/nature/ILSVRC2012_val_00041052.JPEG
207,glide,3305,GenImage_test/glide/test/nature/ILSVRC2012_val_00014671.JPEG
207,glide,3306,GenImage_test/glide/test/ai/GLIDE_1000_200_03_399_glide_00020.png
207,glide,3307,GenImage_test/glide/test/ai/GLIDE_1000_200_08_838_glide_00127.png
207,glide,3308,GenImage_test/glide/test/ai/GLIDE_1000_200_01_164_glide_00143.png
207,glide,3309,GenImage_test/glide/test/nature/ILSVRC2012_val_00000593.JPEG
207,glide,3310,GenImage_test/glide/test/ai/GLIDE_1000_200_07_725_glide_00074.png
207,glide,3311,GenImage_test/glide/test/ai/GLIDE_1000_200_06_693_glide_00020.png
207,glide,3312,GenImage_test/glide/test/nature/ILSVRC2012_val_00011945.JPEG
207,glide,3313,GenImage_test/glide/test/nature/ILSVRC2012_val_00020197.JPEG
207,glide,3314,GenImage_test/glide/test/ai/GLIDE_1000_200_09_944_glide_00127.png
207,glide,3315,GenImage_test/glide/test/ai/GLIDE_1000_200_02_227_glide_00074.png
207,glide,3316,GenImage_test/glide/test/nature/ILSVRC2012_val_00016616.JPEG
207,glide,3317,GenImage_test/glide/test/ai/GLIDE_1000_200_02_245_glide_00020.png
207,glide,3318,GenImage_test/glide/test/nature/ILSVRC2012_val_00003734.JPEG
207,glide,3319,GenImage_test/glide/test/ai/GLIDE_1000_200_02_299_glide_00035.png
208,glide,3320,GenImage_test/glide/test/ai/GLIDE_1000_200_05_512_glide_00143.png
208,glide,3321,GenImage_test/glide/test/ai/GLIDE_1000_200_04_485_glide_00020.png
208,glide,3322,GenImage_test/glide/test/nature/ILSVRC2012_val_00041210.JPEG
208,glide,3323,GenImage_test/glide/test/ai/GLIDE_1000_200_03_367_glide_00039.png
208,glide,3324,GenImage_test/glide/test/nature/ILSVRC2012_val_00023204.JPEG
208,glide,3325,GenImage_test/glide/test/nature/ILSVRC2012_val_00032299.JPEG
208,glide,3326,GenImage_test/glide/test/ai/GLIDE_1000_200_09_917_glide_00074.png
208,glide,3327,GenImage_test/glide/test/nature/ILSVRC2012_val_00037849.JPEG
208,glide,3328,GenImage_test/glide/test/ai/GLIDE_1000_200_00_006_glide_00074.png
208,glide,3329,GenImage_test/glide/test/nature/ILSVRC2012_val_00005408.JPEG
208,glide,3330,GenImage_test/glide/test/nature/ILSVRC2012_val_00026602.JPEG
208,glide,3331,GenImage_test/glide/test/ai/GLIDE_1000_200_03_376_glide_00127.png
208,glide,3332,GenImage_test/glide/test/ai/GLIDE_1000_200_02_227_glide_00039.png
208,glide,3333,GenImage_test/glide/test/ai/GLIDE_1000_200_09_972_glide_00039.png
208,glide,3334,GenImage_test/glide/test/nature/ILSVRC2012_val_00030289.JPEG
208,glide,3335,GenImage_test/glide/test/nature/ILSVRC2012_val_00036741.JPEG
209,glide,3336,GenImage_test/glide/test/nature/ILSVRC2012_val_00005433.JPEG
209,glide,3337,GenImage_test/glide/test/nature/ILSVRC2012_val_00034051.JPEG
209,glide,3338,GenImage_test/glide/test/ai/GLIDE_1000_200_08_870_glide_00035.png
209,glide,3339,GenImage_test/glide/test/nature/ILSVRC2012_val_00016109.JPEG
209,glide,3340,GenImage_test/glide/test/nature/ILSVRC2012_val_00040622.JPEG
209,glide,3341,GenImage_test/glide/test/nature/ILSVRC2012_val_00041245.JPEG
209,glide,3342,GenImage_test/glide/test/nature/ILSVRC2012_val_00040453.JPEG
209,glide,3343,GenImage_test/glide/test/ai/GLIDE_1000_200_03_317_glide_00020.png
209,glide,3344,GenImage_test/glide/test/nature/ILSVRC2012_val_00027779.JPEG
209,glide,3345,GenImage_test/glide/test/nature/ILSVRC2012_val_00009372.JPEG
209,glide,3346,GenImage_test/glide/test/nature/ILSVRC2012_val_00008311.JPEG
209,glide,3347,GenImage_test/glide/test/ai/GLIDE_1000_200_00_026_glide_00020.png
209,glide,3348,GenImage_test/glide/test/ai/GLIDE_1000_200_01_151_glide_00127.png
209,glide,3349,GenImage_test/glide/test/ai/GLIDE_1000_200_04_451_glide_00039.png
209,glide,3350,GenImage_test/glide/test/ai/GLIDE_1000_200_04_460_glide_00035.png
209,glide,3351,GenImage_test/glide/test/ai/GLIDE_1000_200_07_749_glide_00143.png
210,glide,3352,GenImage_test/glide/test/ai/GLIDE_1000_200_03_303_glide_00127.png
210,glide,3353,GenImage_test/glide/test/ai/GLIDE_1000_200_09_929_glide_00143.png
210,glide,3354,GenImage_test/glide/test/ai/GLIDE_1000_200_07_702_glide_00127.png
210,glide,3355,GenImage_test/glide/test/nature/ILSVRC2012_val_00015030.JPEG
210,glide,3356,GenImage_test/glide/test/nature/ILSVRC2012_val_00030605.JPEG
210,glide,3357,GenImage_test/glide/test/ai/GLIDE_1000_200_04_496_glide_00035.png
210,glide,3358,GenImage_test/glide/test/nature/ILSVRC2012_val_00012593.JPEG
210,glide,3359,GenImage_test/glide/test/nature/ILSVRC2012_val_00019488.JPEG
210,glide,3360,GenImage_test/glide/test/nature/ILSVRC2012_val_00043966.JPEG
210,glide,3361,GenImage_test/glide/test/ai/GLIDE_1000_200_05_564_glide_00039.png
210,glide,3362,GenImage_test/glide/test/nature/ILSVRC2012_val_00020372.JPEG
210,glide,3363,GenImage_test/glide/test/nature/ILSVRC2012_val_00042867.JPEG
210,glide,3364,GenImage_test/glide/test/ai/GLIDE_1000_200_00_078_glide_00039.png
210,glide,3365,GenImage_test/glide/test/nature/ILSVRC2012_val_00031085.JPEG
210,glide,3366,GenImage_test/glide/test/nature/ILSVRC2012_val_00001701.JPEG
210,glide,3367,GenImage_test/glide/test/nature/ILSVRC2012_val_00010630.JPEG
211,glide,3368,GenImage_test/glide/test/ai/GLIDE_1000_200_02_223_glide_00127.png
211,glide,3369,GenImage_test/glide/test/nature/ILSVRC2012_val_00010940.JPEG
211,glide,3370,GenImage_test/glide/test/ai/GLIDE_1000_200_07_711_glide_00127.png
211,glide,3371,GenImage_test/glide/test/nature/ILSVRC2012_val_00005077.JPEG
211,glide,3372,GenImage_test/glide/test/ai/GLIDE_1000_200_06_679_glide_00127.png
211,glide,3373,GenImage_test/glide/test/ai/GLIDE_1000_200_01_170_glide_00074.png
211,glide,3374,GenImage_test/glide/test/ai/GLIDE_1000_200_01_189_glide_00035.png
211,glide,3375,GenImage_test/glide/test/ai/GLIDE_1000_200_09_973_glide_00020.png
211,glide,3376,GenImage_test/glide/test/ai/GLIDE_1000_200_09_950_glide_00143.png
211,glide,3377,GenImage_test/glide/test/ai/GLIDE_1000_200_02_247_glide_00020.png
211,glide,3378,GenImage_test/glide/test/nature/ILSVRC2012_val_00026591.JPEG
211,glide,3379,GenImage_test/glide/test/nature/ILSVRC2012_val_00030885.JPEG
211,glide,3380,GenImage_test/glide/test/ai/GLIDE_1000_200_01_148_glide_00020.png
211,glide,3381,GenImage_test/glide/test/ai/GLIDE_1000_200_03_304_glide_00039.png
211,glide,3382,GenImage_test/glide/test/ai/GLIDE_1000_200_03_337_glide_00127.png
211,glide,3383,GenImage_test/glide/test/ai/GLIDE_1000_200_08_812_glide_00143.png
212,glide,3384,GenImage_test/glide/test/nature/ILSVRC2012_val_00033815.JPEG
212,glide,3385,GenImage_test/glide/test/ai/GLIDE_1000_200_05_545_glide_00020.png
212,glide,3386,GenImage_test/glide/test/ai/GLIDE_1000_200_02_236_glide_00143.png
212,glide,3387,GenImage_test/glide/test/ai/GLIDE_1000_200_08_849_glide_00143.png
212,glide,3388,GenImage_test/glide/test/nature/ILSVRC2012_val_00006805.JPEG
212,glide,3389,GenImage_test/glide/test/nature/ILSVRC2012_val_00040181.JPEG
212,glide,3390,GenImage_test/glide/test/nature/ILSVRC2012_val_00049809.JPEG
212,glide,3391,GenImage_test/glide/test/nature/ILSVRC2012_val_00021487.JPEG
212,glide,3392,GenImage_test/glide/test/nature/ILSVRC2012_val_00033183.JPEG
212,glide,3393,GenImage_test/glide/test/ai/GLIDE_1000_200_01_162_glide_00039.png
212,glide,3394,GenImage_test/glide/test/nature/ILSVRC2012_val_00046167.JPEG
212,glide,3395,GenImage_test/glide/test/ai/GLIDE_1000_200_03_329_glide_00143.png
212,glide,3396,GenImage_test/glide/test/nature/ILSVRC2012_val_00048729.JPEG
212,glide,3397,GenImage_test/glide/test/nature/ILSVRC2012_val_00009373.JPEG
212,glide,3398,GenImage_test/glide/test/nature/ILSVRC2012_val_00035611.JPEG
212,glide,3399,GenImage_test/glide/test/ai/GLIDE_1000_200_03_310_glide_00127.png
213,glide,3400,GenImage_test/glide/test/nature/ILSVRC2012_val_00048723.JPEG
213,glide,3401,GenImage_test/glide/test/nature/ILSVRC2012_val_00043365.JPEG
213,glide,3402,GenImage_test/glide/test/nature/ILSVRC2012_val_00010104.JPEG
213,glide,3403,GenImage_test/glide/test/nature/ILSVRC2012_val_00038115.JPEG
213,glide,3404,GenImage_test/glide/test/ai/GLIDE_1000_200_02_266_glide_00020.png
213,glide,3405,GenImage_test/glide/test/nature/ILSVRC2012_val_00032310.JPEG
213,glide,3406,GenImage_test/glide/test/nature/ILSVRC2012_val_00037160.JPEG
213,glide,3407,GenImage_test/glide/test/ai/GLIDE_1000_200_08_856_glide_00127.png
213,glide,3408,GenImage_test/glide/test/ai/GLIDE_1000_200_05_502_glide_00143.png
213,glide,3409,GenImage_test/glide/test/ai/GLIDE_1000_200_01_165_glide_00035.png
213,glide,3410,GenImage_test/glide/test/ai/GLIDE_1000_200_07_746_glide_00127.png
213,glide,3411,GenImage_test/glide/test/nature/ILSVRC2012_val_00002982.JPEG
213,glide,3412,GenImage_test/glide/test/nature/ILSVRC2012_val_00015008.JPEG
213,glide,3413,GenImage_test/glide/test/nature/ILSVRC2012_val_00041117.JPEG
213,glide,3414,GenImage_test/glide/test/nature/ILSVRC2012_val_00049454.JPEG
213,glide,3415,GenImage_test/glide/test/nature/ILSVRC2012_val_00005520.JPEG
214,glide,3416,GenImage_test/glide/test/ai/GLIDE_1000_200_07_713_glide_00020.png
214,glide,3417,GenImage_test/glide/test/nature/ILSVRC2012_val_00028279.JPEG
214,glide,3418,GenImage_test/glide/test/ai/GLIDE_1000_200_04_429_glide_00039.png
214,glide,3419,GenImage_test/glide/test/nature/ILSVRC2012_val_00048901.JPEG
214,glide,3420,GenImage_test/glide/test/ai/GLIDE_1000_200_04_430_glide_00074.png
214,glide,3421,GenImage_test/glide/test/nature/ILSVRC2012_val_00012013.JPEG
214,glide,3422,GenImage_test/glide/test/nature/ILSVRC2012_val_00003985.JPEG
214,glide,3423,GenImage_test/glide/test/ai/GLIDE_1000_200_06_691_glide_00039.png
214,glide,3424,GenImage_test/glide/test/ai/GLIDE_1000_200_00_098_glide_00020.png
214,glide,3425,GenImage_test/glide/test/nature/ILSVRC2012_val_00021756.JPEG
214,glide,3426,GenImage_test/glide/test/nature/ILSVRC2012_val_00013711.JPEG
214,glide,3427,GenImage_test/glide/test/ai/GLIDE_1000_200_06_637_glide_00127.png
214,glide,3428,GenImage_test/glide/test/nature/ILSVRC2012_val_00020659.JPEG
214,glide,3429,GenImage_test/glide/test/nature/ILSVRC2012_val_00047287.JPEG
214,glide,3430,GenImage_test/glide/test/ai/GLIDE_1000_200_07_702_glide_00035.png
214,glide,3431,GenImage_test/glide/test/nature/ILSVRC2012_val_00046241.JPEG
215,glide,3432,GenImage_test/glide/test/nature/ILSVRC2012_val_00038819.JPEG
215,glide,3433,GenImage_test/glide/test/nature/ILSVRC2012_val_00007390.JPEG
215,glide,3434,GenImage_test/glide/test/nature/ILSVRC2012_val_00027173.JPEG
215,glide,3435,GenImage_test/glide/test/nature/ILSVRC2012_val_00021961.JPEG
215,glide,3436,GenImage_test/glide/test/nature/ILSVRC2012_val_00037749.JPEG
215,glide,3437,GenImage_test/glide/test/ai/GLIDE_1000_200_01_111_glide_00020.png
215,glide,3438,GenImage_test/glide/test/nature/ILSVRC2012_val_00037021.JPEG
215,glide,3439,GenImage_test/glide/test/nature/ILSVRC2012_val_00033559.JPEG
215,glide,3440,GenImage_test/glide/test/nature/ILSVRC2012_val_00003296.JPEG
215,glide,3441,GenImage_test/glide/test/ai/GLIDE_1000_200_07_769_glide_00074.png
215,glide,3442,GenImage_test/glide/test/nature/ILSVRC2012_val_00016490.JPEG
215,glide,3443,GenImage_test/glide/test/ai/GLIDE_1000_200_00_082_glide_00143.png
215,glide,3444,GenImage_test/glide/test/ai/GLIDE_1000_200_09_901_glide_00143.png
215,glide,3445,GenImage_test/glide/test/nature/ILSVRC2012_val_00002690.JPEG
215,glide,3446,GenImage_test/glide/test/ai/GLIDE_1000_200_03_383_glide_00143.png
215,glide,3447,GenImage_test/glide/test/nature/ILSVRC2012_val_00030843.JPEG
216,glide,3448,GenImage_test/glide/test/nature/ILSVRC2012_val_00025011.JPEG
216,glide,3449,GenImage_test/glide/test/nature/ILSVRC2012_val_00018611.JPEG
216,glide,3450,GenImage_test/glide/test/nature/ILSVRC2012_val_00033902.JPEG
216,glide,3451,GenImage_test/glide/test/nature/ILSVRC2012_val_00041406.JPEG
216,glide,3452,GenImage_test/glide/test/nature/ILSVRC2012_val_00032230.JPEG
216,glide,3453,GenImage_test/glide/test/ai/GLIDE_1000_200_00_077_glide_00143.png
216,glide,3454,GenImage_test/glide/test/ai/GLIDE_1000_200_02_294_glide_00074.png
216,glide,3455,GenImage_test/glide/test/nature/ILSVRC2012_val_00024448.JPEG
216,glide,3456,GenImage_test/glide/test/ai/GLIDE_1000_200_03_375_glide_00039.png
216,glide,3457,GenImage_test/glide/test/ai/GLIDE_1000_200_05_546_glide_00143.png
216,glide,3458,GenImage_test/glide/test/ai/GLIDE_1000_200_00_082_glide_00039.png
216,glide,3459,GenImage_test/glide/test/ai/GLIDE_1000_200_05_517_glide_00020.png
216,glide,3460,GenImage_test/glide/test/ai/GLIDE_1000_200_07_779_glide_00039.png
216,glide,3461,GenImage_test/glide/test/ai/GLIDE_1000_200_01_179_glide_00143.png
216,glide,3462,GenImage_test/glide/test/ai/GLIDE_1000_200_06_676_glide_00074.png
216,glide,3463,GenImage_test/glide/test/nature/ILSVRC2012_val_00005756.JPEG
217,glide,3464,GenImage_test/glide/test/nature/ILSVRC2012_val_00008157.JPEG
217,glide,3465,GenImage_test/glide/test/nature/ILSVRC2012_val_00049608.JPEG
217,glide,3466,GenImage_test/glide/test/ai/GLIDE_1000_200_01_170_glide_00039.png
217,glide,3467,GenImage_test/glide/test/nature/ILSVRC2012_val_00035812.JPEG
217,glide,3468,GenImage_test/glide/test/ai/GLIDE_1000_200_03_320_glide_00143.png
217,glide,3469,GenImage_test/glide/test/nature/ILSVRC2012_val_00021121.JPEG
217,glide,3470,GenImage_test/glide/test/nature/ILSVRC2012_val_00008120.JPEG
217,glide,3471,GenImage_test/glide/test/nature/ILSVRC2012_val_00024546.JPEG
217,glide,3472,GenImage_test/glide/test/ai/GLIDE_1000_200_05_540_glide_00143.png
217,glide,3473,GenImage_test/glide/test/nature/ILSVRC2012_val_00047269.JPEG
217,glide,3474,GenImage_test/glide/test/nature/ILSVRC2012_val_00005529.JPEG
217,glide,3475,GenImage_test/glide/test/ai/GLIDE_1000_200_06_653_glide_00020.png
217,glide,3476,GenImage_test/glide/test/nature/ILSVRC2012_val_00039974.JPEG
217,glide,3477,GenImage_test/glide/test/nature/ILSVRC2012_val_00011227.JPEG
217,glide,3478,GenImage_test/glide/test/nature/ILSVRC2012_val_00009417.JPEG
217,glide,3479,GenImage_test/glide/test/ai/GLIDE_1000_200_06_657_glide_00039.png
218,glide,3480,GenImage_test/glide/test/nature/ILSVRC2012_val_00016094.JPEG
218,glide,3481,GenImage_test/glide/test/ai/GLIDE_1000_200_04_432_glide_00074.png
218,glide,3482,GenImage_test/glide/test/nature/ILSVRC2012_val_00020692.JPEG
218,glide,3483,GenImage_test/glide/test/ai/GLIDE_1000_200_07_736_glide_00035.png
218,glide,3484,GenImage_test/glide/test/ai/GLIDE_1000_200_01_146_glide_00074.png
218,glide,3485,GenImage_test/glide/test/nature/ILSVRC2012_val_00022145.JPEG
218,glide,3486,GenImage_test/glide/test/nature/ILSVRC2012_val_00039013.JPEG
218,glide,3487,GenImage_test/glide/test/ai/GLIDE_1000_200_07_741_glide_00127.png
218,glide,3488,GenImage_test/glide/test/ai/GLIDE_1000_200_03_375_glide_00020.png
218,glide,3489,GenImage_test/glide/test/nature/ILSVRC2012_val_00032967.JPEG
218,glide,3490,GenImage_test/glide/test/ai/GLIDE_1000_200_06_621_glide_00020.png
218,glide,3491,GenImage_test/glide/test/nature/ILSVRC2012_val_00020356.JPEG
218,glide,3492,GenImage_test/glide/test/ai/GLIDE_1000_200_07_743_glide_00143.png
218,glide,3493,GenImage_test/glide/test/ai/GLIDE_1000_200_00_063_glide_00074.png
218,glide,3494,GenImage_test/glide/test/ai/GLIDE_1000_200_05_582_glide_00074.png
218,glide,3495,GenImage_test/glide/test/nature/ILSVRC2012_val_00038533.JPEG
219,glide,3496,GenImage_test/glide/test/nature/ILSVRC2012_val_00004480.JPEG
219,glide,3497,GenImage_test/glide/test/ai/GLIDE_1000_200_09_952_glide_00039.png
219,glide,3498,GenImage_test/glide/test/nature/ILSVRC2012_val_00044105.JPEG
219,glide,3499,GenImage_test/glide/test/nature/ILSVRC2012_val_00020853.JPEG
219,glide,3500,GenImage_test/glide/test/ai/GLIDE_1000_200_09_955_glide_00020.png
219,glide,3501,GenImage_test/glide/test/ai/GLIDE_1000_200_08_897_glide_00020.png
219,glide,3502,GenImage_test/glide/test/nature/ILSVRC2012_val_00033871.JPEG
219,glide,3503,GenImage_test/glide/test/nature/ILSVRC2012_val_00001060.JPEG
219,glide,3504,GenImage_test/glide/test/nature/ILSVRC2012_val_00019647.JPEG
219,glide,3505,GenImage_test/glide/test/nature/ILSVRC2012_val_00047805.JPEG
219,glide,3506,GenImage_test/glide/test/ai/GLIDE_1000_200_03_390_glide_00035.png
219,glide,3507,GenImage_test/glide/test/nature/ILSVRC2012_val_00037526.JPEG
219,glide,3508,GenImage_test/glide/test/ai/GLIDE_1000_200_06_639_glide_00020.png
219,glide,3509,GenImage_test/glide/test/nature/ILSVRC2012_val_00005448.JPEG
219,glide,3510,GenImage_test/glide/test/ai/GLIDE_1000_200_09_919_glide_00074.png
219,glide,3511,GenImage_test/glide/test/ai/GLIDE_1000_200_02_259_glide_00039.png
220,glide,3512,GenImage_test/glide/test/nature/ILSVRC2012_val_00042632.JPEG
220,glide,3513,GenImage_test/glide/test/nature/ILSVRC2012_val_00030160.JPEG
220,glide,3514,GenImage_test/glide/test/nature/ILSVRC2012_val_00026896.JPEG
220,glide,3515,GenImage_test/glide/test/nature/ILSVRC2012_val_00037813.JPEG
220,glide,3516,GenImage_test/glide/test/ai/GLIDE_1000_200_09_922_glide_00127.png
220,glide,3517,GenImage_test/glide/test/ai/GLIDE_1000_200_04_488_glide_00020.png
220,glide,3518,GenImage_test/glide/test/ai/GLIDE_1000_200_01_141_glide_00039.png
220,glide,3519,GenImage_test/glide/test/nature/ILSVRC2012_val_00043506.JPEG
220,glide,3520,GenImage_test/glide/test/ai/GLIDE_1000_200_02_243_glide_00127.png
220,glide,3521,GenImage_test/glide/test/ai/GLIDE_1000_200_01_148_glide_00035.png
220,glide,3522,GenImage_test/glide/test/nature/ILSVRC2012_val_00028012.JPEG
220,glide,3523,GenImage_test/glide/test/ai/GLIDE_1000_200_05_540_glide_00020.png
220,glide,3524,GenImage_test/glide/test/nature/ILSVRC2012_val_00005231.JPEG
220,glide,3525,GenImage_test/glide/test/nature/ILSVRC2012_val_00005159.JPEG
220,glide,3526,GenImage_test/glide/test/ai/GLIDE_1000_200_01_198_glide_00143.png
220,glide,3527,GenImage_test/glide/test/nature/ILSVRC2012_val_00010800.JPEG
221,glide,3528,GenImage_test/glide/test/ai/GLIDE_1000_200_07_712_glide_00074.png
221,glide,3529,GenImage_test/glide/test/ai/GLIDE_1000_200_05_501_glide_00035.png
221,glide,3530,GenImage_test/glide/test/nature/ILSVRC2012_val_00031499.JPEG
221,glide,3531,GenImage_test/glide/test/ai/GLIDE_1000_200_02_287_glide_00074.png
221,glide,3532,GenImage_test/glide/test/nature/ILSVRC2012_val_00015711.JPEG
221,glide,3533,GenImage_test/glide/test/nature/ILSVRC2012_val_00014753.JPEG
221,glide,3534,GenImage_test/glide/test/ai/GLIDE_1000_200_07_758_glide_00143.png
221,glide,3535,GenImage_test/glide/test/ai/GLIDE_1000_200_02_202_glide_00020.png
221,glide,3536,GenImage_test/glide/test/ai/GLIDE_1000_200_06_655_glide_00143.png
221,glide,3537,GenImage_test/glide/test/ai/GLIDE_1000_200_01_163_glide_00143.png
221,glide,3538,GenImage_test/glide/test/ai/GLIDE_1000_200_06_616_glide_00039.png
221,glide,3539,GenImage_test/glide/test/ai/GLIDE_1000_200_00_092_glide_00039.png
221,glide,3540,GenImage_test/glide/test/nature/ILSVRC2012_val_00019877.JPEG
221,glide,3541,GenImage_test/glide/test/ai/GLIDE_1000_200_07_739_glide_00020.png
221,glide,3542,GenImage_test/glide/test/nature/ILSVRC2012_val_00010252.JPEG
221,glide,3543,GenImage_test/glide/test/nature/ILSVRC2012_val_00047911.JPEG
222,glide,3544,GenImage_test/glide/test/ai/GLIDE_1000_200_08_875_glide_00039.png
222,glide,3545,GenImage_test/glide/test/ai/GLIDE_1000_200_02_295_glide_00127.png
222,glide,3546,GenImage_test/glide/test/nature/ILSVRC2012_val_00012717.JPEG
222,glide,3547,GenImage_test/glide/test/nature/ILSVRC2012_val_00030213.JPEG
222,glide,3548,GenImage_test/glide/test/ai/GLIDE_1000_200_07_783_glide_00074.png
222,glide,3549,GenImage_test/glide/test/nature/ILSVRC2012_val_00048497.JPEG
222,glide,3550,GenImage_test/glide/test/ai/GLIDE_1000_200_02_235_glide_00020.png
222,glide,3551,GenImage_test/glide/test/ai/GLIDE_1000_200_09_998_glide_00035.png
222,glide,3552,GenImage_test/glide/test/nature/ILSVRC2012_val_00006698.JPEG
222,glide,3553,GenImage_test/glide/test/ai/GLIDE_1000_200_07_766_glide_00020.png
222,glide,3554,GenImage_test/glide/test/ai/GLIDE_1000_200_03_313_glide_00035.png
222,glide,3555,GenImage_test/glide/test/ai/GLIDE_1000_200_08_872_glide_00127.png
222,glide,3556,GenImage_test/glide/test/nature/ILSVRC2012_val_00023353.JPEG
222,glide,3557,GenImage_test/glide/test/nature/ILSVRC2012_val_00031752.JPEG
222,glide,3558,GenImage_test/glide/test/ai/GLIDE_1000_200_05_529_glide_00020.png
222,glide,3559,GenImage_test/glide/test/ai/GLIDE_1000_200_01_155_glide_00127.png
223,glide,3560,GenImage_test/glide/test/ai/GLIDE_1000_200_07_798_glide_00143.png
223,glide,3561,GenImage_test/glide/test/ai/GLIDE_1000_200_07_774_glide_00035.png
223,glide,3562,GenImage_test/glide/test/nature/ILSVRC2012_val_00000646.JPEG
223,glide,3563,GenImage_test/glide/test/ai/GLIDE_1000_200_04_429_glide_00127.png
223,glide,3564,GenImage_test/glide/test/ai/GLIDE_1000_200_01_112_glide_00020.png
223,glide,3565,GenImage_test/glide/test/ai/GLIDE_1000_200_05_568_glide_00127.png
223,glide,3566,GenImage_test/glide/test/ai/GLIDE_1000_200_09_927_glide_00020.png
223,glide,3567,GenImage_test/glide/test/nature/ILSVRC2012_val_00028536.JPEG
223,glide,3568,GenImage_test/glide/test/nature/ILSVRC2012_val_00008777.JPEG
223,glide,3569,GenImage_test/glide/test/nature/ILSVRC2012_val_00005209.JPEG
223,glide,3570,GenImage_test/glide/test/ai/GLIDE_1000_200_04_418_glide_00035.png
223,glide,3571,GenImage_test/glide/test/ai/GLIDE_1000_200_04_426_glide_00143.png
223,glide,3572,GenImage_test/glide/test/nature/ILSVRC2012_val_00025992.JPEG
223,glide,3573,GenImage_test/glide/test/ai/GLIDE_1000_200_06_613_glide_00035.png
223,glide,3574,GenImage_test/glide/test/ai/GLIDE_1000_200_01_179_glide_00020.png
223,glide,3575,GenImage_test/glide/test/ai/GLIDE_1000_200_07_764_glide_00127.png
224,glide,3576,GenImage_test/glide/test/nature/ILSVRC2012_val_00014950.JPEG
224,glide,3577,GenImage_test/glide/test/nature/ILSVRC2012_val_00024490.JPEG
224,glide,3578,GenImage_test/glide/test/ai/GLIDE_1000_200_04_444_glide_00143.png
224,glide,3579,GenImage_test/glide/test/ai/GLIDE_1000_200_04_461_glide_00127.png
224,glide,3580,GenImage_test/glide/test/nature/ILSVRC2012_val_00049255.JPEG
224,glide,3581,GenImage_test/glide/test/ai/GLIDE_1000_200_07_778_glide_00020.png
224,glide,3582,GenImage_test/glide/test/nature/ILSVRC2012_val_00032743.JPEG
224,glide,3583,GenImage_test/glide/test/nature/ILSVRC2012_val_00041440.JPEG
224,glide,3584,GenImage_test/glide/test/nature/ILSVRC2012_val_00006329.JPEG
224,glide,3585,GenImage_test/glide/test/ai/GLIDE_1000_200_07_785_glide_00035.png
224,glide,3586,GenImage_test/glide/test/ai/GLIDE_1000_200_05_543_glide_00039.png
224,glide,3587,GenImage_test/glide/test/nature/ILSVRC2012_val_00037315.JPEG
224,glide,3588,GenImage_test/glide/test/ai/GLIDE_1000_200_06_615_glide_00039.png
224,glide,3589,GenImage_test/glide/test/ai/GLIDE_1000_200_04_417_glide_00035.png
224,glide,3590,GenImage_test/glide/test/ai/GLIDE_1000_200_08_848_glide_00039.png
224,glide,3591,GenImage_test/glide/test/ai/GLIDE_1000_200_01_154_glide_00143.png
225,glide,3592,GenImage_test/glide/test/nature/ILSVRC2012_val_00037571.JPEG
225,glide,3593,GenImage_test/glide/test/nature/ILSVRC2012_val_00003395.JPEG
225,glide,3594,GenImage_test/glide/test/nature/ILSVRC2012_val_00041161.JPEG
225,glide,3595,GenImage_test/glide/test/nature/ILSVRC2012_val_00026207.JPEG
225,glide,3596,GenImage_test/glide/test/nature/ILSVRC2012_val_00010851.JPEG
225,glide,3597,GenImage_test/glide/test/nature/ILSVRC2012_val_00034108.JPEG
225,glide,3598,GenImage_test/glide/test/nature/ILSVRC2012_val_00023060.JPEG
225,glide,3599,GenImage_test/glide/test/ai/GLIDE_1000_200_04_441_glide_00020.png
225,glide,3600,GenImage_test/glide/test/ai/GLIDE_1000_200_09_986_glide_00020.png
225,glide,3601,GenImage_test/glide/test/ai/GLIDE_1000_200_04_485_glide_00039.png
225,glide,3602,GenImage_test/glide/test/nature/ILSVRC2012_val_00006745.JPEG
225,glide,3603,GenImage_test/glide/test/ai/GLIDE_1000_200_00_054_glide_00039.png
225,glide,3604,GenImage_test/glide/test/nature/ILSVRC2012_val_00025556.JPEG
225,glide,3605,GenImage_test/glide/test/nature/ILSVRC2012_val_00027968.JPEG
225,glide,3606,GenImage_test/glide/test/ai/GLIDE_1000_200_01_158_glide_00143.png
225,glide,3607,GenImage_test/glide/test/nature/ILSVRC2012_val_00011317.JPEG
226,glide,3608,GenImage_test/glide/test/ai/GLIDE_1000_200_07_723_glide_00039.png
226,glide,3609,GenImage_test/glide/test/ai/GLIDE_1000_200_04_451_glide_00020.png
226,glide,3610,GenImage_test/glide/test/nature/ILSVRC2012_val_00015321.JPEG
226,glide,3611,GenImage_test/glide/test/nature/ILSVRC2012_val_00048894.JPEG
226,glide,3612,GenImage_test/glide/test/ai/GLIDE_1000_200_03_363_glide_00143.png
226,glide,3613,GenImage_test/glide/test/ai/GLIDE_1000_200_07_715_glide_00074.png
226,glide,3614,GenImage_test/glide/test/nature/ILSVRC2012_val_00007103.JPEG
226,glide,3615,GenImage_test/glide/test/ai/GLIDE_1000_200_07_768_glide_00035.png
226,glide,3616,GenImage_test/glide/test/nature/ILSVRC2012_val_00041239.JPEG
226,glide,3617,GenImage_test/glide/test/ai/GLIDE_1000_200_04_464_glide_00143.png
226,glide,3618,GenImage_test/glide/test/nature/ILSVRC2012_val_00026243.JPEG
226,glide,3619,GenImage_test/glide/test/ai/GLIDE_1000_200_09_998_glide_00039.png
226,glide,3620,GenImage_test/glide/test/nature/ILSVRC2012_val_00020898.JPEG
226,glide,3621,GenImage_test/glide/test/nature/ILSVRC2012_val_00039995.JPEG
226,glide,3622,GenImage_test/glide/test/nature/ILSVRC2012_val_00025277.JPEG
226,glide,3623,GenImage_test/glide/test/ai/GLIDE_1000_200_07_727_glide_00035.png
227,glide,3624,GenImage_test/glide/test/nature/ILSVRC2012_val_00035762.JPEG
227,glide,3625,GenImage_test/glide/test/nature/ILSVRC2012_val_00044892.JPEG
227,glide,3626,GenImage_test/glide/test/nature/ILSVRC2012_val_00042764.JPEG
227,glide,3627,GenImage_test/glide/test/ai/GLIDE_1000_200_05_566_glide_00039.png
227,glide,3628,GenImage_test/glide/test/ai/GLIDE_1000_200_09_946_glide_00127.png
227,glide,3629,GenImage_test/glide/test/nature/ILSVRC2012_val_00035264.JPEG
227,glide,3630,GenImage_test/glide/test/nature/ILSVRC2012_val_00043967.JPEG
227,glide,3631,GenImage_test/glide/test/ai/GLIDE_1000_200_05_532_glide_00020.png
227,glide,3632,GenImage_test/glide/test/ai/GLIDE_1000_200_05_562_glide_00039.png
227,glide,3633,GenImage_test/glide/test/ai/GLIDE_1000_200_08_818_glide_00035.png
227,glide,3634,GenImage_test/glide/test/nature/ILSVRC2012_val_00014156.JPEG
227,glide,3635,GenImage_test/glide/test/nature/ILSVRC2012_val_00020557.JPEG
227,glide,3636,GenImage_test/glide/test/nature/ILSVRC2012_val_00046131.JPEG
227,glide,3637,GenImage_test/glide/test/nature/ILSVRC2012_val_00040496.JPEG
227,glide,3638,GenImage_test/glide/test/ai/GLIDE_1000_200_09_930_glide_00127.png
227,glide,3639,GenImage_test/glide/test/nature/ILSVRC2012_val_00005224.JPEG
228,glide,3640,GenImage_test/glide/test/nature/ILSVRC2012_val_00034903.JPEG
228,glide,3641,GenImage_test/glide/test/nature/ILSVRC2012_val_00019809.JPEG
228,glide,3642,GenImage_test/glide/test/nature/ILSVRC2012_val_00049738.JPEG
228,glide,3643,GenImage_test/glide/test/nature/ILSVRC2012_val_00035078.JPEG
228,glide,3644,GenImage_test/glide/test/ai/GLIDE_1000_200_04_472_glide_00143.png
228,glide,3645,GenImage_test/glide/test/nature/ILSVRC2012_val_00018067.JPEG
228,glide,3646,GenImage_test/glide/test/ai/GLIDE_1000_200_08_860_glide_00127.png
228,glide,3647,GenImage_test/glide/test/nature/ILSVRC2012_val_00048329.JPEG
228,glide,3648,GenImage_test/glide/test/ai/GLIDE_1000_200_00_052_glide_00127.png
228,glide,3649,GenImage_test/glide/test/ai/GLIDE_1000_200_04_400_glide_00143.png
228,glide,3650,GenImage_test/glide/test/ai/GLIDE_1000_200_02_294_glide_00127.png
228,glide,3651,GenImage_test/glide/test/nature/ILSVRC2012_val_00030883.JPEG
228,glide,3652,GenImage_test/glide/test/nature/ILSVRC2012_val_00016323.JPEG
228,glide,3653,GenImage_test/glide/test/nature/ILSVRC2012_val_00030783.JPEG
228,glide,3654,GenImage_test/glide/test/ai/GLIDE_1000_200_05_559_glide_00127.png
228,glide,3655,GenImage_test/glide/test/ai/GLIDE_1000_200_06_657_glide_00127.png
229,glide,3656,GenImage_test/glide/test/nature/ILSVRC2012_val_00007781.JPEG
229,glide,3657,GenImage_test/glide/test/ai/GLIDE_1000_200_03_379_glide_00020.png
229,glide,3658,GenImage_test/glide/test/nature/ILSVRC2012_val_00041692.JPEG
229,glide,3659,GenImage_test/glide/test/nature/ILSVRC2012_val_00032134.JPEG
229,glide,3660,GenImage_test/glide/test/ai/GLIDE_1000_200_09_977_glide_00039.png
229,glide,3661,GenImage_test/glide/test/ai/GLIDE_1000_200_09_965_glide_00020.png
229,glide,3662,GenImage_test/glide/test/nature/ILSVRC2012_val_00017844.JPEG
229,glide,3663,GenImage_test/glide/test/nature/ILSVRC2012_val_00041028.JPEG
229,glide,3664,GenImage_test/glide/test/nature/ILSVRC2012_val_00039326.JPEG
229,glide,3665,GenImage_test/glide/test/ai/GLIDE_1000_200_01_139_glide_00035.png
229,glide,3666,GenImage_test/glide/test/nature/ILSVRC2012_val_00049448.JPEG
229,glide,3667,GenImage_test/glide/test/ai/GLIDE_1000_200_05_526_glide_00020.png
229,glide,3668,GenImage_test/glide/test/nature/ILSVRC2012_val_00034361.JPEG
229,glide,3669,GenImage_test/glide/test/ai/GLIDE_1000_200_02_245_glide_00127.png
229,glide,3670,GenImage_test/glide/test/ai/GLIDE_1000_200_09_968_glide_00035.png
229,glide,3671,GenImage_test/glide/test/ai/GLIDE_1000_200_01_155_glide_00143.png
230,glide,3672,GenImage_test/glide/test/ai/GLIDE_1000_200_08_842_glide_00127.png
230,glide,3673,GenImage_test/glide/test/ai/GLIDE_1000_200_09_920_glide_00074.png
230,glide,3674,GenImage_test/glide/test/ai/GLIDE_1000_200_03_380_glide_00039.png
230,glide,3675,GenImage_test/glide/test/ai/GLIDE_1000_200_05_576_glide_00039.png
230,glide,3676,GenImage_test/glide/test/nature/ILSVRC2012_val_00046244.JPEG
230,glide,3677,GenImage_test/glide/test/ai/GLIDE_1000_200_01_172_glide_00039.png
230,glide,3678,GenImage_test/glide/test/ai/GLIDE_1000_200_03_300_glide_00020.png
230,glide,3679,GenImage_test/glide/test/ai/GLIDE_1000_200_01_189_glide_00074.png
230,glide,3680,GenImage_test/glide/test/nature/ILSVRC2012_val_00017287.JPEG
230,glide,3681,GenImage_test/glide/test/nature/ILSVRC2012_val_00012839.JPEG
230,glide,3682,GenImage_test/glide/test/ai/GLIDE_1000_200_03_337_glide_00143.png
230,glide,3683,GenImage_test/glide/test/nature/ILSVRC2012_val_00047662.JPEG
230,glide,3684,GenImage_test/glide/test/nature/ILSVRC2012_val_00014242.JPEG
230,glide,3685,GenImage_test/glide/test/nature/ILSVRC2012_val_00031279.JPEG
230,glide,3686,GenImage_test/glide/test/nature/ILSVRC2012_val_00035040.JPEG
230,glide,3687,GenImage_test/glide/test/nature/ILSVRC2012_val_00046068.JPEG
231,glide,3688,GenImage_test/glide/test/nature/ILSVRC2012_val_00027263.JPEG
231,glide,3689,GenImage_test/glide/test/ai/GLIDE_1000_200_01_149_glide_00143.png
231,glide,3690,GenImage_test/glide/test/nature/ILSVRC2012_val_00022230.JPEG
231,glide,3691,GenImage_test/glide/test/ai/GLIDE_1000_200_03_309_glide_00020.png
231,glide,3692,GenImage_test/glide/test/ai/GLIDE_1000_200_02_203_glide_00039.png
231,glide,3693,GenImage_test/glide/test/nature/ILSVRC2012_val_00036290.JPEG
231,glide,3694,GenImage_test/glide/test/nature/ILSVRC2012_val_00003833.JPEG
231,glide,3695,GenImage_test/glide/test/ai/GLIDE_1000_200_00_081_glide_00074.png
231,glide,3696,GenImage_test/glide/test/ai/GLIDE_1000_200_06_630_glide_00039.png
231,glide,3697,GenImage_test/glide/test/ai/GLIDE_1000_200_06_678_glide_00039.png
231,glide,3698,GenImage_test/glide/test/nature/ILSVRC2012_val_00029340.JPEG
231,glide,3699,GenImage_test/glide/test/nature/ILSVRC2012_val_00029225.JPEG
231,glide,3700,GenImage_test/glide/test/ai/GLIDE_1000_200_06_658_glide_00020.png
231,glide,3701,GenImage_test/glide/test/nature/ILSVRC2012_val_00024317.JPEG
231,glide,3702,GenImage_test/glide/test/ai/GLIDE_1000_200_09_974_glide_00020.png
231,glide,3703,GenImage_test/glide/test/nature/ILSVRC2012_val_00041338.JPEG
232,glide,3704,GenImage_test/glide/test/ai/GLIDE_1000_200_02_220_glide_00035.png
232,glide,3705,GenImage_test/glide/test/ai/GLIDE_1000_200_09_949_glide_00039.png
232,glide,3706,GenImage_test/glide/test/nature/ILSVRC2012_val_00024031.JPEG
232,glide,3707,GenImage_test/glide/test/nature/ILSVRC2012_val_00045572.JPEG
232,glide,3708,GenImage_test/glide/test/nature/ILSVRC2012_val_00029295.JPEG
232,glide,3709,GenImage_test/glide/test/ai/GLIDE_1000_200_09_967_glide_00143.png
232,glide,3710,GenImage_test/glide/test/nature/ILSVRC2012_val_00002899.JPEG
232,glide,3711,GenImage_test/glide/test/nature/ILSVRC2012_val_00014466.JPEG
232,glide,3712,GenImage_test/glide/test/ai/GLIDE_1000_200_00_031_glide_00035.png
232,glide,3713,GenImage_test/glide/test/nature/ILSVRC2012_val_00004485.JPEG
232,glide,3714,GenImage_test/glide/test/nature/ILSVRC2012_val_00021649.JPEG
232,glide,3715,GenImage_test/glide/test/ai/GLIDE_1000_200_08_883_glide_00035.png
232,glide,3716,GenImage_test/glide/test/ai/GLIDE_1000_200_09_918_glide_00035.png
232,glide,3717,GenImage_test/glide/test/ai/GLIDE_1000_200_04_465_glide_00039.png
232,glide,3718,GenImage_test/glide/test/nature/ILSVRC2012_val_00038107.JPEG
232,glide,3719,GenImage_test/glide/test/ai/GLIDE_1000_200_01_188_glide_00127.png
233,glide,3720,GenImage_test/glide/test/nature/ILSVRC2012_val_00048959.JPEG
233,glide,3721,GenImage_test/glide/test/nature/ILSVRC2012_val_00023026.JPEG
233,glide,3722,GenImage_test/glide/test/ai/GLIDE_1000_200_06_614_glide_00039.png
233,glide,3723,GenImage_test/glide/test/ai/GLIDE_1000_200_00_071_glide_00035.png
233,glide,3724,GenImage_test/glide/test/nature/ILSVRC2012_val_00036432.JPEG
233,glide,3725,GenImage_test/glide/test/ai/GLIDE_1000_200_03_340_glide_00020.png
233,glide,3726,GenImage_test/glide/test/ai/GLIDE_1000_200_07_737_glide_00127.png
233,glide,3727,GenImage_test/glide/test/nature/ILSVRC2012_val_00037977.JPEG
233,glide,3728,GenImage_test/glide/test/ai/GLIDE_1000_200_07_784_glide_00074.png
233,glide,3729,GenImage_test/glide/test/ai/GLIDE_1000_200_03_377_glide_00074.png
233,glide,3730,GenImage_test/glide/test/ai/GLIDE_1000_200_03_368_glide_00020.png
233,glide,3731,GenImage_test/glide/test/nature/ILSVRC2012_val_00014206.JPEG
233,glide,3732,GenImage_test/glide/test/nature/ILSVRC2012_val_00006170.JPEG
233,glide,3733,GenImage_test/glide/test/ai/GLIDE_1000_200_08_837_glide_00143.png
233,glide,3734,GenImage_test/glide/test/ai/GLIDE_1000_200_08_807_glide_00039.png
233,glide,3735,GenImage_test/glide/test/nature/ILSVRC2012_val_00006311.JPEG
234,glide,3736,GenImage_test/glide/test/ai/GLIDE_1000_200_04_409_glide_00127.png
234,glide,3737,GenImage_test/glide/test/nature/ILSVRC2012_val_00043799.JPEG
234,glide,3738,GenImage_test/glide/test/ai/GLIDE_1000_200_00_051_glide_00143.png
234,glide,3739,GenImage_test/glide/test/ai/GLIDE_1000_200_05_568_glide_00020.png
234,glide,3740,GenImage_test/glide/test/nature/ILSVRC2012_val_00001976.JPEG
234,glide,3741,GenImage_test/glide/test/nature/ILSVRC2012_val_00010418.JPEG
234,glide,3742,GenImage_test/glide/test/nature/ILSVRC2012_val_00023913.JPEG
234,glide,3743,GenImage_test/glide/test/nature/ILSVRC2012_val_00044104.JPEG
234,glide,3744,GenImage_test/glide/test/ai/GLIDE_1000_200_06_635_glide_00020.png
234,glide,3745,GenImage_test/glide/test/ai/GLIDE_1000_200_02_292_glide_00074.png
234,glide,3746,GenImage_test/glide/test/nature/ILSVRC2012_val_00045026.JPEG
234,glide,3747,GenImage_test/glide/test/ai/GLIDE_1000_200_08_865_glide_00143.png
234,glide,3748,GenImage_test/glide/test/nature/ILSVRC2012_val_00045176.JPEG
234,glide,3749,GenImage_test/glide/test/nature/ILSVRC2012_val_00046326.JPEG
234,glide,3750,GenImage_test/glide/test/ai/GLIDE_1000_200_06_671_glide_00074.png
234,glide,3751,GenImage_test/glide/test/ai/GLIDE_1000_200_00_039_glide_00039.png
235,glide,3752,GenImage_test/glide/test/ai/GLIDE_1000_200_06_650_glide_00127.png
235,glide,3753,GenImage_test/glide/test/ai/GLIDE_1000_200_09_938_glide_00020.png
235,glide,3754,GenImage_test/glide/test/nature/ILSVRC2012_val_00031611.JPEG
235,glide,3755,GenImage_test/glide/test/ai/GLIDE_1000_200_01_123_glide_00143.png
235,glide,3756,GenImage_test/glide/test/nature/ILSVRC2012_val_00044490.JPEG
235,glide,3757,GenImage_test/glide/test/nature/ILSVRC2012_val_00018948.JPEG
235,glide,3758,GenImage_test/glide/test/ai/GLIDE_1000_200_02_223_glide_00143.png
235,glide,3759,GenImage_test/glide/test/nature/ILSVRC2012_val_00046863.JPEG
235,glide,3760,GenImage_test/glide/test/ai/GLIDE_1000_200_08_843_glide_00143.png
235,glide,3761,GenImage_test/glide/test/ai/GLIDE_1000_200_01_133_glide_00143.png
235,glide,3762,GenImage_test/glide/test/ai/GLIDE_1000_200_03_353_glide_00039.png
235,glide,3763,GenImage_test/glide/test/ai/GLIDE_1000_200_06_677_glide_00039.png
235,glide,3764,GenImage_test/glide/test/nature/ILSVRC2012_val_00008917.JPEG
235,glide,3765,GenImage_test/glide/test/nature/ILSVRC2012_val_00007743.JPEG
235,glide,3766,GenImage_test/glide/test/nature/ILSVRC2012_val_00018049.JPEG
235,glide,3767,GenImage_test/glide/test/ai/GLIDE_1000_200_05_583_glide_00143.png
236,glide,3768,GenImage_test/glide/test/nature/ILSVRC2012_val_00045151.JPEG
236,glide,3769,GenImage_test/glide/test/nature/ILSVRC2012_val_00016927.JPEG
236,glide,3770,GenImage_test/glide/test/ai/GLIDE_1000_200_08_879_glide_00074.png
236,glide,3771,GenImage_test/glide/test/ai/GLIDE_1000_200_06_642_glide_00039.png
236,glide,3772,GenImage_test/glide/test/ai/GLIDE_1000_200_05_526_glide_00035.png
236,glide,3773,GenImage_test/glide/test/nature/ILSVRC2012_val_00021312.JPEG
236,glide,3774,GenImage_test/glide/test/nature/ILSVRC2012_val_00001301.JPEG
236,glide,3775,GenImage_test/glide/test/nature/ILSVRC2012_val_00007196.JPEG
236,glide,3776,GenImage_test/glide/test/ai/GLIDE_1000_200_00_045_glide_00074.png
236,glide,3777,GenImage_test/glide/test/ai/GLIDE_1000_200_04_450_glide_00143.png
236,glide,3778,GenImage_test/glide/test/ai/GLIDE_1000_200_04_454_glide_00143.png
236,glide,3779,GenImage_test/glide/test/nature/ILSVRC2012_val_00014713.JPEG
236,glide,3780,GenImage_test/glide/test/ai/GLIDE_1000_200_00_020_glide_00127.png
236,glide,3781,GenImage_test/glide/test/ai/GLIDE_1000_200_02_271_glide_00020.png
236,glide,3782,GenImage_test/glide/test/nature/ILSVRC2012_val_00021268.JPEG
236,glide,3783,GenImage_test/glide/test/ai/GLIDE_1000_200_03_364_glide_00127.png
237,glide,3784,GenImage_test/glide/test/nature/ILSVRC2012_val_00049281.JPEG
237,glide,3785,GenImage_test/glide/test/nature/ILSVRC2012_val_00008797.JPEG
237,glide,3786,GenImage_test/glide/test/nature/ILSVRC2012_val_00002035.JPEG
237,glide,3787,GenImage_test/glide/test/nature/ILSVRC2012_val_00003598.JPEG
237,glide,3788,GenImage_test/glide/test/nature/ILSVRC2012_val_00008575.JPEG
237,glide,3789,GenImage_test/glide/test/nature/ILSVRC2012_val_00002333.JPEG
237,glide,3790,GenImage_test/glide/test/ai/GLIDE_1000_200_04_481_glide_00143.png
237,glide,3791,GenImage_test/glide/test/ai/GLIDE_1000_200_06_688_glide_00035.png
237,glide,3792,GenImage_test/glide/test/nature/ILSVRC2012_val_00014871.JPEG
237,glide,3793,GenImage_test/glide/test/nature/ILSVRC2012_val_00032731.JPEG
237,glide,3794,GenImage_test/glide/test/nature/ILSVRC2012_val_00015359.JPEG
237,glide,3795,GenImage_test/glide/test/ai/GLIDE_1000_200_01_192_glide_00039.png
237,glide,3796,GenImage_test/glide/test/ai/GLIDE_1000_200_02_234_glide_00020.png
237,glide,3797,GenImage_test/glide/test/ai/GLIDE_1000_200_09_914_glide_00143.png
237,glide,3798,GenImage_test/glide/test/nature/ILSVRC2012_val_00037912.JPEG
237,glide,3799,GenImage_test/glide/test/nature/ILSVRC2012_val_00005454.JPEG
238,glide,3800,GenImage_test/glide/test/nature/ILSVRC2012_val_00045435.JPEG
238,glide,3801,GenImage_test/glide/test/ai/GLIDE_1000_200_04_474_glide_00143.png
238,glide,3802,GenImage_test/glide/test/nature/ILSVRC2012_val_00005379.JPEG
238,glide,3803,GenImage_test/glide/test/ai/GLIDE_1000_200_00_080_glide_00127.png
238,glide,3804,GenImage_test/glide/test/nature/ILSVRC2012_val_00014450.JPEG
238,glide,3805,GenImage_test/glide/test/nature/ILSVRC2012_val_00022540.JPEG
238,glide,3806,GenImage_test/glide/test/ai/GLIDE_1000_200_02_224_glide_00143.png
238,glide,3807,GenImage_test/glide/test/ai/GLIDE_1000_200_02_264_glide_00039.png
238,glide,3808,GenImage_test/glide/test/nature/ILSVRC2012_val_00038044.JPEG
238,glide,3809,GenImage_test/glide/test/nature/ILSVRC2012_val_00037664.JPEG
238,glide,3810,GenImage_test/glide/test/ai/GLIDE_1000_200_09_949_glide_00020.png
238,glide,3811,GenImage_test/glide/test/nature/ILSVRC2012_val_00028782.JPEG
238,glide,3812,GenImage_test/glide/test/nature/ILSVRC2012_val_00025405.JPEG
238,glide,3813,GenImage_test/glide/test/nature/ILSVRC2012_val_00000034.JPEG
238,glide,3814,GenImage_test/glide/test/nature/ILSVRC2012_val_00037172.JPEG
238,glide,3815,GenImage_test/glide/test/nature/ILSVRC2012_val_00027311.JPEG
239,glide,3816,GenImage_test/glide/test/nature/ILSVRC2012_val_00000536.JPEG
239,glide,3817,GenImage_test/glide/test/nature/ILSVRC2012_val_00025792.JPEG
239,glide,3818,GenImage_test/glide/test/ai/GLIDE_1000_200_03_359_glide_00127.png
239,glide,3819,GenImage_test/glide/test/ai/GLIDE_1000_200_05_538_glide_00127.png
239,glide,3820,GenImage_test/glide/test/nature/ILSVRC2012_val_00024029.JPEG
239,glide,3821,GenImage_test/glide/test/ai/GLIDE_1000_200_03_341_glide_00074.png
239,glide,3822,GenImage_test/glide/test/nature/ILSVRC2012_val_00033252.JPEG
239,glide,3823,GenImage_test/glide/test/ai/GLIDE_1000_200_04_464_glide_00039.png
239,glide,3824,GenImage_test/glide/test/nature/ILSVRC2012_val_00035982.JPEG
239,glide,3825,GenImage_test/glide/test/nature/ILSVRC2012_val_00025379.JPEG
239,glide,3826,GenImage_test/glide/test/nature/ILSVRC2012_val_00009108.JPEG
239,glide,3827,GenImage_test/glide/test/nature/ILSVRC2012_val_00017289.JPEG
239,glide,3828,GenImage_test/glide/test/ai/GLIDE_1000_200_05_511_glide_00074.png
239,glide,3829,GenImage_test/glide/test/ai/GLIDE_1000_200_09_909_glide_00074.png
239,glide,3830,GenImage_test/glide/test/ai/GLIDE_1000_200_00_052_glide_00035.png
239,glide,3831,GenImage_test/glide/test/nature/ILSVRC2012_val_00003051.JPEG
240,glide,3832,GenImage_test/glide/test/ai/GLIDE_1000_200_07_716_glide_00039.png
240,glide,3833,GenImage_test/glide/test/ai/GLIDE_1000_200_07_758_glide_00020.png
240,glide,3834,GenImage_test/glide/test/nature/ILSVRC2012_val_00035199.JPEG
240,glide,3835,GenImage_test/glide/test/nature/ILSVRC2012_val_00002735.JPEG
240,glide,3836,GenImage_test/glide/test/ai/GLIDE_1000_200_02_298_glide_00127.png
240,glide,3837,GenImage_test/glide/test/ai/GLIDE_1000_200_05_515_glide_00035.png
240,glide,3838,GenImage_test/glide/test/nature/ILSVRC2012_val_00025051.JPEG
240,glide,3839,GenImage_test/glide/test/nature/ILSVRC2012_val_00002848.JPEG
240,glide,3840,GenImage_test/glide/test/ai/GLIDE_1000_200_07_733_glide_00020.png
240,glide,3841,GenImage_test/glide/test/ai/GLIDE_1000_200_04_417_glide_00039.png
240,glide,3842,GenImage_test/glide/test/nature/ILSVRC2012_val_00038765.JPEG
240,glide,3843,GenImage_test/glide/test/nature/ILSVRC2012_val_00025754.JPEG
240,glide,3844,GenImage_test/glide/test/nature/ILSVRC2012_val_00005376.JPEG
240,glide,3845,GenImage_test/glide/test/nature/ILSVRC2012_val_00035450.JPEG
240,glide,3846,GenImage_test/glide/test/ai/GLIDE_1000_200_07_775_glide_00020.png
240,glide,3847,GenImage_test/glide/test/nature/ILSVRC2012_val_00007725.JPEG
241,glide,3848,GenImage_test/glide/test/nature/ILSVRC2012_val_00009270.JPEG
241,glide,3849,GenImage_test/glide/test/nature/ILSVRC2012_val_00043249.JPEG
241,glide,3850,GenImage_test/glide/test/nature/ILSVRC2012_val_00001645.JPEG
241,glide,3851,GenImage_test/glide/test/nature/ILSVRC2012_val_00001943.JPEG
241,glide,3852,GenImage_test/glide/test/nature/ILSVRC2012_val_00026530.JPEG
241,glide,3853,GenImage_test/glide/test/nature/ILSVRC2012_val_00043280.JPEG
241,glide,3854,GenImage_test/glide/test/nature/ILSVRC2012_val_00020454.JPEG
241,glide,3855,GenImage_test/glide/test/ai/GLIDE_1000_200_00_090_glide_00127.png
241,glide,3856,GenImage_test/glide/test/ai/GLIDE_1000_200_06_680_glide_00127.png
241,glide,3857,GenImage_test/glide/test/nature/ILSVRC2012_val_00003796.JPEG
241,glide,3858,GenImage_test/glide/test/nature/ILSVRC2012_val_00005400.JPEG
241,glide,3859,GenImage_test/glide/test/ai/GLIDE_1000_200_03_301_glide_00039.png
241,glide,3860,GenImage_test/glide/test/nature/ILSVRC2012_val_00024046.JPEG
241,glide,3861,GenImage_test/glide/test/nature/ILSVRC2012_val_00018782.JPEG
241,glide,3862,GenImage_test/glide/test/ai/GLIDE_1000_200_07_786_glide_00020.png
241,glide,3863,GenImage_test/glide/test/ai/GLIDE_1000_200_05_585_glide_00039.png
242,glide,3864,GenImage_test/glide/test/ai/GLIDE_1000_200_06_602_glide_00074.png
242,glide,3865,GenImage_test/glide/test/nature/ILSVRC2012_val_00008508.JPEG
242,glide,3866,GenImage_test/glide/test/nature/ILSVRC2012_val_00049569.JPEG
242,glide,3867,GenImage_test/glide/test/ai/GLIDE_1000_200_08_882_glide_00035.png
242,glide,3868,GenImage_test/glide/test/ai/GLIDE_1000_200_09_930_glide_00143.png
242,glide,3869,GenImage_test/glide/test/ai/GLIDE_1000_200_06_631_glide_00039.png
242,glide,3870,GenImage_test/glide/test/nature/ILSVRC2012_val_00032881.JPEG
242,glide,3871,GenImage_test/glide/test/nature/ILSVRC2012_val_00025751.JPEG
242,glide,3872,GenImage_test/glide/test/nature/ILSVRC2012_val_00046842.JPEG
242,glide,3873,GenImage_test/glide/test/nature/ILSVRC2012_val_00014618.JPEG
242,glide,3874,GenImage_test/glide/test/nature/ILSVRC2012_val_00003494.JPEG
242,glide,3875,GenImage_test/glide/test/nature/ILSVRC2012_val_00000878.JPEG
242,glide,3876,GenImage_test/glide/test/nature/ILSVRC2012_val_00017621.JPEG
242,glide,3877,GenImage_test/glide/test/ai/GLIDE_1000_200_06_613_glide_00020.png
242,glide,3878,GenImage_test/glide/test/ai/GLIDE_1000_200_07_776_glide_00127.png
242,glide,3879,GenImage_test/glide/test/ai/GLIDE_1000_200_02_282_glide_00039.png
243,glide,3880,GenImage_test/glide/test/ai/GLIDE_1000_200_04_466_glide_00039.png
243,glide,3881,GenImage_test/glide/test/ai/GLIDE_1000_200_01_172_glide_00020.png
243,glide,3882,GenImage_test/glide/test/ai/GLIDE_1000_200_02_211_glide_00143.png
243,glide,3883,GenImage_test/glide/test/ai/GLIDE_1000_200_00_072_glide_00035.png
243,glide,3884,GenImage_test/glide/test/nature/ILSVRC2012_val_00027500.JPEG
243,glide,3885,GenImage_test/glide/test/nature/ILSVRC2012_val_00039896.JPEG
243,glide,3886,GenImage_test/glide/test/nature/ILSVRC2012_val_00026402.JPEG
243,glide,3887,GenImage_test/glide/test/ai/GLIDE_1000_200_01_124_glide_00035.png
243,glide,3888,GenImage_test/glide/test/nature/ILSVRC2012_val_00006333.JPEG
243,glide,3889,GenImage_test/glide/test/ai/GLIDE_1000_200_02_281_glide_00035.png
243,glide,3890,GenImage_test/glide/test/ai/GLIDE_1000_200_07_753_glide_00020.png
243,glide,3891,GenImage_test/glide/test/ai/GLIDE_1000_200_06_687_glide_00020.png
243,glide,3892,GenImage_test/glide/test/ai/GLIDE_1000_200_08_891_glide_00039.png
243,glide,3893,GenImage_test/glide/test/nature/ILSVRC2012_val_00007400.JPEG
243,glide,3894,GenImage_test/glide/test/nature/ILSVRC2012_val_00037399.JPEG
243,glide,3895,GenImage_test/glide/test/ai/GLIDE_1000_200_07_735_glide_00074.png
244,glide,3896,GenImage_test/glide/test/ai/GLIDE_1000_200_00_069_glide_00035.png
244,glide,3897,GenImage_test/glide/test/nature/ILSVRC2012_val_00021661.JPEG
244,glide,3898,GenImage_test/glide/test/ai/GLIDE_1000_200_07_709_glide_00039.png
244,glide,3899,GenImage_test/glide/test/nature/ILSVRC2012_val_00019179.JPEG
244,glide,3900,GenImage_test/glide/test/ai/GLIDE_1000_200_06_644_glide_00020.png
244,glide,3901,GenImage_test/glide/test/nature/ILSVRC2012_val_00012457.JPEG
244,glide,3902,GenImage_test/glide/test/ai/GLIDE_1000_200_05_580_glide_00039.png
244,glide,3903,GenImage_test/glide/test/nature/ILSVRC2012_val_00034970.JPEG
244,glide,3904,GenImage_test/glide/test/ai/GLIDE_1000_200_05_505_glide_00127.png
244,glide,3905,GenImage_test/glide/test/ai/GLIDE_1000_200_06_684_glide_00143.png
244,glide,3906,GenImage_test/glide/test/nature/ILSVRC2012_val_00033555.JPEG
244,glide,3907,GenImage_test/glide/test/ai/GLIDE_1000_200_05_585_glide_00143.png
244,glide,3908,GenImage_test/glide/test/nature/ILSVRC2012_val_00014932.JPEG
244,glide,3909,GenImage_test/glide/test/nature/ILSVRC2012_val_00044775.JPEG
244,glide,3910,GenImage_test/glide/test/nature/ILSVRC2012_val_00034551.JPEG
244,glide,3911,GenImage_test/glide/test/ai/GLIDE_1000_200_05_576_glide_00127.png
245,glide,3912,GenImage_test/glide/test/nature/ILSVRC2012_val_00027006.JPEG
245,glide,3913,GenImage_test/glide/test/ai/GLIDE_1000_200_05_582_glide_00143.png
245,glide,3914,GenImage_test/glide/test/nature/ILSVRC2012_val_00043597.JPEG
245,glide,3915,GenImage_test/glide/test/nature/ILSVRC2012_val_00044871.JPEG
245,glide,3916,GenImage_test/glide/test/ai/GLIDE_1000_200_03_307_glide_00039.png
245,glide,3917,GenImage_test/glide/test/nature/ILSVRC2012_val_00011927.JPEG
245,glide,3918,GenImage_test/glide/test/ai/GLIDE_1000_200_00_040_glide_00143.png
245,glide,3919,GenImage_test/glide/test/nature/ILSVRC2012_val_00031286.JPEG
245,glide,3920,GenImage_test/glide/test/nature/ILSVRC2012_val_00036629.JPEG
245,glide,3921,GenImage_test/glide/test/nature/ILSVRC2012_val_00015804.JPEG
245,glide,3922,GenImage_test/glide/test/nature/ILSVRC2012_val_00021673.JPEG
245,glide,3923,GenImage_test/glide/test/ai/GLIDE_1000_200_07_738_glide_00020.png
245,glide,3924,GenImage_test/glide/test/ai/GLIDE_1000_200_08_899_glide_00074.png
245,glide,3925,GenImage_test/glide/test/nature/ILSVRC2012_val_00042555.JPEG
245,glide,3926,GenImage_test/glide/test/ai/GLIDE_1000_200_07_771_glide_00020.png
245,glide,3927,GenImage_test/glide/test/nature/ILSVRC2012_val_00046521.JPEG
246,glide,3928,GenImage_test/glide/test/ai/GLIDE_1000_200_04_470_glide_00143.png
246,glide,3929,GenImage_test/glide/test/ai/GLIDE_1000_200_02_202_glide_00035.png
246,glide,3930,GenImage_test/glide/test/nature/ILSVRC2012_val_00025297.JPEG
246,glide,3931,GenImage_test/glide/test/ai/GLIDE_1000_200_09_988_glide_00074.png
246,glide,3932,GenImage_test/glide/test/ai/GLIDE_1000_200_04_471_glide_00127.png
246,glide,3933,GenImage_test/glide/test/nature/ILSVRC2012_val_00024470.JPEG
246,glide,3934,GenImage_test/glide/test/ai/GLIDE_1000_200_01_134_glide_00127.png
246,glide,3935,GenImage_test/glide/test/nature/ILSVRC2012_val_00049379.JPEG
246,glide,3936,GenImage_test/glide/test/ai/GLIDE_1000_200_02_227_glide_00035.png
246,glide,3937,GenImage_test/glide/test/ai/GLIDE_1000_200_07_764_glide_00035.png
246,glide,3938,GenImage_test/glide/test/ai/GLIDE_1000_200_04_418_glide_00143.png
246,glide,3939,GenImage_test/glide/test/ai/GLIDE_1000_200_03_354_glide_00020.png
246,glide,3940,GenImage_test/glide/test/ai/GLIDE_1000_200_00_091_glide_00039.png
246,glide,3941,GenImage_test/glide/test/nature/ILSVRC2012_val_00041605.JPEG
246,glide,3942,GenImage_test/glide/test/nature/ILSVRC2012_val_00013440.JPEG
246,glide,3943,GenImage_test/glide/test/ai/GLIDE_1000_200_00_033_glide_00143.png
247,glide,3944,GenImage_test/glide/test/ai/GLIDE_1000_200_02_222_glide_00020.png
247,glide,3945,GenImage_test/glide/test/nature/ILSVRC2012_val_00038999.JPEG
247,glide,3946,GenImage_test/glide/test/nature/ILSVRC2012_val_00039732.JPEG
247,glide,3947,GenImage_test/glide/test/ai/GLIDE_1000_200_09_905_glide_00020.png
247,glide,3948,GenImage_test/glide/test/ai/GLIDE_1000_200_07_724_glide_00039.png
247,glide,3949,GenImage_test/glide/test/nature/ILSVRC2012_val_00018433.JPEG
247,glide,3950,GenImage_test/glide/test/ai/GLIDE_1000_200_06_657_glide_00035.png
247,glide,3951,GenImage_test/glide/test/ai/GLIDE_1000_200_07_751_glide_00039.png
247,glide,3952,GenImage_test/glide/test/ai/GLIDE_1000_200_01_192_glide_00020.png
247,glide,3953,GenImage_test/glide/test/ai/GLIDE_1000_200_09_913_glide_00074.png
247,glide,3954,GenImage_test/glide/test/nature/ILSVRC2012_val_00026229.JPEG
247,glide,3955,GenImage_test/glide/test/ai/GLIDE_1000_200_03_370_glide_00074.png
247,glide,3956,GenImage_test/glide/test/nature/ILSVRC2012_val_00032472.JPEG
247,glide,3957,GenImage_test/glide/test/nature/ILSVRC2012_val_00026021.JPEG
247,glide,3958,GenImage_test/glide/test/nature/ILSVRC2012_val_00033539.JPEG
247,glide,3959,GenImage_test/glide/test/nature/ILSVRC2012_val_00040087.JPEG
248,glide,3960,GenImage_test/glide/test/ai/GLIDE_1000_200_04_450_glide_00074.png
248,glide,3961,GenImage_test/glide/test/nature/ILSVRC2012_val_00007473.JPEG
248,glide,3962,GenImage_test/glide/test/nature/ILSVRC2012_val_00009927.JPEG
248,glide,3963,GenImage_test/glide/test/nature/ILSVRC2012_val_00003973.JPEG
248,glide,3964,GenImage_test/glide/test/nature/ILSVRC2012_val_00041462.JPEG
248,glide,3965,GenImage_test/glide/test/ai/GLIDE_1000_200_06_688_glide_00039.png
248,glide,3966,GenImage_test/glide/test/nature/ILSVRC2012_val_00019872.JPEG
248,glide,3967,GenImage_test/glide/test/ai/GLIDE_1000_200_01_143_glide_00039.png
248,glide,3968,GenImage_test/glide/test/nature/ILSVRC2012_val_00037068.JPEG
248,glide,3969,GenImage_test/glide/test/nature/ILSVRC2012_val_00021881.JPEG
248,glide,3970,GenImage_test/glide/test/ai/GLIDE_1000_200_05_524_glide_00035.png
248,glide,3971,GenImage_test/glide/test/nature/ILSVRC2012_val_00026074.JPEG
248,glide,3972,GenImage_test/glide/test/ai/GLIDE_1000_200_00_061_glide_00143.png
248,glide,3973,GenImage_test/glide/test/nature/ILSVRC2012_val_00017996.JPEG
248,glide,3974,GenImage_test/glide/test/ai/GLIDE_1000_200_09_972_glide_00020.png
248,glide,3975,GenImage_test/glide/test/nature/ILSVRC2012_val_00016636.JPEG
249,glide,3976,GenImage_test/glide/test/nature/ILSVRC2012_val_00047235.JPEG
249,glide,3977,GenImage_test/glide/test/nature/ILSVRC2012_val_00043596.JPEG
249,glide,3978,GenImage_test/glide/test/ai/GLIDE_1000_200_01_182_glide_00127.png
249,glide,3979,GenImage_test/glide/test/ai/GLIDE_1000_200_01_168_glide_00074.png
249,glide,3980,GenImage_test/glide/test/nature/ILSVRC2012_val_00043251.JPEG
249,glide,3981,GenImage_test/glide/test/nature/ILSVRC2012_val_00021593.JPEG
249,glide,3982,GenImage_test/glide/test/ai/GLIDE_1000_200_05_581_glide_00035.png
249,glide,3983,GenImage_test/glide/test/nature/ILSVRC2012_val_00041021.JPEG
249,glide,3984,GenImage_test/glide/test/ai/GLIDE_1000_200_02_268_glide_00035.png
249,glide,3985,GenImage_test/glide/test/ai/GLIDE_1000_200_04_472_glide_00127.png
249,glide,3986,GenImage_test/glide/test/ai/GLIDE_1000_200_00_019_glide_00039.png
249,glide,3987,GenImage_test/glide/test/ai/GLIDE_1000_200_05_542_glide_00074.png
249,glide,3988,GenImage_test/glide/test/ai/GLIDE_1000_200_04_461_glide_00039.png
249,glide,3989,GenImage_test/glide/test/ai/GLIDE_1000_200_00_062_glide_00039.png
249,glide,3990,GenImage_test/glide/test/ai/GLIDE_1000_200_07_735_glide_00039.png
249,glide,3991,GenImage_test/glide/test/ai/GLIDE_1000_200_07_758_glide_00074.png
250,glide,3992,GenImage_test/glide/test/nature/ILSVRC2012_val_00007360.JPEG
250,glide,3993,GenImage_test/glide/test/ai/GLIDE_1000_200_02_297_glide_00074.png
250,glide,3994,GenImage_test/glide/test/nature/ILSVRC2012_val_00027156.JPEG
250,glide,3995,GenImage_test/glide/test/nature/ILSVRC2012_val_00049303.JPEG
250,glide,3996,GenImage_test/glide/test/ai/GLIDE_1000_200_08_896_glide_00035.png
250,glide,3997,GenImage_test/glide/test/ai/GLIDE_1000_200_06_698_glide_00020.png
250,glide,3998,GenImage_test/glide/test/ai/GLIDE_1000_200_09_939_glide_00035.png
250,glide,3999,GenImage_test/glide/test/ai/GLIDE_1000_200_05_507_glide_00039.png
250,glide,4000,GenImage_test/glide/test/nature/ILSVRC2012_val_00004828.JPEG
250,glide,4001,GenImage_test/glide/test/nature/ILSVRC2012_val_00032827.JPEG
250,glide,4002,GenImage_test/glide/test/nature/ILSVRC2012_val_00037194.JPEG
250,glide,4003,GenImage_test/glide/test/nature/ILSVRC2012_val_00047631.JPEG
250,glide,4004,GenImage_test/glide/test/nature/ILSVRC2012_val_00022372.JPEG
250,glide,4005,GenImage_test/glide/test/ai/GLIDE_1000_200_07_738_glide_00074.png
250,glide,4006,GenImage_test/glide/test/nature/ILSVRC2012_val_00013229.JPEG
250,glide,4007,GenImage_test/glide/test/nature/ILSVRC2012_val_00047495.JPEG
251,glide,4008,GenImage_test/glide/test/ai/GLIDE_1000_200_05_504_glide_00143.png
251,glide,4009,GenImage_test/glide/test/nature/ILSVRC2012_val_00009607.JPEG
251,glide,4010,GenImage_test/glide/test/ai/GLIDE_1000_200_07_768_glide_00143.png
251,glide,4011,GenImage_test/glide/test/ai/GLIDE_1000_200_00_053_glide_00039.png
251,glide,4012,GenImage_test/glide/test/nature/ILSVRC2012_val_00037811.JPEG
251,glide,4013,GenImage_test/glide/test/ai/GLIDE_1000_200_07_740_glide_00127.png
251,glide,4014,GenImage_test/glide/test/ai/GLIDE_1000_200_03_329_glide_00127.png
251,glide,4015,GenImage_test/glide/test/nature/ILSVRC2012_val_00029614.JPEG
251,glide,4016,GenImage_test/glide/test/nature/ILSVRC2012_val_00001144.JPEG
251,glide,4017,GenImage_test/glide/test/nature/ILSVRC2012_val_00039892.JPEG
251,glide,4018,GenImage_test/glide/test/nature/ILSVRC2012_val_00009439.JPEG
251,glide,4019,GenImage_test/glide/test/nature/ILSVRC2012_val_00011313.JPEG
251,glide,4020,GenImage_test/glide/test/ai/GLIDE_1000_200_06_604_glide_00035.png
251,glide,4021,GenImage_test/glide/test/nature/ILSVRC2012_val_00005556.JPEG
251,glide,4022,GenImage_test/glide/test/ai/GLIDE_1000_200_08_898_glide_00074.png
251,glide,4023,GenImage_test/glide/test/nature/ILSVRC2012_val_00049725.JPEG
252,glide,4024,GenImage_test/glide/test/nature/ILSVRC2012_val_00024434.JPEG
252,glide,4025,GenImage_test/glide/test/nature/ILSVRC2012_val_00031864.JPEG
252,glide,4026,GenImage_test/glide/test/nature/ILSVRC2012_val_00046907.JPEG
252,glide,4027,GenImage_test/glide/test/nature/ILSVRC2012_val_00030568.JPEG
252,glide,4028,GenImage_test/glide/test/nature/ILSVRC2012_val_00010548.JPEG
252,glide,4029,GenImage_test/glide/test/nature/ILSVRC2012_val_00025063.JPEG
252,glide,4030,GenImage_test/glide/test/ai/GLIDE_1000_200_04_431_glide_00035.png
252,glide,4031,GenImage_test/glide/test/ai/GLIDE_1000_200_04_494_glide_00127.png
252,glide,4032,GenImage_test/glide/test/nature/ILSVRC2012_val_00012950.JPEG
252,glide,4033,GenImage_test/glide/test/nature/ILSVRC2012_val_00044856.JPEG
252,glide,4034,GenImage_test/glide/test/nature/ILSVRC2012_val_00018699.JPEG
252,glide,4035,GenImage_test/glide/test/ai/GLIDE_1000_200_05_509_glide_00143.png
252,glide,4036,GenImage_test/glide/test/nature/ILSVRC2012_val_00028849.JPEG
252,glide,4037,GenImage_test/glide/test/nature/ILSVRC2012_val_00040795.JPEG
252,glide,4038,GenImage_test/glide/test/ai/GLIDE_1000_200_05_562_glide_00143.png
252,glide,4039,GenImage_test/glide/test/nature/ILSVRC2012_val_00021811.JPEG
253,glide,4040,GenImage_test/glide/test/ai/GLIDE_1000_200_00_075_glide_00074.png
253,glide,4041,GenImage_test/glide/test/ai/GLIDE_1000_200_07_710_glide_00127.png
253,glide,4042,GenImage_test/glide/test/ai/GLIDE_1000_200_09_975_glide_00143.png
253,glide,4043,GenImage_test/glide/test/ai/GLIDE_1000_200_03_370_glide_00020.png
253,glide,4044,GenImage_test/glide/test/nature/ILSVRC2012_val_00047546.JPEG
253,glide,4045,GenImage_test/glide/test/nature/ILSVRC2012_val_00002519.JPEG
253,glide,4046,GenImage_test/glide/test/nature/ILSVRC2012_val_00018555.JPEG
253,glide,4047,GenImage_test/glide/test/ai/GLIDE_1000_200_03_398_glide_00020.png
253,glide,4048,GenImage_test/glide/test/nature/ILSVRC2012_val_00005393.JPEG
253,glide,4049,GenImage_test/glide/test/ai/GLIDE_1000_200_07_749_glide_00035.png
253,glide,4050,GenImage_test/glide/test/ai/GLIDE_1000_200_09_954_glide_00020.png
253,glide,4051,GenImage_test/glide/test/ai/GLIDE_1000_200_00_086_glide_00143.png
253,glide,4052,GenImage_test/glide/test/ai/GLIDE_1000_200_03_325_glide_00143.png
253,glide,4053,GenImage_test/glide/test/ai/GLIDE_1000_200_04_446_glide_00020.png
253,glide,4054,GenImage_test/glide/test/nature/ILSVRC2012_val_00001670.JPEG
253,glide,4055,GenImage_test/glide/test/ai/GLIDE_1000_200_04_447_glide_00035.png
254,glide,4056,GenImage_test/glide/test/ai/GLIDE_1000_200_08_806_glide_00020.png
254,glide,4057,GenImage_test/glide/test/nature/ILSVRC2012_val_00009343.JPEG
254,glide,4058,GenImage_test/glide/test/ai/GLIDE_1000_200_07_737_glide_00020.png
254,glide,4059,GenImage_test/glide/test/ai/GLIDE_1000_200_02_200_glide_00143.png
254,glide,4060,GenImage_test/glide/test/ai/GLIDE_1000_200_05_567_glide_00039.png
254,glide,4061,GenImage_test/glide/test/nature/ILSVRC2012_val_00001778.JPEG
254,glide,4062,GenImage_test/glide/test/ai/GLIDE_1000_200_08_817_glide_00020.png
254,glide,4063,GenImage_test/glide/test/ai/GLIDE_1000_200_02_273_glide_00039.png
254,glide,4064,GenImage_test/glide/test/ai/GLIDE_1000_200_09_922_glide_00074.png
254,glide,4065,GenImage_test/glide/test/nature/ILSVRC2012_val_00033210.JPEG
254,glide,4066,GenImage_test/glide/test/ai/GLIDE_1000_200_07_795_glide_00035.png
254,glide,4067,GenImage_test/glide/test/nature/ILSVRC2012_val_00049318.JPEG
254,glide,4068,GenImage_test/glide/test/nature/ILSVRC2012_val_00024904.JPEG
254,glide,4069,GenImage_test/glide/test/nature/ILSVRC2012_val_00035419.JPEG
254,glide,4070,GenImage_test/glide/test/ai/GLIDE_1000_200_03_330_glide_00127.png
254,glide,4071,GenImage_test/glide/test/nature/ILSVRC2012_val_00032347.JPEG
255,glide,4072,GenImage_test/glide/test/ai/GLIDE_1000_200_09_952_glide_00074.png
255,glide,4073,GenImage_test/glide/test/nature/ILSVRC2012_val_00008165.JPEG
255,glide,4074,GenImage_test/glide/test/nature/ILSVRC2012_val_00042006.JPEG
255,glide,4075,GenImage_test/glide/test/ai/GLIDE_1000_200_02_242_glide_00039.png
255,glide,4076,GenImage_test/glide/test/ai/GLIDE_1000_200_09_912_glide_00020.png
255,glide,4077,GenImage_test/glide/test/ai/GLIDE_1000_200_07_715_glide_00143.png
255,glide,4078,GenImage_test/glide/test/ai/GLIDE_1000_200_02_243_glide_00143.png
255,glide,4079,GenImage_test/glide/test/ai/GLIDE_1000_200_03_372_glide_00035.png
255,glide,4080,GenImage_test/glide/test/ai/GLIDE_1000_200_06_603_glide_00020.png
255,glide,4081,GenImage_test/glide/test/ai/GLIDE_1000_200_08_837_glide_00074.png
255,glide,4082,GenImage_test/glide/test/nature/ILSVRC2012_val_00029674.JPEG
255,glide,4083,GenImage_test/glide/test/ai/GLIDE_1000_200_07_797_glide_00020.png
255,glide,4084,GenImage_test/glide/test/ai/GLIDE_1000_200_02_248_glide_00035.png
255,glide,4085,GenImage_test/glide/test/ai/GLIDE_1000_200_06_605_glide_00143.png
255,glide,4086,GenImage_test/glide/test/nature/ILSVRC2012_val_00044897.JPEG
255,glide,4087,GenImage_test/glide/test/nature/ILSVRC2012_val_00024283.JPEG
256,glide,4088,GenImage_test/glide/test/ai/GLIDE_1000_200_03_356_glide_00039.png
256,glide,4089,GenImage_test/glide/test/ai/GLIDE_1000_200_08_865_glide_00039.png
256,glide,4090,GenImage_test/glide/test/nature/ILSVRC2012_val_00001655.JPEG
256,glide,4091,GenImage_test/glide/test/ai/GLIDE_1000_200_02_228_glide_00074.png
256,glide,4092,GenImage_test/glide/test/nature/ILSVRC2012_val_00013663.JPEG
256,glide,4093,GenImage_test/glide/test/ai/GLIDE_1000_200_07_776_glide_00143.png
256,glide,4094,GenImage_test/glide/test/ai/GLIDE_1000_200_08_832_glide_00127.png
256,glide,4095,GenImage_test/glide/test/ai/GLIDE_1000_200_05_528_glide_00020.png
256,glide,4096,GenImage_test/glide/test/ai/GLIDE_1000_200_05_544_glide_00039.png
256,glide,4097,GenImage_test/glide/test/nature/ILSVRC2012_val_00044205.JPEG
256,glide,4098,GenImage_test/glide/test/nature/ILSVRC2012_val_00037980.JPEG
256,glide,4099,GenImage_test/glide/test/nature/ILSVRC2012_val_00033697.JPEG
256,glide,4100,GenImage_test/glide/test/ai/GLIDE_1000_200_09_941_glide_00143.png
256,glide,4101,GenImage_test/glide/test/nature/ILSVRC2012_val_00018639.JPEG
256,glide,4102,GenImage_test/glide/test/nature/ILSVRC2012_val_00043717.JPEG
256,glide,4103,GenImage_test/glide/test/nature/ILSVRC2012_val_00025901.JPEG
257,glide,4104,GenImage_test/glide/test/ai/GLIDE_1000_200_03_322_glide_00039.png
257,glide,4105,GenImage_test/glide/test/nature/ILSVRC2012_val_00015628.JPEG
257,glide,4106,GenImage_test/glide/test/ai/GLIDE_1000_200_08_835_glide_00020.png
257,glide,4107,GenImage_test/glide/test/nature/ILSVRC2012_val_00044804.JPEG
257,glide,4108,GenImage_test/glide/test/ai/GLIDE_1000_200_09_971_glide_00020.png
257,glide,4109,GenImage_test/glide/test/ai/GLIDE_1000_200_09_911_glide_00074.png
257,glide,4110,GenImage_test/glide/test/nature/ILSVRC2012_val_00031764.JPEG
257,glide,4111,GenImage_test/glide/test/ai/GLIDE_1000_200_09_970_glide_00035.png
257,glide,4112,GenImage_test/glide/test/ai/GLIDE_1000_200_00_044_glide_00074.png
257,glide,4113,GenImage_test/glide/test/ai/GLIDE_1000_200_03_355_glide_00143.png
257,glide,4114,GenImage_test/glide/test/ai/GLIDE_1000_200_05_553_glide_00074.png
257,glide,4115,GenImage_test/glide/test/ai/GLIDE_1000_200_01_198_glide_00127.png
257,glide,4116,GenImage_test/glide/test/ai/GLIDE_1000_200_04_440_glide_00035.png
257,glide,4117,GenImage_test/glide/test/nature/ILSVRC2012_val_00029060.JPEG
257,glide,4118,GenImage_test/glide/test/nature/ILSVRC2012_val_00013549.JPEG
257,glide,4119,GenImage_test/glide/test/nature/ILSVRC2012_val_00049484.JPEG
258,glide,4120,GenImage_test/glide/test/nature/ILSVRC2012_val_00038881.JPEG
258,glide,4121,GenImage_test/glide/test/nature/ILSVRC2012_val_00011726.JPEG
258,glide,4122,GenImage_test/glide/test/nature/ILSVRC2012_val_00033313.JPEG
258,glide,4123,GenImage_test/glide/test/ai/GLIDE_1000_200_05_504_glide_00020.png
258,glide,4124,GenImage_test/glide/test/ai/GLIDE_1000_200_09_960_glide_00143.png
258,glide,4125,GenImage_test/glide/test/ai/GLIDE_1000_200_01_141_glide_00020.png
258,glide,4126,GenImage_test/glide/test/ai/GLIDE_1000_200_03_344_glide_00039.png
258,glide,4127,GenImage_test/glide/test/nature/ILSVRC2012_val_00031626.JPEG
258,glide,4128,GenImage_test/glide/test/nature/ILSVRC2012_val_00013885.JPEG
258,glide,4129,GenImage_test/glide/test/ai/GLIDE_1000_200_03_386_glide_00127.png
258,glide,4130,GenImage_test/glide/test/ai/GLIDE_1000_200_01_152_glide_00035.png
258,glide,4131,GenImage_test/glide/test/ai/GLIDE_1000_200_00_092_glide_00035.png
258,glide,4132,GenImage_test/glide/test/ai/GLIDE_1000_200_09_917_glide_00039.png
258,glide,4133,GenImage_test/glide/test/ai/GLIDE_1000_200_03_368_glide_00127.png
258,glide,4134,GenImage_test/glide/test/ai/GLIDE_1000_200_05_522_glide_00035.png
258,glide,4135,GenImage_test/glide/test/ai/GLIDE_1000_200_01_148_glide_00074.png
259,glide,4136,GenImage_test/glide/test/nature/ILSVRC2012_val_00045792.JPEG
259,glide,4137,GenImage_test/glide/test/ai/GLIDE_1000_200_00_090_glide_00074.png
259,glide,4138,GenImage_test/glide/test/ai/GLIDE_1000_200_03_318_glide_00127.png
259,glide,4139,GenImage_test/glide/test/ai/GLIDE_1000_200_02_269_glide_00039.png
259,glide,4140,GenImage_test/glide/test/ai/GLIDE_1000_200_03_307_glide_00127.png
259,glide,4141,GenImage_test/glide/test/nature/ILSVRC2012_val_00048618.JPEG
259,glide,4142,GenImage_test/glide/test/ai/GLIDE_1000_200_03_395_glide_00143.png
259,glide,4143,GenImage_test/glide/test/ai/GLIDE_1000_200_09_903_glide_00074.png
259,glide,4144,GenImage_test/glide/test/nature/ILSVRC2012_val_00013436.JPEG
259,glide,4145,GenImage_test/glide/test/ai/GLIDE_1000_200_06_622_glide_00020.png
259,glide,4146,GenImage_test/glide/test/ai/GLIDE_1000_200_01_189_glide_00020.png
259,glide,4147,GenImage_test/glide/test/ai/GLIDE_1000_200_04_487_glide_00035.png
259,glide,4148,GenImage_test/glide/test/nature/ILSVRC2012_val_00026769.JPEG
259,glide,4149,GenImage_test/glide/test/ai/GLIDE_1000_200_00_013_glide_00020.png
259,glide,4150,GenImage_test/glide/test/ai/GLIDE_1000_200_06_647_glide_00020.png
259,glide,4151,GenImage_test/glide/test/nature/ILSVRC2012_val_00005047.JPEG
260,glide,4152,GenImage_test/glide/test/ai/GLIDE_1000_200_05_556_glide_00074.png
260,glide,4153,GenImage_test/glide/test/nature/ILSVRC2012_val_00045112.JPEG
260,glide,4154,GenImage_test/glide/test/ai/GLIDE_1000_200_08_807_glide_00035.png
260,glide,4155,GenImage_test/glide/test/ai/GLIDE_1000_200_09_930_glide_00035.png
260,glide,4156,GenImage_test/glide/test/ai/GLIDE_1000_200_01_105_glide_00035.png
260,glide,4157,GenImage_test/glide/test/ai/GLIDE_1000_200_08_835_glide_00035.png
260,glide,4158,GenImage_test/glide/test/ai/GLIDE_1000_200_08_808_glide_00143.png
260,glide,4159,GenImage_test/glide/test/ai/GLIDE_1000_200_01_184_glide_00143.png
260,glide,4160,GenImage_test/glide/test/nature/ILSVRC2012_val_00026671.JPEG
260,glide,4161,GenImage_test/glide/test/ai/GLIDE_1000_200_03_372_glide_00039.png
260,glide,4162,GenImage_test/glide/test/nature/ILSVRC2012_val_00037828.JPEG
260,glide,4163,GenImage_test/glide/test/nature/ILSVRC2012_val_00000523.JPEG
260,glide,4164,GenImage_test/glide/test/nature/ILSVRC2012_val_00014894.JPEG
260,glide,4165,GenImage_test/glide/test/nature/ILSVRC2012_val_00030050.JPEG
260,glide,4166,GenImage_test/glide/test/ai/GLIDE_1000_200_04_452_glide_00020.png
260,glide,4167,GenImage_test/glide/test/ai/GLIDE_1000_200_09_904_glide_00143.png
261,glide,4168,GenImage_test/glide/test/ai/GLIDE_1000_200_04_401_glide_00074.png
261,glide,4169,GenImage_test/glide/test/ai/GLIDE_1000_200_07_733_glide_00143.png
261,glide,4170,GenImage_test/glide/test/nature/ILSVRC2012_val_00047205.JPEG
261,glide,4171,GenImage_test/glide/test/nature/ILSVRC2012_val_00012969.JPEG
261,glide,4172,GenImage_test/glide/test/ai/GLIDE_1000_200_01_103_glide_00020.png
261,glide,4173,GenImage_test/glide/test/nature/ILSVRC2012_val_00043133.JPEG
261,glide,4174,GenImage_test/glide/test/nature/ILSVRC2012_val_00036932.JPEG
261,glide,4175,GenImage_test/glide/test/nature/ILSVRC2012_val_00014742.JPEG
261,glide,4176,GenImage_test/glide/test/ai/GLIDE_1000_200_05_543_glide_00143.png
261,glide,4177,GenImage_test/glide/test/nature/ILSVRC2012_val_00024537.JPEG
261,glide,4178,GenImage_test/glide/test/nature/ILSVRC2012_val_00012533.JPEG
261,glide,4179,GenImage_test/glide/test/ai/GLIDE_1000_200_06_617_glide_00074.png
261,glide,4180,GenImage_test/glide/test/nature/ILSVRC2012_val_00014684.JPEG
261,glide,4181,GenImage_test/glide/test/ai/GLIDE_1000_200_00_047_glide_00074.png
261,glide,4182,GenImage_test/glide/test/ai/GLIDE_1000_200_07_743_glide_00035.png
261,glide,4183,GenImage_test/glide/test/ai/GLIDE_1000_200_07_701_glide_00020.png
262,glide,4184,GenImage_test/glide/test/ai/GLIDE_1000_200_07_726_glide_00039.png
262,glide,4185,GenImage_test/glide/test/ai/GLIDE_1000_200_05_552_glide_00039.png
262,glide,4186,GenImage_test/glide/test/ai/GLIDE_1000_200_07_766_glide_00143.png
262,glide,4187,GenImage_test/glide/test/ai/GLIDE_1000_200_03_364_glide_00143.png
262,glide,4188,GenImage_test/glide/test/nature/ILSVRC2012_val_00010556.JPEG
262,glide,4189,GenImage_test/glide/test/nature/ILSVRC2012_val_00013718.JPEG
262,glide,4190,GenImage_test/glide/test/ai/GLIDE_1000_200_01_136_glide_00039.png
262,glide,4191,GenImage_test/glide/test/ai/GLIDE_1000_200_05_580_glide_00035.png
262,glide,4192,GenImage_test/glide/test/nature/ILSVRC2012_val_00029502.JPEG
262,glide,4193,GenImage_test/glide/test/nature/ILSVRC2012_val_00014177.JPEG
262,glide,4194,GenImage_test/glide/test/ai/GLIDE_1000_200_01_129_glide_00143.png
262,glide,4195,GenImage_test/glide/test/ai/GLIDE_1000_200_02_269_glide_00035.png
262,glide,4196,GenImage_test/glide/test/nature/ILSVRC2012_val_00007731.JPEG
262,glide,4197,GenImage_test/glide/test/nature/ILSVRC2012_val_00044564.JPEG
262,glide,4198,GenImage_test/glide/test/nature/ILSVRC2012_val_00009757.JPEG
262,glide,4199,GenImage_test/glide/test/ai/GLIDE_1000_200_02_241_glide_00039.png
263,glide,4200,GenImage_test/glide/test/nature/ILSVRC2012_val_00030376.JPEG
263,glide,4201,GenImage_test/glide/test/nature/ILSVRC2012_val_00002496.JPEG
263,glide,4202,GenImage_test/glide/test/nature/ILSVRC2012_val_00001385.JPEG
263,glide,4203,GenImage_test/glide/test/nature/ILSVRC2012_val_00034075.JPEG
263,glide,4204,GenImage_test/glide/test/nature/ILSVRC2012_val_00029029.JPEG
263,glide,4205,GenImage_test/glide/test/ai/GLIDE_1000_200_02_219_glide_00020.png
263,glide,4206,GenImage_test/glide/test/nature/ILSVRC2012_val_00047633.JPEG
263,glide,4207,GenImage_test/glide/test/nature/ILSVRC2012_val_00027594.JPEG
263,glide,4208,GenImage_test/glide/test/nature/ILSVRC2012_val_00036726.JPEG
263,glide,4209,GenImage_test/glide/test/nature/ILSVRC2012_val_00039737.JPEG
263,glide,4210,GenImage_test/glide/test/ai/GLIDE_1000_200_09_983_glide_00143.png
263,glide,4211,GenImage_test/glide/test/nature/ILSVRC2012_val_00017188.JPEG
263,glide,4212,GenImage_test/glide/test/nature/ILSVRC2012_val_00016314.JPEG
263,glide,4213,GenImage_test/glide/test/nature/ILSVRC2012_val_00033100.JPEG
263,glide,4214,GenImage_test/glide/test/nature/ILSVRC2012_val_00017704.JPEG
263,glide,4215,GenImage_test/glide/test/nature/ILSVRC2012_val_00043853.JPEG
264,glide,4216,GenImage_test/glide/test/ai/GLIDE_1000_200_00_074_glide_00039.png
264,glide,4217,GenImage_test/glide/test/nature/ILSVRC2012_val_00025699.JPEG
264,glide,4218,GenImage_test/glide/test/nature/ILSVRC2012_val_00042607.JPEG
264,glide,4219,GenImage_test/glide/test/nature/ILSVRC2012_val_00015937.JPEG
264,glide,4220,GenImage_test/glide/test/nature/ILSVRC2012_val_00009027.JPEG
264,glide,4221,GenImage_test/glide/test/ai/GLIDE_1000_200_05_554_glide_00020.png
264,glide,4222,GenImage_test/glide/test/nature/ILSVRC2012_val_00042906.JPEG
264,glide,4223,GenImage_test/glide/test/ai/GLIDE_1000_200_01_153_glide_00035.png
264,glide,4224,GenImage_test/glide/test/ai/GLIDE_1000_200_09_943_glide_00127.png
264,glide,4225,GenImage_test/glide/test/nature/ILSVRC2012_val_00035387.JPEG
264,glide,4226,GenImage_test/glide/test/ai/GLIDE_1000_200_04_417_glide_00143.png
264,glide,4227,GenImage_test/glide/test/ai/GLIDE_1000_200_09_924_glide_00020.png
264,glide,4228,GenImage_test/glide/test/nature/ILSVRC2012_val_00004586.JPEG
264,glide,4229,GenImage_test/glide/test/ai/GLIDE_1000_200_04_426_glide_00074.png
264,glide,4230,GenImage_test/glide/test/ai/GLIDE_1000_200_03_324_glide_00039.png
264,glide,4231,GenImage_test/glide/test/ai/GLIDE_1000_200_06_694_glide_00020.png
265,glide,4232,GenImage_test/glide/test/ai/GLIDE_1000_200_02_235_glide_00127.png
265,glide,4233,GenImage_test/glide/test/nature/ILSVRC2012_val_00009494.JPEG
265,glide,4234,GenImage_test/glide/test/nature/ILSVRC2012_val_00003647.JPEG
265,glide,4235,GenImage_test/glide/test/ai/GLIDE_1000_200_05_599_glide_00074.png
265,glide,4236,GenImage_test/glide/test/nature/ILSVRC2012_val_00044723.JPEG
265,glide,4237,GenImage_test/glide/test/nature/ILSVRC2012_val_00031723.JPEG
265,glide,4238,GenImage_test/glide/test/ai/GLIDE_1000_200_08_839_glide_00020.png
265,glide,4239,GenImage_test/glide/test/ai/GLIDE_1000_200_01_182_glide_00143.png
265,glide,4240,GenImage_test/glide/test/ai/GLIDE_1000_200_01_164_glide_00074.png
265,glide,4241,GenImage_test/glide/test/ai/GLIDE_1000_200_05_501_glide_00039.png
265,glide,4242,GenImage_test/glide/test/nature/ILSVRC2012_val_00013094.JPEG
265,glide,4243,GenImage_test/glide/test/ai/GLIDE_1000_200_07_750_glide_00127.png
265,glide,4244,GenImage_test/glide/test/ai/GLIDE_1000_200_05_552_glide_00020.png
265,glide,4245,GenImage_test/glide/test/nature/ILSVRC2012_val_00030747.JPEG
265,glide,4246,GenImage_test/glide/test/nature/ILSVRC2012_val_00020870.JPEG
265,glide,4247,GenImage_test/glide/test/nature/ILSVRC2012_val_00011127.JPEG
266,glide,4248,GenImage_test/glide/test/ai/GLIDE_1000_200_04_423_glide_00074.png
266,glide,4249,GenImage_test/glide/test/ai/GLIDE_1000_200_09_979_glide_00143.png
266,glide,4250,GenImage_test/glide/test/ai/GLIDE_1000_200_00_016_glide_00143.png
266,glide,4251,GenImage_test/glide/test/ai/GLIDE_1000_200_03_388_glide_00127.png
266,glide,4252,GenImage_test/glide/test/ai/GLIDE_1000_200_01_126_glide_00074.png
266,glide,4253,GenImage_test/glide/test/nature/ILSVRC2012_val_00038030.JPEG
266,glide,4254,GenImage_test/glide/test/nature/ILSVRC2012_val_00034153.JPEG
266,glide,4255,GenImage_test/glide/test/ai/GLIDE_1000_200_03_386_glide_00035.png
266,glide,4256,GenImage_test/glide/test/nature/ILSVRC2012_val_00041394.JPEG
266,glide,4257,GenImage_test/glide/test/ai/GLIDE_1000_200_00_074_glide_00143.png
266,glide,4258,GenImage_test/glide/test/ai/GLIDE_1000_200_06_602_glide_00035.png
266,glide,4259,GenImage_test/glide/test/ai/GLIDE_1000_200_09_972_glide_00127.png
266,glide,4260,GenImage_test/glide/test/nature/ILSVRC2012_val_00012512.JPEG
266,glide,4261,GenImage_test/glide/test/ai/GLIDE_1000_200_03_366_glide_00074.png
266,glide,4262,GenImage_test/glide/test/nature/ILSVRC2012_val_00027981.JPEG
266,glide,4263,GenImage_test/glide/test/ai/GLIDE_1000_200_07_792_glide_00020.png
267,glide,4264,GenImage_test/glide/test/ai/GLIDE_1000_200_04_455_glide_00127.png
267,glide,4265,GenImage_test/glide/test/ai/GLIDE_1000_200_03_318_glide_00074.png
267,glide,4266,GenImage_test/glide/test/nature/ILSVRC2012_val_00027347.JPEG
267,glide,4267,GenImage_test/glide/test/nature/ILSVRC2012_val_00035559.JPEG
267,glide,4268,GenImage_test/glide/test/nature/ILSVRC2012_val_00016037.JPEG
267,glide,4269,GenImage_test/glide/test/nature/ILSVRC2012_val_00024536.JPEG
267,glide,4270,GenImage_test/glide/test/ai/GLIDE_1000_200_00_005_glide_00039.png
267,glide,4271,GenImage_test/glide/test/nature/ILSVRC2012_val_00040850.JPEG
267,glide,4272,GenImage_test/glide/test/nature/ILSVRC2012_val_00049598.JPEG
267,glide,4273,GenImage_test/glide/test/ai/GLIDE_1000_200_09_994_glide_00143.png
267,glide,4274,GenImage_test/glide/test/ai/GLIDE_1000_200_01_107_glide_00039.png
267,glide,4275,GenImage_test/glide/test/ai/GLIDE_1000_200_00_064_glide_00039.png
267,glide,4276,GenImage_test/glide/test/ai/GLIDE_1000_200_01_132_glide_00143.png
267,glide,4277,GenImage_test/glide/test/nature/ILSVRC2012_val_00045416.JPEG
267,glide,4278,GenImage_test/glide/test/nature/ILSVRC2012_val_00020177.JPEG
267,glide,4279,GenImage_test/glide/test/ai/GLIDE_1000_200_06_670_glide_00020.png
268,glide,4280,GenImage_test/glide/test/nature/ILSVRC2012_val_00008572.JPEG
268,glide,4281,GenImage_test/glide/test/nature/ILSVRC2012_val_00008557.JPEG
268,glide,4282,GenImage_test/glide/test/ai/GLIDE_1000_200_09_999_glide_00074.png
268,glide,4283,GenImage_test/glide/test/ai/GLIDE_1000_200_04_435_glide_00074.png
268,glide,4284,GenImage_test/glide/test/ai/GLIDE_1000_200_07_799_glide_00074.png
268,glide,4285,GenImage_test/glide/test/ai/GLIDE_1000_200_07_762_glide_00039.png
268,glide,4286,GenImage_test/glide/test/nature/ILSVRC2012_val_00026524.JPEG
268,glide,4287,GenImage_test/glide/test/ai/GLIDE_1000_200_09_955_glide_00039.png
268,glide,4288,GenImage_test/glide/test/nature/ILSVRC2012_val_00020589.JPEG
268,glide,4289,GenImage_test/glide/test/nature/ILSVRC2012_val_00012276.JPEG
268,glide,4290,GenImage_test/glide/test/ai/GLIDE_1000_200_01_177_glide_00039.png
268,glide,4291,GenImage_test/glide/test/ai/GLIDE_1000_200_03_336_glide_00074.png
268,glide,4292,GenImage_test/glide/test/nature/ILSVRC2012_val_00021016.JPEG
268,glide,4293,GenImage_test/glide/test/ai/GLIDE_1000_200_00_061_glide_00039.png
268,glide,4294,GenImage_test/glide/test/ai/GLIDE_1000_200_07_729_glide_00127.png
268,glide,4295,GenImage_test/glide/test/ai/GLIDE_1000_200_06_677_glide_00143.png
269,glide,4296,GenImage_test/glide/test/nature/ILSVRC2012_val_00012616.JPEG
269,glide,4297,GenImage_test/glide/test/ai/GLIDE_1000_200_04_470_glide_00020.png
269,glide,4298,GenImage_test/glide/test/ai/GLIDE_1000_200_09_912_glide_00039.png
269,glide,4299,GenImage_test/glide/test/ai/GLIDE_1000_200_01_160_glide_00035.png
269,glide,4300,GenImage_test/glide/test/ai/GLIDE_1000_200_05_589_glide_00143.png
269,glide,4301,GenImage_test/glide/test/nature/ILSVRC2012_val_00015035.JPEG
269,glide,4302,GenImage_test/glide/test/ai/GLIDE_1000_200_08_804_glide_00039.png
269,glide,4303,GenImage_test/glide/test/nature/ILSVRC2012_val_00030393.JPEG
269,glide,4304,GenImage_test/glide/test/ai/GLIDE_1000_200_01_113_glide_00127.png
269,glide,4305,GenImage_test/glide/test/ai/GLIDE_1000_200_08_855_glide_00074.png
269,glide,4306,GenImage_test/glide/test/nature/ILSVRC2012_val_00038430.JPEG
269,glide,4307,GenImage_test/glide/test/ai/GLIDE_1000_200_03_346_glide_00127.png
269,glide,4308,GenImage_test/glide/test/ai/GLIDE_1000_200_09_921_glide_00074.png
269,glide,4309,GenImage_test/glide/test/ai/GLIDE_1000_200_09_946_glide_00143.png
269,glide,4310,GenImage_test/glide/test/nature/ILSVRC2012_val_00032304.JPEG
269,glide,4311,GenImage_test/glide/test/nature/ILSVRC2012_val_00006856.JPEG
270,glide,4312,GenImage_test/glide/test/nature/ILSVRC2012_val_00030871.JPEG
270,glide,4313,GenImage_test/glide/test/ai/GLIDE_1000_200_00_095_glide_00074.png
270,glide,4314,GenImage_test/glide/test/nature/ILSVRC2012_val_00011895.JPEG
270,glide,4315,GenImage_test/glide/test/nature/ILSVRC2012_val_00013113.JPEG
270,glide,4316,GenImage_test/glide/test/nature/ILSVRC2012_val_00048076.JPEG
270,glide,4317,GenImage_test/glide/test/nature/ILSVRC2012_val_00003492.JPEG
270,glide,4318,GenImage_test/glide/test/nature/ILSVRC2012_val_00004344.JPEG
270,glide,4319,GenImage_test/glide/test/ai/GLIDE_1000_200_08_853_glide_00074.png
270,glide,4320,GenImage_test/glide/test/nature/ILSVRC2012_val_00021523.JPEG
270,glide,4321,GenImage_test/glide/test/ai/GLIDE_1000_200_01_128_glide_00143.png
270,glide,4322,GenImage_test/glide/test/nature/ILSVRC2012_val_00034969.JPEG
270,glide,4323,GenImage_test/glide/test/nature/ILSVRC2012_val_00045799.JPEG
270,glide,4324,GenImage_test/glide/test/ai/GLIDE_1000_200_04_488_glide_00127.png
270,glide,4325,GenImage_test/glide/test/ai/GLIDE_1000_200_04_443_glide_00035.png
270,glide,4326,GenImage_test/glide/test/ai/GLIDE_1000_200_00_012_glide_00127.png
270,glide,4327,GenImage_test/glide/test/ai/GLIDE_1000_200_09_961_glide_00074.png
271,glide,4328,GenImage_test/glide/test/ai/GLIDE_1000_200_07_796_glide_00039.png
271,glide,4329,GenImage_test/glide/test/nature/ILSVRC2012_val_00034978.JPEG
271,glide,4330,GenImage_test/glide/test/ai/GLIDE_1000_200_07_788_glide_00035.png
271,glide,4331,GenImage_test/glide/test/nature/ILSVRC2012_val_00012104.JPEG
271,glide,4332,GenImage_test/glide/test/ai/GLIDE_1000_200_05_514_glide_00039.png
271,glide,4333,GenImage_test/glide/test/ai/GLIDE_1000_200_02_282_glide_00020.png
271,glide,4334,GenImage_test/glide/test/nature/ILSVRC2012_val_00046670.JPEG
271,glide,4335,GenImage_test/glide/test/ai/GLIDE_1000_200_06_627_glide_00074.png
271,glide,4336,GenImage_test/glide/test/ai/GLIDE_1000_200_03_335_glide_00035.png
271,glide,4337,GenImage_test/glide/test/ai/GLIDE_1000_200_04_498_glide_00020.png
271,glide,4338,GenImage_test/glide/test/ai/GLIDE_1000_200_02_278_glide_00127.png
271,glide,4339,GenImage_test/glide/test/nature/ILSVRC2012_val_00013517.JPEG
271,glide,4340,GenImage_test/glide/test/nature/ILSVRC2012_val_00014995.JPEG
271,glide,4341,GenImage_test/glide/test/ai/GLIDE_1000_200_03_354_glide_00127.png
271,glide,4342,GenImage_test/glide/test/nature/ILSVRC2012_val_00001391.JPEG
271,glide,4343,GenImage_test/glide/test/ai/GLIDE_1000_200_05_522_glide_00020.png
272,glide,4344,GenImage_test/glide/test/ai/GLIDE_1000_200_02_204_glide_00143.png
272,glide,4345,GenImage_test/glide/test/ai/GLIDE_1000_200_00_043_glide_00039.png
272,glide,4346,GenImage_test/glide/test/nature/ILSVRC2012_val_00049324.JPEG
272,glide,4347,GenImage_test/glide/test/nature/ILSVRC2012_val_00031472.JPEG
272,glide,4348,GenImage_test/glide/test/ai/GLIDE_1000_200_06_698_glide_00039.png
272,glide,4349,GenImage_test/glide/test/ai/GLIDE_1000_200_02_225_glide_00020.png
272,glide,4350,GenImage_test/glide/test/nature/ILSVRC2012_val_00014094.JPEG
272,glide,4351,GenImage_test/glide/test/ai/GLIDE_1000_200_05_527_glide_00035.png
272,glide,4352,GenImage_test/glide/test/ai/GLIDE_1000_200_01_110_glide_00143.png
272,glide,4353,GenImage_test/glide/test/ai/GLIDE_1000_200_01_123_glide_00127.png
272,glide,4354,GenImage_test/glide/test/ai/GLIDE_1000_200_04_449_glide_00143.png
272,glide,4355,GenImage_test/glide/test/ai/GLIDE_1000_200_00_034_glide_00127.png
272,glide,4356,GenImage_test/glide/test/ai/GLIDE_1000_200_06_620_glide_00074.png
272,glide,4357,GenImage_test/glide/test/nature/ILSVRC2012_val_00021509.JPEG
272,glide,4358,GenImage_test/glide/test/nature/ILSVRC2012_val_00002461.JPEG
272,glide,4359,GenImage_test/glide/test/ai/GLIDE_1000_200_09_915_glide_00127.png
273,glide,4360,GenImage_test/glide/test/nature/ILSVRC2012_val_00038860.JPEG
273,glide,4361,GenImage_test/glide/test/nature/ILSVRC2012_val_00001656.JPEG
273,glide,4362,GenImage_test/glide/test/nature/ILSVRC2012_val_00029717.JPEG
273,glide,4363,GenImage_test/glide/test/nature/ILSVRC2012_val_00007573.JPEG
273,glide,4364,GenImage_test/glide/test/ai/GLIDE_1000_200_00_067_glide_00127.png
273,glide,4365,GenImage_test/glide/test/nature/ILSVRC2012_val_00013633.JPEG
273,glide,4366,GenImage_test/glide/test/ai/GLIDE_1000_200_09_908_glide_00127.png
273,glide,4367,GenImage_test/glide/test/nature/ILSVRC2012_val_00040684.JPEG
273,glide,4368,GenImage_test/glide/test/ai/GLIDE_1000_200_03_342_glide_00127.png
273,glide,4369,GenImage_test/glide/test/ai/GLIDE_1000_200_02_264_glide_00143.png
273,glide,4370,GenImage_test/glide/test/ai/GLIDE_1000_200_09_935_glide_00020.png
273,glide,4371,GenImage_test/glide/test/nature/ILSVRC2012_val_00000857.JPEG
273,glide,4372,GenImage_test/glide/test/nature/ILSVRC2012_val_00042254.JPEG
273,glide,4373,GenImage_test/glide/test/ai/GLIDE_1000_200_00_034_glide_00020.png
273,glide,4374,GenImage_test/glide/test/ai/GLIDE_1000_200_02_230_glide_00035.png
273,glide,4375,GenImage_test/glide/test/ai/GLIDE_1000_200_03_311_glide_00143.png
274,glide,4376,GenImage_test/glide/test/nature/ILSVRC2012_val_00049656.JPEG
274,glide,4377,GenImage_test/glide/test/nature/ILSVRC2012_val_00041978.JPEG
274,glide,4378,GenImage_test/glide/test/ai/GLIDE_1000_200_05_598_glide_00074.png
274,glide,4379,GenImage_test/glide/test/nature/ILSVRC2012_val_00030378.JPEG
274,glide,4380,GenImage_test/glide/test/ai/GLIDE_1000_200_06_607_glide_00039.png
274,glide,4381,GenImage_test/glide/test/ai/GLIDE_1000_200_07_732_glide_00143.png
274,glide,4382,GenImage_test/glide/test/ai/GLIDE_1000_200_09_994_glide_00035.png
274,glide,4383,GenImage_test/glide/test/nature/ILSVRC2012_val_00018608.JPEG
274,glide,4384,GenImage_test/glide/test/ai/GLIDE_1000_200_00_041_glide_00035.png
274,glide,4385,GenImage_test/glide/test/ai/GLIDE_1000_200_09_902_glide_00143.png
274,glide,4386,GenImage_test/glide/test/nature/ILSVRC2012_val_00013730.JPEG
274,glide,4387,GenImage_test/glide/test/ai/GLIDE_1000_200_06_657_glide_00143.png
274,glide,4388,GenImage_test/glide/test/nature/ILSVRC2012_val_00013222.JPEG
274,glide,4389,GenImage_test/glide/test/ai/GLIDE_1000_200_08_850_glide_00074.png
274,glide,4390,GenImage_test/glide/test/nature/ILSVRC2012_val_00044019.JPEG
274,glide,4391,GenImage_test/glide/test/nature/ILSVRC2012_val_00025845.JPEG
275,glide,4392,GenImage_test/glide/test/ai/GLIDE_1000_200_08_804_glide_00074.png
275,glide,4393,GenImage_test/glide/test/nature/ILSVRC2012_val_00033342.JPEG
275,glide,4394,GenImage_test/glide/test/nature/ILSVRC2012_val_00021041.JPEG
275,glide,4395,GenImage_test/glide/test/ai/GLIDE_1000_200_03_321_glide_00074.png
275,glide,4396,GenImage_test/glide/test/nature/ILSVRC2012_val_00011736.JPEG
275,glide,4397,GenImage_test/glide/test/nature/ILSVRC2012_val_00012433.JPEG
275,glide,4398,GenImage_test/glide/test/nature/ILSVRC2012_val_00043409.JPEG
275,glide,4399,GenImage_test/glide/test/nature/ILSVRC2012_val_00045593.JPEG
275,glide,4400,GenImage_test/glide/test/ai/GLIDE_1000_200_00_037_glide_00143.png
275,glide,4401,GenImage_test/glide/test/nature/ILSVRC2012_val_00046467.JPEG
275,glide,4402,GenImage_test/glide/test/ai/GLIDE_1000_200_05_593_glide_00074.png
275,glide,4403,GenImage_test/glide/test/ai/GLIDE_1000_200_04_478_glide_00074.png
275,glide,4404,GenImage_test/glide/test/ai/GLIDE_1000_200_02_217_glide_00039.png
275,glide,4405,GenImage_test/glide/test/nature/ILSVRC2012_val_00009396.JPEG
275,glide,4406,GenImage_test/glide/test/nature/ILSVRC2012_val_00000986.JPEG
275,glide,4407,GenImage_test/glide/test/nature/ILSVRC2012_val_00012477.JPEG
276,glide,4408,GenImage_test/glide/test/nature/ILSVRC2012_val_00046783.JPEG
276,glide,4409,GenImage_test/glide/test/ai/GLIDE_1000_200_04_420_glide_00127.png
276,glide,4410,GenImage_test/glide/test/nature/ILSVRC2012_val_00006592.JPEG
276,glide,4411,GenImage_test/glide/test/ai/GLIDE_1000_200_03_341_glide_00035.png
276,glide,4412,GenImage_test/glide/test/nature/ILSVRC2012_val_00030664.JPEG
276,glide,4413,GenImage_test/glide/test/nature/ILSVRC2012_val_00018902.JPEG
276,glide,4414,GenImage_test/glide/test/ai/GLIDE_1000_200_00_029_glide_00074.png
276,glide,4415,GenImage_test/glide/test/nature/ILSVRC2012_val_00006531.JPEG
276,glide,4416,GenImage_test/glide/test/nature/ILSVRC2012_val_00019894.JPEG
276,glide,4417,GenImage_test/glide/test/ai/GLIDE_1000_200_01_177_glide_00020.png
276,glide,4418,GenImage_test/glide/test/ai/GLIDE_1000_200_00_018_glide_00074.png
276,glide,4419,GenImage_test/glide/test/ai/GLIDE_1000_200_03_378_glide_00020.png
276,glide,4420,GenImage_test/glide/test/ai/GLIDE_1000_200_00_065_glide_00127.png
276,glide,4421,GenImage_test/glide/test/ai/GLIDE_1000_200_04_449_glide_00127.png
276,glide,4422,GenImage_test/glide/test/ai/GLIDE_1000_200_00_081_glide_00035.png
276,glide,4423,GenImage_test/glide/test/ai/GLIDE_1000_200_01_176_glide_00127.png
277,glide,4424,GenImage_test/glide/test/ai/GLIDE_1000_200_00_085_glide_00020.png
277,glide,4425,GenImage_test/glide/test/nature/ILSVRC2012_val_00025638.JPEG
277,glide,4426,GenImage_test/glide/test/nature/ILSVRC2012_val_00006705.JPEG
277,glide,4427,GenImage_test/glide/test/ai/GLIDE_1000_200_02_256_glide_00035.png
277,glide,4428,GenImage_test/glide/test/nature/ILSVRC2012_val_00029638.JPEG
277,glide,4429,GenImage_test/glide/test/ai/GLIDE_1000_200_02_247_glide_00035.png
277,glide,4430,GenImage_test/glide/test/ai/GLIDE_1000_200_07_762_glide_00127.png
277,glide,4431,GenImage_test/glide/test/ai/GLIDE_1000_200_09_916_glide_00127.png
277,glide,4432,GenImage_test/glide/test/nature/ILSVRC2012_val_00035377.JPEG
277,glide,4433,GenImage_test/glide/test/nature/ILSVRC2012_val_00036583.JPEG
277,glide,4434,GenImage_test/glide/test/ai/GLIDE_1000_200_09_987_glide_00127.png
277,glide,4435,GenImage_test/glide/test/nature/ILSVRC2012_val_00027613.JPEG
277,glide,4436,GenImage_test/glide/test/nature/ILSVRC2012_val_00034932.JPEG
277,glide,4437,GenImage_test/glide/test/ai/GLIDE_1000_200_09_959_glide_00020.png
277,glide,4438,GenImage_test/glide/test/nature/ILSVRC2012_val_00037915.JPEG
277,glide,4439,GenImage_test/glide/test/ai/GLIDE_1000_200_05_555_glide_00127.png
278,glide,4440,GenImage_test/glide/test/ai/GLIDE_1000_200_09_948_glide_00127.png
278,glide,4441,GenImage_test/glide/test/nature/ILSVRC2012_val_00025643.JPEG
278,glide,4442,GenImage_test/glide/test/nature/ILSVRC2012_val_00033916.JPEG
278,glide,4443,GenImage_test/glide/test/ai/GLIDE_1000_200_05_523_glide_00143.png
278,glide,4444,GenImage_test/glide/test/ai/GLIDE_1000_200_01_147_glide_00039.png
278,glide,4445,GenImage_test/glide/test/nature/ILSVRC2012_val_00005925.JPEG
278,glide,4446,GenImage_test/glide/test/nature/ILSVRC2012_val_00022127.JPEG
278,glide,4447,GenImage_test/glide/test/nature/ILSVRC2012_val_00046610.JPEG
278,glide,4448,GenImage_test/glide/test/ai/GLIDE_1000_200_03_352_glide_00020.png
278,glide,4449,GenImage_test/glide/test/ai/GLIDE_1000_200_02_210_glide_00039.png
278,glide,4450,GenImage_test/glide/test/ai/GLIDE_1000_200_01_166_glide_00127.png
278,glide,4451,GenImage_test/glide/test/ai/GLIDE_1000_200_08_812_glide_00127.png
278,glide,4452,GenImage_test/glide/test/ai/GLIDE_1000_200_07_722_glide_00035.png
278,glide,4453,GenImage_test/glide/test/ai/GLIDE_1000_200_06_658_glide_00035.png
278,glide,4454,GenImage_test/glide/test/ai/GLIDE_1000_200_09_940_glide_00039.png
278,glide,4455,GenImage_test/glide/test/nature/ILSVRC2012_val_00016630.JPEG
279,glide,4456,GenImage_test/glide/test/ai/GLIDE_1000_200_05_522_glide_00074.png
279,glide,4457,GenImage_test/glide/test/nature/ILSVRC2012_val_00004741.JPEG
279,glide,4458,GenImage_test/glide/test/nature/ILSVRC2012_val_00041250.JPEG
279,glide,4459,GenImage_test/glide/test/nature/ILSVRC2012_val_00006952.JPEG
279,glide,4460,GenImage_test/glide/test/ai/GLIDE_1000_200_08_896_glide_00143.png
279,glide,4461,GenImage_test/glide/test/ai/GLIDE_1000_200_06_692_glide_00127.png
279,glide,4462,GenImage_test/glide/test/nature/ILSVRC2012_val_00023406.JPEG
279,glide,4463,GenImage_test/glide/test/ai/GLIDE_1000_200_05_519_glide_00020.png
279,glide,4464,GenImage_test/glide/test/nature/ILSVRC2012_val_00030953.JPEG
279,glide,4465,GenImage_test/glide/test/nature/ILSVRC2012_val_00013042.JPEG
279,glide,4466,GenImage_test/glide/test/nature/ILSVRC2012_val_00013257.JPEG
279,glide,4467,GenImage_test/glide/test/ai/GLIDE_1000_200_00_054_glide_00020.png
279,glide,4468,GenImage_test/glide/test/nature/ILSVRC2012_val_00001289.JPEG
279,glide,4469,GenImage_test/glide/test/nature/ILSVRC2012_val_00032520.JPEG
279,glide,4470,GenImage_test/glide/test/nature/ILSVRC2012_val_00004184.JPEG
279,glide,4471,GenImage_test/glide/test/ai/GLIDE_1000_200_06_629_glide_00127.png
280,glide,4472,GenImage_test/glide/test/ai/GLIDE_1000_200_04_479_glide_00039.png
280,glide,4473,GenImage_test/glide/test/nature/ILSVRC2012_val_00042177.JPEG
280,glide,4474,GenImage_test/glide/test/nature/ILSVRC2012_val_00005396.JPEG
280,glide,4475,GenImage_test/glide/test/ai/GLIDE_1000_200_02_281_glide_00143.png
280,glide,4476,GenImage_test/glide/test/ai/GLIDE_1000_200_03_389_glide_00074.png
280,glide,4477,GenImage_test/glide/test/ai/GLIDE_1000_200_07_709_glide_00020.png
280,glide,4478,GenImage_test/glide/test/ai/GLIDE_1000_200_07_777_glide_00127.png
280,glide,4479,GenImage_test/glide/test/ai/GLIDE_1000_200_05_567_glide_00020.png
280,glide,4480,GenImage_test/glide/test/nature/ILSVRC2012_val_00044628.JPEG
280,glide,4481,GenImage_test/glide/test/nature/ILSVRC2012_val_00032217.JPEG
280,glide,4482,GenImage_test/glide/test/nature/ILSVRC2012_val_00027145.JPEG
280,glide,4483,GenImage_test/glide/test/ai/GLIDE_1000_200_04_486_glide_00127.png
280,glide,4484,GenImage_test/glide/test/nature/ILSVRC2012_val_00000942.JPEG
280,glide,4485,GenImage_test/glide/test/ai/GLIDE_1000_200_00_085_glide_00074.png
280,glide,4486,GenImage_test/glide/test/nature/ILSVRC2012_val_00002871.JPEG
280,glide,4487,GenImage_test/glide/test/nature/ILSVRC2012_val_00031733.JPEG
281,glide,4488,GenImage_test/glide/test/ai/GLIDE_1000_200_03_306_glide_00035.png
281,glide,4489,GenImage_test/glide/test/nature/ILSVRC2012_val_00046452.JPEG
281,glide,4490,GenImage_test/glide/test/ai/GLIDE_1000_200_02_205_glide_00035.png
281,glide,4491,GenImage_test/glide/test/ai/GLIDE_1000_200_08_856_glide_00020.png
281,glide,4492,GenImage_test/glide/test/nature/ILSVRC2012_val_00010331.JPEG
281,glide,4493,GenImage_test/glide/test/nature/ILSVRC2012_val_00039395.JPEG
281,glide,4494,GenImage_test/glide/test/ai/GLIDE_1000_200_03_392_glide_00127.png
281,glide,4495,GenImage_test/glide/test/nature/ILSVRC2012_val_00043100.JPEG
281,glide,4496,GenImage_test/glide/test/ai/GLIDE_1000_200_05_532_glide_00143.png
281,glide,4497,GenImage_test/glide/test/ai/GLIDE_1000_200_01_179_glide_00127.png
281,glide,4498,GenImage_test/glide/test/nature/ILSVRC2012_val_00038324.JPEG
281,glide,4499,GenImage_test/glide/test/ai/GLIDE_1000_200_09_913_glide_00020.png
282,stable_diffusion_v_1_5,4500,GenImage_test/stable_diffusion_v_1_5/test/nature/ILSVRC2012_val_00032429.JPEG
282,stable_diffusion_v_1_5,4501,GenImage_test/stable_diffusion_v_1_5/test/ai/409_sdv5_00195.png
282,stable_diffusion_v_1_5,4502,GenImage_test/stable_diffusion_v_1_5/test/nature/ILSVRC2012_val_00049082.JPEG
282,stable_diffusion_v_1_5,4503,GenImage_test/stable_diffusion_v_1_5/test/nature/ILSVRC2012_val_00020277.JPEG
282,stable_diffusion_v_1_5,4504,GenImage_test/stable_diffusion_v_1_5/test/ai/817_sdv5_00009.png
282,stable_diffusion_v_1_5,4505,GenImage_test/stable_diffusion_v_1_5/test/nature/ILSVRC2012_val_00007527.JPEG
282,stable_diffusion_v_1_5,4506,GenImage_test/stable_diffusion_v_1_5/test/nature/ILSVRC2012_val_00003084.JPEG
282,stable_diffusion_v_1_5,4507,GenImage_test/stable_diffusion_v_1_5/test/nature/ILSVRC2012_val_00045297.JPEG
282,stable_diffusion_v_1_5,4508,GenImage_test/stable_diffusion_v_1_5/test/ai/047_sdv5_00020.png
282,stable_diffusion_v_1_5,4509,GenImage_test/stable_diffusion_v_1_5/test/ai/845_sdv5_00135.png
282,stable_diffusion_v_1_5,4510,GenImage_test/stable_diffusion_v_1_5/test/ai/471_sdv5_00009.png
282,stable_diffusion_v_1_5,4511,GenImage_test/stable_diffusion_v_1_5/test/nature/ILSVRC2012_val_00041448.JPEG
282,stable_diffusion_v_1_5,4512,GenImage_test/stable_diffusion_v_1_5/test/ai/832_sdv5_00027.png
282,stable_diffusion_v_1_5,4513,GenImage_test/stable_diffusion_v_1_5/test/nature/ILSVRC2012_val_00014120.JPEG
282,stable_diffusion_v_1_5,4514,GenImage_test/stable_diffusion_v_1_5/test/ai/079_sdv5_00039.png
282,stable_diffusion_v_1_5,4515,GenImage_test/stable_diffusion_v_1_5/test/nature/ILSVRC2012_val_00030179.JPEG
283,stable_diffusion_v_1_5,4516,GenImage_test/stable_diffusion_v_1_5/test/ai/520_sdv5_00020.png
283,stable_diffusion_v_1_5,4517,GenImage_test/stable_diffusion_v_1_5/test/nature/ILSVRC2012_val_00017244.JPEG
283,stable_diffusion_v_1_5,4518,GenImage_test/stable_diffusion_v_1_5/test/nature/ILSVRC2012_val_00041571.JPEG
283,stable_diffusion_v_1_5,4519,GenImage_test/stable_diffusion_v_1_5/test/ai/083_sdv5_00020.png
283,stable_diffusion_v_1_5,4520,GenImage_test/stable_diffusion_v_1_5/test/ai/536_sdv5_00027.png
283,stable_diffusion_v_1_5,4521,GenImage_test/stable_diffusion_v_1_5/test/ai/874_sdv5_00020.png
283,stable_diffusion_v_1_5,4522,GenImage_test/stable_diffusion_v_1_5/test/ai/783_sdv5_00100.png
283,stable_diffusion_v_1_5,4523,GenImage_test/stable_diffusion_v_1_5/test/ai/506_sdv5_00020.png
283,stable_diffusion_v_1_5,4524,GenImage_test/stable_diffusion_v_1_5/test/nature/ILSVRC2012_val_00013322.JPEG
283,stable_diffusion_v_1_5,4525,GenImage_test/stable_diffusion_v_1_5/test/nature/ILSVRC2012_val_00023397.JPEG
283,stable_diffusion_v_1_5,4526,GenImage_test/stable_diffusion_v_1_5/test/nature/ILSVRC2012_val_00001533.JPEG
283,stable_diffusion_v_1_5,4527,GenImage_test/stable_diffusion_v_1_5/test/nature/ILSVRC2012_val_00026836.JPEG
283,stable_diffusion_v_1_5,4528,GenImage_test/stable_diffusion_v_1_5/test/nature/ILSVRC2012_val_00023628.JPEG
283,stable_diffusion_v_1_5,4529,GenImage_test/stable_diffusion_v_1_5/test/ai/532_sdv5_00100.png
283,stable_diffusion_v_1_5,4530,GenImage_test/stable_diffusion_v_1_5/test/nature/ILSVRC2012_val_00048268.JPEG
283,stable_diffusion_v_1_5,4531,GenImage_test/stable_diffusion_v_1_5/test/nature/ILSVRC2012_val_00017008.JPEG
284,stable_diffusion_v_1_5,4532,GenImage_test/stable_diffusion_v_1_5/test/nature/ILSVRC2012_val_00001624.JPEG
284,stable_diffusion_v_1_5,4533,GenImage_test/stable_diffusion_v_1_5/test/nature/ILSVRC2012_val_00038409.JPEG
284,stable_diffusion_v_1_5,4534,GenImage_test/stable_diffusion_v_1_5/test/nature/ILSVRC2012_val_00017181.JPEG
284,stable_diffusion_v_1_5,4535,GenImage_test/stable_diffusion_v_1_5/test/ai/161_sdv5_00100.png
284,stable_diffusion_v_1_5,4536,GenImage_test/stable_diffusion_v_1_5/test/ai/097_sdv5_00009.png
284,stable_diffusion_v_1_5,4537,GenImage_test/stable_diffusion_v_1_5/test/ai/136_sdv5_00195.png
284,stable_diffusion_v_1_5,4538,GenImage_test/stable_diffusion_v_1_5/test/ai/658_sdv5_00135.png
284,stable_diffusion_v_1_5,4539,GenImage_test/stable_diffusion_v_1_5/test/ai/230_sdv5_00100.png
284,stable_diffusion_v_1_5,4540,GenImage_test/stable_diffusion_v_1_5/test/ai/647_sdv5_00135.png
284,stable_diffusion_v_1_5,4541,GenImage_test/stable_diffusion_v_1_5/test/ai/132_sdv5_00003.png
284,stable_diffusion_v_1_5,4542,GenImage_test/stable_diffusion_v_1_5/test/nature/ILSVRC2012_val_00033220.JPEG
284,stable_diffusion_v_1_5,4543,GenImage_test/stable_diffusion_v_1_5/test/nature/ILSVRC2012_val_00026840.JPEG
284,stable_diffusion_v_1_5,4544,GenImage_test/stable_diffusion_v_1_5/test/nature/ILSVRC2012_val_00025980.JPEG
284,stable_diffusion_v_1_5,4545,GenImage_test/stable_diffusion_v_1_5/test/nature/ILSVRC2012_val_00041862.JPEG
284,stable_diffusion_v_1_5,4546,GenImage_test/stable_diffusion_v_1_5/test/ai/990_sdv5_00003.png
284,stable_diffusion_v_1_5,4547,GenImage_test/stable_diffusion_v_1_5/test/nature/ILSVRC2012_val_00046002.JPEG
285,stable_diffusion_v_1_5,4548,GenImage_test/stable_diffusion_v_1_5/test/nature/ILSVRC2012_val_00039610.JPEG
285,stable_diffusion_v_1_5,4549,GenImage_test/stable_diffusion_v_1_5/test/ai/957_sdv5_00027.png
285,stable_diffusion_v_1_5,4550,GenImage_test/stable_diffusion_v_1_5/test/nature/ILSVRC2012_val_00049979.JPEG
285,stable_diffusion_v_1_5,4551,GenImage_test/stable_diffusion_v_1_5/test/ai/346_sdv5_00039.png
285,stable_diffusion_v_1_5,4552,GenImage_test/stable_diffusion_v_1_5/test/nature/ILSVRC2012_val_00013636.JPEG
285,stable_diffusion_v_1_5,4553,GenImage_test/stable_diffusion_v_1_5/test/nature/ILSVRC2012_val_00017171.JPEG
285,stable_diffusion_v_1_5,4554,GenImage_test/stable_diffusion_v_1_5/test/nature/ILSVRC2012_val_00032293.JPEG
285,stable_diffusion_v_1_5,4555,GenImage_test/stable_diffusion_v_1_5/test/nature/ILSVRC2012_val_00019640.JPEG
285,stable_diffusion_v_1_5,4556,GenImage_test/stable_diffusion_v_1_5/test/nature/ILSVRC2012_val_00005049.JPEG
285,stable_diffusion_v_1_5,4557,GenImage_test/stable_diffusion_v_1_5/test/ai/679_sdv5_00009.png
285,stable_diffusion_v_1_5,4558,GenImage_test/stable_diffusion_v_1_5/test/ai/589_sdv5_00100.png
285,stable_diffusion_v_1_5,4559,GenImage_test/stable_diffusion_v_1_5/test/nature/ILSVRC2012_val_00012352.JPEG
285,stable_diffusion_v_1_5,4560,GenImage_test/stable_diffusion_v_1_5/test/ai/910_sdv5_00135.png
285,stable_diffusion_v_1_5,4561,GenImage_test/stable_diffusion_v_1_5/test/nature/ILSVRC2012_val_00023173.JPEG
285,stable_diffusion_v_1_5,4562,GenImage_test/stable_diffusion_v_1_5/test/nature/ILSVRC2012_val_00031905.JPEG
285,stable_diffusion_v_1_5,4563,GenImage_test/stable_diffusion_v_1_5/test/ai/695_sdv5_00135.png
286,stable_diffusion_v_1_5,4564,GenImage_test/stable_diffusion_v_1_5/test/nature/ILSVRC2012_val_00034371.JPEG
286,stable_diffusion_v_1_5,4565,GenImage_test/stable_diffusion_v_1_5/test/ai/752_sdv5_00003.png
286,stable_diffusion_v_1_5,4566,GenImage_test/stable_diffusion_v_1_5/test/ai/762_sdv5_00020.png
286,stable_diffusion_v_1_5,4567,GenImage_test/stable_diffusion_v_1_5/test/nature/ILSVRC2012_val_00015177.JPEG
286,stable_diffusion_v_1_5,4568,GenImage_test/stable_diffusion_v_1_5/test/nature/ILSVRC2012_val_00004659.JPEG
286,stable_diffusion_v_1_5,4569,GenImage_test/stable_diffusion_v_1_5/test/nature/ILSVRC2012_val_00032807.JPEG
286,stable_diffusion_v_1_5,4570,GenImage_test/stable_diffusion_v_1_5/test/ai/849_sdv5_00020.png
286,stable_diffusion_v_1_5,4571,GenImage_test/stable_diffusion_v_1_5/test/ai/364_sdv5_00135.png
286,stable_diffusion_v_1_5,4572,GenImage_test/stable_diffusion_v_1_5/test/nature/ILSVRC2012_val_00012187.JPEG
286,stable_diffusion_v_1_5,4573,GenImage_test/stable_diffusion_v_1_5/test/nature/ILSVRC2012_val_00005012.JPEG
286,stable_diffusion_v_1_5,4574,GenImage_test/stable_diffusion_v_1_5/test/ai/809_sdv5_00003.png
286,stable_diffusion_v_1_5,4575,GenImage_test/stable_diffusion_v_1_5/test/nature/ILSVRC2012_val_00013996.JPEG
286,stable_diffusion_v_1_5,4576,GenImage_test/stable_diffusion_v_1_5/test/ai/758_sdv5_00100.png
286,stable_diffusion_v_1_5,4577,GenImage_test/stable_diffusion_v_1_5/test/ai/064_sdv5_00020.png
286,stable_diffusion_v_1_5,4578,GenImage_test/stable_diffusion_v_1_5/test/nature/ILSVRC2012_val_00039872.JPEG
286,stable_diffusion_v_1_5,4579,GenImage_test/stable_diffusion_v_1_5/test/nature/ILSVRC2012_val_00007644.JPEG
287,stable_diffusion_v_1_5,4580,GenImage_test/stable_diffusion_v_1_5/test/ai/711_sdv5_00027.png
287,stable_diffusion_v_1_5,4581,GenImage_test/stable_diffusion_v_1_5/test/ai/643_sdv5_00195.png
287,stable_diffusion_v_1_5,4582,GenImage_test/stable_diffusion_v_1_5/test/ai/469_sdv5_00020.png
287,stable_diffusion_v_1_5,4583,GenImage_test/stable_diffusion_v_1_5/test/nature/ILSVRC2012_val_00016713.JPEG
287,stable_diffusion_v_1_5,4584,GenImage_test/stable_diffusion_v_1_5/test/nature/ILSVRC2012_val_00030049.JPEG
287,stable_diffusion_v_1_5,4585,GenImage_test/stable_diffusion_v_1_5/test/nature/ILSVRC2012_val_00007880.JPEG
287,stable_diffusion_v_1_5,4586,GenImage_test/stable_diffusion_v_1_5/test/ai/061_sdv5_00027.png
287,stable_diffusion_v_1_5,4587,GenImage_test/stable_diffusion_v_1_5/test/ai/340_sdv5_00100.png
287,stable_diffusion_v_1_5,4588,GenImage_test/stable_diffusion_v_1_5/test/nature/ILSVRC2012_val_00046622.JPEG
287,stable_diffusion_v_1_5,4589,GenImage_test/stable_diffusion_v_1_5/test/ai/454_sdv5_00003.png
287,stable_diffusion_v_1_5,4590,GenImage_test/stable_diffusion_v_1_5/test/nature/ILSVRC2012_val_00045939.JPEG
287,stable_diffusion_v_1_5,4591,GenImage_test/stable_diffusion_v_1_5/test/nature/ILSVRC2012_val_00040436.JPEG
287,stable_diffusion_v_1_5,4592,GenImage_test/stable_diffusion_v_1_5/test/ai/472_sdv5_00020.png
287,stable_diffusion_v_1_5,4593,GenImage_test/stable_diffusion_v_1_5/test/ai/598_sdv5_00020.png
287,stable_diffusion_v_1_5,4594,GenImage_test/stable_diffusion_v_1_5/test/nature/ILSVRC2012_val_00010302.JPEG
287,stable_diffusion_v_1_5,4595,GenImage_test/stable_diffusion_v_1_5/test/nature/ILSVRC2012_val_00045988.JPEG
288,stable_diffusion_v_1_5,4596,GenImage_test/stable_diffusion_v_1_5/test/ai/994_sdv5_00003.png
288,stable_diffusion_v_1_5,4597,GenImage_test/stable_diffusion_v_1_5/test/ai/405_sdv5_00003.png
288,stable_diffusion_v_1_5,4598,GenImage_test/stable_diffusion_v_1_5/test/nature/ILSVRC2012_val_00034158.JPEG
288,stable_diffusion_v_1_5,4599,GenImage_test/stable_diffusion_v_1_5/test/nature/ILSVRC2012_val_00042335.JPEG
288,stable_diffusion_v_1_5,4600,GenImage_test/stable_diffusion_v_1_5/test/ai/917_sdv5_00027.png
288,stable_diffusion_v_1_5,4601,GenImage_test/stable_diffusion_v_1_5/test/nature/ILSVRC2012_val_00049344.JPEG
288,stable_diffusion_v_1_5,4602,GenImage_test/stable_diffusion_v_1_5/test/ai/408_sdv5_00003.png
288,stable_diffusion_v_1_5,4603,GenImage_test/stable_diffusion_v_1_5/test/ai/689_sdv5_00039.png
288,stable_diffusion_v_1_5,4604,GenImage_test/stable_diffusion_v_1_5/test/nature/ILSVRC2012_val_00048159.JPEG
288,stable_diffusion_v_1_5,4605,GenImage_test/stable_diffusion_v_1_5/test/ai/653_sdv5_00195.png
288,stable_diffusion_v_1_5,4606,GenImage_test/stable_diffusion_v_1_5/test/nature/ILSVRC2012_val_00004566.JPEG
288,stable_diffusion_v_1_5,4607,GenImage_test/stable_diffusion_v_1_5/test/nature/ILSVRC2012_val_00007759.JPEG
288,stable_diffusion_v_1_5,4608,GenImage_test/stable_diffusion_v_1_5/test/ai/229_sdv5_00039.png
288,stable_diffusion_v_1_5,4609,GenImage_test/stable_diffusion_v_1_5/test/nature/ILSVRC2012_val_00006790.JPEG
288,stable_diffusion_v_1_5,4610,GenImage_test/stable_diffusion_v_1_5/test/ai/120_sdv5_00020.png
288,stable_diffusion_v_1_5,4611,GenImage_test/stable_diffusion_v_1_5/test/ai/104_sdv5_00039.png
289,stable_diffusion_v_1_5,4612,GenImage_test/stable_diffusion_v_1_5/test/ai/656_sdv5_00100.png
289,stable_diffusion_v_1_5,4613,GenImage_test/stable_diffusion_v_1_5/test/ai/575_sdv5_00039.png
289,stable_diffusion_v_1_5,4614,GenImage_test/stable_diffusion_v_1_5/test/nature/ILSVRC2012_val_00046045.JPEG
289,stable_diffusion_v_1_5,4615,GenImage_test/stable_diffusion_v_1_5/test/ai/736_sdv5_00009.png
289,stable_diffusion_v_1_5,4616,GenImage_test/stable_diffusion_v_1_5/test/nature/ILSVRC2012_val_00015021.JPEG
289,stable_diffusion_v_1_5,4617,GenImage_test/stable_diffusion_v_1_5/test/nature/ILSVRC2012_val_00005362.JPEG
289,stable_diffusion_v_1_5,4618,GenImage_test/stable_diffusion_v_1_5/test/ai/385_sdv5_00195.png
289,stable_diffusion_v_1_5,4619,GenImage_test/stable_diffusion_v_1_5/test/nature/ILSVRC2012_val_00038416.JPEG
289,stable_diffusion_v_1_5,4620,GenImage_test/stable_diffusion_v_1_5/test/nature/ILSVRC2012_val_00022060.JPEG
289,stable_diffusion_v_1_5,4621,GenImage_test/stable_diffusion_v_1_5/test/ai/325_sdv5_00009.png
289,stable_diffusion_v_1_5,4622,GenImage_test/stable_diffusion_v_1_5/test/nature/ILSVRC2012_val_00001896.JPEG
289,stable_diffusion_v_1_5,4623,GenImage_test/stable_diffusion_v_1_5/test/nature/ILSVRC2012_val_00045493.JPEG
289,stable_diffusion_v_1_5,4624,GenImage_test/stable_diffusion_v_1_5/test/nature/ILSVRC2012_val_00035635.JPEG
289,stable_diffusion_v_1_5,4625,GenImage_test/stable_diffusion_v_1_5/test/ai/259_sdv5_00009.png
289,stable_diffusion_v_1_5,4626,GenImage_test/stable_diffusion_v_1_5/test/ai/223_sdv5_00100.png
289,stable_diffusion_v_1_5,4627,GenImage_test/stable_diffusion_v_1_5/test/ai/515_sdv5_00027.png
290,stable_diffusion_v_1_5,4628,GenImage_test/stable_diffusion_v_1_5/test/ai/266_sdv5_00003.png
290,stable_diffusion_v_1_5,4629,GenImage_test/stable_diffusion_v_1_5/test/nature/ILSVRC2012_val_00018901.JPEG
290,stable_diffusion_v_1_5,4630,GenImage_test/stable_diffusion_v_1_5/test/nature/ILSVRC2012_val_00047498.JPEG
290,stable_diffusion_v_1_5,4631,GenImage_test/stable_diffusion_v_1_5/test/ai/952_sdv5_00039.png
290,stable_diffusion_v_1_5,4632,GenImage_test/stable_diffusion_v_1_5/test/nature/ILSVRC2012_val_00028929.JPEG
290,stable_diffusion_v_1_5,4633,GenImage_test/stable_diffusion_v_1_5/test/nature/ILSVRC2012_val_00015703.JPEG
290,stable_diffusion_v_1_5,4634,GenImage_test/stable_diffusion_v_1_5/test/nature/ILSVRC2012_val_00039125.JPEG
290,stable_diffusion_v_1_5,4635,GenImage_test/stable_diffusion_v_1_5/test/nature/ILSVRC2012_val_00042285.JPEG
290,stable_diffusion_v_1_5,4636,GenImage_test/stable_diffusion_v_1_5/test/ai/598_sdv5_00027.png
290,stable_diffusion_v_1_5,4637,GenImage_test/stable_diffusion_v_1_5/test/nature/ILSVRC2012_val_00022799.JPEG
290,stable_diffusion_v_1_5,4638,GenImage_test/stable_diffusion_v_1_5/test/nature/ILSVRC2012_val_00022553.JPEG
290,stable_diffusion_v_1_5,4639,GenImage_test/stable_diffusion_v_1_5/test/ai/803_sdv5_00020.png
290,stable_diffusion_v_1_5,4640,GenImage_test/stable_diffusion_v_1_5/test/ai/073_sdv5_00195.png
290,stable_diffusion_v_1_5,4641,GenImage_test/stable_diffusion_v_1_5/test/ai/377_sdv5_00195.png
290,stable_diffusion_v_1_5,4642,GenImage_test/stable_diffusion_v_1_5/test/ai/797_sdv5_00003.png
290,stable_diffusion_v_1_5,4643,GenImage_test/stable_diffusion_v_1_5/test/ai/380_sdv5_00100.png
291,stable_diffusion_v_1_5,4644,GenImage_test/stable_diffusion_v_1_5/test/ai/462_sdv5_00100.png
291,stable_diffusion_v_1_5,4645,GenImage_test/stable_diffusion_v_1_5/test/ai/064_sdv5_00135.png
291,stable_diffusion_v_1_5,4646,GenImage_test/stable_diffusion_v_1_5/test/ai/997_sdv5_00100.png
291,stable_diffusion_v_1_5,4647,GenImage_test/stable_diffusion_v_1_5/test/nature/ILSVRC2012_val_00043907.JPEG
291,stable_diffusion_v_1_5,4648,GenImage_test/stable_diffusion_v_1_5/test/ai/504_sdv5_00027.png
291,stable_diffusion_v_1_5,4649,GenImage_test/stable_diffusion_v_1_5/test/ai/705_sdv5_00135.png
291,stable_diffusion_v_1_5,4650,GenImage_test/stable_diffusion_v_1_5/test/ai/801_sdv5_00135.png
291,stable_diffusion_v_1_5,4651,GenImage_test/stable_diffusion_v_1_5/test/nature/ILSVRC2012_val_00001279.JPEG
291,stable_diffusion_v_1_5,4652,GenImage_test/stable_diffusion_v_1_5/test/nature/ILSVRC2012_val_00044881.JPEG
291,stable_diffusion_v_1_5,4653,GenImage_test/stable_diffusion_v_1_5/test/nature/ILSVRC2012_val_00013722.JPEG
291,stable_diffusion_v_1_5,4654,GenImage_test/stable_diffusion_v_1_5/test/ai/270_sdv5_00003.png
291,stable_diffusion_v_1_5,4655,GenImage_test/stable_diffusion_v_1_5/test/ai/203_sdv5_00027.png
291,stable_diffusion_v_1_5,4656,GenImage_test/stable_diffusion_v_1_5/test/nature/ILSVRC2012_val_00001793.JPEG
291,stable_diffusion_v_1_5,4657,GenImage_test/stable_diffusion_v_1_5/test/ai/478_sdv5_00039.png
291,stable_diffusion_v_1_5,4658,GenImage_test/stable_diffusion_v_1_5/test/ai/247_sdv5_00100.png
291,stable_diffusion_v_1_5,4659,GenImage_test/stable_diffusion_v_1_5/test/ai/388_sdv5_00039.png
292,stable_diffusion_v_1_5,4660,GenImage_test/stable_diffusion_v_1_5/test/nature/ILSVRC2012_val_00004304.JPEG
292,stable_diffusion_v_1_5,4661,GenImage_test/stable_diffusion_v_1_5/test/nature/ILSVRC2012_val_00009020.JPEG
292,stable_diffusion_v_1_5,4662,GenImage_test/stable_diffusion_v_1_5/test/nature/ILSVRC2012_val_00032665.JPEG
292,stable_diffusion_v_1_5,4663,GenImage_test/stable_diffusion_v_1_5/test/nature/ILSVRC2012_val_00046848.JPEG
292,stable_diffusion_v_1_5,4664,GenImage_test/stable_diffusion_v_1_5/test/ai/488_sdv5_00100.png
292,stable_diffusion_v_1_5,4665,GenImage_test/stable_diffusion_v_1_5/test/ai/441_sdv5_00195.png
292,stable_diffusion_v_1_5,4666,GenImage_test/stable_diffusion_v_1_5/test/nature/ILSVRC2012_val_00047499.JPEG
292,stable_diffusion_v_1_5,4667,GenImage_test/stable_diffusion_v_1_5/test/ai/435_sdv5_00027.png
292,stable_diffusion_v_1_5,4668,GenImage_test/stable_diffusion_v_1_5/test/nature/ILSVRC2012_val_00036095.JPEG
292,stable_diffusion_v_1_5,4669,GenImage_test/stable_diffusion_v_1_5/test/ai/989_sdv5_00135.png
292,stable_diffusion_v_1_5,4670,GenImage_test/stable_diffusion_v_1_5/test/ai/956_sdv5_00135.png
292,stable_diffusion_v_1_5,4671,GenImage_test/stable_diffusion_v_1_5/test/nature/ILSVRC2012_val_00046858.JPEG
292,stable_diffusion_v_1_5,4672,GenImage_test/stable_diffusion_v_1_5/test/ai/707_sdv5_00039.png
292,stable_diffusion_v_1_5,4673,GenImage_test/stable_diffusion_v_1_5/test/nature/ILSVRC2012_val_00019361.JPEG
292,stable_diffusion_v_1_5,4674,GenImage_test/stable_diffusion_v_1_5/test/ai/118_sdv5_00195.png
292,stable_diffusion_v_1_5,4675,GenImage_test/stable_diffusion_v_1_5/test/nature/ILSVRC2012_val_00025441.JPEG
293,stable_diffusion_v_1_5,4676,GenImage_test/stable_diffusion_v_1_5/test/ai/346_sdv5_00020.png
293,stable_diffusion_v_1_5,4677,GenImage_test/stable_diffusion_v_1_5/test/ai/571_sdv5_00027.png
293,stable_diffusion_v_1_5,4678,GenImage_test/stable_diffusion_v_1_5/test/ai/736_sdv5_00195.png
293,stable_diffusion_v_1_5,4679,GenImage_test/stable_diffusion_v_1_5/test/ai/836_sdv5_00009.png
293,stable_diffusion_v_1_5,4680,GenImage_test/stable_diffusion_v_1_5/test/ai/308_sdv5_00020.png
293,stable_diffusion_v_1_5,4681,GenImage_test/stable_diffusion_v_1_5/test/ai/452_sdv5_00027.png
293,stable_diffusion_v_1_5,4682,GenImage_test/stable_diffusion_v_1_5/test/ai/419_sdv5_00020.png
293,stable_diffusion_v_1_5,4683,GenImage_test/stable_diffusion_v_1_5/test/ai/830_sdv5_00039.png
293,stable_diffusion_v_1_5,4684,GenImage_test/stable_diffusion_v_1_5/test/ai/455_sdv5_00039.png
293,stable_diffusion_v_1_5,4685,GenImage_test/stable_diffusion_v_1_5/test/nature/ILSVRC2012_val_00025156.JPEG
293,stable_diffusion_v_1_5,4686,GenImage_test/stable_diffusion_v_1_5/test/nature/ILSVRC2012_val_00027957.JPEG
293,stable_diffusion_v_1_5,4687,GenImage_test/stable_diffusion_v_1_5/test/ai/143_sdv5_00020.png
293,stable_diffusion_v_1_5,4688,GenImage_test/stable_diffusion_v_1_5/test/ai/719_sdv5_00020.png
293,stable_diffusion_v_1_5,4689,GenImage_test/stable_diffusion_v_1_5/test/ai/709_sdv5_00135.png
293,stable_diffusion_v_1_5,4690,GenImage_test/stable_diffusion_v_1_5/test/nature/ILSVRC2012_val_00010930.JPEG
293,stable_diffusion_v_1_5,4691,GenImage_test/stable_diffusion_v_1_5/test/nature/ILSVRC2012_val_00008260.JPEG
294,stable_diffusion_v_1_5,4692,GenImage_test/stable_diffusion_v_1_5/test/nature/ILSVRC2012_val_00020901.JPEG
294,stable_diffusion_v_1_5,4693,GenImage_test/stable_diffusion_v_1_5/test/nature/ILSVRC2012_val_00022308.JPEG
294,stable_diffusion_v_1_5,4694,GenImage_test/stable_diffusion_v_1_5/test/ai/658_sdv5_00195.png
294,stable_diffusion_v_1_5,4695,GenImage_test/stable_diffusion_v_1_5/test/nature/ILSVRC2012_val_00043054.JPEG
294,stable_diffusion_v_1_5,4696,GenImage_test/stable_diffusion_v_1_5/test/ai/391_sdv5_00039.png
294,stable_diffusion_v_1_5,4697,GenImage_test/stable_diffusion_v_1_5/test/ai/926_sdv5_00027.png
294,stable_diffusion_v_1_5,4698,GenImage_test/stable_diffusion_v_1_5/test/nature/ILSVRC2012_val_00024908.JPEG
294,stable_diffusion_v_1_5,4699,GenImage_test/stable_diffusion_v_1_5/test/ai/459_sdv5_00027.png
294,stable_diffusion_v_1_5,4700,GenImage_test/stable_diffusion_v_1_5/test/nature/ILSVRC2012_val_00009756.JPEG
294,stable_diffusion_v_1_5,4701,GenImage_test/stable_diffusion_v_1_5/test/nature/ILSVRC2012_val_00000217.JPEG
294,stable_diffusion_v_1_5,4702,GenImage_test/stable_diffusion_v_1_5/test/ai/557_sdv5_00039.png
294,stable_diffusion_v_1_5,4703,GenImage_test/stable_diffusion_v_1_5/test/nature/ILSVRC2012_val_00034389.JPEG
294,stable_diffusion_v_1_5,4704,GenImage_test/stable_diffusion_v_1_5/test/nature/ILSVRC2012_val_00001446.JPEG
294,stable_diffusion_v_1_5,4705,GenImage_test/stable_diffusion_v_1_5/test/nature/ILSVRC2012_val_00019006.JPEG
294,stable_diffusion_v_1_5,4706,GenImage_test/stable_diffusion_v_1_5/test/ai/142_sdv5_00020.png
294,stable_diffusion_v_1_5,4707,GenImage_test/stable_diffusion_v_1_5/test/ai/568_sdv5_00020.png
295,stable_diffusion_v_1_5,4708,GenImage_test/stable_diffusion_v_1_5/test/nature/ILSVRC2012_val_00025304.JPEG
295,stable_diffusion_v_1_5,4709,GenImage_test/stable_diffusion_v_1_5/test/nature/ILSVRC2012_val_00018860.JPEG
295,stable_diffusion_v_1_5,4710,GenImage_test/stable_diffusion_v_1_5/test/ai/068_sdv5_00039.png
295,stable_diffusion_v_1_5,4711,GenImage_test/stable_diffusion_v_1_5/test/ai/606_sdv5_00009.png
295,stable_diffusion_v_1_5,4712,GenImage_test/stable_diffusion_v_1_5/test/nature/ILSVRC2012_val_00021801.JPEG
295,stable_diffusion_v_1_5,4713,GenImage_test/stable_diffusion_v_1_5/test/ai/703_sdv5_00027.png
295,stable_diffusion_v_1_5,4714,GenImage_test/stable_diffusion_v_1_5/test/ai/068_sdv5_00135.png
295,stable_diffusion_v_1_5,4715,GenImage_test/stable_diffusion_v_1_5/test/ai/079_sdv5_00003.png
295,stable_diffusion_v_1_5,4716,GenImage_test/stable_diffusion_v_1_5/test/ai/429_sdv5_00027.png
295,stable_diffusion_v_1_5,4717,GenImage_test/stable_diffusion_v_1_5/test/nature/ILSVRC2012_val_00021622.JPEG
295,stable_diffusion_v_1_5,4718,GenImage_test/stable_diffusion_v_1_5/test/nature/ILSVRC2012_val_00032185.JPEG
295,stable_diffusion_v_1_5,4719,GenImage_test/stable_diffusion_v_1_5/test/ai/544_sdv5_00195.png
295,stable_diffusion_v_1_5,4720,GenImage_test/stable_diffusion_v_1_5/test/ai/332_sdv5_00135.png
295,stable_diffusion_v_1_5,4721,GenImage_test/stable_diffusion_v_1_5/test/nature/ILSVRC2012_val_00035239.JPEG
295,stable_diffusion_v_1_5,4722,GenImage_test/stable_diffusion_v_1_5/test/nature/ILSVRC2012_val_00009351.JPEG
295,stable_diffusion_v_1_5,4723,GenImage_test/stable_diffusion_v_1_5/test/nature/ILSVRC2012_val_00019717.JPEG
296,stable_diffusion_v_1_5,4724,GenImage_test/stable_diffusion_v_1_5/test/nature/ILSVRC2012_val_00006120.JPEG
296,stable_diffusion_v_1_5,4725,GenImage_test/stable_diffusion_v_1_5/test/ai/697_sdv5_00009.png
296,stable_diffusion_v_1_5,4726,GenImage_test/stable_diffusion_v_1_5/test/ai/095_sdv5_00003.png
296,stable_diffusion_v_1_5,4727,GenImage_test/stable_diffusion_v_1_5/test/ai/513_sdv5_00009.png
296,stable_diffusion_v_1_5,4728,GenImage_test/stable_diffusion_v_1_5/test/ai/651_sdv5_00027.png
296,stable_diffusion_v_1_5,4729,GenImage_test/stable_diffusion_v_1_5/test/nature/ILSVRC2012_val_00014673.JPEG
296,stable_diffusion_v_1_5,4730,GenImage_test/stable_diffusion_v_1_5/test/ai/034_sdv5_00135.png
296,stable_diffusion_v_1_5,4731,GenImage_test/stable_diffusion_v_1_5/test/nature/ILSVRC2012_val_00001478.JPEG
296,stable_diffusion_v_1_5,4732,GenImage_test/stable_diffusion_v_1_5/test/nature/ILSVRC2012_val_00046788.JPEG
296,stable_diffusion_v_1_5,4733,GenImage_test/stable_diffusion_v_1_5/test/nature/ILSVRC2012_val_00000173.JPEG
296,stable_diffusion_v_1_5,4734,GenImage_test/stable_diffusion_v_1_5/test/nature/ILSVRC2012_val_00046903.JPEG
296,stable_diffusion_v_1_5,4735,GenImage_test/stable_diffusion_v_1_5/test/nature/ILSVRC2012_val_00010908.JPEG
296,stable_diffusion_v_1_5,4736,GenImage_test/stable_diffusion_v_1_5/test/ai/411_sdv5_00009.png
296,stable_diffusion_v_1_5,4737,GenImage_test/stable_diffusion_v_1_5/test/nature/ILSVRC2012_val_00045540.JPEG
296,stable_diffusion_v_1_5,4738,GenImage_test/stable_diffusion_v_1_5/test/ai/112_sdv5_00100.png
296,stable_diffusion_v_1_5,4739,GenImage_test/stable_diffusion_v_1_5/test/ai/975_sdv5_00195.png
297,stable_diffusion_v_1_5,4740,GenImage_test/stable_diffusion_v_1_5/test/ai/044_sdv5_00020.png
297,stable_diffusion_v_1_5,4741,GenImage_test/stable_diffusion_v_1_5/test/nature/ILSVRC2012_val_00044474.JPEG
297,stable_diffusion_v_1_5,4742,GenImage_test/stable_diffusion_v_1_5/test/ai/149_sdv5_00020.png
297,stable_diffusion_v_1_5,4743,GenImage_test/stable_diffusion_v_1_5/test/ai/945_sdv5_00027.png
297,stable_diffusion_v_1_5,4744,GenImage_test/stable_diffusion_v_1_5/test/ai/330_sdv5_00195.png
297,stable_diffusion_v_1_5,4745,GenImage_test/stable_diffusion_v_1_5/test/nature/ILSVRC2012_val_00021120.JPEG
297,stable_diffusion_v_1_5,4746,GenImage_test/stable_diffusion_v_1_5/test/ai/401_sdv5_00009.png
297,stable_diffusion_v_1_5,4747,GenImage_test/stable_diffusion_v_1_5/test/ai/195_sdv5_00020.png
297,stable_diffusion_v_1_5,4748,GenImage_test/stable_diffusion_v_1_5/test/nature/ILSVRC2012_val_00022890.JPEG
297,stable_diffusion_v_1_5,4749,GenImage_test/stable_diffusion_v_1_5/test/nature/ILSVRC2012_val_00018637.JPEG
297,stable_diffusion_v_1_5,4750,GenImage_test/stable_diffusion_v_1_5/test/nature/ILSVRC2012_val_00007842.JPEG
297,stable_diffusion_v_1_5,4751,GenImage_test/stable_diffusion_v_1_5/test/nature/ILSVRC2012_val_00004087.JPEG
297,stable_diffusion_v_1_5,4752,GenImage_test/stable_diffusion_v_1_5/test/ai/930_sdv5_00020.png
297,stable_diffusion_v_1_5,4753,GenImage_test/stable_diffusion_v_1_5/test/nature/ILSVRC2012_val_00018509.JPEG
297,stable_diffusion_v_1_5,4754,GenImage_test/stable_diffusion_v_1_5/test/ai/422_sdv5_00135.png
297,stable_diffusion_v_1_5,4755,GenImage_test/stable_diffusion_v_1_5/test/nature/ILSVRC2012_val_00047390.JPEG
298,stable_diffusion_v_1_5,4756,GenImage_test/stable_diffusion_v_1_5/test/nature/ILSVRC2012_val_00017067.JPEG
298,stable_diffusion_v_1_5,4757,GenImage_test/stable_diffusion_v_1_5/test/nature/ILSVRC2012_val_00022679.JPEG
298,stable_diffusion_v_1_5,4758,GenImage_test/stable_diffusion_v_1_5/test/nature/ILSVRC2012_val_00026421.JPEG
298,stable_diffusion_v_1_5,4759,GenImage_test/stable_diffusion_v_1_5/test/ai/958_sdv5_00100.png
298,stable_diffusion_v_1_5,4760,GenImage_test/stable_diffusion_v_1_5/test/nature/ILSVRC2012_val_00031249.JPEG
298,stable_diffusion_v_1_5,4761,GenImage_test/stable_diffusion_v_1_5/test/ai/267_sdv5_00027.png
298,stable_diffusion_v_1_5,4762,GenImage_test/stable_diffusion_v_1_5/test/ai/597_sdv5_00009.png
298,stable_diffusion_v_1_5,4763,GenImage_test/stable_diffusion_v_1_5/test/nature/ILSVRC2012_val_00002807.JPEG
298,stable_diffusion_v_1_5,4764,GenImage_test/stable_diffusion_v_1_5/test/ai/391_sdv5_00195.png
298,stable_diffusion_v_1_5,4765,GenImage_test/stable_diffusion_v_1_5/test/nature/ILSVRC2012_val_00010456.JPEG
298,stable_diffusion_v_1_5,4766,GenImage_test/stable_diffusion_v_1_5/test/nature/ILSVRC2012_val_00043181.JPEG
298,stable_diffusion_v_1_5,4767,GenImage_test/stable_diffusion_v_1_5/test/ai/892_sdv5_00100.png
298,stable_diffusion_v_1_5,4768,GenImage_test/stable_diffusion_v_1_5/test/nature/ILSVRC2012_val_00001985.JPEG
298,stable_diffusion_v_1_5,4769,GenImage_test/stable_diffusion_v_1_5/test/nature/ILSVRC2012_val_00036940.JPEG
298,stable_diffusion_v_1_5,4770,GenImage_test/stable_diffusion_v_1_5/test/ai/431_sdv5_00003.png
298,stable_diffusion_v_1_5,4771,GenImage_test/stable_diffusion_v_1_5/test/ai/270_sdv5_00009.png
299,stable_diffusion_v_1_5,4772,GenImage_test/stable_diffusion_v_1_5/test/nature/ILSVRC2012_val_00002467.JPEG
299,stable_diffusion_v_1_5,4773,GenImage_test/stable_diffusion_v_1_5/test/nature/ILSVRC2012_val_00023909.JPEG
299,stable_diffusion_v_1_5,4774,GenImage_test/stable_diffusion_v_1_5/test/ai/286_sdv5_00100.png
299,stable_diffusion_v_1_5,4775,GenImage_test/stable_diffusion_v_1_5/test/ai/892_sdv5_00195.png
299,stable_diffusion_v_1_5,4776,GenImage_test/stable_diffusion_v_1_5/test/nature/ILSVRC2012_val_00021338.JPEG
299,stable_diffusion_v_1_5,4777,GenImage_test/stable_diffusion_v_1_5/test/ai/122_sdv5_00195.png
299,stable_diffusion_v_1_5,4778,GenImage_test/stable_diffusion_v_1_5/test/ai/604_sdv5_00027.png
299,stable_diffusion_v_1_5,4779,GenImage_test/stable_diffusion_v_1_5/test/ai/884_sdv5_00195.png
299,stable_diffusion_v_1_5,4780,GenImage_test/stable_diffusion_v_1_5/test/ai/795_sdv5_00039.png
299,stable_diffusion_v_1_5,4781,GenImage_test/stable_diffusion_v_1_5/test/nature/ILSVRC2012_val_00048533.JPEG
299,stable_diffusion_v_1_5,4782,GenImage_test/stable_diffusion_v_1_5/test/ai/003_sdv5_00100.png
299,stable_diffusion_v_1_5,4783,GenImage_test/stable_diffusion_v_1_5/test/ai/658_sdv5_00100.png
299,stable_diffusion_v_1_5,4784,GenImage_test/stable_diffusion_v_1_5/test/ai/488_sdv5_00003.png
299,stable_diffusion_v_1_5,4785,GenImage_test/stable_diffusion_v_1_5/test/nature/ILSVRC2012_val_00030477.JPEG
299,stable_diffusion_v_1_5,4786,GenImage_test/stable_diffusion_v_1_5/test/ai/065_sdv5_00039.png
299,stable_diffusion_v_1_5,4787,GenImage_test/stable_diffusion_v_1_5/test/nature/ILSVRC2012_val_00023607.JPEG
300,stable_diffusion_v_1_5,4788,GenImage_test/stable_diffusion_v_1_5/test/nature/ILSVRC2012_val_00025674.JPEG
300,stable_diffusion_v_1_5,4789,GenImage_test/stable_diffusion_v_1_5/test/nature/ILSVRC2012_val_00047800.JPEG
300,stable_diffusion_v_1_5,4790,GenImage_test/stable_diffusion_v_1_5/test/nature/ILSVRC2012_val_00026698.JPEG
300,stable_diffusion_v_1_5,4791,GenImage_test/stable_diffusion_v_1_5/test/ai/643_sdv5_00135.png
300,stable_diffusion_v_1_5,4792,GenImage_test/stable_diffusion_v_1_5/test/ai/412_sdv5_00003.png
300,stable_diffusion_v_1_5,4793,GenImage_test/stable_diffusion_v_1_5/test/ai/458_sdv5_00009.png
300,stable_diffusion_v_1_5,4794,GenImage_test/stable_diffusion_v_1_5/test/ai/335_sdv5_00039.png
300,stable_diffusion_v_1_5,4795,GenImage_test/stable_diffusion_v_1_5/test/ai/178_sdv5_00039.png
300,stable_diffusion_v_1_5,4796,GenImage_test/stable_diffusion_v_1_5/test/nature/ILSVRC2012_val_00043464.JPEG
300,stable_diffusion_v_1_5,4797,GenImage_test/stable_diffusion_v_1_5/test/nature/ILSVRC2012_val_00012597.JPEG
300,stable_diffusion_v_1_5,4798,GenImage_test/stable_diffusion_v_1_5/test/nature/ILSVRC2012_val_00006607.JPEG
300,stable_diffusion_v_1_5,4799,GenImage_test/stable_diffusion_v_1_5/test/nature/ILSVRC2012_val_00004548.JPEG
300,stable_diffusion_v_1_5,4800,GenImage_test/stable_diffusion_v_1_5/test/ai/102_sdv5_00027.png
300,stable_diffusion_v_1_5,4801,GenImage_test/stable_diffusion_v_1_5/test/ai/657_sdv5_00020.png
300,stable_diffusion_v_1_5,4802,GenImage_test/stable_diffusion_v_1_5/test/nature/ILSVRC2012_val_00023538.JPEG
300,stable_diffusion_v_1_5,4803,GenImage_test/stable_diffusion_v_1_5/test/nature/ILSVRC2012_val_00018261.JPEG
301,stable_diffusion_v_1_5,4804,GenImage_test/stable_diffusion_v_1_5/test/nature/ILSVRC2012_val_00047201.JPEG
301,stable_diffusion_v_1_5,4805,GenImage_test/stable_diffusion_v_1_5/test/nature/ILSVRC2012_val_00043384.JPEG
301,stable_diffusion_v_1_5,4806,GenImage_test/stable_diffusion_v_1_5/test/nature/ILSVRC2012_val_00043734.JPEG
301,stable_diffusion_v_1_5,4807,GenImage_test/stable_diffusion_v_1_5/test/ai/044_sdv5_00027.png
301,stable_diffusion_v_1_5,4808,GenImage_test/stable_diffusion_v_1_5/test/ai/170_sdv5_00020.png
301,stable_diffusion_v_1_5,4809,GenImage_test/stable_diffusion_v_1_5/test/nature/ILSVRC2012_val_00001233.JPEG
301,stable_diffusion_v_1_5,4810,GenImage_test/stable_diffusion_v_1_5/test/ai/145_sdv5_00027.png
301,stable_diffusion_v_1_5,4811,GenImage_test/stable_diffusion_v_1_5/test/nature/ILSVRC2012_val_00032326.JPEG
301,stable_diffusion_v_1_5,4812,GenImage_test/stable_diffusion_v_1_5/test/ai/314_sdv5_00135.png
301,stable_diffusion_v_1_5,4813,GenImage_test/stable_diffusion_v_1_5/test/nature/ILSVRC2012_val_00016852.JPEG
301,stable_diffusion_v_1_5,4814,GenImage_test/stable_diffusion_v_1_5/test/nature/ILSVRC2012_val_00018402.JPEG
301,stable_diffusion_v_1_5,4815,GenImage_test/stable_diffusion_v_1_5/test/ai/952_sdv5_00195.png
301,stable_diffusion_v_1_5,4816,GenImage_test/stable_diffusion_v_1_5/test/ai/883_sdv5_00009.png
301,stable_diffusion_v_1_5,4817,GenImage_test/stable_diffusion_v_1_5/test/nature/ILSVRC2012_val_00048012.JPEG
301,stable_diffusion_v_1_5,4818,GenImage_test/stable_diffusion_v_1_5/test/nature/ILSVRC2012_val_00032271.JPEG
301,stable_diffusion_v_1_5,4819,GenImage_test/stable_diffusion_v_1_5/test/nature/ILSVRC2012_val_00037251.JPEG
302,stable_diffusion_v_1_5,4820,GenImage_test/stable_diffusion_v_1_5/test/ai/580_sdv5_00039.png
302,stable_diffusion_v_1_5,4821,GenImage_test/stable_diffusion_v_1_5/test/ai/724_sdv5_00009.png
302,stable_diffusion_v_1_5,4822,GenImage_test/stable_diffusion_v_1_5/test/nature/ILSVRC2012_val_00048935.JPEG
302,stable_diffusion_v_1_5,4823,GenImage_test/stable_diffusion_v_1_5/test/ai/167_sdv5_00039.png
302,stable_diffusion_v_1_5,4824,GenImage_test/stable_diffusion_v_1_5/test/nature/ILSVRC2012_val_00011718.JPEG
302,stable_diffusion_v_1_5,4825,GenImage_test/stable_diffusion_v_1_5/test/nature/ILSVRC2012_val_00009670.JPEG
302,stable_diffusion_v_1_5,4826,GenImage_test/stable_diffusion_v_1_5/test/ai/823_sdv5_00195.png
302,stable_diffusion_v_1_5,4827,GenImage_test/stable_diffusion_v_1_5/test/ai/381_sdv5_00009.png
302,stable_diffusion_v_1_5,4828,GenImage_test/stable_diffusion_v_1_5/test/nature/ILSVRC2012_val_00012202.JPEG
302,stable_diffusion_v_1_5,4829,GenImage_test/stable_diffusion_v_1_5/test/ai/415_sdv5_00027.png
302,stable_diffusion_v_1_5,4830,GenImage_test/stable_diffusion_v_1_5/test/ai/167_sdv5_00009.png
302,stable_diffusion_v_1_5,4831,GenImage_test/stable_diffusion_v_1_5/test/nature/ILSVRC2012_val_00029334.JPEG
302,stable_diffusion_v_1_5,4832,GenImage_test/stable_diffusion_v_1_5/test/ai/393_sdv5_00135.png
302,stable_diffusion_v_1_5,4833,GenImage_test/stable_diffusion_v_1_5/test/nature/ILSVRC2012_val_00035334.JPEG
302,stable_diffusion_v_1_5,4834,GenImage_test/stable_diffusion_v_1_5/test/ai/483_sdv5_00020.png
302,stable_diffusion_v_1_5,4835,GenImage_test/stable_diffusion_v_1_5/test/nature/ILSVRC2012_val_00003921.JPEG
303,stable_diffusion_v_1_5,4836,GenImage_test/stable_diffusion_v_1_5/test/nature/ILSVRC2012_val_00027019.JPEG
303,stable_diffusion_v_1_5,4837,GenImage_test/stable_diffusion_v_1_5/test/nature/ILSVRC2012_val_00004263.JPEG
303,stable_diffusion_v_1_5,4838,GenImage_test/stable_diffusion_v_1_5/test/ai/209_sdv5_00027.png
303,stable_diffusion_v_1_5,4839,GenImage_test/stable_diffusion_v_1_5/test/ai/989_sdv5_00100.png
303,stable_diffusion_v_1_5,4840,GenImage_test/stable_diffusion_v_1_5/test/nature/ILSVRC2012_val_00047767.JPEG
303,stable_diffusion_v_1_5,4841,GenImage_test/stable_diffusion_v_1_5/test/nature/ILSVRC2012_val_00039889.JPEG
303,stable_diffusion_v_1_5,4842,GenImage_test/stable_diffusion_v_1_5/test/nature/ILSVRC2012_val_00009415.JPEG
303,stable_diffusion_v_1_5,4843,GenImage_test/stable_diffusion_v_1_5/test/ai/466_sdv5_00003.png
303,stable_diffusion_v_1_5,4844,GenImage_test/stable_diffusion_v_1_5/test/ai/212_sdv5_00100.png
303,stable_diffusion_v_1_5,4845,GenImage_test/stable_diffusion_v_1_5/test/ai/606_sdv5_00039.png
303,stable_diffusion_v_1_5,4846,GenImage_test/stable_diffusion_v_1_5/test/ai/341_sdv5_00100.png
303,stable_diffusion_v_1_5,4847,GenImage_test/stable_diffusion_v_1_5/test/nature/ILSVRC2012_val_00041598.JPEG
303,stable_diffusion_v_1_5,4848,GenImage_test/stable_diffusion_v_1_5/test/nature/ILSVRC2012_val_00043702.JPEG
303,stable_diffusion_v_1_5,4849,GenImage_test/stable_diffusion_v_1_5/test/ai/698_sdv5_00027.png
303,stable_diffusion_v_1_5,4850,GenImage_test/stable_diffusion_v_1_5/test/ai/572_sdv5_00195.png
303,stable_diffusion_v_1_5,4851,GenImage_test/stable_diffusion_v_1_5/test/ai/501_sdv5_00009.png
304,stable_diffusion_v_1_5,4852,GenImage_test/stable_diffusion_v_1_5/test/nature/ILSVRC2012_val_00015283.JPEG
304,stable_diffusion_v_1_5,4853,GenImage_test/stable_diffusion_v_1_5/test/nature/ILSVRC2012_val_00027745.JPEG
304,stable_diffusion_v_1_5,4854,GenImage_test/stable_diffusion_v_1_5/test/nature/ILSVRC2012_val_00018785.JPEG
304,stable_diffusion_v_1_5,4855,GenImage_test/stable_diffusion_v_1_5/test/nature/ILSVRC2012_val_00004757.JPEG
304,stable_diffusion_v_1_5,4856,GenImage_test/stable_diffusion_v_1_5/test/ai/939_sdv5_00039.png
304,stable_diffusion_v_1_5,4857,GenImage_test/stable_diffusion_v_1_5/test/nature/ILSVRC2012_val_00038401.JPEG
304,stable_diffusion_v_1_5,4858,GenImage_test/stable_diffusion_v_1_5/test/ai/839_sdv5_00100.png
304,stable_diffusion_v_1_5,4859,GenImage_test/stable_diffusion_v_1_5/test/nature/ILSVRC2012_val_00032811.JPEG
304,stable_diffusion_v_1_5,4860,GenImage_test/stable_diffusion_v_1_5/test/nature/ILSVRC2012_val_00033058.JPEG
304,stable_diffusion_v_1_5,4861,GenImage_test/stable_diffusion_v_1_5/test/ai/133_sdv5_00020.png
304,stable_diffusion_v_1_5,4862,GenImage_test/stable_diffusion_v_1_5/test/ai/534_sdv5_00009.png
304,stable_diffusion_v_1_5,4863,GenImage_test/stable_diffusion_v_1_5/test/ai/022_sdv5_00009.png
304,stable_diffusion_v_1_5,4864,GenImage_test/stable_diffusion_v_1_5/test/nature/ILSVRC2012_val_00002077.JPEG
304,stable_diffusion_v_1_5,4865,GenImage_test/stable_diffusion_v_1_5/test/ai/529_sdv5_00039.png
304,stable_diffusion_v_1_5,4866,GenImage_test/stable_diffusion_v_1_5/test/nature/ILSVRC2012_val_00028191.JPEG
304,stable_diffusion_v_1_5,4867,GenImage_test/stable_diffusion_v_1_5/test/ai/317_sdv5_00100.png
305,stable_diffusion_v_1_5,4868,GenImage_test/stable_diffusion_v_1_5/test/ai/242_sdv5_00009.png
305,stable_diffusion_v_1_5,4869,GenImage_test/stable_diffusion_v_1_5/test/ai/741_sdv5_00135.png
305,stable_diffusion_v_1_5,4870,GenImage_test/stable_diffusion_v_1_5/test/nature/ILSVRC2012_val_00027243.JPEG
305,stable_diffusion_v_1_5,4871,GenImage_test/stable_diffusion_v_1_5/test/ai/324_sdv5_00195.png
305,stable_diffusion_v_1_5,4872,GenImage_test/stable_diffusion_v_1_5/test/ai/350_sdv5_00039.png
305,stable_diffusion_v_1_5,4873,GenImage_test/stable_diffusion_v_1_5/test/ai/938_sdv5_00003.png
305,stable_diffusion_v_1_5,4874,GenImage_test/stable_diffusion_v_1_5/test/nature/ILSVRC2012_val_00048763.JPEG
305,stable_diffusion_v_1_5,4875,GenImage_test/stable_diffusion_v_1_5/test/nature/ILSVRC2012_val_00003676.JPEG
305,stable_diffusion_v_1_5,4876,GenImage_test/stable_diffusion_v_1_5/test/ai/053_sdv5_00003.png
305,stable_diffusion_v_1_5,4877,GenImage_test/stable_diffusion_v_1_5/test/nature/ILSVRC2012_val_00024371.JPEG
305,stable_diffusion_v_1_5,4878,GenImage_test/stable_diffusion_v_1_5/test/ai/681_sdv5_00195.png
305,stable_diffusion_v_1_5,4879,GenImage_test/stable_diffusion_v_1_5/test/nature/ILSVRC2012_val_00039662.JPEG
305,stable_diffusion_v_1_5,4880,GenImage_test/stable_diffusion_v_1_5/test/ai/099_sdv5_00135.png
305,stable_diffusion_v_1_5,4881,GenImage_test/stable_diffusion_v_1_5/test/nature/ILSVRC2012_val_00023652.JPEG
305,stable_diffusion_v_1_5,4882,GenImage_test/stable_diffusion_v_1_5/test/ai/739_sdv5_00135.png
305,stable_diffusion_v_1_5,4883,GenImage_test/stable_diffusion_v_1_5/test/ai/066_sdv5_00020.png
306,stable_diffusion_v_1_5,4884,GenImage_test/stable_diffusion_v_1_5/test/ai/174_sdv5_00100.png
306,stable_diffusion_v_1_5,4885,GenImage_test/stable_diffusion_v_1_5/test/nature/ILSVRC2012_val_00034111.JPEG
306,stable_diffusion_v_1_5,4886,GenImage_test/stable_diffusion_v_1_5/test/ai/835_sdv5_00100.png
306,stable_diffusion_v_1_5,4887,GenImage_test/stable_diffusion_v_1_5/test/nature/ILSVRC2012_val_00021189.JPEG
306,stable_diffusion_v_1_5,4888,GenImage_test/stable_diffusion_v_1_5/test/ai/732_sdv5_00100.png
306,stable_diffusion_v_1_5,4889,GenImage_test/stable_diffusion_v_1_5/test/ai/880_sdv5_00009.png
306,stable_diffusion_v_1_5,4890,GenImage_test/stable_diffusion_v_1_5/test/nature/ILSVRC2012_val_00022978.JPEG
306,stable_diffusion_v_1_5,4891,GenImage_test/stable_diffusion_v_1_5/test/ai/869_sdv5_00003.png
306,stable_diffusion_v_1_5,4892,GenImage_test/stable_diffusion_v_1_5/test/nature/ILSVRC2012_val_00009302.JPEG
306,stable_diffusion_v_1_5,4893,GenImage_test/stable_diffusion_v_1_5/test/ai/193_sdv5_00100.png
306,stable_diffusion_v_1_5,4894,GenImage_test/stable_diffusion_v_1_5/test/nature/ILSVRC2012_val_00028055.JPEG
306,stable_diffusion_v_1_5,4895,GenImage_test/stable_diffusion_v_1_5/test/ai/804_sdv5_00003.png
306,stable_diffusion_v_1_5,4896,GenImage_test/stable_diffusion_v_1_5/test/ai/601_sdv5_00195.png
306,stable_diffusion_v_1_5,4897,GenImage_test/stable_diffusion_v_1_5/test/nature/ILSVRC2012_val_00039476.JPEG
306,stable_diffusion_v_1_5,4898,GenImage_test/stable_diffusion_v_1_5/test/nature/ILSVRC2012_val_00011825.JPEG
306,stable_diffusion_v_1_5,4899,GenImage_test/stable_diffusion_v_1_5/test/ai/489_sdv5_00135.png
307,stable_diffusion_v_1_5,4900,GenImage_test/stable_diffusion_v_1_5/test/nature/ILSVRC2012_val_00045399.JPEG
307,stable_diffusion_v_1_5,4901,GenImage_test/stable_diffusion_v_1_5/test/ai/046_sdv5_00009.png
307,stable_diffusion_v_1_5,4902,GenImage_test/stable_diffusion_v_1_5/test/ai/243_sdv5_00020.png
307,stable_diffusion_v_1_5,4903,GenImage_test/stable_diffusion_v_1_5/test/nature/ILSVRC2012_val_00024274.JPEG
307,stable_diffusion_v_1_5,4904,GenImage_test/stable_diffusion_v_1_5/test/ai/572_sdv5_00135.png
307,stable_diffusion_v_1_5,4905,GenImage_test/stable_diffusion_v_1_5/test/nature/ILSVRC2012_val_00010964.JPEG
307,stable_diffusion_v_1_5,4906,GenImage_test/stable_diffusion_v_1_5/test/ai/857_sdv5_00020.png
307,stable_diffusion_v_1_5,4907,GenImage_test/stable_diffusion_v_1_5/test/ai/382_sdv5_00027.png
307,stable_diffusion_v_1_5,4908,GenImage_test/stable_diffusion_v_1_5/test/ai/184_sdv5_00135.png
307,stable_diffusion_v_1_5,4909,GenImage_test/stable_diffusion_v_1_5/test/ai/151_sdv5_00020.png
307,stable_diffusion_v_1_5,4910,GenImage_test/stable_diffusion_v_1_5/test/ai/670_sdv5_00027.png
307,stable_diffusion_v_1_5,4911,GenImage_test/stable_diffusion_v_1_5/test/ai/636_sdv5_00195.png
307,stable_diffusion_v_1_5,4912,GenImage_test/stable_diffusion_v_1_5/test/nature/ILSVRC2012_val_00016896.JPEG
307,stable_diffusion_v_1_5,4913,GenImage_test/stable_diffusion_v_1_5/test/nature/ILSVRC2012_val_00024712.JPEG
307,stable_diffusion_v_1_5,4914,GenImage_test/stable_diffusion_v_1_5/test/nature/ILSVRC2012_val_00026529.JPEG
307,stable_diffusion_v_1_5,4915,GenImage_test/stable_diffusion_v_1_5/test/nature/ILSVRC2012_val_00008694.JPEG
308,stable_diffusion_v_1_5,4916,GenImage_test/stable_diffusion_v_1_5/test/ai/227_sdv5_00039.png
308,stable_diffusion_v_1_5,4917,GenImage_test/stable_diffusion_v_1_5/test/ai/744_sdv5_00003.png
308,stable_diffusion_v_1_5,4918,GenImage_test/stable_diffusion_v_1_5/test/ai/234_sdv5_00135.png
308,stable_diffusion_v_1_5,4919,GenImage_test/stable_diffusion_v_1_5/test/ai/392_sdv5_00020.png
308,stable_diffusion_v_1_5,4920,GenImage_test/stable_diffusion_v_1_5/test/ai/012_sdv5_00020.png
308,stable_diffusion_v_1_5,4921,GenImage_test/stable_diffusion_v_1_5/test/nature/ILSVRC2012_val_00032362.JPEG
308,stable_diffusion_v_1_5,4922,GenImage_test/stable_diffusion_v_1_5/test/nature/ILSVRC2012_val_00034534.JPEG
308,stable_diffusion_v_1_5,4923,GenImage_test/stable_diffusion_v_1_5/test/nature/ILSVRC2012_val_00047357.JPEG
308,stable_diffusion_v_1_5,4924,GenImage_test/stable_diffusion_v_1_5/test/ai/666_sdv5_00135.png
308,stable_diffusion_v_1_5,4925,GenImage_test/stable_diffusion_v_1_5/test/nature/ILSVRC2012_val_00031515.JPEG
308,stable_diffusion_v_1_5,4926,GenImage_test/stable_diffusion_v_1_5/test/ai/560_sdv5_00009.png
308,stable_diffusion_v_1_5,4927,GenImage_test/stable_diffusion_v_1_5/test/ai/190_sdv5_00039.png
308,stable_diffusion_v_1_5,4928,GenImage_test/stable_diffusion_v_1_5/test/ai/480_sdv5_00003.png
308,stable_diffusion_v_1_5,4929,GenImage_test/stable_diffusion_v_1_5/test/ai/211_sdv5_00020.png
308,stable_diffusion_v_1_5,4930,GenImage_test/stable_diffusion_v_1_5/test/nature/ILSVRC2012_val_00016041.JPEG
308,stable_diffusion_v_1_5,4931,GenImage_test/stable_diffusion_v_1_5/test/ai/245_sdv5_00039.png
309,stable_diffusion_v_1_5,4932,GenImage_test/stable_diffusion_v_1_5/test/ai/596_sdv5_00039.png
309,stable_diffusion_v_1_5,4933,GenImage_test/stable_diffusion_v_1_5/test/nature/ILSVRC2012_val_00002748.JPEG
309,stable_diffusion_v_1_5,4934,GenImage_test/stable_diffusion_v_1_5/test/ai/553_sdv5_00100.png
309,stable_diffusion_v_1_5,4935,GenImage_test/stable_diffusion_v_1_5/test/ai/699_sdv5_00195.png
309,stable_diffusion_v_1_5,4936,GenImage_test/stable_diffusion_v_1_5/test/nature/ILSVRC2012_val_00015762.JPEG
309,stable_diffusion_v_1_5,4937,GenImage_test/stable_diffusion_v_1_5/test/nature/ILSVRC2012_val_00004935.JPEG
309,stable_diffusion_v_1_5,4938,GenImage_test/stable_diffusion_v_1_5/test/nature/ILSVRC2012_val_00031211.JPEG
309,stable_diffusion_v_1_5,4939,GenImage_test/stable_diffusion_v_1_5/test/nature/ILSVRC2012_val_00034193.JPEG
309,stable_diffusion_v_1_5,4940,GenImage_test/stable_diffusion_v_1_5/test/nature/ILSVRC2012_val_00009231.JPEG
309,stable_diffusion_v_1_5,4941,GenImage_test/stable_diffusion_v_1_5/test/nature/ILSVRC2012_val_00040406.JPEG
309,stable_diffusion_v_1_5,4942,GenImage_test/stable_diffusion_v_1_5/test/ai/306_sdv5_00100.png
309,stable_diffusion_v_1_5,4943,GenImage_test/stable_diffusion_v_1_5/test/nature/ILSVRC2012_val_00014994.JPEG
309,stable_diffusion_v_1_5,4944,GenImage_test/stable_diffusion_v_1_5/test/ai/828_sdv5_00100.png
309,stable_diffusion_v_1_5,4945,GenImage_test/stable_diffusion_v_1_5/test/nature/ILSVRC2012_val_00013624.JPEG
309,stable_diffusion_v_1_5,4946,GenImage_test/stable_diffusion_v_1_5/test/nature/ILSVRC2012_val_00002583.JPEG
309,stable_diffusion_v_1_5,4947,GenImage_test/stable_diffusion_v_1_5/test/nature/ILSVRC2012_val_00037474.JPEG
310,stable_diffusion_v_1_5,4948,GenImage_test/stable_diffusion_v_1_5/test/ai/724_sdv5_00195.png
310,stable_diffusion_v_1_5,4949,GenImage_test/stable_diffusion_v_1_5/test/nature/ILSVRC2012_val_00029718.JPEG
310,stable_diffusion_v_1_5,4950,GenImage_test/stable_diffusion_v_1_5/test/ai/136_sdv5_00039.png
310,stable_diffusion_v_1_5,4951,GenImage_test/stable_diffusion_v_1_5/test/ai/473_sdv5_00003.png
310,stable_diffusion_v_1_5,4952,GenImage_test/stable_diffusion_v_1_5/test/nature/ILSVRC2012_val_00012855.JPEG
310,stable_diffusion_v_1_5,4953,GenImage_test/stable_diffusion_v_1_5/test/ai/071_sdv5_00135.png
310,stable_diffusion_v_1_5,4954,GenImage_test/stable_diffusion_v_1_5/test/ai/798_sdv5_00135.png
310,stable_diffusion_v_1_5,4955,GenImage_test/stable_diffusion_v_1_5/test/ai/528_sdv5_00009.png
310,stable_diffusion_v_1_5,4956,GenImage_test/stable_diffusion_v_1_5/test/ai/366_sdv5_00009.png
310,stable_diffusion_v_1_5,4957,GenImage_test/stable_diffusion_v_1_5/test/ai/791_sdv5_00039.png
310,stable_diffusion_v_1_5,4958,GenImage_test/stable_diffusion_v_1_5/test/nature/ILSVRC2012_val_00019328.JPEG
310,stable_diffusion_v_1_5,4959,GenImage_test/stable_diffusion_v_1_5/test/nature/ILSVRC2012_val_00042456.JPEG
310,stable_diffusion_v_1_5,4960,GenImage_test/stable_diffusion_v_1_5/test/ai/347_sdv5_00027.png
310,stable_diffusion_v_1_5,4961,GenImage_test/stable_diffusion_v_1_5/test/ai/510_sdv5_00003.png
310,stable_diffusion_v_1_5,4962,GenImage_test/stable_diffusion_v_1_5/test/ai/988_sdv5_00195.png
310,stable_diffusion_v_1_5,4963,GenImage_test/stable_diffusion_v_1_5/test/nature/ILSVRC2012_val_00021580.JPEG
311,stable_diffusion_v_1_5,4964,GenImage_test/stable_diffusion_v_1_5/test/ai/463_sdv5_00003.png
311,stable_diffusion_v_1_5,4965,GenImage_test/stable_diffusion_v_1_5/test/nature/ILSVRC2012_val_00048815.JPEG
311,stable_diffusion_v_1_5,4966,GenImage_test/stable_diffusion_v_1_5/test/nature/ILSVRC2012_val_00017160.JPEG
311,stable_diffusion_v_1_5,4967,GenImage_test/stable_diffusion_v_1_5/test/nature/ILSVRC2012_val_00014301.JPEG
311,stable_diffusion_v_1_5,4968,GenImage_test/stable_diffusion_v_1_5/test/nature/ILSVRC2012_val_00016940.JPEG
311,stable_diffusion_v_1_5,4969,GenImage_test/stable_diffusion_v_1_5/test/nature/ILSVRC2012_val_00002499.JPEG
311,stable_diffusion_v_1_5,4970,GenImage_test/stable_diffusion_v_1_5/test/nature/ILSVRC2012_val_00008156.JPEG
311,stable_diffusion_v_1_5,4971,GenImage_test/stable_diffusion_v_1_5/test/ai/599_sdv5_00009.png
311,stable_diffusion_v_1_5,4972,GenImage_test/stable_diffusion_v_1_5/test/nature/ILSVRC2012_val_00029133.JPEG
311,stable_diffusion_v_1_5,4973,GenImage_test/stable_diffusion_v_1_5/test/nature/ILSVRC2012_val_00007859.JPEG
311,stable_diffusion_v_1_5,4974,GenImage_test/stable_diffusion_v_1_5/test/nature/ILSVRC2012_val_00005418.JPEG
311,stable_diffusion_v_1_5,4975,GenImage_test/stable_diffusion_v_1_5/test/ai/279_sdv5_00020.png
311,stable_diffusion_v_1_5,4976,GenImage_test/stable_diffusion_v_1_5/test/nature/ILSVRC2012_val_00037962.JPEG
311,stable_diffusion_v_1_5,4977,GenImage_test/stable_diffusion_v_1_5/test/ai/144_sdv5_00027.png
311,stable_diffusion_v_1_5,4978,GenImage_test/stable_diffusion_v_1_5/test/ai/623_sdv5_00195.png
311,stable_diffusion_v_1_5,4979,GenImage_test/stable_diffusion_v_1_5/test/ai/260_sdv5_00039.png
312,stable_diffusion_v_1_5,4980,GenImage_test/stable_diffusion_v_1_5/test/ai/581_sdv5_00100.png
312,stable_diffusion_v_1_5,4981,GenImage_test/stable_diffusion_v_1_5/test/ai/406_sdv5_00003.png
312,stable_diffusion_v_1_5,4982,GenImage_test/stable_diffusion_v_1_5/test/ai/481_sdv5_00100.png
312,stable_diffusion_v_1_5,4983,GenImage_test/stable_diffusion_v_1_5/test/nature/ILSVRC2012_val_00012322.JPEG
312,stable_diffusion_v_1_5,4984,GenImage_test/stable_diffusion_v_1_5/test/nature/ILSVRC2012_val_00041985.JPEG
312,stable_diffusion_v_1_5,4985,GenImage_test/stable_diffusion_v_1_5/test/ai/900_sdv5_00195.png
312,stable_diffusion_v_1_5,4986,GenImage_test/stable_diffusion_v_1_5/test/ai/946_sdv5_00039.png
312,stable_diffusion_v_1_5,4987,GenImage_test/stable_diffusion_v_1_5/test/ai/462_sdv5_00027.png
312,stable_diffusion_v_1_5,4988,GenImage_test/stable_diffusion_v_1_5/test/ai/781_sdv5_00009.png
312,stable_diffusion_v_1_5,4989,GenImage_test/stable_diffusion_v_1_5/test/ai/582_sdv5_00195.png
312,stable_diffusion_v_1_5,4990,GenImage_test/stable_diffusion_v_1_5/test/nature/ILSVRC2012_val_00019914.JPEG
312,stable_diffusion_v_1_5,4991,GenImage_test/stable_diffusion_v_1_5/test/ai/192_sdv5_00100.png
312,stable_diffusion_v_1_5,4992,GenImage_test/stable_diffusion_v_1_5/test/ai/381_sdv5_00135.png
312,stable_diffusion_v_1_5,4993,GenImage_test/stable_diffusion_v_1_5/test/nature/ILSVRC2012_val_00041791.JPEG
312,stable_diffusion_v_1_5,4994,GenImage_test/stable_diffusion_v_1_5/test/ai/428_sdv5_00100.png
312,stable_diffusion_v_1_5,4995,GenImage_test/stable_diffusion_v_1_5/test/ai/263_sdv5_00100.png
313,stable_diffusion_v_1_5,4996,GenImage_test/stable_diffusion_v_1_5/test/ai/170_sdv5_00195.png
313,stable_diffusion_v_1_5,4997,GenImage_test/stable_diffusion_v_1_5/test/ai/694_sdv5_00020.png
313,stable_diffusion_v_1_5,4998,GenImage_test/stable_diffusion_v_1_5/test/nature/ILSVRC2012_val_00026026.JPEG
313,stable_diffusion_v_1_5,4999,GenImage_test/stable_diffusion_v_1_5/test/ai/714_sdv5_00039.png
313,stable_diffusion_v_1_5,5000,GenImage_test/stable_diffusion_v_1_5/test/ai/025_sdv5_00003.png
313,stable_diffusion_v_1_5,5001,GenImage_test/stable_diffusion_v_1_5/test/nature/ILSVRC2012_val_00040899.JPEG
313,stable_diffusion_v_1_5,5002,GenImage_test/stable_diffusion_v_1_5/test/nature/ILSVRC2012_val_00000880.JPEG
313,stable_diffusion_v_1_5,5003,GenImage_test/stable_diffusion_v_1_5/test/nature/ILSVRC2012_val_00016576.JPEG
313,stable_diffusion_v_1_5,5004,GenImage_test/stable_diffusion_v_1_5/test/nature/ILSVRC2012_val_00011783.JPEG
313,stable_diffusion_v_1_5,5005,GenImage_test/stable_diffusion_v_1_5/test/nature/ILSVRC2012_val_00048448.JPEG
313,stable_diffusion_v_1_5,5006,GenImage_test/stable_diffusion_v_1_5/test/ai/566_sdv5_00027.png
313,stable_diffusion_v_1_5,5007,GenImage_test/stable_diffusion_v_1_5/test/ai/174_sdv5_00003.png
313,stable_diffusion_v_1_5,5008,GenImage_test/stable_diffusion_v_1_5/test/ai/008_sdv5_00100.png
313,stable_diffusion_v_1_5,5009,GenImage_test/stable_diffusion_v_1_5/test/nature/ILSVRC2012_val_00049610.JPEG
313,stable_diffusion_v_1_5,5010,GenImage_test/stable_diffusion_v_1_5/test/nature/ILSVRC2012_val_00027609.JPEG
313,stable_diffusion_v_1_5,5011,GenImage_test/stable_diffusion_v_1_5/test/ai/112_sdv5_00195.png
314,stable_diffusion_v_1_5,5012,GenImage_test/stable_diffusion_v_1_5/test/ai/061_sdv5_00003.png
314,stable_diffusion_v_1_5,5013,GenImage_test/stable_diffusion_v_1_5/test/ai/146_sdv5_00135.png
314,stable_diffusion_v_1_5,5014,GenImage_test/stable_diffusion_v_1_5/test/nature/ILSVRC2012_val_00033793.JPEG
314,stable_diffusion_v_1_5,5015,GenImage_test/stable_diffusion_v_1_5/test/nature/ILSVRC2012_val_00022530.JPEG
314,stable_diffusion_v_1_5,5016,GenImage_test/stable_diffusion_v_1_5/test/ai/784_sdv5_00003.png
314,stable_diffusion_v_1_5,5017,GenImage_test/stable_diffusion_v_1_5/test/ai/714_sdv5_00100.png
314,stable_diffusion_v_1_5,5018,GenImage_test/stable_diffusion_v_1_5/test/ai/789_sdv5_00100.png
314,stable_diffusion_v_1_5,5019,GenImage_test/stable_diffusion_v_1_5/test/nature/ILSVRC2012_val_00008675.JPEG
314,stable_diffusion_v_1_5,5020,GenImage_test/stable_diffusion_v_1_5/test/ai/214_sdv5_00039.png
314,stable_diffusion_v_1_5,5021,GenImage_test/stable_diffusion_v_1_5/test/nature/ILSVRC2012_val_00042804.JPEG
314,stable_diffusion_v_1_5,5022,GenImage_test/stable_diffusion_v_1_5/test/nature/ILSVRC2012_val_00042980.JPEG
314,stable_diffusion_v_1_5,5023,GenImage_test/stable_diffusion_v_1_5/test/nature/ILSVRC2012_val_00025544.JPEG
314,stable_diffusion_v_1_5,5024,GenImage_test/stable_diffusion_v_1_5/test/nature/ILSVRC2012_val_00049631.JPEG
314,stable_diffusion_v_1_5,5025,GenImage_test/stable_diffusion_v_1_5/test/ai/841_sdv5_00009.png
314,stable_diffusion_v_1_5,5026,GenImage_test/stable_diffusion_v_1_5/test/nature/ILSVRC2012_val_00033417.JPEG
314,stable_diffusion_v_1_5,5027,GenImage_test/stable_diffusion_v_1_5/test/nature/ILSVRC2012_val_00008247.JPEG
315,stable_diffusion_v_1_5,5028,GenImage_test/stable_diffusion_v_1_5/test/nature/ILSVRC2012_val_00005101.JPEG
315,stable_diffusion_v_1_5,5029,GenImage_test/stable_diffusion_v_1_5/test/ai/889_sdv5_00100.png
315,stable_diffusion_v_1_5,5030,GenImage_test/stable_diffusion_v_1_5/test/ai/371_sdv5_00009.png
315,stable_diffusion_v_1_5,5031,GenImage_test/stable_diffusion_v_1_5/test/ai/290_sdv5_00195.png
315,stable_diffusion_v_1_5,5032,GenImage_test/stable_diffusion_v_1_5/test/nature/ILSVRC2012_val_00001900.JPEG
315,stable_diffusion_v_1_5,5033,GenImage_test/stable_diffusion_v_1_5/test/ai/023_sdv5_00020.png
315,stable_diffusion_v_1_5,5034,GenImage_test/stable_diffusion_v_1_5/test/nature/ILSVRC2012_val_00000502.JPEG
315,stable_diffusion_v_1_5,5035,GenImage_test/stable_diffusion_v_1_5/test/ai/062_sdv5_00009.png
315,stable_diffusion_v_1_5,5036,GenImage_test/stable_diffusion_v_1_5/test/ai/449_sdv5_00135.png
315,stable_diffusion_v_1_5,5037,GenImage_test/stable_diffusion_v_1_5/test/ai/811_sdv5_00020.png
315,stable_diffusion_v_1_5,5038,GenImage_test/stable_diffusion_v_1_5/test/ai/621_sdv5_00100.png
315,stable_diffusion_v_1_5,5039,GenImage_test/stable_diffusion_v_1_5/test/ai/758_sdv5_00135.png
315,stable_diffusion_v_1_5,5040,GenImage_test/stable_diffusion_v_1_5/test/nature/ILSVRC2012_val_00007677.JPEG
315,stable_diffusion_v_1_5,5041,GenImage_test/stable_diffusion_v_1_5/test/nature/ILSVRC2012_val_00013673.JPEG
315,stable_diffusion_v_1_5,5042,GenImage_test/stable_diffusion_v_1_5/test/ai/669_sdv5_00020.png
315,stable_diffusion_v_1_5,5043,GenImage_test/stable_diffusion_v_1_5/test/nature/ILSVRC2012_val_00019962.JPEG
316,stable_diffusion_v_1_5,5044,GenImage_test/stable_diffusion_v_1_5/test/ai/319_sdv5_00020.png
316,stable_diffusion_v_1_5,5045,GenImage_test/stable_diffusion_v_1_5/test/nature/ILSVRC2012_val_00007345.JPEG
316,stable_diffusion_v_1_5,5046,GenImage_test/stable_diffusion_v_1_5/test/ai/578_sdv5_00135.png
316,stable_diffusion_v_1_5,5047,GenImage_test/stable_diffusion_v_1_5/test/nature/ILSVRC2012_val_00013232.JPEG
316,stable_diffusion_v_1_5,5048,GenImage_test/stable_diffusion_v_1_5/test/ai/834_sdv5_00003.png
316,stable_diffusion_v_1_5,5049,GenImage_test/stable_diffusion_v_1_5/test/nature/ILSVRC2012_val_00015388.JPEG
316,stable_diffusion_v_1_5,5050,GenImage_test/stable_diffusion_v_1_5/test/ai/081_sdv5_00100.png
316,stable_diffusion_v_1_5,5051,GenImage_test/stable_diffusion_v_1_5/test/ai/457_sdv5_00039.png
316,stable_diffusion_v_1_5,5052,GenImage_test/stable_diffusion_v_1_5/test/ai/655_sdv5_00100.png
316,stable_diffusion_v_1_5,5053,GenImage_test/stable_diffusion_v_1_5/test/nature/ILSVRC2012_val_00032439.JPEG
316,stable_diffusion_v_1_5,5054,GenImage_test/stable_diffusion_v_1_5/test/nature/ILSVRC2012_val_00047851.JPEG
316,stable_diffusion_v_1_5,5055,GenImage_test/stable_diffusion_v_1_5/test/nature/ILSVRC2012_val_00048817.JPEG
316,stable_diffusion_v_1_5,5056,GenImage_test/stable_diffusion_v_1_5/test/nature/ILSVRC2012_val_00034300.JPEG
316,stable_diffusion_v_1_5,5057,GenImage_test/stable_diffusion_v_1_5/test/nature/ILSVRC2012_val_00003180.JPEG
316,stable_diffusion_v_1_5,5058,GenImage_test/stable_diffusion_v_1_5/test/ai/255_sdv5_00135.png
316,stable_diffusion_v_1_5,5059,GenImage_test/stable_diffusion_v_1_5/test/nature/ILSVRC2012_val_00019523.JPEG
317,stable_diffusion_v_1_5,5060,GenImage_test/stable_diffusion_v_1_5/test/nature/ILSVRC2012_val_00037030.JPEG
317,stable_diffusion_v_1_5,5061,GenImage_test/stable_diffusion_v_1_5/test/nature/ILSVRC2012_val_00000864.JPEG
317,stable_diffusion_v_1_5,5062,GenImage_test/stable_diffusion_v_1_5/test/ai/032_sdv5_00020.png
317,stable_diffusion_v_1_5,5063,GenImage_test/stable_diffusion_v_1_5/test/nature/ILSVRC2012_val_00047873.JPEG
317,stable_diffusion_v_1_5,5064,GenImage_test/stable_diffusion_v_1_5/test/nature/ILSVRC2012_val_00040866.JPEG
317,stable_diffusion_v_1_5,5065,GenImage_test/stable_diffusion_v_1_5/test/nature/ILSVRC2012_val_00025789.JPEG
317,stable_diffusion_v_1_5,5066,GenImage_test/stable_diffusion_v_1_5/test/ai/559_sdv5_00027.png
317,stable_diffusion_v_1_5,5067,GenImage_test/stable_diffusion_v_1_5/test/ai/830_sdv5_00135.png
317,stable_diffusion_v_1_5,5068,GenImage_test/stable_diffusion_v_1_5/test/nature/ILSVRC2012_val_00000497.JPEG
317,stable_diffusion_v_1_5,5069,GenImage_test/stable_diffusion_v_1_5/test/ai/293_sdv5_00039.png
317,stable_diffusion_v_1_5,5070,GenImage_test/stable_diffusion_v_1_5/test/nature/ILSVRC2012_val_00011528.JPEG
317,stable_diffusion_v_1_5,5071,GenImage_test/stable_diffusion_v_1_5/test/nature/ILSVRC2012_val_00013922.JPEG
317,stable_diffusion_v_1_5,5072,GenImage_test/stable_diffusion_v_1_5/test/ai/214_sdv5_00020.png
317,stable_diffusion_v_1_5,5073,GenImage_test/stable_diffusion_v_1_5/test/nature/ILSVRC2012_val_00040720.JPEG
317,stable_diffusion_v_1_5,5074,GenImage_test/stable_diffusion_v_1_5/test/nature/ILSVRC2012_val_00014658.JPEG
317,stable_diffusion_v_1_5,5075,GenImage_test/stable_diffusion_v_1_5/test/nature/ILSVRC2012_val_00019393.JPEG
318,stable_diffusion_v_1_5,5076,GenImage_test/stable_diffusion_v_1_5/test/nature/ILSVRC2012_val_00025800.JPEG
318,stable_diffusion_v_1_5,5077,GenImage_test/stable_diffusion_v_1_5/test/ai/322_sdv5_00039.png
318,stable_diffusion_v_1_5,5078,GenImage_test/stable_diffusion_v_1_5/test/ai/213_sdv5_00100.png
318,stable_diffusion_v_1_5,5079,GenImage_test/stable_diffusion_v_1_5/test/nature/ILSVRC2012_val_00047927.JPEG
318,stable_diffusion_v_1_5,5080,GenImage_test/stable_diffusion_v_1_5/test/ai/230_sdv5_00020.png
318,stable_diffusion_v_1_5,5081,GenImage_test/stable_diffusion_v_1_5/test/nature/ILSVRC2012_val_00015882.JPEG
318,stable_diffusion_v_1_5,5082,GenImage_test/stable_diffusion_v_1_5/test/ai/591_sdv5_00020.png
318,stable_diffusion_v_1_5,5083,GenImage_test/stable_diffusion_v_1_5/test/nature/ILSVRC2012_val_00044599.JPEG
318,stable_diffusion_v_1_5,5084,GenImage_test/stable_diffusion_v_1_5/test/nature/ILSVRC2012_val_00041833.JPEG
318,stable_diffusion_v_1_5,5085,GenImage_test/stable_diffusion_v_1_5/test/ai/924_sdv5_00020.png
318,stable_diffusion_v_1_5,5086,GenImage_test/stable_diffusion_v_1_5/test/ai/922_sdv5_00027.png
318,stable_diffusion_v_1_5,5087,GenImage_test/stable_diffusion_v_1_5/test/nature/ILSVRC2012_val_00009492.JPEG
318,stable_diffusion_v_1_5,5088,GenImage_test/stable_diffusion_v_1_5/test/ai/722_sdv5_00135.png
318,stable_diffusion_v_1_5,5089,GenImage_test/stable_diffusion_v_1_5/test/nature/ILSVRC2012_val_00024073.JPEG
318,stable_diffusion_v_1_5,5090,GenImage_test/stable_diffusion_v_1_5/test/nature/ILSVRC2012_val_00037079.JPEG
318,stable_diffusion_v_1_5,5091,GenImage_test/stable_diffusion_v_1_5/test/ai/848_sdv5_00020.png
319,stable_diffusion_v_1_5,5092,GenImage_test/stable_diffusion_v_1_5/test/nature/ILSVRC2012_val_00029929.JPEG
319,stable_diffusion_v_1_5,5093,GenImage_test/stable_diffusion_v_1_5/test/nature/ILSVRC2012_val_00038660.JPEG
319,stable_diffusion_v_1_5,5094,GenImage_test/stable_diffusion_v_1_5/test/ai/124_sdv5_00135.png
319,stable_diffusion_v_1_5,5095,GenImage_test/stable_diffusion_v_1_5/test/ai/292_sdv5_00100.png
319,stable_diffusion_v_1_5,5096,GenImage_test/stable_diffusion_v_1_5/test/ai/524_sdv5_00009.png
319,stable_diffusion_v_1_5,5097,GenImage_test/stable_diffusion_v_1_5/test/ai/080_sdv5_00027.png
319,stable_diffusion_v_1_5,5098,GenImage_test/stable_diffusion_v_1_5/test/nature/ILSVRC2012_val_00002704.JPEG
319,stable_diffusion_v_1_5,5099,GenImage_test/stable_diffusion_v_1_5/test/nature/ILSVRC2012_val_00003297.JPEG
319,stable_diffusion_v_1_5,5100,GenImage_test/stable_diffusion_v_1_5/test/nature/ILSVRC2012_val_00026013.JPEG
319,stable_diffusion_v_1_5,5101,GenImage_test/stable_diffusion_v_1_5/test/ai/637_sdv5_00009.png
319,stable_diffusion_v_1_5,5102,GenImage_test/stable_diffusion_v_1_5/test/nature/ILSVRC2012_val_00010634.JPEG
319,stable_diffusion_v_1_5,5103,GenImage_test/stable_diffusion_v_1_5/test/nature/ILSVRC2012_val_00035931.JPEG
319,stable_diffusion_v_1_5,5104,GenImage_test/stable_diffusion_v_1_5/test/ai/674_sdv5_00039.png
319,stable_diffusion_v_1_5,5105,GenImage_test/stable_diffusion_v_1_5/test/nature/ILSVRC2012_val_00049766.JPEG
319,stable_diffusion_v_1_5,5106,GenImage_test/stable_diffusion_v_1_5/test/ai/159_sdv5_00135.png
319,stable_diffusion_v_1_5,5107,GenImage_test/stable_diffusion_v_1_5/test/nature/ILSVRC2012_val_00014822.JPEG
320,stable_diffusion_v_1_5,5108,GenImage_test/stable_diffusion_v_1_5/test/nature/ILSVRC2012_val_00009629.JPEG
320,stable_diffusion_v_1_5,5109,GenImage_test/stable_diffusion_v_1_5/test/nature/ILSVRC2012_val_00000708.JPEG
320,stable_diffusion_v_1_5,5110,GenImage_test/stable_diffusion_v_1_5/test/ai/532_sdv5_00020.png
320,stable_diffusion_v_1_5,5111,GenImage_test/stable_diffusion_v_1_5/test/ai/206_sdv5_00003.png
320,stable_diffusion_v_1_5,5112,GenImage_test/stable_diffusion_v_1_5/test/ai/631_sdv5_00135.png
320,stable_diffusion_v_1_5,5113,GenImage_test/stable_diffusion_v_1_5/test/ai/924_sdv5_00003.png
320,stable_diffusion_v_1_5,5114,GenImage_test/stable_diffusion_v_1_5/test/ai/292_sdv5_00135.png
320,stable_diffusion_v_1_5,5115,GenImage_test/stable_diffusion_v_1_5/test/ai/307_sdv5_00195.png
320,stable_diffusion_v_1_5,5116,GenImage_test/stable_diffusion_v_1_5/test/ai/942_sdv5_00100.png
320,stable_diffusion_v_1_5,5117,GenImage_test/stable_diffusion_v_1_5/test/nature/ILSVRC2012_val_00037297.JPEG
320,stable_diffusion_v_1_5,5118,GenImage_test/stable_diffusion_v_1_5/test/nature/ILSVRC2012_val_00005974.JPEG
320,stable_diffusion_v_1_5,5119,GenImage_test/stable_diffusion_v_1_5/test/nature/ILSVRC2012_val_00043740.JPEG
320,stable_diffusion_v_1_5,5120,GenImage_test/stable_diffusion_v_1_5/test/nature/ILSVRC2012_val_00007015.JPEG
320,stable_diffusion_v_1_5,5121,GenImage_test/stable_diffusion_v_1_5/test/ai/759_sdv5_00003.png
320,stable_diffusion_v_1_5,5122,GenImage_test/stable_diffusion_v_1_5/test/ai/423_sdv5_00195.png
320,stable_diffusion_v_1_5,5123,GenImage_test/stable_diffusion_v_1_5/test/nature/ILSVRC2012_val_00031497.JPEG
321,stable_diffusion_v_1_5,5124,GenImage_test/stable_diffusion_v_1_5/test/ai/853_sdv5_00100.png
321,stable_diffusion_v_1_5,5125,GenImage_test/stable_diffusion_v_1_5/test/ai/986_sdv5_00100.png
321,stable_diffusion_v_1_5,5126,GenImage_test/stable_diffusion_v_1_5/test/nature/ILSVRC2012_val_00020572.JPEG
321,stable_diffusion_v_1_5,5127,GenImage_test/stable_diffusion_v_1_5/test/ai/443_sdv5_00027.png
321,stable_diffusion_v_1_5,5128,GenImage_test/stable_diffusion_v_1_5/test/nature/ILSVRC2012_val_00007850.JPEG
321,stable_diffusion_v_1_5,5129,GenImage_test/stable_diffusion_v_1_5/test/nature/ILSVRC2012_val_00017536.JPEG
321,stable_diffusion_v_1_5,5130,GenImage_test/stable_diffusion_v_1_5/test/ai/463_sdv5_00039.png
321,stable_diffusion_v_1_5,5131,GenImage_test/stable_diffusion_v_1_5/test/nature/ILSVRC2012_val_00028756.JPEG
321,stable_diffusion_v_1_5,5132,GenImage_test/stable_diffusion_v_1_5/test/nature/ILSVRC2012_val_00049173.JPEG
321,stable_diffusion_v_1_5,5133,GenImage_test/stable_diffusion_v_1_5/test/ai/080_sdv5_00003.png
321,stable_diffusion_v_1_5,5134,GenImage_test/stable_diffusion_v_1_5/test/ai/594_sdv5_00195.png
321,stable_diffusion_v_1_5,5135,GenImage_test/stable_diffusion_v_1_5/test/nature/ILSVRC2012_val_00041152.JPEG
321,stable_diffusion_v_1_5,5136,GenImage_test/stable_diffusion_v_1_5/test/ai/523_sdv5_00003.png
321,stable_diffusion_v_1_5,5137,GenImage_test/stable_diffusion_v_1_5/test/ai/224_sdv5_00195.png
321,stable_diffusion_v_1_5,5138,GenImage_test/stable_diffusion_v_1_5/test/ai/727_sdv5_00195.png
321,stable_diffusion_v_1_5,5139,GenImage_test/stable_diffusion_v_1_5/test/nature/ILSVRC2012_val_00030973.JPEG
322,stable_diffusion_v_1_5,5140,GenImage_test/stable_diffusion_v_1_5/test/nature/ILSVRC2012_val_00032381.JPEG
322,stable_diffusion_v_1_5,5141,GenImage_test/stable_diffusion_v_1_5/test/ai/281_sdv5_00135.png
322,stable_diffusion_v_1_5,5142,GenImage_test/stable_diffusion_v_1_5/test/nature/ILSVRC2012_val_00047458.JPEG
322,stable_diffusion_v_1_5,5143,GenImage_test/stable_diffusion_v_1_5/test/nature/ILSVRC2012_val_00039633.JPEG
322,stable_diffusion_v_1_5,5144,GenImage_test/stable_diffusion_v_1_5/test/ai/363_sdv5_00027.png
322,stable_diffusion_v_1_5,5145,GenImage_test/stable_diffusion_v_1_5/test/ai/842_sdv5_00100.png
322,stable_diffusion_v_1_5,5146,GenImage_test/stable_diffusion_v_1_5/test/ai/413_sdv5_00039.png
322,stable_diffusion_v_1_5,5147,GenImage_test/stable_diffusion_v_1_5/test/ai/231_sdv5_00027.png
322,stable_diffusion_v_1_5,5148,GenImage_test/stable_diffusion_v_1_5/test/ai/430_sdv5_00009.png
322,stable_diffusion_v_1_5,5149,GenImage_test/stable_diffusion_v_1_5/test/ai/461_sdv5_00100.png
322,stable_diffusion_v_1_5,5150,GenImage_test/stable_diffusion_v_1_5/test/nature/ILSVRC2012_val_00017192.JPEG
322,stable_diffusion_v_1_5,5151,GenImage_test/stable_diffusion_v_1_5/test/ai/389_sdv5_00135.png
322,stable_diffusion_v_1_5,5152,GenImage_test/stable_diffusion_v_1_5/test/nature/ILSVRC2012_val_00038277.JPEG
322,stable_diffusion_v_1_5,5153,GenImage_test/stable_diffusion_v_1_5/test/ai/285_sdv5_00100.png
322,stable_diffusion_v_1_5,5154,GenImage_test/stable_diffusion_v_1_5/test/nature/ILSVRC2012_val_00006347.JPEG
322,stable_diffusion_v_1_5,5155,GenImage_test/stable_diffusion_v_1_5/test/nature/ILSVRC2012_val_00021777.JPEG
323,stable_diffusion_v_1_5,5156,GenImage_test/stable_diffusion_v_1_5/test/ai/713_sdv5_00003.png
323,stable_diffusion_v_1_5,5157,GenImage_test/stable_diffusion_v_1_5/test/nature/ILSVRC2012_val_00024640.JPEG
323,stable_diffusion_v_1_5,5158,GenImage_test/stable_diffusion_v_1_5/test/nature/ILSVRC2012_val_00011861.JPEG
323,stable_diffusion_v_1_5,5159,GenImage_test/stable_diffusion_v_1_5/test/ai/254_sdv5_00020.png
323,stable_diffusion_v_1_5,5160,GenImage_test/stable_diffusion_v_1_5/test/nature/ILSVRC2012_val_00006346.JPEG
323,stable_diffusion_v_1_5,5161,GenImage_test/stable_diffusion_v_1_5/test/nature/ILSVRC2012_val_00038585.JPEG
323,stable_diffusion_v_1_5,5162,GenImage_test/stable_diffusion_v_1_5/test/ai/929_sdv5_00003.png
323,stable_diffusion_v_1_5,5163,GenImage_test/stable_diffusion_v_1_5/test/nature/ILSVRC2012_val_00040526.JPEG
323,stable_diffusion_v_1_5,5164,GenImage_test/stable_diffusion_v_1_5/test/nature/ILSVRC2012_val_00045109.JPEG
323,stable_diffusion_v_1_5,5165,GenImage_test/stable_diffusion_v_1_5/test/nature/ILSVRC2012_val_00007495.JPEG
323,stable_diffusion_v_1_5,5166,GenImage_test/stable_diffusion_v_1_5/test/ai/622_sdv5_00135.png
323,stable_diffusion_v_1_5,5167,GenImage_test/stable_diffusion_v_1_5/test/ai/372_sdv5_00135.png
323,stable_diffusion_v_1_5,5168,GenImage_test/stable_diffusion_v_1_5/test/ai/746_sdv5_00003.png
323,stable_diffusion_v_1_5,5169,GenImage_test/stable_diffusion_v_1_5/test/ai/082_sdv5_00027.png
323,stable_diffusion_v_1_5,5170,GenImage_test/stable_diffusion_v_1_5/test/ai/444_sdv5_00027.png
323,stable_diffusion_v_1_5,5171,GenImage_test/stable_diffusion_v_1_5/test/ai/207_sdv5_00039.png
324,stable_diffusion_v_1_5,5172,GenImage_test/stable_diffusion_v_1_5/test/nature/ILSVRC2012_val_00013963.JPEG
324,stable_diffusion_v_1_5,5173,GenImage_test/stable_diffusion_v_1_5/test/ai/075_sdv5_00135.png
324,stable_diffusion_v_1_5,5174,GenImage_test/stable_diffusion_v_1_5/test/nature/ILSVRC2012_val_00001048.JPEG
324,stable_diffusion_v_1_5,5175,GenImage_test/stable_diffusion_v_1_5/test/nature/ILSVRC2012_val_00031263.JPEG
324,stable_diffusion_v_1_5,5176,GenImage_test/stable_diffusion_v_1_5/test/ai/497_sdv5_00039.png
324,stable_diffusion_v_1_5,5177,GenImage_test/stable_diffusion_v_1_5/test/ai/551_sdv5_00195.png
324,stable_diffusion_v_1_5,5178,GenImage_test/stable_diffusion_v_1_5/test/nature/ILSVRC2012_val_00046019.JPEG
324,stable_diffusion_v_1_5,5179,GenImage_test/stable_diffusion_v_1_5/test/nature/ILSVRC2012_val_00009048.JPEG
324,stable_diffusion_v_1_5,5180,GenImage_test/stable_diffusion_v_1_5/test/nature/ILSVRC2012_val_00031598.JPEG
324,stable_diffusion_v_1_5,5181,GenImage_test/stable_diffusion_v_1_5/test/ai/323_sdv5_00195.png
324,stable_diffusion_v_1_5,5182,GenImage_test/stable_diffusion_v_1_5/test/ai/197_sdv5_00003.png
324,stable_diffusion_v_1_5,5183,GenImage_test/stable_diffusion_v_1_5/test/ai/987_sdv5_00039.png
324,stable_diffusion_v_1_5,5184,GenImage_test/stable_diffusion_v_1_5/test/nature/ILSVRC2012_val_00034334.JPEG
324,stable_diffusion_v_1_5,5185,GenImage_test/stable_diffusion_v_1_5/test/nature/ILSVRC2012_val_00013181.JPEG
324,stable_diffusion_v_1_5,5186,GenImage_test/stable_diffusion_v_1_5/test/nature/ILSVRC2012_val_00001232.JPEG
324,stable_diffusion_v_1_5,5187,GenImage_test/stable_diffusion_v_1_5/test/nature/ILSVRC2012_val_00001226.JPEG
325,stable_diffusion_v_1_5,5188,GenImage_test/stable_diffusion_v_1_5/test/ai/566_sdv5_00100.png
325,stable_diffusion_v_1_5,5189,GenImage_test/stable_diffusion_v_1_5/test/ai/795_sdv5_00027.png
325,stable_diffusion_v_1_5,5190,GenImage_test/stable_diffusion_v_1_5/test/ai/603_sdv5_00039.png
325,stable_diffusion_v_1_5,5191,GenImage_test/stable_diffusion_v_1_5/test/ai/040_sdv5_00039.png
325,stable_diffusion_v_1_5,5192,GenImage_test/stable_diffusion_v_1_5/test/ai/667_sdv5_00003.png
325,stable_diffusion_v_1_5,5193,GenImage_test/stable_diffusion_v_1_5/test/nature/ILSVRC2012_val_00012986.JPEG
325,stable_diffusion_v_1_5,5194,GenImage_test/stable_diffusion_v_1_5/test/ai/776_sdv5_00100.png
325,stable_diffusion_v_1_5,5195,GenImage_test/stable_diffusion_v_1_5/test/ai/176_sdv5_00020.png
325,stable_diffusion_v_1_5,5196,GenImage_test/stable_diffusion_v_1_5/test/nature/ILSVRC2012_val_00023104.JPEG
325,stable_diffusion_v_1_5,5197,GenImage_test/stable_diffusion_v_1_5/test/nature/ILSVRC2012_val_00035351.JPEG
325,stable_diffusion_v_1_5,5198,GenImage_test/stable_diffusion_v_1_5/test/ai/043_sdv5_00100.png
325,stable_diffusion_v_1_5,5199,GenImage_test/stable_diffusion_v_1_5/test/ai/356_sdv5_00020.png
325,stable_diffusion_v_1_5,5200,GenImage_test/stable_diffusion_v_1_5/test/nature/ILSVRC2012_val_00014054.JPEG
325,stable_diffusion_v_1_5,5201,GenImage_test/stable_diffusion_v_1_5/test/ai/635_sdv5_00135.png
325,stable_diffusion_v_1_5,5202,GenImage_test/stable_diffusion_v_1_5/test/nature/ILSVRC2012_val_00046668.JPEG
325,stable_diffusion_v_1_5,5203,GenImage_test/stable_diffusion_v_1_5/test/nature/ILSVRC2012_val_00036401.JPEG
326,stable_diffusion_v_1_5,5204,GenImage_test/stable_diffusion_v_1_5/test/ai/577_sdv5_00027.png
326,stable_diffusion_v_1_5,5205,GenImage_test/stable_diffusion_v_1_5/test/ai/959_sdv5_00003.png
326,stable_diffusion_v_1_5,5206,GenImage_test/stable_diffusion_v_1_5/test/nature/ILSVRC2012_val_00015666.JPEG
326,stable_diffusion_v_1_5,5207,GenImage_test/stable_diffusion_v_1_5/test/ai/278_sdv5_00100.png
326,stable_diffusion_v_1_5,5208,GenImage_test/stable_diffusion_v_1_5/test/ai/082_sdv5_00009.png
326,stable_diffusion_v_1_5,5209,GenImage_test/stable_diffusion_v_1_5/test/nature/ILSVRC2012_val_00037069.JPEG
326,stable_diffusion_v_1_5,5210,GenImage_test/stable_diffusion_v_1_5/test/ai/379_sdv5_00027.png
326,stable_diffusion_v_1_5,5211,GenImage_test/stable_diffusion_v_1_5/test/ai/028_sdv5_00009.png
326,stable_diffusion_v_1_5,5212,GenImage_test/stable_diffusion_v_1_5/test/nature/ILSVRC2012_val_00029127.JPEG
326,stable_diffusion_v_1_5,5213,GenImage_test/stable_diffusion_v_1_5/test/nature/ILSVRC2012_val_00039192.JPEG
326,stable_diffusion_v_1_5,5214,GenImage_test/stable_diffusion_v_1_5/test/ai/383_sdv5_00195.png
326,stable_diffusion_v_1_5,5215,GenImage_test/stable_diffusion_v_1_5/test/ai/310_sdv5_00027.png
326,stable_diffusion_v_1_5,5216,GenImage_test/stable_diffusion_v_1_5/test/ai/701_sdv5_00195.png
326,stable_diffusion_v_1_5,5217,GenImage_test/stable_diffusion_v_1_5/test/ai/406_sdv5_00009.png
326,stable_diffusion_v_1_5,5218,GenImage_test/stable_diffusion_v_1_5/test/nature/ILSVRC2012_val_00023259.JPEG
326,stable_diffusion_v_1_5,5219,GenImage_test/stable_diffusion_v_1_5/test/ai/604_sdv5_00039.png
327,stable_diffusion_v_1_5,5220,GenImage_test/stable_diffusion_v_1_5/test/ai/275_sdv5_00003.png
327,stable_diffusion_v_1_5,5221,GenImage_test/stable_diffusion_v_1_5/test/nature/ILSVRC2012_val_00028411.JPEG
327,stable_diffusion_v_1_5,5222,GenImage_test/stable_diffusion_v_1_5/test/ai/087_sdv5_00020.png
327,stable_diffusion_v_1_5,5223,GenImage_test/stable_diffusion_v_1_5/test/nature/ILSVRC2012_val_00048208.JPEG
327,stable_diffusion_v_1_5,5224,GenImage_test/stable_diffusion_v_1_5/test/ai/411_sdv5_00027.png
327,stable_diffusion_v_1_5,5225,GenImage_test/stable_diffusion_v_1_5/test/ai/641_sdv5_00027.png
327,stable_diffusion_v_1_5,5226,GenImage_test/stable_diffusion_v_1_5/test/nature/ILSVRC2012_val_00034882.JPEG
327,stable_diffusion_v_1_5,5227,GenImage_test/stable_diffusion_v_1_5/test/nature/ILSVRC2012_val_00048221.JPEG
327,stable_diffusion_v_1_5,5228,GenImage_test/stable_diffusion_v_1_5/test/nature/ILSVRC2012_val_00016796.JPEG
327,stable_diffusion_v_1_5,5229,GenImage_test/stable_diffusion_v_1_5/test/nature/ILSVRC2012_val_00017195.JPEG
327,stable_diffusion_v_1_5,5230,GenImage_test/stable_diffusion_v_1_5/test/nature/ILSVRC2012_val_00001735.JPEG
327,stable_diffusion_v_1_5,5231,GenImage_test/stable_diffusion_v_1_5/test/ai/826_sdv5_00039.png
327,stable_diffusion_v_1_5,5232,GenImage_test/stable_diffusion_v_1_5/test/nature/ILSVRC2012_val_00029183.JPEG
327,stable_diffusion_v_1_5,5233,GenImage_test/stable_diffusion_v_1_5/test/nature/ILSVRC2012_val_00017736.JPEG
327,stable_diffusion_v_1_5,5234,GenImage_test/stable_diffusion_v_1_5/test/nature/ILSVRC2012_val_00021653.JPEG
327,stable_diffusion_v_1_5,5235,GenImage_test/stable_diffusion_v_1_5/test/ai/307_sdv5_00039.png
328,stable_diffusion_v_1_5,5236,GenImage_test/stable_diffusion_v_1_5/test/nature/ILSVRC2012_val_00033148.JPEG
328,stable_diffusion_v_1_5,5237,GenImage_test/stable_diffusion_v_1_5/test/ai/966_sdv5_00100.png
328,stable_diffusion_v_1_5,5238,GenImage_test/stable_diffusion_v_1_5/test/nature/ILSVRC2012_val_00035111.JPEG
328,stable_diffusion_v_1_5,5239,GenImage_test/stable_diffusion_v_1_5/test/nature/ILSVRC2012_val_00044236.JPEG
328,stable_diffusion_v_1_5,5240,GenImage_test/stable_diffusion_v_1_5/test/nature/ILSVRC2012_val_00014843.JPEG
328,stable_diffusion_v_1_5,5241,GenImage_test/stable_diffusion_v_1_5/test/nature/ILSVRC2012_val_00026819.JPEG
328,stable_diffusion_v_1_5,5242,GenImage_test/stable_diffusion_v_1_5/test/nature/ILSVRC2012_val_00033814.JPEG
328,stable_diffusion_v_1_5,5243,GenImage_test/stable_diffusion_v_1_5/test/ai/081_sdv5_00009.png
328,stable_diffusion_v_1_5,5244,GenImage_test/stable_diffusion_v_1_5/test/nature/ILSVRC2012_val_00027007.JPEG
328,stable_diffusion_v_1_5,5245,GenImage_test/stable_diffusion_v_1_5/test/ai/002_sdv5_00195.png
328,stable_diffusion_v_1_5,5246,GenImage_test/stable_diffusion_v_1_5/test/nature/ILSVRC2012_val_00012324.JPEG
328,stable_diffusion_v_1_5,5247,GenImage_test/stable_diffusion_v_1_5/test/ai/157_sdv5_00135.png
328,stable_diffusion_v_1_5,5248,GenImage_test/stable_diffusion_v_1_5/test/nature/ILSVRC2012_val_00002543.JPEG
328,stable_diffusion_v_1_5,5249,GenImage_test/stable_diffusion_v_1_5/test/ai/321_sdv5_00100.png
328,stable_diffusion_v_1_5,5250,GenImage_test/stable_diffusion_v_1_5/test/nature/ILSVRC2012_val_00042385.JPEG
328,stable_diffusion_v_1_5,5251,GenImage_test/stable_diffusion_v_1_5/test/nature/ILSVRC2012_val_00000640.JPEG
329,stable_diffusion_v_1_5,5252,GenImage_test/stable_diffusion_v_1_5/test/nature/ILSVRC2012_val_00031826.JPEG
329,stable_diffusion_v_1_5,5253,GenImage_test/stable_diffusion_v_1_5/test/nature/ILSVRC2012_val_00004669.JPEG
329,stable_diffusion_v_1_5,5254,GenImage_test/stable_diffusion_v_1_5/test/ai/838_sdv5_00195.png
329,stable_diffusion_v_1_5,5255,GenImage_test/stable_diffusion_v_1_5/test/nature/ILSVRC2012_val_00049473.JPEG
329,stable_diffusion_v_1_5,5256,GenImage_test/stable_diffusion_v_1_5/test/nature/ILSVRC2012_val_00039447.JPEG
329,stable_diffusion_v_1_5,5257,GenImage_test/stable_diffusion_v_1_5/test/nature/ILSVRC2012_val_00004474.JPEG
329,stable_diffusion_v_1_5,5258,GenImage_test/stable_diffusion_v_1_5/test/nature/ILSVRC2012_val_00004743.JPEG
329,stable_diffusion_v_1_5,5259,GenImage_test/stable_diffusion_v_1_5/test/ai/519_sdv5_00009.png
329,stable_diffusion_v_1_5,5260,GenImage_test/stable_diffusion_v_1_5/test/nature/ILSVRC2012_val_00019519.JPEG
329,stable_diffusion_v_1_5,5261,GenImage_test/stable_diffusion_v_1_5/test/ai/384_sdv5_00027.png
329,stable_diffusion_v_1_5,5262,GenImage_test/stable_diffusion_v_1_5/test/nature/ILSVRC2012_val_00026114.JPEG
329,stable_diffusion_v_1_5,5263,GenImage_test/stable_diffusion_v_1_5/test/nature/ILSVRC2012_val_00045530.JPEG
329,stable_diffusion_v_1_5,5264,GenImage_test/stable_diffusion_v_1_5/test/ai/816_sdv5_00020.png
329,stable_diffusion_v_1_5,5265,GenImage_test/stable_diffusion_v_1_5/test/ai/025_sdv5_00135.png
329,stable_diffusion_v_1_5,5266,GenImage_test/stable_diffusion_v_1_5/test/ai/004_sdv5_00009.png
329,stable_diffusion_v_1_5,5267,GenImage_test/stable_diffusion_v_1_5/test/nature/ILSVRC2012_val_00022068.JPEG
330,stable_diffusion_v_1_5,5268,GenImage_test/stable_diffusion_v_1_5/test/ai/283_sdv5_00003.png
330,stable_diffusion_v_1_5,5269,GenImage_test/stable_diffusion_v_1_5/test/nature/ILSVRC2012_val_00043541.JPEG
330,stable_diffusion_v_1_5,5270,GenImage_test/stable_diffusion_v_1_5/test/ai/594_sdv5_00020.png
330,stable_diffusion_v_1_5,5271,GenImage_test/stable_diffusion_v_1_5/test/ai/431_sdv5_00027.png
330,stable_diffusion_v_1_5,5272,GenImage_test/stable_diffusion_v_1_5/test/nature/ILSVRC2012_val_00013313.JPEG
330,stable_diffusion_v_1_5,5273,GenImage_test/stable_diffusion_v_1_5/test/ai/037_sdv5_00135.png
330,stable_diffusion_v_1_5,5274,GenImage_test/stable_diffusion_v_1_5/test/ai/422_sdv5_00039.png
330,stable_diffusion_v_1_5,5275,GenImage_test/stable_diffusion_v_1_5/test/nature/ILSVRC2012_val_00010509.JPEG
330,stable_diffusion_v_1_5,5276,GenImage_test/stable_diffusion_v_1_5/test/nature/ILSVRC2012_val_00007540.JPEG
330,stable_diffusion_v_1_5,5277,GenImage_test/stable_diffusion_v_1_5/test/ai/484_sdv5_00195.png
330,stable_diffusion_v_1_5,5278,GenImage_test/stable_diffusion_v_1_5/test/ai/445_sdv5_00039.png
330,stable_diffusion_v_1_5,5279,GenImage_test/stable_diffusion_v_1_5/test/ai/466_sdv5_00195.png
330,stable_diffusion_v_1_5,5280,GenImage_test/stable_diffusion_v_1_5/test/nature/ILSVRC2012_val_00003298.JPEG
330,stable_diffusion_v_1_5,5281,GenImage_test/stable_diffusion_v_1_5/test/ai/087_sdv5_00039.png
330,stable_diffusion_v_1_5,5282,GenImage_test/stable_diffusion_v_1_5/test/nature/ILSVRC2012_val_00023963.JPEG
330,stable_diffusion_v_1_5,5283,GenImage_test/stable_diffusion_v_1_5/test/ai/752_sdv5_00135.png
331,stable_diffusion_v_1_5,5284,GenImage_test/stable_diffusion_v_1_5/test/nature/ILSVRC2012_val_00021732.JPEG
331,stable_diffusion_v_1_5,5285,GenImage_test/stable_diffusion_v_1_5/test/nature/ILSVRC2012_val_00017296.JPEG
331,stable_diffusion_v_1_5,5286,GenImage_test/stable_diffusion_v_1_5/test/ai/401_sdv5_00135.png
331,stable_diffusion_v_1_5,5287,GenImage_test/stable_diffusion_v_1_5/test/nature/ILSVRC2012_val_00040210.JPEG
331,stable_diffusion_v_1_5,5288,GenImage_test/stable_diffusion_v_1_5/test/ai/134_sdv5_00135.png
331,stable_diffusion_v_1_5,5289,GenImage_test/stable_diffusion_v_1_5/test/nature/ILSVRC2012_val_00007529.JPEG
331,stable_diffusion_v_1_5,5290,GenImage_test/stable_diffusion_v_1_5/test/ai/559_sdv5_00009.png
331,stable_diffusion_v_1_5,5291,GenImage_test/stable_diffusion_v_1_5/test/nature/ILSVRC2012_val_00019231.JPEG
331,stable_diffusion_v_1_5,5292,GenImage_test/stable_diffusion_v_1_5/test/ai/626_sdv5_00195.png
331,stable_diffusion_v_1_5,5293,GenImage_test/stable_diffusion_v_1_5/test/ai/836_sdv5_00027.png
331,stable_diffusion_v_1_5,5294,GenImage_test/stable_diffusion_v_1_5/test/ai/906_sdv5_00003.png
331,stable_diffusion_v_1_5,5295,GenImage_test/stable_diffusion_v_1_5/test/ai/978_sdv5_00020.png
331,stable_diffusion_v_1_5,5296,GenImage_test/stable_diffusion_v_1_5/test/ai/814_sdv5_00027.png
331,stable_diffusion_v_1_5,5297,GenImage_test/stable_diffusion_v_1_5/test/ai/932_sdv5_00009.png
331,stable_diffusion_v_1_5,5298,GenImage_test/stable_diffusion_v_1_5/test/nature/ILSVRC2012_val_00027310.JPEG
331,stable_diffusion_v_1_5,5299,GenImage_test/stable_diffusion_v_1_5/test/nature/ILSVRC2012_val_00016751.JPEG
332,stable_diffusion_v_1_5,5300,GenImage_test/stable_diffusion_v_1_5/test/nature/ILSVRC2012_val_00047026.JPEG
332,stable_diffusion_v_1_5,5301,GenImage_test/stable_diffusion_v_1_5/test/nature/ILSVRC2012_val_00007093.JPEG
332,stable_diffusion_v_1_5,5302,GenImage_test/stable_diffusion_v_1_5/test/ai/874_sdv5_00195.png
332,stable_diffusion_v_1_5,5303,GenImage_test/stable_diffusion_v_1_5/test/nature/ILSVRC2012_val_00035416.JPEG
332,stable_diffusion_v_1_5,5304,GenImage_test/stable_diffusion_v_1_5/test/ai/933_sdv5_00100.png
332,stable_diffusion_v_1_5,5305,GenImage_test/stable_diffusion_v_1_5/test/ai/852_sdv5_00009.png
332,stable_diffusion_v_1_5,5306,GenImage_test/stable_diffusion_v_1_5/test/nature/ILSVRC2012_val_00044733.JPEG
332,stable_diffusion_v_1_5,5307,GenImage_test/stable_diffusion_v_1_5/test/ai/191_sdv5_00039.png
332,stable_diffusion_v_1_5,5308,GenImage_test/stable_diffusion_v_1_5/test/nature/ILSVRC2012_val_00040523.JPEG
332,stable_diffusion_v_1_5,5309,GenImage_test/stable_diffusion_v_1_5/test/ai/575_sdv5_00135.png
332,stable_diffusion_v_1_5,5310,GenImage_test/stable_diffusion_v_1_5/test/nature/ILSVRC2012_val_00042151.JPEG
332,stable_diffusion_v_1_5,5311,GenImage_test/stable_diffusion_v_1_5/test/ai/523_sdv5_00039.png
332,stable_diffusion_v_1_5,5312,GenImage_test/stable_diffusion_v_1_5/test/nature/ILSVRC2012_val_00037483.JPEG
332,stable_diffusion_v_1_5,5313,GenImage_test/stable_diffusion_v_1_5/test/nature/ILSVRC2012_val_00011529.JPEG
332,stable_diffusion_v_1_5,5314,GenImage_test/stable_diffusion_v_1_5/test/nature/ILSVRC2012_val_00043950.JPEG
332,stable_diffusion_v_1_5,5315,GenImage_test/stable_diffusion_v_1_5/test/nature/ILSVRC2012_val_00045918.JPEG
333,stable_diffusion_v_1_5,5316,GenImage_test/stable_diffusion_v_1_5/test/nature/ILSVRC2012_val_00049350.JPEG
333,stable_diffusion_v_1_5,5317,GenImage_test/stable_diffusion_v_1_5/test/nature/ILSVRC2012_val_00025426.JPEG
333,stable_diffusion_v_1_5,5318,GenImage_test/stable_diffusion_v_1_5/test/nature/ILSVRC2012_val_00043564.JPEG
333,stable_diffusion_v_1_5,5319,GenImage_test/stable_diffusion_v_1_5/test/ai/104_sdv5_00003.png
333,stable_diffusion_v_1_5,5320,GenImage_test/stable_diffusion_v_1_5/test/nature/ILSVRC2012_val_00028514.JPEG
333,stable_diffusion_v_1_5,5321,GenImage_test/stable_diffusion_v_1_5/test/ai/231_sdv5_00195.png
333,stable_diffusion_v_1_5,5322,GenImage_test/stable_diffusion_v_1_5/test/ai/510_sdv5_00195.png
333,stable_diffusion_v_1_5,5323,GenImage_test/stable_diffusion_v_1_5/test/nature/ILSVRC2012_val_00008204.JPEG
333,stable_diffusion_v_1_5,5324,GenImage_test/stable_diffusion_v_1_5/test/ai/944_sdv5_00100.png
333,stable_diffusion_v_1_5,5325,GenImage_test/stable_diffusion_v_1_5/test/ai/809_sdv5_00039.png
333,stable_diffusion_v_1_5,5326,GenImage_test/stable_diffusion_v_1_5/test/ai/905_sdv5_00135.png
333,stable_diffusion_v_1_5,5327,GenImage_test/stable_diffusion_v_1_5/test/nature/ILSVRC2012_val_00004637.JPEG
333,stable_diffusion_v_1_5,5328,GenImage_test/stable_diffusion_v_1_5/test/ai/083_sdv5_00027.png
333,stable_diffusion_v_1_5,5329,GenImage_test/stable_diffusion_v_1_5/test/nature/ILSVRC2012_val_00048494.JPEG
333,stable_diffusion_v_1_5,5330,GenImage_test/stable_diffusion_v_1_5/test/nature/ILSVRC2012_val_00024360.JPEG
333,stable_diffusion_v_1_5,5331,GenImage_test/stable_diffusion_v_1_5/test/nature/ILSVRC2012_val_00038087.JPEG
334,stable_diffusion_v_1_5,5332,GenImage_test/stable_diffusion_v_1_5/test/nature/ILSVRC2012_val_00047225.JPEG
334,stable_diffusion_v_1_5,5333,GenImage_test/stable_diffusion_v_1_5/test/nature/ILSVRC2012_val_00043974.JPEG
334,stable_diffusion_v_1_5,5334,GenImage_test/stable_diffusion_v_1_5/test/ai/537_sdv5_00195.png
334,stable_diffusion_v_1_5,5335,GenImage_test/stable_diffusion_v_1_5/test/nature/ILSVRC2012_val_00000466.JPEG
334,stable_diffusion_v_1_5,5336,GenImage_test/stable_diffusion_v_1_5/test/nature/ILSVRC2012_val_00038798.JPEG
334,stable_diffusion_v_1_5,5337,GenImage_test/stable_diffusion_v_1_5/test/ai/743_sdv5_00135.png
334,stable_diffusion_v_1_5,5338,GenImage_test/stable_diffusion_v_1_5/test/nature/ILSVRC2012_val_00039090.JPEG
334,stable_diffusion_v_1_5,5339,GenImage_test/stable_diffusion_v_1_5/test/nature/ILSVRC2012_val_00046117.JPEG
334,stable_diffusion_v_1_5,5340,GenImage_test/stable_diffusion_v_1_5/test/ai/777_sdv5_00195.png
334,stable_diffusion_v_1_5,5341,GenImage_test/stable_diffusion_v_1_5/test/nature/ILSVRC2012_val_00047005.JPEG
334,stable_diffusion_v_1_5,5342,GenImage_test/stable_diffusion_v_1_5/test/ai/636_sdv5_00100.png
334,stable_diffusion_v_1_5,5343,GenImage_test/stable_diffusion_v_1_5/test/nature/ILSVRC2012_val_00009099.JPEG
334,stable_diffusion_v_1_5,5344,GenImage_test/stable_diffusion_v_1_5/test/ai/472_sdv5_00039.png
334,stable_diffusion_v_1_5,5345,GenImage_test/stable_diffusion_v_1_5/test/ai/360_sdv5_00039.png
334,stable_diffusion_v_1_5,5346,GenImage_test/stable_diffusion_v_1_5/test/ai/594_sdv5_00100.png
334,stable_diffusion_v_1_5,5347,GenImage_test/stable_diffusion_v_1_5/test/ai/039_sdv5_00135.png
335,stable_diffusion_v_1_5,5348,GenImage_test/stable_diffusion_v_1_5/test/nature/ILSVRC2012_val_00017967.JPEG
335,stable_diffusion_v_1_5,5349,GenImage_test/stable_diffusion_v_1_5/test/ai/729_sdv5_00003.png
335,stable_diffusion_v_1_5,5350,GenImage_test/stable_diffusion_v_1_5/test/ai/731_sdv5_00020.png
335,stable_diffusion_v_1_5,5351,GenImage_test/stable_diffusion_v_1_5/test/nature/ILSVRC2012_val_00023715.JPEG
335,stable_diffusion_v_1_5,5352,GenImage_test/stable_diffusion_v_1_5/test/nature/ILSVRC2012_val_00036019.JPEG
335,stable_diffusion_v_1_5,5353,GenImage_test/stable_diffusion_v_1_5/test/nature/ILSVRC2012_val_00007779.JPEG
335,stable_diffusion_v_1_5,5354,GenImage_test/stable_diffusion_v_1_5/test/ai/268_sdv5_00135.png
335,stable_diffusion_v_1_5,5355,GenImage_test/stable_diffusion_v_1_5/test/ai/965_sdv5_00020.png
335,stable_diffusion_v_1_5,5356,GenImage_test/stable_diffusion_v_1_5/test/nature/ILSVRC2012_val_00001302.JPEG
335,stable_diffusion_v_1_5,5357,GenImage_test/stable_diffusion_v_1_5/test/nature/ILSVRC2012_val_00021706.JPEG
335,stable_diffusion_v_1_5,5358,GenImage_test/stable_diffusion_v_1_5/test/nature/ILSVRC2012_val_00019479.JPEG
335,stable_diffusion_v_1_5,5359,GenImage_test/stable_diffusion_v_1_5/test/nature/ILSVRC2012_val_00012893.JPEG
335,stable_diffusion_v_1_5,5360,GenImage_test/stable_diffusion_v_1_5/test/nature/ILSVRC2012_val_00039353.JPEG
335,stable_diffusion_v_1_5,5361,GenImage_test/stable_diffusion_v_1_5/test/nature/ILSVRC2012_val_00014559.JPEG
335,stable_diffusion_v_1_5,5362,GenImage_test/stable_diffusion_v_1_5/test/ai/883_sdv5_00039.png
335,stable_diffusion_v_1_5,5363,GenImage_test/stable_diffusion_v_1_5/test/nature/ILSVRC2012_val_00021436.JPEG
336,stable_diffusion_v_1_5,5364,GenImage_test/stable_diffusion_v_1_5/test/nature/ILSVRC2012_val_00007139.JPEG
336,stable_diffusion_v_1_5,5365,GenImage_test/stable_diffusion_v_1_5/test/nature/ILSVRC2012_val_00001886.JPEG
336,stable_diffusion_v_1_5,5366,GenImage_test/stable_diffusion_v_1_5/test/ai/580_sdv5_00027.png
336,stable_diffusion_v_1_5,5367,GenImage_test/stable_diffusion_v_1_5/test/nature/ILSVRC2012_val_00021179.JPEG
336,stable_diffusion_v_1_5,5368,GenImage_test/stable_diffusion_v_1_5/test/nature/ILSVRC2012_val_00004553.JPEG
336,stable_diffusion_v_1_5,5369,GenImage_test/stable_diffusion_v_1_5/test/ai/550_sdv5_00003.png
336,stable_diffusion_v_1_5,5370,GenImage_test/stable_diffusion_v_1_5/test/ai/045_sdv5_00009.png
336,stable_diffusion_v_1_5,5371,GenImage_test/stable_diffusion_v_1_5/test/ai/218_sdv5_00003.png
336,stable_diffusion_v_1_5,5372,GenImage_test/stable_diffusion_v_1_5/test/ai/043_sdv5_00027.png
336,stable_diffusion_v_1_5,5373,GenImage_test/stable_diffusion_v_1_5/test/ai/343_sdv5_00039.png
336,stable_diffusion_v_1_5,5374,GenImage_test/stable_diffusion_v_1_5/test/ai/209_sdv5_00135.png
336,stable_diffusion_v_1_5,5375,GenImage_test/stable_diffusion_v_1_5/test/ai/643_sdv5_00009.png
336,stable_diffusion_v_1_5,5376,GenImage_test/stable_diffusion_v_1_5/test/nature/ILSVRC2012_val_00040302.JPEG
336,stable_diffusion_v_1_5,5377,GenImage_test/stable_diffusion_v_1_5/test/ai/036_sdv5_00100.png
336,stable_diffusion_v_1_5,5378,GenImage_test/stable_diffusion_v_1_5/test/ai/021_sdv5_00020.png
336,stable_diffusion_v_1_5,5379,GenImage_test/stable_diffusion_v_1_5/test/ai/938_sdv5_00027.png
337,stable_diffusion_v_1_5,5380,GenImage_test/stable_diffusion_v_1_5/test/ai/506_sdv5_00027.png
337,stable_diffusion_v_1_5,5381,GenImage_test/stable_diffusion_v_1_5/test/nature/ILSVRC2012_val_00020591.JPEG
337,stable_diffusion_v_1_5,5382,GenImage_test/stable_diffusion_v_1_5/test/ai/548_sdv5_00009.png
337,stable_diffusion_v_1_5,5383,GenImage_test/stable_diffusion_v_1_5/test/nature/ILSVRC2012_val_00048831.JPEG
337,stable_diffusion_v_1_5,5384,GenImage_test/stable_diffusion_v_1_5/test/nature/ILSVRC2012_val_00013365.JPEG
337,stable_diffusion_v_1_5,5385,GenImage_test/stable_diffusion_v_1_5/test/ai/191_sdv5_00027.png
337,stable_diffusion_v_1_5,5386,GenImage_test/stable_diffusion_v_1_5/test/ai/686_sdv5_00195.png
337,stable_diffusion_v_1_5,5387,GenImage_test/stable_diffusion_v_1_5/test/ai/766_sdv5_00020.png
337,stable_diffusion_v_1_5,5388,GenImage_test/stable_diffusion_v_1_5/test/nature/ILSVRC2012_val_00018701.JPEG
337,stable_diffusion_v_1_5,5389,GenImage_test/stable_diffusion_v_1_5/test/ai/310_sdv5_00195.png
337,stable_diffusion_v_1_5,5390,GenImage_test/stable_diffusion_v_1_5/test/ai/098_sdv5_00009.png
337,stable_diffusion_v_1_5,5391,GenImage_test/stable_diffusion_v_1_5/test/ai/810_sdv5_00020.png
337,stable_diffusion_v_1_5,5392,GenImage_test/stable_diffusion_v_1_5/test/nature/ILSVRC2012_val_00033009.JPEG
337,stable_diffusion_v_1_5,5393,GenImage_test/stable_diffusion_v_1_5/test/ai/963_sdv5_00100.png
337,stable_diffusion_v_1_5,5394,GenImage_test/stable_diffusion_v_1_5/test/ai/647_sdv5_00039.png
337,stable_diffusion_v_1_5,5395,GenImage_test/stable_diffusion_v_1_5/test/ai/174_sdv5_00009.png
338,stable_diffusion_v_1_5,5396,GenImage_test/stable_diffusion_v_1_5/test/nature/ILSVRC2012_val_00042340.JPEG
338,stable_diffusion_v_1_5,5397,GenImage_test/stable_diffusion_v_1_5/test/nature/ILSVRC2012_val_00037603.JPEG
338,stable_diffusion_v_1_5,5398,GenImage_test/stable_diffusion_v_1_5/test/nature/ILSVRC2012_val_00046104.JPEG
338,stable_diffusion_v_1_5,5399,GenImage_test/stable_diffusion_v_1_5/test/ai/169_sdv5_00100.png
338,stable_diffusion_v_1_5,5400,GenImage_test/stable_diffusion_v_1_5/test/ai/034_sdv5_00039.png
338,stable_diffusion_v_1_5,5401,GenImage_test/stable_diffusion_v_1_5/test/ai/711_sdv5_00195.png
338,stable_diffusion_v_1_5,5402,GenImage_test/stable_diffusion_v_1_5/test/nature/ILSVRC2012_val_00008226.JPEG
338,stable_diffusion_v_1_5,5403,GenImage_test/stable_diffusion_v_1_5/test/nature/ILSVRC2012_val_00026759.JPEG
338,stable_diffusion_v_1_5,5404,GenImage_test/stable_diffusion_v_1_5/test/nature/ILSVRC2012_val_00034735.JPEG
338,stable_diffusion_v_1_5,5405,GenImage_test/stable_diffusion_v_1_5/test/nature/ILSVRC2012_val_00023560.JPEG
338,stable_diffusion_v_1_5,5406,GenImage_test/stable_diffusion_v_1_5/test/nature/ILSVRC2012_val_00039895.JPEG
338,stable_diffusion_v_1_5,5407,GenImage_test/stable_diffusion_v_1_5/test/ai/687_sdv5_00020.png
338,stable_diffusion_v_1_5,5408,GenImage_test/stable_diffusion_v_1_5/test/nature/ILSVRC2012_val_00011456.JPEG
338,stable_diffusion_v_1_5,5409,GenImage_test/stable_diffusion_v_1_5/test/ai/322_sdv5_00027.png
338,stable_diffusion_v_1_5,5410,GenImage_test/stable_diffusion_v_1_5/test/nature/ILSVRC2012_val_00003212.JPEG
338,stable_diffusion_v_1_5,5411,GenImage_test/stable_diffusion_v_1_5/test/ai/058_sdv5_00009.png
339,stable_diffusion_v_1_5,5412,GenImage_test/stable_diffusion_v_1_5/test/nature/ILSVRC2012_val_00034658.JPEG
339,stable_diffusion_v_1_5,5413,GenImage_test/stable_diffusion_v_1_5/test/ai/278_sdv5_00003.png
339,stable_diffusion_v_1_5,5414,GenImage_test/stable_diffusion_v_1_5/test/nature/ILSVRC2012_val_00005708.JPEG
339,stable_diffusion_v_1_5,5415,GenImage_test/stable_diffusion_v_1_5/test/ai/875_sdv5_00020.png
339,stable_diffusion_v_1_5,5416,GenImage_test/stable_diffusion_v_1_5/test/nature/ILSVRC2012_val_00035894.JPEG
339,stable_diffusion_v_1_5,5417,GenImage_test/stable_diffusion_v_1_5/test/ai/782_sdv5_00039.png
339,stable_diffusion_v_1_5,5418,GenImage_test/stable_diffusion_v_1_5/test/nature/ILSVRC2012_val_00049511.JPEG
339,stable_diffusion_v_1_5,5419,GenImage_test/stable_diffusion_v_1_5/test/ai/939_sdv5_00195.png
339,stable_diffusion_v_1_5,5420,GenImage_test/stable_diffusion_v_1_5/test/nature/ILSVRC2012_val_00020722.JPEG
339,stable_diffusion_v_1_5,5421,GenImage_test/stable_diffusion_v_1_5/test/nature/ILSVRC2012_val_00015249.JPEG
339,stable_diffusion_v_1_5,5422,GenImage_test/stable_diffusion_v_1_5/test/ai/641_sdv5_00003.png
339,stable_diffusion_v_1_5,5423,GenImage_test/stable_diffusion_v_1_5/test/nature/ILSVRC2012_val_00016178.JPEG
339,stable_diffusion_v_1_5,5424,GenImage_test/stable_diffusion_v_1_5/test/ai/327_sdv5_00003.png
339,stable_diffusion_v_1_5,5425,GenImage_test/stable_diffusion_v_1_5/test/nature/ILSVRC2012_val_00001745.JPEG
339,stable_diffusion_v_1_5,5426,GenImage_test/stable_diffusion_v_1_5/test/ai/833_sdv5_00039.png
339,stable_diffusion_v_1_5,5427,GenImage_test/stable_diffusion_v_1_5/test/nature/ILSVRC2012_val_00001280.JPEG
340,stable_diffusion_v_1_5,5428,GenImage_test/stable_diffusion_v_1_5/test/nature/ILSVRC2012_val_00025630.JPEG
340,stable_diffusion_v_1_5,5429,GenImage_test/stable_diffusion_v_1_5/test/ai/557_sdv5_00135.png
340,stable_diffusion_v_1_5,5430,GenImage_test/stable_diffusion_v_1_5/test/ai/755_sdv5_00100.png
340,stable_diffusion_v_1_5,5431,GenImage_test/stable_diffusion_v_1_5/test/ai/426_sdv5_00009.png
340,stable_diffusion_v_1_5,5432,GenImage_test/stable_diffusion_v_1_5/test/nature/ILSVRC2012_val_00028767.JPEG
340,stable_diffusion_v_1_5,5433,GenImage_test/stable_diffusion_v_1_5/test/ai/450_sdv5_00027.png
340,stable_diffusion_v_1_5,5434,GenImage_test/stable_diffusion_v_1_5/test/ai/810_sdv5_00027.png
340,stable_diffusion_v_1_5,5435,GenImage_test/stable_diffusion_v_1_5/test/nature/ILSVRC2012_val_00038597.JPEG
340,stable_diffusion_v_1_5,5436,GenImage_test/stable_diffusion_v_1_5/test/nature/ILSVRC2012_val_00019078.JPEG
340,stable_diffusion_v_1_5,5437,GenImage_test/stable_diffusion_v_1_5/test/ai/195_sdv5_00039.png
340,stable_diffusion_v_1_5,5438,GenImage_test/stable_diffusion_v_1_5/test/ai/564_sdv5_00020.png
340,stable_diffusion_v_1_5,5439,GenImage_test/stable_diffusion_v_1_5/test/ai/824_sdv5_00003.png
340,stable_diffusion_v_1_5,5440,GenImage_test/stable_diffusion_v_1_5/test/nature/ILSVRC2012_val_00011933.JPEG
340,stable_diffusion_v_1_5,5441,GenImage_test/stable_diffusion_v_1_5/test/ai/251_sdv5_00100.png
340,stable_diffusion_v_1_5,5442,GenImage_test/stable_diffusion_v_1_5/test/ai/503_sdv5_00027.png
340,stable_diffusion_v_1_5,5443,GenImage_test/stable_diffusion_v_1_5/test/ai/907_sdv5_00195.png
341,stable_diffusion_v_1_5,5444,GenImage_test/stable_diffusion_v_1_5/test/nature/ILSVRC2012_val_00033568.JPEG
341,stable_diffusion_v_1_5,5445,GenImage_test/stable_diffusion_v_1_5/test/nature/ILSVRC2012_val_00015208.JPEG
341,stable_diffusion_v_1_5,5446,GenImage_test/stable_diffusion_v_1_5/test/ai/797_sdv5_00039.png
341,stable_diffusion_v_1_5,5447,GenImage_test/stable_diffusion_v_1_5/test/ai/946_sdv5_00020.png
341,stable_diffusion_v_1_5,5448,GenImage_test/stable_diffusion_v_1_5/test/ai/796_sdv5_00039.png
341,stable_diffusion_v_1_5,5449,GenImage_test/stable_diffusion_v_1_5/test/nature/ILSVRC2012_val_00024094.JPEG
341,stable_diffusion_v_1_5,5450,GenImage_test/stable_diffusion_v_1_5/test/nature/ILSVRC2012_val_00045443.JPEG
341,stable_diffusion_v_1_5,5451,GenImage_test/stable_diffusion_v_1_5/test/ai/067_sdv5_00100.png
341,stable_diffusion_v_1_5,5452,GenImage_test/stable_diffusion_v_1_5/test/nature/ILSVRC2012_val_00037313.JPEG
341,stable_diffusion_v_1_5,5453,GenImage_test/stable_diffusion_v_1_5/test/ai/547_sdv5_00027.png
341,stable_diffusion_v_1_5,5454,GenImage_test/stable_diffusion_v_1_5/test/nature/ILSVRC2012_val_00030736.JPEG
341,stable_diffusion_v_1_5,5455,GenImage_test/stable_diffusion_v_1_5/test/nature/ILSVRC2012_val_00015759.JPEG
341,stable_diffusion_v_1_5,5456,GenImage_test/stable_diffusion_v_1_5/test/ai/215_sdv5_00195.png
341,stable_diffusion_v_1_5,5457,GenImage_test/stable_diffusion_v_1_5/test/nature/ILSVRC2012_val_00031600.JPEG
341,stable_diffusion_v_1_5,5458,GenImage_test/stable_diffusion_v_1_5/test/ai/142_sdv5_00003.png
341,stable_diffusion_v_1_5,5459,GenImage_test/stable_diffusion_v_1_5/test/ai/262_sdv5_00020.png
342,stable_diffusion_v_1_5,5460,GenImage_test/stable_diffusion_v_1_5/test/nature/ILSVRC2012_val_00015771.JPEG
342,stable_diffusion_v_1_5,5461,GenImage_test/stable_diffusion_v_1_5/test/nature/ILSVRC2012_val_00042719.JPEG
342,stable_diffusion_v_1_5,5462,GenImage_test/stable_diffusion_v_1_5/test/ai/657_sdv5_00003.png
342,stable_diffusion_v_1_5,5463,GenImage_test/stable_diffusion_v_1_5/test/ai/229_sdv5_00100.png
342,stable_diffusion_v_1_5,5464,GenImage_test/stable_diffusion_v_1_5/test/ai/842_sdv5_00009.png
342,stable_diffusion_v_1_5,5465,GenImage_test/stable_diffusion_v_1_5/test/nature/ILSVRC2012_val_00001973.JPEG
342,stable_diffusion_v_1_5,5466,GenImage_test/stable_diffusion_v_1_5/test/nature/ILSVRC2012_val_00044902.JPEG
342,stable_diffusion_v_1_5,5467,GenImage_test/stable_diffusion_v_1_5/test/nature/ILSVRC2012_val_00019280.JPEG
342,stable_diffusion_v_1_5,5468,GenImage_test/stable_diffusion_v_1_5/test/nature/ILSVRC2012_val_00042847.JPEG
342,stable_diffusion_v_1_5,5469,GenImage_test/stable_diffusion_v_1_5/test/ai/417_sdv5_00100.png
342,stable_diffusion_v_1_5,5470,GenImage_test/stable_diffusion_v_1_5/test/ai/299_sdv5_00100.png
342,stable_diffusion_v_1_5,5471,GenImage_test/stable_diffusion_v_1_5/test/nature/ILSVRC2012_val_00036315.JPEG
342,stable_diffusion_v_1_5,5472,GenImage_test/stable_diffusion_v_1_5/test/ai/028_sdv5_00027.png
342,stable_diffusion_v_1_5,5473,GenImage_test/stable_diffusion_v_1_5/test/nature/ILSVRC2012_val_00007195.JPEG
342,stable_diffusion_v_1_5,5474,GenImage_test/stable_diffusion_v_1_5/test/nature/ILSVRC2012_val_00011727.JPEG
342,stable_diffusion_v_1_5,5475,GenImage_test/stable_diffusion_v_1_5/test/ai/029_sdv5_00027.png
343,stable_diffusion_v_1_5,5476,GenImage_test/stable_diffusion_v_1_5/test/nature/ILSVRC2012_val_00012975.JPEG
343,stable_diffusion_v_1_5,5477,GenImage_test/stable_diffusion_v_1_5/test/nature/ILSVRC2012_val_00010464.JPEG
343,stable_diffusion_v_1_5,5478,GenImage_test/stable_diffusion_v_1_5/test/ai/288_sdv5_00039.png
343,stable_diffusion_v_1_5,5479,GenImage_test/stable_diffusion_v_1_5/test/nature/ILSVRC2012_val_00004738.JPEG
343,stable_diffusion_v_1_5,5480,GenImage_test/stable_diffusion_v_1_5/test/nature/ILSVRC2012_val_00005800.JPEG
343,stable_diffusion_v_1_5,5481,GenImage_test/stable_diffusion_v_1_5/test/ai/792_sdv5_00195.png
343,stable_diffusion_v_1_5,5482,GenImage_test/stable_diffusion_v_1_5/test/ai/967_sdv5_00135.png
343,stable_diffusion_v_1_5,5483,GenImage_test/stable_diffusion_v_1_5/test/ai/835_sdv5_00195.png
343,stable_diffusion_v_1_5,5484,GenImage_test/stable_diffusion_v_1_5/test/nature/ILSVRC2012_val_00044788.JPEG
343,stable_diffusion_v_1_5,5485,GenImage_test/stable_diffusion_v_1_5/test/nature/ILSVRC2012_val_00009766.JPEG
343,stable_diffusion_v_1_5,5486,GenImage_test/stable_diffusion_v_1_5/test/nature/ILSVRC2012_val_00010993.JPEG
343,stable_diffusion_v_1_5,5487,GenImage_test/stable_diffusion_v_1_5/test/ai/580_sdv5_00135.png
343,stable_diffusion_v_1_5,5488,GenImage_test/stable_diffusion_v_1_5/test/ai/870_sdv5_00027.png
343,stable_diffusion_v_1_5,5489,GenImage_test/stable_diffusion_v_1_5/test/nature/ILSVRC2012_val_00009238.JPEG
343,stable_diffusion_v_1_5,5490,GenImage_test/stable_diffusion_v_1_5/test/nature/ILSVRC2012_val_00011044.JPEG
343,stable_diffusion_v_1_5,5491,GenImage_test/stable_diffusion_v_1_5/test/ai/158_sdv5_00009.png
344,stable_diffusion_v_1_5,5492,GenImage_test/stable_diffusion_v_1_5/test/nature/ILSVRC2012_val_00034123.JPEG
344,stable_diffusion_v_1_5,5493,GenImage_test/stable_diffusion_v_1_5/test/ai/520_sdv5_00003.png
344,stable_diffusion_v_1_5,5494,GenImage_test/stable_diffusion_v_1_5/test/nature/ILSVRC2012_val_00015719.JPEG
344,stable_diffusion_v_1_5,5495,GenImage_test/stable_diffusion_v_1_5/test/ai/400_sdv5_00039.png
344,stable_diffusion_v_1_5,5496,GenImage_test/stable_diffusion_v_1_5/test/ai/651_sdv5_00100.png
344,stable_diffusion_v_1_5,5497,GenImage_test/stable_diffusion_v_1_5/test/ai/658_sdv5_00003.png
344,stable_diffusion_v_1_5,5498,GenImage_test/stable_diffusion_v_1_5/test/nature/ILSVRC2012_val_00014042.JPEG
344,stable_diffusion_v_1_5,5499,GenImage_test/stable_diffusion_v_1_5/test/nature/ILSVRC2012_val_00016280.JPEG
344,stable_diffusion_v_1_5,5500,GenImage_test/stable_diffusion_v_1_5/test/ai/268_sdv5_00195.png
344,stable_diffusion_v_1_5,5501,GenImage_test/stable_diffusion_v_1_5/test/ai/795_sdv5_00135.png
344,stable_diffusion_v_1_5,5502,GenImage_test/stable_diffusion_v_1_5/test/nature/ILSVRC2012_val_00001711.JPEG
344,stable_diffusion_v_1_5,5503,GenImage_test/stable_diffusion_v_1_5/test/nature/ILSVRC2012_val_00034842.JPEG
344,stable_diffusion_v_1_5,5504,GenImage_test/stable_diffusion_v_1_5/test/ai/736_sdv5_00135.png
344,stable_diffusion_v_1_5,5505,GenImage_test/stable_diffusion_v_1_5/test/nature/ILSVRC2012_val_00013441.JPEG
344,stable_diffusion_v_1_5,5506,GenImage_test/stable_diffusion_v_1_5/test/nature/ILSVRC2012_val_00006319.JPEG
344,stable_diffusion_v_1_5,5507,GenImage_test/stable_diffusion_v_1_5/test/nature/ILSVRC2012_val_00010457.JPEG
345,stable_diffusion_v_1_5,5508,GenImage_test/stable_diffusion_v_1_5/test/ai/490_sdv5_00020.png
345,stable_diffusion_v_1_5,5509,GenImage_test/stable_diffusion_v_1_5/test/ai/451_sdv5_00195.png
345,stable_diffusion_v_1_5,5510,GenImage_test/stable_diffusion_v_1_5/test/ai/179_sdv5_00003.png
345,stable_diffusion_v_1_5,5511,GenImage_test/stable_diffusion_v_1_5/test/ai/243_sdv5_00009.png
345,stable_diffusion_v_1_5,5512,GenImage_test/stable_diffusion_v_1_5/test/nature/ILSVRC2012_val_00010514.JPEG
345,stable_diffusion_v_1_5,5513,GenImage_test/stable_diffusion_v_1_5/test/nature/ILSVRC2012_val_00039074.JPEG
345,stable_diffusion_v_1_5,5514,GenImage_test/stable_diffusion_v_1_5/test/nature/ILSVRC2012_val_00015910.JPEG
345,stable_diffusion_v_1_5,5515,GenImage_test/stable_diffusion_v_1_5/test/nature/ILSVRC2012_val_00025396.JPEG
345,stable_diffusion_v_1_5,5516,GenImage_test/stable_diffusion_v_1_5/test/nature/ILSVRC2012_val_00017711.JPEG
345,stable_diffusion_v_1_5,5517,GenImage_test/stable_diffusion_v_1_5/test/nature/ILSVRC2012_val_00027305.JPEG
345,stable_diffusion_v_1_5,5518,GenImage_test/stable_diffusion_v_1_5/test/ai/405_sdv5_00039.png
345,stable_diffusion_v_1_5,5519,GenImage_test/stable_diffusion_v_1_5/test/ai/976_sdv5_00009.png
345,stable_diffusion_v_1_5,5520,GenImage_test/stable_diffusion_v_1_5/test/ai/648_sdv5_00009.png
345,stable_diffusion_v_1_5,5521,GenImage_test/stable_diffusion_v_1_5/test/nature/ILSVRC2012_val_00034350.JPEG
345,stable_diffusion_v_1_5,5522,GenImage_test/stable_diffusion_v_1_5/test/ai/328_sdv5_00135.png
345,stable_diffusion_v_1_5,5523,GenImage_test/stable_diffusion_v_1_5/test/nature/ILSVRC2012_val_00033430.JPEG
346,stable_diffusion_v_1_5,5524,GenImage_test/stable_diffusion_v_1_5/test/nature/ILSVRC2012_val_00038835.JPEG
346,stable_diffusion_v_1_5,5525,GenImage_test/stable_diffusion_v_1_5/test/nature/ILSVRC2012_val_00000853.JPEG
346,stable_diffusion_v_1_5,5526,GenImage_test/stable_diffusion_v_1_5/test/nature/ILSVRC2012_val_00038005.JPEG
346,stable_diffusion_v_1_5,5527,GenImage_test/stable_diffusion_v_1_5/test/ai/380_sdv5_00020.png
346,stable_diffusion_v_1_5,5528,GenImage_test/stable_diffusion_v_1_5/test/ai/341_sdv5_00009.png
346,stable_diffusion_v_1_5,5529,GenImage_test/stable_diffusion_v_1_5/test/ai/663_sdv5_00009.png
346,stable_diffusion_v_1_5,5530,GenImage_test/stable_diffusion_v_1_5/test/ai/467_sdv5_00100.png
346,stable_diffusion_v_1_5,5531,GenImage_test/stable_diffusion_v_1_5/test/ai/242_sdv5_00135.png
346,stable_diffusion_v_1_5,5532,GenImage_test/stable_diffusion_v_1_5/test/nature/ILSVRC2012_val_00018199.JPEG
346,stable_diffusion_v_1_5,5533,GenImage_test/stable_diffusion_v_1_5/test/nature/ILSVRC2012_val_00020939.JPEG
346,stable_diffusion_v_1_5,5534,GenImage_test/stable_diffusion_v_1_5/test/ai/400_sdv5_00003.png
346,stable_diffusion_v_1_5,5535,GenImage_test/stable_diffusion_v_1_5/test/nature/ILSVRC2012_val_00003612.JPEG
346,stable_diffusion_v_1_5,5536,GenImage_test/stable_diffusion_v_1_5/test/ai/779_sdv5_00195.png
346,stable_diffusion_v_1_5,5537,GenImage_test/stable_diffusion_v_1_5/test/ai/948_sdv5_00195.png
346,stable_diffusion_v_1_5,5538,GenImage_test/stable_diffusion_v_1_5/test/ai/497_sdv5_00100.png
346,stable_diffusion_v_1_5,5539,GenImage_test/stable_diffusion_v_1_5/test/ai/586_sdv5_00039.png
347,stable_diffusion_v_1_5,5540,GenImage_test/stable_diffusion_v_1_5/test/ai/326_sdv5_00135.png
347,stable_diffusion_v_1_5,5541,GenImage_test/stable_diffusion_v_1_5/test/ai/034_sdv5_00009.png
347,stable_diffusion_v_1_5,5542,GenImage_test/stable_diffusion_v_1_5/test/nature/ILSVRC2012_val_00040014.JPEG
347,stable_diffusion_v_1_5,5543,GenImage_test/stable_diffusion_v_1_5/test/nature/ILSVRC2012_val_00036688.JPEG
347,stable_diffusion_v_1_5,5544,GenImage_test/stable_diffusion_v_1_5/test/nature/ILSVRC2012_val_00046867.JPEG
347,stable_diffusion_v_1_5,5545,GenImage_test/stable_diffusion_v_1_5/test/ai/953_sdv5_00003.png
347,stable_diffusion_v_1_5,5546,GenImage_test/stable_diffusion_v_1_5/test/nature/ILSVRC2012_val_00008644.JPEG
347,stable_diffusion_v_1_5,5547,GenImage_test/stable_diffusion_v_1_5/test/ai/261_sdv5_00020.png
347,stable_diffusion_v_1_5,5548,GenImage_test/stable_diffusion_v_1_5/test/ai/916_sdv5_00003.png
347,stable_diffusion_v_1_5,5549,GenImage_test/stable_diffusion_v_1_5/test/nature/ILSVRC2012_val_00047045.JPEG
347,stable_diffusion_v_1_5,5550,GenImage_test/stable_diffusion_v_1_5/test/nature/ILSVRC2012_val_00033587.JPEG
347,stable_diffusion_v_1_5,5551,GenImage_test/stable_diffusion_v_1_5/test/nature/ILSVRC2012_val_00049883.JPEG
347,stable_diffusion_v_1_5,5552,GenImage_test/stable_diffusion_v_1_5/test/ai/850_sdv5_00027.png
347,stable_diffusion_v_1_5,5553,GenImage_test/stable_diffusion_v_1_5/test/ai/277_sdv5_00020.png
347,stable_diffusion_v_1_5,5554,GenImage_test/stable_diffusion_v_1_5/test/ai/855_sdv5_00003.png
347,stable_diffusion_v_1_5,5555,GenImage_test/stable_diffusion_v_1_5/test/ai/397_sdv5_00027.png
348,stable_diffusion_v_1_5,5556,GenImage_test/stable_diffusion_v_1_5/test/nature/ILSVRC2012_val_00012331.JPEG
348,stable_diffusion_v_1_5,5557,GenImage_test/stable_diffusion_v_1_5/test/ai/490_sdv5_00100.png
348,stable_diffusion_v_1_5,5558,GenImage_test/stable_diffusion_v_1_5/test/nature/ILSVRC2012_val_00031756.JPEG
348,stable_diffusion_v_1_5,5559,GenImage_test/stable_diffusion_v_1_5/test/nature/ILSVRC2012_val_00038709.JPEG
348,stable_diffusion_v_1_5,5560,GenImage_test/stable_diffusion_v_1_5/test/ai/410_sdv5_00100.png
348,stable_diffusion_v_1_5,5561,GenImage_test/stable_diffusion_v_1_5/test/nature/ILSVRC2012_val_00030107.JPEG
348,stable_diffusion_v_1_5,5562,GenImage_test/stable_diffusion_v_1_5/test/nature/ILSVRC2012_val_00000637.JPEG
348,stable_diffusion_v_1_5,5563,GenImage_test/stable_diffusion_v_1_5/test/ai/037_sdv5_00195.png
348,stable_diffusion_v_1_5,5564,GenImage_test/stable_diffusion_v_1_5/test/nature/ILSVRC2012_val_00016507.JPEG
348,stable_diffusion_v_1_5,5565,GenImage_test/stable_diffusion_v_1_5/test/ai/329_sdv5_00135.png
348,stable_diffusion_v_1_5,5566,GenImage_test/stable_diffusion_v_1_5/test/nature/ILSVRC2012_val_00006484.JPEG
348,stable_diffusion_v_1_5,5567,GenImage_test/stable_diffusion_v_1_5/test/nature/ILSVRC2012_val_00031687.JPEG
348,stable_diffusion_v_1_5,5568,GenImage_test/stable_diffusion_v_1_5/test/ai/182_sdv5_00135.png
348,stable_diffusion_v_1_5,5569,GenImage_test/stable_diffusion_v_1_5/test/nature/ILSVRC2012_val_00026301.JPEG
348,stable_diffusion_v_1_5,5570,GenImage_test/stable_diffusion_v_1_5/test/ai/184_sdv5_00100.png
348,stable_diffusion_v_1_5,5571,GenImage_test/stable_diffusion_v_1_5/test/nature/ILSVRC2012_val_00016657.JPEG
349,stable_diffusion_v_1_5,5572,GenImage_test/stable_diffusion_v_1_5/test/ai/986_sdv5_00135.png
349,stable_diffusion_v_1_5,5573,GenImage_test/stable_diffusion_v_1_5/test/ai/821_sdv5_00100.png
349,stable_diffusion_v_1_5,5574,GenImage_test/stable_diffusion_v_1_5/test/nature/ILSVRC2012_val_00045166.JPEG
349,stable_diffusion_v_1_5,5575,GenImage_test/stable_diffusion_v_1_5/test/nature/ILSVRC2012_val_00044838.JPEG
349,stable_diffusion_v_1_5,5576,GenImage_test/stable_diffusion_v_1_5/test/ai/002_sdv5_00009.png
349,stable_diffusion_v_1_5,5577,GenImage_test/stable_diffusion_v_1_5/test/nature/ILSVRC2012_val_00026679.JPEG
349,stable_diffusion_v_1_5,5578,GenImage_test/stable_diffusion_v_1_5/test/nature/ILSVRC2012_val_00046121.JPEG
349,stable_diffusion_v_1_5,5579,GenImage_test/stable_diffusion_v_1_5/test/ai/352_sdv5_00009.png
349,stable_diffusion_v_1_5,5580,GenImage_test/stable_diffusion_v_1_5/test/nature/ILSVRC2012_val_00025226.JPEG
349,stable_diffusion_v_1_5,5581,GenImage_test/stable_diffusion_v_1_5/test/ai/493_sdv5_00020.png
349,stable_diffusion_v_1_5,5582,GenImage_test/stable_diffusion_v_1_5/test/ai/846_sdv5_00027.png
349,stable_diffusion_v_1_5,5583,GenImage_test/stable_diffusion_v_1_5/test/ai/480_sdv5_00020.png
349,stable_diffusion_v_1_5,5584,GenImage_test/stable_diffusion_v_1_5/test/nature/ILSVRC2012_val_00003452.JPEG
349,stable_diffusion_v_1_5,5585,GenImage_test/stable_diffusion_v_1_5/test/nature/ILSVRC2012_val_00040213.JPEG
349,stable_diffusion_v_1_5,5586,GenImage_test/stable_diffusion_v_1_5/test/nature/ILSVRC2012_val_00031210.JPEG
349,stable_diffusion_v_1_5,5587,GenImage_test/stable_diffusion_v_1_5/test/nature/ILSVRC2012_val_00023184.JPEG
350,stable_diffusion_v_1_5,5588,GenImage_test/stable_diffusion_v_1_5/test/nature/ILSVRC2012_val_00009146.JPEG
350,stable_diffusion_v_1_5,5589,GenImage_test/stable_diffusion_v_1_5/test/ai/232_sdv5_00100.png
350,stable_diffusion_v_1_5,5590,GenImage_test/stable_diffusion_v_1_5/test/ai/432_sdv5_00039.png
350,stable_diffusion_v_1_5,5591,GenImage_test/stable_diffusion_v_1_5/test/nature/ILSVRC2012_val_00015346.JPEG
350,stable_diffusion_v_1_5,5592,GenImage_test/stable_diffusion_v_1_5/test/nature/ILSVRC2012_val_00020046.JPEG
350,stable_diffusion_v_1_5,5593,GenImage_test/stable_diffusion_v_1_5/test/ai/960_sdv5_00195.png
350,stable_diffusion_v_1_5,5594,GenImage_test/stable_diffusion_v_1_5/test/ai/025_sdv5_00027.png
350,stable_diffusion_v_1_5,5595,GenImage_test/stable_diffusion_v_1_5/test/nature/ILSVRC2012_val_00012451.JPEG
350,stable_diffusion_v_1_5,5596,GenImage_test/stable_diffusion_v_1_5/test/nature/ILSVRC2012_val_00045017.JPEG
350,stable_diffusion_v_1_5,5597,GenImage_test/stable_diffusion_v_1_5/test/ai/689_sdv5_00020.png
350,stable_diffusion_v_1_5,5598,GenImage_test/stable_diffusion_v_1_5/test/ai/018_sdv5_00020.png
350,stable_diffusion_v_1_5,5599,GenImage_test/stable_diffusion_v_1_5/test/nature/ILSVRC2012_val_00019756.JPEG
350,stable_diffusion_v_1_5,5600,GenImage_test/stable_diffusion_v_1_5/test/ai/860_sdv5_00135.png
350,stable_diffusion_v_1_5,5601,GenImage_test/stable_diffusion_v_1_5/test/ai/762_sdv5_00039.png
350,stable_diffusion_v_1_5,5602,GenImage_test/stable_diffusion_v_1_5/test/ai/929_sdv5_00027.png
350,stable_diffusion_v_1_5,5603,GenImage_test/stable_diffusion_v_1_5/test/nature/ILSVRC2012_val_00038328.JPEG
351,stable_diffusion_v_1_5,5604,GenImage_test/stable_diffusion_v_1_5/test/ai/372_sdv5_00020.png
351,stable_diffusion_v_1_5,5605,GenImage_test/stable_diffusion_v_1_5/test/nature/ILSVRC2012_val_00019595.JPEG
351,stable_diffusion_v_1_5,5606,GenImage_test/stable_diffusion_v_1_5/test/ai/783_sdv5_00003.png
351,stable_diffusion_v_1_5,5607,GenImage_test/stable_diffusion_v_1_5/test/nature/ILSVRC2012_val_00013672.JPEG
351,stable_diffusion_v_1_5,5608,GenImage_test/stable_diffusion_v_1_5/test/ai/168_sdv5_00003.png
351,stable_diffusion_v_1_5,5609,GenImage_test/stable_diffusion_v_1_5/test/ai/637_sdv5_00027.png
351,stable_diffusion_v_1_5,5610,GenImage_test/stable_diffusion_v_1_5/test/nature/ILSVRC2012_val_00038128.JPEG
351,stable_diffusion_v_1_5,5611,GenImage_test/stable_diffusion_v_1_5/test/ai/285_sdv5_00195.png
351,stable_diffusion_v_1_5,5612,GenImage_test/stable_diffusion_v_1_5/test/nature/ILSVRC2012_val_00015824.JPEG
351,stable_diffusion_v_1_5,5613,GenImage_test/stable_diffusion_v_1_5/test/nature/ILSVRC2012_val_00018998.JPEG
351,stable_diffusion_v_1_5,5614,GenImage_test/stable_diffusion_v_1_5/test/ai/526_sdv5_00020.png
351,stable_diffusion_v_1_5,5615,GenImage_test/stable_diffusion_v_1_5/test/nature/ILSVRC2012_val_00001179.JPEG
351,stable_diffusion_v_1_5,5616,GenImage_test/stable_diffusion_v_1_5/test/ai/276_sdv5_00135.png
351,stable_diffusion_v_1_5,5617,GenImage_test/stable_diffusion_v_1_5/test/nature/ILSVRC2012_val_00029568.JPEG
351,stable_diffusion_v_1_5,5618,GenImage_test/stable_diffusion_v_1_5/test/nature/ILSVRC2012_val_00003135.JPEG
351,stable_diffusion_v_1_5,5619,GenImage_test/stable_diffusion_v_1_5/test/nature/ILSVRC2012_val_00035310.JPEG
352,stable_diffusion_v_1_5,5620,GenImage_test/stable_diffusion_v_1_5/test/ai/437_sdv5_00100.png
352,stable_diffusion_v_1_5,5621,GenImage_test/stable_diffusion_v_1_5/test/ai/811_sdv5_00100.png
352,stable_diffusion_v_1_5,5622,GenImage_test/stable_diffusion_v_1_5/test/ai/426_sdv5_00135.png
352,stable_diffusion_v_1_5,5623,GenImage_test/stable_diffusion_v_1_5/test/nature/ILSVRC2012_val_00043140.JPEG
352,stable_diffusion_v_1_5,5624,GenImage_test/stable_diffusion_v_1_5/test/nature/ILSVRC2012_val_00026535.JPEG
352,stable_diffusion_v_1_5,5625,GenImage_test/stable_diffusion_v_1_5/test/ai/850_sdv5_00020.png
352,stable_diffusion_v_1_5,5626,GenImage_test/stable_diffusion_v_1_5/test/ai/295_sdv5_00195.png
352,stable_diffusion_v_1_5,5627,GenImage_test/stable_diffusion_v_1_5/test/nature/ILSVRC2012_val_00000064.JPEG
352,stable_diffusion_v_1_5,5628,GenImage_test/stable_diffusion_v_1_5/test/nature/ILSVRC2012_val_00033727.JPEG
352,stable_diffusion_v_1_5,5629,GenImage_test/stable_diffusion_v_1_5/test/ai/130_sdv5_00020.png
352,stable_diffusion_v_1_5,5630,GenImage_test/stable_diffusion_v_1_5/test/nature/ILSVRC2012_val_00044572.JPEG
352,stable_diffusion_v_1_5,5631,GenImage_test/stable_diffusion_v_1_5/test/ai/370_sdv5_00009.png
352,stable_diffusion_v_1_5,5632,GenImage_test/stable_diffusion_v_1_5/test/nature/ILSVRC2012_val_00041201.JPEG
352,stable_diffusion_v_1_5,5633,GenImage_test/stable_diffusion_v_1_5/test/ai/427_sdv5_00003.png
352,stable_diffusion_v_1_5,5634,GenImage_test/stable_diffusion_v_1_5/test/nature/ILSVRC2012_val_00041888.JPEG
352,stable_diffusion_v_1_5,5635,GenImage_test/stable_diffusion_v_1_5/test/ai/232_sdv5_00039.png
353,stable_diffusion_v_1_5,5636,GenImage_test/stable_diffusion_v_1_5/test/nature/ILSVRC2012_val_00014557.JPEG
353,stable_diffusion_v_1_5,5637,GenImage_test/stable_diffusion_v_1_5/test/ai/623_sdv5_00135.png
353,stable_diffusion_v_1_5,5638,GenImage_test/stable_diffusion_v_1_5/test/ai/543_sdv5_00027.png
353,stable_diffusion_v_1_5,5639,GenImage_test/stable_diffusion_v_1_5/test/ai/094_sdv5_00020.png
353,stable_diffusion_v_1_5,5640,GenImage_test/stable_diffusion_v_1_5/test/ai/997_sdv5_00009.png
353,stable_diffusion_v_1_5,5641,GenImage_test/stable_diffusion_v_1_5/test/nature/ILSVRC2012_val_00047948.JPEG
353,stable_diffusion_v_1_5,5642,GenImage_test/stable_diffusion_v_1_5/test/nature/ILSVRC2012_val_00015324.JPEG
353,stable_diffusion_v_1_5,5643,GenImage_test/stable_diffusion_v_1_5/test/ai/569_sdv5_00195.png
353,stable_diffusion_v_1_5,5644,GenImage_test/stable_diffusion_v_1_5/test/ai/042_sdv5_00009.png
353,stable_diffusion_v_1_5,5645,GenImage_test/stable_diffusion_v_1_5/test/ai/229_sdv5_00020.png
353,stable_diffusion_v_1_5,5646,GenImage_test/stable_diffusion_v_1_5/test/nature/ILSVRC2012_val_00038326.JPEG
353,stable_diffusion_v_1_5,5647,GenImage_test/stable_diffusion_v_1_5/test/ai/556_sdv5_00135.png
353,stable_diffusion_v_1_5,5648,GenImage_test/stable_diffusion_v_1_5/test/nature/ILSVRC2012_val_00023761.JPEG
353,stable_diffusion_v_1_5,5649,GenImage_test/stable_diffusion_v_1_5/test/nature/ILSVRC2012_val_00011693.JPEG
353,stable_diffusion_v_1_5,5650,GenImage_test/stable_diffusion_v_1_5/test/ai/759_sdv5_00135.png
353,stable_diffusion_v_1_5,5651,GenImage_test/stable_diffusion_v_1_5/test/ai/964_sdv5_00195.png
354,stable_diffusion_v_1_5,5652,GenImage_test/stable_diffusion_v_1_5/test/ai/174_sdv5_00039.png
354,stable_diffusion_v_1_5,5653,GenImage_test/stable_diffusion_v_1_5/test/ai/576_sdv5_00020.png
354,stable_diffusion_v_1_5,5654,GenImage_test/stable_diffusion_v_1_5/test/ai/750_sdv5_00039.png
354,stable_diffusion_v_1_5,5655,GenImage_test/stable_diffusion_v_1_5/test/nature/ILSVRC2012_val_00048462.JPEG
354,stable_diffusion_v_1_5,5656,GenImage_test/stable_diffusion_v_1_5/test/nature/ILSVRC2012_val_00039376.JPEG
354,stable_diffusion_v_1_5,5657,GenImage_test/stable_diffusion_v_1_5/test/ai/079_sdv5_00100.png
354,stable_diffusion_v_1_5,5658,GenImage_test/stable_diffusion_v_1_5/test/ai/848_sdv5_00009.png
354,stable_diffusion_v_1_5,5659,GenImage_test/stable_diffusion_v_1_5/test/nature/ILSVRC2012_val_00003517.JPEG
354,stable_diffusion_v_1_5,5660,GenImage_test/stable_diffusion_v_1_5/test/nature/ILSVRC2012_val_00012402.JPEG
354,stable_diffusion_v_1_5,5661,GenImage_test/stable_diffusion_v_1_5/test/nature/ILSVRC2012_val_00037732.JPEG
354,stable_diffusion_v_1_5,5662,GenImage_test/stable_diffusion_v_1_5/test/nature/ILSVRC2012_val_00036883.JPEG
354,stable_diffusion_v_1_5,5663,GenImage_test/stable_diffusion_v_1_5/test/ai/396_sdv5_00135.png
354,stable_diffusion_v_1_5,5664,GenImage_test/stable_diffusion_v_1_5/test/nature/ILSVRC2012_val_00026440.JPEG
354,stable_diffusion_v_1_5,5665,GenImage_test/stable_diffusion_v_1_5/test/ai/942_sdv5_00195.png
354,stable_diffusion_v_1_5,5666,GenImage_test/stable_diffusion_v_1_5/test/ai/335_sdv5_00003.png
354,stable_diffusion_v_1_5,5667,GenImage_test/stable_diffusion_v_1_5/test/ai/175_sdv5_00100.png
355,stable_diffusion_v_1_5,5668,GenImage_test/stable_diffusion_v_1_5/test/ai/266_sdv5_00009.png
355,stable_diffusion_v_1_5,5669,GenImage_test/stable_diffusion_v_1_5/test/ai/832_sdv5_00195.png
355,stable_diffusion_v_1_5,5670,GenImage_test/stable_diffusion_v_1_5/test/nature/ILSVRC2012_val_00033769.JPEG
355,stable_diffusion_v_1_5,5671,GenImage_test/stable_diffusion_v_1_5/test/ai/526_sdv5_00009.png
355,stable_diffusion_v_1_5,5672,GenImage_test/stable_diffusion_v_1_5/test/ai/959_sdv5_00100.png
355,stable_diffusion_v_1_5,5673,GenImage_test/stable_diffusion_v_1_5/test/nature/ILSVRC2012_val_00026212.JPEG
355,stable_diffusion_v_1_5,5674,GenImage_test/stable_diffusion_v_1_5/test/nature/ILSVRC2012_val_00028218.JPEG
355,stable_diffusion_v_1_5,5675,GenImage_test/stable_diffusion_v_1_5/test/ai/002_sdv5_00020.png
355,stable_diffusion_v_1_5,5676,GenImage_test/stable_diffusion_v_1_5/test/nature/ILSVRC2012_val_00012817.JPEG
355,stable_diffusion_v_1_5,5677,GenImage_test/stable_diffusion_v_1_5/test/nature/ILSVRC2012_val_00046385.JPEG
355,stable_diffusion_v_1_5,5678,GenImage_test/stable_diffusion_v_1_5/test/nature/ILSVRC2012_val_00032667.JPEG
355,stable_diffusion_v_1_5,5679,GenImage_test/stable_diffusion_v_1_5/test/ai/973_sdv5_00020.png
355,stable_diffusion_v_1_5,5680,GenImage_test/stable_diffusion_v_1_5/test/ai/744_sdv5_00135.png
355,stable_diffusion_v_1_5,5681,GenImage_test/stable_diffusion_v_1_5/test/nature/ILSVRC2012_val_00007645.JPEG
355,stable_diffusion_v_1_5,5682,GenImage_test/stable_diffusion_v_1_5/test/nature/ILSVRC2012_val_00019528.JPEG
355,stable_diffusion_v_1_5,5683,GenImage_test/stable_diffusion_v_1_5/test/nature/ILSVRC2012_val_00024880.JPEG
356,stable_diffusion_v_1_5,5684,GenImage_test/stable_diffusion_v_1_5/test/nature/ILSVRC2012_val_00036376.JPEG
356,stable_diffusion_v_1_5,5685,GenImage_test/stable_diffusion_v_1_5/test/nature/ILSVRC2012_val_00039745.JPEG
356,stable_diffusion_v_1_5,5686,GenImage_test/stable_diffusion_v_1_5/test/nature/ILSVRC2012_val_00017512.JPEG
356,stable_diffusion_v_1_5,5687,GenImage_test/stable_diffusion_v_1_5/test/nature/ILSVRC2012_val_00025911.JPEG
356,stable_diffusion_v_1_5,5688,GenImage_test/stable_diffusion_v_1_5/test/nature/ILSVRC2012_val_00001056.JPEG
356,stable_diffusion_v_1_5,5689,GenImage_test/stable_diffusion_v_1_5/test/ai/052_sdv5_00100.png
356,stable_diffusion_v_1_5,5690,GenImage_test/stable_diffusion_v_1_5/test/nature/ILSVRC2012_val_00000932.JPEG
356,stable_diffusion_v_1_5,5691,GenImage_test/stable_diffusion_v_1_5/test/nature/ILSVRC2012_val_00008932.JPEG
356,stable_diffusion_v_1_5,5692,GenImage_test/stable_diffusion_v_1_5/test/ai/364_sdv5_00009.png
356,stable_diffusion_v_1_5,5693,GenImage_test/stable_diffusion_v_1_5/test/nature/ILSVRC2012_val_00026370.JPEG
356,stable_diffusion_v_1_5,5694,GenImage_test/stable_diffusion_v_1_5/test/nature/ILSVRC2012_val_00001805.JPEG
356,stable_diffusion_v_1_5,5695,GenImage_test/stable_diffusion_v_1_5/test/nature/ILSVRC2012_val_00012072.JPEG
356,stable_diffusion_v_1_5,5696,GenImage_test/stable_diffusion_v_1_5/test/ai/828_sdv5_00027.png
356,stable_diffusion_v_1_5,5697,GenImage_test/stable_diffusion_v_1_5/test/ai/081_sdv5_00003.png
356,stable_diffusion_v_1_5,5698,GenImage_test/stable_diffusion_v_1_5/test/ai/908_sdv5_00135.png
356,stable_diffusion_v_1_5,5699,GenImage_test/stable_diffusion_v_1_5/test/ai/804_sdv5_00195.png
357,stable_diffusion_v_1_5,5700,GenImage_test/stable_diffusion_v_1_5/test/nature/ILSVRC2012_val_00033841.JPEG
357,stable_diffusion_v_1_5,5701,GenImage_test/stable_diffusion_v_1_5/test/nature/ILSVRC2012_val_00046677.JPEG
357,stable_diffusion_v_1_5,5702,GenImage_test/stable_diffusion_v_1_5/test/ai/763_sdv5_00135.png
357,stable_diffusion_v_1_5,5703,GenImage_test/stable_diffusion_v_1_5/test/nature/ILSVRC2012_val_00034670.JPEG
357,stable_diffusion_v_1_5,5704,GenImage_test/stable_diffusion_v_1_5/test/nature/ILSVRC2012_val_00029799.JPEG
357,stable_diffusion_v_1_5,5705,GenImage_test/stable_diffusion_v_1_5/test/nature/ILSVRC2012_val_00044688.JPEG
357,stable_diffusion_v_1_5,5706,GenImage_test/stable_diffusion_v_1_5/test/ai/290_sdv5_00009.png
357,stable_diffusion_v_1_5,5707,GenImage_test/stable_diffusion_v_1_5/test/nature/ILSVRC2012_val_00043928.JPEG
357,stable_diffusion_v_1_5,5708,GenImage_test/stable_diffusion_v_1_5/test/ai/941_sdv5_00039.png
357,stable_diffusion_v_1_5,5709,GenImage_test/stable_diffusion_v_1_5/test/ai/886_sdv5_00009.png
357,stable_diffusion_v_1_5,5710,GenImage_test/stable_diffusion_v_1_5/test/nature/ILSVRC2012_val_00002577.JPEG
357,stable_diffusion_v_1_5,5711,GenImage_test/stable_diffusion_v_1_5/test/nature/ILSVRC2012_val_00035840.JPEG
357,stable_diffusion_v_1_5,5712,GenImage_test/stable_diffusion_v_1_5/test/nature/ILSVRC2012_val_00012805.JPEG
357,stable_diffusion_v_1_5,5713,GenImage_test/stable_diffusion_v_1_5/test/ai/301_sdv5_00100.png
357,stable_diffusion_v_1_5,5714,GenImage_test/stable_diffusion_v_1_5/test/ai/292_sdv5_00009.png
357,stable_diffusion_v_1_5,5715,GenImage_test/stable_diffusion_v_1_5/test/nature/ILSVRC2012_val_00018721.JPEG
358,stable_diffusion_v_1_5,5716,GenImage_test/stable_diffusion_v_1_5/test/ai/300_sdv5_00195.png
358,stable_diffusion_v_1_5,5717,GenImage_test/stable_diffusion_v_1_5/test/ai/903_sdv5_00100.png
358,stable_diffusion_v_1_5,5718,GenImage_test/stable_diffusion_v_1_5/test/nature/ILSVRC2012_val_00012679.JPEG
358,stable_diffusion_v_1_5,5719,GenImage_test/stable_diffusion_v_1_5/test/ai/732_sdv5_00020.png
358,stable_diffusion_v_1_5,5720,GenImage_test/stable_diffusion_v_1_5/test/nature/ILSVRC2012_val_00016351.JPEG
358,stable_diffusion_v_1_5,5721,GenImage_test/stable_diffusion_v_1_5/test/nature/ILSVRC2012_val_00037302.JPEG
358,stable_diffusion_v_1_5,5722,GenImage_test/stable_diffusion_v_1_5/test/nature/ILSVRC2012_val_00021992.JPEG
358,stable_diffusion_v_1_5,5723,GenImage_test/stable_diffusion_v_1_5/test/nature/ILSVRC2012_val_00048133.JPEG
358,stable_diffusion_v_1_5,5724,GenImage_test/stable_diffusion_v_1_5/test/ai/730_sdv5_00020.png
358,stable_diffusion_v_1_5,5725,GenImage_test/stable_diffusion_v_1_5/test/ai/423_sdv5_00039.png
358,stable_diffusion_v_1_5,5726,GenImage_test/stable_diffusion_v_1_5/test/ai/630_sdv5_00009.png
358,stable_diffusion_v_1_5,5727,GenImage_test/stable_diffusion_v_1_5/test/ai/708_sdv5_00100.png
358,stable_diffusion_v_1_5,5728,GenImage_test/stable_diffusion_v_1_5/test/ai/648_sdv5_00100.png
358,stable_diffusion_v_1_5,5729,GenImage_test/stable_diffusion_v_1_5/test/nature/ILSVRC2012_val_00018758.JPEG
358,stable_diffusion_v_1_5,5730,GenImage_test/stable_diffusion_v_1_5/test/nature/ILSVRC2012_val_00041321.JPEG
358,stable_diffusion_v_1_5,5731,GenImage_test/stable_diffusion_v_1_5/test/nature/ILSVRC2012_val_00035944.JPEG
359,stable_diffusion_v_1_5,5732,GenImage_test/stable_diffusion_v_1_5/test/ai/429_sdv5_00039.png
359,stable_diffusion_v_1_5,5733,GenImage_test/stable_diffusion_v_1_5/test/ai/993_sdv5_00009.png
359,stable_diffusion_v_1_5,5734,GenImage_test/stable_diffusion_v_1_5/test/ai/824_sdv5_00100.png
359,stable_diffusion_v_1_5,5735,GenImage_test/stable_diffusion_v_1_5/test/ai/260_sdv5_00135.png
359,stable_diffusion_v_1_5,5736,GenImage_test/stable_diffusion_v_1_5/test/nature/ILSVRC2012_val_00009377.JPEG
359,stable_diffusion_v_1_5,5737,GenImage_test/stable_diffusion_v_1_5/test/ai/884_sdv5_00027.png
359,stable_diffusion_v_1_5,5738,GenImage_test/stable_diffusion_v_1_5/test/ai/170_sdv5_00135.png
359,stable_diffusion_v_1_5,5739,GenImage_test/stable_diffusion_v_1_5/test/ai/863_sdv5_00027.png
359,stable_diffusion_v_1_5,5740,GenImage_test/stable_diffusion_v_1_5/test/nature/ILSVRC2012_val_00007901.JPEG
359,stable_diffusion_v_1_5,5741,GenImage_test/stable_diffusion_v_1_5/test/nature/ILSVRC2012_val_00031770.JPEG
359,stable_diffusion_v_1_5,5742,GenImage_test/stable_diffusion_v_1_5/test/nature/ILSVRC2012_val_00011221.JPEG
359,stable_diffusion_v_1_5,5743,GenImage_test/stable_diffusion_v_1_5/test/ai/514_sdv5_00020.png
359,stable_diffusion_v_1_5,5744,GenImage_test/stable_diffusion_v_1_5/test/nature/ILSVRC2012_val_00012414.JPEG
359,stable_diffusion_v_1_5,5745,GenImage_test/stable_diffusion_v_1_5/test/ai/286_sdv5_00003.png
359,stable_diffusion_v_1_5,5746,GenImage_test/stable_diffusion_v_1_5/test/nature/ILSVRC2012_val_00005819.JPEG
359,stable_diffusion_v_1_5,5747,GenImage_test/stable_diffusion_v_1_5/test/ai/262_sdv5_00100.png
360,stable_diffusion_v_1_5,5748,GenImage_test/stable_diffusion_v_1_5/test/nature/ILSVRC2012_val_00042321.JPEG
360,stable_diffusion_v_1_5,5749,GenImage_test/stable_diffusion_v_1_5/test/ai/541_sdv5_00027.png
360,stable_diffusion_v_1_5,5750,GenImage_test/stable_diffusion_v_1_5/test/ai/216_sdv5_00009.png
360,stable_diffusion_v_1_5,5751,GenImage_test/stable_diffusion_v_1_5/test/ai/682_sdv5_00003.png
360,stable_diffusion_v_1_5,5752,GenImage_test/stable_diffusion_v_1_5/test/nature/ILSVRC2012_val_00005364.JPEG
360,stable_diffusion_v_1_5,5753,GenImage_test/stable_diffusion_v_1_5/test/ai/697_sdv5_00027.png
360,stable_diffusion_v_1_5,5754,GenImage_test/stable_diffusion_v_1_5/test/ai/312_sdv5_00009.png
360,stable_diffusion_v_1_5,5755,GenImage_test/stable_diffusion_v_1_5/test/ai/538_sdv5_00039.png
360,stable_diffusion_v_1_5,5756,GenImage_test/stable_diffusion_v_1_5/test/ai/648_sdv5_00020.png
360,stable_diffusion_v_1_5,5757,GenImage_test/stable_diffusion_v_1_5/test/ai/379_sdv5_00135.png
360,stable_diffusion_v_1_5,5758,GenImage_test/stable_diffusion_v_1_5/test/ai/250_sdv5_00027.png
360,stable_diffusion_v_1_5,5759,GenImage_test/stable_diffusion_v_1_5/test/nature/ILSVRC2012_val_00011711.JPEG
360,stable_diffusion_v_1_5,5760,GenImage_test/stable_diffusion_v_1_5/test/nature/ILSVRC2012_val_00024466.JPEG
360,stable_diffusion_v_1_5,5761,GenImage_test/stable_diffusion_v_1_5/test/ai/843_sdv5_00020.png
360,stable_diffusion_v_1_5,5762,GenImage_test/stable_diffusion_v_1_5/test/nature/ILSVRC2012_val_00036199.JPEG
360,stable_diffusion_v_1_5,5763,GenImage_test/stable_diffusion_v_1_5/test/nature/ILSVRC2012_val_00048170.JPEG
361,stable_diffusion_v_1_5,5764,GenImage_test/stable_diffusion_v_1_5/test/ai/258_sdv5_00027.png
361,stable_diffusion_v_1_5,5765,GenImage_test/stable_diffusion_v_1_5/test/nature/ILSVRC2012_val_00009826.JPEG
361,stable_diffusion_v_1_5,5766,GenImage_test/stable_diffusion_v_1_5/test/nature/ILSVRC2012_val_00001671.JPEG
361,stable_diffusion_v_1_5,5767,GenImage_test/stable_diffusion_v_1_5/test/ai/749_sdv5_00003.png
361,stable_diffusion_v_1_5,5768,GenImage_test/stable_diffusion_v_1_5/test/nature/ILSVRC2012_val_00023684.JPEG
361,stable_diffusion_v_1_5,5769,GenImage_test/stable_diffusion_v_1_5/test/nature/ILSVRC2012_val_00011695.JPEG
361,stable_diffusion_v_1_5,5770,GenImage_test/stable_diffusion_v_1_5/test/nature/ILSVRC2012_val_00022806.JPEG
361,stable_diffusion_v_1_5,5771,GenImage_test/stable_diffusion_v_1_5/test/ai/701_sdv5_00027.png
361,stable_diffusion_v_1_5,5772,GenImage_test/stable_diffusion_v_1_5/test/ai/317_sdv5_00195.png
361,stable_diffusion_v_1_5,5773,GenImage_test/stable_diffusion_v_1_5/test/ai/427_sdv5_00100.png
361,stable_diffusion_v_1_5,5774,GenImage_test/stable_diffusion_v_1_5/test/ai/790_sdv5_00020.png
361,stable_diffusion_v_1_5,5775,GenImage_test/stable_diffusion_v_1_5/test/nature/ILSVRC2012_val_00035873.JPEG
361,stable_diffusion_v_1_5,5776,GenImage_test/stable_diffusion_v_1_5/test/nature/ILSVRC2012_val_00014603.JPEG
361,stable_diffusion_v_1_5,5777,GenImage_test/stable_diffusion_v_1_5/test/ai/100_sdv5_00195.png
361,stable_diffusion_v_1_5,5778,GenImage_test/stable_diffusion_v_1_5/test/ai/816_sdv5_00195.png
361,stable_diffusion_v_1_5,5779,GenImage_test/stable_diffusion_v_1_5/test/nature/ILSVRC2012_val_00031881.JPEG
362,stable_diffusion_v_1_5,5780,GenImage_test/stable_diffusion_v_1_5/test/ai/927_sdv5_00039.png
362,stable_diffusion_v_1_5,5781,GenImage_test/stable_diffusion_v_1_5/test/nature/ILSVRC2012_val_00023345.JPEG
362,stable_diffusion_v_1_5,5782,GenImage_test/stable_diffusion_v_1_5/test/nature/ILSVRC2012_val_00002041.JPEG
362,stable_diffusion_v_1_5,5783,GenImage_test/stable_diffusion_v_1_5/test/nature/ILSVRC2012_val_00012452.JPEG
362,stable_diffusion_v_1_5,5784,GenImage_test/stable_diffusion_v_1_5/test/ai/077_sdv5_00135.png
362,stable_diffusion_v_1_5,5785,GenImage_test/stable_diffusion_v_1_5/test/ai/784_sdv5_00020.png
362,stable_diffusion_v_1_5,5786,GenImage_test/stable_diffusion_v_1_5/test/nature/ILSVRC2012_val_00038125.JPEG
362,stable_diffusion_v_1_5,5787,GenImage_test/stable_diffusion_v_1_5/test/ai/035_sdv5_00039.png
362,stable_diffusion_v_1_5,5788,GenImage_test/stable_diffusion_v_1_5/test/ai/140_sdv5_00027.png
362,stable_diffusion_v_1_5,5789,GenImage_test/stable_diffusion_v_1_5/test/ai/984_sdv5_00003.png
362,stable_diffusion_v_1_5,5790,GenImage_test/stable_diffusion_v_1_5/test/nature/ILSVRC2012_val_00004240.JPEG
362,stable_diffusion_v_1_5,5791,GenImage_test/stable_diffusion_v_1_5/test/ai/144_sdv5_00003.png
362,stable_diffusion_v_1_5,5792,GenImage_test/stable_diffusion_v_1_5/test/nature/ILSVRC2012_val_00037803.JPEG
362,stable_diffusion_v_1_5,5793,GenImage_test/stable_diffusion_v_1_5/test/nature/ILSVRC2012_val_00013481.JPEG
362,stable_diffusion_v_1_5,5794,GenImage_test/stable_diffusion_v_1_5/test/nature/ILSVRC2012_val_00036640.JPEG
362,stable_diffusion_v_1_5,5795,GenImage_test/stable_diffusion_v_1_5/test/ai/551_sdv5_00135.png
363,stable_diffusion_v_1_5,5796,GenImage_test/stable_diffusion_v_1_5/test/nature/ILSVRC2012_val_00012393.JPEG
363,stable_diffusion_v_1_5,5797,GenImage_test/stable_diffusion_v_1_5/test/nature/ILSVRC2012_val_00021835.JPEG
363,stable_diffusion_v_1_5,5798,GenImage_test/stable_diffusion_v_1_5/test/ai/768_sdv5_00195.png
363,stable_diffusion_v_1_5,5799,GenImage_test/stable_diffusion_v_1_5/test/ai/122_sdv5_00039.png
363,stable_diffusion_v_1_5,5800,GenImage_test/stable_diffusion_v_1_5/test/ai/446_sdv5_00020.png
363,stable_diffusion_v_1_5,5801,GenImage_test/stable_diffusion_v_1_5/test/ai/274_sdv5_00195.png
363,stable_diffusion_v_1_5,5802,GenImage_test/stable_diffusion_v_1_5/test/ai/124_sdv5_00003.png
363,stable_diffusion_v_1_5,5803,GenImage_test/stable_diffusion_v_1_5/test/ai/054_sdv5_00020.png
363,stable_diffusion_v_1_5,5804,GenImage_test/stable_diffusion_v_1_5/test/nature/ILSVRC2012_val_00004957.JPEG
363,stable_diffusion_v_1_5,5805,GenImage_test/stable_diffusion_v_1_5/test/nature/ILSVRC2012_val_00025786.JPEG
363,stable_diffusion_v_1_5,5806,GenImage_test/stable_diffusion_v_1_5/test/ai/309_sdv5_00027.png
363,stable_diffusion_v_1_5,5807,GenImage_test/stable_diffusion_v_1_5/test/nature/ILSVRC2012_val_00017197.JPEG
363,stable_diffusion_v_1_5,5808,GenImage_test/stable_diffusion_v_1_5/test/nature/ILSVRC2012_val_00035081.JPEG
363,stable_diffusion_v_1_5,5809,GenImage_test/stable_diffusion_v_1_5/test/nature/ILSVRC2012_val_00016207.JPEG
363,stable_diffusion_v_1_5,5810,GenImage_test/stable_diffusion_v_1_5/test/ai/464_sdv5_00100.png
363,stable_diffusion_v_1_5,5811,GenImage_test/stable_diffusion_v_1_5/test/ai/011_sdv5_00039.png
364,stable_diffusion_v_1_5,5812,GenImage_test/stable_diffusion_v_1_5/test/ai/044_sdv5_00039.png
364,stable_diffusion_v_1_5,5813,GenImage_test/stable_diffusion_v_1_5/test/nature/ILSVRC2012_val_00020973.JPEG
364,stable_diffusion_v_1_5,5814,GenImage_test/stable_diffusion_v_1_5/test/nature/ILSVRC2012_val_00003368.JPEG
364,stable_diffusion_v_1_5,5815,GenImage_test/stable_diffusion_v_1_5/test/nature/ILSVRC2012_val_00036379.JPEG
364,stable_diffusion_v_1_5,5816,GenImage_test/stable_diffusion_v_1_5/test/ai/149_sdv5_00039.png
364,stable_diffusion_v_1_5,5817,GenImage_test/stable_diffusion_v_1_5/test/ai/835_sdv5_00039.png
364,stable_diffusion_v_1_5,5818,GenImage_test/stable_diffusion_v_1_5/test/ai/715_sdv5_00039.png
364,stable_diffusion_v_1_5,5819,GenImage_test/stable_diffusion_v_1_5/test/ai/983_sdv5_00020.png
364,stable_diffusion_v_1_5,5820,GenImage_test/stable_diffusion_v_1_5/test/ai/563_sdv5_00020.png
364,stable_diffusion_v_1_5,5821,GenImage_test/stable_diffusion_v_1_5/test/ai/860_sdv5_00195.png
364,stable_diffusion_v_1_5,5822,GenImage_test/stable_diffusion_v_1_5/test/nature/ILSVRC2012_val_00002366.JPEG
364,stable_diffusion_v_1_5,5823,GenImage_test/stable_diffusion_v_1_5/test/nature/ILSVRC2012_val_00001035.JPEG
364,stable_diffusion_v_1_5,5824,GenImage_test/stable_diffusion_v_1_5/test/nature/ILSVRC2012_val_00025938.JPEG
364,stable_diffusion_v_1_5,5825,GenImage_test/stable_diffusion_v_1_5/test/nature/ILSVRC2012_val_00043573.JPEG
364,stable_diffusion_v_1_5,5826,GenImage_test/stable_diffusion_v_1_5/test/ai/587_sdv5_00027.png
364,stable_diffusion_v_1_5,5827,GenImage_test/stable_diffusion_v_1_5/test/nature/ILSVRC2012_val_00037112.JPEG
365,stable_diffusion_v_1_5,5828,GenImage_test/stable_diffusion_v_1_5/test/nature/ILSVRC2012_val_00004813.JPEG
365,stable_diffusion_v_1_5,5829,GenImage_test/stable_diffusion_v_1_5/test/ai/559_sdv5_00020.png
365,stable_diffusion_v_1_5,5830,GenImage_test/stable_diffusion_v_1_5/test/nature/ILSVRC2012_val_00043836.JPEG
365,stable_diffusion_v_1_5,5831,GenImage_test/stable_diffusion_v_1_5/test/nature/ILSVRC2012_val_00034138.JPEG
365,stable_diffusion_v_1_5,5832,GenImage_test/stable_diffusion_v_1_5/test/ai/787_sdv5_00009.png
365,stable_diffusion_v_1_5,5833,GenImage_test/stable_diffusion_v_1_5/test/nature/ILSVRC2012_val_00030897.JPEG
365,stable_diffusion_v_1_5,5834,GenImage_test/stable_diffusion_v_1_5/test/ai/544_sdv5_00100.png
365,stable_diffusion_v_1_5,5835,GenImage_test/stable_diffusion_v_1_5/test/ai/858_sdv5_00195.png
365,stable_diffusion_v_1_5,5836,GenImage_test/stable_diffusion_v_1_5/test/ai/187_sdv5_00003.png
365,stable_diffusion_v_1_5,5837,GenImage_test/stable_diffusion_v_1_5/test/nature/ILSVRC2012_val_00035183.JPEG
365,stable_diffusion_v_1_5,5838,GenImage_test/stable_diffusion_v_1_5/test/nature/ILSVRC2012_val_00010064.JPEG
365,stable_diffusion_v_1_5,5839,GenImage_test/stable_diffusion_v_1_5/test/nature/ILSVRC2012_val_00045954.JPEG
365,stable_diffusion_v_1_5,5840,GenImage_test/stable_diffusion_v_1_5/test/nature/ILSVRC2012_val_00048137.JPEG
365,stable_diffusion_v_1_5,5841,GenImage_test/stable_diffusion_v_1_5/test/nature/ILSVRC2012_val_00024113.JPEG
365,stable_diffusion_v_1_5,5842,GenImage_test/stable_diffusion_v_1_5/test/ai/867_sdv5_00009.png
365,stable_diffusion_v_1_5,5843,GenImage_test/stable_diffusion_v_1_5/test/nature/ILSVRC2012_val_00006406.JPEG
366,stable_diffusion_v_1_5,5844,GenImage_test/stable_diffusion_v_1_5/test/ai/041_sdv5_00100.png
366,stable_diffusion_v_1_5,5845,GenImage_test/stable_diffusion_v_1_5/test/ai/564_sdv5_00027.png
366,stable_diffusion_v_1_5,5846,GenImage_test/stable_diffusion_v_1_5/test/nature/ILSVRC2012_val_00011782.JPEG
366,stable_diffusion_v_1_5,5847,GenImage_test/stable_diffusion_v_1_5/test/ai/155_sdv5_00027.png
366,stable_diffusion_v_1_5,5848,GenImage_test/stable_diffusion_v_1_5/test/ai/910_sdv5_00009.png
366,stable_diffusion_v_1_5,5849,GenImage_test/stable_diffusion_v_1_5/test/ai/781_sdv5_00135.png
366,stable_diffusion_v_1_5,5850,GenImage_test/stable_diffusion_v_1_5/test/nature/ILSVRC2012_val_00014072.JPEG
366,stable_diffusion_v_1_5,5851,GenImage_test/stable_diffusion_v_1_5/test/nature/ILSVRC2012_val_00011574.JPEG
366,stable_diffusion_v_1_5,5852,GenImage_test/stable_diffusion_v_1_5/test/nature/ILSVRC2012_val_00048471.JPEG
366,stable_diffusion_v_1_5,5853,GenImage_test/stable_diffusion_v_1_5/test/nature/ILSVRC2012_val_00024509.JPEG
366,stable_diffusion_v_1_5,5854,GenImage_test/stable_diffusion_v_1_5/test/ai/564_sdv5_00009.png
366,stable_diffusion_v_1_5,5855,GenImage_test/stable_diffusion_v_1_5/test/nature/ILSVRC2012_val_00013244.JPEG
366,stable_diffusion_v_1_5,5856,GenImage_test/stable_diffusion_v_1_5/test/nature/ILSVRC2012_val_00018595.JPEG
366,stable_diffusion_v_1_5,5857,GenImage_test/stable_diffusion_v_1_5/test/ai/347_sdv5_00100.png
366,stable_diffusion_v_1_5,5858,GenImage_test/stable_diffusion_v_1_5/test/ai/352_sdv5_00027.png
366,stable_diffusion_v_1_5,5859,GenImage_test/stable_diffusion_v_1_5/test/nature/ILSVRC2012_val_00025593.JPEG
367,stable_diffusion_v_1_5,5860,GenImage_test/stable_diffusion_v_1_5/test/ai/402_sdv5_00009.png
367,stable_diffusion_v_1_5,5861,GenImage_test/stable_diffusion_v_1_5/test/nature/ILSVRC2012_val_00022113.JPEG
367,stable_diffusion_v_1_5,5862,GenImage_test/stable_diffusion_v_1_5/test/nature/ILSVRC2012_val_00043166.JPEG
367,stable_diffusion_v_1_5,5863,GenImage_test/stable_diffusion_v_1_5/test/nature/ILSVRC2012_val_00041855.JPEG
367,stable_diffusion_v_1_5,5864,GenImage_test/stable_diffusion_v_1_5/test/ai/097_sdv5_00020.png
367,stable_diffusion_v_1_5,5865,GenImage_test/stable_diffusion_v_1_5/test/nature/ILSVRC2012_val_00020346.JPEG
367,stable_diffusion_v_1_5,5866,GenImage_test/stable_diffusion_v_1_5/test/nature/ILSVRC2012_val_00009837.JPEG
367,stable_diffusion_v_1_5,5867,GenImage_test/stable_diffusion_v_1_5/test/nature/ILSVRC2012_val_00030944.JPEG
367,stable_diffusion_v_1_5,5868,GenImage_test/stable_diffusion_v_1_5/test/ai/213_sdv5_00020.png
367,stable_diffusion_v_1_5,5869,GenImage_test/stable_diffusion_v_1_5/test/ai/593_sdv5_00135.png
367,stable_diffusion_v_1_5,5870,GenImage_test/stable_diffusion_v_1_5/test/ai/873_sdv5_00039.png
367,stable_diffusion_v_1_5,5871,GenImage_test/stable_diffusion_v_1_5/test/nature/ILSVRC2012_val_00041131.JPEG
367,stable_diffusion_v_1_5,5872,GenImage_test/stable_diffusion_v_1_5/test/ai/287_sdv5_00195.png
367,stable_diffusion_v_1_5,5873,GenImage_test/stable_diffusion_v_1_5/test/nature/ILSVRC2012_val_00005032.JPEG
367,stable_diffusion_v_1_5,5874,GenImage_test/stable_diffusion_v_1_5/test/nature/ILSVRC2012_val_00014869.JPEG
367,stable_diffusion_v_1_5,5875,GenImage_test/stable_diffusion_v_1_5/test/nature/ILSVRC2012_val_00040802.JPEG
368,stable_diffusion_v_1_5,5876,GenImage_test/stable_diffusion_v_1_5/test/ai/736_sdv5_00027.png
368,stable_diffusion_v_1_5,5877,GenImage_test/stable_diffusion_v_1_5/test/nature/ILSVRC2012_val_00000286.JPEG
368,stable_diffusion_v_1_5,5878,GenImage_test/stable_diffusion_v_1_5/test/nature/ILSVRC2012_val_00009645.JPEG
368,stable_diffusion_v_1_5,5879,GenImage_test/stable_diffusion_v_1_5/test/nature/ILSVRC2012_val_00006027.JPEG
368,stable_diffusion_v_1_5,5880,GenImage_test/stable_diffusion_v_1_5/test/ai/061_sdv5_00100.png
368,stable_diffusion_v_1_5,5881,GenImage_test/stable_diffusion_v_1_5/test/nature/ILSVRC2012_val_00010535.JPEG
368,stable_diffusion_v_1_5,5882,GenImage_test/stable_diffusion_v_1_5/test/ai/410_sdv5_00027.png
368,stable_diffusion_v_1_5,5883,GenImage_test/stable_diffusion_v_1_5/test/ai/783_sdv5_00195.png
368,stable_diffusion_v_1_5,5884,GenImage_test/stable_diffusion_v_1_5/test/nature/ILSVRC2012_val_00016131.JPEG
368,stable_diffusion_v_1_5,5885,GenImage_test/stable_diffusion_v_1_5/test/nature/ILSVRC2012_val_00042696.JPEG
368,stable_diffusion_v_1_5,5886,GenImage_test/stable_diffusion_v_1_5/test/ai/192_sdv5_00009.png
368,stable_diffusion_v_1_5,5887,GenImage_test/stable_diffusion_v_1_5/test/nature/ILSVRC2012_val_00036470.JPEG
368,stable_diffusion_v_1_5,5888,GenImage_test/stable_diffusion_v_1_5/test/ai/749_sdv5_00009.png
368,stable_diffusion_v_1_5,5889,GenImage_test/stable_diffusion_v_1_5/test/nature/ILSVRC2012_val_00022702.JPEG
368,stable_diffusion_v_1_5,5890,GenImage_test/stable_diffusion_v_1_5/test/ai/447_sdv5_00003.png
368,stable_diffusion_v_1_5,5891,GenImage_test/stable_diffusion_v_1_5/test/nature/ILSVRC2012_val_00014800.JPEG
369,stable_diffusion_v_1_5,5892,GenImage_test/stable_diffusion_v_1_5/test/nature/ILSVRC2012_val_00004228.JPEG
369,stable_diffusion_v_1_5,5893,GenImage_test/stable_diffusion_v_1_5/test/ai/940_sdv5_00027.png
369,stable_diffusion_v_1_5,5894,GenImage_test/stable_diffusion_v_1_5/test/nature/ILSVRC2012_val_00006352.JPEG
369,stable_diffusion_v_1_5,5895,GenImage_test/stable_diffusion_v_1_5/test/ai/202_sdv5_00003.png
369,stable_diffusion_v_1_5,5896,GenImage_test/stable_diffusion_v_1_5/test/ai/881_sdv5_00009.png
369,stable_diffusion_v_1_5,5897,GenImage_test/stable_diffusion_v_1_5/test/ai/143_sdv5_00009.png
369,stable_diffusion_v_1_5,5898,GenImage_test/stable_diffusion_v_1_5/test/nature/ILSVRC2012_val_00002356.JPEG
369,stable_diffusion_v_1_5,5899,GenImage_test/stable_diffusion_v_1_5/test/nature/ILSVRC2012_val_00034748.JPEG
369,stable_diffusion_v_1_5,5900,GenImage_test/stable_diffusion_v_1_5/test/ai/561_sdv5_00020.png
369,stable_diffusion_v_1_5,5901,GenImage_test/stable_diffusion_v_1_5/test/nature/ILSVRC2012_val_00047540.JPEG
369,stable_diffusion_v_1_5,5902,GenImage_test/stable_diffusion_v_1_5/test/ai/264_sdv5_00020.png
369,stable_diffusion_v_1_5,5903,GenImage_test/stable_diffusion_v_1_5/test/nature/ILSVRC2012_val_00023686.JPEG
369,stable_diffusion_v_1_5,5904,GenImage_test/stable_diffusion_v_1_5/test/ai/947_sdv5_00135.png
369,stable_diffusion_v_1_5,5905,GenImage_test/stable_diffusion_v_1_5/test/ai/337_sdv5_00009.png
369,stable_diffusion_v_1_5,5906,GenImage_test/stable_diffusion_v_1_5/test/nature/ILSVRC2012_val_00049385.JPEG
369,stable_diffusion_v_1_5,5907,GenImage_test/stable_diffusion_v_1_5/test/nature/ILSVRC2012_val_00014228.JPEG
370,stable_diffusion_v_1_5,5908,GenImage_test/stable_diffusion_v_1_5/test/nature/ILSVRC2012_val_00029088.JPEG
370,stable_diffusion_v_1_5,5909,GenImage_test/stable_diffusion_v_1_5/test/ai/502_sdv5_00039.png
370,stable_diffusion_v_1_5,5910,GenImage_test/stable_diffusion_v_1_5/test/ai/484_sdv5_00003.png
370,stable_diffusion_v_1_5,5911,GenImage_test/stable_diffusion_v_1_5/test/ai/618_sdv5_00100.png
370,stable_diffusion_v_1_5,5912,GenImage_test/stable_diffusion_v_1_5/test/ai/416_sdv5_00027.png
370,stable_diffusion_v_1_5,5913,GenImage_test/stable_diffusion_v_1_5/test/ai/442_sdv5_00039.png
370,stable_diffusion_v_1_5,5914,GenImage_test/stable_diffusion_v_1_5/test/ai/883_sdv5_00135.png
370,stable_diffusion_v_1_5,5915,GenImage_test/stable_diffusion_v_1_5/test/ai/183_sdv5_00027.png
370,stable_diffusion_v_1_5,5916,GenImage_test/stable_diffusion_v_1_5/test/ai/753_sdv5_00100.png
370,stable_diffusion_v_1_5,5917,GenImage_test/stable_diffusion_v_1_5/test/nature/ILSVRC2012_val_00006655.JPEG
370,stable_diffusion_v_1_5,5918,GenImage_test/stable_diffusion_v_1_5/test/nature/ILSVRC2012_val_00033746.JPEG
370,stable_diffusion_v_1_5,5919,GenImage_test/stable_diffusion_v_1_5/test/ai/458_sdv5_00027.png
370,stable_diffusion_v_1_5,5920,GenImage_test/stable_diffusion_v_1_5/test/ai/212_sdv5_00020.png
370,stable_diffusion_v_1_5,5921,GenImage_test/stable_diffusion_v_1_5/test/ai/941_sdv5_00020.png
370,stable_diffusion_v_1_5,5922,GenImage_test/stable_diffusion_v_1_5/test/nature/ILSVRC2012_val_00012339.JPEG
370,stable_diffusion_v_1_5,5923,GenImage_test/stable_diffusion_v_1_5/test/nature/ILSVRC2012_val_00008081.JPEG
371,stable_diffusion_v_1_5,5924,GenImage_test/stable_diffusion_v_1_5/test/nature/ILSVRC2012_val_00017730.JPEG
371,stable_diffusion_v_1_5,5925,GenImage_test/stable_diffusion_v_1_5/test/nature/ILSVRC2012_val_00025401.JPEG
371,stable_diffusion_v_1_5,5926,GenImage_test/stable_diffusion_v_1_5/test/nature/ILSVRC2012_val_00008567.JPEG
371,stable_diffusion_v_1_5,5927,GenImage_test/stable_diffusion_v_1_5/test/nature/ILSVRC2012_val_00027108.JPEG
371,stable_diffusion_v_1_5,5928,GenImage_test/stable_diffusion_v_1_5/test/ai/226_sdv5_00195.png
371,stable_diffusion_v_1_5,5929,GenImage_test/stable_diffusion_v_1_5/test/nature/ILSVRC2012_val_00043925.JPEG
371,stable_diffusion_v_1_5,5930,GenImage_test/stable_diffusion_v_1_5/test/ai/788_sdv5_00039.png
371,stable_diffusion_v_1_5,5931,GenImage_test/stable_diffusion_v_1_5/test/ai/015_sdv5_00135.png
371,stable_diffusion_v_1_5,5932,GenImage_test/stable_diffusion_v_1_5/test/nature/ILSVRC2012_val_00044738.JPEG
371,stable_diffusion_v_1_5,5933,GenImage_test/stable_diffusion_v_1_5/test/ai/741_sdv5_00020.png
371,stable_diffusion_v_1_5,5934,GenImage_test/stable_diffusion_v_1_5/test/nature/ILSVRC2012_val_00027317.JPEG
371,stable_diffusion_v_1_5,5935,GenImage_test/stable_diffusion_v_1_5/test/ai/468_sdv5_00020.png
371,stable_diffusion_v_1_5,5936,GenImage_test/stable_diffusion_v_1_5/test/nature/ILSVRC2012_val_00038586.JPEG
371,stable_diffusion_v_1_5,5937,GenImage_test/stable_diffusion_v_1_5/test/nature/ILSVRC2012_val_00007135.JPEG
371,stable_diffusion_v_1_5,5938,GenImage_test/stable_diffusion_v_1_5/test/ai/110_sdv5_00027.png
371,stable_diffusion_v_1_5,5939,GenImage_test/stable_diffusion_v_1_5/test/ai/100_sdv5_00027.png
372,stable_diffusion_v_1_5,5940,GenImage_test/stable_diffusion_v_1_5/test/nature/ILSVRC2012_val_00011634.JPEG
372,stable_diffusion_v_1_5,5941,GenImage_test/stable_diffusion_v_1_5/test/nature/ILSVRC2012_val_00036241.JPEG
372,stable_diffusion_v_1_5,5942,GenImage_test/stable_diffusion_v_1_5/test/ai/348_sdv5_00020.png
372,stable_diffusion_v_1_5,5943,GenImage_test/stable_diffusion_v_1_5/test/nature/ILSVRC2012_val_00020563.JPEG
372,stable_diffusion_v_1_5,5944,GenImage_test/stable_diffusion_v_1_5/test/nature/ILSVRC2012_val_00029948.JPEG
372,stable_diffusion_v_1_5,5945,GenImage_test/stable_diffusion_v_1_5/test/nature/ILSVRC2012_val_00014286.JPEG
372,stable_diffusion_v_1_5,5946,GenImage_test/stable_diffusion_v_1_5/test/nature/ILSVRC2012_val_00026381.JPEG
372,stable_diffusion_v_1_5,5947,GenImage_test/stable_diffusion_v_1_5/test/nature/ILSVRC2012_val_00047296.JPEG
372,stable_diffusion_v_1_5,5948,GenImage_test/stable_diffusion_v_1_5/test/ai/668_sdv5_00009.png
372,stable_diffusion_v_1_5,5949,GenImage_test/stable_diffusion_v_1_5/test/ai/553_sdv5_00009.png
372,stable_diffusion_v_1_5,5950,GenImage_test/stable_diffusion_v_1_5/test/ai/904_sdv5_00135.png
372,stable_diffusion_v_1_5,5951,GenImage_test/stable_diffusion_v_1_5/test/nature/ILSVRC2012_val_00023895.JPEG
372,stable_diffusion_v_1_5,5952,GenImage_test/stable_diffusion_v_1_5/test/nature/ILSVRC2012_val_00027369.JPEG
372,stable_diffusion_v_1_5,5953,GenImage_test/stable_diffusion_v_1_5/test/ai/197_sdv5_00020.png
372,stable_diffusion_v_1_5,5954,GenImage_test/stable_diffusion_v_1_5/test/nature/ILSVRC2012_val_00002662.JPEG
372,stable_diffusion_v_1_5,5955,GenImage_test/stable_diffusion_v_1_5/test/nature/ILSVRC2012_val_00033765.JPEG
373,stable_diffusion_v_1_5,5956,GenImage_test/stable_diffusion_v_1_5/test/nature/ILSVRC2012_val_00031380.JPEG
373,stable_diffusion_v_1_5,5957,GenImage_test/stable_diffusion_v_1_5/test/nature/ILSVRC2012_val_00003751.JPEG
373,stable_diffusion_v_1_5,5958,GenImage_test/stable_diffusion_v_1_5/test/ai/755_sdv5_00195.png
373,stable_diffusion_v_1_5,5959,GenImage_test/stable_diffusion_v_1_5/test/ai/905_sdv5_00003.png
373,stable_diffusion_v_1_5,5960,GenImage_test/stable_diffusion_v_1_5/test/nature/ILSVRC2012_val_00048209.JPEG
373,stable_diffusion_v_1_5,5961,GenImage_test/stable_diffusion_v_1_5/test/ai/558_sdv5_00039.png
373,stable_diffusion_v_1_5,5962,GenImage_test/stable_diffusion_v_1_5/test/nature/ILSVRC2012_val_00039244.JPEG
373,stable_diffusion_v_1_5,5963,GenImage_test/stable_diffusion_v_1_5/test/nature/ILSVRC2012_val_00048943.JPEG
373,stable_diffusion_v_1_5,5964,GenImage_test/stable_diffusion_v_1_5/test/ai/881_sdv5_00195.png
373,stable_diffusion_v_1_5,5965,GenImage_test/stable_diffusion_v_1_5/test/nature/ILSVRC2012_val_00000824.JPEG
373,stable_diffusion_v_1_5,5966,GenImage_test/stable_diffusion_v_1_5/test/nature/ILSVRC2012_val_00044408.JPEG
373,stable_diffusion_v_1_5,5967,GenImage_test/stable_diffusion_v_1_5/test/nature/ILSVRC2012_val_00040812.JPEG
373,stable_diffusion_v_1_5,5968,GenImage_test/stable_diffusion_v_1_5/test/ai/325_sdv5_00027.png
373,stable_diffusion_v_1_5,5969,GenImage_test/stable_diffusion_v_1_5/test/nature/ILSVRC2012_val_00025841.JPEG
373,stable_diffusion_v_1_5,5970,GenImage_test/stable_diffusion_v_1_5/test/nature/ILSVRC2012_val_00027268.JPEG
373,stable_diffusion_v_1_5,5971,GenImage_test/stable_diffusion_v_1_5/test/ai/543_sdv5_00009.png
374,stable_diffusion_v_1_5,5972,GenImage_test/stable_diffusion_v_1_5/test/ai/406_sdv5_00020.png
374,stable_diffusion_v_1_5,5973,GenImage_test/stable_diffusion_v_1_5/test/nature/ILSVRC2012_val_00027280.JPEG
374,stable_diffusion_v_1_5,5974,GenImage_test/stable_diffusion_v_1_5/test/ai/897_sdv5_00135.png
374,stable_diffusion_v_1_5,5975,GenImage_test/stable_diffusion_v_1_5/test/ai/519_sdv5_00135.png
374,stable_diffusion_v_1_5,5976,GenImage_test/stable_diffusion_v_1_5/test/nature/ILSVRC2012_val_00043697.JPEG
374,stable_diffusion_v_1_5,5977,GenImage_test/stable_diffusion_v_1_5/test/ai/888_sdv5_00135.png
374,stable_diffusion_v_1_5,5978,GenImage_test/stable_diffusion_v_1_5/test/nature/ILSVRC2012_val_00044929.JPEG
374,stable_diffusion_v_1_5,5979,GenImage_test/stable_diffusion_v_1_5/test/ai/473_sdv5_00020.png
374,stable_diffusion_v_1_5,5980,GenImage_test/stable_diffusion_v_1_5/test/ai/456_sdv5_00003.png
374,stable_diffusion_v_1_5,5981,GenImage_test/stable_diffusion_v_1_5/test/nature/ILSVRC2012_val_00001412.JPEG
374,stable_diffusion_v_1_5,5982,GenImage_test/stable_diffusion_v_1_5/test/nature/ILSVRC2012_val_00031669.JPEG
374,stable_diffusion_v_1_5,5983,GenImage_test/stable_diffusion_v_1_5/test/nature/ILSVRC2012_val_00016270.JPEG
374,stable_diffusion_v_1_5,5984,GenImage_test/stable_diffusion_v_1_5/test/ai/162_sdv5_00003.png
374,stable_diffusion_v_1_5,5985,GenImage_test/stable_diffusion_v_1_5/test/nature/ILSVRC2012_val_00028346.JPEG
374,stable_diffusion_v_1_5,5986,GenImage_test/stable_diffusion_v_1_5/test/ai/161_sdv5_00009.png
374,stable_diffusion_v_1_5,5987,GenImage_test/stable_diffusion_v_1_5/test/nature/ILSVRC2012_val_00049498.JPEG
375,stable_diffusion_v_1_5,5988,GenImage_test/stable_diffusion_v_1_5/test/ai/635_sdv5_00027.png
375,stable_diffusion_v_1_5,5989,GenImage_test/stable_diffusion_v_1_5/test/ai/763_sdv5_00003.png
375,stable_diffusion_v_1_5,5990,GenImage_test/stable_diffusion_v_1_5/test/nature/ILSVRC2012_val_00035457.JPEG
375,stable_diffusion_v_1_5,5991,GenImage_test/stable_diffusion_v_1_5/test/nature/ILSVRC2012_val_00029885.JPEG
375,stable_diffusion_v_1_5,5992,GenImage_test/stable_diffusion_v_1_5/test/ai/507_sdv5_00135.png
375,stable_diffusion_v_1_5,5993,GenImage_test/stable_diffusion_v_1_5/test/ai/966_sdv5_00135.png
375,stable_diffusion_v_1_5,5994,GenImage_test/stable_diffusion_v_1_5/test/nature/ILSVRC2012_val_00002418.JPEG
375,stable_diffusion_v_1_5,5995,GenImage_test/stable_diffusion_v_1_5/test/nature/ILSVRC2012_val_00008768.JPEG
375,stable_diffusion_v_1_5,5996,GenImage_test/stable_diffusion_v_1_5/test/nature/ILSVRC2012_val_00049625.JPEG
375,stable_diffusion_v_1_5,5997,GenImage_test/stable_diffusion_v_1_5/test/nature/ILSVRC2012_val_00009908.JPEG
375,stable_diffusion_v_1_5,5998,GenImage_test/stable_diffusion_v_1_5/test/ai/628_sdv5_00135.png
375,stable_diffusion_v_1_5,5999,GenImage_test/stable_diffusion_v_1_5/test/nature/ILSVRC2012_val_00007959.JPEG
376,VQDM,6000,GenImage_test/VQDM/test/ai/VQDM_1000_200_08_821_vqdm_00074.png
376,VQDM,6001,GenImage_test/VQDM/test/ai/VQDM_1000_200_07_758_vqdm_00143.png
376,VQDM,6002,GenImage_test/VQDM/test/nature/ILSVRC2012_val_00025129.JPEG
376,VQDM,6003,GenImage_test/VQDM/test/nature/ILSVRC2012_val_00045672.JPEG
376,VQDM,6004,GenImage_test/VQDM/test/ai/VQDM_1000_200_08_892_vqdm_00143.png
376,VQDM,6005,GenImage_test/VQDM/test/nature/ILSVRC2012_val_00045546.JPEG
376,VQDM,6006,GenImage_test/VQDM/test/ai/VQDM_1000_200_06_653_vqdm_00020.png
376,VQDM,6007,GenImage_test/VQDM/test/nature/ILSVRC2012_val_00013406.JPEG
376,VQDM,6008,GenImage_test/VQDM/test/ai/VQDM_1000_200_02_298_vqdm_00035.png
376,VQDM,6009,GenImage_test/VQDM/test/ai/VQDM_1000_200_00_025_vqdm_00020.png
376,VQDM,6010,GenImage_test/VQDM/test/nature/ILSVRC2012_val_00032616.JPEG
376,VQDM,6011,GenImage_test/VQDM/test/ai/VQDM_1000_200_06_623_vqdm_00020.png
376,VQDM,6012,GenImage_test/VQDM/test/ai/VQDM_1000_200_00_086_vqdm_00127.png
376,VQDM,6013,GenImage_test/VQDM/test/nature/ILSVRC2012_val_00030356.JPEG
376,VQDM,6014,GenImage_test/VQDM/test/nature/ILSVRC2012_val_00027566.JPEG
376,VQDM,6015,GenImage_test/VQDM/test/nature/ILSVRC2012_val_00002393.JPEG
377,VQDM,6016,GenImage_test/VQDM/test/ai/VQDM_1000_200_03_346_vqdm_00039.png
377,VQDM,6017,GenImage_test/VQDM/test/ai/VQDM_1000_200_03_385_vqdm_00127.png
377,VQDM,6018,GenImage_test/VQDM/test/nature/ILSVRC2012_val_00027669.JPEG
377,VQDM,6019,GenImage_test/VQDM/test/nature/ILSVRC2012_val_00027747.JPEG
377,VQDM,6020,GenImage_test/VQDM/test/ai/VQDM_1000_200_01_128_vqdm_00143.png
377,VQDM,6021,GenImage_test/VQDM/test/ai/VQDM_1000_200_08_805_vqdm_00074.png
377,VQDM,6022,GenImage_test/VQDM/test/nature/ILSVRC2012_val_00004876.JPEG
377,VQDM,6023,GenImage_test/VQDM/test/nature/ILSVRC2012_val_00046487.JPEG
377,VQDM,6024,GenImage_test/VQDM/test/nature/ILSVRC2012_val_00006999.JPEG
377,VQDM,6025,GenImage_test/VQDM/test/nature/ILSVRC2012_val_00038843.JPEG
377,VQDM,6026,GenImage_test/VQDM/test/ai/VQDM_1000_200_08_860_vqdm_00074.png
377,VQDM,6027,GenImage_test/VQDM/test/ai/VQDM_1000_200_05_500_vqdm_00143.png
377,VQDM,6028,GenImage_test/VQDM/test/ai/VQDM_1000_200_01_158_vqdm_00039.png
377,VQDM,6029,GenImage_test/VQDM/test/nature/ILSVRC2012_val_00025495.JPEG
377,VQDM,6030,GenImage_test/VQDM/test/ai/VQDM_1000_200_02_222_vqdm_00020.png
377,VQDM,6031,GenImage_test/VQDM/test/ai/VQDM_1000_200_01_101_vqdm_00143.png
378,VQDM,6032,GenImage_test/VQDM/test/ai/VQDM_1000_200_01_152_vqdm_00020.png
378,VQDM,6033,GenImage_test/VQDM/test/nature/ILSVRC2012_val_00049927.JPEG
378,VQDM,6034,GenImage_test/VQDM/test/nature/ILSVRC2012_val_00003261.JPEG
378,VQDM,6035,GenImage_test/VQDM/test/ai/VQDM_1000_200_04_464_vqdm_00127.png
378,VQDM,6036,GenImage_test/VQDM/test/nature/ILSVRC2012_val_00024492.JPEG
378,VQDM,6037,GenImage_test/VQDM/test/ai/VQDM_1000_200_04_407_vqdm_00020.png
378,VQDM,6038,GenImage_test/VQDM/test/nature/ILSVRC2012_val_00039513.JPEG
378,VQDM,6039,GenImage_test/VQDM/test/nature/ILSVRC2012_val_00038796.JPEG
378,VQDM,6040,GenImage_test/VQDM/test/nature/ILSVRC2012_val_00048394.JPEG
378,VQDM,6041,GenImage_test/VQDM/test/ai/VQDM_1000_200_08_858_vqdm_00020.png
378,VQDM,6042,GenImage_test/VQDM/test/ai/VQDM_1000_200_05_533_vqdm_00074.png
378,VQDM,6043,GenImage_test/VQDM/test/ai/VQDM_1000_200_01_171_vqdm_00039.png
378,VQDM,6044,GenImage_test/VQDM/test/nature/ILSVRC2012_val_00047239.JPEG
378,VQDM,6045,GenImage_test/VQDM/test/nature/ILSVRC2012_val_00023692.JPEG
378,VQDM,6046,GenImage_test/VQDM/test/nature/ILSVRC2012_val_00044739.JPEG
378,VQDM,6047,GenImage_test/VQDM/test/nature/ILSVRC2012_val_00019000.JPEG
379,VQDM,6048,GenImage_test/VQDM/test/ai/VQDM_1000_200_08_828_vqdm_00143.png
379,VQDM,6049,GenImage_test/VQDM/test/nature/ILSVRC2012_val_00007902.JPEG
379,VQDM,6050,GenImage_test/VQDM/test/nature/ILSVRC2012_val_00033945.JPEG
379,VQDM,6051,GenImage_test/VQDM/test/nature/ILSVRC2012_val_00015209.JPEG
379,VQDM,6052,GenImage_test/VQDM/test/nature/ILSVRC2012_val_00013205.JPEG
379,VQDM,6053,GenImage_test/VQDM/test/ai/VQDM_1000_200_07_751_vqdm_00074.png
379,VQDM,6054,GenImage_test/VQDM/test/ai/VQDM_1000_200_04_495_vqdm_00074.png
379,VQDM,6055,GenImage_test/VQDM/test/ai/VQDM_1000_200_00_092_vqdm_00039.png
379,VQDM,6056,GenImage_test/VQDM/test/nature/ILSVRC2012_val_00017194.JPEG
379,VQDM,6057,GenImage_test/VQDM/test/ai/VQDM_1000_200_01_131_vqdm_00020.png
379,VQDM,6058,GenImage_test/VQDM/test/ai/VQDM_1000_200_00_039_vqdm_00074.png
379,VQDM,6059,GenImage_test/VQDM/test/nature/ILSVRC2012_val_00030261.JPEG
379,VQDM,6060,GenImage_test/VQDM/test/ai/VQDM_1000_200_03_395_vqdm_00039.png
379,VQDM,6061,GenImage_test/VQDM/test/ai/VQDM_1000_200_08_839_vqdm_00127.png
379,VQDM,6062,GenImage_test/VQDM/test/ai/VQDM_1000_200_09_923_vqdm_00127.png
379,VQDM,6063,GenImage_test/VQDM/test/nature/ILSVRC2012_val_00006804.JPEG
380,VQDM,6064,GenImage_test/VQDM/test/ai/VQDM_1000_200_04_499_vqdm_00039.png
380,VQDM,6065,GenImage_test/VQDM/test/nature/ILSVRC2012_val_00008229.JPEG
380,VQDM,6066,GenImage_test/VQDM/test/ai/VQDM_1000_200_05_545_vqdm_00143.png
380,VQDM,6067,GenImage_test/VQDM/test/ai/VQDM_1000_200_05_510_vqdm_00039.png
380,VQDM,6068,GenImage_test/VQDM/test/nature/ILSVRC2012_val_00029442.JPEG
380,VQDM,6069,GenImage_test/VQDM/test/nature/ILSVRC2012_val_00049069.JPEG
380,VQDM,6070,GenImage_test/VQDM/test/nature/ILSVRC2012_val_00034184.JPEG
380,VQDM,6071,GenImage_test/VQDM/test/ai/VQDM_1000_200_07_792_vqdm_00039.png
380,VQDM,6072,GenImage_test/VQDM/test/nature/ILSVRC2012_val_00022472.JPEG
380,VQDM,6073,GenImage_test/VQDM/test/nature/ILSVRC2012_val_00027912.JPEG
380,VQDM,6074,GenImage_test/VQDM/test/nature/ILSVRC2012_val_00005323.JPEG
380,VQDM,6075,GenImage_test/VQDM/test/ai/VQDM_1000_200_06_604_vqdm_00035.png
380,VQDM,6076,GenImage_test/VQDM/test/nature/ILSVRC2012_val_00036921.JPEG
380,VQDM,6077,GenImage_test/VQDM/test/ai/VQDM_1000_200_03_324_vqdm_00020.png
380,VQDM,6078,GenImage_test/VQDM/test/ai/VQDM_1000_200_04_438_vqdm_00020.png
380,VQDM,6079,GenImage_test/VQDM/test/nature/ILSVRC2012_val_00008051.JPEG
381,VQDM,6080,GenImage_test/VQDM/test/ai/VQDM_1000_200_04_451_vqdm_00035.png
381,VQDM,6081,GenImage_test/VQDM/test/ai/VQDM_1000_200_02_289_vqdm_00039.png
381,VQDM,6082,GenImage_test/VQDM/test/nature/ILSVRC2012_val_00043088.JPEG
381,VQDM,6083,GenImage_test/VQDM/test/nature/ILSVRC2012_val_00034948.JPEG
381,VQDM,6084,GenImage_test/VQDM/test/ai/VQDM_1000_200_00_013_vqdm_00020.png
381,VQDM,6085,GenImage_test/VQDM/test/ai/VQDM_1000_200_03_380_vqdm_00074.png
381,VQDM,6086,GenImage_test/VQDM/test/ai/VQDM_1000_200_02_245_vqdm_00127.png
381,VQDM,6087,GenImage_test/VQDM/test/nature/ILSVRC2012_val_00005026.JPEG
381,VQDM,6088,GenImage_test/VQDM/test/nature/ILSVRC2012_val_00025516.JPEG
381,VQDM,6089,GenImage_test/VQDM/test/ai/VQDM_1000_200_08_825_vqdm_00020.png
381,VQDM,6090,GenImage_test/VQDM/test/ai/VQDM_1000_200_04_442_vqdm_00020.png
381,VQDM,6091,GenImage_test/VQDM/test/ai/VQDM_1000_200_06_618_vqdm_00020.png
381,VQDM,6092,GenImage_test/VQDM/test/ai/VQDM_1000_200_03_379_vqdm_00143.png
381,VQDM,6093,GenImage_test/VQDM/test/nature/ILSVRC2012_val_00008690.JPEG
381,VQDM,6094,GenImage_test/VQDM/test/ai/VQDM_1000_200_05_540_vqdm_00039.png
381,VQDM,6095,GenImage_test/VQDM/test/nature/ILSVRC2012_val_00001619.JPEG
382,VQDM,6096,GenImage_test/VQDM/test/nature/ILSVRC2012_val_00041608.JPEG
382,VQDM,6097,GenImage_test/VQDM/test/ai/VQDM_1000_200_04_490_vqdm_00035.png
382,VQDM,6098,GenImage_test/VQDM/test/nature/ILSVRC2012_val_00019927.JPEG
382,VQDM,6099,GenImage_test/VQDM/test/nature/ILSVRC2012_val_00046837.JPEG
382,VQDM,6100,GenImage_test/VQDM/test/nature/ILSVRC2012_val_00002616.JPEG
382,VQDM,6101,GenImage_test/VQDM/test/ai/VQDM_1000_200_04_400_vqdm_00035.png
382,VQDM,6102,GenImage_test/VQDM/test/ai/VQDM_1000_200_00_021_vqdm_00035.png
382,VQDM,6103,GenImage_test/VQDM/test/nature/ILSVRC2012_val_00034409.JPEG
382,VQDM,6104,GenImage_test/VQDM/test/nature/ILSVRC2012_val_00016747.JPEG
382,VQDM,6105,GenImage_test/VQDM/test/ai/VQDM_1000_200_00_075_vqdm_00020.png
382,VQDM,6106,GenImage_test/VQDM/test/nature/ILSVRC2012_val_00024212.JPEG
382,VQDM,6107,GenImage_test/VQDM/test/nature/ILSVRC2012_val_00021274.JPEG
382,VQDM,6108,GenImage_test/VQDM/test/nature/ILSVRC2012_val_00040359.JPEG
382,VQDM,6109,GenImage_test/VQDM/test/ai/VQDM_1000_200_04_419_vqdm_00074.png
382,VQDM,6110,GenImage_test/VQDM/test/nature/ILSVRC2012_val_00041976.JPEG
382,VQDM,6111,GenImage_test/VQDM/test/ai/VQDM_1000_200_03_381_vqdm_00039.png
383,VQDM,6112,GenImage_test/VQDM/test/nature/ILSVRC2012_val_00012239.JPEG
383,VQDM,6113,GenImage_test/VQDM/test/nature/ILSVRC2012_val_00020465.JPEG
383,VQDM,6114,GenImage_test/VQDM/test/ai/VQDM_1000_200_03_386_vqdm_00039.png
383,VQDM,6115,GenImage_test/VQDM/test/ai/VQDM_1000_200_00_097_vqdm_00035.png
383,VQDM,6116,GenImage_test/VQDM/test/nature/ILSVRC2012_val_00044896.JPEG
383,VQDM,6117,GenImage_test/VQDM/test/nature/ILSVRC2012_val_00047744.JPEG
383,VQDM,6118,GenImage_test/VQDM/test/ai/VQDM_1000_200_00_039_vqdm_00127.png
383,VQDM,6119,GenImage_test/VQDM/test/ai/VQDM_1000_200_03_314_vqdm_00020.png
383,VQDM,6120,GenImage_test/VQDM/test/ai/VQDM_1000_200_00_074_vqdm_00143.png
383,VQDM,6121,GenImage_test/VQDM/test/ai/VQDM_1000_200_07_758_vqdm_00035.png
383,VQDM,6122,GenImage_test/VQDM/test/nature/ILSVRC2012_val_00028250.JPEG
383,VQDM,6123,GenImage_test/VQDM/test/nature/ILSVRC2012_val_00034682.JPEG
383,VQDM,6124,GenImage_test/VQDM/test/ai/VQDM_1000_200_02_280_vqdm_00127.png
383,VQDM,6125,GenImage_test/VQDM/test/ai/VQDM_1000_200_07_767_vqdm_00035.png
383,VQDM,6126,GenImage_test/VQDM/test/ai/VQDM_1000_200_09_945_vqdm_00127.png
383,VQDM,6127,GenImage_test/VQDM/test/ai/VQDM_1000_200_04_481_vqdm_00143.png
384,VQDM,6128,GenImage_test/VQDM/test/nature/ILSVRC2012_val_00040076.JPEG
384,VQDM,6129,GenImage_test/VQDM/test/ai/VQDM_1000_200_01_191_vqdm_00039.png
384,VQDM,6130,GenImage_test/VQDM/test/nature/ILSVRC2012_val_00028808.JPEG
384,VQDM,6131,GenImage_test/VQDM/test/ai/VQDM_1000_200_01_166_vqdm_00143.png
384,VQDM,6132,GenImage_test/VQDM/test/ai/VQDM_1000_200_06_615_vqdm_00143.png
384,VQDM,6133,GenImage_test/VQDM/test/ai/VQDM_1000_200_04_497_vqdm_00127.png
384,VQDM,6134,GenImage_test/VQDM/test/ai/VQDM_1000_200_07_767_vqdm_00143.png
384,VQDM,6135,GenImage_test/VQDM/test/ai/VQDM_1000_200_05_552_vqdm_00127.png
384,VQDM,6136,GenImage_test/VQDM/test/ai/VQDM_1000_200_08_852_vqdm_00074.png
384,VQDM,6137,GenImage_test/VQDM/test/nature/ILSVRC2012_val_00042889.JPEG
384,VQDM,6138,GenImage_test/VQDM/test/nature/ILSVRC2012_val_00033505.JPEG
384,VQDM,6139,GenImage_test/VQDM/test/ai/VQDM_1000_200_06_668_vqdm_00035.png
384,VQDM,6140,GenImage_test/VQDM/test/ai/VQDM_1000_200_05_542_vqdm_00039.png
384,VQDM,6141,GenImage_test/VQDM/test/ai/VQDM_1000_200_09_922_vqdm_00035.png
384,VQDM,6142,GenImage_test/VQDM/test/nature/ILSVRC2012_val_00048396.JPEG
384,VQDM,6143,GenImage_test/VQDM/test/nature/ILSVRC2012_val_00019758.JPEG
385,VQDM,6144,GenImage_test/VQDM/test/ai/VQDM_1000_200_00_049_vqdm_00039.png
385,VQDM,6145,GenImage_test/VQDM/test/nature/ILSVRC2012_val_00024876.JPEG
385,VQDM,6146,GenImage_test/VQDM/test/nature/ILSVRC2012_val_00040309.JPEG
385,VQDM,6147,GenImage_test/VQDM/test/nature/ILSVRC2012_val_00038649.JPEG
385,VQDM,6148,GenImage_test/VQDM/test/nature/ILSVRC2012_val_00044615.JPEG
385,VQDM,6149,GenImage_test/VQDM/test/ai/VQDM_1000_200_00_063_vqdm_00020.png
385,VQDM,6150,GenImage_test/VQDM/test/ai/VQDM_1000_200_05_571_vqdm_00143.png
385,VQDM,6151,GenImage_test/VQDM/test/nature/ILSVRC2012_val_00011740.JPEG
385,VQDM,6152,GenImage_test/VQDM/test/ai/VQDM_1000_200_07_743_vqdm_00039.png
385,VQDM,6153,GenImage_test/VQDM/test/nature/ILSVRC2012_val_00015426.JPEG
385,VQDM,6154,GenImage_test/VQDM/test/ai/VQDM_1000_200_05_529_vqdm_00127.png
385,VQDM,6155,GenImage_test/VQDM/test/nature/ILSVRC2012_val_00032055.JPEG
385,VQDM,6156,GenImage_test/VQDM/test/nature/ILSVRC2012_val_00032527.JPEG
385,VQDM,6157,GenImage_test/VQDM/test/nature/ILSVRC2012_val_00000238.JPEG
385,VQDM,6158,GenImage_test/VQDM/test/nature/ILSVRC2012_val_00028864.JPEG
385,VQDM,6159,GenImage_test/VQDM/test/nature/ILSVRC2012_val_00033864.JPEG
386,VQDM,6160,GenImage_test/VQDM/test/nature/ILSVRC2012_val_00047933.JPEG
386,VQDM,6161,GenImage_test/VQDM/test/nature/ILSVRC2012_val_00028613.JPEG
386,VQDM,6162,GenImage_test/VQDM/test/ai/VQDM_1000_200_02_259_vqdm_00143.png
386,VQDM,6163,GenImage_test/VQDM/test/ai/VQDM_1000_200_06_609_vqdm_00127.png
386,VQDM,6164,GenImage_test/VQDM/test/nature/ILSVRC2012_val_00012703.JPEG
386,VQDM,6165,GenImage_test/VQDM/test/ai/VQDM_1000_200_08_820_vqdm_00020.png
386,VQDM,6166,GenImage_test/VQDM/test/ai/VQDM_1000_200_01_109_vqdm_00035.png
386,VQDM,6167,GenImage_test/VQDM/test/nature/ILSVRC2012_val_00018508.JPEG
386,VQDM,6168,GenImage_test/VQDM/test/nature/ILSVRC2012_val_00044509.JPEG
386,VQDM,6169,GenImage_test/VQDM/test/ai/VQDM_1000_200_03_330_vqdm_00039.png
386,VQDM,6170,GenImage_test/VQDM/test/nature/ILSVRC2012_val_00007132.JPEG
386,VQDM,6171,GenImage_test/VQDM/test/nature/ILSVRC2012_val_00018302.JPEG
386,VQDM,6172,GenImage_test/VQDM/test/ai/VQDM_1000_200_09_940_vqdm_00020.png
386,VQDM,6173,GenImage_test/VQDM/test/ai/VQDM_1000_200_00_032_vqdm_00127.png
386,VQDM,6174,GenImage_test/VQDM/test/nature/ILSVRC2012_val_00017985.JPEG
386,VQDM,6175,GenImage_test/VQDM/test/nature/ILSVRC2012_val_00044740.JPEG
387,VQDM,6176,GenImage_test/VQDM/test/nature/ILSVRC2012_val_00033661.JPEG
387,VQDM,6177,GenImage_test/VQDM/test/nature/ILSVRC2012_val_00046451.JPEG
387,VQDM,6178,GenImage_test/VQDM/test/ai/VQDM_1000_200_02_277_vqdm_00020.png
387,VQDM,6179,GenImage_test/VQDM/test/nature/ILSVRC2012_val_00042470.JPEG
387,VQDM,6180,GenImage_test/VQDM/test/ai/VQDM_1000_200_00_047_vqdm_00143.png
387,VQDM,6181,GenImage_test/VQDM/test/ai/VQDM_1000_200_07_723_vqdm_00127.png
387,VQDM,6182,GenImage_test/VQDM/test/nature/ILSVRC2012_val_00016199.JPEG
387,VQDM,6183,GenImage_test/VQDM/test/ai/VQDM_1000_200_01_192_vqdm_00020.png
387,VQDM,6184,GenImage_test/VQDM/test/nature/ILSVRC2012_val_00038841.JPEG
387,VQDM,6185,GenImage_test/VQDM/test/ai/VQDM_1000_200_09_913_vqdm_00039.png
387,VQDM,6186,GenImage_test/VQDM/test/ai/VQDM_1000_200_09_977_vqdm_00143.png
387,VQDM,6187,GenImage_test/VQDM/test/ai/VQDM_1000_200_06_618_vqdm_00143.png
387,VQDM,6188,GenImage_test/VQDM/test/ai/VQDM_1000_200_07_754_vqdm_00039.png
387,VQDM,6189,GenImage_test/VQDM/test/ai/VQDM_1000_200_09_907_vqdm_00020.png
387,VQDM,6190,GenImage_test/VQDM/test/nature/ILSVRC2012_val_00024321.JPEG
387,VQDM,6191,GenImage_test/VQDM/test/nature/ILSVRC2012_val_00033182.JPEG
388,VQDM,6192,GenImage_test/VQDM/test/nature/ILSVRC2012_val_00033136.JPEG
388,VQDM,6193,GenImage_test/VQDM/test/ai/VQDM_1000_200_07_718_vqdm_00143.png
388,VQDM,6194,GenImage_test/VQDM/test/ai/VQDM_1000_200_08_833_vqdm_00127.png
388,VQDM,6195,GenImage_test/VQDM/test/ai/VQDM_1000_200_01_128_vqdm_00074.png
388,VQDM,6196,GenImage_test/VQDM/test/ai/VQDM_1000_200_07_705_vqdm_00020.png
388,VQDM,6197,GenImage_test/VQDM/test/nature/ILSVRC2012_val_00008562.JPEG
388,VQDM,6198,GenImage_test/VQDM/test/nature/ILSVRC2012_val_00044030.JPEG
388,VQDM,6199,GenImage_test/VQDM/test/nature/ILSVRC2012_val_00022449.JPEG
388,VQDM,6200,GenImage_test/VQDM/test/ai/VQDM_1000_200_08_872_vqdm_00143.png
388,VQDM,6201,GenImage_test/VQDM/test/ai/VQDM_1000_200_05_523_vqdm_00020.png
388,VQDM,6202,GenImage_test/VQDM/test/nature/ILSVRC2012_val_00016732.JPEG
388,VQDM,6203,GenImage_test/VQDM/test/ai/VQDM_1000_200_07_791_vqdm_00127.png
388,VQDM,6204,GenImage_test/VQDM/test/ai/VQDM_1000_200_07_708_vqdm_00039.png
388,VQDM,6205,GenImage_test/VQDM/test/ai/VQDM_1000_200_07_759_vqdm_00020.png
388,VQDM,6206,GenImage_test/VQDM/test/nature/ILSVRC2012_val_00018360.JPEG
388,VQDM,6207,GenImage_test/VQDM/test/ai/VQDM_1000_200_07_761_vqdm_00143.png
389,VQDM,6208,GenImage_test/VQDM/test/ai/VQDM_1000_200_06_635_vqdm_00035.png
389,VQDM,6209,GenImage_test/VQDM/test/nature/ILSVRC2012_val_00049517.JPEG
389,VQDM,6210,GenImage_test/VQDM/test/nature/ILSVRC2012_val_00038111.JPEG
389,VQDM,6211,GenImage_test/VQDM/test/ai/VQDM_1000_200_05_598_vqdm_00020.png
389,VQDM,6212,GenImage_test/VQDM/test/nature/ILSVRC2012_val_00045009.JPEG
389,VQDM,6213,GenImage_test/VQDM/test/nature/ILSVRC2012_val_00015471.JPEG
389,VQDM,6214,GenImage_test/VQDM/test/ai/VQDM_1000_200_08_821_vqdm_00143.png
389,VQDM,6215,GenImage_test/VQDM/test/ai/VQDM_1000_200_00_003_vqdm_00035.png
389,VQDM,6216,GenImage_test/VQDM/test/ai/VQDM_1000_200_00_074_vqdm_00127.png
389,VQDM,6217,GenImage_test/VQDM/test/ai/VQDM_1000_200_06_623_vqdm_00039.png
389,VQDM,6218,GenImage_test/VQDM/test/nature/ILSVRC2012_val_00000463.JPEG
389,VQDM,6219,GenImage_test/VQDM/test/ai/VQDM_1000_200_01_138_vqdm_00035.png
389,VQDM,6220,GenImage_test/VQDM/test/nature/ILSVRC2012_val_00032702.JPEG
389,VQDM,6221,GenImage_test/VQDM/test/nature/ILSVRC2012_val_00034977.JPEG
389,VQDM,6222,GenImage_test/VQDM/test/ai/VQDM_1000_200_04_429_vqdm_00039.png
389,VQDM,6223,GenImage_test/VQDM/test/ai/VQDM_1000_200_06_650_vqdm_00127.png
390,VQDM,6224,GenImage_test/VQDM/test/nature/ILSVRC2012_val_00005669.JPEG
390,VQDM,6225,GenImage_test/VQDM/test/nature/ILSVRC2012_val_00044438.JPEG
390,VQDM,6226,GenImage_test/VQDM/test/nature/ILSVRC2012_val_00034274.JPEG
390,VQDM,6227,GenImage_test/VQDM/test/nature/ILSVRC2012_val_00038220.JPEG
390,VQDM,6228,GenImage_test/VQDM/test/ai/VQDM_1000_200_09_905_vqdm_00127.png
390,VQDM,6229,GenImage_test/VQDM/test/nature/ILSVRC2012_val_00040612.JPEG
390,VQDM,6230,GenImage_test/VQDM/test/ai/VQDM_1000_200_06_625_vqdm_00127.png
390,VQDM,6231,GenImage_test/VQDM/test/ai/VQDM_1000_200_08_832_vqdm_00127.png
390,VQDM,6232,GenImage_test/VQDM/test/ai/VQDM_1000_200_06_608_vqdm_00020.png
390,VQDM,6233,GenImage_test/VQDM/test/ai/VQDM_1000_200_05_515_vqdm_00074.png
390,VQDM,6234,GenImage_test/VQDM/test/ai/VQDM_1000_200_00_094_vqdm_00074.png
390,VQDM,6235,GenImage_test/VQDM/test/nature/ILSVRC2012_val_00047916.JPEG
390,VQDM,6236,GenImage_test/VQDM/test/nature/ILSVRC2012_val_00021715.JPEG
390,VQDM,6237,GenImage_test/VQDM/test/nature/ILSVRC2012_val_00022346.JPEG
390,VQDM,6238,GenImage_test/VQDM/test/ai/VQDM_1000_200_03_315_vqdm_00039.png
390,VQDM,6239,GenImage_test/VQDM/test/ai/VQDM_1000_200_05_562_vqdm_00143.png
391,VQDM,6240,GenImage_test/VQDM/test/nature/ILSVRC2012_val_00021493.JPEG
391,VQDM,6241,GenImage_test/VQDM/test/nature/ILSVRC2012_val_00022822.JPEG
391,VQDM,6242,GenImage_test/VQDM/test/ai/VQDM_1000_200_04_465_vqdm_00127.png
391,VQDM,6243,GenImage_test/VQDM/test/nature/ILSVRC2012_val_00034140.JPEG
391,VQDM,6244,GenImage_test/VQDM/test/ai/VQDM_1000_200_05_557_vqdm_00074.png
391,VQDM,6245,GenImage_test/VQDM/test/ai/VQDM_1000_200_02_221_vqdm_00074.png
391,VQDM,6246,GenImage_test/VQDM/test/nature/ILSVRC2012_val_00014064.JPEG
391,VQDM,6247,GenImage_test/VQDM/test/nature/ILSVRC2012_val_00016665.JPEG
391,VQDM,6248,GenImage_test/VQDM/test/nature/ILSVRC2012_val_00049317.JPEG
391,VQDM,6249,GenImage_test/VQDM/test/nature/ILSVRC2012_val_00031000.JPEG
391,VQDM,6250,GenImage_test/VQDM/test/nature/ILSVRC2012_val_00040026.JPEG
391,VQDM,6251,GenImage_test/VQDM/test/nature/ILSVRC2012_val_00019050.JPEG
391,VQDM,6252,GenImage_test/VQDM/test/ai/VQDM_1000_200_02_289_vqdm_00020.png
391,VQDM,6253,GenImage_test/VQDM/test/nature/ILSVRC2012_val_00026289.JPEG
391,VQDM,6254,GenImage_test/VQDM/test/ai/VQDM_1000_200_07_799_vqdm_00020.png
391,VQDM,6255,GenImage_test/VQDM/test/nature/ILSVRC2012_val_00048610.JPEG
392,VQDM,6256,GenImage_test/VQDM/test/nature/ILSVRC2012_val_00049125.JPEG
392,VQDM,6257,GenImage_test/VQDM/test/nature/ILSVRC2012_val_00044696.JPEG
392,VQDM,6258,GenImage_test/VQDM/test/nature/ILSVRC2012_val_00028615.JPEG
392,VQDM,6259,GenImage_test/VQDM/test/ai/VQDM_1000_200_02_241_vqdm_00020.png
392,VQDM,6260,GenImage_test/VQDM/test/ai/VQDM_1000_200_06_628_vqdm_00035.png
392,VQDM,6261,GenImage_test/VQDM/test/ai/VQDM_1000_200_04_492_vqdm_00020.png
392,VQDM,6262,GenImage_test/VQDM/test/ai/VQDM_1000_200_01_192_vqdm_00127.png
392,VQDM,6263,GenImage_test/VQDM/test/nature/ILSVRC2012_val_00005779.JPEG
392,VQDM,6264,GenImage_test/VQDM/test/ai/VQDM_1000_200_04_451_vqdm_00074.png
392,VQDM,6265,GenImage_test/VQDM/test/ai/VQDM_1000_200_02_217_vqdm_00143.png
392,VQDM,6266,GenImage_test/VQDM/test/ai/VQDM_1000_200_04_454_vqdm_00127.png
392,VQDM,6267,GenImage_test/VQDM/test/nature/ILSVRC2012_val_00026241.JPEG
392,VQDM,6268,GenImage_test/VQDM/test/nature/ILSVRC2012_val_00010767.JPEG
392,VQDM,6269,GenImage_test/VQDM/test/ai/VQDM_1000_200_07_739_vqdm_00020.png
392,VQDM,6270,GenImage_test/VQDM/test/ai/VQDM_1000_200_06_668_vqdm_00127.png
392,VQDM,6271,GenImage_test/VQDM/test/nature/ILSVRC2012_val_00021926.JPEG
393,VQDM,6272,GenImage_test/VQDM/test/nature/ILSVRC2012_val_00038269.JPEG
393,VQDM,6273,GenImage_test/VQDM/test/nature/ILSVRC2012_val_00022605.JPEG
393,VQDM,6274,GenImage_test/VQDM/test/nature/ILSVRC2012_val_00048563.JPEG
393,VQDM,6275,GenImage_test/VQDM/test/nature/ILSVRC2012_val_00000384.JPEG
393,VQDM,6276,GenImage_test/VQDM/test/nature/ILSVRC2012_val_00031161.JPEG
393,VQDM,6277,GenImage_test/VQDM/test/ai/VQDM_1000_200_01_184_vqdm_00035.png
393,VQDM,6278,GenImage_test/VQDM/test/ai/VQDM_1000_200_06_676_vqdm_00020.png
393,VQDM,6279,GenImage_test/VQDM/test/ai/VQDM_1000_200_08_866_vqdm_00074.png
393,VQDM,6280,GenImage_test/VQDM/test/nature/ILSVRC2012_val_00046644.JPEG
393,VQDM,6281,GenImage_test/VQDM/test/ai/VQDM_1000_200_09_980_vqdm_00039.png
393,VQDM,6282,GenImage_test/VQDM/test/ai/VQDM_1000_200_06_633_vqdm_00035.png
393,VQDM,6283,GenImage_test/VQDM/test/ai/VQDM_1000_200_05_544_vqdm_00039.png
393,VQDM,6284,GenImage_test/VQDM/test/ai/VQDM_1000_200_03_337_vqdm_00074.png
393,VQDM,6285,GenImage_test/VQDM/test/nature/ILSVRC2012_val_00037255.JPEG
393,VQDM,6286,GenImage_test/VQDM/test/nature/ILSVRC2012_val_00038550.JPEG
393,VQDM,6287,GenImage_test/VQDM/test/nature/ILSVRC2012_val_00043582.JPEG
394,VQDM,6288,GenImage_test/VQDM/test/ai/VQDM_1000_200_04_412_vqdm_00035.png
394,VQDM,6289,GenImage_test/VQDM/test/ai/VQDM_1000_200_04_413_vqdm_00020.png
394,VQDM,6290,GenImage_test/VQDM/test/nature/ILSVRC2012_val_00009868.JPEG
394,VQDM,6291,GenImage_test/VQDM/test/nature/ILSVRC2012_val_00029469.JPEG
394,VQDM,6292,GenImage_test/VQDM/test/ai/VQDM_1000_200_02_269_vqdm_00035.png
394,VQDM,6293,GenImage_test/VQDM/test/ai/VQDM_1000_200_01_109_vqdm_00127.png
394,VQDM,6294,GenImage_test/VQDM/test/nature/ILSVRC2012_val_00042548.JPEG
394,VQDM,6295,GenImage_test/VQDM/test/ai/VQDM_1000_200_02_266_vqdm_00143.png
394,VQDM,6296,GenImage_test/VQDM/test/nature/ILSVRC2012_val_00013873.JPEG
394,VQDM,6297,GenImage_test/VQDM/test/ai/VQDM_1000_200_02_256_vqdm_00035.png
394,VQDM,6298,GenImage_test/VQDM/test/nature/ILSVRC2012_val_00009831.JPEG
394,VQDM,6299,GenImage_test/VQDM/test/ai/VQDM_1000_200_01_138_vqdm_00143.png
394,VQDM,6300,GenImage_test/VQDM/test/ai/VQDM_1000_200_09_971_vqdm_00143.png
394,VQDM,6301,GenImage_test/VQDM/test/ai/VQDM_1000_200_05_518_vqdm_00020.png
394,VQDM,6302,GenImage_test/VQDM/test/ai/VQDM_1000_200_06_670_vqdm_00074.png
394,VQDM,6303,GenImage_test/VQDM/test/nature/ILSVRC2012_val_00036079.JPEG
395,VQDM,6304,GenImage_test/VQDM/test/nature/ILSVRC2012_val_00005326.JPEG
395,VQDM,6305,GenImage_test/VQDM/test/ai/VQDM_1000_200_09_963_vqdm_00127.png
395,VQDM,6306,GenImage_test/VQDM/test/ai/VQDM_1000_200_05_508_vqdm_00127.png
395,VQDM,6307,GenImage_test/VQDM/test/nature/ILSVRC2012_val_00010004.JPEG
395,VQDM,6308,GenImage_test/VQDM/test/ai/VQDM_1000_200_02_220_vqdm_00143.png
395,VQDM,6309,GenImage_test/VQDM/test/ai/VQDM_1000_200_03_373_vqdm_00039.png
395,VQDM,6310,GenImage_test/VQDM/test/ai/VQDM_1000_200_04_402_vqdm_00127.png
395,VQDM,6311,GenImage_test/VQDM/test/ai/VQDM_1000_200_01_110_vqdm_00039.png
395,VQDM,6312,GenImage_test/VQDM/test/ai/VQDM_1000_200_05_524_vqdm_00143.png
395,VQDM,6313,GenImage_test/VQDM/test/ai/VQDM_1000_200_01_123_vqdm_00074.png
395,VQDM,6314,GenImage_test/VQDM/test/nature/ILSVRC2012_val_00032581.JPEG
395,VQDM,6315,GenImage_test/VQDM/test/nature/ILSVRC2012_val_00018590.JPEG
395,VQDM,6316,GenImage_test/VQDM/test/nature/ILSVRC2012_val_00048745.JPEG
395,VQDM,6317,GenImage_test/VQDM/test/nature/ILSVRC2012_val_00011987.JPEG
395,VQDM,6318,GenImage_test/VQDM/test/ai/VQDM_1000_200_02_224_vqdm_00127.png
395,VQDM,6319,GenImage_test/VQDM/test/ai/VQDM_1000_200_09_987_vqdm_00143.png
396,VQDM,6320,GenImage_test/VQDM/test/nature/ILSVRC2012_val_00029335.JPEG
396,VQDM,6321,GenImage_test/VQDM/test/ai/VQDM_1000_200_01_105_vqdm_00074.png
396,VQDM,6322,GenImage_test/VQDM/test/nature/ILSVRC2012_val_00031011.JPEG
396,VQDM,6323,GenImage_test/VQDM/test/nature/ILSVRC2012_val_00031771.JPEG
396,VQDM,6324,GenImage_test/VQDM/test/nature/ILSVRC2012_val_00040314.JPEG
396,VQDM,6325,GenImage_test/VQDM/test/nature/ILSVRC2012_val_00017302.JPEG
396,VQDM,6326,GenImage_test/VQDM/test/nature/ILSVRC2012_val_00019696.JPEG
396,VQDM,6327,GenImage_test/VQDM/test/nature/ILSVRC2012_val_00013577.JPEG
396,VQDM,6328,GenImage_test/VQDM/test/ai/VQDM_1000_200_00_002_vqdm_00127.png
396,VQDM,6329,GenImage_test/VQDM/test/ai/VQDM_1000_200_05_525_vqdm_00074.png
396,VQDM,6330,GenImage_test/VQDM/test/nature/ILSVRC2012_val_00026886.JPEG
396,VQDM,6331,GenImage_test/VQDM/test/nature/ILSVRC2012_val_00022120.JPEG
396,VQDM,6332,GenImage_test/VQDM/test/nature/ILSVRC2012_val_00002851.JPEG
396,VQDM,6333,GenImage_test/VQDM/test/ai/VQDM_1000_200_05_573_vqdm_00039.png
396,VQDM,6334,GenImage_test/VQDM/test/ai/VQDM_1000_200_01_179_vqdm_00127.png
396,VQDM,6335,GenImage_test/VQDM/test/nature/ILSVRC2012_val_00005416.JPEG
397,VQDM,6336,GenImage_test/VQDM/test/nature/ILSVRC2012_val_00039425.JPEG
397,VQDM,6337,GenImage_test/VQDM/test/ai/VQDM_1000_200_04_442_vqdm_00143.png
397,VQDM,6338,GenImage_test/VQDM/test/nature/ILSVRC2012_val_00016297.JPEG
397,VQDM,6339,GenImage_test/VQDM/test/ai/VQDM_1000_200_00_076_vqdm_00127.png
397,VQDM,6340,GenImage_test/VQDM/test/ai/VQDM_1000_200_01_124_vqdm_00039.png
397,VQDM,6341,GenImage_test/VQDM/test/nature/ILSVRC2012_val_00041186.JPEG
397,VQDM,6342,GenImage_test/VQDM/test/ai/VQDM_1000_200_05_586_vqdm_00074.png
397,VQDM,6343,GenImage_test/VQDM/test/nature/ILSVRC2012_val_00045881.JPEG
397,VQDM,6344,GenImage_test/VQDM/test/ai/VQDM_1000_200_07_753_vqdm_00074.png
397,VQDM,6345,GenImage_test/VQDM/test/ai/VQDM_1000_200_08_844_vqdm_00039.png
397,VQDM,6346,GenImage_test/VQDM/test/nature/ILSVRC2012_val_00043135.JPEG
397,VQDM,6347,GenImage_test/VQDM/test/ai/VQDM_1000_200_05_556_vqdm_00020.png
397,VQDM,6348,GenImage_test/VQDM/test/nature/ILSVRC2012_val_00017374.JPEG
397,VQDM,6349,GenImage_test/VQDM/test/ai/VQDM_1000_200_01_155_vqdm_00143.png
397,VQDM,6350,GenImage_test/VQDM/test/ai/VQDM_1000_200_08_888_vqdm_00074.png
397,VQDM,6351,GenImage_test/VQDM/test/nature/ILSVRC2012_val_00020604.JPEG
398,VQDM,6352,GenImage_test/VQDM/test/ai/VQDM_1000_200_05_578_vqdm_00074.png
398,VQDM,6353,GenImage_test/VQDM/test/nature/ILSVRC2012_val_00019899.JPEG
398,VQDM,6354,GenImage_test/VQDM/test/nature/ILSVRC2012_val_00043381.JPEG
398,VQDM,6355,GenImage_test/VQDM/test/ai/VQDM_1000_200_02_261_vqdm_00143.png
398,VQDM,6356,GenImage_test/VQDM/test/nature/ILSVRC2012_val_00010819.JPEG
398,VQDM,6357,GenImage_test/VQDM/test/ai/VQDM_1000_200_06_651_vqdm_00143.png
398,VQDM,6358,GenImage_test/VQDM/test/ai/VQDM_1000_200_00_019_vqdm_00127.png
398,VQDM,6359,GenImage_test/VQDM/test/ai/VQDM_1000_200_02_234_vqdm_00074.png
398,VQDM,6360,GenImage_test/VQDM/test/nature/ILSVRC2012_val_00026871.JPEG
398,VQDM,6361,GenImage_test/VQDM/test/nature/ILSVRC2012_val_00023662.JPEG
398,VQDM,6362,GenImage_test/VQDM/test/ai/VQDM_1000_200_06_647_vqdm_00127.png
398,VQDM,6363,GenImage_test/VQDM/test/ai/VQDM_1000_200_00_027_vqdm_00127.png
398,VQDM,6364,GenImage_test/VQDM/test/nature/ILSVRC2012_val_00031418.JPEG
398,VQDM,6365,GenImage_test/VQDM/test/ai/VQDM_1000_200_05_591_vqdm_00035.png
398,VQDM,6366,GenImage_test/VQDM/test/nature/ILSVRC2012_val_00015739.JPEG
398,VQDM,6367,GenImage_test/VQDM/test/ai/VQDM_1000_200_08_810_vqdm_00020.png
399,VQDM,6368,GenImage_test/VQDM/test/ai/VQDM_1000_200_00_069_vqdm_00039.png
399,VQDM,6369,GenImage_test/VQDM/test/ai/VQDM_1000_200_03_382_vqdm_00074.png
399,VQDM,6370,GenImage_test/VQDM/test/nature/ILSVRC2012_val_00020613.JPEG
399,VQDM,6371,GenImage_test/VQDM/test/nature/ILSVRC2012_val_00015968.JPEG
399,VQDM,6372,GenImage_test/VQDM/test/nature/ILSVRC2012_val_00029633.JPEG
399,VQDM,6373,GenImage_test/VQDM/test/nature/ILSVRC2012_val_00023753.JPEG
399,VQDM,6374,GenImage_test/VQDM/test/nature/ILSVRC2012_val_00009118.JPEG
399,VQDM,6375,GenImage_test/VQDM/test/nature/ILSVRC2012_val_00017659.JPEG
399,VQDM,6376,GenImage_test/VQDM/test/ai/VQDM_1000_200_01_112_vqdm_00127.png
399,VQDM,6377,GenImage_test/VQDM/test/nature/ILSVRC2012_val_00000073.JPEG
399,VQDM,6378,GenImage_test/VQDM/test/nature/ILSVRC2012_val_00027729.JPEG
399,VQDM,6379,GenImage_test/VQDM/test/nature/ILSVRC2012_val_00019068.JPEG
399,VQDM,6380,GenImage_test/VQDM/test/nature/ILSVRC2012_val_00028081.JPEG
399,VQDM,6381,GenImage_test/VQDM/test/ai/VQDM_1000_200_09_994_vqdm_00020.png
399,VQDM,6382,GenImage_test/VQDM/test/ai/VQDM_1000_200_03_338_vqdm_00020.png
399,VQDM,6383,GenImage_test/VQDM/test/nature/ILSVRC2012_val_00024618.JPEG
400,VQDM,6384,GenImage_test/VQDM/test/nature/ILSVRC2012_val_00020286.JPEG
400,VQDM,6385,GenImage_test/VQDM/test/nature/ILSVRC2012_val_00010501.JPEG
400,VQDM,6386,GenImage_test/VQDM/test/nature/ILSVRC2012_val_00032759.JPEG
400,VQDM,6387,GenImage_test/VQDM/test/ai/VQDM_1000_200_00_083_vqdm_00143.png
400,VQDM,6388,GenImage_test/VQDM/test/ai/VQDM_1000_200_08_885_vqdm_00035.png
400,VQDM,6389,GenImage_test/VQDM/test/nature/ILSVRC2012_val_00039762.JPEG
400,VQDM,6390,GenImage_test/VQDM/test/ai/VQDM_1000_200_01_105_vqdm_00143.png
400,VQDM,6391,GenImage_test/VQDM/test/nature/ILSVRC2012_val_00046057.JPEG
400,VQDM,6392,GenImage_test/VQDM/test/nature/ILSVRC2012_val_00022917.JPEG
400,VQDM,6393,GenImage_test/VQDM/test/nature/ILSVRC2012_val_00045617.JPEG
400,VQDM,6394,GenImage_test/VQDM/test/ai/VQDM_1000_200_06_635_vqdm_00020.png
400,VQDM,6395,GenImage_test/VQDM/test/nature/ILSVRC2012_val_00012166.JPEG
400,VQDM,6396,GenImage_test/VQDM/test/nature/ILSVRC2012_val_00004703.JPEG
400,VQDM,6397,GenImage_test/VQDM/test/nature/ILSVRC2012_val_00026902.JPEG
400,VQDM,6398,GenImage_test/VQDM/test/ai/VQDM_1000_200_03_304_vqdm_00127.png
400,VQDM,6399,GenImage_test/VQDM/test/nature/ILSVRC2012_val_00002560.JPEG
401,VQDM,6400,GenImage_test/VQDM/test/nature/ILSVRC2012_val_00035792.JPEG
401,VQDM,6401,GenImage_test/VQDM/test/nature/ILSVRC2012_val_00006757.JPEG
401,VQDM,6402,GenImage_test/VQDM/test/ai/VQDM_1000_200_03_347_vqdm_00143.png
401,VQDM,6403,GenImage_test/VQDM/test/ai/VQDM_1000_200_07_792_vqdm_00074.png
401,VQDM,6404,GenImage_test/VQDM/test/nature/ILSVRC2012_val_00046349.JPEG
401,VQDM,6405,GenImage_test/VQDM/test/ai/VQDM_1000_200_00_065_vqdm_00074.png
401,VQDM,6406,GenImage_test/VQDM/test/ai/VQDM_1000_200_03_375_vqdm_00020.png
401,VQDM,6407,GenImage_test/VQDM/test/nature/ILSVRC2012_val_00007156.JPEG
401,VQDM,6408,GenImage_test/VQDM/test/nature/ILSVRC2012_val_00046000.JPEG
401,VQDM,6409,GenImage_test/VQDM/test/nature/ILSVRC2012_val_00026499.JPEG
401,VQDM,6410,GenImage_test/VQDM/test/ai/VQDM_1000_200_02_295_vqdm_00020.png
401,VQDM,6411,GenImage_test/VQDM/test/ai/VQDM_1000_200_03_307_vqdm_00035.png
401,VQDM,6412,GenImage_test/VQDM/test/ai/VQDM_1000_200_09_972_vqdm_00127.png
401,VQDM,6413,GenImage_test/VQDM/test/nature/ILSVRC2012_val_00005777.JPEG
401,VQDM,6414,GenImage_test/VQDM/test/nature/ILSVRC2012_val_00032572.JPEG
401,VQDM,6415,GenImage_test/VQDM/test/nature/ILSVRC2012_val_00048189.JPEG
402,VQDM,6416,GenImage_test/VQDM/test/nature/ILSVRC2012_val_00039406.JPEG
402,VQDM,6417,GenImage_test/VQDM/test/nature/ILSVRC2012_val_00034815.JPEG
402,VQDM,6418,GenImage_test/VQDM/test/nature/ILSVRC2012_val_00045089.JPEG
402,VQDM,6419,GenImage_test/VQDM/test/nature/ILSVRC2012_val_00020600.JPEG
402,VQDM,6420,GenImage_test/VQDM/test/nature/ILSVRC2012_val_00049101.JPEG
402,VQDM,6421,GenImage_test/VQDM/test/nature/ILSVRC2012_val_00036433.JPEG
402,VQDM,6422,GenImage_test/VQDM/test/nature/ILSVRC2012_val_00029355.JPEG
402,VQDM,6423,GenImage_test/VQDM/test/ai/VQDM_1000_200_02_218_vqdm_00039.png
402,VQDM,6424,GenImage_test/VQDM/test/ai/VQDM_1000_200_05_520_vqdm_00039.png
402,VQDM,6425,GenImage_test/VQDM/test/ai/VQDM_1000_200_00_082_vqdm_00074.png
402,VQDM,6426,GenImage_test/VQDM/test/nature/ILSVRC2012_val_00038839.JPEG
402,VQDM,6427,GenImage_test/VQDM/test/nature/ILSVRC2012_val_00021749.JPEG
402,VQDM,6428,GenImage_test/VQDM/test/ai/VQDM_1000_200_00_011_vqdm_00020.png
402,VQDM,6429,GenImage_test/VQDM/test/nature/ILSVRC2012_val_00023816.JPEG
402,VQDM,6430,GenImage_test/VQDM/test/ai/VQDM_1000_200_09_913_vqdm_00035.png
402,VQDM,6431,GenImage_test/VQDM/test/nature/ILSVRC2012_val_00037414.JPEG
403,VQDM,6432,GenImage_test/VQDM/test/ai/VQDM_1000_200_00_043_vqdm_00035.png
403,VQDM,6433,GenImage_test/VQDM/test/ai/VQDM_1000_200_05_535_vqdm_00039.png
403,VQDM,6434,GenImage_test/VQDM/test/ai/VQDM_1000_200_08_848_vqdm_00074.png
403,VQDM,6435,GenImage_test/VQDM/test/ai/VQDM_1000_200_00_031_vqdm_00035.png
403,VQDM,6436,GenImage_test/VQDM/test/ai/VQDM_1000_200_01_108_vqdm_00074.png
403,VQDM,6437,GenImage_test/VQDM/test/ai/VQDM_1000_200_04_401_vqdm_00035.png
403,VQDM,6438,GenImage_test/VQDM/test/nature/ILSVRC2012_val_00013805.JPEG
403,VQDM,6439,GenImage_test/VQDM/test/nature/ILSVRC2012_val_00028751.JPEG
403,VQDM,6440,GenImage_test/VQDM/test/ai/VQDM_1000_200_04_471_vqdm_00020.png
403,VQDM,6441,GenImage_test/VQDM/test/nature/ILSVRC2012_val_00003178.JPEG
403,VQDM,6442,GenImage_test/VQDM/test/nature/ILSVRC2012_val_00017246.JPEG
403,VQDM,6443,GenImage_test/VQDM/test/ai/VQDM_1000_200_00_042_vqdm_00039.png
403,VQDM,6444,GenImage_test/VQDM/test/nature/ILSVRC2012_val_00032325.JPEG
403,VQDM,6445,GenImage_test/VQDM/test/nature/ILSVRC2012_val_00045084.JPEG
403,VQDM,6446,GenImage_test/VQDM/test/nature/ILSVRC2012_val_00031685.JPEG
403,VQDM,6447,GenImage_test/VQDM/test/nature/ILSVRC2012_val_00017062.JPEG
404,VQDM,6448,GenImage_test/VQDM/test/nature/ILSVRC2012_val_00041693.JPEG
404,VQDM,6449,GenImage_test/VQDM/test/nature/ILSVRC2012_val_00030884.JPEG
404,VQDM,6450,GenImage_test/VQDM/test/ai/VQDM_1000_200_06_692_vqdm_00020.png
404,VQDM,6451,GenImage_test/VQDM/test/ai/VQDM_1000_200_04_419_vqdm_00020.png
404,VQDM,6452,GenImage_test/VQDM/test/ai/VQDM_1000_200_03_384_vqdm_00127.png
404,VQDM,6453,GenImage_test/VQDM/test/nature/ILSVRC2012_val_00039511.JPEG
404,VQDM,6454,GenImage_test/VQDM/test/nature/ILSVRC2012_val_00001013.JPEG
404,VQDM,6455,GenImage_test/VQDM/test/ai/VQDM_1000_200_00_096_vqdm_00039.png
404,VQDM,6456,GenImage_test/VQDM/test/ai/VQDM_1000_200_04_438_vqdm_00143.png
404,VQDM,6457,GenImage_test/VQDM/test/ai/VQDM_1000_200_06_699_vqdm_00039.png
404,VQDM,6458,GenImage_test/VQDM/test/nature/ILSVRC2012_val_00025152.JPEG
404,VQDM,6459,GenImage_test/VQDM/test/ai/VQDM_1000_200_09_902_vqdm_00035.png
404,VQDM,6460,GenImage_test/VQDM/test/ai/VQDM_1000_200_09_993_vqdm_00035.png
404,VQDM,6461,GenImage_test/VQDM/test/ai/VQDM_1000_200_05_511_vqdm_00074.png
404,VQDM,6462,GenImage_test/VQDM/test/nature/ILSVRC2012_val_00015911.JPEG
404,VQDM,6463,GenImage_test/VQDM/test/ai/VQDM_1000_200_02_232_vqdm_00143.png
405,VQDM,6464,GenImage_test/VQDM/test/ai/VQDM_1000_200_06_600_vqdm_00143.png
405,VQDM,6465,GenImage_test/VQDM/test/nature/ILSVRC2012_val_00040783.JPEG
405,VQDM,6466,GenImage_test/VQDM/test/ai/VQDM_1000_200_09_968_vqdm_00039.png
405,VQDM,6467,GenImage_test/VQDM/test/ai/VQDM_1000_200_06_611_vqdm_00143.png
405,VQDM,6468,GenImage_test/VQDM/test/nature/ILSVRC2012_val_00037692.JPEG
405,VQDM,6469,GenImage_test/VQDM/test/nature/ILSVRC2012_val_00042258.JPEG
405,VQDM,6470,GenImage_test/VQDM/test/nature/ILSVRC2012_val_00000045.JPEG
405,VQDM,6471,GenImage_test/VQDM/test/nature/ILSVRC2012_val_00037787.JPEG
405,VQDM,6472,GenImage_test/VQDM/test/ai/VQDM_1000_200_06_662_vqdm_00035.png
405,VQDM,6473,GenImage_test/VQDM/test/nature/ILSVRC2012_val_00010922.JPEG
405,VQDM,6474,GenImage_test/VQDM/test/nature/ILSVRC2012_val_00031551.JPEG
405,VQDM,6475,GenImage_test/VQDM/test/nature/ILSVRC2012_val_00012068.JPEG
405,VQDM,6476,GenImage_test/VQDM/test/ai/VQDM_1000_200_04_487_vqdm_00127.png
405,VQDM,6477,GenImage_test/VQDM/test/ai/VQDM_1000_200_03_350_vqdm_00127.png
405,VQDM,6478,GenImage_test/VQDM/test/nature/ILSVRC2012_val_00014883.JPEG
405,VQDM,6479,GenImage_test/VQDM/test/nature/ILSVRC2012_val_00016672.JPEG
406,VQDM,6480,GenImage_test/VQDM/test/ai/VQDM_1000_200_08_835_vqdm_00039.png
406,VQDM,6481,GenImage_test/VQDM/test/ai/VQDM_1000_200_05_518_vqdm_00035.png
406,VQDM,6482,GenImage_test/VQDM/test/ai/VQDM_1000_200_09_921_vqdm_00127.png
406,VQDM,6483,GenImage_test/VQDM/test/nature/ILSVRC2012_val_00036532.JPEG
406,VQDM,6484,GenImage_test/VQDM/test/ai/VQDM_1000_200_01_121_vqdm_00143.png
406,VQDM,6485,GenImage_test/VQDM/test/ai/VQDM_1000_200_02_286_vqdm_00127.png
406,VQDM,6486,GenImage_test/VQDM/test/nature/ILSVRC2012_val_00048066.JPEG
406,VQDM,6487,GenImage_test/VQDM/test/nature/ILSVRC2012_val_00012671.JPEG
406,VQDM,6488,GenImage_test/VQDM/test/ai/VQDM_1000_200_01_190_vqdm_00020.png
406,VQDM,6489,GenImage_test/VQDM/test/nature/ILSVRC2012_val_00011993.JPEG
406,VQDM,6490,GenImage_test/VQDM/test/nature/ILSVRC2012_val_00002210.JPEG
406,VQDM,6491,GenImage_test/VQDM/test/nature/ILSVRC2012_val_00020737.JPEG
406,VQDM,6492,GenImage_test/VQDM/test/nature/ILSVRC2012_val_00045296.JPEG
406,VQDM,6493,GenImage_test/VQDM/test/nature/ILSVRC2012_val_00047825.JPEG
406,VQDM,6494,GenImage_test/VQDM/test/nature/ILSVRC2012_val_00020399.JPEG
406,VQDM,6495,GenImage_test/VQDM/test/ai/VQDM_1000_200_05_565_vqdm_00035.png
407,VQDM,6496,GenImage_test/VQDM/test/ai/VQDM_1000_200_04_460_vqdm_00074.png
407,VQDM,6497,GenImage_test/VQDM/test/nature/ILSVRC2012_val_00013453.JPEG
407,VQDM,6498,GenImage_test/VQDM/test/nature/ILSVRC2012_val_00045842.JPEG
407,VQDM,6499,GenImage_test/VQDM/test/ai/VQDM_1000_200_09_969_vqdm_00020.png
407,VQDM,6500,GenImage_test/VQDM/test/ai/VQDM_1000_200_03_314_vqdm_00039.png
407,VQDM,6501,GenImage_test/VQDM/test/nature/ILSVRC2012_val_00003940.JPEG
407,VQDM,6502,GenImage_test/VQDM/test/ai/VQDM_1000_200_06_603_vqdm_00039.png
407,VQDM,6503,GenImage_test/VQDM/test/nature/ILSVRC2012_val_00029693.JPEG
407,VQDM,6504,GenImage_test/VQDM/test/nature/ILSVRC2012_val_00033724.JPEG
407,VQDM,6505,GenImage_test/VQDM/test/ai/VQDM_1000_200_02_228_vqdm_00020.png
407,VQDM,6506,GenImage_test/VQDM/test/ai/VQDM_1000_200_02_250_vqdm_00143.png
407,VQDM,6507,GenImage_test/VQDM/test/nature/ILSVRC2012_val_00022289.JPEG
407,VQDM,6508,GenImage_test/VQDM/test/ai/VQDM_1000_200_09_920_vqdm_00074.png
407,VQDM,6509,GenImage_test/VQDM/test/ai/VQDM_1000_200_02_267_vqdm_00127.png
407,VQDM,6510,GenImage_test/VQDM/test/ai/VQDM_1000_200_07_713_vqdm_00074.png
407,VQDM,6511,GenImage_test/VQDM/test/ai/VQDM_1000_200_04_437_vqdm_00020.png
408,VQDM,6512,GenImage_test/VQDM/test/nature/ILSVRC2012_val_00005042.JPEG
408,VQDM,6513,GenImage_test/VQDM/test/ai/VQDM_1000_200_01_199_vqdm_00074.png
408,VQDM,6514,GenImage_test/VQDM/test/ai/VQDM_1000_200_08_895_vqdm_00127.png
408,VQDM,6515,GenImage_test/VQDM/test/ai/VQDM_1000_200_04_428_vqdm_00020.png
408,VQDM,6516,GenImage_test/VQDM/test/nature/ILSVRC2012_val_00045992.JPEG
408,VQDM,6517,GenImage_test/VQDM/test/ai/VQDM_1000_200_08_894_vqdm_00039.png
408,VQDM,6518,GenImage_test/VQDM/test/ai/VQDM_1000_200_05_546_vqdm_00039.png
408,VQDM,6519,GenImage_test/VQDM/test/nature/ILSVRC2012_val_00044639.JPEG
408,VQDM,6520,GenImage_test/VQDM/test/ai/VQDM_1000_200_05_535_vqdm_00143.png
408,VQDM,6521,GenImage_test/VQDM/test/nature/ILSVRC2012_val_00030875.JPEG
408,VQDM,6522,GenImage_test/VQDM/test/nature/ILSVRC2012_val_00040024.JPEG
408,VQDM,6523,GenImage_test/VQDM/test/nature/ILSVRC2012_val_00041626.JPEG
408,VQDM,6524,GenImage_test/VQDM/test/nature/ILSVRC2012_val_00030670.JPEG
408,VQDM,6525,GenImage_test/VQDM/test/nature/ILSVRC2012_val_00011455.JPEG
408,VQDM,6526,GenImage_test/VQDM/test/ai/VQDM_1000_200_09_943_vqdm_00143.png
408,VQDM,6527,GenImage_test/VQDM/test/ai/VQDM_1000_200_05_545_vqdm_00127.png
409,VQDM,6528,GenImage_test/VQDM/test/nature/ILSVRC2012_val_00049937.JPEG
409,VQDM,6529,GenImage_test/VQDM/test/nature/ILSVRC2012_val_00000134.JPEG
409,VQDM,6530,GenImage_test/VQDM/test/nature/ILSVRC2012_val_00022977.JPEG
409,VQDM,6531,GenImage_test/VQDM/test/ai/VQDM_1000_200_01_102_vqdm_00035.png
409,VQDM,6532,GenImage_test/VQDM/test/nature/ILSVRC2012_val_00044682.JPEG
409,VQDM,6533,GenImage_test/VQDM/test/ai/VQDM_1000_200_00_010_vqdm_00074.png
409,VQDM,6534,GenImage_test/VQDM/test/nature/ILSVRC2012_val_00001625.JPEG
409,VQDM,6535,GenImage_test/VQDM/test/nature/ILSVRC2012_val_00001269.JPEG
409,VQDM,6536,GenImage_test/VQDM/test/ai/VQDM_1000_200_03_340_vqdm_00020.png
409,VQDM,6537,GenImage_test/VQDM/test/nature/ILSVRC2012_val_00039776.JPEG
409,VQDM,6538,GenImage_test/VQDM/test/ai/VQDM_1000_200_03_361_vqdm_00127.png
409,VQDM,6539,GenImage_test/VQDM/test/ai/VQDM_1000_200_00_026_vqdm_00143.png
409,VQDM,6540,GenImage_test/VQDM/test/ai/VQDM_1000_200_05_586_vqdm_00143.png
409,VQDM,6541,GenImage_test/VQDM/test/nature/ILSVRC2012_val_00046810.JPEG
409,VQDM,6542,GenImage_test/VQDM/test/ai/VQDM_1000_200_08_838_vqdm_00127.png
409,VQDM,6543,GenImage_test/VQDM/test/nature/ILSVRC2012_val_00037447.JPEG
410,VQDM,6544,GenImage_test/VQDM/test/ai/VQDM_1000_200_06_624_vqdm_00035.png
410,VQDM,6545,GenImage_test/VQDM/test/nature/ILSVRC2012_val_00030357.JPEG
410,VQDM,6546,GenImage_test/VQDM/test/nature/ILSVRC2012_val_00020212.JPEG
410,VQDM,6547,GenImage_test/VQDM/test/ai/VQDM_1000_200_01_148_vqdm_00127.png
410,VQDM,6548,GenImage_test/VQDM/test/ai/VQDM_1000_200_07_738_vqdm_00020.png
410,VQDM,6549,GenImage_test/VQDM/test/nature/ILSVRC2012_val_00019354.JPEG
410,VQDM,6550,GenImage_test/VQDM/test/nature/ILSVRC2012_val_00033526.JPEG
410,VQDM,6551,GenImage_test/VQDM/test/ai/VQDM_1000_200_07_752_vqdm_00039.png
410,VQDM,6552,GenImage_test/VQDM/test/ai/VQDM_1000_200_06_683_vqdm_00035.png
410,VQDM,6553,GenImage_test/VQDM/test/ai/VQDM_1000_200_05_506_vqdm_00074.png
410,VQDM,6554,GenImage_test/VQDM/test/nature/ILSVRC2012_val_00031307.JPEG
410,VQDM,6555,GenImage_test/VQDM/test/ai/VQDM_1000_200_01_108_vqdm_00020.png
410,VQDM,6556,GenImage_test/VQDM/test/nature/ILSVRC2012_val_00004565.JPEG
410,VQDM,6557,GenImage_test/VQDM/test/nature/ILSVRC2012_val_00009405.JPEG
410,VQDM,6558,GenImage_test/VQDM/test/nature/ILSVRC2012_val_00012246.JPEG
410,VQDM,6559,GenImage_test/VQDM/test/nature/ILSVRC2012_val_00015692.JPEG
411,VQDM,6560,GenImage_test/VQDM/test/ai/VQDM_1000_200_03_353_vqdm_00127.png
411,VQDM,6561,GenImage_test/VQDM/test/ai/VQDM_1000_200_04_477_vqdm_00143.png
411,VQDM,6562,GenImage_test/VQDM/test/nature/ILSVRC2012_val_00014798.JPEG
411,VQDM,6563,GenImage_test/VQDM/test/nature/ILSVRC2012_val_00008338.JPEG
411,VQDM,6564,GenImage_test/VQDM/test/ai/VQDM_1000_200_06_639_vqdm_00039.png
411,VQDM,6565,GenImage_test/VQDM/test/ai/VQDM_1000_200_06_619_vqdm_00074.png
411,VQDM,6566,GenImage_test/VQDM/test/nature/ILSVRC2012_val_00026758.JPEG
411,VQDM,6567,GenImage_test/VQDM/test/ai/VQDM_1000_200_00_039_vqdm_00035.png
411,VQDM,6568,GenImage_test/VQDM/test/ai/VQDM_1000_200_07_749_vqdm_00020.png
411,VQDM,6569,GenImage_test/VQDM/test/nature/ILSVRC2012_val_00008058.JPEG
411,VQDM,6570,GenImage_test/VQDM/test/nature/ILSVRC2012_val_00034201.JPEG
411,VQDM,6571,GenImage_test/VQDM/test/nature/ILSVRC2012_val_00045928.JPEG
411,VQDM,6572,GenImage_test/VQDM/test/nature/ILSVRC2012_val_00010147.JPEG
411,VQDM,6573,GenImage_test/VQDM/test/nature/ILSVRC2012_val_00005976.JPEG
411,VQDM,6574,GenImage_test/VQDM/test/ai/VQDM_1000_200_00_045_vqdm_00020.png
411,VQDM,6575,GenImage_test/VQDM/test/nature/ILSVRC2012_val_00023508.JPEG
412,VQDM,6576,GenImage_test/VQDM/test/nature/ILSVRC2012_val_00035949.JPEG
412,VQDM,6577,GenImage_test/VQDM/test/nature/ILSVRC2012_val_00018870.JPEG
412,VQDM,6578,GenImage_test/VQDM/test/nature/ILSVRC2012_val_00022974.JPEG
412,VQDM,6579,GenImage_test/VQDM/test/ai/VQDM_1000_200_00_078_vqdm_00143.png
412,VQDM,6580,GenImage_test/VQDM/test/nature/ILSVRC2012_val_00000905.JPEG
412,VQDM,6581,GenImage_test/VQDM/test/ai/VQDM_1000_200_00_055_vqdm_00127.png
412,VQDM,6582,GenImage_test/VQDM/test/ai/VQDM_1000_200_09_952_vqdm_00039.png
412,VQDM,6583,GenImage_test/VQDM/test/nature/ILSVRC2012_val_00030060.JPEG
412,VQDM,6584,GenImage_test/VQDM/test/nature/ILSVRC2012_val_00024048.JPEG
412,VQDM,6585,GenImage_test/VQDM/test/ai/VQDM_1000_200_07_783_vqdm_00039.png
412,VQDM,6586,GenImage_test/VQDM/test/nature/ILSVRC2012_val_00045361.JPEG
412,VQDM,6587,GenImage_test/VQDM/test/ai/VQDM_1000_200_05_501_vqdm_00039.png
412,VQDM,6588,GenImage_test/VQDM/test/ai/VQDM_1000_200_01_112_vqdm_00035.png
412,VQDM,6589,GenImage_test/VQDM/test/ai/VQDM_1000_200_03_340_vqdm_00127.png
412,VQDM,6590,GenImage_test/VQDM/test/ai/VQDM_1000_200_07_711_vqdm_00127.png
412,VQDM,6591,GenImage_test/VQDM/test/ai/VQDM_1000_200_05_598_vqdm_00127.png
413,VQDM,6592,GenImage_test/VQDM/test/ai/VQDM_1000_200_05_522_vqdm_00035.png
413,VQDM,6593,GenImage_test/VQDM/test/ai/VQDM_1000_200_05_589_vqdm_00035.png
413,VQDM,6594,GenImage_test/VQDM/test/nature/ILSVRC2012_val_00005091.JPEG
413,VQDM,6595,GenImage_test/VQDM/test/nature/ILSVRC2012_val_00006449.JPEG
413,VQDM,6596,GenImage_test/VQDM/test/nature/ILSVRC2012_val_00049613.JPEG
413,VQDM,6597,GenImage_test/VQDM/test/nature/ILSVRC2012_val_00014416.JPEG
413,VQDM,6598,GenImage_test/VQDM/test/ai/VQDM_1000_200_07_772_vqdm_00143.png
413,VQDM,6599,GenImage_test/VQDM/test/ai/VQDM_1000_200_01_127_vqdm_00127.png
413,VQDM,6600,GenImage_test/VQDM/test/ai/VQDM_1000_200_09_904_vqdm_00020.png
413,VQDM,6601,GenImage_test/VQDM/test/nature/ILSVRC2012_val_00034048.JPEG
413,VQDM,6602,GenImage_test/VQDM/test/nature/ILSVRC2012_val_00034027.JPEG
413,VQDM,6603,GenImage_test/VQDM/test/ai/VQDM_1000_200_05_594_vqdm_00020.png
413,VQDM,6604,GenImage_test/VQDM/test/nature/ILSVRC2012_val_00043951.JPEG
413,VQDM,6605,GenImage_test/VQDM/test/nature/ILSVRC2012_val_00005371.JPEG
413,VQDM,6606,GenImage_test/VQDM/test/ai/VQDM_1000_200_04_457_vqdm_00143.png
413,VQDM,6607,GenImage_test/VQDM/test/ai/VQDM_1000_200_02_238_vqdm_00035.png
414,VQDM,6608,GenImage_test/VQDM/test/nature/ILSVRC2012_val_00003170.JPEG
414,VQDM,6609,GenImage_test/VQDM/test/nature/ILSVRC2012_val_00043845.JPEG
414,VQDM,6610,GenImage_test/VQDM/test/ai/VQDM_1000_200_07_752_vqdm_00020.png
414,VQDM,6611,GenImage_test/VQDM/test/ai/VQDM_1000_200_09_914_vqdm_00020.png
414,VQDM,6612,GenImage_test/VQDM/test/ai/VQDM_1000_200_09_956_vqdm_00039.png
414,VQDM,6613,GenImage_test/VQDM/test/ai/VQDM_1000_200_00_046_vqdm_00143.png
414,VQDM,6614,GenImage_test/VQDM/test/nature/ILSVRC2012_val_00031510.JPEG
414,VQDM,6615,GenImage_test/VQDM/test/ai/VQDM_1000_200_03_351_vqdm_00127.png
414,VQDM,6616,GenImage_test/VQDM/test/ai/VQDM_1000_200_01_166_vqdm_00074.png
414,VQDM,6617,GenImage_test/VQDM/test/ai/VQDM_1000_200_09_987_vqdm_00020.png
414,VQDM,6618,GenImage_test/VQDM/test/nature/ILSVRC2012_val_00004686.JPEG
414,VQDM,6619,GenImage_test/VQDM/test/nature/ILSVRC2012_val_00035505.JPEG
414,VQDM,6620,GenImage_test/VQDM/test/ai/VQDM_1000_200_04_414_vqdm_00020.png
414,VQDM,6621,GenImage_test/VQDM/test/ai/VQDM_1000_200_07_799_vqdm_00039.png
414,VQDM,6622,GenImage_test/VQDM/test/ai/VQDM_1000_200_06_680_vqdm_00020.png
414,VQDM,6623,GenImage_test/VQDM/test/ai/VQDM_1000_200_04_493_vqdm_00143.png
415,VQDM,6624,GenImage_test/VQDM/test/nature/ILSVRC2012_val_00014311.JPEG
415,VQDM,6625,GenImage_test/VQDM/test/ai/VQDM_1000_200_04_486_vqdm_00127.png
415,VQDM,6626,GenImage_test/VQDM/test/nature/ILSVRC2012_val_00018449.JPEG
415,VQDM,6627,GenImage_test/VQDM/test/nature/ILSVRC2012_val_00015188.JPEG
415,VQDM,6628,GenImage_test/VQDM/test/nature/ILSVRC2012_val_00012154.JPEG
415,VQDM,6629,GenImage_test/VQDM/test/nature/ILSVRC2012_val_00028172.JPEG
415,VQDM,6630,GenImage_test/VQDM/test/nature/ILSVRC2012_val_00016712.JPEG
415,VQDM,6631,GenImage_test/VQDM/test/nature/ILSVRC2012_val_00004842.JPEG
415,VQDM,6632,GenImage_test/VQDM/test/ai/VQDM_1000_200_02_202_vqdm_00035.png
415,VQDM,6633,GenImage_test/VQDM/test/ai/VQDM_1000_200_03_327_vqdm_00127.png
415,VQDM,6634,GenImage_test/VQDM/test/nature/ILSVRC2012_val_00016550.JPEG
415,VQDM,6635,GenImage_test/VQDM/test/nature/ILSVRC2012_val_00048913.JPEG
415,VQDM,6636,GenImage_test/VQDM/test/nature/ILSVRC2012_val_00001499.JPEG
415,VQDM,6637,GenImage_test/VQDM/test/nature/ILSVRC2012_val_00009495.JPEG
415,VQDM,6638,GenImage_test/VQDM/test/ai/VQDM_1000_200_05_520_vqdm_00127.png
415,VQDM,6639,GenImage_test/VQDM/test/ai/VQDM_1000_200_04_456_vqdm_00020.png
416,VQDM,6640,GenImage_test/VQDM/test/nature/ILSVRC2012_val_00037088.JPEG
416,VQDM,6641,GenImage_test/VQDM/test/ai/VQDM_1000_200_08_809_vqdm_00035.png
416,VQDM,6642,GenImage_test/VQDM/test/ai/VQDM_1000_200_03_321_vqdm_00035.png
416,VQDM,6643,GenImage_test/VQDM/test/nature/ILSVRC2012_val_00044007.JPEG
416,VQDM,6644,GenImage_test/VQDM/test/ai/VQDM_1000_200_02_271_vqdm_00143.png
416,VQDM,6645,GenImage_test/VQDM/test/nature/ILSVRC2012_val_00032242.JPEG
416,VQDM,6646,GenImage_test/VQDM/test/ai/VQDM_1000_200_09_907_vqdm_00127.png
416,VQDM,6647,GenImage_test/VQDM/test/ai/VQDM_1000_200_05_552_vqdm_00039.png
416,VQDM,6648,GenImage_test/VQDM/test/nature/ILSVRC2012_val_00023989.JPEG
416,VQDM,6649,GenImage_test/VQDM/test/nature/ILSVRC2012_val_00005014.JPEG
416,VQDM,6650,GenImage_test/VQDM/test/ai/VQDM_1000_200_00_090_vqdm_00020.png
416,VQDM,6651,GenImage_test/VQDM/test/nature/ILSVRC2012_val_00016444.JPEG
416,VQDM,6652,GenImage_test/VQDM/test/nature/ILSVRC2012_val_00037150.JPEG
416,VQDM,6653,GenImage_test/VQDM/test/ai/VQDM_1000_200_05_557_vqdm_00035.png
416,VQDM,6654,GenImage_test/VQDM/test/ai/VQDM_1000_200_03_356_vqdm_00074.png
416,VQDM,6655,GenImage_test/VQDM/test/ai/VQDM_1000_200_07_754_vqdm_00074.png
417,VQDM,6656,GenImage_test/VQDM/test/nature/ILSVRC2012_val_00031704.JPEG
417,VQDM,6657,GenImage_test/VQDM/test/ai/VQDM_1000_200_06_657_vqdm_00035.png
417,VQDM,6658,GenImage_test/VQDM/test/nature/ILSVRC2012_val_00000817.JPEG
417,VQDM,6659,GenImage_test/VQDM/test/ai/VQDM_1000_200_07_722_vqdm_00074.png
417,VQDM,6660,GenImage_test/VQDM/test/ai/VQDM_1000_200_02_240_vqdm_00035.png
417,VQDM,6661,GenImage_test/VQDM/test/ai/VQDM_1000_200_03_386_vqdm_00074.png
417,VQDM,6662,GenImage_test/VQDM/test/nature/ILSVRC2012_val_00000645.JPEG
417,VQDM,6663,GenImage_test/VQDM/test/nature/ILSVRC2012_val_00044697.JPEG
417,VQDM,6664,GenImage_test/VQDM/test/ai/VQDM_1000_200_04_448_vqdm_00143.png
417,VQDM,6665,GenImage_test/VQDM/test/nature/ILSVRC2012_val_00012903.JPEG
417,VQDM,6666,GenImage_test/VQDM/test/ai/VQDM_1000_200_02_286_vqdm_00035.png
417,VQDM,6667,GenImage_test/VQDM/test/ai/VQDM_1000_200_04_468_vqdm_00020.png
417,VQDM,6668,GenImage_test/VQDM/test/ai/VQDM_1000_200_07_736_vqdm_00074.png
417,VQDM,6669,GenImage_test/VQDM/test/nature/ILSVRC2012_val_00041262.JPEG
417,VQDM,6670,GenImage_test/VQDM/test/nature/ILSVRC2012_val_00036329.JPEG
417,VQDM,6671,GenImage_test/VQDM/test/nature/ILSVRC2012_val_00026662.JPEG
418,VQDM,6672,GenImage_test/VQDM/test/ai/VQDM_1000_200_08_850_vqdm_00127.png
418,VQDM,6673,GenImage_test/VQDM/test/ai/VQDM_1000_200_06_619_vqdm_00143.png
418,VQDM,6674,GenImage_test/VQDM/test/ai/VQDM_1000_200_05_510_vqdm_00143.png
418,VQDM,6675,GenImage_test/VQDM/test/ai/VQDM_1000_200_08_815_vqdm_00035.png
418,VQDM,6676,GenImage_test/VQDM/test/ai/VQDM_1000_200_06_663_vqdm_00035.png
418,VQDM,6677,GenImage_test/VQDM/test/nature/ILSVRC2012_val_00009561.JPEG
418,VQDM,6678,GenImage_test/VQDM/test/nature/ILSVRC2012_val_00021475.JPEG
418,VQDM,6679,GenImage_test/VQDM/test/ai/VQDM_1000_200_01_147_vqdm_00143.png
418,VQDM,6680,GenImage_test/VQDM/test/nature/ILSVRC2012_val_00002763.JPEG
418,VQDM,6681,GenImage_test/VQDM/test/ai/VQDM_1000_200_09_987_vqdm_00074.png
418,VQDM,6682,GenImage_test/VQDM/test/nature/ILSVRC2012_val_00018002.JPEG
418,VQDM,6683,GenImage_test/VQDM/test/ai/VQDM_1000_200_03_347_vqdm_00039.png
418,VQDM,6684,GenImage_test/VQDM/test/ai/VQDM_1000_200_06_662_vqdm_00143.png
418,VQDM,6685,GenImage_test/VQDM/test/ai/VQDM_1000_200_02_229_vqdm_00074.png
418,VQDM,6686,GenImage_test/VQDM/test/ai/VQDM_1000_200_05_512_vqdm_00127.png
418,VQDM,6687,GenImage_test/VQDM/test/ai/VQDM_1000_200_00_091_vqdm_00074.png
419,VQDM,6688,GenImage_test/VQDM/test/ai/VQDM_1000_200_00_060_vqdm_00035.png
419,VQDM,6689,GenImage_test/VQDM/test/nature/ILSVRC2012_val_00004882.JPEG
419,VQDM,6690,GenImage_test/VQDM/test/nature/ILSVRC2012_val_00015418.JPEG
419,VQDM,6691,GenImage_test/VQDM/test/nature/ILSVRC2012_val_00036448.JPEG
419,VQDM,6692,GenImage_test/VQDM/test/ai/VQDM_1000_200_01_120_vqdm_00035.png
419,VQDM,6693,GenImage_test/VQDM/test/nature/ILSVRC2012_val_00026518.JPEG
419,VQDM,6694,GenImage_test/VQDM/test/nature/ILSVRC2012_val_00015107.JPEG
419,VQDM,6695,GenImage_test/VQDM/test/ai/VQDM_1000_200_09_911_vqdm_00035.png
419,VQDM,6696,GenImage_test/VQDM/test/nature/ILSVRC2012_val_00026240.JPEG
419,VQDM,6697,GenImage_test/VQDM/test/ai/VQDM_1000_200_05_515_vqdm_00020.png
419,VQDM,6698,GenImage_test/VQDM/test/nature/ILSVRC2012_val_00030779.JPEG
419,VQDM,6699,GenImage_test/VQDM/test/nature/ILSVRC2012_val_00047475.JPEG
419,VQDM,6700,GenImage_test/VQDM/test/ai/VQDM_1000_200_08_870_vqdm_00039.png
419,VQDM,6701,GenImage_test/VQDM/test/nature/ILSVRC2012_val_00044946.JPEG
419,VQDM,6702,GenImage_test/VQDM/test/nature/ILSVRC2012_val_00018478.JPEG
419,VQDM,6703,GenImage_test/VQDM/test/nature/ILSVRC2012_val_00042833.JPEG
420,VQDM,6704,GenImage_test/VQDM/test/ai/VQDM_1000_200_08_848_vqdm_00020.png
420,VQDM,6705,GenImage_test/VQDM/test/nature/ILSVRC2012_val_00047297.JPEG
420,VQDM,6706,GenImage_test/VQDM/test/ai/VQDM_1000_200_05_555_vqdm_00039.png
420,VQDM,6707,GenImage_test/VQDM/test/ai/VQDM_1000_200_08_822_vqdm_00074.png
420,VQDM,6708,GenImage_test/VQDM/test/ai/VQDM_1000_200_03_358_vqdm_00074.png
420,VQDM,6709,GenImage_test/VQDM/test/ai/VQDM_1000_200_00_023_vqdm_00035.png
420,VQDM,6710,GenImage_test/VQDM/test/ai/VQDM_1000_200_08_810_vqdm_00143.png
420,VQDM,6711,GenImage_test/VQDM/test/ai/VQDM_1000_200_07_730_vqdm_00039.png
420,VQDM,6712,GenImage_test/VQDM/test/nature/ILSVRC2012_val_00044415.JPEG
420,VQDM,6713,GenImage_test/VQDM/test/ai/VQDM_1000_200_03_329_vqdm_00074.png
420,VQDM,6714,GenImage_test/VQDM/test/ai/VQDM_1000_200_01_116_vqdm_00074.png
420,VQDM,6715,GenImage_test/VQDM/test/nature/ILSVRC2012_val_00006947.JPEG
420,VQDM,6716,GenImage_test/VQDM/test/ai/VQDM_1000_200_05_552_vqdm_00020.png
420,VQDM,6717,GenImage_test/VQDM/test/nature/ILSVRC2012_val_00008178.JPEG
420,VQDM,6718,GenImage_test/VQDM/test/ai/VQDM_1000_200_06_686_vqdm_00020.png
420,VQDM,6719,GenImage_test/VQDM/test/ai/VQDM_1000_200_09_968_vqdm_00074.png
421,VQDM,6720,GenImage_test/VQDM/test/nature/ILSVRC2012_val_00005864.JPEG
421,VQDM,6721,GenImage_test/VQDM/test/ai/VQDM_1000_200_00_001_vqdm_00035.png
421,VQDM,6722,GenImage_test/VQDM/test/nature/ILSVRC2012_val_00018644.JPEG
421,VQDM,6723,GenImage_test/VQDM/test/ai/VQDM_1000_200_02_251_vqdm_00035.png
421,VQDM,6724,GenImage_test/VQDM/test/nature/ILSVRC2012_val_00027896.JPEG
421,VQDM,6725,GenImage_test/VQDM/test/nature/ILSVRC2012_val_00023464.JPEG
421,VQDM,6726,GenImage_test/VQDM/test/nature/ILSVRC2012_val_00042142.JPEG
421,VQDM,6727,GenImage_test/VQDM/test/nature/ILSVRC2012_val_00006215.JPEG
421,VQDM,6728,GenImage_test/VQDM/test/ai/VQDM_1000_200_07_773_vqdm_00039.png
421,VQDM,6729,GenImage_test/VQDM/test/ai/VQDM_1000_200_01_121_vqdm_00035.png
421,VQDM,6730,GenImage_test/VQDM/test/ai/VQDM_1000_200_01_163_vqdm_00035.png
421,VQDM,6731,GenImage_test/VQDM/test/ai/VQDM_1000_200_02_260_vqdm_00127.png
421,VQDM,6732,GenImage_test/VQDM/test/ai/VQDM_1000_200_09_948_vqdm_00143.png
421,VQDM,6733,GenImage_test/VQDM/test/nature/ILSVRC2012_val_00019340.JPEG
421,VQDM,6734,GenImage_test/VQDM/test/ai/VQDM_1000_200_09_987_vqdm_00127.png
421,VQDM,6735,GenImage_test/VQDM/test/ai/VQDM_1000_200_02_257_vqdm_00074.png
422,VQDM,6736,GenImage_test/VQDM/test/ai/VQDM_1000_200_05_557_vqdm_00143.png
422,VQDM,6737,GenImage_test/VQDM/test/ai/VQDM_1000_200_07_715_vqdm_00143.png
422,VQDM,6738,GenImage_test/VQDM/test/nature/ILSVRC2012_val_00022660.JPEG
422,VQDM,6739,GenImage_test/VQDM/test/ai/VQDM_1000_200_04_480_vqdm_00074.png
422,VQDM,6740,GenImage_test/VQDM/test/ai/VQDM_1000_200_07_712_vqdm_00035.png
422,VQDM,6741,GenImage_test/VQDM/test/nature/ILSVRC2012_val_00025367.JPEG
422,VQDM,6742,GenImage_test/VQDM/test/ai/VQDM_1000_200_07_781_vqdm_00020.png
422,VQDM,6743,GenImage_test/VQDM/test/nature/ILSVRC2012_val_00018783.JPEG
422,VQDM,6744,GenImage_test/VQDM/test/nature/ILSVRC2012_val_00022351.JPEG
422,VQDM,6745,GenImage_test/VQDM/test/nature/ILSVRC2012_val_00045936.JPEG
422,VQDM,6746,GenImage_test/VQDM/test/nature/ILSVRC2012_val_00030817.JPEG
422,VQDM,6747,GenImage_test/VQDM/test/nature/ILSVRC2012_val_00000569.JPEG
422,VQDM,6748,GenImage_test/VQDM/test/nature/ILSVRC2012_val_00035260.JPEG
422,VQDM,6749,GenImage_test/VQDM/test/ai/VQDM_1000_200_00_015_vqdm_00074.png
422,VQDM,6750,GenImage_test/VQDM/test/ai/VQDM_1000_200_01_150_vqdm_00074.png
422,VQDM,6751,GenImage_test/VQDM/test/nature/ILSVRC2012_val_00046751.JPEG
423,VQDM,6752,GenImage_test/VQDM/test/nature/ILSVRC2012_val_00025545.JPEG
423,VQDM,6753,GenImage_test/VQDM/test/ai/VQDM_1000_200_03_303_vqdm_00143.png
423,VQDM,6754,GenImage_test/VQDM/test/nature/ILSVRC2012_val_00049931.JPEG
423,VQDM,6755,GenImage_test/VQDM/test/ai/VQDM_1000_200_03_381_vqdm_00020.png
423,VQDM,6756,GenImage_test/VQDM/test/nature/ILSVRC2012_val_00027439.JPEG
423,VQDM,6757,GenImage_test/VQDM/test/nature/ILSVRC2012_val_00021148.JPEG
423,VQDM,6758,GenImage_test/VQDM/test/nature/ILSVRC2012_val_00023745.JPEG
423,VQDM,6759,GenImage_test/VQDM/test/nature/ILSVRC2012_val_00023431.JPEG
423,VQDM,6760,GenImage_test/VQDM/test/nature/ILSVRC2012_val_00033510.JPEG
423,VQDM,6761,GenImage_test/VQDM/test/nature/ILSVRC2012_val_00018665.JPEG
423,VQDM,6762,GenImage_test/VQDM/test/ai/VQDM_1000_200_04_468_vqdm_00143.png
423,VQDM,6763,GenImage_test/VQDM/test/ai/VQDM_1000_200_05_568_vqdm_00074.png
423,VQDM,6764,GenImage_test/VQDM/test/ai/VQDM_1000_200_07_774_vqdm_00039.png
423,VQDM,6765,GenImage_test/VQDM/test/ai/VQDM_1000_200_01_168_vqdm_00074.png
423,VQDM,6766,GenImage_test/VQDM/test/nature/ILSVRC2012_val_00017976.JPEG
423,VQDM,6767,GenImage_test/VQDM/test/nature/ILSVRC2012_val_00044592.JPEG
424,VQDM,6768,GenImage_test/VQDM/test/nature/ILSVRC2012_val_00013924.JPEG
424,VQDM,6769,GenImage_test/VQDM/test/nature/ILSVRC2012_val_00046029.JPEG
424,VQDM,6770,GenImage_test/VQDM/test/nature/ILSVRC2012_val_00035589.JPEG
424,VQDM,6771,GenImage_test/VQDM/test/ai/VQDM_1000_200_04_477_vqdm_00074.png
424,VQDM,6772,GenImage_test/VQDM/test/nature/ILSVRC2012_val_00033586.JPEG
424,VQDM,6773,GenImage_test/VQDM/test/ai/VQDM_1000_200_06_644_vqdm_00039.png
424,VQDM,6774,GenImage_test/VQDM/test/nature/ILSVRC2012_val_00015878.JPEG
424,VQDM,6775,GenImage_test/VQDM/test/ai/VQDM_1000_200_00_081_vqdm_00035.png
424,VQDM,6776,GenImage_test/VQDM/test/ai/VQDM_1000_200_02_267_vqdm_00039.png
424,VQDM,6777,GenImage_test/VQDM/test/nature/ILSVRC2012_val_00017778.JPEG
424,VQDM,6778,GenImage_test/VQDM/test/ai/VQDM_1000_200_01_176_vqdm_00035.png
424,VQDM,6779,GenImage_test/VQDM/test/ai/VQDM_1000_200_09_958_vqdm_00039.png
424,VQDM,6780,GenImage_test/VQDM/test/ai/VQDM_1000_200_05_558_vqdm_00127.png
424,VQDM,6781,GenImage_test/VQDM/test/nature/ILSVRC2012_val_00029603.JPEG
424,VQDM,6782,GenImage_test/VQDM/test/nature/ILSVRC2012_val_00039701.JPEG
424,VQDM,6783,GenImage_test/VQDM/test/nature/ILSVRC2012_val_00018227.JPEG
425,VQDM,6784,GenImage_test/VQDM/test/nature/ILSVRC2012_val_00011134.JPEG
425,VQDM,6785,GenImage_test/VQDM/test/ai/VQDM_1000_200_03_318_vqdm_00127.png
425,VQDM,6786,GenImage_test/VQDM/test/nature/ILSVRC2012_val_00001151.JPEG
425,VQDM,6787,GenImage_test/VQDM/test/ai/VQDM_1000_200_07_748_vqdm_00039.png
425,VQDM,6788,GenImage_test/VQDM/test/ai/VQDM_1000_200_01_195_vqdm_00035.png
425,VQDM,6789,GenImage_test/VQDM/test/ai/VQDM_1000_200_09_973_vqdm_00020.png
425,VQDM,6790,GenImage_test/VQDM/test/ai/VQDM_1000_200_01_107_vqdm_00143.png
425,VQDM,6791,GenImage_test/VQDM/test/ai/VQDM_1000_200_04_428_vqdm_00143.png
425,VQDM,6792,GenImage_test/VQDM/test/ai/VQDM_1000_200_00_065_vqdm_00020.png
425,VQDM,6793,GenImage_test/VQDM/test/ai/VQDM_1000_200_09_948_vqdm_00020.png
425,VQDM,6794,GenImage_test/VQDM/test/ai/VQDM_1000_200_09_908_vqdm_00143.png
425,VQDM,6795,GenImage_test/VQDM/test/nature/ILSVRC2012_val_00040713.JPEG
425,VQDM,6796,GenImage_test/VQDM/test/ai/VQDM_1000_200_04_457_vqdm_00020.png
425,VQDM,6797,GenImage_test/VQDM/test/ai/VQDM_1000_200_00_057_vqdm_00074.png
425,VQDM,6798,GenImage_test/VQDM/test/nature/ILSVRC2012_val_00047614.JPEG
425,VQDM,6799,GenImage_test/VQDM/test/nature/ILSVRC2012_val_00030491.JPEG
426,VQDM,6800,GenImage_test/VQDM/test/nature/ILSVRC2012_val_00017317.JPEG
426,VQDM,6801,GenImage_test/VQDM/test/ai/VQDM_1000_200_08_854_vqdm_00020.png
426,VQDM,6802,GenImage_test/VQDM/test/nature/ILSVRC2012_val_00025913.JPEG
426,VQDM,6803,GenImage_test/VQDM/test/nature/ILSVRC2012_val_00047955.JPEG
426,VQDM,6804,GenImage_test/VQDM/test/nature/ILSVRC2012_val_00032097.JPEG
426,VQDM,6805,GenImage_test/VQDM/test/ai/VQDM_1000_200_07_780_vqdm_00143.png
426,VQDM,6806,GenImage_test/VQDM/test/nature/ILSVRC2012_val_00000117.JPEG
426,VQDM,6807,GenImage_test/VQDM/test/nature/ILSVRC2012_val_00038218.JPEG
426,VQDM,6808,GenImage_test/VQDM/test/ai/VQDM_1000_200_05_544_vqdm_00035.png
426,VQDM,6809,GenImage_test/VQDM/test/ai/VQDM_1000_200_09_985_vqdm_00127.png
426,VQDM,6810,GenImage_test/VQDM/test/nature/ILSVRC2012_val_00007978.JPEG
426,VQDM,6811,GenImage_test/VQDM/test/ai/VQDM_1000_200_00_087_vqdm_00020.png
426,VQDM,6812,GenImage_test/VQDM/test/nature/ILSVRC2012_val_00028572.JPEG
426,VQDM,6813,GenImage_test/VQDM/test/ai/VQDM_1000_200_03_302_vqdm_00127.png
426,VQDM,6814,GenImage_test/VQDM/test/ai/VQDM_1000_200_03_352_vqdm_00143.png
426,VQDM,6815,GenImage_test/VQDM/test/nature/ILSVRC2012_val_00039890.JPEG
427,VQDM,6816,GenImage_test/VQDM/test/nature/ILSVRC2012_val_00045544.JPEG
427,VQDM,6817,GenImage_test/VQDM/test/ai/VQDM_1000_200_00_083_vqdm_00035.png
427,VQDM,6818,GenImage_test/VQDM/test/ai/VQDM_1000_200_07_787_vqdm_00127.png
427,VQDM,6819,GenImage_test/VQDM/test/nature/ILSVRC2012_val_00047428.JPEG
427,VQDM,6820,GenImage_test/VQDM/test/nature/ILSVRC2012_val_00024133.JPEG
427,VQDM,6821,GenImage_test/VQDM/test/ai/VQDM_1000_200_06_629_vqdm_00074.png
427,VQDM,6822,GenImage_test/VQDM/test/nature/ILSVRC2012_val_00033408.JPEG
427,VQDM,6823,GenImage_test/VQDM/test/ai/VQDM_1000_200_03_352_vqdm_00039.png
427,VQDM,6824,GenImage_test/VQDM/test/ai/VQDM_1000_200_07_740_vqdm_00143.png
427,VQDM,6825,GenImage_test/VQDM/test/ai/VQDM_1000_200_09_955_vqdm_00039.png
427,VQDM,6826,GenImage_test/VQDM/test/nature/ILSVRC2012_val_00016797.JPEG
427,VQDM,6827,GenImage_test/VQDM/test/nature/ILSVRC2012_val_00001136.JPEG
427,VQDM,6828,GenImage_test/VQDM/test/nature/ILSVRC2012_val_00025355.JPEG
427,VQDM,6829,GenImage_test/VQDM/test/ai/VQDM_1000_200_08_821_vqdm_00039.png
427,VQDM,6830,GenImage_test/VQDM/test/nature/ILSVRC2012_val_00018290.JPEG
427,VQDM,6831,GenImage_test/VQDM/test/ai/VQDM_1000_200_06_624_vqdm_00127.png
428,VQDM,6832,GenImage_test/VQDM/test/ai/VQDM_1000_200_06_663_vqdm_00039.png
428,VQDM,6833,GenImage_test/VQDM/test/nature/ILSVRC2012_val_00022910.JPEG
428,VQDM,6834,GenImage_test/VQDM/test/nature/ILSVRC2012_val_00005946.JPEG
428,VQDM,6835,GenImage_test/VQDM/test/nature/ILSVRC2012_val_00045890.JPEG
428,VQDM,6836,GenImage_test/VQDM/test/nature/ILSVRC2012_val_00019472.JPEG
428,VQDM,6837,GenImage_test/VQDM/test/nature/ILSVRC2012_val_00023552.JPEG
428,VQDM,6838,GenImage_test/VQDM/test/nature/ILSVRC2012_val_00001830.JPEG
428,VQDM,6839,GenImage_test/VQDM/test/nature/ILSVRC2012_val_00035941.JPEG
428,VQDM,6840,GenImage_test/VQDM/test/nature/ILSVRC2012_val_00031007.JPEG
428,VQDM,6841,GenImage_test/VQDM/test/nature/ILSVRC2012_val_00018514.JPEG
428,VQDM,6842,GenImage_test/VQDM/test/nature/ILSVRC2012_val_00000359.JPEG
428,VQDM,6843,GenImage_test/VQDM/test/nature/ILSVRC2012_val_00036292.JPEG
428,VQDM,6844,GenImage_test/VQDM/test/nature/ILSVRC2012_val_00003758.JPEG
428,VQDM,6845,GenImage_test/VQDM/test/nature/ILSVRC2012_val_00005703.JPEG
428,VQDM,6846,GenImage_test/VQDM/test/nature/ILSVRC2012_val_00009934.JPEG
428,VQDM,6847,GenImage_test/VQDM/test/nature/ILSVRC2012_val_00020100.JPEG
429,VQDM,6848,GenImage_test/VQDM/test/ai/VQDM_1000_200_07_770_vqdm_00127.png
429,VQDM,6849,GenImage_test/VQDM/test/nature/ILSVRC2012_val_00023896.JPEG
429,VQDM,6850,GenImage_test/VQDM/test/nature/ILSVRC2012_val_00011869.JPEG
429,VQDM,6851,GenImage_test/VQDM/test/nature/ILSVRC2012_val_00001288.JPEG
429,VQDM,6852,GenImage_test/VQDM/test/nature/ILSVRC2012_val_00005860.JPEG
429,VQDM,6853,GenImage_test/VQDM/test/ai/VQDM_1000_200_01_120_vqdm_00020.png
429,VQDM,6854,GenImage_test/VQDM/test/ai/VQDM_1000_200_03_331_vqdm_00035.png
429,VQDM,6855,GenImage_test/VQDM/test/nature/ILSVRC2012_val_00034016.JPEG
429,VQDM,6856,GenImage_test/VQDM/test/nature/ILSVRC2012_val_00017597.JPEG
429,VQDM,6857,GenImage_test/VQDM/test/ai/VQDM_1000_200_02_248_vqdm_00127.png
429,VQDM,6858,GenImage_test/VQDM/test/nature/ILSVRC2012_val_00032011.JPEG
429,VQDM,6859,GenImage_test/VQDM/test/ai/VQDM_1000_200_07_765_vqdm_00035.png
429,VQDM,6860,GenImage_test/VQDM/test/ai/VQDM_1000_200_07_711_vqdm_00035.png
429,VQDM,6861,GenImage_test/VQDM/test/ai/VQDM_1000_200_02_296_vqdm_00127.png
429,VQDM,6862,GenImage_test/VQDM/test/nature/ILSVRC2012_val_00035599.JPEG
429,VQDM,6863,GenImage_test/VQDM/test/ai/VQDM_1000_200_04_480_vqdm_00020.png
430,VQDM,6864,GenImage_test/VQDM/test/nature/ILSVRC2012_val_00002536.JPEG
430,VQDM,6865,GenImage_test/VQDM/test/ai/VQDM_1000_200_08_879_vqdm_00143.png
430,VQDM,6866,GenImage_test/VQDM/test/ai/VQDM_1000_200_07_784_vqdm_00035.png
430,VQDM,6867,GenImage_test/VQDM/test/ai/VQDM_1000_200_05_549_vqdm_00127.png
430,VQDM,6868,GenImage_test/VQDM/test/nature/ILSVRC2012_val_00015079.JPEG
430,VQDM,6869,GenImage_test/VQDM/test/ai/VQDM_1000_200_09_959_vqdm_00074.png
430,VQDM,6870,GenImage_test/VQDM/test/ai/VQDM_1000_200_05_502_vqdm_00035.png
430,VQDM,6871,GenImage_test/VQDM/test/nature/ILSVRC2012_val_00040509.JPEG
430,VQDM,6872,GenImage_test/VQDM/test/nature/ILSVRC2012_val_00033386.JPEG
430,VQDM,6873,GenImage_test/VQDM/test/ai/VQDM_1000_200_09_936_vqdm_00039.png
430,VQDM,6874,GenImage_test/VQDM/test/nature/ILSVRC2012_val_00036610.JPEG
430,VQDM,6875,GenImage_test/VQDM/test/ai/VQDM_1000_200_01_178_vqdm_00039.png
430,VQDM,6876,GenImage_test/VQDM/test/ai/VQDM_1000_200_04_429_vqdm_00074.png
430,VQDM,6877,GenImage_test/VQDM/test/ai/VQDM_1000_200_05_539_vqdm_00074.png
430,VQDM,6878,GenImage_test/VQDM/test/nature/ILSVRC2012_val_00031953.JPEG
430,VQDM,6879,GenImage_test/VQDM/test/ai/VQDM_1000_200_02_275_vqdm_00127.png
431,VQDM,6880,GenImage_test/VQDM/test/ai/VQDM_1000_200_02_203_vqdm_00127.png
431,VQDM,6881,GenImage_test/VQDM/test/nature/ILSVRC2012_val_00017574.JPEG
431,VQDM,6882,GenImage_test/VQDM/test/ai/VQDM_1000_200_00_038_vqdm_00074.png
431,VQDM,6883,GenImage_test/VQDM/test/ai/VQDM_1000_200_02_220_vqdm_00020.png
431,VQDM,6884,GenImage_test/VQDM/test/ai/VQDM_1000_200_02_287_vqdm_00143.png
431,VQDM,6885,GenImage_test/VQDM/test/ai/VQDM_1000_200_09_902_vqdm_00039.png
431,VQDM,6886,GenImage_test/VQDM/test/ai/VQDM_1000_200_05_506_vqdm_00035.png
431,VQDM,6887,GenImage_test/VQDM/test/nature/ILSVRC2012_val_00011577.JPEG
431,VQDM,6888,GenImage_test/VQDM/test/nature/ILSVRC2012_val_00011323.JPEG
431,VQDM,6889,GenImage_test/VQDM/test/ai/VQDM_1000_200_00_066_vqdm_00039.png
431,VQDM,6890,GenImage_test/VQDM/test/ai/VQDM_1000_200_03_309_vqdm_00074.png
431,VQDM,6891,GenImage_test/VQDM/test/nature/ILSVRC2012_val_00022235.JPEG
431,VQDM,6892,GenImage_test/VQDM/test/ai/VQDM_1000_200_04_413_vqdm_00074.png
431,VQDM,6893,GenImage_test/VQDM/test/ai/VQDM_1000_200_04_440_vqdm_00035.png
431,VQDM,6894,GenImage_test/VQDM/test/nature/ILSVRC2012_val_00011692.JPEG
431,VQDM,6895,GenImage_test/VQDM/test/ai/VQDM_1000_200_08_854_vqdm_00039.png
432,VQDM,6896,GenImage_test/VQDM/test/ai/VQDM_1000_200_08_876_vqdm_00039.png
432,VQDM,6897,GenImage_test/VQDM/test/nature/ILSVRC2012_val_00016720.JPEG
432,VQDM,6898,GenImage_test/VQDM/test/nature/ILSVRC2012_val_00044451.JPEG
432,VQDM,6899,GenImage_test/VQDM/test/nature/ILSVRC2012_val_00018812.JPEG
432,VQDM,6900,GenImage_test/VQDM/test/nature/ILSVRC2012_val_00033124.JPEG
432,VQDM,6901,GenImage_test/VQDM/test/ai/VQDM_1000_200_03_347_vqdm_00035.png
432,VQDM,6902,GenImage_test/VQDM/test/nature/ILSVRC2012_val_00024710.JPEG
432,VQDM,6903,GenImage_test/VQDM/test/nature/ILSVRC2012_val_00039960.JPEG
432,VQDM,6904,GenImage_test/VQDM/test/nature/ILSVRC2012_val_00004676.JPEG
432,VQDM,6905,GenImage_test/VQDM/test/ai/VQDM_1000_200_06_604_vqdm_00020.png
432,VQDM,6906,GenImage_test/VQDM/test/ai/VQDM_1000_200_07_764_vqdm_00039.png
432,VQDM,6907,GenImage_test/VQDM/test/ai/VQDM_1000_200_06_607_vqdm_00074.png
432,VQDM,6908,GenImage_test/VQDM/test/ai/VQDM_1000_200_09_955_vqdm_00127.png
432,VQDM,6909,GenImage_test/VQDM/test/ai/VQDM_1000_200_06_613_vqdm_00039.png
432,VQDM,6910,GenImage_test/VQDM/test/ai/VQDM_1000_200_02_285_vqdm_00143.png
432,VQDM,6911,GenImage_test/VQDM/test/ai/VQDM_1000_200_01_179_vqdm_00143.png
433,VQDM,6912,GenImage_test/VQDM/test/ai/VQDM_1000_200_03_357_vqdm_00020.png
433,VQDM,6913,GenImage_test/VQDM/test/ai/VQDM_1000_200_00_008_vqdm_00020.png
433,VQDM,6914,GenImage_test/VQDM/test/nature/ILSVRC2012_val_00026559.JPEG
433,VQDM,6915,GenImage_test/VQDM/test/ai/VQDM_1000_200_05_581_vqdm_00127.png
433,VQDM,6916,GenImage_test/VQDM/test/nature/ILSVRC2012_val_00024369.JPEG
433,VQDM,6917,GenImage_test/VQDM/test/nature/ILSVRC2012_val_00009923.JPEG
433,VQDM,6918,GenImage_test/VQDM/test/ai/VQDM_1000_200_03_376_vqdm_00020.png
433,VQDM,6919,GenImage_test/VQDM/test/nature/ILSVRC2012_val_00030856.JPEG
433,VQDM,6920,GenImage_test/VQDM/test/ai/VQDM_1000_200_04_472_vqdm_00020.png
433,VQDM,6921,GenImage_test/VQDM/test/ai/VQDM_1000_200_00_022_vqdm_00127.png
433,VQDM,6922,GenImage_test/VQDM/test/ai/VQDM_1000_200_09_949_vqdm_00074.png
433,VQDM,6923,GenImage_test/VQDM/test/nature/ILSVRC2012_val_00032109.JPEG
433,VQDM,6924,GenImage_test/VQDM/test/nature/ILSVRC2012_val_00028470.JPEG
433,VQDM,6925,GenImage_test/VQDM/test/ai/VQDM_1000_200_04_416_vqdm_00127.png
433,VQDM,6926,GenImage_test/VQDM/test/nature/ILSVRC2012_val_00020631.JPEG
433,VQDM,6927,GenImage_test/VQDM/test/ai/VQDM_1000_200_02_287_vqdm_00020.png
434,VQDM,6928,GenImage_test/VQDM/test/nature/ILSVRC2012_val_00026623.JPEG
434,VQDM,6929,GenImage_test/VQDM/test/nature/ILSVRC2012_val_00031111.JPEG
434,VQDM,6930,GenImage_test/VQDM/test/ai/VQDM_1000_200_04_401_vqdm_00020.png
434,VQDM,6931,GenImage_test/VQDM/test/nature/ILSVRC2012_val_00028704.JPEG
434,VQDM,6932,GenImage_test/VQDM/test/nature/ILSVRC2012_val_00005535.JPEG
434,VQDM,6933,GenImage_test/VQDM/test/nature/ILSVRC2012_val_00032125.JPEG
434,VQDM,6934,GenImage_test/VQDM/test/ai/VQDM_1000_200_06_644_vqdm_00074.png
434,VQDM,6935,GenImage_test/VQDM/test/ai/VQDM_1000_200_07_742_vqdm_00143.png
434,VQDM,6936,GenImage_test/VQDM/test/nature/ILSVRC2012_val_00032303.JPEG
434,VQDM,6937,GenImage_test/VQDM/test/nature/ILSVRC2012_val_00039680.JPEG
434,VQDM,6938,GenImage_test/VQDM/test/nature/ILSVRC2012_val_00045754.JPEG
434,VQDM,6939,GenImage_test/VQDM/test/nature/ILSVRC2012_val_00030240.JPEG
434,VQDM,6940,GenImage_test/VQDM/test/nature/ILSVRC2012_val_00003704.JPEG
434,VQDM,6941,GenImage_test/VQDM/test/ai/VQDM_1000_200_02_218_vqdm_00020.png
434,VQDM,6942,GenImage_test/VQDM/test/ai/VQDM_1000_200_07_752_vqdm_00143.png
434,VQDM,6943,GenImage_test/VQDM/test/nature/ILSVRC2012_val_00002331.JPEG
435,VQDM,6944,GenImage_test/VQDM/test/ai/VQDM_1000_200_06_680_vqdm_00074.png
435,VQDM,6945,GenImage_test/VQDM/test/ai/VQDM_1000_200_03_391_vqdm_00143.png
435,VQDM,6946,GenImage_test/VQDM/test/ai/VQDM_1000_200_06_618_vqdm_00074.png
435,VQDM,6947,GenImage_test/VQDM/test/nature/ILSVRC2012_val_00018312.JPEG
435,VQDM,6948,GenImage_test/VQDM/test/ai/VQDM_1000_200_05_547_vqdm_00143.png
435,VQDM,6949,GenImage_test/VQDM/test/nature/ILSVRC2012_val_00040448.JPEG
435,VQDM,6950,GenImage_test/VQDM/test/ai/VQDM_1000_200_03_309_vqdm_00143.png
435,VQDM,6951,GenImage_test/VQDM/test/ai/VQDM_1000_200_07_723_vqdm_00039.png
435,VQDM,6952,GenImage_test/VQDM/test/nature/ILSVRC2012_val_00009549.JPEG
435,VQDM,6953,GenImage_test/VQDM/test/nature/ILSVRC2012_val_00030152.JPEG
435,VQDM,6954,GenImage_test/VQDM/test/nature/ILSVRC2012_val_00014105.JPEG
435,VQDM,6955,GenImage_test/VQDM/test/ai/VQDM_1000_200_06_617_vqdm_00074.png
435,VQDM,6956,GenImage_test/VQDM/test/ai/VQDM_1000_200_05_569_vqdm_00143.png
435,VQDM,6957,GenImage_test/VQDM/test/ai/VQDM_1000_200_02_282_vqdm_00143.png
435,VQDM,6958,GenImage_test/VQDM/test/nature/ILSVRC2012_val_00003590.JPEG
435,VQDM,6959,GenImage_test/VQDM/test/ai/VQDM_1000_200_08_898_vqdm_00127.png
436,VQDM,6960,GenImage_test/VQDM/test/nature/ILSVRC2012_val_00002788.JPEG
436,VQDM,6961,GenImage_test/VQDM/test/ai/VQDM_1000_200_05_596_vqdm_00035.png
436,VQDM,6962,GenImage_test/VQDM/test/nature/ILSVRC2012_val_00008774.JPEG
436,VQDM,6963,GenImage_test/VQDM/test/nature/ILSVRC2012_val_00028555.JPEG
436,VQDM,6964,GenImage_test/VQDM/test/nature/ILSVRC2012_val_00043373.JPEG
436,VQDM,6965,GenImage_test/VQDM/test/nature/ILSVRC2012_val_00043284.JPEG
436,VQDM,6966,GenImage_test/VQDM/test/ai/VQDM_1000_200_01_163_vqdm_00020.png
436,VQDM,6967,GenImage_test/VQDM/test/nature/ILSVRC2012_val_00001912.JPEG
436,VQDM,6968,GenImage_test/VQDM/test/ai/VQDM_1000_200_09_935_vqdm_00074.png
436,VQDM,6969,GenImage_test/VQDM/test/ai/VQDM_1000_200_04_492_vqdm_00074.png
436,VQDM,6970,GenImage_test/VQDM/test/ai/VQDM_1000_200_08_887_vqdm_00035.png
436,VQDM,6971,GenImage_test/VQDM/test/nature/ILSVRC2012_val_00028688.JPEG
436,VQDM,6972,GenImage_test/VQDM/test/ai/VQDM_1000_200_04_430_vqdm_00020.png
436,VQDM,6973,GenImage_test/VQDM/test/nature/ILSVRC2012_val_00023195.JPEG
436,VQDM,6974,GenImage_test/VQDM/test/ai/VQDM_1000_200_02_269_vqdm_00039.png
436,VQDM,6975,GenImage_test/VQDM/test/ai/VQDM_1000_200_04_499_vqdm_00035.png
437,VQDM,6976,GenImage_test/VQDM/test/nature/ILSVRC2012_val_00042794.JPEG
437,VQDM,6977,GenImage_test/VQDM/test/nature/ILSVRC2012_val_00009447.JPEG
437,VQDM,6978,GenImage_test/VQDM/test/ai/VQDM_1000_200_08_838_vqdm_00035.png
437,VQDM,6979,GenImage_test/VQDM/test/nature/ILSVRC2012_val_00002629.JPEG
437,VQDM,6980,GenImage_test/VQDM/test/nature/ILSVRC2012_val_00009311.JPEG
437,VQDM,6981,GenImage_test/VQDM/test/nature/ILSVRC2012_val_00042777.JPEG
437,VQDM,6982,GenImage_test/VQDM/test/ai/VQDM_1000_200_00_006_vqdm_00039.png
437,VQDM,6983,GenImage_test/VQDM/test/ai/VQDM_1000_200_04_423_vqdm_00039.png
437,VQDM,6984,GenImage_test/VQDM/test/nature/ILSVRC2012_val_00027780.JPEG
437,VQDM,6985,GenImage_test/VQDM/test/nature/ILSVRC2012_val_00010172.JPEG
437,VQDM,6986,GenImage_test/VQDM/test/nature/ILSVRC2012_val_00014700.JPEG
437,VQDM,6987,GenImage_test/VQDM/test/ai/VQDM_1000_200_00_073_vqdm_00039.png
437,VQDM,6988,GenImage_test/VQDM/test/nature/ILSVRC2012_val_00040722.JPEG
437,VQDM,6989,GenImage_test/VQDM/test/nature/ILSVRC2012_val_00038013.JPEG
437,VQDM,6990,GenImage_test/VQDM/test/nature/ILSVRC2012_val_00024463.JPEG
437,VQDM,6991,GenImage_test/VQDM/test/nature/ILSVRC2012_val_00044218.JPEG
438,VQDM,6992,GenImage_test/VQDM/test/nature/ILSVRC2012_val_00001598.JPEG
438,VQDM,6993,GenImage_test/VQDM/test/ai/VQDM_1000_200_05_592_vqdm_00035.png
438,VQDM,6994,GenImage_test/VQDM/test/nature/ILSVRC2012_val_00016770.JPEG
438,VQDM,6995,GenImage_test/VQDM/test/nature/ILSVRC2012_val_00046642.JPEG
438,VQDM,6996,GenImage_test/VQDM/test/ai/VQDM_1000_200_02_263_vqdm_00020.png
438,VQDM,6997,GenImage_test/VQDM/test/nature/ILSVRC2012_val_00038237.JPEG
438,VQDM,6998,GenImage_test/VQDM/test/ai/VQDM_1000_200_06_689_vqdm_00074.png
438,VQDM,6999,GenImage_test/VQDM/test/ai/VQDM_1000_200_03_359_vqdm_00039.png
438,VQDM,7000,GenImage_test/VQDM/test/ai/VQDM_1000_200_02_291_vqdm_00035.png
438,VQDM,7001,GenImage_test/VQDM/test/nature/ILSVRC2012_val_00038769.JPEG
438,VQDM,7002,GenImage_test/VQDM/test/nature/ILSVRC2012_val_00021790.JPEG
438,VQDM,7003,GenImage_test/VQDM/test/ai/VQDM_1000_200_00_070_vqdm_00035.png
438,VQDM,7004,GenImage_test/VQDM/test/ai/VQDM_1000_200_03_332_vqdm_00074.png
438,VQDM,7005,GenImage_test/VQDM/test/ai/VQDM_1000_200_01_154_vqdm_00035.png
438,VQDM,7006,GenImage_test/VQDM/test/ai/VQDM_1000_200_07_762_vqdm_00143.png
438,VQDM,7007,GenImage_test/VQDM/test/ai/VQDM_1000_200_06_696_vqdm_00143.png
439,VQDM,7008,GenImage_test/VQDM/test/nature/ILSVRC2012_val_00009609.JPEG
439,VQDM,7009,GenImage_test/VQDM/test/nature/ILSVRC2012_val_00020607.JPEG
439,VQDM,7010,GenImage_test/VQDM/test/nature/ILSVRC2012_val_00009065.JPEG
439,VQDM,7011,GenImage_test/VQDM/test/ai/VQDM_1000_200_09_920_vqdm_00143.png
439,VQDM,7012,GenImage_test/VQDM/test/nature/ILSVRC2012_val_00037326.JPEG
439,VQDM,7013,GenImage_test/VQDM/test/ai/VQDM_1000_200_04_468_vqdm_00127.png
439,VQDM,7014,GenImage_test/VQDM/test/nature/ILSVRC2012_val_00046623.JPEG
439,VQDM,7015,GenImage_test/VQDM/test/nature/ILSVRC2012_val_00006430.JPEG
439,VQDM,7016,GenImage_test/VQDM/test/ai/VQDM_1000_200_04_441_vqdm_00074.png
439,VQDM,7017,GenImage_test/VQDM/test/ai/VQDM_1000_200_04_414_vqdm_00039.png
439,VQDM,7018,GenImage_test/VQDM/test/nature/ILSVRC2012_val_00038712.JPEG
439,VQDM,7019,GenImage_test/VQDM/test/ai/VQDM_1000_200_07_769_vqdm_00039.png
439,VQDM,7020,GenImage_test/VQDM/test/nature/ILSVRC2012_val_00034962.JPEG
439,VQDM,7021,GenImage_test/VQDM/test/ai/VQDM_1000_200_02_220_vqdm_00127.png
439,VQDM,7022,GenImage_test/VQDM/test/ai/VQDM_1000_200_03_341_vqdm_00035.png
439,VQDM,7023,GenImage_test/VQDM/test/ai/VQDM_1000_200_02_237_vqdm_00039.png
440,VQDM,7024,GenImage_test/VQDM/test/ai/VQDM_1000_200_04_428_vqdm_00074.png
440,VQDM,7025,GenImage_test/VQDM/test/ai/VQDM_1000_200_03_344_vqdm_00035.png
440,VQDM,7026,GenImage_test/VQDM/test/ai/VQDM_1000_200_01_172_vqdm_00039.png
440,VQDM,7027,GenImage_test/VQDM/test/nature/ILSVRC2012_val_00047425.JPEG
440,VQDM,7028,GenImage_test/VQDM/test/nature/ILSVRC2012_val_00020330.JPEG
440,VQDM,7029,GenImage_test/VQDM/test/nature/ILSVRC2012_val_00005625.JPEG
440,VQDM,7030,GenImage_test/VQDM/test/ai/VQDM_1000_200_07_789_vqdm_00143.png
440,VQDM,7031,GenImage_test/VQDM/test/nature/ILSVRC2012_val_00038205.JPEG
440,VQDM,7032,GenImage_test/VQDM/test/ai/VQDM_1000_200_03_310_vqdm_00143.png
440,VQDM,7033,GenImage_test/VQDM/test/ai/VQDM_1000_200_02_278_vqdm_00039.png
440,VQDM,7034,GenImage_test/VQDM/test/ai/VQDM_1000_200_06_690_vqdm_00039.png
440,VQDM,7035,GenImage_test/VQDM/test/nature/ILSVRC2012_val_00001966.JPEG
440,VQDM,7036,GenImage_test/VQDM/test/nature/ILSVRC2012_val_00000398.JPEG
440,VQDM,7037,GenImage_test/VQDM/test/ai/VQDM_1000_200_06_620_vqdm_00143.png
440,VQDM,7038,GenImage_test/VQDM/test/nature/ILSVRC2012_val_00011911.JPEG
440,VQDM,7039,GenImage_test/VQDM/test/nature/ILSVRC2012_val_00025017.JPEG
441,VQDM,7040,GenImage_test/VQDM/test/nature/ILSVRC2012_val_00047153.JPEG
441,VQDM,7041,GenImage_test/VQDM/test/ai/VQDM_1000_200_01_120_vqdm_00127.png
441,VQDM,7042,GenImage_test/VQDM/test/nature/ILSVRC2012_val_00024943.JPEG
441,VQDM,7043,GenImage_test/VQDM/test/ai/VQDM_1000_200_03_398_vqdm_00020.png
441,VQDM,7044,GenImage_test/VQDM/test/ai/VQDM_1000_200_02_236_vqdm_00127.png
441,VQDM,7045,GenImage_test/VQDM/test/ai/VQDM_1000_200_06_606_vqdm_00127.png
441,VQDM,7046,GenImage_test/VQDM/test/ai/VQDM_1000_200_02_297_vqdm_00143.png
441,VQDM,7047,GenImage_test/VQDM/test/nature/ILSVRC2012_val_00046217.JPEG
441,VQDM,7048,GenImage_test/VQDM/test/ai/VQDM_1000_200_09_948_vqdm_00035.png
441,VQDM,7049,GenImage_test/VQDM/test/nature/ILSVRC2012_val_00021326.JPEG
441,VQDM,7050,GenImage_test/VQDM/test/ai/VQDM_1000_200_08_816_vqdm_00035.png
441,VQDM,7051,GenImage_test/VQDM/test/ai/VQDM_1000_200_07_770_vqdm_00039.png
441,VQDM,7052,GenImage_test/VQDM/test/nature/ILSVRC2012_val_00002019.JPEG
441,VQDM,7053,GenImage_test/VQDM/test/nature/ILSVRC2012_val_00039595.JPEG
441,VQDM,7054,GenImage_test/VQDM/test/ai/VQDM_1000_200_02_272_vqdm_00039.png
441,VQDM,7055,GenImage_test/VQDM/test/ai/VQDM_1000_200_09_908_vqdm_00039.png
442,VQDM,7056,GenImage_test/VQDM/test/ai/VQDM_1000_200_08_803_vqdm_00039.png
442,VQDM,7057,GenImage_test/VQDM/test/nature/ILSVRC2012_val_00019919.JPEG
442,VQDM,7058,GenImage_test/VQDM/test/nature/ILSVRC2012_val_00045262.JPEG
442,VQDM,7059,GenImage_test/VQDM/test/ai/VQDM_1000_200_02_279_vqdm_00035.png
442,VQDM,7060,GenImage_test/VQDM/test/nature/ILSVRC2012_val_00013883.JPEG
442,VQDM,7061,GenImage_test/VQDM/test/nature/ILSVRC2012_val_00000473.JPEG
442,VQDM,7062,GenImage_test/VQDM/test/ai/VQDM_1000_200_08_850_vqdm_00020.png
442,VQDM,7063,GenImage_test/VQDM/test/nature/ILSVRC2012_val_00047954.JPEG
442,VQDM,7064,GenImage_test/VQDM/test/ai/VQDM_1000_200_08_894_vqdm_00035.png
442,VQDM,7065,GenImage_test/VQDM/test/ai/VQDM_1000_200_07_733_vqdm_00020.png
442,VQDM,7066,GenImage_test/VQDM/test/nature/ILSVRC2012_val_00026689.JPEG
442,VQDM,7067,GenImage_test/VQDM/test/ai/VQDM_1000_200_06_654_vqdm_00035.png
442,VQDM,7068,GenImage_test/VQDM/test/ai/VQDM_1000_200_05_573_vqdm_00035.png
442,VQDM,7069,GenImage_test/VQDM/test/ai/VQDM_1000_200_02_257_vqdm_00020.png
442,VQDM,7070,GenImage_test/VQDM/test/ai/VQDM_1000_200_02_253_vqdm_00074.png
442,VQDM,7071,GenImage_test/VQDM/test/ai/VQDM_1000_200_04_436_vqdm_00020.png
443,VQDM,7072,GenImage_test/VQDM/test/nature/ILSVRC2012_val_00025468.JPEG
443,VQDM,7073,GenImage_test/VQDM/test/nature/ILSVRC2012_val_00019820.JPEG
443,VQDM,7074,GenImage_test/VQDM/test/nature/ILSVRC2012_val_00013009.JPEG
443,VQDM,7075,GenImage_test/VQDM/test/ai/VQDM_1000_200_05_587_vqdm_00039.png
443,VQDM,7076,GenImage_test/VQDM/test/nature/ILSVRC2012_val_00002247.JPEG
443,VQDM,7077,GenImage_test/VQDM/test/ai/VQDM_1000_200_06_667_vqdm_00127.png
443,VQDM,7078,GenImage_test/VQDM/test/ai/VQDM_1000_200_08_892_vqdm_00020.png
443,VQDM,7079,GenImage_test/VQDM/test/ai/VQDM_1000_200_05_542_vqdm_00074.png
443,VQDM,7080,GenImage_test/VQDM/test/ai/VQDM_1000_200_02_261_vqdm_00035.png
443,VQDM,7081,GenImage_test/VQDM/test/nature/ILSVRC2012_val_00012892.JPEG
443,VQDM,7082,GenImage_test/VQDM/test/ai/VQDM_1000_200_01_196_vqdm_00143.png
443,VQDM,7083,GenImage_test/VQDM/test/nature/ILSVRC2012_val_00045760.JPEG
443,VQDM,7084,GenImage_test/VQDM/test/nature/ILSVRC2012_val_00015525.JPEG
443,VQDM,7085,GenImage_test/VQDM/test/nature/ILSVRC2012_val_00000643.JPEG
443,VQDM,7086,GenImage_test/VQDM/test/nature/ILSVRC2012_val_00031225.JPEG
443,VQDM,7087,GenImage_test/VQDM/test/ai/VQDM_1000_200_01_171_vqdm_00143.png
444,VQDM,7088,GenImage_test/VQDM/test/nature/ILSVRC2012_val_00015313.JPEG
444,VQDM,7089,GenImage_test/VQDM/test/nature/ILSVRC2012_val_00021356.JPEG
444,VQDM,7090,GenImage_test/VQDM/test/ai/VQDM_1000_200_02_283_vqdm_00039.png
444,VQDM,7091,GenImage_test/VQDM/test/nature/ILSVRC2012_val_00039568.JPEG
444,VQDM,7092,GenImage_test/VQDM/test/ai/VQDM_1000_200_09_959_vqdm_00143.png
444,VQDM,7093,GenImage_test/VQDM/test/nature/ILSVRC2012_val_00022451.JPEG
444,VQDM,7094,GenImage_test/VQDM/test/ai/VQDM_1000_200_08_857_vqdm_00035.png
444,VQDM,7095,GenImage_test/VQDM/test/nature/ILSVRC2012_val_00011800.JPEG
444,VQDM,7096,GenImage_test/VQDM/test/ai/VQDM_1000_200_03_355_vqdm_00127.png
444,VQDM,7097,GenImage_test/VQDM/test/ai/VQDM_1000_200_06_611_vqdm_00035.png
444,VQDM,7098,GenImage_test/VQDM/test/nature/ILSVRC2012_val_00032405.JPEG
444,VQDM,7099,GenImage_test/VQDM/test/ai/VQDM_1000_200_03_363_vqdm_00035.png
444,VQDM,7100,GenImage_test/VQDM/test/nature/ILSVRC2012_val_00044359.JPEG
444,VQDM,7101,GenImage_test/VQDM/test/ai/VQDM_1000_200_08_842_vqdm_00143.png
444,VQDM,7102,GenImage_test/VQDM/test/ai/VQDM_1000_200_09_919_vqdm_00020.png
444,VQDM,7103,GenImage_test/VQDM/test/nature/ILSVRC2012_val_00027079.JPEG
445,VQDM,7104,GenImage_test/VQDM/test/nature/ILSVRC2012_val_00048925.JPEG
445,VQDM,7105,GenImage_test/VQDM/test/ai/VQDM_1000_200_07_738_vqdm_00035.png
445,VQDM,7106,GenImage_test/VQDM/test/nature/ILSVRC2012_val_00045406.JPEG
445,VQDM,7107,GenImage_test/VQDM/test/ai/VQDM_1000_200_03_363_vqdm_00039.png
445,VQDM,7108,GenImage_test/VQDM/test/nature/ILSVRC2012_val_00037011.JPEG
445,VQDM,7109,GenImage_test/VQDM/test/nature/ILSVRC2012_val_00014007.JPEG
445,VQDM,7110,GenImage_test/VQDM/test/nature/ILSVRC2012_val_00037256.JPEG
445,VQDM,7111,GenImage_test/VQDM/test/ai/VQDM_1000_200_02_240_vqdm_00143.png
445,VQDM,7112,GenImage_test/VQDM/test/ai/VQDM_1000_200_03_312_vqdm_00035.png
445,VQDM,7113,GenImage_test/VQDM/test/nature/ILSVRC2012_val_00006997.JPEG
445,VQDM,7114,GenImage_test/VQDM/test/nature/ILSVRC2012_val_00004377.JPEG
445,VQDM,7115,GenImage_test/VQDM/test/nature/ILSVRC2012_val_00005262.JPEG
445,VQDM,7116,GenImage_test/VQDM/test/nature/ILSVRC2012_val_00021737.JPEG
445,VQDM,7117,GenImage_test/VQDM/test/ai/VQDM_1000_200_00_047_vqdm_00074.png
445,VQDM,7118,GenImage_test/VQDM/test/nature/ILSVRC2012_val_00009842.JPEG
445,VQDM,7119,GenImage_test/VQDM/test/nature/ILSVRC2012_val_00030908.JPEG
446,VQDM,7120,GenImage_test/VQDM/test/nature/ILSVRC2012_val_00002838.JPEG
446,VQDM,7121,GenImage_test/VQDM/test/nature/ILSVRC2012_val_00009425.JPEG
446,VQDM,7122,GenImage_test/VQDM/test/nature/ILSVRC2012_val_00025694.JPEG
446,VQDM,7123,GenImage_test/VQDM/test/ai/VQDM_1000_200_01_143_vqdm_00074.png
446,VQDM,7124,GenImage_test/VQDM/test/nature/ILSVRC2012_val_00048456.JPEG
446,VQDM,7125,GenImage_test/VQDM/test/ai/VQDM_1000_200_01_150_vqdm_00143.png
446,VQDM,7126,GenImage_test/VQDM/test/ai/VQDM_1000_200_07_757_vqdm_00143.png
446,VQDM,7127,GenImage_test/VQDM/test/ai/VQDM_1000_200_04_476_vqdm_00127.png
446,VQDM,7128,GenImage_test/VQDM/test/ai/VQDM_1000_200_06_651_vqdm_00039.png
446,VQDM,7129,GenImage_test/VQDM/test/ai/VQDM_1000_200_01_168_vqdm_00127.png
446,VQDM,7130,GenImage_test/VQDM/test/nature/ILSVRC2012_val_00043052.JPEG
446,VQDM,7131,GenImage_test/VQDM/test/nature/ILSVRC2012_val_00029376.JPEG
446,VQDM,7132,GenImage_test/VQDM/test/nature/ILSVRC2012_val_00001047.JPEG
446,VQDM,7133,GenImage_test/VQDM/test/ai/VQDM_1000_200_07_781_vqdm_00035.png
446,VQDM,7134,GenImage_test/VQDM/test/ai/VQDM_1000_200_07_779_vqdm_00039.png
446,VQDM,7135,GenImage_test/VQDM/test/ai/VQDM_1000_200_03_356_vqdm_00035.png
447,VQDM,7136,GenImage_test/VQDM/test/nature/ILSVRC2012_val_00002236.JPEG
447,VQDM,7137,GenImage_test/VQDM/test/nature/ILSVRC2012_val_00001531.JPEG
447,VQDM,7138,GenImage_test/VQDM/test/ai/VQDM_1000_200_02_241_vqdm_00039.png
447,VQDM,7139,GenImage_test/VQDM/test/ai/VQDM_1000_200_09_911_vqdm_00020.png
447,VQDM,7140,GenImage_test/VQDM/test/nature/ILSVRC2012_val_00027239.JPEG
447,VQDM,7141,GenImage_test/VQDM/test/ai/VQDM_1000_200_00_036_vqdm_00035.png
447,VQDM,7142,GenImage_test/VQDM/test/nature/ILSVRC2012_val_00021919.JPEG
447,VQDM,7143,GenImage_test/VQDM/test/nature/ILSVRC2012_val_00008438.JPEG
447,VQDM,7144,GenImage_test/VQDM/test/nature/ILSVRC2012_val_00003695.JPEG
447,VQDM,7145,GenImage_test/VQDM/test/nature/ILSVRC2012_val_00024461.JPEG
447,VQDM,7146,GenImage_test/VQDM/test/ai/VQDM_1000_200_02_265_vqdm_00039.png
447,VQDM,7147,GenImage_test/VQDM/test/nature/ILSVRC2012_val_00029532.JPEG
447,VQDM,7148,GenImage_test/VQDM/test/ai/VQDM_1000_200_05_504_vqdm_00074.png
447,VQDM,7149,GenImage_test/VQDM/test/nature/ILSVRC2012_val_00012465.JPEG
447,VQDM,7150,GenImage_test/VQDM/test/ai/VQDM_1000_200_07_720_vqdm_00035.png
447,VQDM,7151,GenImage_test/VQDM/test/ai/VQDM_1000_200_07_788_vqdm_00035.png
448,VQDM,7152,GenImage_test/VQDM/test/ai/VQDM_1000_200_00_085_vqdm_00127.png
448,VQDM,7153,GenImage_test/VQDM/test/ai/VQDM_1000_200_01_145_vqdm_00020.png
448,VQDM,7154,GenImage_test/VQDM/test/nature/ILSVRC2012_val_00030681.JPEG
448,VQDM,7155,GenImage_test/VQDM/test/ai/VQDM_1000_200_06_626_vqdm_00127.png
448,VQDM,7156,GenImage_test/VQDM/test/ai/VQDM_1000_200_02_298_vqdm_00074.png
448,VQDM,7157,GenImage_test/VQDM/test/nature/ILSVRC2012_val_00003700.JPEG
448,VQDM,7158,GenImage_test/VQDM/test/nature/ILSVRC2012_val_00028369.JPEG
448,VQDM,7159,GenImage_test/VQDM/test/ai/VQDM_1000_200_01_180_vqdm_00143.png
448,VQDM,7160,GenImage_test/VQDM/test/ai/VQDM_1000_200_00_030_vqdm_00035.png
448,VQDM,7161,GenImage_test/VQDM/test/ai/VQDM_1000_200_05_554_vqdm_00035.png
448,VQDM,7162,GenImage_test/VQDM/test/nature/ILSVRC2012_val_00003865.JPEG
448,VQDM,7163,GenImage_test/VQDM/test/nature/ILSVRC2012_val_00048040.JPEG
448,VQDM,7164,GenImage_test/VQDM/test/ai/VQDM_1000_200_02_258_vqdm_00039.png
448,VQDM,7165,GenImage_test/VQDM/test/ai/VQDM_1000_200_02_293_vqdm_00035.png
448,VQDM,7166,GenImage_test/VQDM/test/ai/VQDM_1000_200_03_356_vqdm_00127.png
448,VQDM,7167,GenImage_test/VQDM/test/ai/VQDM_1000_200_08_843_vqdm_00143.png
449,VQDM,7168,GenImage_test/VQDM/test/nature/ILSVRC2012_val_00027002.JPEG
449,VQDM,7169,GenImage_test/VQDM/test/nature/ILSVRC2012_val_00024863.JPEG
449,VQDM,7170,GenImage_test/VQDM/test/ai/VQDM_1000_200_02_246_vqdm_00035.png
449,VQDM,7171,GenImage_test/VQDM/test/nature/ILSVRC2012_val_00042278.JPEG
449,VQDM,7172,GenImage_test/VQDM/test/ai/VQDM_1000_200_09_947_vqdm_00035.png
449,VQDM,7173,GenImage_test/VQDM/test/nature/ILSVRC2012_val_00029243.JPEG
449,VQDM,7174,GenImage_test/VQDM/test/nature/ILSVRC2012_val_00023365.JPEG
449,VQDM,7175,GenImage_test/VQDM/test/nature/ILSVRC2012_val_00035289.JPEG
449,VQDM,7176,GenImage_test/VQDM/test/ai/VQDM_1000_200_02_266_vqdm_00020.png
449,VQDM,7177,GenImage_test/VQDM/test/nature/ILSVRC2012_val_00009432.JPEG
449,VQDM,7178,GenImage_test/VQDM/test/ai/VQDM_1000_200_01_112_vqdm_00039.png
449,VQDM,7179,GenImage_test/VQDM/test/ai/VQDM_1000_200_06_641_vqdm_00035.png
449,VQDM,7180,GenImage_test/VQDM/test/nature/ILSVRC2012_val_00002220.JPEG
449,VQDM,7181,GenImage_test/VQDM/test/nature/ILSVRC2012_val_00028425.JPEG
449,VQDM,7182,GenImage_test/VQDM/test/nature/ILSVRC2012_val_00033535.JPEG
449,VQDM,7183,GenImage_test/VQDM/test/ai/VQDM_1000_200_00_041_vqdm_00039.png
450,VQDM,7184,GenImage_test/VQDM/test/nature/ILSVRC2012_val_00028049.JPEG
450,VQDM,7185,GenImage_test/VQDM/test/nature/ILSVRC2012_val_00039132.JPEG
450,VQDM,7186,GenImage_test/VQDM/test/ai/VQDM_1000_200_01_181_vqdm_00074.png
450,VQDM,7187,GenImage_test/VQDM/test/nature/ILSVRC2012_val_00023468.JPEG
450,VQDM,7188,GenImage_test/VQDM/test/nature/ILSVRC2012_val_00027913.JPEG
450,VQDM,7189,GenImage_test/VQDM/test/nature/ILSVRC2012_val_00000149.JPEG
450,VQDM,7190,GenImage_test/VQDM/test/ai/VQDM_1000_200_07_732_vqdm_00039.png
450,VQDM,7191,GenImage_test/VQDM/test/nature/ILSVRC2012_val_00011827.JPEG
450,VQDM,7192,GenImage_test/VQDM/test/ai/VQDM_1000_200_08_871_vqdm_00039.png
450,VQDM,7193,GenImage_test/VQDM/test/nature/ILSVRC2012_val_00003710.JPEG
450,VQDM,7194,GenImage_test/VQDM/test/ai/VQDM_1000_200_03_323_vqdm_00127.png
450,VQDM,7195,GenImage_test/VQDM/test/ai/VQDM_1000_200_01_163_vqdm_00039.png
450,VQDM,7196,GenImage_test/VQDM/test/nature/ILSVRC2012_val_00012793.JPEG
450,VQDM,7197,GenImage_test/VQDM/test/ai/VQDM_1000_200_08_809_vqdm_00127.png
450,VQDM,7198,GenImage_test/VQDM/test/nature/ILSVRC2012_val_00029616.JPEG
450,VQDM,7199,GenImage_test/VQDM/test/ai/VQDM_1000_200_08_819_vqdm_00039.png
451,VQDM,7200,GenImage_test/VQDM/test/nature/ILSVRC2012_val_00048486.JPEG
451,VQDM,7201,GenImage_test/VQDM/test/nature/ILSVRC2012_val_00006780.JPEG
451,VQDM,7202,GenImage_test/VQDM/test/ai/VQDM_1000_200_00_066_vqdm_00127.png
451,VQDM,7203,GenImage_test/VQDM/test/ai/VQDM_1000_200_05_539_vqdm_00035.png
451,VQDM,7204,GenImage_test/VQDM/test/ai/VQDM_1000_200_08_883_vqdm_00020.png
451,VQDM,7205,GenImage_test/VQDM/test/nature/ILSVRC2012_val_00008291.JPEG
451,VQDM,7206,GenImage_test/VQDM/test/ai/VQDM_1000_200_02_299_vqdm_00127.png
451,VQDM,7207,GenImage_test/VQDM/test/nature/ILSVRC2012_val_00040593.JPEG
451,VQDM,7208,GenImage_test/VQDM/test/ai/VQDM_1000_200_03_398_vqdm_00127.png
451,VQDM,7209,GenImage_test/VQDM/test/ai/VQDM_1000_200_04_479_vqdm_00039.png
451,VQDM,7210,GenImage_test/VQDM/test/nature/ILSVRC2012_val_00049399.JPEG
451,VQDM,7211,GenImage_test/VQDM/test/ai/VQDM_1000_200_01_159_vqdm_00074.png
451,VQDM,7212,GenImage_test/VQDM/test/nature/ILSVRC2012_val_00038875.JPEG
451,VQDM,7213,GenImage_test/VQDM/test/ai/VQDM_1000_200_04_404_vqdm_00035.png
451,VQDM,7214,GenImage_test/VQDM/test/nature/ILSVRC2012_val_00013788.JPEG
451,VQDM,7215,GenImage_test/VQDM/test/ai/VQDM_1000_200_02_272_vqdm_00035.png
452,VQDM,7216,GenImage_test/VQDM/test/ai/VQDM_1000_200_04_488_vqdm_00143.png
452,VQDM,7217,GenImage_test/VQDM/test/nature/ILSVRC2012_val_00000004.JPEG
452,VQDM,7218,GenImage_test/VQDM/test/nature/ILSVRC2012_val_00039424.JPEG
452,VQDM,7219,GenImage_test/VQDM/test/ai/VQDM_1000_200_09_952_vqdm_00127.png
452,VQDM,7220,GenImage_test/VQDM/test/ai/VQDM_1000_200_01_124_vqdm_00074.png
452,VQDM,7221,GenImage_test/VQDM/test/ai/VQDM_1000_200_03_317_vqdm_00143.png
452,VQDM,7222,GenImage_test/VQDM/test/ai/VQDM_1000_200_08_810_vqdm_00035.png
452,VQDM,7223,GenImage_test/VQDM/test/ai/VQDM_1000_200_08_840_vqdm_00035.png
452,VQDM,7224,GenImage_test/VQDM/test/ai/VQDM_1000_200_00_094_vqdm_00035.png
452,VQDM,7225,GenImage_test/VQDM/test/ai/VQDM_1000_200_05_566_vqdm_00035.png
452,VQDM,7226,GenImage_test/VQDM/test/ai/VQDM_1000_200_03_368_vqdm_00074.png
452,VQDM,7227,GenImage_test/VQDM/test/ai/VQDM_1000_200_05_555_vqdm_00035.png
452,VQDM,7228,GenImage_test/VQDM/test/ai/VQDM_1000_200_01_147_vqdm_00020.png
452,VQDM,7229,GenImage_test/VQDM/test/nature/ILSVRC2012_val_00046465.JPEG
452,VQDM,7230,GenImage_test/VQDM/test/nature/ILSVRC2012_val_00046512.JPEG
452,VQDM,7231,GenImage_test/VQDM/test/ai/VQDM_1000_200_02_225_vqdm_00039.png
453,VQDM,7232,GenImage_test/VQDM/test/ai/VQDM_1000_200_06_627_vqdm_00143.png
453,VQDM,7233,GenImage_test/VQDM/test/ai/VQDM_1000_200_05_557_vqdm_00020.png
453,VQDM,7234,GenImage_test/VQDM/test/ai/VQDM_1000_200_06_695_vqdm_00074.png
453,VQDM,7235,GenImage_test/VQDM/test/ai/VQDM_1000_200_03_348_vqdm_00127.png
453,VQDM,7236,GenImage_test/VQDM/test/nature/ILSVRC2012_val_00006359.JPEG
453,VQDM,7237,GenImage_test/VQDM/test/nature/ILSVRC2012_val_00008794.JPEG
453,VQDM,7238,GenImage_test/VQDM/test/nature/ILSVRC2012_val_00007828.JPEG
453,VQDM,7239,GenImage_test/VQDM/test/ai/VQDM_1000_200_07_725_vqdm_00035.png
453,VQDM,7240,GenImage_test/VQDM/test/nature/ILSVRC2012_val_00032206.JPEG
453,VQDM,7241,GenImage_test/VQDM/test/ai/VQDM_1000_200_01_178_vqdm_00020.png
453,VQDM,7242,GenImage_test/VQDM/test/ai/VQDM_1000_200_01_136_vqdm_00035.png
453,VQDM,7243,GenImage_test/VQDM/test/ai/VQDM_1000_200_07_778_vqdm_00035.png
453,VQDM,7244,GenImage_test/VQDM/test/nature/ILSVRC2012_val_00010143.JPEG
453,VQDM,7245,GenImage_test/VQDM/test/nature/ILSVRC2012_val_00007755.JPEG
453,VQDM,7246,GenImage_test/VQDM/test/nature/ILSVRC2012_val_00012881.JPEG
453,VQDM,7247,GenImage_test/VQDM/test/ai/VQDM_1000_200_02_290_vqdm_00127.png
454,VQDM,7248,GenImage_test/VQDM/test/ai/VQDM_1000_200_02_231_vqdm_00127.png
454,VQDM,7249,GenImage_test/VQDM/test/nature/ILSVRC2012_val_00040601.JPEG
454,VQDM,7250,GenImage_test/VQDM/test/nature/ILSVRC2012_val_00017363.JPEG
454,VQDM,7251,GenImage_test/VQDM/test/ai/VQDM_1000_200_04_487_vqdm_00143.png
454,VQDM,7252,GenImage_test/VQDM/test/ai/VQDM_1000_200_08_882_vqdm_00074.png
454,VQDM,7253,GenImage_test/VQDM/test/nature/ILSVRC2012_val_00025771.JPEG
454,VQDM,7254,GenImage_test/VQDM/test/nature/ILSVRC2012_val_00015094.JPEG
454,VQDM,7255,GenImage_test/VQDM/test/nature/ILSVRC2012_val_00047109.JPEG
454,VQDM,7256,GenImage_test/VQDM/test/ai/VQDM_1000_200_03_367_vqdm_00039.png
454,VQDM,7257,GenImage_test/VQDM/test/nature/ILSVRC2012_val_00011913.JPEG
454,VQDM,7258,GenImage_test/VQDM/test/ai/VQDM_1000_200_01_191_vqdm_00020.png
454,VQDM,7259,GenImage_test/VQDM/test/ai/VQDM_1000_200_02_217_vqdm_00035.png
454,VQDM,7260,GenImage_test/VQDM/test/nature/ILSVRC2012_val_00012522.JPEG
454,VQDM,7261,GenImage_test/VQDM/test/nature/ILSVRC2012_val_00045014.JPEG
454,VQDM,7262,GenImage_test/VQDM/test/nature/ILSVRC2012_val_00039318.JPEG
454,VQDM,7263,GenImage_test/VQDM/test/ai/VQDM_1000_200_08_897_vqdm_00035.png
455,VQDM,7264,GenImage_test/VQDM/test/ai/VQDM_1000_200_02_254_vqdm_00020.png
455,VQDM,7265,GenImage_test/VQDM/test/ai/VQDM_1000_200_01_101_vqdm_00020.png
455,VQDM,7266,GenImage_test/VQDM/test/nature/ILSVRC2012_val_00007871.JPEG
455,VQDM,7267,GenImage_test/VQDM/test/ai/VQDM_1000_200_02_205_vqdm_00039.png
455,VQDM,7268,GenImage_test/VQDM/test/ai/VQDM_1000_200_07_757_vqdm_00035.png
455,VQDM,7269,GenImage_test/VQDM/test/nature/ILSVRC2012_val_00032926.JPEG
455,VQDM,7270,GenImage_test/VQDM/test/ai/VQDM_1000_200_01_172_vqdm_00020.png
455,VQDM,7271,GenImage_test/VQDM/test/nature/ILSVRC2012_val_00035834.JPEG
455,VQDM,7272,GenImage_test/VQDM/test/nature/ILSVRC2012_val_00029961.JPEG
455,VQDM,7273,GenImage_test/VQDM/test/ai/VQDM_1000_200_09_980_vqdm_00127.png
455,VQDM,7274,GenImage_test/VQDM/test/ai/VQDM_1000_200_02_238_vqdm_00127.png
455,VQDM,7275,GenImage_test/VQDM/test/nature/ILSVRC2012_val_00048509.JPEG
455,VQDM,7276,GenImage_test/VQDM/test/nature/ILSVRC2012_val_00040044.JPEG
455,VQDM,7277,GenImage_test/VQDM/test/nature/ILSVRC2012_val_00000672.JPEG
455,VQDM,7278,GenImage_test/VQDM/test/nature/ILSVRC2012_val_00032776.JPEG
455,VQDM,7279,GenImage_test/VQDM/test/ai/VQDM_1000_200_04_477_vqdm_00035.png
456,VQDM,7280,GenImage_test/VQDM/test/nature/ILSVRC2012_val_00012312.JPEG
456,VQDM,7281,GenImage_test/VQDM/test/nature/ILSVRC2012_val_00014182.JPEG
456,VQDM,7282,GenImage_test/VQDM/test/ai/VQDM_1000_200_06_686_vqdm_00074.png
456,VQDM,7283,GenImage_test/VQDM/test/ai/VQDM_1000_200_09_943_vqdm_00074.png
456,VQDM,7284,GenImage_test/VQDM/test/nature/ILSVRC2012_val_00018929.JPEG
456,VQDM,7285,GenImage_test/VQDM/test/ai/VQDM_1000_200_02_229_vqdm_00039.png
456,VQDM,7286,GenImage_test/VQDM/test/ai/VQDM_1000_200_07_728_vqdm_00074.png
456,VQDM,7287,GenImage_test/VQDM/test/ai/VQDM_1000_200_00_060_vqdm_00039.png
456,VQDM,7288,GenImage_test/VQDM/test/nature/ILSVRC2012_val_00014940.JPEG
456,VQDM,7289,GenImage_test/VQDM/test/nature/ILSVRC2012_val_00013171.JPEG
456,VQDM,7290,GenImage_test/VQDM/test/ai/VQDM_1000_200_02_260_vqdm_00143.png
456,VQDM,7291,GenImage_test/VQDM/test/nature/ILSVRC2012_val_00004918.JPEG
456,VQDM,7292,GenImage_test/VQDM/test/nature/ILSVRC2012_val_00037559.JPEG
456,VQDM,7293,GenImage_test/VQDM/test/nature/ILSVRC2012_val_00039683.JPEG
456,VQDM,7294,GenImage_test/VQDM/test/nature/ILSVRC2012_val_00036076.JPEG
456,VQDM,7295,GenImage_test/VQDM/test/ai/VQDM_1000_200_02_200_vqdm_00020.png
457,VQDM,7296,GenImage_test/VQDM/test/nature/ILSVRC2012_val_00020554.JPEG
457,VQDM,7297,GenImage_test/VQDM/test/nature/ILSVRC2012_val_00034660.JPEG
457,VQDM,7298,GenImage_test/VQDM/test/ai/VQDM_1000_200_02_252_vqdm_00039.png
457,VQDM,7299,GenImage_test/VQDM/test/ai/VQDM_1000_200_06_697_vqdm_00143.png
457,VQDM,7300,GenImage_test/VQDM/test/ai/VQDM_1000_200_03_348_vqdm_00074.png
457,VQDM,7301,GenImage_test/VQDM/test/nature/ILSVRC2012_val_00030673.JPEG
457,VQDM,7302,GenImage_test/VQDM/test/nature/ILSVRC2012_val_00020629.JPEG
457,VQDM,7303,GenImage_test/VQDM/test/nature/ILSVRC2012_val_00024965.JPEG
457,VQDM,7304,GenImage_test/VQDM/test/ai/VQDM_1000_200_05_572_vqdm_00127.png
457,VQDM,7305,GenImage_test/VQDM/test/ai/VQDM_1000_200_08_875_vqdm_00127.png
457,VQDM,7306,GenImage_test/VQDM/test/nature/ILSVRC2012_val_00005865.JPEG
457,VQDM,7307,GenImage_test/VQDM/test/ai/VQDM_1000_200_02_252_vqdm_00143.png
457,VQDM,7308,GenImage_test/VQDM/test/ai/VQDM_1000_200_01_124_vqdm_00020.png
457,VQDM,7309,GenImage_test/VQDM/test/ai/VQDM_1000_200_09_972_vqdm_00039.png
457,VQDM,7310,GenImage_test/VQDM/test/ai/VQDM_1000_200_01_191_vqdm_00127.png
457,VQDM,7311,GenImage_test/VQDM/test/nature/ILSVRC2012_val_00028676.JPEG
458,VQDM,7312,GenImage_test/VQDM/test/nature/ILSVRC2012_val_00040811.JPEG
458,VQDM,7313,GenImage_test/VQDM/test/nature/ILSVRC2012_val_00036342.JPEG
458,VQDM,7314,GenImage_test/VQDM/test/nature/ILSVRC2012_val_00049140.JPEG
458,VQDM,7315,GenImage_test/VQDM/test/ai/VQDM_1000_200_04_444_vqdm_00039.png
458,VQDM,7316,GenImage_test/VQDM/test/ai/VQDM_1000_200_06_647_vqdm_00039.png
458,VQDM,7317,GenImage_test/VQDM/test/ai/VQDM_1000_200_08_824_vqdm_00074.png
458,VQDM,7318,GenImage_test/VQDM/test/ai/VQDM_1000_200_06_625_vqdm_00035.png
458,VQDM,7319,GenImage_test/VQDM/test/ai/VQDM_1000_200_07_771_vqdm_00127.png
458,VQDM,7320,GenImage_test/VQDM/test/nature/ILSVRC2012_val_00000300.JPEG
458,VQDM,7321,GenImage_test/VQDM/test/ai/VQDM_1000_200_05_567_vqdm_00035.png
458,VQDM,7322,GenImage_test/VQDM/test/ai/VQDM_1000_200_08_827_vqdm_00035.png
458,VQDM,7323,GenImage_test/VQDM/test/nature/ILSVRC2012_val_00021405.JPEG
458,VQDM,7324,GenImage_test/VQDM/test/nature/ILSVRC2012_val_00035821.JPEG
458,VQDM,7325,GenImage_test/VQDM/test/ai/VQDM_1000_200_02_230_vqdm_00035.png
458,VQDM,7326,GenImage_test/VQDM/test/nature/ILSVRC2012_val_00015976.JPEG
458,VQDM,7327,GenImage_test/VQDM/test/ai/VQDM_1000_200_03_375_vqdm_00143.png
459,VQDM,7328,GenImage_test/VQDM/test/nature/ILSVRC2012_val_00009773.JPEG
459,VQDM,7329,GenImage_test/VQDM/test/nature/ILSVRC2012_val_00044750.JPEG
459,VQDM,7330,GenImage_test/VQDM/test/ai/VQDM_1000_200_04_492_vqdm_00039.png
459,VQDM,7331,GenImage_test/VQDM/test/nature/ILSVRC2012_val_00017541.JPEG
459,VQDM,7332,GenImage_test/VQDM/test/ai/VQDM_1000_200_07_708_vqdm_00127.png
459,VQDM,7333,GenImage_test/VQDM/test/ai/VQDM_1000_200_08_814_vqdm_00143.png
459,VQDM,7334,GenImage_test/VQDM/test/nature/ILSVRC2012_val_00006114.JPEG
459,VQDM,7335,GenImage_test/VQDM/test/nature/ILSVRC2012_val_00043345.JPEG
459,VQDM,7336,GenImage_test/VQDM/test/nature/ILSVRC2012_val_00021402.JPEG
459,VQDM,7337,GenImage_test/VQDM/test/ai/VQDM_1000_200_00_067_vqdm_00035.png
459,VQDM,7338,GenImage_test/VQDM/test/ai/VQDM_1000_200_03_365_vqdm_00020.png
459,VQDM,7339,GenImage_test/VQDM/test/ai/VQDM_1000_200_09_925_vqdm_00020.png
459,VQDM,7340,GenImage_test/VQDM/test/ai/VQDM_1000_200_07_797_vqdm_00035.png
459,VQDM,7341,GenImage_test/VQDM/test/nature/ILSVRC2012_val_00008358.JPEG
459,VQDM,7342,GenImage_test/VQDM/test/nature/ILSVRC2012_val_00037852.JPEG
459,VQDM,7343,GenImage_test/VQDM/test/nature/ILSVRC2012_val_00048005.JPEG
460,VQDM,7344,GenImage_test/VQDM/test/ai/VQDM_1000_200_08_850_vqdm_00143.png
460,VQDM,7345,GenImage_test/VQDM/test/nature/ILSVRC2012_val_00005924.JPEG
460,VQDM,7346,GenImage_test/VQDM/test/ai/VQDM_1000_200_09_949_vqdm_00039.png
460,VQDM,7347,GenImage_test/VQDM/test/ai/VQDM_1000_200_05_531_vqdm_00143.png
460,VQDM,7348,GenImage_test/VQDM/test/nature/ILSVRC2012_val_00037382.JPEG
460,VQDM,7349,GenImage_test/VQDM/test/nature/ILSVRC2012_val_00026693.JPEG
460,VQDM,7350,GenImage_test/VQDM/test/nature/ILSVRC2012_val_00014934.JPEG
460,VQDM,7351,GenImage_test/VQDM/test/nature/ILSVRC2012_val_00039991.JPEG
460,VQDM,7352,GenImage_test/VQDM/test/ai/VQDM_1000_200_09_991_vqdm_00020.png
460,VQDM,7353,GenImage_test/VQDM/test/ai/VQDM_1000_200_03_375_vqdm_00127.png
460,VQDM,7354,GenImage_test/VQDM/test/nature/ILSVRC2012_val_00019380.JPEG
460,VQDM,7355,GenImage_test/VQDM/test/nature/ILSVRC2012_val_00029466.JPEG
460,VQDM,7356,GenImage_test/VQDM/test/nature/ILSVRC2012_val_00033494.JPEG
460,VQDM,7357,GenImage_test/VQDM/test/ai/VQDM_1000_200_03_375_vqdm_00039.png
460,VQDM,7358,GenImage_test/VQDM/test/nature/ILSVRC2012_val_00038802.JPEG
460,VQDM,7359,GenImage_test/VQDM/test/ai/VQDM_1000_200_00_027_vqdm_00035.png
461,VQDM,7360,GenImage_test/VQDM/test/nature/ILSVRC2012_val_00004770.JPEG
461,VQDM,7361,GenImage_test/VQDM/test/ai/VQDM_1000_200_02_232_vqdm_00035.png
461,VQDM,7362,GenImage_test/VQDM/test/nature/ILSVRC2012_val_00043111.JPEG
461,VQDM,7363,GenImage_test/VQDM/test/ai/VQDM_1000_200_09_913_vqdm_00020.png
461,VQDM,7364,GenImage_test/VQDM/test/ai/VQDM_1000_200_06_643_vqdm_00127.png
461,VQDM,7365,GenImage_test/VQDM/test/nature/ILSVRC2012_val_00001475.JPEG
461,VQDM,7366,GenImage_test/VQDM/test/nature/ILSVRC2012_val_00006749.JPEG
461,VQDM,7367,GenImage_test/VQDM/test/ai/VQDM_1000_200_07_709_vqdm_00035.png
461,VQDM,7368,GenImage_test/VQDM/test/nature/ILSVRC2012_val_00006149.JPEG
461,VQDM,7369,GenImage_test/VQDM/test/nature/ILSVRC2012_val_00037189.JPEG
461,VQDM,7370,GenImage_test/VQDM/test/ai/VQDM_1000_200_08_848_vqdm_00039.png
461,VQDM,7371,GenImage_test/VQDM/test/nature/ILSVRC2012_val_00005493.JPEG
461,VQDM,7372,GenImage_test/VQDM/test/ai/VQDM_1000_200_03_315_vqdm_00074.png
461,VQDM,7373,GenImage_test/VQDM/test/nature/ILSVRC2012_val_00008280.JPEG
461,VQDM,7374,GenImage_test/VQDM/test/ai/VQDM_1000_200_01_103_vqdm_00127.png
461,VQDM,7375,GenImage_test/VQDM/test/nature/ILSVRC2012_val_00001945.JPEG
462,VQDM,7376,GenImage_test/VQDM/test/nature/ILSVRC2012_val_00034259.JPEG
462,VQDM,7377,GenImage_test/VQDM/test/ai/VQDM_1000_200_01_177_vqdm_00020.png
462,VQDM,7378,GenImage_test/VQDM/test/nature/ILSVRC2012_val_00031024.JPEG
462,VQDM,7379,GenImage_test/VQDM/test/ai/VQDM_1000_200_01_191_vqdm_00143.png
462,VQDM,7380,GenImage_test/VQDM/test/nature/ILSVRC2012_val_00047640.JPEG
462,VQDM,7381,GenImage_test/VQDM/test/nature/ILSVRC2012_val_00010132.JPEG
462,VQDM,7382,GenImage_test/VQDM/test/nature/ILSVRC2012_val_00024396.JPEG
462,VQDM,7383,GenImage_test/VQDM/test/ai/VQDM_1000_200_07_734_vqdm_00127.png
462,VQDM,7384,GenImage_test/VQDM/test/nature/ILSVRC2012_val_00020420.JPEG
462,VQDM,7385,GenImage_test/VQDM/test/ai/VQDM_1000_200_02_295_vqdm_00039.png
462,VQDM,7386,GenImage_test/VQDM/test/nature/ILSVRC2012_val_00015901.JPEG
462,VQDM,7387,GenImage_test/VQDM/test/ai/VQDM_1000_200_07_768_vqdm_00127.png
462,VQDM,7388,GenImage_test/VQDM/test/nature/ILSVRC2012_val_00034256.JPEG
462,VQDM,7389,GenImage_test/VQDM/test/ai/VQDM_1000_200_04_421_vqdm_00143.png
462,VQDM,7390,GenImage_test/VQDM/test/ai/VQDM_1000_200_08_836_vqdm_00074.png
462,VQDM,7391,GenImage_test/VQDM/test/nature/ILSVRC2012_val_00031675.JPEG
463,VQDM,7392,GenImage_test/VQDM/test/nature/ILSVRC2012_val_00021911.JPEG
463,VQDM,7393,GenImage_test/VQDM/test/ai/VQDM_1000_200_03_318_vqdm_00143.png
463,VQDM,7394,GenImage_test/VQDM/test/ai/VQDM_1000_200_05_565_vqdm_00143.png
463,VQDM,7395,GenImage_test/VQDM/test/ai/VQDM_1000_200_04_438_vqdm_00127.png
463,VQDM,7396,GenImage_test/VQDM/test/ai/VQDM_1000_200_04_487_vqdm_00020.png
463,VQDM,7397,GenImage_test/VQDM/test/ai/VQDM_1000_200_07_722_vqdm_00143.png
463,VQDM,7398,GenImage_test/VQDM/test/ai/VQDM_1000_200_02_257_vqdm_00127.png
463,VQDM,7399,GenImage_test/VQDM/test/nature/ILSVRC2012_val_00031398.JPEG
463,VQDM,7400,GenImage_test/VQDM/test/ai/VQDM_1000_200_03_360_vqdm_00127.png
463,VQDM,7401,GenImage_test/VQDM/test/nature/ILSVRC2012_val_00042066.JPEG
463,VQDM,7402,GenImage_test/VQDM/test/nature/ILSVRC2012_val_00033246.JPEG
463,VQDM,7403,GenImage_test/VQDM/test/nature/ILSVRC2012_val_00037429.JPEG
463,VQDM,7404,GenImage_test/VQDM/test/nature/ILSVRC2012_val_00023465.JPEG
463,VQDM,7405,GenImage_test/VQDM/test/nature/ILSVRC2012_val_00015682.JPEG
463,VQDM,7406,GenImage_test/VQDM/test/nature/ILSVRC2012_val_00014484.JPEG
463,VQDM,7407,GenImage_test/VQDM/test/ai/VQDM_1000_200_01_175_vqdm_00143.png
464,VQDM,7408,GenImage_test/VQDM/test/nature/ILSVRC2012_val_00014350.JPEG
464,VQDM,7409,GenImage_test/VQDM/test/nature/ILSVRC2012_val_00034450.JPEG
464,VQDM,7410,GenImage_test/VQDM/test/nature/ILSVRC2012_val_00006849.JPEG
464,VQDM,7411,GenImage_test/VQDM/test/nature/ILSVRC2012_val_00010176.JPEG
464,VQDM,7412,GenImage_test/VQDM/test/nature/ILSVRC2012_val_00033380.JPEG
464,VQDM,7413,GenImage_test/VQDM/test/nature/ILSVRC2012_val_00028340.JPEG
464,VQDM,7414,GenImage_test/VQDM/test/ai/VQDM_1000_200_04_469_vqdm_00035.png
464,VQDM,7415,GenImage_test/VQDM/test/ai/VQDM_1000_200_05_503_vqdm_00074.png
464,VQDM,7416,GenImage_test/VQDM/test/ai/VQDM_1000_200_06_618_vqdm_00039.png
464,VQDM,7417,GenImage_test/VQDM/test/ai/VQDM_1000_200_03_360_vqdm_00074.png
464,VQDM,7418,GenImage_test/VQDM/test/ai/VQDM_1000_200_00_061_vqdm_00020.png
464,VQDM,7419,GenImage_test/VQDM/test/ai/VQDM_1000_200_02_226_vqdm_00143.png
464,VQDM,7420,GenImage_test/VQDM/test/ai/VQDM_1000_200_02_243_vqdm_00127.png
464,VQDM,7421,GenImage_test/VQDM/test/nature/ILSVRC2012_val_00049699.JPEG
464,VQDM,7422,GenImage_test/VQDM/test/ai/VQDM_1000_200_00_089_vqdm_00127.png
464,VQDM,7423,GenImage_test/VQDM/test/ai/VQDM_1000_200_00_002_vqdm_00074.png
465,VQDM,7424,GenImage_test/VQDM/test/nature/ILSVRC2012_val_00004597.JPEG
465,VQDM,7425,GenImage_test/VQDM/test/ai/VQDM_1000_200_09_934_vqdm_00039.png
465,VQDM,7426,GenImage_test/VQDM/test/ai/VQDM_1000_200_03_303_vqdm_00127.png
465,VQDM,7427,GenImage_test/VQDM/test/nature/ILSVRC2012_val_00045124.JPEG
465,VQDM,7428,GenImage_test/VQDM/test/nature/ILSVRC2012_val_00035011.JPEG
465,VQDM,7429,GenImage_test/VQDM/test/ai/VQDM_1000_200_02_270_vqdm_00039.png
465,VQDM,7430,GenImage_test/VQDM/test/ai/VQDM_1000_200_02_283_vqdm_00035.png
465,VQDM,7431,GenImage_test/VQDM/test/ai/VQDM_1000_200_07_765_vqdm_00020.png
465,VQDM,7432,GenImage_test/VQDM/test/nature/ILSVRC2012_val_00028226.JPEG
465,VQDM,7433,GenImage_test/VQDM/test/ai/VQDM_1000_200_05_576_vqdm_00143.png
465,VQDM,7434,GenImage_test/VQDM/test/nature/ILSVRC2012_val_00024838.JPEG
465,VQDM,7435,GenImage_test/VQDM/test/nature/ILSVRC2012_val_00047644.JPEG
465,VQDM,7436,GenImage_test/VQDM/test/nature/ILSVRC2012_val_00038885.JPEG
465,VQDM,7437,GenImage_test/VQDM/test/nature/ILSVRC2012_val_00014556.JPEG
465,VQDM,7438,GenImage_test/VQDM/test/nature/ILSVRC2012_val_00009376.JPEG
465,VQDM,7439,GenImage_test/VQDM/test/ai/VQDM_1000_200_04_441_vqdm_00143.png
466,VQDM,7440,GenImage_test/VQDM/test/nature/ILSVRC2012_val_00019697.JPEG
466,VQDM,7441,GenImage_test/VQDM/test/ai/VQDM_1000_200_03_329_vqdm_00143.png
466,VQDM,7442,GenImage_test/VQDM/test/ai/VQDM_1000_200_09_968_vqdm_00127.png
466,VQDM,7443,GenImage_test/VQDM/test/nature/ILSVRC2012_val_00031987.JPEG
466,VQDM,7444,GenImage_test/VQDM/test/nature/ILSVRC2012_val_00028350.JPEG
466,VQDM,7445,GenImage_test/VQDM/test/ai/VQDM_1000_200_05_527_vqdm_00143.png
466,VQDM,7446,GenImage_test/VQDM/test/nature/ILSVRC2012_val_00028534.JPEG
466,VQDM,7447,GenImage_test/VQDM/test/ai/VQDM_1000_200_00_095_vqdm_00127.png
466,VQDM,7448,GenImage_test/VQDM/test/ai/VQDM_1000_200_03_378_vqdm_00035.png
466,VQDM,7449,GenImage_test/VQDM/test/nature/ILSVRC2012_val_00042838.JPEG
466,VQDM,7450,GenImage_test/VQDM/test/nature/ILSVRC2012_val_00024629.JPEG
466,VQDM,7451,GenImage_test/VQDM/test/nature/ILSVRC2012_val_00034907.JPEG
466,VQDM,7452,GenImage_test/VQDM/test/ai/VQDM_1000_200_06_654_vqdm_00074.png
466,VQDM,7453,GenImage_test/VQDM/test/ai/VQDM_1000_200_06_670_vqdm_00143.png
466,VQDM,7454,GenImage_test/VQDM/test/ai/VQDM_1000_200_04_414_vqdm_00035.png
466,VQDM,7455,GenImage_test/VQDM/test/ai/VQDM_1000_200_01_188_vqdm_00143.png
467,VQDM,7456,GenImage_test/VQDM/test/ai/VQDM_1000_200_09_970_vqdm_00127.png
467,VQDM,7457,GenImage_test/VQDM/test/ai/VQDM_1000_200_09_940_vqdm_00127.png
467,VQDM,7458,GenImage_test/VQDM/test/ai/VQDM_1000_200_02_213_vqdm_00020.png
467,VQDM,7459,GenImage_test/VQDM/test/ai/VQDM_1000_200_01_179_vqdm_00074.png
467,VQDM,7460,GenImage_test/VQDM/test/ai/VQDM_1000_200_09_934_vqdm_00074.png
467,VQDM,7461,GenImage_test/VQDM/test/ai/VQDM_1000_200_04_449_vqdm_00074.png
467,VQDM,7462,GenImage_test/VQDM/test/nature/ILSVRC2012_val_00036816.JPEG
467,VQDM,7463,GenImage_test/VQDM/test/ai/VQDM_1000_200_02_294_vqdm_00127.png
467,VQDM,7464,GenImage_test/VQDM/test/ai/VQDM_1000_200_05_549_vqdm_00074.png
467,VQDM,7465,GenImage_test/VQDM/test/ai/VQDM_1000_200_06_600_vqdm_00039.png
467,VQDM,7466,GenImage_test/VQDM/test/ai/VQDM_1000_200_01_111_vqdm_00035.png
467,VQDM,7467,GenImage_test/VQDM/test/ai/VQDM_1000_200_09_932_vqdm_00074.png
467,VQDM,7468,GenImage_test/VQDM/test/nature/ILSVRC2012_val_00025235.JPEG
467,VQDM,7469,GenImage_test/VQDM/test/ai/VQDM_1000_200_07_747_vqdm_00127.png
467,VQDM,7470,GenImage_test/VQDM/test/ai/VQDM_1000_200_02_205_vqdm_00074.png
467,VQDM,7471,GenImage_test/VQDM/test/nature/ILSVRC2012_val_00000221.JPEG
468,VQDM,7472,GenImage_test/VQDM/test/ai/VQDM_1000_200_09_941_vqdm_00039.png
468,VQDM,7473,GenImage_test/VQDM/test/nature/ILSVRC2012_val_00013932.JPEG
468,VQDM,7474,GenImage_test/VQDM/test/nature/ILSVRC2012_val_00003644.JPEG
468,VQDM,7475,GenImage_test/VQDM/test/nature/ILSVRC2012_val_00030951.JPEG
468,VQDM,7476,GenImage_test/VQDM/test/nature/ILSVRC2012_val_00013081.JPEG
468,VQDM,7477,GenImage_test/VQDM/test/nature/ILSVRC2012_val_00022192.JPEG
468,VQDM,7478,GenImage_test/VQDM/test/nature/ILSVRC2012_val_00005010.JPEG
468,VQDM,7479,GenImage_test/VQDM/test/nature/ILSVRC2012_val_00006691.JPEG
468,VQDM,7480,GenImage_test/VQDM/test/nature/ILSVRC2012_val_00011170.JPEG
468,VQDM,7481,GenImage_test/VQDM/test/ai/VQDM_1000_200_04_451_vqdm_00143.png
468,VQDM,7482,GenImage_test/VQDM/test/nature/ILSVRC2012_val_00008329.JPEG
468,VQDM,7483,GenImage_test/VQDM/test/nature/ILSVRC2012_val_00025463.JPEG
468,VQDM,7484,GenImage_test/VQDM/test/ai/VQDM_1000_200_09_910_vqdm_00035.png
468,VQDM,7485,GenImage_test/VQDM/test/nature/ILSVRC2012_val_00025932.JPEG
468,VQDM,7486,GenImage_test/VQDM/test/nature/ILSVRC2012_val_00002078.JPEG
468,VQDM,7487,GenImage_test/VQDM/test/nature/ILSVRC2012_val_00019787.JPEG
469,VQDM,7488,GenImage_test/VQDM/test/ai/VQDM_1000_200_01_103_vqdm_00035.png
469,VQDM,7489,GenImage_test/VQDM/test/nature/ILSVRC2012_val_00005801.JPEG
469,VQDM,7490,GenImage_test/VQDM/test/nature/ILSVRC2012_val_00046576.JPEG
469,VQDM,7491,GenImage_test/VQDM/test/ai/VQDM_1000_200_09_962_vqdm_00127.png
469,VQDM,7492,GenImage_test/VQDM/test/ai/VQDM_1000_200_04_478_vqdm_00039.png
469,VQDM,7493,GenImage_test/VQDM/test/ai/VQDM_1000_200_07_792_vqdm_00127.png
469,VQDM,7494,GenImage_test/VQDM/test/ai/VQDM_1000_200_04_470_vqdm_00143.png
469,VQDM,7495,GenImage_test/VQDM/test/nature/ILSVRC2012_val_00044478.JPEG
469,VQDM,7496,GenImage_test/VQDM/test/ai/VQDM_1000_200_05_536_vqdm_00035.png
469,VQDM,7497,GenImage_test/VQDM/test/ai/VQDM_1000_200_08_858_vqdm_00039.png
469,VQDM,7498,GenImage_test/VQDM/test/ai/VQDM_1000_200_07_737_vqdm_00035.png
469,VQDM,7499,GenImage_test/VQDM/test/ai/VQDM_1000_200_02_296_vqdm_00039.png
470,wukong,7500,GenImage_test/wukong/test/nature/ILSVRC2012_val_00033638.JPEG
470,wukong,7501,GenImage_test/wukong/test/nature/ILSVRC2012_val_00005168.JPEG
470,wukong,7502,GenImage_test/wukong/test/nature/ILSVRC2012_val_00009264.JPEG
470,wukong,7503,GenImage_test/wukong/test/ai/471_wukong_image128.png
470,wukong,7504,GenImage_test/wukong/test/ai/102_wukong_image188.png
470,wukong,7505,GenImage_test/wukong/test/nature/ILSVRC2012_val_00010623.JPEG
470,wukong,7506,GenImage_test/wukong/test/nature/ILSVRC2012_val_00023548.JPEG
470,wukong,7507,GenImage_test/wukong/test/ai/880_wukong_image86.png
470,wukong,7508,GenImage_test/wukong/test/ai/607_wukong_image198.png
470,wukong,7509,GenImage_test/wukong/test/nature/ILSVRC2012_val_00003029.JPEG
470,wukong,7510,GenImage_test/wukong/test/ai/377_wukong_image61.png
470,wukong,7511,GenImage_test/wukong/test/nature/ILSVRC2012_val_00003448.JPEG
470,wukong,7512,GenImage_test/wukong/test/ai/325_wukong_image88.png
470,wukong,7513,GenImage_test/wukong/test/nature/ILSVRC2012_val_00036119.JPEG
470,wukong,7514,GenImage_test/wukong/test/nature/ILSVRC2012_val_00026761.JPEG
470,wukong,7515,GenImage_test/wukong/test/nature/ILSVRC2012_val_00034917.JPEG
471,wukong,7516,GenImage_test/wukong/test/nature/ILSVRC2012_val_00005204.JPEG
471,wukong,7517,GenImage_test/wukong/test/ai/802_wukong_image188.png
471,wukong,7518,GenImage_test/wukong/test/ai/740_wukong_image88.png
471,wukong,7519,GenImage_test/wukong/test/ai/587_wukong_image86.png
471,wukong,7520,GenImage_test/wukong/test/ai/783_wukong_image61.png
471,wukong,7521,GenImage_test/wukong/test/ai/156_wukong_image61.png
471,wukong,7522,GenImage_test/wukong/test/nature/ILSVRC2012_val_00004406.JPEG
471,wukong,7523,GenImage_test/wukong/test/ai/279_wukong_image198.png
471,wukong,7524,GenImage_test/wukong/test/ai/207_wukong_image61.png
471,wukong,7525,GenImage_test/wukong/test/ai/88_wukong_image86.png
471,wukong,7526,GenImage_test/wukong/test/ai/323_wukong_image61.png
471,wukong,7527,GenImage_test/wukong/test/nature/ILSVRC2012_val_00049715.JPEG
471,wukong,7528,GenImage_test/wukong/test/ai/310_wukong_image198.png
471,wukong,7529,GenImage_test/wukong/test/nature/ILSVRC2012_val_00040548.JPEG
471,wukong,7530,GenImage_test/wukong/test/nature/ILSVRC2012_val_00020742.JPEG
471,wukong,7531,GenImage_test/wukong/test/ai/68_wukong_image88.png
472,wukong,7532,GenImage_test/wukong/test/ai/261_wukong_image88.png
472,wukong,7533,GenImage_test/wukong/test/nature/ILSVRC2012_val_00011730.JPEG
472,wukong,7534,GenImage_test/wukong/test/nature/ILSVRC2012_val_00006394.JPEG
472,wukong,7535,GenImage_test/wukong/test/ai/881_wukong_image188.png
472,wukong,7536,GenImage_test/wukong/test/ai/595_wukong_image198.png
472,wukong,7537,GenImage_test/wukong/test/nature/ILSVRC2012_val_00000349.JPEG
472,wukong,7538,GenImage_test/wukong/test/ai/98_wukong_image88.png
472,wukong,7539,GenImage_test/wukong/test/ai/719_wukong_image86.png
472,wukong,7540,GenImage_test/wukong/test/nature/ILSVRC2012_val_00014109.JPEG
472,wukong,7541,GenImage_test/wukong/test/ai/941_wukong_image188.png
472,wukong,7542,GenImage_test/wukong/test/nature/ILSVRC2012_val_00039189.JPEG
472,wukong,7543,GenImage_test/wukong/test/ai/175_wukong_image188.png
472,wukong,7544,GenImage_test/wukong/test/nature/ILSVRC2012_val_00016331.JPEG
472,wukong,7545,GenImage_test/wukong/test/nature/ILSVRC2012_val_00017740.JPEG
472,wukong,7546,GenImage_test/wukong/test/ai/819_wukong_image198.png
472,wukong,7547,GenImage_test/wukong/test/nature/ILSVRC2012_val_00028523.JPEG
473,wukong,7548,GenImage_test/wukong/test/ai/411_wukong_image88.png
473,wukong,7549,GenImage_test/wukong/test/ai/341_wukong_image128.png
473,wukong,7550,GenImage_test/wukong/test/nature/ILSVRC2012_val_00046429.JPEG
473,wukong,7551,GenImage_test/wukong/test/nature/ILSVRC2012_val_00031571.JPEG
473,wukong,7552,GenImage_test/wukong/test/nature/ILSVRC2012_val_00012788.JPEG
473,wukong,7553,GenImage_test/wukong/test/nature/ILSVRC2012_val_00031355.JPEG
473,wukong,7554,GenImage_test/wukong/test/nature/ILSVRC2012_val_00049128.JPEG
473,wukong,7555,GenImage_test/wukong/test/nature/ILSVRC2012_val_00001295.JPEG
473,wukong,7556,GenImage_test/wukong/test/nature/ILSVRC2012_val_00037704.JPEG
473,wukong,7557,GenImage_test/wukong/test/nature/ILSVRC2012_val_00015898.JPEG
473,wukong,7558,GenImage_test/wukong/test/nature/ILSVRC2012_val_00010268.JPEG
473,wukong,7559,GenImage_test/wukong/test/nature/ILSVRC2012_val_00046574.JPEG
473,wukong,7560,GenImage_test/wukong/test/nature/ILSVRC2012_val_00017968.JPEG
473,wukong,7561,GenImage_test/wukong/test/nature/ILSVRC2012_val_00049536.JPEG
473,wukong,7562,GenImage_test/wukong/test/ai/233_wukong_image188.png
473,wukong,7563,GenImage_test/wukong/test/ai/511_wukong_image128.png
474,wukong,7564,GenImage_test/wukong/test/ai/365_wukong_image86.png
474,wukong,7565,GenImage_test/wukong/test/nature/ILSVRC2012_val_00039515.JPEG
474,wukong,7566,GenImage_test/wukong/test/nature/ILSVRC2012_val_00030436.JPEG
474,wukong,7567,GenImage_test/wukong/test/nature/ILSVRC2012_val_00012602.JPEG
474,wukong,7568,GenImage_test/wukong/test/nature/ILSVRC2012_val_00049862.JPEG
474,wukong,7569,GenImage_test/wukong/test/nature/ILSVRC2012_val_00023323.JPEG
474,wukong,7570,GenImage_test/wukong/test/ai/563_wukong_image88.png
474,wukong,7571,GenImage_test/wukong/test/nature/ILSVRC2012_val_00033013.JPEG
474,wukong,7572,GenImage_test/wukong/test/nature/ILSVRC2012_val_00023817.JPEG
474,wukong,7573,GenImage_test/wukong/test/nature/ILSVRC2012_val_00010715.JPEG
474,wukong,7574,GenImage_test/wukong/test/ai/400_wukong_image128.png
474,wukong,7575,GenImage_test/wukong/test/nature/ILSVRC2012_val_00020223.JPEG
474,wukong,7576,GenImage_test/wukong/test/ai/30_wukong_image198.png
474,wukong,7577,GenImage_test/wukong/test/nature/ILSVRC2012_val_00033736.JPEG
474,wukong,7578,GenImage_test/wukong/test/nature/ILSVRC2012_val_00031295.JPEG
474,wukong,7579,GenImage_test/wukong/test/nature/ILSVRC2012_val_00017582.JPEG
475,wukong,7580,GenImage_test/wukong/test/ai/252_wukong_image88.png
475,wukong,7581,GenImage_test/wukong/test/nature/ILSVRC2012_val_00000459.JPEG
475,wukong,7582,GenImage_test/wukong/test/ai/731_wukong_image61.png
475,wukong,7583,GenImage_test/wukong/test/nature/ILSVRC2012_val_00013651.JPEG
475,wukong,7584,GenImage_test/wukong/test/nature/ILSVRC2012_val_00003667.JPEG
475,wukong,7585,GenImage_test/wukong/test/nature/ILSVRC2012_val_00033457.JPEG
475,wukong,7586,GenImage_test/wukong/test/nature/ILSVRC2012_val_00010896.JPEG
475,wukong,7587,GenImage_test/wukong/test/nature/ILSVRC2012_val_00011464.JPEG
475,wukong,7588,GenImage_test/wukong/test/nature/ILSVRC2012_val_00018425.JPEG
475,wukong,7589,GenImage_test/wukong/test/ai/173_wukong_image198.png
475,wukong,7590,GenImage_test/wukong/test/ai/998_wukong_image188.png
475,wukong,7591,GenImage_test/wukong/test/ai/839_wukong_image86.png
475,wukong,7592,GenImage_test/wukong/test/ai/884_wukong_image188.png
475,wukong,7593,GenImage_test/wukong/test/ai/844_wukong_image128.png
475,wukong,7594,GenImage_test/wukong/test/nature/ILSVRC2012_val_00030410.JPEG
475,wukong,7595,GenImage_test/wukong/test/nature/ILSVRC2012_val_00018533.JPEG
476,wukong,7596,GenImage_test/wukong/test/nature/ILSVRC2012_val_00005500.JPEG
476,wukong,7597,GenImage_test/wukong/test/ai/785_wukong_image61.png
476,wukong,7598,GenImage_test/wukong/test/nature/ILSVRC2012_val_00018776.JPEG
476,wukong,7599,GenImage_test/wukong/test/nature/ILSVRC2012_val_00014460.JPEG
476,wukong,7600,GenImage_test/wukong/test/nature/ILSVRC2012_val_00044707.JPEG
476,wukong,7601,GenImage_test/wukong/test/ai/287_wukong_image128.png
476,wukong,7602,GenImage_test/wukong/test/ai/552_wukong_image198.png
476,wukong,7603,GenImage_test/wukong/test/ai/398_wukong_image88.png
476,wukong,7604,GenImage_test/wukong/test/ai/252_wukong_image198.png
476,wukong,7605,GenImage_test/wukong/test/ai/546_wukong_image188.png
476,wukong,7606,GenImage_test/wukong/test/ai/152_wukong_image61.png
476,wukong,7607,GenImage_test/wukong/test/nature/ILSVRC2012_val_00010320.JPEG
476,wukong,7608,GenImage_test/wukong/test/ai/24_wukong_image61.png
476,wukong,7609,GenImage_test/wukong/test/nature/ILSVRC2012_val_00009808.JPEG
476,wukong,7610,GenImage_test/wukong/test/ai/47_wukong_image88.png
476,wukong,7611,GenImage_test/wukong/test/nature/ILSVRC2012_val_00001650.JPEG
477,wukong,7612,GenImage_test/wukong/test/nature/ILSVRC2012_val_00012623.JPEG
477,wukong,7613,GenImage_test/wukong/test/nature/ILSVRC2012_val_00037319.JPEG
477,wukong,7614,GenImage_test/wukong/test/nature/ILSVRC2012_val_00011662.JPEG
477,wukong,7615,GenImage_test/wukong/test/ai/143_wukong_image198.png
477,wukong,7616,GenImage_test/wukong/test/ai/747_wukong_image188.png
477,wukong,7617,GenImage_test/wukong/test/nature/ILSVRC2012_val_00046896.JPEG
477,wukong,7618,GenImage_test/wukong/test/ai/15_wukong_image188.png
477,wukong,7619,GenImage_test/wukong/test/ai/113_wukong_image86.png
477,wukong,7620,GenImage_test/wukong/test/nature/ILSVRC2012_val_00038046.JPEG
477,wukong,7621,GenImage_test/wukong/test/nature/ILSVRC2012_val_00034139.JPEG
477,wukong,7622,GenImage_test/wukong/test/nature/ILSVRC2012_val_00026567.JPEG
477,wukong,7623,GenImage_test/wukong/test/ai/762_wukong_image86.png
477,wukong,7624,GenImage_test/wukong/test/nature/ILSVRC2012_val_00022865.JPEG
477,wukong,7625,GenImage_test/wukong/test/nature/ILSVRC2012_val_00018849.JPEG
477,wukong,7626,GenImage_test/wukong/test/ai/615_wukong_image88.png
477,wukong,7627,GenImage_test/wukong/test/nature/ILSVRC2012_val_00016615.JPEG
478,wukong,7628,GenImage_test/wukong/test/ai/656_wukong_image188.png
478,wukong,7629,GenImage_test/wukong/test/nature/ILSVRC2012_val_00022080.JPEG
478,wukong,7630,GenImage_test/wukong/test/ai/819_wukong_image188.png
478,wukong,7631,GenImage_test/wukong/test/nature/ILSVRC2012_val_00019883.JPEG
478,wukong,7632,GenImage_test/wukong/test/ai/28_wukong_image198.png
478,wukong,7633,GenImage_test/wukong/test/ai/648_wukong_image86.png
478,wukong,7634,GenImage_test/wukong/test/nature/ILSVRC2012_val_00047521.JPEG
478,wukong,7635,GenImage_test/wukong/test/ai/755_wukong_image128.png
478,wukong,7636,GenImage_test/wukong/test/nature/ILSVRC2012_val_00013565.JPEG
478,wukong,7637,GenImage_test/wukong/test/nature/ILSVRC2012_val_00031765.JPEG
478,wukong,7638,GenImage_test/wukong/test/ai/400_wukong_image188.png
478,wukong,7639,GenImage_test/wukong/test/ai/867_wukong_image88.png
478,wukong,7640,GenImage_test/wukong/test/nature/ILSVRC2012_val_00031408.JPEG
478,wukong,7641,GenImage_test/wukong/test/ai/952_wukong_image128.png
478,wukong,7642,GenImage_test/wukong/test/ai/42_wukong_image198.png
478,wukong,7643,GenImage_test/wukong/test/ai/745_wukong_image128.png
479,wukong,7644,GenImage_test/wukong/test/ai/300_wukong_image128.png
479,wukong,7645,GenImage_test/wukong/test/ai/670_wukong_image61.png
479,wukong,7646,GenImage_test/wukong/test/ai/248_wukong_image61.png
479,wukong,7647,GenImage_test/wukong/test/ai/699_wukong_image128.png
479,wukong,7648,GenImage_test/wukong/test/nature/ILSVRC2012_val_00042985.JPEG
479,wukong,7649,GenImage_test/wukong/test/nature/ILSVRC2012_val_00028995.JPEG
479,wukong,7650,GenImage_test/wukong/test/ai/33_wukong_image86.png
479,wukong,7651,GenImage_test/wukong/test/nature/ILSVRC2012_val_00005457.JPEG
479,wukong,7652,GenImage_test/wukong/test/nature/ILSVRC2012_val_00045534.JPEG
479,wukong,7653,GenImage_test/wukong/test/nature/ILSVRC2012_val_00011853.JPEG
479,wukong,7654,GenImage_test/wukong/test/ai/631_wukong_image198.png
479,wukong,7655,GenImage_test/wukong/test/nature/ILSVRC2012_val_00029575.JPEG
479,wukong,7656,GenImage_test/wukong/test/nature/ILSVRC2012_val_00008594.JPEG
479,wukong,7657,GenImage_test/wukong/test/nature/ILSVRC2012_val_00045943.JPEG
479,wukong,7658,GenImage_test/wukong/test/ai/500_wukong_image188.png
479,wukong,7659,GenImage_test/wukong/test/ai/584_wukong_image188.png
480,wukong,7660,GenImage_test/wukong/test/ai/118_wukong_image128.png
480,wukong,7661,GenImage_test/wukong/test/ai/42_wukong_image128.png
480,wukong,7662,GenImage_test/wukong/test/ai/978_wukong_image198.png
480,wukong,7663,GenImage_test/wukong/test/ai/86_wukong_image86.png
480,wukong,7664,GenImage_test/wukong/test/ai/158_wukong_image128.png
480,wukong,7665,GenImage_test/wukong/test/ai/757_wukong_image198.png
480,wukong,7666,GenImage_test/wukong/test/ai/404_wukong_image198.png
480,wukong,7667,GenImage_test/wukong/test/ai/730_wukong_image188.png
480,wukong,7668,GenImage_test/wukong/test/ai/811_wukong_image88.png
480,wukong,7669,GenImage_test/wukong/test/ai/658_wukong_image188.png
480,wukong,7670,GenImage_test/wukong/test/ai/431_wukong_image88.png
480,wukong,7671,GenImage_test/wukong/test/ai/921_wukong_image128.png
480,wukong,7672,GenImage_test/wukong/test/ai/629_wukong_image188.png
480,wukong,7673,GenImage_test/wukong/test/nature/ILSVRC2012_val_00027462.JPEG
480,wukong,7674,GenImage_test/wukong/test/ai/798_wukong_image188.png
480,wukong,7675,GenImage_test/wukong/test/ai/579_wukong_image188.png
481,wukong,7676,GenImage_test/wukong/test/ai/101_wukong_image188.png
481,wukong,7677,GenImage_test/wukong/test/nature/ILSVRC2012_val_00032777.JPEG
481,wukong,7678,GenImage_test/wukong/test/nature/ILSVRC2012_val_00019741.JPEG
481,wukong,7679,GenImage_test/wukong/test/ai/668_wukong_image61.png
481,wukong,7680,GenImage_test/wukong/test/ai/403_wukong_image61.png
481,wukong,7681,GenImage_test/wukong/test/nature/ILSVRC2012_val_00017510.JPEG
481,wukong,7682,GenImage_test/wukong/test/nature/ILSVRC2012_val_00021817.JPEG
481,wukong,7683,GenImage_test/wukong/test/ai/644_wukong_image86.png
481,wukong,7684,GenImage_test/wukong/test/nature/ILSVRC2012_val_00035654.JPEG
481,wukong,7685,GenImage_test/wukong/test/ai/247_wukong_image198.png
481,wukong,7686,GenImage_test/wukong/test/ai/399_wukong_image198.png
481,wukong,7687,GenImage_test/wukong/test/nature/ILSVRC2012_val_00006864.JPEG
481,wukong,7688,GenImage_test/wukong/test/nature/ILSVRC2012_val_00029998.JPEG
481,wukong,7689,GenImage_test/wukong/test/ai/635_wukong_image128.png
481,wukong,7690,GenImage_test/wukong/test/nature/ILSVRC2012_val_00030187.JPEG
481,wukong,7691,GenImage_test/wukong/test/ai/361_wukong_image86.png
482,wukong,7692,GenImage_test/wukong/test/ai/994_wukong_image86.png
482,wukong,7693,GenImage_test/wukong/test/ai/225_wukong_image88.png
482,wukong,7694,GenImage_test/wukong/test/ai/50_wukong_image188.png
482,wukong,7695,GenImage_test/wukong/test/nature/ILSVRC2012_val_00046566.JPEG
482,wukong,7696,GenImage_test/wukong/test/ai/234_wukong_image128.png
482,wukong,7697,GenImage_test/wukong/test/nature/ILSVRC2012_val_00048737.JPEG
482,wukong,7698,GenImage_test/wukong/test/ai/429_wukong_image61.png
482,wukong,7699,GenImage_test/wukong/test/ai/798_wukong_image128.png
482,wukong,7700,GenImage_test/wukong/test/ai/646_wukong_image88.png
482,wukong,7701,GenImage_test/wukong/test/nature/ILSVRC2012_val_00037856.JPEG
482,wukong,7702,GenImage_test/wukong/test/ai/196_wukong_image86.png
482,wukong,7703,GenImage_test/wukong/test/nature/ILSVRC2012_val_00030954.JPEG
482,wukong,7704,GenImage_test/wukong/test/nature/ILSVRC2012_val_00028978.JPEG
482,wukong,7705,GenImage_test/wukong/test/nature/ILSVRC2012_val_00035725.JPEG
482,wukong,7706,GenImage_test/wukong/test/nature/ILSVRC2012_val_00009294.JPEG
482,wukong,7707,GenImage_test/wukong/test/ai/544_wukong_image88.png
483,wukong,7708,GenImage_test/wukong/test/nature/ILSVRC2012_val_00044033.JPEG
483,wukong,7709,GenImage_test/wukong/test/nature/ILSVRC2012_val_00044909.JPEG
483,wukong,7710,GenImage_test/wukong/test/nature/ILSVRC2012_val_00026290.JPEG
483,wukong,7711,GenImage_test/wukong/test/nature/ILSVRC2012_val_00034787.JPEG
483,wukong,7712,GenImage_test/wukong/test/nature/ILSVRC2012_val_00019848.JPEG
483,wukong,7713,GenImage_test/wukong/test/nature/ILSVRC2012_val_00045891.JPEG
483,wukong,7714,GenImage_test/wukong/test/ai/783_wukong_image198.png
483,wukong,7715,GenImage_test/wukong/test/ai/56_wukong_image61.png
483,wukong,7716,GenImage_test/wukong/test/nature/ILSVRC2012_val_00015562.JPEG
483,wukong,7717,GenImage_test/wukong/test/ai/63_wukong_image88.png
483,wukong,7718,GenImage_test/wukong/test/ai/665_wukong_image61.png
483,wukong,7719,GenImage_test/wukong/test/nature/ILSVRC2012_val_00005609.JPEG
483,wukong,7720,GenImage_test/wukong/test/nature/ILSVRC2012_val_00004651.JPEG
483,wukong,7721,GenImage_test/wukong/test/ai/373_wukong_image61.png
483,wukong,7722,GenImage_test/wukong/test/ai/716_wukong_image86.png
483,wukong,7723,GenImage_test/wukong/test/ai/237_wukong_image61.png
484,wukong,7724,GenImage_test/wukong/test/nature/ILSVRC2012_val_00036466.JPEG
484,wukong,7725,GenImage_test/wukong/test/nature/ILSVRC2012_val_00023793.JPEG
484,wukong,7726,GenImage_test/wukong/test/nature/ILSVRC2012_val_00001119.JPEG
484,wukong,7727,GenImage_test/wukong/test/nature/ILSVRC2012_val_00022745.JPEG
484,wukong,7728,GenImage_test/wukong/test/nature/ILSVRC2012_val_00039112.JPEG
484,wukong,7729,GenImage_test/wukong/test/nature/ILSVRC2012_val_00040923.JPEG
484,wukong,7730,GenImage_test/wukong/test/nature/ILSVRC2012_val_00003678.JPEG
484,wukong,7731,GenImage_test/wukong/test/nature/ILSVRC2012_val_00014514.JPEG
484,wukong,7732,GenImage_test/wukong/test/nature/ILSVRC2012_val_00039614.JPEG
484,wukong,7733,GenImage_test/wukong/test/ai/843_wukong_image88.png
484,wukong,7734,GenImage_test/wukong/test/nature/ILSVRC2012_val_00006127.JPEG
484,wukong,7735,GenImage_test/wukong/test/nature/ILSVRC2012_val_00014914.JPEG
484,wukong,7736,GenImage_test/wukong/test/nature/ILSVRC2012_val_00041298.JPEG
484,wukong,7737,GenImage_test/wukong/test/nature/ILSVRC2012_val_00044664.JPEG
484,wukong,7738,GenImage_test/wukong/test/nature/ILSVRC2012_val_00001125.JPEG
484,wukong,7739,GenImage_test/wukong/test/ai/529_wukong_image198.png
485,wukong,7740,GenImage_test/wukong/test/ai/512_wukong_image198.png
485,wukong,7741,GenImage_test/wukong/test/nature/ILSVRC2012_val_00037715.JPEG
485,wukong,7742,GenImage_test/wukong/test/ai/464_wukong_image198.png
485,wukong,7743,GenImage_test/wukong/test/ai/543_wukong_image61.png
485,wukong,7744,GenImage_test/wukong/test/nature/ILSVRC2012_val_00003878.JPEG
485,wukong,7745,GenImage_test/wukong/test/nature/ILSVRC2012_val_00031077.JPEG
485,wukong,7746,GenImage_test/wukong/test/ai/958_wukong_image86.png
485,wukong,7747,GenImage_test/wukong/test/ai/891_wukong_image86.png
485,wukong,7748,GenImage_test/wukong/test/ai/422_wukong_image88.png
485,wukong,7749,GenImage_test/wukong/test/nature/ILSVRC2012_val_00032263.JPEG
485,wukong,7750,GenImage_test/wukong/test/ai/827_wukong_image128.png
485,wukong,7751,GenImage_test/wukong/test/nature/ILSVRC2012_val_00049605.JPEG
485,wukong,7752,GenImage_test/wukong/test/nature/ILSVRC2012_val_00011146.JPEG
485,wukong,7753,GenImage_test/wukong/test/ai/304_wukong_image188.png
485,wukong,7754,GenImage_test/wukong/test/ai/46_wukong_image88.png
485,wukong,7755,GenImage_test/wukong/test/nature/ILSVRC2012_val_00016748.JPEG
486,wukong,7756,GenImage_test/wukong/test/ai/718_wukong_image86.png
486,wukong,7757,GenImage_test/wukong/test/ai/209_wukong_image88.png
486,wukong,7758,GenImage_test/wukong/test/nature/ILSVRC2012_val_00041615.JPEG
486,wukong,7759,GenImage_test/wukong/test/nature/ILSVRC2012_val_00030499.JPEG
486,wukong,7760,GenImage_test/wukong/test/ai/782_wukong_image86.png
486,wukong,7761,GenImage_test/wukong/test/ai/500_wukong_image88.png
486,wukong,7762,GenImage_test/wukong/test/ai/971_wukong_image86.png
486,wukong,7763,GenImage_test/wukong/test/ai/879_wukong_image198.png
486,wukong,7764,GenImage_test/wukong/test/ai/33_wukong_image188.png
486,wukong,7765,GenImage_test/wukong/test/nature/ILSVRC2012_val_00045267.JPEG
486,wukong,7766,GenImage_test/wukong/test/nature/ILSVRC2012_val_00021788.JPEG
486,wukong,7767,GenImage_test/wukong/test/ai/52_wukong_image128.png
486,wukong,7768,GenImage_test/wukong/test/nature/ILSVRC2012_val_00019954.JPEG
486,wukong,7769,GenImage_test/wukong/test/ai/961_wukong_image86.png
486,wukong,7770,GenImage_test/wukong/test/nature/ILSVRC2012_val_00027454.JPEG
486,wukong,7771,GenImage_test/wukong/test/nature/ILSVRC2012_val_00013771.JPEG
487,wukong,7772,GenImage_test/wukong/test/ai/615_wukong_image128.png
487,wukong,7773,GenImage_test/wukong/test/nature/ILSVRC2012_val_00013974.JPEG
487,wukong,7774,GenImage_test/wukong/test/ai/716_wukong_image188.png
487,wukong,7775,GenImage_test/wukong/test/ai/656_wukong_image61.png
487,wukong,7776,GenImage_test/wukong/test/nature/ILSVRC2012_val_00010066.JPEG
487,wukong,7777,GenImage_test/wukong/test/nature/ILSVRC2012_val_00008154.JPEG
487,wukong,7778,GenImage_test/wukong/test/nature/ILSVRC2012_val_00037475.JPEG
487,wukong,7779,GenImage_test/wukong/test/ai/393_wukong_image128.png
487,wukong,7780,GenImage_test/wukong/test/nature/ILSVRC2012_val_00037097.JPEG
487,wukong,7781,GenImage_test/wukong/test/ai/55_wukong_image61.png
487,wukong,7782,GenImage_test/wukong/test/ai/289_wukong_image88.png
487,wukong,7783,GenImage_test/wukong/test/ai/0_wukong_image128.png
487,wukong,7784,GenImage_test/wukong/test/ai/832_wukong_image128.png
487,wukong,7785,GenImage_test/wukong/test/ai/566_wukong_image88.png
487,wukong,7786,GenImage_test/wukong/test/nature/ILSVRC2012_val_00036705.JPEG
487,wukong,7787,GenImage_test/wukong/test/ai/824_wukong_image88.png
488,wukong,7788,GenImage_test/wukong/test/ai/314_wukong_image61.png
488,wukong,7789,GenImage_test/wukong/test/ai/705_wukong_image128.png
488,wukong,7790,GenImage_test/wukong/test/nature/ILSVRC2012_val_00019565.JPEG
488,wukong,7791,GenImage_test/wukong/test/ai/979_wukong_image198.png
488,wukong,7792,GenImage_test/wukong/test/nature/ILSVRC2012_val_00043559.JPEG
488,wukong,7793,GenImage_test/wukong/test/nature/ILSVRC2012_val_00026196.JPEG
488,wukong,7794,GenImage_test/wukong/test/ai/772_wukong_image128.png
488,wukong,7795,GenImage_test/wukong/test/ai/991_wukong_image128.png
488,wukong,7796,GenImage_test/wukong/test/ai/291_wukong_image61.png
488,wukong,7797,GenImage_test/wukong/test/nature/ILSVRC2012_val_00026359.JPEG
488,wukong,7798,GenImage_test/wukong/test/ai/870_wukong_image198.png
488,wukong,7799,GenImage_test/wukong/test/ai/724_wukong_image88.png
488,wukong,7800,GenImage_test/wukong/test/ai/429_wukong_image86.png
488,wukong,7801,GenImage_test/wukong/test/ai/647_wukong_image188.png
488,wukong,7802,GenImage_test/wukong/test/nature/ILSVRC2012_val_00008216.JPEG
488,wukong,7803,GenImage_test/wukong/test/nature/ILSVRC2012_val_00040202.JPEG
489,wukong,7804,GenImage_test/wukong/test/nature/ILSVRC2012_val_00032795.JPEG
489,wukong,7805,GenImage_test/wukong/test/nature/ILSVRC2012_val_00013439.JPEG
489,wukong,7806,GenImage_test/wukong/test/nature/ILSVRC2012_val_00015262.JPEG
489,wukong,7807,GenImage_test/wukong/test/nature/ILSVRC2012_val_00015304.JPEG
489,wukong,7808,GenImage_test/wukong/test/ai/162_wukong_image188.png
489,wukong,7809,GenImage_test/wukong/test/nature/ILSVRC2012_val_00036492.JPEG
489,wukong,7810,GenImage_test/wukong/test/ai/167_wukong_image188.png
489,wukong,7811,GenImage_test/wukong/test/nature/ILSVRC2012_val_00026655.JPEG
489,wukong,7812,GenImage_test/wukong/test/ai/388_wukong_image188.png
489,wukong,7813,GenImage_test/wukong/test/nature/ILSVRC2012_val_00018276.JPEG
489,wukong,7814,GenImage_test/wukong/test/nature/ILSVRC2012_val_00003849.JPEG
489,wukong,7815,GenImage_test/wukong/test/nature/ILSVRC2012_val_00029101.JPEG
489,wukong,7816,GenImage_test/wukong/test/nature/ILSVRC2012_val_00005372.JPEG
489,wukong,7817,GenImage_test/wukong/test/nature/ILSVRC2012_val_00007264.JPEG
489,wukong,7818,GenImage_test/wukong/test/nature/ILSVRC2012_val_00004348.JPEG
489,wukong,7819,GenImage_test/wukong/test/ai/766_wukong_image198.png
490,wukong,7820,GenImage_test/wukong/test/nature/ILSVRC2012_val_00001560.JPEG
490,wukong,7821,GenImage_test/wukong/test/nature/ILSVRC2012_val_00033904.JPEG
490,wukong,7822,GenImage_test/wukong/test/nature/ILSVRC2012_val_00009240.JPEG
490,wukong,7823,GenImage_test/wukong/test/nature/ILSVRC2012_val_00042874.JPEG
490,wukong,7824,GenImage_test/wukong/test/ai/182_wukong_image188.png
490,wukong,7825,GenImage_test/wukong/test/ai/397_wukong_image61.png
490,wukong,7826,GenImage_test/wukong/test/ai/245_wukong_image128.png
490,wukong,7827,GenImage_test/wukong/test/ai/799_wukong_image61.png
490,wukong,7828,GenImage_test/wukong/test/ai/786_wukong_image86.png
490,wukong,7829,GenImage_test/wukong/test/nature/ILSVRC2012_val_00034210.JPEG
490,wukong,7830,GenImage_test/wukong/test/ai/334_wukong_image128.png
490,wukong,7831,GenImage_test/wukong/test/ai/554_wukong_image61.png
490,wukong,7832,GenImage_test/wukong/test/ai/893_wukong_image198.png
490,wukong,7833,GenImage_test/wukong/test/nature/ILSVRC2012_val_00048465.JPEG
490,wukong,7834,GenImage_test/wukong/test/ai/244_wukong_image86.png
490,wukong,7835,GenImage_test/wukong/test/ai/250_wukong_image61.png
491,wukong,7836,GenImage_test/wukong/test/nature/ILSVRC2012_val_00033715.JPEG
491,wukong,7837,GenImage_test/wukong/test/ai/106_wukong_image86.png
491,wukong,7838,GenImage_test/wukong/test/nature/ILSVRC2012_val_00032525.JPEG
491,wukong,7839,GenImage_test/wukong/test/nature/ILSVRC2012_val_00021494.JPEG
491,wukong,7840,GenImage_test/wukong/test/ai/796_wukong_image188.png
491,wukong,7841,GenImage_test/wukong/test/nature/ILSVRC2012_val_00049791.JPEG
491,wukong,7842,GenImage_test/wukong/test/nature/ILSVRC2012_val_00045205.JPEG
491,wukong,7843,GenImage_test/wukong/test/ai/814_wukong_image88.png
491,wukong,7844,GenImage_test/wukong/test/ai/554_wukong_image198.png
491,wukong,7845,GenImage_test/wukong/test/ai/358_wukong_image86.png
491,wukong,7846,GenImage_test/wukong/test/ai/709_wukong_image198.png
491,wukong,7847,GenImage_test/wukong/test/ai/623_wukong_image128.png
491,wukong,7848,GenImage_test/wukong/test/ai/54_wukong_image198.png
491,wukong,7849,GenImage_test/wukong/test/ai/591_wukong_image61.png
491,wukong,7850,GenImage_test/wukong/test/ai/542_wukong_image88.png
491,wukong,7851,GenImage_test/wukong/test/nature/ILSVRC2012_val_00015142.JPEG
492,wukong,7852,GenImage_test/wukong/test/ai/525_wukong_image198.png
492,wukong,7853,GenImage_test/wukong/test/ai/79_wukong_image188.png
492,wukong,7854,GenImage_test/wukong/test/ai/552_wukong_image61.png
492,wukong,7855,GenImage_test/wukong/test/nature/ILSVRC2012_val_00026795.JPEG
492,wukong,7856,GenImage_test/wukong/test/ai/632_wukong_image128.png
492,wukong,7857,GenImage_test/wukong/test/nature/ILSVRC2012_val_00040245.JPEG
492,wukong,7858,GenImage_test/wukong/test/nature/ILSVRC2012_val_00037637.JPEG
492,wukong,7859,GenImage_test/wukong/test/ai/26_wukong_image128.png
492,wukong,7860,GenImage_test/wukong/test/ai/286_wukong_image61.png
492,wukong,7861,GenImage_test/wukong/test/nature/ILSVRC2012_val_00016788.JPEG
492,wukong,7862,GenImage_test/wukong/test/ai/16_wukong_image198.png
492,wukong,7863,GenImage_test/wukong/test/nature/ILSVRC2012_val_00038184.JPEG
492,wukong,7864,GenImage_test/wukong/test/nature/ILSVRC2012_val_00042796.JPEG
492,wukong,7865,GenImage_test/wukong/test/nature/ILSVRC2012_val_00016269.JPEG
492,wukong,7866,GenImage_test/wukong/test/nature/ILSVRC2012_val_00038867.JPEG
492,wukong,7867,GenImage_test/wukong/test/ai/225_wukong_image61.png
493,wukong,7868,GenImage_test/wukong/test/ai/178_wukong_image188.png
493,wukong,7869,GenImage_test/wukong/test/nature/ILSVRC2012_val_00020537.JPEG
493,wukong,7870,GenImage_test/wukong/test/nature/ILSVRC2012_val_00006374.JPEG
493,wukong,7871,GenImage_test/wukong/test/nature/ILSVRC2012_val_00006369.JPEG
493,wukong,7872,GenImage_test/wukong/test/nature/ILSVRC2012_val_00022492.JPEG
493,wukong,7873,GenImage_test/wukong/test/nature/ILSVRC2012_val_00040208.JPEG
493,wukong,7874,GenImage_test/wukong/test/ai/907_wukong_image88.png
493,wukong,7875,GenImage_test/wukong/test/nature/ILSVRC2012_val_00013480.JPEG
493,wukong,7876,GenImage_test/wukong/test/nature/ILSVRC2012_val_00040875.JPEG
493,wukong,7877,GenImage_test/wukong/test/nature/ILSVRC2012_val_00013479.JPEG
493,wukong,7878,GenImage_test/wukong/test/ai/7_wukong_image61.png
493,wukong,7879,GenImage_test/wukong/test/nature/ILSVRC2012_val_00018896.JPEG
493,wukong,7880,GenImage_test/wukong/test/nature/ILSVRC2012_val_00049194.JPEG
493,wukong,7881,GenImage_test/wukong/test/ai/922_wukong_image198.png
493,wukong,7882,GenImage_test/wukong/test/nature/ILSVRC2012_val_00021882.JPEG
493,wukong,7883,GenImage_test/wukong/test/ai/587_wukong_image188.png
494,wukong,7884,GenImage_test/wukong/test/ai/281_wukong_image61.png
494,wukong,7885,GenImage_test/wukong/test/ai/263_wukong_image61.png
494,wukong,7886,GenImage_test/wukong/test/nature/ILSVRC2012_val_00000960.JPEG
494,wukong,7887,GenImage_test/wukong/test/ai/255_wukong_image61.png
494,wukong,7888,GenImage_test/wukong/test/ai/437_wukong_image198.png
494,wukong,7889,GenImage_test/wukong/test/nature/ILSVRC2012_val_00011676.JPEG
494,wukong,7890,GenImage_test/wukong/test/nature/ILSVRC2012_val_00030364.JPEG
494,wukong,7891,GenImage_test/wukong/test/ai/652_wukong_image61.png
494,wukong,7892,GenImage_test/wukong/test/ai/286_wukong_image188.png
494,wukong,7893,GenImage_test/wukong/test/nature/ILSVRC2012_val_00003723.JPEG
494,wukong,7894,GenImage_test/wukong/test/ai/82_wukong_image86.png
494,wukong,7895,GenImage_test/wukong/test/ai/822_wukong_image198.png
494,wukong,7896,GenImage_test/wukong/test/nature/ILSVRC2012_val_00048791.JPEG
494,wukong,7897,GenImage_test/wukong/test/nature/ILSVRC2012_val_00018046.JPEG
494,wukong,7898,GenImage_test/wukong/test/nature/ILSVRC2012_val_00041532.JPEG
494,wukong,7899,GenImage_test/wukong/test/nature/ILSVRC2012_val_00036397.JPEG
495,wukong,7900,GenImage_test/wukong/test/nature/ILSVRC2012_val_00012727.JPEG
495,wukong,7901,GenImage_test/wukong/test/ai/905_wukong_image128.png
495,wukong,7902,GenImage_test/wukong/test/ai/806_wukong_image86.png
495,wukong,7903,GenImage_test/wukong/test/ai/443_wukong_image128.png
495,wukong,7904,GenImage_test/wukong/test/nature/ILSVRC2012_val_00042493.JPEG
495,wukong,7905,GenImage_test/wukong/test/nature/ILSVRC2012_val_00021021.JPEG
495,wukong,7906,GenImage_test/wukong/test/nature/ILSVRC2012_val_00027444.JPEG
495,wukong,7907,GenImage_test/wukong/test/nature/ILSVRC2012_val_00048524.JPEG
495,wukong,7908,GenImage_test/wukong/test/nature/ILSVRC2012_val_00018895.JPEG
495,wukong,7909,GenImage_test/wukong/test/nature/ILSVRC2012_val_00025183.JPEG
495,wukong,7910,GenImage_test/wukong/test/ai/768_wukong_image88.png
495,wukong,7911,GenImage_test/wukong/test/nature/ILSVRC2012_val_00036924.JPEG
495,wukong,7912,GenImage_test/wukong/test/nature/ILSVRC2012_val_00014187.JPEG
495,wukong,7913,GenImage_test/wukong/test/nature/ILSVRC2012_val_00017610.JPEG
495,wukong,7914,GenImage_test/wukong/test/nature/ILSVRC2012_val_00000249.JPEG
495,wukong,7915,GenImage_test/wukong/test/nature/ILSVRC2012_val_00030649.JPEG
496,wukong,7916,GenImage_test/wukong/test/nature/ILSVRC2012_val_00002211.JPEG
496,wukong,7917,GenImage_test/wukong/test/ai/343_wukong_image198.png
496,wukong,7918,GenImage_test/wukong/test/nature/ILSVRC2012_val_00024257.JPEG
496,wukong,7919,GenImage_test/wukong/test/nature/ILSVRC2012_val_00009740.JPEG
496,wukong,7920,GenImage_test/wukong/test/ai/740_wukong_image86.png
496,wukong,7921,GenImage_test/wukong/test/ai/489_wukong_image86.png
496,wukong,7922,GenImage_test/wukong/test/ai/850_wukong_image61.png
496,wukong,7923,GenImage_test/wukong/test/nature/ILSVRC2012_val_00021804.JPEG
496,wukong,7924,GenImage_test/wukong/test/nature/ILSVRC2012_val_00027803.JPEG
496,wukong,7925,GenImage_test/wukong/test/ai/705_wukong_image88.png
496,wukong,7926,GenImage_test/wukong/test/nature/ILSVRC2012_val_00012621.JPEG
496,wukong,7927,GenImage_test/wukong/test/nature/ILSVRC2012_val_00022925.JPEG
496,wukong,7928,GenImage_test/wukong/test/nature/ILSVRC2012_val_00039615.JPEG
496,wukong,7929,GenImage_test/wukong/test/nature/ILSVRC2012_val_00015341.JPEG
496,wukong,7930,GenImage_test/wukong/test/nature/ILSVRC2012_val_00048785.JPEG
496,wukong,7931,GenImage_test/wukong/test/nature/ILSVRC2012_val_00007704.JPEG
497,wukong,7932,GenImage_test/wukong/test/nature/ILSVRC2012_val_00017575.JPEG
497,wukong,7933,GenImage_test/wukong/test/ai/510_wukong_image188.png
497,wukong,7934,GenImage_test/wukong/test/nature/ILSVRC2012_val_00013928.JPEG
497,wukong,7935,GenImage_test/wukong/test/nature/ILSVRC2012_val_00004090.JPEG
497,wukong,7936,GenImage_test/wukong/test/nature/ILSVRC2012_val_00000258.JPEG
497,wukong,7937,GenImage_test/wukong/test/ai/852_wukong_image86.png
497,wukong,7938,GenImage_test/wukong/test/nature/ILSVRC2012_val_00042571.JPEG
497,wukong,7939,GenImage_test/wukong/test/ai/346_wukong_image188.png
497,wukong,7940,GenImage_test/wukong/test/ai/794_wukong_image88.png
497,wukong,7941,GenImage_test/wukong/test/ai/741_wukong_image88.png
497,wukong,7942,GenImage_test/wukong/test/ai/525_wukong_image128.png
497,wukong,7943,GenImage_test/wukong/test/ai/382_wukong_image188.png
497,wukong,7944,GenImage_test/wukong/test/nature/ILSVRC2012_val_00031469.JPEG
497,wukong,7945,GenImage_test/wukong/test/nature/ILSVRC2012_val_00005059.JPEG
497,wukong,7946,GenImage_test/wukong/test/ai/481_wukong_image86.png
497,wukong,7947,GenImage_test/wukong/test/nature/ILSVRC2012_val_00026034.JPEG
498,wukong,7948,GenImage_test/wukong/test/ai/594_wukong_image198.png
498,wukong,7949,GenImage_test/wukong/test/ai/663_wukong_image198.png
498,wukong,7950,GenImage_test/wukong/test/ai/735_wukong_image198.png
498,wukong,7951,GenImage_test/wukong/test/ai/485_wukong_image128.png
498,wukong,7952,GenImage_test/wukong/test/ai/127_wukong_image88.png
498,wukong,7953,GenImage_test/wukong/test/nature/ILSVRC2012_val_00034089.JPEG
498,wukong,7954,GenImage_test/wukong/test/nature/ILSVRC2012_val_00046403.JPEG
498,wukong,7955,GenImage_test/wukong/test/ai/506_wukong_image61.png
498,wukong,7956,GenImage_test/wukong/test/nature/ILSVRC2012_val_00038629.JPEG
498,wukong,7957,GenImage_test/wukong/test/ai/64_wukong_image188.png
498,wukong,7958,GenImage_test/wukong/test/ai/974_wukong_image61.png
498,wukong,7959,GenImage_test/wukong/test/nature/ILSVRC2012_val_00025519.JPEG
498,wukong,7960,GenImage_test/wukong/test/nature/ILSVRC2012_val_00008331.JPEG
498,wukong,7961,GenImage_test/wukong/test/nature/ILSVRC2012_val_00030729.JPEG
498,wukong,7962,GenImage_test/wukong/test/ai/586_wukong_image188.png
498,wukong,7963,GenImage_test/wukong/test/nature/ILSVRC2012_val_00014336.JPEG
499,wukong,7964,GenImage_test/wukong/test/ai/485_wukong_image88.png
499,wukong,7965,GenImage_test/wukong/test/ai/71_wukong_image61.png
499,wukong,7966,GenImage_test/wukong/test/ai/708_wukong_image188.png
499,wukong,7967,GenImage_test/wukong/test/ai/690_wukong_image128.png
499,wukong,7968,GenImage_test/wukong/test/nature/ILSVRC2012_val_00006890.JPEG
499,wukong,7969,GenImage_test/wukong/test/nature/ILSVRC2012_val_00023470.JPEG
499,wukong,7970,GenImage_test/wukong/test/ai/568_wukong_image86.png
499,wukong,7971,GenImage_test/wukong/test/nature/ILSVRC2012_val_00012880.JPEG
499,wukong,7972,GenImage_test/wukong/test/ai/623_wukong_image86.png
499,wukong,7973,GenImage_test/wukong/test/nature/ILSVRC2012_val_00030807.JPEG
499,wukong,7974,GenImage_test/wukong/test/nature/ILSVRC2012_val_00044187.JPEG
499,wukong,7975,GenImage_test/wukong/test/nature/ILSVRC2012_val_00043835.JPEG
499,wukong,7976,GenImage_test/wukong/test/nature/ILSVRC2012_val_00014154.JPEG
499,wukong,7977,GenImage_test/wukong/test/nature/ILSVRC2012_val_00013251.JPEG
499,wukong,7978,GenImage_test/wukong/test/ai/439_wukong_image198.png
499,wukong,7979,GenImage_test/wukong/test/nature/ILSVRC2012_val_00047276.JPEG
500,wukong,7980,GenImage_test/wukong/test/nature/ILSVRC2012_val_00006037.JPEG
500,wukong,7981,GenImage_test/wukong/test/nature/ILSVRC2012_val_00034537.JPEG
500,wukong,7982,GenImage_test/wukong/test/nature/ILSVRC2012_val_00016897.JPEG
500,wukong,7983,GenImage_test/wukong/test/ai/328_wukong_image188.png
500,wukong,7984,GenImage_test/wukong/test/ai/8_wukong_image61.png
500,wukong,7985,GenImage_test/wukong/test/nature/ILSVRC2012_val_00039375.JPEG
500,wukong,7986,GenImage_test/wukong/test/ai/647_wukong_image61.png
500,wukong,7987,GenImage_test/wukong/test/nature/ILSVRC2012_val_00043213.JPEG
500,wukong,7988,GenImage_test/wukong/test/nature/ILSVRC2012_val_00025404.JPEG
500,wukong,7989,GenImage_test/wukong/test/nature/ILSVRC2012_val_00039780.JPEG
500,wukong,7990,GenImage_test/wukong/test/ai/941_wukong_image86.png
500,wukong,7991,GenImage_test/wukong/test/nature/ILSVRC2012_val_00045782.JPEG
500,wukong,7992,GenImage_test/wukong/test/ai/598_wukong_image198.png
500,wukong,7993,GenImage_test/wukong/test/ai/551_wukong_image198.png
500,wukong,7994,GenImage_test/wukong/test/nature/ILSVRC2012_val_00039162.JPEG
500,wukong,7995,GenImage_test/wukong/test/nature/ILSVRC2012_val_00047316.JPEG
501,wukong,7996,GenImage_test/wukong/test/nature/ILSVRC2012_val_00018286.JPEG
501,wukong,7997,GenImage_test/wukong/test/nature/ILSVRC2012_val_00019416.JPEG
501,wukong,7998,GenImage_test/wukong/test/nature/ILSVRC2012_val_00009940.JPEG
501,wukong,7999,GenImage_test/wukong/test/nature/ILSVRC2012_val_00018174.JPEG
501,wukong,8000,GenImage_test/wukong/test/nature/ILSVRC2012_val_00039282.JPEG
501,wukong,8001,GenImage_test/wukong/test/nature/ILSVRC2012_val_00045819.JPEG
501,wukong,8002,GenImage_test/wukong/test/nature/ILSVRC2012_val_00023000.JPEG
501,wukong,8003,GenImage_test/wukong/test/ai/765_wukong_image188.png
501,wukong,8004,GenImage_test/wukong/test/ai/281_wukong_image198.png
501,wukong,8005,GenImage_test/wukong/test/ai/374_wukong_image86.png
501,wukong,8006,GenImage_test/wukong/test/nature/ILSVRC2012_val_00039585.JPEG
501,wukong,8007,GenImage_test/wukong/test/nature/ILSVRC2012_val_00021182.JPEG
501,wukong,8008,GenImage_test/wukong/test/ai/666_wukong_image128.png
501,wukong,8009,GenImage_test/wukong/test/nature/ILSVRC2012_val_00005769.JPEG
501,wukong,8010,GenImage_test/wukong/test/nature/ILSVRC2012_val_00039643.JPEG
501,wukong,8011,GenImage_test/wukong/test/ai/496_wukong_image188.png
502,wukong,8012,GenImage_test/wukong/test/nature/ILSVRC2012_val_00048192.JPEG
502,wukong,8013,GenImage_test/wukong/test/ai/966_wukong_image61.png
502,wukong,8014,GenImage_test/wukong/test/nature/ILSVRC2012_val_00044505.JPEG
502,wukong,8015,GenImage_test/wukong/test/nature/ILSVRC2012_val_00033197.JPEG
502,wukong,8016,GenImage_test/wukong/test/ai/146_wukong_image188.png
502,wukong,8017,GenImage_test/wukong/test/nature/ILSVRC2012_val_00049783.JPEG
502,wukong,8018,GenImage_test/wukong/test/ai/766_wukong_image188.png
502,wukong,8019,GenImage_test/wukong/test/ai/301_wukong_image86.png
502,wukong,8020,GenImage_test/wukong/test/ai/785_wukong_image86.png
502,wukong,8021,GenImage_test/wukong/test/nature/ILSVRC2012_val_00000048.JPEG
502,wukong,8022,GenImage_test/wukong/test/ai/169_wukong_image61.png
502,wukong,8023,GenImage_test/wukong/test/ai/574_wukong_image88.png
502,wukong,8024,GenImage_test/wukong/test/nature/ILSVRC2012_val_00013895.JPEG
502,wukong,8025,GenImage_test/wukong/test/nature/ILSVRC2012_val_00035683.JPEG
502,wukong,8026,GenImage_test/wukong/test/ai/376_wukong_image128.png
502,wukong,8027,GenImage_test/wukong/test/ai/263_wukong_image198.png
503,wukong,8028,GenImage_test/wukong/test/ai/20_wukong_image88.png
503,wukong,8029,GenImage_test/wukong/test/ai/688_wukong_image61.png
503,wukong,8030,GenImage_test/wukong/test/nature/ILSVRC2012_val_00008429.JPEG
503,wukong,8031,GenImage_test/wukong/test/ai/840_wukong_image86.png
503,wukong,8032,GenImage_test/wukong/test/ai/146_wukong_image86.png
503,wukong,8033,GenImage_test/wukong/test/ai/81_wukong_image128.png
503,wukong,8034,GenImage_test/wukong/test/ai/330_wukong_image86.png
503,wukong,8035,GenImage_test/wukong/test/ai/228_wukong_image88.png
503,wukong,8036,GenImage_test/wukong/test/ai/259_wukong_image86.png
503,wukong,8037,GenImage_test/wukong/test/nature/ILSVRC2012_val_00004913.JPEG
503,wukong,8038,GenImage_test/wukong/test/nature/ILSVRC2012_val_00016811.JPEG
503,wukong,8039,GenImage_test/wukong/test/nature/ILSVRC2012_val_00019046.JPEG
503,wukong,8040,GenImage_test/wukong/test/nature/ILSVRC2012_val_00026975.JPEG
503,wukong,8041,GenImage_test/wukong/test/ai/746_wukong_image198.png
503,wukong,8042,GenImage_test/wukong/test/nature/ILSVRC2012_val_00025817.JPEG
503,wukong,8043,GenImage_test/wukong/test/ai/443_wukong_image88.png
504,wukong,8044,GenImage_test/wukong/test/ai/761_wukong_image88.png
504,wukong,8045,GenImage_test/wukong/test/nature/ILSVRC2012_val_00016448.JPEG
504,wukong,8046,GenImage_test/wukong/test/ai/609_wukong_image88.png
504,wukong,8047,GenImage_test/wukong/test/ai/476_wukong_image198.png
504,wukong,8048,GenImage_test/wukong/test/nature/ILSVRC2012_val_00004766.JPEG
504,wukong,8049,GenImage_test/wukong/test/ai/15_wukong_image198.png
504,wukong,8050,GenImage_test/wukong/test/ai/664_wukong_image86.png
504,wukong,8051,GenImage_test/wukong/test/nature/ILSVRC2012_val_00010365.JPEG
504,wukong,8052,GenImage_test/wukong/test/nature/ILSVRC2012_val_00032750.JPEG
504,wukong,8053,GenImage_test/wukong/test/nature/ILSVRC2012_val_00011211.JPEG
504,wukong,8054,GenImage_test/wukong/test/ai/852_wukong_image61.png
504,wukong,8055,GenImage_test/wukong/test/ai/721_wukong_image86.png
504,wukong,8056,GenImage_test/wukong/test/ai/459_wukong_image128.png
504,wukong,8057,GenImage_test/wukong/test/nature/ILSVRC2012_val_00046974.JPEG
504,wukong,8058,GenImage_test/wukong/test/nature/ILSVRC2012_val_00037295.JPEG
504,wukong,8059,GenImage_test/wukong/test/ai/275_wukong_image188.png
505,wukong,8060,GenImage_test/wukong/test/nature/ILSVRC2012_val_00024476.JPEG
505,wukong,8061,GenImage_test/wukong/test/nature/ILSVRC2012_val_00048042.JPEG
505,wukong,8062,GenImage_test/wukong/test/ai/934_wukong_image61.png
505,wukong,8063,GenImage_test/wukong/test/nature/ILSVRC2012_val_00034780.JPEG
505,wukong,8064,GenImage_test/wukong/test/ai/439_wukong_image128.png
505,wukong,8065,GenImage_test/wukong/test/nature/ILSVRC2012_val_00017689.JPEG
505,wukong,8066,GenImage_test/wukong/test/nature/ILSVRC2012_val_00034895.JPEG
505,wukong,8067,GenImage_test/wukong/test/ai/394_wukong_image61.png
505,wukong,8068,GenImage_test/wukong/test/nature/ILSVRC2012_val_00027047.JPEG
505,wukong,8069,GenImage_test/wukong/test/ai/987_wukong_image86.png
505,wukong,8070,GenImage_test/wukong/test/ai/620_wukong_image86.png
505,wukong,8071,GenImage_test/wukong/test/ai/235_wukong_image128.png
505,wukong,8072,GenImage_test/wukong/test/nature/ILSVRC2012_val_00020811.JPEG
505,wukong,8073,GenImage_test/wukong/test/nature/ILSVRC2012_val_00017534.JPEG
505,wukong,8074,GenImage_test/wukong/test/ai/916_wukong_image128.png
505,wukong,8075,GenImage_test/wukong/test/ai/497_wukong_image188.png
506,wukong,8076,GenImage_test/wukong/test/nature/ILSVRC2012_val_00030516.JPEG
506,wukong,8077,GenImage_test/wukong/test/ai/261_wukong_image198.png
506,wukong,8078,GenImage_test/wukong/test/ai/969_wukong_image128.png
506,wukong,8079,GenImage_test/wukong/test/ai/433_wukong_image188.png
506,wukong,8080,GenImage_test/wukong/test/ai/988_wukong_image188.png
506,wukong,8081,GenImage_test/wukong/test/nature/ILSVRC2012_val_00039771.JPEG
506,wukong,8082,GenImage_test/wukong/test/nature/ILSVRC2012_val_00012952.JPEG
506,wukong,8083,GenImage_test/wukong/test/nature/ILSVRC2012_val_00004456.JPEG
506,wukong,8084,GenImage_test/wukong/test/ai/292_wukong_image88.png
506,wukong,8085,GenImage_test/wukong/test/ai/471_wukong_image88.png
506,wukong,8086,GenImage_test/wukong/test/nature/ILSVRC2012_val_00044159.JPEG
506,wukong,8087,GenImage_test/wukong/test/ai/548_wukong_image88.png
506,wukong,8088,GenImage_test/wukong/test/ai/553_wukong_image198.png
506,wukong,8089,GenImage_test/wukong/test/nature/ILSVRC2012_val_00012620.JPEG
506,wukong,8090,GenImage_test/wukong/test/ai/620_wukong_image88.png
506,wukong,8091,GenImage_test/wukong/test/nature/ILSVRC2012_val_00010966.JPEG
507,wukong,8092,GenImage_test/wukong/test/ai/976_wukong_image88.png
507,wukong,8093,GenImage_test/wukong/test/nature/ILSVRC2012_val_00005226.JPEG
507,wukong,8094,GenImage_test/wukong/test/nature/ILSVRC2012_val_00028228.JPEG
507,wukong,8095,GenImage_test/wukong/test/ai/527_wukong_image188.png
507,wukong,8096,GenImage_test/wukong/test/nature/ILSVRC2012_val_00003390.JPEG
507,wukong,8097,GenImage_test/wukong/test/ai/533_wukong_image86.png
507,wukong,8098,GenImage_test/wukong/test/ai/586_wukong_image61.png
507,wukong,8099,GenImage_test/wukong/test/nature/ILSVRC2012_val_00000753.JPEG
507,wukong,8100,GenImage_test/wukong/test/ai/983_wukong_image198.png
507,wukong,8101,GenImage_test/wukong/test/nature/ILSVRC2012_val_00008564.JPEG
507,wukong,8102,GenImage_test/wukong/test/ai/211_wukong_image188.png
507,wukong,8103,GenImage_test/wukong/test/nature/ILSVRC2012_val_00006478.JPEG
507,wukong,8104,GenImage_test/wukong/test/nature/ILSVRC2012_val_00021011.JPEG
507,wukong,8105,GenImage_test/wukong/test/nature/ILSVRC2012_val_00015403.JPEG
507,wukong,8106,GenImage_test/wukong/test/nature/ILSVRC2012_val_00040447.JPEG
507,wukong,8107,GenImage_test/wukong/test/ai/931_wukong_image198.png
508,wukong,8108,GenImage_test/wukong/test/nature/ILSVRC2012_val_00037596.JPEG
508,wukong,8109,GenImage_test/wukong/test/nature/ILSVRC2012_val_00008924.JPEG
508,wukong,8110,GenImage_test/wukong/test/ai/319_wukong_image128.png
508,wukong,8111,GenImage_test/wukong/test/nature/ILSVRC2012_val_00021222.JPEG
508,wukong,8112,GenImage_test/wukong/test/nature/ILSVRC2012_val_00007897.JPEG
508,wukong,8113,GenImage_test/wukong/test/nature/ILSVRC2012_val_00015594.JPEG
508,wukong,8114,GenImage_test/wukong/test/nature/ILSVRC2012_val_00009685.JPEG
508,wukong,8115,GenImage_test/wukong/test/nature/ILSVRC2012_val_00015480.JPEG
508,wukong,8116,GenImage_test/wukong/test/ai/589_wukong_image88.png
508,wukong,8117,GenImage_test/wukong/test/ai/396_wukong_image198.png
508,wukong,8118,GenImage_test/wukong/test/ai/967_wukong_image128.png
508,wukong,8119,GenImage_test/wukong/test/nature/ILSVRC2012_val_00039145.JPEG
508,wukong,8120,GenImage_test/wukong/test/nature/ILSVRC2012_val_00026658.JPEG
508,wukong,8121,GenImage_test/wukong/test/ai/172_wukong_image188.png
508,wukong,8122,GenImage_test/wukong/test/nature/ILSVRC2012_val_00024356.JPEG
508,wukong,8123,GenImage_test/wukong/test/ai/597_wukong_image128.png
509,wukong,8124,GenImage_test/wukong/test/ai/852_wukong_image128.png
509,wukong,8125,GenImage_test/wukong/test/ai/957_wukong_image88.png
509,wukong,8126,GenImage_test/wukong/test/ai/0_wukong_image86.png
509,wukong,8127,GenImage_test/wukong/test/ai/249_wukong_image61.png
509,wukong,8128,GenImage_test/wukong/test/ai/879_wukong_image86.png
509,wukong,8129,GenImage_test/wukong/test/nature/ILSVRC2012_val_00034747.JPEG
509,wukong,8130,GenImage_test/wukong/test/ai/130_wukong_image61.png
509,wukong,8131,GenImage_test/wukong/test/nature/ILSVRC2012_val_00024750.JPEG
509,wukong,8132,GenImage_test/wukong/test/ai/195_wukong_image86.png
509,wukong,8133,GenImage_test/wukong/test/ai/31_wukong_image128.png
509,wukong,8134,GenImage_test/wukong/test/ai/578_wukong_image88.png
509,wukong,8135,GenImage_test/wukong/test/ai/278_wukong_image61.png
509,wukong,8136,GenImage_test/wukong/test/nature/ILSVRC2012_val_00005173.JPEG
509,wukong,8137,GenImage_test/wukong/test/nature/ILSVRC2012_val_00016086.JPEG
509,wukong,8138,GenImage_test/wukong/test/ai/319_wukong_image188.png
509,wukong,8139,GenImage_test/wukong/test/ai/945_wukong_image88.png
510,wukong,8140,GenImage_test/wukong/test/nature/ILSVRC2012_val_00023446.JPEG
510,wukong,8141,GenImage_test/wukong/test/ai/357_wukong_image86.png
510,wukong,8142,GenImage_test/wukong/test/nature/ILSVRC2012_val_00020116.JPEG
510,wukong,8143,GenImage_test/wukong/test/nature/ILSVRC2012_val_00042461.JPEG
510,wukong,8144,GenImage_test/wukong/test/ai/863_wukong_image61.png
510,wukong,8145,GenImage_test/wukong/test/nature/ILSVRC2012_val_00041165.JPEG
510,wukong,8146,GenImage_test/wukong/test/nature/ILSVRC2012_val_00029034.JPEG
510,wukong,8147,GenImage_test/wukong/test/ai/764_wukong_image88.png
510,wukong,8148,GenImage_test/wukong/test/ai/281_wukong_image88.png
510,wukong,8149,GenImage_test/wukong/test/nature/ILSVRC2012_val_00038671.JPEG
510,wukong,8150,GenImage_test/wukong/test/ai/271_wukong_image86.png
510,wukong,8151,GenImage_test/wukong/test/nature/ILSVRC2012_val_00035567.JPEG
510,wukong,8152,GenImage_test/wukong/test/nature/ILSVRC2012_val_00027660.JPEG
510,wukong,8153,GenImage_test/wukong/test/nature/ILSVRC2012_val_00009114.JPEG
510,wukong,8154,GenImage_test/wukong/test/ai/196_wukong_image188.png
510,wukong,8155,GenImage_test/wukong/test/ai/540_wukong_image128.png
511,wukong,8156,GenImage_test/wukong/test/nature/ILSVRC2012_val_00042895.JPEG
511,wukong,8157,GenImage_test/wukong/test/ai/72_wukong_image188.png
511,wukong,8158,GenImage_test/wukong/test/ai/585_wukong_image88.png
511,wukong,8159,GenImage_test/wukong/test/nature/ILSVRC2012_val_00000506.JPEG
511,wukong,8160,GenImage_test/wukong/test/nature/ILSVRC2012_val_00018960.JPEG
511,wukong,8161,GenImage_test/wukong/test/ai/63_wukong_image188.png
511,wukong,8162,GenImage_test/wukong/test/nature/ILSVRC2012_val_00008584.JPEG
511,wukong,8163,GenImage_test/wukong/test/ai/423_wukong_image128.png
511,wukong,8164,GenImage_test/wukong/test/nature/ILSVRC2012_val_00013754.JPEG
511,wukong,8165,GenImage_test/wukong/test/nature/ILSVRC2012_val_00012607.JPEG
511,wukong,8166,GenImage_test/wukong/test/ai/479_wukong_image198.png
511,wukong,8167,GenImage_test/wukong/test/nature/ILSVRC2012_val_00030031.JPEG
511,wukong,8168,GenImage_test/wukong/test/nature/ILSVRC2012_val_00025548.JPEG
511,wukong,8169,GenImage_test/wukong/test/ai/57_wukong_image128.png
511,wukong,8170,GenImage_test/wukong/test/ai/199_wukong_image86.png
511,wukong,8171,GenImage_test/wukong/test/nature/ILSVRC2012_val_00031705.JPEG
512,wukong,8172,GenImage_test/wukong/test/nature/ILSVRC2012_val_00043515.JPEG
512,wukong,8173,GenImage_test/wukong/test/nature/ILSVRC2012_val_00020719.JPEG
512,wukong,8174,GenImage_test/wukong/test/nature/ILSVRC2012_val_00044307.JPEG
512,wukong,8175,GenImage_test/wukong/test/nature/ILSVRC2012_val_00028468.JPEG
512,wukong,8176,GenImage_test/wukong/test/ai/805_wukong_image198.png
512,wukong,8177,GenImage_test/wukong/test/nature/ILSVRC2012_val_00031557.JPEG
512,wukong,8178,GenImage_test/wukong/test/nature/ILSVRC2012_val_00046741.JPEG
512,wukong,8179,GenImage_test/wukong/test/ai/578_wukong_image61.png
512,wukong,8180,GenImage_test/wukong/test/ai/46_wukong_image86.png
512,wukong,8181,GenImage_test/wukong/test/nature/ILSVRC2012_val_00032659.JPEG
512,wukong,8182,GenImage_test/wukong/test/nature/ILSVRC2012_val_00021965.JPEG
512,wukong,8183,GenImage_test/wukong/test/ai/201_wukong_image86.png
512,wukong,8184,GenImage_test/wukong/test/ai/951_wukong_image128.png
512,wukong,8185,GenImage_test/wukong/test/ai/135_wukong_image61.png
512,wukong,8186,GenImage_test/wukong/test/ai/262_wukong_image198.png
512,wukong,8187,GenImage_test/wukong/test/nature/ILSVRC2012_val_00032906.JPEG
513,wukong,8188,GenImage_test/wukong/test/nature/ILSVRC2012_val_00030377.JPEG
513,wukong,8189,GenImage_test/wukong/test/nature/ILSVRC2012_val_00002139.JPEG
513,wukong,8190,GenImage_test/wukong/test/ai/948_wukong_image61.png
513,wukong,8191,GenImage_test/wukong/test/nature/ILSVRC2012_val_00010393.JPEG
513,wukong,8192,GenImage_test/wukong/test/ai/986_wukong_image188.png
513,wukong,8193,GenImage_test/wukong/test/nature/ILSVRC2012_val_00008327.JPEG
513,wukong,8194,GenImage_test/wukong/test/ai/77_wukong_image128.png
513,wukong,8195,GenImage_test/wukong/test/nature/ILSVRC2012_val_00038168.JPEG
513,wukong,8196,GenImage_test/wukong/test/nature/ILSVRC2012_val_00022232.JPEG
513,wukong,8197,GenImage_test/wukong/test/ai/768_wukong_image61.png
513,wukong,8198,GenImage_test/wukong/test/nature/ILSVRC2012_val_00026847.JPEG
513,wukong,8199,GenImage_test/wukong/test/nature/ILSVRC2012_val_00031138.JPEG
513,wukong,8200,GenImage_test/wukong/test/nature/ILSVRC2012_val_00008352.JPEG
513,wukong,8201,GenImage_test/wukong/test/ai/38_wukong_image86.png
513,wukong,8202,GenImage_test/wukong/test/nature/ILSVRC2012_val_00008140.JPEG
513,wukong,8203,GenImage_test/wukong/test/nature/ILSVRC2012_val_00028498.JPEG
514,wukong,8204,GenImage_test/wukong/test/ai/209_wukong_image128.png
514,wukong,8205,GenImage_test/wukong/test/ai/313_wukong_image61.png
514,wukong,8206,GenImage_test/wukong/test/ai/715_wukong_image128.png
514,wukong,8207,GenImage_test/wukong/test/ai/368_wukong_image128.png
514,wukong,8208,GenImage_test/wukong/test/nature/ILSVRC2012_val_00046055.JPEG
514,wukong,8209,GenImage_test/wukong/test/ai/458_wukong_image86.png
514,wukong,8210,GenImage_test/wukong/test/ai/384_wukong_image128.png
514,wukong,8211,GenImage_test/wukong/test/nature/ILSVRC2012_val_00034971.JPEG
514,wukong,8212,GenImage_test/wukong/test/ai/975_wukong_image88.png
514,wukong,8213,GenImage_test/wukong/test/ai/110_wukong_image61.png
514,wukong,8214,GenImage_test/wukong/test/ai/414_wukong_image188.png
514,wukong,8215,GenImage_test/wukong/test/nature/ILSVRC2012_val_00049339.JPEG
514,wukong,8216,GenImage_test/wukong/test/ai/204_wukong_image86.png
514,wukong,8217,GenImage_test/wukong/test/ai/37_wukong_image128.png
514,wukong,8218,GenImage_test/wukong/test/ai/807_wukong_image128.png
514,wukong,8219,GenImage_test/wukong/test/ai/708_wukong_image198.png
515,wukong,8220,GenImage_test/wukong/test/nature/ILSVRC2012_val_00043123.JPEG
515,wukong,8221,GenImage_test/wukong/test/ai/390_wukong_image188.png
515,wukong,8222,GenImage_test/wukong/test/nature/ILSVRC2012_val_00014239.JPEG
515,wukong,8223,GenImage_test/wukong/test/nature/ILSVRC2012_val_00029386.JPEG
515,wukong,8224,GenImage_test/wukong/test/ai/154_wukong_image88.png
515,wukong,8225,GenImage_test/wukong/test/ai/553_wukong_image61.png
515,wukong,8226,GenImage_test/wukong/test/nature/ILSVRC2012_val_00016412.JPEG
515,wukong,8227,GenImage_test/wukong/test/ai/681_wukong_image198.png
515,wukong,8228,GenImage_test/wukong/test/ai/247_wukong_image128.png
515,wukong,8229,GenImage_test/wukong/test/ai/660_wukong_image198.png
515,wukong,8230,GenImage_test/wukong/test/nature/ILSVRC2012_val_00046200.JPEG
515,wukong,8231,GenImage_test/wukong/test/nature/ILSVRC2012_val_00047231.JPEG
515,wukong,8232,GenImage_test/wukong/test/ai/679_wukong_image188.png
515,wukong,8233,GenImage_test/wukong/test/ai/832_wukong_image188.png
515,wukong,8234,GenImage_test/wukong/test/ai/436_wukong_image86.png
515,wukong,8235,GenImage_test/wukong/test/nature/ILSVRC2012_val_00008337.JPEG
516,wukong,8236,GenImage_test/wukong/test/ai/790_wukong_image61.png
516,wukong,8237,GenImage_test/wukong/test/nature/ILSVRC2012_val_00005610.JPEG
516,wukong,8238,GenImage_test/wukong/test/ai/925_wukong_image61.png
516,wukong,8239,GenImage_test/wukong/test/nature/ILSVRC2012_val_00016243.JPEG
516,wukong,8240,GenImage_test/wukong/test/ai/437_wukong_image188.png
516,wukong,8241,GenImage_test/wukong/test/ai/611_wukong_image86.png
516,wukong,8242,GenImage_test/wukong/test/nature/ILSVRC2012_val_00009658.JPEG
516,wukong,8243,GenImage_test/wukong/test/ai/648_wukong_image88.png
516,wukong,8244,GenImage_test/wukong/test/ai/422_wukong_image61.png
516,wukong,8245,GenImage_test/wukong/test/ai/45_wukong_image86.png
516,wukong,8246,GenImage_test/wukong/test/ai/492_wukong_image198.png
516,wukong,8247,GenImage_test/wukong/test/ai/653_wukong_image61.png
516,wukong,8248,GenImage_test/wukong/test/nature/ILSVRC2012_val_00029626.JPEG
516,wukong,8249,GenImage_test/wukong/test/nature/ILSVRC2012_val_00015038.JPEG
516,wukong,8250,GenImage_test/wukong/test/ai/219_wukong_image198.png
516,wukong,8251,GenImage_test/wukong/test/nature/ILSVRC2012_val_00045053.JPEG
517,wukong,8252,GenImage_test/wukong/test/nature/ILSVRC2012_val_00005749.JPEG
517,wukong,8253,GenImage_test/wukong/test/nature/ILSVRC2012_val_00016853.JPEG
517,wukong,8254,GenImage_test/wukong/test/nature/ILSVRC2012_val_00036891.JPEG
517,wukong,8255,GenImage_test/wukong/test/nature/ILSVRC2012_val_00002388.JPEG
517,wukong,8256,GenImage_test/wukong/test/ai/482_wukong_image86.png
517,wukong,8257,GenImage_test/wukong/test/ai/98_wukong_image86.png
517,wukong,8258,GenImage_test/wukong/test/nature/ILSVRC2012_val_00038443.JPEG
517,wukong,8259,GenImage_test/wukong/test/ai/963_wukong_image86.png
517,wukong,8260,GenImage_test/wukong/test/ai/678_wukong_image61.png
517,wukong,8261,GenImage_test/wukong/test/ai/767_wukong_image128.png
517,wukong,8262,GenImage_test/wukong/test/nature/ILSVRC2012_val_00021607.JPEG
517,wukong,8263,GenImage_test/wukong/test/ai/963_wukong_image88.png
517,wukong,8264,GenImage_test/wukong/test/nature/ILSVRC2012_val_00023189.JPEG
517,wukong,8265,GenImage_test/wukong/test/nature/ILSVRC2012_val_00002546.JPEG
517,wukong,8266,GenImage_test/wukong/test/nature/ILSVRC2012_val_00036739.JPEG
517,wukong,8267,GenImage_test/wukong/test/ai/729_wukong_image128.png
518,wukong,8268,GenImage_test/wukong/test/ai/660_wukong_image61.png
518,wukong,8269,GenImage_test/wukong/test/nature/ILSVRC2012_val_00043479.JPEG
518,wukong,8270,GenImage_test/wukong/test/nature/ILSVRC2012_val_00012526.JPEG
518,wukong,8271,GenImage_test/wukong/test/nature/ILSVRC2012_val_00005188.JPEG
518,wukong,8272,GenImage_test/wukong/test/ai/291_wukong_image188.png
518,wukong,8273,GenImage_test/wukong/test/nature/ILSVRC2012_val_00040862.JPEG
518,wukong,8274,GenImage_test/wukong/test/ai/980_wukong_image61.png
518,wukong,8275,GenImage_test/wukong/test/ai/965_wukong_image86.png
518,wukong,8276,GenImage_test/wukong/test/ai/556_wukong_image61.png
518,wukong,8277,GenImage_test/wukong/test/nature/ILSVRC2012_val_00019138.JPEG
518,wukong,8278,GenImage_test/wukong/test/ai/470_wukong_image88.png
518,wukong,8279,GenImage_test/wukong/test/nature/ILSVRC2012_val_00010714.JPEG
518,wukong,8280,GenImage_test/wukong/test/ai/474_wukong_image88.png
518,wukong,8281,GenImage_test/wukong/test/nature/ILSVRC2012_val_00002243.JPEG
518,wukong,8282,GenImage_test/wukong/test/nature/ILSVRC2012_val_00023001.JPEG
518,wukong,8283,GenImage_test/wukong/test/ai/329_wukong_image88.png
519,wukong,8284,GenImage_test/wukong/test/nature/ILSVRC2012_val_00032551.JPEG
519,wukong,8285,GenImage_test/wukong/test/nature/ILSVRC2012_val_00010840.JPEG
519,wukong,8286,GenImage_test/wukong/test/ai/859_wukong_image198.png
519,wukong,8287,GenImage_test/wukong/test/nature/ILSVRC2012_val_00007811.JPEG
519,wukong,8288,GenImage_test/wukong/test/ai/89_wukong_image61.png
519,wukong,8289,GenImage_test/wukong/test/nature/ILSVRC2012_val_00018694.JPEG
519,wukong,8290,GenImage_test/wukong/test/nature/ILSVRC2012_val_00007321.JPEG
519,wukong,8291,GenImage_test/wukong/test/nature/ILSVRC2012_val_00003144.JPEG
519,wukong,8292,GenImage_test/wukong/test/ai/438_wukong_image86.png
519,wukong,8293,GenImage_test/wukong/test/ai/811_wukong_image86.png
519,wukong,8294,GenImage_test/wukong/test/nature/ILSVRC2012_val_00032626.JPEG
519,wukong,8295,GenImage_test/wukong/test/nature/ILSVRC2012_val_00002655.JPEG
519,wukong,8296,GenImage_test/wukong/test/ai/487_wukong_image188.png
519,wukong,8297,GenImage_test/wukong/test/ai/58_wukong_image128.png
519,wukong,8298,GenImage_test/wukong/test/ai/665_wukong_image86.png
519,wukong,8299,GenImage_test/wukong/test/ai/760_wukong_image88.png
520,wukong,8300,GenImage_test/wukong/test/ai/120_wukong_image128.png
520,wukong,8301,GenImage_test/wukong/test/nature/ILSVRC2012_val_00049141.JPEG
520,wukong,8302,GenImage_test/wukong/test/ai/675_wukong_image198.png
520,wukong,8303,GenImage_test/wukong/test/nature/ILSVRC2012_val_00020089.JPEG
520,wukong,8304,GenImage_test/wukong/test/nature/ILSVRC2012_val_00001662.JPEG
520,wukong,8305,GenImage_test/wukong/test/nature/ILSVRC2012_val_00037154.JPEG
520,wukong,8306,GenImage_test/wukong/test/nature/ILSVRC2012_val_00045641.JPEG
520,wukong,8307,GenImage_test/wukong/test/ai/791_wukong_image188.png
520,wukong,8308,GenImage_test/wukong/test/ai/240_wukong_image198.png
520,wukong,8309,GenImage_test/wukong/test/ai/508_wukong_image128.png
520,wukong,8310,GenImage_test/wukong/test/nature/ILSVRC2012_val_00010375.JPEG
520,wukong,8311,GenImage_test/wukong/test/ai/758_wukong_image88.png
520,wukong,8312,GenImage_test/wukong/test/nature/ILSVRC2012_val_00008817.JPEG
520,wukong,8313,GenImage_test/wukong/test/ai/22_wukong_image61.png
520,wukong,8314,GenImage_test/wukong/test/nature/ILSVRC2012_val_00005718.JPEG
520,wukong,8315,GenImage_test/wukong/test/ai/806_wukong_image198.png
521,wukong,8316,GenImage_test/wukong/test/nature/ILSVRC2012_val_00039710.JPEG
521,wukong,8317,GenImage_test/wukong/test/ai/734_wukong_image188.png
521,wukong,8318,GenImage_test/wukong/test/nature/ILSVRC2012_val_00011657.JPEG
521,wukong,8319,GenImage_test/wukong/test/nature/ILSVRC2012_val_00033784.JPEG
521,wukong,8320,GenImage_test/wukong/test/nature/ILSVRC2012_val_00022994.JPEG
521,wukong,8321,GenImage_test/wukong/test/ai/782_wukong_image188.png
521,wukong,8322,GenImage_test/wukong/test/nature/ILSVRC2012_val_00025510.JPEG
521,wukong,8323,GenImage_test/wukong/test/nature/ILSVRC2012_val_00028335.JPEG
521,wukong,8324,GenImage_test/wukong/test/ai/541_wukong_image61.png
521,wukong,8325,GenImage_test/wukong/test/nature/ILSVRC2012_val_00017238.JPEG
521,wukong,8326,GenImage_test/wukong/test/nature/ILSVRC2012_val_00039329.JPEG
521,wukong,8327,GenImage_test/wukong/test/nature/ILSVRC2012_val_00011469.JPEG
521,wukong,8328,GenImage_test/wukong/test/ai/296_wukong_image128.png
521,wukong,8329,GenImage_test/wukong/test/ai/580_wukong_image198.png
521,wukong,8330,GenImage_test/wukong/test/nature/ILSVRC2012_val_00002061.JPEG
521,wukong,8331,GenImage_test/wukong/test/nature/ILSVRC2012_val_00009939.JPEG
522,wukong,8332,GenImage_test/wukong/test/nature/ILSVRC2012_val_00045941.JPEG
522,wukong,8333,GenImage_test/wukong/test/nature/ILSVRC2012_val_00047975.JPEG
522,wukong,8334,GenImage_test/wukong/test/ai/967_wukong_image86.png
522,wukong,8335,GenImage_test/wukong/test/ai/828_wukong_image88.png
522,wukong,8336,GenImage_test/wukong/test/ai/962_wukong_image61.png
522,wukong,8337,GenImage_test/wukong/test/ai/99_wukong_image128.png
522,wukong,8338,GenImage_test/wukong/test/nature/ILSVRC2012_val_00014167.JPEG
522,wukong,8339,GenImage_test/wukong/test/nature/ILSVRC2012_val_00004211.JPEG
522,wukong,8340,GenImage_test/wukong/test/nature/ILSVRC2012_val_00018288.JPEG
522,wukong,8341,GenImage_test/wukong/test/nature/ILSVRC2012_val_00024036.JPEG
522,wukong,8342,GenImage_test/wukong/test/nature/ILSVRC2012_val_00003085.JPEG
522,wukong,8343,GenImage_test/wukong/test/nature/ILSVRC2012_val_00037179.JPEG
522,wukong,8344,GenImage_test/wukong/test/ai/736_wukong_image86.png
522,wukong,8345,GenImage_test/wukong/test/nature/ILSVRC2012_val_00012609.JPEG
522,wukong,8346,GenImage_test/wukong/test/ai/270_wukong_image198.png
522,wukong,8347,GenImage_test/wukong/test/ai/582_wukong_image61.png
523,wukong,8348,GenImage_test/wukong/test/ai/204_wukong_image198.png
523,wukong,8349,GenImage_test/wukong/test/nature/ILSVRC2012_val_00044799.JPEG
523,wukong,8350,GenImage_test/wukong/test/ai/364_wukong_image198.png
523,wukong,8351,GenImage_test/wukong/test/ai/361_wukong_image188.png
523,wukong,8352,GenImage_test/wukong/test/nature/ILSVRC2012_val_00049756.JPEG
523,wukong,8353,GenImage_test/wukong/test/ai/16_wukong_image188.png
523,wukong,8354,GenImage_test/wukong/test/ai/101_wukong_image86.png
523,wukong,8355,GenImage_test/wukong/test/ai/214_wukong_image128.png
523,wukong,8356,GenImage_test/wukong/test/ai/744_wukong_image198.png
523,wukong,8357,GenImage_test/wukong/test/ai/507_wukong_image188.png
523,wukong,8358,GenImage_test/wukong/test/ai/662_wukong_image61.png
523,wukong,8359,GenImage_test/wukong/test/ai/586_wukong_image198.png
523,wukong,8360,GenImage_test/wukong/test/ai/208_wukong_image188.png
523,wukong,8361,GenImage_test/wukong/test/ai/9_wukong_image88.png
523,wukong,8362,GenImage_test/wukong/test/ai/944_wukong_image128.png
523,wukong,8363,GenImage_test/wukong/test/nature/ILSVRC2012_val_00007679.JPEG
524,wukong,8364,GenImage_test/wukong/test/ai/406_wukong_image198.png
524,wukong,8365,GenImage_test/wukong/test/ai/349_wukong_image128.png
524,wukong,8366,GenImage_test/wukong/test/nature/ILSVRC2012_val_00046731.JPEG
524,wukong,8367,GenImage_test/wukong/test/nature/ILSVRC2012_val_00047818.JPEG
524,wukong,8368,GenImage_test/wukong/test/ai/123_wukong_image86.png
524,wukong,8369,GenImage_test/wukong/test/ai/95_wukong_image86.png
524,wukong,8370,GenImage_test/wukong/test/nature/ILSVRC2012_val_00012018.JPEG
524,wukong,8371,GenImage_test/wukong/test/nature/ILSVRC2012_val_00028548.JPEG
524,wukong,8372,GenImage_test/wukong/test/ai/234_wukong_image188.png
524,wukong,8373,GenImage_test/wukong/test/ai/569_wukong_image88.png
524,wukong,8374,GenImage_test/wukong/test/ai/21_wukong_image61.png
524,wukong,8375,GenImage_test/wukong/test/nature/ILSVRC2012_val_00014458.JPEG
524,wukong,8376,GenImage_test/wukong/test/nature/ILSVRC2012_val_00034366.JPEG
524,wukong,8377,GenImage_test/wukong/test/nature/ILSVRC2012_val_00022836.JPEG
524,wukong,8378,GenImage_test/wukong/test/ai/394_wukong_image198.png
524,wukong,8379,GenImage_test/wukong/test/ai/407_wukong_image198.png
525,wukong,8380,GenImage_test/wukong/test/ai/396_wukong_image188.png
525,wukong,8381,GenImage_test/wukong/test/ai/423_wukong_image88.png
525,wukong,8382,GenImage_test/wukong/test/nature/ILSVRC2012_val_00040986.JPEG
525,wukong,8383,GenImage_test/wukong/test/nature/ILSVRC2012_val_00021396.JPEG
525,wukong,8384,GenImage_test/wukong/test/ai/965_wukong_image198.png
525,wukong,8385,GenImage_test/wukong/test/nature/ILSVRC2012_val_00008498.JPEG
525,wukong,8386,GenImage_test/wukong/test/ai/603_wukong_image61.png
525,wukong,8387,GenImage_test/wukong/test/ai/415_wukong_image88.png
525,wukong,8388,GenImage_test/wukong/test/nature/ILSVRC2012_val_00002778.JPEG
525,wukong,8389,GenImage_test/wukong/test/ai/737_wukong_image86.png
525,wukong,8390,GenImage_test/wukong/test/ai/425_wukong_image61.png
525,wukong,8391,GenImage_test/wukong/test/ai/368_wukong_image61.png
525,wukong,8392,GenImage_test/wukong/test/ai/603_wukong_image198.png
525,wukong,8393,GenImage_test/wukong/test/nature/ILSVRC2012_val_00011630.JPEG
525,wukong,8394,GenImage_test/wukong/test/ai/183_wukong_image128.png
525,wukong,8395,GenImage_test/wukong/test/nature/ILSVRC2012_val_00030425.JPEG
526,wukong,8396,GenImage_test/wukong/test/ai/229_wukong_image128.png
526,wukong,8397,GenImage_test/wukong/test/ai/84_wukong_image61.png
526,wukong,8398,GenImage_test/wukong/test/ai/577_wukong_image198.png
526,wukong,8399,GenImage_test/wukong/test/nature/ILSVRC2012_val_00023317.JPEG
526,wukong,8400,GenImage_test/wukong/test/nature/ILSVRC2012_val_00017793.JPEG
526,wukong,8401,GenImage_test/wukong/test/ai/789_wukong_image198.png
526,wukong,8402,GenImage_test/wukong/test/nature/ILSVRC2012_val_00000006.JPEG
526,wukong,8403,GenImage_test/wukong/test/nature/ILSVRC2012_val_00009941.JPEG
526,wukong,8404,GenImage_test/wukong/test/nature/ILSVRC2012_val_00022107.JPEG
526,wukong,8405,GenImage_test/wukong/test/nature/ILSVRC2012_val_00021006.JPEG
526,wukong,8406,GenImage_test/wukong/test/ai/576_wukong_image188.png
526,wukong,8407,GenImage_test/wukong/test/nature/ILSVRC2012_val_00042566.JPEG
526,wukong,8408,GenImage_test/wukong/test/nature/ILSVRC2012_val_00007831.JPEG
526,wukong,8409,GenImage_test/wukong/test/ai/573_wukong_image86.png
526,wukong,8410,GenImage_test/wukong/test/nature/ILSVRC2012_val_00048219.JPEG
526,wukong,8411,GenImage_test/wukong/test/nature/ILSVRC2012_val_00007138.JPEG
527,wukong,8412,GenImage_test/wukong/test/ai/280_wukong_image86.png
527,wukong,8413,GenImage_test/wukong/test/ai/918_wukong_image188.png
527,wukong,8414,GenImage_test/wukong/test/nature/ILSVRC2012_val_00002165.JPEG
527,wukong,8415,GenImage_test/wukong/test/ai/373_wukong_image188.png
527,wukong,8416,GenImage_test/wukong/test/ai/268_wukong_image198.png
527,wukong,8417,GenImage_test/wukong/test/nature/ILSVRC2012_val_00034387.JPEG
527,wukong,8418,GenImage_test/wukong/test/nature/ILSVRC2012_val_00026757.JPEG
527,wukong,8419,GenImage_test/wukong/test/ai/387_wukong_image188.png
527,wukong,8420,GenImage_test/wukong/test/nature/ILSVRC2012_val_00030495.JPEG
527,wukong,8421,GenImage_test/wukong/test/nature/ILSVRC2012_val_00016623.JPEG
527,wukong,8422,GenImage_test/wukong/test/nature/ILSVRC2012_val_00004122.JPEG
527,wukong,8423,GenImage_test/wukong/test/nature/ILSVRC2012_val_00002040.JPEG
527,wukong,8424,GenImage_test/wukong/test/nature/ILSVRC2012_val_00029862.JPEG
527,wukong,8425,GenImage_test/wukong/test/ai/57_wukong_image88.png
527,wukong,8426,GenImage_test/wukong/test/ai/872_wukong_image88.png
527,wukong,8427,GenImage_test/wukong/test/nature/ILSVRC2012_val_00030315.JPEG
528,wukong,8428,GenImage_test/wukong/test/ai/420_wukong_image61.png
528,wukong,8429,GenImage_test/wukong/test/ai/80_wukong_image188.png
528,wukong,8430,GenImage_test/wukong/test/nature/ILSVRC2012_val_00024966.JPEG
528,wukong,8431,GenImage_test/wukong/test/nature/ILSVRC2012_val_00047865.JPEG
528,wukong,8432,GenImage_test/wukong/test/ai/364_wukong_image86.png
528,wukong,8433,GenImage_test/wukong/test/ai/374_wukong_image88.png
528,wukong,8434,GenImage_test/wukong/test/nature/ILSVRC2012_val_00032796.JPEG
528,wukong,8435,GenImage_test/wukong/test/ai/75_wukong_image198.png
528,wukong,8436,GenImage_test/wukong/test/nature/ILSVRC2012_val_00003830.JPEG
528,wukong,8437,GenImage_test/wukong/test/ai/186_wukong_image198.png
528,wukong,8438,GenImage_test/wukong/test/nature/ILSVRC2012_val_00013652.JPEG
528,wukong,8439,GenImage_test/wukong/test/ai/900_wukong_image188.png
528,wukong,8440,GenImage_test/wukong/test/ai/94_wukong_image128.png
528,wukong,8441,GenImage_test/wukong/test/nature/ILSVRC2012_val_00015028.JPEG
528,wukong,8442,GenImage_test/wukong/test/nature/ILSVRC2012_val_00021782.JPEG
528,wukong,8443,GenImage_test/wukong/test/ai/565_wukong_image198.png
529,wukong,8444,GenImage_test/wukong/test/nature/ILSVRC2012_val_00038075.JPEG
529,wukong,8445,GenImage_test/wukong/test/nature/ILSVRC2012_val_00004643.JPEG
529,wukong,8446,GenImage_test/wukong/test/nature/ILSVRC2012_val_00009464.JPEG
529,wukong,8447,GenImage_test/wukong/test/ai/895_wukong_image61.png
529,wukong,8448,GenImage_test/wukong/test/ai/265_wukong_image86.png
529,wukong,8449,GenImage_test/wukong/test/ai/762_wukong_image61.png
529,wukong,8450,GenImage_test/wukong/test/ai/630_wukong_image86.png
529,wukong,8451,GenImage_test/wukong/test/ai/256_wukong_image128.png
529,wukong,8452,GenImage_test/wukong/test/ai/116_wukong_image128.png
529,wukong,8453,GenImage_test/wukong/test/ai/243_wukong_image61.png
529,wukong,8454,GenImage_test/wukong/test/nature/ILSVRC2012_val_00017140.JPEG
529,wukong,8455,GenImage_test/wukong/test/nature/ILSVRC2012_val_00008008.JPEG
529,wukong,8456,GenImage_test/wukong/test/ai/819_wukong_image88.png
529,wukong,8457,GenImage_test/wukong/test/ai/37_wukong_image61.png
529,wukong,8458,GenImage_test/wukong/test/ai/680_wukong_image128.png
529,wukong,8459,GenImage_test/wukong/test/nature/ILSVRC2012_val_00000298.JPEG
530,wukong,8460,GenImage_test/wukong/test/nature/ILSVRC2012_val_00044292.JPEG
530,wukong,8461,GenImage_test/wukong/test/ai/33_wukong_image88.png
530,wukong,8462,GenImage_test/wukong/test/nature/ILSVRC2012_val_00042869.JPEG
530,wukong,8463,GenImage_test/wukong/test/ai/738_wukong_image128.png
530,wukong,8464,GenImage_test/wukong/test/ai/357_wukong_image61.png
530,wukong,8465,GenImage_test/wukong/test/ai/602_wukong_image198.png
530,wukong,8466,GenImage_test/wukong/test/ai/331_wukong_image61.png
530,wukong,8467,GenImage_test/wukong/test/nature/ILSVRC2012_val_00034906.JPEG
530,wukong,8468,GenImage_test/wukong/test/nature/ILSVRC2012_val_00036615.JPEG
530,wukong,8469,GenImage_test/wukong/test/nature/ILSVRC2012_val_00007385.JPEG
530,wukong,8470,GenImage_test/wukong/test/nature/ILSVRC2012_val_00005439.JPEG
530,wukong,8471,GenImage_test/wukong/test/nature/ILSVRC2012_val_00040327.JPEG
530,wukong,8472,GenImage_test/wukong/test/nature/ILSVRC2012_val_00018559.JPEG
530,wukong,8473,GenImage_test/wukong/test/ai/914_wukong_image128.png
530,wukong,8474,GenImage_test/wukong/test/ai/634_wukong_image88.png
530,wukong,8475,GenImage_test/wukong/test/ai/176_wukong_image198.png
531,wukong,8476,GenImage_test/wukong/test/nature/ILSVRC2012_val_00027540.JPEG
531,wukong,8477,GenImage_test/wukong/test/ai/97_wukong_image128.png
531,wukong,8478,GenImage_test/wukong/test/ai/119_wukong_image188.png
531,wukong,8479,GenImage_test/wukong/test/ai/116_wukong_image88.png
531,wukong,8480,GenImage_test/wukong/test/nature/ILSVRC2012_val_00009228.JPEG
531,wukong,8481,GenImage_test/wukong/test/ai/189_wukong_image188.png
531,wukong,8482,GenImage_test/wukong/test/nature/ILSVRC2012_val_00033329.JPEG
531,wukong,8483,GenImage_test/wukong/test/ai/506_wukong_image198.png
531,wukong,8484,GenImage_test/wukong/test/ai/712_wukong_image88.png
531,wukong,8485,GenImage_test/wukong/test/ai/229_wukong_image198.png
531,wukong,8486,GenImage_test/wukong/test/ai/480_wukong_image61.png
531,wukong,8487,GenImage_test/wukong/test/ai/709_wukong_image188.png
531,wukong,8488,GenImage_test/wukong/test/nature/ILSVRC2012_val_00009716.JPEG
531,wukong,8489,GenImage_test/wukong/test/nature/ILSVRC2012_val_00049863.JPEG
531,wukong,8490,GenImage_test/wukong/test/ai/602_wukong_image86.png
531,wukong,8491,GenImage_test/wukong/test/nature/ILSVRC2012_val_00033225.JPEG
532,wukong,8492,GenImage_test/wukong/test/nature/ILSVRC2012_val_00017209.JPEG
532,wukong,8493,GenImage_test/wukong/test/ai/733_wukong_image88.png
532,wukong,8494,GenImage_test/wukong/test/ai/748_wukong_image128.png
532,wukong,8495,GenImage_test/wukong/test/ai/361_wukong_image88.png
532,wukong,8496,GenImage_test/wukong/test/ai/837_wukong_image198.png
532,wukong,8497,GenImage_test/wukong/test/nature/ILSVRC2012_val_00015998.JPEG
532,wukong,8498,GenImage_test/wukong/test/ai/299_wukong_image188.png
532,wukong,8499,GenImage_test/wukong/test/nature/ILSVRC2012_val_00006462.JPEG
532,wukong,8500,GenImage_test/wukong/test/nature/ILSVRC2012_val_00013418.JPEG
532,wukong,8501,GenImage_test/wukong/test/ai/148_wukong_image86.png
532,wukong,8502,GenImage_test/wukong/test/nature/ILSVRC2012_val_00045096.JPEG
532,wukong,8503,GenImage_test/wukong/test/nature/ILSVRC2012_val_00024660.JPEG
532,wukong,8504,GenImage_test/wukong/test/ai/920_wukong_image88.png
532,wukong,8505,GenImage_test/wukong/test/ai/862_wukong_image198.png
532,wukong,8506,GenImage_test/wukong/test/nature/ILSVRC2012_val_00009209.JPEG
532,wukong,8507,GenImage_test/wukong/test/nature/ILSVRC2012_val_00003341.JPEG
533,wukong,8508,GenImage_test/wukong/test/nature/ILSVRC2012_val_00011773.JPEG
533,wukong,8509,GenImage_test/wukong/test/ai/876_wukong_image188.png
533,wukong,8510,GenImage_test/wukong/test/ai/879_wukong_image128.png
533,wukong,8511,GenImage_test/wukong/test/ai/46_wukong_image188.png
533,wukong,8512,GenImage_test/wukong/test/ai/637_wukong_image128.png
533,wukong,8513,GenImage_test/wukong/test/ai/648_wukong_image188.png
533,wukong,8514,GenImage_test/wukong/test/ai/497_wukong_image198.png
533,wukong,8515,GenImage_test/wukong/test/ai/204_wukong_image61.png
533,wukong,8516,GenImage_test/wukong/test/ai/815_wukong_image198.png
533,wukong,8517,GenImage_test/wukong/test/nature/ILSVRC2012_val_00037998.JPEG
533,wukong,8518,GenImage_test/wukong/test/ai/304_wukong_image128.png
533,wukong,8519,GenImage_test/wukong/test/nature/ILSVRC2012_val_00008411.JPEG
533,wukong,8520,GenImage_test/wukong/test/ai/886_wukong_image188.png
533,wukong,8521,GenImage_test/wukong/test/ai/68_wukong_image198.png
533,wukong,8522,GenImage_test/wukong/test/nature/ILSVRC2012_val_00030241.JPEG
533,wukong,8523,GenImage_test/wukong/test/nature/ILSVRC2012_val_00020723.JPEG
534,wukong,8524,GenImage_test/wukong/test/nature/ILSVRC2012_val_00014403.JPEG
534,wukong,8525,GenImage_test/wukong/test/ai/508_wukong_image198.png
534,wukong,8526,GenImage_test/wukong/test/ai/247_wukong_image88.png
534,wukong,8527,GenImage_test/wukong/test/nature/ILSVRC2012_val_00036832.JPEG
534,wukong,8528,GenImage_test/wukong/test/nature/ILSVRC2012_val_00034092.JPEG
534,wukong,8529,GenImage_test/wukong/test/nature/ILSVRC2012_val_00039987.JPEG
534,wukong,8530,GenImage_test/wukong/test/ai/416_wukong_image86.png
534,wukong,8531,GenImage_test/wukong/test/nature/ILSVRC2012_val_00011133.JPEG
534,wukong,8532,GenImage_test/wukong/test/ai/175_wukong_image61.png
534,wukong,8533,GenImage_test/wukong/test/nature/ILSVRC2012_val_00036599.JPEG
534,wukong,8534,GenImage_test/wukong/test/ai/749_wukong_image61.png
534,wukong,8535,GenImage_test/wukong/test/ai/593_wukong_image86.png
534,wukong,8536,GenImage_test/wukong/test/ai/660_wukong_image188.png
534,wukong,8537,GenImage_test/wukong/test/ai/86_wukong_image188.png
534,wukong,8538,GenImage_test/wukong/test/nature/ILSVRC2012_val_00009176.JPEG
534,wukong,8539,GenImage_test/wukong/test/ai/461_wukong_image61.png
535,wukong,8540,GenImage_test/wukong/test/nature/ILSVRC2012_val_00004459.JPEG
535,wukong,8541,GenImage_test/wukong/test/ai/882_wukong_image86.png
535,wukong,8542,GenImage_test/wukong/test/ai/934_wukong_image86.png
535,wukong,8543,GenImage_test/wukong/test/ai/868_wukong_image61.png
535,wukong,8544,GenImage_test/wukong/test/nature/ILSVRC2012_val_00044491.JPEG
535,wukong,8545,GenImage_test/wukong/test/nature/ILSVRC2012_val_00014091.JPEG
535,wukong,8546,GenImage_test/wukong/test/ai/445_wukong_image61.png
535,wukong,8547,GenImage_test/wukong/test/ai/332_wukong_image88.png
535,wukong,8548,GenImage_test/wukong/test/ai/335_wukong_image88.png
535,wukong,8549,GenImage_test/wukong/test/nature/ILSVRC2012_val_00015118.JPEG
535,wukong,8550,GenImage_test/wukong/test/ai/306_wukong_image198.png
535,wukong,8551,GenImage_test/wukong/test/ai/541_wukong_image188.png
535,wukong,8552,GenImage_test/wukong/test/ai/2_wukong_image86.png
535,wukong,8553,GenImage_test/wukong/test/nature/ILSVRC2012_val_00039750.JPEG
535,wukong,8554,GenImage_test/wukong/test/ai/990_wukong_image86.png
535,wukong,8555,GenImage_test/wukong/test/ai/236_wukong_image61.png
536,wukong,8556,GenImage_test/wukong/test/ai/379_wukong_image61.png
536,wukong,8557,GenImage_test/wukong/test/nature/ILSVRC2012_val_00014017.JPEG
536,wukong,8558,GenImage_test/wukong/test/ai/957_wukong_image86.png
536,wukong,8559,GenImage_test/wukong/test/ai/241_wukong_image86.png
536,wukong,8560,GenImage_test/wukong/test/nature/ILSVRC2012_val_00033599.JPEG
536,wukong,8561,GenImage_test/wukong/test/nature/ILSVRC2012_val_00016915.JPEG
536,wukong,8562,GenImage_test/wukong/test/ai/599_wukong_image86.png
536,wukong,8563,GenImage_test/wukong/test/ai/263_wukong_image86.png
536,wukong,8564,GenImage_test/wukong/test/ai/408_wukong_image128.png
536,wukong,8565,GenImage_test/wukong/test/nature/ILSVRC2012_val_00000029.JPEG
536,wukong,8566,GenImage_test/wukong/test/ai/102_wukong_image198.png
536,wukong,8567,GenImage_test/wukong/test/nature/ILSVRC2012_val_00029984.JPEG
536,wukong,8568,GenImage_test/wukong/test/ai/749_wukong_image188.png
536,wukong,8569,GenImage_test/wukong/test/nature/ILSVRC2012_val_00019243.JPEG
536,wukong,8570,GenImage_test/wukong/test/ai/572_wukong_image61.png
536,wukong,8571,GenImage_test/wukong/test/ai/262_wukong_image88.png
537,wukong,8572,GenImage_test/wukong/test/nature/ILSVRC2012_val_00034047.JPEG
537,wukong,8573,GenImage_test/wukong/test/ai/638_wukong_image198.png
537,wukong,8574,GenImage_test/wukong/test/nature/ILSVRC2012_val_00039970.JPEG
537,wukong,8575,GenImage_test/wukong/test/nature/ILSVRC2012_val_00026631.JPEG
537,wukong,8576,GenImage_test/wukong/test/nature/ILSVRC2012_val_00015113.JPEG
537,wukong,8577,GenImage_test/wukong/test/nature/ILSVRC2012_val_00009413.JPEG
537,wukong,8578,GenImage_test/wukong/test/ai/936_wukong_image61.png
537,wukong,8579,GenImage_test/wukong/test/nature/ILSVRC2012_val_00008383.JPEG
537,wukong,8580,GenImage_test/wukong/test/nature/ILSVRC2012_val_00037166.JPEG
537,wukong,8581,GenImage_test/wukong/test/ai/399_wukong_image86.png
537,wukong,8582,GenImage_test/wukong/test/ai/184_wukong_image88.png
537,wukong,8583,GenImage_test/wukong/test/nature/ILSVRC2012_val_00039916.JPEG
537,wukong,8584,GenImage_test/wukong/test/ai/663_wukong_image61.png
537,wukong,8585,GenImage_test/wukong/test/nature/ILSVRC2012_val_00030784.JPEG
537,wukong,8586,GenImage_test/wukong/test/nature/ILSVRC2012_val_00018799.JPEG
537,wukong,8587,GenImage_test/wukong/test/ai/931_wukong_image188.png
538,wukong,8588,GenImage_test/wukong/test/ai/484_wukong_image188.png
538,wukong,8589,GenImage_test/wukong/test/nature/ILSVRC2012_val_00025874.JPEG
538,wukong,8590,GenImage_test/wukong/test/ai/22_wukong_image198.png
538,wukong,8591,GenImage_test/wukong/test/ai/419_wukong_image61.png
538,wukong,8592,GenImage_test/wukong/test/ai/6_wukong_image188.png
538,wukong,8593,GenImage_test/wukong/test/nature/ILSVRC2012_val_00048316.JPEG
538,wukong,8594,GenImage_test/wukong/test/nature/ILSVRC2012_val_00028432.JPEG
538,wukong,8595,GenImage_test/wukong/test/ai/535_wukong_image86.png
538,wukong,8596,GenImage_test/wukong/test/ai/534_wukong_image128.png
538,wukong,8597,GenImage_test/wukong/test/nature/ILSVRC2012_val_00042644.JPEG
538,wukong,8598,GenImage_test/wukong/test/ai/289_wukong_image86.png
538,wukong,8599,GenImage_test/wukong/test/ai/349_wukong_image198.png
538,wukong,8600,GenImage_test/wukong/test/nature/ILSVRC2012_val_00033438.JPEG
538,wukong,8601,GenImage_test/wukong/test/nature/ILSVRC2012_val_00031845.JPEG
538,wukong,8602,GenImage_test/wukong/test/ai/59_wukong_image128.png
538,wukong,8603,GenImage_test/wukong/test/ai/792_wukong_image188.png
539,wukong,8604,GenImage_test/wukong/test/nature/ILSVRC2012_val_00049522.JPEG
539,wukong,8605,GenImage_test/wukong/test/nature/ILSVRC2012_val_00032663.JPEG
539,wukong,8606,GenImage_test/wukong/test/nature/ILSVRC2012_val_00013619.JPEG
539,wukong,8607,GenImage_test/wukong/test/ai/745_wukong_image88.png
539,wukong,8608,GenImage_test/wukong/test/nature/ILSVRC2012_val_00000765.JPEG
539,wukong,8609,GenImage_test/wukong/test/ai/985_wukong_image198.png
539,wukong,8610,GenImage_test/wukong/test/ai/673_wukong_image198.png
539,wukong,8611,GenImage_test/wukong/test/nature/ILSVRC2012_val_00012286.JPEG
539,wukong,8612,GenImage_test/wukong/test/ai/227_wukong_image198.png
539,wukong,8613,GenImage_test/wukong/test/ai/158_wukong_image61.png
539,wukong,8614,GenImage_test/wukong/test/nature/ILSVRC2012_val_00045374.JPEG
539,wukong,8615,GenImage_test/wukong/test/nature/ILSVRC2012_val_00037076.JPEG
539,wukong,8616,GenImage_test/wukong/test/ai/581_wukong_image88.png
539,wukong,8617,GenImage_test/wukong/test/ai/947_wukong_image198.png
539,wukong,8618,GenImage_test/wukong/test/nature/ILSVRC2012_val_00020404.JPEG
539,wukong,8619,GenImage_test/wukong/test/ai/145_wukong_image61.png
540,wukong,8620,GenImage_test/wukong/test/ai/27_wukong_image61.png
540,wukong,8621,GenImage_test/wukong/test/nature/ILSVRC2012_val_00034600.JPEG
540,wukong,8622,GenImage_test/wukong/test/ai/394_wukong_image128.png
540,wukong,8623,GenImage_test/wukong/test/nature/ILSVRC2012_val_00011264.JPEG
540,wukong,8624,GenImage_test/wukong/test/ai/900_wukong_image198.png
540,wukong,8625,GenImage_test/wukong/test/ai/144_wukong_image88.png
540,wukong,8626,GenImage_test/wukong/test/nature/ILSVRC2012_val_00026488.JPEG
540,wukong,8627,GenImage_test/wukong/test/ai/129_wukong_image61.png
540,wukong,8628,GenImage_test/wukong/test/nature/ILSVRC2012_val_00022253.JPEG
540,wukong,8629,GenImage_test/wukong/test/ai/916_wukong_image86.png
540,wukong,8630,GenImage_test/wukong/test/nature/ILSVRC2012_val_00019624.JPEG
540,wukong,8631,GenImage_test/wukong/test/nature/ILSVRC2012_val_00034646.JPEG
540,wukong,8632,GenImage_test/wukong/test/nature/ILSVRC2012_val_00020210.JPEG
540,wukong,8633,GenImage_test/wukong/test/ai/514_wukong_image198.png
540,wukong,8634,GenImage_test/wukong/test/ai/343_wukong_image88.png
540,wukong,8635,GenImage_test/wukong/test/nature/ILSVRC2012_val_00003183.JPEG
541,wukong,8636,GenImage_test/wukong/test/ai/223_wukong_image61.png
541,wukong,8637,GenImage_test/wukong/test/nature/ILSVRC2012_val_00029739.JPEG
541,wukong,8638,GenImage_test/wukong/test/ai/296_wukong_image88.png
541,wukong,8639,GenImage_test/wukong/test/nature/ILSVRC2012_val_00014073.JPEG
541,wukong,8640,GenImage_test/wukong/test/nature/ILSVRC2012_val_00017312.JPEG
541,wukong,8641,GenImage_test/wukong/test/ai/78_wukong_image128.png
541,wukong,8642,GenImage_test/wukong/test/ai/994_wukong_image198.png
541,wukong,8643,GenImage_test/wukong/test/ai/680_wukong_image88.png
541,wukong,8644,GenImage_test/wukong/test/nature/ILSVRC2012_val_00002835.JPEG
541,wukong,8645,GenImage_test/wukong/test/ai/468_wukong_image188.png
541,wukong,8646,GenImage_test/wukong/test/nature/ILSVRC2012_val_00018582.JPEG
541,wukong,8647,GenImage_test/wukong/test/nature/ILSVRC2012_val_00021766.JPEG
541,wukong,8648,GenImage_test/wukong/test/nature/ILSVRC2012_val_00030435.JPEG
541,wukong,8649,GenImage_test/wukong/test/nature/ILSVRC2012_val_00033993.JPEG
541,wukong,8650,GenImage_test/wukong/test/ai/422_wukong_image128.png
541,wukong,8651,GenImage_test/wukong/test/nature/ILSVRC2012_val_00017378.JPEG
542,wukong,8652,GenImage_test/wukong/test/nature/ILSVRC2012_val_00000057.JPEG
542,wukong,8653,GenImage_test/wukong/test/nature/ILSVRC2012_val_00007556.JPEG
542,wukong,8654,GenImage_test/wukong/test/ai/614_wukong_image128.png
542,wukong,8655,GenImage_test/wukong/test/ai/129_wukong_image188.png
542,wukong,8656,GenImage_test/wukong/test/nature/ILSVRC2012_val_00002747.JPEG
542,wukong,8657,GenImage_test/wukong/test/nature/ILSVRC2012_val_00036005.JPEG
542,wukong,8658,GenImage_test/wukong/test/nature/ILSVRC2012_val_00038883.JPEG
542,wukong,8659,GenImage_test/wukong/test/nature/ILSVRC2012_val_00043233.JPEG
542,wukong,8660,GenImage_test/wukong/test/ai/274_wukong_image86.png
542,wukong,8661,GenImage_test/wukong/test/ai/156_wukong_image128.png
542,wukong,8662,GenImage_test/wukong/test/nature/ILSVRC2012_val_00040402.JPEG
542,wukong,8663,GenImage_test/wukong/test/ai/834_wukong_image188.png
542,wukong,8664,GenImage_test/wukong/test/nature/ILSVRC2012_val_00031181.JPEG
542,wukong,8665,GenImage_test/wukong/test/nature/ILSVRC2012_val_00015821.JPEG
542,wukong,8666,GenImage_test/wukong/test/nature/ILSVRC2012_val_00003389.JPEG
542,wukong,8667,GenImage_test/wukong/test/ai/637_wukong_image86.png
543,wukong,8668,GenImage_test/wukong/test/nature/ILSVRC2012_val_00000793.JPEG
543,wukong,8669,GenImage_test/wukong/test/nature/ILSVRC2012_val_00015757.JPEG
543,wukong,8670,GenImage_test/wukong/test/nature/ILSVRC2012_val_00009440.JPEG
543,wukong,8671,GenImage_test/wukong/test/nature/ILSVRC2012_val_00001196.JPEG
543,wukong,8672,GenImage_test/wukong/test/ai/612_wukong_image188.png
543,wukong,8673,GenImage_test/wukong/test/ai/977_wukong_image88.png
543,wukong,8674,GenImage_test/wukong/test/ai/935_wukong_image88.png
543,wukong,8675,GenImage_test/wukong/test/nature/ILSVRC2012_val_00011421.JPEG
543,wukong,8676,GenImage_test/wukong/test/ai/598_wukong_image128.png
543,wukong,8677,GenImage_test/wukong/test/ai/345_wukong_image88.png
543,wukong,8678,GenImage_test/wukong/test/ai/326_wukong_image128.png
543,wukong,8679,GenImage_test/wukong/test/nature/ILSVRC2012_val_00034052.JPEG
543,wukong,8680,GenImage_test/wukong/test/ai/182_wukong_image198.png
543,wukong,8681,GenImage_test/wukong/test/ai/821_wukong_image198.png
543,wukong,8682,GenImage_test/wukong/test/ai/150_wukong_image61.png
543,wukong,8683,GenImage_test/wukong/test/ai/159_wukong_image198.png
544,wukong,8684,GenImage_test/wukong/test/nature/ILSVRC2012_val_00035797.JPEG
544,wukong,8685,GenImage_test/wukong/test/ai/20_wukong_image198.png
544,wukong,8686,GenImage_test/wukong/test/nature/ILSVRC2012_val_00023518.JPEG
544,wukong,8687,GenImage_test/wukong/test/ai/464_wukong_image128.png
544,wukong,8688,GenImage_test/wukong/test/ai/70_wukong_image61.png
544,wukong,8689,GenImage_test/wukong/test/ai/266_wukong_image88.png
544,wukong,8690,GenImage_test/wukong/test/nature/ILSVRC2012_val_00007545.JPEG
544,wukong,8691,GenImage_test/wukong/test/nature/ILSVRC2012_val_00009416.JPEG
544,wukong,8692,GenImage_test/wukong/test/ai/115_wukong_image198.png
544,wukong,8693,GenImage_test/wukong/test/nature/ILSVRC2012_val_00005415.JPEG
544,wukong,8694,GenImage_test/wukong/test/ai/84_wukong_image86.png
544,wukong,8695,GenImage_test/wukong/test/nature/ILSVRC2012_val_00047132.JPEG
544,wukong,8696,GenImage_test/wukong/test/ai/215_wukong_image188.png
544,wukong,8697,GenImage_test/wukong/test/nature/ILSVRC2012_val_00002278.JPEG
544,wukong,8698,GenImage_test/wukong/test/ai/730_wukong_image128.png
544,wukong,8699,GenImage_test/wukong/test/ai/781_wukong_image128.png
545,wukong,8700,GenImage_test/wukong/test/ai/464_wukong_image88.png
545,wukong,8701,GenImage_test/wukong/test/nature/ILSVRC2012_val_00018526.JPEG
545,wukong,8702,GenImage_test/wukong/test/nature/ILSVRC2012_val_00042208.JPEG
545,wukong,8703,GenImage_test/wukong/test/nature/ILSVRC2012_val_00023348.JPEG
545,wukong,8704,GenImage_test/wukong/test/ai/598_wukong_image88.png
545,wukong,8705,GenImage_test/wukong/test/nature/ILSVRC2012_val_00046575.JPEG
545,wukong,8706,GenImage_test/wukong/test/ai/565_wukong_image128.png
545,wukong,8707,GenImage_test/wukong/test/nature/ILSVRC2012_val_00008105.JPEG
545,wukong,8708,GenImage_test/wukong/test/nature/ILSVRC2012_val_00042397.JPEG
545,wukong,8709,GenImage_test/wukong/test/ai/301_wukong_image198.png
545,wukong,8710,GenImage_test/wukong/test/ai/995_wukong_image198.png
545,wukong,8711,GenImage_test/wukong/test/nature/ILSVRC2012_val_00030709.JPEG
545,wukong,8712,GenImage_test/wukong/test/ai/848_wukong_image61.png
545,wukong,8713,GenImage_test/wukong/test/ai/556_wukong_image198.png
545,wukong,8714,GenImage_test/wukong/test/nature/ILSVRC2012_val_00004997.JPEG
545,wukong,8715,GenImage_test/wukong/test/nature/ILSVRC2012_val_00018450.JPEG
546,wukong,8716,GenImage_test/wukong/test/nature/ILSVRC2012_val_00004064.JPEG
546,wukong,8717,GenImage_test/wukong/test/ai/778_wukong_image128.png
546,wukong,8718,GenImage_test/wukong/test/nature/ILSVRC2012_val_00035538.JPEG
546,wukong,8719,GenImage_test/wukong/test/nature/ILSVRC2012_val_00020054.JPEG
546,wukong,8720,GenImage_test/wukong/test/ai/932_wukong_image128.png
546,wukong,8721,GenImage_test/wukong/test/nature/ILSVRC2012_val_00010695.JPEG
546,wukong,8722,GenImage_test/wukong/test/ai/966_wukong_image188.png
546,wukong,8723,GenImage_test/wukong/test/ai/550_wukong_image198.png
546,wukong,8724,GenImage_test/wukong/test/nature/ILSVRC2012_val_00037265.JPEG
546,wukong,8725,GenImage_test/wukong/test/nature/ILSVRC2012_val_00039746.JPEG
546,wukong,8726,GenImage_test/wukong/test/nature/ILSVRC2012_val_00025888.JPEG
546,wukong,8727,GenImage_test/wukong/test/ai/927_wukong_image88.png
546,wukong,8728,GenImage_test/wukong/test/ai/708_wukong_image88.png
546,wukong,8729,GenImage_test/wukong/test/ai/795_wukong_image86.png
546,wukong,8730,GenImage_test/wukong/test/ai/749_wukong_image198.png
546,wukong,8731,GenImage_test/wukong/test/nature/ILSVRC2012_val_00024800.JPEG
547,wukong,8732,GenImage_test/wukong/test/nature/ILSVRC2012_val_00024473.JPEG
547,wukong,8733,GenImage_test/wukong/test/ai/499_wukong_image61.png
547,wukong,8734,GenImage_test/wukong/test/nature/ILSVRC2012_val_00019833.JPEG
547,wukong,8735,GenImage_test/wukong/test/nature/ILSVRC2012_val_00016696.JPEG
547,wukong,8736,GenImage_test/wukong/test/nature/ILSVRC2012_val_00049089.JPEG
547,wukong,8737,GenImage_test/wukong/test/nature/ILSVRC2012_val_00043326.JPEG
547,wukong,8738,GenImage_test/wukong/test/nature/ILSVRC2012_val_00030886.JPEG
547,wukong,8739,GenImage_test/wukong/test/nature/ILSVRC2012_val_00014390.JPEG
547,wukong,8740,GenImage_test/wukong/test/nature/ILSVRC2012_val_00016773.JPEG
547,wukong,8741,GenImage_test/wukong/test/nature/ILSVRC2012_val_00028709.JPEG
547,wukong,8742,GenImage_test/wukong/test/nature/ILSVRC2012_val_00028361.JPEG
547,wukong,8743,GenImage_test/wukong/test/ai/202_wukong_image128.png
547,wukong,8744,GenImage_test/wukong/test/nature/ILSVRC2012_val_00016589.JPEG
547,wukong,8745,GenImage_test/wukong/test/nature/ILSVRC2012_val_00006736.JPEG
547,wukong,8746,GenImage_test/wukong/test/nature/ILSVRC2012_val_00000124.JPEG
547,wukong,8747,GenImage_test/wukong/test/nature/ILSVRC2012_val_00035866.JPEG
548,wukong,8748,GenImage_test/wukong/test/ai/952_wukong_image61.png
548,wukong,8749,GenImage_test/wukong/test/nature/ILSVRC2012_val_00000524.JPEG
548,wukong,8750,GenImage_test/wukong/test/ai/588_wukong_image88.png
548,wukong,8751,GenImage_test/wukong/test/nature/ILSVRC2012_val_00027330.JPEG
548,wukong,8752,GenImage_test/wukong/test/ai/374_wukong_image198.png
548,wukong,8753,GenImage_test/wukong/test/nature/ILSVRC2012_val_00034771.JPEG
548,wukong,8754,GenImage_test/wukong/test/ai/988_wukong_image128.png
548,wukong,8755,GenImage_test/wukong/test/ai/734_wukong_image88.png
548,wukong,8756,GenImage_test/wukong/test/nature/ILSVRC2012_val_00000828.JPEG
548,wukong,8757,GenImage_test/wukong/test/nature/ILSVRC2012_val_00015239.JPEG
548,wukong,8758,GenImage_test/wukong/test/ai/482_wukong_image128.png
548,wukong,8759,GenImage_test/wukong/test/ai/449_wukong_image188.png
548,wukong,8760,GenImage_test/wukong/test/ai/794_wukong_image188.png
548,wukong,8761,GenImage_test/wukong/test/nature/ILSVRC2012_val_00042668.JPEG
548,wukong,8762,GenImage_test/wukong/test/nature/ILSVRC2012_val_00048755.JPEG
548,wukong,8763,GenImage_test/wukong/test/nature/ILSVRC2012_val_00012197.JPEG
549,wukong,8764,GenImage_test/wukong/test/nature/ILSVRC2012_val_00013173.JPEG
549,wukong,8765,GenImage_test/wukong/test/nature/ILSVRC2012_val_00033624.JPEG
549,wukong,8766,GenImage_test/wukong/test/ai/631_wukong_image128.png
549,wukong,8767,GenImage_test/wukong/test/nature/ILSVRC2012_val_00039423.JPEG
549,wukong,8768,GenImage_test/wukong/test/nature/ILSVRC2012_val_00006502.JPEG
549,wukong,8769,GenImage_test/wukong/test/ai/672_wukong_image128.png
549,wukong,8770,GenImage_test/wukong/test/nature/ILSVRC2012_val_00039536.JPEG
549,wukong,8771,GenImage_test/wukong/test/nature/ILSVRC2012_val_00039470.JPEG
549,wukong,8772,GenImage_test/wukong/test/ai/95_wukong_image88.png
549,wukong,8773,GenImage_test/wukong/test/nature/ILSVRC2012_val_00024850.JPEG
549,wukong,8774,GenImage_test/wukong/test/nature/ILSVRC2012_val_00047579.JPEG
549,wukong,8775,GenImage_test/wukong/test/ai/835_wukong_image86.png
549,wukong,8776,GenImage_test/wukong/test/ai/682_wukong_image86.png
549,wukong,8777,GenImage_test/wukong/test/ai/131_wukong_image128.png
549,wukong,8778,GenImage_test/wukong/test/ai/293_wukong_image61.png
549,wukong,8779,GenImage_test/wukong/test/nature/ILSVRC2012_val_00044928.JPEG
550,wukong,8780,GenImage_test/wukong/test/nature/ILSVRC2012_val_00029643.JPEG
550,wukong,8781,GenImage_test/wukong/test/ai/191_wukong_image198.png
550,wukong,8782,GenImage_test/wukong/test/ai/880_wukong_image198.png
550,wukong,8783,GenImage_test/wukong/test/ai/53_wukong_image88.png
550,wukong,8784,GenImage_test/wukong/test/nature/ILSVRC2012_val_00041163.JPEG
550,wukong,8785,GenImage_test/wukong/test/ai/275_wukong_image88.png
550,wukong,8786,GenImage_test/wukong/test/ai/334_wukong_image86.png
550,wukong,8787,GenImage_test/wukong/test/ai/270_wukong_image88.png
550,wukong,8788,GenImage_test/wukong/test/ai/693_wukong_image86.png
550,wukong,8789,GenImage_test/wukong/test/nature/ILSVRC2012_val_00012574.JPEG
550,wukong,8790,GenImage_test/wukong/test/ai/830_wukong_image188.png
550,wukong,8791,GenImage_test/wukong/test/ai/840_wukong_image188.png
550,wukong,8792,GenImage_test/wukong/test/nature/ILSVRC2012_val_00037961.JPEG
550,wukong,8793,GenImage_test/wukong/test/ai/899_wukong_image61.png
550,wukong,8794,GenImage_test/wukong/test/ai/61_wukong_image86.png
550,wukong,8795,GenImage_test/wukong/test/ai/854_wukong_image61.png
551,wukong,8796,GenImage_test/wukong/test/nature/ILSVRC2012_val_00001234.JPEG
551,wukong,8797,GenImage_test/wukong/test/ai/477_wukong_image198.png
551,wukong,8798,GenImage_test/wukong/test/nature/ILSVRC2012_val_00026273.JPEG
551,wukong,8799,GenImage_test/wukong/test/nature/ILSVRC2012_val_00028231.JPEG
551,wukong,8800,GenImage_test/wukong/test/nature/ILSVRC2012_val_00038718.JPEG
551,wukong,8801,GenImage_test/wukong/test/ai/427_wukong_image61.png
551,wukong,8802,GenImage_test/wukong/test/nature/ILSVRC2012_val_00001195.JPEG
551,wukong,8803,GenImage_test/wukong/test/ai/190_wukong_image188.png
551,wukong,8804,GenImage_test/wukong/test/ai/814_wukong_image198.png
551,wukong,8805,GenImage_test/wukong/test/ai/34_wukong_image128.png
551,wukong,8806,GenImage_test/wukong/test/ai/246_wukong_image88.png
551,wukong,8807,GenImage_test/wukong/test/nature/ILSVRC2012_val_00035721.JPEG
551,wukong,8808,GenImage_test/wukong/test/ai/941_wukong_image61.png
551,wukong,8809,GenImage_test/wukong/test/nature/ILSVRC2012_val_00035572.JPEG
551,wukong,8810,GenImage_test/wukong/test/nature/ILSVRC2012_val_00018815.JPEG
551,wukong,8811,GenImage_test/wukong/test/ai/89_wukong_image188.png
552,wukong,8812,GenImage_test/wukong/test/nature/ILSVRC2012_val_00001911.JPEG
552,wukong,8813,GenImage_test/wukong/test/ai/219_wukong_image188.png
552,wukong,8814,GenImage_test/wukong/test/nature/ILSVRC2012_val_00039499.JPEG
552,wukong,8815,GenImage_test/wukong/test/nature/ILSVRC2012_val_00032236.JPEG
552,wukong,8816,GenImage_test/wukong/test/ai/606_wukong_image88.png
552,wukong,8817,GenImage_test/wukong/test/ai/373_wukong_image86.png
552,wukong,8818,GenImage_test/wukong/test/nature/ILSVRC2012_val_00014101.JPEG
552,wukong,8819,GenImage_test/wukong/test/ai/575_wukong_image188.png
552,wukong,8820,GenImage_test/wukong/test/ai/774_wukong_image128.png
552,wukong,8821,GenImage_test/wukong/test/ai/870_wukong_image86.png
552,wukong,8822,GenImage_test/wukong/test/nature/ILSVRC2012_val_00026447.JPEG
552,wukong,8823,GenImage_test/wukong/test/nature/ILSVRC2012_val_00048182.JPEG
552,wukong,8824,GenImage_test/wukong/test/nature/ILSVRC2012_val_00041749.JPEG
552,wukong,8825,GenImage_test/wukong/test/nature/ILSVRC2012_val_00019312.JPEG
552,wukong,8826,GenImage_test/wukong/test/ai/412_wukong_image88.png
552,wukong,8827,GenImage_test/wukong/test/ai/362_wukong_image128.png
553,wukong,8828,GenImage_test/wukong/test/ai/639_wukong_image128.png
553,wukong,8829,GenImage_test/wukong/test/ai/686_wukong_image198.png
553,wukong,8830,GenImage_test/wukong/test/ai/983_wukong_image86.png
553,wukong,8831,GenImage_test/wukong/test/nature/ILSVRC2012_val_00014181.JPEG
553,wukong,8832,GenImage_test/wukong/test/nature/ILSVRC2012_val_00045952.JPEG
553,wukong,8833,GenImage_test/wukong/test/nature/ILSVRC2012_val_00004912.JPEG
553,wukong,8834,GenImage_test/wukong/test/nature/ILSVRC2012_val_00026971.JPEG
553,wukong,8835,GenImage_test/wukong/test/nature/ILSVRC2012_val_00038663.JPEG
553,wukong,8836,GenImage_test/wukong/test/nature/ILSVRC2012_val_00022980.JPEG
553,wukong,8837,GenImage_test/wukong/test/nature/ILSVRC2012_val_00029856.JPEG
553,wukong,8838,GenImage_test/wukong/test/ai/20_wukong_image128.png
553,wukong,8839,GenImage_test/wukong/test/ai/148_wukong_image198.png
553,wukong,8840,GenImage_test/wukong/test/ai/239_wukong_image86.png
553,wukong,8841,GenImage_test/wukong/test/ai/147_wukong_image188.png
553,wukong,8842,GenImage_test/wukong/test/nature/ILSVRC2012_val_00043827.JPEG
553,wukong,8843,GenImage_test/wukong/test/ai/59_wukong_image198.png
554,wukong,8844,GenImage_test/wukong/test/ai/433_wukong_image88.png
554,wukong,8845,GenImage_test/wukong/test/ai/221_wukong_image86.png
554,wukong,8846,GenImage_test/wukong/test/ai/499_wukong_image128.png
554,wukong,8847,GenImage_test/wukong/test/ai/127_wukong_image188.png
554,wukong,8848,GenImage_test/wukong/test/nature/ILSVRC2012_val_00029531.JPEG
554,wukong,8849,GenImage_test/wukong/test/nature/ILSVRC2012_val_00033287.JPEG
554,wukong,8850,GenImage_test/wukong/test/nature/ILSVRC2012_val_00049378.JPEG
554,wukong,8851,GenImage_test/wukong/test/ai/438_wukong_image188.png
554,wukong,8852,GenImage_test/wukong/test/ai/56_wukong_image88.png
554,wukong,8853,GenImage_test/wukong/test/ai/619_wukong_image88.png
554,wukong,8854,GenImage_test/wukong/test/nature/ILSVRC2012_val_00030253.JPEG
554,wukong,8855,GenImage_test/wukong/test/nature/ILSVRC2012_val_00047016.JPEG
554,wukong,8856,GenImage_test/wukong/test/ai/395_wukong_image198.png
554,wukong,8857,GenImage_test/wukong/test/nature/ILSVRC2012_val_00007598.JPEG
554,wukong,8858,GenImage_test/wukong/test/nature/ILSVRC2012_val_00049273.JPEG
554,wukong,8859,GenImage_test/wukong/test/ai/146_wukong_image88.png
555,wukong,8860,GenImage_test/wukong/test/nature/ILSVRC2012_val_00032289.JPEG
555,wukong,8861,GenImage_test/wukong/test/ai/112_wukong_image188.png
555,wukong,8862,GenImage_test/wukong/test/nature/ILSVRC2012_val_00011682.JPEG
555,wukong,8863,GenImage_test/wukong/test/ai/173_wukong_image61.png
555,wukong,8864,GenImage_test/wukong/test/nature/ILSVRC2012_val_00025141.JPEG
555,wukong,8865,GenImage_test/wukong/test/ai/614_wukong_image88.png
555,wukong,8866,GenImage_test/wukong/test/nature/ILSVRC2012_val_00039110.JPEG
555,wukong,8867,GenImage_test/wukong/test/nature/ILSVRC2012_val_00037338.JPEG
555,wukong,8868,GenImage_test/wukong/test/ai/867_wukong_image198.png
555,wukong,8869,GenImage_test/wukong/test/nature/ILSVRC2012_val_00049561.JPEG
555,wukong,8870,GenImage_test/wukong/test/nature/ILSVRC2012_val_00026244.JPEG
555,wukong,8871,GenImage_test/wukong/test/nature/ILSVRC2012_val_00017375.JPEG
555,wukong,8872,GenImage_test/wukong/test/nature/ILSVRC2012_val_00016719.JPEG
555,wukong,8873,GenImage_test/wukong/test/nature/ILSVRC2012_val_00018207.JPEG
555,wukong,8874,GenImage_test/wukong/test/ai/314_wukong_image188.png
555,wukong,8875,GenImage_test/wukong/test/ai/311_wukong_image86.png
556,wukong,8876,GenImage_test/wukong/test/ai/316_wukong_image198.png
556,wukong,8877,GenImage_test/wukong/test/ai/929_wukong_image61.png
556,wukong,8878,GenImage_test/wukong/test/nature/ILSVRC2012_val_00026119.JPEG
556,wukong,8879,GenImage_test/wukong/test/ai/894_wukong_image88.png
556,wukong,8880,GenImage_test/wukong/test/nature/ILSVRC2012_val_00006850.JPEG
556,wukong,8881,GenImage_test/wukong/test/nature/ILSVRC2012_val_00037348.JPEG
556,wukong,8882,GenImage_test/wukong/test/ai/892_wukong_image128.png
556,wukong,8883,GenImage_test/wukong/test/ai/695_wukong_image88.png
556,wukong,8884,GenImage_test/wukong/test/ai/411_wukong_image198.png
556,wukong,8885,GenImage_test/wukong/test/ai/266_wukong_image86.png
556,wukong,8886,GenImage_test/wukong/test/ai/649_wukong_image188.png
556,wukong,8887,GenImage_test/wukong/test/ai/203_wukong_image61.png
556,wukong,8888,GenImage_test/wukong/test/nature/ILSVRC2012_val_00011683.JPEG
556,wukong,8889,GenImage_test/wukong/test/ai/995_wukong_image188.png
556,wukong,8890,GenImage_test/wukong/test/ai/970_wukong_image61.png
556,wukong,8891,GenImage_test/wukong/test/nature/ILSVRC2012_val_00002473.JPEG
557,wukong,8892,GenImage_test/wukong/test/ai/738_wukong_image88.png
557,wukong,8893,GenImage_test/wukong/test/ai/636_wukong_image86.png
557,wukong,8894,GenImage_test/wukong/test/ai/694_wukong_image86.png
557,wukong,8895,GenImage_test/wukong/test/ai/639_wukong_image61.png
557,wukong,8896,GenImage_test/wukong/test/ai/492_wukong_image188.png
557,wukong,8897,GenImage_test/wukong/test/nature/ILSVRC2012_val_00016149.JPEG
557,wukong,8898,GenImage_test/wukong/test/nature/ILSVRC2012_val_00010459.JPEG
557,wukong,8899,GenImage_test/wukong/test/ai/924_wukong_image61.png
557,wukong,8900,GenImage_test/wukong/test/nature/ILSVRC2012_val_00042608.JPEG
557,wukong,8901,GenImage_test/wukong/test/ai/484_wukong_image128.png
557,wukong,8902,GenImage_test/wukong/test/ai/862_wukong_image86.png
557,wukong,8903,GenImage_test/wukong/test/nature/ILSVRC2012_val_00003477.JPEG
557,wukong,8904,GenImage_test/wukong/test/ai/452_wukong_image128.png
557,wukong,8905,GenImage_test/wukong/test/nature/ILSVRC2012_val_00037698.JPEG
557,wukong,8906,GenImage_test/wukong/test/ai/36_wukong_image188.png
557,wukong,8907,GenImage_test/wukong/test/nature/ILSVRC2012_val_00005986.JPEG
558,wukong,8908,GenImage_test/wukong/test/nature/ILSVRC2012_val_00044366.JPEG
558,wukong,8909,GenImage_test/wukong/test/ai/229_wukong_image86.png
558,wukong,8910,GenImage_test/wukong/test/ai/873_wukong_image128.png
558,wukong,8911,GenImage_test/wukong/test/nature/ILSVRC2012_val_00026717.JPEG
558,wukong,8912,GenImage_test/wukong/test/nature/ILSVRC2012_val_00039554.JPEG
558,wukong,8913,GenImage_test/wukong/test/ai/950_wukong_image188.png
558,wukong,8914,GenImage_test/wukong/test/nature/ILSVRC2012_val_00028571.JPEG
558,wukong,8915,GenImage_test/wukong/test/ai/901_wukong_image188.png
558,wukong,8916,GenImage_test/wukong/test/nature/ILSVRC2012_val_00012389.JPEG
558,wukong,8917,GenImage_test/wukong/test/ai/568_wukong_image88.png
558,wukong,8918,GenImage_test/wukong/test/ai/183_wukong_image198.png
558,wukong,8919,GenImage_test/wukong/test/ai/661_wukong_image61.png
558,wukong,8920,GenImage_test/wukong/test/ai/153_wukong_image86.png
558,wukong,8921,GenImage_test/wukong/test/ai/942_wukong_image61.png
558,wukong,8922,GenImage_test/wukong/test/nature/ILSVRC2012_val_00009545.JPEG
558,wukong,8923,GenImage_test/wukong/test/nature/ILSVRC2012_val_00001742.JPEG
559,wukong,8924,GenImage_test/wukong/test/nature/ILSVRC2012_val_00023984.JPEG
559,wukong,8925,GenImage_test/wukong/test/ai/105_wukong_image61.png
559,wukong,8926,GenImage_test/wukong/test/ai/395_wukong_image86.png
559,wukong,8927,GenImage_test/wukong/test/nature/ILSVRC2012_val_00019267.JPEG
559,wukong,8928,GenImage_test/wukong/test/nature/ILSVRC2012_val_00048136.JPEG
559,wukong,8929,GenImage_test/wukong/test/nature/ILSVRC2012_val_00031897.JPEG
559,wukong,8930,GenImage_test/wukong/test/ai/723_wukong_image86.png
559,wukong,8931,GenImage_test/wukong/test/ai/249_wukong_image198.png
559,wukong,8932,GenImage_test/wukong/test/ai/334_wukong_image61.png
559,wukong,8933,GenImage_test/wukong/test/nature/ILSVRC2012_val_00017203.JPEG
559,wukong,8934,GenImage_test/wukong/test/nature/ILSVRC2012_val_00022511.JPEG
559,wukong,8935,GenImage_test/wukong/test/ai/380_wukong_image128.png
559,wukong,8936,GenImage_test/wukong/test/nature/ILSVRC2012_val_00028858.JPEG
559,wukong,8937,GenImage_test/wukong/test/nature/ILSVRC2012_val_00021335.JPEG
559,wukong,8938,GenImage_test/wukong/test/ai/128_wukong_image128.png
559,wukong,8939,GenImage_test/wukong/test/nature/ILSVRC2012_val_00044214.JPEG
560,wukong,8940,GenImage_test/wukong/test/ai/111_wukong_image188.png
560,wukong,8941,GenImage_test/wukong/test/ai/352_wukong_image198.png
560,wukong,8942,GenImage_test/wukong/test/ai/617_wukong_image188.png
560,wukong,8943,GenImage_test/wukong/test/nature/ILSVRC2012_val_00039075.JPEG
560,wukong,8944,GenImage_test/wukong/test/nature/ILSVRC2012_val_00049650.JPEG
560,wukong,8945,GenImage_test/wukong/test/nature/ILSVRC2012_val_00012669.JPEG
560,wukong,8946,GenImage_test/wukong/test/ai/654_wukong_image61.png
560,wukong,8947,GenImage_test/wukong/test/ai/514_wukong_image128.png
560,wukong,8948,GenImage_test/wukong/test/nature/ILSVRC2012_val_00018489.JPEG
560,wukong,8949,GenImage_test/wukong/test/nature/ILSVRC2012_val_00033155.JPEG
560,wukong,8950,GenImage_test/wukong/test/nature/ILSVRC2012_val_00047252.JPEG
560,wukong,8951,GenImage_test/wukong/test/nature/ILSVRC2012_val_00023580.JPEG
560,wukong,8952,GenImage_test/wukong/test/nature/ILSVRC2012_val_00022016.JPEG
560,wukong,8953,GenImage_test/wukong/test/ai/757_wukong_image61.png
560,wukong,8954,GenImage_test/wukong/test/nature/ILSVRC2012_val_00020228.JPEG
560,wukong,8955,GenImage_test/wukong/test/nature/ILSVRC2012_val_00047236.JPEG
561,wukong,8956,GenImage_test/wukong/test/nature/ILSVRC2012_val_00021532.JPEG
561,wukong,8957,GenImage_test/wukong/test/nature/ILSVRC2012_val_00025473.JPEG
561,wukong,8958,GenImage_test/wukong/test/nature/ILSVRC2012_val_00039727.JPEG
561,wukong,8959,GenImage_test/wukong/test/ai/402_wukong_image128.png
561,wukong,8960,GenImage_test/wukong/test/ai/891_wukong_image188.png
561,wukong,8961,GenImage_test/wukong/test/ai/274_wukong_image198.png
561,wukong,8962,GenImage_test/wukong/test/nature/ILSVRC2012_val_00011951.JPEG
561,wukong,8963,GenImage_test/wukong/test/ai/3_wukong_image128.png
561,wukong,8964,GenImage_test/wukong/test/ai/906_wukong_image88.png
561,wukong,8965,GenImage_test/wukong/test/nature/ILSVRC2012_val_00020232.JPEG
561,wukong,8966,GenImage_test/wukong/test/ai/35_wukong_image198.png
561,wukong,8967,GenImage_test/wukong/test/ai/935_wukong_image128.png
561,wukong,8968,GenImage_test/wukong/test/ai/494_wukong_image198.png
561,wukong,8969,GenImage_test/wukong/test/nature/ILSVRC2012_val_00014056.JPEG
561,wukong,8970,GenImage_test/wukong/test/nature/ILSVRC2012_val_00037726.JPEG
561,wukong,8971,GenImage_test/wukong/test/nature/ILSVRC2012_val_00009880.JPEG
562,wukong,8972,GenImage_test/wukong/test/nature/ILSVRC2012_val_00046555.JPEG
562,wukong,8973,GenImage_test/wukong/test/nature/ILSVRC2012_val_00006615.JPEG
562,wukong,8974,GenImage_test/wukong/test/ai/109_wukong_image128.png
562,wukong,8975,GenImage_test/wukong/test/ai/887_wukong_image61.png
562,wukong,8976,GenImage_test/wukong/test/nature/ILSVRC2012_val_00032059.JPEG
562,wukong,8977,GenImage_test/wukong/test/ai/463_wukong_image128.png
562,wukong,8978,GenImage_test/wukong/test/nature/ILSVRC2012_val_00038974.JPEG
562,wukong,8979,GenImage_test/wukong/test/nature/ILSVRC2012_val_00021285.JPEG
562,wukong,8980,GenImage_test/wukong/test/ai/606_wukong_image128.png
562,wukong,8981,GenImage_test/wukong/test/nature/ILSVRC2012_val_00040973.JPEG
562,wukong,8982,GenImage_test/wukong/test/nature/ILSVRC2012_val_00026606.JPEG
562,wukong,8983,GenImage_test/wukong/test/ai/372_wukong_image61.png
562,wukong,8984,GenImage_test/wukong/test/nature/ILSVRC2012_val_00015427.JPEG
562,wukong,8985,GenImage_test/wukong/test/nature/ILSVRC2012_val_00003354.JPEG
562,wukong,8986,GenImage_test/wukong/test/nature/ILSVRC2012_val_00008080.JPEG
562,wukong,8987,GenImage_test/wukong/test/nature/ILSVRC2012_val_00003140.JPEG
563,wukong,8988,GenImage_test/wukong/test/nature/ILSVRC2012_val_00046831.JPEG
563,wukong,8989,GenImage_test/wukong/test/nature/ILSVRC2012_val_00037528.JPEG
563,wukong,8990,GenImage_test/wukong/test/nature/ILSVRC2012_val_00031553.JPEG
563,wukong,8991,GenImage_test/wukong/test/ai/989_wukong_image86.png
563,wukong,8992,GenImage_test/wukong/test/nature/ILSVRC2012_val_00038996.JPEG
563,wukong,8993,GenImage_test/wukong/test/nature/ILSVRC2012_val_00047177.JPEG
563,wukong,8994,GenImage_test/wukong/test/nature/ILSVRC2012_val_00005720.JPEG
563,wukong,8995,GenImage_test/wukong/test/ai/96_wukong_image198.png
563,wukong,8996,GenImage_test/wukong/test/ai/942_wukong_image188.png
563,wukong,8997,GenImage_test/wukong/test/nature/ILSVRC2012_val_00046740.JPEG
563,wukong,8998,GenImage_test/wukong/test/nature/ILSVRC2012_val_00023063.JPEG
563,wukong,8999,GenImage_test/wukong/test/ai/608_wukong_image61.png
564,Midjourney,9000,GenImage_test/Midjourney/test/nature/ILSVRC2012_val_00011989.JPEG
564,Midjourney,9001,GenImage_test/Midjourney/test/nature/ILSVRC2012_val_00016971.JPEG
564,Midjourney,9002,GenImage_test/Midjourney/test/ai/556_midjourney_88.png
564,Midjourney,9003,GenImage_test/Midjourney/test/nature/ILSVRC2012_val_00016901.JPEG
564,Midjourney,9004,GenImage_test/Midjourney/test/ai/102_midjourney_198.png
564,Midjourney,9005,GenImage_test/Midjourney/test/nature/ILSVRC2012_val_00030775.JPEG
564,Midjourney,9006,GenImage_test/Midjourney/test/nature/ILSVRC2012_val_00009669.JPEG
564,Midjourney,9007,GenImage_test/Midjourney/test/ai/387_midjourney_100.png
564,Midjourney,9008,GenImage_test/Midjourney/test/ai/487_midjourney_100.png
564,Midjourney,9009,GenImage_test/Midjourney/test/nature/ILSVRC2012_val_00017131.JPEG
564,Midjourney,9010,GenImage_test/Midjourney/test/nature/ILSVRC2012_val_00010424.JPEG
564,Midjourney,9011,GenImage_test/Midjourney/test/ai/804_midjourney_34.png
564,Midjourney,9012,GenImage_test/Midjourney/test/nature/ILSVRC2012_val_00042725.JPEG
564,Midjourney,9013,GenImage_test/Midjourney/test/ai/746_midjourney_100.png
564,Midjourney,9014,GenImage_test/Midjourney/test/ai/342_midjourney_88.png
564,Midjourney,9015,GenImage_test/Midjourney/test/ai/30_midjourney_198.png
565,Midjourney,9016,GenImage_test/Midjourney/test/ai/179_midjourney_169.png
565,Midjourney,9017,GenImage_test/Midjourney/test/nature/ILSVRC2012_val_00049092.JPEG
565,Midjourney,9018,GenImage_test/Midjourney/test/nature/ILSVRC2012_val_00017054.JPEG
565,Midjourney,9019,GenImage_test/Midjourney/test/nature/ILSVRC2012_val_00041740.JPEG
565,Midjourney,9020,GenImage_test/Midjourney/test/nature/ILSVRC2012_val_00001342.JPEG
565,Midjourney,9021,GenImage_test/Midjourney/test/ai/544_midjourney_100.png
565,Midjourney,9022,GenImage_test/Midjourney/test/nature/ILSVRC2012_val_00003353.JPEG
565,Midjourney,9023,GenImage_test/Midjourney/test/ai/74_midjourney_197.png
565,Midjourney,9024,GenImage_test/Midjourney/test/nature/ILSVRC2012_val_00046952.JPEG
565,Midjourney,9025,GenImage_test/Midjourney/test/nature/ILSVRC2012_val_00013755.JPEG
565,Midjourney,9026,GenImage_test/Midjourney/test/ai/284_midjourney_197.png
565,Midjourney,9027,GenImage_test/Midjourney/test/nature/ILSVRC2012_val_00021420.JPEG
565,Midjourney,9028,GenImage_test/Midjourney/test/ai/642_midjourney_34.png
565,Midjourney,9029,GenImage_test/Midjourney/test/ai/731_midjourney_34.png
565,Midjourney,9030,GenImage_test/Midjourney/test/nature/ILSVRC2012_val_00029357.JPEG
565,Midjourney,9031,GenImage_test/Midjourney/test/ai/620_midjourney_100.png
566,Midjourney,9032,GenImage_test/Midjourney/test/ai/400_midjourney_169.png
566,Midjourney,9033,GenImage_test/Midjourney/test/ai/773_midjourney_169.png
566,Midjourney,9034,GenImage_test/Midjourney/test/nature/ILSVRC2012_val_00006285.JPEG
566,Midjourney,9035,GenImage_test/Midjourney/test/nature/ILSVRC2012_val_00033917.JPEG
566,Midjourney,9036,GenImage_test/Midjourney/test/ai/495_midjourney_88.png
566,Midjourney,9037,GenImage_test/Midjourney/test/ai/894_midjourney_169.png
566,Midjourney,9038,GenImage_test/Midjourney/test/nature/ILSVRC2012_val_00013421.JPEG
566,Midjourney,9039,GenImage_test/Midjourney/test/ai/228_midjourney_34.png
566,Midjourney,9040,GenImage_test/Midjourney/test/ai/425_midjourney_197.png
566,Midjourney,9041,GenImage_test/Midjourney/test/ai/938_midjourney_100.png
566,Midjourney,9042,GenImage_test/Midjourney/test/ai/202_midjourney_198.png
566,Midjourney,9043,GenImage_test/Midjourney/test/ai/15_midjourney_169.png
566,Midjourney,9044,GenImage_test/Midjourney/test/nature/ILSVRC2012_val_00040194.JPEG
566,Midjourney,9045,GenImage_test/Midjourney/test/ai/662_midjourney_197.png
566,Midjourney,9046,GenImage_test/Midjourney/test/nature/ILSVRC2012_val_00018835.JPEG
566,Midjourney,9047,GenImage_test/Midjourney/test/ai/793_midjourney_197.png
567,Midjourney,9048,GenImage_test/Midjourney/test/ai/288_midjourney_169.png
567,Midjourney,9049,GenImage_test/Midjourney/test/nature/ILSVRC2012_val_00038200.JPEG
567,Midjourney,9050,GenImage_test/Midjourney/test/ai/166_midjourney_197.png
567,Midjourney,9051,GenImage_test/Midjourney/test/ai/500_midjourney_169.png
567,Midjourney,9052,GenImage_test/Midjourney/test/nature/ILSVRC2012_val_00020037.JPEG
567,Midjourney,9053,GenImage_test/Midjourney/test/nature/ILSVRC2012_val_00012207.JPEG
567,Midjourney,9054,GenImage_test/Midjourney/test/ai/15_midjourney_197.png
567,Midjourney,9055,GenImage_test/Midjourney/test/ai/459_midjourney_88.png
567,Midjourney,9056,GenImage_test/Midjourney/test/ai/109_midjourney_100.png
567,Midjourney,9057,GenImage_test/Midjourney/test/nature/ILSVRC2012_val_00016661.JPEG
567,Midjourney,9058,GenImage_test/Midjourney/test/ai/711_midjourney_34.png
567,Midjourney,9059,GenImage_test/Midjourney/test/nature/ILSVRC2012_val_00031488.JPEG
567,Midjourney,9060,GenImage_test/Midjourney/test/ai/488_midjourney_100.png
567,Midjourney,9061,GenImage_test/Midjourney/test/nature/ILSVRC2012_val_00046717.JPEG
567,Midjourney,9062,GenImage_test/Midjourney/test/nature/ILSVRC2012_val_00048719.JPEG
567,Midjourney,9063,GenImage_test/Midjourney/test/nature/ILSVRC2012_val_00036652.JPEG
568,Midjourney,9064,GenImage_test/Midjourney/test/nature/ILSVRC2012_val_00019986.JPEG
568,Midjourney,9065,GenImage_test/Midjourney/test/nature/ILSVRC2012_val_00037907.JPEG
568,Midjourney,9066,GenImage_test/Midjourney/test/ai/258_midjourney_88.png
568,Midjourney,9067,GenImage_test/Midjourney/test/ai/578_midjourney_100.png
568,Midjourney,9068,GenImage_test/Midjourney/test/ai/381_midjourney_197.png
568,Midjourney,9069,GenImage_test/Midjourney/test/nature/ILSVRC2012_val_00016309.JPEG
568,Midjourney,9070,GenImage_test/Midjourney/test/nature/ILSVRC2012_val_00014207.JPEG
568,Midjourney,9071,GenImage_test/Midjourney/test/ai/37_midjourney_169.png
568,Midjourney,9072,GenImage_test/Midjourney/test/ai/616_midjourney_100.png
568,Midjourney,9073,GenImage_test/Midjourney/test/nature/ILSVRC2012_val_00035048.JPEG
568,Midjourney,9074,GenImage_test/Midjourney/test/ai/484_midjourney_88.png
568,Midjourney,9075,GenImage_test/Midjourney/test/nature/ILSVRC2012_val_00037200.JPEG
568,Midjourney,9076,GenImage_test/Midjourney/test/nature/ILSVRC2012_val_00039665.JPEG
568,Midjourney,9077,GenImage_test/Midjourney/test/ai/580_midjourney_100.png
568,Midjourney,9078,GenImage_test/Midjourney/test/ai/496_midjourney_198.png
568,Midjourney,9079,GenImage_test/Midjourney/test/ai/597_midjourney_197.png
569,Midjourney,9080,GenImage_test/Midjourney/test/nature/ILSVRC2012_val_00034177.JPEG
569,Midjourney,9081,GenImage_test/Midjourney/test/nature/ILSVRC2012_val_00011408.JPEG
569,Midjourney,9082,GenImage_test/Midjourney/test/ai/531_midjourney_169.png
569,Midjourney,9083,GenImage_test/Midjourney/test/nature/ILSVRC2012_val_00020944.JPEG
569,Midjourney,9084,GenImage_test/Midjourney/test/ai/658_midjourney_197.png
569,Midjourney,9085,GenImage_test/Midjourney/test/ai/924_midjourney_198.png
569,Midjourney,9086,GenImage_test/Midjourney/test/ai/477_midjourney_169.png
569,Midjourney,9087,GenImage_test/Midjourney/test/ai/694_midjourney_100.png
569,Midjourney,9088,GenImage_test/Midjourney/test/ai/380_midjourney_100.png
569,Midjourney,9089,GenImage_test/Midjourney/test/nature/ILSVRC2012_val_00048882.JPEG
569,Midjourney,9090,GenImage_test/Midjourney/test/nature/ILSVRC2012_val_00027323.JPEG
569,Midjourney,9091,GenImage_test/Midjourney/test/nature/ILSVRC2012_val_00002495.JPEG
569,Midjourney,9092,GenImage_test/Midjourney/test/nature/ILSVRC2012_val_00032168.JPEG
569,Midjourney,9093,GenImage_test/Midjourney/test/nature/ILSVRC2012_val_00027817.JPEG
569,Midjourney,9094,GenImage_test/Midjourney/test/nature/ILSVRC2012_val_00003673.JPEG
569,Midjourney,9095,GenImage_test/Midjourney/test/nature/ILSVRC2012_val_00022350.JPEG
570,Midjourney,9096,GenImage_test/Midjourney/test/nature/ILSVRC2012_val_00047006.JPEG
570,Midjourney,9097,GenImage_test/Midjourney/test/nature/ILSVRC2012_val_00018332.JPEG
570,Midjourney,9098,GenImage_test/Midjourney/test/ai/325_midjourney_88.png
570,Midjourney,9099,GenImage_test/Midjourney/test/nature/ILSVRC2012_val_00031793.JPEG
570,Midjourney,9100,GenImage_test/Midjourney/test/ai/872_midjourney_88.png
570,Midjourney,9101,GenImage_test/Midjourney/test/nature/ILSVRC2012_val_00043635.JPEG
570,Midjourney,9102,GenImage_test/Midjourney/test/nature/ILSVRC2012_val_00032323.JPEG
570,Midjourney,9103,GenImage_test/Midjourney/test/ai/840_midjourney_100.png
570,Midjourney,9104,GenImage_test/Midjourney/test/ai/383_midjourney_100.png
570,Midjourney,9105,GenImage_test/Midjourney/test/ai/571_midjourney_169.png
570,Midjourney,9106,GenImage_test/Midjourney/test/ai/56_midjourney_198.png
570,Midjourney,9107,GenImage_test/Midjourney/test/nature/ILSVRC2012_val_00022361.JPEG
570,Midjourney,9108,GenImage_test/Midjourney/test/ai/677_midjourney_169.png
570,Midjourney,9109,GenImage_test/Midjourney/test/ai/212_midjourney_88.png
570,Midjourney,9110,GenImage_test/Midjourney/test/nature/ILSVRC2012_val_00044230.JPEG
570,Midjourney,9111,GenImage_test/Midjourney/test/nature/ILSVRC2012_val_00014591.JPEG
571,Midjourney,9112,GenImage_test/Midjourney/test/ai/514_midjourney_88.png
571,Midjourney,9113,GenImage_test/Midjourney/test/nature/ILSVRC2012_val_00004787.JPEG
571,Midjourney,9114,GenImage_test/Midjourney/test/nature/ILSVRC2012_val_00014911.JPEG
571,Midjourney,9115,GenImage_test/Midjourney/test/nature/ILSVRC2012_val_00001947.JPEG
571,Midjourney,9116,GenImage_test/Midjourney/test/ai/458_midjourney_88.png
571,Midjourney,9117,GenImage_test/Midjourney/test/ai/885_midjourney_197.png
571,Midjourney,9118,GenImage_test/Midjourney/test/ai/220_midjourney_169.png
571,Midjourney,9119,GenImage_test/Midjourney/test/nature/ILSVRC2012_val_00002733.JPEG
571,Midjourney,9120,GenImage_test/Midjourney/test/ai/579_midjourney_198.png
571,Midjourney,9121,GenImage_test/Midjourney/test/ai/125_midjourney_197.png
571,Midjourney,9122,GenImage_test/Midjourney/test/nature/ILSVRC2012_val_00046869.JPEG
571,Midjourney,9123,GenImage_test/Midjourney/test/nature/ILSVRC2012_val_00015619.JPEG
571,Midjourney,9124,GenImage_test/Midjourney/test/ai/236_midjourney_34.png
571,Midjourney,9125,GenImage_test/Midjourney/test/ai/97_midjourney_198.png
571,Midjourney,9126,GenImage_test/Midjourney/test/nature/ILSVRC2012_val_00026067.JPEG
571,Midjourney,9127,GenImage_test/Midjourney/test/ai/802_midjourney_197.png
572,Midjourney,9128,GenImage_test/Midjourney/test/nature/ILSVRC2012_val_00007395.JPEG
572,Midjourney,9129,GenImage_test/Midjourney/test/ai/699_midjourney_100.png
572,Midjourney,9130,GenImage_test/Midjourney/test/ai/577_midjourney_198.png
572,Midjourney,9131,GenImage_test/Midjourney/test/nature/ILSVRC2012_val_00020637.JPEG
572,Midjourney,9132,GenImage_test/Midjourney/test/ai/291_midjourney_197.png
572,Midjourney,9133,GenImage_test/Midjourney/test/ai/125_midjourney_169.png
572,Midjourney,9134,GenImage_test/Midjourney/test/nature/ILSVRC2012_val_00001667.JPEG
572,Midjourney,9135,GenImage_test/Midjourney/test/ai/481_midjourney_88.png
572,Midjourney,9136,GenImage_test/Midjourney/test/ai/488_midjourney_197.png
572,Midjourney,9137,GenImage_test/Midjourney/test/nature/ILSVRC2012_val_00030972.JPEG
572,Midjourney,9138,GenImage_test/Midjourney/test/nature/ILSVRC2012_val_00033694.JPEG
572,Midjourney,9139,GenImage_test/Midjourney/test/ai/492_midjourney_88.png
572,Midjourney,9140,GenImage_test/Midjourney/test/nature/ILSVRC2012_val_00018662.JPEG
572,Midjourney,9141,GenImage_test/Midjourney/test/ai/45_midjourney_197.png
572,Midjourney,9142,GenImage_test/Midjourney/test/ai/230_midjourney_198.png
572,Midjourney,9143,GenImage_test/Midjourney/test/nature/ILSVRC2012_val_00010069.JPEG
573,Midjourney,9144,GenImage_test/Midjourney/test/nature/ILSVRC2012_val_00031213.JPEG
573,Midjourney,9145,GenImage_test/Midjourney/test/nature/ILSVRC2012_val_00013380.JPEG
573,Midjourney,9146,GenImage_test/Midjourney/test/nature/ILSVRC2012_val_00049634.JPEG
573,Midjourney,9147,GenImage_test/Midjourney/test/ai/468_midjourney_198.png
573,Midjourney,9148,GenImage_test/Midjourney/test/nature/ILSVRC2012_val_00016653.JPEG
573,Midjourney,9149,GenImage_test/Midjourney/test/nature/ILSVRC2012_val_00008830.JPEG
573,Midjourney,9150,GenImage_test/Midjourney/test/ai/53_midjourney_169.png
573,Midjourney,9151,GenImage_test/Midjourney/test/ai/655_midjourney_34.png
573,Midjourney,9152,GenImage_test/Midjourney/test/nature/ILSVRC2012_val_00043193.JPEG
573,Midjourney,9153,GenImage_test/Midjourney/test/ai/348_midjourney_198.png
573,Midjourney,9154,GenImage_test/Midjourney/test/ai/559_midjourney_100.png
573,Midjourney,9155,GenImage_test/Midjourney/test/nature/ILSVRC2012_val_00001888.JPEG
573,Midjourney,9156,GenImage_test/Midjourney/test/nature/ILSVRC2012_val_00015440.JPEG
573,Midjourney,9157,GenImage_test/Midjourney/test/ai/366_midjourney_34.png
573,Midjourney,9158,GenImage_test/Midjourney/test/nature/ILSVRC2012_val_00017516.JPEG
573,Midjourney,9159,GenImage_test/Midjourney/test/nature/ILSVRC2012_val_00015447.JPEG
574,Midjourney,9160,GenImage_test/Midjourney/test/ai/242_midjourney_34.png
574,Midjourney,9161,GenImage_test/Midjourney/test/nature/ILSVRC2012_val_00007701.JPEG
574,Midjourney,9162,GenImage_test/Midjourney/test/nature/ILSVRC2012_val_00001395.JPEG
574,Midjourney,9163,GenImage_test/Midjourney/test/nature/ILSVRC2012_val_00017751.JPEG
574,Midjourney,9164,GenImage_test/Midjourney/test/ai/78_midjourney_34.png
574,Midjourney,9165,GenImage_test/Midjourney/test/ai/473_midjourney_34.png
574,Midjourney,9166,GenImage_test/Midjourney/test/ai/690_midjourney_197.png
574,Midjourney,9167,GenImage_test/Midjourney/test/nature/ILSVRC2012_val_00021288.JPEG
574,Midjourney,9168,GenImage_test/Midjourney/test/nature/ILSVRC2012_val_00030574.JPEG
574,Midjourney,9169,GenImage_test/Midjourney/test/nature/ILSVRC2012_val_00009073.JPEG
574,Midjourney,9170,GenImage_test/Midjourney/test/nature/ILSVRC2012_val_00038264.JPEG
574,Midjourney,9171,GenImage_test/Midjourney/test/nature/ILSVRC2012_val_00009427.JPEG
574,Midjourney,9172,GenImage_test/Midjourney/test/nature/ILSVRC2012_val_00042035.JPEG
574,Midjourney,9173,GenImage_test/Midjourney/test/ai/376_midjourney_88.png
574,Midjourney,9174,GenImage_test/Midjourney/test/ai/304_midjourney_88.png
574,Midjourney,9175,GenImage_test/Midjourney/test/nature/ILSVRC2012_val_00047937.JPEG
575,Midjourney,9176,GenImage_test/Midjourney/test/nature/ILSVRC2012_val_00039086.JPEG
575,Midjourney,9177,GenImage_test/Midjourney/test/nature/ILSVRC2012_val_00023484.JPEG
575,Midjourney,9178,GenImage_test/Midjourney/test/nature/ILSVRC2012_val_00023902.JPEG
575,Midjourney,9179,GenImage_test/Midjourney/test/nature/ILSVRC2012_val_00045483.JPEG
575,Midjourney,9180,GenImage_test/Midjourney/test/ai/436_midjourney_34.png
575,Midjourney,9181,GenImage_test/Midjourney/test/ai/606_midjourney_34.png
575,Midjourney,9182,GenImage_test/Midjourney/test/ai/108_midjourney_100.png
575,Midjourney,9183,GenImage_test/Midjourney/test/ai/22_midjourney_100.png
575,Midjourney,9184,GenImage_test/Midjourney/test/ai/764_midjourney_169.png
575,Midjourney,9185,GenImage_test/Midjourney/test/nature/ILSVRC2012_val_00047932.JPEG
575,Midjourney,9186,GenImage_test/Midjourney/test/ai/893_midjourney_100.png
575,Midjourney,9187,GenImage_test/Midjourney/test/nature/ILSVRC2012_val_00035571.JPEG
575,Midjourney,9188,GenImage_test/Midjourney/test/ai/529_midjourney_198.png
575,Midjourney,9189,GenImage_test/Midjourney/test/ai/554_midjourney_34.png
575,Midjourney,9190,GenImage_test/Midjourney/test/ai/869_midjourney_34.png
575,Midjourney,9191,GenImage_test/Midjourney/test/nature/ILSVRC2012_val_00041957.JPEG
576,Midjourney,9192,GenImage_test/Midjourney/test/nature/ILSVRC2012_val_00040836.JPEG
576,Midjourney,9193,GenImage_test/Midjourney/test/nature/ILSVRC2012_val_00024237.JPEG
576,Midjourney,9194,GenImage_test/Midjourney/test/nature/ILSVRC2012_val_00023726.JPEG
576,Midjourney,9195,GenImage_test/Midjourney/test/ai/313_midjourney_169.png
576,Midjourney,9196,GenImage_test/Midjourney/test/ai/557_midjourney_88.png
576,Midjourney,9197,GenImage_test/Midjourney/test/nature/ILSVRC2012_val_00049707.JPEG
576,Midjourney,9198,GenImage_test/Midjourney/test/ai/0_midjourney_169.png
576,Midjourney,9199,GenImage_test/Midjourney/test/nature/ILSVRC2012_val_00024999.JPEG
576,Midjourney,9200,GenImage_test/Midjourney/test/nature/ILSVRC2012_val_00002081.JPEG
576,Midjourney,9201,GenImage_test/Midjourney/test/nature/ILSVRC2012_val_00015991.JPEG
576,Midjourney,9202,GenImage_test/Midjourney/test/ai/327_midjourney_88.png
576,Midjourney,9203,GenImage_test/Midjourney/test/nature/ILSVRC2012_val_00019529.JPEG
576,Midjourney,9204,GenImage_test/Midjourney/test/nature/ILSVRC2012_val_00016570.JPEG
576,Midjourney,9205,GenImage_test/Midjourney/test/nature/ILSVRC2012_val_00034916.JPEG
576,Midjourney,9206,GenImage_test/Midjourney/test/nature/ILSVRC2012_val_00017537.JPEG
576,Midjourney,9207,GenImage_test/Midjourney/test/nature/ILSVRC2012_val_00021785.JPEG
577,Midjourney,9208,GenImage_test/Midjourney/test/nature/ILSVRC2012_val_00020283.JPEG
577,Midjourney,9209,GenImage_test/Midjourney/test/nature/ILSVRC2012_val_00003020.JPEG
577,Midjourney,9210,GenImage_test/Midjourney/test/ai/705_midjourney_198.png
577,Midjourney,9211,GenImage_test/Midjourney/test/ai/229_midjourney_34.png
577,Midjourney,9212,GenImage_test/Midjourney/test/ai/652_midjourney_88.png
577,Midjourney,9213,GenImage_test/Midjourney/test/ai/245_midjourney_88.png
577,Midjourney,9214,GenImage_test/Midjourney/test/nature/ILSVRC2012_val_00031516.JPEG
577,Midjourney,9215,GenImage_test/Midjourney/test/ai/557_midjourney_34.png
577,Midjourney,9216,GenImage_test/Midjourney/test/nature/ILSVRC2012_val_00014943.JPEG
577,Midjourney,9217,GenImage_test/Midjourney/test/nature/ILSVRC2012_val_00042681.JPEG
577,Midjourney,9218,GenImage_test/Midjourney/test/nature/ILSVRC2012_val_00026963.JPEG
577,Midjourney,9219,GenImage_test/Midjourney/test/ai/925_midjourney_197.png
577,Midjourney,9220,GenImage_test/Midjourney/test/ai/649_midjourney_198.png
577,Midjourney,9221,GenImage_test/Midjourney/test/ai/274_midjourney_34.png
577,Midjourney,9222,GenImage_test/Midjourney/test/nature/ILSVRC2012_val_00021411.JPEG
577,Midjourney,9223,GenImage_test/Midjourney/test/nature/ILSVRC2012_val_00019722.JPEG
578,Midjourney,9224,GenImage_test/Midjourney/test/nature/ILSVRC2012_val_00027139.JPEG
578,Midjourney,9225,GenImage_test/Midjourney/test/nature/ILSVRC2012_val_00018037.JPEG
578,Midjourney,9226,GenImage_test/Midjourney/test/nature/ILSVRC2012_val_00021830.JPEG
578,Midjourney,9227,GenImage_test/Midjourney/test/ai/33_midjourney_100.png
578,Midjourney,9228,GenImage_test/Midjourney/test/ai/263_midjourney_169.png
578,Midjourney,9229,GenImage_test/Midjourney/test/nature/ILSVRC2012_val_00007971.JPEG
578,Midjourney,9230,GenImage_test/Midjourney/test/nature/ILSVRC2012_val_00010246.JPEG
578,Midjourney,9231,GenImage_test/Midjourney/test/ai/431_midjourney_198.png
578,Midjourney,9232,GenImage_test/Midjourney/test/ai/51_midjourney_34.png
578,Midjourney,9233,GenImage_test/Midjourney/test/nature/ILSVRC2012_val_00036502.JPEG
578,Midjourney,9234,GenImage_test/Midjourney/test/ai/658_midjourney_169.png
578,Midjourney,9235,GenImage_test/Midjourney/test/ai/198_midjourney_34.png
578,Midjourney,9236,GenImage_test/Midjourney/test/ai/96_midjourney_34.png
578,Midjourney,9237,GenImage_test/Midjourney/test/ai/531_midjourney_34.png
578,Midjourney,9238,GenImage_test/Midjourney/test/nature/ILSVRC2012_val_00021091.JPEG
578,Midjourney,9239,GenImage_test/Midjourney/test/ai/649_midjourney_34.png
579,Midjourney,9240,GenImage_test/Midjourney/test/ai/665_midjourney_100.png
579,Midjourney,9241,GenImage_test/Midjourney/test/ai/372_midjourney_169.png
579,Midjourney,9242,GenImage_test/Midjourney/test/nature/ILSVRC2012_val_00036414.JPEG
579,Midjourney,9243,GenImage_test/Midjourney/test/ai/222_midjourney_197.png
579,Midjourney,9244,GenImage_test/Midjourney/test/nature/ILSVRC2012_val_00044859.JPEG
579,Midjourney,9245,GenImage_test/Midjourney/test/ai/59_midjourney_34.png
579,Midjourney,9246,GenImage_test/Midjourney/test/nature/ILSVRC2012_val_00028447.JPEG
579,Midjourney,9247,GenImage_test/Midjourney/test/nature/ILSVRC2012_val_00036941.JPEG
579,Midjourney,9248,GenImage_test/Midjourney/test/ai/412_midjourney_198.png
579,Midjourney,9249,GenImage_test/Midjourney/test/ai/257_midjourney_198.png
579,Midjourney,9250,GenImage_test/Midjourney/test/nature/ILSVRC2012_val_00010105.JPEG
579,Midjourney,9251,GenImage_test/Midjourney/test/nature/ILSVRC2012_val_00040249.JPEG
579,Midjourney,9252,GenImage_test/Midjourney/test/ai/274_midjourney_197.png
579,Midjourney,9253,GenImage_test/Midjourney/test/ai/686_midjourney_34.png
579,Midjourney,9254,GenImage_test/Midjourney/test/nature/ILSVRC2012_val_00018213.JPEG
579,Midjourney,9255,GenImage_test/Midjourney/test/ai/540_midjourney_197.png
580,Midjourney,9256,GenImage_test/Midjourney/test/ai/358_midjourney_88.png
580,Midjourney,9257,GenImage_test/Midjourney/test/ai/579_midjourney_197.png
580,Midjourney,9258,GenImage_test/Midjourney/test/ai/837_midjourney_198.png
580,Midjourney,9259,GenImage_test/Midjourney/test/nature/ILSVRC2012_val_00035104.JPEG
580,Midjourney,9260,GenImage_test/Midjourney/test/ai/124_midjourney_198.png
580,Midjourney,9261,GenImage_test/Midjourney/test/ai/205_midjourney_169.png
580,Midjourney,9262,GenImage_test/Midjourney/test/ai/614_midjourney_197.png
580,Midjourney,9263,GenImage_test/Midjourney/test/nature/ILSVRC2012_val_00012674.JPEG
580,Midjourney,9264,GenImage_test/Midjourney/test/ai/738_midjourney_169.png
580,Midjourney,9265,GenImage_test/Midjourney/test/ai/909_midjourney_34.png
580,Midjourney,9266,GenImage_test/Midjourney/test/nature/ILSVRC2012_val_00041340.JPEG
580,Midjourney,9267,GenImage_test/Midjourney/test/ai/19_midjourney_197.png
580,Midjourney,9268,GenImage_test/Midjourney/test/ai/711_midjourney_88.png
580,Midjourney,9269,GenImage_test/Midjourney/test/nature/ILSVRC2012_val_00013305.JPEG
580,Midjourney,9270,GenImage_test/Midjourney/test/ai/390_midjourney_198.png
580,Midjourney,9271,GenImage_test/Midjourney/test/nature/ILSVRC2012_val_00048630.JPEG
581,Midjourney,9272,GenImage_test/Midjourney/test/ai/614_midjourney_198.png
581,Midjourney,9273,GenImage_test/Midjourney/test/nature/ILSVRC2012_val_00007555.JPEG
581,Midjourney,9274,GenImage_test/Midjourney/test/ai/505_midjourney_198.png
581,Midjourney,9275,GenImage_test/Midjourney/test/ai/331_midjourney_88.png
581,Midjourney,9276,GenImage_test/Midjourney/test/nature/ILSVRC2012_val_00043705.JPEG
581,Midjourney,9277,GenImage_test/Midjourney/test/nature/ILSVRC2012_val_00013669.JPEG
581,Midjourney,9278,GenImage_test/Midjourney/test/nature/ILSVRC2012_val_00015339.JPEG
581,Midjourney,9279,GenImage_test/Midjourney/test/ai/825_midjourney_169.png
581,Midjourney,9280,GenImage_test/Midjourney/test/nature/ILSVRC2012_val_00016403.JPEG
581,Midjourney,9281,GenImage_test/Midjourney/test/ai/26_midjourney_198.png
581,Midjourney,9282,GenImage_test/Midjourney/test/nature/ILSVRC2012_val_00029612.JPEG
581,Midjourney,9283,GenImage_test/Midjourney/test/ai/184_midjourney_88.png
581,Midjourney,9284,GenImage_test/Midjourney/test/ai/123_midjourney_198.png
581,Midjourney,9285,GenImage_test/Midjourney/test/ai/44_midjourney_198.png
581,Midjourney,9286,GenImage_test/Midjourney/test/nature/ILSVRC2012_val_00031051.JPEG
581,Midjourney,9287,GenImage_test/Midjourney/test/ai/291_midjourney_88.png
582,Midjourney,9288,GenImage_test/Midjourney/test/ai/424_midjourney_34.png
582,Midjourney,9289,GenImage_test/Midjourney/test/ai/839_midjourney_198.png
582,Midjourney,9290,GenImage_test/Midjourney/test/nature/ILSVRC2012_val_00028662.JPEG
582,Midjourney,9291,GenImage_test/Midjourney/test/ai/813_midjourney_34.png
582,Midjourney,9292,GenImage_test/Midjourney/test/nature/ILSVRC2012_val_00036806.JPEG
582,Midjourney,9293,GenImage_test/Midjourney/test/nature/ILSVRC2012_val_00006240.JPEG
582,Midjourney,9294,GenImage_test/Midjourney/test/ai/750_midjourney_88.png
582,Midjourney,9295,GenImage_test/Midjourney/test/nature/ILSVRC2012_val_00019110.JPEG
582,Midjourney,9296,GenImage_test/Midjourney/test/ai/501_midjourney_198.png
582,Midjourney,9297,GenImage_test/Midjourney/test/ai/869_midjourney_100.png
582,Midjourney,9298,GenImage_test/Midjourney/test/ai/545_midjourney_34.png
582,Midjourney,9299,GenImage_test/Midjourney/test/ai/877_midjourney_169.png
582,Midjourney,9300,GenImage_test/Midjourney/test/ai/215_midjourney_197.png
582,Midjourney,9301,GenImage_test/Midjourney/test/ai/414_midjourney_100.png
582,Midjourney,9302,GenImage_test/Midjourney/test/ai/750_midjourney_100.png
582,Midjourney,9303,GenImage_test/Midjourney/test/ai/625_midjourney_197.png
583,Midjourney,9304,GenImage_test/Midjourney/test/nature/ILSVRC2012_val_00037653.JPEG
583,Midjourney,9305,GenImage_test/Midjourney/test/nature/ILSVRC2012_val_00025801.JPEG
583,Midjourney,9306,GenImage_test/Midjourney/test/ai/57_midjourney_197.png
583,Midjourney,9307,GenImage_test/Midjourney/test/ai/431_midjourney_197.png
583,Midjourney,9308,GenImage_test/Midjourney/test/ai/476_midjourney_197.png
583,Midjourney,9309,GenImage_test/Midjourney/test/ai/410_midjourney_169.png
583,Midjourney,9310,GenImage_test/Midjourney/test/ai/204_midjourney_197.png
583,Midjourney,9311,GenImage_test/Midjourney/test/ai/310_midjourney_197.png
583,Midjourney,9312,GenImage_test/Midjourney/test/ai/163_midjourney_100.png
583,Midjourney,9313,GenImage_test/Midjourney/test/ai/818_midjourney_198.png
583,Midjourney,9314,GenImage_test/Midjourney/test/ai/976_midjourney_88.png
583,Midjourney,9315,GenImage_test/Midjourney/test/ai/637_midjourney_197.png
583,Midjourney,9316,GenImage_test/Midjourney/test/ai/919_midjourney_100.png
583,Midjourney,9317,GenImage_test/Midjourney/test/nature/ILSVRC2012_val_00001666.JPEG
583,Midjourney,9318,GenImage_test/Midjourney/test/nature/ILSVRC2012_val_00046400.JPEG
583,Midjourney,9319,GenImage_test/Midjourney/test/ai/58_midjourney_100.png
584,Midjourney,9320,GenImage_test/Midjourney/test/nature/ILSVRC2012_val_00035796.JPEG
584,Midjourney,9321,GenImage_test/Midjourney/test/nature/ILSVRC2012_val_00010444.JPEG
584,Midjourney,9322,GenImage_test/Midjourney/test/ai/106_midjourney_34.png
584,Midjourney,9323,GenImage_test/Midjourney/test/nature/ILSVRC2012_val_00042545.JPEG
584,Midjourney,9324,GenImage_test/Midjourney/test/ai/245_midjourney_169.png
584,Midjourney,9325,GenImage_test/Midjourney/test/ai/478_midjourney_100.png
584,Midjourney,9326,GenImage_test/Midjourney/test/ai/734_midjourney_197.png
584,Midjourney,9327,GenImage_test/Midjourney/test/nature/ILSVRC2012_val_00026195.JPEG
584,Midjourney,9328,GenImage_test/Midjourney/test/nature/ILSVRC2012_val_00013984.JPEG
584,Midjourney,9329,GenImage_test/Midjourney/test/nature/ILSVRC2012_val_00039519.JPEG
584,Midjourney,9330,GenImage_test/Midjourney/test/nature/ILSVRC2012_val_00032312.JPEG
584,Midjourney,9331,GenImage_test/Midjourney/test/ai/331_midjourney_100.png
584,Midjourney,9332,GenImage_test/Midjourney/test/nature/ILSVRC2012_val_00007946.JPEG
584,Midjourney,9333,GenImage_test/Midjourney/test/nature/ILSVRC2012_val_00003322.JPEG
584,Midjourney,9334,GenImage_test/Midjourney/test/ai/765_midjourney_198.png
584,Midjourney,9335,GenImage_test/Midjourney/test/nature/ILSVRC2012_val_00000555.JPEG
585,Midjourney,9336,GenImage_test/Midjourney/test/ai/584_midjourney_100.png
585,Midjourney,9337,GenImage_test/Midjourney/test/nature/ILSVRC2012_val_00034910.JPEG
585,Midjourney,9338,GenImage_test/Midjourney/test/nature/ILSVRC2012_val_00024086.JPEG
585,Midjourney,9339,GenImage_test/Midjourney/test/nature/ILSVRC2012_val_00004952.JPEG
585,Midjourney,9340,GenImage_test/Midjourney/test/nature/ILSVRC2012_val_00041194.JPEG
585,Midjourney,9341,GenImage_test/Midjourney/test/ai/836_midjourney_198.png
585,Midjourney,9342,GenImage_test/Midjourney/test/ai/604_midjourney_88.png
585,Midjourney,9343,GenImage_test/Midjourney/test/ai/580_midjourney_88.png
585,Midjourney,9344,GenImage_test/Midjourney/test/ai/16_midjourney_197.png
585,Midjourney,9345,GenImage_test/Midjourney/test/nature/ILSVRC2012_val_00015727.JPEG
585,Midjourney,9346,GenImage_test/Midjourney/test/nature/ILSVRC2012_val_00010467.JPEG
585,Midjourney,9347,GenImage_test/Midjourney/test/ai/922_midjourney_197.png
585,Midjourney,9348,GenImage_test/Midjourney/test/ai/517_midjourney_34.png
585,Midjourney,9349,GenImage_test/Midjourney/test/ai/910_midjourney_100.png
585,Midjourney,9350,GenImage_test/Midjourney/test/ai/763_midjourney_169.png
585,Midjourney,9351,GenImage_test/Midjourney/test/nature/ILSVRC2012_val_00023374.JPEG
586,Midjourney,9352,GenImage_test/Midjourney/test/nature/ILSVRC2012_val_00045794.JPEG
586,Midjourney,9353,GenImage_test/Midjourney/test/nature/ILSVRC2012_val_00013325.JPEG
586,Midjourney,9354,GenImage_test/Midjourney/test/ai/220_midjourney_100.png
586,Midjourney,9355,GenImage_test/Midjourney/test/nature/ILSVRC2012_val_00035697.JPEG
586,Midjourney,9356,GenImage_test/Midjourney/test/nature/ILSVRC2012_val_00033589.JPEG
586,Midjourney,9357,GenImage_test/Midjourney/test/nature/ILSVRC2012_val_00031269.JPEG
586,Midjourney,9358,GenImage_test/Midjourney/test/ai/368_midjourney_197.png
586,Midjourney,9359,GenImage_test/Midjourney/test/nature/ILSVRC2012_val_00029200.JPEG
586,Midjourney,9360,GenImage_test/Midjourney/test/nature/ILSVRC2012_val_00016348.JPEG
586,Midjourney,9361,GenImage_test/Midjourney/test/nature/ILSVRC2012_val_00046065.JPEG
586,Midjourney,9362,GenImage_test/Midjourney/test/nature/ILSVRC2012_val_00044300.JPEG
586,Midjourney,9363,GenImage_test/Midjourney/test/ai/603_midjourney_169.png
586,Midjourney,9364,GenImage_test/Midjourney/test/nature/ILSVRC2012_val_00014111.JPEG
586,Midjourney,9365,GenImage_test/Midjourney/test/ai/879_midjourney_34.png
586,Midjourney,9366,GenImage_test/Midjourney/test/ai/669_midjourney_100.png
586,Midjourney,9367,GenImage_test/Midjourney/test/nature/ILSVRC2012_val_00001548.JPEG
587,Midjourney,9368,GenImage_test/Midjourney/test/nature/ILSVRC2012_val_00022861.JPEG
587,Midjourney,9369,GenImage_test/Midjourney/test/nature/ILSVRC2012_val_00029880.JPEG
587,Midjourney,9370,GenImage_test/Midjourney/test/nature/ILSVRC2012_val_00032487.JPEG
587,Midjourney,9371,GenImage_test/Midjourney/test/nature/ILSVRC2012_val_00022877.JPEG
587,Midjourney,9372,GenImage_test/Midjourney/test/ai/804_midjourney_88.png
587,Midjourney,9373,GenImage_test/Midjourney/test/nature/ILSVRC2012_val_00002637.JPEG
587,Midjourney,9374,GenImage_test/Midjourney/test/ai/222_midjourney_88.png
587,Midjourney,9375,GenImage_test/Midjourney/test/nature/ILSVRC2012_val_00045688.JPEG
587,Midjourney,9376,GenImage_test/Midjourney/test/ai/966_midjourney_198.png
587,Midjourney,9377,GenImage_test/Midjourney/test/nature/ILSVRC2012_val_00016771.JPEG
587,Midjourney,9378,GenImage_test/Midjourney/test/nature/ILSVRC2012_val_00026720.JPEG
587,Midjourney,9379,GenImage_test/Midjourney/test/nature/ILSVRC2012_val_00027789.JPEG
587,Midjourney,9380,GenImage_test/Midjourney/test/nature/ILSVRC2012_val_00042954.JPEG
587,Midjourney,9381,GenImage_test/Midjourney/test/nature/ILSVRC2012_val_00040719.JPEG
587,Midjourney,9382,GenImage_test/Midjourney/test/nature/ILSVRC2012_val_00038393.JPEG
587,Midjourney,9383,GenImage_test/Midjourney/test/ai/389_midjourney_34.png
588,Midjourney,9384,GenImage_test/Midjourney/test/ai/582_midjourney_197.png
588,Midjourney,9385,GenImage_test/Midjourney/test/ai/230_midjourney_34.png
588,Midjourney,9386,GenImage_test/Midjourney/test/ai/157_midjourney_88.png
588,Midjourney,9387,GenImage_test/Midjourney/test/nature/ILSVRC2012_val_00011474.JPEG
588,Midjourney,9388,GenImage_test/Midjourney/test/nature/ILSVRC2012_val_00017938.JPEG
588,Midjourney,9389,GenImage_test/Midjourney/test/ai/235_midjourney_34.png
588,Midjourney,9390,GenImage_test/Midjourney/test/nature/ILSVRC2012_val_00013026.JPEG
588,Midjourney,9391,GenImage_test/Midjourney/test/ai/648_midjourney_197.png
588,Midjourney,9392,GenImage_test/Midjourney/test/nature/ILSVRC2012_val_00003837.JPEG
588,Midjourney,9393,GenImage_test/Midjourney/test/ai/427_midjourney_197.png
588,Midjourney,9394,GenImage_test/Midjourney/test/nature/ILSVRC2012_val_00039863.JPEG
588,Midjourney,9395,GenImage_test/Midjourney/test/ai/975_midjourney_197.png
588,Midjourney,9396,GenImage_test/Midjourney/test/nature/ILSVRC2012_val_00012269.JPEG
588,Midjourney,9397,GenImage_test/Midjourney/test/nature/ILSVRC2012_val_00017956.JPEG
588,Midjourney,9398,GenImage_test/Midjourney/test/ai/30_midjourney_34.png
588,Midjourney,9399,GenImage_test/Midjourney/test/nature/ILSVRC2012_val_00024344.JPEG
589,Midjourney,9400,GenImage_test/Midjourney/test/nature/ILSVRC2012_val_00031331.JPEG
589,Midjourney,9401,GenImage_test/Midjourney/test/nature/ILSVRC2012_val_00011320.JPEG
589,Midjourney,9402,GenImage_test/Midjourney/test/ai/150_midjourney_169.png
589,Midjourney,9403,GenImage_test/Midjourney/test/nature/ILSVRC2012_val_00049434.JPEG
589,Midjourney,9404,GenImage_test/Midjourney/test/nature/ILSVRC2012_val_00025376.JPEG
589,Midjourney,9405,GenImage_test/Midjourney/test/ai/718_midjourney_88.png
589,Midjourney,9406,GenImage_test/Midjourney/test/nature/ILSVRC2012_val_00022814.JPEG
589,Midjourney,9407,GenImage_test/Midjourney/test/ai/205_midjourney_197.png
589,Midjourney,9408,GenImage_test/Midjourney/test/ai/632_midjourney_198.png
589,Midjourney,9409,GenImage_test/Midjourney/test/nature/ILSVRC2012_val_00026507.JPEG
589,Midjourney,9410,GenImage_test/Midjourney/test/nature/ILSVRC2012_val_00019165.JPEG
589,Midjourney,9411,GenImage_test/Midjourney/test/nature/ILSVRC2012_val_00045507.JPEG
589,Midjourney,9412,GenImage_test/Midjourney/test/ai/447_midjourney_197.png
589,Midjourney,9413,GenImage_test/Midjourney/test/ai/326_midjourney_88.png
589,Midjourney,9414,GenImage_test/Midjourney/test/ai/199_midjourney_169.png
589,Midjourney,9415,GenImage_test/Midjourney/test/nature/ILSVRC2012_val_00047355.JPEG
590,Midjourney,9416,GenImage_test/Midjourney/test/ai/296_midjourney_88.png
590,Midjourney,9417,GenImage_test/Midjourney/test/nature/ILSVRC2012_val_00011937.JPEG
590,Midjourney,9418,GenImage_test/Midjourney/test/ai/644_midjourney_198.png
590,Midjourney,9419,GenImage_test/Midjourney/test/ai/270_midjourney_34.png
590,Midjourney,9420,GenImage_test/Midjourney/test/nature/ILSVRC2012_val_00024335.JPEG
590,Midjourney,9421,GenImage_test/Midjourney/test/ai/894_midjourney_198.png
590,Midjourney,9422,GenImage_test/Midjourney/test/ai/550_midjourney_169.png
590,Midjourney,9423,GenImage_test/Midjourney/test/nature/ILSVRC2012_val_00010797.JPEG
590,Midjourney,9424,GenImage_test/Midjourney/test/ai/160_midjourney_198.png
590,Midjourney,9425,GenImage_test/Midjourney/test/ai/164_midjourney_88.png
590,Midjourney,9426,GenImage_test/Midjourney/test/nature/ILSVRC2012_val_00018241.JPEG
590,Midjourney,9427,GenImage_test/Midjourney/test/ai/763_midjourney_88.png
590,Midjourney,9428,GenImage_test/Midjourney/test/ai/361_midjourney_197.png
590,Midjourney,9429,GenImage_test/Midjourney/test/nature/ILSVRC2012_val_00004488.JPEG
590,Midjourney,9430,GenImage_test/Midjourney/test/nature/ILSVRC2012_val_00031215.JPEG
590,Midjourney,9431,GenImage_test/Midjourney/test/ai/248_midjourney_197.png
591,Midjourney,9432,GenImage_test/Midjourney/test/nature/ILSVRC2012_val_00012570.JPEG
591,Midjourney,9433,GenImage_test/Midjourney/test/nature/ILSVRC2012_val_00031584.JPEG
591,Midjourney,9434,GenImage_test/Midjourney/test/nature/ILSVRC2012_val_00024575.JPEG
591,Midjourney,9435,GenImage_test/Midjourney/test/ai/186_midjourney_169.png
591,Midjourney,9436,GenImage_test/Midjourney/test/nature/ILSVRC2012_val_00009830.JPEG
591,Midjourney,9437,GenImage_test/Midjourney/test/ai/795_midjourney_34.png
591,Midjourney,9438,GenImage_test/Midjourney/test/nature/ILSVRC2012_val_00014343.JPEG
591,Midjourney,9439,GenImage_test/Midjourney/test/ai/87_midjourney_169.png
591,Midjourney,9440,GenImage_test/Midjourney/test/ai/863_midjourney_169.png
591,Midjourney,9441,GenImage_test/Midjourney/test/nature/ILSVRC2012_val_00015725.JPEG
591,Midjourney,9442,GenImage_test/Midjourney/test/ai/724_midjourney_34.png
591,Midjourney,9443,GenImage_test/Midjourney/test/nature/ILSVRC2012_val_00049171.JPEG
591,Midjourney,9444,GenImage_test/Midjourney/test/ai/345_midjourney_34.png
591,Midjourney,9445,GenImage_test/Midjourney/test/ai/474_midjourney_34.png
591,Midjourney,9446,GenImage_test/Midjourney/test/nature/ILSVRC2012_val_00033237.JPEG
591,Midjourney,9447,GenImage_test/Midjourney/test/ai/986_midjourney_198.png
592,Midjourney,9448,GenImage_test/Midjourney/test/ai/803_midjourney_169.png
592,Midjourney,9449,GenImage_test/Midjourney/test/nature/ILSVRC2012_val_00049462.JPEG
592,Midjourney,9450,GenImage_test/Midjourney/test/nature/ILSVRC2012_val_00044698.JPEG
592,Midjourney,9451,GenImage_test/Midjourney/test/ai/935_midjourney_169.png
592,Midjourney,9452,GenImage_test/Midjourney/test/ai/497_midjourney_88.png
592,Midjourney,9453,GenImage_test/Midjourney/test/ai/637_midjourney_198.png
592,Midjourney,9454,GenImage_test/Midjourney/test/nature/ILSVRC2012_val_00021575.JPEG
592,Midjourney,9455,GenImage_test/Midjourney/test/ai/150_midjourney_197.png
592,Midjourney,9456,GenImage_test/Midjourney/test/nature/ILSVRC2012_val_00010765.JPEG
592,Midjourney,9457,GenImage_test/Midjourney/test/nature/ILSVRC2012_val_00013612.JPEG
592,Midjourney,9458,GenImage_test/Midjourney/test/nature/ILSVRC2012_val_00049412.JPEG
592,Midjourney,9459,GenImage_test/Midjourney/test/nature/ILSVRC2012_val_00019333.JPEG
592,Midjourney,9460,GenImage_test/Midjourney/test/ai/911_midjourney_197.png
592,Midjourney,9461,GenImage_test/Midjourney/test/nature/ILSVRC2012_val_00007248.JPEG
592,Midjourney,9462,GenImage_test/Midjourney/test/nature/ILSVRC2012_val_00012022.JPEG
592,Midjourney,9463,GenImage_test/Midjourney/test/ai/922_midjourney_100.png
593,Midjourney,9464,GenImage_test/Midjourney/test/nature/ILSVRC2012_val_00025239.JPEG
593,Midjourney,9465,GenImage_test/Midjourney/test/ai/225_midjourney_197.png
593,Midjourney,9466,GenImage_test/Midjourney/test/nature/ILSVRC2012_val_00029901.JPEG
593,Midjourney,9467,GenImage_test/Midjourney/test/nature/ILSVRC2012_val_00002956.JPEG
593,Midjourney,9468,GenImage_test/Midjourney/test/ai/883_midjourney_34.png
593,Midjourney,9469,GenImage_test/Midjourney/test/nature/ILSVRC2012_val_00006825.JPEG
593,Midjourney,9470,GenImage_test/Midjourney/test/nature/ILSVRC2012_val_00049020.JPEG
593,Midjourney,9471,GenImage_test/Midjourney/test/nature/ILSVRC2012_val_00013057.JPEG
593,Midjourney,9472,GenImage_test/Midjourney/test/nature/ILSVRC2012_val_00031974.JPEG
593,Midjourney,9473,GenImage_test/Midjourney/test/nature/ILSVRC2012_val_00049222.JPEG
593,Midjourney,9474,GenImage_test/Midjourney/test/nature/ILSVRC2012_val_00029110.JPEG
593,Midjourney,9475,GenImage_test/Midjourney/test/nature/ILSVRC2012_val_00027088.JPEG
593,Midjourney,9476,GenImage_test/Midjourney/test/nature/ILSVRC2012_val_00037670.JPEG
593,Midjourney,9477,GenImage_test/Midjourney/test/nature/ILSVRC2012_val_00030840.JPEG
593,Midjourney,9478,GenImage_test/Midjourney/test/nature/ILSVRC2012_val_00046145.JPEG
593,Midjourney,9479,GenImage_test/Midjourney/test/nature/ILSVRC2012_val_00043267.JPEG
594,Midjourney,9480,GenImage_test/Midjourney/test/nature/ILSVRC2012_val_00012335.JPEG
594,Midjourney,9481,GenImage_test/Midjourney/test/ai/118_midjourney_198.png
594,Midjourney,9482,GenImage_test/Midjourney/test/ai/755_midjourney_100.png
594,Midjourney,9483,GenImage_test/Midjourney/test/ai/483_midjourney_88.png
594,Midjourney,9484,GenImage_test/Midjourney/test/ai/468_midjourney_100.png
594,Midjourney,9485,GenImage_test/Midjourney/test/ai/566_midjourney_100.png
594,Midjourney,9486,GenImage_test/Midjourney/test/nature/ILSVRC2012_val_00019911.JPEG
594,Midjourney,9487,GenImage_test/Midjourney/test/ai/705_midjourney_100.png
594,Midjourney,9488,GenImage_test/Midjourney/test/nature/ILSVRC2012_val_00011750.JPEG
594,Midjourney,9489,GenImage_test/Midjourney/test/nature/ILSVRC2012_val_00046485.JPEG
594,Midjourney,9490,GenImage_test/Midjourney/test/ai/405_midjourney_197.png
594,Midjourney,9491,GenImage_test/Midjourney/test/ai/574_midjourney_100.png
594,Midjourney,9492,GenImage_test/Midjourney/test/ai/472_midjourney_34.png
594,Midjourney,9493,GenImage_test/Midjourney/test/ai/739_midjourney_100.png
594,Midjourney,9494,GenImage_test/Midjourney/test/ai/413_midjourney_169.png
594,Midjourney,9495,GenImage_test/Midjourney/test/nature/ILSVRC2012_val_00010592.JPEG
595,Midjourney,9496,GenImage_test/Midjourney/test/ai/566_midjourney_197.png
595,Midjourney,9497,GenImage_test/Midjourney/test/nature/ILSVRC2012_val_00036971.JPEG
595,Midjourney,9498,GenImage_test/Midjourney/test/ai/328_midjourney_197.png
595,Midjourney,9499,GenImage_test/Midjourney/test/nature/ILSVRC2012_val_00022395.JPEG
595,Midjourney,9500,GenImage_test/Midjourney/test/ai/715_midjourney_88.png
595,Midjourney,9501,GenImage_test/Midjourney/test/ai/722_midjourney_100.png
595,Midjourney,9502,GenImage_test/Midjourney/test/ai/982_midjourney_34.png
595,Midjourney,9503,GenImage_test/Midjourney/test/ai/552_midjourney_88.png
595,Midjourney,9504,GenImage_test/Midjourney/test/nature/ILSVRC2012_val_00043353.JPEG
595,Midjourney,9505,GenImage_test/Midjourney/test/ai/108_midjourney_88.png
595,Midjourney,9506,GenImage_test/Midjourney/test/nature/ILSVRC2012_val_00009614.JPEG
595,Midjourney,9507,GenImage_test/Midjourney/test/ai/176_midjourney_34.png
595,Midjourney,9508,GenImage_test/Midjourney/test/ai/321_midjourney_198.png
595,Midjourney,9509,GenImage_test/Midjourney/test/nature/ILSVRC2012_val_00035968.JPEG
595,Midjourney,9510,GenImage_test/Midjourney/test/ai/465_midjourney_100.png
595,Midjourney,9511,GenImage_test/Midjourney/test/nature/ILSVRC2012_val_00033001.JPEG
596,Midjourney,9512,GenImage_test/Midjourney/test/nature/ILSVRC2012_val_00044422.JPEG
596,Midjourney,9513,GenImage_test/Midjourney/test/nature/ILSVRC2012_val_00038698.JPEG
596,Midjourney,9514,GenImage_test/Midjourney/test/nature/ILSVRC2012_val_00007603.JPEG
596,Midjourney,9515,GenImage_test/Midjourney/test/ai/250_midjourney_34.png
596,Midjourney,9516,GenImage_test/Midjourney/test/ai/704_midjourney_88.png
596,Midjourney,9517,GenImage_test/Midjourney/test/ai/436_midjourney_197.png
596,Midjourney,9518,GenImage_test/Midjourney/test/nature/ILSVRC2012_val_00035914.JPEG
596,Midjourney,9519,GenImage_test/Midjourney/test/ai/690_midjourney_198.png
596,Midjourney,9520,GenImage_test/Midjourney/test/nature/ILSVRC2012_val_00005904.JPEG
596,Midjourney,9521,GenImage_test/Midjourney/test/ai/464_midjourney_169.png
596,Midjourney,9522,GenImage_test/Midjourney/test/nature/ILSVRC2012_val_00034650.JPEG
596,Midjourney,9523,GenImage_test/Midjourney/test/nature/ILSVRC2012_val_00012663.JPEG
596,Midjourney,9524,GenImage_test/Midjourney/test/ai/537_midjourney_169.png
596,Midjourney,9525,GenImage_test/Midjourney/test/ai/720_midjourney_198.png
596,Midjourney,9526,GenImage_test/Midjourney/test/nature/ILSVRC2012_val_00004388.JPEG
596,Midjourney,9527,GenImage_test/Midjourney/test/nature/ILSVRC2012_val_00010236.JPEG
597,Midjourney,9528,GenImage_test/Midjourney/test/ai/43_midjourney_34.png
597,Midjourney,9529,GenImage_test/Midjourney/test/nature/ILSVRC2012_val_00002497.JPEG
597,Midjourney,9530,GenImage_test/Midjourney/test/nature/ILSVRC2012_val_00021364.JPEG
597,Midjourney,9531,GenImage_test/Midjourney/test/ai/335_midjourney_100.png
597,Midjourney,9532,GenImage_test/Midjourney/test/ai/951_midjourney_34.png
597,Midjourney,9533,GenImage_test/Midjourney/test/nature/ILSVRC2012_val_00034966.JPEG
597,Midjourney,9534,GenImage_test/Midjourney/test/nature/ILSVRC2012_val_00017044.JPEG
597,Midjourney,9535,GenImage_test/Midjourney/test/ai/876_midjourney_169.png
597,Midjourney,9536,GenImage_test/Midjourney/test/ai/689_midjourney_88.png
597,Midjourney,9537,GenImage_test/Midjourney/test/nature/ILSVRC2012_val_00012536.JPEG
597,Midjourney,9538,GenImage_test/Midjourney/test/ai/615_midjourney_198.png
597,Midjourney,9539,GenImage_test/Midjourney/test/nature/ILSVRC2012_val_00032816.JPEG
597,Midjourney,9540,GenImage_test/Midjourney/test/nature/ILSVRC2012_val_00041204.JPEG
597,Midjourney,9541,GenImage_test/Midjourney/test/nature/ILSVRC2012_val_00027532.JPEG
597,Midjourney,9542,GenImage_test/Midjourney/test/ai/448_midjourney_100.png
597,Midjourney,9543,GenImage_test/Midjourney/test/ai/340_midjourney_198.png
598,Midjourney,9544,GenImage_test/Midjourney/test/nature/ILSVRC2012_val_00046040.JPEG
598,Midjourney,9545,GenImage_test/Midjourney/test/ai/677_midjourney_197.png
598,Midjourney,9546,GenImage_test/Midjourney/test/nature/ILSVRC2012_val_00041826.JPEG
598,Midjourney,9547,GenImage_test/Midjourney/test/nature/ILSVRC2012_val_00041281.JPEG
598,Midjourney,9548,GenImage_test/Midjourney/test/ai/623_midjourney_34.png
598,Midjourney,9549,GenImage_test/Midjourney/test/ai/389_midjourney_198.png
598,Midjourney,9550,GenImage_test/Midjourney/test/nature/ILSVRC2012_val_00032407.JPEG
598,Midjourney,9551,GenImage_test/Midjourney/test/nature/ILSVRC2012_val_00023980.JPEG
598,Midjourney,9552,GenImage_test/Midjourney/test/ai/622_midjourney_169.png
598,Midjourney,9553,GenImage_test/Midjourney/test/ai/482_midjourney_197.png
598,Midjourney,9554,GenImage_test/Midjourney/test/nature/ILSVRC2012_val_00049120.JPEG
598,Midjourney,9555,GenImage_test/Midjourney/test/nature/ILSVRC2012_val_00005467.JPEG
598,Midjourney,9556,GenImage_test/Midjourney/test/nature/ILSVRC2012_val_00026578.JPEG
598,Midjourney,9557,GenImage_test/Midjourney/test/ai/823_midjourney_88.png
598,Midjourney,9558,GenImage_test/Midjourney/test/ai/289_midjourney_197.png
598,Midjourney,9559,GenImage_test/Midjourney/test/ai/616_midjourney_197.png
599,Midjourney,9560,GenImage_test/Midjourney/test/nature/ILSVRC2012_val_00027044.JPEG
599,Midjourney,9561,GenImage_test/Midjourney/test/ai/151_midjourney_198.png
599,Midjourney,9562,GenImage_test/Midjourney/test/ai/526_midjourney_34.png
599,Midjourney,9563,GenImage_test/Midjourney/test/nature/ILSVRC2012_val_00013089.JPEG
599,Midjourney,9564,GenImage_test/Midjourney/test/nature/ILSVRC2012_val_00000832.JPEG
599,Midjourney,9565,GenImage_test/Midjourney/test/nature/ILSVRC2012_val_00021286.JPEG
599,Midjourney,9566,GenImage_test/Midjourney/test/ai/595_midjourney_34.png
599,Midjourney,9567,GenImage_test/Midjourney/test/ai/808_midjourney_169.png
599,Midjourney,9568,GenImage_test/Midjourney/test/ai/792_midjourney_88.png
599,Midjourney,9569,GenImage_test/Midjourney/test/ai/815_midjourney_34.png
599,Midjourney,9570,GenImage_test/Midjourney/test/ai/417_midjourney_88.png
599,Midjourney,9571,GenImage_test/Midjourney/test/nature/ILSVRC2012_val_00040706.JPEG
599,Midjourney,9572,GenImage_test/Midjourney/test/nature/ILSVRC2012_val_00006586.JPEG
599,Midjourney,9573,GenImage_test/Midjourney/test/nature/ILSVRC2012_val_00006302.JPEG
599,Midjourney,9574,GenImage_test/Midjourney/test/ai/298_midjourney_197.png
599,Midjourney,9575,GenImage_test/Midjourney/test/nature/ILSVRC2012_val_00040726.JPEG
600,Midjourney,9576,GenImage_test/Midjourney/test/nature/ILSVRC2012_val_00043873.JPEG
600,Midjourney,9577,GenImage_test/Midjourney/test/ai/273_midjourney_34.png
600,Midjourney,9578,GenImage_test/Midjourney/test/ai/219_midjourney_169.png
600,Midjourney,9579,GenImage_test/Midjourney/test/nature/ILSVRC2012_val_00015179.JPEG
600,Midjourney,9580,GenImage_test/Midjourney/test/ai/539_midjourney_88.png
600,Midjourney,9581,GenImage_test/Midjourney/test/ai/624_midjourney_34.png
600,Midjourney,9582,GenImage_test/Midjourney/test/ai/871_midjourney_34.png
600,Midjourney,9583,GenImage_test/Midjourney/test/ai/286_midjourney_197.png
600,Midjourney,9584,GenImage_test/Midjourney/test/ai/704_midjourney_198.png
600,Midjourney,9585,GenImage_test/Midjourney/test/nature/ILSVRC2012_val_00027825.JPEG
600,Midjourney,9586,GenImage_test/Midjourney/test/ai/480_midjourney_198.png
600,Midjourney,9587,GenImage_test/Midjourney/test/ai/751_midjourney_100.png
600,Midjourney,9588,GenImage_test/Midjourney/test/nature/ILSVRC2012_val_00047821.JPEG
600,Midjourney,9589,GenImage_test/Midjourney/test/nature/ILSVRC2012_val_00005036.JPEG
600,Midjourney,9590,GenImage_test/Midjourney/test/nature/ILSVRC2012_val_00039089.JPEG
600,Midjourney,9591,GenImage_test/Midjourney/test/nature/ILSVRC2012_val_00032674.JPEG
601,Midjourney,9592,GenImage_test/Midjourney/test/nature/ILSVRC2012_val_00008151.JPEG
601,Midjourney,9593,GenImage_test/Midjourney/test/nature/ILSVRC2012_val_00048797.JPEG
601,Midjourney,9594,GenImage_test/Midjourney/test/nature/ILSVRC2012_val_00021062.JPEG
601,Midjourney,9595,GenImage_test/Midjourney/test/ai/133_midjourney_88.png
601,Midjourney,9596,GenImage_test/Midjourney/test/nature/ILSVRC2012_val_00016328.JPEG
601,Midjourney,9597,GenImage_test/Midjourney/test/nature/ILSVRC2012_val_00047343.JPEG
601,Midjourney,9598,GenImage_test/Midjourney/test/ai/760_midjourney_100.png
601,Midjourney,9599,GenImage_test/Midjourney/test/ai/75_midjourney_100.png
601,Midjourney,9600,GenImage_test/Midjourney/test/nature/ILSVRC2012_val_00014085.JPEG
601,Midjourney,9601,GenImage_test/Midjourney/test/ai/620_midjourney_198.png
601,Midjourney,9602,GenImage_test/Midjourney/test/ai/406_midjourney_197.png
601,Midjourney,9603,GenImage_test/Midjourney/test/nature/ILSVRC2012_val_00046431.JPEG
601,Midjourney,9604,GenImage_test/Midjourney/test/nature/ILSVRC2012_val_00025061.JPEG
601,Midjourney,9605,GenImage_test/Midjourney/test/ai/408_midjourney_100.png
601,Midjourney,9606,GenImage_test/Midjourney/test/ai/59_midjourney_198.png
601,Midjourney,9607,GenImage_test/Midjourney/test/nature/ILSVRC2012_val_00010786.JPEG
602,Midjourney,9608,GenImage_test/Midjourney/test/ai/468_midjourney_88.png
602,Midjourney,9609,GenImage_test/Midjourney/test/nature/ILSVRC2012_val_00036641.JPEG
602,Midjourney,9610,GenImage_test/Midjourney/test/ai/875_midjourney_198.png
602,Midjourney,9611,GenImage_test/Midjourney/test/ai/240_midjourney_34.png
602,Midjourney,9612,GenImage_test/Midjourney/test/ai/537_midjourney_197.png
602,Midjourney,9613,GenImage_test/Midjourney/test/ai/689_midjourney_198.png
602,Midjourney,9614,GenImage_test/Midjourney/test/nature/ILSVRC2012_val_00038056.JPEG
602,Midjourney,9615,GenImage_test/Midjourney/test/ai/703_midjourney_100.png
602,Midjourney,9616,GenImage_test/Midjourney/test/ai/804_midjourney_100.png
602,Midjourney,9617,GenImage_test/Midjourney/test/nature/ILSVRC2012_val_00013433.JPEG
602,Midjourney,9618,GenImage_test/Midjourney/test/ai/585_midjourney_100.png
602,Midjourney,9619,GenImage_test/Midjourney/test/nature/ILSVRC2012_val_00049376.JPEG
602,Midjourney,9620,GenImage_test/Midjourney/test/ai/32_midjourney_100.png
602,Midjourney,9621,GenImage_test/Midjourney/test/nature/ILSVRC2012_val_00028779.JPEG
602,Midjourney,9622,GenImage_test/Midjourney/test/ai/8_midjourney_88.png
602,Midjourney,9623,GenImage_test/Midjourney/test/nature/ILSVRC2012_val_00002858.JPEG
603,Midjourney,9624,GenImage_test/Midjourney/test/ai/550_midjourney_100.png
603,Midjourney,9625,GenImage_test/Midjourney/test/ai/874_midjourney_169.png
603,Midjourney,9626,GenImage_test/Midjourney/test/nature/ILSVRC2012_val_00030987.JPEG
603,Midjourney,9627,GenImage_test/Midjourney/test/ai/368_midjourney_169.png
603,Midjourney,9628,GenImage_test/Midjourney/test/ai/718_midjourney_198.png
603,Midjourney,9629,GenImage_test/Midjourney/test/ai/194_midjourney_88.png
603,Midjourney,9630,GenImage_test/Midjourney/test/nature/ILSVRC2012_val_00021739.JPEG
603,Midjourney,9631,GenImage_test/Midjourney/test/nature/ILSVRC2012_val_00019738.JPEG
603,Midjourney,9632,GenImage_test/Midjourney/test/ai/517_midjourney_198.png
603,Midjourney,9633,GenImage_test/Midjourney/test/ai/108_midjourney_169.png
603,Midjourney,9634,GenImage_test/Midjourney/test/nature/ILSVRC2012_val_00009945.JPEG
603,Midjourney,9635,GenImage_test/Midjourney/test/ai/363_midjourney_34.png
603,Midjourney,9636,GenImage_test/Midjourney/test/ai/863_midjourney_197.png
603,Midjourney,9637,GenImage_test/Midjourney/test/ai/486_midjourney_169.png
603,Midjourney,9638,GenImage_test/Midjourney/test/nature/ILSVRC2012_val_00013195.JPEG
603,Midjourney,9639,GenImage_test/Midjourney/test/ai/552_midjourney_197.png
604,Midjourney,9640,GenImage_test/Midjourney/test/ai/399_midjourney_100.png
604,Midjourney,9641,GenImage_test/Midjourney/test/ai/694_midjourney_197.png
604,Midjourney,9642,GenImage_test/Midjourney/test/ai/243_midjourney_88.png
604,Midjourney,9643,GenImage_test/Midjourney/test/ai/588_midjourney_198.png
604,Midjourney,9644,GenImage_test/Midjourney/test/nature/ILSVRC2012_val_00048792.JPEG
604,Midjourney,9645,GenImage_test/Midjourney/test/nature/ILSVRC2012_val_00009704.JPEG
604,Midjourney,9646,GenImage_test/Midjourney/test/ai/92_midjourney_198.png
604,Midjourney,9647,GenImage_test/Midjourney/test/ai/882_midjourney_100.png
604,Midjourney,9648,GenImage_test/Midjourney/test/nature/ILSVRC2012_val_00015220.JPEG
604,Midjourney,9649,GenImage_test/Midjourney/test/ai/415_midjourney_34.png
604,Midjourney,9650,GenImage_test/Midjourney/test/nature/ILSVRC2012_val_00016592.JPEG
604,Midjourney,9651,GenImage_test/Midjourney/test/ai/136_midjourney_88.png
604,Midjourney,9652,GenImage_test/Midjourney/test/nature/ILSVRC2012_val_00028252.JPEG
604,Midjourney,9653,GenImage_test/Midjourney/test/ai/191_midjourney_197.png
604,Midjourney,9654,GenImage_test/Midjourney/test/nature/ILSVRC2012_val_00017917.JPEG
604,Midjourney,9655,GenImage_test/Midjourney/test/ai/684_midjourney_88.png
605,Midjourney,9656,GenImage_test/Midjourney/test/nature/ILSVRC2012_val_00012371.JPEG
605,Midjourney,9657,GenImage_test/Midjourney/test/ai/222_midjourney_169.png
605,Midjourney,9658,GenImage_test/Midjourney/test/nature/ILSVRC2012_val_00042960.JPEG
605,Midjourney,9659,GenImage_test/Midjourney/test/ai/868_midjourney_34.png
605,Midjourney,9660,GenImage_test/Midjourney/test/nature/ILSVRC2012_val_00028881.JPEG
605,Midjourney,9661,GenImage_test/Midjourney/test/ai/399_midjourney_169.png
605,Midjourney,9662,GenImage_test/Midjourney/test/nature/ILSVRC2012_val_00041610.JPEG
605,Midjourney,9663,GenImage_test/Midjourney/test/nature/ILSVRC2012_val_00023383.JPEG
605,Midjourney,9664,GenImage_test/Midjourney/test/ai/910_midjourney_198.png
605,Midjourney,9665,GenImage_test/Midjourney/test/ai/973_midjourney_88.png
605,Midjourney,9666,GenImage_test/Midjourney/test/nature/ILSVRC2012_val_00044295.JPEG
605,Midjourney,9667,GenImage_test/Midjourney/test/nature/ILSVRC2012_val_00034739.JPEG
605,Midjourney,9668,GenImage_test/Midjourney/test/nature/ILSVRC2012_val_00040958.JPEG
605,Midjourney,9669,GenImage_test/Midjourney/test/ai/836_midjourney_100.png
605,Midjourney,9670,GenImage_test/Midjourney/test/nature/ILSVRC2012_val_00042325.JPEG
605,Midjourney,9671,GenImage_test/Midjourney/test/ai/58_midjourney_34.png
606,Midjourney,9672,GenImage_test/Midjourney/test/ai/7_midjourney_34.png
606,Midjourney,9673,GenImage_test/Midjourney/test/nature/ILSVRC2012_val_00022992.JPEG
606,Midjourney,9674,GenImage_test/Midjourney/test/ai/737_midjourney_34.png
606,Midjourney,9675,GenImage_test/Midjourney/test/nature/ILSVRC2012_val_00049739.JPEG
606,Midjourney,9676,GenImage_test/Midjourney/test/nature/ILSVRC2012_val_00049483.JPEG
606,Midjourney,9677,GenImage_test/Midjourney/test/ai/908_midjourney_88.png
606,Midjourney,9678,GenImage_test/Midjourney/test/nature/ILSVRC2012_val_00030536.JPEG
606,Midjourney,9679,GenImage_test/Midjourney/test/ai/295_midjourney_169.png
606,Midjourney,9680,GenImage_test/Midjourney/test/nature/ILSVRC2012_val_00020654.JPEG
606,Midjourney,9681,GenImage_test/Midjourney/test/nature/ILSVRC2012_val_00006310.JPEG
606,Midjourney,9682,GenImage_test/Midjourney/test/nature/ILSVRC2012_val_00011628.JPEG
606,Midjourney,9683,GenImage_test/Midjourney/test/ai/808_midjourney_197.png
606,Midjourney,9684,GenImage_test/Midjourney/test/ai/733_midjourney_88.png
606,Midjourney,9685,GenImage_test/Midjourney/test/nature/ILSVRC2012_val_00008353.JPEG
606,Midjourney,9686,GenImage_test/Midjourney/test/ai/470_midjourney_34.png
606,Midjourney,9687,GenImage_test/Midjourney/test/nature/ILSVRC2012_val_00002846.JPEG
607,Midjourney,9688,GenImage_test/Midjourney/test/nature/ILSVRC2012_val_00042253.JPEG
607,Midjourney,9689,GenImage_test/Midjourney/test/ai/430_midjourney_88.png
607,Midjourney,9690,GenImage_test/Midjourney/test/nature/ILSVRC2012_val_00040048.JPEG
607,Midjourney,9691,GenImage_test/Midjourney/test/nature/ILSVRC2012_val_00024910.JPEG
607,Midjourney,9692,GenImage_test/Midjourney/test/nature/ILSVRC2012_val_00036274.JPEG
607,Midjourney,9693,GenImage_test/Midjourney/test/nature/ILSVRC2012_val_00025127.JPEG
607,Midjourney,9694,GenImage_test/Midjourney/test/nature/ILSVRC2012_val_00017924.JPEG
607,Midjourney,9695,GenImage_test/Midjourney/test/ai/866_midjourney_169.png
607,Midjourney,9696,GenImage_test/Midjourney/test/ai/785_midjourney_197.png
607,Midjourney,9697,GenImage_test/Midjourney/test/ai/101_midjourney_198.png
607,Midjourney,9698,GenImage_test/Midjourney/test/nature/ILSVRC2012_val_00036679.JPEG
607,Midjourney,9699,GenImage_test/Midjourney/test/nature/ILSVRC2012_val_00044840.JPEG
607,Midjourney,9700,GenImage_test/Midjourney/test/ai/338_midjourney_198.png
607,Midjourney,9701,GenImage_test/Midjourney/test/nature/ILSVRC2012_val_00003982.JPEG
607,Midjourney,9702,GenImage_test/Midjourney/test/nature/ILSVRC2012_val_00031569.JPEG
607,Midjourney,9703,GenImage_test/Midjourney/test/ai/421_midjourney_198.png
608,Midjourney,9704,GenImage_test/Midjourney/test/nature/ILSVRC2012_val_00045315.JPEG
608,Midjourney,9705,GenImage_test/Midjourney/test/nature/ILSVRC2012_val_00027212.JPEG
608,Midjourney,9706,GenImage_test/Midjourney/test/ai/963_midjourney_198.png
608,Midjourney,9707,GenImage_test/Midjourney/test/ai/479_midjourney_169.png
608,Midjourney,9708,GenImage_test/Midjourney/test/ai/167_midjourney_197.png
608,Midjourney,9709,GenImage_test/Midjourney/test/nature/ILSVRC2012_val_00018792.JPEG
608,Midjourney,9710,GenImage_test/Midjourney/test/ai/77_midjourney_34.png
608,Midjourney,9711,GenImage_test/Midjourney/test/nature/ILSVRC2012_val_00031010.JPEG
608,Midjourney,9712,GenImage_test/Midjourney/test/ai/229_midjourney_197.png
608,Midjourney,9713,GenImage_test/Midjourney/test/ai/825_midjourney_34.png
608,Midjourney,9714,GenImage_test/Midjourney/test/ai/0_midjourney_34.png
608,Midjourney,9715,GenImage_test/Midjourney/test/nature/ILSVRC2012_val_00001191.JPEG
608,Midjourney,9716,GenImage_test/Midjourney/test/nature/ILSVRC2012_val_00034471.JPEG
608,Midjourney,9717,GenImage_test/Midjourney/test/ai/688_midjourney_197.png
608,Midjourney,9718,GenImage_test/Midjourney/test/nature/ILSVRC2012_val_00031390.JPEG
608,Midjourney,9719,GenImage_test/Midjourney/test/nature/ILSVRC2012_val_00001713.JPEG
609,Midjourney,9720,GenImage_test/Midjourney/test/nature/ILSVRC2012_val_00006152.JPEG
609,Midjourney,9721,GenImage_test/Midjourney/test/ai/926_midjourney_88.png
609,Midjourney,9722,GenImage_test/Midjourney/test/ai/497_midjourney_169.png
609,Midjourney,9723,GenImage_test/Midjourney/test/nature/ILSVRC2012_val_00014846.JPEG
609,Midjourney,9724,GenImage_test/Midjourney/test/nature/ILSVRC2012_val_00030800.JPEG
609,Midjourney,9725,GenImage_test/Midjourney/test/nature/ILSVRC2012_val_00029999.JPEG
609,Midjourney,9726,GenImage_test/Midjourney/test/ai/87_midjourney_197.png
609,Midjourney,9727,GenImage_test/Midjourney/test/ai/746_midjourney_197.png
609,Midjourney,9728,GenImage_test/Midjourney/test/ai/714_midjourney_198.png
609,Midjourney,9729,GenImage_test/Midjourney/test/ai/267_midjourney_198.png
609,Midjourney,9730,GenImage_test/Midjourney/test/ai/574_midjourney_34.png
609,Midjourney,9731,GenImage_test/Midjourney/test/ai/88_midjourney_88.png
609,Midjourney,9732,GenImage_test/Midjourney/test/ai/934_midjourney_34.png
609,Midjourney,9733,GenImage_test/Midjourney/test/ai/861_midjourney_198.png
609,Midjourney,9734,GenImage_test/Midjourney/test/ai/859_midjourney_100.png
609,Midjourney,9735,GenImage_test/Midjourney/test/ai/54_midjourney_198.png
610,Midjourney,9736,GenImage_test/Midjourney/test/ai/784_midjourney_100.png
610,Midjourney,9737,GenImage_test/Midjourney/test/ai/82_midjourney_100.png
610,Midjourney,9738,GenImage_test/Midjourney/test/ai/149_midjourney_197.png
610,Midjourney,9739,GenImage_test/Midjourney/test/ai/346_midjourney_100.png
610,Midjourney,9740,GenImage_test/Midjourney/test/nature/ILSVRC2012_val_00019371.JPEG
610,Midjourney,9741,GenImage_test/Midjourney/test/nature/ILSVRC2012_val_00011432.JPEG
610,Midjourney,9742,GenImage_test/Midjourney/test/nature/ILSVRC2012_val_00018233.JPEG
610,Midjourney,9743,GenImage_test/Midjourney/test/nature/ILSVRC2012_val_00025491.JPEG
610,Midjourney,9744,GenImage_test/Midjourney/test/ai/407_midjourney_100.png
610,Midjourney,9745,GenImage_test/Midjourney/test/ai/207_midjourney_100.png
610,Midjourney,9746,GenImage_test/Midjourney/test/ai/18_midjourney_197.png
610,Midjourney,9747,GenImage_test/Midjourney/test/nature/ILSVRC2012_val_00027841.JPEG
610,Midjourney,9748,GenImage_test/Midjourney/test/ai/703_midjourney_197.png
610,Midjourney,9749,GenImage_test/Midjourney/test/ai/867_midjourney_100.png
610,Midjourney,9750,GenImage_test/Midjourney/test/ai/351_midjourney_198.png
610,Midjourney,9751,GenImage_test/Midjourney/test/nature/ILSVRC2012_val_00044545.JPEG
611,Midjourney,9752,GenImage_test/Midjourney/test/ai/763_midjourney_34.png
611,Midjourney,9753,GenImage_test/Midjourney/test/nature/ILSVRC2012_val_00019516.JPEG
611,Midjourney,9754,GenImage_test/Midjourney/test/nature/ILSVRC2012_val_00006982.JPEG
611,Midjourney,9755,GenImage_test/Midjourney/test/nature/ILSVRC2012_val_00048369.JPEG
611,Midjourney,9756,GenImage_test/Midjourney/test/ai/439_midjourney_198.png
611,Midjourney,9757,GenImage_test/Midjourney/test/ai/233_midjourney_198.png
611,Midjourney,9758,GenImage_test/Midjourney/test/nature/ILSVRC2012_val_00031979.JPEG
611,Midjourney,9759,GenImage_test/Midjourney/test/ai/776_midjourney_100.png
611,Midjourney,9760,GenImage_test/Midjourney/test/nature/ILSVRC2012_val_00004697.JPEG
611,Midjourney,9761,GenImage_test/Midjourney/test/ai/476_midjourney_198.png
611,Midjourney,9762,GenImage_test/Midjourney/test/nature/ILSVRC2012_val_00046511.JPEG
611,Midjourney,9763,GenImage_test/Midjourney/test/nature/ILSVRC2012_val_00030945.JPEG
611,Midjourney,9764,GenImage_test/Midjourney/test/ai/952_midjourney_100.png
611,Midjourney,9765,GenImage_test/Midjourney/test/nature/ILSVRC2012_val_00048069.JPEG
611,Midjourney,9766,GenImage_test/Midjourney/test/nature/ILSVRC2012_val_00046033.JPEG
611,Midjourney,9767,GenImage_test/Midjourney/test/ai/306_midjourney_34.png
612,Midjourney,9768,GenImage_test/Midjourney/test/ai/429_midjourney_198.png
612,Midjourney,9769,GenImage_test/Midjourney/test/ai/539_midjourney_169.png
612,Midjourney,9770,GenImage_test/Midjourney/test/ai/708_midjourney_169.png
612,Midjourney,9771,GenImage_test/Midjourney/test/ai/394_midjourney_198.png
612,Midjourney,9772,GenImage_test/Midjourney/test/ai/260_midjourney_88.png
612,Midjourney,9773,GenImage_test/Midjourney/test/ai/533_midjourney_169.png
612,Midjourney,9774,GenImage_test/Midjourney/test/ai/758_midjourney_198.png
612,Midjourney,9775,GenImage_test/Midjourney/test/nature/ILSVRC2012_val_00045620.JPEG
612,Midjourney,9776,GenImage_test/Midjourney/test/ai/799_midjourney_88.png
612,Midjourney,9777,GenImage_test/Midjourney/test/nature/ILSVRC2012_val_00035132.JPEG
612,Midjourney,9778,GenImage_test/Midjourney/test/ai/471_midjourney_198.png
612,Midjourney,9779,GenImage_test/Midjourney/test/ai/47_midjourney_198.png
612,Midjourney,9780,GenImage_test/Midjourney/test/nature/ILSVRC2012_val_00044020.JPEG
612,Midjourney,9781,GenImage_test/Midjourney/test/nature/ILSVRC2012_val_00029123.JPEG
612,Midjourney,9782,GenImage_test/Midjourney/test/ai/5_midjourney_34.png
612,Midjourney,9783,GenImage_test/Midjourney/test/nature/ILSVRC2012_val_00032061.JPEG
613,Midjourney,9784,GenImage_test/Midjourney/test/ai/23_midjourney_34.png
613,Midjourney,9785,GenImage_test/Midjourney/test/nature/ILSVRC2012_val_00041228.JPEG
613,Midjourney,9786,GenImage_test/Midjourney/test/nature/ILSVRC2012_val_00038366.JPEG
613,Midjourney,9787,GenImage_test/Midjourney/test/ai/554_midjourney_169.png
613,Midjourney,9788,GenImage_test/Midjourney/test/ai/587_midjourney_169.png
613,Midjourney,9789,GenImage_test/Midjourney/test/ai/884_midjourney_34.png
613,Midjourney,9790,GenImage_test/Midjourney/test/nature/ILSVRC2012_val_00031165.JPEG
613,Midjourney,9791,GenImage_test/Midjourney/test/ai/363_midjourney_169.png
613,Midjourney,9792,GenImage_test/Midjourney/test/ai/324_midjourney_100.png
613,Midjourney,9793,GenImage_test/Midjourney/test/nature/ILSVRC2012_val_00002294.JPEG
613,Midjourney,9794,GenImage_test/Midjourney/test/nature/ILSVRC2012_val_00031754.JPEG
613,Midjourney,9795,GenImage_test/Midjourney/test/nature/ILSVRC2012_val_00043271.JPEG
613,Midjourney,9796,GenImage_test/Midjourney/test/ai/416_midjourney_100.png
613,Midjourney,9797,GenImage_test/Midjourney/test/ai/256_midjourney_169.png
613,Midjourney,9798,GenImage_test/Midjourney/test/nature/ILSVRC2012_val_00014425.JPEG
613,Midjourney,9799,GenImage_test/Midjourney/test/ai/521_midjourney_88.png
614,Midjourney,9800,GenImage_test/Midjourney/test/ai/782_midjourney_100.png
614,Midjourney,9801,GenImage_test/Midjourney/test/ai/981_midjourney_197.png
614,Midjourney,9802,GenImage_test/Midjourney/test/ai/755_midjourney_34.png
614,Midjourney,9803,GenImage_test/Midjourney/test/nature/ILSVRC2012_val_00034538.JPEG
614,Midjourney,9804,GenImage_test/Midjourney/test/ai/735_midjourney_100.png
614,Midjourney,9805,GenImage_test/Midjourney/test/nature/ILSVRC2012_val_00017149.JPEG
614,Midjourney,9806,GenImage_test/Midjourney/test/ai/666_midjourney_169.png
614,Midjourney,9807,GenImage_test/Midjourney/test/nature/ILSVRC2012_val_00016150.JPEG
614,Midjourney,9808,GenImage_test/Midjourney/test/ai/53_midjourney_198.png
614,Midjourney,9809,GenImage_test/Midjourney/test/nature/ILSVRC2012_val_00005943.JPEG
614,Midjourney,9810,GenImage_test/Midjourney/test/nature/ILSVRC2012_val_00023545.JPEG
614,Midjourney,9811,GenImage_test/Midjourney/test/nature/ILSVRC2012_val_00007430.JPEG
614,Midjourney,9812,GenImage_test/Midjourney/test/ai/745_midjourney_169.png
614,Midjourney,9813,GenImage_test/Midjourney/test/nature/ILSVRC2012_val_00047083.JPEG
614,Midjourney,9814,GenImage_test/Midjourney/test/nature/ILSVRC2012_val_00024706.JPEG
614,Midjourney,9815,GenImage_test/Midjourney/test/nature/ILSVRC2012_val_00041273.JPEG
615,Midjourney,9816,GenImage_test/Midjourney/test/nature/ILSVRC2012_val_00019004.JPEG
615,Midjourney,9817,GenImage_test/Midjourney/test/ai/510_midjourney_198.png
615,Midjourney,9818,GenImage_test/Midjourney/test/nature/ILSVRC2012_val_00046563.JPEG
615,Midjourney,9819,GenImage_test/Midjourney/test/ai/850_midjourney_197.png
615,Midjourney,9820,GenImage_test/Midjourney/test/nature/ILSVRC2012_val_00019726.JPEG
615,Midjourney,9821,GenImage_test/Midjourney/test/nature/ILSVRC2012_val_00029129.JPEG
615,Midjourney,9822,GenImage_test/Midjourney/test/ai/177_midjourney_169.png
615,Midjourney,9823,GenImage_test/Midjourney/test/nature/ILSVRC2012_val_00022240.JPEG
615,Midjourney,9824,GenImage_test/Midjourney/test/nature/ILSVRC2012_val_00030233.JPEG
615,Midjourney,9825,GenImage_test/Midjourney/test/nature/ILSVRC2012_val_00023727.JPEG
615,Midjourney,9826,GenImage_test/Midjourney/test/ai/540_midjourney_34.png
615,Midjourney,9827,GenImage_test/Midjourney/test/nature/ILSVRC2012_val_00036058.JPEG
615,Midjourney,9828,GenImage_test/Midjourney/test/nature/ILSVRC2012_val_00031219.JPEG
615,Midjourney,9829,GenImage_test/Midjourney/test/ai/909_midjourney_197.png
615,Midjourney,9830,GenImage_test/Midjourney/test/ai/827_midjourney_100.png
615,Midjourney,9831,GenImage_test/Midjourney/test/nature/ILSVRC2012_val_00044224.JPEG
616,Midjourney,9832,GenImage_test/Midjourney/test/ai/950_midjourney_197.png
616,Midjourney,9833,GenImage_test/Midjourney/test/ai/576_midjourney_34.png
616,Midjourney,9834,GenImage_test/Midjourney/test/ai/519_midjourney_198.png
616,Midjourney,9835,GenImage_test/Midjourney/test/nature/ILSVRC2012_val_00042728.JPEG
616,Midjourney,9836,GenImage_test/Midjourney/test/ai/610_midjourney_100.png
616,Midjourney,9837,GenImage_test/Midjourney/test/nature/ILSVRC2012_val_00015635.JPEG
616,Midjourney,9838,GenImage_test/Midjourney/test/nature/ILSVRC2012_val_00037835.JPEG
616,Midjourney,9839,GenImage_test/Midjourney/test/nature/ILSVRC2012_val_00002723.JPEG
616,Midjourney,9840,GenImage_test/Midjourney/test/nature/ILSVRC2012_val_00038766.JPEG
616,Midjourney,9841,GenImage_test/Midjourney/test/nature/ILSVRC2012_val_00041646.JPEG
616,Midjourney,9842,GenImage_test/Midjourney/test/ai/766_midjourney_197.png
616,Midjourney,9843,GenImage_test/Midjourney/test/ai/207_midjourney_88.png
616,Midjourney,9844,GenImage_test/Midjourney/test/ai/939_midjourney_197.png
616,Midjourney,9845,GenImage_test/Midjourney/test/ai/121_midjourney_34.png
616,Midjourney,9846,GenImage_test/Midjourney/test/ai/822_midjourney_34.png
616,Midjourney,9847,GenImage_test/Midjourney/test/ai/233_midjourney_100.png
617,Midjourney,9848,GenImage_test/Midjourney/test/ai/543_midjourney_100.png
617,Midjourney,9849,GenImage_test/Midjourney/test/ai/575_midjourney_88.png
617,Midjourney,9850,GenImage_test/Midjourney/test/ai/974_midjourney_197.png
617,Midjourney,9851,GenImage_test/Midjourney/test/nature/ILSVRC2012_val_00045178.JPEG
617,Midjourney,9852,GenImage_test/Midjourney/test/nature/ILSVRC2012_val_00021343.JPEG
617,Midjourney,9853,GenImage_test/Midjourney/test/nature/ILSVRC2012_val_00015654.JPEG
617,Midjourney,9854,GenImage_test/Midjourney/test/nature/ILSVRC2012_val_00011402.JPEG
617,Midjourney,9855,GenImage_test/Midjourney/test/ai/643_midjourney_34.png
617,Midjourney,9856,GenImage_test/Midjourney/test/nature/ILSVRC2012_val_00007712.JPEG
617,Midjourney,9857,GenImage_test/Midjourney/test/ai/637_midjourney_100.png
617,Midjourney,9858,GenImage_test/Midjourney/test/nature/ILSVRC2012_val_00013490.JPEG
617,Midjourney,9859,GenImage_test/Midjourney/test/ai/379_midjourney_198.png
617,Midjourney,9860,GenImage_test/Midjourney/test/nature/ILSVRC2012_val_00012424.JPEG
617,Midjourney,9861,GenImage_test/Midjourney/test/ai/186_midjourney_197.png
617,Midjourney,9862,GenImage_test/Midjourney/test/nature/ILSVRC2012_val_00034831.JPEG
617,Midjourney,9863,GenImage_test/Midjourney/test/ai/603_midjourney_198.png
618,Midjourney,9864,GenImage_test/Midjourney/test/nature/ILSVRC2012_val_00048468.JPEG
618,Midjourney,9865,GenImage_test/Midjourney/test/nature/ILSVRC2012_val_00005639.JPEG
618,Midjourney,9866,GenImage_test/Midjourney/test/ai/33_midjourney_88.png
618,Midjourney,9867,GenImage_test/Midjourney/test/nature/ILSVRC2012_val_00034894.JPEG
618,Midjourney,9868,GenImage_test/Midjourney/test/nature/ILSVRC2012_val_00011068.JPEG
618,Midjourney,9869,GenImage_test/Midjourney/test/ai/751_midjourney_169.png
618,Midjourney,9870,GenImage_test/Midjourney/test/ai/788_midjourney_88.png
618,Midjourney,9871,GenImage_test/Midjourney/test/nature/ILSVRC2012_val_00046209.JPEG
618,Midjourney,9872,GenImage_test/Midjourney/test/nature/ILSVRC2012_val_00026070.JPEG
618,Midjourney,9873,GenImage_test/Midjourney/test/nature/ILSVRC2012_val_00049132.JPEG
618,Midjourney,9874,GenImage_test/Midjourney/test/ai/281_midjourney_34.png
618,Midjourney,9875,GenImage_test/Midjourney/test/nature/ILSVRC2012_val_00012802.JPEG
618,Midjourney,9876,GenImage_test/Midjourney/test/ai/881_midjourney_169.png
618,Midjourney,9877,GenImage_test/Midjourney/test/ai/972_midjourney_34.png
618,Midjourney,9878,GenImage_test/Midjourney/test/nature/ILSVRC2012_val_00046659.JPEG
618,Midjourney,9879,GenImage_test/Midjourney/test/nature/ILSVRC2012_val_00007346.JPEG
619,Midjourney,9880,GenImage_test/Midjourney/test/nature/ILSVRC2012_val_00004282.JPEG
619,Midjourney,9881,GenImage_test/Midjourney/test/nature/ILSVRC2012_val_00040506.JPEG
619,Midjourney,9882,GenImage_test/Midjourney/test/nature/ILSVRC2012_val_00045742.JPEG
619,Midjourney,9883,GenImage_test/Midjourney/test/nature/ILSVRC2012_val_00041889.JPEG
619,Midjourney,9884,GenImage_test/Midjourney/test/ai/247_midjourney_100.png
619,Midjourney,9885,GenImage_test/Midjourney/test/nature/ILSVRC2012_val_00010766.JPEG
619,Midjourney,9886,GenImage_test/Midjourney/test/ai/158_midjourney_197.png
619,Midjourney,9887,GenImage_test/Midjourney/test/ai/378_midjourney_100.png
619,Midjourney,9888,GenImage_test/Midjourney/test/ai/562_midjourney_198.png
619,Midjourney,9889,GenImage_test/Midjourney/test/ai/597_midjourney_198.png
619,Midjourney,9890,GenImage_test/Midjourney/test/ai/11_midjourney_88.png
619,Midjourney,9891,GenImage_test/Midjourney/test/ai/160_midjourney_100.png
619,Midjourney,9892,GenImage_test/Midjourney/test/nature/ILSVRC2012_val_00025866.JPEG
619,Midjourney,9893,GenImage_test/Midjourney/test/ai/188_midjourney_197.png
619,Midjourney,9894,GenImage_test/Midjourney/test/nature/ILSVRC2012_val_00008608.JPEG
619,Midjourney,9895,GenImage_test/Midjourney/test/ai/17_midjourney_198.png
620,Midjourney,9896,GenImage_test/Midjourney/test/ai/481_midjourney_34.png
620,Midjourney,9897,GenImage_test/Midjourney/test/nature/ILSVRC2012_val_00016456.JPEG
620,Midjourney,9898,GenImage_test/Midjourney/test/nature/ILSVRC2012_val_00005453.JPEG
620,Midjourney,9899,GenImage_test/Midjourney/test/ai/208_midjourney_88.png
620,Midjourney,9900,GenImage_test/Midjourney/test/nature/ILSVRC2012_val_00010874.JPEG
620,Midjourney,9901,GenImage_test/Midjourney/test/ai/810_midjourney_100.png
620,Midjourney,9902,GenImage_test/Midjourney/test/ai/599_midjourney_88.png
620,Midjourney,9903,GenImage_test/Midjourney/test/ai/239_midjourney_100.png
620,Midjourney,9904,GenImage_test/Midjourney/test/ai/988_midjourney_197.png
620,Midjourney,9905,GenImage_test/Midjourney/test/nature/ILSVRC2012_val_00017434.JPEG
620,Midjourney,9906,GenImage_test/Midjourney/test/nature/ILSVRC2012_val_00033221.JPEG
620,Midjourney,9907,GenImage_test/Midjourney/test/ai/984_midjourney_100.png
620,Midjourney,9908,GenImage_test/Midjourney/test/nature/ILSVRC2012_val_00009929.JPEG
620,Midjourney,9909,GenImage_test/Midjourney/test/nature/ILSVRC2012_val_00021717.JPEG
620,Midjourney,9910,GenImage_test/Midjourney/test/ai/849_midjourney_198.png
620,Midjourney,9911,GenImage_test/Midjourney/test/nature/ILSVRC2012_val_00028687.JPEG
621,Midjourney,9912,GenImage_test/Midjourney/test/nature/ILSVRC2012_val_00045287.JPEG
621,Midjourney,9913,GenImage_test/Midjourney/test/ai/82_midjourney_197.png
621,Midjourney,9914,GenImage_test/Midjourney/test/nature/ILSVRC2012_val_00047991.JPEG
621,Midjourney,9915,GenImage_test/Midjourney/test/ai/661_midjourney_197.png
621,Midjourney,9916,GenImage_test/Midjourney/test/ai/16_midjourney_169.png
621,Midjourney,9917,GenImage_test/Midjourney/test/ai/739_midjourney_34.png
621,Midjourney,9918,GenImage_test/Midjourney/test/ai/53_midjourney_34.png
621,Midjourney,9919,GenImage_test/Midjourney/test/nature/ILSVRC2012_val_00005484.JPEG
621,Midjourney,9920,GenImage_test/Midjourney/test/ai/53_midjourney_100.png
621,Midjourney,9921,GenImage_test/Midjourney/test/ai/602_midjourney_34.png
621,Midjourney,9922,GenImage_test/Midjourney/test/ai/716_midjourney_34.png
621,Midjourney,9923,GenImage_test/Midjourney/test/ai/722_midjourney_198.png
621,Midjourney,9924,GenImage_test/Midjourney/test/ai/42_midjourney_198.png
621,Midjourney,9925,GenImage_test/Midjourney/test/ai/446_midjourney_88.png
621,Midjourney,9926,GenImage_test/Midjourney/test/nature/ILSVRC2012_val_00025281.JPEG
621,Midjourney,9927,GenImage_test/Midjourney/test/ai/415_midjourney_198.png
622,Midjourney,9928,GenImage_test/Midjourney/test/ai/842_midjourney_100.png
622,Midjourney,9929,GenImage_test/Midjourney/test/nature/ILSVRC2012_val_00048094.JPEG
622,Midjourney,9930,GenImage_test/Midjourney/test/nature/ILSVRC2012_val_00026513.JPEG
622,Midjourney,9931,GenImage_test/Midjourney/test/nature/ILSVRC2012_val_00032257.JPEG
622,Midjourney,9932,GenImage_test/Midjourney/test/nature/ILSVRC2012_val_00034359.JPEG
622,Midjourney,9933,GenImage_test/Midjourney/test/ai/243_midjourney_198.png
622,Midjourney,9934,GenImage_test/Midjourney/test/nature/ILSVRC2012_val_00033906.JPEG
622,Midjourney,9935,GenImage_test/Midjourney/test/nature/ILSVRC2012_val_00009625.JPEG
622,Midjourney,9936,GenImage_test/Midjourney/test/ai/296_midjourney_34.png
622,Midjourney,9937,GenImage_test/Midjourney/test/nature/ILSVRC2012_val_00043902.JPEG
622,Midjourney,9938,GenImage_test/Midjourney/test/ai/369_midjourney_88.png
622,Midjourney,9939,GenImage_test/Midjourney/test/nature/ILSVRC2012_val_00003006.JPEG
622,Midjourney,9940,GenImage_test/Midjourney/test/ai/836_midjourney_88.png
622,Midjourney,9941,GenImage_test/Midjourney/test/ai/392_midjourney_198.png
622,Midjourney,9942,GenImage_test/Midjourney/test/nature/ILSVRC2012_val_00019605.JPEG
622,Midjourney,9943,GenImage_test/Midjourney/test/ai/639_midjourney_88.png
623,Midjourney,9944,GenImage_test/Midjourney/test/nature/ILSVRC2012_val_00004835.JPEG
623,Midjourney,9945,GenImage_test/Midjourney/test/ai/663_midjourney_197.png
623,Midjourney,9946,GenImage_test/Midjourney/test/ai/445_midjourney_100.png
623,Midjourney,9947,GenImage_test/Midjourney/test/nature/ILSVRC2012_val_00040994.JPEG
623,Midjourney,9948,GenImage_test/Midjourney/test/ai/870_midjourney_198.png
623,Midjourney,9949,GenImage_test/Midjourney/test/ai/568_midjourney_198.png
623,Midjourney,9950,GenImage_test/Midjourney/test/nature/ILSVRC2012_val_00003479.JPEG
623,Midjourney,9951,GenImage_test/Midjourney/test/ai/217_midjourney_88.png
623,Midjourney,9952,GenImage_test/Midjourney/test/ai/593_midjourney_198.png
623,Midjourney,9953,GenImage_test/Midjourney/test/ai/96_midjourney_88.png
623,Midjourney,9954,GenImage_test/Midjourney/test/nature/ILSVRC2012_val_00029530.JPEG
623,Midjourney,9955,GenImage_test/Midjourney/test/nature/ILSVRC2012_val_00027342.JPEG
623,Midjourney,9956,GenImage_test/Midjourney/test/ai/512_midjourney_169.png
623,Midjourney,9957,GenImage_test/Midjourney/test/nature/ILSVRC2012_val_00010546.JPEG
623,Midjourney,9958,GenImage_test/Midjourney/test/nature/ILSVRC2012_val_00013353.JPEG
623,Midjourney,9959,GenImage_test/Midjourney/test/nature/ILSVRC2012_val_00002264.JPEG
624,Midjourney,9960,GenImage_test/Midjourney/test/nature/ILSVRC2012_val_00003427.JPEG
624,Midjourney,9961,GenImage_test/Midjourney/test/nature/ILSVRC2012_val_00018906.JPEG
624,Midjourney,9962,GenImage_test/Midjourney/test/ai/781_midjourney_169.png
624,Midjourney,9963,GenImage_test/Midjourney/test/ai/347_midjourney_88.png
624,Midjourney,9964,GenImage_test/Midjourney/test/ai/992_midjourney_198.png
624,Midjourney,9965,GenImage_test/Midjourney/test/ai/635_midjourney_197.png
624,Midjourney,9966,GenImage_test/Midjourney/test/nature/ILSVRC2012_val_00013862.JPEG
624,Midjourney,9967,GenImage_test/Midjourney/test/nature/ILSVRC2012_val_00035906.JPEG
624,Midjourney,9968,GenImage_test/Midjourney/test/ai/114_midjourney_197.png
624,Midjourney,9969,GenImage_test/Midjourney/test/nature/ILSVRC2012_val_00043901.JPEG
624,Midjourney,9970,GenImage_test/Midjourney/test/nature/ILSVRC2012_val_00020764.JPEG
624,Midjourney,9971,GenImage_test/Midjourney/test/ai/91_midjourney_198.png
624,Midjourney,9972,GenImage_test/Midjourney/test/ai/695_midjourney_169.png
624,Midjourney,9973,GenImage_test/Midjourney/test/nature/ILSVRC2012_val_00001154.JPEG
624,Midjourney,9974,GenImage_test/Midjourney/test/nature/ILSVRC2012_val_00032062.JPEG
624,Midjourney,9975,GenImage_test/Midjourney/test/nature/ILSVRC2012_val_00007229.JPEG
625,Midjourney,9976,GenImage_test/Midjourney/test/ai/253_midjourney_88.png
625,Midjourney,9977,GenImage_test/Midjourney/test/ai/343_midjourney_197.png
625,Midjourney,9978,GenImage_test/Midjourney/test/nature/ILSVRC2012_val_00047379.JPEG
625,Midjourney,9979,GenImage_test/Midjourney/test/ai/114_midjourney_88.png
625,Midjourney,9980,GenImage_test/Midjourney/test/ai/907_midjourney_197.png
625,Midjourney,9981,GenImage_test/Midjourney/test/nature/ILSVRC2012_val_00039847.JPEG
625,Midjourney,9982,GenImage_test/Midjourney/test/ai/547_midjourney_34.png
625,Midjourney,9983,GenImage_test/Midjourney/test/nature/ILSVRC2012_val_00015791.JPEG
625,Midjourney,9984,GenImage_test/Midjourney/test/ai/682_midjourney_197.png
625,Midjourney,9985,GenImage_test/Midjourney/test/ai/416_midjourney_198.png
625,Midjourney,9986,GenImage_test/Midjourney/test/ai/132_midjourney_169.png
625,Midjourney,9987,GenImage_test/Midjourney/test/nature/ILSVRC2012_val_00013978.JPEG
625,Midjourney,9988,GenImage_test/Midjourney/test/nature/ILSVRC2012_val_00035345.JPEG
625,Midjourney,9989,GenImage_test/Midjourney/test/nature/ILSVRC2012_val_00036917.JPEG
625,Midjourney,9990,GenImage_test/Midjourney/test/nature/ILSVRC2012_val_00029504.JPEG
625,Midjourney,9991,GenImage_test/Midjourney/test/nature/ILSVRC2012_val_00002350.JPEG
626,Midjourney,9992,GenImage_test/Midjourney/test/ai/808_midjourney_34.png
626,Midjourney,9993,GenImage_test/Midjourney/test/nature/ILSVRC2012_val_00017143.JPEG
626,Midjourney,9994,GenImage_test/Midjourney/test/ai/337_midjourney_198.png
626,Midjourney,9995,GenImage_test/Midjourney/test/nature/ILSVRC2012_val_00002337.JPEG
626,Midjourney,9996,GenImage_test/Midjourney/test/nature/ILSVRC2012_val_00014600.JPEG
626,Midjourney,9997,GenImage_test/Midjourney/test/nature/ILSVRC2012_val_00023713.JPEG
626,Midjourney,9998,GenImage_test/Midjourney/test/nature/ILSVRC2012_val_00043938.JPEG
626,Midjourney,9999,GenImage_test/Midjourney/test/nature/ILSVRC2012_val_00037022.JPEG
626,Midjourney,10000,GenImage_test/Midjourney/test/ai/307_midjourney_197.png
626,Midjourney,10001,GenImage_test/Midjourney/test/nature/ILSVRC2012_val_00005761.JPEG
626,Midjourney,10002,GenImage_test/Midjourney/test/nature/ILSVRC2012_val_00013476.JPEG
626,Midjourney,10003,GenImage_test/Midjourney/test/ai/596_midjourney_198.png
626,Midjourney,10004,GenImage_test/Midjourney/test/nature/ILSVRC2012_val_00015585.JPEG
626,Midjourney,10005,GenImage_test/Midjourney/test/nature/ILSVRC2012_val_00048927.JPEG
626,Midjourney,10006,GenImage_test/Midjourney/test/nature/ILSVRC2012_val_00011351.JPEG
626,Midjourney,10007,GenImage_test/Midjourney/test/ai/199_midjourney_198.png
627,Midjourney,10008,GenImage_test/Midjourney/test/ai/234_midjourney_197.png
627,Midjourney,10009,GenImage_test/Midjourney/test/ai/807_midjourney_34.png
627,Midjourney,10010,GenImage_test/Midjourney/test/nature/ILSVRC2012_val_00039885.JPEG
627,Midjourney,10011,GenImage_test/Midjourney/test/ai/971_midjourney_169.png
627,Midjourney,10012,GenImage_test/Midjourney/test/nature/ILSVRC2012_val_00031676.JPEG
627,Midjourney,10013,GenImage_test/Midjourney/test/nature/ILSVRC2012_val_00044127.JPEG
627,Midjourney,10014,GenImage_test/Midjourney/test/nature/ILSVRC2012_val_00010566.JPEG
627,Midjourney,10015,GenImage_test/Midjourney/test/ai/210_midjourney_197.png
627,Midjourney,10016,GenImage_test/Midjourney/test/nature/ILSVRC2012_val_00022076.JPEG
627,Midjourney,10017,GenImage_test/Midjourney/test/nature/ILSVRC2012_val_00048985.JPEG
627,Midjourney,10018,GenImage_test/Midjourney/test/nature/ILSVRC2012_val_00009221.JPEG
627,Midjourney,10019,GenImage_test/Midjourney/test/ai/701_midjourney_34.png
627,Midjourney,10020,GenImage_test/Midjourney/test/ai/218_midjourney_197.png
627,Midjourney,10021,GenImage_test/Midjourney/test/nature/ILSVRC2012_val_00022049.JPEG
627,Midjourney,10022,GenImage_test/Midjourney/test/nature/ILSVRC2012_val_00049449.JPEG
627,Midjourney,10023,GenImage_test/Midjourney/test/nature/ILSVRC2012_val_00049277.JPEG
628,Midjourney,10024,GenImage_test/Midjourney/test/nature/ILSVRC2012_val_00018594.JPEG
628,Midjourney,10025,GenImage_test/Midjourney/test/nature/ILSVRC2012_val_00041378.JPEG
628,Midjourney,10026,GenImage_test/Midjourney/test/ai/571_midjourney_198.png
628,Midjourney,10027,GenImage_test/Midjourney/test/nature/ILSVRC2012_val_00032315.JPEG
628,Midjourney,10028,GenImage_test/Midjourney/test/ai/551_midjourney_198.png
628,Midjourney,10029,GenImage_test/Midjourney/test/ai/192_midjourney_197.png
628,Midjourney,10030,GenImage_test/Midjourney/test/ai/916_midjourney_169.png
628,Midjourney,10031,GenImage_test/Midjourney/test/ai/448_midjourney_198.png
628,Midjourney,10032,GenImage_test/Midjourney/test/nature/ILSVRC2012_val_00017617.JPEG
628,Midjourney,10033,GenImage_test/Midjourney/test/ai/696_midjourney_197.png
628,Midjourney,10034,GenImage_test/Midjourney/test/ai/924_midjourney_197.png
628,Midjourney,10035,GenImage_test/Midjourney/test/ai/422_midjourney_100.png
628,Midjourney,10036,GenImage_test/Midjourney/test/ai/786_midjourney_34.png
628,Midjourney,10037,GenImage_test/Midjourney/test/ai/195_midjourney_198.png
628,Midjourney,10038,GenImage_test/Midjourney/test/nature/ILSVRC2012_val_00028859.JPEG
628,Midjourney,10039,GenImage_test/Midjourney/test/ai/408_midjourney_169.png
629,Midjourney,10040,GenImage_test/Midjourney/test/nature/ILSVRC2012_val_00038263.JPEG
629,Midjourney,10041,GenImage_test/Midjourney/test/nature/ILSVRC2012_val_00009997.JPEG
629,Midjourney,10042,GenImage_test/Midjourney/test/nature/ILSVRC2012_val_00016353.JPEG
629,Midjourney,10043,GenImage_test/Midjourney/test/nature/ILSVRC2012_val_00036392.JPEG
629,Midjourney,10044,GenImage_test/Midjourney/test/nature/ILSVRC2012_val_00020326.JPEG
629,Midjourney,10045,GenImage_test/Midjourney/test/nature/ILSVRC2012_val_00031311.JPEG
629,Midjourney,10046,GenImage_test/Midjourney/test/nature/ILSVRC2012_val_00027647.JPEG
629,Midjourney,10047,GenImage_test/Midjourney/test/ai/579_midjourney_100.png
629,Midjourney,10048,GenImage_test/Midjourney/test/nature/ILSVRC2012_val_00023956.JPEG
629,Midjourney,10049,GenImage_test/Midjourney/test/ai/903_midjourney_100.png
629,Midjourney,10050,GenImage_test/Midjourney/test/ai/742_midjourney_34.png
629,Midjourney,10051,GenImage_test/Midjourney/test/nature/ILSVRC2012_val_00008620.JPEG
629,Midjourney,10052,GenImage_test/Midjourney/test/ai/163_midjourney_34.png
629,Midjourney,10053,GenImage_test/Midjourney/test/nature/ILSVRC2012_val_00031216.JPEG
629,Midjourney,10054,GenImage_test/Midjourney/test/ai/995_midjourney_100.png
629,Midjourney,10055,GenImage_test/Midjourney/test/nature/ILSVRC2012_val_00041879.JPEG
630,Midjourney,10056,GenImage_test/Midjourney/test/nature/ILSVRC2012_val_00000677.JPEG
630,Midjourney,10057,GenImage_test/Midjourney/test/ai/156_midjourney_197.png
630,Midjourney,10058,GenImage_test/Midjourney/test/nature/ILSVRC2012_val_00015428.JPEG
630,Midjourney,10059,GenImage_test/Midjourney/test/nature/ILSVRC2012_val_00020991.JPEG
630,Midjourney,10060,GenImage_test/Midjourney/test/nature/ILSVRC2012_val_00039698.JPEG
630,Midjourney,10061,GenImage_test/Midjourney/test/nature/ILSVRC2012_val_00029039.JPEG
630,Midjourney,10062,GenImage_test/Midjourney/test/ai/559_midjourney_197.png
630,Midjourney,10063,GenImage_test/Midjourney/test/nature/ILSVRC2012_val_00001692.JPEG
630,Midjourney,10064,GenImage_test/Midjourney/test/nature/ILSVRC2012_val_00024309.JPEG
630,Midjourney,10065,GenImage_test/Midjourney/test/nature/ILSVRC2012_val_00018294.JPEG
630,Midjourney,10066,GenImage_test/Midjourney/test/ai/558_midjourney_100.png
630,Midjourney,10067,GenImage_test/Midjourney/test/nature/ILSVRC2012_val_00021698.JPEG
630,Midjourney,10068,GenImage_test/Midjourney/test/nature/ILSVRC2012_val_00007963.JPEG
630,Midjourney,10069,GenImage_test/Midjourney/test/nature/ILSVRC2012_val_00025560.JPEG
630,Midjourney,10070,GenImage_test/Midjourney/test/ai/794_midjourney_100.png
630,Midjourney,10071,GenImage_test/Midjourney/test/nature/ILSVRC2012_val_00031084.JPEG
631,Midjourney,10072,GenImage_test/Midjourney/test/nature/ILSVRC2012_val_00032216.JPEG
631,Midjourney,10073,GenImage_test/Midjourney/test/ai/455_midjourney_88.png
631,Midjourney,10074,GenImage_test/Midjourney/test/nature/ILSVRC2012_val_00041345.JPEG
631,Midjourney,10075,GenImage_test/Midjourney/test/ai/427_midjourney_34.png
631,Midjourney,10076,GenImage_test/Midjourney/test/ai/975_midjourney_198.png
631,Midjourney,10077,GenImage_test/Midjourney/test/ai/6_midjourney_34.png
631,Midjourney,10078,GenImage_test/Midjourney/test/ai/248_midjourney_198.png
631,Midjourney,10079,GenImage_test/Midjourney/test/ai/52_midjourney_198.png
631,Midjourney,10080,GenImage_test/Midjourney/test/ai/584_midjourney_198.png
631,Midjourney,10081,GenImage_test/Midjourney/test/ai/154_midjourney_34.png
631,Midjourney,10082,GenImage_test/Midjourney/test/nature/ILSVRC2012_val_00001083.JPEG
631,Midjourney,10083,GenImage_test/Midjourney/test/nature/ILSVRC2012_val_00015561.JPEG
631,Midjourney,10084,GenImage_test/Midjourney/test/ai/182_midjourney_34.png
631,Midjourney,10085,GenImage_test/Midjourney/test/ai/651_midjourney_197.png
631,Midjourney,10086,GenImage_test/Midjourney/test/nature/ILSVRC2012_val_00003454.JPEG
631,Midjourney,10087,GenImage_test/Midjourney/test/nature/ILSVRC2012_val_00045229.JPEG
632,Midjourney,10088,GenImage_test/Midjourney/test/nature/ILSVRC2012_val_00018734.JPEG
632,Midjourney,10089,GenImage_test/Midjourney/test/nature/ILSVRC2012_val_00023163.JPEG
632,Midjourney,10090,GenImage_test/Midjourney/test/nature/ILSVRC2012_val_00046230.JPEG
632,Midjourney,10091,GenImage_test/Midjourney/test/nature/ILSVRC2012_val_00015004.JPEG
632,Midjourney,10092,GenImage_test/Midjourney/test/nature/ILSVRC2012_val_00033895.JPEG
632,Midjourney,10093,GenImage_test/Midjourney/test/nature/ILSVRC2012_val_00030130.JPEG
632,Midjourney,10094,GenImage_test/Midjourney/test/ai/861_midjourney_169.png
632,Midjourney,10095,GenImage_test/Midjourney/test/ai/267_midjourney_169.png
632,Midjourney,10096,GenImage_test/Midjourney/test/nature/ILSVRC2012_val_00042812.JPEG
632,Midjourney,10097,GenImage_test/Midjourney/test/nature/ILSVRC2012_val_00017470.JPEG
632,Midjourney,10098,GenImage_test/Midjourney/test/nature/ILSVRC2012_val_00025777.JPEG
632,Midjourney,10099,GenImage_test/Midjourney/test/nature/ILSVRC2012_val_00017905.JPEG
632,Midjourney,10100,GenImage_test/Midjourney/test/ai/349_midjourney_100.png
632,Midjourney,10101,GenImage_test/Midjourney/test/ai/313_midjourney_88.png
632,Midjourney,10102,GenImage_test/Midjourney/test/nature/ILSVRC2012_val_00046394.JPEG
632,Midjourney,10103,GenImage_test/Midjourney/test/ai/898_midjourney_198.png
633,Midjourney,10104,GenImage_test/Midjourney/test/nature/ILSVRC2012_val_00025219.JPEG
633,Midjourney,10105,GenImage_test/Midjourney/test/ai/526_midjourney_198.png
633,Midjourney,10106,GenImage_test/Midjourney/test/ai/851_midjourney_100.png
633,Midjourney,10107,GenImage_test/Midjourney/test/nature/ILSVRC2012_val_00003098.JPEG
633,Midjourney,10108,GenImage_test/Midjourney/test/ai/501_midjourney_197.png
633,Midjourney,10109,GenImage_test/Midjourney/test/ai/240_midjourney_197.png
633,Midjourney,10110,GenImage_test/Midjourney/test/ai/153_midjourney_169.png
633,Midjourney,10111,GenImage_test/Midjourney/test/nature/ILSVRC2012_val_00002708.JPEG
633,Midjourney,10112,GenImage_test/Midjourney/test/nature/ILSVRC2012_val_00021942.JPEG
633,Midjourney,10113,GenImage_test/Midjourney/test/nature/ILSVRC2012_val_00011677.JPEG
633,Midjourney,10114,GenImage_test/Midjourney/test/ai/195_midjourney_100.png
633,Midjourney,10115,GenImage_test/Midjourney/test/ai/135_midjourney_169.png
633,Midjourney,10116,GenImage_test/Midjourney/test/ai/687_midjourney_34.png
633,Midjourney,10117,GenImage_test/Midjourney/test/nature/ILSVRC2012_val_00018741.JPEG
633,Midjourney,10118,GenImage_test/Midjourney/test/ai/638_midjourney_197.png
633,Midjourney,10119,GenImage_test/Midjourney/test/nature/ILSVRC2012_val_00044492.JPEG
634,Midjourney,10120,GenImage_test/Midjourney/test/nature/ILSVRC2012_val_00001744.JPEG
634,Midjourney,10121,GenImage_test/Midjourney/test/ai/37_midjourney_88.png
634,Midjourney,10122,GenImage_test/Midjourney/test/nature/ILSVRC2012_val_00002276.JPEG
634,Midjourney,10123,GenImage_test/Midjourney/test/ai/328_midjourney_198.png
634,Midjourney,10124,GenImage_test/Midjourney/test/nature/ILSVRC2012_val_00016310.JPEG
634,Midjourney,10125,GenImage_test/Midjourney/test/ai/719_midjourney_100.png
634,Midjourney,10126,GenImage_test/Midjourney/test/ai/837_midjourney_100.png
634,Midjourney,10127,GenImage_test/Midjourney/test/ai/37_midjourney_197.png
634,Midjourney,10128,GenImage_test/Midjourney/test/nature/ILSVRC2012_val_00006659.JPEG
634,Midjourney,10129,GenImage_test/Midjourney/test/nature/ILSVRC2012_val_00031397.JPEG
634,Midjourney,10130,GenImage_test/Midjourney/test/nature/ILSVRC2012_val_00035381.JPEG
634,Midjourney,10131,GenImage_test/Midjourney/test/nature/ILSVRC2012_val_00033958.JPEG
634,Midjourney,10132,GenImage_test/Midjourney/test/nature/ILSVRC2012_val_00040851.JPEG
634,Midjourney,10133,GenImage_test/Midjourney/test/ai/142_midjourney_198.png
634,Midjourney,10134,GenImage_test/Midjourney/test/nature/ILSVRC2012_val_00049041.JPEG
634,Midjourney,10135,GenImage_test/Midjourney/test/ai/796_midjourney_169.png
635,Midjourney,10136,GenImage_test/Midjourney/test/ai/712_midjourney_198.png
635,Midjourney,10137,GenImage_test/Midjourney/test/ai/611_midjourney_198.png
635,Midjourney,10138,GenImage_test/Midjourney/test/nature/ILSVRC2012_val_00038666.JPEG
635,Midjourney,10139,GenImage_test/Midjourney/test/nature/ILSVRC2012_val_00033898.JPEG
635,Midjourney,10140,GenImage_test/Midjourney/test/nature/ILSVRC2012_val_00036452.JPEG
635,Midjourney,10141,GenImage_test/Midjourney/test/ai/614_midjourney_169.png
635,Midjourney,10142,GenImage_test/Midjourney/test/ai/216_midjourney_34.png
635,Midjourney,10143,GenImage_test/Midjourney/test/nature/ILSVRC2012_val_00003941.JPEG
635,Midjourney,10144,GenImage_test/Midjourney/test/nature/ILSVRC2012_val_00029012.JPEG
635,Midjourney,10145,GenImage_test/Midjourney/test/nature/ILSVRC2012_val_00027199.JPEG
635,Midjourney,10146,GenImage_test/Midjourney/test/ai/970_midjourney_198.png
635,Midjourney,10147,GenImage_test/Midjourney/test/nature/ILSVRC2012_val_00032283.JPEG
635,Midjourney,10148,GenImage_test/Midjourney/test/nature/ILSVRC2012_val_00020191.JPEG
635,Midjourney,10149,GenImage_test/Midjourney/test/nature/ILSVRC2012_val_00006286.JPEG
635,Midjourney,10150,GenImage_test/Midjourney/test/ai/215_midjourney_88.png
635,Midjourney,10151,GenImage_test/Midjourney/test/ai/136_midjourney_34.png
636,Midjourney,10152,GenImage_test/Midjourney/test/nature/ILSVRC2012_val_00010515.JPEG
636,Midjourney,10153,GenImage_test/Midjourney/test/nature/ILSVRC2012_val_00018698.JPEG
636,Midjourney,10154,GenImage_test/Midjourney/test/nature/ILSVRC2012_val_00031503.JPEG
636,Midjourney,10155,GenImage_test/Midjourney/test/ai/227_midjourney_197.png
636,Midjourney,10156,GenImage_test/Midjourney/test/nature/ILSVRC2012_val_00046672.JPEG
636,Midjourney,10157,GenImage_test/Midjourney/test/ai/166_midjourney_198.png
636,Midjourney,10158,GenImage_test/Midjourney/test/ai/752_midjourney_34.png
636,Midjourney,10159,GenImage_test/Midjourney/test/ai/993_midjourney_88.png
636,Midjourney,10160,GenImage_test/Midjourney/test/nature/ILSVRC2012_val_00026746.JPEG
636,Midjourney,10161,GenImage_test/Midjourney/test/ai/40_midjourney_100.png
636,Midjourney,10162,GenImage_test/Midjourney/test/ai/336_midjourney_34.png
636,Midjourney,10163,GenImage_test/Midjourney/test/nature/ILSVRC2012_val_00027823.JPEG
636,Midjourney,10164,GenImage_test/Midjourney/test/ai/357_midjourney_34.png
636,Midjourney,10165,GenImage_test/Midjourney/test/nature/ILSVRC2012_val_00001398.JPEG
636,Midjourney,10166,GenImage_test/Midjourney/test/nature/ILSVRC2012_val_00011816.JPEG
636,Midjourney,10167,GenImage_test/Midjourney/test/nature/ILSVRC2012_val_00038951.JPEG
637,Midjourney,10168,GenImage_test/Midjourney/test/nature/ILSVRC2012_val_00025633.JPEG
637,Midjourney,10169,GenImage_test/Midjourney/test/ai/546_midjourney_197.png
637,Midjourney,10170,GenImage_test/Midjourney/test/ai/608_midjourney_100.png
637,Midjourney,10171,GenImage_test/Midjourney/test/nature/ILSVRC2012_val_00006583.JPEG
637,Midjourney,10172,GenImage_test/Midjourney/test/ai/567_midjourney_100.png
637,Midjourney,10173,GenImage_test/Midjourney/test/ai/123_midjourney_169.png
637,Midjourney,10174,GenImage_test/Midjourney/test/ai/916_midjourney_198.png
637,Midjourney,10175,GenImage_test/Midjourney/test/nature/ILSVRC2012_val_00019350.JPEG
637,Midjourney,10176,GenImage_test/Midjourney/test/nature/ILSVRC2012_val_00042779.JPEG
637,Midjourney,10177,GenImage_test/Midjourney/test/ai/949_midjourney_34.png
637,Midjourney,10178,GenImage_test/Midjourney/test/nature/ILSVRC2012_val_00029436.JPEG
637,Midjourney,10179,GenImage_test/Midjourney/test/ai/234_midjourney_198.png
637,Midjourney,10180,GenImage_test/Midjourney/test/nature/ILSVRC2012_val_00019964.JPEG
637,Midjourney,10181,GenImage_test/Midjourney/test/nature/ILSVRC2012_val_00025123.JPEG
637,Midjourney,10182,GenImage_test/Midjourney/test/nature/ILSVRC2012_val_00041623.JPEG
637,Midjourney,10183,GenImage_test/Midjourney/test/ai/69_midjourney_100.png
638,Midjourney,10184,GenImage_test/Midjourney/test/nature/ILSVRC2012_val_00023239.JPEG
638,Midjourney,10185,GenImage_test/Midjourney/test/nature/ILSVRC2012_val_00037279.JPEG
638,Midjourney,10186,GenImage_test/Midjourney/test/ai/519_midjourney_197.png
638,Midjourney,10187,GenImage_test/Midjourney/test/nature/ILSVRC2012_val_00002561.JPEG
638,Midjourney,10188,GenImage_test/Midjourney/test/nature/ILSVRC2012_val_00022234.JPEG
638,Midjourney,10189,GenImage_test/Midjourney/test/ai/226_midjourney_169.png
638,Midjourney,10190,GenImage_test/Midjourney/test/nature/ILSVRC2012_val_00034367.JPEG
638,Midjourney,10191,GenImage_test/Midjourney/test/ai/679_midjourney_88.png
638,Midjourney,10192,GenImage_test/Midjourney/test/ai/158_midjourney_198.png
638,Midjourney,10193,GenImage_test/Midjourney/test/nature/ILSVRC2012_val_00027714.JPEG
638,Midjourney,10194,GenImage_test/Midjourney/test/nature/ILSVRC2012_val_00004755.JPEG
638,Midjourney,10195,GenImage_test/Midjourney/test/nature/ILSVRC2012_val_00027775.JPEG
638,Midjourney,10196,GenImage_test/Midjourney/test/nature/ILSVRC2012_val_00045206.JPEG
638,Midjourney,10197,GenImage_test/Midjourney/test/nature/ILSVRC2012_val_00014858.JPEG
638,Midjourney,10198,GenImage_test/Midjourney/test/ai/443_midjourney_198.png
638,Midjourney,10199,GenImage_test/Midjourney/test/ai/395_midjourney_34.png
639,Midjourney,10200,GenImage_test/Midjourney/test/ai/902_midjourney_34.png
639,Midjourney,10201,GenImage_test/Midjourney/test/ai/266_midjourney_169.png
639,Midjourney,10202,GenImage_test/Midjourney/test/ai/294_midjourney_197.png
639,Midjourney,10203,GenImage_test/Midjourney/test/ai/67_midjourney_88.png
639,Midjourney,10204,GenImage_test/Midjourney/test/nature/ILSVRC2012_val_00044895.JPEG
639,Midjourney,10205,GenImage_test/Midjourney/test/nature/ILSVRC2012_val_00048887.JPEG
639,Midjourney,10206,GenImage_test/Midjourney/test/ai/734_midjourney_198.png
639,Midjourney,10207,GenImage_test/Midjourney/test/ai/970_midjourney_88.png
639,Midjourney,10208,GenImage_test/Midjourney/test/ai/900_midjourney_197.png
639,Midjourney,10209,GenImage_test/Midjourney/test/ai/978_midjourney_197.png
639,Midjourney,10210,GenImage_test/Midjourney/test/ai/675_midjourney_197.png
639,Midjourney,10211,GenImage_test/Midjourney/test/nature/ILSVRC2012_val_00038275.JPEG
639,Midjourney,10212,GenImage_test/Midjourney/test/nature/ILSVRC2012_val_00042890.JPEG
639,Midjourney,10213,GenImage_test/Midjourney/test/ai/164_midjourney_34.png
639,Midjourney,10214,GenImage_test/Midjourney/test/nature/ILSVRC2012_val_00046211.JPEG
639,Midjourney,10215,GenImage_test/Midjourney/test/ai/146_midjourney_88.png
640,Midjourney,10216,GenImage_test/Midjourney/test/ai/485_midjourney_169.png
640,Midjourney,10217,GenImage_test/Midjourney/test/ai/741_midjourney_197.png
640,Midjourney,10218,GenImage_test/Midjourney/test/ai/10_midjourney_198.png
640,Midjourney,10219,GenImage_test/Midjourney/test/ai/113_midjourney_34.png
640,Midjourney,10220,GenImage_test/Midjourney/test/ai/748_midjourney_198.png
640,Midjourney,10221,GenImage_test/Midjourney/test/nature/ILSVRC2012_val_00027360.JPEG
640,Midjourney,10222,GenImage_test/Midjourney/test/nature/ILSVRC2012_val_00015684.JPEG
640,Midjourney,10223,GenImage_test/Midjourney/test/ai/203_midjourney_34.png
640,Midjourney,10224,GenImage_test/Midjourney/test/ai/672_midjourney_169.png
640,Midjourney,10225,GenImage_test/Midjourney/test/nature/ILSVRC2012_val_00032068.JPEG
640,Midjourney,10226,GenImage_test/Midjourney/test/nature/ILSVRC2012_val_00036112.JPEG
640,Midjourney,10227,GenImage_test/Midjourney/test/ai/765_midjourney_34.png
640,Midjourney,10228,GenImage_test/Midjourney/test/ai/717_midjourney_169.png
640,Midjourney,10229,GenImage_test/Midjourney/test/ai/341_midjourney_198.png
640,Midjourney,10230,GenImage_test/Midjourney/test/nature/ILSVRC2012_val_00047833.JPEG
640,Midjourney,10231,GenImage_test/Midjourney/test/ai/740_midjourney_34.png
641,Midjourney,10232,GenImage_test/Midjourney/test/ai/757_midjourney_198.png
641,Midjourney,10233,GenImage_test/Midjourney/test/nature/ILSVRC2012_val_00012364.JPEG
641,Midjourney,10234,GenImage_test/Midjourney/test/nature/ILSVRC2012_val_00046007.JPEG
641,Midjourney,10235,GenImage_test/Midjourney/test/nature/ILSVRC2012_val_00008845.JPEG
641,Midjourney,10236,GenImage_test/Midjourney/test/ai/119_midjourney_88.png
641,Midjourney,10237,GenImage_test/Midjourney/test/ai/293_midjourney_197.png
641,Midjourney,10238,GenImage_test/Midjourney/test/nature/ILSVRC2012_val_00046482.JPEG
641,Midjourney,10239,GenImage_test/Midjourney/test/nature/ILSVRC2012_val_00028923.JPEG
641,Midjourney,10240,GenImage_test/Midjourney/test/nature/ILSVRC2012_val_00008253.JPEG
641,Midjourney,10241,GenImage_test/Midjourney/test/ai/584_midjourney_34.png
641,Midjourney,10242,GenImage_test/Midjourney/test/nature/ILSVRC2012_val_00020023.JPEG
641,Midjourney,10243,GenImage_test/Midjourney/test/nature/ILSVRC2012_val_00028269.JPEG
641,Midjourney,10244,GenImage_test/Midjourney/test/nature/ILSVRC2012_val_00031931.JPEG
641,Midjourney,10245,GenImage_test/Midjourney/test/nature/ILSVRC2012_val_00029161.JPEG
641,Midjourney,10246,GenImage_test/Midjourney/test/nature/ILSVRC2012_val_00047563.JPEG
641,Midjourney,10247,GenImage_test/Midjourney/test/nature/ILSVRC2012_val_00041450.JPEG
642,Midjourney,10248,GenImage_test/Midjourney/test/nature/ILSVRC2012_val_00018373.JPEG
642,Midjourney,10249,GenImage_test/Midjourney/test/nature/ILSVRC2012_val_00024117.JPEG
642,Midjourney,10250,GenImage_test/Midjourney/test/nature/ILSVRC2012_val_00047478.JPEG
642,Midjourney,10251,GenImage_test/Midjourney/test/ai/715_midjourney_197.png
642,Midjourney,10252,GenImage_test/Midjourney/test/ai/420_midjourney_198.png
642,Midjourney,10253,GenImage_test/Midjourney/test/nature/ILSVRC2012_val_00030218.JPEG
642,Midjourney,10254,GenImage_test/Midjourney/test/nature/ILSVRC2012_val_00022844.JPEG
642,Midjourney,10255,GenImage_test/Midjourney/test/ai/726_midjourney_88.png
642,Midjourney,10256,GenImage_test/Midjourney/test/ai/73_midjourney_197.png
642,Midjourney,10257,GenImage_test/Midjourney/test/nature/ILSVRC2012_val_00027459.JPEG
642,Midjourney,10258,GenImage_test/Midjourney/test/nature/ILSVRC2012_val_00031431.JPEG
642,Midjourney,10259,GenImage_test/Midjourney/test/nature/ILSVRC2012_val_00027608.JPEG
642,Midjourney,10260,GenImage_test/Midjourney/test/ai/211_midjourney_88.png
642,Midjourney,10261,GenImage_test/Midjourney/test/ai/568_midjourney_88.png
642,Midjourney,10262,GenImage_test/Midjourney/test/nature/ILSVRC2012_val_00017758.JPEG
642,Midjourney,10263,GenImage_test/Midjourney/test/nature/ILSVRC2012_val_00023178.JPEG
643,Midjourney,10264,GenImage_test/Midjourney/test/nature/ILSVRC2012_val_00004712.JPEG
643,Midjourney,10265,GenImage_test/Midjourney/test/nature/ILSVRC2012_val_00010010.JPEG
643,Midjourney,10266,GenImage_test/Midjourney/test/ai/83_midjourney_88.png
643,Midjourney,10267,GenImage_test/Midjourney/test/nature/ILSVRC2012_val_00037739.JPEG
643,Midjourney,10268,GenImage_test/Midjourney/test/nature/ILSVRC2012_val_00048544.JPEG
643,Midjourney,10269,GenImage_test/Midjourney/test/nature/ILSVRC2012_val_00004607.JPEG
643,Midjourney,10270,GenImage_test/Midjourney/test/nature/ILSVRC2012_val_00045023.JPEG
643,Midjourney,10271,GenImage_test/Midjourney/test/ai/49_midjourney_100.png
643,Midjourney,10272,GenImage_test/Midjourney/test/nature/ILSVRC2012_val_00011824.JPEG
643,Midjourney,10273,GenImage_test/Midjourney/test/ai/27_midjourney_34.png
643,Midjourney,10274,GenImage_test/Midjourney/test/nature/ILSVRC2012_val_00033685.JPEG
643,Midjourney,10275,GenImage_test/Midjourney/test/ai/400_midjourney_34.png
643,Midjourney,10276,GenImage_test/Midjourney/test/nature/ILSVRC2012_val_00020176.JPEG
643,Midjourney,10277,GenImage_test/Midjourney/test/nature/ILSVRC2012_val_00010225.JPEG
643,Midjourney,10278,GenImage_test/Midjourney/test/ai/627_midjourney_198.png
643,Midjourney,10279,GenImage_test/Midjourney/test/nature/ILSVRC2012_val_00014560.JPEG
644,Midjourney,10280,GenImage_test/Midjourney/test/nature/ILSVRC2012_val_00017612.JPEG
644,Midjourney,10281,GenImage_test/Midjourney/test/ai/271_midjourney_100.png
644,Midjourney,10282,GenImage_test/Midjourney/test/ai/997_midjourney_197.png
644,Midjourney,10283,GenImage_test/Midjourney/test/ai/887_midjourney_88.png
644,Midjourney,10284,GenImage_test/Midjourney/test/nature/ILSVRC2012_val_00021537.JPEG
644,Midjourney,10285,GenImage_test/Midjourney/test/nature/ILSVRC2012_val_00011260.JPEG
644,Midjourney,10286,GenImage_test/Midjourney/test/nature/ILSVRC2012_val_00049507.JPEG
644,Midjourney,10287,GenImage_test/Midjourney/test/nature/ILSVRC2012_val_00044047.JPEG
644,Midjourney,10288,GenImage_test/Midjourney/test/nature/ILSVRC2012_val_00020770.JPEG
644,Midjourney,10289,GenImage_test/Midjourney/test/nature/ILSVRC2012_val_00045042.JPEG
644,Midjourney,10290,GenImage_test/Midjourney/test/ai/772_midjourney_169.png
644,Midjourney,10291,GenImage_test/Midjourney/test/ai/879_midjourney_88.png
644,Midjourney,10292,GenImage_test/Midjourney/test/nature/ILSVRC2012_val_00009326.JPEG
644,Midjourney,10293,GenImage_test/Midjourney/test/nature/ILSVRC2012_val_00012940.JPEG
644,Midjourney,10294,GenImage_test/Midjourney/test/nature/ILSVRC2012_val_00037186.JPEG
644,Midjourney,10295,GenImage_test/Midjourney/test/ai/36_midjourney_198.png
645,Midjourney,10296,GenImage_test/Midjourney/test/ai/268_midjourney_100.png
645,Midjourney,10297,GenImage_test/Midjourney/test/ai/535_midjourney_88.png
645,Midjourney,10298,GenImage_test/Midjourney/test/nature/ILSVRC2012_val_00028611.JPEG
645,Midjourney,10299,GenImage_test/Midjourney/test/nature/ILSVRC2012_val_00016263.JPEG
645,Midjourney,10300,GenImage_test/Midjourney/test/ai/35_midjourney_88.png
645,Midjourney,10301,GenImage_test/Midjourney/test/ai/775_midjourney_100.png
645,Midjourney,10302,GenImage_test/Midjourney/test/nature/ILSVRC2012_val_00039813.JPEG
645,Midjourney,10303,GenImage_test/Midjourney/test/nature/ILSVRC2012_val_00016197.JPEG
645,Midjourney,10304,GenImage_test/Midjourney/test/ai/998_midjourney_34.png
645,Midjourney,10305,GenImage_test/Midjourney/test/ai/589_midjourney_169.png
645,Midjourney,10306,GenImage_test/Midjourney/test/ai/248_midjourney_169.png
645,Midjourney,10307,GenImage_test/Midjourney/test/ai/34_midjourney_197.png
645,Midjourney,10308,GenImage_test/Midjourney/test/nature/ILSVRC2012_val_00019069.JPEG
645,Midjourney,10309,GenImage_test/Midjourney/test/nature/ILSVRC2012_val_00027811.JPEG
645,Midjourney,10310,GenImage_test/Midjourney/test/nature/ILSVRC2012_val_00013408.JPEG
645,Midjourney,10311,GenImage_test/Midjourney/test/ai/666_midjourney_198.png
646,Midjourney,10312,GenImage_test/Midjourney/test/ai/386_midjourney_100.png
646,Midjourney,10313,GenImage_test/Midjourney/test/ai/755_midjourney_197.png
646,Midjourney,10314,GenImage_test/Midjourney/test/nature/ILSVRC2012_val_00014372.JPEG
646,Midjourney,10315,GenImage_test/Midjourney/test/nature/ILSVRC2012_val_00025549.JPEG
646,Midjourney,10316,GenImage_test/Midjourney/test/ai/324_midjourney_169.png
646,Midjourney,10317,GenImage_test/Midjourney/test/ai/415_midjourney_100.png
646,Midjourney,10318,GenImage_test/Midjourney/test/nature/ILSVRC2012_val_00021051.JPEG
646,Midjourney,10319,GenImage_test/Midjourney/test/ai/603_midjourney_197.png
646,Midjourney,10320,GenImage_test/Midjourney/test/nature/ILSVRC2012_val_00040239.JPEG
646,Midjourney,10321,GenImage_test/Midjourney/test/ai/720_midjourney_169.png
646,Midjourney,10322,GenImage_test/Midjourney/test/nature/ILSVRC2012_val_00031105.JPEG
646,Midjourney,10323,GenImage_test/Midjourney/test/nature/ILSVRC2012_val_00026399.JPEG
646,Midjourney,10324,GenImage_test/Midjourney/test/ai/56_midjourney_169.png
646,Midjourney,10325,GenImage_test/Midjourney/test/ai/176_midjourney_169.png
646,Midjourney,10326,GenImage_test/Midjourney/test/ai/294_midjourney_169.png
646,Midjourney,10327,GenImage_test/Midjourney/test/ai/272_midjourney_100.png
647,Midjourney,10328,GenImage_test/Midjourney/test/ai/563_midjourney_198.png
647,Midjourney,10329,GenImage_test/Midjourney/test/nature/ILSVRC2012_val_00028471.JPEG
647,Midjourney,10330,GenImage_test/Midjourney/test/ai/11_midjourney_34.png
647,Midjourney,10331,GenImage_test/Midjourney/test/nature/ILSVRC2012_val_00006754.JPEG
647,Midjourney,10332,GenImage_test/Midjourney/test/nature/ILSVRC2012_val_00046193.JPEG
647,Midjourney,10333,GenImage_test/Midjourney/test/nature/ILSVRC2012_val_00033503.JPEG
647,Midjourney,10334,GenImage_test/Midjourney/test/nature/ILSVRC2012_val_00042527.JPEG
647,Midjourney,10335,GenImage_test/Midjourney/test/nature/ILSVRC2012_val_00038558.JPEG
647,Midjourney,10336,GenImage_test/Midjourney/test/ai/170_midjourney_198.png
647,Midjourney,10337,GenImage_test/Midjourney/test/ai/42_midjourney_88.png
647,Midjourney,10338,GenImage_test/Midjourney/test/ai/566_midjourney_88.png
647,Midjourney,10339,GenImage_test/Midjourney/test/ai/645_midjourney_197.png
647,Midjourney,10340,GenImage_test/Midjourney/test/nature/ILSVRC2012_val_00018132.JPEG
647,Midjourney,10341,GenImage_test/Midjourney/test/ai/96_midjourney_197.png
647,Midjourney,10342,GenImage_test/Midjourney/test/nature/ILSVRC2012_val_00046723.JPEG
647,Midjourney,10343,GenImage_test/Midjourney/test/ai/604_midjourney_100.png
648,Midjourney,10344,GenImage_test/Midjourney/test/nature/ILSVRC2012_val_00045337.JPEG
648,Midjourney,10345,GenImage_test/Midjourney/test/nature/ILSVRC2012_val_00021334.JPEG
648,Midjourney,10346,GenImage_test/Midjourney/test/ai/607_midjourney_197.png
648,Midjourney,10347,GenImage_test/Midjourney/test/nature/ILSVRC2012_val_00034819.JPEG
648,Midjourney,10348,GenImage_test/Midjourney/test/ai/105_midjourney_88.png
648,Midjourney,10349,GenImage_test/Midjourney/test/nature/ILSVRC2012_val_00043975.JPEG
648,Midjourney,10350,GenImage_test/Midjourney/test/nature/ILSVRC2012_val_00042387.JPEG
648,Midjourney,10351,GenImage_test/Midjourney/test/nature/ILSVRC2012_val_00003487.JPEG
648,Midjourney,10352,GenImage_test/Midjourney/test/nature/ILSVRC2012_val_00001436.JPEG
648,Midjourney,10353,GenImage_test/Midjourney/test/nature/ILSVRC2012_val_00022006.JPEG
648,Midjourney,10354,GenImage_test/Midjourney/test/ai/894_midjourney_34.png
648,Midjourney,10355,GenImage_test/Midjourney/test/ai/901_midjourney_197.png
648,Midjourney,10356,GenImage_test/Midjourney/test/nature/ILSVRC2012_val_00013237.JPEG
648,Midjourney,10357,GenImage_test/Midjourney/test/nature/ILSVRC2012_val_00008511.JPEG
648,Midjourney,10358,GenImage_test/Midjourney/test/ai/627_midjourney_197.png
648,Midjourney,10359,GenImage_test/Midjourney/test/ai/732_midjourney_88.png
649,Midjourney,10360,GenImage_test/Midjourney/test/ai/917_midjourney_198.png
649,Midjourney,10361,GenImage_test/Midjourney/test/ai/933_midjourney_88.png
649,Midjourney,10362,GenImage_test/Midjourney/test/nature/ILSVRC2012_val_00009448.JPEG
649,Midjourney,10363,GenImage_test/Midjourney/test/ai/221_midjourney_198.png
649,Midjourney,10364,GenImage_test/Midjourney/test/ai/308_midjourney_169.png
649,Midjourney,10365,GenImage_test/Midjourney/test/ai/802_midjourney_198.png
649,Midjourney,10366,GenImage_test/Midjourney/test/nature/ILSVRC2012_val_00047075.JPEG
649,Midjourney,10367,GenImage_test/Midjourney/test/nature/ILSVRC2012_val_00007735.JPEG
649,Midjourney,10368,GenImage_test/Midjourney/test/ai/138_midjourney_169.png
649,Midjourney,10369,GenImage_test/Midjourney/test/nature/ILSVRC2012_val_00035617.JPEG
649,Midjourney,10370,GenImage_test/Midjourney/test/ai/994_midjourney_198.png
649,Midjourney,10371,GenImage_test/Midjourney/test/nature/ILSVRC2012_val_00008130.JPEG
649,Midjourney,10372,GenImage_test/Midjourney/test/nature/ILSVRC2012_val_00045590.JPEG
649,Midjourney,10373,GenImage_test/Midjourney/test/nature/ILSVRC2012_val_00042981.JPEG
649,Midjourney,10374,GenImage_test/Midjourney/test/ai/439_midjourney_197.png
649,Midjourney,10375,GenImage_test/Midjourney/test/ai/457_midjourney_100.png
650,Midjourney,10376,GenImage_test/Midjourney/test/ai/630_midjourney_88.png
650,Midjourney,10377,GenImage_test/Midjourney/test/ai/816_midjourney_34.png
650,Midjourney,10378,GenImage_test/Midjourney/test/ai/532_midjourney_100.png
650,Midjourney,10379,GenImage_test/Midjourney/test/ai/107_midjourney_197.png
650,Midjourney,10380,GenImage_test/Midjourney/test/nature/ILSVRC2012_val_00025271.JPEG
650,Midjourney,10381,GenImage_test/Midjourney/test/ai/725_midjourney_198.png
650,Midjourney,10382,GenImage_test/Midjourney/test/nature/ILSVRC2012_val_00015029.JPEG
650,Midjourney,10383,GenImage_test/Midjourney/test/ai/571_midjourney_100.png
650,Midjourney,10384,GenImage_test/Midjourney/test/nature/ILSVRC2012_val_00006882.JPEG
650,Midjourney,10385,GenImage_test/Midjourney/test/nature/ILSVRC2012_val_00014736.JPEG
650,Midjourney,10386,GenImage_test/Midjourney/test/nature/ILSVRC2012_val_00028440.JPEG
650,Midjourney,10387,GenImage_test/Midjourney/test/nature/ILSVRC2012_val_00025687.JPEG
650,Midjourney,10388,GenImage_test/Midjourney/test/nature/ILSVRC2012_val_00031924.JPEG
650,Midjourney,10389,GenImage_test/Midjourney/test/ai/658_midjourney_34.png
650,Midjourney,10390,GenImage_test/Midjourney/test/ai/525_midjourney_197.png
650,Midjourney,10391,GenImage_test/Midjourney/test/ai/156_midjourney_100.png
651,Midjourney,10392,GenImage_test/Midjourney/test/ai/364_midjourney_88.png
651,Midjourney,10393,GenImage_test/Midjourney/test/ai/208_midjourney_198.png
651,Midjourney,10394,GenImage_test/Midjourney/test/nature/ILSVRC2012_val_00036118.JPEG
651,Midjourney,10395,GenImage_test/Midjourney/test/ai/731_midjourney_169.png
651,Midjourney,10396,GenImage_test/Midjourney/test/nature/ILSVRC2012_val_00039583.JPEG
651,Midjourney,10397,GenImage_test/Midjourney/test/nature/ILSVRC2012_val_00031682.JPEG
651,Midjourney,10398,GenImage_test/Midjourney/test/ai/921_midjourney_34.png
651,Midjourney,10399,GenImage_test/Midjourney/test/ai/945_midjourney_197.png
651,Midjourney,10400,GenImage_test/Midjourney/test/ai/921_midjourney_197.png
651,Midjourney,10401,GenImage_test/Midjourney/test/ai/67_midjourney_169.png
651,Midjourney,10402,GenImage_test/Midjourney/test/ai/92_midjourney_100.png
651,Midjourney,10403,GenImage_test/Midjourney/test/nature/ILSVRC2012_val_00049165.JPEG
651,Midjourney,10404,GenImage_test/Midjourney/test/ai/448_midjourney_88.png
651,Midjourney,10405,GenImage_test/Midjourney/test/nature/ILSVRC2012_val_00024210.JPEG
651,Midjourney,10406,GenImage_test/Midjourney/test/nature/ILSVRC2012_val_00040158.JPEG
651,Midjourney,10407,GenImage_test/Midjourney/test/ai/334_midjourney_100.png
652,Midjourney,10408,GenImage_test/Midjourney/test/nature/ILSVRC2012_val_00034983.JPEG
652,Midjourney,10409,GenImage_test/Midjourney/test/nature/ILSVRC2012_val_00025861.JPEG
652,Midjourney,10410,GenImage_test/Midjourney/test/nature/ILSVRC2012_val_00002125.JPEG
652,Midjourney,10411,GenImage_test/Midjourney/test/ai/51_midjourney_169.png
652,Midjourney,10412,GenImage_test/Midjourney/test/nature/ILSVRC2012_val_00028506.JPEG
652,Midjourney,10413,GenImage_test/Midjourney/test/nature/ILSVRC2012_val_00026497.JPEG
652,Midjourney,10414,GenImage_test/Midjourney/test/nature/ILSVRC2012_val_00014955.JPEG
652,Midjourney,10415,GenImage_test/Midjourney/test/ai/887_midjourney_34.png
652,Midjourney,10416,GenImage_test/Midjourney/test/ai/306_midjourney_88.png
652,Midjourney,10417,GenImage_test/Midjourney/test/nature/ILSVRC2012_val_00019597.JPEG
652,Midjourney,10418,GenImage_test/Midjourney/test/nature/ILSVRC2012_val_00010673.JPEG
652,Midjourney,10419,GenImage_test/Midjourney/test/ai/409_midjourney_100.png
652,Midjourney,10420,GenImage_test/Midjourney/test/ai/335_midjourney_169.png
652,Midjourney,10421,GenImage_test/Midjourney/test/ai/72_midjourney_88.png
652,Midjourney,10422,GenImage_test/Midjourney/test/ai/651_midjourney_88.png
652,Midjourney,10423,GenImage_test/Midjourney/test/nature/ILSVRC2012_val_00009759.JPEG
653,Midjourney,10424,GenImage_test/Midjourney/test/ai/350_midjourney_169.png
653,Midjourney,10425,GenImage_test/Midjourney/test/ai/677_midjourney_34.png
653,Midjourney,10426,GenImage_test/Midjourney/test/nature/ILSVRC2012_val_00037094.JPEG
653,Midjourney,10427,GenImage_test/Midjourney/test/nature/ILSVRC2012_val_00022220.JPEG
653,Midjourney,10428,GenImage_test/Midjourney/test/nature/ILSVRC2012_val_00047553.JPEG
653,Midjourney,10429,GenImage_test/Midjourney/test/nature/ILSVRC2012_val_00002601.JPEG
653,Midjourney,10430,GenImage_test/Midjourney/test/ai/845_midjourney_100.png
653,Midjourney,10431,GenImage_test/Midjourney/test/ai/766_midjourney_100.png
653,Midjourney,10432,GenImage_test/Midjourney/test/nature/ILSVRC2012_val_00026887.JPEG
653,Midjourney,10433,GenImage_test/Midjourney/test/ai/419_midjourney_88.png
653,Midjourney,10434,GenImage_test/Midjourney/test/nature/ILSVRC2012_val_00029372.JPEG
653,Midjourney,10435,GenImage_test/Midjourney/test/ai/918_midjourney_169.png
653,Midjourney,10436,GenImage_test/Midjourney/test/nature/ILSVRC2012_val_00041209.JPEG
653,Midjourney,10437,GenImage_test/Midjourney/test/nature/ILSVRC2012_val_00040945.JPEG
653,Midjourney,10438,GenImage_test/Midjourney/test/nature/ILSVRC2012_val_00040589.JPEG
653,Midjourney,10439,GenImage_test/Midjourney/test/nature/ILSVRC2012_val_00032729.JPEG
654,Midjourney,10440,GenImage_test/Midjourney/test/nature/ILSVRC2012_val_00025869.JPEG
654,Midjourney,10441,GenImage_test/Midjourney/test/ai/218_midjourney_34.png
654,Midjourney,10442,GenImage_test/Midjourney/test/nature/ILSVRC2012_val_00015371.JPEG
654,Midjourney,10443,GenImage_test/Midjourney/test/nature/ILSVRC2012_val_00029618.JPEG
654,Midjourney,10444,GenImage_test/Midjourney/test/ai/292_midjourney_34.png
654,Midjourney,10445,GenImage_test/Midjourney/test/nature/ILSVRC2012_val_00035190.JPEG
654,Midjourney,10446,GenImage_test/Midjourney/test/ai/299_midjourney_169.png
654,Midjourney,10447,GenImage_test/Midjourney/test/ai/698_midjourney_100.png
654,Midjourney,10448,GenImage_test/Midjourney/test/nature/ILSVRC2012_val_00038257.JPEG
654,Midjourney,10449,GenImage_test/Midjourney/test/ai/576_midjourney_197.png
654,Midjourney,10450,GenImage_test/Midjourney/test/ai/89_midjourney_197.png
654,Midjourney,10451,GenImage_test/Midjourney/test/ai/581_midjourney_169.png
654,Midjourney,10452,GenImage_test/Midjourney/test/nature/ILSVRC2012_val_00038147.JPEG
654,Midjourney,10453,GenImage_test/Midjourney/test/ai/262_midjourney_34.png
654,Midjourney,10454,GenImage_test/Midjourney/test/ai/587_midjourney_100.png
654,Midjourney,10455,GenImage_test/Midjourney/test/ai/257_midjourney_88.png
655,Midjourney,10456,GenImage_test/Midjourney/test/nature/ILSVRC2012_val_00007948.JPEG
655,Midjourney,10457,GenImage_test/Midjourney/test/nature/ILSVRC2012_val_00028367.JPEG
655,Midjourney,10458,GenImage_test/Midjourney/test/nature/ILSVRC2012_val_00048059.JPEG
655,Midjourney,10459,GenImage_test/Midjourney/test/nature/ILSVRC2012_val_00012140.JPEG
655,Midjourney,10460,GenImage_test/Midjourney/test/ai/19_midjourney_34.png
655,Midjourney,10461,GenImage_test/Midjourney/test/nature/ILSVRC2012_val_00009086.JPEG
655,Midjourney,10462,GenImage_test/Midjourney/test/nature/ILSVRC2012_val_00044865.JPEG
655,Midjourney,10463,GenImage_test/Midjourney/test/nature/ILSVRC2012_val_00024150.JPEG
655,Midjourney,10464,GenImage_test/Midjourney/test/nature/ILSVRC2012_val_00006519.JPEG
655,Midjourney,10465,GenImage_test/Midjourney/test/ai/326_midjourney_198.png
655,Midjourney,10466,GenImage_test/Midjourney/test/ai/77_midjourney_169.png
655,Midjourney,10467,GenImage_test/Midjourney/test/ai/606_midjourney_88.png
655,Midjourney,10468,GenImage_test/Midjourney/test/ai/974_midjourney_169.png
655,Midjourney,10469,GenImage_test/Midjourney/test/nature/ILSVRC2012_val_00031452.JPEG
655,Midjourney,10470,GenImage_test/Midjourney/test/nature/ILSVRC2012_val_00010881.JPEG
655,Midjourney,10471,GenImage_test/Midjourney/test/ai/109_midjourney_34.png
656,Midjourney,10472,GenImage_test/Midjourney/test/ai/734_midjourney_100.png
656,Midjourney,10473,GenImage_test/Midjourney/test/ai/821_midjourney_197.png
656,Midjourney,10474,GenImage_test/Midjourney/test/ai/136_midjourney_197.png
656,Midjourney,10475,GenImage_test/Midjourney/test/nature/ILSVRC2012_val_00040887.JPEG
656,Midjourney,10476,GenImage_test/Midjourney/test/ai/717_midjourney_197.png
656,Midjourney,10477,GenImage_test/Midjourney/test/nature/ILSVRC2012_val_00020396.JPEG
656,Midjourney,10478,GenImage_test/Midjourney/test/ai/523_midjourney_100.png
656,Midjourney,10479,GenImage_test/Midjourney/test/ai/546_midjourney_100.png
656,Midjourney,10480,GenImage_test/Midjourney/test/ai/993_midjourney_100.png
656,Midjourney,10481,GenImage_test/Midjourney/test/nature/ILSVRC2012_val_00026702.JPEG
656,Midjourney,10482,GenImage_test/Midjourney/test/nature/ILSVRC2012_val_00026503.JPEG
656,Midjourney,10483,GenImage_test/Midjourney/test/ai/250_midjourney_88.png
656,Midjourney,10484,GenImage_test/Midjourney/test/ai/752_midjourney_169.png
656,Midjourney,10485,GenImage_test/Midjourney/test/ai/377_midjourney_88.png
656,Midjourney,10486,GenImage_test/Midjourney/test/nature/ILSVRC2012_val_00030019.JPEG
656,Midjourney,10487,GenImage_test/Midjourney/test/ai/339_midjourney_197.png
657,Midjourney,10488,GenImage_test/Midjourney/test/ai/652_midjourney_169.png
657,Midjourney,10489,GenImage_test/Midjourney/test/ai/307_midjourney_100.png
657,Midjourney,10490,GenImage_test/Midjourney/test/ai/557_midjourney_169.png
657,Midjourney,10491,GenImage_test/Midjourney/test/nature/ILSVRC2012_val_00049018.JPEG
657,Midjourney,10492,GenImage_test/Midjourney/test/ai/135_midjourney_88.png
657,Midjourney,10493,GenImage_test/Midjourney/test/ai/758_midjourney_100.png
657,Midjourney,10494,GenImage_test/Midjourney/test/ai/609_midjourney_197.png
657,Midjourney,10495,GenImage_test/Midjourney/test/nature/ILSVRC2012_val_00029808.JPEG
657,Midjourney,10496,GenImage_test/Midjourney/test/ai/496_midjourney_197.png
657,Midjourney,10497,GenImage_test/Midjourney/test/nature/ILSVRC2012_val_00030444.JPEG
657,Midjourney,10498,GenImage_test/Midjourney/test/ai/700_midjourney_198.png
657,Midjourney,10499,GenImage_test/Midjourney/test/nature/ILSVRC2012_val_00035882.JPEG
