batch,domain,position,sample_id
0,BigGAN,0,GenImage_test/BigGAN/test/nature/ILSVRC2012_val_00038066.JPEG
0,BigGAN,1,GenImage_test/BigGAN/test/ai/164_biggan_00039.png
0,BigGAN,2,GenImage_test/BigGAN/test/ai/367_biggan_00143.png
0,BigGAN,3,GenImage_test/BigGAN/test/ai/327_biggan_00035.png
0,BigGAN,4,GenImage_test/BigGAN/test/ai/846_biggan_00127.png
0,BigGAN,5,GenImage_test/BigGAN/test/nature/ILSVRC2012_val_00029207.JPEG
0,BigGAN,6,GenImage_test/BigGAN/test/nature/ILSVRC2012_val_00039602.JPEG
0,BigGAN,7,GenImage_test/BigGAN/test/nature/ILSVRC2012_val_00031591.JPEG
0,BigGAN,8,GenImage_test/BigGAN/test/ai/191_biggan_00127.png
0,BigGAN,9,GenImage_test/BigGAN/test/nature/ILSVRC2012_val_00024416.JPEG
0,BigGAN,10,GenImage_test/BigGAN/test/nature/ILSVRC2012_val_00001017.JPEG
0,BigGAN,11,GenImage_test/BigGAN/test/ai/922_biggan_00020.png
0,BigGAN,12,GenImage_test/BigGAN/test/ai/885_biggan_00074.png
0,BigGAN,13,GenImage_test/BigGAN/test/ai/014_biggan_00020.png
0,BigGAN,14,GenImage_test/BigGAN/test/ai/378_biggan_00143.png
0,BigGAN,15,GenImage_test/BigGAN/test/ai/449_biggan_00074.png
1,BigGAN,16,GenImage_test/BigGAN/test/nature/ILSVRC2012_val_00043137.JPEG
1,BigGAN,17,GenImage_test/BigGAN/test/nature/ILSVRC2012_val_00000991.JPEG
1,BigGAN,18,GenImage_test/BigGAN/test/nature/ILSVRC2012_val_00038854.JPEG
1,BigGAN,19,GenImage_test/BigGAN/test/nature/ILSVRC2012_val_00019198.JPEG
1,BigGAN,20,GenImage_test/BigGAN/test/nature/ILSVRC2012_val_00045856.JPEG
1,BigGAN,21,GenImage_test/BigGAN/test/nature/ILSVRC2012_val_00049595.JPEG
1,BigGAN,22,GenImage_test/BigGAN/test/ai/320_biggan_00035.png
1,BigGAN,23,GenImage_test/BigGAN/test/nature/ILSVRC2012_val_00019763.JPEG
1,BigGAN,24,GenImage_test/BigGAN/test/ai/562_biggan_00127.png
1,BigGAN,25,GenImage_test/BigGAN/test/ai/478_biggan_00143.png
1,BigGAN,26,GenImage_test/BigGAN/test/ai/316_biggan_00127.png
1,BigGAN,27,GenImage_test/BigGAN/test/ai/835_biggan_00127.png
1,BigGAN,28,GenImage_test/BigGAN/test/nature/ILSVRC2012_val_00010782.JPEG
1,BigGAN,29,GenImage_test/BigGAN/test/ai/862_biggan_00074.png
1,BigGAN,30,GenImage_test/BigGAN/test/ai/586_biggan_00020.png
1,BigGAN,31,GenImage_test/BigGAN/test/nature/ILSVRC2012_val_00018146.JPEG
2,BigGAN,32,GenImage_test/BigGAN/test/ai/222_biggan_00074.png
2,BigGAN,33,GenImage_test/BigGAN/test/nature/ILSVRC2012_val_00037502.JPEG
2,BigGAN,34,GenImage_test/BigGAN/test/nature/ILSVRC2012_val_00036493.JPEG
2,BigGAN,35,GenImage_test/BigGAN/test/ai/166_biggan_00143.png
2,BigGAN,36,GenImage_test/BigGAN/test/nature/ILSVRC2012_val_00009553.JPEG
2,BigGAN,37,GenImage_test/BigGAN/test/ai/387_biggan_00074.png
2,BigGAN,38,GenImage_test/BigGAN/test/nature/ILSVRC2012_val_00019934.JPEG
2,BigGAN,39,GenImage_test/BigGAN/test/ai/459_biggan_00074.png
2,BigGAN,40,GenImage_test/BigGAN/test/ai/302_biggan_00074.png
2,BigGAN,41,GenImage_test/BigGAN/test/nature/ILSVRC2012_val_00045607.JPEG
2,BigGAN,42,GenImage_test/BigGAN/test/ai/233_biggan_00020.png
2,BigGAN,43,GenImage_test/BigGAN/test/nature/ILSVRC2012_val_00000297.JPEG
2,BigGAN,44,GenImage_test/BigGAN/test/nature/ILSVRC2012_val_00031144.JPEG
2,BigGAN,45,GenImage_test/BigGAN/test/ai/348_biggan_00143.png
2,BigGAN,46,GenImage_test/BigGAN/test/nature/ILSVRC2012_val_00007316.JPEG
2,BigGAN,47,GenImage_test/BigGAN/test/ai/641_biggan_00020.png
3,BigGAN,48,GenImage_test/BigGAN/test/nature/ILSVRC2012_val_00012847.JPEG
3,BigGAN,49,GenImage_test/BigGAN/test/nature/ILSVRC2012_val_00015217.JPEG
3,BigGAN,50,GenImage_test/BigGAN/test/ai/161_biggan_00035.png
3,BigGAN,51,GenImage_test/BigGAN/test/nature/ILSVRC2012_val_00006078.JPEG
3,BigGAN,52,GenImage_test/BigGAN/test/nature/ILSVRC2012_val_00014313.JPEG
3,BigGAN,53,GenImage_test/BigGAN/test/nature/ILSVRC2012_val_00023142.JPEG
3,BigGAN,54,GenImage_test/BigGAN/test/ai/741_biggan_00035.png
3,BigGAN,55,GenImage_test/BigGAN/test/ai/656_biggan_00143.png
3,BigGAN,56,GenImage_test/BigGAN/test/ai/535_biggan_00020.png
3,BigGAN,57,GenImage_test/BigGAN/test/nature/ILSVRC2012_val_00040016.JPEG
3,BigGAN,58,GenImage_test/BigGAN/test/ai/827_biggan_00127.png
3,BigGAN,59,GenImage_test/BigGAN/test/ai/944_biggan_00039.png
3,BigGAN,60,GenImage_test/BigGAN/test/nature/ILSVRC2012_val_00013850.JPEG
3,BigGAN,61,GenImage_test/BigGAN/test/nature/ILSVRC2012_val_00034587.JPEG
3,BigGAN,62,GenImage_test/BigGAN/test/ai/184_biggan_00039.png
3,BigGAN,63,GenImage_test/BigGAN/test/ai/055_biggan_00035.png
4,BigGAN,64,GenImage_test/BigGAN/test/ai/665_biggan_00127.png
4,BigGAN,65,GenImage_test/BigGAN/test/ai/851_biggan_00020.png
4,BigGAN,66,GenImage_test/BigGAN/test/ai/741_biggan_00074.png
4,BigGAN,67,GenImage_test/BigGAN/test/ai/902_biggan_00035.png
4,BigGAN,68,GenImage_test/BigGAN/test/nature/ILSVRC2012_val_00045065.JPEG
4,BigGAN,69,GenImage_test/BigGAN/test/nature/ILSVRC2012_val_00037660.JPEG
4,BigGAN,70,GenImage_test/BigGAN/test/ai/400_biggan_00035.png
4,BigGAN,71,GenImage_test/BigGAN/test/ai/909_biggan_00020.png
4,BigGAN,72,GenImage_test/BigGAN/test/ai/265_biggan_00039.png
4,BigGAN,73,GenImage_test/BigGAN/test/nature/ILSVRC2012_val_00041631.JPEG
4,BigGAN,74,GenImage_test/BigGAN/test/nature/ILSVRC2012_val_00043899.JPEG
4,BigGAN,75,GenImage_test/BigGAN/test/ai/199_biggan_00074.png
4,BigGAN,76,GenImage_test/BigGAN/test/ai/608_biggan_00020.png
4,BigGAN,77,GenImage_test/BigGAN/test/nature/ILSVRC2012_val_00028473.JPEG
4,BigGAN,78,GenImage_test/BigGAN/test/nature/ILSVRC2012_val_00044858.JPEG
4,BigGAN,79,GenImage_test/BigGAN/test/ai/048_biggan_00039.png
5,BigGAN,80,GenImage_test/BigGAN/test/nature/ILSVRC2012_val_00025673.JPEG
5,BigGAN,81,GenImage_test/BigGAN/test/ai/333_biggan_00127.png
5,BigGAN,82,GenImage_test/BigGAN/test/ai/510_biggan_00039.png
5,BigGAN,83,GenImage_test/BigGAN/test/ai/820_biggan_00020.png
5,BigGAN,84,GenImage_test/BigGAN/test/nature/ILSVRC2012_val_00045721.JPEG
5,BigGAN,85,GenImage_test/BigGAN/test/ai/901_biggan_00074.png
5,BigGAN,86,GenImage_test/BigGAN/test/ai/381_biggan_00035.png
5,BigGAN,87,GenImage_test/BigGAN/test/nature/ILSVRC2012_val_00016180.JPEG
5,BigGAN,88,GenImage_test/BigGAN/test/ai/039_biggan_00127.png
5,BigGAN,89,GenImage_test/BigGAN/test/nature/ILSVRC2012_val_00016953.JPEG
5,BigGAN,90,GenImage_test/BigGAN/test/ai/869_biggan_00039.png
5,BigGAN,91,GenImage_test/BigGAN/test/nature/ILSVRC2012_val_00023231.JPEG
5,BigGAN,92,GenImage_test/BigGAN/test/ai/901_biggan_00020.png
5,BigGAN,93,GenImage_test/BigGAN/test/ai/857_biggan_00127.png
5,BigGAN,94,GenImage_test/BigGAN/test/nature/ILSVRC2012_val_00012797.JPEG
5,BigGAN,95,GenImage_test/BigGAN/test/nature/ILSVRC2012_val_00020142.JPEG
6,BigGAN,96,GenImage_test/BigGAN/test/nature/ILSVRC2012_val_00018068.JPEG
6,BigGAN,97,GenImage_test/BigGAN/test/ai/181_biggan_00074.png
6,BigGAN,98,GenImage_test/BigGAN/test/nature/ILSVRC2012_val_00005016.JPEG
6,BigGAN,99,GenImage_test/BigGAN/test/nature/ILSVRC2012_val_00012228.JPEG
6,BigGAN,100,GenImage_test/BigGAN/test/nature/ILSVRC2012_val_00010858.JPEG
6,BigGAN,101,GenImage_test/BigGAN/test/nature/ILSVRC2012_val_00039441.JPEG
6,BigGAN,102,GenImage_test/BigGAN/test/ai/915_biggan_00020.png
6,BigGAN,103,GenImage_test/BigGAN/test/nature/ILSVRC2012_val_00002572.JPEG
6,BigGAN,104,GenImage_test/BigGAN/test/ai/495_biggan_00143.png
6,BigGAN,105,GenImage_test/BigGAN/test/nature/ILSVRC2012_val_00011823.JPEG
6,BigGAN,106,GenImage_test/BigGAN/test/nature/ILSVRC2012_val_00046393.JPEG
6,BigGAN,107,GenImage_test/BigGAN/test/nature/ILSVRC2012_val_00010609.JPEG
6,BigGAN,108,GenImage_test/BigGAN/test/nature/ILSVRC2012_val_00045707.JPEG
6,BigGAN,109,GenImage_test/BigGAN/test/ai/611_biggan_00127.png
6,BigGAN,110,GenImage_test/BigGAN/test/ai/270_biggan_00020.png
6,BigGAN,111,GenImage_test/BigGAN/test/nature/ILSVRC2012_val_00003323.JPEG
7,BigGAN,112,GenImage_test/BigGAN/test/nature/ILSVRC2012_val_00016960.JPEG
7,BigGAN,113,GenImage_test/BigGAN/test/nature/ILSVRC2012_val_00009692.JPEG
7,BigGAN,114,GenImage_test/BigGAN/test/nature/ILSVRC2012_val_00002277.JPEG
7,BigGAN,115,GenImage_test/BigGAN/test/ai/810_biggan_00039.png
7,BigGAN,116,GenImage_test/BigGAN/test/nature/ILSVRC2012_val_00046457.JPEG
7,BigGAN,117,GenImage_test/BigGAN/test/nature/ILSVRC2012_val_00019315.JPEG
7,BigGAN,118,GenImage_test/BigGAN/test/nature/ILSVRC2012_val_00031022.JPEG
7,BigGAN,119,GenImage_test/BigGAN/test/nature/ILSVRC2012_val_00038359.JPEG
7,BigGAN,120,GenImage_test/BigGAN/test/nature/ILSVRC2012_val_00004409.JPEG
7,BigGAN,121,GenImage_test/BigGAN/test/ai/103_biggan_00074.png
7,BigGAN,122,GenImage_test/BigGAN/test/ai/688_biggan_00127.png
7,BigGAN,123,GenImage_test/BigGAN/test/ai/703_biggan_00020.png
7,BigGAN,124,GenImage_test/BigGAN/test/nature/ILSVRC2012_val_00012553.JPEG
7,BigGAN,125,GenImage_test/BigGAN/test/ai/257_biggan_00020.png
7,BigGAN,126,GenImage_test/BigGAN/test/ai/542_biggan_00020.png
7,BigGAN,127,GenImage_test/BigGAN/test/nature/ILSVRC2012_val_00028493.JPEG
8,BigGAN,128,GenImage_test/BigGAN/test/ai/728_biggan_00127.png
8,BigGAN,129,GenImage_test/BigGAN/test/ai/973_biggan_00074.png
8,BigGAN,130,GenImage_test/BigGAN/test/nature/ILSVRC2012_val_00016141.JPEG
8,BigGAN,131,GenImage_test/BigGAN/test/nature/ILSVRC2012_val_00049169.JPEG
8,BigGAN,132,GenImage_test/BigGAN/test/nature/ILSVRC2012_val_00004704.JPEG
8,BigGAN,133,GenImage_test/BigGAN/test/nature/ILSVRC2012_val_00037707.JPEG
8,BigGAN,134,GenImage_test/BigGAN/test/nature/ILSVRC2012_val_00044059.JPEG
8,BigGAN,135,GenImage_test/BigGAN/test/ai/787_biggan_00074.png
8,BigGAN,136,GenImage_test/BigGAN/test/nature/ILSVRC2012_val_00023190.JPEG
8,BigGAN,137,GenImage_test/BigGAN/test/nature/ILSVRC2012_val_00042267.JPEG
8,BigGAN,138,GenImage_test/BigGAN/test/nature/ILSVRC2012_val_00004517.JPEG
8,BigGAN,139,GenImage_test/BigGAN/test/nature/ILSVRC2012_val_00029375.JPEG
8,BigGAN,140,GenImage_test/BigGAN/test/ai/638_biggan_00020.png
8,BigGAN,141,GenImage_test/BigGAN/test/nature/ILSVRC2012_val_00030228.JPEG
8,BigGAN,142,GenImage_test/BigGAN/test/nature/ILSVRC2012_val_00022698.JPEG
8,BigGAN,143,GenImage_test/BigGAN/test/nature/ILSVRC2012_val_00037035.JPEG
9,BigGAN,144,GenImage_test/BigGAN/test/ai/720_biggan_00035.png
9,BigGAN,145,GenImage_test/BigGAN/test/ai/694_biggan_00143.png
9,BigGAN,146,GenImage_test/BigGAN/test/ai/791_biggan_00127.png
9,BigGAN,147,GenImage_test/BigGAN/test/nature/ILSVRC2012_val_00033514.JPEG
9,BigGAN,148,GenImage_test/BigGAN/test/nature/ILSVRC2012_val_00044633.JPEG
9,BigGAN,149,GenImage_test/BigGAN/test/ai/716_biggan_00074.png
9,BigGAN,150,GenImage_test/BigGAN/test/ai/570_biggan_00074.png
9,BigGAN,151,GenImage_test/BigGAN/test/nature/ILSVRC2012_val_00044134.JPEG
9,BigGAN,152,GenImage_test/BigGAN/test/nature/ILSVRC2012_val_00010122.JPEG
9,BigGAN,153,GenImage_test/BigGAN/test/nature/ILSVRC2012_val_00024213.JPEG
9,BigGAN,154,GenImage_test/BigGAN/test/nature/ILSVRC2012_val_00037948.JPEG
9,BigGAN,155,GenImage_test/BigGAN/test/ai/866_biggan_00035.png
9,BigGAN,156,GenImage_test/BigGAN/test/ai/336_biggan_00127.png
9,BigGAN,157,GenImage_test/BigGAN/test/ai/234_biggan_00035.png
9,BigGAN,158,GenImage_test/BigGAN/test/nature/ILSVRC2012_val_00046544.JPEG
9,BigGAN,159,GenImage_test/BigGAN/test/ai/839_biggan_00035.png
10,BigGAN,160,GenImage_test/BigGAN/test/nature/ILSVRC2012_val_00040108.JPEG
10,BigGAN,161,GenImage_test/BigGAN/test/nature/ILSVRC2012_val_00020951.JPEG
10,BigGAN,162,GenImage_test/BigGAN/test/ai/576_biggan_00020.png
10,BigGAN,163,GenImage_test/BigGAN/test/ai/076_biggan_00143.png
10,BigGAN,164,GenImage_test/BigGAN/test/nature/ILSVRC2012_val_00026242.JPEG
10,BigGAN,165,GenImage_test/BigGAN/test/ai/715_biggan_00039.png
10,BigGAN,166,GenImage_test/BigGAN/test/nature/ILSVRC2012_val_00013581.JPEG
10,BigGAN,167,GenImage_test/BigGAN/test/nature/ILSVRC2012_val_00017231.JPEG
10,BigGAN,168,GenImage_test/BigGAN/test/ai/371_biggan_00039.png
10,BigGAN,169,GenImage_test/BigGAN/test/ai/045_biggan_00143.png
10,BigGAN,170,GenImage_test/BigGAN/test/ai/549_biggan_00143.png
10,BigGAN,171,GenImage_test/BigGAN/test/nature/ILSVRC2012_val_00028811.JPEG
10,BigGAN,172,GenImage_test/BigGAN/test/nature/ILSVRC2012_val_00039444.JPEG
10,BigGAN,173,GenImage_test/BigGAN/test/nature/ILSVRC2012_val_00043262.JPEG
10,BigGAN,174,GenImage_test/BigGAN/test/ai/059_biggan_00074.png
10,BigGAN,175,GenImage_test/BigGAN/test/ai/195_biggan_00020.png
11,BigGAN,176,GenImage_test/BigGAN/test/nature/ILSVRC2012_val_00005873.JPEG
11,BigGAN,177,GenImage_test/BigGAN/test/ai/158_biggan_00039.png
11,BigGAN,178,GenImage_test/BigGAN/test/ai/268_biggan_00020.png
11,BigGAN,179,GenImage_test/BigGAN/test/nature/ILSVRC2012_val_00035009.JPEG
11,BigGAN,180,GenImage_test/BigGAN/test/nature/ILSVRC2012_val_00037013.JPEG
11,BigGAN,181,GenImage_test/BigGAN/test/ai/407_biggan_00035.png
11,BigGAN,182,GenImage_test/BigGAN/test/nature/ILSVRC2012_val_00022383.JPEG
11,BigGAN,183,GenImage_test/BigGAN/test/ai/655_biggan_00127.png
11,BigGAN,184,GenImage_test/BigGAN/test/ai/673_biggan_00035.png
11,BigGAN,185,GenImage_test/BigGAN/test/nature/ILSVRC2012_val_00048608.JPEG
11,BigGAN,186,GenImage_test/BigGAN/test/nature/ILSVRC2012_val_00033590.JPEG
11,BigGAN,187,GenImage_test/BigGAN/test/nature/ILSVRC2012_val_00025035.JPEG
11,BigGAN,188,GenImage_test/BigGAN/test/ai/872_biggan_00074.png
11,BigGAN,189,GenImage_test/BigGAN/test/nature/ILSVRC2012_val_00042662.JPEG
11,BigGAN,190,GenImage_test/BigGAN/test/nature/ILSVRC2012_val_00032694.JPEG
11,BigGAN,191,GenImage_test/BigGAN/test/ai/541_biggan_00035.png
12,BigGAN,192,GenImage_test/BigGAN/test/nature/ILSVRC2012_val_00000827.JPEG
12,BigGAN,193,GenImage_test/BigGAN/test/nature/ILSVRC2012_val_00000176.JPEG
12,BigGAN,194,GenImage_test/BigGAN/test/ai/107_biggan_00035.png
12,BigGAN,195,GenImage_test/BigGAN/test/nature/ILSVRC2012_val_00044168.JPEG
12,BigGAN,196,GenImage_test/BigGAN/test/ai/457_biggan_00143.png
12,BigGAN,197,GenImage_test/BigGAN/test/ai/748_biggan_00143.png
12,BigGAN,198,GenImage_test/BigGAN/test/ai/781_biggan_00127.png
12,BigGAN,199,GenImage_test/BigGAN/test/nature/ILSVRC2012_val_00007733.JPEG
12,BigGAN,200,GenImage_test/BigGAN/test/nature/ILSVRC2012_val_00028806.JPEG
12,BigGAN,201,GenImage_test/BigGAN/test/ai/344_biggan_00020.png
12,BigGAN,202,GenImage_test/BigGAN/test/ai/868_biggan_00035.png
12,BigGAN,203,GenImage_test/BigGAN/test/ai/367_biggan_00074.png
12,BigGAN,204,GenImage_test/BigGAN/test/ai/882_biggan_00127.png
12,BigGAN,205,GenImage_test/BigGAN/test/ai/213_biggan_00020.png
12,BigGAN,206,GenImage_test/BigGAN/test/nature/ILSVRC2012_val_00023261.JPEG
12,BigGAN,207,GenImage_test/BigGAN/test/nature/ILSVRC2012_val_00029446.JPEG
13,BigGAN,208,GenImage_test/BigGAN/test/nature/ILSVRC2012_val_00021666.JPEG
13,BigGAN,209,GenImage_test/BigGAN/test/ai/153_biggan_00127.png
13,BigGAN,210,GenImage_test/BigGAN/test/nature/ILSVRC2012_val_00036811.JPEG
13,BigGAN,211,GenImage_test/BigGAN/test/ai/529_biggan_00035.png
13,BigGAN,212,GenImage_test/BigGAN/test/nature/ILSVRC2012_val_00046947.JPEG
13,BigGAN,213,GenImage_test/BigGAN/test/ai/811_biggan_00020.png
13,BigGAN,214,GenImage_test/BigGAN/test/nature/ILSVRC2012_val_00044014.JPEG
13,BigGAN,215,GenImage_test/BigGAN/test/ai/489_biggan_00127.png
13,BigGAN,216,GenImage_test/BigGAN/test/ai/953_biggan_00035.png
13,BigGAN,217,GenImage_test/BigGAN/test/nature/ILSVRC2012_val_00036568.JPEG
13,BigGAN,218,GenImage_test/BigGAN/test/ai/391_biggan_00127.png
13,BigGAN,219,GenImage_test/BigGAN/test/nature/ILSVRC2012_val_00045561.JPEG
13,BigGAN,220,GenImage_test/BigGAN/test/nature/ILSVRC2012_val_00005972.JPEG
13,BigGAN,221,GenImage_test/BigGAN/test/nature/ILSVRC2012_val_00030394.JPEG
13,BigGAN,222,GenImage_test/BigGAN/test/nature/ILSVRC2012_val_00013735.JPEG
13,BigGAN,223,GenImage_test/BigGAN/test/nature/ILSVRC2012_val_00033957.JPEG
14,BigGAN,224,GenImage_test/BigGAN/test/ai/114_biggan_00020.png
14,BigGAN,225,GenImage_test/BigGAN/test/nature/ILSVRC2012_val_00045431.JPEG
14,BigGAN,226,GenImage_test/BigGAN/test/ai/574_biggan_00127.png
14,BigGAN,227,GenImage_test/BigGAN/test/nature/ILSVRC2012_val_00023651.JPEG
14,BigGAN,228,GenImage_test/BigGAN/test/ai/396_biggan_00127.png
14,BigGAN,229,GenImage_test/BigGAN/test/ai/495_biggan_00035.png
14,BigGAN,230,GenImage_test/BigGAN/test/nature/ILSVRC2012_val_00041360.JPEG
14,BigGAN,231,GenImage_test/BigGAN/test/ai/945_biggan_00143.png
14,BigGAN,232,GenImage_test/BigGAN/test/ai/494_biggan_00143.png
14,BigGAN,233,GenImage_test/BigGAN/test/nature/ILSVRC2012_val_00047154.JPEG
14,BigGAN,234,GenImage_test/BigGAN/test/nature/ILSVRC2012_val_00024169.JPEG
14,BigGAN,235,GenImage_test/BigGAN/test/ai/751_biggan_00143.png
14,BigGAN,236,GenImage_test/BigGAN/test/nature/ILSVRC2012_val_00043495.JPEG
14,BigGAN,237,GenImage_test/BigGAN/test/ai/971_biggan_00074.png
14,BigGAN,238,GenImage_test/BigGAN/test/nature/ILSVRC2012_val_00027151.JPEG
14,BigGAN,239,GenImage_test/BigGAN/test/nature/ILSVRC2012_val_00009348.JPEG
15,BigGAN,240,GenImage_test/BigGAN/test/ai/109_biggan_00143.png
15,BigGAN,241,GenImage_test/BigGAN/test/ai/951_biggan_00039.png
15,BigGAN,242,GenImage_test/BigGAN/test/nature/ILSVRC2012_val_00022098.JPEG
15,BigGAN,243,GenImage_test/BigGAN/test/ai/031_biggan_00143.png
15,BigGAN,244,GenImage_test/BigGAN/test/nature/ILSVRC2012_val_00026969.JPEG
15,BigGAN,245,GenImage_test/BigGAN/test/ai/724_biggan_00127.png
15,BigGAN,246,GenImage_test/BigGAN/test/nature/ILSVRC2012_val_00034292.JPEG
15,BigGAN,247,GenImage_test/BigGAN/test/ai/228_biggan_00035.png
15,BigGAN,248,GenImage_test/BigGAN/test/ai/652_biggan_00020.png
15,BigGAN,249,GenImage_test/BigGAN/test/nature/ILSVRC2012_val_00029566.JPEG
15,BigGAN,250,GenImage_test/BigGAN/test/nature/ILSVRC2012_val_00040782.JPEG
15,BigGAN,251,GenImage_test/BigGAN/test/nature/ILSVRC2012_val_00047739.JPEG
15,BigGAN,252,GenImage_test/BigGAN/test/ai/399_biggan_00035.png
15,BigGAN,253,GenImage_test/BigGAN/test/ai/395_biggan_00035.png
15,BigGAN,254,GenImage_test/BigGAN/test/ai/666_biggan_00127.png
15,BigGAN,255,GenImage_test/BigGAN/test/nature/ILSVRC2012_val_00032757.JPEG
16,BigGAN,256,GenImage_test/BigGAN/test/nature/ILSVRC2012_val_00002403.JPEG
16,BigGAN,257,GenImage_test/BigGAN/test/ai/442_biggan_00127.png
16,BigGAN,258,GenImage_test/BigGAN/test/ai/585_biggan_00035.png
16,BigGAN,259,GenImage_test/BigGAN/test/nature/ILSVRC2012_val_00034229.JPEG
16,BigGAN,260,GenImage_test/BigGAN/test/ai/757_biggan_00074.png
16,BigGAN,261,GenImage_test/BigGAN/test/nature/ILSVRC2012_val_00018249.JPEG
16,BigGAN,262,GenImage_test/BigGAN/test/nature/ILSVRC2012_val_00020162.JPEG
16,BigGAN,263,GenImage_test/BigGAN/test/ai/951_biggan_00035.png
16,BigGAN,264,GenImage_test/BigGAN/test/ai/860_biggan_00143.png
16,BigGAN,265,GenImage_test/BigGAN/test/nature/ILSVRC2012_val_00025871.JPEG
16,BigGAN,266,GenImage_test/BigGAN/test/nature/ILSVRC2012_val_00016708.JPEG
16,BigGAN,267,GenImage_test/BigGAN/test/ai/588_biggan_00035.png
16,BigGAN,268,GenImage_test/BigGAN/test/ai/310_biggan_00039.png
16,BigGAN,269,GenImage_test/BigGAN/test/ai/752_biggan_00127.png
16,BigGAN,270,GenImage_test/BigGAN/test/nature/ILSVRC2012_val_00019346.JPEG
16,BigGAN,271,GenImage_test/BigGAN/test/nature/ILSVRC2012_val_00005722.JPEG
17,BigGAN,272,GenImage_test/BigGAN/test/ai/112_biggan_00039.png
17,BigGAN,273,GenImage_test/BigGAN/test/ai/080_biggan_00035.png
17,BigGAN,274,GenImage_test/BigGAN/test/nature/ILSVRC2012_val_00004916.JPEG
17,BigGAN,275,GenImage_test/BigGAN/test/ai/078_biggan_00020.png
17,BigGAN,276,GenImage_test/BigGAN/test/ai/325_biggan_00035.png
17,BigGAN,277,GenImage_test/BigGAN/test/ai/819_biggan_00039.png
17,BigGAN,278,GenImage_test/BigGAN/test/nature/ILSVRC2012_val_00029086.JPEG
17,BigGAN,279,GenImage_test/BigGAN/test/nature/ILSVRC2012_val_00043153.JPEG
17,BigGAN,280,GenImage_test/BigGAN/test/nature/ILSVRC2012_val_00001308.JPEG
17,BigGAN,281,GenImage_test/BigGAN/test/nature/ILSVRC2012_val_00048841.JPEG
17,BigGAN,282,GenImage_test/BigGAN/test/ai/762_biggan_00074.png
17,BigGAN,283,GenImage_test/BigGAN/test/ai/354_biggan_00039.png
17,BigGAN,284,GenImage_test/BigGAN/test/ai/768_biggan_00074.png
17,BigGAN,285,GenImage_test/BigGAN/test/ai/466_biggan_00035.png
17,BigGAN,286,GenImage_test/BigGAN/test/nature/ILSVRC2012_val_00028159.JPEG
17,BigGAN,287,GenImage_test/BigGAN/test/ai/163_biggan_00074.png
18,BigGAN,288,GenImage_test/BigGAN/test/ai/935_biggan_00039.png
18,BigGAN,289,GenImage_test/BigGAN/test/ai/154_biggan_00127.png
18,BigGAN,290,GenImage_test/BigGAN/test/nature/ILSVRC2012_val_00040269.JPEG
18,BigGAN,291,GenImage_test/BigGAN/test/ai/852_biggan_00127.png
18,BigGAN,292,GenImage_test/BigGAN/test/nature/ILSVRC2012_val_00029062.JPEG
18,BigGAN,293,GenImage_test/BigGAN/test/ai/302_biggan_00039.png
18,BigGAN,294,GenImage_test/BigGAN/test/nature/ILSVRC2012_val_00010983.JPEG
18,BigGAN,295,GenImage_test/BigGAN/test/nature/ILSVRC2012_val_00022548.JPEG
18,BigGAN,296,GenImage_test/BigGAN/test/nature/ILSVRC2012_val_00006629.JPEG
18,BigGAN,297,GenImage_test/BigGAN/test/nature/ILSVRC2012_val_00045449.JPEG
18,BigGAN,298,GenImage_test/BigGAN/test/nature/ILSVRC2012_val_00047400.JPEG
18,BigGAN,299,GenImage_test/BigGAN/test/nature/ILSVRC2012_val_00041234.JPEG
18,BigGAN,300,GenImage_test/BigGAN/test/ai/402_biggan_00035.png
18,BigGAN,301,GenImage_test/BigGAN/test/nature/ILSVRC2012_val_00003182.JPEG
18,BigGAN,302,GenImage_test/BigGAN/test/nature/ILSVRC2012_val_00025292.JPEG
18,BigGAN,303,GenImage_test/BigGAN/test/ai/126_biggan_00035.png
19,BigGAN,304,GenImage_test/BigGAN/test/nature/ILSVRC2012_val_00041427.JPEG
19,BigGAN,305,GenImage_test/BigGAN/test/nature/ILSVRC2012_val_00015631.JPEG
19,BigGAN,306,GenImage_test/BigGAN/test/ai/399_biggan_00020.png
19,BigGAN,307,GenImage_test/BigGAN/test/ai/838_biggan_00127.png
19,BigGAN,308,GenImage_test/BigGAN/test/ai/164_biggan_00143.png
19,BigGAN,309,GenImage_test/BigGAN/test/nature/ILSVRC2012_val_00000783.JPEG
19,BigGAN,310,GenImage_test/BigGAN/test/ai/725_biggan_00074.png
19,BigGAN,311,GenImage_test/BigGAN/test/ai/693_biggan_00020.png
19,BigGAN,312,GenImage_test/BigGAN/test/nature/ILSVRC2012_val_00012707.JPEG
19,BigGAN,313,GenImage_test/BigGAN/test/nature/ILSVRC2012_val_00020689.JPEG
19,BigGAN,314,GenImage_test/BigGAN/test/ai/944_biggan_00127.png
19,BigGAN,315,GenImage_test/BigGAN/test/ai/227_biggan_00074.png
19,BigGAN,316,GenImage_test/BigGAN/test/nature/ILSVRC2012_val_00017435.JPEG
19,BigGAN,317,GenImage_test/BigGAN/test/ai/245_biggan_00020.png
19,BigGAN,318,GenImage_test/BigGAN/test/nature/ILSVRC2012_val_00004410.JPEG
19,BigGAN,319,GenImage_test/BigGAN/test/ai/299_biggan_00035.png
20,BigGAN,320,GenImage_test/BigGAN/test/ai/512_biggan_00143.png
20,BigGAN,321,GenImage_test/BigGAN/test/ai/485_biggan_00020.png
20,BigGAN,322,GenImage_test/BigGAN/test/nature/ILSVRC2012_val_00041597.JPEG
20,BigGAN,323,GenImage_test/BigGAN/test/ai/367_biggan_00039.png
20,BigGAN,324,GenImage_test/BigGAN/test/nature/ILSVRC2012_val_00023598.JPEG
20,BigGAN,325,GenImage_test/BigGAN/test/nature/ILSVRC2012_val_00032358.JPEG
20,BigGAN,326,GenImage_test/BigGAN/test/ai/917_biggan_00074.png
20,BigGAN,327,GenImage_test/BigGAN/test/nature/ILSVRC2012_val_00038193.JPEG
20,BigGAN,328,GenImage_test/BigGAN/test/ai/006_biggan_00074.png
20,BigGAN,329,GenImage_test/BigGAN/test/nature/ILSVRC2012_val_00006246.JPEG
20,BigGAN,330,GenImage_test/BigGAN/test/nature/ILSVRC2012_val_00027122.JPEG
20,BigGAN,331,GenImage_test/BigGAN/test/ai/376_biggan_00127.png
20,BigGAN,332,GenImage_test/BigGAN/test/ai/227_biggan_00039.png
20,BigGAN,333,GenImage_test/BigGAN/test/ai/972_biggan_00039.png
20,BigGAN,334,GenImage_test/BigGAN/test/nature/ILSVRC2012_val_00030654.JPEG
20,BigGAN,335,GenImage_test/BigGAN/test/nature/ILSVRC2012_val_00036873.JPEG
21,BigGAN,336,GenImage_test/BigGAN/test/nature/ILSVRC2012_val_00006260.JPEG
21,BigGAN,337,GenImage_test/BigGAN/test/nature/ILSVRC2012_val_00034269.JPEG
21,BigGAN,338,GenImage_test/BigGAN/test/ai/870_biggan_00035.png
21,BigGAN,339,GenImage_test/BigGAN/test/nature/ILSVRC2012_val_00016900.JPEG
21,BigGAN,340,GenImage_test/BigGAN/test/nature/ILSVRC2012_val_00041016.JPEG
21,BigGAN,341,GenImage_test/BigGAN/test/nature/ILSVRC2012_val_00041657.JPEG
21,BigGAN,342,GenImage_test/BigGAN/test/nature/ILSVRC2012_val_00040820.JPEG
21,BigGAN,343,GenImage_test/BigGAN/test/ai/317_biggan_00020.png
21,BigGAN,344,GenImage_test/BigGAN/test/nature/ILSVRC2012_val_00028263.JPEG
21,BigGAN,345,GenImage_test/BigGAN/test/nature/ILSVRC2012_val_00009928.JPEG
21,BigGAN,346,GenImage_test/BigGAN/test/nature/ILSVRC2012_val_00008906.JPEG
21,BigGAN,347,GenImage_test/BigGAN/test/ai/026_biggan_00020.png
21,BigGAN,348,GenImage_test/BigGAN/test/ai/151_biggan_00127.png
21,BigGAN,349,GenImage_test/BigGAN/test/ai/451_biggan_00039.png
21,BigGAN,350,GenImage_test/BigGAN/test/ai/460_biggan_00035.png
21,BigGAN,351,GenImage_test/BigGAN/test/ai/749_biggan_00143.png
22,BigGAN,352,GenImage_test/BigGAN/test/ai/303_biggan_00127.png
22,BigGAN,353,GenImage_test/BigGAN/test/ai/929_biggan_00143.png
22,BigGAN,354,GenImage_test/BigGAN/test/ai/702_biggan_00127.png
22,BigGAN,355,GenImage_test/BigGAN/test/nature/ILSVRC2012_val_00015995.JPEG
22,BigGAN,356,GenImage_test/BigGAN/test/nature/ILSVRC2012_val_00030909.JPEG
22,BigGAN,357,GenImage_test/BigGAN/test/ai/496_biggan_00035.png
22,BigGAN,358,GenImage_test/BigGAN/test/nature/ILSVRC2012_val_00013238.JPEG
22,BigGAN,359,GenImage_test/BigGAN/test/nature/ILSVRC2012_val_00019826.JPEG
22,BigGAN,360,GenImage_test/BigGAN/test/nature/ILSVRC2012_val_00044347.JPEG
22,BigGAN,361,GenImage_test/BigGAN/test/ai/564_biggan_00039.png
22,BigGAN,362,GenImage_test/BigGAN/test/nature/ILSVRC2012_val_00020815.JPEG
22,BigGAN,363,GenImage_test/BigGAN/test/nature/ILSVRC2012_val_00043172.JPEG
22,BigGAN,364,GenImage_test/BigGAN/test/ai/078_biggan_00039.png
22,BigGAN,365,GenImage_test/BigGAN/test/nature/ILSVRC2012_val_00031340.JPEG
22,BigGAN,366,GenImage_test/BigGAN/test/nature/ILSVRC2012_val_00002209.JPEG
22,BigGAN,367,GenImage_test/BigGAN/test/nature/ILSVRC2012_val_00011359.JPEG
23,BigGAN,368,GenImage_test/BigGAN/test/ai/223_biggan_00127.png
23,BigGAN,369,GenImage_test/BigGAN/test/nature/ILSVRC2012_val_00011672.JPEG
23,BigGAN,370,GenImage_test/BigGAN/test/ai/711_biggan_00127.png
23,BigGAN,371,GenImage_test/BigGAN/test/nature/ILSVRC2012_val_00005849.JPEG
23,BigGAN,372,GenImage_test/BigGAN/test/ai/679_biggan_00127.png
23,BigGAN,373,GenImage_test/BigGAN/test/ai/170_biggan_00074.png
23,BigGAN,374,GenImage_test/BigGAN/test/ai/189_biggan_00035.png
23,BigGAN,375,GenImage_test/BigGAN/test/ai/973_biggan_00020.png
23,BigGAN,376,GenImage_test/BigGAN/test/ai/950_biggan_00143.png
23,BigGAN,377,GenImage_test/BigGAN/test/ai/247_biggan_00020.png
23,BigGAN,378,GenImage_test/BigGAN/test/nature/ILSVRC2012_val_00027103.JPEG
23,BigGAN,379,GenImage_test/BigGAN/test/nature/ILSVRC2012_val_00031229.JPEG
23,BigGAN,380,GenImage_test/BigGAN/test/ai/148_biggan_00020.png
23,BigGAN,381,GenImage_test/BigGAN/test/ai/304_biggan_00039.png
23,BigGAN,382,GenImage_test/BigGAN/test/ai/337_biggan_00127.png
23,BigGAN,383,GenImage_test/BigGAN/test/ai/812_biggan_00143.png
24,BigGAN,384,GenImage_test/BigGAN/test/nature/ILSVRC2012_val_00034094.JPEG
24,BigGAN,385,GenImage_test/BigGAN/test/ai/545_biggan_00020.png
24,BigGAN,386,GenImage_test/BigGAN/test/ai/236_biggan_00143.png
24,BigGAN,387,GenImage_test/BigGAN/test/ai/849_biggan_00143.png
24,BigGAN,388,GenImage_test/BigGAN/test/nature/ILSVRC2012_val_00007578.JPEG
24,BigGAN,389,GenImage_test/BigGAN/test/nature/ILSVRC2012_val_00040586.JPEG
24,BigGAN,390,GenImage_test/BigGAN/test/nature/ILSVRC2012_val_00049815.JPEG
24,BigGAN,391,GenImage_test/BigGAN/test/nature/ILSVRC2012_val_00022019.JPEG
24,BigGAN,392,GenImage_test/BigGAN/test/nature/ILSVRC2012_val_00033301.JPEG
24,BigGAN,393,GenImage_test/BigGAN/test/ai/162_biggan_00039.png
24,BigGAN,394,GenImage_test/BigGAN/test/nature/ILSVRC2012_val_00046418.JPEG
24,BigGAN,395,GenImage_test/BigGAN/test/ai/329_biggan_00143.png
24,BigGAN,396,GenImage_test/BigGAN/test/nature/ILSVRC2012_val_00048691.JPEG
24,BigGAN,397,GenImage_test/BigGAN/test/nature/ILSVRC2012_val_00009931.JPEG
24,BigGAN,398,GenImage_test/BigGAN/test/nature/ILSVRC2012_val_00035850.JPEG
24,BigGAN,399,GenImage_test/BigGAN/test/ai/310_biggan_00127.png
25,BigGAN,400,GenImage_test/BigGAN/test/nature/ILSVRC2012_val_00048678.JPEG
25,BigGAN,401,GenImage_test/BigGAN/test/nature/ILSVRC2012_val_00043652.JPEG
25,BigGAN,402,GenImage_test/BigGAN/test/nature/ILSVRC2012_val_00010762.JPEG
25,BigGAN,403,GenImage_test/BigGAN/test/nature/ILSVRC2012_val_00038514.JPEG
25,BigGAN,404,GenImage_test/BigGAN/test/ai/266_biggan_00020.png
25,BigGAN,405,GenImage_test/BigGAN/test/nature/ILSVRC2012_val_00032384.JPEG
25,BigGAN,406,GenImage_test/BigGAN/test/nature/ILSVRC2012_val_00037410.JPEG
25,BigGAN,407,GenImage_test/BigGAN/test/ai/856_biggan_00127.png
25,BigGAN,408,GenImage_test/BigGAN/test/ai/502_biggan_00143.png
25,BigGAN,409,GenImage_test/BigGAN/test/ai/165_biggan_00035.png
25,BigGAN,410,GenImage_test/BigGAN/test/ai/746_biggan_00127.png
25,BigGAN,411,GenImage_test/BigGAN/test/nature/ILSVRC2012_val_00003633.JPEG
25,BigGAN,412,GenImage_test/BigGAN/test/nature/ILSVRC2012_val_00015967.JPEG
25,BigGAN,413,GenImage_test/BigGAN/test/nature/ILSVRC2012_val_00041486.JPEG
25,BigGAN,414,GenImage_test/BigGAN/test/nature/ILSVRC2012_val_00049380.JPEG
25,BigGAN,415,GenImage_test/BigGAN/test/nature/ILSVRC2012_val_00006363.JPEG
26,BigGAN,416,GenImage_test/BigGAN/test/ai/713_biggan_00020.png
26,BigGAN,417,GenImage_test/BigGAN/test/nature/ILSVRC2012_val_00028626.JPEG
26,BigGAN,418,GenImage_test/BigGAN/test/ai/429_biggan_00039.png
26,BigGAN,419,GenImage_test/BigGAN/test/nature/ILSVRC2012_val_00048881.JPEG
26,BigGAN,420,GenImage_test/BigGAN/test/ai/430_biggan_00074.png
26,BigGAN,421,GenImage_test/BigGAN/test/nature/ILSVRC2012_val_00012739.JPEG
26,BigGAN,422,GenImage_test/BigGAN/test/nature/ILSVRC2012_val_00004662.JPEG
26,BigGAN,423,GenImage_test/BigGAN/test/ai/691_biggan_00039.png
26,BigGAN,424,GenImage_test/BigGAN/test/ai/098_biggan_00020.png
26,BigGAN,425,GenImage_test/BigGAN/test/nature/ILSVRC2012_val_00022347.JPEG
26,BigGAN,426,GenImage_test/BigGAN/test/nature/ILSVRC2012_val_00014587.JPEG
26,BigGAN,427,GenImage_test/BigGAN/test/ai/637_biggan_00127.png
26,BigGAN,428,GenImage_test/BigGAN/test/nature/ILSVRC2012_val_00021043.JPEG
26,BigGAN,429,GenImage_test/BigGAN/test/nature/ILSVRC2012_val_00047501.JPEG
26,BigGAN,430,GenImage_test/BigGAN/test/ai/702_biggan_00035.png
26,BigGAN,431,GenImage_test/BigGAN/test/nature/ILSVRC2012_val_00046470.JPEG
27,BigGAN,432,GenImage_test/BigGAN/test/nature/ILSVRC2012_val_00039183.JPEG
27,BigGAN,433,GenImage_test/BigGAN/test/nature/ILSVRC2012_val_00008062.JPEG
27,BigGAN,434,GenImage_test/BigGAN/test/nature/ILSVRC2012_val_00027617.JPEG
27,BigGAN,435,GenImage_test/BigGAN/test/nature/ILSVRC2012_val_00022648.JPEG
27,BigGAN,436,GenImage_test/BigGAN/test/nature/ILSVRC2012_val_00038074.JPEG
27,BigGAN,437,GenImage_test/BigGAN/test/ai/111_biggan_00020.png
27,BigGAN,438,GenImage_test/BigGAN/test/nature/ILSVRC2012_val_00037242.JPEG
27,BigGAN,439,GenImage_test/BigGAN/test/nature/ILSVRC2012_val_00033879.JPEG
27,BigGAN,440,GenImage_test/BigGAN/test/nature/ILSVRC2012_val_00004012.JPEG
27,BigGAN,441,GenImage_test/BigGAN/test/ai/769_biggan_00074.png
27,BigGAN,442,GenImage_test/BigGAN/test/nature/ILSVRC2012_val_00017353.JPEG
27,BigGAN,443,GenImage_test/BigGAN/test/ai/082_biggan_00143.png
27,BigGAN,444,GenImage_test/BigGAN/test/ai/901_biggan_00143.png
27,BigGAN,445,GenImage_test/BigGAN/test/nature/ILSVRC2012_val_00003263.JPEG
27,BigGAN,446,GenImage_test/BigGAN/test/ai/383_biggan_00143.png
27,BigGAN,447,GenImage_test/BigGAN/test/nature/ILSVRC2012_val_00031158.JPEG
28,BigGAN,448,GenImage_test/BigGAN/test/nature/ILSVRC2012_val_00025402.JPEG
28,BigGAN,449,GenImage_test/BigGAN/test/nature/ILSVRC2012_val_00019220.JPEG
28,BigGAN,450,GenImage_test/BigGAN/test/nature/ILSVRC2012_val_00034144.JPEG
28,BigGAN,451,GenImage_test/BigGAN/test/nature/ILSVRC2012_val_00041785.JPEG
28,BigGAN,452,GenImage_test/BigGAN/test/nature/ILSVRC2012_val_00032350.JPEG
28,BigGAN,453,GenImage_test/BigGAN/test/ai/077_biggan_00143.png
28,BigGAN,454,GenImage_test/BigGAN/test/ai/294_biggan_00074.png
28,BigGAN,455,GenImage_test/BigGAN/test/nature/ILSVRC2012_val_00024796.JPEG
28,BigGAN,456,GenImage_test/BigGAN/test/ai/375_biggan_00039.png
28,BigGAN,457,GenImage_test/BigGAN/test/ai/546_biggan_00143.png
28,BigGAN,458,GenImage_test/BigGAN/test/ai/082_biggan_00039.png
28,BigGAN,459,GenImage_test/BigGAN/test/ai/517_biggan_00020.png
28,BigGAN,460,GenImage_test/BigGAN/test/ai/779_biggan_00039.png
28,BigGAN,461,GenImage_test/BigGAN/test/ai/179_biggan_00143.png
28,BigGAN,462,GenImage_test/BigGAN/test/ai/676_biggan_00074.png
28,BigGAN,463,GenImage_test/BigGAN/test/nature/ILSVRC2012_val_00006663.JPEG
29,BigGAN,464,GenImage_test/BigGAN/test/nature/ILSVRC2012_val_00008781.JPEG
29,BigGAN,465,GenImage_test/BigGAN/test/nature/ILSVRC2012_val_00049549.JPEG
29,BigGAN,466,GenImage_test/BigGAN/test/ai/170_biggan_00039.png
29,BigGAN,467,GenImage_test/BigGAN/test/nature/ILSVRC2012_val_00036052.JPEG
29,BigGAN,468,GenImage_test/BigGAN/test/ai/320_biggan_00143.png
29,BigGAN,469,GenImage_test/BigGAN/test/nature/ILSVRC2012_val_00021648.JPEG
29,BigGAN,470,GenImage_test/BigGAN/test/nature/ILSVRC2012_val_00008739.JPEG
29,BigGAN,471,GenImage_test/BigGAN/test/nature/ILSVRC2012_val_00024869.JPEG
29,BigGAN,472,GenImage_test/BigGAN/test/ai/540_biggan_00143.png
29,BigGAN,473,GenImage_test/BigGAN/test/nature/ILSVRC2012_val_00047450.JPEG
29,BigGAN,474,GenImage_test/BigGAN/test/nature/ILSVRC2012_val_00006366.JPEG
29,BigGAN,475,GenImage_test/BigGAN/test/ai/653_biggan_00020.png
29,BigGAN,476,GenImage_test/BigGAN/test/nature/ILSVRC2012_val_00040276.JPEG
29,BigGAN,477,GenImage_test/BigGAN/test/nature/ILSVRC2012_val_00011984.JPEG
29,BigGAN,478,GenImage_test/BigGAN/test/nature/ILSVRC2012_val_00009973.JPEG
29,BigGAN,479,GenImage_test/BigGAN/test/ai/657_biggan_00039.png
30,BigGAN,480,GenImage_test/BigGAN/test/nature/ILSVRC2012_val_00016829.JPEG
30,BigGAN,481,GenImage_test/BigGAN/test/ai/432_biggan_00074.png
30,BigGAN,482,GenImage_test/BigGAN/test/nature/ILSVRC2012_val_00021066.JPEG
30,BigGAN,483,GenImage_test/BigGAN/test/ai/736_biggan_00035.png
30,BigGAN,484,GenImage_test/BigGAN/test/ai/146_biggan_00074.png
30,BigGAN,485,GenImage_test/BigGAN/test/nature/ILSVRC2012_val_00022792.JPEG
30,BigGAN,486,GenImage_test/BigGAN/test/nature/ILSVRC2012_val_00039448.JPEG
30,BigGAN,487,GenImage_test/BigGAN/test/ai/741_biggan_00127.png
30,BigGAN,488,GenImage_test/BigGAN/test/ai/375_biggan_00020.png
30,BigGAN,489,GenImage_test/BigGAN/test/nature/ILSVRC2012_val_00033101.JPEG
30,BigGAN,490,GenImage_test/BigGAN/test/ai/621_biggan_00020.png
30,BigGAN,491,GenImage_test/BigGAN/test/nature/ILSVRC2012_val_00020792.JPEG
30,BigGAN,492,GenImage_test/BigGAN/test/ai/743_biggan_00143.png
30,BigGAN,493,GenImage_test/BigGAN/test/ai/063_biggan_00074.png
30,BigGAN,494,GenImage_test/BigGAN/test/ai/582_biggan_00074.png
30,BigGAN,495,GenImage_test/BigGAN/test/nature/ILSVRC2012_val_00038899.JPEG
31,BigGAN,496,GenImage_test/BigGAN/test/nature/ILSVRC2012_val_00005213.JPEG
31,BigGAN,497,GenImage_test/BigGAN/test/ai/952_biggan_00039.png
31,BigGAN,498,GenImage_test/BigGAN/test/nature/ILSVRC2012_val_00044617.JPEG
31,BigGAN,499,GenImage_test/BigGAN/test/nature/ILSVRC2012_val_00021296.JPEG
31,BigGAN,500,GenImage_test/BigGAN/test/ai/955_biggan_00020.png
31,BigGAN,501,GenImage_test/BigGAN/test/ai/897_biggan_00020.png
31,BigGAN,502,GenImage_test/BigGAN/test/nature/ILSVRC2012_val_00034131.JPEG
31,BigGAN,503,GenImage_test/BigGAN/test/nature/ILSVRC2012_val_00001322.JPEG
31,BigGAN,504,GenImage_test/BigGAN/test/nature/ILSVRC2012_val_00020038.JPEG
31,BigGAN,505,GenImage_test/BigGAN/test/nature/ILSVRC2012_val_00048002.JPEG
31,BigGAN,506,GenImage_test/BigGAN/test/ai/390_biggan_00035.png
31,BigGAN,507,GenImage_test/BigGAN/test/nature/ILSVRC2012_val_00037791.JPEG
31,BigGAN,508,GenImage_test/BigGAN/test/ai/639_biggan_00020.png
31,BigGAN,509,GenImage_test/BigGAN/test/nature/ILSVRC2012_val_00006282.JPEG
31,BigGAN,510,GenImage_test/BigGAN/test/ai/919_biggan_00074.png
31,BigGAN,511,GenImage_test/BigGAN/test/ai/259_biggan_00039.png
32,BigGAN,512,GenImage_test/BigGAN/test/nature/ILSVRC2012_val_00042945.JPEG
32,BigGAN,513,GenImage_test/BigGAN/test/nature/ILSVRC2012_val_00030531.JPEG
32,BigGAN,514,GenImage_test/BigGAN/test/nature/ILSVRC2012_val_00027264.JPEG
32,BigGAN,515,GenImage_test/BigGAN/test/nature/ILSVRC2012_val_00038142.JPEG
32,BigGAN,516,GenImage_test/BigGAN/test/ai/922_biggan_00127.png
32,BigGAN,517,GenImage_test/BigGAN/test/ai/488_biggan_00020.png
32,BigGAN,518,GenImage_test/BigGAN/test/ai/141_biggan_00039.png
32,BigGAN,519,GenImage_test/BigGAN/test/nature/ILSVRC2012_val_00043920.JPEG
32,BigGAN,520,GenImage_test/BigGAN/test/ai/243_biggan_00127.png
32,BigGAN,521,GenImage_test/BigGAN/test/ai/148_biggan_00035.png
32,BigGAN,522,GenImage_test/BigGAN/test/nature/ILSVRC2012_val_00028444.JPEG
32,BigGAN,523,GenImage_test/BigGAN/test/ai/540_biggan_00020.png
32,BigGAN,524,GenImage_test/BigGAN/test/nature/ILSVRC2012_val_00006026.JPEG
32,BigGAN,525,GenImage_test/BigGAN/test/nature/ILSVRC2012_val_00005901.JPEG
32,BigGAN,526,GenImage_test/BigGAN/test/ai/198_biggan_00143.png
32,BigGAN,527,GenImage_test/BigGAN/test/nature/ILSVRC2012_val_00011516.JPEG
33,BigGAN,528,GenImage_test/BigGAN/test/ai/712_biggan_00074.png
33,BigGAN,529,GenImage_test/BigGAN/test/ai/501_biggan_00035.png
33,BigGAN,530,GenImage_test/BigGAN/test/nature/ILSVRC2012_val_00031744.JPEG
33,BigGAN,531,GenImage_test/BigGAN/test/ai/287_biggan_00074.png
33,BigGAN,532,GenImage_test/BigGAN/test/nature/ILSVRC2012_val_00016481.JPEG
33,BigGAN,533,GenImage_test/BigGAN/test/nature/ILSVRC2012_val_00015708.JPEG
33,BigGAN,534,GenImage_test/BigGAN/test/ai/758_biggan_00143.png
33,BigGAN,535,GenImage_test/BigGAN/test/ai/202_biggan_00020.png
33,BigGAN,536,GenImage_test/BigGAN/test/ai/655_biggan_00143.png
33,BigGAN,537,GenImage_test/BigGAN/test/ai/163_biggan_00143.png
33,BigGAN,538,GenImage_test/BigGAN/test/ai/616_biggan_00039.png
33,BigGAN,539,GenImage_test/BigGAN/test/ai/092_biggan_00039.png
33,BigGAN,540,GenImage_test/BigGAN/test/nature/ILSVRC2012_val_00020355.JPEG
33,BigGAN,541,GenImage_test/BigGAN/test/ai/739_biggan_00020.png
33,BigGAN,542,GenImage_test/BigGAN/test/nature/ILSVRC2012_val_00010967.JPEG
33,BigGAN,543,GenImage_test/BigGAN/test/nature/ILSVRC2012_val_00048104.JPEG
34,BigGAN,544,GenImage_test/BigGAN/test/ai/875_biggan_00039.png
34,BigGAN,545,GenImage_test/BigGAN/test/ai/295_biggan_00127.png
34,BigGAN,546,GenImage_test/BigGAN/test/nature/ILSVRC2012_val_00013398.JPEG
34,BigGAN,547,GenImage_test/BigGAN/test/nature/ILSVRC2012_val_00030577.JPEG
34,BigGAN,548,GenImage_test/BigGAN/test/ai/783_biggan_00074.png
34,BigGAN,549,GenImage_test/BigGAN/test/nature/ILSVRC2012_val_00048562.JPEG
34,BigGAN,550,GenImage_test/BigGAN/test/ai/235_biggan_00020.png
34,BigGAN,551,GenImage_test/BigGAN/test/ai/998_biggan_00035.png
34,BigGAN,552,GenImage_test/BigGAN/test/nature/ILSVRC2012_val_00007516.JPEG
34,BigGAN,553,GenImage_test/BigGAN/test/ai/766_biggan_00020.png
34,BigGAN,554,GenImage_test/BigGAN/test/ai/313_biggan_00035.png
34,BigGAN,555,GenImage_test/BigGAN/test/ai/872_biggan_00127.png
34,BigGAN,556,GenImage_test/BigGAN/test/nature/ILSVRC2012_val_00023735.JPEG
34,BigGAN,557,GenImage_test/BigGAN/test/nature/ILSVRC2012_val_00031992.JPEG
34,BigGAN,558,GenImage_test/BigGAN/test/ai/529_biggan_00020.png
34,BigGAN,559,GenImage_test/BigGAN/test/ai/155_biggan_00127.png
35,BigGAN,560,GenImage_test/BigGAN/test/ai/798_biggan_00143.png
35,BigGAN,561,GenImage_test/BigGAN/test/ai/774_biggan_00035.png
35,BigGAN,562,GenImage_test/BigGAN/test/nature/ILSVRC2012_val_00000897.JPEG
35,BigGAN,563,GenImage_test/BigGAN/test/ai/429_biggan_00127.png
35,BigGAN,564,GenImage_test/BigGAN/test/ai/112_biggan_00020.png
35,BigGAN,565,GenImage_test/BigGAN/test/ai/568_biggan_00127.png
35,BigGAN,566,GenImage_test/BigGAN/test/ai/927_biggan_00020.png
35,BigGAN,567,GenImage_test/BigGAN/test/nature/ILSVRC2012_val_00028961.JPEG
35,BigGAN,568,GenImage_test/BigGAN/test/nature/ILSVRC2012_val_00009394.JPEG
35,BigGAN,569,GenImage_test/BigGAN/test/nature/ILSVRC2012_val_00005993.JPEG
35,BigGAN,570,GenImage_test/BigGAN/test/ai/418_biggan_00035.png
35,BigGAN,571,GenImage_test/BigGAN/test/ai/426_biggan_00143.png
35,BigGAN,572,GenImage_test/BigGAN/test/nature/ILSVRC2012_val_00026446.JPEG
35,BigGAN,573,GenImage_test/BigGAN/test/ai/613_biggan_00035.png
35,BigGAN,574,GenImage_test/BigGAN/test/ai/179_biggan_00020.png
35,BigGAN,575,GenImage_test/BigGAN/test/ai/764_biggan_00127.png
36,BigGAN,576,GenImage_test/BigGAN/test/nature/ILSVRC2012_val_00015890.JPEG
36,BigGAN,577,GenImage_test/BigGAN/test/nature/ILSVRC2012_val_00024852.JPEG
36,BigGAN,578,GenImage_test/BigGAN/test/ai/444_biggan_00143.png
36,BigGAN,579,GenImage_test/BigGAN/test/ai/461_biggan_00127.png
36,BigGAN,580,GenImage_test/BigGAN/test/nature/ILSVRC2012_val_00049193.JPEG
36,BigGAN,581,GenImage_test/BigGAN/test/ai/778_biggan_00020.png
36,BigGAN,582,GenImage_test/BigGAN/test/nature/ILSVRC2012_val_00032817.JPEG
36,BigGAN,583,GenImage_test/BigGAN/test/nature/ILSVRC2012_val_00041910.JPEG
36,BigGAN,584,GenImage_test/BigGAN/test/nature/ILSVRC2012_val_00007242.JPEG
36,BigGAN,585,GenImage_test/BigGAN/test/ai/785_biggan_00035.png
36,BigGAN,586,GenImage_test/BigGAN/test/ai/543_biggan_00039.png
36,BigGAN,587,GenImage_test/BigGAN/test/nature/ILSVRC2012_val_00037594.JPEG
36,BigGAN,588,GenImage_test/BigGAN/test/ai/615_biggan_00039.png
36,BigGAN,589,GenImage_test/BigGAN/test/ai/417_biggan_00035.png
36,BigGAN,590,GenImage_test/BigGAN/test/ai/848_biggan_00039.png
36,BigGAN,591,GenImage_test/BigGAN/test/ai/154_biggan_00143.png
37,BigGAN,592,GenImage_test/BigGAN/test/nature/ILSVRC2012_val_00037859.JPEG
37,BigGAN,593,GenImage_test/BigGAN/test/nature/ILSVRC2012_val_00004111.JPEG
37,BigGAN,594,GenImage_test/BigGAN/test/nature/ILSVRC2012_val_00041529.JPEG
37,BigGAN,595,GenImage_test/BigGAN/test/nature/ILSVRC2012_val_00026772.JPEG
37,BigGAN,596,GenImage_test/BigGAN/test/nature/ILSVRC2012_val_00011585.JPEG
37,BigGAN,597,GenImage_test/BigGAN/test/nature/ILSVRC2012_val_00034312.JPEG
37,BigGAN,598,GenImage_test/BigGAN/test/nature/ILSVRC2012_val_00023400.JPEG
37,BigGAN,599,GenImage_test/BigGAN/test/ai/441_biggan_00020.png
37,BigGAN,600,GenImage_test/BigGAN/test/ai/986_biggan_00020.png
37,BigGAN,601,GenImage_test/BigGAN/test/ai/485_biggan_00039.png
37,BigGAN,602,GenImage_test/BigGAN/test/nature/ILSVRC2012_val_00007559.JPEG
37,BigGAN,603,GenImage_test/BigGAN/test/ai/054_biggan_00039.png
37,BigGAN,604,GenImage_test/BigGAN/test/nature/ILSVRC2012_val_00025883.JPEG
37,BigGAN,605,GenImage_test/BigGAN/test/nature/ILSVRC2012_val_00028414.JPEG
37,BigGAN,606,GenImage_test/BigGAN/test/ai/158_biggan_00143.png
37,BigGAN,607,GenImage_test/BigGAN/test/nature/ILSVRC2012_val_00012106.JPEG
38,BigGAN,608,GenImage_test/BigGAN/test/ai/723_biggan_00039.png
38,BigGAN,609,GenImage_test/BigGAN/test/ai/451_biggan_00020.png
38,BigGAN,610,GenImage_test/BigGAN/test/nature/ILSVRC2012_val_00016155.JPEG
38,BigGAN,611,GenImage_test/BigGAN/test/nature/ILSVRC2012_val_00048879.JPEG
38,BigGAN,612,GenImage_test/BigGAN/test/ai/363_biggan_00143.png
38,BigGAN,613,GenImage_test/BigGAN/test/ai/715_biggan_00074.png
38,BigGAN,614,GenImage_test/BigGAN/test/nature/ILSVRC2012_val_00007911.JPEG
38,BigGAN,615,GenImage_test/BigGAN/test/ai/768_biggan_00035.png
38,BigGAN,616,GenImage_test/BigGAN/test/nature/ILSVRC2012_val_00041639.JPEG
38,BigGAN,617,GenImage_test/BigGAN/test/ai/464_biggan_00143.png
38,BigGAN,618,GenImage_test/BigGAN/test/nature/ILSVRC2012_val_00026777.JPEG
38,BigGAN,619,GenImage_test/BigGAN/test/ai/998_biggan_00039.png
38,BigGAN,620,GenImage_test/BigGAN/test/nature/ILSVRC2012_val_00021323.JPEG
38,BigGAN,621,GenImage_test/BigGAN/test/nature/ILSVRC2012_val_00040313.JPEG
38,BigGAN,622,GenImage_test/BigGAN/test/nature/ILSVRC2012_val_00025618.JPEG
38,BigGAN,623,GenImage_test/BigGAN/test/ai/727_biggan_00035.png
39,BigGAN,624,GenImage_test/BigGAN/test/nature/ILSVRC2012_val_00036022.JPEG
39,BigGAN,625,GenImage_test/BigGAN/test/nature/ILSVRC2012_val_00045255.JPEG
39,BigGAN,626,GenImage_test/BigGAN/test/nature/ILSVRC2012_val_00043066.JPEG
39,BigGAN,627,GenImage_test/BigGAN/test/ai/566_biggan_00039.png
39,BigGAN,628,GenImage_test/BigGAN/test/ai/946_biggan_00127.png
39,BigGAN,629,GenImage_test/BigGAN/test/nature/ILSVRC2012_val_00035383.JPEG
39,BigGAN,630,GenImage_test/BigGAN/test/nature/ILSVRC2012_val_00044348.JPEG
39,BigGAN,631,GenImage_test/BigGAN/test/ai/532_biggan_00020.png
39,BigGAN,632,GenImage_test/BigGAN/test/ai/562_biggan_00039.png
39,BigGAN,633,GenImage_test/BigGAN/test/ai/818_biggan_00035.png
39,BigGAN,634,GenImage_test/BigGAN/test/nature/ILSVRC2012_val_00015054.JPEG
39,BigGAN,635,GenImage_test/BigGAN/test/nature/ILSVRC2012_val_00021001.JPEG
39,BigGAN,636,GenImage_test/BigGAN/test/nature/ILSVRC2012_val_00046396.JPEG
39,BigGAN,637,GenImage_test/BigGAN/test/nature/ILSVRC2012_val_00040852.JPEG
39,BigGAN,638,GenImage_test/BigGAN/test/ai/930_biggan_00127.png
39,BigGAN,639,GenImage_test/BigGAN/test/nature/ILSVRC2012_val_00006014.JPEG
40,BigGAN,640,GenImage_test/BigGAN/test/nature/ILSVRC2012_val_00035023.JPEG
40,BigGAN,641,GenImage_test/BigGAN/test/nature/ILSVRC2012_val_00020246.JPEG
40,BigGAN,642,GenImage_test/BigGAN/test/nature/ILSVRC2012_val_00049708.JPEG
40,BigGAN,643,GenImage_test/BigGAN/test/nature/ILSVRC2012_val_00035233.JPEG
40,BigGAN,644,GenImage_test/BigGAN/test/ai/472_biggan_00143.png
40,BigGAN,645,GenImage_test/BigGAN/test/nature/ILSVRC2012_val_00018716.JPEG
40,BigGAN,646,GenImage_test/BigGAN/test/ai/860_biggan_00127.png
40,BigGAN,647,GenImage_test/BigGAN/test/nature/ILSVRC2012_val_00048458.JPEG
40,BigGAN,648,GenImage_test/BigGAN/test/ai/052_biggan_00127.png
40,BigGAN,649,GenImage_test/BigGAN/test/ai/400_biggan_00143.png
40,BigGAN,650,GenImage_test/BigGAN/test/ai/294_biggan_00127.png
40,BigGAN,651,GenImage_test/BigGAN/test/nature/ILSVRC2012_val_00031205.JPEG
40,BigGAN,652,GenImage_test/BigGAN/test/nature/ILSVRC2012_val_00017033.JPEG
40,BigGAN,653,GenImage_test/BigGAN/test/nature/ILSVRC2012_val_00031081.JPEG
40,BigGAN,654,GenImage_test/BigGAN/test/ai/559_biggan_00127.png
40,BigGAN,655,GenImage_test/BigGAN/test/ai/657_biggan_00127.png
41,BigGAN,656,GenImage_test/BigGAN/test/nature/ILSVRC2012_val_00008435.JPEG
41,BigGAN,657,GenImage_test/BigGAN/test/ai/379_biggan_00020.png
41,BigGAN,658,GenImage_test/BigGAN/test/nature/ILSVRC2012_val_00042155.JPEG
41,BigGAN,659,GenImage_test/BigGAN/test/nature/ILSVRC2012_val_00032277.JPEG
41,BigGAN,660,GenImage_test/BigGAN/test/ai/977_biggan_00039.png
41,BigGAN,661,GenImage_test/BigGAN/test/ai/965_biggan_00020.png
41,BigGAN,662,GenImage_test/BigGAN/test/nature/ILSVRC2012_val_00018515.JPEG
41,BigGAN,663,GenImage_test/BigGAN/test/nature/ILSVRC2012_val_00041354.JPEG
41,BigGAN,664,GenImage_test/BigGAN/test/nature/ILSVRC2012_val_00039711.JPEG
41,BigGAN,665,GenImage_test/BigGAN/test/ai/139_biggan_00035.png
41,BigGAN,666,GenImage_test/BigGAN/test/nature/ILSVRC2012_val_00049362.JPEG
41,BigGAN,667,GenImage_test/BigGAN/test/ai/526_biggan_00020.png
41,BigGAN,668,GenImage_test/BigGAN/test/nature/ILSVRC2012_val_00034557.JPEG
41,BigGAN,669,GenImage_test/BigGAN/test/ai/245_biggan_00127.png
41,BigGAN,670,GenImage_test/BigGAN/test/ai/968_biggan_00035.png
41,BigGAN,671,GenImage_test/BigGAN/test/ai/155_biggan_00143.png
42,BigGAN,672,GenImage_test/BigGAN/test/ai/842_biggan_00127.png
42,BigGAN,673,GenImage_test/BigGAN/test/ai/920_biggan_00074.png
42,BigGAN,674,GenImage_test/BigGAN/test/ai/380_biggan_00039.png
42,BigGAN,675,GenImage_test/BigGAN/test/ai/576_biggan_00039.png
42,BigGAN,676,GenImage_test/BigGAN/test/nature/ILSVRC2012_val_00046492.JPEG
42,BigGAN,677,GenImage_test/BigGAN/test/ai/172_biggan_00039.png
42,BigGAN,678,GenImage_test/BigGAN/test/ai/300_biggan_00020.png
42,BigGAN,679,GenImage_test/BigGAN/test/ai/189_biggan_00074.png
42,BigGAN,680,GenImage_test/BigGAN/test/nature/ILSVRC2012_val_00018029.JPEG
42,BigGAN,681,GenImage_test/BigGAN/test/nature/ILSVRC2012_val_00013584.JPEG
42,BigGAN,682,GenImage_test/BigGAN/test/ai/337_biggan_00143.png
42,BigGAN,683,GenImage_test/BigGAN/test/nature/ILSVRC2012_val_00047820.JPEG
42,BigGAN,684,GenImage_test/BigGAN/test/nature/ILSVRC2012_val_00015205.JPEG
42,BigGAN,685,GenImage_test/BigGAN/test/nature/ILSVRC2012_val_00031549.JPEG
42,BigGAN,686,GenImage_test/BigGAN/test/nature/ILSVRC2012_val_00035198.JPEG
42,BigGAN,687,GenImage_test/BigGAN/test/nature/ILSVRC2012_val_00046351.JPEG
43,BigGAN,688,GenImage_test/BigGAN/test/nature/ILSVRC2012_val_00027646.JPEG
43,BigGAN,689,GenImage_test/BigGAN/test/ai/149_biggan_00143.png
43,BigGAN,690,GenImage_test/BigGAN/test/nature/ILSVRC2012_val_00022860.JPEG
43,BigGAN,691,GenImage_test/BigGAN/test/ai/309_biggan_00020.png
43,BigGAN,692,GenImage_test/BigGAN/test/ai/203_biggan_00039.png
43,BigGAN,693,GenImage_test/BigGAN/test/nature/ILSVRC2012_val_00036425.JPEG
43,BigGAN,694,GenImage_test/BigGAN/test/nature/ILSVRC2012_val_00004531.JPEG
43,BigGAN,695,GenImage_test/BigGAN/test/ai/081_biggan_00074.png
43,BigGAN,696,GenImage_test/BigGAN/test/ai/630_biggan_00039.png
43,BigGAN,697,GenImage_test/BigGAN/test/ai/678_biggan_00039.png
43,BigGAN,698,GenImage_test/BigGAN/test/nature/ILSVRC2012_val_00029719.JPEG
43,BigGAN,699,GenImage_test/BigGAN/test/nature/ILSVRC2012_val_00029628.JPEG
43,BigGAN,700,GenImage_test/BigGAN/test/ai/658_biggan_00020.png
43,BigGAN,701,GenImage_test/BigGAN/test/nature/ILSVRC2012_val_00024692.JPEG
43,BigGAN,702,GenImage_test/BigGAN/test/ai/974_biggan_00020.png
43,BigGAN,703,GenImage_test/BigGAN/test/nature/ILSVRC2012_val_00041686.JPEG
44,BigGAN,704,GenImage_test/BigGAN/test/ai/220_biggan_00035.png
44,BigGAN,705,GenImage_test/BigGAN/test/ai/949_biggan_00039.png
44,BigGAN,706,GenImage_test/BigGAN/test/nature/ILSVRC2012_val_00024424.JPEG
44,BigGAN,707,GenImage_test/BigGAN/test/nature/ILSVRC2012_val_00045937.JPEG
44,BigGAN,708,GenImage_test/BigGAN/test/nature/ILSVRC2012_val_00029661.JPEG
44,BigGAN,709,GenImage_test/BigGAN/test/ai/967_biggan_00143.png
44,BigGAN,710,GenImage_test/BigGAN/test/nature/ILSVRC2012_val_00003549.JPEG
44,BigGAN,711,GenImage_test/BigGAN/test/nature/ILSVRC2012_val_00015425.JPEG
44,BigGAN,712,GenImage_test/BigGAN/test/ai/031_biggan_00035.png
44,BigGAN,713,GenImage_test/BigGAN/test/nature/ILSVRC2012_val_00005223.JPEG
44,BigGAN,714,GenImage_test/BigGAN/test/nature/ILSVRC2012_val_00022250.JPEG
44,BigGAN,715,GenImage_test/BigGAN/test/ai/883_biggan_00035.png
44,BigGAN,716,GenImage_test/BigGAN/test/ai/918_biggan_00035.png
44,BigGAN,717,GenImage_test/BigGAN/test/ai/465_biggan_00039.png
44,BigGAN,718,GenImage_test/BigGAN/test/nature/ILSVRC2012_val_00038508.JPEG
44,BigGAN,719,GenImage_test/BigGAN/test/ai/188_biggan_00127.png
45,BigGAN,720,GenImage_test/BigGAN/test/nature/ILSVRC2012_val_00048936.JPEG
45,BigGAN,721,GenImage_test/BigGAN/test/nature/ILSVRC2012_val_00023351.JPEG
45,BigGAN,722,GenImage_test/BigGAN/test/ai/614_biggan_00039.png
45,BigGAN,723,GenImage_test/BigGAN/test/ai/071_biggan_00035.png
45,BigGAN,724,GenImage_test/BigGAN/test/nature/ILSVRC2012_val_00036490.JPEG
45,BigGAN,725,GenImage_test/BigGAN/test/ai/340_biggan_00020.png
45,BigGAN,726,GenImage_test/BigGAN/test/ai/737_biggan_00127.png
45,BigGAN,727,GenImage_test/BigGAN/test/nature/ILSVRC2012_val_00038371.JPEG
45,BigGAN,728,GenImage_test/BigGAN/test/ai/784_biggan_00074.png
45,BigGAN,729,GenImage_test/BigGAN/test/ai/377_biggan_00074.png
45,BigGAN,730,GenImage_test/BigGAN/test/ai/368_biggan_00020.png
45,BigGAN,731,GenImage_test/BigGAN/test/nature/ILSVRC2012_val_00015165.JPEG
45,BigGAN,732,GenImage_test/BigGAN/test/nature/ILSVRC2012_val_00006979.JPEG
45,BigGAN,733,GenImage_test/BigGAN/test/ai/837_biggan_00143.png
45,BigGAN,734,GenImage_test/BigGAN/test/ai/807_biggan_00039.png
45,BigGAN,735,GenImage_test/BigGAN/test/nature/ILSVRC2012_val_00007203.JPEG
46,BigGAN,736,GenImage_test/BigGAN/test/ai/409_biggan_00127.png
46,BigGAN,737,GenImage_test/BigGAN/test/nature/ILSVRC2012_val_00044162.JPEG
46,BigGAN,738,GenImage_test/BigGAN/test/ai/051_biggan_00143.png
46,BigGAN,739,GenImage_test/BigGAN/test/ai/568_biggan_00020.png
46,BigGAN,740,GenImage_test/BigGAN/test/nature/ILSVRC2012_val_00002553.JPEG
46,BigGAN,741,GenImage_test/BigGAN/test/nature/ILSVRC2012_val_00011163.JPEG
46,BigGAN,742,GenImage_test/BigGAN/test/nature/ILSVRC2012_val_00024305.JPEG
46,BigGAN,743,GenImage_test/BigGAN/test/nature/ILSVRC2012_val_00044607.JPEG
46,BigGAN,744,GenImage_test/BigGAN/test/ai/635_biggan_00020.png
46,BigGAN,745,GenImage_test/BigGAN/test/ai/292_biggan_00074.png
46,BigGAN,746,GenImage_test/BigGAN/test/nature/ILSVRC2012_val_00045413.JPEG
46,BigGAN,747,GenImage_test/BigGAN/test/ai/865_biggan_00143.png
46,BigGAN,748,GenImage_test/BigGAN/test/nature/ILSVRC2012_val_00045491.JPEG
46,BigGAN,749,GenImage_test/BigGAN/test/nature/ILSVRC2012_val_00046541.JPEG
46,BigGAN,750,GenImage_test/BigGAN/test/ai/671_biggan_00074.png
46,BigGAN,751,GenImage_test/BigGAN/test/ai/039_biggan_00039.png
47,BigGAN,752,GenImage_test/BigGAN/test/ai/650_biggan_00127.png
47,BigGAN,753,GenImage_test/BigGAN/test/ai/938_biggan_00020.png
47,BigGAN,754,GenImage_test/BigGAN/test/nature/ILSVRC2012_val_00031831.JPEG
47,BigGAN,755,GenImage_test/BigGAN/test/ai/123_biggan_00143.png
47,BigGAN,756,GenImage_test/BigGAN/test/nature/ILSVRC2012_val_00044849.JPEG
47,BigGAN,757,GenImage_test/BigGAN/test/nature/ILSVRC2012_val_00019452.JPEG
47,BigGAN,758,GenImage_test/BigGAN/test/ai/223_biggan_00143.png
47,BigGAN,759,GenImage_test/BigGAN/test/nature/ILSVRC2012_val_00047043.JPEG
47,BigGAN,760,GenImage_test/BigGAN/test/ai/843_biggan_00143.png
47,BigGAN,761,GenImage_test/BigGAN/test/ai/133_biggan_00143.png
47,BigGAN,762,GenImage_test/BigGAN/test/ai/353_biggan_00039.png
47,BigGAN,763,GenImage_test/BigGAN/test/ai/677_biggan_00039.png
47,BigGAN,764,GenImage_test/BigGAN/test/nature/ILSVRC2012_val_00009548.JPEG
47,BigGAN,765,GenImage_test/BigGAN/test/nature/ILSVRC2012_val_00008414.JPEG
47,BigGAN,766,GenImage_test/BigGAN/test/nature/ILSVRC2012_val_00018706.JPEG
47,BigGAN,767,GenImage_test/BigGAN/test/ai/583_biggan_00143.png
48,BigGAN,768,GenImage_test/BigGAN/test/nature/ILSVRC2012_val_00045484.JPEG
48,BigGAN,769,GenImage_test/BigGAN/test/nature/ILSVRC2012_val_00017752.JPEG
48,BigGAN,770,GenImage_test/BigGAN/test/ai/879_biggan_00074.png
48,BigGAN,771,GenImage_test/BigGAN/test/ai/642_biggan_00039.png
48,BigGAN,772,GenImage_test/BigGAN/test/ai/526_biggan_00035.png
48,BigGAN,773,GenImage_test/BigGAN/test/nature/ILSVRC2012_val_00021904.JPEG
48,BigGAN,774,GenImage_test/BigGAN/test/nature/ILSVRC2012_val_00001683.JPEG
48,BigGAN,775,GenImage_test/BigGAN/test/nature/ILSVRC2012_val_00007935.JPEG
48,BigGAN,776,GenImage_test/BigGAN/test/ai/045_biggan_00074.png
48,BigGAN,777,GenImage_test/BigGAN/test/ai/450_biggan_00143.png
48,BigGAN,778,GenImage_test/BigGAN/test/ai/454_biggan_00143.png
48,BigGAN,779,GenImage_test/BigGAN/test/nature/ILSVRC2012_val_00015679.JPEG
48,BigGAN,780,GenImage_test/BigGAN/test/ai/020_biggan_00127.png
48,BigGAN,781,GenImage_test/BigGAN/test/ai/271_biggan_00020.png
48,BigGAN,782,GenImage_test/BigGAN/test/nature/ILSVRC2012_val_00021872.JPEG
48,BigGAN,783,GenImage_test/BigGAN/test/ai/364_biggan_00127.png
49,BigGAN,784,GenImage_test/BigGAN/test/nature/ILSVRC2012_val_00049234.JPEG
49,BigGAN,785,GenImage_test/BigGAN/test/nature/ILSVRC2012_val_00009419.JPEG
49,BigGAN,786,GenImage_test/BigGAN/test/nature/ILSVRC2012_val_00002638.JPEG
49,BigGAN,787,GenImage_test/BigGAN/test/nature/ILSVRC2012_val_00004351.JPEG
49,BigGAN,788,GenImage_test/BigGAN/test/nature/ILSVRC2012_val_00009213.JPEG
49,BigGAN,789,GenImage_test/BigGAN/test/nature/ILSVRC2012_val_00002832.JPEG
49,BigGAN,790,GenImage_test/BigGAN/test/ai/481_biggan_00143.png
49,BigGAN,791,GenImage_test/BigGAN/test/ai/688_biggan_00035.png
49,BigGAN,792,GenImage_test/BigGAN/test/nature/ILSVRC2012_val_00015784.JPEG
49,BigGAN,793,GenImage_test/BigGAN/test/nature/ILSVRC2012_val_00032815.JPEG
49,BigGAN,794,GenImage_test/BigGAN/test/nature/ILSVRC2012_val_00016179.JPEG
49,BigGAN,795,GenImage_test/BigGAN/test/ai/192_biggan_00039.png
49,BigGAN,796,GenImage_test/BigGAN/test/ai/234_biggan_00020.png
49,BigGAN,797,GenImage_test/BigGAN/test/ai/914_biggan_00143.png
49,BigGAN,798,GenImage_test/BigGAN/test/nature/ILSVRC2012_val_00038318.JPEG
49,BigGAN,799,GenImage_test/BigGAN/test/nature/ILSVRC2012_val_00006292.JPEG
50,BigGAN,800,GenImage_test/BigGAN/test/nature/ILSVRC2012_val_00045766.JPEG
50,BigGAN,801,GenImage_test/BigGAN/test/ai/474_biggan_00143.png
50,BigGAN,802,GenImage_test/BigGAN/test/nature/ILSVRC2012_val_00006186.JPEG
50,BigGAN,803,GenImage_test/BigGAN/test/ai/080_biggan_00127.png
50,BigGAN,804,GenImage_test/BigGAN/test/nature/ILSVRC2012_val_00015412.JPEG
50,BigGAN,805,GenImage_test/BigGAN/test/nature/ILSVRC2012_val_00023129.JPEG
50,BigGAN,806,GenImage_test/BigGAN/test/ai/224_biggan_00143.png
50,BigGAN,807,GenImage_test/BigGAN/test/ai/264_biggan_00039.png
50,BigGAN,808,GenImage_test/BigGAN/test/nature/ILSVRC2012_val_00038464.JPEG
50,BigGAN,809,GenImage_test/BigGAN/test/nature/ILSVRC2012_val_00037929.JPEG
50,BigGAN,810,GenImage_test/BigGAN/test/ai/949_biggan_00020.png
50,BigGAN,811,GenImage_test/BigGAN/test/nature/ILSVRC2012_val_00029193.JPEG
50,BigGAN,812,GenImage_test/BigGAN/test/nature/ILSVRC2012_val_00025740.JPEG
50,BigGAN,813,GenImage_test/BigGAN/test/nature/ILSVRC2012_val_00000067.JPEG
50,BigGAN,814,GenImage_test/BigGAN/test/nature/ILSVRC2012_val_00037420.JPEG
50,BigGAN,815,GenImage_test/BigGAN/test/nature/ILSVRC2012_val_00027697.JPEG
51,BigGAN,816,GenImage_test/BigGAN/test/nature/ILSVRC2012_val_00000665.JPEG
51,BigGAN,817,GenImage_test/BigGAN/test/nature/ILSVRC2012_val_00026208.JPEG
51,BigGAN,818,GenImage_test/BigGAN/test/ai/359_biggan_00127.png
51,BigGAN,819,GenImage_test/BigGAN/test/ai/538_biggan_00127.png
51,BigGAN,820,GenImage_test/BigGAN/test/nature/ILSVRC2012_val_00024422.JPEG
51,BigGAN,821,GenImage_test/BigGAN/test/ai/341_biggan_00074.png
51,BigGAN,822,GenImage_test/BigGAN/test/nature/ILSVRC2012_val_00033444.JPEG
51,BigGAN,823,GenImage_test/BigGAN/test/ai/464_biggan_00039.png
51,BigGAN,824,GenImage_test/BigGAN/test/nature/ILSVRC2012_val_00036178.JPEG
51,BigGAN,825,GenImage_test/BigGAN/test/nature/ILSVRC2012_val_00025676.JPEG
51,BigGAN,826,GenImage_test/BigGAN/test/nature/ILSVRC2012_val_00009694.JPEG
51,BigGAN,827,GenImage_test/BigGAN/test/nature/ILSVRC2012_val_00018031.JPEG
51,BigGAN,828,GenImage_test/BigGAN/test/ai/511_biggan_00074.png
51,BigGAN,829,GenImage_test/BigGAN/test/ai/909_biggan_00074.png
51,BigGAN,830,GenImage_test/BigGAN/test/ai/052_biggan_00035.png
51,BigGAN,831,GenImage_test/BigGAN/test/nature/ILSVRC2012_val_00003677.JPEG
52,BigGAN,832,GenImage_test/BigGAN/test/ai/716_biggan_00039.png
52,BigGAN,833,GenImage_test/BigGAN/test/ai/758_biggan_00020.png
52,BigGAN,834,GenImage_test/BigGAN/test/nature/ILSVRC2012_val_00035330.JPEG
52,BigGAN,835,GenImage_test/BigGAN/test/nature/ILSVRC2012_val_00003293.JPEG
52,BigGAN,836,GenImage_test/BigGAN/test/ai/298_biggan_00127.png
52,BigGAN,837,GenImage_test/BigGAN/test/ai/515_biggan_00035.png
52,BigGAN,838,GenImage_test/BigGAN/test/nature/ILSVRC2012_val_00025439.JPEG
52,BigGAN,839,GenImage_test/BigGAN/test/nature/ILSVRC2012_val_00003475.JPEG
52,BigGAN,840,GenImage_test/BigGAN/test/ai/733_biggan_00020.png
52,BigGAN,841,GenImage_test/BigGAN/test/ai/417_biggan_00039.png
52,BigGAN,842,GenImage_test/BigGAN/test/nature/ILSVRC2012_val_00039148.JPEG
52,BigGAN,843,GenImage_test/BigGAN/test/nature/ILSVRC2012_val_00026130.JPEG
52,BigGAN,844,GenImage_test/BigGAN/test/nature/ILSVRC2012_val_00006163.JPEG
52,BigGAN,845,GenImage_test/BigGAN/test/nature/ILSVRC2012_val_00035667.JPEG
52,BigGAN,846,GenImage_test/BigGAN/test/ai/775_biggan_00020.png
52,BigGAN,847,GenImage_test/BigGAN/test/nature/ILSVRC2012_val_00008378.JPEG
53,BigGAN,848,GenImage_test/BigGAN/test/nature/ILSVRC2012_val_00009823.JPEG
53,BigGAN,849,GenImage_test/BigGAN/test/nature/ILSVRC2012_val_00043523.JPEG
53,BigGAN,850,GenImage_test/BigGAN/test/nature/ILSVRC2012_val_00002138.JPEG
53,BigGAN,851,GenImage_test/BigGAN/test/nature/ILSVRC2012_val_00002430.JPEG
53,BigGAN,852,GenImage_test/BigGAN/test/nature/ILSVRC2012_val_00027020.JPEG
53,BigGAN,853,GenImage_test/BigGAN/test/nature/ILSVRC2012_val_00043555.JPEG
53,BigGAN,854,GenImage_test/BigGAN/test/nature/ILSVRC2012_val_00020889.JPEG
53,BigGAN,855,GenImage_test/BigGAN/test/ai/090_biggan_00127.png
53,BigGAN,856,GenImage_test/BigGAN/test/ai/680_biggan_00127.png
53,BigGAN,857,GenImage_test/BigGAN/test/nature/ILSVRC2012_val_00004449.JPEG
53,BigGAN,858,GenImage_test/BigGAN/test/nature/ILSVRC2012_val_00006231.JPEG
53,BigGAN,859,GenImage_test/BigGAN/test/ai/301_biggan_00039.png
53,BigGAN,860,GenImage_test/BigGAN/test/nature/ILSVRC2012_val_00024449.JPEG
53,BigGAN,861,GenImage_test/BigGAN/test/nature/ILSVRC2012_val_00019351.JPEG
53,BigGAN,862,GenImage_test/BigGAN/test/ai/786_biggan_00020.png
53,BigGAN,863,GenImage_test/BigGAN/test/ai/585_biggan_00039.png
54,BigGAN,864,GenImage_test/BigGAN/test/ai/602_biggan_00074.png
54,BigGAN,865,GenImage_test/BigGAN/test/nature/ILSVRC2012_val_00009074.JPEG
54,BigGAN,866,GenImage_test/BigGAN/test/nature/ILSVRC2012_val_00049497.JPEG
54,BigGAN,867,GenImage_test/BigGAN/test/ai/882_biggan_00035.png
54,BigGAN,868,GenImage_test/BigGAN/test/ai/930_biggan_00143.png
54,BigGAN,869,GenImage_test/BigGAN/test/ai/631_biggan_00039.png
54,BigGAN,870,GenImage_test/BigGAN/test/nature/ILSVRC2012_val_00032987.JPEG
54,BigGAN,871,GenImage_test/BigGAN/test/nature/ILSVRC2012_val_00026118.JPEG
54,BigGAN,872,GenImage_test/BigGAN/test/nature/ILSVRC2012_val_00046990.JPEG
54,BigGAN,873,GenImage_test/BigGAN/test/nature/ILSVRC2012_val_00015581.JPEG
54,BigGAN,874,GenImage_test/BigGAN/test/nature/ILSVRC2012_val_00004249.JPEG
54,BigGAN,875,GenImage_test/BigGAN/test/nature/ILSVRC2012_val_00001138.JPEG
54,BigGAN,876,GenImage_test/BigGAN/test/nature/ILSVRC2012_val_00018278.JPEG
54,BigGAN,877,GenImage_test/BigGAN/test/ai/613_biggan_00020.png
54,BigGAN,878,GenImage_test/BigGAN/test/ai/776_biggan_00127.png
54,BigGAN,879,GenImage_test/BigGAN/test/ai/282_biggan_00039.png
55,BigGAN,880,GenImage_test/BigGAN/test/ai/466_biggan_00039.png
55,BigGAN,881,GenImage_test/BigGAN/test/ai/172_biggan_00020.png
55,BigGAN,882,GenImage_test/BigGAN/test/ai/211_biggan_00143.png
55,BigGAN,883,GenImage_test/BigGAN/test/ai/072_biggan_00035.png
55,BigGAN,884,GenImage_test/BigGAN/test/nature/ILSVRC2012_val_00028007.JPEG
55,BigGAN,885,GenImage_test/BigGAN/test/nature/ILSVRC2012_val_00040241.JPEG
55,BigGAN,886,GenImage_test/BigGAN/test/nature/ILSVRC2012_val_00026920.JPEG
55,BigGAN,887,GenImage_test/BigGAN/test/ai/124_biggan_00035.png
55,BigGAN,888,GenImage_test/BigGAN/test/nature/ILSVRC2012_val_00007256.JPEG
55,BigGAN,889,GenImage_test/BigGAN/test/ai/281_biggan_00035.png
55,BigGAN,890,GenImage_test/BigGAN/test/ai/753_biggan_00020.png
55,BigGAN,891,GenImage_test/BigGAN/test/ai/687_biggan_00020.png
55,BigGAN,892,GenImage_test/BigGAN/test/ai/891_biggan_00039.png
55,BigGAN,893,GenImage_test/BigGAN/test/nature/ILSVRC2012_val_00008083.JPEG
55,BigGAN,894,GenImage_test/BigGAN/test/nature/ILSVRC2012_val_00037747.JPEG
55,BigGAN,895,GenImage_test/BigGAN/test/ai/735_biggan_00074.png
56,BigGAN,896,GenImage_test/BigGAN/test/ai/069_biggan_00035.png
56,BigGAN,897,GenImage_test/BigGAN/test/nature/ILSVRC2012_val_00022255.JPEG
56,BigGAN,898,GenImage_test/BigGAN/test/ai/709_biggan_00039.png
56,BigGAN,899,GenImage_test/BigGAN/test/nature/ILSVRC2012_val_00019621.JPEG
56,BigGAN,900,GenImage_test/BigGAN/test/ai/644_biggan_00020.png
56,BigGAN,901,GenImage_test/BigGAN/test/nature/ILSVRC2012_val_00013127.JPEG
56,BigGAN,902,GenImage_test/BigGAN/test/ai/580_biggan_00039.png
56,BigGAN,903,GenImage_test/BigGAN/test/nature/ILSVRC2012_val_00035148.JPEG
56,BigGAN,904,GenImage_test/BigGAN/test/ai/505_biggan_00127.png
56,BigGAN,905,GenImage_test/BigGAN/test/ai/684_biggan_00143.png
56,BigGAN,906,GenImage_test/BigGAN/test/nature/ILSVRC2012_val_00033877.JPEG
56,BigGAN,907,GenImage_test/BigGAN/test/ai/585_biggan_00143.png
56,BigGAN,908,GenImage_test/BigGAN/test/nature/ILSVRC2012_val_00015859.JPEG
56,BigGAN,909,GenImage_test/BigGAN/test/nature/ILSVRC2012_val_00045132.JPEG
56,BigGAN,910,GenImage_test/BigGAN/test/nature/ILSVRC2012_val_00034688.JPEG
56,BigGAN,911,GenImage_test/BigGAN/test/ai/576_biggan_00127.png
57,BigGAN,912,GenImage_test/BigGAN/test/nature/ILSVRC2012_val_00027379.JPEG
57,BigGAN,913,GenImage_test/BigGAN/test/ai/582_biggan_00143.png
57,BigGAN,914,GenImage_test/BigGAN/test/nature/ILSVRC2012_val_00043965.JPEG
57,BigGAN,915,GenImage_test/BigGAN/test/nature/ILSVRC2012_val_00045212.JPEG
57,BigGAN,916,GenImage_test/BigGAN/test/ai/307_biggan_00039.png
57,BigGAN,917,GenImage_test/BigGAN/test/nature/ILSVRC2012_val_00012667.JPEG
57,BigGAN,918,GenImage_test/BigGAN/test/ai/040_biggan_00143.png
57,BigGAN,919,GenImage_test/BigGAN/test/nature/ILSVRC2012_val_00031554.JPEG
57,BigGAN,920,GenImage_test/BigGAN/test/nature/ILSVRC2012_val_00036707.JPEG
57,BigGAN,921,GenImage_test/BigGAN/test/nature/ILSVRC2012_val_00016600.JPEG
57,BigGAN,922,GenImage_test/BigGAN/test/nature/ILSVRC2012_val_00022258.JPEG
57,BigGAN,923,GenImage_test/BigGAN/test/ai/738_biggan_00020.png
57,BigGAN,924,GenImage_test/BigGAN/test/ai/899_biggan_00074.png
57,BigGAN,925,GenImage_test/BigGAN/test/nature/ILSVRC2012_val_00042894.JPEG
57,BigGAN,926,GenImage_test/BigGAN/test/ai/771_biggan_00020.png
57,BigGAN,927,GenImage_test/BigGAN/test/nature/ILSVRC2012_val_00046764.JPEG
58,BigGAN,928,GenImage_test/BigGAN/test/ai/470_biggan_00143.png
58,BigGAN,929,GenImage_test/BigGAN/test/ai/202_biggan_00035.png
58,BigGAN,930,GenImage_test/BigGAN/test/nature/ILSVRC2012_val_00025663.JPEG
58,BigGAN,931,GenImage_test/BigGAN/test/ai/988_biggan_00074.png
58,BigGAN,932,GenImage_test/BigGAN/test/ai/471_biggan_00127.png
58,BigGAN,933,GenImage_test/BigGAN/test/nature/ILSVRC2012_val_00024812.JPEG
58,BigGAN,934,GenImage_test/BigGAN/test/ai/134_biggan_00127.png
58,BigGAN,935,GenImage_test/BigGAN/test/nature/ILSVRC2012_val_00049298.JPEG
58,BigGAN,936,GenImage_test/BigGAN/test/ai/227_biggan_00035.png
58,BigGAN,937,GenImage_test/BigGAN/test/ai/764_biggan_00035.png
58,BigGAN,938,GenImage_test/BigGAN/test/ai/418_biggan_00143.png
58,BigGAN,939,GenImage_test/BigGAN/test/ai/354_biggan_00020.png
58,BigGAN,940,GenImage_test/BigGAN/test/ai/091_biggan_00039.png
58,BigGAN,941,GenImage_test/BigGAN/test/nature/ILSVRC2012_val_00042025.JPEG
58,BigGAN,942,GenImage_test/BigGAN/test/nature/ILSVRC2012_val_00014243.JPEG
58,BigGAN,943,GenImage_test/BigGAN/test/ai/033_biggan_00143.png
59,BigGAN,944,GenImage_test/BigGAN/test/ai/222_biggan_00020.png
59,BigGAN,945,GenImage_test/BigGAN/test/nature/ILSVRC2012_val_00039432.JPEG
59,BigGAN,946,GenImage_test/BigGAN/test/nature/ILSVRC2012_val_00040032.JPEG
59,BigGAN,947,GenImage_test/BigGAN/test/ai/905_biggan_00020.png
59,BigGAN,948,GenImage_test/BigGAN/test/ai/724_biggan_00039.png
59,BigGAN,949,GenImage_test/BigGAN/test/nature/ILSVRC2012_val_00019049.JPEG
59,BigGAN,950,GenImage_test/BigGAN/test/ai/657_biggan_00035.png
59,BigGAN,951,GenImage_test/BigGAN/test/ai/751_biggan_00039.png
59,BigGAN,952,GenImage_test/BigGAN/test/ai/192_biggan_00020.png
59,BigGAN,953,GenImage_test/BigGAN/test/ai/913_biggan_00074.png
59,BigGAN,954,GenImage_test/BigGAN/test/nature/ILSVRC2012_val_00026776.JPEG
59,BigGAN,955,GenImage_test/BigGAN/test/ai/370_biggan_00074.png
59,BigGAN,956,GenImage_test/BigGAN/test/nature/ILSVRC2012_val_00032630.JPEG
59,BigGAN,957,GenImage_test/BigGAN/test/nature/ILSVRC2012_val_00026500.JPEG
59,BigGAN,958,GenImage_test/BigGAN/test/nature/ILSVRC2012_val_00033837.JPEG
59,BigGAN,959,GenImage_test/BigGAN/test/nature/ILSVRC2012_val_00040443.JPEG
60,BigGAN,960,GenImage_test/BigGAN/test/ai/450_biggan_00074.png
60,BigGAN,961,GenImage_test/BigGAN/test/nature/ILSVRC2012_val_00008158.JPEG
60,BigGAN,962,GenImage_test/BigGAN/test/nature/ILSVRC2012_val_00010537.JPEG
60,BigGAN,963,GenImage_test/BigGAN/test/nature/ILSVRC2012_val_00004653.JPEG
60,BigGAN,964,GenImage_test/BigGAN/test/nature/ILSVRC2012_val_00041940.JPEG
60,BigGAN,965,GenImage_test/BigGAN/test/ai/688_biggan_00039.png
60,BigGAN,966,GenImage_test/BigGAN/test/nature/ILSVRC2012_val_00020351.JPEG
60,BigGAN,967,GenImage_test/BigGAN/test/ai/143_biggan_00039.png
60,BigGAN,968,GenImage_test/BigGAN/test/nature/ILSVRC2012_val_00037275.JPEG
60,BigGAN,969,GenImage_test/BigGAN/test/nature/ILSVRC2012_val_00022562.JPEG
60,BigGAN,970,GenImage_test/BigGAN/test/ai/524_biggan_00035.png
60,BigGAN,971,GenImage_test/BigGAN/test/nature/ILSVRC2012_val_00026596.JPEG
60,BigGAN,972,GenImage_test/BigGAN/test/ai/061_biggan_00143.png
60,BigGAN,973,GenImage_test/BigGAN/test/nature/ILSVRC2012_val_00018657.JPEG
60,BigGAN,974,GenImage_test/BigGAN/test/ai/972_biggan_00020.png
60,BigGAN,975,GenImage_test/BigGAN/test/nature/ILSVRC2012_val_00017483.JPEG
61,BigGAN,976,GenImage_test/BigGAN/test/nature/ILSVRC2012_val_00047431.JPEG
61,BigGAN,977,GenImage_test/BigGAN/test/nature/ILSVRC2012_val_00043957.JPEG
61,BigGAN,978,GenImage_test/BigGAN/test/ai/182_biggan_00127.png
61,BigGAN,979,GenImage_test/BigGAN/test/ai/168_biggan_00074.png
61,BigGAN,980,GenImage_test/BigGAN/test/nature/ILSVRC2012_val_00043530.JPEG
61,BigGAN,981,GenImage_test/BigGAN/test/nature/ILSVRC2012_val_00022199.JPEG
61,BigGAN,982,GenImage_test/BigGAN/test/ai/581_biggan_00035.png
61,BigGAN,983,GenImage_test/BigGAN/test/nature/ILSVRC2012_val_00041349.JPEG
61,BigGAN,984,GenImage_test/BigGAN/test/ai/268_biggan_00035.png
61,BigGAN,985,GenImage_test/BigGAN/test/ai/472_biggan_00127.png
61,BigGAN,986,GenImage_test/BigGAN/test/ai/019_biggan_00039.png
61,BigGAN,987,GenImage_test/BigGAN/test/ai/542_biggan_00074.png
61,BigGAN,988,GenImage_test/BigGAN/test/ai/461_biggan_00039.png
61,BigGAN,989,GenImage_test/BigGAN/test/ai/062_biggan_00039.png
61,BigGAN,990,GenImage_test/BigGAN/test/ai/735_biggan_00039.png
61,BigGAN,991,GenImage_test/BigGAN/test/ai/758_biggan_00074.png
62,BigGAN,992,GenImage_test/BigGAN/test/nature/ILSVRC2012_val_00008053.JPEG
62,BigGAN,993,GenImage_test/BigGAN/test/ai/297_biggan_00074.png
62,BigGAN,994,GenImage_test/BigGAN/test/nature/ILSVRC2012_val_00027599.JPEG
62,BigGAN,995,GenImage_test/BigGAN/test/nature/ILSVRC2012_val_00049252.JPEG
62,BigGAN,996,GenImage_test/BigGAN/test/ai/896_biggan_00035.png
62,BigGAN,997,GenImage_test/BigGAN/test/ai/698_biggan_00020.png
62,BigGAN,998,GenImage_test/BigGAN/test/ai/939_biggan_00035.png
62,BigGAN,999,GenImage_test/BigGAN/test/ai/507_biggan_00039.png
62,BigGAN,1000,GenImage_test/BigGAN/test/nature/ILSVRC2012_val_00005552.JPEG
62,BigGAN,1001,GenImage_test/BigGAN/test/nature/ILSVRC2012_val_00032876.JPEG
62,BigGAN,1002,GenImage_test/BigGAN/test/nature/ILSVRC2012_val_00037450.JPEG
62,BigGAN,1003,GenImage_test/BigGAN/test/nature/ILSVRC2012_val_00047780.JPEG
62,BigGAN,1004,GenImage_test/BigGAN/test/nature/ILSVRC2012_val_00022954.JPEG
62,BigGAN,1005,GenImage_test/BigGAN/test/ai/738_biggan_00074.png
62,BigGAN,1006,GenImage_test/BigGAN/test/nature/ILSVRC2012_val_00013999.JPEG
62,BigGAN,1007,GenImage_test/BigGAN/test/nature/ILSVRC2012_val_00047643.JPEG
63,BigGAN,1008,GenImage_test/BigGAN/test/ai/504_biggan_00143.png
63,BigGAN,1009,GenImage_test/BigGAN/test/nature/ILSVRC2012_val_00010202.JPEG
63,BigGAN,1010,GenImage_test/BigGAN/test/ai/768_biggan_00143.png
63,BigGAN,1011,GenImage_test/BigGAN/test/ai/053_biggan_00039.png
63,BigGAN,1012,GenImage_test/BigGAN/test/nature/ILSVRC2012_val_00038113.JPEG
63,BigGAN,1013,GenImage_test/BigGAN/test/ai/740_biggan_00127.png
63,BigGAN,1014,GenImage_test/BigGAN/test/ai/329_biggan_00127.png
63,BigGAN,1015,GenImage_test/BigGAN/test/nature/ILSVRC2012_val_00030036.JPEG
63,BigGAN,1016,GenImage_test/BigGAN/test/nature/ILSVRC2012_val_00001484.JPEG
63,BigGAN,1017,GenImage_test/BigGAN/test/nature/ILSVRC2012_val_00040234.JPEG
63,BigGAN,1018,GenImage_test/BigGAN/test/nature/ILSVRC2012_val_00010003.JPEG
63,BigGAN,1019,GenImage_test/BigGAN/test/nature/ILSVRC2012_val_00012105.JPEG
63,BigGAN,1020,GenImage_test/BigGAN/test/ai/604_biggan_00035.png
63,BigGAN,1021,GenImage_test/BigGAN/test/nature/ILSVRC2012_val_00006416.JPEG
63,BigGAN,1022,GenImage_test/BigGAN/test/ai/898_biggan_00074.png
63,BigGAN,1023,GenImage_test/BigGAN/test/nature/ILSVRC2012_val_00049670.JPEG
64,BigGAN,1024,GenImage_test/BigGAN/test/nature/ILSVRC2012_val_00024780.JPEG
64,BigGAN,1025,GenImage_test/BigGAN/test/nature/ILSVRC2012_val_00032152.JPEG
64,BigGAN,1026,GenImage_test/BigGAN/test/nature/ILSVRC2012_val_00047098.JPEG
64,BigGAN,1027,GenImage_test/BigGAN/test/nature/ILSVRC2012_val_00030870.JPEG
64,BigGAN,1028,GenImage_test/BigGAN/test/nature/ILSVRC2012_val_00011267.JPEG
64,BigGAN,1029,GenImage_test/BigGAN/test/nature/ILSVRC2012_val_00025451.JPEG
64,BigGAN,1030,GenImage_test/BigGAN/test/ai/431_biggan_00035.png
64,BigGAN,1031,GenImage_test/BigGAN/test/ai/494_biggan_00127.png
64,BigGAN,1032,GenImage_test/BigGAN/test/nature/ILSVRC2012_val_00013667.JPEG
64,BigGAN,1033,GenImage_test/BigGAN/test/nature/ILSVRC2012_val_00045193.JPEG
64,BigGAN,1034,GenImage_test/BigGAN/test/nature/ILSVRC2012_val_00019296.JPEG
64,BigGAN,1035,GenImage_test/BigGAN/test/ai/509_biggan_00143.png
64,BigGAN,1036,GenImage_test/BigGAN/test/nature/ILSVRC2012_val_00029301.JPEG
64,BigGAN,1037,GenImage_test/BigGAN/test/nature/ILSVRC2012_val_00041137.JPEG
64,BigGAN,1038,GenImage_test/BigGAN/test/ai/562_biggan_00143.png
64,BigGAN,1039,GenImage_test/BigGAN/test/nature/ILSVRC2012_val_00022447.JPEG
65,BigGAN,1040,GenImage_test/BigGAN/test/ai/075_biggan_00074.png
65,BigGAN,1041,GenImage_test/BigGAN/test/ai/710_biggan_00127.png
65,BigGAN,1042,GenImage_test/BigGAN/test/ai/975_biggan_00143.png
65,BigGAN,1043,GenImage_test/BigGAN/test/ai/370_biggan_00020.png
65,BigGAN,1044,GenImage_test/BigGAN/test/nature/ILSVRC2012_val_00047717.JPEG
65,BigGAN,1045,GenImage_test/BigGAN/test/nature/ILSVRC2012_val_00003037.JPEG
65,BigGAN,1046,GenImage_test/BigGAN/test/nature/ILSVRC2012_val_00019180.JPEG
65,BigGAN,1047,GenImage_test/BigGAN/test/ai/398_biggan_00020.png
65,BigGAN,1048,GenImage_test/BigGAN/test/nature/ILSVRC2012_val_00006193.JPEG
65,BigGAN,1049,GenImage_test/BigGAN/test/ai/749_biggan_00035.png
65,BigGAN,1050,GenImage_test/BigGAN/test/ai/954_biggan_00020.png
65,BigGAN,1051,GenImage_test/BigGAN/test/ai/086_biggan_00143.png
65,BigGAN,1052,GenImage_test/BigGAN/test/ai/325_biggan_00143.png
65,BigGAN,1053,GenImage_test/BigGAN/test/ai/446_biggan_00020.png
65,BigGAN,1054,GenImage_test/BigGAN/test/nature/ILSVRC2012_val_00002171.JPEG
65,BigGAN,1055,GenImage_test/BigGAN/test/ai/447_biggan_00035.png
66,BigGAN,1056,GenImage_test/BigGAN/test/ai/806_biggan_00020.png
66,BigGAN,1057,GenImage_test/BigGAN/test/nature/ILSVRC2012_val_00009902.JPEG
66,BigGAN,1058,GenImage_test/BigGAN/test/ai/737_biggan_00020.png
66,BigGAN,1059,GenImage_test/BigGAN/test/ai/200_biggan_00143.png
66,BigGAN,1060,GenImage_test/BigGAN/test/ai/567_biggan_00039.png
66,BigGAN,1061,GenImage_test/BigGAN/test/nature/ILSVRC2012_val_00002300.JPEG
66,BigGAN,1062,GenImage_test/BigGAN/test/ai/817_biggan_00020.png
66,BigGAN,1063,GenImage_test/BigGAN/test/ai/273_biggan_00039.png
66,BigGAN,1064,GenImage_test/BigGAN/test/ai/922_biggan_00074.png
66,BigGAN,1065,GenImage_test/BigGAN/test/nature/ILSVRC2012_val_00033309.JPEG
66,BigGAN,1066,GenImage_test/BigGAN/test/ai/795_biggan_00035.png
66,BigGAN,1067,GenImage_test/BigGAN/test/nature/ILSVRC2012_val_00049264.JPEG
66,BigGAN,1068,GenImage_test/BigGAN/test/nature/ILSVRC2012_val_00025286.JPEG
66,BigGAN,1069,GenImage_test/BigGAN/test/nature/ILSVRC2012_val_00035638.JPEG
66,BigGAN,1070,GenImage_test/BigGAN/test/ai/330_biggan_00127.png
66,BigGAN,1071,GenImage_test/BigGAN/test/nature/ILSVRC2012_val_00032442.JPEG
67,BigGAN,1072,GenImage_test/BigGAN/test/ai/952_biggan_00074.png
67,BigGAN,1073,GenImage_test/BigGAN/test/nature/ILSVRC2012_val_00008814.JPEG
67,BigGAN,1074,GenImage_test/BigGAN/test/nature/ILSVRC2012_val_00042444.JPEG
67,BigGAN,1075,GenImage_test/BigGAN/test/ai/242_biggan_00039.png
67,BigGAN,1076,GenImage_test/BigGAN/test/ai/912_biggan_00020.png
67,BigGAN,1077,GenImage_test/BigGAN/test/ai/715_biggan_00143.png
67,BigGAN,1078,GenImage_test/BigGAN/test/ai/243_biggan_00143.png
67,BigGAN,1079,GenImage_test/BigGAN/test/ai/372_biggan_00035.png
67,BigGAN,1080,GenImage_test/BigGAN/test/ai/603_biggan_00020.png
67,BigGAN,1081,GenImage_test/BigGAN/test/ai/837_biggan_00074.png
67,BigGAN,1082,GenImage_test/BigGAN/test/nature/ILSVRC2012_val_00030080.JPEG
67,BigGAN,1083,GenImage_test/BigGAN/test/ai/797_biggan_00020.png
67,BigGAN,1084,GenImage_test/BigGAN/test/ai/248_biggan_00035.png
67,BigGAN,1085,GenImage_test/BigGAN/test/ai/605_biggan_00143.png
67,BigGAN,1086,GenImage_test/BigGAN/test/nature/ILSVRC2012_val_00045259.JPEG
67,BigGAN,1087,GenImage_test/BigGAN/test/nature/ILSVRC2012_val_00024646.JPEG
68,BigGAN,1088,GenImage_test/BigGAN/test/ai/356_biggan_00039.png
68,BigGAN,1089,GenImage_test/BigGAN/test/ai/865_biggan_00039.png
68,BigGAN,1090,GenImage_test/BigGAN/test/nature/ILSVRC2012_val_00002155.JPEG
68,BigGAN,1091,GenImage_test/BigGAN/test/ai/228_biggan_00074.png
68,BigGAN,1092,GenImage_test/BigGAN/test/nature/ILSVRC2012_val_00014513.JPEG
68,BigGAN,1093,GenImage_test/BigGAN/test/ai/776_biggan_00143.png
68,BigGAN,1094,GenImage_test/BigGAN/test/ai/832_biggan_00127.png
68,BigGAN,1095,GenImage_test/BigGAN/test/ai/528_biggan_00020.png
68,BigGAN,1096,GenImage_test/BigGAN/test/ai/544_biggan_00039.png
68,BigGAN,1097,GenImage_test/BigGAN/test/nature/ILSVRC2012_val_00044631.JPEG
68,BigGAN,1098,GenImage_test/BigGAN/test/nature/ILSVRC2012_val_00038379.JPEG
68,BigGAN,1099,GenImage_test/BigGAN/test/nature/ILSVRC2012_val_00033982.JPEG
68,BigGAN,1100,GenImage_test/BigGAN/test/ai/941_biggan_00143.png
68,BigGAN,1101,GenImage_test/BigGAN/test/nature/ILSVRC2012_val_00019252.JPEG
68,BigGAN,1102,GenImage_test/BigGAN/test/nature/ILSVRC2012_val_00044080.JPEG
68,BigGAN,1103,GenImage_test/BigGAN/test/nature/ILSVRC2012_val_00026291.JPEG
69,BigGAN,1104,GenImage_test/BigGAN/test/ai/322_biggan_00039.png
69,BigGAN,1105,GenImage_test/BigGAN/test/nature/ILSVRC2012_val_00016405.JPEG
69,BigGAN,1106,GenImage_test/BigGAN/test/ai/835_biggan_00020.png
69,BigGAN,1107,GenImage_test/BigGAN/test/nature/ILSVRC2012_val_00045164.JPEG
69,BigGAN,1108,GenImage_test/BigGAN/test/ai/971_biggan_00020.png
69,BigGAN,1109,GenImage_test/BigGAN/test/ai/911_biggan_00074.png
69,BigGAN,1110,GenImage_test/BigGAN/test/nature/ILSVRC2012_val_00032020.JPEG
69,BigGAN,1111,GenImage_test/BigGAN/test/ai/970_biggan_00035.png
69,BigGAN,1112,GenImage_test/BigGAN/test/ai/044_biggan_00074.png
69,BigGAN,1113,GenImage_test/BigGAN/test/ai/355_biggan_00143.png
69,BigGAN,1114,GenImage_test/BigGAN/test/ai/553_biggan_00074.png
69,BigGAN,1115,GenImage_test/BigGAN/test/ai/198_biggan_00127.png
69,BigGAN,1116,GenImage_test/BigGAN/test/ai/440_biggan_00035.png
69,BigGAN,1117,GenImage_test/BigGAN/test/nature/ILSVRC2012_val_00029488.JPEG
69,BigGAN,1118,GenImage_test/BigGAN/test/nature/ILSVRC2012_val_00014392.JPEG
69,BigGAN,1119,GenImage_test/BigGAN/test/nature/ILSVRC2012_val_00049404.JPEG
70,BigGAN,1120,GenImage_test/BigGAN/test/nature/ILSVRC2012_val_00039284.JPEG
70,BigGAN,1121,GenImage_test/BigGAN/test/nature/ILSVRC2012_val_00012467.JPEG
70,BigGAN,1122,GenImage_test/BigGAN/test/nature/ILSVRC2012_val_00033588.JPEG
70,BigGAN,1123,GenImage_test/BigGAN/test/ai/504_biggan_00020.png
70,BigGAN,1124,GenImage_test/BigGAN/test/ai/960_biggan_00143.png
70,BigGAN,1125,GenImage_test/BigGAN/test/ai/141_biggan_00020.png
70,BigGAN,1126,GenImage_test/BigGAN/test/ai/344_biggan_00039.png
70,BigGAN,1127,GenImage_test/BigGAN/test/nature/ILSVRC2012_val_00031848.JPEG
70,BigGAN,1128,GenImage_test/BigGAN/test/nature/ILSVRC2012_val_00014819.JPEG
70,BigGAN,1129,GenImage_test/BigGAN/test/ai/386_biggan_00127.png
70,BigGAN,1130,GenImage_test/BigGAN/test/ai/152_biggan_00035.png
70,BigGAN,1131,GenImage_test/BigGAN/test/ai/092_biggan_00035.png
70,BigGAN,1132,GenImage_test/BigGAN/test/ai/917_biggan_00039.png
70,BigGAN,1133,GenImage_test/BigGAN/test/ai/368_biggan_00127.png
70,BigGAN,1134,GenImage_test/BigGAN/test/ai/522_biggan_00035.png
70,BigGAN,1135,GenImage_test/BigGAN/test/ai/148_biggan_00074.png
71,BigGAN,1136,GenImage_test/BigGAN/test/nature/ILSVRC2012_val_00046154.JPEG
71,BigGAN,1137,GenImage_test/BigGAN/test/ai/090_biggan_00074.png
71,BigGAN,1138,GenImage_test/BigGAN/test/ai/318_biggan_00127.png
71,BigGAN,1139,GenImage_test/BigGAN/test/ai/269_biggan_00039.png
71,BigGAN,1140,GenImage_test/BigGAN/test/ai/307_biggan_00127.png
71,BigGAN,1141,GenImage_test/BigGAN/test/nature/ILSVRC2012_val_00048625.JPEG
71,BigGAN,1142,GenImage_test/BigGAN/test/ai/395_biggan_00143.png
71,BigGAN,1143,GenImage_test/BigGAN/test/ai/903_biggan_00074.png
71,BigGAN,1144,GenImage_test/BigGAN/test/nature/ILSVRC2012_val_00014230.JPEG
71,BigGAN,1145,GenImage_test/BigGAN/test/ai/622_biggan_00020.png
71,BigGAN,1146,GenImage_test/BigGAN/test/ai/189_biggan_00020.png
71,BigGAN,1147,GenImage_test/BigGAN/test/ai/487_biggan_00035.png
71,BigGAN,1148,GenImage_test/BigGAN/test/nature/ILSVRC2012_val_00027190.JPEG
71,BigGAN,1149,GenImage_test/BigGAN/test/ai/013_biggan_00020.png
71,BigGAN,1150,GenImage_test/BigGAN/test/ai/647_biggan_00020.png
71,BigGAN,1151,GenImage_test/BigGAN/test/nature/ILSVRC2012_val_00005810.JPEG
72,BigGAN,1152,GenImage_test/BigGAN/test/ai/556_biggan_00074.png
72,BigGAN,1153,GenImage_test/BigGAN/test/nature/ILSVRC2012_val_00045454.JPEG
72,BigGAN,1154,GenImage_test/BigGAN/test/ai/807_biggan_00035.png
72,BigGAN,1155,GenImage_test/BigGAN/test/ai/930_biggan_00035.png
72,BigGAN,1156,GenImage_test/BigGAN/test/ai/105_biggan_00035.png
72,BigGAN,1157,GenImage_test/BigGAN/test/ai/835_biggan_00035.png
72,BigGAN,1158,GenImage_test/BigGAN/test/ai/808_biggan_00143.png
72,BigGAN,1159,GenImage_test/BigGAN/test/ai/184_biggan_00143.png
72,BigGAN,1160,GenImage_test/BigGAN/test/nature/ILSVRC2012_val_00027169.JPEG
72,BigGAN,1161,GenImage_test/BigGAN/test/ai/372_biggan_00039.png
72,BigGAN,1162,GenImage_test/BigGAN/test/nature/ILSVRC2012_val_00038172.JPEG
72,BigGAN,1163,GenImage_test/BigGAN/test/nature/ILSVRC2012_val_00000631.JPEG
72,BigGAN,1164,GenImage_test/BigGAN/test/nature/ILSVRC2012_val_00015822.JPEG
72,BigGAN,1165,GenImage_test/BigGAN/test/nature/ILSVRC2012_val_00030462.JPEG
72,BigGAN,1166,GenImage_test/BigGAN/test/ai/452_biggan_00020.png
72,BigGAN,1167,GenImage_test/BigGAN/test/ai/904_biggan_00143.png
73,BigGAN,1168,GenImage_test/BigGAN/test/ai/401_biggan_00074.png
73,BigGAN,1169,GenImage_test/BigGAN/test/ai/733_biggan_00143.png
73,BigGAN,1170,GenImage_test/BigGAN/test/nature/ILSVRC2012_val_00047325.JPEG
73,BigGAN,1171,GenImage_test/BigGAN/test/nature/ILSVRC2012_val_00013707.JPEG
73,BigGAN,1172,GenImage_test/BigGAN/test/ai/103_biggan_00020.png
73,BigGAN,1173,GenImage_test/BigGAN/test/nature/ILSVRC2012_val_00043406.JPEG
73,BigGAN,1174,GenImage_test/BigGAN/test/nature/ILSVRC2012_val_00037058.JPEG
73,BigGAN,1175,GenImage_test/BigGAN/test/nature/ILSVRC2012_val_00015702.JPEG
73,BigGAN,1176,GenImage_test/BigGAN/test/ai/543_biggan_00143.png
73,BigGAN,1177,GenImage_test/BigGAN/test/nature/ILSVRC2012_val_00024862.JPEG
73,BigGAN,1178,GenImage_test/BigGAN/test/nature/ILSVRC2012_val_00013204.JPEG
73,BigGAN,1179,GenImage_test/BigGAN/test/ai/617_biggan_00074.png
73,BigGAN,1180,GenImage_test/BigGAN/test/nature/ILSVRC2012_val_00015643.JPEG
73,BigGAN,1181,GenImage_test/BigGAN/test/ai/047_biggan_00074.png
73,BigGAN,1182,GenImage_test/BigGAN/test/ai/743_biggan_00035.png
73,BigGAN,1183,GenImage_test/BigGAN/test/ai/701_biggan_00020.png
74,BigGAN,1184,GenImage_test/BigGAN/test/ai/726_biggan_00039.png
74,BigGAN,1185,GenImage_test/BigGAN/test/ai/552_biggan_00039.png
74,BigGAN,1186,GenImage_test/BigGAN/test/ai/766_biggan_00143.png
74,BigGAN,1187,GenImage_test/BigGAN/test/ai/364_biggan_00143.png
74,BigGAN,1188,GenImage_test/BigGAN/test/nature/ILSVRC2012_val_00011295.JPEG
74,BigGAN,1189,GenImage_test/BigGAN/test/nature/ILSVRC2012_val_00014634.JPEG
74,BigGAN,1190,GenImage_test/BigGAN/test/ai/136_biggan_00039.png
74,BigGAN,1191,GenImage_test/BigGAN/test/ai/580_biggan_00035.png
74,BigGAN,1192,GenImage_test/BigGAN/test/nature/ILSVRC2012_val_00029909.JPEG
74,BigGAN,1193,GenImage_test/BigGAN/test/nature/ILSVRC2012_val_00015128.JPEG
74,BigGAN,1194,GenImage_test/BigGAN/test/ai/129_biggan_00143.png
74,BigGAN,1195,GenImage_test/BigGAN/test/ai/269_biggan_00035.png
74,BigGAN,1196,GenImage_test/BigGAN/test/nature/ILSVRC2012_val_00008397.JPEG
74,BigGAN,1197,GenImage_test/BigGAN/test/nature/ILSVRC2012_val_00044940.JPEG
74,BigGAN,1198,GenImage_test/BigGAN/test/nature/ILSVRC2012_val_00010325.JPEG
74,BigGAN,1199,GenImage_test/BigGAN/test/ai/241_biggan_00039.png
75,BigGAN,1200,GenImage_test/BigGAN/test/nature/ILSVRC2012_val_00030744.JPEG
75,BigGAN,1201,GenImage_test/BigGAN/test/nature/ILSVRC2012_val_00002983.JPEG
75,BigGAN,1202,GenImage_test/BigGAN/test/nature/ILSVRC2012_val_00001776.JPEG
75,BigGAN,1203,GenImage_test/BigGAN/test/nature/ILSVRC2012_val_00034293.JPEG
75,BigGAN,1204,GenImage_test/BigGAN/test/nature/ILSVRC2012_val_00029463.JPEG
75,BigGAN,1205,GenImage_test/BigGAN/test/ai/219_biggan_00020.png
75,BigGAN,1206,GenImage_test/BigGAN/test/nature/ILSVRC2012_val_00047784.JPEG
75,BigGAN,1207,GenImage_test/BigGAN/test/nature/ILSVRC2012_val_00028111.JPEG
75,BigGAN,1208,GenImage_test/BigGAN/test/nature/ILSVRC2012_val_00036839.JPEG
75,BigGAN,1209,GenImage_test/BigGAN/test/nature/ILSVRC2012_val_00040042.JPEG
75,BigGAN,1210,GenImage_test/BigGAN/test/ai/983_biggan_00143.png
75,BigGAN,1211,GenImage_test/BigGAN/test/nature/ILSVRC2012_val_00017900.JPEG
75,BigGAN,1212,GenImage_test/BigGAN/test/nature/ILSVRC2012_val_00017023.JPEG
75,BigGAN,1213,GenImage_test/BigGAN/test/nature/ILSVRC2012_val_00033250.JPEG
75,BigGAN,1214,GenImage_test/BigGAN/test/nature/ILSVRC2012_val_00018345.JPEG
75,BigGAN,1215,GenImage_test/BigGAN/test/nature/ILSVRC2012_val_00044234.JPEG
76,BigGAN,1216,GenImage_test/BigGAN/test/ai/074_biggan_00039.png
76,BigGAN,1217,GenImage_test/BigGAN/test/nature/ILSVRC2012_val_00026068.JPEG
76,BigGAN,1218,GenImage_test/BigGAN/test/nature/ILSVRC2012_val_00042932.JPEG
76,BigGAN,1219,GenImage_test/BigGAN/test/nature/ILSVRC2012_val_00016704.JPEG
76,BigGAN,1220,GenImage_test/BigGAN/test/nature/ILSVRC2012_val_00009603.JPEG
76,BigGAN,1221,GenImage_test/BigGAN/test/ai/554_biggan_00020.png
76,BigGAN,1222,GenImage_test/BigGAN/test/nature/ILSVRC2012_val_00043207.JPEG
76,BigGAN,1223,GenImage_test/BigGAN/test/ai/153_biggan_00035.png
76,BigGAN,1224,GenImage_test/BigGAN/test/ai/943_biggan_00127.png
76,BigGAN,1225,GenImage_test/BigGAN/test/nature/ILSVRC2012_val_00035603.JPEG
76,BigGAN,1226,GenImage_test/BigGAN/test/ai/417_biggan_00143.png
76,BigGAN,1227,GenImage_test/BigGAN/test/ai/924_biggan_00020.png
76,BigGAN,1228,GenImage_test/BigGAN/test/nature/ILSVRC2012_val_00005287.JPEG
76,BigGAN,1229,GenImage_test/BigGAN/test/ai/426_biggan_00074.png
76,BigGAN,1230,GenImage_test/BigGAN/test/ai/324_biggan_00039.png
76,BigGAN,1231,GenImage_test/BigGAN/test/ai/694_biggan_00020.png
77,BigGAN,1232,GenImage_test/BigGAN/test/ai/235_biggan_00127.png
77,BigGAN,1233,GenImage_test/BigGAN/test/nature/ILSVRC2012_val_00010051.JPEG
77,BigGAN,1234,GenImage_test/BigGAN/test/nature/ILSVRC2012_val_00004386.JPEG
77,BigGAN,1235,GenImage_test/BigGAN/test/ai/599_biggan_00074.png
77,BigGAN,1236,GenImage_test/BigGAN/test/nature/ILSVRC2012_val_00045097.JPEG
77,BigGAN,1237,GenImage_test/BigGAN/test/nature/ILSVRC2012_val_00031966.JPEG
77,BigGAN,1238,GenImage_test/BigGAN/test/ai/839_biggan_00020.png
77,BigGAN,1239,GenImage_test/BigGAN/test/ai/182_biggan_00143.png
77,BigGAN,1240,GenImage_test/BigGAN/test/ai/164_biggan_00074.png
77,BigGAN,1241,GenImage_test/BigGAN/test/ai/501_biggan_00039.png
77,BigGAN,1242,GenImage_test/BigGAN/test/nature/ILSVRC2012_val_00013879.JPEG
77,BigGAN,1243,GenImage_test/BigGAN/test/ai/750_biggan_00127.png
77,BigGAN,1244,GenImage_test/BigGAN/test/ai/552_biggan_00020.png
77,BigGAN,1245,GenImage_test/BigGAN/test/nature/ILSVRC2012_val_00031045.JPEG
77,BigGAN,1246,GenImage_test/BigGAN/test/nature/ILSVRC2012_val_00021307.JPEG
77,BigGAN,1247,GenImage_test/BigGAN/test/nature/ILSVRC2012_val_00011849.JPEG
78,BigGAN,1248,GenImage_test/BigGAN/test/ai/423_biggan_00074.png
78,BigGAN,1249,GenImage_test/BigGAN/test/ai/979_biggan_00143.png
78,BigGAN,1250,GenImage_test/BigGAN/test/ai/016_biggan_00143.png
78,BigGAN,1251,GenImage_test/BigGAN/test/ai/388_biggan_00127.png
78,BigGAN,1252,GenImage_test/BigGAN/test/ai/126_biggan_00074.png
78,BigGAN,1253,GenImage_test/BigGAN/test/nature/ILSVRC2012_val_00038446.JPEG
78,BigGAN,1254,GenImage_test/BigGAN/test/nature/ILSVRC2012_val_00034340.JPEG
78,BigGAN,1255,GenImage_test/BigGAN/test/ai/386_biggan_00035.png
78,BigGAN,1256,GenImage_test/BigGAN/test/nature/ILSVRC2012_val_00041775.JPEG
78,BigGAN,1257,GenImage_test/BigGAN/test/ai/074_biggan_00143.png
78,BigGAN,1258,GenImage_test/BigGAN/test/ai/602_biggan_00035.png
78,BigGAN,1259,GenImage_test/BigGAN/test/ai/972_biggan_00127.png
78,BigGAN,1260,GenImage_test/BigGAN/test/nature/ILSVRC2012_val_00013185.JPEG
78,BigGAN,1261,GenImage_test/BigGAN/test/ai/366_biggan_00074.png
78,BigGAN,1262,GenImage_test/BigGAN/test/nature/ILSVRC2012_val_00028428.JPEG
78,BigGAN,1263,GenImage_test/BigGAN/test/ai/792_biggan_00020.png
79,BigGAN,1264,GenImage_test/BigGAN/test/ai/455_biggan_00127.png
79,BigGAN,1265,GenImage_test/BigGAN/test/ai/318_biggan_00074.png
79,BigGAN,1266,GenImage_test/BigGAN/test/nature/ILSVRC2012_val_00027763.JPEG
79,BigGAN,1267,GenImage_test/BigGAN/test/nature/ILSVRC2012_val_00035772.JPEG
79,BigGAN,1268,GenImage_test/BigGAN/test/nature/ILSVRC2012_val_00016783.JPEG
79,BigGAN,1269,GenImage_test/BigGAN/test/nature/ILSVRC2012_val_00024861.JPEG
79,BigGAN,1270,GenImage_test/BigGAN/test/ai/005_biggan_00039.png
79,BigGAN,1271,GenImage_test/BigGAN/test/nature/ILSVRC2012_val_00041189.JPEG
79,BigGAN,1272,GenImage_test/BigGAN/test/nature/ILSVRC2012_val_00049540.JPEG
79,BigGAN,1273,GenImage_test/BigGAN/test/ai/994_biggan_00143.png
79,BigGAN,1274,GenImage_test/BigGAN/test/ai/107_biggan_00039.png
79,BigGAN,1275,GenImage_test/BigGAN/test/ai/064_biggan_00039.png
79,BigGAN,1276,GenImage_test/BigGAN/test/ai/132_biggan_00143.png
79,BigGAN,1277,GenImage_test/BigGAN/test/nature/ILSVRC2012_val_00045737.JPEG
79,BigGAN,1278,GenImage_test/BigGAN/test/nature/ILSVRC2012_val_00020686.JPEG
79,BigGAN,1279,GenImage_test/BigGAN/test/ai/670_biggan_00020.png
80,BigGAN,1280,GenImage_test/BigGAN/test/nature/ILSVRC2012_val_00009177.JPEG
80,BigGAN,1281,GenImage_test/BigGAN/test/nature/ILSVRC2012_val_00009117.JPEG
80,BigGAN,1282,GenImage_test/BigGAN/test/ai/999_biggan_00074.png
80,BigGAN,1283,GenImage_test/BigGAN/test/ai/435_biggan_00074.png
80,BigGAN,1284,GenImage_test/BigGAN/test/ai/799_biggan_00074.png
80,BigGAN,1285,GenImage_test/BigGAN/test/ai/762_biggan_00039.png
80,BigGAN,1286,GenImage_test/BigGAN/test/nature/ILSVRC2012_val_00027018.JPEG
80,BigGAN,1287,GenImage_test/BigGAN/test/ai/955_biggan_00039.png
80,BigGAN,1288,GenImage_test/BigGAN/test/nature/ILSVRC2012_val_00021022.JPEG
80,BigGAN,1289,GenImage_test/BigGAN/test/nature/ILSVRC2012_val_00012962.JPEG
80,BigGAN,1290,GenImage_test/BigGAN/test/ai/177_biggan_00039.png
80,BigGAN,1291,GenImage_test/BigGAN/test/ai/336_biggan_00074.png
80,BigGAN,1292,GenImage_test/BigGAN/test/nature/ILSVRC2012_val_00021458.JPEG
80,BigGAN,1293,GenImage_test/BigGAN/test/ai/061_biggan_00039.png
80,BigGAN,1294,GenImage_test/BigGAN/test/ai/729_biggan_00127.png
80,BigGAN,1295,GenImage_test/BigGAN/test/ai/677_biggan_00143.png
81,BigGAN,1296,GenImage_test/BigGAN/test/nature/ILSVRC2012_val_00013243.JPEG
81,BigGAN,1297,GenImage_test/BigGAN/test/ai/470_biggan_00020.png
81,BigGAN,1298,GenImage_test/BigGAN/test/ai/912_biggan_00039.png
81,BigGAN,1299,GenImage_test/BigGAN/test/ai/160_biggan_00035.png
81,BigGAN,1300,GenImage_test/BigGAN/test/ai/589_biggan_00143.png
81,BigGAN,1301,GenImage_test/BigGAN/test/nature/ILSVRC2012_val_00015997.JPEG
81,BigGAN,1302,GenImage_test/BigGAN/test/ai/804_biggan_00039.png
81,BigGAN,1303,GenImage_test/BigGAN/test/nature/ILSVRC2012_val_00030777.JPEG
81,BigGAN,1304,GenImage_test/BigGAN/test/ai/113_biggan_00127.png
81,BigGAN,1305,GenImage_test/BigGAN/test/ai/855_biggan_00074.png
81,BigGAN,1306,GenImage_test/BigGAN/test/nature/ILSVRC2012_val_00038754.JPEG
81,BigGAN,1307,GenImage_test/BigGAN/test/ai/346_biggan_00127.png
81,BigGAN,1308,GenImage_test/BigGAN/test/ai/921_biggan_00074.png
81,BigGAN,1309,GenImage_test/BigGAN/test/ai/946_biggan_00143.png
81,BigGAN,1310,GenImage_test/BigGAN/test/nature/ILSVRC2012_val_00032359.JPEG
81,BigGAN,1311,GenImage_test/BigGAN/test/nature/ILSVRC2012_val_00007630.JPEG
82,BigGAN,1312,GenImage_test/BigGAN/test/nature/ILSVRC2012_val_00031190.JPEG
82,BigGAN,1313,GenImage_test/BigGAN/test/ai/095_biggan_00074.png
82,BigGAN,1314,GenImage_test/BigGAN/test/nature/ILSVRC2012_val_00012614.JPEG
82,BigGAN,1315,GenImage_test/BigGAN/test/nature/ILSVRC2012_val_00013909.JPEG
82,BigGAN,1316,GenImage_test/BigGAN/test/nature/ILSVRC2012_val_00048252.JPEG
82,BigGAN,1317,GenImage_test/BigGAN/test/nature/ILSVRC2012_val_00004244.JPEG
82,BigGAN,1318,GenImage_test/BigGAN/test/nature/ILSVRC2012_val_00005123.JPEG
82,BigGAN,1319,GenImage_test/BigGAN/test/ai/853_biggan_00074.png
82,BigGAN,1320,GenImage_test/BigGAN/test/nature/ILSVRC2012_val_00022123.JPEG
82,BigGAN,1321,GenImage_test/BigGAN/test/ai/128_biggan_00143.png
82,BigGAN,1322,GenImage_test/BigGAN/test/nature/ILSVRC2012_val_00035145.JPEG
82,BigGAN,1323,GenImage_test/BigGAN/test/nature/ILSVRC2012_val_00046190.JPEG
82,BigGAN,1324,GenImage_test/BigGAN/test/ai/488_biggan_00127.png
82,BigGAN,1325,GenImage_test/BigGAN/test/ai/443_biggan_00035.png
82,BigGAN,1326,GenImage_test/BigGAN/test/ai/012_biggan_00127.png
82,BigGAN,1327,GenImage_test/BigGAN/test/ai/961_biggan_00074.png
83,BigGAN,1328,GenImage_test/BigGAN/test/ai/796_biggan_00039.png
83,BigGAN,1329,GenImage_test/BigGAN/test/nature/ILSVRC2012_val_00035158.JPEG
83,BigGAN,1330,GenImage_test/BigGAN/test/ai/788_biggan_00035.png
83,BigGAN,1331,GenImage_test/BigGAN/test/nature/ILSVRC2012_val_00012811.JPEG
83,BigGAN,1332,GenImage_test/BigGAN/test/ai/514_biggan_00039.png
83,BigGAN,1333,GenImage_test/BigGAN/test/ai/282_biggan_00020.png
83,BigGAN,1334,GenImage_test/BigGAN/test/nature/ILSVRC2012_val_00046860.JPEG
83,BigGAN,1335,GenImage_test/BigGAN/test/ai/627_biggan_00074.png
83,BigGAN,1336,GenImage_test/BigGAN/test/ai/335_biggan_00035.png
83,BigGAN,1337,GenImage_test/BigGAN/test/ai/498_biggan_00020.png
83,BigGAN,1338,GenImage_test/BigGAN/test/ai/278_biggan_00127.png
83,BigGAN,1339,GenImage_test/BigGAN/test/nature/ILSVRC2012_val_00014357.JPEG
83,BigGAN,1340,GenImage_test/BigGAN/test/nature/ILSVRC2012_val_00015950.JPEG
83,BigGAN,1341,GenImage_test/BigGAN/test/ai/354_biggan_00127.png
83,BigGAN,1342,GenImage_test/BigGAN/test/nature/ILSVRC2012_val_00001795.JPEG
83,BigGAN,1343,GenImage_test/BigGAN/test/ai/522_biggan_00020.png
84,BigGAN,1344,GenImage_test/BigGAN/test/ai/204_biggan_00143.png
84,BigGAN,1345,GenImage_test/BigGAN/test/ai/043_biggan_00039.png
84,BigGAN,1346,GenImage_test/BigGAN/test/nature/ILSVRC2012_val_00049267.JPEG
84,BigGAN,1347,GenImage_test/BigGAN/test/nature/ILSVRC2012_val_00031702.JPEG
84,BigGAN,1348,GenImage_test/BigGAN/test/ai/698_biggan_00039.png
84,BigGAN,1349,GenImage_test/BigGAN/test/ai/225_biggan_00020.png
84,BigGAN,1350,GenImage_test/BigGAN/test/nature/ILSVRC2012_val_00015002.JPEG
84,BigGAN,1351,GenImage_test/BigGAN/test/ai/527_biggan_00035.png
84,BigGAN,1352,GenImage_test/BigGAN/test/ai/110_biggan_00143.png
84,BigGAN,1353,GenImage_test/BigGAN/test/ai/123_biggan_00127.png
84,BigGAN,1354,GenImage_test/BigGAN/test/ai/449_biggan_00143.png
84,BigGAN,1355,GenImage_test/BigGAN/test/ai/034_biggan_00127.png
84,BigGAN,1356,GenImage_test/BigGAN/test/ai/620_biggan_00074.png
84,BigGAN,1357,GenImage_test/BigGAN/test/nature/ILSVRC2012_val_00022109.JPEG
84,BigGAN,1358,GenImage_test/BigGAN/test/nature/ILSVRC2012_val_00002943.JPEG
84,BigGAN,1359,GenImage_test/BigGAN/test/ai/915_biggan_00127.png
85,BigGAN,1360,GenImage_test/BigGAN/test/nature/ILSVRC2012_val_00039266.JPEG
85,BigGAN,1361,GenImage_test/BigGAN/test/nature/ILSVRC2012_val_00002162.JPEG
85,BigGAN,1362,GenImage_test/BigGAN/test/nature/ILSVRC2012_val_00030105.JPEG
85,BigGAN,1363,GenImage_test/BigGAN/test/nature/ILSVRC2012_val_00008249.JPEG
85,BigGAN,1364,GenImage_test/BigGAN/test/ai/067_biggan_00127.png
85,BigGAN,1365,GenImage_test/BigGAN/test/nature/ILSVRC2012_val_00014442.JPEG
85,BigGAN,1366,GenImage_test/BigGAN/test/ai/908_biggan_00127.png
85,BigGAN,1367,GenImage_test/BigGAN/test/nature/ILSVRC2012_val_00041054.JPEG
85,BigGAN,1368,GenImage_test/BigGAN/test/ai/342_biggan_00127.png
85,BigGAN,1369,GenImage_test/BigGAN/test/ai/264_biggan_00143.png
85,BigGAN,1370,GenImage_test/BigGAN/test/ai/935_biggan_00020.png
85,BigGAN,1371,GenImage_test/BigGAN/test/nature/ILSVRC2012_val_00001118.JPEG
85,BigGAN,1372,GenImage_test/BigGAN/test/nature/ILSVRC2012_val_00042656.JPEG
85,BigGAN,1373,GenImage_test/BigGAN/test/ai/034_biggan_00020.png
85,BigGAN,1374,GenImage_test/BigGAN/test/ai/230_biggan_00035.png
85,BigGAN,1375,GenImage_test/BigGAN/test/ai/311_biggan_00143.png
86,BigGAN,1376,GenImage_test/BigGAN/test/nature/ILSVRC2012_val_00049583.JPEG
86,BigGAN,1377,GenImage_test/BigGAN/test/nature/ILSVRC2012_val_00042365.JPEG
86,BigGAN,1378,GenImage_test/BigGAN/test/ai/598_biggan_00074.png
86,BigGAN,1379,GenImage_test/BigGAN/test/nature/ILSVRC2012_val_00030755.JPEG
86,BigGAN,1380,GenImage_test/BigGAN/test/ai/607_biggan_00039.png
86,BigGAN,1381,GenImage_test/BigGAN/test/ai/732_biggan_00143.png
86,BigGAN,1382,GenImage_test/BigGAN/test/ai/994_biggan_00035.png
86,BigGAN,1383,GenImage_test/BigGAN/test/nature/ILSVRC2012_val_00019214.JPEG
86,BigGAN,1384,GenImage_test/BigGAN/test/ai/041_biggan_00035.png
86,BigGAN,1385,GenImage_test/BigGAN/test/ai/902_biggan_00143.png
86,BigGAN,1386,GenImage_test/BigGAN/test/nature/ILSVRC2012_val_00014642.JPEG
86,BigGAN,1387,GenImage_test/BigGAN/test/ai/657_biggan_00143.png
86,BigGAN,1388,GenImage_test/BigGAN/test/nature/ILSVRC2012_val_00013985.JPEG
86,BigGAN,1389,GenImage_test/BigGAN/test/ai/850_biggan_00074.png
86,BigGAN,1390,GenImage_test/BigGAN/test/nature/ILSVRC2012_val_00044424.JPEG
86,BigGAN,1391,GenImage_test/BigGAN/test/nature/ILSVRC2012_val_00026215.JPEG
87,BigGAN,1392,GenImage_test/BigGAN/test/ai/804_biggan_00074.png
87,BigGAN,1393,GenImage_test/BigGAN/test/nature/ILSVRC2012_val_00033611.JPEG
87,BigGAN,1394,GenImage_test/BigGAN/test/nature/ILSVRC2012_val_00021543.JPEG
87,BigGAN,1395,GenImage_test/BigGAN/test/ai/321_biggan_00074.png
87,BigGAN,1396,GenImage_test/BigGAN/test/nature/ILSVRC2012_val_00012476.JPEG
87,BigGAN,1397,GenImage_test/BigGAN/test/nature/ILSVRC2012_val_00013088.JPEG
87,BigGAN,1398,GenImage_test/BigGAN/test/nature/ILSVRC2012_val_00043727.JPEG
87,BigGAN,1399,GenImage_test/BigGAN/test/nature/ILSVRC2012_val_00045946.JPEG
87,BigGAN,1400,GenImage_test/BigGAN/test/ai/037_biggan_00143.png
87,BigGAN,1401,GenImage_test/BigGAN/test/nature/ILSVRC2012_val_00046720.JPEG
87,BigGAN,1402,GenImage_test/BigGAN/test/ai/593_biggan_00074.png
87,BigGAN,1403,GenImage_test/BigGAN/test/ai/478_biggan_00074.png
87,BigGAN,1404,GenImage_test/BigGAN/test/ai/217_biggan_00039.png
87,BigGAN,1405,GenImage_test/BigGAN/test/nature/ILSVRC2012_val_00009961.JPEG
87,BigGAN,1406,GenImage_test/BigGAN/test/nature/ILSVRC2012_val_00001240.JPEG
87,BigGAN,1407,GenImage_test/BigGAN/test/nature/ILSVRC2012_val_00013149.JPEG
88,BigGAN,1408,GenImage_test/BigGAN/test/nature/ILSVRC2012_val_00046928.JPEG
88,BigGAN,1409,GenImage_test/BigGAN/test/ai/420_biggan_00127.png
88,BigGAN,1410,GenImage_test/BigGAN/test/nature/ILSVRC2012_val_00007373.JPEG
88,BigGAN,1411,GenImage_test/BigGAN/test/ai/341_biggan_00035.png
88,BigGAN,1412,GenImage_test/BigGAN/test/nature/ILSVRC2012_val_00030933.JPEG
88,BigGAN,1413,GenImage_test/BigGAN/test/nature/ILSVRC2012_val_00019421.JPEG
88,BigGAN,1414,GenImage_test/BigGAN/test/ai/029_biggan_00074.png
88,BigGAN,1415,GenImage_test/BigGAN/test/nature/ILSVRC2012_val_00007341.JPEG
88,BigGAN,1416,GenImage_test/BigGAN/test/nature/ILSVRC2012_val_00020377.JPEG
88,BigGAN,1417,GenImage_test/BigGAN/test/ai/177_biggan_00020.png
88,BigGAN,1418,GenImage_test/BigGAN/test/ai/018_biggan_00074.png
88,BigGAN,1419,GenImage_test/BigGAN/test/ai/378_biggan_00020.png
88,BigGAN,1420,GenImage_test/BigGAN/test/ai/065_biggan_00127.png
88,BigGAN,1421,GenImage_test/BigGAN/test/ai/449_biggan_00127.png
88,BigGAN,1422,GenImage_test/BigGAN/test/ai/081_biggan_00035.png
88,BigGAN,1423,GenImage_test/BigGAN/test/ai/176_biggan_00127.png
89,BigGAN,1424,GenImage_test/BigGAN/test/ai/085_biggan_00020.png
89,BigGAN,1425,GenImage_test/BigGAN/test/nature/ILSVRC2012_val_00025993.JPEG
89,BigGAN,1426,GenImage_test/BigGAN/test/nature/ILSVRC2012_val_00007530.JPEG
89,BigGAN,1427,GenImage_test/BigGAN/test/ai/256_biggan_00035.png
89,BigGAN,1428,GenImage_test/BigGAN/test/nature/ILSVRC2012_val_00030059.JPEG
89,BigGAN,1429,GenImage_test/BigGAN/test/ai/247_biggan_00035.png
89,BigGAN,1430,GenImage_test/BigGAN/test/ai/762_biggan_00127.png
89,BigGAN,1431,GenImage_test/BigGAN/test/ai/916_biggan_00127.png
89,BigGAN,1432,GenImage_test/BigGAN/test/nature/ILSVRC2012_val_00035591.JPEG
89,BigGAN,1433,GenImage_test/BigGAN/test/nature/ILSVRC2012_val_00036653.JPEG
89,BigGAN,1434,GenImage_test/BigGAN/test/ai/987_biggan_00127.png
89,BigGAN,1435,GenImage_test/BigGAN/test/nature/ILSVRC2012_val_00028124.JPEG
89,BigGAN,1436,GenImage_test/BigGAN/test/nature/ILSVRC2012_val_00035042.JPEG
89,BigGAN,1437,GenImage_test/BigGAN/test/ai/959_biggan_00020.png
89,BigGAN,1438,GenImage_test/BigGAN/test/nature/ILSVRC2012_val_00038321.JPEG
89,BigGAN,1439,GenImage_test/BigGAN/test/ai/555_biggan_00127.png
90,BigGAN,1440,GenImage_test/BigGAN/test/ai/948_biggan_00127.png
90,BigGAN,1441,GenImage_test/BigGAN/test/nature/ILSVRC2012_val_00025995.JPEG
90,BigGAN,1442,GenImage_test/BigGAN/test/nature/ILSVRC2012_val_00034157.JPEG
90,BigGAN,1443,GenImage_test/BigGAN/test/ai/523_biggan_00143.png
90,BigGAN,1444,GenImage_test/BigGAN/test/ai/147_biggan_00039.png
90,BigGAN,1445,GenImage_test/BigGAN/test/nature/ILSVRC2012_val_00006796.JPEG
90,BigGAN,1446,GenImage_test/BigGAN/test/nature/ILSVRC2012_val_00022754.JPEG
90,BigGAN,1447,GenImage_test/BigGAN/test/nature/ILSVRC2012_val_00046804.JPEG
90,BigGAN,1448,GenImage_test/BigGAN/test/ai/352_biggan_00020.png
90,BigGAN,1449,GenImage_test/BigGAN/test/ai/210_biggan_00039.png
90,BigGAN,1450,GenImage_test/BigGAN/test/ai/166_biggan_00127.png
90,BigGAN,1451,GenImage_test/BigGAN/test/ai/812_biggan_00127.png
90,BigGAN,1452,GenImage_test/BigGAN/test/ai/722_biggan_00035.png
90,BigGAN,1453,GenImage_test/BigGAN/test/ai/658_biggan_00035.png
90,BigGAN,1454,GenImage_test/BigGAN/test/ai/940_biggan_00039.png
90,BigGAN,1455,GenImage_test/BigGAN/test/nature/ILSVRC2012_val_00017468.JPEG
91,BigGAN,1456,GenImage_test/BigGAN/test/ai/522_biggan_00074.png
91,BigGAN,1457,GenImage_test/BigGAN/test/nature/ILSVRC2012_val_00005472.JPEG
91,BigGAN,1458,GenImage_test/BigGAN/test/nature/ILSVRC2012_val_00041664.JPEG
91,BigGAN,1459,GenImage_test/BigGAN/test/nature/ILSVRC2012_val_00007676.JPEG
91,BigGAN,1460,GenImage_test/BigGAN/test/ai/896_biggan_00143.png
91,BigGAN,1461,GenImage_test/BigGAN/test/ai/692_biggan_00127.png
91,BigGAN,1462,GenImage_test/BigGAN/test/nature/ILSVRC2012_val_00023766.JPEG
91,BigGAN,1463,GenImage_test/BigGAN/test/ai/519_biggan_00020.png
91,BigGAN,1464,GenImage_test/BigGAN/test/nature/ILSVRC2012_val_00031297.JPEG
91,BigGAN,1465,GenImage_test/BigGAN/test/nature/ILSVRC2012_val_00013798.JPEG
91,BigGAN,1466,GenImage_test/BigGAN/test/nature/ILSVRC2012_val_00014026.JPEG
91,BigGAN,1467,GenImage_test/BigGAN/test/ai/054_biggan_00020.png
91,BigGAN,1468,GenImage_test/BigGAN/test/nature/ILSVRC2012_val_00001668.JPEG
91,BigGAN,1469,GenImage_test/BigGAN/test/nature/ILSVRC2012_val_00032696.JPEG
91,BigGAN,1470,GenImage_test/BigGAN/test/nature/ILSVRC2012_val_00004890.JPEG
91,BigGAN,1471,GenImage_test/BigGAN/test/ai/629_biggan_00127.png
92,BigGAN,1472,GenImage_test/BigGAN/test/ai/479_biggan_00039.png
92,BigGAN,1473,GenImage_test/BigGAN/test/nature/ILSVRC2012_val_00042591.JPEG
92,BigGAN,1474,GenImage_test/BigGAN/test/nature/ILSVRC2012_val_00006221.JPEG
92,BigGAN,1475,GenImage_test/BigGAN/test/ai/281_biggan_00143.png
92,BigGAN,1476,GenImage_test/BigGAN/test/ai/389_biggan_00074.png
92,BigGAN,1477,GenImage_test/BigGAN/test/ai/709_biggan_00020.png
92,BigGAN,1478,GenImage_test/BigGAN/test/ai/777_biggan_00127.png
92,BigGAN,1479,GenImage_test/BigGAN/test/ai/567_biggan_00020.png
92,BigGAN,1480,GenImage_test/BigGAN/test/nature/ILSVRC2012_val_00044983.JPEG
92,BigGAN,1481,GenImage_test/BigGAN/test/nature/ILSVRC2012_val_00032316.JPEG
92,BigGAN,1482,GenImage_test/BigGAN/test/nature/ILSVRC2012_val_00027593.JPEG
92,BigGAN,1483,GenImage_test/BigGAN/test/ai/486_biggan_00127.png
92,BigGAN,1484,GenImage_test/BigGAN/test/nature/ILSVRC2012_val_00001186.JPEG
92,BigGAN,1485,GenImage_test/BigGAN/test/ai/085_biggan_00074.png
92,BigGAN,1486,GenImage_test/BigGAN/test/nature/ILSVRC2012_val_00003499.JPEG
92,BigGAN,1487,GenImage_test/BigGAN/test/nature/ILSVRC2012_val_00031990.JPEG
93,BigGAN,1488,GenImage_test/BigGAN/test/ai/306_biggan_00035.png
93,BigGAN,1489,GenImage_test/BigGAN/test/nature/ILSVRC2012_val_00046714.JPEG
93,BigGAN,1490,GenImage_test/BigGAN/test/ai/205_biggan_00035.png
93,BigGAN,1491,GenImage_test/BigGAN/test/ai/856_biggan_00020.png
93,BigGAN,1492,GenImage_test/BigGAN/test/nature/ILSVRC2012_val_00011026.JPEG
93,BigGAN,1493,GenImage_test/BigGAN/test/nature/ILSVRC2012_val_00039781.JPEG
93,BigGAN,1494,GenImage_test/BigGAN/test/ai/392_biggan_00127.png
93,BigGAN,1495,GenImage_test/BigGAN/test/nature/ILSVRC2012_val_00043344.JPEG
93,BigGAN,1496,GenImage_test/BigGAN/test/ai/532_biggan_00143.png
93,BigGAN,1497,GenImage_test/BigGAN/test/ai/179_biggan_00127.png
93,BigGAN,1498,GenImage_test/BigGAN/test/nature/ILSVRC2012_val_00038686.JPEG
93,BigGAN,1499,GenImage_test/BigGAN/test/ai/913_biggan_00020.png
94,ADM,1500,GenImage_test/ADM/test/nature/ILSVRC2012_val_00031435.JPEG
94,ADM,1501,GenImage_test/ADM/test/ai/4_adm_174.PNG
94,ADM,1502,GenImage_test/ADM/test/nature/ILSVRC2012_val_00049111.JPEG
94,ADM,1503,GenImage_test/ADM/test/nature/ILSVRC2012_val_00021596.JPEG
94,ADM,1504,GenImage_test/ADM/test/ai/850_adm_153.PNG
94,ADM,1505,GenImage_test/ADM/test/nature/ILSVRC2012_val_00007186.JPEG
94,ADM,1506,GenImage_test/ADM/test/nature/ILSVRC2012_val_00003352.JPEG
94,ADM,1507,GenImage_test/ADM/test/nature/ILSVRC2012_val_00044130.JPEG
94,ADM,1508,GenImage_test/ADM/test/ai/148_adm_153.PNG
94,ADM,1509,GenImage_test/ADM/test/ai/890_adm_174.PNG
94,ADM,1510,GenImage_test/ADM/test/ai/560_adm_153.PNG
94,ADM,1511,GenImage_test/ADM/test/nature/ILSVRC2012_val_00040957.JPEG
94,ADM,1512,GenImage_test/ADM/test/ai/861_adm_91.PNG
94,ADM,1513,GenImage_test/ADM/test/nature/ILSVRC2012_val_00015907.JPEG
94,ADM,1514,GenImage_test/ADM/test/ai/16_adm_91.PNG
94,ADM,1515,GenImage_test/ADM/test/nature/ILSVRC2012_val_00029750.JPEG
95,ADM,1516,GenImage_test/ADM/test/ai/599_adm_153.PNG
95,ADM,1517,GenImage_test/ADM/test/nature/ILSVRC2012_val_00019156.JPEG
95,ADM,1518,GenImage_test/ADM/test/nature/ILSVRC2012_val_00041119.JPEG
95,ADM,1519,GenImage_test/ADM/test/ai/180_adm_174.PNG
95,ADM,1520,GenImage_test/ADM/test/ai/606_adm_153.PNG
95,ADM,1521,GenImage_test/ADM/test/ai/911_adm_153.PNG
95,ADM,1522,GenImage_test/ADM/test/ai/824_adm_7.PNG
95,ADM,1523,GenImage_test/ADM/test/ai/583_adm_85.PNG
95,ADM,1524,GenImage_test/ADM/test/nature/ILSVRC2012_val_00014969.JPEG
95,ADM,1525,GenImage_test/ADM/test/nature/ILSVRC2012_val_00024127.JPEG
95,ADM,1526,GenImage_test/ADM/test/nature/ILSVRC2012_val_00001297.JPEG
95,ADM,1527,GenImage_test/ADM/test/nature/ILSVRC2012_val_00027860.JPEG
95,ADM,1528,GenImage_test/ADM/test/nature/ILSVRC2012_val_00024383.JPEG
95,ADM,1529,GenImage_test/ADM/test/ai/602_adm_91.PNG
95,ADM,1530,GenImage_test/ADM/test/nature/ILSVRC2012_val_00048516.JPEG
95,ADM,1531,GenImage_test/ADM/test/nature/ILSVRC2012_val_00018678.JPEG
96,ADM,1532,GenImage_test/ADM/test/nature/ILSVRC2012_val_00001422.JPEG
96,ADM,1533,GenImage_test/ADM/test/nature/ILSVRC2012_val_00037574.JPEG
96,ADM,1534,GenImage_test/ADM/test/nature/ILSVRC2012_val_00018853.JPEG
96,ADM,1535,GenImage_test/ADM/test/ai/248_adm_7.PNG
96,ADM,1536,GenImage_test/ADM/test/ai/18_adm_7.PNG
96,ADM,1537,GenImage_test/ADM/test/ai/221_adm_85.PNG
96,ADM,1538,GenImage_test/ADM/test/ai/737_adm_174.PNG
96,ADM,1539,GenImage_test/ADM/test/ai/324_adm_85.PNG
96,ADM,1540,GenImage_test/ADM/test/ai/720_adm_91.PNG
96,ADM,1541,GenImage_test/ADM/test/ai/218_adm_174.PNG
96,ADM,1542,GenImage_test/ADM/test/nature/ILSVRC2012_val_00032179.JPEG
96,ADM,1543,GenImage_test/ADM/test/nature/ILSVRC2012_val_00027987.JPEG
96,ADM,1544,GenImage_test/ADM/test/nature/ILSVRC2012_val_00026736.JPEG
96,ADM,1545,GenImage_test/ADM/test/nature/ILSVRC2012_val_00041369.JPEG
96,ADM,1546,GenImage_test/ADM/test/ai/999_adm_153.PNG
96,ADM,1547,GenImage_test/ADM/test/nature/ILSVRC2012_val_00045285.JPEG
97,ADM,1548,GenImage_test/ADM/test/nature/ILSVRC2012_val_00038784.JPEG
97,ADM,1549,GenImage_test/ADM/test/ai/972_adm_91.PNG
97,ADM,1550,GenImage_test/ADM/test/nature/ILSVRC2012_val_00049984.JPEG
97,ADM,1551,GenImage_test/ADM/test/ai/439_adm_153.PNG
97,ADM,1552,GenImage_test/ADM/test/nature/ILSVRC2012_val_00015251.JPEG
97,ADM,1553,GenImage_test/ADM/test/nature/ILSVRC2012_val_00018791.JPEG
97,ADM,1554,GenImage_test/ADM/test/nature/ILSVRC2012_val_00031151.JPEG
97,ADM,1555,GenImage_test/ADM/test/nature/ILSVRC2012_val_00021143.JPEG
97,ADM,1556,GenImage_test/ADM/test/nature/ILSVRC2012_val_00005081.JPEG
97,ADM,1557,GenImage_test/ADM/test/ai/74_adm_153.PNG
97,ADM,1558,GenImage_test/ADM/test/ai/678_adm_34.PNG
97,ADM,1559,GenImage_test/ADM/test/nature/ILSVRC2012_val_00013523.JPEG
97,ADM,1560,GenImage_test/ADM/test/ai/933_adm_153.PNG
97,ADM,1561,GenImage_test/ADM/test/nature/ILSVRC2012_val_00023770.JPEG
97,ADM,1562,GenImage_test/ADM/test/nature/ILSVRC2012_val_00030947.JPEG
97,ADM,1563,GenImage_test/ADM/test/ai/752_adm_85.PNG
98,ADM,1564,GenImage_test/ADM/test/nature/ILSVRC2012_val_00033710.JPEG
98,ADM,1565,GenImage_test/ADM/test/ai/7_adm_34.PNG
98,ADM,1566,GenImage_test/ADM/test/ai/813_adm_174.PNG
98,ADM,1567,GenImage_test/ADM/test/nature/ILSVRC2012_val_00016474.JPEG
98,ADM,1568,GenImage_test/ADM/test/nature/ILSVRC2012_val_00004595.JPEG
98,ADM,1569,GenImage_test/ADM/test/nature/ILSVRC2012_val_00031842.JPEG
98,ADM,1570,GenImage_test/ADM/test/ai/894_adm_85.PNG
98,ADM,1571,GenImage_test/ADM/test/ai/457_adm_174.PNG
98,ADM,1572,GenImage_test/ADM/test/nature/ILSVRC2012_val_00013220.JPEG
98,ADM,1573,GenImage_test/ADM/test/nature/ILSVRC2012_val_00005008.JPEG
98,ADM,1574,GenImage_test/ADM/test/ai/842_adm_153.PNG
98,ADM,1575,GenImage_test/ADM/test/nature/ILSVRC2012_val_00015665.JPEG
98,ADM,1576,GenImage_test/ADM/test/ai/808_adm_174.PNG
98,ADM,1577,GenImage_test/ADM/test/ai/157_adm_7.PNG
98,ADM,1578,GenImage_test/ADM/test/nature/ILSVRC2012_val_00039106.JPEG
98,ADM,1579,GenImage_test/ADM/test/nature/ILSVRC2012_val_00007278.JPEG
99,ADM,1580,GenImage_test/ADM/test/ai/763_adm_153.PNG
99,ADM,1581,GenImage_test/ADM/test/ai/718_adm_7.PNG
99,ADM,1582,GenImage_test/ADM/test/ai/55_adm_153.PNG
99,ADM,1583,GenImage_test/ADM/test/nature/ILSVRC2012_val_00018204.JPEG
99,ADM,1584,GenImage_test/ADM/test/nature/ILSVRC2012_val_00029680.JPEG
99,ADM,1585,GenImage_test/ADM/test/nature/ILSVRC2012_val_00007889.JPEG
99,ADM,1586,GenImage_test/ADM/test/ai/155_adm_174.PNG
99,ADM,1587,GenImage_test/ADM/test/ai/434_adm_91.PNG
99,ADM,1588,GenImage_test/ADM/test/nature/ILSVRC2012_val_00045926.JPEG
99,ADM,1589,GenImage_test/ADM/test/ai/539_adm_153.PNG
99,ADM,1590,GenImage_test/ADM/test/nature/ILSVRC2012_val_00044809.JPEG
99,ADM,1591,GenImage_test/ADM/test/nature/ILSVRC2012_val_00040316.JPEG
99,ADM,1592,GenImage_test/ADM/test/ai/560_adm_7.PNG
99,ADM,1593,GenImage_test/ADM/test/ai/685_adm_174.PNG
99,ADM,1594,GenImage_test/ADM/test/nature/ILSVRC2012_val_00010688.JPEG
99,ADM,1595,GenImage_test/ADM/test/nature/ILSVRC2012_val_00045264.JPEG
100,ADM,1596,GenImage_test/ADM/test/ai/99_adm_153.PNG
100,ADM,1597,GenImage_test/ADM/test/ai/493_adm_174.PNG
100,ADM,1598,GenImage_test/ADM/test/nature/ILSVRC2012_val_00033511.JPEG
100,ADM,1599,GenImage_test/ADM/test/nature/ILSVRC2012_val_00041663.JPEG
100,ADM,1600,GenImage_test/ADM/test/ai/934_adm_7.PNG
100,ADM,1601,GenImage_test/ADM/test/nature/ILSVRC2012_val_00049291.JPEG
100,ADM,1602,GenImage_test/ADM/test/ai/49_adm_85.PNG
100,ADM,1603,GenImage_test/ADM/test/ai/751_adm_34.PNG
100,ADM,1604,GenImage_test/ADM/test/nature/ILSVRC2012_val_00048303.JPEG
100,ADM,1605,GenImage_test/ADM/test/ai/727_adm_153.PNG
100,ADM,1606,GenImage_test/ADM/test/nature/ILSVRC2012_val_00004526.JPEG
100,ADM,1607,GenImage_test/ADM/test/nature/ILSVRC2012_val_00007538.JPEG
100,ADM,1608,GenImage_test/ADM/test/ai/315_adm_34.PNG
100,ADM,1609,GenImage_test/ADM/test/nature/ILSVRC2012_val_00006650.JPEG
100,ADM,1610,GenImage_test/ADM/test/ai/210_adm_85.PNG
100,ADM,1611,GenImage_test/ADM/test/ai/207_adm_153.PNG
101,ADM,1612,GenImage_test/ADM/test/ai/728_adm_153.PNG
101,ADM,1613,GenImage_test/ADM/test/ai/661_adm_34.PNG
101,ADM,1614,GenImage_test/ADM/test/nature/ILSVRC2012_val_00045455.JPEG
101,ADM,1615,GenImage_test/ADM/test/ai/784_adm_153.PNG
101,ADM,1616,GenImage_test/ADM/test/nature/ILSVRC2012_val_00016443.JPEG
101,ADM,1617,GenImage_test/ADM/test/nature/ILSVRC2012_val_00005143.JPEG
101,ADM,1618,GenImage_test/ADM/test/ai/47_adm_7.PNG
101,ADM,1619,GenImage_test/ADM/test/nature/ILSVRC2012_val_00037589.JPEG
101,ADM,1620,GenImage_test/ADM/test/nature/ILSVRC2012_val_00022685.JPEG
101,ADM,1621,GenImage_test/ADM/test/ai/41_adm_7.PNG
101,ADM,1622,GenImage_test/ADM/test/nature/ILSVRC2012_val_00001904.JPEG
101,ADM,1623,GenImage_test/ADM/test/nature/ILSVRC2012_val_00044454.JPEG
101,ADM,1624,GenImage_test/ADM/test/nature/ILSVRC2012_val_00034934.JPEG
101,ADM,1625,GenImage_test/ADM/test/ai/350_adm_153.PNG
101,ADM,1626,GenImage_test/ADM/test/ai/306_adm_153.PNG
101,ADM,1627,GenImage_test/ADM/test/ai/592_adm_85.PNG
102,ADM,1628,GenImage_test/ADM/test/ai/359_adm_174.PNG
102,ADM,1629,GenImage_test/ADM/test/nature/ILSVRC2012_val_00020264.JPEG
102,ADM,1630,GenImage_test/ADM/test/nature/ILSVRC2012_val_00047124.JPEG
102,ADM,1631,GenImage_test/ADM/test/ai/969_adm_91.PNG
102,ADM,1632,GenImage_test/ADM/test/nature/ILSVRC2012_val_00029120.JPEG
102,ADM,1633,GenImage_test/ADM/test/nature/ILSVRC2012_val_00017016.JPEG
102,ADM,1634,GenImage_test/ADM/test/nature/ILSVRC2012_val_00038157.JPEG
102,ADM,1635,GenImage_test/ADM/test/nature/ILSVRC2012_val_00041563.JPEG
102,ADM,1636,GenImage_test/ADM/test/ai/686_adm_7.PNG
102,ADM,1637,GenImage_test/ADM/test/nature/ILSVRC2012_val_00023608.JPEG
102,ADM,1638,GenImage_test/ADM/test/nature/ILSVRC2012_val_00023202.JPEG
102,ADM,1639,GenImage_test/ADM/test/ai/83_adm_153.PNG
102,ADM,1640,GenImage_test/ADM/test/ai/166_adm_7.PNG
102,ADM,1641,GenImage_test/ADM/test/ai/464_adm_34.PNG
102,ADM,1642,GenImage_test/ADM/test/ai/835_adm_174.PNG
102,ADM,1643,GenImage_test/ADM/test/ai/470_adm_174.PNG
103,ADM,1644,GenImage_test/ADM/test/ai/550_adm_153.PNG
103,ADM,1645,GenImage_test/ADM/test/ai/15_adm_153.PNG
103,ADM,1646,GenImage_test/ADM/test/ai/9_adm_91.PNG
103,ADM,1647,GenImage_test/ADM/test/nature/ILSVRC2012_val_00043012.JPEG
103,ADM,1648,GenImage_test/ADM/test/ai/583_adm_7.PNG
103,ADM,1649,GenImage_test/ADM/test/ai/759_adm_85.PNG
103,ADM,1650,GenImage_test/ADM/test/ai/838_adm_85.PNG
103,ADM,1651,GenImage_test/ADM/test/nature/ILSVRC2012_val_00001084.JPEG
103,ADM,1652,GenImage_test/ADM/test/nature/ILSVRC2012_val_00043664.JPEG
103,ADM,1653,GenImage_test/ADM/test/nature/ILSVRC2012_val_00015538.JPEG
103,ADM,1654,GenImage_test/ADM/test/ai/367_adm_174.PNG
103,ADM,1655,GenImage_test/ADM/test/ai/286_adm_174.PNG
103,ADM,1656,GenImage_test/ADM/test/nature/ILSVRC2012_val_00001822.JPEG
103,ADM,1657,GenImage_test/ADM/test/ai/565_adm_34.PNG
103,ADM,1658,GenImage_test/ADM/test/ai/33_adm_34.PNG
103,ADM,1659,GenImage_test/ADM/test/ai/481_adm_174.PNG
104,ADM,1660,GenImage_test/ADM/test/nature/ILSVRC2012_val_00004401.JPEG
104,ADM,1661,GenImage_test/ADM/test/nature/ILSVRC2012_val_00009395.JPEG
104,ADM,1662,GenImage_test/ADM/test/nature/ILSVRC2012_val_00031580.JPEG
104,ADM,1663,GenImage_test/ADM/test/nature/ILSVRC2012_val_00046080.JPEG
104,ADM,1664,GenImage_test/ADM/test/ai/572_adm_153.PNG
104,ADM,1665,GenImage_test/ADM/test/ai/52_adm_7.PNG
104,ADM,1666,GenImage_test/ADM/test/nature/ILSVRC2012_val_00047246.JPEG
104,ADM,1667,GenImage_test/ADM/test/ai/529_adm_7.PNG
104,ADM,1668,GenImage_test/ADM/test/nature/ILSVRC2012_val_00035266.JPEG
104,ADM,1669,GenImage_test/ADM/test/ai/997_adm_34.PNG
104,ADM,1670,GenImage_test/ADM/test/ai/972_adm_7.PNG
104,ADM,1671,GenImage_test/ADM/test/nature/ILSVRC2012_val_00046213.JPEG
104,ADM,1672,GenImage_test/ADM/test/ai/760_adm_7.PNG
104,ADM,1673,GenImage_test/ADM/test/nature/ILSVRC2012_val_00020839.JPEG
104,ADM,1674,GenImage_test/ADM/test/ai/20_adm_174.PNG
104,ADM,1675,GenImage_test/ADM/test/nature/ILSVRC2012_val_00026148.JPEG
105,ADM,1676,GenImage_test/ADM/test/ai/438_adm_7.PNG
105,ADM,1677,GenImage_test/ADM/test/ai/65_adm_91.PNG
105,ADM,1678,GenImage_test/ADM/test/ai/786_adm_34.PNG
105,ADM,1679,GenImage_test/ADM/test/ai/874_adm_34.PNG
105,ADM,1680,GenImage_test/ADM/test/ai/400_adm_174.PNG
105,ADM,1681,GenImage_test/ADM/test/ai/538_adm_85.PNG
105,ADM,1682,GenImage_test/ADM/test/ai/515_adm_91.PNG
105,ADM,1683,GenImage_test/ADM/test/ai/85_adm_174.PNG
105,ADM,1684,GenImage_test/ADM/test/ai/539_adm_174.PNG
105,ADM,1685,GenImage_test/ADM/test/nature/ILSVRC2012_val_00025629.JPEG
105,ADM,1686,GenImage_test/ADM/test/nature/ILSVRC2012_val_00028665.JPEG
105,ADM,1687,GenImage_test/ADM/test/ai/22_adm_91.PNG
105,ADM,1688,GenImage_test/ADM/test/ai/770_adm_85.PNG
105,ADM,1689,GenImage_test/ADM/test/ai/761_adm_34.PNG
105,ADM,1690,GenImage_test/ADM/test/nature/ILSVRC2012_val_00011390.JPEG
105,ADM,1691,GenImage_test/ADM/test/nature/ILSVRC2012_val_00008833.JPEG
106,ADM,1692,GenImage_test/ADM/test/nature/ILSVRC2012_val_00021927.JPEG
106,ADM,1693,GenImage_test/ADM/test/nature/ILSVRC2012_val_00022904.JPEG
106,ADM,1694,GenImage_test/ADM/test/ai/738_adm_34.PNG
106,ADM,1695,GenImage_test/ADM/test/nature/ILSVRC2012_val_00042102.JPEG
106,ADM,1696,GenImage_test/ADM/test/ai/483_adm_34.PNG
106,ADM,1697,GenImage_test/ADM/test/ai/940_adm_85.PNG
106,ADM,1698,GenImage_test/ADM/test/nature/ILSVRC2012_val_00025576.JPEG
106,ADM,1699,GenImage_test/ADM/test/ai/545_adm_91.PNG
106,ADM,1700,GenImage_test/ADM/test/nature/ILSVRC2012_val_00010364.JPEG
106,ADM,1701,GenImage_test/ADM/test/nature/ILSVRC2012_val_00000175.JPEG
106,ADM,1702,GenImage_test/ADM/test/ai/632_adm_34.PNG
106,ADM,1703,GenImage_test/ADM/test/nature/ILSVRC2012_val_00033910.JPEG
106,ADM,1704,GenImage_test/ADM/test/nature/ILSVRC2012_val_00001219.JPEG
106,ADM,1705,GenImage_test/ADM/test/nature/ILSVRC2012_val_00020487.JPEG
106,ADM,1706,GenImage_test/ADM/test/ai/227_adm_153.PNG
106,ADM,1707,GenImage_test/ADM/test/ai/659_adm_34.PNG
107,ADM,1708,GenImage_test/ADM/test/nature/ILSVRC2012_val_00025842.JPEG
107,ADM,1709,GenImage_test/ADM/test/nature/ILSVRC2012_val_00020229.JPEG
107,ADM,1710,GenImage_test/ADM/test/ai/162_adm_34.PNG
107,ADM,1711,GenImage_test/ADM/test/ai/693_adm_174.PNG
107,ADM,1712,GenImage_test/ADM/test/nature/ILSVRC2012_val_00022624.JPEG
107,ADM,1713,GenImage_test/ADM/test/ai/759_adm_174.PNG
107,ADM,1714,GenImage_test/ADM/test/ai/163_adm_153.PNG
107,ADM,1715,GenImage_test/ADM/test/ai/168_adm_174.PNG
107,ADM,1716,GenImage_test/ADM/test/ai/522_adm_85.PNG
107,ADM,1717,GenImage_test/ADM/test/nature/ILSVRC2012_val_00022454.JPEG
107,ADM,1718,GenImage_test/ADM/test/nature/ILSVRC2012_val_00031013.JPEG
107,ADM,1719,GenImage_test/ADM/test/ai/623_adm_34.PNG
107,ADM,1720,GenImage_test/ADM/test/ai/426_adm_7.PNG
107,ADM,1721,GenImage_test/ADM/test/nature/ILSVRC2012_val_00034418.JPEG
107,ADM,1722,GenImage_test/ADM/test/nature/ILSVRC2012_val_00009818.JPEG
107,ADM,1723,GenImage_test/ADM/test/nature/ILSVRC2012_val_00021163.JPEG
108,ADM,1724,GenImage_test/ADM/test/nature/ILSVRC2012_val_00006012.JPEG
108,ADM,1725,GenImage_test/ADM/test/ai/754_adm_34.PNG
108,ADM,1726,GenImage_test/ADM/test/ai/188_adm_174.PNG
108,ADM,1727,GenImage_test/ADM/test/ai/590_adm_153.PNG
108,ADM,1728,GenImage_test/ADM/test/ai/725_adm_153.PNG
108,ADM,1729,GenImage_test/ADM/test/nature/ILSVRC2012_val_00016076.JPEG
108,ADM,1730,GenImage_test/ADM/test/ai/126_adm_7.PNG
108,ADM,1731,GenImage_test/ADM/test/nature/ILSVRC2012_val_00001262.JPEG
108,ADM,1732,GenImage_test/ADM/test/nature/ILSVRC2012_val_00046042.JPEG
108,ADM,1733,GenImage_test/ADM/test/nature/ILSVRC2012_val_00000059.JPEG
108,ADM,1734,GenImage_test/ADM/test/nature/ILSVRC2012_val_00046316.JPEG
108,ADM,1735,GenImage_test/ADM/test/nature/ILSVRC2012_val_00011197.JPEG
108,ADM,1736,GenImage_test/ADM/test/ai/506_adm_34.PNG
108,ADM,1737,GenImage_test/ADM/test/nature/ILSVRC2012_val_00044525.JPEG
108,ADM,1738,GenImage_test/ADM/test/ai/208_adm_174.PNG
108,ADM,1739,GenImage_test/ADM/test/ai/986_adm_85.PNG
109,ADM,1740,GenImage_test/ADM/test/ai/143_adm_91.PNG
109,ADM,1741,GenImage_test/ADM/test/nature/ILSVRC2012_val_00043322.JPEG
109,ADM,1742,GenImage_test/ADM/test/ai/240_adm_153.PNG
109,ADM,1743,GenImage_test/ADM/test/ai/963_adm_85.PNG
109,ADM,1744,GenImage_test/ADM/test/ai/426_adm_34.PNG
109,ADM,1745,GenImage_test/ADM/test/nature/ILSVRC2012_val_00022185.JPEG
109,ADM,1746,GenImage_test/ADM/test/ai/48_adm_85.PNG
109,ADM,1747,GenImage_test/ADM/test/ai/279_adm_7.PNG
109,ADM,1748,GenImage_test/ADM/test/nature/ILSVRC2012_val_00023661.JPEG
109,ADM,1749,GenImage_test/ADM/test/nature/ILSVRC2012_val_00019981.JPEG
109,ADM,1750,GenImage_test/ADM/test/nature/ILSVRC2012_val_00007724.JPEG
109,ADM,1751,GenImage_test/ADM/test/nature/ILSVRC2012_val_00004231.JPEG
109,ADM,1752,GenImage_test/ADM/test/ai/947_adm_91.PNG
109,ADM,1753,GenImage_test/ADM/test/nature/ILSVRC2012_val_00019904.JPEG
109,ADM,1754,GenImage_test/ADM/test/ai/517_adm_34.PNG
109,ADM,1755,GenImage_test/ADM/test/nature/ILSVRC2012_val_00046894.JPEG
110,ADM,1756,GenImage_test/ADM/test/nature/ILSVRC2012_val_00018749.JPEG
110,ADM,1757,GenImage_test/ADM/test/nature/ILSVRC2012_val_00023375.JPEG
110,ADM,1758,GenImage_test/ADM/test/nature/ILSVRC2012_val_00027288.JPEG
110,ADM,1759,GenImage_test/ADM/test/ai/974_adm_174.PNG
110,ADM,1760,GenImage_test/ADM/test/nature/ILSVRC2012_val_00030009.JPEG
110,ADM,1761,GenImage_test/ADM/test/ai/362_adm_34.PNG
110,ADM,1762,GenImage_test/ADM/test/ai/684_adm_7.PNG
110,ADM,1763,GenImage_test/ADM/test/nature/ILSVRC2012_val_00003256.JPEG
110,ADM,1764,GenImage_test/ADM/test/ai/483_adm_85.PNG
110,ADM,1765,GenImage_test/ADM/test/nature/ILSVRC2012_val_00010700.JPEG
110,ADM,1766,GenImage_test/ADM/test/nature/ILSVRC2012_val_00042322.JPEG
110,ADM,1767,GenImage_test/ADM/test/ai/924_adm_34.PNG
110,ADM,1768,GenImage_test/ADM/test/nature/ILSVRC2012_val_00002128.JPEG
110,ADM,1769,GenImage_test/ADM/test/nature/ILSVRC2012_val_00035757.JPEG
110,ADM,1770,GenImage_test/ADM/test/ai/527_adm_85.PNG
110,ADM,1771,GenImage_test/ADM/test/ai/36_adm_153.PNG
111,ADM,1772,GenImage_test/ADM/test/nature/ILSVRC2012_val_00002621.JPEG
111,ADM,1773,GenImage_test/ADM/test/nature/ILSVRC2012_val_00024890.JPEG
111,ADM,1774,GenImage_test/ADM/test/ai/385_adm_174.PNG
111,ADM,1775,GenImage_test/ADM/test/ai/925_adm_91.PNG
111,ADM,1776,GenImage_test/ADM/test/nature/ILSVRC2012_val_00022354.JPEG
111,ADM,1777,GenImage_test/ADM/test/ai/213_adm_153.PNG
111,ADM,1778,GenImage_test/ADM/test/ai/691_adm_85.PNG
111,ADM,1779,GenImage_test/ADM/test/ai/91_adm_153.PNG
111,ADM,1780,GenImage_test/ADM/test/ai/833_adm_174.PNG
111,ADM,1781,GenImage_test/ADM/test/nature/ILSVRC2012_val_00048840.JPEG
111,ADM,1782,GenImage_test/ADM/test/ai/106_adm_34.PNG
111,ADM,1783,GenImage_test/ADM/test/ai/735_adm_34.PNG
111,ADM,1784,GenImage_test/ADM/test/ai/571_adm_91.PNG
111,ADM,1785,GenImage_test/ADM/test/nature/ILSVRC2012_val_00029753.JPEG
111,ADM,1786,GenImage_test/ADM/test/ai/161_adm_153.PNG
111,ADM,1787,GenImage_test/ADM/test/nature/ILSVRC2012_val_00024290.JPEG
112,ADM,1788,GenImage_test/ADM/test/nature/ILSVRC2012_val_00026376.JPEG
112,ADM,1789,GenImage_test/ADM/test/nature/ILSVRC2012_val_00047452.JPEG
112,ADM,1790,GenImage_test/ADM/test/nature/ILSVRC2012_val_00027544.JPEG
112,ADM,1791,GenImage_test/ADM/test/ai/716_adm_7.PNG
112,ADM,1792,GenImage_test/ADM/test/ai/509_adm_7.PNG
112,ADM,1793,GenImage_test/ADM/test/ai/544_adm_91.PNG
112,ADM,1794,GenImage_test/ADM/test/ai/429_adm_7.PNG
112,ADM,1795,GenImage_test/ADM/test/ai/262_adm_153.PNG
112,ADM,1796,GenImage_test/ADM/test/nature/ILSVRC2012_val_00042478.JPEG
112,ADM,1797,GenImage_test/ADM/test/nature/ILSVRC2012_val_00014068.JPEG
112,ADM,1798,GenImage_test/ADM/test/nature/ILSVRC2012_val_00006514.JPEG
112,ADM,1799,GenImage_test/ADM/test/nature/ILSVRC2012_val_00004441.JPEG
112,ADM,1800,GenImage_test/ADM/test/ai/197_adm_85.PNG
112,ADM,1801,GenImage_test/ADM/test/ai/733_adm_174.PNG
112,ADM,1802,GenImage_test/ADM/test/nature/ILSVRC2012_val_00024156.JPEG
112,ADM,1803,GenImage_test/ADM/test/nature/ILSVRC2012_val_00019859.JPEG
113,ADM,1804,GenImage_test/ADM/test/nature/ILSVRC2012_val_00046620.JPEG
113,ADM,1805,GenImage_test/ADM/test/nature/ILSVRC2012_val_00042394.JPEG
113,ADM,1806,GenImage_test/ADM/test/nature/ILSVRC2012_val_00042753.JPEG
113,ADM,1807,GenImage_test/ADM/test/ai/144_adm_174.PNG
113,ADM,1808,GenImage_test/ADM/test/ai/254_adm_85.PNG
113,ADM,1809,GenImage_test/ADM/test/nature/ILSVRC2012_val_00001019.JPEG
113,ADM,1810,GenImage_test/ADM/test/ai/239_adm_153.PNG
113,ADM,1811,GenImage_test/ADM/test/nature/ILSVRC2012_val_00031280.JPEG
113,ADM,1812,GenImage_test/ADM/test/ai/40_adm_7.PNG
113,ADM,1813,GenImage_test/ADM/test/nature/ILSVRC2012_val_00018396.JPEG
113,ADM,1814,GenImage_test/ADM/test/nature/ILSVRC2012_val_00019892.JPEG
113,ADM,1815,GenImage_test/ADM/test/ai/96_adm_85.PNG
113,ADM,1816,GenImage_test/ADM/test/ai/915_adm_91.PNG
113,ADM,1817,GenImage_test/ADM/test/nature/ILSVRC2012_val_00047670.JPEG
113,ADM,1818,GenImage_test/ADM/test/nature/ILSVRC2012_val_00031038.JPEG
113,ADM,1819,GenImage_test/ADM/test/nature/ILSVRC2012_val_00036236.JPEG
114,ADM,1820,GenImage_test/ADM/test/ai/667_adm_91.PNG
114,ADM,1821,GenImage_test/ADM/test/ai/772_adm_153.PNG
114,ADM,1822,GenImage_test/ADM/test/nature/ILSVRC2012_val_00049055.JPEG
114,ADM,1823,GenImage_test/ADM/test/ai/249_adm_7.PNG
114,ADM,1824,GenImage_test/ADM/test/nature/ILSVRC2012_val_00012445.JPEG
114,ADM,1825,GenImage_test/ADM/test/nature/ILSVRC2012_val_00010339.JPEG
114,ADM,1826,GenImage_test/ADM/test/ai/853_adm_85.PNG
114,ADM,1827,GenImage_test/ADM/test/ai/470_adm_34.PNG
114,ADM,1828,GenImage_test/ADM/test/nature/ILSVRC2012_val_00013262.JPEG
114,ADM,1829,GenImage_test/ADM/test/ai/512_adm_85.PNG
114,ADM,1830,GenImage_test/ADM/test/ai/249_adm_174.PNG
114,ADM,1831,GenImage_test/ADM/test/nature/ILSVRC2012_val_00029275.JPEG
114,ADM,1832,GenImage_test/ADM/test/ai/487_adm_174.PNG
114,ADM,1833,GenImage_test/ADM/test/nature/ILSVRC2012_val_00034669.JPEG
114,ADM,1834,GenImage_test/ADM/test/ai/568_adm_7.PNG
114,ADM,1835,GenImage_test/ADM/test/nature/ILSVRC2012_val_00004059.JPEG
115,ADM,1836,GenImage_test/ADM/test/nature/ILSVRC2012_val_00028117.JPEG
115,ADM,1837,GenImage_test/ADM/test/nature/ILSVRC2012_val_00004381.JPEG
115,ADM,1838,GenImage_test/ADM/test/ai/28_adm_7.PNG
115,ADM,1839,GenImage_test/ADM/test/ai/996_adm_7.PNG
115,ADM,1840,GenImage_test/ADM/test/nature/ILSVRC2012_val_00047415.JPEG
115,ADM,1841,GenImage_test/ADM/test/nature/ILSVRC2012_val_00039249.JPEG
115,ADM,1842,GenImage_test/ADM/test/nature/ILSVRC2012_val_00010030.JPEG
115,ADM,1843,GenImage_test/ADM/test/ai/554_adm_7.PNG
115,ADM,1844,GenImage_test/ADM/test/ai/295_adm_7.PNG
115,ADM,1845,GenImage_test/ADM/test/ai/695_adm_153.PNG
115,ADM,1846,GenImage_test/ADM/test/ai/436_adm_153.PNG
115,ADM,1847,GenImage_test/ADM/test/nature/ILSVRC2012_val_00041132.JPEG
115,ADM,1848,GenImage_test/ADM/test/nature/ILSVRC2012_val_00042643.JPEG
115,ADM,1849,GenImage_test/ADM/test/ai/754_adm_91.PNG
115,ADM,1850,GenImage_test/ADM/test/ai/661_adm_153.PNG
115,ADM,1851,GenImage_test/ADM/test/ai/582_adm_7.PNG
116,ADM,1852,GenImage_test/ADM/test/nature/ILSVRC2012_val_00016620.JPEG
116,ADM,1853,GenImage_test/ADM/test/nature/ILSVRC2012_val_00028642.JPEG
116,ADM,1854,GenImage_test/ADM/test/nature/ILSVRC2012_val_00020196.JPEG
116,ADM,1855,GenImage_test/ADM/test/nature/ILSVRC2012_val_00004788.JPEG
116,ADM,1856,GenImage_test/ADM/test/ai/959_adm_7.PNG
116,ADM,1857,GenImage_test/ADM/test/nature/ILSVRC2012_val_00037553.JPEG
116,ADM,1858,GenImage_test/ADM/test/ai/882_adm_153.PNG
116,ADM,1859,GenImage_test/ADM/test/nature/ILSVRC2012_val_00031960.JPEG
116,ADM,1860,GenImage_test/ADM/test/nature/ILSVRC2012_val_00031968.JPEG
116,ADM,1861,GenImage_test/ADM/test/ai/218_adm_34.PNG
116,ADM,1862,GenImage_test/ADM/test/ai/604_adm_91.PNG
116,ADM,1863,GenImage_test/ADM/test/ai/111_adm_174.PNG
116,ADM,1864,GenImage_test/ADM/test/nature/ILSVRC2012_val_00002231.JPEG
116,ADM,1865,GenImage_test/ADM/test/ai/602_adm_174.PNG
116,ADM,1866,GenImage_test/ADM/test/nature/ILSVRC2012_val_00028868.JPEG
116,ADM,1867,GenImage_test/ADM/test/ai/410_adm_153.PNG
117,ADM,1868,GenImage_test/ADM/test/ai/330_adm_85.PNG
117,ADM,1869,GenImage_test/ADM/test/ai/788_adm_153.PNG
117,ADM,1870,GenImage_test/ADM/test/nature/ILSVRC2012_val_00028246.JPEG
117,ADM,1871,GenImage_test/ADM/test/ai/416_adm_174.PNG
117,ADM,1872,GenImage_test/ADM/test/ai/441_adm_85.PNG
117,ADM,1873,GenImage_test/ADM/test/ai/952_adm_34.PNG
117,ADM,1874,GenImage_test/ADM/test/nature/ILSVRC2012_val_00048842.JPEG
117,ADM,1875,GenImage_test/ADM/test/nature/ILSVRC2012_val_00003992.JPEG
117,ADM,1876,GenImage_test/ADM/test/ai/149_adm_34.PNG
117,ADM,1877,GenImage_test/ADM/test/nature/ILSVRC2012_val_00025253.JPEG
117,ADM,1878,GenImage_test/ADM/test/ai/74_adm_34.PNG
117,ADM,1879,GenImage_test/ADM/test/nature/ILSVRC2012_val_00039052.JPEG
117,ADM,1880,GenImage_test/ADM/test/ai/193_adm_7.PNG
117,ADM,1881,GenImage_test/ADM/test/nature/ILSVRC2012_val_00024447.JPEG
117,ADM,1882,GenImage_test/ADM/test/ai/786_adm_85.PNG
117,ADM,1883,GenImage_test/ADM/test/ai/161_adm_174.PNG
118,ADM,1884,GenImage_test/ADM/test/ai/260_adm_34.PNG
118,ADM,1885,GenImage_test/ADM/test/nature/ILSVRC2012_val_00033428.JPEG
118,ADM,1886,GenImage_test/ADM/test/ai/871_adm_85.PNG
118,ADM,1887,GenImage_test/ADM/test/nature/ILSVRC2012_val_00022271.JPEG
118,ADM,1888,GenImage_test/ADM/test/ai/781_adm_91.PNG
118,ADM,1889,GenImage_test/ADM/test/ai/914_adm_7.PNG
118,ADM,1890,GenImage_test/ADM/test/nature/ILSVRC2012_val_00023672.JPEG
118,ADM,1891,GenImage_test/ADM/test/ai/908_adm_7.PNG
118,ADM,1892,GenImage_test/ADM/test/nature/ILSVRC2012_val_00009660.JPEG
118,ADM,1893,GenImage_test/ADM/test/ai/277_adm_174.PNG
118,ADM,1894,GenImage_test/ADM/test/nature/ILSVRC2012_val_00028840.JPEG
118,ADM,1895,GenImage_test/ADM/test/ai/83_adm_174.PNG
118,ADM,1896,GenImage_test/ADM/test/ai/688_adm_174.PNG
118,ADM,1897,GenImage_test/ADM/test/nature/ILSVRC2012_val_00038776.JPEG
118,ADM,1898,GenImage_test/ADM/test/nature/ILSVRC2012_val_00012920.JPEG
118,ADM,1899,GenImage_test/ADM/test/ai/576_adm_91.PNG
119,ADM,1900,GenImage_test/ADM/test/nature/ILSVRC2012_val_00044226.JPEG
119,ADM,1901,GenImage_test/ADM/test/ai/147_adm_85.PNG
119,ADM,1902,GenImage_test/ADM/test/ai/334_adm_91.PNG
119,ADM,1903,GenImage_test/ADM/test/nature/ILSVRC2012_val_00025091.JPEG
119,ADM,1904,GenImage_test/ADM/test/ai/660_adm_34.PNG
119,ADM,1905,GenImage_test/ADM/test/nature/ILSVRC2012_val_00011391.JPEG
119,ADM,1906,GenImage_test/ADM/test/ai/8_adm_153.PNG
119,ADM,1907,GenImage_test/ADM/test/ai/471_adm_153.PNG
119,ADM,1908,GenImage_test/ADM/test/ai/268_adm_174.PNG
119,ADM,1909,GenImage_test/ADM/test/ai/240_adm_7.PNG
119,ADM,1910,GenImage_test/ADM/test/ai/745_adm_7.PNG
119,ADM,1911,GenImage_test/ADM/test/ai/708_adm_153.PNG
119,ADM,1912,GenImage_test/ADM/test/nature/ILSVRC2012_val_00018435.JPEG
119,ADM,1913,GenImage_test/ADM/test/nature/ILSVRC2012_val_00025523.JPEG
119,ADM,1914,GenImage_test/ADM/test/nature/ILSVRC2012_val_00027319.JPEG
119,ADM,1915,GenImage_test/ADM/test/nature/ILSVRC2012_val_00009212.JPEG
120,ADM,1916,GenImage_test/ADM/test/ai/312_adm_174.PNG
120,ADM,1917,GenImage_test/ADM/test/ai/790_adm_153.PNG
120,ADM,1918,GenImage_test/ADM/test/ai/330_adm_174.PNG
120,ADM,1919,GenImage_test/ADM/test/ai/484_adm_34.PNG
120,ADM,1920,GenImage_test/ADM/test/ai/108_adm_34.PNG
120,ADM,1921,GenImage_test/ADM/test/nature/ILSVRC2012_val_00031429.JPEG
120,ADM,1922,GenImage_test/ADM/test/nature/ILSVRC2012_val_00033936.JPEG
120,ADM,1923,GenImage_test/ADM/test/nature/ILSVRC2012_val_00046820.JPEG
120,ADM,1924,GenImage_test/ADM/test/ai/740_adm_7.PNG
120,ADM,1925,GenImage_test/ADM/test/nature/ILSVRC2012_val_00030419.JPEG
120,ADM,1926,GenImage_test/ADM/test/ai/640_adm_34.PNG
120,ADM,1927,GenImage_test/ADM/test/ai/269_adm_153.PNG
120,ADM,1928,GenImage_test/ADM/test/ai/565_adm_85.PNG
120,ADM,1929,GenImage_test/ADM/test/ai/294_adm_7.PNG
120,ADM,1930,GenImage_test/ADM/test/nature/ILSVRC2012_val_00017402.JPEG
120,ADM,1931,GenImage_test/ADM/test/ai/338_adm_34.PNG
121,ADM,1932,GenImage_test/ADM/test/ai/684_adm_34.PNG
121,ADM,1933,GenImage_test/ADM/test/nature/ILSVRC2012_val_00003198.JPEG
121,ADM,1934,GenImage_test/ADM/test/ai/630_adm_7.PNG
121,ADM,1935,GenImage_test/ADM/test/ai/755_adm_7.PNG
121,ADM,1936,GenImage_test/ADM/test/nature/ILSVRC2012_val_00017190.JPEG
121,ADM,1937,GenImage_test/ADM/test/nature/ILSVRC2012_val_00004823.JPEG
121,ADM,1938,GenImage_test/ADM/test/nature/ILSVRC2012_val_00030005.JPEG
121,ADM,1939,GenImage_test/ADM/test/nature/ILSVRC2012_val_00033630.JPEG
121,ADM,1940,GenImage_test/ADM/test/nature/ILSVRC2012_val_00009555.JPEG
121,ADM,1941,GenImage_test/ADM/test/nature/ILSVRC2012_val_00040045.JPEG
121,ADM,1942,GenImage_test/ADM/test/ai/399_adm_34.PNG
121,ADM,1943,GenImage_test/ADM/test/nature/ILSVRC2012_val_00016415.JPEG
121,ADM,1944,GenImage_test/ADM/test/ai/857_adm_91.PNG
121,ADM,1945,GenImage_test/ADM/test/nature/ILSVRC2012_val_00015166.JPEG
121,ADM,1946,GenImage_test/ADM/test/nature/ILSVRC2012_val_00002993.JPEG
121,ADM,1947,GenImage_test/ADM/test/nature/ILSVRC2012_val_00036383.JPEG
122,ADM,1948,GenImage_test/ADM/test/ai/773_adm_91.PNG
122,ADM,1949,GenImage_test/ADM/test/nature/ILSVRC2012_val_00029371.JPEG
122,ADM,1950,GenImage_test/ADM/test/ai/221_adm_7.PNG
122,ADM,1951,GenImage_test/ADM/test/ai/561_adm_174.PNG
122,ADM,1952,GenImage_test/ADM/test/nature/ILSVRC2012_val_00014170.JPEG
122,ADM,1953,GenImage_test/ADM/test/ai/163_adm_174.PNG
122,ADM,1954,GenImage_test/ADM/test/ai/835_adm_85.PNG
122,ADM,1955,GenImage_test/ADM/test/ai/601_adm_91.PNG
122,ADM,1956,GenImage_test/ADM/test/ai/458_adm_91.PNG
122,ADM,1957,GenImage_test/ADM/test/ai/830_adm_85.PNG
122,ADM,1958,GenImage_test/ADM/test/nature/ILSVRC2012_val_00020798.JPEG
122,ADM,1959,GenImage_test/ADM/test/nature/ILSVRC2012_val_00041900.JPEG
122,ADM,1960,GenImage_test/ADM/test/ai/43_adm_153.PNG
122,ADM,1961,GenImage_test/ADM/test/ai/58_adm_174.PNG
122,ADM,1962,GenImage_test/ADM/test/ai/995_adm_34.PNG
122,ADM,1963,GenImage_test/ADM/test/nature/ILSVRC2012_val_00022442.JPEG
123,ADM,1964,GenImage_test/ADM/test/ai/550_adm_7.PNG
123,ADM,1965,GenImage_test/ADM/test/nature/ILSVRC2012_val_00048914.JPEG
123,ADM,1966,GenImage_test/ADM/test/nature/ILSVRC2012_val_00018780.JPEG
123,ADM,1967,GenImage_test/ADM/test/nature/ILSVRC2012_val_00016036.JPEG
123,ADM,1968,GenImage_test/ADM/test/nature/ILSVRC2012_val_00018591.JPEG
123,ADM,1969,GenImage_test/ADM/test/nature/ILSVRC2012_val_00002721.JPEG
123,ADM,1970,GenImage_test/ADM/test/nature/ILSVRC2012_val_00008356.JPEG
123,ADM,1971,GenImage_test/ADM/test/ai/687_adm_174.PNG
123,ADM,1972,GenImage_test/ADM/test/nature/ILSVRC2012_val_00029175.JPEG
123,ADM,1973,GenImage_test/ADM/test/nature/ILSVRC2012_val_00007852.JPEG
123,ADM,1974,GenImage_test/ADM/test/nature/ILSVRC2012_val_00005344.JPEG
123,ADM,1975,GenImage_test/ADM/test/ai/377_adm_7.PNG
123,ADM,1976,GenImage_test/ADM/test/nature/ILSVRC2012_val_00036895.JPEG
123,ADM,1977,GenImage_test/ADM/test/ai/236_adm_7.PNG
123,ADM,1978,GenImage_test/ADM/test/ai/697_adm_85.PNG
123,ADM,1979,GenImage_test/ADM/test/ai/351_adm_7.PNG
124,ADM,1980,GenImage_test/ADM/test/ai/66_adm_91.PNG
124,ADM,1981,GenImage_test/ADM/test/ai/494_adm_7.PNG
124,ADM,1982,GenImage_test/ADM/test/ai/566_adm_91.PNG
124,ADM,1983,GenImage_test/ADM/test/nature/ILSVRC2012_val_00013280.JPEG
124,ADM,1984,GenImage_test/ADM/test/nature/ILSVRC2012_val_00041474.JPEG
124,ADM,1985,GenImage_test/ADM/test/ai/926_adm_85.PNG
124,ADM,1986,GenImage_test/ADM/test/ai/964_adm_34.PNG
124,ADM,1987,GenImage_test/ADM/test/ai/54_adm_174.PNG
124,ADM,1988,GenImage_test/ADM/test/ai/820_adm_34.PNG
124,ADM,1989,GenImage_test/ADM/test/ai/675_adm_174.PNG
124,ADM,1990,GenImage_test/ADM/test/nature/ILSVRC2012_val_00021383.JPEG
124,ADM,1991,GenImage_test/ADM/test/ai/275_adm_7.PNG
124,ADM,1992,GenImage_test/ADM/test/ai/470_adm_7.PNG
124,ADM,1993,GenImage_test/ADM/test/nature/ILSVRC2012_val_00041141.JPEG
124,ADM,1994,GenImage_test/ADM/test/ai/522_adm_7.PNG
124,ADM,1995,GenImage_test/ADM/test/ai/356_adm_91.PNG
125,ADM,1996,GenImage_test/ADM/test/ai/257_adm_174.PNG
125,ADM,1997,GenImage_test/ADM/test/ai/752_adm_7.PNG
125,ADM,1998,GenImage_test/ADM/test/nature/ILSVRC2012_val_00026899.JPEG
125,ADM,1999,GenImage_test/ADM/test/ai/769_adm_174.PNG
125,ADM,2000,GenImage_test/ADM/test/ai/111_adm_91.PNG
125,ADM,2001,GenImage_test/ADM/test/nature/ILSVRC2012_val_00040711.JPEG
125,ADM,2002,GenImage_test/ADM/test/nature/ILSVRC2012_val_00000773.JPEG
125,ADM,2003,GenImage_test/ADM/test/nature/ILSVRC2012_val_00018182.JPEG
125,ADM,2004,GenImage_test/ADM/test/nature/ILSVRC2012_val_00012872.JPEG
125,ADM,2005,GenImage_test/ADM/test/nature/ILSVRC2012_val_00048595.JPEG
125,ADM,2006,GenImage_test/ADM/test/ai/654_adm_174.PNG
125,ADM,2007,GenImage_test/ADM/test/ai/258_adm_153.PNG
125,ADM,2008,GenImage_test/ADM/test/ai/107_adm_34.PNG
125,ADM,2009,GenImage_test/ADM/test/nature/ILSVRC2012_val_00049666.JPEG
125,ADM,2010,GenImage_test/ADM/test/nature/ILSVRC2012_val_00028563.JPEG
125,ADM,2011,GenImage_test/ADM/test/ai/208_adm_85.PNG
126,ADM,2012,GenImage_test/ADM/test/ai/155_adm_153.PNG
126,ADM,2013,GenImage_test/ADM/test/ai/239_adm_91.PNG
126,ADM,2014,GenImage_test/ADM/test/nature/ILSVRC2012_val_00033153.JPEG
126,ADM,2015,GenImage_test/ADM/test/nature/ILSVRC2012_val_00023065.JPEG
126,ADM,2016,GenImage_test/ADM/test/ai/826_adm_174.PNG
126,ADM,2017,GenImage_test/ADM/test/ai/769_adm_7.PNG
126,ADM,2018,GenImage_test/ADM/test/ai/828_adm_34.PNG
126,ADM,2019,GenImage_test/ADM/test/nature/ILSVRC2012_val_00009191.JPEG
126,ADM,2020,GenImage_test/ADM/test/ai/299_adm_34.PNG
126,ADM,2021,GenImage_test/ADM/test/nature/ILSVRC2012_val_00041979.JPEG
126,ADM,2022,GenImage_test/ADM/test/nature/ILSVRC2012_val_00042054.JPEG
126,ADM,2023,GenImage_test/ADM/test/nature/ILSVRC2012_val_00026202.JPEG
126,ADM,2024,GenImage_test/ADM/test/nature/ILSVRC2012_val_00049859.JPEG
126,ADM,2025,GenImage_test/ADM/test/ai/883_adm_174.PNG
126,ADM,2026,GenImage_test/ADM/test/nature/ILSVRC2012_val_00032197.JPEG
126,ADM,2027,GenImage_test/ADM/test/nature/ILSVRC2012_val_00008540.JPEG
127,ADM,2028,GenImage_test/ADM/test/nature/ILSVRC2012_val_00005142.JPEG
127,ADM,2029,GenImage_test/ADM/test/ai/922_adm_85.PNG
127,ADM,2030,GenImage_test/ADM/test/ai/45_adm_85.PNG
127,ADM,2031,GenImage_test/ADM/test/ai/388_adm_85.PNG
127,ADM,2032,GenImage_test/ADM/test/nature/ILSVRC2012_val_00001981.JPEG
127,ADM,2033,GenImage_test/ADM/test/ai/111_adm_7.PNG
127,ADM,2034,GenImage_test/ADM/test/nature/ILSVRC2012_val_00000433.JPEG
127,ADM,2035,GenImage_test/ADM/test/ai/156_adm_91.PNG
127,ADM,2036,GenImage_test/ADM/test/ai/535_adm_91.PNG
127,ADM,2037,GenImage_test/ADM/test/ai/846_adm_174.PNG
127,ADM,2038,GenImage_test/ADM/test/ai/696_adm_174.PNG
127,ADM,2039,GenImage_test/ADM/test/ai/808_adm_7.PNG
127,ADM,2040,GenImage_test/ADM/test/nature/ILSVRC2012_val_00007484.JPEG
127,ADM,2041,GenImage_test/ADM/test/nature/ILSVRC2012_val_00015420.JPEG
127,ADM,2042,GenImage_test/ADM/test/ai/743_adm_85.PNG
127,ADM,2043,GenImage_test/ADM/test/nature/ILSVRC2012_val_00021389.JPEG
128,ADM,2044,GenImage_test/ADM/test/ai/411_adm_7.PNG
128,ADM,2045,GenImage_test/ADM/test/nature/ILSVRC2012_val_00007119.JPEG
128,ADM,2046,GenImage_test/ADM/test/ai/667_adm_153.PNG
128,ADM,2047,GenImage_test/ADM/test/nature/ILSVRC2012_val_00014613.JPEG
128,ADM,2048,GenImage_test/ADM/test/ai/867_adm_85.PNG
128,ADM,2049,GenImage_test/ADM/test/nature/ILSVRC2012_val_00016885.JPEG
128,ADM,2050,GenImage_test/ADM/test/ai/175_adm_153.PNG
128,ADM,2051,GenImage_test/ADM/test/ai/540_adm_85.PNG
128,ADM,2052,GenImage_test/ADM/test/ai/727_adm_34.PNG
128,ADM,2053,GenImage_test/ADM/test/nature/ILSVRC2012_val_00031450.JPEG
128,ADM,2054,GenImage_test/ADM/test/nature/ILSVRC2012_val_00047463.JPEG
128,ADM,2055,GenImage_test/ADM/test/nature/ILSVRC2012_val_00048964.JPEG
128,ADM,2056,GenImage_test/ADM/test/nature/ILSVRC2012_val_00033644.JPEG
128,ADM,2057,GenImage_test/ADM/test/nature/ILSVRC2012_val_00003384.JPEG
128,ADM,2058,GenImage_test/ADM/test/ai/345_adm_91.PNG
128,ADM,2059,GenImage_test/ADM/test/nature/ILSVRC2012_val_00021036.JPEG
129,ADM,2060,GenImage_test/ADM/test/nature/ILSVRC2012_val_00035765.JPEG
129,ADM,2061,GenImage_test/ADM/test/nature/ILSVRC2012_val_00000730.JPEG
129,ADM,2062,GenImage_test/ADM/test/ai/122_adm_85.PNG
129,ADM,2063,GenImage_test/ADM/test/nature/ILSVRC2012_val_00047539.JPEG
129,ADM,2064,GenImage_test/ADM/test/nature/ILSVRC2012_val_00040683.JPEG
129,ADM,2065,GenImage_test/ADM/test/nature/ILSVRC2012_val_00026557.JPEG
129,ADM,2066,GenImage_test/ADM/test/ai/63_adm_153.PNG
129,ADM,2067,GenImage_test/ADM/test/ai/861_adm_7.PNG
129,ADM,2068,GenImage_test/ADM/test/nature/ILSVRC2012_val_00000427.JPEG
129,ADM,2069,GenImage_test/ADM/test/ai/38_adm_7.PNG
129,ADM,2070,GenImage_test/ADM/test/nature/ILSVRC2012_val_00011611.JPEG
129,ADM,2071,GenImage_test/ADM/test/nature/ILSVRC2012_val_00015542.JPEG
129,ADM,2072,GenImage_test/ADM/test/ai/297_adm_85.PNG
129,ADM,2073,GenImage_test/ADM/test/nature/ILSVRC2012_val_00040583.JPEG
129,ADM,2074,GenImage_test/ADM/test/nature/ILSVRC2012_val_00016069.JPEG
129,ADM,2075,GenImage_test/ADM/test/nature/ILSVRC2012_val_00020891.JPEG
130,ADM,2076,GenImage_test/ADM/test/nature/ILSVRC2012_val_00026564.JPEG
130,ADM,2077,GenImage_test/ADM/test/ai/415_adm_7.PNG
130,ADM,2078,GenImage_test/ADM/test/ai/296_adm_34.PNG
130,ADM,2079,GenImage_test/ADM/test/nature/ILSVRC2012_val_00047556.JPEG
130,ADM,2080,GenImage_test/ADM/test/ai/324_adm_7.PNG
130,ADM,2081,GenImage_test/ADM/test/nature/ILSVRC2012_val_00017275.JPEG
130,ADM,2082,GenImage_test/ADM/test/ai/678_adm_7.PNG
130,ADM,2083,GenImage_test/ADM/test/nature/ILSVRC2012_val_00043474.JPEG
130,ADM,2084,GenImage_test/ADM/test/nature/ILSVRC2012_val_00041147.JPEG
130,ADM,2085,GenImage_test/ADM/test/ai/93_adm_174.PNG
130,ADM,2086,GenImage_test/ADM/test/ai/936_adm_85.PNG
130,ADM,2087,GenImage_test/ADM/test/nature/ILSVRC2012_val_00010158.JPEG
130,ADM,2088,GenImage_test/ADM/test/ai/770_adm_91.PNG
130,ADM,2089,GenImage_test/ADM/test/nature/ILSVRC2012_val_00024958.JPEG
130,ADM,2090,GenImage_test/ADM/test/nature/ILSVRC2012_val_00036037.JPEG
130,ADM,2091,GenImage_test/ADM/test/ai/894_adm_174.PNG
131,ADM,2092,GenImage_test/ADM/test/nature/ILSVRC2012_val_00029653.JPEG
131,ADM,2093,GenImage_test/ADM/test/nature/ILSVRC2012_val_00037901.JPEG
131,ADM,2094,GenImage_test/ADM/test/ai/214_adm_153.PNG
131,ADM,2095,GenImage_test/ADM/test/ai/389_adm_91.PNG
131,ADM,2096,GenImage_test/ADM/test/ai/600_adm_85.PNG
131,ADM,2097,GenImage_test/ADM/test/ai/172_adm_7.PNG
131,ADM,2098,GenImage_test/ADM/test/nature/ILSVRC2012_val_00003139.JPEG
131,ADM,2099,GenImage_test/ADM/test/nature/ILSVRC2012_val_00003534.JPEG
131,ADM,2100,GenImage_test/ADM/test/nature/ILSVRC2012_val_00026794.JPEG
131,ADM,2101,GenImage_test/ADM/test/ai/709_adm_85.PNG
131,ADM,2102,GenImage_test/ADM/test/nature/ILSVRC2012_val_00011093.JPEG
131,ADM,2103,GenImage_test/ADM/test/nature/ILSVRC2012_val_00035123.JPEG
131,ADM,2104,GenImage_test/ADM/test/ai/749_adm_174.PNG
131,ADM,2105,GenImage_test/ADM/test/nature/ILSVRC2012_val_00049893.JPEG
131,ADM,2106,GenImage_test/ADM/test/ai/248_adm_153.PNG
131,ADM,2107,GenImage_test/ADM/test/nature/ILSVRC2012_val_00016256.JPEG
132,ADM,2108,GenImage_test/ADM/test/nature/ILSVRC2012_val_00010250.JPEG
132,ADM,2109,GenImage_test/ADM/test/nature/ILSVRC2012_val_00000585.JPEG
132,ADM,2110,GenImage_test/ADM/test/ai/602_adm_34.PNG
132,ADM,2111,GenImage_test/ADM/test/ai/288_adm_153.PNG
132,ADM,2112,GenImage_test/ADM/test/ai/69_adm_174.PNG
132,ADM,2113,GenImage_test/ADM/test/ai/937_adm_153.PNG
132,ADM,2114,GenImage_test/ADM/test/ai/38_adm_174.PNG
132,ADM,2115,GenImage_test/ADM/test/ai/400_adm_153.PNG
132,ADM,2116,GenImage_test/ADM/test/ai/961_adm_85.PNG
132,ADM,2117,GenImage_test/ADM/test/nature/ILSVRC2012_val_00036267.JPEG
132,ADM,2118,GenImage_test/ADM/test/nature/ILSVRC2012_val_00005857.JPEG
132,ADM,2119,GenImage_test/ADM/test/nature/ILSVRC2012_val_00042882.JPEG
132,ADM,2120,GenImage_test/ADM/test/nature/ILSVRC2012_val_00006810.JPEG
132,ADM,2121,GenImage_test/ADM/test/ai/808_adm_91.PNG
132,ADM,2122,GenImage_test/ADM/test/ai/51_adm_7.PNG
132,ADM,2123,GenImage_test/ADM/test/nature/ILSVRC2012_val_00030400.JPEG
133,ADM,2124,GenImage_test/ADM/test/ai/899_adm_85.PNG
133,ADM,2125,GenImage_test/ADM/test/ai/992_adm_7.PNG
133,ADM,2126,GenImage_test/ADM/test/nature/ILSVRC2012_val_00021849.JPEG
133,ADM,2127,GenImage_test/ADM/test/ai/532_adm_34.PNG
133,ADM,2128,GenImage_test/ADM/test/nature/ILSVRC2012_val_00007772.JPEG
133,ADM,2129,GenImage_test/ADM/test/nature/ILSVRC2012_val_00019499.JPEG
133,ADM,2130,GenImage_test/ADM/test/ai/552_adm_153.PNG
133,ADM,2131,GenImage_test/ADM/test/nature/ILSVRC2012_val_00028986.JPEG
133,ADM,2132,GenImage_test/ADM/test/nature/ILSVRC2012_val_00049272.JPEG
133,ADM,2133,GenImage_test/ADM/test/ai/170_adm_85.PNG
133,ADM,2134,GenImage_test/ADM/test/ai/683_adm_85.PNG
133,ADM,2135,GenImage_test/ADM/test/nature/ILSVRC2012_val_00040771.JPEG
133,ADM,2136,GenImage_test/ADM/test/ai/599_adm_34.PNG
133,ADM,2137,GenImage_test/ADM/test/ai/310_adm_153.PNG
133,ADM,2138,GenImage_test/ADM/test/ai/775_adm_153.PNG
133,ADM,2139,GenImage_test/ADM/test/nature/ILSVRC2012_val_00029982.JPEG
134,ADM,2140,GenImage_test/ADM/test/nature/ILSVRC2012_val_00031430.JPEG
134,ADM,2141,GenImage_test/ADM/test/ai/379_adm_153.PNG
134,ADM,2142,GenImage_test/ADM/test/nature/ILSVRC2012_val_00046958.JPEG
134,ADM,2143,GenImage_test/ADM/test/nature/ILSVRC2012_val_00038861.JPEG
134,ADM,2144,GenImage_test/ADM/test/ai/453_adm_7.PNG
134,ADM,2145,GenImage_test/ADM/test/ai/889_adm_7.PNG
134,ADM,2146,GenImage_test/ADM/test/ai/510_adm_153.PNG
134,ADM,2147,GenImage_test/ADM/test/ai/325_adm_91.PNG
134,ADM,2148,GenImage_test/ADM/test/ai/527_adm_153.PNG
134,ADM,2149,GenImage_test/ADM/test/ai/547_adm_153.PNG
134,ADM,2150,GenImage_test/ADM/test/nature/ILSVRC2012_val_00018867.JPEG
134,ADM,2151,GenImage_test/ADM/test/ai/482_adm_153.PNG
134,ADM,2152,GenImage_test/ADM/test/nature/ILSVRC2012_val_00037424.JPEG
134,ADM,2153,GenImage_test/ADM/test/ai/381_adm_91.PNG
134,ADM,2154,GenImage_test/ADM/test/nature/ILSVRC2012_val_00006278.JPEG
134,ADM,2155,GenImage_test/ADM/test/nature/ILSVRC2012_val_00022584.JPEG
135,ADM,2156,GenImage_test/ADM/test/ai/765_adm_7.PNG
135,ADM,2157,GenImage_test/ADM/test/nature/ILSVRC2012_val_00025500.JPEG
135,ADM,2158,GenImage_test/ADM/test/nature/ILSVRC2012_val_00012998.JPEG
135,ADM,2159,GenImage_test/ADM/test/ai/344_adm_34.PNG
135,ADM,2160,GenImage_test/ADM/test/nature/ILSVRC2012_val_00006106.JPEG
135,ADM,2161,GenImage_test/ADM/test/nature/ILSVRC2012_val_00037615.JPEG
135,ADM,2162,GenImage_test/ADM/test/ai/942_adm_85.PNG
135,ADM,2163,GenImage_test/ADM/test/nature/ILSVRC2012_val_00040541.JPEG
135,ADM,2164,GenImage_test/ADM/test/nature/ILSVRC2012_val_00043910.JPEG
135,ADM,2165,GenImage_test/ADM/test/nature/ILSVRC2012_val_00007145.JPEG
135,ADM,2166,GenImage_test/ADM/test/ai/696_adm_85.PNG
135,ADM,2167,GenImage_test/ADM/test/ai/463_adm_85.PNG
135,ADM,2168,GenImage_test/ADM/test/ai/795_adm_174.PNG
135,ADM,2169,GenImage_test/ADM/test/ai/17_adm_153.PNG
135,ADM,2170,GenImage_test/ADM/test/ai/532_adm_7.PNG
135,ADM,2171,GenImage_test/ADM/test/ai/28_adm_153.PNG
136,ADM,2172,GenImage_test/ADM/test/nature/ILSVRC2012_val_00015580.JPEG
136,ADM,2173,GenImage_test/ADM/test/ai/166_adm_91.PNG
136,ADM,2174,GenImage_test/ADM/test/nature/ILSVRC2012_val_00000825.JPEG
136,ADM,2175,GenImage_test/ADM/test/nature/ILSVRC2012_val_00030257.JPEG
136,ADM,2176,GenImage_test/ADM/test/ai/580_adm_7.PNG
136,ADM,2177,GenImage_test/ADM/test/ai/628_adm_85.PNG
136,ADM,2178,GenImage_test/ADM/test/nature/ILSVRC2012_val_00045342.JPEG
136,ADM,2179,GenImage_test/ADM/test/nature/ILSVRC2012_val_00009460.JPEG
136,ADM,2180,GenImage_test/ADM/test/nature/ILSVRC2012_val_00030456.JPEG
136,ADM,2181,GenImage_test/ADM/test/ai/415_adm_85.PNG
136,ADM,2182,GenImage_test/ADM/test/ai/283_adm_85.PNG
136,ADM,2183,GenImage_test/ADM/test/ai/994_adm_7.PNG
136,ADM,2184,GenImage_test/ADM/test/nature/ILSVRC2012_val_00033673.JPEG
136,ADM,2185,GenImage_test/ADM/test/nature/ILSVRC2012_val_00014452.JPEG
136,ADM,2186,GenImage_test/ADM/test/nature/ILSVRC2012_val_00000962.JPEG
136,ADM,2187,GenImage_test/ADM/test/nature/ILSVRC2012_val_00000951.JPEG
137,ADM,2188,GenImage_test/ADM/test/ai/658_adm_7.PNG
137,ADM,2189,GenImage_test/ADM/test/ai/832_adm_34.PNG
137,ADM,2190,GenImage_test/ADM/test/ai/68_adm_153.PNG
137,ADM,2191,GenImage_test/ADM/test/ai/136_adm_91.PNG
137,ADM,2192,GenImage_test/ADM/test/ai/740_adm_91.PNG
137,ADM,2193,GenImage_test/ADM/test/nature/ILSVRC2012_val_00014405.JPEG
137,ADM,2194,GenImage_test/ADM/test/ai/819_adm_153.PNG
137,ADM,2195,GenImage_test/ADM/test/ai/261_adm_153.PNG
137,ADM,2196,GenImage_test/ADM/test/nature/ILSVRC2012_val_00023732.JPEG
137,ADM,2197,GenImage_test/ADM/test/nature/ILSVRC2012_val_00034676.JPEG
137,ADM,2198,GenImage_test/ADM/test/ai/142_adm_34.PNG
137,ADM,2199,GenImage_test/ADM/test/ai/449_adm_34.PNG
137,ADM,2200,GenImage_test/ADM/test/nature/ILSVRC2012_val_00015806.JPEG
137,ADM,2201,GenImage_test/ADM/test/ai/707_adm_34.PNG
137,ADM,2202,GenImage_test/ADM/test/nature/ILSVRC2012_val_00046022.JPEG
137,ADM,2203,GenImage_test/ADM/test/nature/ILSVRC2012_val_00035632.JPEG
138,ADM,2204,GenImage_test/ADM/test/ai/665_adm_34.PNG
138,ADM,2205,GenImage_test/ADM/test/ai/974_adm_91.PNG
138,ADM,2206,GenImage_test/ADM/test/nature/ILSVRC2012_val_00016888.JPEG
138,ADM,2207,GenImage_test/ADM/test/ai/376_adm_174.PNG
138,ADM,2208,GenImage_test/ADM/test/ai/175_adm_34.PNG
138,ADM,2209,GenImage_test/ADM/test/nature/ILSVRC2012_val_00035895.JPEG
138,ADM,2210,GenImage_test/ADM/test/ai/466_adm_85.PNG
138,ADM,2211,GenImage_test/ADM/test/ai/117_adm_153.PNG
138,ADM,2212,GenImage_test/ADM/test/nature/ILSVRC2012_val_00029158.JPEG
138,ADM,2213,GenImage_test/ADM/test/nature/ILSVRC2012_val_00038365.JPEG
138,ADM,2214,GenImage_test/ADM/test/ai/473_adm_85.PNG
138,ADM,2215,GenImage_test/ADM/test/ai/405_adm_174.PNG
138,ADM,2216,GenImage_test/ADM/test/ai/757_adm_174.PNG
138,ADM,2217,GenImage_test/ADM/test/ai/495_adm_153.PNG
138,ADM,2218,GenImage_test/ADM/test/nature/ILSVRC2012_val_00023972.JPEG
138,ADM,2219,GenImage_test/ADM/test/ai/692_adm_85.PNG
139,ADM,2220,GenImage_test/ADM/test/ai/372_adm_7.PNG
139,ADM,2221,GenImage_test/ADM/test/nature/ILSVRC2012_val_00028953.JPEG
139,ADM,2222,GenImage_test/ADM/test/ai/185_adm_153.PNG
139,ADM,2223,GenImage_test/ADM/test/nature/ILSVRC2012_val_00048337.JPEG
139,ADM,2224,GenImage_test/ADM/test/ai/508_adm_153.PNG
139,ADM,2225,GenImage_test/ADM/test/ai/712_adm_7.PNG
139,ADM,2226,GenImage_test/ADM/test/nature/ILSVRC2012_val_00034351.JPEG
139,ADM,2227,GenImage_test/ADM/test/nature/ILSVRC2012_val_00048373.JPEG
139,ADM,2228,GenImage_test/ADM/test/nature/ILSVRC2012_val_00018284.JPEG
139,ADM,2229,GenImage_test/ADM/test/nature/ILSVRC2012_val_00019037.JPEG
139,ADM,2230,GenImage_test/ADM/test/nature/ILSVRC2012_val_00001623.JPEG
139,ADM,2231,GenImage_test/ADM/test/ai/857_adm_174.PNG
139,ADM,2232,GenImage_test/ADM/test/nature/ILSVRC2012_val_00029238.JPEG
139,ADM,2233,GenImage_test/ADM/test/nature/ILSVRC2012_val_00019800.JPEG
139,ADM,2234,GenImage_test/ADM/test/nature/ILSVRC2012_val_00022534.JPEG
139,ADM,2235,GenImage_test/ADM/test/ai/39_adm_153.PNG
140,ADM,2236,GenImage_test/ADM/test/nature/ILSVRC2012_val_00031978.JPEG
140,ADM,2237,GenImage_test/ADM/test/ai/985_adm_174.PNG
140,ADM,2238,GenImage_test/ADM/test/nature/ILSVRC2012_val_00034397.JPEG
140,ADM,2239,GenImage_test/ADM/test/nature/ILSVRC2012_val_00043300.JPEG
140,ADM,2240,GenImage_test/ADM/test/nature/ILSVRC2012_val_00016264.JPEG
140,ADM,2241,GenImage_test/ADM/test/nature/ILSVRC2012_val_00027705.JPEG
140,ADM,2242,GenImage_test/ADM/test/nature/ILSVRC2012_val_00033275.JPEG
140,ADM,2243,GenImage_test/ADM/test/ai/174_adm_34.PNG
140,ADM,2244,GenImage_test/ADM/test/nature/ILSVRC2012_val_00028082.JPEG
140,ADM,2245,GenImage_test/ADM/test/ai/104_adm_85.PNG
140,ADM,2246,GenImage_test/ADM/test/nature/ILSVRC2012_val_00013452.JPEG
140,ADM,2247,GenImage_test/ADM/test/ai/244_adm_91.PNG
140,ADM,2248,GenImage_test/ADM/test/nature/ILSVRC2012_val_00002840.JPEG
140,ADM,2249,GenImage_test/ADM/test/ai/412_adm_34.PNG
140,ADM,2250,GenImage_test/ADM/test/nature/ILSVRC2012_val_00041857.JPEG
140,ADM,2251,GenImage_test/ADM/test/nature/ILSVRC2012_val_00000550.JPEG
141,ADM,2252,GenImage_test/ADM/test/nature/ILSVRC2012_val_00030688.JPEG
141,ADM,2253,GenImage_test/ADM/test/nature/ILSVRC2012_val_00004604.JPEG
141,ADM,2254,GenImage_test/ADM/test/ai/878_adm_7.PNG
141,ADM,2255,GenImage_test/ADM/test/nature/ILSVRC2012_val_00049418.JPEG
141,ADM,2256,GenImage_test/ADM/test/nature/ILSVRC2012_val_00038699.JPEG
141,ADM,2257,GenImage_test/ADM/test/nature/ILSVRC2012_val_00004424.JPEG
141,ADM,2258,GenImage_test/ADM/test/nature/ILSVRC2012_val_00004763.JPEG
141,ADM,2259,GenImage_test/ADM/test/ai/593_adm_7.PNG
141,ADM,2260,GenImage_test/ADM/test/nature/ILSVRC2012_val_00020962.JPEG
141,ADM,2261,GenImage_test/ADM/test/ai/477_adm_174.PNG
141,ADM,2262,GenImage_test/ADM/test/nature/ILSVRC2012_val_00026974.JPEG
141,ADM,2263,GenImage_test/ADM/test/nature/ILSVRC2012_val_00044467.JPEG
141,ADM,2264,GenImage_test/ADM/test/ai/848_adm_34.PNG
141,ADM,2265,GenImage_test/ADM/test/ai/115_adm_34.PNG
141,ADM,2266,GenImage_test/ADM/test/ai/106_adm_7.PNG
141,ADM,2267,GenImage_test/ADM/test/nature/ILSVRC2012_val_00022768.JPEG
142,ADM,2268,GenImage_test/ADM/test/ai/380_adm_85.PNG
142,ADM,2269,GenImage_test/ADM/test/nature/ILSVRC2012_val_00042528.JPEG
142,ADM,2270,GenImage_test/ADM/test/ai/680_adm_91.PNG
142,ADM,2271,GenImage_test/ADM/test/ai/528_adm_85.PNG
142,ADM,2272,GenImage_test/ADM/test/nature/ILSVRC2012_val_00014675.JPEG
142,ADM,2273,GenImage_test/ADM/test/ai/130_adm_34.PNG
142,ADM,2274,GenImage_test/ADM/test/ai/516_adm_85.PNG
142,ADM,2275,GenImage_test/ADM/test/nature/ILSVRC2012_val_00010814.JPEG
142,ADM,2276,GenImage_test/ADM/test/nature/ILSVRC2012_val_00007257.JPEG
142,ADM,2277,GenImage_test/ADM/test/ai/570_adm_85.PNG
142,ADM,2278,GenImage_test/ADM/test/ai/533_adm_174.PNG
142,ADM,2279,GenImage_test/ADM/test/ai/555_adm_34.PNG
142,ADM,2280,GenImage_test/ADM/test/nature/ILSVRC2012_val_00003613.JPEG
142,ADM,2281,GenImage_test/ADM/test/ai/185_adm_91.PNG
142,ADM,2282,GenImage_test/ADM/test/nature/ILSVRC2012_val_00024932.JPEG
142,ADM,2283,GenImage_test/ADM/test/ai/7_adm_85.PNG
143,ADM,2284,GenImage_test/ADM/test/nature/ILSVRC2012_val_00022574.JPEG
143,ADM,2285,GenImage_test/ADM/test/nature/ILSVRC2012_val_00019216.JPEG
143,ADM,2286,GenImage_test/ADM/test/ai/48_adm_91.PNG
143,ADM,2287,GenImage_test/ADM/test/nature/ILSVRC2012_val_00039724.JPEG
143,ADM,2288,GenImage_test/ADM/test/ai/220_adm_85.PNG
143,ADM,2289,GenImage_test/ADM/test/nature/ILSVRC2012_val_00007194.JPEG
143,ADM,2290,GenImage_test/ADM/test/ai/637_adm_34.PNG
143,ADM,2291,GenImage_test/ADM/test/nature/ILSVRC2012_val_00020543.JPEG
143,ADM,2292,GenImage_test/ADM/test/ai/698_adm_85.PNG
143,ADM,2293,GenImage_test/ADM/test/ai/875_adm_153.PNG
143,ADM,2294,GenImage_test/ADM/test/ai/92_adm_174.PNG
143,ADM,2295,GenImage_test/ADM/test/ai/989_adm_153.PNG
143,ADM,2296,GenImage_test/ADM/test/ai/847_adm_34.PNG
143,ADM,2297,GenImage_test/ADM/test/ai/948_adm_153.PNG
143,ADM,2298,GenImage_test/ADM/test/nature/ILSVRC2012_val_00028480.JPEG
143,ADM,2299,GenImage_test/ADM/test/nature/ILSVRC2012_val_00018239.JPEG
144,ADM,2300,GenImage_test/ADM/test/nature/ILSVRC2012_val_00046387.JPEG
144,ADM,2301,GenImage_test/ADM/test/nature/ILSVRC2012_val_00006851.JPEG
144,ADM,2302,GenImage_test/ADM/test/ai/911_adm_7.PNG
144,ADM,2303,GenImage_test/ADM/test/nature/ILSVRC2012_val_00034722.JPEG
144,ADM,2304,GenImage_test/ADM/test/ai/952_adm_153.PNG
144,ADM,2305,GenImage_test/ADM/test/ai/898_adm_85.PNG
144,ADM,2306,GenImage_test/ADM/test/nature/ILSVRC2012_val_00043498.JPEG
144,ADM,2307,GenImage_test/ADM/test/ai/272_adm_153.PNG
144,ADM,2308,GenImage_test/ADM/test/nature/ILSVRC2012_val_00040521.JPEG
144,ADM,2309,GenImage_test/ADM/test/ai/662_adm_153.PNG
144,ADM,2310,GenImage_test/ADM/test/nature/ILSVRC2012_val_00041533.JPEG
144,ADM,2311,GenImage_test/ADM/test/ai/599_adm_85.PNG
144,ADM,2312,GenImage_test/ADM/test/nature/ILSVRC2012_val_00036547.JPEG
144,ADM,2313,GenImage_test/ADM/test/nature/ILSVRC2012_val_00011631.JPEG
144,ADM,2314,GenImage_test/ADM/test/nature/ILSVRC2012_val_00043195.JPEG
144,ADM,2315,GenImage_test/ADM/test/nature/ILSVRC2012_val_00044556.JPEG
145,ADM,2316,GenImage_test/ADM/test/nature/ILSVRC2012_val_00049315.JPEG
145,ADM,2317,GenImage_test/ADM/test/nature/ILSVRC2012_val_00026109.JPEG
145,ADM,2318,GenImage_test/ADM/test/nature/ILSVRC2012_val_00042554.JPEG
145,ADM,2319,GenImage_test/ADM/test/ai/202_adm_91.PNG
145,ADM,2320,GenImage_test/ADM/test/nature/ILSVRC2012_val_00028977.JPEG
145,ADM,2321,GenImage_test/ADM/test/ai/328_adm_34.PNG
145,ADM,2322,GenImage_test/ADM/test/ai/58_adm_91.PNG
145,ADM,2323,GenImage_test/ADM/test/nature/ILSVRC2012_val_00008400.JPEG
145,ADM,2324,GenImage_test/ADM/test/ai/963_adm_153.PNG
145,ADM,2325,GenImage_test/ADM/test/ai/842_adm_91.PNG
145,ADM,2326,GenImage_test/ADM/test/ai/929_adm_85.PNG
145,ADM,2327,GenImage_test/ADM/test/nature/ILSVRC2012_val_00004544.JPEG
145,ADM,2328,GenImage_test/ADM/test/ai/180_adm_85.PNG
145,ADM,2329,GenImage_test/ADM/test/nature/ILSVRC2012_val_00048786.JPEG
145,ADM,2330,GenImage_test/ADM/test/nature/ILSVRC2012_val_00025119.JPEG
145,ADM,2331,GenImage_test/ADM/test/nature/ILSVRC2012_val_00037071.JPEG
146,ADM,2332,GenImage_test/ADM/test/nature/ILSVRC2012_val_00046728.JPEG
146,ADM,2333,GenImage_test/ADM/test/nature/ILSVRC2012_val_00043283.JPEG
146,ADM,2334,GenImage_test/ADM/test/ai/608_adm_153.PNG
146,ADM,2335,GenImage_test/ADM/test/nature/ILSVRC2012_val_00000327.JPEG
146,ADM,2336,GenImage_test/ADM/test/nature/ILSVRC2012_val_00037963.JPEG
146,ADM,2337,GenImage_test/ADM/test/ai/78_adm_34.PNG
146,ADM,2338,GenImage_test/ADM/test/nature/ILSVRC2012_val_00038045.JPEG
146,ADM,2339,GenImage_test/ADM/test/nature/ILSVRC2012_val_00045841.JPEG
146,ADM,2340,GenImage_test/ADM/test/ai/819_adm_34.PNG
146,ADM,2341,GenImage_test/ADM/test/nature/ILSVRC2012_val_00046317.JPEG
146,ADM,2342,GenImage_test/ADM/test/ai/707_adm_85.PNG
146,ADM,2343,GenImage_test/ADM/test/nature/ILSVRC2012_val_00009475.JPEG
146,ADM,2344,GenImage_test/ADM/test/ai/560_adm_85.PNG
146,ADM,2345,GenImage_test/ADM/test/ai/44_adm_34.PNG
146,ADM,2346,GenImage_test/ADM/test/ai/683_adm_174.PNG
146,ADM,2347,GenImage_test/ADM/test/ai/135_adm_91.PNG
147,ADM,2348,GenImage_test/ADM/test/nature/ILSVRC2012_val_00019831.JPEG
147,ADM,2349,GenImage_test/ADM/test/ai/777_adm_174.PNG
147,ADM,2350,GenImage_test/ADM/test/ai/77_adm_85.PNG
147,ADM,2351,GenImage_test/ADM/test/nature/ILSVRC2012_val_00024781.JPEG
147,ADM,2352,GenImage_test/ADM/test/nature/ILSVRC2012_val_00035262.JPEG
147,ADM,2353,GenImage_test/ADM/test/nature/ILSVRC2012_val_00007694.JPEG
147,ADM,2354,GenImage_test/ADM/test/ai/365_adm_153.PNG
147,ADM,2355,GenImage_test/ADM/test/ai/984_adm_7.PNG
147,ADM,2356,GenImage_test/ADM/test/nature/ILSVRC2012_val_00001139.JPEG
147,ADM,2357,GenImage_test/ADM/test/nature/ILSVRC2012_val_00022573.JPEG
147,ADM,2358,GenImage_test/ADM/test/nature/ILSVRC2012_val_00020894.JPEG
147,ADM,2359,GenImage_test/ADM/test/nature/ILSVRC2012_val_00014199.JPEG
147,ADM,2360,GenImage_test/ADM/test/nature/ILSVRC2012_val_00038450.JPEG
147,ADM,2361,GenImage_test/ADM/test/nature/ILSVRC2012_val_00016055.JPEG
147,ADM,2362,GenImage_test/ADM/test/ai/917_adm_7.PNG
147,ADM,2363,GenImage_test/ADM/test/nature/ILSVRC2012_val_00022356.JPEG
148,ADM,2364,GenImage_test/ADM/test/nature/ILSVRC2012_val_00007005.JPEG
148,ADM,2365,GenImage_test/ADM/test/nature/ILSVRC2012_val_00001899.JPEG
148,ADM,2366,GenImage_test/ADM/test/ai/667_adm_7.PNG
148,ADM,2367,GenImage_test/ADM/test/nature/ILSVRC2012_val_00022261.JPEG
148,ADM,2368,GenImage_test/ADM/test/nature/ILSVRC2012_val_00004525.JPEG
148,ADM,2369,GenImage_test/ADM/test/ai/627_adm_153.PNG
148,ADM,2370,GenImage_test/ADM/test/ai/145_adm_7.PNG
148,ADM,2371,GenImage_test/ADM/test/ai/303_adm_91.PNG
148,ADM,2372,GenImage_test/ADM/test/ai/140_adm_174.PNG
148,ADM,2373,GenImage_test/ADM/test/ai/436_adm_85.PNG
148,ADM,2374,GenImage_test/ADM/test/ai/293_adm_153.PNG
148,ADM,2375,GenImage_test/ADM/test/ai/716_adm_174.PNG
148,ADM,2376,GenImage_test/ADM/test/nature/ILSVRC2012_val_00039958.JPEG
148,ADM,2377,GenImage_test/ADM/test/ai/130_adm_153.PNG
148,ADM,2378,GenImage_test/ADM/test/ai/110_adm_174.PNG
148,ADM,2379,GenImage_test/ADM/test/ai/958_adm_7.PNG
149,ADM,2380,GenImage_test/ADM/test/ai/588_adm_34.PNG
149,ADM,2381,GenImage_test/ADM/test/nature/ILSVRC2012_val_00021862.JPEG
149,ADM,2382,GenImage_test/ADM/test/ai/625_adm_34.PNG
149,ADM,2383,GenImage_test/ADM/test/nature/ILSVRC2012_val_00049008.JPEG
149,ADM,2384,GenImage_test/ADM/test/nature/ILSVRC2012_val_00014970.JPEG
149,ADM,2385,GenImage_test/ADM/test/ai/271_adm_7.PNG
149,ADM,2386,GenImage_test/ADM/test/ai/750_adm_91.PNG
149,ADM,2387,GenImage_test/ADM/test/ai/818_adm_153.PNG
149,ADM,2388,GenImage_test/ADM/test/nature/ILSVRC2012_val_00020017.JPEG
149,ADM,2389,GenImage_test/ADM/test/ai/407_adm_85.PNG
149,ADM,2390,GenImage_test/ADM/test/ai/193_adm_174.PNG
149,ADM,2391,GenImage_test/ADM/test/ai/844_adm_174.PNG
149,ADM,2392,GenImage_test/ADM/test/nature/ILSVRC2012_val_00031961.JPEG
149,ADM,2393,GenImage_test/ADM/test/ai/980_adm_85.PNG
149,ADM,2394,GenImage_test/ADM/test/ai/71_adm_174.PNG
149,ADM,2395,GenImage_test/ADM/test/ai/258_adm_91.PNG
150,ADM,2396,GenImage_test/ADM/test/nature/ILSVRC2012_val_00041720.JPEG
150,ADM,2397,GenImage_test/ADM/test/nature/ILSVRC2012_val_00036594.JPEG
150,ADM,2398,GenImage_test/ADM/test/nature/ILSVRC2012_val_00045616.JPEG
150,ADM,2399,GenImage_test/ADM/test/ai/252_adm_7.PNG
150,ADM,2400,GenImage_test/ADM/test/ai/125_adm_153.PNG
150,ADM,2401,GenImage_test/ADM/test/ai/764_adm_91.PNG
150,ADM,2402,GenImage_test/ADM/test/nature/ILSVRC2012_val_00008433.JPEG
150,ADM,2403,GenImage_test/ADM/test/nature/ILSVRC2012_val_00027698.JPEG
150,ADM,2404,GenImage_test/ADM/test/nature/ILSVRC2012_val_00034099.JPEG
150,ADM,2405,GenImage_test/ADM/test/nature/ILSVRC2012_val_00024238.JPEG
150,ADM,2406,GenImage_test/ADM/test/nature/ILSVRC2012_val_00039360.JPEG
150,ADM,2407,GenImage_test/ADM/test/ai/751_adm_153.PNG
150,ADM,2408,GenImage_test/ADM/test/nature/ILSVRC2012_val_00011545.JPEG
150,ADM,2409,GenImage_test/ADM/test/ai/412_adm_7.PNG
150,ADM,2410,GenImage_test/ADM/test/nature/ILSVRC2012_val_00003431.JPEG
150,ADM,2411,GenImage_test/ADM/test/ai/154_adm_174.PNG
151,ADM,2412,GenImage_test/ADM/test/nature/ILSVRC2012_val_00034038.JPEG
151,ADM,2413,GenImage_test/ADM/test/ai/375_adm_7.PNG
151,ADM,2414,GenImage_test/ADM/test/nature/ILSVRC2012_val_00005449.JPEG
151,ADM,2415,GenImage_test/ADM/test/ai/913_adm_34.PNG
151,ADM,2416,GenImage_test/ADM/test/nature/ILSVRC2012_val_00035115.JPEG
151,ADM,2417,GenImage_test/ADM/test/ai/822_adm_153.PNG
151,ADM,2418,GenImage_test/ADM/test/nature/ILSVRC2012_val_00049510.JPEG
151,ADM,2419,GenImage_test/ADM/test/ai/960_adm_153.PNG
151,ADM,2420,GenImage_test/ADM/test/nature/ILSVRC2012_val_00021888.JPEG
151,ADM,2421,GenImage_test/ADM/test/nature/ILSVRC2012_val_00016574.JPEG
151,ADM,2422,GenImage_test/ADM/test/ai/712_adm_153.PNG
151,ADM,2423,GenImage_test/ADM/test/nature/ILSVRC2012_val_00017511.JPEG
151,ADM,2424,GenImage_test/ADM/test/ai/422_adm_7.PNG
151,ADM,2425,GenImage_test/ADM/test/nature/ILSVRC2012_val_00001705.JPEG
151,ADM,2426,GenImage_test/ADM/test/ai/865_adm_7.PNG
151,ADM,2427,GenImage_test/ADM/test/nature/ILSVRC2012_val_00001107.JPEG
152,ADM,2428,GenImage_test/ADM/test/nature/ILSVRC2012_val_00026368.JPEG
152,ADM,2429,GenImage_test/ADM/test/ai/632_adm_91.PNG
152,ADM,2430,GenImage_test/ADM/test/ai/806_adm_91.PNG
152,ADM,2431,GenImage_test/ADM/test/ai/51_adm_85.PNG
152,ADM,2432,GenImage_test/ADM/test/nature/ILSVRC2012_val_00029080.JPEG
152,ADM,2433,GenImage_test/ADM/test/ai/536_adm_85.PNG
152,ADM,2434,GenImage_test/ADM/test/ai/845_adm_34.PNG
152,ADM,2435,GenImage_test/ADM/test/nature/ILSVRC2012_val_00037868.JPEG
152,ADM,2436,GenImage_test/ADM/test/nature/ILSVRC2012_val_00020495.JPEG
152,ADM,2437,GenImage_test/ADM/test/ai/280_adm_174.PNG
152,ADM,2438,GenImage_test/ADM/test/ai/64_adm_34.PNG
152,ADM,2439,GenImage_test/ADM/test/ai/855_adm_34.PNG
152,ADM,2440,GenImage_test/ADM/test/nature/ILSVRC2012_val_00013095.JPEG
152,ADM,2441,GenImage_test/ADM/test/ai/343_adm_153.PNG
152,ADM,2442,GenImage_test/ADM/test/ai/583_adm_174.PNG
152,ADM,2443,GenImage_test/ADM/test/ai/930_adm_174.PNG
153,ADM,2444,GenImage_test/ADM/test/nature/ILSVRC2012_val_00032319.JPEG
153,ADM,2445,GenImage_test/ADM/test/nature/ILSVRC2012_val_00016488.JPEG
153,ADM,2446,GenImage_test/ADM/test/ai/835_adm_34.PNG
153,ADM,2447,GenImage_test/ADM/test/ai/964_adm_153.PNG
153,ADM,2448,GenImage_test/ADM/test/ai/834_adm_174.PNG
153,ADM,2449,GenImage_test/ADM/test/nature/ILSVRC2012_val_00025001.JPEG
153,ADM,2450,GenImage_test/ADM/test/nature/ILSVRC2012_val_00044308.JPEG
153,ADM,2451,GenImage_test/ADM/test/ai/162_adm_174.PNG
153,ADM,2452,GenImage_test/ADM/test/nature/ILSVRC2012_val_00036354.JPEG
153,ADM,2453,GenImage_test/ADM/test/ai/625_adm_174.PNG
153,ADM,2454,GenImage_test/ADM/test/nature/ILSVRC2012_val_00029768.JPEG
153,ADM,2455,GenImage_test/ADM/test/nature/ILSVRC2012_val_00017127.JPEG
153,ADM,2456,GenImage_test/ADM/test/ai/299_adm_7.PNG
153,ADM,2457,GenImage_test/ADM/test/nature/ILSVRC2012_val_00030559.JPEG
153,ADM,2458,GenImage_test/ADM/test/ai/225_adm_34.PNG
153,ADM,2459,GenImage_test/ADM/test/ai/354_adm_34.PNG
154,ADM,2460,GenImage_test/ADM/test/nature/ILSVRC2012_val_00017243.JPEG
154,ADM,2461,GenImage_test/ADM/test/nature/ILSVRC2012_val_00041977.JPEG
154,ADM,2462,GenImage_test/ADM/test/ai/72_adm_174.PNG
154,ADM,2463,GenImage_test/ADM/test/ai/320_adm_34.PNG
154,ADM,2464,GenImage_test/ADM/test/ai/886_adm_34.PNG
154,ADM,2465,GenImage_test/ADM/test/nature/ILSVRC2012_val_00002076.JPEG
154,ADM,2466,GenImage_test/ADM/test/nature/ILSVRC2012_val_00043669.JPEG
154,ADM,2467,GenImage_test/ADM/test/nature/ILSVRC2012_val_00020755.JPEG
154,ADM,2468,GenImage_test/ADM/test/nature/ILSVRC2012_val_00041983.JPEG
154,ADM,2469,GenImage_test/ADM/test/ai/513_adm_91.PNG
154,ADM,2470,GenImage_test/ADM/test/ai/392_adm_85.PNG
154,ADM,2471,GenImage_test/ADM/test/nature/ILSVRC2012_val_00035560.JPEG
154,ADM,2472,GenImage_test/ADM/test/ai/120_adm_153.PNG
154,ADM,2473,GenImage_test/ADM/test/nature/ILSVRC2012_val_00007086.JPEG
154,ADM,2474,GenImage_test/ADM/test/nature/ILSVRC2012_val_00012785.JPEG
154,ADM,2475,GenImage_test/ADM/test/ai/121_adm_153.PNG
155,ADM,2476,GenImage_test/ADM/test/nature/ILSVRC2012_val_00014250.JPEG
155,ADM,2477,GenImage_test/ADM/test/nature/ILSVRC2012_val_00010711.JPEG
155,ADM,2478,GenImage_test/ADM/test/ai/386_adm_7.PNG
155,ADM,2479,GenImage_test/ADM/test/nature/ILSVRC2012_val_00004631.JPEG
155,ADM,2480,GenImage_test/ADM/test/nature/ILSVRC2012_val_00005699.JPEG
155,ADM,2481,GenImage_test/ADM/test/ai/831_adm_153.PNG
155,ADM,2482,GenImage_test/ADM/test/ai/985_adm_85.PNG
155,ADM,2483,GenImage_test/ADM/test/ai/872_adm_7.PNG
155,ADM,2484,GenImage_test/ADM/test/nature/ILSVRC2012_val_00043625.JPEG
155,ADM,2485,GenImage_test/ADM/test/nature/ILSVRC2012_val_00010391.JPEG
155,ADM,2486,GenImage_test/ADM/test/nature/ILSVRC2012_val_00011399.JPEG
155,ADM,2487,GenImage_test/ADM/test/ai/668_adm_91.PNG
155,ADM,2488,GenImage_test/ADM/test/ai/909_adm_34.PNG
155,ADM,2489,GenImage_test/ADM/test/nature/ILSVRC2012_val_00009602.JPEG
155,ADM,2490,GenImage_test/ADM/test/nature/ILSVRC2012_val_00011417.JPEG
155,ADM,2491,GenImage_test/ADM/test/ai/246_adm_153.PNG
156,ADM,2492,GenImage_test/ADM/test/nature/ILSVRC2012_val_00033472.JPEG
156,ADM,2493,GenImage_test/ADM/test/ai/597_adm_85.PNG
156,ADM,2494,GenImage_test/ADM/test/nature/ILSVRC2012_val_00017084.JPEG
156,ADM,2495,GenImage_test/ADM/test/ai/48_adm_174.PNG
156,ADM,2496,GenImage_test/ADM/test/ai/726_adm_153.PNG
156,ADM,2497,GenImage_test/ADM/test/ai/733_adm_85.PNG
156,ADM,2498,GenImage_test/ADM/test/nature/ILSVRC2012_val_00015691.JPEG
156,ADM,2499,GenImage_test/ADM/test/nature/ILSVRC2012_val_00018094.JPEG
156,ADM,2500,GenImage_test/ADM/test/ai/367_adm_153.PNG
156,ADM,2501,GenImage_test/ADM/test/ai/833_adm_7.PNG
156,ADM,2502,GenImage_test/ADM/test/nature/ILSVRC2012_val_00001546.JPEG
156,ADM,2503,GenImage_test/ADM/test/nature/ILSVRC2012_val_00034186.JPEG
156,ADM,2504,GenImage_test/ADM/test/ai/785_adm_7.PNG
156,ADM,2505,GenImage_test/ADM/test/nature/ILSVRC2012_val_00014986.JPEG
156,ADM,2506,GenImage_test/ADM/test/nature/ILSVRC2012_val_00006063.JPEG
156,ADM,2507,GenImage_test/ADM/test/nature/ILSVRC2012_val_00010710.JPEG
157,ADM,2508,GenImage_test/ADM/test/ai/577_adm_34.PNG
157,ADM,2509,GenImage_test/ADM/test/ai/537_adm_174.PNG
157,ADM,2510,GenImage_test/ADM/test/ai/263_adm_34.PNG
157,ADM,2511,GenImage_test/ADM/test/ai/333_adm_91.PNG
157,ADM,2512,GenImage_test/ADM/test/nature/ILSVRC2012_val_00010862.JPEG
157,ADM,2513,GenImage_test/ADM/test/nature/ILSVRC2012_val_00038021.JPEG
157,ADM,2514,GenImage_test/ADM/test/nature/ILSVRC2012_val_00017401.JPEG
157,ADM,2515,GenImage_test/ADM/test/nature/ILSVRC2012_val_00025999.JPEG
157,ADM,2516,GenImage_test/ADM/test/nature/ILSVRC2012_val_00019716.JPEG
157,ADM,2517,GenImage_test/ADM/test/nature/ILSVRC2012_val_00028302.JPEG
157,ADM,2518,GenImage_test/ADM/test/ai/494_adm_174.PNG
157,ADM,2519,GenImage_test/ADM/test/ai/988_adm_174.PNG
157,ADM,2520,GenImage_test/ADM/test/ai/722_adm_34.PNG
157,ADM,2521,GenImage_test/ADM/test/nature/ILSVRC2012_val_00033696.JPEG
157,ADM,2522,GenImage_test/ADM/test/ai/425_adm_153.PNG
157,ADM,2523,GenImage_test/ADM/test/nature/ILSVRC2012_val_00032256.JPEG
158,ADM,2524,GenImage_test/ADM/test/nature/ILSVRC2012_val_00037982.JPEG
158,ADM,2525,GenImage_test/ADM/test/nature/ILSVRC2012_val_00000700.JPEG
158,ADM,2526,GenImage_test/ADM/test/nature/ILSVRC2012_val_00037014.JPEG
158,ADM,2527,GenImage_test/ADM/test/ai/469_adm_7.PNG
158,ADM,2528,GenImage_test/ADM/test/ai/435_adm_91.PNG
158,ADM,2529,GenImage_test/ADM/test/ai/73_adm_153.PNG
158,ADM,2530,GenImage_test/ADM/test/ai/557_adm_153.PNG
158,ADM,2531,GenImage_test/ADM/test/ai/331_adm_85.PNG
158,ADM,2532,GenImage_test/ADM/test/nature/ILSVRC2012_val_00019844.JPEG
158,ADM,2533,GenImage_test/ADM/test/nature/ILSVRC2012_val_00021999.JPEG
158,ADM,2534,GenImage_test/ADM/test/ai/489_adm_7.PNG
158,ADM,2535,GenImage_test/ADM/test/nature/ILSVRC2012_val_00003892.JPEG
158,ADM,2536,GenImage_test/ADM/test/ai/81_adm_153.PNG
158,ADM,2537,GenImage_test/ADM/test/ai/969_adm_7.PNG
158,ADM,2538,GenImage_test/ADM/test/ai/580_adm_91.PNG
158,ADM,2539,GenImage_test/ADM/test/ai/676_adm_174.PNG
159,ADM,2540,GenImage_test/ADM/test/ai/420_adm_174.PNG
159,ADM,2541,GenImage_test/ADM/test/ai/124_adm_85.PNG
159,ADM,2542,GenImage_test/ADM/test/nature/ILSVRC2012_val_00039510.JPEG
159,ADM,2543,GenImage_test/ADM/test/nature/ILSVRC2012_val_00035706.JPEG
159,ADM,2544,GenImage_test/ADM/test/nature/ILSVRC2012_val_00046250.JPEG
159,ADM,2545,GenImage_test/ADM/test/ai/972_adm_153.PNG
159,ADM,2546,GenImage_test/ADM/test/nature/ILSVRC2012_val_00009110.JPEG
159,ADM,2547,GenImage_test/ADM/test/ai/353_adm_7.PNG
159,ADM,2548,GenImage_test/ADM/test/ai/934_adm_174.PNG
159,ADM,2549,GenImage_test/ADM/test/nature/ILSVRC2012_val_00046552.JPEG
159,ADM,2550,GenImage_test/ADM/test/nature/ILSVRC2012_val_00032367.JPEG
159,ADM,2551,GenImage_test/ADM/test/nature/ILSVRC2012_val_00049930.JPEG
159,ADM,2552,GenImage_test/ADM/test/ai/897_adm_174.PNG
159,ADM,2553,GenImage_test/ADM/test/ai/374_adm_7.PNG
159,ADM,2554,GenImage_test/ADM/test/ai/89_adm_91.PNG
159,ADM,2555,GenImage_test/ADM/test/ai/488_adm_91.PNG
160,ADM,2556,GenImage_test/ADM/test/nature/ILSVRC2012_val_00013475.JPEG
160,ADM,2557,GenImage_test/ADM/test/ai/578_adm_174.PNG
160,ADM,2558,GenImage_test/ADM/test/nature/ILSVRC2012_val_00030644.JPEG
160,ADM,2559,GenImage_test/ADM/test/nature/ILSVRC2012_val_00037955.JPEG
160,ADM,2560,GenImage_test/ADM/test/ai/504_adm_85.PNG
160,ADM,2561,GenImage_test/ADM/test/nature/ILSVRC2012_val_00029684.JPEG
160,ADM,2562,GenImage_test/ADM/test/nature/ILSVRC2012_val_00000543.JPEG
160,ADM,2563,GenImage_test/ADM/test/ai/134_adm_85.PNG
160,ADM,2564,GenImage_test/ADM/test/nature/ILSVRC2012_val_00018130.JPEG
160,ADM,2565,GenImage_test/ADM/test/ai/426_adm_174.PNG
160,ADM,2566,GenImage_test/ADM/test/nature/ILSVRC2012_val_00006468.JPEG
160,ADM,2567,GenImage_test/ADM/test/nature/ILSVRC2012_val_00030589.JPEG
160,ADM,2568,GenImage_test/ADM/test/ai/263_adm_85.PNG
160,ADM,2569,GenImage_test/ADM/test/nature/ILSVRC2012_val_00027206.JPEG
160,ADM,2570,GenImage_test/ADM/test/ai/267_adm_85.PNG
160,ADM,2571,GenImage_test/ADM/test/nature/ILSVRC2012_val_00018192.JPEG
161,ADM,2572,GenImage_test/ADM/test/ai/992_adm_91.PNG
161,ADM,2573,GenImage_test/ADM/test/ai/853_adm_34.PNG
161,ADM,2574,GenImage_test/ADM/test/nature/ILSVRC2012_val_00044045.JPEG
161,ADM,2575,GenImage_test/ADM/test/nature/ILSVRC2012_val_00043642.JPEG
161,ADM,2576,GenImage_test/ADM/test/ai/100_adm_174.PNG
161,ADM,2577,GenImage_test/ADM/test/nature/ILSVRC2012_val_00027434.JPEG
161,ADM,2578,GenImage_test/ADM/test/nature/ILSVRC2012_val_00045875.JPEG
161,ADM,2579,GenImage_test/ADM/test/ai/447_adm_91.PNG
161,ADM,2580,GenImage_test/ADM/test/nature/ILSVRC2012_val_00025717.JPEG
161,ADM,2581,GenImage_test/ADM/test/ai/578_adm_91.PNG
161,ADM,2582,GenImage_test/ADM/test/ai/890_adm_91.PNG
161,ADM,2583,GenImage_test/ADM/test/ai/566_adm_153.PNG
161,ADM,2584,GenImage_test/ADM/test/nature/ILSVRC2012_val_00003699.JPEG
161,ADM,2585,GenImage_test/ADM/test/nature/ILSVRC2012_val_00039880.JPEG
161,ADM,2586,GenImage_test/ADM/test/nature/ILSVRC2012_val_00029991.JPEG
161,ADM,2587,GenImage_test/ADM/test/nature/ILSVRC2012_val_00023827.JPEG
162,ADM,2588,GenImage_test/ADM/test/nature/ILSVRC2012_val_00009489.JPEG
162,ADM,2589,GenImage_test/ADM/test/ai/32_adm_91.PNG
162,ADM,2590,GenImage_test/ADM/test/ai/529_adm_174.PNG
162,ADM,2591,GenImage_test/ADM/test/nature/ILSVRC2012_val_00016874.JPEG
162,ADM,2592,GenImage_test/ADM/test/nature/ILSVRC2012_val_00021557.JPEG
162,ADM,2593,GenImage_test/ADM/test/ai/978_adm_34.PNG
162,ADM,2594,GenImage_test/ADM/test/ai/113_adm_153.PNG
162,ADM,2595,GenImage_test/ADM/test/nature/ILSVRC2012_val_00013952.JPEG
162,ADM,2596,GenImage_test/ADM/test/nature/ILSVRC2012_val_00043744.JPEG
162,ADM,2597,GenImage_test/ADM/test/ai/751_adm_174.PNG
162,ADM,2598,GenImage_test/ADM/test/ai/109_adm_34.PNG
162,ADM,2599,GenImage_test/ADM/test/nature/ILSVRC2012_val_00021345.JPEG
162,ADM,2600,GenImage_test/ADM/test/ai/901_adm_91.PNG
162,ADM,2601,GenImage_test/ADM/test/ai/815_adm_153.PNG
162,ADM,2602,GenImage_test/ADM/test/ai/946_adm_153.PNG
162,ADM,2603,GenImage_test/ADM/test/nature/ILSVRC2012_val_00037549.JPEG
163,ADM,2604,GenImage_test/ADM/test/ai/463_adm_34.PNG
163,ADM,2605,GenImage_test/ADM/test/nature/ILSVRC2012_val_00021098.JPEG
163,ADM,2606,GenImage_test/ADM/test/ai/823_adm_34.PNG
163,ADM,2607,GenImage_test/ADM/test/nature/ILSVRC2012_val_00015355.JPEG
163,ADM,2608,GenImage_test/ADM/test/ai/24_adm_85.PNG
163,ADM,2609,GenImage_test/ADM/test/ai/70_adm_85.PNG
163,ADM,2610,GenImage_test/ADM/test/nature/ILSVRC2012_val_00037421.JPEG
163,ADM,2611,GenImage_test/ADM/test/ai/383_adm_153.PNG
163,ADM,2612,GenImage_test/ADM/test/nature/ILSVRC2012_val_00017259.JPEG
163,ADM,2613,GenImage_test/ADM/test/nature/ILSVRC2012_val_00020365.JPEG
163,ADM,2614,GenImage_test/ADM/test/ai/601_adm_174.PNG
163,ADM,2615,GenImage_test/ADM/test/nature/ILSVRC2012_val_00000890.JPEG
163,ADM,2616,GenImage_test/ADM/test/ai/374_adm_34.PNG
163,ADM,2617,GenImage_test/ADM/test/nature/ILSVRC2012_val_00029348.JPEG
163,ADM,2618,GenImage_test/ADM/test/nature/ILSVRC2012_val_00003383.JPEG
163,ADM,2619,GenImage_test/ADM/test/nature/ILSVRC2012_val_00034564.JPEG
164,ADM,2620,GenImage_test/ADM/test/ai/529_adm_91.PNG
164,ADM,2621,GenImage_test/ADM/test/ai/847_adm_174.PNG
164,ADM,2622,GenImage_test/ADM/test/ai/51_adm_91.PNG
164,ADM,2623,GenImage_test/ADM/test/nature/ILSVRC2012_val_00042164.JPEG
164,ADM,2624,GenImage_test/ADM/test/nature/ILSVRC2012_val_00027429.JPEG
164,ADM,2625,GenImage_test/ADM/test/ai/895_adm_153.PNG
164,ADM,2626,GenImage_test/ADM/test/ai/390_adm_174.PNG
164,ADM,2627,GenImage_test/ADM/test/nature/ILSVRC2012_val_00000017.JPEG
164,ADM,2628,GenImage_test/ADM/test/nature/ILSVRC2012_val_00032430.JPEG
164,ADM,2629,GenImage_test/ADM/test/ai/214_adm_7.PNG
164,ADM,2630,GenImage_test/ADM/test/nature/ILSVRC2012_val_00043470.JPEG
164,ADM,2631,GenImage_test/ADM/test/ai/45_adm_7.PNG
164,ADM,2632,GenImage_test/ADM/test/nature/ILSVRC2012_val_00040813.JPEG
164,ADM,2633,GenImage_test/ADM/test/ai/520_adm_153.PNG
164,ADM,2634,GenImage_test/ADM/test/nature/ILSVRC2012_val_00041375.JPEG
164,ADM,2635,GenImage_test/ADM/test/ai/329_adm_153.PNG
165,ADM,2636,GenImage_test/ADM/test/nature/ILSVRC2012_val_00016054.JPEG
165,ADM,2637,GenImage_test/ADM/test/ai/696_adm_91.PNG
165,ADM,2638,GenImage_test/ADM/test/ai/616_adm_85.PNG
165,ADM,2639,GenImage_test/ADM/test/ai/186_adm_85.PNG
165,ADM,2640,GenImage_test/ADM/test/ai/9_adm_153.PNG
165,ADM,2641,GenImage_test/ADM/test/nature/ILSVRC2012_val_00047569.JPEG
165,ADM,2642,GenImage_test/ADM/test/nature/ILSVRC2012_val_00016866.JPEG
165,ADM,2643,GenImage_test/ADM/test/ai/65_adm_7.PNG
165,ADM,2644,GenImage_test/ADM/test/ai/13_adm_7.PNG
165,ADM,2645,GenImage_test/ADM/test/ai/313_adm_7.PNG
165,ADM,2646,GenImage_test/ADM/test/nature/ILSVRC2012_val_00037430.JPEG
165,ADM,2647,GenImage_test/ADM/test/ai/631_adm_91.PNG
165,ADM,2648,GenImage_test/ADM/test/nature/ILSVRC2012_val_00024836.JPEG
165,ADM,2649,GenImage_test/ADM/test/nature/ILSVRC2012_val_00011935.JPEG
165,ADM,2650,GenImage_test/ADM/test/ai/811_adm_85.PNG
165,ADM,2651,GenImage_test/ADM/test/ai/981_adm_91.PNG
166,ADM,2652,GenImage_test/ADM/test/ai/259_adm_174.PNG
166,ADM,2653,GenImage_test/ADM/test/ai/664_adm_34.PNG
166,ADM,2654,GenImage_test/ADM/test/ai/79_adm_85.PNG
166,ADM,2655,GenImage_test/ADM/test/nature/ILSVRC2012_val_00048704.JPEG
166,ADM,2656,GenImage_test/ADM/test/nature/ILSVRC2012_val_00038564.JPEG
166,ADM,2657,GenImage_test/ADM/test/ai/170_adm_174.PNG
166,ADM,2658,GenImage_test/ADM/test/ai/891_adm_91.PNG
166,ADM,2659,GenImage_test/ADM/test/nature/ILSVRC2012_val_00003810.JPEG
166,ADM,2660,GenImage_test/ADM/test/nature/ILSVRC2012_val_00013763.JPEG
166,ADM,2661,GenImage_test/ADM/test/nature/ILSVRC2012_val_00036662.JPEG
166,ADM,2662,GenImage_test/ADM/test/nature/ILSVRC2012_val_00035739.JPEG
166,ADM,2663,GenImage_test/ADM/test/ai/487_adm_34.PNG
166,ADM,2664,GenImage_test/ADM/test/nature/ILSVRC2012_val_00027295.JPEG
166,ADM,2665,GenImage_test/ADM/test/ai/962_adm_91.PNG
166,ADM,2666,GenImage_test/ADM/test/ai/427_adm_153.PNG
166,ADM,2667,GenImage_test/ADM/test/ai/260_adm_85.PNG
167,ADM,2668,GenImage_test/ADM/test/ai/361_adm_153.PNG
167,ADM,2669,GenImage_test/ADM/test/ai/865_adm_34.PNG
167,ADM,2670,GenImage_test/ADM/test/nature/ILSVRC2012_val_00032944.JPEG
167,ADM,2671,GenImage_test/ADM/test/ai/600_adm_91.PNG
167,ADM,2672,GenImage_test/ADM/test/ai/976_adm_153.PNG
167,ADM,2673,GenImage_test/ADM/test/nature/ILSVRC2012_val_00027194.JPEG
167,ADM,2674,GenImage_test/ADM/test/nature/ILSVRC2012_val_00028886.JPEG
167,ADM,2675,GenImage_test/ADM/test/ai/101_adm_153.PNG
167,ADM,2676,GenImage_test/ADM/test/nature/ILSVRC2012_val_00014141.JPEG
167,ADM,2677,GenImage_test/ADM/test/nature/ILSVRC2012_val_00045921.JPEG
167,ADM,2678,GenImage_test/ADM/test/nature/ILSVRC2012_val_00031711.JPEG
167,ADM,2679,GenImage_test/ADM/test/ai/986_adm_174.PNG
167,ADM,2680,GenImage_test/ADM/test/ai/795_adm_153.PNG
167,ADM,2681,GenImage_test/ADM/test/nature/ILSVRC2012_val_00007384.JPEG
167,ADM,2682,GenImage_test/ADM/test/nature/ILSVRC2012_val_00021045.JPEG
167,ADM,2683,GenImage_test/ADM/test/nature/ILSVRC2012_val_00025534.JPEG
168,ADM,2684,GenImage_test/ADM/test/nature/ILSVRC2012_val_00035621.JPEG
168,ADM,2685,GenImage_test/ADM/test/nature/ILSVRC2012_val_00039094.JPEG
168,ADM,2686,GenImage_test/ADM/test/nature/ILSVRC2012_val_00019480.JPEG
168,ADM,2687,GenImage_test/ADM/test/nature/ILSVRC2012_val_00026612.JPEG
168,ADM,2688,GenImage_test/ADM/test/nature/ILSVRC2012_val_00000874.JPEG
168,ADM,2689,GenImage_test/ADM/test/ai/148_adm_7.PNG
168,ADM,2690,GenImage_test/ADM/test/nature/ILSVRC2012_val_00000822.JPEG
168,ADM,2691,GenImage_test/ADM/test/nature/ILSVRC2012_val_00009287.JPEG
168,ADM,2692,GenImage_test/ADM/test/ai/455_adm_174.PNG
168,ADM,2693,GenImage_test/ADM/test/nature/ILSVRC2012_val_00027217.JPEG
168,ADM,2694,GenImage_test/ADM/test/nature/ILSVRC2012_val_00001874.JPEG
168,ADM,2695,GenImage_test/ADM/test/nature/ILSVRC2012_val_00013168.JPEG
168,ADM,2696,GenImage_test/ADM/test/ai/857_adm_34.PNG
168,ADM,2697,GenImage_test/ADM/test/ai/173_adm_153.PNG
168,ADM,2698,GenImage_test/ADM/test/ai/931_adm_34.PNG
168,ADM,2699,GenImage_test/ADM/test/ai/841_adm_91.PNG
169,ADM,2700,GenImage_test/ADM/test/nature/ILSVRC2012_val_00033351.JPEG
169,ADM,2701,GenImage_test/ADM/test/nature/ILSVRC2012_val_00046036.JPEG
169,ADM,2702,GenImage_test/ADM/test/ai/816_adm_7.PNG
169,ADM,2703,GenImage_test/ADM/test/nature/ILSVRC2012_val_00034060.JPEG
169,ADM,2704,GenImage_test/ADM/test/nature/ILSVRC2012_val_00029379.JPEG
169,ADM,2705,GenImage_test/ADM/test/nature/ILSVRC2012_val_00043481.JPEG
169,ADM,2706,GenImage_test/ADM/test/ai/387_adm_7.PNG
169,ADM,2707,GenImage_test/ADM/test/nature/ILSVRC2012_val_00043161.JPEG
169,ADM,2708,GenImage_test/ADM/test/ai/961_adm_153.PNG
169,ADM,2709,GenImage_test/ADM/test/ai/91_adm_85.PNG
169,ADM,2710,GenImage_test/ADM/test/nature/ILSVRC2012_val_00002968.JPEG
169,ADM,2711,GenImage_test/ADM/test/nature/ILSVRC2012_val_00035056.JPEG
169,ADM,2712,GenImage_test/ADM/test/nature/ILSVRC2012_val_00014136.JPEG
169,ADM,2713,GenImage_test/ADM/test/ai/399_adm_174.PNG
169,ADM,2714,GenImage_test/ADM/test/ai/389_adm_174.PNG
169,ADM,2715,GenImage_test/ADM/test/nature/ILSVRC2012_val_00020134.JPEG
170,ADM,2716,GenImage_test/ADM/test/ai/393_adm_34.PNG
170,ADM,2717,GenImage_test/ADM/test/ai/926_adm_91.PNG
170,ADM,2718,GenImage_test/ADM/test/nature/ILSVRC2012_val_00014116.JPEG
170,ADM,2719,GenImage_test/ADM/test/ai/780_adm_7.PNG
170,ADM,2720,GenImage_test/ADM/test/nature/ILSVRC2012_val_00018119.JPEG
170,ADM,2721,GenImage_test/ADM/test/nature/ILSVRC2012_val_00036317.JPEG
170,ADM,2722,GenImage_test/ADM/test/nature/ILSVRC2012_val_00022644.JPEG
170,ADM,2723,GenImage_test/ADM/test/nature/ILSVRC2012_val_00047747.JPEG
170,ADM,2724,GenImage_test/ADM/test/ai/779_adm_85.PNG
170,ADM,2725,GenImage_test/ADM/test/ai/518_adm_7.PNG
170,ADM,2726,GenImage_test/ADM/test/ai/69_adm_153.PNG
170,ADM,2727,GenImage_test/ADM/test/ai/760_adm_91.PNG
170,ADM,2728,GenImage_test/ADM/test/ai/724_adm_153.PNG
170,ADM,2729,GenImage_test/ADM/test/nature/ILSVRC2012_val_00020159.JPEG
170,ADM,2730,GenImage_test/ADM/test/nature/ILSVRC2012_val_00040890.JPEG
170,ADM,2731,GenImage_test/ADM/test/nature/ILSVRC2012_val_00035154.JPEG
171,ADM,2732,GenImage_test/ADM/test/ai/522_adm_91.PNG
171,ADM,2733,GenImage_test/ADM/test/ai/999_adm_7.PNG
171,ADM,2734,GenImage_test/ADM/test/ai/856_adm_153.PNG
171,ADM,2735,GenImage_test/ADM/test/ai/352_adm_34.PNG
171,ADM,2736,GenImage_test/ADM/test/nature/ILSVRC2012_val_00009958.JPEG
171,ADM,2737,GenImage_test/ADM/test/ai/919_adm_174.PNG
171,ADM,2738,GenImage_test/ADM/test/ai/256_adm_34.PNG
171,ADM,2739,GenImage_test/ADM/test/ai/906_adm_85.PNG
171,ADM,2740,GenImage_test/ADM/test/nature/ILSVRC2012_val_00007966.JPEG
171,ADM,2741,GenImage_test/ADM/test/nature/ILSVRC2012_val_00030686.JPEG
171,ADM,2742,GenImage_test/ADM/test/nature/ILSVRC2012_val_00011521.JPEG
171,ADM,2743,GenImage_test/ADM/test/ai/592_adm_7.PNG
171,ADM,2744,GenImage_test/ADM/test/nature/ILSVRC2012_val_00013874.JPEG
171,ADM,2745,GenImage_test/ADM/test/ai/383_adm_7.PNG
171,ADM,2746,GenImage_test/ADM/test/nature/ILSVRC2012_val_00005748.JPEG
171,ADM,2747,GenImage_test/ADM/test/ai/354_adm_7.PNG
172,ADM,2748,GenImage_test/ADM/test/nature/ILSVRC2012_val_00041643.JPEG
172,ADM,2749,GenImage_test/ADM/test/ai/610_adm_174.PNG
172,ADM,2750,GenImage_test/ADM/test/ai/29_adm_153.PNG
172,ADM,2751,GenImage_test/ADM/test/ai/750_adm_174.PNG
172,ADM,2752,GenImage_test/ADM/test/nature/ILSVRC2012_val_00005242.JPEG
172,ADM,2753,GenImage_test/ADM/test/ai/754_adm_85.PNG
172,ADM,2754,GenImage_test/ADM/test/ai/408_adm_91.PNG
172,ADM,2755,GenImage_test/ADM/test/ai/610_adm_153.PNG
172,ADM,2756,GenImage_test/ADM/test/ai/723_adm_153.PNG
172,ADM,2757,GenImage_test/ADM/test/ai/468_adm_85.PNG
172,ADM,2758,GenImage_test/ADM/test/ai/341_adm_85.PNG
172,ADM,2759,GenImage_test/ADM/test/nature/ILSVRC2012_val_00012136.JPEG
172,ADM,2760,GenImage_test/ADM/test/nature/ILSVRC2012_val_00025318.JPEG
172,ADM,2761,GenImage_test/ADM/test/ai/88_adm_153.PNG
172,ADM,2762,GenImage_test/ADM/test/nature/ILSVRC2012_val_00035353.JPEG
172,ADM,2763,GenImage_test/ADM/test/nature/ILSVRC2012_val_00048332.JPEG
173,ADM,2764,GenImage_test/ADM/test/ai/349_adm_153.PNG
173,ADM,2765,GenImage_test/ADM/test/nature/ILSVRC2012_val_00010426.JPEG
173,ADM,2766,GenImage_test/ADM/test/nature/ILSVRC2012_val_00001470.JPEG
173,ADM,2767,GenImage_test/ADM/test/ai/798_adm_7.PNG
173,ADM,2768,GenImage_test/ADM/test/nature/ILSVRC2012_val_00024506.JPEG
173,ADM,2769,GenImage_test/ADM/test/nature/ILSVRC2012_val_00012114.JPEG
173,ADM,2770,GenImage_test/ADM/test/nature/ILSVRC2012_val_00023634.JPEG
173,ADM,2771,GenImage_test/ADM/test/ai/757_adm_153.PNG
173,ADM,2772,GenImage_test/ADM/test/ai/411_adm_34.PNG
173,ADM,2773,GenImage_test/ADM/test/ai/520_adm_34.PNG
173,ADM,2774,GenImage_test/ADM/test/ai/830_adm_174.PNG
173,ADM,2775,GenImage_test/ADM/test/nature/ILSVRC2012_val_00035074.JPEG
173,ADM,2776,GenImage_test/ADM/test/nature/ILSVRC2012_val_00016060.JPEG
173,ADM,2777,GenImage_test/ADM/test/ai/197_adm_7.PNG
173,ADM,2778,GenImage_test/ADM/test/ai/849_adm_153.PNG
173,ADM,2779,GenImage_test/ADM/test/nature/ILSVRC2012_val_00030773.JPEG
174,ADM,2780,GenImage_test/ADM/test/ai/941_adm_7.PNG
174,ADM,2781,GenImage_test/ADM/test/nature/ILSVRC2012_val_00024021.JPEG
174,ADM,2782,GenImage_test/ADM/test/nature/ILSVRC2012_val_00002145.JPEG
174,ADM,2783,GenImage_test/ADM/test/nature/ILSVRC2012_val_00013955.JPEG
174,ADM,2784,GenImage_test/ADM/test/ai/167_adm_91.PNG
174,ADM,2785,GenImage_test/ADM/test/ai/826_adm_7.PNG
174,ADM,2786,GenImage_test/ADM/test/nature/ILSVRC2012_val_00037306.JPEG
174,ADM,2787,GenImage_test/ADM/test/ai/12_adm_34.PNG
174,ADM,2788,GenImage_test/ADM/test/ai/223_adm_91.PNG
174,ADM,2789,GenImage_test/ADM/test/ai/992_adm_174.PNG
174,ADM,2790,GenImage_test/ADM/test/nature/ILSVRC2012_val_00004368.JPEG
174,ADM,2791,GenImage_test/ADM/test/ai/232_adm_153.PNG
174,ADM,2792,GenImage_test/ADM/test/nature/ILSVRC2012_val_00036836.JPEG
174,ADM,2793,GenImage_test/ADM/test/nature/ILSVRC2012_val_00015141.JPEG
174,ADM,2794,GenImage_test/ADM/test/nature/ILSVRC2012_val_00035671.JPEG
174,ADM,2795,GenImage_test/ADM/test/ai/627_adm_91.PNG
175,ADM,2796,GenImage_test/ADM/test/nature/ILSVRC2012_val_00013726.JPEG
175,ADM,2797,GenImage_test/ADM/test/nature/ILSVRC2012_val_00022639.JPEG
175,ADM,2798,GenImage_test/ADM/test/ai/818_adm_34.PNG
175,ADM,2799,GenImage_test/ADM/test/ai/212_adm_34.PNG
175,ADM,2800,GenImage_test/ADM/test/ai/534_adm_91.PNG
175,ADM,2801,GenImage_test/ADM/test/ai/372_adm_174.PNG
175,ADM,2802,GenImage_test/ADM/test/ai/213_adm_174.PNG
175,ADM,2803,GenImage_test/ADM/test/ai/150_adm_174.PNG
175,ADM,2804,GenImage_test/ADM/test/nature/ILSVRC2012_val_00004838.JPEG
175,ADM,2805,GenImage_test/ADM/test/nature/ILSVRC2012_val_00026397.JPEG
175,ADM,2806,GenImage_test/ADM/test/ai/401_adm_153.PNG
175,ADM,2807,GenImage_test/ADM/test/nature/ILSVRC2012_val_00019063.JPEG
175,ADM,2808,GenImage_test/ADM/test/nature/ILSVRC2012_val_00034386.JPEG
175,ADM,2809,GenImage_test/ADM/test/nature/ILSVRC2012_val_00017556.JPEG
175,ADM,2810,GenImage_test/ADM/test/ai/552_adm_7.PNG
175,ADM,2811,GenImage_test/ADM/test/ai/108_adm_174.PNG
176,ADM,2812,GenImage_test/ADM/test/ai/144_adm_7.PNG
176,ADM,2813,GenImage_test/ADM/test/nature/ILSVRC2012_val_00022155.JPEG
176,ADM,2814,GenImage_test/ADM/test/nature/ILSVRC2012_val_00003641.JPEG
176,ADM,2815,GenImage_test/ADM/test/nature/ILSVRC2012_val_00035630.JPEG
176,ADM,2816,GenImage_test/ADM/test/ai/240_adm_34.PNG
176,ADM,2817,GenImage_test/ADM/test/ai/867_adm_91.PNG
176,ADM,2818,GenImage_test/ADM/test/ai/76_adm_153.PNG
176,ADM,2819,GenImage_test/ADM/test/ai/991_adm_34.PNG
176,ADM,2820,GenImage_test/ADM/test/ai/645_adm_85.PNG
176,ADM,2821,GenImage_test/ADM/test/ai/905_adm_174.PNG
176,ADM,2822,GenImage_test/ADM/test/nature/ILSVRC2012_val_00002520.JPEG
176,ADM,2823,GenImage_test/ADM/test/nature/ILSVRC2012_val_00000823.JPEG
176,ADM,2824,GenImage_test/ADM/test/nature/ILSVRC2012_val_00026645.JPEG
176,ADM,2825,GenImage_test/ADM/test/nature/ILSVRC2012_val_00042561.JPEG
176,ADM,2826,GenImage_test/ADM/test/ai/676_adm_85.PNG
176,ADM,2827,GenImage_test/ADM/test/nature/ILSVRC2012_val_00036206.JPEG
177,ADM,2828,GenImage_test/ADM/test/nature/ILSVRC2012_val_00004808.JPEG
177,ADM,2829,GenImage_test/ADM/test/ai/639_adm_91.PNG
177,ADM,2830,GenImage_test/ADM/test/nature/ILSVRC2012_val_00042911.JPEG
177,ADM,2831,GenImage_test/ADM/test/nature/ILSVRC2012_val_00033488.JPEG
177,ADM,2832,GenImage_test/ADM/test/ai/827_adm_153.PNG
177,ADM,2833,GenImage_test/ADM/test/nature/ILSVRC2012_val_00029907.JPEG
177,ADM,2834,GenImage_test/ADM/test/ai/622_adm_153.PNG
177,ADM,2835,GenImage_test/ADM/test/ai/900_adm_153.PNG
177,ADM,2836,GenImage_test/ADM/test/ai/268_adm_34.PNG
177,ADM,2837,GenImage_test/ADM/test/nature/ILSVRC2012_val_00034402.JPEG
177,ADM,2838,GenImage_test/ADM/test/nature/ILSVRC2012_val_00010640.JPEG
177,ADM,2839,GenImage_test/ADM/test/nature/ILSVRC2012_val_00044992.JPEG
177,ADM,2840,GenImage_test/ADM/test/nature/ILSVRC2012_val_00047798.JPEG
177,ADM,2841,GenImage_test/ADM/test/nature/ILSVRC2012_val_00025021.JPEG
177,ADM,2842,GenImage_test/ADM/test/ai/906_adm_91.PNG
177,ADM,2843,GenImage_test/ADM/test/nature/ILSVRC2012_val_00006336.JPEG
178,ADM,2844,GenImage_test/ADM/test/ai/139_adm_153.PNG
178,ADM,2845,GenImage_test/ADM/test/ai/64_adm_85.PNG
178,ADM,2846,GenImage_test/ADM/test/nature/ILSVRC2012_val_00012794.JPEG
178,ADM,2847,GenImage_test/ADM/test/ai/241_adm_85.PNG
178,ADM,2848,GenImage_test/ADM/test/ai/932_adm_7.PNG
178,ADM,2849,GenImage_test/ADM/test/ai/820_adm_91.PNG
178,ADM,2850,GenImage_test/ADM/test/nature/ILSVRC2012_val_00015904.JPEG
178,ADM,2851,GenImage_test/ADM/test/nature/ILSVRC2012_val_00011720.JPEG
178,ADM,2852,GenImage_test/ADM/test/nature/ILSVRC2012_val_00048738.JPEG
178,ADM,2853,GenImage_test/ADM/test/nature/ILSVRC2012_val_00025346.JPEG
178,ADM,2854,GenImage_test/ADM/test/ai/648_adm_34.PNG
178,ADM,2855,GenImage_test/ADM/test/nature/ILSVRC2012_val_00014628.JPEG
178,ADM,2856,GenImage_test/ADM/test/nature/ILSVRC2012_val_00019951.JPEG
178,ADM,2857,GenImage_test/ADM/test/ai/43_adm_7.PNG
178,ADM,2858,GenImage_test/ADM/test/ai/448_adm_91.PNG
178,ADM,2859,GenImage_test/ADM/test/nature/ILSVRC2012_val_00026282.JPEG
179,ADM,2860,GenImage_test/ADM/test/ai/491_adm_34.PNG
179,ADM,2861,GenImage_test/ADM/test/nature/ILSVRC2012_val_00022873.JPEG
179,ADM,2862,GenImage_test/ADM/test/nature/ILSVRC2012_val_00042170.JPEG
179,ADM,2863,GenImage_test/ADM/test/nature/ILSVRC2012_val_00041167.JPEG
179,ADM,2864,GenImage_test/ADM/test/ai/191_adm_91.PNG
179,ADM,2865,GenImage_test/ADM/test/nature/ILSVRC2012_val_00021634.JPEG
179,ADM,2866,GenImage_test/ADM/test/nature/ILSVRC2012_val_00010469.JPEG
179,ADM,2867,GenImage_test/ADM/test/nature/ILSVRC2012_val_00029911.JPEG
179,ADM,2868,GenImage_test/ADM/test/ai/295_adm_91.PNG
179,ADM,2869,GenImage_test/ADM/test/ai/679_adm_174.PNG
179,ADM,2870,GenImage_test/ADM/test/ai/90_adm_174.PNG
179,ADM,2871,GenImage_test/ADM/test/nature/ILSVRC2012_val_00040718.JPEG
179,ADM,2872,GenImage_test/ADM/test/ai/385_adm_7.PNG
179,ADM,2873,GenImage_test/ADM/test/nature/ILSVRC2012_val_00005060.JPEG
179,ADM,2874,GenImage_test/ADM/test/nature/ILSVRC2012_val_00016271.JPEG
179,ADM,2875,GenImage_test/ADM/test/nature/ILSVRC2012_val_00040638.JPEG
180,ADM,2876,GenImage_test/ADM/test/ai/785_adm_174.PNG
180,ADM,2877,GenImage_test/ADM/test/nature/ILSVRC2012_val_00000232.JPEG
180,ADM,2878,GenImage_test/ADM/test/nature/ILSVRC2012_val_00010328.JPEG
180,ADM,2879,GenImage_test/ADM/test/nature/ILSVRC2012_val_00005867.JPEG
180,ADM,2880,GenImage_test/ADM/test/ai/155_adm_91.PNG
180,ADM,2881,GenImage_test/ADM/test/nature/ILSVRC2012_val_00011021.JPEG
180,ADM,2882,GenImage_test/ADM/test/ai/504_adm_7.PNG
180,ADM,2883,GenImage_test/ADM/test/ai/826_adm_153.PNG
180,ADM,2884,GenImage_test/ADM/test/nature/ILSVRC2012_val_00017423.JPEG
180,ADM,2885,GenImage_test/ADM/test/nature/ILSVRC2012_val_00041912.JPEG
180,ADM,2886,GenImage_test/ADM/test/ai/272_adm_174.PNG
180,ADM,2887,GenImage_test/ADM/test/nature/ILSVRC2012_val_00035640.JPEG
180,ADM,2888,GenImage_test/ADM/test/ai/799_adm_7.PNG
180,ADM,2889,GenImage_test/ADM/test/nature/ILSVRC2012_val_00023496.JPEG
180,ADM,2890,GenImage_test/ADM/test/ai/535_adm_7.PNG
180,ADM,2891,GenImage_test/ADM/test/nature/ILSVRC2012_val_00016182.JPEG
181,ADM,2892,GenImage_test/ADM/test/nature/ILSVRC2012_val_00004291.JPEG
181,ADM,2893,GenImage_test/ADM/test/ai/960_adm_174.PNG
181,ADM,2894,GenImage_test/ADM/test/nature/ILSVRC2012_val_00006279.JPEG
181,ADM,2895,GenImage_test/ADM/test/ai/284_adm_7.PNG
181,ADM,2896,GenImage_test/ADM/test/ai/915_adm_174.PNG
181,ADM,2897,GenImage_test/ADM/test/ai/228_adm_85.PNG
181,ADM,2898,GenImage_test/ADM/test/nature/ILSVRC2012_val_00002310.JPEG
181,ADM,2899,GenImage_test/ADM/test/nature/ILSVRC2012_val_00034147.JPEG
181,ADM,2900,GenImage_test/ADM/test/ai/645_adm_153.PNG
181,ADM,2901,GenImage_test/ADM/test/nature/ILSVRC2012_val_00047299.JPEG
181,ADM,2902,GenImage_test/ADM/test/ai/358_adm_174.PNG
181,ADM,2903,GenImage_test/ADM/test/nature/ILSVRC2012_val_00024605.JPEG
181,ADM,2904,GenImage_test/ADM/test/ai/966_adm_34.PNG
181,ADM,2905,GenImage_test/ADM/test/ai/434_adm_34.PNG
181,ADM,2906,GenImage_test/ADM/test/nature/ILSVRC2012_val_00049330.JPEG
181,ADM,2907,GenImage_test/ADM/test/nature/ILSVRC2012_val_00015919.JPEG
182,ADM,2908,GenImage_test/ADM/test/nature/ILSVRC2012_val_00029136.JPEG
182,ADM,2909,GenImage_test/ADM/test/ai/583_adm_153.PNG
182,ADM,2910,GenImage_test/ADM/test/ai/569_adm_7.PNG
182,ADM,2911,GenImage_test/ADM/test/ai/695_adm_7.PNG
182,ADM,2912,GenImage_test/ADM/test/ai/513_adm_174.PNG
182,ADM,2913,GenImage_test/ADM/test/ai/531_adm_91.PNG
182,ADM,2914,GenImage_test/ADM/test/ai/918_adm_7.PNG
182,ADM,2915,GenImage_test/ADM/test/ai/266_adm_7.PNG
182,ADM,2916,GenImage_test/ADM/test/ai/805_adm_85.PNG
182,ADM,2917,GenImage_test/ADM/test/nature/ILSVRC2012_val_00006557.JPEG
182,ADM,2918,GenImage_test/ADM/test/nature/ILSVRC2012_val_00032466.JPEG
182,ADM,2919,GenImage_test/ADM/test/ai/545_adm_34.PNG
182,ADM,2920,GenImage_test/ADM/test/ai/294_adm_85.PNG
182,ADM,2921,GenImage_test/ADM/test/ai/960_adm_91.PNG
182,ADM,2922,GenImage_test/ADM/test/nature/ILSVRC2012_val_00013504.JPEG
182,ADM,2923,GenImage_test/ADM/test/nature/ILSVRC2012_val_00008071.JPEG
183,ADM,2924,GenImage_test/ADM/test/nature/ILSVRC2012_val_00019731.JPEG
183,ADM,2925,GenImage_test/ADM/test/nature/ILSVRC2012_val_00026085.JPEG
183,ADM,2926,GenImage_test/ADM/test/nature/ILSVRC2012_val_00008894.JPEG
183,ADM,2927,GenImage_test/ADM/test/nature/ILSVRC2012_val_00028208.JPEG
183,ADM,2928,GenImage_test/ADM/test/ai/310_adm_91.PNG
183,ADM,2929,GenImage_test/ADM/test/nature/ILSVRC2012_val_00043063.JPEG
183,ADM,2930,GenImage_test/ADM/test/ai/828_adm_174.PNG
183,ADM,2931,GenImage_test/ADM/test/ai/108_adm_7.PNG
183,ADM,2932,GenImage_test/ADM/test/nature/ILSVRC2012_val_00043553.JPEG
183,ADM,2933,GenImage_test/ADM/test/ai/787_adm_174.PNG
183,ADM,2934,GenImage_test/ADM/test/nature/ILSVRC2012_val_00028497.JPEG
183,ADM,2935,GenImage_test/ADM/test/ai/558_adm_85.PNG
183,ADM,2936,GenImage_test/ADM/test/nature/ILSVRC2012_val_00037648.JPEG
183,ADM,2937,GenImage_test/ADM/test/nature/ILSVRC2012_val_00006911.JPEG
183,ADM,2938,GenImage_test/ADM/test/ai/208_adm_153.PNG
183,ADM,2939,GenImage_test/ADM/test/ai/194_adm_153.PNG
184,ADM,2940,GenImage_test/ADM/test/nature/ILSVRC2012_val_00011852.JPEG
184,ADM,2941,GenImage_test/ADM/test/nature/ILSVRC2012_val_00035510.JPEG
184,ADM,2942,GenImage_test/ADM/test/ai/441_adm_174.PNG
184,ADM,2943,GenImage_test/ADM/test/nature/ILSVRC2012_val_00021799.JPEG
184,ADM,2944,GenImage_test/ADM/test/nature/ILSVRC2012_val_00029673.JPEG
184,ADM,2945,GenImage_test/ADM/test/nature/ILSVRC2012_val_00016022.JPEG
184,ADM,2946,GenImage_test/ADM/test/nature/ILSVRC2012_val_00027219.JPEG
184,ADM,2947,GenImage_test/ADM/test/nature/ILSVRC2012_val_00046736.JPEG
184,ADM,2948,GenImage_test/ADM/test/ai/742_adm_174.PNG
184,ADM,2949,GenImage_test/ADM/test/ai/628_adm_91.PNG
184,ADM,2950,GenImage_test/ADM/test/ai/928_adm_7.PNG
184,ADM,2951,GenImage_test/ADM/test/nature/ILSVRC2012_val_00024855.JPEG
184,ADM,2952,GenImage_test/ADM/test/nature/ILSVRC2012_val_00028547.JPEG
184,ADM,2953,GenImage_test/ADM/test/ai/284_adm_174.PNG
184,ADM,2954,GenImage_test/ADM/test/nature/ILSVRC2012_val_00003027.JPEG
184,ADM,2955,GenImage_test/ADM/test/nature/ILSVRC2012_val_00032919.JPEG
185,ADM,2956,GenImage_test/ADM/test/nature/ILSVRC2012_val_00030349.JPEG
185,ADM,2957,GenImage_test/ADM/test/nature/ILSVRC2012_val_00004053.JPEG
185,ADM,2958,GenImage_test/ADM/test/ai/807_adm_7.PNG
185,ADM,2959,GenImage_test/ADM/test/ai/928_adm_91.PNG
185,ADM,2960,GenImage_test/ADM/test/nature/ILSVRC2012_val_00048339.JPEG
185,ADM,2961,GenImage_test/ADM/test/ai/637_adm_174.PNG
185,ADM,2962,GenImage_test/ADM/test/nature/ILSVRC2012_val_00038396.JPEG
185,ADM,2963,GenImage_test/ADM/test/nature/ILSVRC2012_val_00049106.JPEG
185,ADM,2964,GenImage_test/ADM/test/ai/915_adm_7.PNG
185,ADM,2965,GenImage_test/ADM/test/nature/ILSVRC2012_val_00000636.JPEG
185,ADM,2966,GenImage_test/ADM/test/nature/ILSVRC2012_val_00043315.JPEG
185,ADM,2967,GenImage_test/ADM/test/nature/ILSVRC2012_val_00040640.JPEG
185,ADM,2968,GenImage_test/ADM/test/ai/41_adm_85.PNG
185,ADM,2969,GenImage_test/ADM/test/nature/ILSVRC2012_val_00026588.JPEG
185,ADM,2970,GenImage_test/ADM/test/nature/ILSVRC2012_val_00028267.JPEG
185,ADM,2971,GenImage_test/ADM/test/ai/613_adm_153.PNG
186,ADM,2972,GenImage_test/ADM/test/ai/495_adm_34.PNG
186,ADM,2973,GenImage_test/ADM/test/nature/ILSVRC2012_val_00028300.JPEG
186,ADM,2974,GenImage_test/ADM/test/ai/926_adm_34.PNG
186,ADM,2975,GenImage_test/ADM/test/ai/596_adm_174.PNG
186,ADM,2976,GenImage_test/ADM/test/nature/ILSVRC2012_val_00042618.JPEG
186,ADM,2977,GenImage_test/ADM/test/ai/920_adm_34.PNG
186,ADM,2978,GenImage_test/ADM/test/nature/ILSVRC2012_val_00043731.JPEG
186,ADM,2979,GenImage_test/ADM/test/ai/564_adm_85.PNG
186,ADM,2980,GenImage_test/ADM/test/ai/540_adm_174.PNG
186,ADM,2981,GenImage_test/ADM/test/nature/ILSVRC2012_val_00001159.JPEG
186,ADM,2982,GenImage_test/ADM/test/nature/ILSVRC2012_val_00030572.JPEG
186,ADM,2983,GenImage_test/ADM/test/nature/ILSVRC2012_val_00017666.JPEG
186,ADM,2984,GenImage_test/ADM/test/ai/248_adm_91.PNG
186,ADM,2985,GenImage_test/ADM/test/nature/ILSVRC2012_val_00028950.JPEG
186,ADM,2986,GenImage_test/ADM/test/ai/248_adm_34.PNG
186,ADM,2987,GenImage_test/ADM/test/nature/ILSVRC2012_val_00049509.JPEG
187,ADM,2988,GenImage_test/ADM/test/ai/706_adm_174.PNG
187,ADM,2989,GenImage_test/ADM/test/ai/816_adm_174.PNG
187,ADM,2990,GenImage_test/ADM/test/nature/ILSVRC2012_val_00034914.JPEG
187,ADM,2991,GenImage_test/ADM/test/nature/ILSVRC2012_val_00029445.JPEG
187,ADM,2992,GenImage_test/ADM/test/ai/589_adm_153.PNG
187,ADM,2993,GenImage_test/ADM/test/ai/985_adm_34.PNG
187,ADM,2994,GenImage_test/ADM/test/nature/ILSVRC2012_val_00002599.JPEG
187,ADM,2995,GenImage_test/ADM/test/nature/ILSVRC2012_val_00009275.JPEG
187,ADM,2996,GenImage_test/ADM/test/nature/ILSVRC2012_val_00049755.JPEG
187,ADM,2997,GenImage_test/ADM/test/nature/ILSVRC2012_val_00010472.JPEG
187,ADM,2998,GenImage_test/ADM/test/ai/699_adm_7.PNG
187,ADM,2999,GenImage_test/ADM/test/nature/ILSVRC2012_val_00008037.JPEG
188,glide,3000,GenImage_test/glide/test/ai/GLIDE_1000_200_08_821_glide_00074.png
188,glide,3001,GenImage_test/glide/test/ai/GLIDE_1000_200_07_758_glide_00143.png
188,glide,3002,GenImage_test/glide/test/nature/ILSVRC2012_val_00025581.JPEG
188,glide,3003,GenImage_test/glide/test/nature/ILSVRC2012_val_00045969.JPEG
188,glide,3004,GenImage_test/glide/test/ai/GLIDE_1000_200_08_892_glide_00143.png
188,glide,3005,GenImage_test/glide/test/nature/ILSVRC2012_val_00045864.JPEG
188,glide,3006,GenImage_test/glide/test/ai/GLIDE_1000_200_06_653_glide_00020.png
188,glide,3007,GenImage_test/glide/test/nature/ILSVRC2012_val_00013366.JPEG
188,glide,3008,GenImage_test/glide/test/ai/GLIDE_1000_200_02_298_glide_00035.png
188,glide,3009,GenImage_test/glide/test/ai/GLIDE_1000_200_00_025_glide_00020.png
188,glide,3010,GenImage_test/glide/test/nature/ILSVRC2012_val_00033325.JPEG
188,glide,3011,GenImage_test/glide/test/ai/GLIDE_1000_200_06_623_glide_00020.png
188,glide,3012,GenImage_test/glide/test/ai/GLIDE_1000_200_00_086_glide_00127.png
188,glide,3013,GenImage_test/glide/test/nature/ILSVRC2012_val_00030739.JPEG
188,glide,3014,GenImage_test/glide/test/nature/ILSVRC2012_val_00027678.JPEG
188,glide,3015,GenImage_test/glide/test/nature/ILSVRC2012_val_00002355.JPEG
189,glide,3016,GenImage_test/glide/test/ai/GLIDE_1000_200_03_346_glide_00039.png
189,glide,3017,GenImage_test/glide/test/ai/GLIDE_1000_200_03_385_glide_00127.png
189,glide,3018,GenImage_test/glide/test/nature/ILSVRC2012_val_00027793.JPEG
189,glide,3019,GenImage_test/glide/test/nature/ILSVRC2012_val_00027886.JPEG
189,glide,3020,GenImage_test/glide/test/ai/GLIDE_1000_200_01_128_glide_00143.png
189,glide,3021,GenImage_test/glide/test/ai/GLIDE_1000_200_08_805_glide_00074.png
189,glide,3022,GenImage_test/glide/test/nature/ILSVRC2012_val_00005160.JPEG
189,glide,3023,GenImage_test/glide/test/nature/ILSVRC2012_val_00046805.JPEG
189,glide,3024,GenImage_test/glide/test/nature/ILSVRC2012_val_00007312.JPEG
189,glide,3025,GenImage_test/glide/test/nature/ILSVRC2012_val_00039345.JPEG
189,glide,3026,GenImage_test/glide/test/ai/GLIDE_1000_200_08_860_glide_00074.png
189,glide,3027,GenImage_test/glide/test/ai/GLIDE_1000_200_05_500_glide_00143.png
189,glide,3028,GenImage_test/glide/test/ai/GLIDE_1000_200_01_158_glide_00039.png
189,glide,3029,GenImage_test/glide/test/nature/ILSVRC2012_val_00025950.JPEG
189,glide,3030,GenImage_test/glide/test/ai/GLIDE_1000_200_02_222_glide_00020.png
189,glide,3031,GenImage_test/glide/test/ai/GLIDE_1000_200_01_101_glide_00143.png
190,glide,3032,GenImage_test/glide/test/ai/GLIDE_1000_200_01_152_glide_00020.png
190,glide,3033,GenImage_test/glide/test/nature/ILSVRC2012_val_00049928.JPEG
190,glide,3034,GenImage_test/glide/test/nature/ILSVRC2012_val_00003255.JPEG
190,glide,3035,GenImage_test/glide/test/ai/GLIDE_1000_200_04_464_glide_00127.png
190,glide,3036,GenImage_test/glide/test/nature/ILSVRC2012_val_00024744.JPEG
190,glide,3037,GenImage_test/glide/test/ai/GLIDE_1000_200_04_407_glide_00020.png
190,glide,3038,GenImage_test/glide/test/nature/ILSVRC2012_val_00039964.JPEG
190,glide,3039,GenImage_test/glide/test/nature/ILSVRC2012_val_00039298.JPEG
190,glide,3040,GenImage_test/glide/test/nature/ILSVRC2012_val_00048629.JPEG
190,glide,3041,GenImage_test/glide/test/ai/GLIDE_1000_200_08_858_glide_00020.png
190,glide,3042,GenImage_test/glide/test/ai/GLIDE_1000_200_05_533_glide_00074.png
190,glide,3043,GenImage_test/glide/test/ai/GLIDE_1000_200_01_171_glide_00039.png
190,glide,3044,GenImage_test/glide/test/nature/ILSVRC2012_val_00047467.JPEG
190,glide,3045,GenImage_test/glide/test/nature/ILSVRC2012_val_00023922.JPEG
190,glide,3046,GenImage_test/glide/test/nature/ILSVRC2012_val_00044986.JPEG
190,glide,3047,GenImage_test/glide/test/nature/ILSVRC2012_val_00019412.JPEG
191,glide,3048,GenImage_test/glide/test/ai/GLIDE_1000_200_08_828_glide_00143.png
191,glide,3049,GenImage_test/glide/test/nature/ILSVRC2012_val_00008177.JPEG
191,glide,3050,GenImage_test/glide/test/nature/ILSVRC2012_val_00034817.JPEG
191,glide,3051,GenImage_test/glide/test/nature/ILSVRC2012_val_00015169.JPEG
191,glide,3052,GenImage_test/glide/test/nature/ILSVRC2012_val_00013226.JPEG
191,glide,3053,GenImage_test/glide/test/ai/GLIDE_1000_200_07_751_glide_00074.png
191,glide,3054,GenImage_test/glide/test/ai/GLIDE_1000_200_04_495_glide_00074.png
191,glide,3055,GenImage_test/glide/test/ai/GLIDE_1000_200_00_092_glide_00039.png
191,glide,3056,GenImage_test/glide/test/nature/ILSVRC2012_val_00017345.JPEG
191,glide,3057,GenImage_test/glide/test/ai/GLIDE_1000_200_01_131_glide_00020.png
191,glide,3058,GenImage_test/glide/test/ai/GLIDE_1000_200_00_039_glide_00074.png
191,glide,3059,GenImage_test/glide/test/nature/ILSVRC2012_val_00030618.JPEG
191,glide,3060,GenImage_test/glide/test/ai/GLIDE_1000_200_03_395_glide_00039.png
191,glide,3061,GenImage_test/glide/test/ai/GLIDE_1000_200_08_839_glide_00127.png
191,glide,3062,GenImage_test/glide/test/ai/GLIDE_1000_200_09_923_glide_00127.png
191,glide,3063,GenImage_test/glide/test/nature/ILSVRC2012_val_00007032.JPEG
192,glide,3064,GenImage_test/glide/test/ai/GLIDE_1000_200_04_499_glide_00039.png
192,glide,3065,GenImage_test/glide/test/nature/ILSVRC2012_val_00008541.JPEG
192,glide,3066,GenImage_test/glide/test/ai/GLIDE_1000_200_05_545_glide_00143.png
192,glide,3067,GenImage_test/glide/test/ai/GLIDE_1000_200_05_510_glide_00039.png
192,glide,3068,GenImage_test/glide/test/nature/ILSVRC2012_val_00029782.JPEG
192,glide,3069,GenImage_test/glide/test/nature/ILSVRC2012_val_00049269.JPEG
192,glide,3070,GenImage_test/glide/test/nature/ILSVRC2012_val_00035049.JPEG
192,glide,3071,GenImage_test/glide/test/ai/GLIDE_1000_200_07_792_glide_00039.png
192,glide,3072,GenImage_test/glide/test/nature/ILSVRC2012_val_00022463.JPEG
192,glide,3073,GenImage_test/glide/test/nature/ILSVRC2012_val_00028185.JPEG
192,glide,3074,GenImage_test/glide/test/nature/ILSVRC2012_val_00005447.JPEG
192,glide,3075,GenImage_test/glide/test/ai/GLIDE_1000_200_06_604_glide_00035.png
192,glide,3076,GenImage_test/glide/test/nature/ILSVRC2012_val_00037712.JPEG
192,glide,3077,GenImage_test/glide/test/ai/GLIDE_1000_200_03_324_glide_00020.png
192,glide,3078,GenImage_test/glide/test/ai/GLIDE_1000_200_04_438_glide_00020.png
192,glide,3079,GenImage_test/glide/test/nature/ILSVRC2012_val_00008379.JPEG
193,glide,3080,GenImage_test/glide/test/ai/GLIDE_1000_200_04_451_glide_00035.png
193,glide,3081,GenImage_test/glide/test/ai/GLIDE_1000_200_02_289_glide_00039.png
193,glide,3082,GenImage_test/glide/test/nature/ILSVRC2012_val_00043426.JPEG
193,glide,3083,GenImage_test/glide/test/nature/ILSVRC2012_val_00035629.JPEG
193,glide,3084,GenImage_test/glide/test/ai/GLIDE_1000_200_00_013_glide_00020.png
193,glide,3085,GenImage_test/glide/test/ai/GLIDE_1000_200_03_380_glide_00074.png
193,glide,3086,GenImage_test/glide/test/ai/GLIDE_1000_200_02_245_glide_00127.png
193,glide,3087,GenImage_test/glide/test/nature/ILSVRC2012_val_00005241.JPEG
193,glide,3088,GenImage_test/glide/test/nature/ILSVRC2012_val_00025960.JPEG
193,glide,3089,GenImage_test/glide/test/ai/GLIDE_1000_200_08_825_glide_00020.png
193,glide,3090,GenImage_test/glide/test/ai/GLIDE_1000_200_04_442_glide_00020.png
193,glide,3091,GenImage_test/glide/test/ai/GLIDE_1000_200_06_618_glide_00020.png
193,glide,3092,GenImage_test/glide/test/ai/GLIDE_1000_200_03_379_glide_00143.png
193,glide,3093,GenImage_test/glide/test/nature/ILSVRC2012_val_00008998.JPEG
193,glide,3094,GenImage_test/glide/test/ai/GLIDE_1000_200_05_540_glide_00039.png
193,glide,3095,GenImage_test/glide/test/nature/ILSVRC2012_val_00001455.JPEG
194,glide,3096,GenImage_test/glide/test/nature/ILSVRC2012_val_00041980.JPEG
194,glide,3097,GenImage_test/glide/test/ai/GLIDE_1000_200_04_490_glide_00035.png
194,glide,3098,GenImage_test/glide/test/nature/ILSVRC2012_val_00020339.JPEG
194,glide,3099,GenImage_test/glide/test/nature/ILSVRC2012_val_00047156.JPEG
194,glide,3100,GenImage_test/glide/test/nature/ILSVRC2012_val_00002578.JPEG
194,glide,3101,GenImage_test/glide/test/ai/GLIDE_1000_200_04_400_glide_00035.png
194,glide,3102,GenImage_test/glide/test/ai/GLIDE_1000_200_00_021_glide_00035.png
194,glide,3103,GenImage_test/glide/test/nature/ILSVRC2012_val_00035246.JPEG
194,glide,3104,GenImage_test/glide/test/nature/ILSVRC2012_val_00016800.JPEG
194,glide,3105,GenImage_test/glide/test/ai/GLIDE_1000_200_00_075_glide_00020.png
194,glide,3106,GenImage_test/glide/test/nature/ILSVRC2012_val_00024448.JPEG
194,glide,3107,GenImage_test/glide/test/nature/ILSVRC2012_val_00021267.JPEG
194,glide,3108,GenImage_test/glide/test/nature/ILSVRC2012_val_00040768.JPEG
194,glide,3109,GenImage_test/glide/test/ai/GLIDE_1000_200_04_419_glide_00074.png
194,glide,3110,GenImage_test/glide/test/nature/ILSVRC2012_val_00042370.JPEG
194,glide,3111,GenImage_test/glide/test/ai/GLIDE_1000_200_03_381_glide_00039.png
195,glide,3112,GenImage_test/glide/test/nature/ILSVRC2012_val_00012277.JPEG
195,glide,3113,GenImage_test/glide/test/nature/ILSVRC2012_val_00020810.JPEG
195,glide,3114,GenImage_test/glide/test/ai/GLIDE_1000_200_03_386_glide_00039.png
195,glide,3115,GenImage_test/glide/test/ai/GLIDE_1000_200_00_097_glide_00035.png
195,glide,3116,GenImage_test/glide/test/nature/ILSVRC2012_val_00045130.JPEG
195,glide,3117,GenImage_test/glide/test/nature/ILSVRC2012_val_00047950.JPEG
195,glide,3118,GenImage_test/glide/test/ai/GLIDE_1000_200_00_039_glide_00127.png
195,glide,3119,GenImage_test/glide/test/ai/GLIDE_1000_200_03_314_glide_00020.png
195,glide,3120,GenImage_test/glide/test/ai/GLIDE_1000_200_00_074_glide_00143.png
195,glide,3121,GenImage_test/glide/test/ai/GLIDE_1000_200_07_758_glide_00035.png
195,glide,3122,GenImage_test/glide/test/nature/ILSVRC2012_val_00028484.JPEG
195,glide,3123,GenImage_test/glide/test/nature/ILSVRC2012_val_00035436.JPEG
195,glide,3124,GenImage_test/glide/test/ai/GLIDE_1000_200_02_280_glide_00127.png
195,glide,3125,GenImage_test/glide/test/ai/GLIDE_1000_200_07_767_glide_00035.png
195,glide,3126,GenImage_test/glide/test/ai/GLIDE_1000_200_09_945_glide_00127.png
195,glide,3127,GenImage_test/glide/test/ai/GLIDE_1000_200_04_481_glide_00143.png
196,glide,3128,GenImage_test/glide/test/nature/ILSVRC2012_val_00040479.JPEG
196,glide,3129,GenImage_test/glide/test/ai/GLIDE_1000_200_01_191_glide_00039.png
196,glide,3130,GenImage_test/glide/test/nature/ILSVRC2012_val_00029029.JPEG
196,glide,3131,GenImage_test/glide/test/ai/GLIDE_1000_200_01_166_glide_00143.png
196,glide,3132,GenImage_test/glide/test/ai/GLIDE_1000_200_06_615_glide_00143.png
196,glide,3133,GenImage_test/glide/test/ai/GLIDE_1000_200_04_497_glide_00127.png
196,glide,3134,GenImage_test/glide/test/ai/GLIDE_1000_200_07_767_glide_00143.png
196,glide,3135,GenImage_test/glide/test/ai/GLIDE_1000_200_05_552_glide_00127.png
196,glide,3136,GenImage_test/glide/test/ai/GLIDE_1000_200_08_852_glide_00074.png
196,glide,3137,GenImage_test/glide/test/nature/ILSVRC2012_val_00043249.JPEG
196,glide,3138,GenImage_test/glide/test/nature/ILSVRC2012_val_00034382.JPEG
196,glide,3139,GenImage_test/glide/test/ai/GLIDE_1000_200_06_668_glide_00035.png
196,glide,3140,GenImage_test/glide/test/ai/GLIDE_1000_200_05_542_glide_00039.png
196,glide,3141,GenImage_test/glide/test/ai/GLIDE_1000_200_09_922_glide_00035.png
196,glide,3142,GenImage_test/glide/test/nature/ILSVRC2012_val_00048658.JPEG
196,glide,3143,GenImage_test/glide/test/nature/ILSVRC2012_val_00020158.JPEG
197,glide,3144,GenImage_test/glide/test/ai/GLIDE_1000_200_00_049_glide_00039.png
197,glide,3145,GenImage_test/glide/test/nature/ILSVRC2012_val_00025385.JPEG
197,glide,3146,GenImage_test/glide/test/nature/ILSVRC2012_val_00040622.JPEG
197,glide,3147,GenImage_test/glide/test/nature/ILSVRC2012_val_00039111.JPEG
197,glide,3148,GenImage_test/glide/test/nature/ILSVRC2012_val_00044808.JPEG
197,glide,3149,GenImage_test/glide/test/ai/GLIDE_1000_200_00_063_glide_00020.png
197,glide,3150,GenImage_test/glide/test/ai/GLIDE_1000_200_05_571_glide_00143.png
197,glide,3151,GenImage_test/glide/test/nature/ILSVRC2012_val_00011709.JPEG
197,glide,3152,GenImage_test/glide/test/ai/GLIDE_1000_200_07_743_glide_00039.png
197,glide,3153,GenImage_test/glide/test/nature/ILSVRC2012_val_00015537.JPEG
197,glide,3154,GenImage_test/glide/test/ai/GLIDE_1000_200_05_529_glide_00127.png
197,glide,3155,GenImage_test/glide/test/nature/ILSVRC2012_val_00032701.JPEG
197,glide,3156,GenImage_test/glide/test/nature/ILSVRC2012_val_00033241.JPEG
197,glide,3157,GenImage_test/glide/test/nature/ILSVRC2012_val_00000270.JPEG
197,glide,3158,GenImage_test/glide/test/nature/ILSVRC2012_val_00029055.JPEG
197,glide,3159,GenImage_test/glide/test/nature/ILSVRC2012_val_00034763.JPEG
198,glide,3160,GenImage_test/glide/test/nature/ILSVRC2012_val_00048112.JPEG
198,glide,3161,GenImage_test/glide/test/nature/ILSVRC2012_val_00028788.JPEG
198,glide,3162,GenImage_test/glide/test/ai/GLIDE_1000_200_02_259_glide_00143.png
198,glide,3163,GenImage_test/glide/test/ai/GLIDE_1000_200_06_609_glide_00127.png
198,glide,3164,GenImage_test/glide/test/nature/ILSVRC2012_val_00012644.JPEG
198,glide,3165,GenImage_test/glide/test/ai/GLIDE_1000_200_08_820_glide_00020.png
198,glide,3166,GenImage_test/glide/test/ai/GLIDE_1000_200_01_109_glide_00035.png
198,glide,3167,GenImage_test/glide/test/nature/ILSVRC2012_val_00018725.JPEG
198,glide,3168,GenImage_test/glide/test/nature/ILSVRC2012_val_00044712.JPEG
198,glide,3169,GenImage_test/glide/test/ai/GLIDE_1000_200_03_330_glide_00039.png
198,glide,3170,GenImage_test/glide/test/nature/ILSVRC2012_val_00007473.JPEG
198,glide,3171,GenImage_test/glide/test/nature/ILSVRC2012_val_00018555.JPEG
198,glide,3172,GenImage_test/glide/test/ai/GLIDE_1000_200_09_940_glide_00020.png
198,glide,3173,GenImage_test/glide/test/ai/GLIDE_1000_200_00_032_glide_00127.png
198,glide,3174,GenImage_test/glide/test/nature/ILSVRC2012_val_00018167.JPEG
198,glide,3175,GenImage_test/glide/test/nature/ILSVRC2012_val_00044997.JPEG
199,glide,3176,GenImage_test/glide/test/nature/ILSVRC2012_val_00034551.JPEG
199,glide,3177,GenImage_test/glide/test/nature/ILSVRC2012_val_00046783.JPEG
199,glide,3178,GenImage_test/glide/test/ai/GLIDE_1000_200_02_277_glide_00020.png
199,glide,3179,GenImage_test/glide/test/nature/ILSVRC2012_val_00042861.JPEG
199,glide,3180,GenImage_test/glide/test/ai/GLIDE_1000_200_00_047_glide_00143.png
199,glide,3181,GenImage_test/glide/test/ai/GLIDE_1000_200_07_723_glide_00127.png
199,glide,3182,GenImage_test/glide/test/nature/ILSVRC2012_val_00016343.JPEG
199,glide,3183,GenImage_test/glide/test/ai/GLIDE_1000_200_01_192_glide_00020.png
199,glide,3184,GenImage_test/glide/test/nature/ILSVRC2012_val_00039336.JPEG
199,glide,3185,GenImage_test/glide/test/ai/GLIDE_1000_200_09_913_glide_00039.png
199,glide,3186,GenImage_test/glide/test/ai/GLIDE_1000_200_09_977_glide_00143.png
199,glide,3187,GenImage_test/glide/test/ai/GLIDE_1000_200_06_618_glide_00143.png
199,glide,3188,GenImage_test/glide/test/ai/GLIDE_1000_200_07_754_glide_00039.png
199,glide,3189,GenImage_test/glide/test/ai/GLIDE_1000_200_09_907_glide_00020.png
199,glide,3190,GenImage_test/glide/test/nature/ILSVRC2012_val_00024554.JPEG
199,glide,3191,GenImage_test/glide/test/nature/ILSVRC2012_val_00033960.JPEG
200,glide,3192,GenImage_test/glide/test/nature/ILSVRC2012_val_00033902.JPEG
200,glide,3193,GenImage_test/glide/test/ai/GLIDE_1000_200_07_718_glide_00143.png
200,glide,3194,GenImage_test/glide/test/ai/GLIDE_1000_200_08_833_glide_00127.png
200,glide,3195,GenImage_test/glide/test/ai/GLIDE_1000_200_01_128_glide_00074.png
200,glide,3196,GenImage_test/glide/test/ai/GLIDE_1000_200_07_705_glide_00020.png
200,glide,3197,GenImage_test/glide/test/nature/ILSVRC2012_val_00008812.JPEG
200,glide,3198,GenImage_test/glide/test/nature/ILSVRC2012_val_00044246.JPEG
200,glide,3199,GenImage_test/glide/test/nature/ILSVRC2012_val_00022424.JPEG
200,glide,3200,GenImage_test/glide/test/ai/GLIDE_1000_200_08_872_glide_00143.png
200,glide,3201,GenImage_test/glide/test/ai/GLIDE_1000_200_05_523_glide_00020.png
200,glide,3202,GenImage_test/glide/test/nature/ILSVRC2012_val_00016790.JPEG
200,glide,3203,GenImage_test/glide/test/ai/GLIDE_1000_200_07_791_glide_00127.png
200,glide,3204,GenImage_test/glide/test/ai/GLIDE_1000_200_07_708_glide_00039.png
200,glide,3205,GenImage_test/glide/test/ai/GLIDE_1000_200_07_759_glide_00020.png
200,glide,3206,GenImage_test/glide/test/nature/ILSVRC2012_val_00018628.JPEG
200,glide,3207,GenImage_test/glide/test/ai/GLIDE_1000_200_07_761_glide_00143.png
201,glide,3208,GenImage_test/glide/test/ai/GLIDE_1000_200_06_635_glide_00035.png
201,glide,3209,GenImage_test/glide/test/nature/ILSVRC2012_val_00049661.JPEG
201,glide,3210,GenImage_test/glide/test/nature/ILSVRC2012_val_00038602.JPEG
201,glide,3211,GenImage_test/glide/test/ai/GLIDE_1000_200_05_598_glide_00020.png
201,glide,3212,GenImage_test/glide/test/nature/ILSVRC2012_val_00045215.JPEG
201,glide,3213,GenImage_test/glide/test/nature/ILSVRC2012_val_00015573.JPEG
201,glide,3214,GenImage_test/glide/test/ai/GLIDE_1000_200_08_821_glide_00143.png
201,glide,3215,GenImage_test/glide/test/ai/GLIDE_1000_200_00_003_glide_00035.png
201,glide,3216,GenImage_test/glide/test/ai/GLIDE_1000_200_00_074_glide_00127.png
201,glide,3217,GenImage_test/glide/test/ai/GLIDE_1000_200_06_623_glide_00039.png
201,glide,3218,GenImage_test/glide/test/nature/ILSVRC2012_val_00000552.JPEG
201,glide,3219,GenImage_test/glide/test/ai/GLIDE_1000_200_01_138_glide_00035.png
201,glide,3220,GenImage_test/glide/test/nature/ILSVRC2012_val_00033371.JPEG
201,glide,3221,GenImage_test/glide/test/nature/ILSVRC2012_val_00035678.JPEG
201,glide,3222,GenImage_test/glide/test/ai/GLIDE_1000_200_04_429_glide_00039.png
201,glide,3223,GenImage_test/glide/test/ai/GLIDE_1000_200_06_650_glide_00127.png
202,glide,3224,GenImage_test/glide/test/nature/ILSVRC2012_val_00005734.JPEG
202,glide,3225,GenImage_test/glide/test/nature/ILSVRC2012_val_00044638.JPEG
202,glide,3226,GenImage_test/glide/test/nature/ILSVRC2012_val_00035128.JPEG
202,glide,3227,GenImage_test/glide/test/nature/ILSVRC2012_val_00038765.JPEG
202,glide,3228,GenImage_test/glide/test/ai/GLIDE_1000_200_09_905_glide_00127.png
202,glide,3229,GenImage_test/glide/test/nature/ILSVRC2012_val_00041064.JPEG
202,glide,3230,GenImage_test/glide/test/ai/GLIDE_1000_200_06_625_glide_00127.png
202,glide,3231,GenImage_test/glide/test/ai/GLIDE_1000_200_08_832_glide_00127.png
202,glide,3232,GenImage_test/glide/test/ai/GLIDE_1000_200_06_608_glide_00020.png
202,glide,3233,GenImage_test/glide/test/ai/GLIDE_1000_200_05_515_glide_00074.png
202,glide,3234,GenImage_test/glide/test/ai/GLIDE_1000_200_00_094_glide_00074.png
202,glide,3235,GenImage_test/glide/test/nature/ILSVRC2012_val_00048076.JPEG
202,glide,3236,GenImage_test/glide/test/nature/ILSVRC2012_val_00021620.JPEG
202,glide,3237,GenImage_test/glide/test/nature/ILSVRC2012_val_00022292.JPEG
202,glide,3238,GenImage_test/glide/test/ai/GLIDE_1000_200_03_315_glide_00039.png
202,glide,3239,GenImage_test/glide/test/ai/GLIDE_1000_200_05_562_glide_00143.png
203,glide,3240,GenImage_test/glide/test/nature/ILSVRC2012_val_00021495.JPEG
203,glide,3241,GenImage_test/glide/test/nature/ILSVRC2012_val_00022941.JPEG
203,glide,3242,GenImage_test/glide/test/ai/GLIDE_1000_200_04_465_glide_00127.png
203,glide,3243,GenImage_test/glide/test/nature/ILSVRC2012_val_00035018.JPEG
203,glide,3244,GenImage_test/glide/test/ai/GLIDE_1000_200_05_557_glide_00074.png
203,glide,3245,GenImage_test/glide/test/ai/GLIDE_1000_200_02_221_glide_00074.png
203,glide,3246,GenImage_test/glide/test/nature/ILSVRC2012_val_00014035.JPEG
203,glide,3247,GenImage_test/glide/test/nature/ILSVRC2012_val_00016676.JPEG
203,glide,3248,GenImage_test/glide/test/nature/ILSVRC2012_val_00049534.JPEG
203,glide,3249,GenImage_test/glide/test/nature/ILSVRC2012_val_00031415.JPEG
203,glide,3250,GenImage_test/glide/test/nature/ILSVRC2012_val_00040452.JPEG
203,glide,3251,GenImage_test/glide/test/nature/ILSVRC2012_val_00019440.JPEG
203,glide,3252,GenImage_test/glide/test/ai/GLIDE_1000_200_02_289_glide_00020.png
203,glide,3253,GenImage_test/glide/test/nature/ILSVRC2012_val_00026400.JPEG
203,glide,3254,GenImage_test/glide/test/ai/GLIDE_1000_200_07_799_glide_00020.png
203,glide,3255,GenImage_test/glide/test/nature/ILSVRC2012_val_00048787.JPEG
204,glide,3256,GenImage_test/glide/test/nature/ILSVRC2012_val_00049356.JPEG
204,glide,3257,GenImage_test/glide/test/nature/ILSVRC2012_val_00044958.JPEG
204,glide,3258,GenImage_test/glide/test/nature/ILSVRC2012_val_00028802.JPEG
204,glide,3259,GenImage_test/glide/test/ai/GLIDE_1000_200_02_241_glide_00020.png
204,glide,3260,GenImage_test/glide/test/ai/GLIDE_1000_200_06_628_glide_00035.png
204,glide,3261,GenImage_test/glide/test/ai/GLIDE_1000_200_04_492_glide_00020.png
204,glide,3262,GenImage_test/glide/test/ai/GLIDE_1000_200_01_192_glide_00127.png
204,glide,3263,GenImage_test/glide/test/nature/ILSVRC2012_val_00005852.JPEG
204,glide,3264,GenImage_test/glide/test/ai/GLIDE_1000_200_04_451_glide_00074.png
204,glide,3265,GenImage_test/glide/test/ai/GLIDE_1000_200_02_217_glide_00143.png
204,glide,3266,GenImage_test/glide/test/ai/GLIDE_1000_200_04_454_glide_00127.png
204,glide,3267,GenImage_test/glide/test/nature/ILSVRC2012_val_00026348.JPEG
204,glide,3268,GenImage_test/glide/test/nature/ILSVRC2012_val_00010831.JPEG
204,glide,3269,GenImage_test/glide/test/ai/GLIDE_1000_200_07_739_glide_00020.png
204,glide,3270,GenImage_test/glide/test/ai/GLIDE_1000_200_06_668_glide_00127.png
204,glide,3271,GenImage_test/glide/test/nature/ILSVRC2012_val_00021820.JPEG
205,glide,3272,GenImage_test/glide/test/nature/ILSVRC2012_val_00038818.JPEG
205,glide,3273,GenImage_test/glide/test/nature/ILSVRC2012_val_00022661.JPEG
205,glide,3274,GenImage_test/glide/test/nature/ILSVRC2012_val_00048767.JPEG
205,glide,3275,GenImage_test/glide/test/nature/ILSVRC2012_val_00000452.JPEG
205,glide,3276,GenImage_test/glide/test/nature/ILSVRC2012_val_00031611.JPEG
205,glide,3277,GenImage_test/glide/test/ai/GLIDE_1000_200_01_184_glide_00035.png
205,glide,3278,GenImage_test/glide/test/ai/GLIDE_1000_200_06_676_glide_00020.png
205,glide,3279,GenImage_test/glide/test/ai/GLIDE_1000_200_08_866_glide_00074.png
205,glide,3280,GenImage_test/glide/test/nature/ILSVRC2012_val_00046940.JPEG
205,glide,3281,GenImage_test/glide/test/ai/GLIDE_1000_200_09_980_glide_00039.png
205,glide,3282,GenImage_test/glide/test/ai/GLIDE_1000_200_06_633_glide_00035.png
205,glide,3283,GenImage_test/glide/test/ai/GLIDE_1000_200_05_544_glide_00039.png
205,glide,3284,GenImage_test/glide/test/ai/GLIDE_1000_200_03_337_glide_00074.png
205,glide,3285,GenImage_test/glide/test/nature/ILSVRC2012_val_00037888.JPEG
205,glide,3286,GenImage_test/glide/test/nature/ILSVRC2012_val_00038975.JPEG
205,glide,3287,GenImage_test/glide/test/nature/ILSVRC2012_val_00043785.JPEG
206,glide,3288,GenImage_test/glide/test/ai/GLIDE_1000_200_04_412_glide_00035.png
206,glide,3289,GenImage_test/glide/test/ai/GLIDE_1000_200_04_413_glide_00020.png
206,glide,3290,GenImage_test/glide/test/nature/ILSVRC2012_val_00009953.JPEG
206,glide,3291,GenImage_test/glide/test/nature/ILSVRC2012_val_00029827.JPEG
206,glide,3292,GenImage_test/glide/test/ai/GLIDE_1000_200_02_269_glide_00035.png
206,glide,3293,GenImage_test/glide/test/ai/GLIDE_1000_200_01_109_glide_00127.png
206,glide,3294,GenImage_test/glide/test/nature/ILSVRC2012_val_00042929.JPEG
206,glide,3295,GenImage_test/glide/test/ai/GLIDE_1000_200_02_266_glide_00143.png
206,glide,3296,GenImage_test/glide/test/nature/ILSVRC2012_val_00013795.JPEG
206,glide,3297,GenImage_test/glide/test/ai/GLIDE_1000_200_02_256_glide_00035.png
206,glide,3298,GenImage_test/glide/test/nature/ILSVRC2012_val_00009943.JPEG
206,glide,3299,GenImage_test/glide/test/ai/GLIDE_1000_200_01_138_glide_00143.png
206,glide,3300,GenImage_test/glide/test/ai/GLIDE_1000_200_09_971_glide_00143.png
206,glide,3301,GenImage_test/glide/test/ai/GLIDE_1000_200_05_518_glide_00020.png
206,glide,3302,GenImage_test/glide/test/ai/GLIDE_1000_200_06_670_glide_00074.png
206,glide,3303,GenImage_test/glide/test/nature/ILSVRC2012_val_00036900.JPEG
207,glide,3304,GenImage_test/glide/test/nature/ILSVRC2012_val_00005448.JPEG
207,glide,3305,GenImage_test/glide/test/ai/GLIDE_1000_200_09_963_glide_00127.png
207,glide,3306,GenImage_test/glide/test/ai/GLIDE_1000_200_05_508_glide_00127.png
207,glide,3307,GenImage_test/glide/test/nature/ILSVRC2012_val_00010080.JPEG
207,glide,3308,GenImage_test/glide/test/ai/GLIDE_1000_200_02_220_glide_00143.png
207,glide,3309,GenImage_test/glide/test/ai/GLIDE_1000_200_03_373_glide_00039.png
207,glide,3310,GenImage_test/glide/test/ai/GLIDE_1000_200_04_402_glide_00127.png
207,glide,3311,GenImage_test/glide/test/ai/GLIDE_1000_200_01_110_glide_00039.png
207,glide,3312,GenImage_test/glide/test/ai/GLIDE_1000_200_05_524_glide_00143.png
207,glide,3313,GenImage_test/glide/test/ai/GLIDE_1000_200_01_123_glide_00074.png
207,glide,3314,GenImage_test/glide/test/nature/ILSVRC2012_val_00033277.JPEG
207,glide,3315,GenImage_test/glide/test/nature/ILSVRC2012_val_00018902.JPEG
207,glide,3316,GenImage_test/glide/test/nature/ILSVRC2012_val_00048989.JPEG
207,glide,3317,GenImage_test/glide/test/nature/ILSVRC2012_val_00011921.JPEG
207,glide,3318,GenImage_test/glide/test/ai/GLIDE_1000_200_02_224_glide_00127.png
207,glide,3319,GenImage_test/glide/test/ai/GLIDE_1000_200_09_987_glide_00143.png
208,glide,3320,GenImage_test/glide/test/nature/ILSVRC2012_val_00029586.JPEG
208,glide,3321,GenImage_test/glide/test/ai/GLIDE_1000_200_01_105_glide_00074.png
208,glide,3322,GenImage_test/glide/test/nature/ILSVRC2012_val_00031420.JPEG
208,glide,3323,GenImage_test/glide/test/nature/ILSVRC2012_val_00032464.JPEG
208,glide,3324,GenImage_test/glide/test/nature/ILSVRC2012_val_00040635.JPEG
208,glide,3325,GenImage_test/glide/test/nature/ILSVRC2012_val_00017473.JPEG
208,glide,3326,GenImage_test/glide/test/nature/ILSVRC2012_val_00020121.JPEG
208,glide,3327,GenImage_test/glide/test/nature/ILSVRC2012_val_00013517.JPEG
208,glide,3328,GenImage_test/glide/test/ai/GLIDE_1000_200_00_002_glide_00127.png
208,glide,3329,GenImage_test/glide/test/ai/GLIDE_1000_200_05_525_glide_00074.png
208,glide,3330,GenImage_test/glide/test/nature/ILSVRC2012_val_00027141.JPEG
208,glide,3331,GenImage_test/glide/test/nature/ILSVRC2012_val_00022017.JPEG
208,glide,3332,GenImage_test/glide/test/nature/ILSVRC2012_val_00002871.JPEG
208,glide,3333,GenImage_test/glide/test/ai/GLIDE_1000_200_05_573_glide_00039.png
208,glide,3334,GenImage_test/glide/test/ai/GLIDE_1000_200_01_179_glide_00127.png
208,glide,3335,GenImage_test/glide/test/nature/ILSVRC2012_val_00005529.JPEG
209,glide,3336,GenImage_test/glide/test/nature/ILSVRC2012_val_00039878.JPEG
209,glide,3337,GenImage_test/glide/test/ai/GLIDE_1000_200_04_442_glide_00143.png
209,glide,3338,GenImage_test/glide/test/nature/ILSVRC2012_val_00016392.JPEG
209,glide,3339,GenImage_test/glide/test/ai/GLIDE_1000_200_00_076_glide_00127.png
209,glide,3340,GenImage_test/glide/test/ai/GLIDE_1000_200_01_124_glide_00039.png
209,glide,3341,GenImage_test/glide/test/nature/ILSVRC2012_val_00041627.JPEG
209,glide,3342,GenImage_test/glide/test/ai/GLIDE_1000_200_05_586_glide_00074.png
209,glide,3343,GenImage_test/glide/test/nature/ILSVRC2012_val_00046244.JPEG
209,glide,3344,GenImage_test/glide/test/ai/GLIDE_1000_200_07_753_glide_00074.png
209,glide,3345,GenImage_test/glide/test/ai/GLIDE_1000_200_08_844_glide_00039.png
209,glide,3346,GenImage_test/glide/test/nature/ILSVRC2012_val_00043492.JPEG
209,glide,3347,GenImage_test/glide/test/ai/GLIDE_1000_200_05_556_glide_00020.png
209,glide,3348,GenImage_test/glide/test/nature/ILSVRC2012_val_00017568.JPEG
209,glide,3349,GenImage_test/glide/test/ai/GLIDE_1000_200_01_155_glide_00143.png
209,glide,3350,GenImage_test/glide/test/ai/GLIDE_1000_200_08_888_glide_00074.png
209,glide,3351,GenImage_test/glide/test/nature/ILSVRC2012_val_00020975.JPEG
210,glide,3352,GenImage_test/glide/test/ai/GLIDE_1000_200_05_578_glide_00074.png
210,glide,3353,GenImage_test/glide/test/nature/ILSVRC2012_val_00020291.JPEG
210,glide,3354,GenImage_test/glide/test/nature/ILSVRC2012_val_00043674.JPEG
210,glide,3355,GenImage_test/glide/test/ai/GLIDE_1000_200_02_261_glide_00143.png
210,glide,3356,GenImage_test/glide/test/nature/ILSVRC2012_val_00010880.JPEG
210,glide,3357,GenImage_test/glide/test/ai/GLIDE_1000_200_06_651_glide_00143.png
210,glide,3358,GenImage_test/glide/test/ai/GLIDE_1000_200_00_019_glide_00127.png
210,glide,3359,GenImage_test/glide/test/ai/GLIDE_1000_200_02_234_glide_00074.png
210,glide,3360,GenImage_test/glide/test/nature/ILSVRC2012_val_00027136.JPEG
210,glide,3361,GenImage_test/glide/test/nature/ILSVRC2012_val_00023903.JPEG
210,glide,3362,GenImage_test/glide/test/ai/GLIDE_1000_200_06_647_glide_00127.png
210,glide,3363,GenImage_test/glide/test/ai/GLIDE_1000_200_00_027_glide_00127.png
210,glide,3364,GenImage_test/glide/test/nature/ILSVRC2012_val_00031932.JPEG
210,glide,3365,GenImage_test/glide/test/ai/GLIDE_1000_200_05_591_glide_00035.png
210,glide,3366,GenImage_test/glide/test/nature/ILSVRC2012_val_00015922.JPEG
210,glide,3367,GenImage_test/glide/test/ai/GLIDE_1000_200_08_810_glide_00020.png
211,glide,3368,GenImage_test/glide/test/ai/GLIDE_1000_200_00_069_glide_00039.png
211,glide,3369,GenImage_test/glide/test/ai/GLIDE_1000_200_03_382_glide_00074.png
211,glide,3370,GenImage_test/glide/test/nature/ILSVRC2012_val_00020979.JPEG
211,glide,3371,GenImage_test/glide/test/nature/ILSVRC2012_val_00016102.JPEG
211,glide,3372,GenImage_test/glide/test/nature/ILSVRC2012_val_00029969.JPEG
211,glide,3373,GenImage_test/glide/test/nature/ILSVRC2012_val_00024031.JPEG
211,glide,3374,GenImage_test/glide/test/nature/ILSVRC2012_val_00009468.JPEG
211,glide,3375,GenImage_test/glide/test/nature/ILSVRC2012_val_00017904.JPEG
211,glide,3376,GenImage_test/glide/test/ai/GLIDE_1000_200_01_112_glide_00127.png
211,glide,3377,GenImage_test/glide/test/nature/ILSVRC2012_val_00000054.JPEG
211,glide,3378,GenImage_test/glide/test/nature/ILSVRC2012_val_00027839.JPEG
211,glide,3379,GenImage_test/glide/test/nature/ILSVRC2012_val_00019488.JPEG
211,glide,3380,GenImage_test/glide/test/nature/ILSVRC2012_val_00028321.JPEG
211,glide,3381,GenImage_test/glide/test/ai/GLIDE_1000_200_09_994_glide_00020.png
211,glide,3382,GenImage_test/glide/test/ai/GLIDE_1000_200_03_338_glide_00020.png
211,glide,3383,GenImage_test/glide/test/nature/ILSVRC2012_val_00024970.JPEG
212,glide,3384,GenImage_test/glide/test/nature/ILSVRC2012_val_00020700.JPEG
212,glide,3385,GenImage_test/glide/test/nature/ILSVRC2012_val_00010549.JPEG
212,glide,3386,GenImage_test/glide/test/nature/ILSVRC2012_val_00033451.JPEG
212,glide,3387,GenImage_test/glide/test/ai/GLIDE_1000_200_00_083_glide_00143.png
212,glide,3388,GenImage_test/glide/test/ai/GLIDE_1000_200_08_885_glide_00035.png
212,glide,3389,GenImage_test/glide/test/nature/ILSVRC2012_val_00040169.JPEG
212,glide,3390,GenImage_test/glide/test/ai/GLIDE_1000_200_01_105_glide_00143.png
212,glide,3391,GenImage_test/glide/test/nature/ILSVRC2012_val_00046398.JPEG
212,glide,3392,GenImage_test/glide/test/nature/ILSVRC2012_val_00023026.JPEG
212,glide,3393,GenImage_test/glide/test/nature/ILSVRC2012_val_00045929.JPEG
212,glide,3394,GenImage_test/glide/test/ai/GLIDE_1000_200_06_635_glide_00020.png
212,glide,3395,GenImage_test/glide/test/nature/ILSVRC2012_val_00012219.JPEG
212,glide,3396,GenImage_test/glide/test/nature/ILSVRC2012_val_00004961.JPEG
212,glide,3397,GenImage_test/glide/test/nature/ILSVRC2012_val_00027143.JPEG
212,glide,3398,GenImage_test/glide/test/ai/GLIDE_1000_200_03_304_glide_00127.png
212,glide,3399,GenImage_test/glide/test/nature/ILSVRC2012_val_00002496.JPEG
213,glide,3400,GenImage_test/glide/test/nature/ILSVRC2012_val_00036567.JPEG
213,glide,3401,GenImage_test/glide/test/nature/ILSVRC2012_val_00006996.JPEG
213,glide,3402,GenImage_test/glide/test/ai/GLIDE_1000_200_03_347_glide_00143.png
213,glide,3403,GenImage_test/glide/test/ai/GLIDE_1000_200_07_792_glide_00074.png
213,glide,3404,GenImage_test/glide/test/nature/ILSVRC2012_val_00046670.JPEG
213,glide,3405,GenImage_test/glide/test/ai/GLIDE_1000_200_00_065_glide_00074.png
213,glide,3406,GenImage_test/glide/test/ai/GLIDE_1000_200_03_375_glide_00020.png
213,glide,3407,GenImage_test/glide/test/nature/ILSVRC2012_val_00007482.JPEG
213,glide,3408,GenImage_test/glide/test/nature/ILSVRC2012_val_00046329.JPEG
213,glide,3409,GenImage_test/glide/test/nature/ILSVRC2012_val_00026581.JPEG
213,glide,3410,GenImage_test/glide/test/ai/GLIDE_1000_200_02_295_glide_00020.png
213,glide,3411,GenImage_test/glide/test/ai/GLIDE_1000_200_03_307_glide_00035.png
213,glide,3412,GenImage_test/glide/test/ai/GLIDE_1000_200_09_972_glide_00127.png
213,glide,3413,GenImage_test/glide/test/nature/ILSVRC2012_val_00005851.JPEG
213,glide,3414,GenImage_test/glide/test/nature/ILSVRC2012_val_00033269.JPEG
213,glide,3415,GenImage_test/glide/test/nature/ILSVRC2012_val_00048424.JPEG
214,glide,3416,GenImage_test/glide/test/nature/ILSVRC2012_val_00039838.JPEG
214,glide,3417,GenImage_test/glide/test/nature/ILSVRC2012_val_00035559.JPEG
214,glide,3418,GenImage_test/glide/test/nature/ILSVRC2012_val_00045332.JPEG
214,glide,3419,GenImage_test/glide/test/nature/ILSVRC2012_val_00020930.JPEG
214,glide,3420,GenImage_test/glide/test/nature/ILSVRC2012_val_00049324.JPEG
214,glide,3421,GenImage_test/glide/test/nature/ILSVRC2012_val_00037194.JPEG
214,glide,3422,GenImage_test/glide/test/nature/ILSVRC2012_val_00029593.JPEG
214,glide,3423,GenImage_test/glide/test/ai/GLIDE_1000_200_02_218_glide_00039.png
214,glide,3424,GenImage_test/glide/test/ai/GLIDE_1000_200_05_520_glide_00039.png
214,glide,3425,GenImage_test/glide/test/ai/GLIDE_1000_200_00_082_glide_00074.png
214,glide,3426,GenImage_test/glide/test/nature/ILSVRC2012_val_00039334.JPEG
214,glide,3427,GenImage_test/glide/test/nature/ILSVRC2012_val_00021720.JPEG
214,glide,3428,GenImage_test/glide/test/ai/GLIDE_1000_200_00_011_glide_00020.png
214,glide,3429,GenImage_test/glide/test/nature/ILSVRC2012_val_00024131.JPEG
214,glide,3430,GenImage_test/glide/test/ai/GLIDE_1000_200_09_913_glide_00035.png
214,glide,3431,GenImage_test/glide/test/nature/ILSVRC2012_val_00038022.JPEG
215,glide,3432,GenImage_test/glide/test/ai/GLIDE_1000_200_00_043_glide_00035.png
215,glide,3433,GenImage_test/glide/test/ai/GLIDE_1000_200_05_535_glide_00039.png
215,glide,3434,GenImage_test/glide/test/ai/GLIDE_1000_200_08_848_glide_00074.png
215,glide,3435,GenImage_test/glide/test/ai/GLIDE_1000_200_00_031_glide_00035.png
215,glide,3436,GenImage_test/glide/test/ai/GLIDE_1000_200_01_108_glide_00074.png
215,glide,3437,GenImage_test/glide/test/ai/GLIDE_1000_200_04_401_glide_00035.png
215,glide,3438,GenImage_test/glide/test/nature/ILSVRC2012_val_00013717.JPEG
215,glide,3439,GenImage_test/glide/test/nature/ILSVRC2012_val_00028999.JPEG
215,glide,3440,GenImage_test/glide/test/ai/GLIDE_1000_200_04_471_glide_00020.png
215,glide,3441,GenImage_test/glide/test/nature/ILSVRC2012_val_00003176.JPEG
215,glide,3442,GenImage_test/glide/test/nature/ILSVRC2012_val_00017388.JPEG
215,glide,3443,GenImage_test/glide/test/ai/GLIDE_1000_200_00_042_glide_00039.png
215,glide,3444,GenImage_test/glide/test/nature/ILSVRC2012_val_00033025.JPEG
215,glide,3445,GenImage_test/glide/test/nature/ILSVRC2012_val_00045318.JPEG
215,glide,3446,GenImage_test/glide/test/nature/ILSVRC2012_val_00032379.JPEG
215,glide,3447,GenImage_test/glide/test/nature/ILSVRC2012_val_00017147.JPEG
216,glide,3448,GenImage_test/glide/test/nature/ILSVRC2012_val_00042084.JPEG
216,glide,3449,GenImage_test/glide/test/nature/ILSVRC2012_val_00031274.JPEG
216,glide,3450,GenImage_test/glide/test/ai/GLIDE_1000_200_06_692_glide_00020.png
216,glide,3451,GenImage_test/glide/test/ai/GLIDE_1000_200_04_419_glide_00020.png
216,glide,3452,GenImage_test/glide/test/ai/GLIDE_1000_200_03_384_glide_00127.png
216,glide,3453,GenImage_test/glide/test/nature/ILSVRC2012_val_00039962.JPEG
216,glide,3454,GenImage_test/glide/test/nature/ILSVRC2012_val_00001008.JPEG
216,glide,3455,GenImage_test/glide/test/ai/GLIDE_1000_200_00_096_glide_00039.png
216,glide,3456,GenImage_test/glide/test/ai/GLIDE_1000_200_04_438_glide_00143.png
216,glide,3457,GenImage_test/glide/test/ai/GLIDE_1000_200_06_699_glide_00039.png
216,glide,3458,GenImage_test/glide/test/nature/ILSVRC2012_val_00025638.JPEG
216,glide,3459,GenImage_test/glide/test/ai/GLIDE_1000_200_09_902_glide_00035.png
216,glide,3460,GenImage_test/glide/test/ai/GLIDE_1000_200_09_993_glide_00035.png
216,glide,3461,GenImage_test/glide/test/ai/GLIDE_1000_200_05_511_glide_00074.png
216,glide,3462,GenImage_test/glide/test/nature/ILSVRC2012_val_00016051.JPEG
216,glide,3463,GenImage_test/glide/test/ai/GLIDE_1000_200_02_232_glide_00143.png
217,glide,3464,GenImage_test/glide/test/ai/GLIDE_1000_200_06_600_glide_00143.png
217,glide,3465,GenImage_test/glide/test/nature/ILSVRC2012_val_00041191.JPEG
217,glide,3466,GenImage_test/glide/test/ai/GLIDE_1000_200_09_968_glide_00039.png
217,glide,3467,GenImage_test/glide/test/ai/GLIDE_1000_200_06_611_glide_00143.png
217,glide,3468,GenImage_test/glide/test/nature/ILSVRC2012_val_00038329.JPEG
217,glide,3469,GenImage_test/glide/test/nature/ILSVRC2012_val_00042672.JPEG
217,glide,3470,GenImage_test/glide/test/nature/ILSVRC2012_val_00000034.JPEG
217,glide,3471,GenImage_test/glide/test/nature/ILSVRC2012_val_00038375.JPEG
217,glide,3472,GenImage_test/glide/test/ai/GLIDE_1000_200_06_662_glide_00035.png
217,glide,3473,GenImage_test/glide/test/nature/ILSVRC2012_val_00011000.JPEG
217,glide,3474,GenImage_test/glide/test/nature/ILSVRC2012_val_00032203.JPEG
217,glide,3475,GenImage_test/glide/test/nature/ILSVRC2012_val_00012049.JPEG
217,glide,3476,GenImage_test/glide/test/ai/GLIDE_1000_200_04_487_glide_00127.png
217,glide,3477,GenImage_test/glide/test/ai/GLIDE_1000_200_03_350_glide_00127.png
217,glide,3478,GenImage_test/glide/test/nature/ILSVRC2012_val_00014913.JPEG
217,glide,3479,GenImage_test/glide/test/nature/ILSVRC2012_val_00016687.JPEG
218,glide,3480,GenImage_test/glide/test/ai/GLIDE_1000_200_08_835_glide_00039.png
218,glide,3481,GenImage_test/glide/test/ai/GLIDE_1000_200_05_518_glide_00035.png
218,glide,3482,GenImage_test/glide/test/ai/GLIDE_1000_200_09_921_glide_00127.png
218,glide,3483,GenImage_test/glide/test/nature/ILSVRC2012_val_00037271.JPEG
218,glide,3484,GenImage_test/glide/test/ai/GLIDE_1000_200_01_121_glide_00143.png
218,glide,3485,GenImage_test/glide/test/ai/GLIDE_1000_200_02_286_glide_00127.png
218,glide,3486,GenImage_test/glide/test/nature/ILSVRC2012_val_00048242.JPEG
218,glide,3487,GenImage_test/glide/test/nature/ILSVRC2012_val_00012632.JPEG
218,glide,3488,GenImage_test/glide/test/ai/GLIDE_1000_200_01_190_glide_00020.png
218,glide,3489,GenImage_test/glide/test/nature/ILSVRC2012_val_00011926.JPEG
218,glide,3490,GenImage_test/glide/test/nature/ILSVRC2012_val_00002072.JPEG
218,glide,3491,GenImage_test/glide/test/nature/ILSVRC2012_val_00021041.JPEG
218,glide,3492,GenImage_test/glide/test/nature/ILSVRC2012_val_00045567.JPEG
218,glide,3493,GenImage_test/glide/test/nature/ILSVRC2012_val_00047986.JPEG
218,glide,3494,GenImage_test/glide/test/nature/ILSVRC2012_val_00020795.JPEG
218,glide,3495,GenImage_test/glide/test/ai/GLIDE_1000_200_05_565_glide_00035.png
219,glide,3496,GenImage_test/glide/test/ai/GLIDE_1000_200_04_460_glide_00074.png
219,glide,3497,GenImage_test/glide/test/nature/ILSVRC2012_val_00013384.JPEG
219,glide,3498,GenImage_test/glide/test/nature/ILSVRC2012_val_00046233.JPEG
219,glide,3499,GenImage_test/glide/test/ai/GLIDE_1000_200_09_969_glide_00020.png
219,glide,3500,GenImage_test/glide/test/ai/GLIDE_1000_200_03_314_glide_00039.png
219,glide,3501,GenImage_test/glide/test/nature/ILSVRC2012_val_00004131.JPEG
219,glide,3502,GenImage_test/glide/test/ai/GLIDE_1000_200_06_603_glide_00039.png
219,glide,3503,GenImage_test/glide/test/nature/ILSVRC2012_val_00030000.JPEG
219,glide,3504,GenImage_test/glide/test/nature/ILSVRC2012_val_00034631.JPEG
219,glide,3505,GenImage_test/glide/test/ai/GLIDE_1000_200_02_228_glide_00020.png
219,glide,3506,GenImage_test/glide/test/ai/GLIDE_1000_200_02_250_glide_00143.png
219,glide,3507,GenImage_test/glide/test/nature/ILSVRC2012_val_00022217.JPEG
219,glide,3508,GenImage_test/glide/test/ai/GLIDE_1000_200_09_920_glide_00074.png
219,glide,3509,GenImage_test/glide/test/ai/GLIDE_1000_200_02_267_glide_00127.png
219,glide,3510,GenImage_test/glide/test/ai/GLIDE_1000_200_07_713_glide_00074.png
219,glide,3511,GenImage_test/glide/test/ai/GLIDE_1000_200_04_437_glide_00020.png
220,glide,3512,GenImage_test/glide/test/nature/ILSVRC2012_val_00005257.JPEG
220,glide,3513,GenImage_test/glide/test/ai/GLIDE_1000_200_01_199_glide_00074.png
220,glide,3514,GenImage_test/glide/test/ai/GLIDE_1000_200_08_895_glide_00127.png
220,glide,3515,GenImage_test/glide/test/ai/GLIDE_1000_200_04_428_glide_00020.png
220,glide,3516,GenImage_test/glide/test/nature/ILSVRC2012_val_00046326.JPEG
220,glide,3517,GenImage_test/glide/test/ai/GLIDE_1000_200_08_894_glide_00039.png
220,glide,3518,GenImage_test/glide/test/ai/GLIDE_1000_200_05_546_glide_00039.png
220,glide,3519,GenImage_test/glide/test/nature/ILSVRC2012_val_00044856.JPEG
220,glide,3520,GenImage_test/glide/test/ai/GLIDE_1000_200_05_535_glide_00143.png
220,glide,3521,GenImage_test/glide/test/nature/ILSVRC2012_val_00031273.JPEG
220,glide,3522,GenImage_test/glide/test/nature/ILSVRC2012_val_00040439.JPEG
220,glide,3523,GenImage_test/glide/test/nature/ILSVRC2012_val_00042006.JPEG
220,glide,3524,GenImage_test/glide/test/nature/ILSVRC2012_val_00031005.JPEG
220,glide,3525,GenImage_test/glide/test/nature/ILSVRC2012_val_00011436.JPEG
220,glide,3526,GenImage_test/glide/test/ai/GLIDE_1000_200_09_943_glide_00143.png
220,glide,3527,GenImage_test/glide/test/ai/GLIDE_1000_200_05_545_glide_00127.png
221,glide,3528,GenImage_test/glide/test/nature/ILSVRC2012_val_00049965.JPEG
221,glide,3529,GenImage_test/glide/test/nature/ILSVRC2012_val_00000156.JPEG
221,glide,3530,GenImage_test/glide/test/nature/ILSVRC2012_val_00023073.JPEG
221,glide,3531,GenImage_test/glide/test/ai/GLIDE_1000_200_01_102_glide_00035.png
221,glide,3532,GenImage_test/glide/test/nature/ILSVRC2012_val_00044921.JPEG
221,glide,3533,GenImage_test/glide/test/ai/GLIDE_1000_200_00_010_glide_00074.png
221,glide,3534,GenImage_test/glide/test/nature/ILSVRC2012_val_00001460.JPEG
221,glide,3535,GenImage_test/glide/test/nature/ILSVRC2012_val_00001211.JPEG
221,glide,3536,GenImage_test/glide/test/ai/GLIDE_1000_200_03_340_glide_00020.png
221,glide,3537,GenImage_test/glide/test/nature/ILSVRC2012_val_00040181.JPEG
221,glide,3538,GenImage_test/glide/test/ai/GLIDE_1000_200_03_361_glide_00127.png
221,glide,3539,GenImage_test/glide/test/ai/GLIDE_1000_200_00_026_glide_00143.png
221,glide,3540,GenImage_test/glide/test/ai/GLIDE_1000_200_05_586_glide_00143.png
221,glide,3541,GenImage_test/glide/test/nature/ILSVRC2012_val_00047100.JPEG
221,glide,3542,GenImage_test/glide/test/ai/GLIDE_1000_200_08_838_glide_00127.png
221,glide,3543,GenImage_test/glide/test/nature/ILSVRC2012_val_00038044.JPEG
222,glide,3544,GenImage_test/glide/test/ai/GLIDE_1000_200_06_624_glide_00035.png
222,glide,3545,GenImage_test/glide/test/nature/ILSVRC2012_val_00030746.JPEG
222,glide,3546,GenImage_test/glide/test/nature/ILSVRC2012_val_00020620.JPEG
222,glide,3547,GenImage_test/glide/test/ai/GLIDE_1000_200_01_148_glide_00127.png
222,glide,3548,GenImage_test/glide/test/ai/GLIDE_1000_200_07_738_glide_00020.png
222,glide,3549,GenImage_test/glide/test/nature/ILSVRC2012_val_00019810.JPEG
222,glide,3550,GenImage_test/glide/test/nature/ILSVRC2012_val_00034399.JPEG
222,glide,3551,GenImage_test/glide/test/ai/GLIDE_1000_200_07_752_glide_00039.png
222,glide,3552,GenImage_test/glide/test/ai/GLIDE_1000_200_06_683_glide_00035.png
222,glide,3553,GenImage_test/glide/test/ai/GLIDE_1000_200_05_506_glide_00074.png
222,glide,3554,GenImage_test/glide/test/nature/ILSVRC2012_val_00031733.JPEG
222,glide,3555,GenImage_test/glide/test/ai/GLIDE_1000_200_01_108_glide_00020.png
222,glide,3556,GenImage_test/glide/test/nature/ILSVRC2012_val_00004756.JPEG
222,glide,3557,GenImage_test/glide/test/nature/ILSVRC2012_val_00009642.JPEG
222,glide,3558,GenImage_test/glide/test/nature/ILSVRC2012_val_00012301.JPEG
222,glide,3559,GenImage_test/glide/test/nature/ILSVRC2012_val_00015845.JPEG
223,glide,3560,GenImage_test/glide/test/ai/GLIDE_1000_200_03_353_glide_00127.png
223,glide,3561,GenImage_test/glide/test/ai/GLIDE_1000_200_04_477_glide_00143.png
223,glide,3562,GenImage_test/glide/test/nature/ILSVRC2012_val_00014834.JPEG
223,glide,3563,GenImage_test/glide/test/nature/ILSVRC2012_val_00008641.JPEG
223,glide,3564,GenImage_test/glide/test/ai/GLIDE_1000_200_06_639_glide_00039.png
223,glide,3565,GenImage_test/glide/test/ai/GLIDE_1000_200_06_619_glide_00074.png
223,glide,3566,GenImage_test/glide/test/nature/ILSVRC2012_val_00026957.JPEG
223,glide,3567,GenImage_test/glide/test/ai/GLIDE_1000_200_00_039_glide_00035.png
223,glide,3568,GenImage_test/glide/test/ai/GLIDE_1000_200_07_749_glide_00020.png
223,glide,3569,GenImage_test/glide/test/nature/ILSVRC2012_val_00008404.JPEG
223,glide,3570,GenImage_test/glide/test/nature/ILSVRC2012_val_00035061.JPEG
223,glide,3571,GenImage_test/glide/test/nature/ILSVRC2012_val_00046291.JPEG
223,glide,3572,GenImage_test/glide/test/nature/ILSVRC2012_val_00010244.JPEG
223,glide,3573,GenImage_test/glide/test/nature/ILSVRC2012_val_00006082.JPEG
223,glide,3574,GenImage_test/glide/test/ai/GLIDE_1000_200_00_045_glide_00020.png
223,glide,3575,GenImage_test/glide/test/nature/ILSVRC2012_val_00023695.JPEG
224,glide,3576,GenImage_test/glide/test/nature/ILSVRC2012_val_00036736.JPEG
224,glide,3577,GenImage_test/glide/test/nature/ILSVRC2012_val_00019212.JPEG
224,glide,3578,GenImage_test/glide/test/nature/ILSVRC2012_val_00023069.JPEG
224,glide,3579,GenImage_test/glide/test/ai/GLIDE_1000_200_00_078_glide_00143.png
224,glide,3580,GenImage_test/glide/test/nature/ILSVRC2012_val_00000976.JPEG
224,glide,3581,GenImage_test/glide/test/ai/GLIDE_1000_200_00_055_glide_00127.png
224,glide,3582,GenImage_test/glide/test/ai/GLIDE_1000_200_09_952_glide_00039.png
224,glide,3583,GenImage_test/glide/test/nature/ILSVRC2012_val_00030374.JPEG
224,glide,3584,GenImage_test/glide/test/nature/ILSVRC2012_val_00024352.JPEG
224,glide,3585,GenImage_test/glide/test/ai/GLIDE_1000_200_07_783_glide_00039.png
224,glide,3586,GenImage_test/glide/test/nature/ILSVRC2012_val_00045624.JPEG
224,glide,3587,GenImage_test/glide/test/ai/GLIDE_1000_200_05_501_glide_00039.png
224,glide,3588,GenImage_test/glide/test/ai/GLIDE_1000_200_01_112_glide_00035.png
224,glide,3589,GenImage_test/glide/test/ai/GLIDE_1000_200_03_340_glide_00127.png
224,glide,3590,GenImage_test/glide/test/ai/GLIDE_1000_200_07_711_glide_00127.png
224,glide,3591,GenImage_test/glide/test/ai/GLIDE_1000_200_05_598_glide_00127.png
225,glide,3592,GenImage_test/glide/test/ai/GLIDE_1000_200_05_522_glide_00035.png
225,glide,3593,GenImage_test/glide/test/ai/GLIDE_1000_200_05_589_glide_00035.png
225,glide,3594,GenImage_test/glide/test/nature/ILSVRC2012_val_00005292.JPEG
225,glide,3595,GenImage_test/glide/test/nature/ILSVRC2012_val_00006660.JPEG
225,glide,3596,GenImage_test/glide/test/nature/ILSVRC2012_val_00049725.JPEG
225,glide,3597,GenImage_test/glide/test/nature/ILSVRC2012_val_00014354.JPEG
225,glide,3598,GenImage_test/glide/test/ai/GLIDE_1000_200_07_772_glide_00143.png
225,glide,3599,GenImage_test/glide/test/ai/GLIDE_1000_200_01_127_glide_00127.png
225,glide,3600,GenImage_test/glide/test/ai/GLIDE_1000_200_09_904_glide_00020.png
225,glide,3601,GenImage_test/glide/test/nature/ILSVRC2012_val_00034955.JPEG
225,glide,3602,GenImage_test/glide/test/nature/ILSVRC2012_val_00034939.JPEG
225,glide,3603,GenImage_test/glide/test/ai/GLIDE_1000_200_05_594_glide_00020.png
225,glide,3604,GenImage_test/glide/test/nature/ILSVRC2012_val_00044104.JPEG
225,glide,3605,GenImage_test/glide/test/nature/ILSVRC2012_val_00005489.JPEG
225,glide,3606,GenImage_test/glide/test/ai/GLIDE_1000_200_04_457_glide_00143.png
225,glide,3607,GenImage_test/glide/test/ai/GLIDE_1000_200_02_238_glide_00035.png
226,glide,3608,GenImage_test/glide/test/nature/ILSVRC2012_val_00003174.JPEG
226,glide,3609,GenImage_test/glide/test/nature/ILSVRC2012_val_00043990.JPEG
226,glide,3610,GenImage_test/glide/test/ai/GLIDE_1000_200_07_752_glide_00020.png
226,glide,3611,GenImage_test/glide/test/ai/GLIDE_1000_200_09_914_glide_00020.png
226,glide,3612,GenImage_test/glide/test/ai/GLIDE_1000_200_09_956_glide_00039.png
226,glide,3613,GenImage_test/glide/test/ai/GLIDE_1000_200_00_046_glide_00143.png
226,glide,3614,GenImage_test/glide/test/nature/ILSVRC2012_val_00032092.JPEG
226,glide,3615,GenImage_test/glide/test/ai/GLIDE_1000_200_03_351_glide_00127.png
226,glide,3616,GenImage_test/glide/test/ai/GLIDE_1000_200_01_166_glide_00074.png
226,glide,3617,GenImage_test/glide/test/ai/GLIDE_1000_200_09_987_glide_00020.png
226,glide,3618,GenImage_test/glide/test/nature/ILSVRC2012_val_00004915.JPEG
226,glide,3619,GenImage_test/glide/test/nature/ILSVRC2012_val_00036281.JPEG
226,glide,3620,GenImage_test/glide/test/ai/GLIDE_1000_200_04_414_glide_00020.png
226,glide,3621,GenImage_test/glide/test/ai/GLIDE_1000_200_07_799_glide_00039.png
226,glide,3622,GenImage_test/glide/test/ai/GLIDE_1000_200_06_680_glide_00020.png
226,glide,3623,GenImage_test/glide/test/ai/GLIDE_1000_200_04_493_glide_00143.png
227,glide,3624,GenImage_test/glide/test/nature/ILSVRC2012_val_00014231.JPEG
227,glide,3625,GenImage_test/glide/test/ai/GLIDE_1000_200_04_486_glide_00127.png
227,glide,3626,GenImage_test/glide/test/nature/ILSVRC2012_val_00018684.JPEG
227,glide,3627,GenImage_test/glide/test/nature/ILSVRC2012_val_00015127.JPEG
227,glide,3628,GenImage_test/glide/test/nature/ILSVRC2012_val_00012217.JPEG
227,glide,3629,GenImage_test/glide/test/nature/ILSVRC2012_val_00028439.JPEG
227,glide,3630,GenImage_test/glide/test/nature/ILSVRC2012_val_00016753.JPEG
227,glide,3631,GenImage_test/glide/test/nature/ILSVRC2012_val_00005138.JPEG
227,glide,3632,GenImage_test/glide/test/ai/GLIDE_1000_200_02_202_glide_00035.png
227,glide,3633,GenImage_test/glide/test/ai/GLIDE_1000_200_03_327_glide_00127.png
227,glide,3634,GenImage_test/glide/test/nature/ILSVRC2012_val_00016530.JPEG
227,glide,3635,GenImage_test/glide/test/nature/ILSVRC2012_val_00049116.JPEG
227,glide,3636,GenImage_test/glide/test/nature/ILSVRC2012_val_00001385.JPEG
227,glide,3637,GenImage_test/glide/test/nature/ILSVRC2012_val_00009727.JPEG
227,glide,3638,GenImage_test/glide/test/ai/GLIDE_1000_200_05_520_glide_00127.png
227,glide,3639,GenImage_test/glide/test/ai/GLIDE_1000_200_04_456_glide_00020.png
228,glide,3640,GenImage_test/glide/test/nature/ILSVRC2012_val_00037789.JPEG
228,glide,3641,GenImage_test/glide/test/ai/GLIDE_1000_200_08_809_glide_00035.png
228,glide,3642,GenImage_test/glide/test/ai/GLIDE_1000_200_03_321_glide_00035.png
228,glide,3643,GenImage_test/glide/test/nature/ILSVRC2012_val_00044231.JPEG
228,glide,3644,GenImage_test/glide/test/ai/GLIDE_1000_200_02_271_glide_00143.png
228,glide,3645,GenImage_test/glide/test/nature/ILSVRC2012_val_00032924.JPEG
228,glide,3646,GenImage_test/glide/test/ai/GLIDE_1000_200_09_907_glide_00127.png
228,glide,3647,GenImage_test/glide/test/ai/GLIDE_1000_200_05_552_glide_00039.png
228,glide,3648,GenImage_test/glide/test/nature/ILSVRC2012_val_00024267.JPEG
228,glide,3649,GenImage_test/glide/test/nature/ILSVRC2012_val_00005227.JPEG
228,glide,3650,GenImage_test/glide/test/ai/GLIDE_1000_200_00_090_glide_00020.png
228,glide,3651,GenImage_test/glide/test/nature/ILSVRC2012_val_00016473.JPEG
228,glide,3652,GenImage_test/glide/test/nature/ILSVRC2012_val_00037822.JPEG
228,glide,3653,GenImage_test/glide/test/ai/GLIDE_1000_200_05_557_glide_00035.png
228,glide,3654,GenImage_test/glide/test/ai/GLIDE_1000_200_03_356_glide_00074.png
228,glide,3655,GenImage_test/glide/test/ai/GLIDE_1000_200_07_754_glide_00074.png
229,glide,3656,GenImage_test/glide/test/nature/ILSVRC2012_val_00032383.JPEG
229,glide,3657,GenImage_test/glide/test/ai/GLIDE_1000_200_06_657_glide_00035.png
229,glide,3658,GenImage_test/glide/test/nature/ILSVRC2012_val_00000840.JPEG
229,glide,3659,GenImage_test/glide/test/ai/GLIDE_1000_200_07_722_glide_00074.png
229,glide,3660,GenImage_test/glide/test/ai/GLIDE_1000_200_02_240_glide_00035.png
229,glide,3661,GenImage_test/glide/test/ai/GLIDE_1000_200_03_386_glide_00074.png
229,glide,3662,GenImage_test/glide/test/nature/ILSVRC2012_val_00000668.JPEG
229,glide,3663,GenImage_test/glide/test/nature/ILSVRC2012_val_00044960.JPEG
229,glide,3664,GenImage_test/glide/test/ai/GLIDE_1000_200_04_448_glide_00143.png
229,glide,3665,GenImage_test/glide/test/nature/ILSVRC2012_val_00012901.JPEG
229,glide,3666,GenImage_test/glide/test/ai/GLIDE_1000_200_02_286_glide_00035.png
229,glide,3667,GenImage_test/glide/test/ai/GLIDE_1000_200_04_468_glide_00020.png
229,glide,3668,GenImage_test/glide/test/ai/GLIDE_1000_200_07_736_glide_00074.png
229,glide,3669,GenImage_test/glide/test/nature/ILSVRC2012_val_00041692.JPEG
229,glide,3670,GenImage_test/glide/test/nature/ILSVRC2012_val_00037119.JPEG
229,glide,3671,GenImage_test/glide/test/nature/ILSVRC2012_val_00026793.JPEG
230,glide,3672,GenImage_test/glide/test/ai/GLIDE_1000_200_08_850_glide_00127.png
230,glide,3673,GenImage_test/glide/test/ai/GLIDE_1000_200_06_619_glide_00143.png
230,glide,3674,GenImage_test/glide/test/ai/GLIDE_1000_200_05_510_glide_00143.png
230,glide,3675,GenImage_test/glide/test/ai/GLIDE_1000_200_08_815_glide_00035.png
230,glide,3676,GenImage_test/glide/test/ai/GLIDE_1000_200_06_663_glide_00035.png
230,glide,3677,GenImage_test/glide/test/nature/ILSVRC2012_val_00009760.JPEG
230,glide,3678,GenImage_test/glide/test/nature/ILSVRC2012_val_00021492.JPEG
230,glide,3679,GenImage_test/glide/test/ai/GLIDE_1000_200_01_147_glide_00143.png
230,glide,3680,GenImage_test/glide/test/nature/ILSVRC2012_val_00002735.JPEG
230,glide,3681,GenImage_test/glide/test/ai/GLIDE_1000_200_09_987_glide_00074.png
230,glide,3682,GenImage_test/glide/test/nature/ILSVRC2012_val_00018210.JPEG
230,glide,3683,GenImage_test/glide/test/ai/GLIDE_1000_200_03_347_glide_00039.png
230,glide,3684,GenImage_test/glide/test/ai/GLIDE_1000_200_06_662_glide_00143.png
230,glide,3685,GenImage_test/glide/test/ai/GLIDE_1000_200_02_229_glide_00074.png
230,glide,3686,GenImage_test/glide/test/ai/GLIDE_1000_200_05_512_glide_00127.png
230,glide,3687,GenImage_test/glide/test/ai/GLIDE_1000_200_00_091_glide_00074.png
231,glide,3688,GenImage_test/glide/test/ai/GLIDE_1000_200_00_060_glide_00035.png
231,glide,3689,GenImage_test/glide/test/nature/ILSVRC2012_val_00005180.JPEG
231,glide,3690,GenImage_test/glide/test/nature/ILSVRC2012_val_00015505.JPEG
231,glide,3691,GenImage_test/glide/test/nature/ILSVRC2012_val_00037201.JPEG
231,glide,3692,GenImage_test/glide/test/ai/GLIDE_1000_200_01_120_glide_00035.png
231,glide,3693,GenImage_test/glide/test/nature/ILSVRC2012_val_00026585.JPEG
231,glide,3694,GenImage_test/glide/test/nature/ILSVRC2012_val_00015037.JPEG
231,glide,3695,GenImage_test/glide/test/ai/GLIDE_1000_200_09_911_glide_00035.png
231,glide,3696,GenImage_test/glide/test/nature/ILSVRC2012_val_00026347.JPEG
231,glide,3697,GenImage_test/glide/test/ai/GLIDE_1000_200_05_515_glide_00020.png
231,glide,3698,GenImage_test/glide/test/nature/ILSVRC2012_val_00031172.JPEG
231,glide,3699,GenImage_test/glide/test/nature/ILSVRC2012_val_00047654.JPEG
231,glide,3700,GenImage_test/glide/test/ai/GLIDE_1000_200_08_870_glide_00039.png
231,glide,3701,GenImage_test/glide/test/nature/ILSVRC2012_val_00045177.JPEG
231,glide,3702,GenImage_test/glide/test/nature/ILSVRC2012_val_00018702.JPEG
231,glide,3703,GenImage_test/glide/test/nature/ILSVRC2012_val_00043225.JPEG
232,glide,3704,GenImage_test/glide/test/ai/GLIDE_1000_200_08_848_glide_00020.png
232,glide,3705,GenImage_test/glide/test/nature/ILSVRC2012_val_00047495.JPEG
232,glide,3706,GenImage_test/glide/test/ai/GLIDE_1000_200_05_555_glide_00039.png
232,glide,3707,GenImage_test/glide/test/ai/GLIDE_1000_200_08_822_glide_00074.png
232,glide,3708,GenImage_test/glide/test/ai/GLIDE_1000_200_03_358_glide_00074.png
232,glide,3709,GenImage_test/glide/test/ai/GLIDE_1000_200_00_023_glide_00035.png
232,glide,3710,GenImage_test/glide/test/ai/GLIDE_1000_200_08_810_glide_00143.png
232,glide,3711,GenImage_test/glide/test/ai/GLIDE_1000_200_07_730_glide_00039.png
232,glide,3712,GenImage_test/glide/test/nature/ILSVRC2012_val_00044598.JPEG
232,glide,3713,GenImage_test/glide/test/ai/GLIDE_1000_200_03_329_glide_00074.png
232,glide,3714,GenImage_test/glide/test/ai/GLIDE_1000_200_01_116_glide_00074.png
232,glide,3715,GenImage_test/glide/test/nature/ILSVRC2012_val_00007246.JPEG
232,glide,3716,GenImage_test/glide/test/ai/GLIDE_1000_200_05_552_glide_00020.png
232,glide,3717,GenImage_test/glide/test/nature/ILSVRC2012_val_00008483.JPEG
232,glide,3718,GenImage_test/glide/test/ai/GLIDE_1000_200_06_686_glide_00020.png
232,glide,3719,GenImage_test/glide/test/ai/GLIDE_1000_200_09_968_glide_00074.png
233,glide,3720,GenImage_test/glide/test/nature/ILSVRC2012_val_00005954.JPEG
233,glide,3721,GenImage_test/glide/test/ai/GLIDE_1000_200_00_001_glide_00035.png
233,glide,3722,GenImage_test/glide/test/nature/ILSVRC2012_val_00018957.JPEG
233,glide,3723,GenImage_test/glide/test/ai/GLIDE_1000_200_02_251_glide_00035.png
233,glide,3724,GenImage_test/glide/test/nature/ILSVRC2012_val_00028107.JPEG
233,glide,3725,GenImage_test/glide/test/nature/ILSVRC2012_val_00023636.JPEG
233,glide,3726,GenImage_test/glide/test/nature/ILSVRC2012_val_00042564.JPEG
233,glide,3727,GenImage_test/glide/test/nature/ILSVRC2012_val_00006321.JPEG
233,glide,3728,GenImage_test/glide/test/ai/GLIDE_1000_200_07_773_glide_00039.png
233,glide,3729,GenImage_test/glide/test/ai/GLIDE_1000_200_01_121_glide_00035.png
233,glide,3730,GenImage_test/glide/test/ai/GLIDE_1000_200_01_163_glide_00035.png
233,glide,3731,GenImage_test/glide/test/ai/GLIDE_1000_200_02_260_glide_00127.png
233,glide,3732,GenImage_test/glide/test/ai/GLIDE_1000_200_09_948_glide_00143.png
233,glide,3733,GenImage_test/glide/test/nature/ILSVRC2012_val_00019809.JPEG
233,glide,3734,GenImage_test/glide/test/ai/GLIDE_1000_200_09_987_glide_00127.png
233,glide,3735,GenImage_test/glide/test/ai/GLIDE_1000_200_02_257_glide_00074.png
234,glide,3736,GenImage_test/glide/test/ai/GLIDE_1000_200_05_557_glide_00143.png
234,glide,3737,GenImage_test/glide/test/ai/GLIDE_1000_200_07_715_glide_00143.png
234,glide,3738,GenImage_test/glide/test/nature/ILSVRC2012_val_00022707.JPEG
234,glide,3739,GenImage_test/glide/test/ai/GLIDE_1000_200_04_480_glide_00074.png
234,glide,3740,GenImage_test/glide/test/ai/GLIDE_1000_200_07_712_glide_00035.png
234,glide,3741,GenImage_test/glide/test/nature/ILSVRC2012_val_00025816.JPEG
234,glide,3742,GenImage_test/glide/test/ai/GLIDE_1000_200_07_781_glide_00020.png
234,glide,3743,GenImage_test/glide/test/nature/ILSVRC2012_val_00019105.JPEG
234,glide,3744,GenImage_test/glide/test/nature/ILSVRC2012_val_00022297.JPEG
234,glide,3745,GenImage_test/glide/test/nature/ILSVRC2012_val_00046292.JPEG
234,glide,3746,GenImage_test/glide/test/nature/ILSVRC2012_val_00031209.JPEG
234,glide,3747,GenImage_test/glide/test/nature/ILSVRC2012_val_00000616.JPEG
234,glide,3748,GenImage_test/glide/test/nature/ILSVRC2012_val_00036071.JPEG
234,glide,3749,GenImage_test/glide/test/ai/GLIDE_1000_200_00_015_glide_00074.png
234,glide,3750,GenImage_test/glide/test/ai/GLIDE_1000_200_01_150_glide_00074.png
234,glide,3751,GenImage_test/glide/test/nature/ILSVRC2012_val_00047067.JPEG
235,glide,3752,GenImage_test/glide/test/nature/ILSVRC2012_val_00025973.JPEG
235,glide,3753,GenImage_test/glide/test/ai/GLIDE_1000_200_03_303_glide_00143.png
235,glide,3754,GenImage_test/glide/test/nature/ILSVRC2012_val_00049936.JPEG
235,glide,3755,GenImage_test/glide/test/ai/GLIDE_1000_200_03_381_glide_00020.png
235,glide,3756,GenImage_test/glide/test/nature/ILSVRC2012_val_00027585.JPEG
235,glide,3757,GenImage_test/glide/test/nature/ILSVRC2012_val_00021212.JPEG
235,glide,3758,GenImage_test/glide/test/nature/ILSVRC2012_val_00024029.JPEG
235,glide,3759,GenImage_test/glide/test/nature/ILSVRC2012_val_00023590.JPEG
235,glide,3760,GenImage_test/glide/test/nature/ILSVRC2012_val_00034393.JPEG
235,glide,3761,GenImage_test/glide/test/nature/ILSVRC2012_val_00018970.JPEG
235,glide,3762,GenImage_test/glide/test/ai/GLIDE_1000_200_04_468_glide_00143.png
235,glide,3763,GenImage_test/glide/test/ai/GLIDE_1000_200_05_568_glide_00074.png
235,glide,3764,GenImage_test/glide/test/ai/GLIDE_1000_200_07_774_glide_00039.png
235,glide,3765,GenImage_test/glide/test/ai/GLIDE_1000_200_01_168_glide_00074.png
235,glide,3766,GenImage_test/glide/test/nature/ILSVRC2012_val_00018163.JPEG
235,glide,3767,GenImage_test/glide/test/nature/ILSVRC2012_val_00044803.JPEG
236,glide,3768,GenImage_test/glide/test/nature/ILSVRC2012_val_00013826.JPEG
236,glide,3769,GenImage_test/glide/test/nature/ILSVRC2012_val_00046362.JPEG
236,glide,3770,GenImage_test/glide/test/nature/ILSVRC2012_val_00036393.JPEG
236,glide,3771,GenImage_test/glide/test/ai/GLIDE_1000_200_04_477_glide_00074.png
236,glide,3772,GenImage_test/glide/test/nature/ILSVRC2012_val_00034493.JPEG
236,glide,3773,GenImage_test/glide/test/ai/GLIDE_1000_200_06_644_glide_00039.png
236,glide,3774,GenImage_test/glide/test/nature/ILSVRC2012_val_00016026.JPEG
236,glide,3775,GenImage_test/glide/test/ai/GLIDE_1000_200_00_081_glide_00035.png
236,glide,3776,GenImage_test/glide/test/ai/GLIDE_1000_200_02_267_glide_00039.png
236,glide,3777,GenImage_test/glide/test/nature/ILSVRC2012_val_00018026.JPEG
236,glide,3778,GenImage_test/glide/test/ai/GLIDE_1000_200_01_176_glide_00035.png
236,glide,3779,GenImage_test/glide/test/ai/GLIDE_1000_200_09_958_glide_00039.png
236,glide,3780,GenImage_test/glide/test/ai/GLIDE_1000_200_05_558_glide_00127.png
236,glide,3781,GenImage_test/glide/test/nature/ILSVRC2012_val_00029951.JPEG
236,glide,3782,GenImage_test/glide/test/nature/ILSVRC2012_val_00040134.JPEG
236,glide,3783,GenImage_test/glide/test/nature/ILSVRC2012_val_00018505.JPEG
237,glide,3784,GenImage_test/glide/test/nature/ILSVRC2012_val_00011159.JPEG
237,glide,3785,GenImage_test/glide/test/ai/GLIDE_1000_200_03_318_glide_00127.png
237,glide,3786,GenImage_test/glide/test/nature/ILSVRC2012_val_00001098.JPEG
237,glide,3787,GenImage_test/glide/test/ai/GLIDE_1000_200_07_748_glide_00039.png
237,glide,3788,GenImage_test/glide/test/ai/GLIDE_1000_200_01_195_glide_00035.png
237,glide,3789,GenImage_test/glide/test/ai/GLIDE_1000_200_09_973_glide_00020.png
237,glide,3790,GenImage_test/glide/test/ai/GLIDE_1000_200_01_107_glide_00143.png
237,glide,3791,GenImage_test/glide/test/ai/GLIDE_1000_200_04_428_glide_00143.png
237,glide,3792,GenImage_test/glide/test/ai/GLIDE_1000_200_00_065_glide_00020.png
237,glide,3793,GenImage_test/glide/test/ai/GLIDE_1000_200_09_948_glide_00020.png
237,glide,3794,GenImage_test/glide/test/ai/GLIDE_1000_200_09_908_glide_00143.png
237,glide,3795,GenImage_test/glide/test/nature/ILSVRC2012_val_00041142.JPEG
237,glide,3796,GenImage_test/glide/test/ai/GLIDE_1000_200_04_457_glide_00020.png
237,glide,3797,GenImage_test/glide/test/ai/GLIDE_1000_200_00_057_glide_00074.png
237,glide,3798,GenImage_test/glide/test/nature/ILSVRC2012_val_00047758.JPEG
237,glide,3799,GenImage_test/glide/test/nature/ILSVRC2012_val_00030853.JPEG
238,glide,3800,GenImage_test/glide/test/nature/ILSVRC2012_val_00017475.JPEG
238,glide,3801,GenImage_test/glide/test/ai/GLIDE_1000_200_08_854_glide_00020.png
238,glide,3802,GenImage_test/glide/test/nature/ILSVRC2012_val_00026171.JPEG
238,glide,3803,GenImage_test/glide/test/nature/ILSVRC2012_val_00048128.JPEG
238,glide,3804,GenImage_test/glide/test/nature/ILSVRC2012_val_00032731.JPEG
238,glide,3805,GenImage_test/glide/test/ai/GLIDE_1000_200_07_780_glide_00143.png
238,glide,3806,GenImage_test/glide/test/nature/ILSVRC2012_val_00000099.JPEG
238,glide,3807,GenImage_test/glide/test/nature/ILSVRC2012_val_00038764.JPEG
238,glide,3808,GenImage_test/glide/test/ai/GLIDE_1000_200_05_544_glide_00035.png
238,glide,3809,GenImage_test/glide/test/ai/GLIDE_1000_200_09_985_glide_00127.png
238,glide,3810,GenImage_test/glide/test/nature/ILSVRC2012_val_00008301.JPEG
238,glide,3811,GenImage_test/glide/test/ai/GLIDE_1000_200_00_087_glide_00020.png
238,glide,3812,GenImage_test/glide/test/nature/ILSVRC2012_val_00028745.JPEG
238,glide,3813,GenImage_test/glide/test/ai/GLIDE_1000_200_03_302_glide_00127.png
238,glide,3814,GenImage_test/glide/test/ai/GLIDE_1000_200_03_352_glide_00143.png
238,glide,3815,GenImage_test/glide/test/nature/ILSVRC2012_val_00040330.JPEG
239,glide,3816,GenImage_test/glide/test/nature/ILSVRC2012_val_00045863.JPEG
239,glide,3817,GenImage_test/glide/test/ai/GLIDE_1000_200_00_083_glide_00035.png
239,glide,3818,GenImage_test/glide/test/ai/GLIDE_1000_200_07_787_glide_00127.png
239,glide,3819,GenImage_test/glide/test/nature/ILSVRC2012_val_00047598.JPEG
239,glide,3820,GenImage_test/glide/test/nature/ILSVRC2012_val_00024414.JPEG
239,glide,3821,GenImage_test/glide/test/ai/GLIDE_1000_200_06_629_glide_00074.png
239,glide,3822,GenImage_test/glide/test/nature/ILSVRC2012_val_00034264.JPEG
239,glide,3823,GenImage_test/glide/test/ai/GLIDE_1000_200_03_352_glide_00039.png
239,glide,3824,GenImage_test/glide/test/ai/GLIDE_1000_200_07_740_glide_00143.png
239,glide,3825,GenImage_test/glide/test/ai/GLIDE_1000_200_09_955_glide_00039.png
239,glide,3826,GenImage_test/glide/test/nature/ILSVRC2012_val_00016844.JPEG
239,glide,3827,GenImage_test/glide/test/nature/ILSVRC2012_val_00001096.JPEG
239,glide,3828,GenImage_test/glide/test/nature/ILSVRC2012_val_00025792.JPEG
239,glide,3829,GenImage_test/glide/test/ai/GLIDE_1000_200_08_821_glide_00039.png
239,glide,3830,GenImage_test/glide/test/nature/ILSVRC2012_val_00018542.JPEG
239,glide,3831,GenImage_test/glide/test/ai/GLIDE_1000_200_06_624_glide_00127.png
240,glide,3832,GenImage_test/glide/test/ai/GLIDE_1000_200_06_663_glide_00039.png
240,glide,3833,GenImage_test/glide/test/nature/ILSVRC2012_val_00023023.JPEG
240,glide,3834,GenImage_test/glide/test/nature/ILSVRC2012_val_00006052.JPEG
240,glide,3835,GenImage_test/glide/test/nature/ILSVRC2012_val_00046266.JPEG
240,glide,3836,GenImage_test/glide/test/nature/ILSVRC2012_val_00019877.JPEG
240,glide,3837,GenImage_test/glide/test/nature/ILSVRC2012_val_00023746.JPEG
240,glide,3838,GenImage_test/glide/test/nature/ILSVRC2012_val_00001719.JPEG
240,glide,3839,GenImage_test/glide/test/nature/ILSVRC2012_val_00036732.JPEG
240,glide,3840,GenImage_test/glide/test/nature/ILSVRC2012_val_00031419.JPEG
240,glide,3841,GenImage_test/glide/test/nature/ILSVRC2012_val_00018761.JPEG
240,glide,3842,GenImage_test/glide/test/nature/ILSVRC2012_val_00000373.JPEG
240,glide,3843,GenImage_test/glide/test/nature/ILSVRC2012_val_00037081.JPEG
240,glide,3844,GenImage_test/glide/test/nature/ILSVRC2012_val_00003889.JPEG
240,glide,3845,GenImage_test/glide/test/nature/ILSVRC2012_val_00005806.JPEG
240,glide,3846,GenImage_test/glide/test/nature/ILSVRC2012_val_00010017.JPEG
240,glide,3847,GenImage_test/glide/test/nature/ILSVRC2012_val_00020509.JPEG
241,glide,3848,GenImage_test/glide/test/ai/GLIDE_1000_200_07_770_glide_00127.png
241,glide,3849,GenImage_test/glide/test/nature/ILSVRC2012_val_00024205.JPEG
241,glide,3850,GenImage_test/glide/test/nature/ILSVRC2012_val_00011815.JPEG
241,glide,3851,GenImage_test/glide/test/nature/ILSVRC2012_val_00001216.JPEG
241,glide,3852,GenImage_test/glide/test/nature/ILSVRC2012_val_00005947.JPEG
241,glide,3853,GenImage_test/glide/test/ai/GLIDE_1000_200_01_120_glide_00020.png
241,glide,3854,GenImage_test/glide/test/ai/GLIDE_1000_200_03_331_glide_00035.png
241,glide,3855,GenImage_test/glide/test/nature/ILSVRC2012_val_00034932.JPEG
241,glide,3856,GenImage_test/glide/test/nature/ILSVRC2012_val_00017806.JPEG
241,glide,3857,GenImage_test/glide/test/ai/GLIDE_1000_200_02_248_glide_00127.png
241,glide,3858,GenImage_test/glide/test/nature/ILSVRC2012_val_00032624.JPEG
241,glide,3859,GenImage_test/glide/test/ai/GLIDE_1000_200_07_765_glide_00035.png
241,glide,3860,GenImage_test/glide/test/ai/GLIDE_1000_200_07_711_glide_00035.png
241,glide,3861,GenImage_test/glide/test/ai/GLIDE_1000_200_02_296_glide_00127.png
241,glide,3862,GenImage_test/glide/test/nature/ILSVRC2012_val_00036449.JPEG
241,glide,3863,GenImage_test/glide/test/ai/GLIDE_1000_200_04_480_glide_00020.png
242,glide,3864,GenImage_test/glide/test/nature/ILSVRC2012_val_00002479.JPEG
242,glide,3865,GenImage_test/glide/test/ai/GLIDE_1000_200_08_879_glide_00143.png
242,glide,3866,GenImage_test/glide/test/ai/GLIDE_1000_200_07_784_glide_00035.png
242,glide,3867,GenImage_test/glide/test/ai/GLIDE_1000_200_05_549_glide_00127.png
242,glide,3868,GenImage_test/glide/test/nature/ILSVRC2012_val_00015012.JPEG
242,glide,3869,GenImage_test/glide/test/ai/GLIDE_1000_200_09_959_glide_00074.png
242,glide,3870,GenImage_test/glide/test/ai/GLIDE_1000_200_05_502_glide_00035.png
242,glide,3871,GenImage_test/glide/test/nature/ILSVRC2012_val_00040963.JPEG
242,glide,3872,GenImage_test/glide/test/nature/ILSVRC2012_val_00034237.JPEG
242,glide,3873,GenImage_test/glide/test/ai/GLIDE_1000_200_09_936_glide_00039.png
242,glide,3874,GenImage_test/glide/test/nature/ILSVRC2012_val_00037371.JPEG
242,glide,3875,GenImage_test/glide/test/ai/GLIDE_1000_200_01_178_glide_00039.png
242,glide,3876,GenImage_test/glide/test/ai/GLIDE_1000_200_04_429_glide_00074.png
242,glide,3877,GenImage_test/glide/test/ai/GLIDE_1000_200_05_539_glide_00074.png
242,glide,3878,GenImage_test/glide/test/nature/ILSVRC2012_val_00032520.JPEG
242,glide,3879,GenImage_test/glide/test/ai/GLIDE_1000_200_02_275_glide_00127.png
243,glide,3880,GenImage_test/glide/test/ai/GLIDE_1000_200_02_203_glide_00127.png
243,glide,3881,GenImage_test/glide/test/nature/ILSVRC2012_val_00017770.JPEG
243,glide,3882,GenImage_test/glide/test/ai/GLIDE_1000_200_00_038_glide_00074.png
243,glide,3883,GenImage_test/glide/test/ai/GLIDE_1000_200_02_220_glide_00020.png
243,glide,3884,GenImage_test/glide/test/ai/GLIDE_1000_200_02_287_glide_00143.png
243,glide,3885,GenImage_test/glide/test/ai/GLIDE_1000_200_09_902_glide_00039.png
243,glide,3886,GenImage_test/glide/test/ai/GLIDE_1000_200_05_506_glide_00035.png
243,glide,3887,GenImage_test/glide/test/nature/ILSVRC2012_val_00011587.JPEG
243,glide,3888,GenImage_test/glide/test/nature/ILSVRC2012_val_00011294.JPEG
243,glide,3889,GenImage_test/glide/test/ai/GLIDE_1000_200_00_066_glide_00039.png
243,glide,3890,GenImage_test/glide/test/ai/GLIDE_1000_200_03_309_glide_00074.png
243,glide,3891,GenImage_test/glide/test/nature/ILSVRC2012_val_00022145.JPEG
243,glide,3892,GenImage_test/glide/test/ai/GLIDE_1000_200_04_413_glide_00074.png
243,glide,3893,GenImage_test/glide/test/ai/GLIDE_1000_200_04_440_glide_00035.png
243,glide,3894,GenImage_test/glide/test/nature/ILSVRC2012_val_00011664.JPEG
243,glide,3895,GenImage_test/glide/test/ai/GLIDE_1000_200_08_854_glide_00039.png
244,glide,3896,GenImage_test/glide/test/ai/GLIDE_1000_200_08_876_glide_00039.png
244,glide,3897,GenImage_test/glide/test/nature/ILSVRC2012_val_00016764.JPEG
244,glide,3898,GenImage_test/glide/test/nature/ILSVRC2012_val_00044674.JPEG
244,glide,3899,GenImage_test/glide/test/nature/ILSVRC2012_val_00019109.JPEG
244,glide,3900,GenImage_test/glide/test/nature/ILSVRC2012_val_00033871.JPEG
244,glide,3901,GenImage_test/glide/test/ai/GLIDE_1000_200_03_347_glide_00035.png
244,glide,3902,GenImage_test/glide/test/nature/ILSVRC2012_val_00025130.JPEG
244,glide,3903,GenImage_test/glide/test/nature/ILSVRC2012_val_00040386.JPEG
244,glide,3904,GenImage_test/glide/test/nature/ILSVRC2012_val_00004883.JPEG
244,glide,3905,GenImage_test/glide/test/ai/GLIDE_1000_200_06_604_glide_00020.png
244,glide,3906,GenImage_test/glide/test/ai/GLIDE_1000_200_07_764_glide_00039.png
244,glide,3907,GenImage_test/glide/test/ai/GLIDE_1000_200_06_607_glide_00074.png
244,glide,3908,GenImage_test/glide/test/ai/GLIDE_1000_200_09_955_glide_00127.png
244,glide,3909,GenImage_test/glide/test/ai/GLIDE_1000_200_06_613_glide_00039.png
244,glide,3910,GenImage_test/glide/test/ai/GLIDE_1000_200_02_285_glide_00143.png
244,glide,3911,GenImage_test/glide/test/ai/GLIDE_1000_200_01_179_glide_00143.png
245,glide,3912,GenImage_test/glide/test/ai/GLIDE_1000_200_03_357_glide_00020.png
245,glide,3913,GenImage_test/glide/test/ai/GLIDE_1000_200_00_008_glide_00020.png
245,glide,3914,GenImage_test/glide/test/nature/ILSVRC2012_val_00026638.JPEG
245,glide,3915,GenImage_test/glide/test/ai/GLIDE_1000_200_05_581_glide_00127.png
245,glide,3916,GenImage_test/glide/test/nature/ILSVRC2012_val_00024621.JPEG
245,glide,3917,GenImage_test/glide/test/nature/ILSVRC2012_val_00009994.JPEG
245,glide,3918,GenImage_test/glide/test/ai/GLIDE_1000_200_03_376_glide_00020.png
245,glide,3919,GenImage_test/glide/test/nature/ILSVRC2012_val_00031250.JPEG
245,glide,3920,GenImage_test/glide/test/ai/GLIDE_1000_200_04_472_glide_00020.png
245,glide,3921,GenImage_test/glide/test/ai/GLIDE_1000_200_00_022_glide_00127.png
245,glide,3922,GenImage_test/glide/test/ai/GLIDE_1000_200_09_949_glide_00074.png
245,glide,3923,GenImage_test/glide/test/nature/ILSVRC2012_val_00032767.JPEG
245,glide,3924,GenImage_test/glide/test/nature/ILSVRC2012_val_00028649.JPEG
245,glide,3925,GenImage_test/glide/test/ai/GLIDE_1000_200_04_416_glide_00127.png
245,glide,3926,GenImage_test/glide/test/nature/ILSVRC2012_val_00021002.JPEG
245,glide,3927,GenImage_test/glide/test/ai/GLIDE_1000_200_02_287_glide_00020.png
246,glide,3928,GenImage_test/glide/test/nature/ILSVRC2012_val_00026769.JPEG
246,glide,3929,GenImage_test/glide/test/nature/ILSVRC2012_val_00031558.JPEG
246,glide,3930,GenImage_test/glide/test/ai/GLIDE_1000_200_04_401_glide_00020.png
246,glide,3931,GenImage_test/glide/test/nature/ILSVRC2012_val_00028920.JPEG
246,glide,3932,GenImage_test/glide/test/nature/ILSVRC2012_val_00005589.JPEG
246,glide,3933,GenImage_test/glide/test/nature/ILSVRC2012_val_00032805.JPEG
246,glide,3934,GenImage_test/glide/test/ai/GLIDE_1000_200_06_644_glide_00074.png
246,glide,3935,GenImage_test/glide/test/ai/GLIDE_1000_200_07_742_glide_00143.png
246,glide,3936,GenImage_test/glide/test/nature/ILSVRC2012_val_00033020.JPEG
246,glide,3937,GenImage_test/glide/test/nature/ILSVRC2012_val_00040129.JPEG
246,glide,3938,GenImage_test/glide/test/nature/ILSVRC2012_val_00046105.JPEG
246,glide,3939,GenImage_test/glide/test/nature/ILSVRC2012_val_00030578.JPEG
246,glide,3940,GenImage_test/glide/test/nature/ILSVRC2012_val_00003796.JPEG
246,glide,3941,GenImage_test/glide/test/ai/GLIDE_1000_200_02_218_glide_00020.png
246,glide,3942,GenImage_test/glide/test/ai/GLIDE_1000_200_07_752_glide_00143.png
246,glide,3943,GenImage_test/glide/test/nature/ILSVRC2012_val_00002269.JPEG
247,glide,3944,GenImage_test/glide/test/ai/GLIDE_1000_200_06_680_glide_00074.png
247,glide,3945,GenImage_test/glide/test/ai/GLIDE_1000_200_03_391_glide_00143.png
247,glide,3946,GenImage_test/glide/test/ai/GLIDE_1000_200_06_618_glide_00074.png
247,glide,3947,GenImage_test/glide/test/nature/ILSVRC2012_val_00018592.JPEG
247,glide,3948,GenImage_test/glide/test/ai/GLIDE_1000_200_05_547_glide_00143.png
247,glide,3949,GenImage_test/glide/test/nature/ILSVRC2012_val_00040889.JPEG
247,glide,3950,GenImage_test/glide/test/ai/GLIDE_1000_200_03_309_glide_00143.png
247,glide,3951,GenImage_test/glide/test/ai/GLIDE_1000_200_07_723_glide_00039.png
247,glide,3952,GenImage_test/glide/test/nature/ILSVRC2012_val_00009757.JPEG
247,glide,3953,GenImage_test/glide/test/nature/ILSVRC2012_val_00030475.JPEG
247,glide,3954,GenImage_test/glide/test/nature/ILSVRC2012_val_00014046.JPEG
247,glide,3955,GenImage_test/glide/test/ai/GLIDE_1000_200_06_617_glide_00074.png
247,glide,3956,GenImage_test/glide/test/ai/GLIDE_1000_200_05_569_glide_00143.png
247,glide,3957,GenImage_test/glide/test/ai/GLIDE_1000_200_02_282_glide_00143.png
247,glide,3958,GenImage_test/glide/test/nature/ILSVRC2012_val_00003596.JPEG
247,glide,3959,GenImage_test/glide/test/ai/GLIDE_1000_200_08_898_glide_00127.png
248,glide,3960,GenImage_test/glide/test/nature/ILSVRC2012_val_00002785.JPEG
248,glide,3961,GenImage_test/glide/test/ai/GLIDE_1000_200_05_596_glide_00035.png
248,glide,3962,GenImage_test/glide/test/nature/ILSVRC2012_val_00009096.JPEG
248,glide,3963,GenImage_test/glide/test/nature/ILSVRC2012_val_00028715.JPEG
248,glide,3964,GenImage_test/glide/test/nature/ILSVRC2012_val_00043673.JPEG
248,glide,3965,GenImage_test/glide/test/nature/ILSVRC2012_val_00043624.JPEG
248,glide,3966,GenImage_test/glide/test/ai/GLIDE_1000_200_01_163_glide_00020.png
248,glide,3967,GenImage_test/glide/test/nature/ILSVRC2012_val_00001791.JPEG
248,glide,3968,GenImage_test/glide/test/ai/GLIDE_1000_200_09_935_glide_00074.png
248,glide,3969,GenImage_test/glide/test/ai/GLIDE_1000_200_04_492_glide_00074.png
248,glide,3970,GenImage_test/glide/test/ai/GLIDE_1000_200_08_887_glide_00035.png
248,glide,3971,GenImage_test/glide/test/nature/ILSVRC2012_val_00028890.JPEG
248,glide,3972,GenImage_test/glide/test/ai/GLIDE_1000_200_04_430_glide_00020.png
248,glide,3973,GenImage_test/glide/test/nature/ILSVRC2012_val_00023303.JPEG
248,glide,3974,GenImage_test/glide/test/ai/GLIDE_1000_200_02_269_glide_00039.png
248,glide,3975,GenImage_test/glide/test/ai/GLIDE_1000_200_04_499_glide_00035.png
249,glide,3976,GenImage_test/glide/test/nature/ILSVRC2012_val_00043208.JPEG
249,glide,3977,GenImage_test/glide/test/nature/ILSVRC2012_val_00009690.JPEG
249,glide,3978,GenImage_test/glide/test/ai/GLIDE_1000_200_08_838_glide_00035.png
249,glide,3979,GenImage_test/glide/test/nature/ILSVRC2012_val_00002598.JPEG
249,glide,3980,GenImage_test/glide/test/nature/ILSVRC2012_val_00009590.JPEG
249,glide,3981,GenImage_test/glide/test/nature/ILSVRC2012_val_00043196.JPEG
249,glide,3982,GenImage_test/glide/test/ai/GLIDE_1000_200_00_006_glide_00039.png
249,glide,3983,GenImage_test/glide/test/ai/GLIDE_1000_200_04_423_glide_00039.png
249,glide,3984,GenImage_test/glide/test/nature/ILSVRC2012_val_00027934.JPEG
249,glide,3985,GenImage_test/glide/test/nature/ILSVRC2012_val_00010280.JPEG
249,glide,3986,GenImage_test/glide/test/nature/ILSVRC2012_val_00014694.JPEG
249,glide,3987,GenImage_test/glide/test/ai/GLIDE_1000_200_00_073_glide_00039.png
249,glide,3988,GenImage_test/glide/test/nature/ILSVRC2012_val_00041160.JPEG
249,glide,3989,GenImage_test/glide/test/nature/ILSVRC2012_val_00038553.JPEG
249,glide,3990,GenImage_test/glide/test/nature/ILSVRC2012_val_00024714.JPEG
249,glide,3991,GenImage_test/glide/test/nature/ILSVRC2012_val_00044436.JPEG
250,glide,3992,GenImage_test/glide/test/nature/ILSVRC2012_val_00001438.JPEG
250,glide,3993,GenImage_test/glide/test/ai/GLIDE_1000_200_05_592_glide_00035.png
250,glide,3994,GenImage_test/glide/test/nature/ILSVRC2012_val_00016802.JPEG
250,glide,3995,GenImage_test/glide/test/nature/ILSVRC2012_val_00046935.JPEG
250,glide,3996,GenImage_test/glide/test/ai/GLIDE_1000_200_02_263_glide_00020.png
250,glide,3997,GenImage_test/glide/test/nature/ILSVRC2012_val_00038778.JPEG
250,glide,3998,GenImage_test/glide/test/ai/GLIDE_1000_200_06_689_glide_00074.png
250,glide,3999,GenImage_test/glide/test/ai/GLIDE_1000_200_03_359_glide_00039.png
250,glide,4000,GenImage_test/glide/test/ai/GLIDE_1000_200_02_291_glide_00035.png
250,glide,4001,GenImage_test/glide/test/nature/ILSVRC2012_val_00039280.JPEG
250,glide,4002,GenImage_test/glide/test/nature/ILSVRC2012_val_00021752.JPEG
250,glide,4003,GenImage_test/glide/test/ai/GLIDE_1000_200_00_070_glide_00035.png
250,glide,4004,GenImage_test/glide/test/ai/GLIDE_1000_200_03_332_glide_00074.png
250,glide,4005,GenImage_test/glide/test/ai/GLIDE_1000_200_01_154_glide_00035.png
250,glide,4006,GenImage_test/glide/test/ai/GLIDE_1000_200_07_762_glide_00143.png
250,glide,4007,GenImage_test/glide/test/ai/GLIDE_1000_200_06_696_glide_00143.png
251,glide,4008,GenImage_test/glide/test/nature/ILSVRC2012_val_00009787.JPEG
251,glide,4009,GenImage_test/glide/test/nature/ILSVRC2012_val_00020978.JPEG
251,glide,4010,GenImage_test/glide/test/nature/ILSVRC2012_val_00009439.JPEG
251,glide,4011,GenImage_test/glide/test/ai/GLIDE_1000_200_09_920_glide_00143.png
251,glide,4012,GenImage_test/glide/test/nature/ILSVRC2012_val_00037931.JPEG
251,glide,4013,GenImage_test/glide/test/ai/GLIDE_1000_200_04_468_glide_00127.png
251,glide,4014,GenImage_test/glide/test/nature/ILSVRC2012_val_00046913.JPEG
251,glide,4015,GenImage_test/glide/test/nature/ILSVRC2012_val_00006641.JPEG
251,glide,4016,GenImage_test/glide/test/ai/GLIDE_1000_200_04_441_glide_00074.png
251,glide,4017,GenImage_test/glide/test/ai/GLIDE_1000_200_04_414_glide_00039.png
251,glide,4018,GenImage_test/glide/test/nature/ILSVRC2012_val_00039179.JPEG
251,glide,4019,GenImage_test/glide/test/ai/GLIDE_1000_200_07_769_glide_00039.png
251,glide,4020,GenImage_test/glide/test/nature/ILSVRC2012_val_00035651.JPEG
251,glide,4021,GenImage_test/glide/test/ai/GLIDE_1000_200_02_220_glide_00127.png
251,glide,4022,GenImage_test/glide/test/ai/GLIDE_1000_200_03_341_glide_00035.png
251,glide,4023,GenImage_test/glide/test/ai/GLIDE_1000_200_02_237_glide_00039.png
252,glide,4024,GenImage_test/glide/test/ai/GLIDE_1000_200_04_428_glide_00074.png
252,glide,4025,GenImage_test/glide/test/ai/GLIDE_1000_200_03_344_glide_00035.png
252,glide,4026,GenImage_test/glide/test/ai/GLIDE_1000_200_01_172_glide_00039.png
252,glide,4027,GenImage_test/glide/test/nature/ILSVRC2012_val_00047586.JPEG
252,glide,4028,GenImage_test/glide/test/nature/ILSVRC2012_val_00020730.JPEG
252,glide,4029,GenImage_test/glide/test/nature/ILSVRC2012_val_00005676.JPEG
252,glide,4030,GenImage_test/glide/test/ai/GLIDE_1000_200_07_789_glide_00143.png
252,glide,4031,GenImage_test/glide/test/nature/ILSVRC2012_val_00038713.JPEG
252,glide,4032,GenImage_test/glide/test/ai/GLIDE_1000_200_03_310_glide_00143.png
252,glide,4033,GenImage_test/glide/test/ai/GLIDE_1000_200_02_278_glide_00039.png
252,glide,4034,GenImage_test/glide/test/ai/GLIDE_1000_200_06_690_glide_00039.png
252,glide,4035,GenImage_test/glide/test/nature/ILSVRC2012_val_00001848.JPEG
252,glide,4036,GenImage_test/glide/test/nature/ILSVRC2012_val_00000454.JPEG
252,glide,4037,GenImage_test/glide/test/ai/GLIDE_1000_200_06_620_glide_00143.png
252,glide,4038,GenImage_test/glide/test/nature/ILSVRC2012_val_00011851.JPEG
252,glide,4039,GenImage_test/glide/test/nature/ILSVRC2012_val_00025528.JPEG
253,glide,4040,GenImage_test/glide/test/nature/ILSVRC2012_val_00047330.JPEG
253,glide,4041,GenImage_test/glide/test/ai/GLIDE_1000_200_01_120_glide_00127.png
253,glide,4042,GenImage_test/glide/test/nature/ILSVRC2012_val_00025433.JPEG
253,glide,4043,GenImage_test/glide/test/ai/GLIDE_1000_200_03_398_glide_00020.png
253,glide,4044,GenImage_test/glide/test/ai/GLIDE_1000_200_02_236_glide_00127.png
253,glide,4045,GenImage_test/glide/test/ai/GLIDE_1000_200_06_606_glide_00127.png
253,glide,4046,GenImage_test/glide/test/ai/GLIDE_1000_200_02_297_glide_00143.png
253,glide,4047,GenImage_test/glide/test/nature/ILSVRC2012_val_00046568.JPEG
253,glide,4048,GenImage_test/glide/test/ai/GLIDE_1000_200_09_948_glide_00035.png
253,glide,4049,GenImage_test/glide/test/nature/ILSVRC2012_val_00021350.JPEG
253,glide,4050,GenImage_test/glide/test/ai/GLIDE_1000_200_08_816_glide_00035.png
253,glide,4051,GenImage_test/glide/test/ai/GLIDE_1000_200_07_770_glide_00039.png
253,glide,4052,GenImage_test/glide/test/nature/ILSVRC2012_val_00001880.JPEG
253,glide,4053,GenImage_test/glide/test/nature/ILSVRC2012_val_00040033.JPEG
253,glide,4054,GenImage_test/glide/test/ai/GLIDE_1000_200_02_272_glide_00039.png
253,glide,4055,GenImage_test/glide/test/ai/GLIDE_1000_200_09_908_glide_00039.png
254,glide,4056,GenImage_test/glide/test/ai/GLIDE_1000_200_08_803_glide_00039.png
254,glide,4057,GenImage_test/glide/test/nature/ILSVRC2012_val_00020334.JPEG
254,glide,4058,GenImage_test/glide/test/nature/ILSVRC2012_val_00045537.JPEG
254,glide,4059,GenImage_test/glide/test/ai/GLIDE_1000_200_02_279_glide_00035.png
254,glide,4060,GenImage_test/glide/test/nature/ILSVRC2012_val_00013802.JPEG
254,glide,4061,GenImage_test/glide/test/nature/ILSVRC2012_val_00000554.JPEG
254,glide,4062,GenImage_test/glide/test/ai/GLIDE_1000_200_08_850_glide_00020.png
254,glide,4063,GenImage_test/glide/test/nature/ILSVRC2012_val_00048127.JPEG
254,glide,4064,GenImage_test/glide/test/ai/GLIDE_1000_200_08_894_glide_00035.png
254,glide,4065,GenImage_test/glide/test/ai/GLIDE_1000_200_07_733_glide_00020.png
254,glide,4066,GenImage_test/glide/test/nature/ILSVRC2012_val_00026865.JPEG
254,glide,4067,GenImage_test/glide/test/ai/GLIDE_1000_200_06_654_glide_00035.png
254,glide,4068,GenImage_test/glide/test/ai/GLIDE_1000_200_05_573_glide_00035.png
254,glide,4069,GenImage_test/glide/test/ai/GLIDE_1000_200_02_257_glide_00020.png
254,glide,4070,GenImage_test/glide/test/ai/GLIDE_1000_200_02_253_glide_00074.png
254,glide,4071,GenImage_test/glide/test/ai/GLIDE_1000_200_04_436_glide_00020.png
255,glide,4072,GenImage_test/glide/test/nature/ILSVRC2012_val_00025942.JPEG
255,glide,4073,GenImage_test/glide/test/nature/ILSVRC2012_val_00020225.JPEG
255,glide,4074,GenImage_test/glide/test/nature/ILSVRC2012_val_00013014.JPEG
255,glide,4075,GenImage_test/glide/test/ai/GLIDE_1000_200_05_587_glide_00039.png
255,glide,4076,GenImage_test/glide/test/nature/ILSVRC2012_val_00002154.JPEG
255,glide,4077,GenImage_test/glide/test/ai/GLIDE_1000_200_06_667_glide_00127.png
255,glide,4078,GenImage_test/glide/test/ai/GLIDE_1000_200_08_892_glide_00020.png
255,glide,4079,GenImage_test/glide/test/ai/GLIDE_1000_200_05_542_glide_00074.png
255,glide,4080,GenImage_test/glide/test/ai/GLIDE_1000_200_02_261_glide_00035.png
255,glide,4081,GenImage_test/glide/test/nature/ILSVRC2012_val_00012866.JPEG
255,glide,4082,GenImage_test/glide/test/ai/GLIDE_1000_200_01_196_glide_00143.png
255,glide,4083,GenImage_test/glide/test/nature/ILSVRC2012_val_00046113.JPEG
255,glide,4084,GenImage_test/glide/test/nature/ILSVRC2012_val_00015628.JPEG
255,glide,4085,GenImage_test/glide/test/nature/ILSVRC2012_val_00000647.JPEG
255,glide,4086,GenImage_test/glide/test/nature/ILSVRC2012_val_00031665.JPEG
255,glide,4087,GenImage_test/glide/test/ai/GLIDE_1000_200_01_171_glide_00143.png
256,glide,4088,GenImage_test/glide/test/nature/ILSVRC2012_val_00015333.JPEG
256,glide,4089,GenImage_test/glide/test/nature/ILSVRC2012_val_00021373.JPEG
256,glide,4090,GenImage_test/glide/test/ai/GLIDE_1000_200_02_283_glide_00039.png
256,glide,4091,GenImage_test/glide/test/nature/ILSVRC2012_val_00039996.JPEG
256,glide,4092,GenImage_test/glide/test/ai/GLIDE_1000_200_09_959_glide_00143.png
256,glide,4093,GenImage_test/glide/test/nature/ILSVRC2012_val_00022427.JPEG
256,glide,4094,GenImage_test/glide/test/ai/GLIDE_1000_200_08_857_glide_00035.png
256,glide,4095,GenImage_test/glide/test/nature/ILSVRC2012_val_00011739.JPEG
256,glide,4096,GenImage_test/glide/test/ai/GLIDE_1000_200_03_355_glide_00127.png
256,glide,4097,GenImage_test/glide/test/ai/GLIDE_1000_200_06_611_glide_00035.png
256,glide,4098,GenImage_test/glide/test/nature/ILSVRC2012_val_00033115.JPEG
256,glide,4099,GenImage_test/glide/test/ai/GLIDE_1000_200_03_363_glide_00035.png
256,glide,4100,GenImage_test/glide/test/nature/ILSVRC2012_val_00044559.JPEG
256,glide,4101,GenImage_test/glide/test/ai/GLIDE_1000_200_08_842_glide_00143.png
256,glide,4102,GenImage_test/glide/test/ai/GLIDE_1000_200_09_919_glide_00020.png
256,glide,4103,GenImage_test/glide/test/nature/ILSVRC2012_val_00027335.JPEG
257,glide,4104,GenImage_test/glide/test/nature/ILSVRC2012_val_00049124.JPEG
257,glide,4105,GenImage_test/glide/test/ai/GLIDE_1000_200_07_738_glide_00035.png
257,glide,4106,GenImage_test/glide/test/nature/ILSVRC2012_val_00045704.JPEG
257,glide,4107,GenImage_test/glide/test/ai/GLIDE_1000_200_03_363_glide_00039.png
257,glide,4108,GenImage_test/glide/test/nature/ILSVRC2012_val_00037735.JPEG
257,glide,4109,GenImage_test/glide/test/nature/ILSVRC2012_val_00013960.JPEG
257,glide,4110,GenImage_test/glide/test/nature/ILSVRC2012_val_00037890.JPEG
257,glide,4111,GenImage_test/glide/test/ai/GLIDE_1000_200_02_240_glide_00143.png
257,glide,4112,GenImage_test/glide/test/ai/GLIDE_1000_200_03_312_glide_00035.png
257,glide,4113,GenImage_test/glide/test/nature/ILSVRC2012_val_00007306.JPEG
257,glide,4114,GenImage_test/glide/test/nature/ILSVRC2012_val_00004585.JPEG
257,glide,4115,GenImage_test/glide/test/nature/ILSVRC2012_val_00005401.JPEG
257,glide,4116,GenImage_test/glide/test/nature/ILSVRC2012_val_00021678.JPEG
257,glide,4117,GenImage_test/glide/test/ai/GLIDE_1000_200_00_047_glide_00074.png
257,glide,4118,GenImage_test/glide/test/nature/ILSVRC2012_val_00009948.JPEG
257,glide,4119,GenImage_test/glide/test/nature/ILSVRC2012_val_00031286.JPEG
258,glide,4120,GenImage_test/glide/test/nature/ILSVRC2012_val_00002843.JPEG
258,glide,4121,GenImage_test/glide/test/nature/ILSVRC2012_val_00009649.JPEG
258,glide,4122,GenImage_test/glide/test/nature/ILSVRC2012_val_00026022.JPEG
258,glide,4123,GenImage_test/glide/test/ai/GLIDE_1000_200_01_143_glide_00074.png
258,glide,4124,GenImage_test/glide/test/nature/ILSVRC2012_val_00048710.JPEG
258,glide,4125,GenImage_test/glide/test/ai/GLIDE_1000_200_01_150_glide_00143.png
258,glide,4126,GenImage_test/glide/test/ai/GLIDE_1000_200_07_757_glide_00143.png
258,glide,4127,GenImage_test/glide/test/ai/GLIDE_1000_200_04_476_glide_00127.png
258,glide,4128,GenImage_test/glide/test/ai/GLIDE_1000_200_06_651_glide_00039.png
258,glide,4129,GenImage_test/glide/test/ai/GLIDE_1000_200_01_168_glide_00127.png
258,glide,4130,GenImage_test/glide/test/nature/ILSVRC2012_val_00043391.JPEG
258,glide,4131,GenImage_test/glide/test/nature/ILSVRC2012_val_00029638.JPEG
258,glide,4132,GenImage_test/glide/test/nature/ILSVRC2012_val_00001021.JPEG
258,glide,4133,GenImage_test/glide/test/ai/GLIDE_1000_200_07_781_glide_00035.png
258,glide,4134,GenImage_test/glide/test/ai/GLIDE_1000_200_07_779_glide_00039.png
258,glide,4135,GenImage_test/glide/test/ai/GLIDE_1000_200_03_356_glide_00035.png
259,glide,4136,GenImage_test/glide/test/nature/ILSVRC2012_val_00002141.JPEG
259,glide,4137,GenImage_test/glide/test/nature/ILSVRC2012_val_00001394.JPEG
259,glide,4138,GenImage_test/glide/test/ai/GLIDE_1000_200_02_241_glide_00039.png
259,glide,4139,GenImage_test/glide/test/ai/GLIDE_1000_200_09_911_glide_00020.png
259,glide,4140,GenImage_test/glide/test/nature/ILSVRC2012_val_00027403.JPEG
259,glide,4141,GenImage_test/glide/test/ai/GLIDE_1000_200_00_036_glide_00035.png
259,glide,4142,GenImage_test/glide/test/nature/ILSVRC2012_val_00021818.JPEG
259,glide,4143,GenImage_test/glide/test/nature/ILSVRC2012_val_00008743.JPEG
259,glide,4144,GenImage_test/glide/test/nature/ILSVRC2012_val_00003753.JPEG
259,glide,4145,GenImage_test/glide/test/nature/ILSVRC2012_val_00024711.JPEG
259,glide,4146,GenImage_test/glide/test/ai/GLIDE_1000_200_02_265_glide_00039.png
259,glide,4147,GenImage_test/glide/test/nature/ILSVRC2012_val_00029883.JPEG
259,glide,4148,GenImage_test/glide/test/ai/GLIDE_1000_200_05_504_glide_00074.png
259,glide,4149,GenImage_test/glide/test/nature/ILSVRC2012_val_00012468.JPEG
259,glide,4150,GenImage_test/glide/test/ai/GLIDE_1000_200_07_720_glide_00035.png
259,glide,4151,GenImage_test/glide/test/ai/GLIDE_1000_200_07_788_glide_00035.png
260,glide,4152,GenImage_test/glide/test/ai/GLIDE_1000_200_00_085_glide_00127.png
260,glide,4153,GenImage_test/glide/test/ai/GLIDE_1000_200_01_145_glide_00020.png
260,glide,4154,GenImage_test/glide/test/nature/ILSVRC2012_val_00031085.JPEG
260,glide,4155,GenImage_test/glide/test/ai/GLIDE_1000_200_06_626_glide_00127.png
260,glide,4156,GenImage_test/glide/test/ai/GLIDE_1000_200_02_298_glide_00074.png
260,glide,4157,GenImage_test/glide/test/nature/ILSVRC2012_val_00003783.JPEG
260,glide,4158,GenImage_test/glide/test/nature/ILSVRC2012_val_00028628.JPEG
260,glide,4159,GenImage_test/glide/test/ai/GLIDE_1000_200_01_180_glide_00143.png
260,glide,4160,GenImage_test/glide/test/ai/GLIDE_1000_200_00_030_glide_00035.png
260,glide,4161,GenImage_test/glide/test/ai/GLIDE_1000_200_05_554_glide_00035.png
260,glide,4162,GenImage_test/glide/test/nature/ILSVRC2012_val_00004040.JPEG
260,glide,4163,GenImage_test/glide/test/nature/ILSVRC2012_val_00048229.JPEG
260,glide,4164,GenImage_test/glide/test/ai/GLIDE_1000_200_02_258_glide_00039.png
260,glide,4165,GenImage_test/glide/test/ai/GLIDE_1000_200_02_293_glide_00035.png
260,glide,4166,GenImage_test/glide/test/ai/GLIDE_1000_200_03_356_glide_00127.png
260,glide,4167,GenImage_test/glide/test/ai/GLIDE_1000_200_08_843_glide_00143.png
261,glide,4168,GenImage_test/glide/test/nature/ILSVRC2012_val_00027263.JPEG
261,glide,4169,GenImage_test/glide/test/nature/ILSVRC2012_val_00025345.JPEG
261,glide,4170,GenImage_test/glide/test/ai/GLIDE_1000_200_02_246_glide_00035.png
261,glide,4171,GenImage_test/glide/test/nature/ILSVRC2012_val_00042699.JPEG
261,glide,4172,GenImage_test/glide/test/ai/GLIDE_1000_200_09_947_glide_00035.png
261,glide,4173,GenImage_test/glide/test/nature/ILSVRC2012_val_00029405.JPEG
261,glide,4174,GenImage_test/glide/test/nature/ILSVRC2012_val_00023523.JPEG
261,glide,4175,GenImage_test/glide/test/nature/ILSVRC2012_val_00036153.JPEG
261,glide,4176,GenImage_test/glide/test/ai/GLIDE_1000_200_02_266_glide_00020.png
261,glide,4177,GenImage_test/glide/test/nature/ILSVRC2012_val_00009673.JPEG
261,glide,4178,GenImage_test/glide/test/ai/GLIDE_1000_200_01_112_glide_00039.png
261,glide,4179,GenImage_test/glide/test/ai/GLIDE_1000_200_06_641_glide_00035.png
261,glide,4180,GenImage_test/glide/test/nature/ILSVRC2012_val_00002086.JPEG
261,glide,4181,GenImage_test/glide/test/nature/ILSVRC2012_val_00028636.JPEG
261,glide,4182,GenImage_test/glide/test/nature/ILSVRC2012_val_00034419.JPEG
261,glide,4183,GenImage_test/glide/test/ai/GLIDE_1000_200_00_041_glide_00039.png
262,glide,4184,GenImage_test/glide/test/nature/ILSVRC2012_val_00028281.JPEG
262,glide,4185,GenImage_test/glide/test/nature/ILSVRC2012_val_00039703.JPEG
262,glide,4186,GenImage_test/glide/test/ai/GLIDE_1000_200_01_181_glide_00074.png
262,glide,4187,GenImage_test/glide/test/nature/ILSVRC2012_val_00023642.JPEG
262,glide,4188,GenImage_test/glide/test/nature/ILSVRC2012_val_00028190.JPEG
262,glide,4189,GenImage_test/glide/test/nature/ILSVRC2012_val_00000182.JPEG
262,glide,4190,GenImage_test/glide/test/ai/GLIDE_1000_200_07_732_glide_00039.png
262,glide,4191,GenImage_test/glide/test/nature/ILSVRC2012_val_00011767.JPEG
262,glide,4192,GenImage_test/glide/test/ai/GLIDE_1000_200_08_871_glide_00039.png
262,glide,4193,GenImage_test/glide/test/nature/ILSVRC2012_val_00003802.JPEG
262,glide,4194,GenImage_test/glide/test/ai/GLIDE_1000_200_03_323_glide_00127.png
262,glide,4195,GenImage_test/glide/test/ai/GLIDE_1000_200_01_163_glide_00039.png
262,glide,4196,GenImage_test/glide/test/nature/ILSVRC2012_val_00012756.JPEG
262,glide,4197,GenImage_test/glide/test/ai/GLIDE_1000_200_08_809_glide_00127.png
262,glide,4198,GenImage_test/glide/test/nature/ILSVRC2012_val_00029962.JPEG
262,glide,4199,GenImage_test/glide/test/ai/GLIDE_1000_200_08_819_glide_00039.png
263,glide,4200,GenImage_test/glide/test/nature/ILSVRC2012_val_00048729.JPEG
263,glide,4201,GenImage_test/glide/test/nature/ILSVRC2012_val_00007006.JPEG
263,glide,4202,GenImage_test/glide/test/ai/GLIDE_1000_200_00_066_glide_00127.png
263,glide,4203,GenImage_test/glide/test/ai/GLIDE_1000_200_05_539_glide_00035.png
263,glide,4204,GenImage_test/glide/test/ai/GLIDE_1000_200_08_883_glide_00020.png
263,glide,4205,GenImage_test/glide/test/nature/ILSVRC2012_val_00008576.JPEG
263,glide,4206,GenImage_test/glide/test/ai/GLIDE_1000_200_02_299_glide_00127.png
263,glide,4207,GenImage_test/glide/test/nature/ILSVRC2012_val_00041050.JPEG
263,glide,4208,GenImage_test/glide/test/ai/GLIDE_1000_200_03_398_glide_00127.png
263,glide,4209,GenImage_test/glide/test/ai/GLIDE_1000_200_04_479_glide_00039.png
263,glide,4210,GenImage_test/glide/test/nature/ILSVRC2012_val_00049580.JPEG
263,glide,4211,GenImage_test/glide/test/ai/GLIDE_1000_200_01_159_glide_00074.png
263,glide,4212,GenImage_test/glide/test/nature/ILSVRC2012_val_00039398.JPEG
263,glide,4213,GenImage_test/glide/test/ai/GLIDE_1000_200_04_404_glide_00035.png
263,glide,4214,GenImage_test/glide/test/nature/ILSVRC2012_val_00013711.JPEG
263,glide,4215,GenImage_test/glide/test/ai/GLIDE_1000_200_02_272_glide_00035.png
264,glide,4216,GenImage_test/glide/test/ai/GLIDE_1000_200_04_488_glide_00143.png
264,glide,4217,GenImage_test/glide/test/nature/ILSVRC2012_val_00000007.JPEG
264,glide,4218,GenImage_test/glide/test/nature/ILSVRC2012_val_00039862.JPEG
264,glide,4219,GenImage_test/glide/test/ai/GLIDE_1000_200_09_952_glide_00127.png
264,glide,4220,GenImage_test/glide/test/ai/GLIDE_1000_200_01_124_glide_00074.png
264,glide,4221,GenImage_test/glide/test/ai/GLIDE_1000_200_03_317_glide_00143.png
264,glide,4222,GenImage_test/glide/test/ai/GLIDE_1000_200_08_810_glide_00035.png
264,glide,4223,GenImage_test/glide/test/ai/GLIDE_1000_200_08_840_glide_00035.png
264,glide,4224,GenImage_test/glide/test/ai/GLIDE_1000_200_00_094_glide_00035.png
264,glide,4225,GenImage_test/glide/test/ai/GLIDE_1000_200_05_566_glide_00035.png
264,glide,4226,GenImage_test/glide/test/ai/GLIDE_1000_200_03_368_glide_00074.png
264,glide,4227,GenImage_test/glide/test/ai/GLIDE_1000_200_05_555_glide_00035.png
264,glide,4228,GenImage_test/glide/test/ai/GLIDE_1000_200_01_147_glide_00020.png
264,glide,4229,GenImage_test/glide/test/nature/ILSVRC2012_val_00046789.JPEG
264,glide,4230,GenImage_test/glide/test/nature/ILSVRC2012_val_00046830.JPEG
264,glide,4231,GenImage_test/glide/test/ai/GLIDE_1000_200_02_225_glide_00039.png
265,glide,4232,GenImage_test/glide/test/ai/GLIDE_1000_200_06_627_glide_00143.png
265,glide,4233,GenImage_test/glide/test/ai/GLIDE_1000_200_05_557_glide_00020.png
265,glide,4234,GenImage_test/glide/test/ai/GLIDE_1000_200_06_695_glide_00074.png
265,glide,4235,GenImage_test/glide/test/ai/GLIDE_1000_200_03_348_glide_00127.png
265,glide,4236,GenImage_test/glide/test/nature/ILSVRC2012_val_00006482.JPEG
265,glide,4237,GenImage_test/glide/test/nature/ILSVRC2012_val_00009171.JPEG
265,glide,4238,GenImage_test/glide/test/nature/ILSVRC2012_val_00008129.JPEG
265,glide,4239,GenImage_test/glide/test/ai/GLIDE_1000_200_07_725_glide_00035.png
265,glide,4240,GenImage_test/glide/test/nature/ILSVRC2012_val_00032881.JPEG
265,glide,4241,GenImage_test/glide/test/ai/GLIDE_1000_200_01_178_glide_00020.png
265,glide,4242,GenImage_test/glide/test/ai/GLIDE_1000_200_01_136_glide_00035.png
265,glide,4243,GenImage_test/glide/test/ai/GLIDE_1000_200_07_778_glide_00035.png
265,glide,4244,GenImage_test/glide/test/nature/ILSVRC2012_val_00010230.JPEG
265,glide,4245,GenImage_test/glide/test/nature/ILSVRC2012_val_00008009.JPEG
265,glide,4246,GenImage_test/glide/test/nature/ILSVRC2012_val_00012839.JPEG
265,glide,4247,GenImage_test/glide/test/ai/GLIDE_1000_200_02_290_glide_00127.png
266,glide,4248,GenImage_test/glide/test/ai/GLIDE_1000_200_02_231_glide_00127.png
266,glide,4249,GenImage_test/glide/test/nature/ILSVRC2012_val_00041053.JPEG
266,glide,4250,GenImage_test/glide/test/nature/ILSVRC2012_val_00017552.JPEG
266,glide,4251,GenImage_test/glide/test/ai/GLIDE_1000_200_04_487_glide_00143.png
266,glide,4252,GenImage_test/glide/test/ai/GLIDE_1000_200_08_882_glide_00074.png
266,glide,4253,GenImage_test/glide/test/nature/ILSVRC2012_val_00026051.JPEG
266,glide,4254,GenImage_test/glide/test/nature/ILSVRC2012_val_00015035.JPEG
266,glide,4255,GenImage_test/glide/test/nature/ILSVRC2012_val_00047269.JPEG
266,glide,4256,GenImage_test/glide/test/ai/GLIDE_1000_200_03_367_glide_00039.png
266,glide,4257,GenImage_test/glide/test/nature/ILSVRC2012_val_00011874.JPEG
266,glide,4258,GenImage_test/glide/test/ai/GLIDE_1000_200_01_191_glide_00020.png
266,glide,4259,GenImage_test/glide/test/ai/GLIDE_1000_200_02_217_glide_00035.png
266,glide,4260,GenImage_test/glide/test/nature/ILSVRC2012_val_00012513.JPEG
266,glide,4261,GenImage_test/glide/test/nature/ILSVRC2012_val_00045216.JPEG
266,glide,4262,GenImage_test/glide/test/nature/ILSVRC2012_val_00039820.JPEG
266,glide,4263,GenImage_test/glide/test/ai/GLIDE_1000_200_08_897_glide_00035.png
267,glide,4264,GenImage_test/glide/test/ai/GLIDE_1000_200_02_254_glide_00020.png
267,glide,4265,GenImage_test/glide/test/ai/GLIDE_1000_200_01_101_glide_00020.png
267,glide,4266,GenImage_test/glide/test/nature/ILSVRC2012_val_00008160.JPEG
267,glide,4267,GenImage_test/glide/test/ai/GLIDE_1000_200_02_205_glide_00039.png
267,glide,4268,GenImage_test/glide/test/ai/GLIDE_1000_200_07_757_glide_00035.png
267,glide,4269,GenImage_test/glide/test/nature/ILSVRC2012_val_00033623.JPEG
267,glide,4270,GenImage_test/glide/test/ai/GLIDE_1000_200_01_172_glide_00020.png
267,glide,4271,GenImage_test/glide/test/nature/ILSVRC2012_val_00036612.JPEG
267,glide,4272,GenImage_test/glide/test/nature/ILSVRC2012_val_00030289.JPEG
267,glide,4273,GenImage_test/glide/test/ai/GLIDE_1000_200_09_980_glide_00127.png
267,glide,4274,GenImage_test/glide/test/ai/GLIDE_1000_200_02_238_glide_00127.png
267,glide,4275,GenImage_test/glide/test/nature/ILSVRC2012_val_00048765.JPEG
267,glide,4276,GenImage_test/glide/test/nature/ILSVRC2012_val_00040453.JPEG
267,glide,4277,GenImage_test/glide/test/nature/ILSVRC2012_val_00000701.JPEG
267,glide,4278,GenImage_test/glide/test/nature/ILSVRC2012_val_00033465.JPEG
267,glide,4279,GenImage_test/glide/test/ai/GLIDE_1000_200_04_477_glide_00035.png
268,glide,4280,GenImage_test/glide/test/nature/ILSVRC2012_val_00012348.JPEG
268,glide,4281,GenImage_test/glide/test/nature/ILSVRC2012_val_00014138.JPEG
268,glide,4282,GenImage_test/glide/test/ai/GLIDE_1000_200_06_686_glide_00074.png
268,glide,4283,GenImage_test/glide/test/ai/GLIDE_1000_200_09_943_glide_00074.png
268,glide,4284,GenImage_test/glide/test/nature/ILSVRC2012_val_00019324.JPEG
268,glide,4285,GenImage_test/glide/test/ai/GLIDE_1000_200_02_229_glide_00039.png
268,glide,4286,GenImage_test/glide/test/ai/GLIDE_1000_200_07_728_glide_00074.png
268,glide,4287,GenImage_test/glide/test/ai/GLIDE_1000_200_00_060_glide_00039.png
268,glide,4288,GenImage_test/glide/test/nature/ILSVRC2012_val_00014927.JPEG
268,glide,4289,GenImage_test/glide/test/nature/ILSVRC2012_val_00013167.JPEG
268,glide,4290,GenImage_test/glide/test/ai/GLIDE_1000_200_02_260_glide_00143.png
268,glide,4291,GenImage_test/glide/test/nature/ILSVRC2012_val_00005214.JPEG
268,glide,4292,GenImage_test/glide/test/nature/ILSVRC2012_val_00038192.JPEG
268,glide,4293,GenImage_test/glide/test/nature/ILSVRC2012_val_00040130.JPEG
268,glide,4294,GenImage_test/glide/test/nature/ILSVRC2012_val_00036892.JPEG
268,glide,4295,GenImage_test/glide/test/ai/GLIDE_1000_200_02_200_glide_00020.png
269,glide,4296,GenImage_test/glide/test/nature/ILSVRC2012_val_00020857.JPEG
269,glide,4297,GenImage_test/glide/test/nature/ILSVRC2012_val_00035430.JPEG
269,glide,4298,GenImage_test/glide/test/ai/GLIDE_1000_200_02_252_glide_00039.png
269,glide,4299,GenImage_test/glide/test/ai/GLIDE_1000_200_06_697_glide_00143.png
269,glide,4300,GenImage_test/glide/test/ai/GLIDE_1000_200_03_348_glide_00074.png
269,glide,4301,GenImage_test/glide/test/nature/ILSVRC2012_val_00031017.JPEG
269,glide,4302,GenImage_test/glide/test/nature/ILSVRC2012_val_00020988.JPEG
269,glide,4303,GenImage_test/glide/test/nature/ILSVRC2012_val_00025437.JPEG
269,glide,4304,GenImage_test/glide/test/ai/GLIDE_1000_200_05_572_glide_00127.png
269,glide,4305,GenImage_test/glide/test/ai/GLIDE_1000_200_08_875_glide_00127.png
269,glide,4306,GenImage_test/glide/test/nature/ILSVRC2012_val_00005962.JPEG
269,glide,4307,GenImage_test/glide/test/ai/GLIDE_1000_200_02_252_glide_00143.png
269,glide,4308,GenImage_test/glide/test/ai/GLIDE_1000_200_01_124_glide_00020.png
269,glide,4309,GenImage_test/glide/test/ai/GLIDE_1000_200_09_972_glide_00039.png
269,glide,4310,GenImage_test/glide/test/ai/GLIDE_1000_200_01_191_glide_00127.png
269,glide,4311,GenImage_test/glide/test/nature/ILSVRC2012_val_00028866.JPEG
270,glide,4312,GenImage_test/glide/test/nature/ILSVRC2012_val_00041218.JPEG
270,glide,4313,GenImage_test/glide/test/nature/ILSVRC2012_val_00037141.JPEG
270,glide,4314,GenImage_test/glide/test/nature/ILSVRC2012_val_00049368.JPEG
270,glide,4315,GenImage_test/glide/test/ai/GLIDE_1000_200_04_444_glide_00039.png
270,glide,4316,GenImage_test/glide/test/ai/GLIDE_1000_200_06_647_glide_00039.png
270,glide,4317,GenImage_test/glide/test/ai/GLIDE_1000_200_08_824_glide_00074.png
270,glide,4318,GenImage_test/glide/test/ai/GLIDE_1000_200_06_625_glide_00035.png
270,glide,4319,GenImage_test/glide/test/ai/GLIDE_1000_200_07_771_glide_00127.png
270,glide,4320,GenImage_test/glide/test/nature/ILSVRC2012_val_00000304.JPEG
270,glide,4321,GenImage_test/glide/test/ai/GLIDE_1000_200_05_567_glide_00035.png
270,glide,4322,GenImage_test/glide/test/ai/GLIDE_1000_200_08_827_glide_00035.png
270,glide,4323,GenImage_test/glide/test/nature/ILSVRC2012_val_00021451.JPEG
270,glide,4324,GenImage_test/glide/test/nature/ILSVRC2012_val_00036583.JPEG
270,glide,4325,GenImage_test/glide/test/ai/GLIDE_1000_200_02_230_glide_00035.png
270,glide,4326,GenImage_test/glide/test/nature/ILSVRC2012_val_00016120.JPEG
270,glide,4327,GenImage_test/glide/test/ai/GLIDE_1000_200_03_375_glide_00143.png
271,glide,4328,GenImage_test/glide/test/nature/ILSVRC2012_val_00009889.JPEG
271,glide,4329,GenImage_test/glide/test/nature/ILSVRC2012_val_00045005.JPEG
271,glide,4330,GenImage_test/glide/test/ai/GLIDE_1000_200_04_492_glide_00039.png
271,glide,4331,GenImage_test/glide/test/nature/ILSVRC2012_val_00017732.JPEG
271,glide,4332,GenImage_test/glide/test/ai/GLIDE_1000_200_07_708_glide_00127.png
271,glide,4333,GenImage_test/glide/test/ai/GLIDE_1000_200_08_814_glide_00143.png
271,glide,4334,GenImage_test/glide/test/nature/ILSVRC2012_val_00006257.JPEG
271,glide,4335,GenImage_test/glide/test/nature/ILSVRC2012_val_00043660.JPEG
271,glide,4336,GenImage_test/glide/test/nature/ILSVRC2012_val_00021446.JPEG
271,glide,4337,GenImage_test/glide/test/ai/GLIDE_1000_200_00_067_glide_00035.png
271,glide,4338,GenImage_test/glide/test/ai/GLIDE_1000_200_03_365_glide_00020.png
271,glide,4339,GenImage_test/glide/test/ai/GLIDE_1000_200_09_925_glide_00020.png
271,glide,4340,GenImage_test/glide/test/ai/GLIDE_1000_200_07_797_glide_00035.png
271,glide,4341,GenImage_test/glide/test/nature/ILSVRC2012_val_00008698.JPEG
271,glide,4342,GenImage_test/glide/test/nature/ILSVRC2012_val_00038466.JPEG
271,glide,4343,GenImage_test/glide/test/nature/ILSVRC2012_val_00048180.JPEG
272,glide,4344,GenImage_test/glide/test/ai/GLIDE_1000_200_08_850_glide_00143.png
272,glide,4345,GenImage_test/glide/test/nature/ILSVRC2012_val_00005985.JPEG
272,glide,4346,GenImage_test/glide/test/ai/GLIDE_1000_200_09_949_glide_00039.png
272,glide,4347,GenImage_test/glide/test/ai/GLIDE_1000_200_05_531_glide_00143.png
272,glide,4348,GenImage_test/glide/test/nature/ILSVRC2012_val_00037992.JPEG
272,glide,4349,GenImage_test/glide/test/nature/ILSVRC2012_val_00026896.JPEG
272,glide,4350,GenImage_test/glide/test/nature/ILSVRC2012_val_00014922.JPEG
272,glide,4351,GenImage_test/glide/test/nature/ILSVRC2012_val_00040409.JPEG
272,glide,4352,GenImage_test/glide/test/ai/GLIDE_1000_200_09_991_glide_00020.png
272,glide,4353,GenImage_test/glide/test/ai/GLIDE_1000_200_03_375_glide_00127.png
272,glide,4354,GenImage_test/glide/test/nature/ILSVRC2012_val_00019846.JPEG
272,glide,4355,GenImage_test/glide/test/nature/ILSVRC2012_val_00029825.JPEG
272,glide,4356,GenImage_test/glide/test/nature/ILSVRC2012_val_00034361.JPEG
272,glide,4357,GenImage_test/glide/test/ai/GLIDE_1000_200_03_375_glide_00039.png
272,glide,4358,GenImage_test/glide/test/nature/ILSVRC2012_val_00039304.JPEG
272,glide,4359,GenImage_test/glide/test/ai/GLIDE_1000_200_00_027_glide_00035.png
273,glide,4360,GenImage_test/glide/test/nature/ILSVRC2012_val_00005044.JPEG
273,glide,4361,GenImage_test/glide/test/ai/GLIDE_1000_200_02_232_glide_00035.png
273,glide,4362,GenImage_test/glide/test/nature/ILSVRC2012_val_00043484.JPEG
273,glide,4363,GenImage_test/glide/test/ai/GLIDE_1000_200_09_913_glide_00020.png
273,glide,4364,GenImage_test/glide/test/ai/GLIDE_1000_200_06_643_glide_00127.png
273,glide,4365,GenImage_test/glide/test/nature/ILSVRC2012_val_00001344.JPEG
273,glide,4366,GenImage_test/glide/test/nature/ILSVRC2012_val_00006957.JPEG
273,glide,4367,GenImage_test/glide/test/ai/GLIDE_1000_200_07_709_glide_00035.png
273,glide,4368,GenImage_test/glide/test/nature/ILSVRC2012_val_00006258.JPEG
273,glide,4369,GenImage_test/glide/test/nature/ILSVRC2012_val_00037831.JPEG
273,glide,4370,GenImage_test/glide/test/ai/GLIDE_1000_200_08_848_glide_00039.png
273,glide,4371,GenImage_test/glide/test/nature/ILSVRC2012_val_00005563.JPEG
273,glide,4372,GenImage_test/glide/test/ai/GLIDE_1000_200_03_315_glide_00074.png
273,glide,4373,GenImage_test/glide/test/nature/ILSVRC2012_val_00008574.JPEG
273,glide,4374,GenImage_test/glide/test/ai/GLIDE_1000_200_01_103_glide_00127.png
273,glide,4375,GenImage_test/glide/test/nature/ILSVRC2012_val_00001834.JPEG
274,glide,4376,GenImage_test/glide/test/nature/ILSVRC2012_val_00035097.JPEG
274,glide,4377,GenImage_test/glide/test/ai/GLIDE_1000_200_01_177_glide_00020.png
274,glide,4378,GenImage_test/glide/test/nature/ILSVRC2012_val_00031423.JPEG
274,glide,4379,GenImage_test/glide/test/ai/GLIDE_1000_200_01_191_glide_00143.png
274,glide,4380,GenImage_test/glide/test/nature/ILSVRC2012_val_00047778.JPEG
274,glide,4381,GenImage_test/glide/test/nature/ILSVRC2012_val_00010226.JPEG
274,glide,4382,GenImage_test/glide/test/nature/ILSVRC2012_val_00024626.JPEG
274,glide,4383,GenImage_test/glide/test/ai/GLIDE_1000_200_07_734_glide_00127.png
274,glide,4384,GenImage_test/glide/test/nature/ILSVRC2012_val_00020802.JPEG
274,glide,4385,GenImage_test/glide/test/ai/GLIDE_1000_200_02_295_glide_00039.png
274,glide,4386,GenImage_test/glide/test/nature/ILSVRC2012_val_00016037.JPEG
274,glide,4387,GenImage_test/glide/test/ai/GLIDE_1000_200_07_768_glide_00127.png
274,glide,4388,GenImage_test/glide/test/nature/ILSVRC2012_val_00035079.JPEG
274,glide,4389,GenImage_test/glide/test/ai/GLIDE_1000_200_04_421_glide_00143.png
274,glide,4390,GenImage_test/glide/test/ai/GLIDE_1000_200_08_836_glide_00074.png
274,glide,4391,GenImage_test/glide/test/nature/ILSVRC2012_val_00032376.JPEG
275,glide,4392,GenImage_test/glide/test/nature/ILSVRC2012_val_00021811.JPEG
275,glide,4393,GenImage_test/glide/test/ai/GLIDE_1000_200_03_318_glide_00143.png
275,glide,4394,GenImage_test/glide/test/ai/GLIDE_1000_200_05_565_glide_00143.png
275,glide,4395,GenImage_test/glide/test/ai/GLIDE_1000_200_04_438_glide_00127.png
275,glide,4396,GenImage_test/glide/test/ai/GLIDE_1000_200_04_487_glide_00020.png
275,glide,4397,GenImage_test/glide/test/ai/GLIDE_1000_200_07_722_glide_00143.png
275,glide,4398,GenImage_test/glide/test/ai/GLIDE_1000_200_02_257_glide_00127.png
275,glide,4399,GenImage_test/glide/test/nature/ILSVRC2012_val_00031864.JPEG
275,glide,4400,GenImage_test/glide/test/ai/GLIDE_1000_200_03_360_glide_00127.png
275,glide,4401,GenImage_test/glide/test/nature/ILSVRC2012_val_00042441.JPEG
275,glide,4402,GenImage_test/glide/test/nature/ILSVRC2012_val_00034032.JPEG
275,glide,4403,GenImage_test/glide/test/nature/ILSVRC2012_val_00038033.JPEG
275,glide,4404,GenImage_test/glide/test/nature/ILSVRC2012_val_00023641.JPEG
275,glide,4405,GenImage_test/glide/test/nature/ILSVRC2012_val_00015804.JPEG
275,glide,4406,GenImage_test/glide/test/nature/ILSVRC2012_val_00014427.JPEG
275,glide,4407,GenImage_test/glide/test/ai/GLIDE_1000_200_01_175_glide_00143.png
276,glide,4408,GenImage_test/glide/test/nature/ILSVRC2012_val_00014242.JPEG
276,glide,4409,GenImage_test/glide/test/nature/ILSVRC2012_val_00035280.JPEG
276,glide,4410,GenImage_test/glide/test/nature/ILSVRC2012_val_00007087.JPEG
276,glide,4411,GenImage_test/glide/test/nature/ILSVRC2012_val_00010286.JPEG
276,glide,4412,GenImage_test/glide/test/nature/ILSVRC2012_val_00034215.JPEG
276,glide,4413,GenImage_test/glide/test/nature/ILSVRC2012_val_00028568.JPEG
276,glide,4414,GenImage_test/glide/test/ai/GLIDE_1000_200_04_469_glide_00035.png
276,glide,4415,GenImage_test/glide/test/ai/GLIDE_1000_200_05_503_glide_00074.png
276,glide,4416,GenImage_test/glide/test/ai/GLIDE_1000_200_06_618_glide_00039.png
276,glide,4417,GenImage_test/glide/test/ai/GLIDE_1000_200_03_360_glide_00074.png
276,glide,4418,GenImage_test/glide/test/ai/GLIDE_1000_200_00_061_glide_00020.png
276,glide,4419,GenImage_test/glide/test/ai/GLIDE_1000_200_02_226_glide_00143.png
276,glide,4420,GenImage_test/glide/test/ai/GLIDE_1000_200_02_243_glide_00127.png
276,glide,4421,GenImage_test/glide/test/nature/ILSVRC2012_val_00049776.JPEG
276,glide,4422,GenImage_test/glide/test/ai/GLIDE_1000_200_00_089_glide_00127.png
276,glide,4423,GenImage_test/glide/test/ai/GLIDE_1000_200_00_002_glide_00074.png
277,glide,4424,GenImage_test/glide/test/nature/ILSVRC2012_val_00004820.JPEG
277,glide,4425,GenImage_test/glide/test/ai/GLIDE_1000_200_09_934_glide_00039.png
277,glide,4426,GenImage_test/glide/test/ai/GLIDE_1000_200_03_303_glide_00127.png
277,glide,4427,GenImage_test/glide/test/nature/ILSVRC2012_val_00045379.JPEG
277,glide,4428,GenImage_test/glide/test/nature/ILSVRC2012_val_00035701.JPEG
277,glide,4429,GenImage_test/glide/test/ai/GLIDE_1000_200_02_270_glide_00039.png
277,glide,4430,GenImage_test/glide/test/ai/GLIDE_1000_200_02_283_glide_00035.png
277,glide,4431,GenImage_test/glide/test/ai/GLIDE_1000_200_07_765_glide_00020.png
277,glide,4432,GenImage_test/glide/test/nature/ILSVRC2012_val_00028481.JPEG
277,glide,4433,GenImage_test/glide/test/ai/GLIDE_1000_200_05_576_glide_00143.png
277,glide,4434,GenImage_test/glide/test/nature/ILSVRC2012_val_00025294.JPEG
277,glide,4435,GenImage_test/glide/test/nature/ILSVRC2012_val_00047779.JPEG
277,glide,4436,GenImage_test/glide/test/nature/ILSVRC2012_val_00039404.JPEG
277,glide,4437,GenImage_test/glide/test/nature/ILSVRC2012_val_00014561.JPEG
277,glide,4438,GenImage_test/glide/test/nature/ILSVRC2012_val_00009607.JPEG
277,glide,4439,GenImage_test/glide/test/ai/GLIDE_1000_200_04_441_glide_00143.png
278,glide,4440,GenImage_test/glide/test/nature/ILSVRC2012_val_00020126.JPEG
278,glide,4441,GenImage_test/glide/test/ai/GLIDE_1000_200_03_329_glide_00143.png
278,glide,4442,GenImage_test/glide/test/ai/GLIDE_1000_200_09_968_glide_00127.png
278,glide,4443,GenImage_test/glide/test/nature/ILSVRC2012_val_00032573.JPEG
278,glide,4444,GenImage_test/glide/test/nature/ILSVRC2012_val_00028621.JPEG
278,glide,4445,GenImage_test/glide/test/ai/GLIDE_1000_200_05_527_glide_00143.png
278,glide,4446,GenImage_test/glide/test/nature/ILSVRC2012_val_00028701.JPEG
278,glide,4447,GenImage_test/glide/test/ai/GLIDE_1000_200_00_095_glide_00127.png
278,glide,4448,GenImage_test/glide/test/ai/GLIDE_1000_200_03_378_glide_00035.png
278,glide,4449,GenImage_test/glide/test/nature/ILSVRC2012_val_00043226.JPEG
278,glide,4450,GenImage_test/glide/test/nature/ILSVRC2012_val_00024982.JPEG
278,glide,4451,GenImage_test/glide/test/nature/ILSVRC2012_val_00035600.JPEG
278,glide,4452,GenImage_test/glide/test/ai/GLIDE_1000_200_06_654_glide_00074.png
278,glide,4453,GenImage_test/glide/test/ai/GLIDE_1000_200_06_670_glide_00143.png
278,glide,4454,GenImage_test/glide/test/ai/GLIDE_1000_200_04_414_glide_00035.png
278,glide,4455,GenImage_test/glide/test/ai/GLIDE_1000_200_01_188_glide_00143.png
279,glide,4456,GenImage_test/glide/test/ai/GLIDE_1000_200_09_970_glide_00127.png
279,glide,4457,GenImage_test/glide/test/ai/GLIDE_1000_200_09_940_glide_00127.png
279,glide,4458,GenImage_test/glide/test/ai/GLIDE_1000_200_02_213_glide_00020.png
279,glide,4459,GenImage_test/glide/test/ai/GLIDE_1000_200_01_179_glide_00074.png
279,glide,4460,GenImage_test/glide/test/ai/GLIDE_1000_200_09_934_glide_00074.png
279,glide,4461,GenImage_test/glide/test/ai/GLIDE_1000_200_04_449_glide_00074.png
279,glide,4462,GenImage_test/glide/test/nature/ILSVRC2012_val_00037613.JPEG
279,glide,4463,GenImage_test/glide/test/ai/GLIDE_1000_200_02_294_glide_00127.png
279,glide,4464,GenImage_test/glide/test/ai/GLIDE_1000_200_05_549_glide_00074.png
279,glide,4465,GenImage_test/glide/test/ai/GLIDE_1000_200_06_600_glide_00039.png
279,glide,4466,GenImage_test/glide/test/ai/GLIDE_1000_200_01_111_glide_00035.png
279,glide,4467,GenImage_test/glide/test/ai/GLIDE_1000_200_09_932_glide_00074.png
279,glide,4468,GenImage_test/glide/test/nature/ILSVRC2012_val_00025700.JPEG
279,glide,4469,GenImage_test/glide/test/ai/GLIDE_1000_200_07_747_glide_00127.png
279,glide,4470,GenImage_test/glide/test/ai/GLIDE_1000_200_02_205_glide_00074.png
279,glide,4471,GenImage_test/glide/test/nature/ILSVRC2012_val_00000253.JPEG
280,glide,4472,GenImage_test/glide/test/ai/GLIDE_1000_200_09_941_glide_00039.png
280,glide,4473,GenImage_test/glide/test/nature/ILSVRC2012_val_00013831.JPEG
280,glide,4474,GenImage_test/glide/test/nature/ILSVRC2012_val_00003647.JPEG
280,glide,4475,GenImage_test/glide/test/nature/ILSVRC2012_val_00031357.JPEG
280,glide,4476,GenImage_test/glide/test/nature/ILSVRC2012_val_00013048.JPEG
280,glide,4477,GenImage_test/glide/test/nature/ILSVRC2012_val_00022132.JPEG
280,glide,4478,GenImage_test/glide/test/nature/ILSVRC2012_val_00005224.JPEG
280,glide,4479,GenImage_test/glide/test/nature/ILSVRC2012_val_00006856.JPEG
280,glide,4480,GenImage_test/glide/test/nature/ILSVRC2012_val_00011168.JPEG
280,glide,4481,GenImage_test/glide/test/ai/GLIDE_1000_200_04_451_glide_00143.png
280,glide,4482,GenImage_test/glide/test/nature/ILSVRC2012_val_00008616.JPEG
280,glide,4483,GenImage_test/glide/test/nature/ILSVRC2012_val_00025928.JPEG
280,glide,4484,GenImage_test/glide/test/ai/GLIDE_1000_200_09_910_glide_00035.png
280,glide,4485,GenImage_test/glide/test/nature/ILSVRC2012_val_00026186.JPEG
280,glide,4486,GenImage_test/glide/test/nature/ILSVRC2012_val_00001943.JPEG
280,glide,4487,GenImage_test/glide/test/nature/ILSVRC2012_val_00020197.JPEG
281,glide,4488,GenImage_test/glide/test/ai/GLIDE_1000_200_01_103_glide_00035.png
281,glide,4489,GenImage_test/glide/test/nature/ILSVRC2012_val_00005919.JPEG
281,glide,4490,GenImage_test/glide/test/nature/ILSVRC2012_val_00046868.JPEG
281,glide,4491,GenImage_test/glide/test/ai/GLIDE_1000_200_09_962_glide_00127.png
281,glide,4492,GenImage_test/glide/test/ai/GLIDE_1000_200_04_478_glide_00039.png
281,glide,4493,GenImage_test/glide/test/ai/GLIDE_1000_200_07_792_glide_00127.png
281,glide,4494,GenImage_test/glide/test/ai/GLIDE_1000_200_04_470_glide_00143.png
281,glide,4495,GenImage_test/glide/test/nature/ILSVRC2012_val_00044701.JPEG
281,glide,4496,GenImage_test/glide/test/ai/GLIDE_1000_200_05_536_glide_00035.png
281,glide,4497,GenImage_test/glide/test/ai/GLIDE_1000_200_08_858_glide_00039.png
281,glide,4498,GenImage_test/glide/test/ai/GLIDE_1000_200_07_737_glide_00035.png
281,glide,4499,GenImage_test/glide/test/ai/GLIDE_1000_200_02_296_glide_00039.png
282,stable_diffusion_v_1_5,4500,GenImage_test/stable_diffusion_v_1_5/test/nature/ILSVRC2012_val_00035748.JPEG
282,stable_diffusion_v_1_5,4501,GenImage_test/stable_diffusion_v_1_5/test/nature/ILSVRC2012_val_00005120.JPEG
282,stable_diffusion_v_1_5,4502,GenImage_test/stable_diffusion_v_1_5/test/nature/ILSVRC2012_val_00008956.JPEG
282,stable_diffusion_v_1_5,4503,GenImage_test/stable_diffusion_v_1_5/test/ai/419_sdv5_00009.png
282,stable_diffusion_v_1_5,4504,GenImage_test/stable_diffusion_v_1_5/test/ai/004_sdv5_00100.png
282,stable_diffusion_v_1_5,4505,GenImage_test/stable_diffusion_v_1_5/test/nature/ILSVRC2012_val_00010205.JPEG
282,stable_diffusion_v_1_5,4506,GenImage_test/stable_diffusion_v_1_5/test/nature/ILSVRC2012_val_00025968.JPEG
282,stable_diffusion_v_1_5,4507,GenImage_test/stable_diffusion_v_1_5/test/ai/864_sdv5_00003.png
282,stable_diffusion_v_1_5,4508,GenImage_test/stable_diffusion_v_1_5/test/ai/580_sdv5_00003.png
282,stable_diffusion_v_1_5,4509,GenImage_test/stable_diffusion_v_1_5/test/nature/ILSVRC2012_val_00002704.JPEG
282,stable_diffusion_v_1_5,4510,GenImage_test/stable_diffusion_v_1_5/test/ai/315_sdv5_00009.png
282,stable_diffusion_v_1_5,4511,GenImage_test/stable_diffusion_v_1_5/test/nature/ILSVRC2012_val_00003318.JPEG
282,stable_diffusion_v_1_5,4512,GenImage_test/stable_diffusion_v_1_5/test/ai/242_sdv5_00020.png
282,stable_diffusion_v_1_5,4513,GenImage_test/stable_diffusion_v_1_5/test/nature/ILSVRC2012_val_00037732.JPEG
282,stable_diffusion_v_1_5,4514,GenImage_test/stable_diffusion_v_1_5/test/nature/ILSVRC2012_val_00028819.JPEG
282,stable_diffusion_v_1_5,4515,GenImage_test/stable_diffusion_v_1_5/test/nature/ILSVRC2012_val_00036975.JPEG
283,stable_diffusion_v_1_5,4516,GenImage_test/stable_diffusion_v_1_5/test/nature/ILSVRC2012_val_00005383.JPEG
283,stable_diffusion_v_1_5,4517,GenImage_test/stable_diffusion_v_1_5/test/ai/791_sdv5_00027.png
283,stable_diffusion_v_1_5,4518,GenImage_test/stable_diffusion_v_1_5/test/ai/730_sdv5_00100.png
283,stable_diffusion_v_1_5,4519,GenImage_test/stable_diffusion_v_1_5/test/ai/551_sdv5_00100.png
283,stable_diffusion_v_1_5,4520,GenImage_test/stable_diffusion_v_1_5/test/ai/769_sdv5_00135.png
283,stable_diffusion_v_1_5,4521,GenImage_test/stable_diffusion_v_1_5/test/ai/060_sdv5_00003.png
283,stable_diffusion_v_1_5,4522,GenImage_test/stable_diffusion_v_1_5/test/nature/ILSVRC2012_val_00004453.JPEG
283,stable_diffusion_v_1_5,4523,GenImage_test/stable_diffusion_v_1_5/test/ai/203_sdv5_00020.png
283,stable_diffusion_v_1_5,4524,GenImage_test/stable_diffusion_v_1_5/test/ai/107_sdv5_00003.png
283,stable_diffusion_v_1_5,4525,GenImage_test/stable_diffusion_v_1_5/test/ai/867_sdv5_00195.png
283,stable_diffusion_v_1_5,4526,GenImage_test/stable_diffusion_v_1_5/test/ai/241_sdv5_00100.png
283,stable_diffusion_v_1_5,4527,GenImage_test/stable_diffusion_v_1_5/test/nature/ILSVRC2012_val_00049702.JPEG
283,stable_diffusion_v_1_5,4528,GenImage_test/stable_diffusion_v_1_5/test/ai/238_sdv5_00003.png
283,stable_diffusion_v_1_5,4529,GenImage_test/stable_diffusion_v_1_5/test/nature/ILSVRC2012_val_00042108.JPEG
283,stable_diffusion_v_1_5,4530,GenImage_test/stable_diffusion_v_1_5/test/nature/ILSVRC2012_val_00022882.JPEG
283,stable_diffusion_v_1_5,4531,GenImage_test/stable_diffusion_v_1_5/test/ai/679_sdv5_00100.png
284,stable_diffusion_v_1_5,4532,GenImage_test/stable_diffusion_v_1_5/test/ai/174_sdv5_00100.png
284,stable_diffusion_v_1_5,4533,GenImage_test/stable_diffusion_v_1_5/test/nature/ILSVRC2012_val_00011212.JPEG
284,stable_diffusion_v_1_5,4534,GenImage_test/stable_diffusion_v_1_5/test/nature/ILSVRC2012_val_00006460.JPEG
284,stable_diffusion_v_1_5,4535,GenImage_test/stable_diffusion_v_1_5/test/ai/864_sdv5_00100.png
284,stable_diffusion_v_1_5,4536,GenImage_test/stable_diffusion_v_1_5/test/ai/560_sdv5_00100.png
284,stable_diffusion_v_1_5,4537,GenImage_test/stable_diffusion_v_1_5/test/nature/ILSVRC2012_val_00000919.JPEG
284,stable_diffusion_v_1_5,4538,GenImage_test/stable_diffusion_v_1_5/test/ai/991_sdv5_00027.png
284,stable_diffusion_v_1_5,4539,GenImage_test/stable_diffusion_v_1_5/test/ai/703_sdv5_00195.png
284,stable_diffusion_v_1_5,4540,GenImage_test/stable_diffusion_v_1_5/test/nature/ILSVRC2012_val_00014566.JPEG
284,stable_diffusion_v_1_5,4541,GenImage_test/stable_diffusion_v_1_5/test/ai/932_sdv5_00027.png
284,stable_diffusion_v_1_5,4542,GenImage_test/stable_diffusion_v_1_5/test/nature/ILSVRC2012_val_00040895.JPEG
284,stable_diffusion_v_1_5,4543,GenImage_test/stable_diffusion_v_1_5/test/ai/072_sdv5_00039.png
284,stable_diffusion_v_1_5,4544,GenImage_test/stable_diffusion_v_1_5/test/nature/ILSVRC2012_val_00016972.JPEG
284,stable_diffusion_v_1_5,4545,GenImage_test/stable_diffusion_v_1_5/test/nature/ILSVRC2012_val_00019117.JPEG
284,stable_diffusion_v_1_5,4546,GenImage_test/stable_diffusion_v_1_5/test/ai/809_sdv5_00009.png
284,stable_diffusion_v_1_5,4547,GenImage_test/stable_diffusion_v_1_5/test/nature/ILSVRC2012_val_00030154.JPEG
285,stable_diffusion_v_1_5,4548,GenImage_test/stable_diffusion_v_1_5/test/ai/367_sdv5_00009.png
285,stable_diffusion_v_1_5,4549,GenImage_test/stable_diffusion_v_1_5/test/ai/265_sdv5_00003.png
285,stable_diffusion_v_1_5,4550,GenImage_test/stable_diffusion_v_1_5/test/nature/ILSVRC2012_val_00046092.JPEG
285,stable_diffusion_v_1_5,4551,GenImage_test/stable_diffusion_v_1_5/test/nature/ILSVRC2012_val_00033419.JPEG
285,stable_diffusion_v_1_5,4552,GenImage_test/stable_diffusion_v_1_5/test/nature/ILSVRC2012_val_00012600.JPEG
285,stable_diffusion_v_1_5,4553,GenImage_test/stable_diffusion_v_1_5/test/nature/ILSVRC2012_val_00032955.JPEG
285,stable_diffusion_v_1_5,4554,GenImage_test/stable_diffusion_v_1_5/test/nature/ILSVRC2012_val_00049013.JPEG
285,stable_diffusion_v_1_5,4555,GenImage_test/stable_diffusion_v_1_5/test/nature/ILSVRC2012_val_00001542.JPEG
285,stable_diffusion_v_1_5,4556,GenImage_test/stable_diffusion_v_1_5/test/nature/ILSVRC2012_val_00039141.JPEG
285,stable_diffusion_v_1_5,4557,GenImage_test/stable_diffusion_v_1_5/test/nature/ILSVRC2012_val_00016631.JPEG
285,stable_diffusion_v_1_5,4558,GenImage_test/stable_diffusion_v_1_5/test/nature/ILSVRC2012_val_00009951.JPEG
285,stable_diffusion_v_1_5,4559,GenImage_test/stable_diffusion_v_1_5/test/nature/ILSVRC2012_val_00046570.JPEG
285,stable_diffusion_v_1_5,4560,GenImage_test/stable_diffusion_v_1_5/test/nature/ILSVRC2012_val_00019468.JPEG
285,stable_diffusion_v_1_5,4561,GenImage_test/stable_diffusion_v_1_5/test/nature/ILSVRC2012_val_00049240.JPEG
285,stable_diffusion_v_1_5,4562,GenImage_test/stable_diffusion_v_1_5/test/ai/134_sdv5_00020.png
285,stable_diffusion_v_1_5,4563,GenImage_test/stable_diffusion_v_1_5/test/ai/468_sdv5_00009.png
286,stable_diffusion_v_1_5,4564,GenImage_test/stable_diffusion_v_1_5/test/ai/293_sdv5_00100.png
286,stable_diffusion_v_1_5,4565,GenImage_test/stable_diffusion_v_1_5/test/nature/ILSVRC2012_val_00041249.JPEG
286,stable_diffusion_v_1_5,4566,GenImage_test/stable_diffusion_v_1_5/test/nature/ILSVRC2012_val_00032157.JPEG
286,stable_diffusion_v_1_5,4567,GenImage_test/stable_diffusion_v_1_5/test/nature/ILSVRC2012_val_00011995.JPEG
286,stable_diffusion_v_1_5,4568,GenImage_test/stable_diffusion_v_1_5/test/nature/ILSVRC2012_val_00049883.JPEG
286,stable_diffusion_v_1_5,4569,GenImage_test/stable_diffusion_v_1_5/test/nature/ILSVRC2012_val_00025594.JPEG
286,stable_diffusion_v_1_5,4570,GenImage_test/stable_diffusion_v_1_5/test/ai/511_sdv5_00039.png
286,stable_diffusion_v_1_5,4571,GenImage_test/stable_diffusion_v_1_5/test/nature/ILSVRC2012_val_00034936.JPEG
286,stable_diffusion_v_1_5,4572,GenImage_test/stable_diffusion_v_1_5/test/nature/ILSVRC2012_val_00026337.JPEG
286,stable_diffusion_v_1_5,4573,GenImage_test/stable_diffusion_v_1_5/test/nature/ILSVRC2012_val_00010349.JPEG
286,stable_diffusion_v_1_5,4574,GenImage_test/stable_diffusion_v_1_5/test/ai/354_sdv5_00027.png
286,stable_diffusion_v_1_5,4575,GenImage_test/stable_diffusion_v_1_5/test/nature/ILSVRC2012_val_00022196.JPEG
286,stable_diffusion_v_1_5,4576,GenImage_test/stable_diffusion_v_1_5/test/ai/236_sdv5_00009.png
286,stable_diffusion_v_1_5,4577,GenImage_test/stable_diffusion_v_1_5/test/nature/ILSVRC2012_val_00035791.JPEG
286,stable_diffusion_v_1_5,4578,GenImage_test/stable_diffusion_v_1_5/test/nature/ILSVRC2012_val_00032783.JPEG
286,stable_diffusion_v_1_5,4579,GenImage_test/stable_diffusion_v_1_5/test/nature/ILSVRC2012_val_00018701.JPEG
287,stable_diffusion_v_1_5,4580,GenImage_test/stable_diffusion_v_1_5/test/ai/167_sdv5_00039.png
287,stable_diffusion_v_1_5,4581,GenImage_test/stable_diffusion_v_1_5/test/nature/ILSVRC2012_val_00000927.JPEG
287,stable_diffusion_v_1_5,4582,GenImage_test/stable_diffusion_v_1_5/test/ai/716_sdv5_00003.png
287,stable_diffusion_v_1_5,4583,GenImage_test/stable_diffusion_v_1_5/test/nature/ILSVRC2012_val_00013379.JPEG
287,stable_diffusion_v_1_5,4584,GenImage_test/stable_diffusion_v_1_5/test/nature/ILSVRC2012_val_00003473.JPEG
287,stable_diffusion_v_1_5,4585,GenImage_test/stable_diffusion_v_1_5/test/nature/ILSVRC2012_val_00035556.JPEG
287,stable_diffusion_v_1_5,4586,GenImage_test/stable_diffusion_v_1_5/test/nature/ILSVRC2012_val_00010428.JPEG
287,stable_diffusion_v_1_5,4587,GenImage_test/stable_diffusion_v_1_5/test/nature/ILSVRC2012_val_00010927.JPEG
287,stable_diffusion_v_1_5,4588,GenImage_test/stable_diffusion_v_1_5/test/nature/ILSVRC2012_val_00019659.JPEG
287,stable_diffusion_v_1_5,4589,GenImage_test/stable_diffusion_v_1_5/test/ai/070_sdv5_00195.png
287,stable_diffusion_v_1_5,4590,GenImage_test/stable_diffusion_v_1_5/test/ai/997_sdv5_00020.png
287,stable_diffusion_v_1_5,4591,GenImage_test/stable_diffusion_v_1_5/test/ai/827_sdv5_00020.png
287,stable_diffusion_v_1_5,4592,GenImage_test/stable_diffusion_v_1_5/test/ai/866_sdv5_00003.png
287,stable_diffusion_v_1_5,4593,GenImage_test/stable_diffusion_v_1_5/test/ai/828_sdv5_00195.png
287,stable_diffusion_v_1_5,4594,GenImage_test/stable_diffusion_v_1_5/test/nature/ILSVRC2012_val_00031778.JPEG
287,stable_diffusion_v_1_5,4595,GenImage_test/stable_diffusion_v_1_5/test/nature/ILSVRC2012_val_00019881.JPEG
288,stable_diffusion_v_1_5,4596,GenImage_test/stable_diffusion_v_1_5/test/nature/ILSVRC2012_val_00005700.JPEG
288,stable_diffusion_v_1_5,4597,GenImage_test/stable_diffusion_v_1_5/test/ai/771_sdv5_00003.png
288,stable_diffusion_v_1_5,4598,GenImage_test/stable_diffusion_v_1_5/test/nature/ILSVRC2012_val_00020352.JPEG
288,stable_diffusion_v_1_5,4599,GenImage_test/stable_diffusion_v_1_5/test/nature/ILSVRC2012_val_00015174.JPEG
288,stable_diffusion_v_1_5,4600,GenImage_test/stable_diffusion_v_1_5/test/nature/ILSVRC2012_val_00044747.JPEG
288,stable_diffusion_v_1_5,4601,GenImage_test/stable_diffusion_v_1_5/test/ai/214_sdv5_00100.png
288,stable_diffusion_v_1_5,4602,GenImage_test/stable_diffusion_v_1_5/test/ai/496_sdv5_00100.png
288,stable_diffusion_v_1_5,4603,GenImage_test/stable_diffusion_v_1_5/test/ai/350_sdv5_00039.png
288,stable_diffusion_v_1_5,4604,GenImage_test/stable_diffusion_v_1_5/test/ai/165_sdv5_00027.png
288,stable_diffusion_v_1_5,4605,GenImage_test/stable_diffusion_v_1_5/test/ai/490_sdv5_00100.png
288,stable_diffusion_v_1_5,4606,GenImage_test/stable_diffusion_v_1_5/test/ai/054_sdv5_00100.png
288,stable_diffusion_v_1_5,4607,GenImage_test/stable_diffusion_v_1_5/test/nature/ILSVRC2012_val_00009987.JPEG
288,stable_diffusion_v_1_5,4608,GenImage_test/stable_diffusion_v_1_5/test/ai/161_sdv5_00039.png
288,stable_diffusion_v_1_5,4609,GenImage_test/stable_diffusion_v_1_5/test/nature/ILSVRC2012_val_00009570.JPEG
288,stable_diffusion_v_1_5,4610,GenImage_test/stable_diffusion_v_1_5/test/ai/429_sdv5_00003.png
288,stable_diffusion_v_1_5,4611,GenImage_test/stable_diffusion_v_1_5/test/nature/ILSVRC2012_val_00001659.JPEG
289,stable_diffusion_v_1_5,4612,GenImage_test/stable_diffusion_v_1_5/test/nature/ILSVRC2012_val_00012331.JPEG
289,stable_diffusion_v_1_5,4613,GenImage_test/stable_diffusion_v_1_5/test/nature/ILSVRC2012_val_00038545.JPEG
289,stable_diffusion_v_1_5,4614,GenImage_test/stable_diffusion_v_1_5/test/nature/ILSVRC2012_val_00010987.JPEG
289,stable_diffusion_v_1_5,4615,GenImage_test/stable_diffusion_v_1_5/test/ai/036_sdv5_00003.png
289,stable_diffusion_v_1_5,4616,GenImage_test/stable_diffusion_v_1_5/test/ai/740_sdv5_00135.png
289,stable_diffusion_v_1_5,4617,GenImage_test/stable_diffusion_v_1_5/test/nature/ILSVRC2012_val_00046943.JPEG
289,stable_diffusion_v_1_5,4618,GenImage_test/stable_diffusion_v_1_5/test/ai/062_sdv5_00003.png
289,stable_diffusion_v_1_5,4619,GenImage_test/stable_diffusion_v_1_5/test/ai/014_sdv5_00039.png
289,stable_diffusion_v_1_5,4620,GenImage_test/stable_diffusion_v_1_5/test/nature/ILSVRC2012_val_00039362.JPEG
289,stable_diffusion_v_1_5,4621,GenImage_test/stable_diffusion_v_1_5/test/nature/ILSVRC2012_val_00036167.JPEG
289,stable_diffusion_v_1_5,4622,GenImage_test/stable_diffusion_v_1_5/test/nature/ILSVRC2012_val_00028224.JPEG
289,stable_diffusion_v_1_5,4623,GenImage_test/stable_diffusion_v_1_5/test/ai/755_sdv5_00027.png
289,stable_diffusion_v_1_5,4624,GenImage_test/stable_diffusion_v_1_5/test/nature/ILSVRC2012_val_00025092.JPEG
289,stable_diffusion_v_1_5,4625,GenImage_test/stable_diffusion_v_1_5/test/nature/ILSVRC2012_val_00020544.JPEG
289,stable_diffusion_v_1_5,4626,GenImage_test/stable_diffusion_v_1_5/test/ai/592_sdv5_00039.png
289,stable_diffusion_v_1_5,4627,GenImage_test/stable_diffusion_v_1_5/test/nature/ILSVRC2012_val_00017078.JPEG
290,stable_diffusion_v_1_5,4628,GenImage_test/stable_diffusion_v_1_5/test/ai/643_sdv5_00020.png
290,stable_diffusion_v_1_5,4629,GenImage_test/stable_diffusion_v_1_5/test/nature/ILSVRC2012_val_00024830.JPEG
290,stable_diffusion_v_1_5,4630,GenImage_test/stable_diffusion_v_1_5/test/ai/808_sdv5_00027.png
290,stable_diffusion_v_1_5,4631,GenImage_test/stable_diffusion_v_1_5/test/nature/ILSVRC2012_val_00021445.JPEG
290,stable_diffusion_v_1_5,4632,GenImage_test/stable_diffusion_v_1_5/test/ai/217_sdv5_00100.png
290,stable_diffusion_v_1_5,4633,GenImage_test/stable_diffusion_v_1_5/test/ai/633_sdv5_00027.png
290,stable_diffusion_v_1_5,4634,GenImage_test/stable_diffusion_v_1_5/test/nature/ILSVRC2012_val_00047674.JPEG
290,stable_diffusion_v_1_5,4635,GenImage_test/stable_diffusion_v_1_5/test/ai/745_sdv5_00135.png
290,stable_diffusion_v_1_5,4636,GenImage_test/stable_diffusion_v_1_5/test/nature/ILSVRC2012_val_00013294.JPEG
290,stable_diffusion_v_1_5,4637,GenImage_test/stable_diffusion_v_1_5/test/nature/ILSVRC2012_val_00033529.JPEG
290,stable_diffusion_v_1_5,4638,GenImage_test/stable_diffusion_v_1_5/test/ai/354_sdv5_00195.png
290,stable_diffusion_v_1_5,4639,GenImage_test/stable_diffusion_v_1_5/test/ai/848_sdv5_00009.png
290,stable_diffusion_v_1_5,4640,GenImage_test/stable_diffusion_v_1_5/test/nature/ILSVRC2012_val_00032961.JPEG
290,stable_diffusion_v_1_5,4641,GenImage_test/stable_diffusion_v_1_5/test/ai/944_sdv5_00009.png
290,stable_diffusion_v_1_5,4642,GenImage_test/stable_diffusion_v_1_5/test/ai/388_sdv5_00039.png
290,stable_diffusion_v_1_5,4643,GenImage_test/stable_diffusion_v_1_5/test/ai/735_sdv5_00195.png
291,stable_diffusion_v_1_5,4644,GenImage_test/stable_diffusion_v_1_5/test/ai/229_sdv5_00100.png
291,stable_diffusion_v_1_5,4645,GenImage_test/stable_diffusion_v_1_5/test/ai/661_sdv5_00100.png
291,stable_diffusion_v_1_5,4646,GenImage_test/stable_diffusion_v_1_5/test/ai/159_sdv5_00135.png
291,stable_diffusion_v_1_5,4647,GenImage_test/stable_diffusion_v_1_5/test/ai/683_sdv5_00009.png
291,stable_diffusion_v_1_5,4648,GenImage_test/stable_diffusion_v_1_5/test/nature/ILSVRC2012_val_00043513.JPEG
291,stable_diffusion_v_1_5,4649,GenImage_test/stable_diffusion_v_1_5/test/nature/ILSVRC2012_val_00030482.JPEG
291,stable_diffusion_v_1_5,4650,GenImage_test/stable_diffusion_v_1_5/test/ai/260_sdv5_00020.png
291,stable_diffusion_v_1_5,4651,GenImage_test/stable_diffusion_v_1_5/test/nature/ILSVRC2012_val_00005696.JPEG
291,stable_diffusion_v_1_5,4652,GenImage_test/stable_diffusion_v_1_5/test/nature/ILSVRC2012_val_00045150.JPEG
291,stable_diffusion_v_1_5,4653,GenImage_test/stable_diffusion_v_1_5/test/nature/ILSVRC2012_val_00011363.JPEG
291,stable_diffusion_v_1_5,4654,GenImage_test/stable_diffusion_v_1_5/test/ai/609_sdv5_00135.png
291,stable_diffusion_v_1_5,4655,GenImage_test/stable_diffusion_v_1_5/test/nature/ILSVRC2012_val_00030955.JPEG
291,stable_diffusion_v_1_5,4656,GenImage_test/stable_diffusion_v_1_5/test/nature/ILSVRC2012_val_00008694.JPEG
291,stable_diffusion_v_1_5,4657,GenImage_test/stable_diffusion_v_1_5/test/nature/ILSVRC2012_val_00045604.JPEG
291,stable_diffusion_v_1_5,4658,GenImage_test/stable_diffusion_v_1_5/test/ai/457_sdv5_00009.png
291,stable_diffusion_v_1_5,4659,GenImage_test/stable_diffusion_v_1_5/test/ai/547_sdv5_00135.png
292,stable_diffusion_v_1_5,4660,GenImage_test/stable_diffusion_v_1_5/test/ai/022_sdv5_00195.png
292,stable_diffusion_v_1_5,4661,GenImage_test/stable_diffusion_v_1_5/test/ai/387_sdv5_00195.png
292,stable_diffusion_v_1_5,4662,GenImage_test/stable_diffusion_v_1_5/test/ai/979_sdv5_00009.png
292,stable_diffusion_v_1_5,4663,GenImage_test/stable_diffusion_v_1_5/test/ai/851_sdv5_00020.png
292,stable_diffusion_v_1_5,4664,GenImage_test/stable_diffusion_v_1_5/test/ai/060_sdv5_00135.png
292,stable_diffusion_v_1_5,4665,GenImage_test/stable_diffusion_v_1_5/test/ai/746_sdv5_00003.png
292,stable_diffusion_v_1_5,4666,GenImage_test/stable_diffusion_v_1_5/test/ai/359_sdv5_00003.png
292,stable_diffusion_v_1_5,4667,GenImage_test/stable_diffusion_v_1_5/test/ai/715_sdv5_00195.png
292,stable_diffusion_v_1_5,4668,GenImage_test/stable_diffusion_v_1_5/test/ai/801_sdv5_00195.png
292,stable_diffusion_v_1_5,4669,GenImage_test/stable_diffusion_v_1_5/test/ai/645_sdv5_00195.png
292,stable_diffusion_v_1_5,4670,GenImage_test/stable_diffusion_v_1_5/test/ai/389_sdv5_00135.png
292,stable_diffusion_v_1_5,4671,GenImage_test/stable_diffusion_v_1_5/test/ai/912_sdv5_00027.png
292,stable_diffusion_v_1_5,4672,GenImage_test/stable_diffusion_v_1_5/test/ai/603_sdv5_00100.png
292,stable_diffusion_v_1_5,4673,GenImage_test/stable_diffusion_v_1_5/test/nature/ILSVRC2012_val_00029351.JPEG
292,stable_diffusion_v_1_5,4674,GenImage_test/stable_diffusion_v_1_5/test/ai/786_sdv5_00020.png
292,stable_diffusion_v_1_5,4675,GenImage_test/stable_diffusion_v_1_5/test/ai/539_sdv5_00135.png
293,stable_diffusion_v_1_5,4676,GenImage_test/stable_diffusion_v_1_5/test/ai/003_sdv5_00100.png
293,stable_diffusion_v_1_5,4677,GenImage_test/stable_diffusion_v_1_5/test/nature/ILSVRC2012_val_00034725.JPEG
293,stable_diffusion_v_1_5,4678,GenImage_test/stable_diffusion_v_1_5/test/nature/ILSVRC2012_val_00021137.JPEG
293,stable_diffusion_v_1_5,4679,GenImage_test/stable_diffusion_v_1_5/test/ai/660_sdv5_00135.png
293,stable_diffusion_v_1_5,4680,GenImage_test/stable_diffusion_v_1_5/test/ai/358_sdv5_00135.png
293,stable_diffusion_v_1_5,4681,GenImage_test/stable_diffusion_v_1_5/test/nature/ILSVRC2012_val_00018161.JPEG
293,stable_diffusion_v_1_5,4682,GenImage_test/stable_diffusion_v_1_5/test/nature/ILSVRC2012_val_00024132.JPEG
293,stable_diffusion_v_1_5,4683,GenImage_test/stable_diffusion_v_1_5/test/ai/620_sdv5_00020.png
293,stable_diffusion_v_1_5,4684,GenImage_test/stable_diffusion_v_1_5/test/nature/ILSVRC2012_val_00037191.JPEG
293,stable_diffusion_v_1_5,4685,GenImage_test/stable_diffusion_v_1_5/test/ai/157_sdv5_00135.png
293,stable_diffusion_v_1_5,4686,GenImage_test/stable_diffusion_v_1_5/test/ai/350_sdv5_00100.png
293,stable_diffusion_v_1_5,4687,GenImage_test/stable_diffusion_v_1_5/test/nature/ILSVRC2012_val_00006613.JPEG
293,stable_diffusion_v_1_5,4688,GenImage_test/stable_diffusion_v_1_5/test/nature/ILSVRC2012_val_00031174.JPEG
293,stable_diffusion_v_1_5,4689,GenImage_test/stable_diffusion_v_1_5/test/ai/613_sdv5_00020.png
293,stable_diffusion_v_1_5,4690,GenImage_test/stable_diffusion_v_1_5/test/nature/ILSVRC2012_val_00031267.JPEG
293,stable_diffusion_v_1_5,4691,GenImage_test/stable_diffusion_v_1_5/test/ai/284_sdv5_00020.png
294,stable_diffusion_v_1_5,4692,GenImage_test/stable_diffusion_v_1_5/test/ai/995_sdv5_00135.png
294,stable_diffusion_v_1_5,4693,GenImage_test/stable_diffusion_v_1_5/test/ai/126_sdv5_00039.png
294,stable_diffusion_v_1_5,4694,GenImage_test/stable_diffusion_v_1_5/test/ai/467_sdv5_00003.png
294,stable_diffusion_v_1_5,4695,GenImage_test/stable_diffusion_v_1_5/test/nature/ILSVRC2012_val_00046489.JPEG
294,stable_diffusion_v_1_5,4696,GenImage_test/stable_diffusion_v_1_5/test/ai/137_sdv5_00003.png
294,stable_diffusion_v_1_5,4697,GenImage_test/stable_diffusion_v_1_5/test/nature/ILSVRC2012_val_00048471.JPEG
294,stable_diffusion_v_1_5,4698,GenImage_test/stable_diffusion_v_1_5/test/ai/386_sdv5_00020.png
294,stable_diffusion_v_1_5,4699,GenImage_test/stable_diffusion_v_1_5/test/ai/783_sdv5_00135.png
294,stable_diffusion_v_1_5,4700,GenImage_test/stable_diffusion_v_1_5/test/ai/622_sdv5_00009.png
294,stable_diffusion_v_1_5,4701,GenImage_test/stable_diffusion_v_1_5/test/nature/ILSVRC2012_val_00039262.JPEG
294,stable_diffusion_v_1_5,4702,GenImage_test/stable_diffusion_v_1_5/test/ai/092_sdv5_00195.png
294,stable_diffusion_v_1_5,4703,GenImage_test/stable_diffusion_v_1_5/test/nature/ILSVRC2012_val_00032650.JPEG
294,stable_diffusion_v_1_5,4704,GenImage_test/stable_diffusion_v_1_5/test/nature/ILSVRC2012_val_00030477.JPEG
294,stable_diffusion_v_1_5,4705,GenImage_test/stable_diffusion_v_1_5/test/nature/ILSVRC2012_val_00037508.JPEG
294,stable_diffusion_v_1_5,4706,GenImage_test/stable_diffusion_v_1_5/test/nature/ILSVRC2012_val_00008968.JPEG
294,stable_diffusion_v_1_5,4707,GenImage_test/stable_diffusion_v_1_5/test/ai/489_sdv5_00100.png
295,stable_diffusion_v_1_5,4708,GenImage_test/stable_diffusion_v_1_5/test/nature/ILSVRC2012_val_00044111.JPEG
295,stable_diffusion_v_1_5,4709,GenImage_test/stable_diffusion_v_1_5/test/nature/ILSVRC2012_val_00044788.JPEG
295,stable_diffusion_v_1_5,4710,GenImage_test/stable_diffusion_v_1_5/test/nature/ILSVRC2012_val_00027950.JPEG
295,stable_diffusion_v_1_5,4711,GenImage_test/stable_diffusion_v_1_5/test/nature/ILSVRC2012_val_00036714.JPEG
295,stable_diffusion_v_1_5,4712,GenImage_test/stable_diffusion_v_1_5/test/nature/ILSVRC2012_val_00021325.JPEG
295,stable_diffusion_v_1_5,4713,GenImage_test/stable_diffusion_v_1_5/test/nature/ILSVRC2012_val_00045279.JPEG
295,stable_diffusion_v_1_5,4714,GenImage_test/stable_diffusion_v_1_5/test/ai/768_sdv5_00020.png
295,stable_diffusion_v_1_5,4715,GenImage_test/stable_diffusion_v_1_5/test/ai/515_sdv5_00135.png
295,stable_diffusion_v_1_5,4716,GenImage_test/stable_diffusion_v_1_5/test/nature/ILSVRC2012_val_00016224.JPEG
295,stable_diffusion_v_1_5,4717,GenImage_test/stable_diffusion_v_1_5/test/ai/620_sdv5_00009.png
295,stable_diffusion_v_1_5,4718,GenImage_test/stable_diffusion_v_1_5/test/ai/657_sdv5_00195.png
295,stable_diffusion_v_1_5,4719,GenImage_test/stable_diffusion_v_1_5/test/nature/ILSVRC2012_val_00005732.JPEG
295,stable_diffusion_v_1_5,4720,GenImage_test/stable_diffusion_v_1_5/test/nature/ILSVRC2012_val_00004907.JPEG
295,stable_diffusion_v_1_5,4721,GenImage_test/stable_diffusion_v_1_5/test/ai/309_sdv5_00009.png
295,stable_diffusion_v_1_5,4722,GenImage_test/stable_diffusion_v_1_5/test/ai/701_sdv5_00100.png
295,stable_diffusion_v_1_5,4723,GenImage_test/stable_diffusion_v_1_5/test/ai/140_sdv5_00027.png
296,stable_diffusion_v_1_5,4724,GenImage_test/stable_diffusion_v_1_5/test/nature/ILSVRC2012_val_00037844.JPEG
296,stable_diffusion_v_1_5,4725,GenImage_test/stable_diffusion_v_1_5/test/nature/ILSVRC2012_val_00026281.JPEG
296,stable_diffusion_v_1_5,4726,GenImage_test/stable_diffusion_v_1_5/test/nature/ILSVRC2012_val_00001446.JPEG
296,stable_diffusion_v_1_5,4727,GenImage_test/stable_diffusion_v_1_5/test/nature/ILSVRC2012_val_00025076.JPEG
296,stable_diffusion_v_1_5,4728,GenImage_test/stable_diffusion_v_1_5/test/nature/ILSVRC2012_val_00040607.JPEG
296,stable_diffusion_v_1_5,4729,GenImage_test/stable_diffusion_v_1_5/test/nature/ILSVRC2012_val_00042335.JPEG
296,stable_diffusion_v_1_5,4730,GenImage_test/stable_diffusion_v_1_5/test/nature/ILSVRC2012_val_00003504.JPEG
296,stable_diffusion_v_1_5,4731,GenImage_test/stable_diffusion_v_1_5/test/nature/ILSVRC2012_val_00015249.JPEG
296,stable_diffusion_v_1_5,4732,GenImage_test/stable_diffusion_v_1_5/test/nature/ILSVRC2012_val_00041316.JPEG
296,stable_diffusion_v_1_5,4733,GenImage_test/stable_diffusion_v_1_5/test/ai/828_sdv5_00135.png
296,stable_diffusion_v_1_5,4734,GenImage_test/stable_diffusion_v_1_5/test/nature/ILSVRC2012_val_00006245.JPEG
296,stable_diffusion_v_1_5,4735,GenImage_test/stable_diffusion_v_1_5/test/nature/ILSVRC2012_val_00015254.JPEG
296,stable_diffusion_v_1_5,4736,GenImage_test/stable_diffusion_v_1_5/test/nature/ILSVRC2012_val_00042592.JPEG
296,stable_diffusion_v_1_5,4737,GenImage_test/stable_diffusion_v_1_5/test/nature/ILSVRC2012_val_00044657.JPEG
296,stable_diffusion_v_1_5,4738,GenImage_test/stable_diffusion_v_1_5/test/nature/ILSVRC2012_val_00001472.JPEG
296,stable_diffusion_v_1_5,4739,GenImage_test/stable_diffusion_v_1_5/test/ai/482_sdv5_00100.png
297,stable_diffusion_v_1_5,4740,GenImage_test/stable_diffusion_v_1_5/test/ai/468_sdv5_00027.png
297,stable_diffusion_v_1_5,4741,GenImage_test/stable_diffusion_v_1_5/test/nature/ILSVRC2012_val_00039244.JPEG
297,stable_diffusion_v_1_5,4742,GenImage_test/stable_diffusion_v_1_5/test/ai/409_sdv5_00135.png
297,stable_diffusion_v_1_5,4743,GenImage_test/stable_diffusion_v_1_5/test/ai/489_sdv5_00039.png
297,stable_diffusion_v_1_5,4744,GenImage_test/stable_diffusion_v_1_5/test/nature/ILSVRC2012_val_00003867.JPEG
297,stable_diffusion_v_1_5,4745,GenImage_test/stable_diffusion_v_1_5/test/nature/ILSVRC2012_val_00032682.JPEG
297,stable_diffusion_v_1_5,4746,GenImage_test/stable_diffusion_v_1_5/test/ai/947_sdv5_00135.png
297,stable_diffusion_v_1_5,4747,GenImage_test/stable_diffusion_v_1_5/test/ai/875_sdv5_00027.png
297,stable_diffusion_v_1_5,4748,GenImage_test/stable_diffusion_v_1_5/test/ai/375_sdv5_00100.png
297,stable_diffusion_v_1_5,4749,GenImage_test/stable_diffusion_v_1_5/test/nature/ILSVRC2012_val_00034155.JPEG
297,stable_diffusion_v_1_5,4750,GenImage_test/stable_diffusion_v_1_5/test/ai/816_sdv5_00009.png
297,stable_diffusion_v_1_5,4751,GenImage_test/stable_diffusion_v_1_5/test/nature/ILSVRC2012_val_00049604.JPEG
297,stable_diffusion_v_1_5,4752,GenImage_test/stable_diffusion_v_1_5/test/nature/ILSVRC2012_val_00010485.JPEG
297,stable_diffusion_v_1_5,4753,GenImage_test/stable_diffusion_v_1_5/test/ai/232_sdv5_00009.png
297,stable_diffusion_v_1_5,4754,GenImage_test/stable_diffusion_v_1_5/test/ai/418_sdv5_00027.png
297,stable_diffusion_v_1_5,4755,GenImage_test/stable_diffusion_v_1_5/test/nature/ILSVRC2012_val_00017333.JPEG
298,stable_diffusion_v_1_5,4756,GenImage_test/stable_diffusion_v_1_5/test/ai/703_sdv5_00027.png
298,stable_diffusion_v_1_5,4757,GenImage_test/stable_diffusion_v_1_5/test/ai/109_sdv5_00003.png
298,stable_diffusion_v_1_5,4758,GenImage_test/stable_diffusion_v_1_5/test/nature/ILSVRC2012_val_00042600.JPEG
298,stable_diffusion_v_1_5,4759,GenImage_test/stable_diffusion_v_1_5/test/nature/ILSVRC2012_val_00032288.JPEG
298,stable_diffusion_v_1_5,4760,GenImage_test/stable_diffusion_v_1_5/test/ai/767_sdv5_00135.png
298,stable_diffusion_v_1_5,4761,GenImage_test/stable_diffusion_v_1_5/test/ai/459_sdv5_00009.png
298,stable_diffusion_v_1_5,4762,GenImage_test/stable_diffusion_v_1_5/test/ai/975_sdv5_00003.png
298,stable_diffusion_v_1_5,4763,GenImage_test/stable_diffusion_v_1_5/test/ai/860_sdv5_00020.png
298,stable_diffusion_v_1_5,4764,GenImage_test/stable_diffusion_v_1_5/test/ai/256_sdv5_00027.png
298,stable_diffusion_v_1_5,4765,GenImage_test/stable_diffusion_v_1_5/test/nature/ILSVRC2012_val_00045133.JPEG
298,stable_diffusion_v_1_5,4766,GenImage_test/stable_diffusion_v_1_5/test/nature/ILSVRC2012_val_00023805.JPEG
298,stable_diffusion_v_1_5,4767,GenImage_test/stable_diffusion_v_1_5/test/ai/483_sdv5_00100.png
298,stable_diffusion_v_1_5,4768,GenImage_test/stable_diffusion_v_1_5/test/nature/ILSVRC2012_val_00021732.JPEG
298,stable_diffusion_v_1_5,4769,GenImage_test/stable_diffusion_v_1_5/test/ai/952_sdv5_00027.png
298,stable_diffusion_v_1_5,4770,GenImage_test/stable_diffusion_v_1_5/test/nature/ILSVRC2012_val_00029183.JPEG
298,stable_diffusion_v_1_5,4771,GenImage_test/stable_diffusion_v_1_5/test/nature/ILSVRC2012_val_00013644.JPEG
299,stable_diffusion_v_1_5,4772,GenImage_test/stable_diffusion_v_1_5/test/ai/591_sdv5_00100.png
299,stable_diffusion_v_1_5,4773,GenImage_test/stable_diffusion_v_1_5/test/nature/ILSVRC2012_val_00013900.JPEG
299,stable_diffusion_v_1_5,4774,GenImage_test/stable_diffusion_v_1_5/test/ai/698_sdv5_00135.png
299,stable_diffusion_v_1_5,4775,GenImage_test/stable_diffusion_v_1_5/test/ai/644_sdv5_00100.png
299,stable_diffusion_v_1_5,4776,GenImage_test/stable_diffusion_v_1_5/test/nature/ILSVRC2012_val_00009897.JPEG
299,stable_diffusion_v_1_5,4777,GenImage_test/stable_diffusion_v_1_5/test/nature/ILSVRC2012_val_00007849.JPEG
299,stable_diffusion_v_1_5,4778,GenImage_test/stable_diffusion_v_1_5/test/nature/ILSVRC2012_val_00038823.JPEG
299,stable_diffusion_v_1_5,4779,GenImage_test/stable_diffusion_v_1_5/test/ai/336_sdv5_00100.png
299,stable_diffusion_v_1_5,4780,GenImage_test/stable_diffusion_v_1_5/test/nature/ILSVRC2012_val_00038297.JPEG
299,stable_diffusion_v_1_5,4781,GenImage_test/stable_diffusion_v_1_5/test/ai/508_sdv5_00027.png
299,stable_diffusion_v_1_5,4782,GenImage_test/stable_diffusion_v_1_5/test/ai/217_sdv5_00039.png
299,stable_diffusion_v_1_5,4783,GenImage_test/stable_diffusion_v_1_5/test/ai/000_sdv5_00027.png
299,stable_diffusion_v_1_5,4784,GenImage_test/stable_diffusion_v_1_5/test/ai/821_sdv5_00039.png
299,stable_diffusion_v_1_5,4785,GenImage_test/stable_diffusion_v_1_5/test/ai/512_sdv5_00009.png
299,stable_diffusion_v_1_5,4786,GenImage_test/stable_diffusion_v_1_5/test/nature/ILSVRC2012_val_00038005.JPEG
299,stable_diffusion_v_1_5,4787,GenImage_test/stable_diffusion_v_1_5/test/ai/815_sdv5_00195.png
300,stable_diffusion_v_1_5,4788,GenImage_test/stable_diffusion_v_1_5/test/ai/240_sdv5_00020.png
300,stable_diffusion_v_1_5,4789,GenImage_test/stable_diffusion_v_1_5/test/ai/688_sdv5_00195.png
300,stable_diffusion_v_1_5,4790,GenImage_test/stable_diffusion_v_1_5/test/nature/ILSVRC2012_val_00021053.JPEG
300,stable_diffusion_v_1_5,4791,GenImage_test/stable_diffusion_v_1_5/test/ai/979_sdv5_00195.png
300,stable_diffusion_v_1_5,4792,GenImage_test/stable_diffusion_v_1_5/test/nature/ILSVRC2012_val_00043743.JPEG
300,stable_diffusion_v_1_5,4793,GenImage_test/stable_diffusion_v_1_5/test/nature/ILSVRC2012_val_00027701.JPEG
300,stable_diffusion_v_1_5,4794,GenImage_test/stable_diffusion_v_1_5/test/ai/759_sdv5_00100.png
300,stable_diffusion_v_1_5,4795,GenImage_test/stable_diffusion_v_1_5/test/ai/993_sdv5_00039.png
300,stable_diffusion_v_1_5,4796,GenImage_test/stable_diffusion_v_1_5/test/ai/220_sdv5_00009.png
300,stable_diffusion_v_1_5,4797,GenImage_test/stable_diffusion_v_1_5/test/nature/ILSVRC2012_val_00028181.JPEG
300,stable_diffusion_v_1_5,4798,GenImage_test/stable_diffusion_v_1_5/test/ai/851_sdv5_00100.png
300,stable_diffusion_v_1_5,4799,GenImage_test/stable_diffusion_v_1_5/test/ai/712_sdv5_00195.png
300,stable_diffusion_v_1_5,4800,GenImage_test/stable_diffusion_v_1_5/test/ai/386_sdv5_00195.png
300,stable_diffusion_v_1_5,4801,GenImage_test/stable_diffusion_v_1_5/test/ai/624_sdv5_00100.png
300,stable_diffusion_v_1_5,4802,GenImage_test/stable_diffusion_v_1_5/test/nature/ILSVRC2012_val_00007879.JPEG
300,stable_diffusion_v_1_5,4803,GenImage_test/stable_diffusion_v_1_5/test/nature/ILSVRC2012_val_00041902.JPEG
301,stable_diffusion_v_1_5,4804,GenImage_test/stable_diffusion_v_1_5/test/nature/ILSVRC2012_val_00034732.JPEG
301,stable_diffusion_v_1_5,4805,GenImage_test/stable_diffusion_v_1_5/test/nature/ILSVRC2012_val_00013008.JPEG
301,stable_diffusion_v_1_5,4806,GenImage_test/stable_diffusion_v_1_5/test/nature/ILSVRC2012_val_00015824.JPEG
301,stable_diffusion_v_1_5,4807,GenImage_test/stable_diffusion_v_1_5/test/nature/ILSVRC2012_val_00015842.JPEG
301,stable_diffusion_v_1_5,4808,GenImage_test/stable_diffusion_v_1_5/test/ai/063_sdv5_00027.png
301,stable_diffusion_v_1_5,4809,GenImage_test/stable_diffusion_v_1_5/test/nature/ILSVRC2012_val_00037883.JPEG
301,stable_diffusion_v_1_5,4810,GenImage_test/stable_diffusion_v_1_5/test/ai/064_sdv5_00195.png
301,stable_diffusion_v_1_5,4811,GenImage_test/stable_diffusion_v_1_5/test/nature/ILSVRC2012_val_00028553.JPEG
301,stable_diffusion_v_1_5,4812,GenImage_test/stable_diffusion_v_1_5/test/ai/332_sdv5_00100.png
301,stable_diffusion_v_1_5,4813,GenImage_test/stable_diffusion_v_1_5/test/nature/ILSVRC2012_val_00019550.JPEG
301,stable_diffusion_v_1_5,4814,GenImage_test/stable_diffusion_v_1_5/test/nature/ILSVRC2012_val_00003854.JPEG
301,stable_diffusion_v_1_5,4815,GenImage_test/stable_diffusion_v_1_5/test/nature/ILSVRC2012_val_00030550.JPEG
301,stable_diffusion_v_1_5,4816,GenImage_test/stable_diffusion_v_1_5/test/nature/ILSVRC2012_val_00005644.JPEG
301,stable_diffusion_v_1_5,4817,GenImage_test/stable_diffusion_v_1_5/test/nature/ILSVRC2012_val_00006857.JPEG
301,stable_diffusion_v_1_5,4818,GenImage_test/stable_diffusion_v_1_5/test/nature/ILSVRC2012_val_00004314.JPEG
301,stable_diffusion_v_1_5,4819,GenImage_test/stable_diffusion_v_1_5/test/ai/757_sdv5_00027.png
302,stable_diffusion_v_1_5,4820,GenImage_test/stable_diffusion_v_1_5/test/nature/ILSVRC2012_val_00001557.JPEG
302,stable_diffusion_v_1_5,4821,GenImage_test/stable_diffusion_v_1_5/test/nature/ILSVRC2012_val_00035892.JPEG
302,stable_diffusion_v_1_5,4822,GenImage_test/stable_diffusion_v_1_5/test/nature/ILSVRC2012_val_00008929.JPEG
302,stable_diffusion_v_1_5,4823,GenImage_test/stable_diffusion_v_1_5/test/nature/ILSVRC2012_val_00043346.JPEG
302,stable_diffusion_v_1_5,4824,GenImage_test/stable_diffusion_v_1_5/test/ai/077_sdv5_00195.png
302,stable_diffusion_v_1_5,4825,GenImage_test/stable_diffusion_v_1_5/test/ai/350_sdv5_00020.png
302,stable_diffusion_v_1_5,4826,GenImage_test/stable_diffusion_v_1_5/test/ai/153_sdv5_00100.png
302,stable_diffusion_v_1_5,4827,GenImage_test/stable_diffusion_v_1_5/test/ai/786_sdv5_00039.png
302,stable_diffusion_v_1_5,4828,GenImage_test/stable_diffusion_v_1_5/test/ai/773_sdv5_00039.png
302,stable_diffusion_v_1_5,4829,GenImage_test/stable_diffusion_v_1_5/test/nature/ILSVRC2012_val_00036251.JPEG
302,stable_diffusion_v_1_5,4830,GenImage_test/stable_diffusion_v_1_5/test/ai/249_sdv5_00100.png
302,stable_diffusion_v_1_5,4831,GenImage_test/stable_diffusion_v_1_5/test/ai/507_sdv5_00020.png
302,stable_diffusion_v_1_5,4832,GenImage_test/stable_diffusion_v_1_5/test/ai/878_sdv5_00020.png
302,stable_diffusion_v_1_5,4833,GenImage_test/stable_diffusion_v_1_5/test/nature/ILSVRC2012_val_00048220.JPEG
302,stable_diffusion_v_1_5,4834,GenImage_test/stable_diffusion_v_1_5/test/ai/152_sdv5_00195.png
302,stable_diffusion_v_1_5,4835,GenImage_test/stable_diffusion_v_1_5/test/ai/164_sdv5_00039.png
303,stable_diffusion_v_1_5,4836,GenImage_test/stable_diffusion_v_1_5/test/nature/ILSVRC2012_val_00035778.JPEG
303,stable_diffusion_v_1_5,4837,GenImage_test/stable_diffusion_v_1_5/test/ai/009_sdv5_00100.png
303,stable_diffusion_v_1_5,4838,GenImage_test/stable_diffusion_v_1_5/test/nature/ILSVRC2012_val_00034314.JPEG
303,stable_diffusion_v_1_5,4839,GenImage_test/stable_diffusion_v_1_5/test/nature/ILSVRC2012_val_00023538.JPEG
303,stable_diffusion_v_1_5,4840,GenImage_test/stable_diffusion_v_1_5/test/ai/780_sdv5_00027.png
303,stable_diffusion_v_1_5,4841,GenImage_test/stable_diffusion_v_1_5/test/nature/ILSVRC2012_val_00049848.JPEG
303,stable_diffusion_v_1_5,4842,GenImage_test/stable_diffusion_v_1_5/test/nature/ILSVRC2012_val_00045127.JPEG
303,stable_diffusion_v_1_5,4843,GenImage_test/stable_diffusion_v_1_5/test/ai/803_sdv5_00100.png
303,stable_diffusion_v_1_5,4844,GenImage_test/stable_diffusion_v_1_5/test/ai/507_sdv5_00003.png
303,stable_diffusion_v_1_5,4845,GenImage_test/stable_diffusion_v_1_5/test/ai/283_sdv5_00020.png
303,stable_diffusion_v_1_5,4846,GenImage_test/stable_diffusion_v_1_5/test/ai/694_sdv5_00009.png
303,stable_diffusion_v_1_5,4847,GenImage_test/stable_diffusion_v_1_5/test/ai/601_sdv5_00195.png
303,stable_diffusion_v_1_5,4848,GenImage_test/stable_diffusion_v_1_5/test/ai/494_sdv5_00100.png
303,stable_diffusion_v_1_5,4849,GenImage_test/stable_diffusion_v_1_5/test/ai/556_sdv5_00009.png
303,stable_diffusion_v_1_5,4850,GenImage_test/stable_diffusion_v_1_5/test/ai/489_sdv5_00027.png
303,stable_diffusion_v_1_5,4851,GenImage_test/stable_diffusion_v_1_5/test/nature/ILSVRC2012_val_00015762.JPEG
304,stable_diffusion_v_1_5,4852,GenImage_test/stable_diffusion_v_1_5/test/ai/479_sdv5_00009.png
304,stable_diffusion_v_1_5,4853,GenImage_test/stable_diffusion_v_1_5/test/ai/788_sdv5_00009.png
304,stable_diffusion_v_1_5,4854,GenImage_test/stable_diffusion_v_1_5/test/ai/500_sdv5_00003.png
304,stable_diffusion_v_1_5,4855,GenImage_test/stable_diffusion_v_1_5/test/nature/ILSVRC2012_val_00028832.JPEG
304,stable_diffusion_v_1_5,4856,GenImage_test/stable_diffusion_v_1_5/test/ai/612_sdv5_00020.png
304,stable_diffusion_v_1_5,4857,GenImage_test/stable_diffusion_v_1_5/test/nature/ILSVRC2012_val_00041944.JPEG
304,stable_diffusion_v_1_5,4858,GenImage_test/stable_diffusion_v_1_5/test/nature/ILSVRC2012_val_00039040.JPEG
304,stable_diffusion_v_1_5,4859,GenImage_test/stable_diffusion_v_1_5/test/ai/190_sdv5_00039.png
304,stable_diffusion_v_1_5,4860,GenImage_test/stable_diffusion_v_1_5/test/ai/213_sdv5_00027.png
304,stable_diffusion_v_1_5,4861,GenImage_test/stable_diffusion_v_1_5/test/nature/ILSVRC2012_val_00017494.JPEG
304,stable_diffusion_v_1_5,4862,GenImage_test/stable_diffusion_v_1_5/test/ai/069_sdv5_00100.png
304,stable_diffusion_v_1_5,4863,GenImage_test/stable_diffusion_v_1_5/test/nature/ILSVRC2012_val_00039572.JPEG
304,stable_diffusion_v_1_5,4864,GenImage_test/stable_diffusion_v_1_5/test/nature/ILSVRC2012_val_00043275.JPEG
304,stable_diffusion_v_1_5,4865,GenImage_test/stable_diffusion_v_1_5/test/nature/ILSVRC2012_val_00016852.JPEG
304,stable_diffusion_v_1_5,4866,GenImage_test/stable_diffusion_v_1_5/test/nature/ILSVRC2012_val_00040358.JPEG
304,stable_diffusion_v_1_5,4867,GenImage_test/stable_diffusion_v_1_5/test/ai/125_sdv5_00020.png
305,stable_diffusion_v_1_5,4868,GenImage_test/stable_diffusion_v_1_5/test/ai/077_sdv5_00100.png
305,stable_diffusion_v_1_5,4869,GenImage_test/stable_diffusion_v_1_5/test/nature/ILSVRC2012_val_00022473.JPEG
305,stable_diffusion_v_1_5,4870,GenImage_test/stable_diffusion_v_1_5/test/nature/ILSVRC2012_val_00006352.JPEG
305,stable_diffusion_v_1_5,4871,GenImage_test/stable_diffusion_v_1_5/test/nature/ILSVRC2012_val_00006264.JPEG
305,stable_diffusion_v_1_5,4872,GenImage_test/stable_diffusion_v_1_5/test/nature/ILSVRC2012_val_00024930.JPEG
305,stable_diffusion_v_1_5,4873,GenImage_test/stable_diffusion_v_1_5/test/nature/ILSVRC2012_val_00041920.JPEG
305,stable_diffusion_v_1_5,4874,GenImage_test/stable_diffusion_v_1_5/test/ai/903_sdv5_00100.png
305,stable_diffusion_v_1_5,4875,GenImage_test/stable_diffusion_v_1_5/test/nature/ILSVRC2012_val_00013232.JPEG
305,stable_diffusion_v_1_5,4876,GenImage_test/stable_diffusion_v_1_5/test/nature/ILSVRC2012_val_00042279.JPEG
305,stable_diffusion_v_1_5,4877,GenImage_test/stable_diffusion_v_1_5/test/nature/ILSVRC2012_val_00013020.JPEG
305,stable_diffusion_v_1_5,4878,GenImage_test/stable_diffusion_v_1_5/test/ai/790_sdv5_00009.png
305,stable_diffusion_v_1_5,4879,GenImage_test/stable_diffusion_v_1_5/test/nature/ILSVRC2012_val_00020602.JPEG
305,stable_diffusion_v_1_5,4880,GenImage_test/stable_diffusion_v_1_5/test/nature/ILSVRC2012_val_00049067.JPEG
305,stable_diffusion_v_1_5,4881,GenImage_test/stable_diffusion_v_1_5/test/ai/914_sdv5_00020.png
305,stable_diffusion_v_1_5,4882,GenImage_test/stable_diffusion_v_1_5/test/nature/ILSVRC2012_val_00024159.JPEG
305,stable_diffusion_v_1_5,4883,GenImage_test/stable_diffusion_v_1_5/test/ai/551_sdv5_00020.png
306,stable_diffusion_v_1_5,4884,GenImage_test/stable_diffusion_v_1_5/test/ai/209_sdv5_00195.png
306,stable_diffusion_v_1_5,4885,GenImage_test/stable_diffusion_v_1_5/test/ai/184_sdv5_00020.png
306,stable_diffusion_v_1_5,4886,GenImage_test/stable_diffusion_v_1_5/test/nature/ILSVRC2012_val_00001378.JPEG
306,stable_diffusion_v_1_5,4887,GenImage_test/stable_diffusion_v_1_5/test/ai/170_sdv5_00039.png
306,stable_diffusion_v_1_5,4888,GenImage_test/stable_diffusion_v_1_5/test/ai/395_sdv5_00195.png
306,stable_diffusion_v_1_5,4889,GenImage_test/stable_diffusion_v_1_5/test/nature/ILSVRC2012_val_00011002.JPEG
306,stable_diffusion_v_1_5,4890,GenImage_test/stable_diffusion_v_1_5/test/nature/ILSVRC2012_val_00031674.JPEG
306,stable_diffusion_v_1_5,4891,GenImage_test/stable_diffusion_v_1_5/test/ai/639_sdv5_00027.png
306,stable_diffusion_v_1_5,4892,GenImage_test/stable_diffusion_v_1_5/test/ai/212_sdv5_00003.png
306,stable_diffusion_v_1_5,4893,GenImage_test/stable_diffusion_v_1_5/test/nature/ILSVRC2012_val_00003539.JPEG
306,stable_diffusion_v_1_5,4894,GenImage_test/stable_diffusion_v_1_5/test/ai/819_sdv5_00020.png
306,stable_diffusion_v_1_5,4895,GenImage_test/stable_diffusion_v_1_5/test/ai/814_sdv5_00195.png
306,stable_diffusion_v_1_5,4896,GenImage_test/stable_diffusion_v_1_5/test/nature/ILSVRC2012_val_00048910.JPEG
306,stable_diffusion_v_1_5,4897,GenImage_test/stable_diffusion_v_1_5/test/nature/ILSVRC2012_val_00019474.JPEG
306,stable_diffusion_v_1_5,4898,GenImage_test/stable_diffusion_v_1_5/test/nature/ILSVRC2012_val_00042599.JPEG
306,stable_diffusion_v_1_5,4899,GenImage_test/stable_diffusion_v_1_5/test/nature/ILSVRC2012_val_00037758.JPEG
307,stable_diffusion_v_1_5,4900,GenImage_test/stable_diffusion_v_1_5/test/nature/ILSVRC2012_val_00012458.JPEG
307,stable_diffusion_v_1_5,4901,GenImage_test/stable_diffusion_v_1_5/test/ai/902_sdv5_00009.png
307,stable_diffusion_v_1_5,4902,GenImage_test/stable_diffusion_v_1_5/test/ai/797_sdv5_00135.png
307,stable_diffusion_v_1_5,4903,GenImage_test/stable_diffusion_v_1_5/test/ai/402_sdv5_00003.png
307,stable_diffusion_v_1_5,4904,GenImage_test/stable_diffusion_v_1_5/test/nature/ILSVRC2012_val_00042887.JPEG
307,stable_diffusion_v_1_5,4905,GenImage_test/stable_diffusion_v_1_5/test/nature/ILSVRC2012_val_00023186.JPEG
307,stable_diffusion_v_1_5,4906,GenImage_test/stable_diffusion_v_1_5/test/nature/ILSVRC2012_val_00029181.JPEG
307,stable_diffusion_v_1_5,4907,GenImage_test/stable_diffusion_v_1_5/test/nature/ILSVRC2012_val_00048403.JPEG
307,stable_diffusion_v_1_5,4908,GenImage_test/stable_diffusion_v_1_5/test/nature/ILSVRC2012_val_00020563.JPEG
307,stable_diffusion_v_1_5,4909,GenImage_test/stable_diffusion_v_1_5/test/nature/ILSVRC2012_val_00027129.JPEG
307,stable_diffusion_v_1_5,4910,GenImage_test/stable_diffusion_v_1_5/test/ai/758_sdv5_00039.png
307,stable_diffusion_v_1_5,4911,GenImage_test/stable_diffusion_v_1_5/test/nature/ILSVRC2012_val_00038126.JPEG
307,stable_diffusion_v_1_5,4912,GenImage_test/stable_diffusion_v_1_5/test/nature/ILSVRC2012_val_00014816.JPEG
307,stable_diffusion_v_1_5,4913,GenImage_test/stable_diffusion_v_1_5/test/nature/ILSVRC2012_val_00018740.JPEG
307,stable_diffusion_v_1_5,4914,GenImage_test/stable_diffusion_v_1_5/test/nature/ILSVRC2012_val_00000472.JPEG
307,stable_diffusion_v_1_5,4915,GenImage_test/stable_diffusion_v_1_5/test/nature/ILSVRC2012_val_00032338.JPEG
308,stable_diffusion_v_1_5,4916,GenImage_test/stable_diffusion_v_1_5/test/nature/ILSVRC2012_val_00002370.JPEG
308,stable_diffusion_v_1_5,4917,GenImage_test/stable_diffusion_v_1_5/test/ai/267_sdv5_00027.png
308,stable_diffusion_v_1_5,4918,GenImage_test/stable_diffusion_v_1_5/test/nature/ILSVRC2012_val_00026642.JPEG
308,stable_diffusion_v_1_5,4919,GenImage_test/stable_diffusion_v_1_5/test/nature/ILSVRC2012_val_00009375.JPEG
308,stable_diffusion_v_1_5,4920,GenImage_test/stable_diffusion_v_1_5/test/ai/728_sdv5_00003.png
308,stable_diffusion_v_1_5,4921,GenImage_test/stable_diffusion_v_1_5/test/ai/444_sdv5_00027.png
308,stable_diffusion_v_1_5,4922,GenImage_test/stable_diffusion_v_1_5/test/ai/834_sdv5_00027.png
308,stable_diffusion_v_1_5,4923,GenImage_test/stable_diffusion_v_1_5/test/nature/ILSVRC2012_val_00024068.JPEG
308,stable_diffusion_v_1_5,4924,GenImage_test/stable_diffusion_v_1_5/test/nature/ILSVRC2012_val_00029667.JPEG
308,stable_diffusion_v_1_5,4925,GenImage_test/stable_diffusion_v_1_5/test/ai/689_sdv5_00003.png
308,stable_diffusion_v_1_5,4926,GenImage_test/stable_diffusion_v_1_5/test/nature/ILSVRC2012_val_00012290.JPEG
308,stable_diffusion_v_1_5,4927,GenImage_test/stable_diffusion_v_1_5/test/nature/ILSVRC2012_val_00025179.JPEG
308,stable_diffusion_v_1_5,4928,GenImage_test/stable_diffusion_v_1_5/test/nature/ILSVRC2012_val_00041330.JPEG
308,stable_diffusion_v_1_5,4929,GenImage_test/stable_diffusion_v_1_5/test/nature/ILSVRC2012_val_00015868.JPEG
308,stable_diffusion_v_1_5,4930,GenImage_test/stable_diffusion_v_1_5/test/nature/ILSVRC2012_val_00048698.JPEG
308,stable_diffusion_v_1_5,4931,GenImage_test/stable_diffusion_v_1_5/test/nature/ILSVRC2012_val_00007422.JPEG
309,stable_diffusion_v_1_5,4932,GenImage_test/stable_diffusion_v_1_5/test/nature/ILSVRC2012_val_00018593.JPEG
309,stable_diffusion_v_1_5,4933,GenImage_test/stable_diffusion_v_1_5/test/ai/467_sdv5_00020.png
309,stable_diffusion_v_1_5,4934,GenImage_test/stable_diffusion_v_1_5/test/nature/ILSVRC2012_val_00013810.JPEG
309,stable_diffusion_v_1_5,4935,GenImage_test/stable_diffusion_v_1_5/test/nature/ILSVRC2012_val_00004171.JPEG
309,stable_diffusion_v_1_5,4936,GenImage_test/stable_diffusion_v_1_5/test/nature/ILSVRC2012_val_00000613.JPEG
309,stable_diffusion_v_1_5,4937,GenImage_test/stable_diffusion_v_1_5/test/ai/840_sdv5_00100.png
309,stable_diffusion_v_1_5,4938,GenImage_test/stable_diffusion_v_1_5/test/nature/ILSVRC2012_val_00043067.JPEG
309,stable_diffusion_v_1_5,4939,GenImage_test/stable_diffusion_v_1_5/test/ai/271_sdv5_00020.png
309,stable_diffusion_v_1_5,4940,GenImage_test/stable_diffusion_v_1_5/test/ai/779_sdv5_00003.png
309,stable_diffusion_v_1_5,4941,GenImage_test/stable_diffusion_v_1_5/test/ai/734_sdv5_00135.png
309,stable_diffusion_v_1_5,4942,GenImage_test/stable_diffusion_v_1_5/test/ai/478_sdv5_00195.png
309,stable_diffusion_v_1_5,4943,GenImage_test/stable_diffusion_v_1_5/test/ai/327_sdv5_00100.png
309,stable_diffusion_v_1_5,4944,GenImage_test/stable_diffusion_v_1_5/test/nature/ILSVRC2012_val_00033134.JPEG
309,stable_diffusion_v_1_5,4945,GenImage_test/stable_diffusion_v_1_5/test/nature/ILSVRC2012_val_00005107.JPEG
309,stable_diffusion_v_1_5,4946,GenImage_test/stable_diffusion_v_1_5/test/ai/431_sdv5_00027.png
309,stable_diffusion_v_1_5,4947,GenImage_test/stable_diffusion_v_1_5/test/nature/ILSVRC2012_val_00027620.JPEG
310,stable_diffusion_v_1_5,4948,GenImage_test/stable_diffusion_v_1_5/test/ai/559_sdv5_00009.png
310,stable_diffusion_v_1_5,4949,GenImage_test/stable_diffusion_v_1_5/test/ai/653_sdv5_00020.png
310,stable_diffusion_v_1_5,4950,GenImage_test/stable_diffusion_v_1_5/test/ai/721_sdv5_00135.png
310,stable_diffusion_v_1_5,4951,GenImage_test/stable_diffusion_v_1_5/test/ai/439_sdv5_00020.png
310,stable_diffusion_v_1_5,4952,GenImage_test/stable_diffusion_v_1_5/test/ai/026_sdv5_00100.png
310,stable_diffusion_v_1_5,4953,GenImage_test/stable_diffusion_v_1_5/test/nature/ILSVRC2012_val_00036127.JPEG
310,stable_diffusion_v_1_5,4954,GenImage_test/stable_diffusion_v_1_5/test/nature/ILSVRC2012_val_00046016.JPEG
310,stable_diffusion_v_1_5,4955,GenImage_test/stable_diffusion_v_1_5/test/ai/463_sdv5_00009.png
310,stable_diffusion_v_1_5,4956,GenImage_test/stable_diffusion_v_1_5/test/nature/ILSVRC2012_val_00039745.JPEG
310,stable_diffusion_v_1_5,4957,GenImage_test/stable_diffusion_v_1_5/test/ai/638_sdv5_00100.png
310,stable_diffusion_v_1_5,4958,GenImage_test/stable_diffusion_v_1_5/test/ai/976_sdv5_00003.png
310,stable_diffusion_v_1_5,4959,GenImage_test/stable_diffusion_v_1_5/test/nature/ILSVRC2012_val_00027310.JPEG
310,stable_diffusion_v_1_5,4960,GenImage_test/stable_diffusion_v_1_5/test/nature/ILSVRC2012_val_00008134.JPEG
310,stable_diffusion_v_1_5,4961,GenImage_test/stable_diffusion_v_1_5/test/nature/ILSVRC2012_val_00032391.JPEG
310,stable_diffusion_v_1_5,4962,GenImage_test/stable_diffusion_v_1_5/test/ai/548_sdv5_00027.png
310,stable_diffusion_v_1_5,4963,GenImage_test/stable_diffusion_v_1_5/test/nature/ILSVRC2012_val_00014869.JPEG
311,stable_diffusion_v_1_5,4964,GenImage_test/stable_diffusion_v_1_5/test/ai/440_sdv5_00020.png
311,stable_diffusion_v_1_5,4965,GenImage_test/stable_diffusion_v_1_5/test/ai/706_sdv5_00135.png
311,stable_diffusion_v_1_5,4966,GenImage_test/stable_diffusion_v_1_5/test/ai/690_sdv5_00020.png
311,stable_diffusion_v_1_5,4967,GenImage_test/stable_diffusion_v_1_5/test/ai/680_sdv5_00009.png
311,stable_diffusion_v_1_5,4968,GenImage_test/stable_diffusion_v_1_5/test/nature/ILSVRC2012_val_00006622.JPEG
311,stable_diffusion_v_1_5,4969,GenImage_test/stable_diffusion_v_1_5/test/nature/ILSVRC2012_val_00025746.JPEG
311,stable_diffusion_v_1_5,4970,GenImage_test/stable_diffusion_v_1_5/test/ai/512_sdv5_00027.png
311,stable_diffusion_v_1_5,4971,GenImage_test/stable_diffusion_v_1_5/test/nature/ILSVRC2012_val_00012676.JPEG
311,stable_diffusion_v_1_5,4972,GenImage_test/stable_diffusion_v_1_5/test/ai/602_sdv5_00039.png
311,stable_diffusion_v_1_5,4973,GenImage_test/stable_diffusion_v_1_5/test/nature/ILSVRC2012_val_00032529.JPEG
311,stable_diffusion_v_1_5,4974,GenImage_test/stable_diffusion_v_1_5/test/nature/ILSVRC2012_val_00044155.JPEG
311,stable_diffusion_v_1_5,4975,GenImage_test/stable_diffusion_v_1_5/test/nature/ILSVRC2012_val_00044066.JPEG
311,stable_diffusion_v_1_5,4976,GenImage_test/stable_diffusion_v_1_5/test/nature/ILSVRC2012_val_00014601.JPEG
311,stable_diffusion_v_1_5,4977,GenImage_test/stable_diffusion_v_1_5/test/nature/ILSVRC2012_val_00012767.JPEG
311,stable_diffusion_v_1_5,4978,GenImage_test/stable_diffusion_v_1_5/test/ai/400_sdv5_00027.png
311,stable_diffusion_v_1_5,4979,GenImage_test/stable_diffusion_v_1_5/test/nature/ILSVRC2012_val_00047575.JPEG
312,stable_diffusion_v_1_5,4980,GenImage_test/stable_diffusion_v_1_5/test/nature/ILSVRC2012_val_00006148.JPEG
312,stable_diffusion_v_1_5,4981,GenImage_test/stable_diffusion_v_1_5/test/nature/ILSVRC2012_val_00036371.JPEG
312,stable_diffusion_v_1_5,4982,GenImage_test/stable_diffusion_v_1_5/test/nature/ILSVRC2012_val_00017573.JPEG
312,stable_diffusion_v_1_5,4983,GenImage_test/stable_diffusion_v_1_5/test/ai/243_sdv5_00020.png
312,stable_diffusion_v_1_5,4984,GenImage_test/stable_diffusion_v_1_5/test/ai/889_sdv5_00027.png
312,stable_diffusion_v_1_5,4985,GenImage_test/stable_diffusion_v_1_5/test/nature/ILSVRC2012_val_00040999.JPEG
312,stable_diffusion_v_1_5,4986,GenImage_test/stable_diffusion_v_1_5/test/ai/626_sdv5_00039.png
312,stable_diffusion_v_1_5,4987,GenImage_test/stable_diffusion_v_1_5/test/nature/ILSVRC2012_val_00043564.JPEG
312,stable_diffusion_v_1_5,4988,GenImage_test/stable_diffusion_v_1_5/test/nature/ILSVRC2012_val_00027167.JPEG
312,stable_diffusion_v_1_5,4989,GenImage_test/stable_diffusion_v_1_5/test/nature/ILSVRC2012_val_00041714.JPEG
312,stable_diffusion_v_1_5,4990,GenImage_test/stable_diffusion_v_1_5/test/ai/933_sdv5_00100.png
312,stable_diffusion_v_1_5,4991,GenImage_test/stable_diffusion_v_1_5/test/nature/ILSVRC2012_val_00045237.JPEG
312,stable_diffusion_v_1_5,4992,GenImage_test/stable_diffusion_v_1_5/test/ai/566_sdv5_00009.png
312,stable_diffusion_v_1_5,4993,GenImage_test/stable_diffusion_v_1_5/test/ai/496_sdv5_00020.png
312,stable_diffusion_v_1_5,4994,GenImage_test/stable_diffusion_v_1_5/test/nature/ILSVRC2012_val_00040641.JPEG
312,stable_diffusion_v_1_5,4995,GenImage_test/stable_diffusion_v_1_5/test/nature/ILSVRC2012_val_00047656.JPEG
313,stable_diffusion_v_1_5,4996,GenImage_test/stable_diffusion_v_1_5/test/nature/ILSVRC2012_val_00019628.JPEG
313,stable_diffusion_v_1_5,4997,GenImage_test/stable_diffusion_v_1_5/test/nature/ILSVRC2012_val_00021008.JPEG
313,stable_diffusion_v_1_5,4998,GenImage_test/stable_diffusion_v_1_5/test/nature/ILSVRC2012_val_00009844.JPEG
313,stable_diffusion_v_1_5,4999,GenImage_test/stable_diffusion_v_1_5/test/nature/ILSVRC2012_val_00019484.JPEG
313,stable_diffusion_v_1_5,5000,GenImage_test/stable_diffusion_v_1_5/test/nature/ILSVRC2012_val_00040905.JPEG
313,stable_diffusion_v_1_5,5001,GenImage_test/stable_diffusion_v_1_5/test/nature/ILSVRC2012_val_00045269.JPEG
313,stable_diffusion_v_1_5,5002,GenImage_test/stable_diffusion_v_1_5/test/nature/ILSVRC2012_val_00025353.JPEG
313,stable_diffusion_v_1_5,5003,GenImage_test/stable_diffusion_v_1_5/test/ai/756_sdv5_00027.png
313,stable_diffusion_v_1_5,5004,GenImage_test/stable_diffusion_v_1_5/test/ai/207_sdv5_00195.png
313,stable_diffusion_v_1_5,5005,GenImage_test/stable_diffusion_v_1_5/test/ai/310_sdv5_00100.png
313,stable_diffusion_v_1_5,5006,GenImage_test/stable_diffusion_v_1_5/test/nature/ILSVRC2012_val_00041304.JPEG
313,stable_diffusion_v_1_5,5007,GenImage_test/stable_diffusion_v_1_5/test/nature/ILSVRC2012_val_00023233.JPEG
313,stable_diffusion_v_1_5,5008,GenImage_test/stable_diffusion_v_1_5/test/ai/659_sdv5_00027.png
313,stable_diffusion_v_1_5,5009,GenImage_test/stable_diffusion_v_1_5/test/nature/ILSVRC2012_val_00006138.JPEG
313,stable_diffusion_v_1_5,5010,GenImage_test/stable_diffusion_v_1_5/test/nature/ILSVRC2012_val_00041428.JPEG
313,stable_diffusion_v_1_5,5011,GenImage_test/stable_diffusion_v_1_5/test/ai/452_sdv5_00039.png
314,stable_diffusion_v_1_5,5012,GenImage_test/stable_diffusion_v_1_5/test/nature/ILSVRC2012_val_00048027.JPEG
314,stable_diffusion_v_1_5,5013,GenImage_test/stable_diffusion_v_1_5/test/ai/966_sdv5_00135.png
314,stable_diffusion_v_1_5,5014,GenImage_test/stable_diffusion_v_1_5/test/nature/ILSVRC2012_val_00044635.JPEG
314,stable_diffusion_v_1_5,5015,GenImage_test/stable_diffusion_v_1_5/test/nature/ILSVRC2012_val_00035273.JPEG
314,stable_diffusion_v_1_5,5016,GenImage_test/stable_diffusion_v_1_5/test/ai/040_sdv5_00135.png
314,stable_diffusion_v_1_5,5017,GenImage_test/stable_diffusion_v_1_5/test/nature/ILSVRC2012_val_00049812.JPEG
314,stable_diffusion_v_1_5,5018,GenImage_test/stable_diffusion_v_1_5/test/ai/757_sdv5_00003.png
314,stable_diffusion_v_1_5,5019,GenImage_test/stable_diffusion_v_1_5/test/ai/231_sdv5_00135.png
314,stable_diffusion_v_1_5,5020,GenImage_test/stable_diffusion_v_1_5/test/ai/772_sdv5_00003.png
314,stable_diffusion_v_1_5,5021,GenImage_test/stable_diffusion_v_1_5/test/nature/ILSVRC2012_val_00000399.JPEG
314,stable_diffusion_v_1_5,5022,GenImage_test/stable_diffusion_v_1_5/test/ai/066_sdv5_00135.png
314,stable_diffusion_v_1_5,5023,GenImage_test/stable_diffusion_v_1_5/test/ai/526_sdv5_00009.png
314,stable_diffusion_v_1_5,5024,GenImage_test/stable_diffusion_v_1_5/test/nature/ILSVRC2012_val_00013658.JPEG
314,stable_diffusion_v_1_5,5025,GenImage_test/stable_diffusion_v_1_5/test/nature/ILSVRC2012_val_00037214.JPEG
314,stable_diffusion_v_1_5,5026,GenImage_test/stable_diffusion_v_1_5/test/ai/312_sdv5_00039.png
314,stable_diffusion_v_1_5,5027,GenImage_test/stable_diffusion_v_1_5/test/ai/183_sdv5_00100.png
315,stable_diffusion_v_1_5,5028,GenImage_test/stable_diffusion_v_1_5/test/ai/114_sdv5_00003.png
315,stable_diffusion_v_1_5,5029,GenImage_test/stable_diffusion_v_1_5/test/ai/675_sdv5_00100.png
315,stable_diffusion_v_1_5,5030,GenImage_test/stable_diffusion_v_1_5/test/nature/ILSVRC2012_val_00008375.JPEG
315,stable_diffusion_v_1_5,5031,GenImage_test/stable_diffusion_v_1_5/test/ai/828_sdv5_00027.png
315,stable_diffusion_v_1_5,5032,GenImage_test/stable_diffusion_v_1_5/test/ai/042_sdv5_00135.png
315,stable_diffusion_v_1_5,5033,GenImage_test/stable_diffusion_v_1_5/test/ai/814_sdv5_00009.png
315,stable_diffusion_v_1_5,5034,GenImage_test/stable_diffusion_v_1_5/test/ai/244_sdv5_00195.png
315,stable_diffusion_v_1_5,5035,GenImage_test/stable_diffusion_v_1_5/test/ai/128_sdv5_00020.png
315,stable_diffusion_v_1_5,5036,GenImage_test/stable_diffusion_v_1_5/test/ai/172_sdv5_00027.png
315,stable_diffusion_v_1_5,5037,GenImage_test/stable_diffusion_v_1_5/test/nature/ILSVRC2012_val_00004965.JPEG
315,stable_diffusion_v_1_5,5038,GenImage_test/stable_diffusion_v_1_5/test/nature/ILSVRC2012_val_00017520.JPEG
315,stable_diffusion_v_1_5,5039,GenImage_test/stable_diffusion_v_1_5/test/nature/ILSVRC2012_val_00020772.JPEG
315,stable_diffusion_v_1_5,5040,GenImage_test/stable_diffusion_v_1_5/test/nature/ILSVRC2012_val_00029001.JPEG
315,stable_diffusion_v_1_5,5041,GenImage_test/stable_diffusion_v_1_5/test/ai/739_sdv5_00039.png
315,stable_diffusion_v_1_5,5042,GenImage_test/stable_diffusion_v_1_5/test/nature/ILSVRC2012_val_00027441.JPEG
315,stable_diffusion_v_1_5,5043,GenImage_test/stable_diffusion_v_1_5/test/ai/403_sdv5_00003.png
316,stable_diffusion_v_1_5,5044,GenImage_test/stable_diffusion_v_1_5/test/ai/753_sdv5_00003.png
316,stable_diffusion_v_1_5,5045,GenImage_test/stable_diffusion_v_1_5/test/nature/ILSVRC2012_val_00016979.JPEG
316,stable_diffusion_v_1_5,5046,GenImage_test/stable_diffusion_v_1_5/test/ai/581_sdv5_00135.png
316,stable_diffusion_v_1_5,5047,GenImage_test/stable_diffusion_v_1_5/test/ai/424_sdv5_00003.png
316,stable_diffusion_v_1_5,5048,GenImage_test/stable_diffusion_v_1_5/test/nature/ILSVRC2012_val_00004910.JPEG
316,stable_diffusion_v_1_5,5049,GenImage_test/stable_diffusion_v_1_5/test/ai/063_sdv5_00020.png
316,stable_diffusion_v_1_5,5050,GenImage_test/stable_diffusion_v_1_5/test/ai/653_sdv5_00100.png
316,stable_diffusion_v_1_5,5051,GenImage_test/stable_diffusion_v_1_5/test/nature/ILSVRC2012_val_00010001.JPEG
316,stable_diffusion_v_1_5,5052,GenImage_test/stable_diffusion_v_1_5/test/nature/ILSVRC2012_val_00034643.JPEG
316,stable_diffusion_v_1_5,5053,GenImage_test/stable_diffusion_v_1_5/test/nature/ILSVRC2012_val_00010542.JPEG
316,stable_diffusion_v_1_5,5054,GenImage_test/stable_diffusion_v_1_5/test/ai/839_sdv5_00135.png
316,stable_diffusion_v_1_5,5055,GenImage_test/stable_diffusion_v_1_5/test/ai/707_sdv5_00195.png
316,stable_diffusion_v_1_5,5056,GenImage_test/stable_diffusion_v_1_5/test/ai/407_sdv5_00020.png
316,stable_diffusion_v_1_5,5057,GenImage_test/stable_diffusion_v_1_5/test/nature/ILSVRC2012_val_00046962.JPEG
316,stable_diffusion_v_1_5,5058,GenImage_test/stable_diffusion_v_1_5/test/nature/ILSVRC2012_val_00038525.JPEG
316,stable_diffusion_v_1_5,5059,GenImage_test/stable_diffusion_v_1_5/test/ai/196_sdv5_00100.png
317,stable_diffusion_v_1_5,5060,GenImage_test/stable_diffusion_v_1_5/test/nature/ILSVRC2012_val_00026922.JPEG
317,stable_diffusion_v_1_5,5061,GenImage_test/stable_diffusion_v_1_5/test/nature/ILSVRC2012_val_00047939.JPEG
317,stable_diffusion_v_1_5,5062,GenImage_test/stable_diffusion_v_1_5/test/ai/926_sdv5_00039.png
317,stable_diffusion_v_1_5,5063,GenImage_test/stable_diffusion_v_1_5/test/nature/ILSVRC2012_val_00036694.JPEG
317,stable_diffusion_v_1_5,5064,GenImage_test/stable_diffusion_v_1_5/test/ai/399_sdv5_00100.png
317,stable_diffusion_v_1_5,5065,GenImage_test/stable_diffusion_v_1_5/test/nature/ILSVRC2012_val_00018781.JPEG
317,stable_diffusion_v_1_5,5066,GenImage_test/stable_diffusion_v_1_5/test/nature/ILSVRC2012_val_00036940.JPEG
317,stable_diffusion_v_1_5,5067,GenImage_test/stable_diffusion_v_1_5/test/ai/344_sdv5_00195.png
317,stable_diffusion_v_1_5,5068,GenImage_test/stable_diffusion_v_1_5/test/nature/ILSVRC2012_val_00029013.JPEG
317,stable_diffusion_v_1_5,5069,GenImage_test/stable_diffusion_v_1_5/test/ai/985_sdv5_00039.png
317,stable_diffusion_v_1_5,5070,GenImage_test/stable_diffusion_v_1_5/test/ai/598_sdv5_00039.png
317,stable_diffusion_v_1_5,5071,GenImage_test/stable_diffusion_v_1_5/test/ai/138_sdv5_00009.png
317,stable_diffusion_v_1_5,5072,GenImage_test/stable_diffusion_v_1_5/test/nature/ILSVRC2012_val_00022946.JPEG
317,stable_diffusion_v_1_5,5073,GenImage_test/stable_diffusion_v_1_5/test/nature/ILSVRC2012_val_00018411.JPEG
317,stable_diffusion_v_1_5,5074,GenImage_test/stable_diffusion_v_1_5/test/ai/908_sdv5_00039.png
317,stable_diffusion_v_1_5,5075,GenImage_test/stable_diffusion_v_1_5/test/ai/452_sdv5_00135.png
318,stable_diffusion_v_1_5,5076,GenImage_test/stable_diffusion_v_1_5/test/nature/ILSVRC2012_val_00032309.JPEG
318,stable_diffusion_v_1_5,5077,GenImage_test/stable_diffusion_v_1_5/test/ai/172_sdv5_00100.png
318,stable_diffusion_v_1_5,5078,GenImage_test/stable_diffusion_v_1_5/test/ai/971_sdv5_00195.png
318,stable_diffusion_v_1_5,5079,GenImage_test/stable_diffusion_v_1_5/test/ai/391_sdv5_00009.png
318,stable_diffusion_v_1_5,5080,GenImage_test/stable_diffusion_v_1_5/test/ai/988_sdv5_00020.png
318,stable_diffusion_v_1_5,5081,GenImage_test/stable_diffusion_v_1_5/test/nature/ILSVRC2012_val_00041617.JPEG
318,stable_diffusion_v_1_5,5082,GenImage_test/stable_diffusion_v_1_5/test/nature/ILSVRC2012_val_00012732.JPEG
318,stable_diffusion_v_1_5,5083,GenImage_test/stable_diffusion_v_1_5/test/nature/ILSVRC2012_val_00004566.JPEG
318,stable_diffusion_v_1_5,5084,GenImage_test/stable_diffusion_v_1_5/test/ai/221_sdv5_00135.png
318,stable_diffusion_v_1_5,5085,GenImage_test/stable_diffusion_v_1_5/test/ai/421_sdv5_00003.png
318,stable_diffusion_v_1_5,5086,GenImage_test/stable_diffusion_v_1_5/test/nature/ILSVRC2012_val_00044143.JPEG
318,stable_diffusion_v_1_5,5087,GenImage_test/stable_diffusion_v_1_5/test/ai/491_sdv5_00100.png
318,stable_diffusion_v_1_5,5088,GenImage_test/stable_diffusion_v_1_5/test/ai/505_sdv5_00135.png
318,stable_diffusion_v_1_5,5089,GenImage_test/stable_diffusion_v_1_5/test/nature/ILSVRC2012_val_00012208.JPEG
318,stable_diffusion_v_1_5,5090,GenImage_test/stable_diffusion_v_1_5/test/ai/599_sdv5_00039.png
318,stable_diffusion_v_1_5,5091,GenImage_test/stable_diffusion_v_1_5/test/nature/ILSVRC2012_val_00010441.JPEG
319,stable_diffusion_v_1_5,5092,GenImage_test/stable_diffusion_v_1_5/test/ai/977_sdv5_00195.png
319,stable_diffusion_v_1_5,5093,GenImage_test/stable_diffusion_v_1_5/test/nature/ILSVRC2012_val_00005384.JPEG
319,stable_diffusion_v_1_5,5094,GenImage_test/stable_diffusion_v_1_5/test/nature/ILSVRC2012_val_00029722.JPEG
319,stable_diffusion_v_1_5,5095,GenImage_test/stable_diffusion_v_1_5/test/ai/479_sdv5_00195.png
319,stable_diffusion_v_1_5,5096,GenImage_test/stable_diffusion_v_1_5/test/nature/ILSVRC2012_val_00003317.JPEG
319,stable_diffusion_v_1_5,5097,GenImage_test/stable_diffusion_v_1_5/test/ai/485_sdv5_00003.png
319,stable_diffusion_v_1_5,5098,GenImage_test/stable_diffusion_v_1_5/test/ai/550_sdv5_00003.png
319,stable_diffusion_v_1_5,5099,GenImage_test/stable_diffusion_v_1_5/test/nature/ILSVRC2012_val_00001122.JPEG
319,stable_diffusion_v_1_5,5100,GenImage_test/stable_diffusion_v_1_5/test/ai/982_sdv5_00135.png
319,stable_diffusion_v_1_5,5101,GenImage_test/stable_diffusion_v_1_5/test/nature/ILSVRC2012_val_00008675.JPEG
319,stable_diffusion_v_1_5,5102,GenImage_test/stable_diffusion_v_1_5/test/ai/114_sdv5_00039.png
319,stable_diffusion_v_1_5,5103,GenImage_test/stable_diffusion_v_1_5/test/nature/ILSVRC2012_val_00006481.JPEG
319,stable_diffusion_v_1_5,5104,GenImage_test/stable_diffusion_v_1_5/test/nature/ILSVRC2012_val_00023132.JPEG
319,stable_diffusion_v_1_5,5105,GenImage_test/stable_diffusion_v_1_5/test/nature/ILSVRC2012_val_00015944.JPEG
319,stable_diffusion_v_1_5,5106,GenImage_test/stable_diffusion_v_1_5/test/nature/ILSVRC2012_val_00042085.JPEG
319,stable_diffusion_v_1_5,5107,GenImage_test/stable_diffusion_v_1_5/test/ai/925_sdv5_00003.png
320,stable_diffusion_v_1_5,5108,GenImage_test/stable_diffusion_v_1_5/test/nature/ILSVRC2012_val_00039022.JPEG
320,stable_diffusion_v_1_5,5109,GenImage_test/stable_diffusion_v_1_5/test/nature/ILSVRC2012_val_00008718.JPEG
320,stable_diffusion_v_1_5,5110,GenImage_test/stable_diffusion_v_1_5/test/ai/240_sdv5_00100.png
320,stable_diffusion_v_1_5,5111,GenImage_test/stable_diffusion_v_1_5/test/nature/ILSVRC2012_val_00023333.JPEG
320,stable_diffusion_v_1_5,5112,GenImage_test/stable_diffusion_v_1_5/test/nature/ILSVRC2012_val_00007669.JPEG
320,stable_diffusion_v_1_5,5113,GenImage_test/stable_diffusion_v_1_5/test/nature/ILSVRC2012_val_00016586.JPEG
320,stable_diffusion_v_1_5,5114,GenImage_test/stable_diffusion_v_1_5/test/nature/ILSVRC2012_val_00009367.JPEG
320,stable_diffusion_v_1_5,5115,GenImage_test/stable_diffusion_v_1_5/test/nature/ILSVRC2012_val_00016208.JPEG
320,stable_diffusion_v_1_5,5116,GenImage_test/stable_diffusion_v_1_5/test/ai/553_sdv5_00195.png
320,stable_diffusion_v_1_5,5117,GenImage_test/stable_diffusion_v_1_5/test/ai/349_sdv5_00100.png
320,stable_diffusion_v_1_5,5118,GenImage_test/stable_diffusion_v_1_5/test/ai/968_sdv5_00039.png
320,stable_diffusion_v_1_5,5119,GenImage_test/stable_diffusion_v_1_5/test/nature/ILSVRC2012_val_00040614.JPEG
320,stable_diffusion_v_1_5,5120,GenImage_test/stable_diffusion_v_1_5/test/nature/ILSVRC2012_val_00028558.JPEG
320,stable_diffusion_v_1_5,5121,GenImage_test/stable_diffusion_v_1_5/test/ai/069_sdv5_00135.png
320,stable_diffusion_v_1_5,5122,GenImage_test/stable_diffusion_v_1_5/test/nature/ILSVRC2012_val_00026647.JPEG
320,stable_diffusion_v_1_5,5123,GenImage_test/stable_diffusion_v_1_5/test/ai/562_sdv5_00195.png
321,stable_diffusion_v_1_5,5124,GenImage_test/stable_diffusion_v_1_5/test/ai/834_sdv5_00135.png
321,stable_diffusion_v_1_5,5125,GenImage_test/stable_diffusion_v_1_5/test/ai/946_sdv5_00195.png
321,stable_diffusion_v_1_5,5126,GenImage_test/stable_diffusion_v_1_5/test/ai/001_sdv5_00020.png
321,stable_diffusion_v_1_5,5127,GenImage_test/stable_diffusion_v_1_5/test/ai/160_sdv5_00100.png
321,stable_diffusion_v_1_5,5128,GenImage_test/stable_diffusion_v_1_5/test/ai/861_sdv5_00009.png
321,stable_diffusion_v_1_5,5129,GenImage_test/stable_diffusion_v_1_5/test/nature/ILSVRC2012_val_00036405.JPEG
321,stable_diffusion_v_1_5,5130,GenImage_test/stable_diffusion_v_1_5/test/ai/030_sdv5_00195.png
321,stable_diffusion_v_1_5,5131,GenImage_test/stable_diffusion_v_1_5/test/nature/ILSVRC2012_val_00026966.JPEG
321,stable_diffusion_v_1_5,5132,GenImage_test/stable_diffusion_v_1_5/test/ai/090_sdv5_00027.png
321,stable_diffusion_v_1_5,5133,GenImage_test/stable_diffusion_v_1_5/test/ai/241_sdv5_00027.png
321,stable_diffusion_v_1_5,5134,GenImage_test/stable_diffusion_v_1_5/test/ai/537_sdv5_00195.png
321,stable_diffusion_v_1_5,5135,GenImage_test/stable_diffusion_v_1_5/test/ai/200_sdv5_00027.png
321,stable_diffusion_v_1_5,5136,GenImage_test/stable_diffusion_v_1_5/test/nature/ILSVRC2012_val_00005285.JPEG
321,stable_diffusion_v_1_5,5137,GenImage_test/stable_diffusion_v_1_5/test/nature/ILSVRC2012_val_00016815.JPEG
321,stable_diffusion_v_1_5,5138,GenImage_test/stable_diffusion_v_1_5/test/ai/240_sdv5_00135.png
321,stable_diffusion_v_1_5,5139,GenImage_test/stable_diffusion_v_1_5/test/ai/939_sdv5_00195.png
322,stable_diffusion_v_1_5,5140,GenImage_test/stable_diffusion_v_1_5/test/nature/ILSVRC2012_val_00025672.JPEG
322,stable_diffusion_v_1_5,5141,GenImage_test/stable_diffusion_v_1_5/test/ai/282_sdv5_00100.png
322,stable_diffusion_v_1_5,5142,GenImage_test/stable_diffusion_v_1_5/test/nature/ILSVRC2012_val_00022099.JPEG
322,stable_diffusion_v_1_5,5143,GenImage_test/stable_diffusion_v_1_5/test/nature/ILSVRC2012_val_00042839.JPEG
322,stable_diffusion_v_1_5,5144,GenImage_test/stable_diffusion_v_1_5/test/ai/845_sdv5_00195.png
322,stable_diffusion_v_1_5,5145,GenImage_test/stable_diffusion_v_1_5/test/nature/ILSVRC2012_val_00042550.JPEG
322,stable_diffusion_v_1_5,5146,GenImage_test/stable_diffusion_v_1_5/test/nature/ILSVRC2012_val_00030525.JPEG
322,stable_diffusion_v_1_5,5147,GenImage_test/stable_diffusion_v_1_5/test/ai/756_sdv5_00009.png
322,stable_diffusion_v_1_5,5148,GenImage_test/stable_diffusion_v_1_5/test/ai/211_sdv5_00009.png
322,stable_diffusion_v_1_5,5149,GenImage_test/stable_diffusion_v_1_5/test/nature/ILSVRC2012_val_00040340.JPEG
322,stable_diffusion_v_1_5,5150,GenImage_test/stable_diffusion_v_1_5/test/ai/193_sdv5_00039.png
322,stable_diffusion_v_1_5,5151,GenImage_test/stable_diffusion_v_1_5/test/nature/ILSVRC2012_val_00037098.JPEG
322,stable_diffusion_v_1_5,5152,GenImage_test/stable_diffusion_v_1_5/test/nature/ILSVRC2012_val_00029536.JPEG
322,stable_diffusion_v_1_5,5153,GenImage_test/stable_diffusion_v_1_5/test/nature/ILSVRC2012_val_00008736.JPEG
322,stable_diffusion_v_1_5,5154,GenImage_test/stable_diffusion_v_1_5/test/ai/092_sdv5_00020.png
322,stable_diffusion_v_1_5,5155,GenImage_test/stable_diffusion_v_1_5/test/ai/487_sdv5_00039.png
323,stable_diffusion_v_1_5,5156,GenImage_test/stable_diffusion_v_1_5/test/nature/ILSVRC2012_val_00043431.JPEG
323,stable_diffusion_v_1_5,5157,GenImage_test/stable_diffusion_v_1_5/test/ai/714_sdv5_00100.png
323,stable_diffusion_v_1_5,5158,GenImage_test/stable_diffusion_v_1_5/test/ai/548_sdv5_00020.png
323,stable_diffusion_v_1_5,5159,GenImage_test/stable_diffusion_v_1_5/test/nature/ILSVRC2012_val_00000989.JPEG
323,stable_diffusion_v_1_5,5160,GenImage_test/stable_diffusion_v_1_5/test/nature/ILSVRC2012_val_00020701.JPEG
323,stable_diffusion_v_1_5,5161,GenImage_test/stable_diffusion_v_1_5/test/ai/619_sdv5_00135.png
323,stable_diffusion_v_1_5,5162,GenImage_test/stable_diffusion_v_1_5/test/nature/ILSVRC2012_val_00008679.JPEG
323,stable_diffusion_v_1_5,5163,GenImage_test/stable_diffusion_v_1_5/test/ai/376_sdv5_00039.png
323,stable_diffusion_v_1_5,5164,GenImage_test/stable_diffusion_v_1_5/test/nature/ILSVRC2012_val_00013491.JPEG
323,stable_diffusion_v_1_5,5165,GenImage_test/stable_diffusion_v_1_5/test/nature/ILSVRC2012_val_00012149.JPEG
323,stable_diffusion_v_1_5,5166,GenImage_test/stable_diffusion_v_1_5/test/ai/426_sdv5_00027.png
323,stable_diffusion_v_1_5,5167,GenImage_test/stable_diffusion_v_1_5/test/nature/ILSVRC2012_val_00031262.JPEG
323,stable_diffusion_v_1_5,5168,GenImage_test/stable_diffusion_v_1_5/test/nature/ILSVRC2012_val_00027426.JPEG
323,stable_diffusion_v_1_5,5169,GenImage_test/stable_diffusion_v_1_5/test/ai/541_sdv5_00020.png
323,stable_diffusion_v_1_5,5170,GenImage_test/stable_diffusion_v_1_5/test/ai/095_sdv5_00009.png
323,stable_diffusion_v_1_5,5171,GenImage_test/stable_diffusion_v_1_5/test/nature/ILSVRC2012_val_00033499.JPEG
324,stable_diffusion_v_1_5,5172,GenImage_test/stable_diffusion_v_1_5/test/nature/ILSVRC2012_val_00043718.JPEG
324,stable_diffusion_v_1_5,5173,GenImage_test/stable_diffusion_v_1_5/test/nature/ILSVRC2012_val_00022710.JPEG
324,stable_diffusion_v_1_5,5174,GenImage_test/stable_diffusion_v_1_5/test/nature/ILSVRC2012_val_00044388.JPEG
324,stable_diffusion_v_1_5,5175,GenImage_test/stable_diffusion_v_1_5/test/nature/ILSVRC2012_val_00030085.JPEG
324,stable_diffusion_v_1_5,5176,GenImage_test/stable_diffusion_v_1_5/test/ai/794_sdv5_00027.png
324,stable_diffusion_v_1_5,5177,GenImage_test/stable_diffusion_v_1_5/test/nature/ILSVRC2012_val_00033298.JPEG
324,stable_diffusion_v_1_5,5178,GenImage_test/stable_diffusion_v_1_5/test/nature/ILSVRC2012_val_00046877.JPEG
324,stable_diffusion_v_1_5,5179,GenImage_test/stable_diffusion_v_1_5/test/ai/534_sdv5_00003.png
324,stable_diffusion_v_1_5,5180,GenImage_test/stable_diffusion_v_1_5/test/ai/417_sdv5_00003.png
324,stable_diffusion_v_1_5,5181,GenImage_test/stable_diffusion_v_1_5/test/nature/ILSVRC2012_val_00034531.JPEG
324,stable_diffusion_v_1_5,5182,GenImage_test/stable_diffusion_v_1_5/test/nature/ILSVRC2012_val_00024160.JPEG
324,stable_diffusion_v_1_5,5183,GenImage_test/stable_diffusion_v_1_5/test/ai/095_sdv5_00039.png
324,stable_diffusion_v_1_5,5184,GenImage_test/stable_diffusion_v_1_5/test/ai/943_sdv5_00100.png
324,stable_diffusion_v_1_5,5185,GenImage_test/stable_diffusion_v_1_5/test/ai/035_sdv5_00039.png
324,stable_diffusion_v_1_5,5186,GenImage_test/stable_diffusion_v_1_5/test/ai/175_sdv5_00195.png
324,stable_diffusion_v_1_5,5187,GenImage_test/stable_diffusion_v_1_5/test/nature/ILSVRC2012_val_00034882.JPEG
325,stable_diffusion_v_1_5,5188,GenImage_test/stable_diffusion_v_1_5/test/nature/ILSVRC2012_val_00031740.JPEG
325,stable_diffusion_v_1_5,5189,GenImage_test/stable_diffusion_v_1_5/test/nature/ILSVRC2012_val_00001985.JPEG
325,stable_diffusion_v_1_5,5190,GenImage_test/stable_diffusion_v_1_5/test/ai/942_sdv5_00039.png
325,stable_diffusion_v_1_5,5191,GenImage_test/stable_diffusion_v_1_5/test/nature/ILSVRC2012_val_00010116.JPEG
325,stable_diffusion_v_1_5,5192,GenImage_test/stable_diffusion_v_1_5/test/ai/983_sdv5_00100.png
325,stable_diffusion_v_1_5,5193,GenImage_test/stable_diffusion_v_1_5/test/nature/ILSVRC2012_val_00007967.JPEG
325,stable_diffusion_v_1_5,5194,GenImage_test/stable_diffusion_v_1_5/test/ai/762_sdv5_00135.png
325,stable_diffusion_v_1_5,5195,GenImage_test/stable_diffusion_v_1_5/test/nature/ILSVRC2012_val_00039551.JPEG
325,stable_diffusion_v_1_5,5196,GenImage_test/stable_diffusion_v_1_5/test/nature/ILSVRC2012_val_00024920.JPEG
325,stable_diffusion_v_1_5,5197,GenImage_test/stable_diffusion_v_1_5/test/ai/758_sdv5_00027.png
325,stable_diffusion_v_1_5,5198,GenImage_test/stable_diffusion_v_1_5/test/nature/ILSVRC2012_val_00028924.JPEG
325,stable_diffusion_v_1_5,5199,GenImage_test/stable_diffusion_v_1_5/test/nature/ILSVRC2012_val_00032718.JPEG
325,stable_diffusion_v_1_5,5200,GenImage_test/stable_diffusion_v_1_5/test/nature/ILSVRC2012_val_00008247.JPEG
325,stable_diffusion_v_1_5,5201,GenImage_test/stable_diffusion_v_1_5/test/ai/334_sdv5_00020.png
325,stable_diffusion_v_1_5,5202,GenImage_test/stable_diffusion_v_1_5/test/nature/ILSVRC2012_val_00007839.JPEG
325,stable_diffusion_v_1_5,5203,GenImage_test/stable_diffusion_v_1_5/test/nature/ILSVRC2012_val_00030121.JPEG
326,stable_diffusion_v_1_5,5204,GenImage_test/stable_diffusion_v_1_5/test/ai/107_sdv5_00027.png
326,stable_diffusion_v_1_5,5205,GenImage_test/stable_diffusion_v_1_5/test/ai/239_sdv5_00100.png
326,stable_diffusion_v_1_5,5206,GenImage_test/stable_diffusion_v_1_5/test/ai/696_sdv5_00135.png
326,stable_diffusion_v_1_5,5207,GenImage_test/stable_diffusion_v_1_5/test/ai/295_sdv5_00020.png
326,stable_diffusion_v_1_5,5208,GenImage_test/stable_diffusion_v_1_5/test/nature/ILSVRC2012_val_00045930.JPEG
326,stable_diffusion_v_1_5,5209,GenImage_test/stable_diffusion_v_1_5/test/ai/406_sdv5_00039.png
326,stable_diffusion_v_1_5,5210,GenImage_test/stable_diffusion_v_1_5/test/ai/330_sdv5_00020.png
326,stable_diffusion_v_1_5,5211,GenImage_test/stable_diffusion_v_1_5/test/nature/ILSVRC2012_val_00037000.JPEG
326,stable_diffusion_v_1_5,5212,GenImage_test/stable_diffusion_v_1_5/test/ai/976_sdv5_00027.png
326,stable_diffusion_v_1_5,5213,GenImage_test/stable_diffusion_v_1_5/test/ai/011_sdv5_00135.png
326,stable_diffusion_v_1_5,5214,GenImage_test/stable_diffusion_v_1_5/test/ai/369_sdv5_00039.png
326,stable_diffusion_v_1_5,5215,GenImage_test/stable_diffusion_v_1_5/test/nature/ILSVRC2012_val_00049167.JPEG
326,stable_diffusion_v_1_5,5216,GenImage_test/stable_diffusion_v_1_5/test/ai/106_sdv5_00020.png
326,stable_diffusion_v_1_5,5217,GenImage_test/stable_diffusion_v_1_5/test/ai/317_sdv5_00020.png
326,stable_diffusion_v_1_5,5218,GenImage_test/stable_diffusion_v_1_5/test/ai/798_sdv5_00100.png
326,stable_diffusion_v_1_5,5219,GenImage_test/stable_diffusion_v_1_5/test/ai/691_sdv5_00009.png
327,stable_diffusion_v_1_5,5220,GenImage_test/stable_diffusion_v_1_5/test/nature/ILSVRC2012_val_00043537.JPEG
327,stable_diffusion_v_1_5,5221,GenImage_test/stable_diffusion_v_1_5/test/ai/334_sdv5_00135.png
327,stable_diffusion_v_1_5,5222,GenImage_test/stable_diffusion_v_1_5/test/nature/ILSVRC2012_val_00014842.JPEG
327,stable_diffusion_v_1_5,5223,GenImage_test/stable_diffusion_v_1_5/test/nature/ILSVRC2012_val_00030736.JPEG
327,stable_diffusion_v_1_5,5224,GenImage_test/stable_diffusion_v_1_5/test/ai/056_sdv5_00135.png
327,stable_diffusion_v_1_5,5225,GenImage_test/stable_diffusion_v_1_5/test/ai/506_sdv5_00100.png
327,stable_diffusion_v_1_5,5226,GenImage_test/stable_diffusion_v_1_5/test/nature/ILSVRC2012_val_00016975.JPEG
327,stable_diffusion_v_1_5,5227,GenImage_test/stable_diffusion_v_1_5/test/ai/673_sdv5_00003.png
327,stable_diffusion_v_1_5,5228,GenImage_test/stable_diffusion_v_1_5/test/ai/157_sdv5_00027.png
327,stable_diffusion_v_1_5,5229,GenImage_test/stable_diffusion_v_1_5/test/ai/647_sdv5_00009.png
327,stable_diffusion_v_1_5,5230,GenImage_test/stable_diffusion_v_1_5/test/nature/ILSVRC2012_val_00045954.JPEG
327,stable_diffusion_v_1_5,5231,GenImage_test/stable_diffusion_v_1_5/test/nature/ILSVRC2012_val_00047413.JPEG
327,stable_diffusion_v_1_5,5232,GenImage_test/stable_diffusion_v_1_5/test/ai/663_sdv5_00135.png
327,stable_diffusion_v_1_5,5233,GenImage_test/stable_diffusion_v_1_5/test/ai/822_sdv5_00135.png
327,stable_diffusion_v_1_5,5234,GenImage_test/stable_diffusion_v_1_5/test/ai/394_sdv5_00039.png
327,stable_diffusion_v_1_5,5235,GenImage_test/stable_diffusion_v_1_5/test/nature/ILSVRC2012_val_00008170.JPEG
328,stable_diffusion_v_1_5,5236,GenImage_test/stable_diffusion_v_1_5/test/ai/775_sdv5_00003.png
328,stable_diffusion_v_1_5,5237,GenImage_test/stable_diffusion_v_1_5/test/nature/ILSVRC2012_val_00005878.JPEG
328,stable_diffusion_v_1_5,5238,GenImage_test/stable_diffusion_v_1_5/test/ai/920_sdv5_00195.png
328,stable_diffusion_v_1_5,5239,GenImage_test/stable_diffusion_v_1_5/test/nature/ILSVRC2012_val_00016838.JPEG
328,stable_diffusion_v_1_5,5240,GenImage_test/stable_diffusion_v_1_5/test/ai/394_sdv5_00100.png
328,stable_diffusion_v_1_5,5241,GenImage_test/stable_diffusion_v_1_5/test/ai/583_sdv5_00027.png
328,stable_diffusion_v_1_5,5242,GenImage_test/stable_diffusion_v_1_5/test/nature/ILSVRC2012_val_00009280.JPEG
328,stable_diffusion_v_1_5,5243,GenImage_test/stable_diffusion_v_1_5/test/ai/634_sdv5_00039.png
328,stable_diffusion_v_1_5,5244,GenImage_test/stable_diffusion_v_1_5/test/ai/375_sdv5_00039.png
328,stable_diffusion_v_1_5,5245,GenImage_test/stable_diffusion_v_1_5/test/ai/407_sdv5_00027.png
328,stable_diffusion_v_1_5,5246,GenImage_test/stable_diffusion_v_1_5/test/ai/446_sdv5_00003.png
328,stable_diffusion_v_1_5,5247,GenImage_test/stable_diffusion_v_1_5/test/ai/642_sdv5_00135.png
328,stable_diffusion_v_1_5,5248,GenImage_test/stable_diffusion_v_1_5/test/nature/ILSVRC2012_val_00031001.JPEG
328,stable_diffusion_v_1_5,5249,GenImage_test/stable_diffusion_v_1_5/test/nature/ILSVRC2012_val_00015455.JPEG
328,stable_diffusion_v_1_5,5250,GenImage_test/stable_diffusion_v_1_5/test/ai/119_sdv5_00195.png
328,stable_diffusion_v_1_5,5251,GenImage_test/stable_diffusion_v_1_5/test/nature/ILSVRC2012_val_00044961.JPEG
329,stable_diffusion_v_1_5,5252,GenImage_test/stable_diffusion_v_1_5/test/nature/ILSVRC2012_val_00006093.JPEG
329,stable_diffusion_v_1_5,5253,GenImage_test/stable_diffusion_v_1_5/test/nature/ILSVRC2012_val_00017553.JPEG
329,stable_diffusion_v_1_5,5254,GenImage_test/stable_diffusion_v_1_5/test/nature/ILSVRC2012_val_00038124.JPEG
329,stable_diffusion_v_1_5,5255,GenImage_test/stable_diffusion_v_1_5/test/nature/ILSVRC2012_val_00002407.JPEG
329,stable_diffusion_v_1_5,5256,GenImage_test/stable_diffusion_v_1_5/test/ai/433_sdv5_00020.png
329,stable_diffusion_v_1_5,5257,GenImage_test/stable_diffusion_v_1_5/test/ai/989_sdv5_00020.png
329,stable_diffusion_v_1_5,5258,GenImage_test/stable_diffusion_v_1_5/test/nature/ILSVRC2012_val_00039598.JPEG
329,stable_diffusion_v_1_5,5259,GenImage_test/stable_diffusion_v_1_5/test/ai/954_sdv5_00009.png
329,stable_diffusion_v_1_5,5260,GenImage_test/stable_diffusion_v_1_5/test/ai/663_sdv5_00027.png
329,stable_diffusion_v_1_5,5261,GenImage_test/stable_diffusion_v_1_5/test/ai/757_sdv5_00135.png
329,stable_diffusion_v_1_5,5262,GenImage_test/stable_diffusion_v_1_5/test/nature/ILSVRC2012_val_00023605.JPEG
329,stable_diffusion_v_1_5,5263,GenImage_test/stable_diffusion_v_1_5/test/ai/957_sdv5_00020.png
329,stable_diffusion_v_1_5,5264,GenImage_test/stable_diffusion_v_1_5/test/nature/ILSVRC2012_val_00025515.JPEG
329,stable_diffusion_v_1_5,5265,GenImage_test/stable_diffusion_v_1_5/test/nature/ILSVRC2012_val_00002552.JPEG
329,stable_diffusion_v_1_5,5266,GenImage_test/stable_diffusion_v_1_5/test/nature/ILSVRC2012_val_00038020.JPEG
329,stable_diffusion_v_1_5,5267,GenImage_test/stable_diffusion_v_1_5/test/ai/714_sdv5_00003.png
330,stable_diffusion_v_1_5,5268,GenImage_test/stable_diffusion_v_1_5/test/ai/648_sdv5_00020.png
330,stable_diffusion_v_1_5,5269,GenImage_test/stable_diffusion_v_1_5/test/nature/ILSVRC2012_val_00043714.JPEG
330,stable_diffusion_v_1_5,5270,GenImage_test/stable_diffusion_v_1_5/test/nature/ILSVRC2012_val_00011701.JPEG
330,stable_diffusion_v_1_5,5271,GenImage_test/stable_diffusion_v_1_5/test/nature/ILSVRC2012_val_00005342.JPEG
330,stable_diffusion_v_1_5,5272,GenImage_test/stable_diffusion_v_1_5/test/ai/218_sdv5_00020.png
330,stable_diffusion_v_1_5,5273,GenImage_test/stable_diffusion_v_1_5/test/nature/ILSVRC2012_val_00042216.JPEG
330,stable_diffusion_v_1_5,5274,GenImage_test/stable_diffusion_v_1_5/test/ai/981_sdv5_00039.png
330,stable_diffusion_v_1_5,5275,GenImage_test/stable_diffusion_v_1_5/test/ai/962_sdv5_00020.png
330,stable_diffusion_v_1_5,5276,GenImage_test/stable_diffusion_v_1_5/test/ai/507_sdv5_00135.png
330,stable_diffusion_v_1_5,5277,GenImage_test/stable_diffusion_v_1_5/test/nature/ILSVRC2012_val_00020878.JPEG
330,stable_diffusion_v_1_5,5278,GenImage_test/stable_diffusion_v_1_5/test/ai/418_sdv5_00195.png
330,stable_diffusion_v_1_5,5279,GenImage_test/stable_diffusion_v_1_5/test/nature/ILSVRC2012_val_00010302.JPEG
330,stable_diffusion_v_1_5,5280,GenImage_test/stable_diffusion_v_1_5/test/ai/422_sdv5_00003.png
330,stable_diffusion_v_1_5,5281,GenImage_test/stable_diffusion_v_1_5/test/nature/ILSVRC2012_val_00002378.JPEG
330,stable_diffusion_v_1_5,5282,GenImage_test/stable_diffusion_v_1_5/test/nature/ILSVRC2012_val_00025389.JPEG
330,stable_diffusion_v_1_5,5283,GenImage_test/stable_diffusion_v_1_5/test/ai/243_sdv5_00135.png
331,stable_diffusion_v_1_5,5284,GenImage_test/stable_diffusion_v_1_5/test/nature/ILSVRC2012_val_00034334.JPEG
331,stable_diffusion_v_1_5,5285,GenImage_test/stable_diffusion_v_1_5/test/nature/ILSVRC2012_val_00010366.JPEG
331,stable_diffusion_v_1_5,5286,GenImage_test/stable_diffusion_v_1_5/test/ai/843_sdv5_00039.png
331,stable_diffusion_v_1_5,5287,GenImage_test/stable_diffusion_v_1_5/test/nature/ILSVRC2012_val_00007428.JPEG
331,stable_diffusion_v_1_5,5288,GenImage_test/stable_diffusion_v_1_5/test/ai/885_sdv5_00135.png
331,stable_diffusion_v_1_5,5289,GenImage_test/stable_diffusion_v_1_5/test/nature/ILSVRC2012_val_00020317.JPEG
331,stable_diffusion_v_1_5,5290,GenImage_test/stable_diffusion_v_1_5/test/nature/ILSVRC2012_val_00006965.JPEG
331,stable_diffusion_v_1_5,5291,GenImage_test/stable_diffusion_v_1_5/test/nature/ILSVRC2012_val_00003134.JPEG
331,stable_diffusion_v_1_5,5292,GenImage_test/stable_diffusion_v_1_5/test/ai/398_sdv5_00027.png
331,stable_diffusion_v_1_5,5293,GenImage_test/stable_diffusion_v_1_5/test/ai/800_sdv5_00100.png
331,stable_diffusion_v_1_5,5294,GenImage_test/stable_diffusion_v_1_5/test/nature/ILSVRC2012_val_00034378.JPEG
331,stable_diffusion_v_1_5,5295,GenImage_test/stable_diffusion_v_1_5/test/nature/ILSVRC2012_val_00002566.JPEG
331,stable_diffusion_v_1_5,5296,GenImage_test/stable_diffusion_v_1_5/test/ai/444_sdv5_00020.png
331,stable_diffusion_v_1_5,5297,GenImage_test/stable_diffusion_v_1_5/test/ai/554_sdv5_00003.png
331,stable_diffusion_v_1_5,5298,GenImage_test/stable_diffusion_v_1_5/test/ai/658_sdv5_00020.png
331,stable_diffusion_v_1_5,5299,GenImage_test/stable_diffusion_v_1_5/test/ai/752_sdv5_00039.png
332,stable_diffusion_v_1_5,5300,GenImage_test/stable_diffusion_v_1_5/test/ai/024_sdv5_00003.png
332,stable_diffusion_v_1_5,5301,GenImage_test/stable_diffusion_v_1_5/test/nature/ILSVRC2012_val_00049056.JPEG
332,stable_diffusion_v_1_5,5302,GenImage_test/stable_diffusion_v_1_5/test/ai/663_sdv5_00003.png
332,stable_diffusion_v_1_5,5303,GenImage_test/stable_diffusion_v_1_5/test/nature/ILSVRC2012_val_00021901.JPEG
332,stable_diffusion_v_1_5,5304,GenImage_test/stable_diffusion_v_1_5/test/nature/ILSVRC2012_val_00001732.JPEG
332,stable_diffusion_v_1_5,5305,GenImage_test/stable_diffusion_v_1_5/test/nature/ILSVRC2012_val_00038326.JPEG
332,stable_diffusion_v_1_5,5306,GenImage_test/stable_diffusion_v_1_5/test/nature/ILSVRC2012_val_00045195.JPEG
332,stable_diffusion_v_1_5,5307,GenImage_test/stable_diffusion_v_1_5/test/ai/775_sdv5_00135.png
332,stable_diffusion_v_1_5,5308,GenImage_test/stable_diffusion_v_1_5/test/ai/140_sdv5_00135.png
332,stable_diffusion_v_1_5,5309,GenImage_test/stable_diffusion_v_1_5/test/ai/464_sdv5_00039.png
332,stable_diffusion_v_1_5,5310,GenImage_test/stable_diffusion_v_1_5/test/nature/ILSVRC2012_val_00010050.JPEG
332,stable_diffusion_v_1_5,5311,GenImage_test/stable_diffusion_v_1_5/test/ai/750_sdv5_00020.png
332,stable_diffusion_v_1_5,5312,GenImage_test/stable_diffusion_v_1_5/test/nature/ILSVRC2012_val_00008704.JPEG
332,stable_diffusion_v_1_5,5313,GenImage_test/stable_diffusion_v_1_5/test/ai/134_sdv5_00003.png
332,stable_diffusion_v_1_5,5314,GenImage_test/stable_diffusion_v_1_5/test/nature/ILSVRC2012_val_00005916.JPEG
332,stable_diffusion_v_1_5,5315,GenImage_test/stable_diffusion_v_1_5/test/ai/796_sdv5_00027.png
333,stable_diffusion_v_1_5,5316,GenImage_test/stable_diffusion_v_1_5/test/nature/ILSVRC2012_val_00041433.JPEG
333,stable_diffusion_v_1_5,5317,GenImage_test/stable_diffusion_v_1_5/test/ai/720_sdv5_00039.png
333,stable_diffusion_v_1_5,5318,GenImage_test/stable_diffusion_v_1_5/test/nature/ILSVRC2012_val_00010970.JPEG
333,stable_diffusion_v_1_5,5319,GenImage_test/stable_diffusion_v_1_5/test/nature/ILSVRC2012_val_00035862.JPEG
333,stable_diffusion_v_1_5,5320,GenImage_test/stable_diffusion_v_1_5/test/nature/ILSVRC2012_val_00025263.JPEG
333,stable_diffusion_v_1_5,5321,GenImage_test/stable_diffusion_v_1_5/test/ai/764_sdv5_00135.png
333,stable_diffusion_v_1_5,5322,GenImage_test/stable_diffusion_v_1_5/test/nature/ILSVRC2012_val_00027258.JPEG
333,stable_diffusion_v_1_5,5323,GenImage_test/stable_diffusion_v_1_5/test/nature/ILSVRC2012_val_00029748.JPEG
333,stable_diffusion_v_1_5,5324,GenImage_test/stable_diffusion_v_1_5/test/ai/489_sdv5_00009.png
333,stable_diffusion_v_1_5,5325,GenImage_test/stable_diffusion_v_1_5/test/nature/ILSVRC2012_val_00017849.JPEG
333,stable_diffusion_v_1_5,5326,GenImage_test/stable_diffusion_v_1_5/test/nature/ILSVRC2012_val_00040948.JPEG
333,stable_diffusion_v_1_5,5327,GenImage_test/stable_diffusion_v_1_5/test/nature/ILSVRC2012_val_00010939.JPEG
333,stable_diffusion_v_1_5,5328,GenImage_test/stable_diffusion_v_1_5/test/ai/222_sdv5_00027.png
333,stable_diffusion_v_1_5,5329,GenImage_test/stable_diffusion_v_1_5/test/ai/543_sdv5_00003.png
333,stable_diffusion_v_1_5,5330,GenImage_test/stable_diffusion_v_1_5/test/nature/ILSVRC2012_val_00001903.JPEG
333,stable_diffusion_v_1_5,5331,GenImage_test/stable_diffusion_v_1_5/test/nature/ILSVRC2012_val_00009826.JPEG
334,stable_diffusion_v_1_5,5332,GenImage_test/stable_diffusion_v_1_5/test/nature/ILSVRC2012_val_00045494.JPEG
334,stable_diffusion_v_1_5,5333,GenImage_test/stable_diffusion_v_1_5/test/nature/ILSVRC2012_val_00047912.JPEG
334,stable_diffusion_v_1_5,5334,GenImage_test/stable_diffusion_v_1_5/test/ai/970_sdv5_00039.png
334,stable_diffusion_v_1_5,5335,GenImage_test/stable_diffusion_v_1_5/test/ai/818_sdv5_00020.png
334,stable_diffusion_v_1_5,5336,GenImage_test/stable_diffusion_v_1_5/test/ai/954_sdv5_00003.png
334,stable_diffusion_v_1_5,5337,GenImage_test/stable_diffusion_v_1_5/test/ai/997_sdv5_00195.png
334,stable_diffusion_v_1_5,5338,GenImage_test/stable_diffusion_v_1_5/test/nature/ILSVRC2012_val_00014734.JPEG
334,stable_diffusion_v_1_5,5339,GenImage_test/stable_diffusion_v_1_5/test/nature/ILSVRC2012_val_00004287.JPEG
334,stable_diffusion_v_1_5,5340,GenImage_test/stable_diffusion_v_1_5/test/nature/ILSVRC2012_val_00019644.JPEG
334,stable_diffusion_v_1_5,5341,GenImage_test/stable_diffusion_v_1_5/test/nature/ILSVRC2012_val_00026614.JPEG
334,stable_diffusion_v_1_5,5342,GenImage_test/stable_diffusion_v_1_5/test/nature/ILSVRC2012_val_00002859.JPEG
334,stable_diffusion_v_1_5,5343,GenImage_test/stable_diffusion_v_1_5/test/nature/ILSVRC2012_val_00038454.JPEG
334,stable_diffusion_v_1_5,5344,GenImage_test/stable_diffusion_v_1_5/test/ai/721_sdv5_00195.png
334,stable_diffusion_v_1_5,5345,GenImage_test/stable_diffusion_v_1_5/test/nature/ILSVRC2012_val_00012176.JPEG
334,stable_diffusion_v_1_5,5346,GenImage_test/stable_diffusion_v_1_5/test/ai/191_sdv5_00009.png
334,stable_diffusion_v_1_5,5347,GenImage_test/stable_diffusion_v_1_5/test/ai/545_sdv5_00027.png
335,stable_diffusion_v_1_5,5348,GenImage_test/stable_diffusion_v_1_5/test/ai/102_sdv5_00100.png
335,stable_diffusion_v_1_5,5349,GenImage_test/stable_diffusion_v_1_5/test/nature/ILSVRC2012_val_00044769.JPEG
335,stable_diffusion_v_1_5,5350,GenImage_test/stable_diffusion_v_1_5/test/ai/287_sdv5_00195.png
335,stable_diffusion_v_1_5,5351,GenImage_test/stable_diffusion_v_1_5/test/ai/284_sdv5_00009.png
335,stable_diffusion_v_1_5,5352,GenImage_test/stable_diffusion_v_1_5/test/nature/ILSVRC2012_val_00049729.JPEG
335,stable_diffusion_v_1_5,5353,GenImage_test/stable_diffusion_v_1_5/test/ai/069_sdv5_00009.png
335,stable_diffusion_v_1_5,5354,GenImage_test/stable_diffusion_v_1_5/test/ai/004_sdv5_00009.png
335,stable_diffusion_v_1_5,5355,GenImage_test/stable_diffusion_v_1_5/test/ai/114_sdv5_00135.png
335,stable_diffusion_v_1_5,5356,GenImage_test/stable_diffusion_v_1_5/test/ai/735_sdv5_00003.png
335,stable_diffusion_v_1_5,5357,GenImage_test/stable_diffusion_v_1_5/test/ai/463_sdv5_00039.png
335,stable_diffusion_v_1_5,5358,GenImage_test/stable_diffusion_v_1_5/test/ai/652_sdv5_00039.png
335,stable_diffusion_v_1_5,5359,GenImage_test/stable_diffusion_v_1_5/test/ai/548_sdv5_00195.png
335,stable_diffusion_v_1_5,5360,GenImage_test/stable_diffusion_v_1_5/test/ai/107_sdv5_00020.png
335,stable_diffusion_v_1_5,5361,GenImage_test/stable_diffusion_v_1_5/test/ai/998_sdv5_00009.png
335,stable_diffusion_v_1_5,5362,GenImage_test/stable_diffusion_v_1_5/test/ai/935_sdv5_00039.png
335,stable_diffusion_v_1_5,5363,GenImage_test/stable_diffusion_v_1_5/test/nature/ILSVRC2012_val_00007270.JPEG
336,stable_diffusion_v_1_5,5364,GenImage_test/stable_diffusion_v_1_5/test/ai/360_sdv5_00195.png
336,stable_diffusion_v_1_5,5365,GenImage_test/stable_diffusion_v_1_5/test/ai/272_sdv5_00135.png
336,stable_diffusion_v_1_5,5366,GenImage_test/stable_diffusion_v_1_5/test/nature/ILSVRC2012_val_00046634.JPEG
336,stable_diffusion_v_1_5,5367,GenImage_test/stable_diffusion_v_1_5/test/nature/ILSVRC2012_val_00047808.JPEG
336,stable_diffusion_v_1_5,5368,GenImage_test/stable_diffusion_v_1_5/test/ai/024_sdv5_00009.png
336,stable_diffusion_v_1_5,5369,GenImage_test/stable_diffusion_v_1_5/test/ai/950_sdv5_00100.png
336,stable_diffusion_v_1_5,5370,GenImage_test/stable_diffusion_v_1_5/test/nature/ILSVRC2012_val_00011512.JPEG
336,stable_diffusion_v_1_5,5371,GenImage_test/stable_diffusion_v_1_5/test/nature/ILSVRC2012_val_00030171.JPEG
336,stable_diffusion_v_1_5,5372,GenImage_test/stable_diffusion_v_1_5/test/ai/137_sdv5_00009.png
336,stable_diffusion_v_1_5,5373,GenImage_test/stable_diffusion_v_1_5/test/ai/514_sdv5_00009.png
336,stable_diffusion_v_1_5,5374,GenImage_test/stable_diffusion_v_1_5/test/ai/121_sdv5_00039.png
336,stable_diffusion_v_1_5,5375,GenImage_test/stable_diffusion_v_1_5/test/nature/ILSVRC2012_val_00015055.JPEG
336,stable_diffusion_v_1_5,5376,GenImage_test/stable_diffusion_v_1_5/test/nature/ILSVRC2012_val_00036268.JPEG
336,stable_diffusion_v_1_5,5377,GenImage_test/stable_diffusion_v_1_5/test/nature/ILSVRC2012_val_00025081.JPEG
336,stable_diffusion_v_1_5,5378,GenImage_test/stable_diffusion_v_1_5/test/ai/342_sdv5_00003.png
336,stable_diffusion_v_1_5,5379,GenImage_test/stable_diffusion_v_1_5/test/ai/365_sdv5_00027.png
337,stable_diffusion_v_1_5,5380,GenImage_test/stable_diffusion_v_1_5/test/ai/347_sdv5_00027.png
337,stable_diffusion_v_1_5,5381,GenImage_test/stable_diffusion_v_1_5/test/ai/380_sdv5_00027.png
337,stable_diffusion_v_1_5,5382,GenImage_test/stable_diffusion_v_1_5/test/nature/ILSVRC2012_val_00042389.JPEG
337,stable_diffusion_v_1_5,5383,GenImage_test/stable_diffusion_v_1_5/test/nature/ILSVRC2012_val_00023435.JPEG
337,stable_diffusion_v_1_5,5384,GenImage_test/stable_diffusion_v_1_5/test/ai/958_sdv5_00009.png
337,stable_diffusion_v_1_5,5385,GenImage_test/stable_diffusion_v_1_5/test/nature/ILSVRC2012_val_00008446.JPEG
337,stable_diffusion_v_1_5,5386,GenImage_test/stable_diffusion_v_1_5/test/ai/574_sdv5_00027.png
337,stable_diffusion_v_1_5,5387,GenImage_test/stable_diffusion_v_1_5/test/ai/370_sdv5_00195.png
337,stable_diffusion_v_1_5,5388,GenImage_test/stable_diffusion_v_1_5/test/nature/ILSVRC2012_val_00002669.JPEG
337,stable_diffusion_v_1_5,5389,GenImage_test/stable_diffusion_v_1_5/test/ai/722_sdv5_00039.png
337,stable_diffusion_v_1_5,5390,GenImage_test/stable_diffusion_v_1_5/test/ai/384_sdv5_00135.png
337,stable_diffusion_v_1_5,5391,GenImage_test/stable_diffusion_v_1_5/test/ai/297_sdv5_00100.png
337,stable_diffusion_v_1_5,5392,GenImage_test/stable_diffusion_v_1_5/test/ai/572_sdv5_00100.png
337,stable_diffusion_v_1_5,5393,GenImage_test/stable_diffusion_v_1_5/test/nature/ILSVRC2012_val_00010942.JPEG
337,stable_diffusion_v_1_5,5394,GenImage_test/stable_diffusion_v_1_5/test/ai/078_sdv5_00195.png
337,stable_diffusion_v_1_5,5395,GenImage_test/stable_diffusion_v_1_5/test/nature/ILSVRC2012_val_00031937.JPEG
338,stable_diffusion_v_1_5,5396,GenImage_test/stable_diffusion_v_1_5/test/ai/129_sdv5_00020.png
338,stable_diffusion_v_1_5,5397,GenImage_test/stable_diffusion_v_1_5/test/ai/830_sdv5_00003.png
338,stable_diffusion_v_1_5,5398,GenImage_test/stable_diffusion_v_1_5/test/ai/531_sdv5_00009.png
338,stable_diffusion_v_1_5,5399,GenImage_test/stable_diffusion_v_1_5/test/nature/ILSVRC2012_val_00025544.JPEG
338,stable_diffusion_v_1_5,5400,GenImage_test/stable_diffusion_v_1_5/test/nature/ILSVRC2012_val_00019427.JPEG
338,stable_diffusion_v_1_5,5401,GenImage_test/stable_diffusion_v_1_5/test/ai/773_sdv5_00135.png
338,stable_diffusion_v_1_5,5402,GenImage_test/stable_diffusion_v_1_5/test/nature/ILSVRC2012_val_00000053.JPEG
338,stable_diffusion_v_1_5,5403,GenImage_test/stable_diffusion_v_1_5/test/nature/ILSVRC2012_val_00009848.JPEG
338,stable_diffusion_v_1_5,5404,GenImage_test/stable_diffusion_v_1_5/test/nature/ILSVRC2012_val_00024906.JPEG
338,stable_diffusion_v_1_5,5405,GenImage_test/stable_diffusion_v_1_5/test/nature/ILSVRC2012_val_00023125.JPEG
338,stable_diffusion_v_1_5,5406,GenImage_test/stable_diffusion_v_1_5/test/ai/530_sdv5_00003.png
338,stable_diffusion_v_1_5,5407,GenImage_test/stable_diffusion_v_1_5/test/nature/ILSVRC2012_val_00043006.JPEG
338,stable_diffusion_v_1_5,5408,GenImage_test/stable_diffusion_v_1_5/test/nature/ILSVRC2012_val_00007534.JPEG
338,stable_diffusion_v_1_5,5409,GenImage_test/stable_diffusion_v_1_5/test/ai/518_sdv5_00027.png
338,stable_diffusion_v_1_5,5410,GenImage_test/stable_diffusion_v_1_5/test/nature/ILSVRC2012_val_00048092.JPEG
338,stable_diffusion_v_1_5,5411,GenImage_test/stable_diffusion_v_1_5/test/nature/ILSVRC2012_val_00006832.JPEG
339,stable_diffusion_v_1_5,5412,GenImage_test/stable_diffusion_v_1_5/test/ai/207_sdv5_00039.png
339,stable_diffusion_v_1_5,5413,GenImage_test/stable_diffusion_v_1_5/test/ai/910_sdv5_00135.png
339,stable_diffusion_v_1_5,5414,GenImage_test/stable_diffusion_v_1_5/test/nature/ILSVRC2012_val_00002091.JPEG
339,stable_diffusion_v_1_5,5415,GenImage_test/stable_diffusion_v_1_5/test/ai/302_sdv5_00009.png
339,stable_diffusion_v_1_5,5416,GenImage_test/stable_diffusion_v_1_5/test/ai/189_sdv5_00027.png
339,stable_diffusion_v_1_5,5417,GenImage_test/stable_diffusion_v_1_5/test/nature/ILSVRC2012_val_00036358.JPEG
339,stable_diffusion_v_1_5,5418,GenImage_test/stable_diffusion_v_1_5/test/nature/ILSVRC2012_val_00028750.JPEG
339,stable_diffusion_v_1_5,5419,GenImage_test/stable_diffusion_v_1_5/test/ai/332_sdv5_00027.png
339,stable_diffusion_v_1_5,5420,GenImage_test/stable_diffusion_v_1_5/test/nature/ILSVRC2012_val_00032245.JPEG
339,stable_diffusion_v_1_5,5421,GenImage_test/stable_diffusion_v_1_5/test/nature/ILSVRC2012_val_00017132.JPEG
339,stable_diffusion_v_1_5,5422,GenImage_test/stable_diffusion_v_1_5/test/nature/ILSVRC2012_val_00004266.JPEG
339,stable_diffusion_v_1_5,5423,GenImage_test/stable_diffusion_v_1_5/test/nature/ILSVRC2012_val_00001860.JPEG
339,stable_diffusion_v_1_5,5424,GenImage_test/stable_diffusion_v_1_5/test/nature/ILSVRC2012_val_00031080.JPEG
339,stable_diffusion_v_1_5,5425,GenImage_test/stable_diffusion_v_1_5/test/ai/542_sdv5_00003.png
339,stable_diffusion_v_1_5,5426,GenImage_test/stable_diffusion_v_1_5/test/ai/857_sdv5_00100.png
339,stable_diffusion_v_1_5,5427,GenImage_test/stable_diffusion_v_1_5/test/nature/ILSVRC2012_val_00031632.JPEG
340,stable_diffusion_v_1_5,5428,GenImage_test/stable_diffusion_v_1_5/test/ai/374_sdv5_00135.png
340,stable_diffusion_v_1_5,5429,GenImage_test/stable_diffusion_v_1_5/test/ai/800_sdv5_00009.png
340,stable_diffusion_v_1_5,5430,GenImage_test/stable_diffusion_v_1_5/test/nature/ILSVRC2012_val_00027007.JPEG
340,stable_diffusion_v_1_5,5431,GenImage_test/stable_diffusion_v_1_5/test/nature/ILSVRC2012_val_00047878.JPEG
340,stable_diffusion_v_1_5,5432,GenImage_test/stable_diffusion_v_1_5/test/ai/291_sdv5_00009.png
340,stable_diffusion_v_1_5,5433,GenImage_test/stable_diffusion_v_1_5/test/ai/311_sdv5_00027.png
340,stable_diffusion_v_1_5,5434,GenImage_test/stable_diffusion_v_1_5/test/nature/ILSVRC2012_val_00034793.JPEG
340,stable_diffusion_v_1_5,5435,GenImage_test/stable_diffusion_v_1_5/test/ai/750_sdv5_00135.png
340,stable_diffusion_v_1_5,5436,GenImage_test/stable_diffusion_v_1_5/test/nature/ILSVRC2012_val_00003801.JPEG
340,stable_diffusion_v_1_5,5437,GenImage_test/stable_diffusion_v_1_5/test/ai/084_sdv5_00195.png
340,stable_diffusion_v_1_5,5438,GenImage_test/stable_diffusion_v_1_5/test/nature/ILSVRC2012_val_00013486.JPEG
340,stable_diffusion_v_1_5,5439,GenImage_test/stable_diffusion_v_1_5/test/ai/891_sdv5_00020.png
340,stable_diffusion_v_1_5,5440,GenImage_test/stable_diffusion_v_1_5/test/ai/942_sdv5_00100.png
340,stable_diffusion_v_1_5,5441,GenImage_test/stable_diffusion_v_1_5/test/nature/ILSVRC2012_val_00015334.JPEG
340,stable_diffusion_v_1_5,5442,GenImage_test/stable_diffusion_v_1_5/test/nature/ILSVRC2012_val_00023799.JPEG
340,stable_diffusion_v_1_5,5443,GenImage_test/stable_diffusion_v_1_5/test/ai/511_sdv5_00195.png
341,stable_diffusion_v_1_5,5444,GenImage_test/stable_diffusion_v_1_5/test/nature/ILSVRC2012_val_00039514.JPEG
341,stable_diffusion_v_1_5,5445,GenImage_test/stable_diffusion_v_1_5/test/nature/ILSVRC2012_val_00004727.JPEG
341,stable_diffusion_v_1_5,5446,GenImage_test/stable_diffusion_v_1_5/test/nature/ILSVRC2012_val_00009164.JPEG
341,stable_diffusion_v_1_5,5447,GenImage_test/stable_diffusion_v_1_5/test/ai/878_sdv5_00195.png
341,stable_diffusion_v_1_5,5448,GenImage_test/stable_diffusion_v_1_5/test/ai/186_sdv5_00039.png
341,stable_diffusion_v_1_5,5449,GenImage_test/stable_diffusion_v_1_5/test/ai/753_sdv5_00135.png
341,stable_diffusion_v_1_5,5450,GenImage_test/stable_diffusion_v_1_5/test/ai/607_sdv5_00003.png
341,stable_diffusion_v_1_5,5451,GenImage_test/stable_diffusion_v_1_5/test/ai/170_sdv5_00195.png
341,stable_diffusion_v_1_5,5452,GenImage_test/stable_diffusion_v_1_5/test/ai/019_sdv5_00020.png
341,stable_diffusion_v_1_5,5453,GenImage_test/stable_diffusion_v_1_5/test/ai/150_sdv5_00009.png
341,stable_diffusion_v_1_5,5454,GenImage_test/stable_diffusion_v_1_5/test/nature/ILSVRC2012_val_00017746.JPEG
341,stable_diffusion_v_1_5,5455,GenImage_test/stable_diffusion_v_1_5/test/nature/ILSVRC2012_val_00007760.JPEG
341,stable_diffusion_v_1_5,5456,GenImage_test/stable_diffusion_v_1_5/test/ai/811_sdv5_00039.png
341,stable_diffusion_v_1_5,5457,GenImage_test/stable_diffusion_v_1_5/test/ai/323_sdv5_00195.png
341,stable_diffusion_v_1_5,5458,GenImage_test/stable_diffusion_v_1_5/test/ai/668_sdv5_00039.png
341,stable_diffusion_v_1_5,5459,GenImage_test/stable_diffusion_v_1_5/test/nature/ILSVRC2012_val_00000750.JPEG
342,stable_diffusion_v_1_5,5460,GenImage_test/stable_diffusion_v_1_5/test/nature/ILSVRC2012_val_00044356.JPEG
342,stable_diffusion_v_1_5,5461,GenImage_test/stable_diffusion_v_1_5/test/ai/262_sdv5_00100.png
342,stable_diffusion_v_1_5,5462,GenImage_test/stable_diffusion_v_1_5/test/nature/ILSVRC2012_val_00043294.JPEG
342,stable_diffusion_v_1_5,5463,GenImage_test/stable_diffusion_v_1_5/test/ai/724_sdv5_00195.png
342,stable_diffusion_v_1_5,5464,GenImage_test/stable_diffusion_v_1_5/test/ai/277_sdv5_00100.png
342,stable_diffusion_v_1_5,5465,GenImage_test/stable_diffusion_v_1_5/test/ai/570_sdv5_00135.png
342,stable_diffusion_v_1_5,5466,GenImage_test/stable_diffusion_v_1_5/test/ai/246_sdv5_00020.png
342,stable_diffusion_v_1_5,5467,GenImage_test/stable_diffusion_v_1_5/test/nature/ILSVRC2012_val_00036945.JPEG
342,stable_diffusion_v_1_5,5468,GenImage_test/stable_diffusion_v_1_5/test/nature/ILSVRC2012_val_00037997.JPEG
342,stable_diffusion_v_1_5,5469,GenImage_test/stable_diffusion_v_1_5/test/nature/ILSVRC2012_val_00006971.JPEG
342,stable_diffusion_v_1_5,5470,GenImage_test/stable_diffusion_v_1_5/test/nature/ILSVRC2012_val_00005660.JPEG
342,stable_diffusion_v_1_5,5471,GenImage_test/stable_diffusion_v_1_5/test/nature/ILSVRC2012_val_00042041.JPEG
342,stable_diffusion_v_1_5,5472,GenImage_test/stable_diffusion_v_1_5/test/nature/ILSVRC2012_val_00020099.JPEG
342,stable_diffusion_v_1_5,5473,GenImage_test/stable_diffusion_v_1_5/test/ai/906_sdv5_00009.png
342,stable_diffusion_v_1_5,5474,GenImage_test/stable_diffusion_v_1_5/test/ai/613_sdv5_00009.png
342,stable_diffusion_v_1_5,5475,GenImage_test/stable_diffusion_v_1_5/test/ai/077_sdv5_00039.png
343,stable_diffusion_v_1_5,5476,GenImage_test/stable_diffusion_v_1_5/test/nature/ILSVRC2012_val_00029374.JPEG
343,stable_diffusion_v_1_5,5477,GenImage_test/stable_diffusion_v_1_5/test/ai/981_sdv5_00027.png
343,stable_diffusion_v_1_5,5478,GenImage_test/stable_diffusion_v_1_5/test/ai/023_sdv5_00039.png
343,stable_diffusion_v_1_5,5479,GenImage_test/stable_diffusion_v_1_5/test/ai/020_sdv5_00020.png
343,stable_diffusion_v_1_5,5480,GenImage_test/stable_diffusion_v_1_5/test/nature/ILSVRC2012_val_00008865.JPEG
343,stable_diffusion_v_1_5,5481,GenImage_test/stable_diffusion_v_1_5/test/ai/085_sdv5_00003.png
343,stable_diffusion_v_1_5,5482,GenImage_test/stable_diffusion_v_1_5/test/nature/ILSVRC2012_val_00035414.JPEG
343,stable_diffusion_v_1_5,5483,GenImage_test/stable_diffusion_v_1_5/test/ai/461_sdv5_00027.png
343,stable_diffusion_v_1_5,5484,GenImage_test/stable_diffusion_v_1_5/test/ai/695_sdv5_00195.png
343,stable_diffusion_v_1_5,5485,GenImage_test/stable_diffusion_v_1_5/test/ai/130_sdv5_00027.png
343,stable_diffusion_v_1_5,5486,GenImage_test/stable_diffusion_v_1_5/test/ai/429_sdv5_00135.png
343,stable_diffusion_v_1_5,5487,GenImage_test/stable_diffusion_v_1_5/test/ai/693_sdv5_00003.png
343,stable_diffusion_v_1_5,5488,GenImage_test/stable_diffusion_v_1_5/test/nature/ILSVRC2012_val_00009369.JPEG
343,stable_diffusion_v_1_5,5489,GenImage_test/stable_diffusion_v_1_5/test/nature/ILSVRC2012_val_00049959.JPEG
343,stable_diffusion_v_1_5,5490,GenImage_test/stable_diffusion_v_1_5/test/ai/570_sdv5_00195.png
343,stable_diffusion_v_1_5,5491,GenImage_test/stable_diffusion_v_1_5/test/nature/ILSVRC2012_val_00035356.JPEG
344,stable_diffusion_v_1_5,5492,GenImage_test/stable_diffusion_v_1_5/test/nature/ILSVRC2012_val_00017757.JPEG
344,stable_diffusion_v_1_5,5493,GenImage_test/stable_diffusion_v_1_5/test/ai/717_sdv5_00027.png
344,stable_diffusion_v_1_5,5494,GenImage_test/stable_diffusion_v_1_5/test/ai/740_sdv5_00195.png
344,stable_diffusion_v_1_5,5495,GenImage_test/stable_diffusion_v_1_5/test/ai/284_sdv5_00135.png
344,stable_diffusion_v_1_5,5496,GenImage_test/stable_diffusion_v_1_5/test/ai/825_sdv5_00003.png
344,stable_diffusion_v_1_5,5497,GenImage_test/stable_diffusion_v_1_5/test/nature/ILSVRC2012_val_00016657.JPEG
344,stable_diffusion_v_1_5,5498,GenImage_test/stable_diffusion_v_1_5/test/ai/226_sdv5_00039.png
344,stable_diffusion_v_1_5,5499,GenImage_test/stable_diffusion_v_1_5/test/nature/ILSVRC2012_val_00006470.JPEG
344,stable_diffusion_v_1_5,5500,GenImage_test/stable_diffusion_v_1_5/test/nature/ILSVRC2012_val_00012959.JPEG
344,stable_diffusion_v_1_5,5501,GenImage_test/stable_diffusion_v_1_5/test/ai/050_sdv5_00003.png
344,stable_diffusion_v_1_5,5502,GenImage_test/stable_diffusion_v_1_5/test/nature/ILSVRC2012_val_00045019.JPEG
344,stable_diffusion_v_1_5,5503,GenImage_test/stable_diffusion_v_1_5/test/nature/ILSVRC2012_val_00026923.JPEG
344,stable_diffusion_v_1_5,5504,GenImage_test/stable_diffusion_v_1_5/test/ai/911_sdv5_00009.png
344,stable_diffusion_v_1_5,5505,GenImage_test/stable_diffusion_v_1_5/test/ai/844_sdv5_00039.png
344,stable_diffusion_v_1_5,5506,GenImage_test/stable_diffusion_v_1_5/test/nature/ILSVRC2012_val_00008858.JPEG
344,stable_diffusion_v_1_5,5507,GenImage_test/stable_diffusion_v_1_5/test/nature/ILSVRC2012_val_00003236.JPEG
345,stable_diffusion_v_1_5,5508,GenImage_test/stable_diffusion_v_1_5/test/nature/ILSVRC2012_val_00011222.JPEG
345,stable_diffusion_v_1_5,5509,GenImage_test/stable_diffusion_v_1_5/test/ai/859_sdv5_00020.png
345,stable_diffusion_v_1_5,5510,GenImage_test/stable_diffusion_v_1_5/test/ai/859_sdv5_00135.png
345,stable_diffusion_v_1_5,5511,GenImage_test/stable_diffusion_v_1_5/test/ai/415_sdv5_00039.png
345,stable_diffusion_v_1_5,5512,GenImage_test/stable_diffusion_v_1_5/test/ai/613_sdv5_00135.png
345,stable_diffusion_v_1_5,5513,GenImage_test/stable_diffusion_v_1_5/test/ai/627_sdv5_00100.png
345,stable_diffusion_v_1_5,5514,GenImage_test/stable_diffusion_v_1_5/test/ai/453_sdv5_00195.png
345,stable_diffusion_v_1_5,5515,GenImage_test/stable_diffusion_v_1_5/test/ai/104_sdv5_00009.png
345,stable_diffusion_v_1_5,5516,GenImage_test/stable_diffusion_v_1_5/test/ai/807_sdv5_00003.png
345,stable_diffusion_v_1_5,5517,GenImage_test/stable_diffusion_v_1_5/test/nature/ILSVRC2012_val_00039301.JPEG
345,stable_diffusion_v_1_5,5518,GenImage_test/stable_diffusion_v_1_5/test/ai/232_sdv5_00003.png
345,stable_diffusion_v_1_5,5519,GenImage_test/stable_diffusion_v_1_5/test/nature/ILSVRC2012_val_00008299.JPEG
345,stable_diffusion_v_1_5,5520,GenImage_test/stable_diffusion_v_1_5/test/ai/866_sdv5_00020.png
345,stable_diffusion_v_1_5,5521,GenImage_test/stable_diffusion_v_1_5/test/ai/679_sdv5_00009.png
345,stable_diffusion_v_1_5,5522,GenImage_test/stable_diffusion_v_1_5/test/nature/ILSVRC2012_val_00031438.JPEG
345,stable_diffusion_v_1_5,5523,GenImage_test/stable_diffusion_v_1_5/test/nature/ILSVRC2012_val_00022821.JPEG
346,stable_diffusion_v_1_5,5524,GenImage_test/stable_diffusion_v_1_5/test/nature/ILSVRC2012_val_00014926.JPEG
346,stable_diffusion_v_1_5,5525,GenImage_test/stable_diffusion_v_1_5/test/ai/466_sdv5_00003.png
346,stable_diffusion_v_1_5,5526,GenImage_test/stable_diffusion_v_1_5/test/ai/158_sdv5_00135.png
346,stable_diffusion_v_1_5,5527,GenImage_test/stable_diffusion_v_1_5/test/nature/ILSVRC2012_val_00038104.JPEG
346,stable_diffusion_v_1_5,5528,GenImage_test/stable_diffusion_v_1_5/test/nature/ILSVRC2012_val_00036161.JPEG
346,stable_diffusion_v_1_5,5529,GenImage_test/stable_diffusion_v_1_5/test/nature/ILSVRC2012_val_00041886.JPEG
346,stable_diffusion_v_1_5,5530,GenImage_test/stable_diffusion_v_1_5/test/ai/372_sdv5_00009.png
346,stable_diffusion_v_1_5,5531,GenImage_test/stable_diffusion_v_1_5/test/nature/ILSVRC2012_val_00010461.JPEG
346,stable_diffusion_v_1_5,5532,GenImage_test/stable_diffusion_v_1_5/test/ai/074_sdv5_00135.png
346,stable_diffusion_v_1_5,5533,GenImage_test/stable_diffusion_v_1_5/test/nature/ILSVRC2012_val_00037902.JPEG
346,stable_diffusion_v_1_5,5534,GenImage_test/stable_diffusion_v_1_5/test/ai/743_sdv5_00009.png
346,stable_diffusion_v_1_5,5535,GenImage_test/stable_diffusion_v_1_5/test/ai/557_sdv5_00195.png
346,stable_diffusion_v_1_5,5536,GenImage_test/stable_diffusion_v_1_5/test/ai/646_sdv5_00020.png
346,stable_diffusion_v_1_5,5537,GenImage_test/stable_diffusion_v_1_5/test/ai/850_sdv5_00195.png
346,stable_diffusion_v_1_5,5538,GenImage_test/stable_diffusion_v_1_5/test/nature/ILSVRC2012_val_00008837.JPEG
346,stable_diffusion_v_1_5,5539,GenImage_test/stable_diffusion_v_1_5/test/ai/407_sdv5_00100.png
347,stable_diffusion_v_1_5,5540,GenImage_test/stable_diffusion_v_1_5/test/nature/ILSVRC2012_val_00004637.JPEG
347,stable_diffusion_v_1_5,5541,GenImage_test/stable_diffusion_v_1_5/test/ai/865_sdv5_00027.png
347,stable_diffusion_v_1_5,5542,GenImage_test/stable_diffusion_v_1_5/test/ai/929_sdv5_00100.png
347,stable_diffusion_v_1_5,5543,GenImage_test/stable_diffusion_v_1_5/test/ai/849_sdv5_00003.png
347,stable_diffusion_v_1_5,5544,GenImage_test/stable_diffusion_v_1_5/test/nature/ILSVRC2012_val_00044603.JPEG
347,stable_diffusion_v_1_5,5545,GenImage_test/stable_diffusion_v_1_5/test/nature/ILSVRC2012_val_00014218.JPEG
347,stable_diffusion_v_1_5,5546,GenImage_test/stable_diffusion_v_1_5/test/ai/403_sdv5_00039.png
347,stable_diffusion_v_1_5,5547,GenImage_test/stable_diffusion_v_1_5/test/ai/248_sdv5_00020.png
347,stable_diffusion_v_1_5,5548,GenImage_test/stable_diffusion_v_1_5/test/ai/256_sdv5_00009.png
347,stable_diffusion_v_1_5,5549,GenImage_test/stable_diffusion_v_1_5/test/nature/ILSVRC2012_val_00015650.JPEG
347,stable_diffusion_v_1_5,5550,GenImage_test/stable_diffusion_v_1_5/test/ai/234_sdv5_00100.png
347,stable_diffusion_v_1_5,5551,GenImage_test/stable_diffusion_v_1_5/test/ai/488_sdv5_00020.png
347,stable_diffusion_v_1_5,5552,GenImage_test/stable_diffusion_v_1_5/test/ai/227_sdv5_00027.png
347,stable_diffusion_v_1_5,5553,GenImage_test/stable_diffusion_v_1_5/test/nature/ILSVRC2012_val_00041535.JPEG
347,stable_diffusion_v_1_5,5554,GenImage_test/stable_diffusion_v_1_5/test/ai/992_sdv5_00135.png
347,stable_diffusion_v_1_5,5555,GenImage_test/stable_diffusion_v_1_5/test/ai/138_sdv5_00039.png
348,stable_diffusion_v_1_5,5556,GenImage_test/stable_diffusion_v_1_5/test/ai/316_sdv5_00020.png
348,stable_diffusion_v_1_5,5557,GenImage_test/stable_diffusion_v_1_5/test/nature/ILSVRC2012_val_00013987.JPEG
348,stable_diffusion_v_1_5,5558,GenImage_test/stable_diffusion_v_1_5/test/ai/945_sdv5_00003.png
348,stable_diffusion_v_1_5,5559,GenImage_test/stable_diffusion_v_1_5/test/ai/148_sdv5_00135.png
348,stable_diffusion_v_1_5,5560,GenImage_test/stable_diffusion_v_1_5/test/nature/ILSVRC2012_val_00035665.JPEG
348,stable_diffusion_v_1_5,5561,GenImage_test/stable_diffusion_v_1_5/test/nature/ILSVRC2012_val_00017699.JPEG
348,stable_diffusion_v_1_5,5562,GenImage_test/stable_diffusion_v_1_5/test/ai/568_sdv5_00195.png
348,stable_diffusion_v_1_5,5563,GenImage_test/stable_diffusion_v_1_5/test/ai/184_sdv5_00039.png
348,stable_diffusion_v_1_5,5564,GenImage_test/stable_diffusion_v_1_5/test/ai/366_sdv5_00039.png
348,stable_diffusion_v_1_5,5565,GenImage_test/stable_diffusion_v_1_5/test/nature/ILSVRC2012_val_00000151.JPEG
348,stable_diffusion_v_1_5,5566,GenImage_test/stable_diffusion_v_1_5/test/ai/004_sdv5_00195.png
348,stable_diffusion_v_1_5,5567,GenImage_test/stable_diffusion_v_1_5/test/nature/ILSVRC2012_val_00031148.JPEG
348,stable_diffusion_v_1_5,5568,GenImage_test/stable_diffusion_v_1_5/test/ai/741_sdv5_00195.png
348,stable_diffusion_v_1_5,5569,GenImage_test/stable_diffusion_v_1_5/test/nature/ILSVRC2012_val_00020881.JPEG
348,stable_diffusion_v_1_5,5570,GenImage_test/stable_diffusion_v_1_5/test/ai/517_sdv5_00195.png
348,stable_diffusion_v_1_5,5571,GenImage_test/stable_diffusion_v_1_5/test/ai/179_sdv5_00135.png
349,stable_diffusion_v_1_5,5572,GenImage_test/stable_diffusion_v_1_5/test/nature/ILSVRC2012_val_00036028.JPEG
349,stable_diffusion_v_1_5,5573,GenImage_test/stable_diffusion_v_1_5/test/ai/616_sdv5_00020.png
349,stable_diffusion_v_1_5,5574,GenImage_test/stable_diffusion_v_1_5/test/nature/ILSVRC2012_val_00041736.JPEG
349,stable_diffusion_v_1_5,5575,GenImage_test/stable_diffusion_v_1_5/test/nature/ILSVRC2012_val_00028411.JPEG
349,stable_diffusion_v_1_5,5576,GenImage_test/stable_diffusion_v_1_5/test/nature/ILSVRC2012_val_00015477.JPEG
349,stable_diffusion_v_1_5,5577,GenImage_test/stable_diffusion_v_1_5/test/nature/ILSVRC2012_val_00009043.JPEG
349,stable_diffusion_v_1_5,5578,GenImage_test/stable_diffusion_v_1_5/test/ai/931_sdv5_00195.png
349,stable_diffusion_v_1_5,5579,GenImage_test/stable_diffusion_v_1_5/test/nature/ILSVRC2012_val_00008286.JPEG
349,stable_diffusion_v_1_5,5580,GenImage_test/stable_diffusion_v_1_5/test/nature/ILSVRC2012_val_00038418.JPEG
349,stable_diffusion_v_1_5,5581,GenImage_test/stable_diffusion_v_1_5/test/ai/350_sdv5_00195.png
349,stable_diffusion_v_1_5,5582,GenImage_test/stable_diffusion_v_1_5/test/ai/082_sdv5_00020.png
349,stable_diffusion_v_1_5,5583,GenImage_test/stable_diffusion_v_1_5/test/nature/ILSVRC2012_val_00041735.JPEG
349,stable_diffusion_v_1_5,5584,GenImage_test/stable_diffusion_v_1_5/test/ai/653_sdv5_00039.png
349,stable_diffusion_v_1_5,5585,GenImage_test/stable_diffusion_v_1_5/test/nature/ILSVRC2012_val_00032429.JPEG
349,stable_diffusion_v_1_5,5586,GenImage_test/stable_diffusion_v_1_5/test/nature/ILSVRC2012_val_00020364.JPEG
349,stable_diffusion_v_1_5,5587,GenImage_test/stable_diffusion_v_1_5/test/ai/922_sdv5_00100.png
350,stable_diffusion_v_1_5,5588,GenImage_test/stable_diffusion_v_1_5/test/ai/435_sdv5_00100.png
350,stable_diffusion_v_1_5,5589,GenImage_test/stable_diffusion_v_1_5/test/nature/ILSVRC2012_val_00027481.JPEG
350,stable_diffusion_v_1_5,5590,GenImage_test/stable_diffusion_v_1_5/test/ai/133_sdv5_00195.png
350,stable_diffusion_v_1_5,5591,GenImage_test/stable_diffusion_v_1_5/test/ai/374_sdv5_00027.png
350,stable_diffusion_v_1_5,5592,GenImage_test/stable_diffusion_v_1_5/test/ai/684_sdv5_00027.png
350,stable_diffusion_v_1_5,5593,GenImage_test/stable_diffusion_v_1_5/test/nature/ILSVRC2012_val_00048133.JPEG
350,stable_diffusion_v_1_5,5594,GenImage_test/stable_diffusion_v_1_5/test/nature/ILSVRC2012_val_00030023.JPEG
350,stable_diffusion_v_1_5,5595,GenImage_test/stable_diffusion_v_1_5/test/ai/486_sdv5_00009.png
350,stable_diffusion_v_1_5,5596,GenImage_test/stable_diffusion_v_1_5/test/ai/485_sdv5_00195.png
350,stable_diffusion_v_1_5,5597,GenImage_test/stable_diffusion_v_1_5/test/nature/ILSVRC2012_val_00043160.JPEG
350,stable_diffusion_v_1_5,5598,GenImage_test/stable_diffusion_v_1_5/test/ai/215_sdv5_00135.png
350,stable_diffusion_v_1_5,5599,GenImage_test/stable_diffusion_v_1_5/test/ai/276_sdv5_00020.png
350,stable_diffusion_v_1_5,5600,GenImage_test/stable_diffusion_v_1_5/test/nature/ILSVRC2012_val_00035416.JPEG
350,stable_diffusion_v_1_5,5601,GenImage_test/stable_diffusion_v_1_5/test/nature/ILSVRC2012_val_00033613.JPEG
350,stable_diffusion_v_1_5,5602,GenImage_test/stable_diffusion_v_1_5/test/ai/569_sdv5_00003.png
350,stable_diffusion_v_1_5,5603,GenImage_test/stable_diffusion_v_1_5/test/ai/776_sdv5_00039.png
351,stable_diffusion_v_1_5,5604,GenImage_test/stable_diffusion_v_1_5/test/nature/ILSVRC2012_val_00049213.JPEG
351,stable_diffusion_v_1_5,5605,GenImage_test/stable_diffusion_v_1_5/test/nature/ILSVRC2012_val_00034534.JPEG
351,stable_diffusion_v_1_5,5606,GenImage_test/stable_diffusion_v_1_5/test/nature/ILSVRC2012_val_00013365.JPEG
351,stable_diffusion_v_1_5,5607,GenImage_test/stable_diffusion_v_1_5/test/ai/737_sdv5_00195.png
351,stable_diffusion_v_1_5,5608,GenImage_test/stable_diffusion_v_1_5/test/nature/ILSVRC2012_val_00001156.JPEG
351,stable_diffusion_v_1_5,5609,GenImage_test/stable_diffusion_v_1_5/test/ai/983_sdv5_00020.png
351,stable_diffusion_v_1_5,5610,GenImage_test/stable_diffusion_v_1_5/test/ai/662_sdv5_00195.png
351,stable_diffusion_v_1_5,5611,GenImage_test/stable_diffusion_v_1_5/test/nature/ILSVRC2012_val_00011528.JPEG
351,stable_diffusion_v_1_5,5612,GenImage_test/stable_diffusion_v_1_5/test/ai/127_sdv5_00195.png
351,stable_diffusion_v_1_5,5613,GenImage_test/stable_diffusion_v_1_5/test/ai/061_sdv5_00027.png
351,stable_diffusion_v_1_5,5614,GenImage_test/stable_diffusion_v_1_5/test/nature/ILSVRC2012_val_00045141.JPEG
351,stable_diffusion_v_1_5,5615,GenImage_test/stable_diffusion_v_1_5/test/nature/ILSVRC2012_val_00038274.JPEG
351,stable_diffusion_v_1_5,5616,GenImage_test/stable_diffusion_v_1_5/test/ai/543_sdv5_00027.png
351,stable_diffusion_v_1_5,5617,GenImage_test/stable_diffusion_v_1_5/test/ai/940_sdv5_00195.png
351,stable_diffusion_v_1_5,5618,GenImage_test/stable_diffusion_v_1_5/test/nature/ILSVRC2012_val_00022337.JPEG
351,stable_diffusion_v_1_5,5619,GenImage_test/stable_diffusion_v_1_5/test/ai/038_sdv5_00195.png
352,stable_diffusion_v_1_5,5620,GenImage_test/stable_diffusion_v_1_5/test/ai/206_sdv5_00039.png
352,stable_diffusion_v_1_5,5621,GenImage_test/stable_diffusion_v_1_5/test/nature/ILSVRC2012_val_00036376.JPEG
352,stable_diffusion_v_1_5,5622,GenImage_test/stable_diffusion_v_1_5/test/ai/338_sdv5_00020.png
352,stable_diffusion_v_1_5,5623,GenImage_test/stable_diffusion_v_1_5/test/nature/ILSVRC2012_val_00010550.JPEG
352,stable_diffusion_v_1_5,5624,GenImage_test/stable_diffusion_v_1_5/test/ai/897_sdv5_00195.png
352,stable_diffusion_v_1_5,5625,GenImage_test/stable_diffusion_v_1_5/test/ai/036_sdv5_00039.png
352,stable_diffusion_v_1_5,5626,GenImage_test/stable_diffusion_v_1_5/test/nature/ILSVRC2012_val_00028215.JPEG
352,stable_diffusion_v_1_5,5627,GenImage_test/stable_diffusion_v_1_5/test/ai/028_sdv5_00195.png
352,stable_diffusion_v_1_5,5628,GenImage_test/stable_diffusion_v_1_5/test/nature/ILSVRC2012_val_00024927.JPEG
352,stable_diffusion_v_1_5,5629,GenImage_test/stable_diffusion_v_1_5/test/ai/909_sdv5_00009.png
352,stable_diffusion_v_1_5,5630,GenImage_test/stable_diffusion_v_1_5/test/nature/ILSVRC2012_val_00021108.JPEG
352,stable_diffusion_v_1_5,5631,GenImage_test/stable_diffusion_v_1_5/test/nature/ILSVRC2012_val_00036384.JPEG
352,stable_diffusion_v_1_5,5632,GenImage_test/stable_diffusion_v_1_5/test/nature/ILSVRC2012_val_00022112.JPEG
352,stable_diffusion_v_1_5,5633,GenImage_test/stable_diffusion_v_1_5/test/ai/470_sdv5_00195.png
352,stable_diffusion_v_1_5,5634,GenImage_test/stable_diffusion_v_1_5/test/ai/267_sdv5_00039.png
352,stable_diffusion_v_1_5,5635,GenImage_test/stable_diffusion_v_1_5/test/nature/ILSVRC2012_val_00003146.JPEG
353,stable_diffusion_v_1_5,5636,GenImage_test/stable_diffusion_v_1_5/test/ai/125_sdv5_00009.png
353,stable_diffusion_v_1_5,5637,GenImage_test/stable_diffusion_v_1_5/test/nature/ILSVRC2012_val_00031057.JPEG
353,stable_diffusion_v_1_5,5638,GenImage_test/stable_diffusion_v_1_5/test/ai/224_sdv5_00135.png
353,stable_diffusion_v_1_5,5639,GenImage_test/stable_diffusion_v_1_5/test/nature/ILSVRC2012_val_00014152.JPEG
353,stable_diffusion_v_1_5,5640,GenImage_test/stable_diffusion_v_1_5/test/nature/ILSVRC2012_val_00017916.JPEG
353,stable_diffusion_v_1_5,5641,GenImage_test/stable_diffusion_v_1_5/test/ai/774_sdv5_00135.png
353,stable_diffusion_v_1_5,5642,GenImage_test/stable_diffusion_v_1_5/test/ai/993_sdv5_00135.png
353,stable_diffusion_v_1_5,5643,GenImage_test/stable_diffusion_v_1_5/test/ai/669_sdv5_00003.png
353,stable_diffusion_v_1_5,5644,GenImage_test/stable_diffusion_v_1_5/test/nature/ILSVRC2012_val_00002696.JPEG
353,stable_diffusion_v_1_5,5645,GenImage_test/stable_diffusion_v_1_5/test/ai/415_sdv5_00020.png
353,stable_diffusion_v_1_5,5646,GenImage_test/stable_diffusion_v_1_5/test/nature/ILSVRC2012_val_00020293.JPEG
353,stable_diffusion_v_1_5,5647,GenImage_test/stable_diffusion_v_1_5/test/nature/ILSVRC2012_val_00023764.JPEG
353,stable_diffusion_v_1_5,5648,GenImage_test/stable_diffusion_v_1_5/test/nature/ILSVRC2012_val_00032007.JPEG
353,stable_diffusion_v_1_5,5649,GenImage_test/stable_diffusion_v_1_5/test/nature/ILSVRC2012_val_00036019.JPEG
353,stable_diffusion_v_1_5,5650,GenImage_test/stable_diffusion_v_1_5/test/ai/375_sdv5_00027.png
353,stable_diffusion_v_1_5,5651,GenImage_test/stable_diffusion_v_1_5/test/nature/ILSVRC2012_val_00018015.JPEG
354,stable_diffusion_v_1_5,5652,GenImage_test/stable_diffusion_v_1_5/test/nature/ILSVRC2012_val_00000425.JPEG
354,stable_diffusion_v_1_5,5653,GenImage_test/stable_diffusion_v_1_5/test/nature/ILSVRC2012_val_00007236.JPEG
354,stable_diffusion_v_1_5,5654,GenImage_test/stable_diffusion_v_1_5/test/ai/588_sdv5_00009.png
354,stable_diffusion_v_1_5,5655,GenImage_test/stable_diffusion_v_1_5/test/ai/028_sdv5_00100.png
354,stable_diffusion_v_1_5,5656,GenImage_test/stable_diffusion_v_1_5/test/nature/ILSVRC2012_val_00002579.JPEG
354,stable_diffusion_v_1_5,5657,GenImage_test/stable_diffusion_v_1_5/test/nature/ILSVRC2012_val_00037658.JPEG
354,stable_diffusion_v_1_5,5658,GenImage_test/stable_diffusion_v_1_5/test/nature/ILSVRC2012_val_00040365.JPEG
354,stable_diffusion_v_1_5,5659,GenImage_test/stable_diffusion_v_1_5/test/nature/ILSVRC2012_val_00043632.JPEG
354,stable_diffusion_v_1_5,5660,GenImage_test/stable_diffusion_v_1_5/test/ai/195_sdv5_00020.png
354,stable_diffusion_v_1_5,5661,GenImage_test/stable_diffusion_v_1_5/test/ai/059_sdv5_00135.png
354,stable_diffusion_v_1_5,5662,GenImage_test/stable_diffusion_v_1_5/test/nature/ILSVRC2012_val_00042070.JPEG
354,stable_diffusion_v_1_5,5663,GenImage_test/stable_diffusion_v_1_5/test/ai/824_sdv5_00003.png
354,stable_diffusion_v_1_5,5664,GenImage_test/stable_diffusion_v_1_5/test/nature/ILSVRC2012_val_00032735.JPEG
354,stable_diffusion_v_1_5,5665,GenImage_test/stable_diffusion_v_1_5/test/nature/ILSVRC2012_val_00016619.JPEG
354,stable_diffusion_v_1_5,5666,GenImage_test/stable_diffusion_v_1_5/test/nature/ILSVRC2012_val_00003286.JPEG
354,stable_diffusion_v_1_5,5667,GenImage_test/stable_diffusion_v_1_5/test/ai/614_sdv5_00195.png
355,stable_diffusion_v_1_5,5668,GenImage_test/stable_diffusion_v_1_5/test/nature/ILSVRC2012_val_00001170.JPEG
355,stable_diffusion_v_1_5,5669,GenImage_test/stable_diffusion_v_1_5/test/nature/ILSVRC2012_val_00016591.JPEG
355,stable_diffusion_v_1_5,5670,GenImage_test/stable_diffusion_v_1_5/test/nature/ILSVRC2012_val_00009146.JPEG
355,stable_diffusion_v_1_5,5671,GenImage_test/stable_diffusion_v_1_5/test/nature/ILSVRC2012_val_00001506.JPEG
355,stable_diffusion_v_1_5,5672,GenImage_test/stable_diffusion_v_1_5/test/ai/586_sdv5_00135.png
355,stable_diffusion_v_1_5,5673,GenImage_test/stable_diffusion_v_1_5/test/ai/979_sdv5_00003.png
355,stable_diffusion_v_1_5,5674,GenImage_test/stable_diffusion_v_1_5/test/ai/931_sdv5_00100.png
355,stable_diffusion_v_1_5,5675,GenImage_test/stable_diffusion_v_1_5/test/nature/ILSVRC2012_val_00010892.JPEG
355,stable_diffusion_v_1_5,5676,GenImage_test/stable_diffusion_v_1_5/test/ai/564_sdv5_00003.png
355,stable_diffusion_v_1_5,5677,GenImage_test/stable_diffusion_v_1_5/test/ai/270_sdv5_00009.png
355,stable_diffusion_v_1_5,5678,GenImage_test/stable_diffusion_v_1_5/test/ai/243_sdv5_00009.png
355,stable_diffusion_v_1_5,5679,GenImage_test/stable_diffusion_v_1_5/test/nature/ILSVRC2012_val_00036065.JPEG
355,stable_diffusion_v_1_5,5680,GenImage_test/stable_diffusion_v_1_5/test/ai/078_sdv5_00100.png
355,stable_diffusion_v_1_5,5681,GenImage_test/stable_diffusion_v_1_5/test/ai/814_sdv5_00039.png
355,stable_diffusion_v_1_5,5682,GenImage_test/stable_diffusion_v_1_5/test/ai/051_sdv5_00027.png
355,stable_diffusion_v_1_5,5683,GenImage_test/stable_diffusion_v_1_5/test/ai/061_sdv5_00100.png
356,stable_diffusion_v_1_5,5684,GenImage_test/stable_diffusion_v_1_5/test/nature/ILSVRC2012_val_00037522.JPEG
356,stable_diffusion_v_1_5,5685,GenImage_test/stable_diffusion_v_1_5/test/ai/113_sdv5_00100.png
356,stable_diffusion_v_1_5,5686,GenImage_test/stable_diffusion_v_1_5/test/nature/ILSVRC2012_val_00025843.JPEG
356,stable_diffusion_v_1_5,5687,GenImage_test/stable_diffusion_v_1_5/test/ai/408_sdv5_00195.png
356,stable_diffusion_v_1_5,5688,GenImage_test/stable_diffusion_v_1_5/test/ai/694_sdv5_00135.png
356,stable_diffusion_v_1_5,5689,GenImage_test/stable_diffusion_v_1_5/test/ai/188_sdv5_00039.png
356,stable_diffusion_v_1_5,5690,GenImage_test/stable_diffusion_v_1_5/test/nature/ILSVRC2012_val_00006978.JPEG
356,stable_diffusion_v_1_5,5691,GenImage_test/stable_diffusion_v_1_5/test/nature/ILSVRC2012_val_00009105.JPEG
356,stable_diffusion_v_1_5,5692,GenImage_test/stable_diffusion_v_1_5/test/ai/017_sdv5_00135.png
356,stable_diffusion_v_1_5,5693,GenImage_test/stable_diffusion_v_1_5/test/nature/ILSVRC2012_val_00005658.JPEG
356,stable_diffusion_v_1_5,5694,GenImage_test/stable_diffusion_v_1_5/test/ai/834_sdv5_00009.png
356,stable_diffusion_v_1_5,5695,GenImage_test/stable_diffusion_v_1_5/test/nature/ILSVRC2012_val_00047247.JPEG
356,stable_diffusion_v_1_5,5696,GenImage_test/stable_diffusion_v_1_5/test/ai/116_sdv5_00009.png
356,stable_diffusion_v_1_5,5697,GenImage_test/stable_diffusion_v_1_5/test/nature/ILSVRC2012_val_00002386.JPEG
356,stable_diffusion_v_1_5,5698,GenImage_test/stable_diffusion_v_1_5/test/ai/715_sdv5_00135.png
356,stable_diffusion_v_1_5,5699,GenImage_test/stable_diffusion_v_1_5/test/ai/763_sdv5_00003.png
357,stable_diffusion_v_1_5,5700,GenImage_test/stable_diffusion_v_1_5/test/ai/411_sdv5_00003.png
357,stable_diffusion_v_1_5,5701,GenImage_test/stable_diffusion_v_1_5/test/nature/ILSVRC2012_val_00019855.JPEG
357,stable_diffusion_v_1_5,5702,GenImage_test/stable_diffusion_v_1_5/test/nature/ILSVRC2012_val_00042807.JPEG
357,stable_diffusion_v_1_5,5703,GenImage_test/stable_diffusion_v_1_5/test/nature/ILSVRC2012_val_00025634.JPEG
357,stable_diffusion_v_1_5,5704,GenImage_test/stable_diffusion_v_1_5/test/ai/568_sdv5_00027.png
357,stable_diffusion_v_1_5,5705,GenImage_test/stable_diffusion_v_1_5/test/nature/ILSVRC2012_val_00046594.JPEG
357,stable_diffusion_v_1_5,5706,GenImage_test/stable_diffusion_v_1_5/test/ai/511_sdv5_00100.png
357,stable_diffusion_v_1_5,5707,GenImage_test/stable_diffusion_v_1_5/test/nature/ILSVRC2012_val_00007838.JPEG
357,stable_diffusion_v_1_5,5708,GenImage_test/stable_diffusion_v_1_5/test/nature/ILSVRC2012_val_00042811.JPEG
357,stable_diffusion_v_1_5,5709,GenImage_test/stable_diffusion_v_1_5/test/ai/229_sdv5_00195.png
357,stable_diffusion_v_1_5,5710,GenImage_test/stable_diffusion_v_1_5/test/ai/997_sdv5_00009.png
357,stable_diffusion_v_1_5,5711,GenImage_test/stable_diffusion_v_1_5/test/nature/ILSVRC2012_val_00032387.JPEG
357,stable_diffusion_v_1_5,5712,GenImage_test/stable_diffusion_v_1_5/test/ai/829_sdv5_00195.png
357,stable_diffusion_v_1_5,5713,GenImage_test/stable_diffusion_v_1_5/test/ai/507_sdv5_00027.png
357,stable_diffusion_v_1_5,5714,GenImage_test/stable_diffusion_v_1_5/test/nature/ILSVRC2012_val_00005106.JPEG
357,stable_diffusion_v_1_5,5715,GenImage_test/stable_diffusion_v_1_5/test/nature/ILSVRC2012_val_00019676.JPEG
358,stable_diffusion_v_1_5,5716,GenImage_test/stable_diffusion_v_1_5/test/nature/ILSVRC2012_val_00003962.JPEG
358,stable_diffusion_v_1_5,5717,GenImage_test/stable_diffusion_v_1_5/test/ai/762_sdv5_00020.png
358,stable_diffusion_v_1_5,5718,GenImage_test/stable_diffusion_v_1_5/test/nature/ILSVRC2012_val_00037080.JPEG
358,stable_diffusion_v_1_5,5719,GenImage_test/stable_diffusion_v_1_5/test/nature/ILSVRC2012_val_00021765.JPEG
358,stable_diffusion_v_1_5,5720,GenImage_test/stable_diffusion_v_1_5/test/ai/926_sdv5_00020.png
358,stable_diffusion_v_1_5,5721,GenImage_test/stable_diffusion_v_1_5/test/nature/ILSVRC2012_val_00010251.JPEG
358,stable_diffusion_v_1_5,5722,GenImage_test/stable_diffusion_v_1_5/test/ai/965_sdv5_00020.png
358,stable_diffusion_v_1_5,5723,GenImage_test/stable_diffusion_v_1_5/test/ai/494_sdv5_00135.png
358,stable_diffusion_v_1_5,5724,GenImage_test/stable_diffusion_v_1_5/test/nature/ILSVRC2012_val_00038463.JPEG
358,stable_diffusion_v_1_5,5725,GenImage_test/stable_diffusion_v_1_5/test/nature/ILSVRC2012_val_00041506.JPEG
358,stable_diffusion_v_1_5,5726,GenImage_test/stable_diffusion_v_1_5/test/nature/ILSVRC2012_val_00027507.JPEG
358,stable_diffusion_v_1_5,5727,GenImage_test/stable_diffusion_v_1_5/test/ai/921_sdv5_00009.png
358,stable_diffusion_v_1_5,5728,GenImage_test/stable_diffusion_v_1_5/test/ai/692_sdv5_00020.png
358,stable_diffusion_v_1_5,5729,GenImage_test/stable_diffusion_v_1_5/test/ai/779_sdv5_00100.png
358,stable_diffusion_v_1_5,5730,GenImage_test/stable_diffusion_v_1_5/test/ai/742_sdv5_00009.png
358,stable_diffusion_v_1_5,5731,GenImage_test/stable_diffusion_v_1_5/test/nature/ILSVRC2012_val_00026976.JPEG
359,stable_diffusion_v_1_5,5732,GenImage_test/stable_diffusion_v_1_5/test/nature/ILSVRC2012_val_00026666.JPEG
359,stable_diffusion_v_1_5,5733,GenImage_test/stable_diffusion_v_1_5/test/ai/455_sdv5_00020.png
359,stable_diffusion_v_1_5,5734,GenImage_test/stable_diffusion_v_1_5/test/nature/ILSVRC2012_val_00021147.JPEG
359,stable_diffusion_v_1_5,5735,GenImage_test/stable_diffusion_v_1_5/test/nature/ILSVRC2012_val_00017266.JPEG
359,stable_diffusion_v_1_5,5736,GenImage_test/stable_diffusion_v_1_5/test/nature/ILSVRC2012_val_00048984.JPEG
359,stable_diffusion_v_1_5,5737,GenImage_test/stable_diffusion_v_1_5/test/nature/ILSVRC2012_val_00043697.JPEG
359,stable_diffusion_v_1_5,5738,GenImage_test/stable_diffusion_v_1_5/test/nature/ILSVRC2012_val_00032628.JPEG
359,stable_diffusion_v_1_5,5739,GenImage_test/stable_diffusion_v_1_5/test/nature/ILSVRC2012_val_00014890.JPEG
359,stable_diffusion_v_1_5,5740,GenImage_test/stable_diffusion_v_1_5/test/nature/ILSVRC2012_val_00017438.JPEG
359,stable_diffusion_v_1_5,5741,GenImage_test/stable_diffusion_v_1_5/test/nature/ILSVRC2012_val_00030272.JPEG
359,stable_diffusion_v_1_5,5742,GenImage_test/stable_diffusion_v_1_5/test/nature/ILSVRC2012_val_00029835.JPEG
359,stable_diffusion_v_1_5,5743,GenImage_test/stable_diffusion_v_1_5/test/ai/098_sdv5_00027.png
359,stable_diffusion_v_1_5,5744,GenImage_test/stable_diffusion_v_1_5/test/nature/ILSVRC2012_val_00017008.JPEG
359,stable_diffusion_v_1_5,5745,GenImage_test/stable_diffusion_v_1_5/test/nature/ILSVRC2012_val_00006512.JPEG
359,stable_diffusion_v_1_5,5746,GenImage_test/stable_diffusion_v_1_5/test/nature/ILSVRC2012_val_00000440.JPEG
359,stable_diffusion_v_1_5,5747,GenImage_test/stable_diffusion_v_1_5/test/nature/ILSVRC2012_val_00037531.JPEG
360,stable_diffusion_v_1_5,5748,GenImage_test/stable_diffusion_v_1_5/test/ai/944_sdv5_00039.png
360,stable_diffusion_v_1_5,5749,GenImage_test/stable_diffusion_v_1_5/test/nature/ILSVRC2012_val_00001035.JPEG
360,stable_diffusion_v_1_5,5750,GenImage_test/stable_diffusion_v_1_5/test/ai/553_sdv5_00027.png
360,stable_diffusion_v_1_5,5751,GenImage_test/stable_diffusion_v_1_5/test/nature/ILSVRC2012_val_00029116.JPEG
360,stable_diffusion_v_1_5,5752,GenImage_test/stable_diffusion_v_1_5/test/ai/310_sdv5_00003.png
360,stable_diffusion_v_1_5,5753,GenImage_test/stable_diffusion_v_1_5/test/nature/ILSVRC2012_val_00036626.JPEG
360,stable_diffusion_v_1_5,5754,GenImage_test/stable_diffusion_v_1_5/test/ai/986_sdv5_00003.png
360,stable_diffusion_v_1_5,5755,GenImage_test/stable_diffusion_v_1_5/test/ai/720_sdv5_00135.png
360,stable_diffusion_v_1_5,5756,GenImage_test/stable_diffusion_v_1_5/test/nature/ILSVRC2012_val_00001174.JPEG
360,stable_diffusion_v_1_5,5757,GenImage_test/stable_diffusion_v_1_5/test/nature/ILSVRC2012_val_00015771.JPEG
360,stable_diffusion_v_1_5,5758,GenImage_test/stable_diffusion_v_1_5/test/ai/432_sdv5_00039.png
360,stable_diffusion_v_1_5,5759,GenImage_test/stable_diffusion_v_1_5/test/ai/405_sdv5_00100.png
360,stable_diffusion_v_1_5,5760,GenImage_test/stable_diffusion_v_1_5/test/ai/776_sdv5_00195.png
360,stable_diffusion_v_1_5,5761,GenImage_test/stable_diffusion_v_1_5/test/nature/ILSVRC2012_val_00043206.JPEG
360,stable_diffusion_v_1_5,5762,GenImage_test/stable_diffusion_v_1_5/test/nature/ILSVRC2012_val_00048564.JPEG
360,stable_diffusion_v_1_5,5763,GenImage_test/stable_diffusion_v_1_5/test/nature/ILSVRC2012_val_00011515.JPEG
361,stable_diffusion_v_1_5,5764,GenImage_test/stable_diffusion_v_1_5/test/nature/ILSVRC2012_val_00012751.JPEG
361,stable_diffusion_v_1_5,5765,GenImage_test/stable_diffusion_v_1_5/test/nature/ILSVRC2012_val_00035694.JPEG
361,stable_diffusion_v_1_5,5766,GenImage_test/stable_diffusion_v_1_5/test/ai/607_sdv5_00020.png
361,stable_diffusion_v_1_5,5767,GenImage_test/stable_diffusion_v_1_5/test/nature/ILSVRC2012_val_00041034.JPEG
361,stable_diffusion_v_1_5,5768,GenImage_test/stable_diffusion_v_1_5/test/nature/ILSVRC2012_val_00006499.JPEG
361,stable_diffusion_v_1_5,5769,GenImage_test/stable_diffusion_v_1_5/test/ai/662_sdv5_00135.png
361,stable_diffusion_v_1_5,5770,GenImage_test/stable_diffusion_v_1_5/test/nature/ILSVRC2012_val_00041259.JPEG
361,stable_diffusion_v_1_5,5771,GenImage_test/stable_diffusion_v_1_5/test/nature/ILSVRC2012_val_00041196.JPEG
361,stable_diffusion_v_1_5,5772,GenImage_test/stable_diffusion_v_1_5/test/ai/951_sdv5_00135.png
361,stable_diffusion_v_1_5,5773,GenImage_test/stable_diffusion_v_1_5/test/nature/ILSVRC2012_val_00026991.JPEG
361,stable_diffusion_v_1_5,5774,GenImage_test/stable_diffusion_v_1_5/test/nature/ILSVRC2012_val_00047772.JPEG
361,stable_diffusion_v_1_5,5775,GenImage_test/stable_diffusion_v_1_5/test/ai/824_sdv5_00135.png
361,stable_diffusion_v_1_5,5776,GenImage_test/stable_diffusion_v_1_5/test/ai/673_sdv5_00027.png
361,stable_diffusion_v_1_5,5777,GenImage_test/stable_diffusion_v_1_5/test/ai/034_sdv5_00003.png
361,stable_diffusion_v_1_5,5778,GenImage_test/stable_diffusion_v_1_5/test/ai/222_sdv5_00003.png
361,stable_diffusion_v_1_5,5779,GenImage_test/stable_diffusion_v_1_5/test/nature/ILSVRC2012_val_00044949.JPEG
362,stable_diffusion_v_1_5,5780,GenImage_test/stable_diffusion_v_1_5/test/nature/ILSVRC2012_val_00031025.JPEG
362,stable_diffusion_v_1_5,5781,GenImage_test/stable_diffusion_v_1_5/test/ai/089_sdv5_00195.png
362,stable_diffusion_v_1_5,5782,GenImage_test/stable_diffusion_v_1_5/test/ai/862_sdv5_00027.png
362,stable_diffusion_v_1_5,5783,GenImage_test/stable_diffusion_v_1_5/test/ai/486_sdv5_00100.png
362,stable_diffusion_v_1_5,5784,GenImage_test/stable_diffusion_v_1_5/test/nature/ILSVRC2012_val_00042421.JPEG
362,stable_diffusion_v_1_5,5785,GenImage_test/stable_diffusion_v_1_5/test/ai/197_sdv5_00027.png
362,stable_diffusion_v_1_5,5786,GenImage_test/stable_diffusion_v_1_5/test/ai/255_sdv5_00195.png
362,stable_diffusion_v_1_5,5787,GenImage_test/stable_diffusion_v_1_5/test/ai/193_sdv5_00009.png
362,stable_diffusion_v_1_5,5788,GenImage_test/stable_diffusion_v_1_5/test/ai/681_sdv5_00020.png
362,stable_diffusion_v_1_5,5789,GenImage_test/stable_diffusion_v_1_5/test/nature/ILSVRC2012_val_00011963.JPEG
362,stable_diffusion_v_1_5,5790,GenImage_test/stable_diffusion_v_1_5/test/ai/820_sdv5_00020.png
362,stable_diffusion_v_1_5,5791,GenImage_test/stable_diffusion_v_1_5/test/ai/828_sdv5_00020.png
362,stable_diffusion_v_1_5,5792,GenImage_test/stable_diffusion_v_1_5/test/nature/ILSVRC2012_val_00039272.JPEG
362,stable_diffusion_v_1_5,5793,GenImage_test/stable_diffusion_v_1_5/test/ai/880_sdv5_00009.png
362,stable_diffusion_v_1_5,5794,GenImage_test/stable_diffusion_v_1_5/test/ai/597_sdv5_00003.png
362,stable_diffusion_v_1_5,5795,GenImage_test/stable_diffusion_v_1_5/test/ai/842_sdv5_00027.png
363,stable_diffusion_v_1_5,5796,GenImage_test/stable_diffusion_v_1_5/test/nature/ILSVRC2012_val_00001540.JPEG
363,stable_diffusion_v_1_5,5797,GenImage_test/stable_diffusion_v_1_5/test/ai/425_sdv5_00003.png
363,stable_diffusion_v_1_5,5798,GenImage_test/stable_diffusion_v_1_5/test/nature/ILSVRC2012_val_00027940.JPEG
363,stable_diffusion_v_1_5,5799,GenImage_test/stable_diffusion_v_1_5/test/nature/ILSVRC2012_val_00029738.JPEG
363,stable_diffusion_v_1_5,5800,GenImage_test/stable_diffusion_v_1_5/test/nature/ILSVRC2012_val_00040354.JPEG
363,stable_diffusion_v_1_5,5801,GenImage_test/stable_diffusion_v_1_5/test/ai/385_sdv5_00100.png
363,stable_diffusion_v_1_5,5802,GenImage_test/stable_diffusion_v_1_5/test/nature/ILSVRC2012_val_00001490.JPEG
363,stable_diffusion_v_1_5,5803,GenImage_test/stable_diffusion_v_1_5/test/ai/086_sdv5_00195.png
363,stable_diffusion_v_1_5,5804,GenImage_test/stable_diffusion_v_1_5/test/ai/802_sdv5_00027.png
363,stable_diffusion_v_1_5,5805,GenImage_test/stable_diffusion_v_1_5/test/ai/276_sdv5_00039.png
363,stable_diffusion_v_1_5,5806,GenImage_test/stable_diffusion_v_1_5/test/ai/155_sdv5_00003.png
363,stable_diffusion_v_1_5,5807,GenImage_test/stable_diffusion_v_1_5/test/nature/ILSVRC2012_val_00037391.JPEG
363,stable_diffusion_v_1_5,5808,GenImage_test/stable_diffusion_v_1_5/test/ai/932_sdv5_00195.png
363,stable_diffusion_v_1_5,5809,GenImage_test/stable_diffusion_v_1_5/test/nature/ILSVRC2012_val_00037184.JPEG
363,stable_diffusion_v_1_5,5810,GenImage_test/stable_diffusion_v_1_5/test/nature/ILSVRC2012_val_00020428.JPEG
363,stable_diffusion_v_1_5,5811,GenImage_test/stable_diffusion_v_1_5/test/ai/880_sdv5_00135.png
364,stable_diffusion_v_1_5,5812,GenImage_test/stable_diffusion_v_1_5/test/nature/ILSVRC2012_val_00001821.JPEG
364,stable_diffusion_v_1_5,5813,GenImage_test/stable_diffusion_v_1_5/test/ai/116_sdv5_00020.png
364,stable_diffusion_v_1_5,5814,GenImage_test/stable_diffusion_v_1_5/test/nature/ILSVRC2012_val_00041205.JPEG
364,stable_diffusion_v_1_5,5815,GenImage_test/stable_diffusion_v_1_5/test/nature/ILSVRC2012_val_00033865.JPEG
364,stable_diffusion_v_1_5,5816,GenImage_test/stable_diffusion_v_1_5/test/ai/579_sdv5_00100.png
364,stable_diffusion_v_1_5,5817,GenImage_test/stable_diffusion_v_1_5/test/ai/309_sdv5_00135.png
364,stable_diffusion_v_1_5,5818,GenImage_test/stable_diffusion_v_1_5/test/nature/ILSVRC2012_val_00014314.JPEG
364,stable_diffusion_v_1_5,5819,GenImage_test/stable_diffusion_v_1_5/test/ai/527_sdv5_00039.png
364,stable_diffusion_v_1_5,5820,GenImage_test/stable_diffusion_v_1_5/test/ai/761_sdv5_00027.png
364,stable_diffusion_v_1_5,5821,GenImage_test/stable_diffusion_v_1_5/test/ai/855_sdv5_00020.png
364,stable_diffusion_v_1_5,5822,GenImage_test/stable_diffusion_v_1_5/test/nature/ILSVRC2012_val_00028191.JPEG
364,stable_diffusion_v_1_5,5823,GenImage_test/stable_diffusion_v_1_5/test/nature/ILSVRC2012_val_00047965.JPEG
364,stable_diffusion_v_1_5,5824,GenImage_test/stable_diffusion_v_1_5/test/nature/ILSVRC2012_val_00042719.JPEG
364,stable_diffusion_v_1_5,5825,GenImage_test/stable_diffusion_v_1_5/test/nature/ILSVRC2012_val_00020966.JPEG
364,stable_diffusion_v_1_5,5826,GenImage_test/stable_diffusion_v_1_5/test/ai/367_sdv5_00039.png
364,stable_diffusion_v_1_5,5827,GenImage_test/stable_diffusion_v_1_5/test/ai/286_sdv5_00009.png
365,stable_diffusion_v_1_5,5828,GenImage_test/stable_diffusion_v_1_5/test/ai/616_sdv5_00100.png
365,stable_diffusion_v_1_5,5829,GenImage_test/stable_diffusion_v_1_5/test/ai/673_sdv5_00039.png
365,stable_diffusion_v_1_5,5830,GenImage_test/stable_diffusion_v_1_5/test/ai/983_sdv5_00003.png
365,stable_diffusion_v_1_5,5831,GenImage_test/stable_diffusion_v_1_5/test/nature/ILSVRC2012_val_00014766.JPEG
365,stable_diffusion_v_1_5,5832,GenImage_test/stable_diffusion_v_1_5/test/nature/ILSVRC2012_val_00045878.JPEG
365,stable_diffusion_v_1_5,5833,GenImage_test/stable_diffusion_v_1_5/test/nature/ILSVRC2012_val_00004934.JPEG
365,stable_diffusion_v_1_5,5834,GenImage_test/stable_diffusion_v_1_5/test/nature/ILSVRC2012_val_00028960.JPEG
365,stable_diffusion_v_1_5,5835,GenImage_test/stable_diffusion_v_1_5/test/nature/ILSVRC2012_val_00040336.JPEG
365,stable_diffusion_v_1_5,5836,GenImage_test/stable_diffusion_v_1_5/test/nature/ILSVRC2012_val_00025222.JPEG
365,stable_diffusion_v_1_5,5837,GenImage_test/stable_diffusion_v_1_5/test/nature/ILSVRC2012_val_00031065.JPEG
365,stable_diffusion_v_1_5,5838,GenImage_test/stable_diffusion_v_1_5/test/ai/109_sdv5_00027.png
365,stable_diffusion_v_1_5,5839,GenImage_test/stable_diffusion_v_1_5/test/ai/048_sdv5_00135.png
365,stable_diffusion_v_1_5,5840,GenImage_test/stable_diffusion_v_1_5/test/ai/140_sdv5_00039.png
365,stable_diffusion_v_1_5,5841,GenImage_test/stable_diffusion_v_1_5/test/ai/046_sdv5_00100.png
365,stable_diffusion_v_1_5,5842,GenImage_test/stable_diffusion_v_1_5/test/nature/ILSVRC2012_val_00043940.JPEG
365,stable_diffusion_v_1_5,5843,GenImage_test/stable_diffusion_v_1_5/test/ai/570_sdv5_00009.png
366,stable_diffusion_v_1_5,5844,GenImage_test/stable_diffusion_v_1_5/test/ai/392_sdv5_00027.png
366,stable_diffusion_v_1_5,5845,GenImage_test/stable_diffusion_v_1_5/test/ai/122_sdv5_00027.png
366,stable_diffusion_v_1_5,5846,GenImage_test/stable_diffusion_v_1_5/test/ai/454_sdv5_00135.png
366,stable_diffusion_v_1_5,5847,GenImage_test/stable_diffusion_v_1_5/test/ai/024_sdv5_00195.png
366,stable_diffusion_v_1_5,5848,GenImage_test/stable_diffusion_v_1_5/test/nature/ILSVRC2012_val_00030935.JPEG
366,stable_diffusion_v_1_5,5849,GenImage_test/stable_diffusion_v_1_5/test/nature/ILSVRC2012_val_00035399.JPEG
366,stable_diffusion_v_1_5,5850,GenImage_test/stable_diffusion_v_1_5/test/nature/ILSVRC2012_val_00049170.JPEG
366,stable_diffusion_v_1_5,5851,GenImage_test/stable_diffusion_v_1_5/test/ai/397_sdv5_00135.png
366,stable_diffusion_v_1_5,5852,GenImage_test/stable_diffusion_v_1_5/test/ai/517_sdv5_00009.png
366,stable_diffusion_v_1_5,5853,GenImage_test/stable_diffusion_v_1_5/test/ai/594_sdv5_00100.png
366,stable_diffusion_v_1_5,5854,GenImage_test/stable_diffusion_v_1_5/test/nature/ILSVRC2012_val_00031607.JPEG
366,stable_diffusion_v_1_5,5855,GenImage_test/stable_diffusion_v_1_5/test/nature/ILSVRC2012_val_00047080.JPEG
366,stable_diffusion_v_1_5,5856,GenImage_test/stable_diffusion_v_1_5/test/ai/345_sdv5_00039.png
366,stable_diffusion_v_1_5,5857,GenImage_test/stable_diffusion_v_1_5/test/nature/ILSVRC2012_val_00007240.JPEG
366,stable_diffusion_v_1_5,5858,GenImage_test/stable_diffusion_v_1_5/test/nature/ILSVRC2012_val_00049090.JPEG
366,stable_diffusion_v_1_5,5859,GenImage_test/stable_diffusion_v_1_5/test/ai/043_sdv5_00003.png
367,stable_diffusion_v_1_5,5860,GenImage_test/stable_diffusion_v_1_5/test/nature/ILSVRC2012_val_00034205.JPEG
367,stable_diffusion_v_1_5,5861,GenImage_test/stable_diffusion_v_1_5/test/ai/014_sdv5_00003.png
367,stable_diffusion_v_1_5,5862,GenImage_test/stable_diffusion_v_1_5/test/nature/ILSVRC2012_val_00011059.JPEG
367,stable_diffusion_v_1_5,5863,GenImage_test/stable_diffusion_v_1_5/test/ai/071_sdv5_00195.png
367,stable_diffusion_v_1_5,5864,GenImage_test/stable_diffusion_v_1_5/test/nature/ILSVRC2012_val_00027059.JPEG
367,stable_diffusion_v_1_5,5865,GenImage_test/stable_diffusion_v_1_5/test/ai/590_sdv5_00100.png
367,stable_diffusion_v_1_5,5866,GenImage_test/stable_diffusion_v_1_5/test/nature/ILSVRC2012_val_00040507.JPEG
367,stable_diffusion_v_1_5,5867,GenImage_test/stable_diffusion_v_1_5/test/nature/ILSVRC2012_val_00038706.JPEG
367,stable_diffusion_v_1_5,5868,GenImage_test/stable_diffusion_v_1_5/test/ai/848_sdv5_00003.png
367,stable_diffusion_v_1_5,5869,GenImage_test/stable_diffusion_v_1_5/test/nature/ILSVRC2012_val_00049544.JPEG
367,stable_diffusion_v_1_5,5870,GenImage_test/stable_diffusion_v_1_5/test/nature/ILSVRC2012_val_00027847.JPEG
367,stable_diffusion_v_1_5,5871,GenImage_test/stable_diffusion_v_1_5/test/nature/ILSVRC2012_val_00017988.JPEG
367,stable_diffusion_v_1_5,5872,GenImage_test/stable_diffusion_v_1_5/test/nature/ILSVRC2012_val_00017276.JPEG
367,stable_diffusion_v_1_5,5873,GenImage_test/stable_diffusion_v_1_5/test/nature/ILSVRC2012_val_00019547.JPEG
367,stable_diffusion_v_1_5,5874,GenImage_test/stable_diffusion_v_1_5/test/ai/239_sdv5_00135.png
367,stable_diffusion_v_1_5,5875,GenImage_test/stable_diffusion_v_1_5/test/ai/238_sdv5_00195.png
368,stable_diffusion_v_1_5,5876,GenImage_test/stable_diffusion_v_1_5/test/ai/240_sdv5_00039.png
368,stable_diffusion_v_1_5,5877,GenImage_test/stable_diffusion_v_1_5/test/ai/921_sdv5_00100.png
368,stable_diffusion_v_1_5,5878,GenImage_test/stable_diffusion_v_1_5/test/nature/ILSVRC2012_val_00027688.JPEG
368,stable_diffusion_v_1_5,5879,GenImage_test/stable_diffusion_v_1_5/test/ai/878_sdv5_00135.png
368,stable_diffusion_v_1_5,5880,GenImage_test/stable_diffusion_v_1_5/test/nature/ILSVRC2012_val_00006588.JPEG
368,stable_diffusion_v_1_5,5881,GenImage_test/stable_diffusion_v_1_5/test/nature/ILSVRC2012_val_00038730.JPEG
368,stable_diffusion_v_1_5,5882,GenImage_test/stable_diffusion_v_1_5/test/ai/877_sdv5_00195.png
368,stable_diffusion_v_1_5,5883,GenImage_test/stable_diffusion_v_1_5/test/ai/682_sdv5_00039.png
368,stable_diffusion_v_1_5,5884,GenImage_test/stable_diffusion_v_1_5/test/ai/367_sdv5_00003.png
368,stable_diffusion_v_1_5,5885,GenImage_test/stable_diffusion_v_1_5/test/ai/188_sdv5_00003.png
368,stable_diffusion_v_1_5,5886,GenImage_test/stable_diffusion_v_1_5/test/ai/637_sdv5_00027.png
368,stable_diffusion_v_1_5,5887,GenImage_test/stable_diffusion_v_1_5/test/ai/101_sdv5_00003.png
368,stable_diffusion_v_1_5,5888,GenImage_test/stable_diffusion_v_1_5/test/nature/ILSVRC2012_val_00011206.JPEG
368,stable_diffusion_v_1_5,5889,GenImage_test/stable_diffusion_v_1_5/test/ai/996_sdv5_00100.png
368,stable_diffusion_v_1_5,5890,GenImage_test/stable_diffusion_v_1_5/test/ai/974_sdv5_00135.png
368,stable_diffusion_v_1_5,5891,GenImage_test/stable_diffusion_v_1_5/test/nature/ILSVRC2012_val_00002522.JPEG
369,stable_diffusion_v_1_5,5892,GenImage_test/stable_diffusion_v_1_5/test/ai/726_sdv5_00027.png
369,stable_diffusion_v_1_5,5893,GenImage_test/stable_diffusion_v_1_5/test/ai/613_sdv5_00039.png
369,stable_diffusion_v_1_5,5894,GenImage_test/stable_diffusion_v_1_5/test/ai/682_sdv5_00003.png
369,stable_diffusion_v_1_5,5895,GenImage_test/stable_diffusion_v_1_5/test/ai/619_sdv5_00027.png
369,stable_diffusion_v_1_5,5896,GenImage_test/stable_diffusion_v_1_5/test/ai/445_sdv5_00027.png
369,stable_diffusion_v_1_5,5897,GenImage_test/stable_diffusion_v_1_5/test/nature/ILSVRC2012_val_00016825.JPEG
369,stable_diffusion_v_1_5,5898,GenImage_test/stable_diffusion_v_1_5/test/nature/ILSVRC2012_val_00010137.JPEG
369,stable_diffusion_v_1_5,5899,GenImage_test/stable_diffusion_v_1_5/test/ai/916_sdv5_00003.png
369,stable_diffusion_v_1_5,5900,GenImage_test/stable_diffusion_v_1_5/test/nature/ILSVRC2012_val_00043113.JPEG
369,stable_diffusion_v_1_5,5901,GenImage_test/stable_diffusion_v_1_5/test/ai/435_sdv5_00027.png
369,stable_diffusion_v_1_5,5902,GenImage_test/stable_diffusion_v_1_5/test/ai/845_sdv5_00027.png
369,stable_diffusion_v_1_5,5903,GenImage_test/stable_diffusion_v_1_5/test/nature/ILSVRC2012_val_00003368.JPEG
369,stable_diffusion_v_1_5,5904,GenImage_test/stable_diffusion_v_1_5/test/ai/406_sdv5_00003.png
369,stable_diffusion_v_1_5,5905,GenImage_test/stable_diffusion_v_1_5/test/nature/ILSVRC2012_val_00039067.JPEG
369,stable_diffusion_v_1_5,5906,GenImage_test/stable_diffusion_v_1_5/test/ai/298_sdv5_00027.png
369,stable_diffusion_v_1_5,5907,GenImage_test/stable_diffusion_v_1_5/test/nature/ILSVRC2012_val_00006146.JPEG
370,stable_diffusion_v_1_5,5908,GenImage_test/stable_diffusion_v_1_5/test/nature/ILSVRC2012_val_00044404.JPEG
370,stable_diffusion_v_1_5,5909,GenImage_test/stable_diffusion_v_1_5/test/ai/132_sdv5_00195.png
370,stable_diffusion_v_1_5,5910,GenImage_test/stable_diffusion_v_1_5/test/ai/859_sdv5_00003.png
370,stable_diffusion_v_1_5,5911,GenImage_test/stable_diffusion_v_1_5/test/nature/ILSVRC2012_val_00028635.JPEG
370,stable_diffusion_v_1_5,5912,GenImage_test/stable_diffusion_v_1_5/test/nature/ILSVRC2012_val_00041266.JPEG
370,stable_diffusion_v_1_5,5913,GenImage_test/stable_diffusion_v_1_5/test/ai/943_sdv5_00027.png
370,stable_diffusion_v_1_5,5914,GenImage_test/stable_diffusion_v_1_5/test/nature/ILSVRC2012_val_00030245.JPEG
370,stable_diffusion_v_1_5,5915,GenImage_test/stable_diffusion_v_1_5/test/ai/899_sdv5_00003.png
370,stable_diffusion_v_1_5,5916,GenImage_test/stable_diffusion_v_1_5/test/nature/ILSVRC2012_val_00011576.JPEG
370,stable_diffusion_v_1_5,5917,GenImage_test/stable_diffusion_v_1_5/test/ai/513_sdv5_00100.png
370,stable_diffusion_v_1_5,5918,GenImage_test/stable_diffusion_v_1_5/test/ai/080_sdv5_00027.png
370,stable_diffusion_v_1_5,5919,GenImage_test/stable_diffusion_v_1_5/test/ai/651_sdv5_00195.png
370,stable_diffusion_v_1_5,5920,GenImage_test/stable_diffusion_v_1_5/test/ai/056_sdv5_00009.png
370,stable_diffusion_v_1_5,5921,GenImage_test/stable_diffusion_v_1_5/test/ai/934_sdv5_00009.png
370,stable_diffusion_v_1_5,5922,GenImage_test/stable_diffusion_v_1_5/test/nature/ILSVRC2012_val_00009196.JPEG
370,stable_diffusion_v_1_5,5923,GenImage_test/stable_diffusion_v_1_5/test/nature/ILSVRC2012_val_00001751.JPEG
371,stable_diffusion_v_1_5,5924,GenImage_test/stable_diffusion_v_1_5/test/nature/ILSVRC2012_val_00026457.JPEG
371,stable_diffusion_v_1_5,5925,GenImage_test/stable_diffusion_v_1_5/test/ai/007_sdv5_00039.png
371,stable_diffusion_v_1_5,5926,GenImage_test/stable_diffusion_v_1_5/test/ai/346_sdv5_00009.png
371,stable_diffusion_v_1_5,5927,GenImage_test/stable_diffusion_v_1_5/test/nature/ILSVRC2012_val_00020943.JPEG
371,stable_diffusion_v_1_5,5928,GenImage_test/stable_diffusion_v_1_5/test/nature/ILSVRC2012_val_00047941.JPEG
371,stable_diffusion_v_1_5,5929,GenImage_test/stable_diffusion_v_1_5/test/nature/ILSVRC2012_val_00033659.JPEG
371,stable_diffusion_v_1_5,5930,GenImage_test/stable_diffusion_v_1_5/test/ai/709_sdv5_00020.png
371,stable_diffusion_v_1_5,5931,GenImage_test/stable_diffusion_v_1_5/test/ai/160_sdv5_00009.png
371,stable_diffusion_v_1_5,5932,GenImage_test/stable_diffusion_v_1_5/test/ai/253_sdv5_00039.png
371,stable_diffusion_v_1_5,5933,GenImage_test/stable_diffusion_v_1_5/test/nature/ILSVRC2012_val_00017755.JPEG
371,stable_diffusion_v_1_5,5934,GenImage_test/stable_diffusion_v_1_5/test/nature/ILSVRC2012_val_00025022.JPEG
371,stable_diffusion_v_1_5,5935,GenImage_test/stable_diffusion_v_1_5/test/ai/324_sdv5_00003.png
371,stable_diffusion_v_1_5,5936,GenImage_test/stable_diffusion_v_1_5/test/nature/ILSVRC2012_val_00030373.JPEG
371,stable_diffusion_v_1_5,5937,GenImage_test/stable_diffusion_v_1_5/test/nature/ILSVRC2012_val_00023397.JPEG
371,stable_diffusion_v_1_5,5938,GenImage_test/stable_diffusion_v_1_5/test/ai/027_sdv5_00009.png
371,stable_diffusion_v_1_5,5939,GenImage_test/stable_diffusion_v_1_5/test/nature/ILSVRC2012_val_00044278.JPEG
372,stable_diffusion_v_1_5,5940,GenImage_test/stable_diffusion_v_1_5/test/ai/013_sdv5_00039.png
372,stable_diffusion_v_1_5,5941,GenImage_test/stable_diffusion_v_1_5/test/ai/276_sdv5_00135.png
372,stable_diffusion_v_1_5,5942,GenImage_test/stable_diffusion_v_1_5/test/ai/592_sdv5_00195.png
372,stable_diffusion_v_1_5,5943,GenImage_test/stable_diffusion_v_1_5/test/nature/ILSVRC2012_val_00040462.JPEG
372,stable_diffusion_v_1_5,5944,GenImage_test/stable_diffusion_v_1_5/test/nature/ILSVRC2012_val_00049615.JPEG
372,stable_diffusion_v_1_5,5945,GenImage_test/stable_diffusion_v_1_5/test/nature/ILSVRC2012_val_00012393.JPEG
372,stable_diffusion_v_1_5,5946,GenImage_test/stable_diffusion_v_1_5/test/ai/643_sdv5_00009.png
372,stable_diffusion_v_1_5,5947,GenImage_test/stable_diffusion_v_1_5/test/ai/468_sdv5_00195.png
372,stable_diffusion_v_1_5,5948,GenImage_test/stable_diffusion_v_1_5/test/nature/ILSVRC2012_val_00019753.JPEG
372,stable_diffusion_v_1_5,5949,GenImage_test/stable_diffusion_v_1_5/test/nature/ILSVRC2012_val_00035228.JPEG
372,stable_diffusion_v_1_5,5950,GenImage_test/stable_diffusion_v_1_5/test/nature/ILSVRC2012_val_00047537.JPEG
372,stable_diffusion_v_1_5,5951,GenImage_test/stable_diffusion_v_1_5/test/nature/ILSVRC2012_val_00026035.JPEG
372,stable_diffusion_v_1_5,5952,GenImage_test/stable_diffusion_v_1_5/test/nature/ILSVRC2012_val_00024728.JPEG
372,stable_diffusion_v_1_5,5953,GenImage_test/stable_diffusion_v_1_5/test/ai/749_sdv5_00027.png
372,stable_diffusion_v_1_5,5954,GenImage_test/stable_diffusion_v_1_5/test/nature/ILSVRC2012_val_00022307.JPEG
372,stable_diffusion_v_1_5,5955,GenImage_test/stable_diffusion_v_1_5/test/nature/ILSVRC2012_val_00047426.JPEG
373,stable_diffusion_v_1_5,5956,GenImage_test/stable_diffusion_v_1_5/test/nature/ILSVRC2012_val_00023581.JPEG
373,stable_diffusion_v_1_5,5957,GenImage_test/stable_diffusion_v_1_5/test/nature/ILSVRC2012_val_00027232.JPEG
373,stable_diffusion_v_1_5,5958,GenImage_test/stable_diffusion_v_1_5/test/nature/ILSVRC2012_val_00041458.JPEG
373,stable_diffusion_v_1_5,5959,GenImage_test/stable_diffusion_v_1_5/test/ai/357_sdv5_00020.png
373,stable_diffusion_v_1_5,5960,GenImage_test/stable_diffusion_v_1_5/test/ai/868_sdv5_00020.png
373,stable_diffusion_v_1_5,5961,GenImage_test/stable_diffusion_v_1_5/test/ai/193_sdv5_00195.png
373,stable_diffusion_v_1_5,5962,GenImage_test/stable_diffusion_v_1_5/test/nature/ILSVRC2012_val_00011407.JPEG
373,stable_diffusion_v_1_5,5963,GenImage_test/stable_diffusion_v_1_5/test/ai/351_sdv5_00100.png
373,stable_diffusion_v_1_5,5964,GenImage_test/stable_diffusion_v_1_5/test/ai/902_sdv5_00195.png
373,stable_diffusion_v_1_5,5965,GenImage_test/stable_diffusion_v_1_5/test/nature/ILSVRC2012_val_00022315.JPEG
373,stable_diffusion_v_1_5,5966,GenImage_test/stable_diffusion_v_1_5/test/ai/283_sdv5_00100.png
373,stable_diffusion_v_1_5,5967,GenImage_test/stable_diffusion_v_1_5/test/ai/929_sdv5_00195.png
373,stable_diffusion_v_1_5,5968,GenImage_test/stable_diffusion_v_1_5/test/ai/448_sdv5_00100.png
373,stable_diffusion_v_1_5,5969,GenImage_test/stable_diffusion_v_1_5/test/nature/ILSVRC2012_val_00014054.JPEG
373,stable_diffusion_v_1_5,5970,GenImage_test/stable_diffusion_v_1_5/test/nature/ILSVRC2012_val_00039245.JPEG
373,stable_diffusion_v_1_5,5971,GenImage_test/stable_diffusion_v_1_5/test/nature/ILSVRC2012_val_00009643.JPEG
374,stable_diffusion_v_1_5,5972,GenImage_test/stable_diffusion_v_1_5/test/nature/ILSVRC2012_val_00046257.JPEG
374,stable_diffusion_v_1_5,5973,GenImage_test/stable_diffusion_v_1_5/test/nature/ILSVRC2012_val_00006507.JPEG
374,stable_diffusion_v_1_5,5974,GenImage_test/stable_diffusion_v_1_5/test/ai/011_sdv5_00020.png
374,stable_diffusion_v_1_5,5975,GenImage_test/stable_diffusion_v_1_5/test/ai/867_sdv5_00009.png
374,stable_diffusion_v_1_5,5976,GenImage_test/stable_diffusion_v_1_5/test/nature/ILSVRC2012_val_00033727.JPEG
374,stable_diffusion_v_1_5,5977,GenImage_test/stable_diffusion_v_1_5/test/ai/408_sdv5_00135.png
374,stable_diffusion_v_1_5,5978,GenImage_test/stable_diffusion_v_1_5/test/nature/ILSVRC2012_val_00040397.JPEG
374,stable_diffusion_v_1_5,5979,GenImage_test/stable_diffusion_v_1_5/test/nature/ILSVRC2012_val_00023345.JPEG
374,stable_diffusion_v_1_5,5980,GenImage_test/stable_diffusion_v_1_5/test/ai/575_sdv5_00020.png
374,stable_diffusion_v_1_5,5981,GenImage_test/stable_diffusion_v_1_5/test/nature/ILSVRC2012_val_00042340.JPEG
374,stable_diffusion_v_1_5,5982,GenImage_test/stable_diffusion_v_1_5/test/nature/ILSVRC2012_val_00028280.JPEG
374,stable_diffusion_v_1_5,5983,GenImage_test/stable_diffusion_v_1_5/test/ai/301_sdv5_00009.png
374,stable_diffusion_v_1_5,5984,GenImage_test/stable_diffusion_v_1_5/test/nature/ILSVRC2012_val_00016169.JPEG
374,stable_diffusion_v_1_5,5985,GenImage_test/stable_diffusion_v_1_5/test/nature/ILSVRC2012_val_00003248.JPEG
374,stable_diffusion_v_1_5,5986,GenImage_test/stable_diffusion_v_1_5/test/nature/ILSVRC2012_val_00007794.JPEG
374,stable_diffusion_v_1_5,5987,GenImage_test/stable_diffusion_v_1_5/test/nature/ILSVRC2012_val_00002948.JPEG
375,stable_diffusion_v_1_5,5988,GenImage_test/stable_diffusion_v_1_5/test/nature/ILSVRC2012_val_00046912.JPEG
375,stable_diffusion_v_1_5,5989,GenImage_test/stable_diffusion_v_1_5/test/nature/ILSVRC2012_val_00038863.JPEG
375,stable_diffusion_v_1_5,5990,GenImage_test/stable_diffusion_v_1_5/test/nature/ILSVRC2012_val_00033296.JPEG
375,stable_diffusion_v_1_5,5991,GenImage_test/stable_diffusion_v_1_5/test/ai/988_sdv5_00027.png
375,stable_diffusion_v_1_5,5992,GenImage_test/stable_diffusion_v_1_5/test/nature/ILSVRC2012_val_00040449.JPEG
375,stable_diffusion_v_1_5,5993,GenImage_test/stable_diffusion_v_1_5/test/nature/ILSVRC2012_val_00047338.JPEG
375,stable_diffusion_v_1_5,5994,GenImage_test/stable_diffusion_v_1_5/test/nature/ILSVRC2012_val_00005998.JPEG
375,stable_diffusion_v_1_5,5995,GenImage_test/stable_diffusion_v_1_5/test/ai/972_sdv5_00135.png
375,stable_diffusion_v_1_5,5996,GenImage_test/stable_diffusion_v_1_5/test/ai/934_sdv5_00003.png
375,stable_diffusion_v_1_5,5997,GenImage_test/stable_diffusion_v_1_5/test/nature/ILSVRC2012_val_00046758.JPEG
375,stable_diffusion_v_1_5,5998,GenImage_test/stable_diffusion_v_1_5/test/nature/ILSVRC2012_val_00025454.JPEG
375,stable_diffusion_v_1_5,5999,GenImage_test/stable_diffusion_v_1_5/test/ai/580_sdv5_00009.png
376,VQDM,6000,GenImage_test/VQDM/test/nature/ILSVRC2012_val_00011838.JPEG
376,VQDM,6001,GenImage_test/VQDM/test/nature/ILSVRC2012_val_00016954.JPEG
376,VQDM,6002,GenImage_test/VQDM/test/ai/VQDM_1000_200_05_506_vqdm_00143.png
376,VQDM,6003,GenImage_test/VQDM/test/nature/ILSVRC2012_val_00016895.JPEG
376,VQDM,6004,GenImage_test/VQDM/test/ai/VQDM_1000_200_00_003_vqdm_00074.png
376,VQDM,6005,GenImage_test/VQDM/test/nature/ILSVRC2012_val_00030323.JPEG
376,VQDM,6006,GenImage_test/VQDM/test/nature/ILSVRC2012_val_00009118.JPEG
376,VQDM,6007,GenImage_test/VQDM/test/ai/VQDM_1000_200_03_318_vqdm_00020.png
376,VQDM,6008,GenImage_test/VQDM/test/ai/VQDM_1000_200_04_429_vqdm_00020.png
376,VQDM,6009,GenImage_test/VQDM/test/nature/ILSVRC2012_val_00017039.JPEG
376,VQDM,6010,GenImage_test/VQDM/test/nature/ILSVRC2012_val_00010073.JPEG
376,VQDM,6011,GenImage_test/VQDM/test/ai/VQDM_1000_200_07_782_vqdm_00127.png
376,VQDM,6012,GenImage_test/VQDM/test/nature/ILSVRC2012_val_00042097.JPEG
376,VQDM,6013,GenImage_test/VQDM/test/ai/VQDM_1000_200_07_717_vqdm_00020.png
376,VQDM,6014,GenImage_test/VQDM/test/ai/VQDM_1000_200_02_269_vqdm_00143.png
376,VQDM,6015,GenImage_test/VQDM/test/ai/VQDM_1000_200_02_233_vqdm_00074.png
377,VQDM,6016,GenImage_test/VQDM/test/ai/VQDM_1000_200_00_087_vqdm_00035.png
377,VQDM,6017,GenImage_test/VQDM/test/nature/ILSVRC2012_val_00049040.JPEG
377,VQDM,6018,GenImage_test/VQDM/test/nature/ILSVRC2012_val_00017034.JPEG
377,VQDM,6019,GenImage_test/VQDM/test/nature/ILSVRC2012_val_00040953.JPEG
377,VQDM,6020,GenImage_test/VQDM/test/nature/ILSVRC2012_val_00001183.JPEG
377,VQDM,6021,GenImage_test/VQDM/test/ai/VQDM_1000_200_04_493_vqdm_00020.png
377,VQDM,6022,GenImage_test/VQDM/test/nature/ILSVRC2012_val_00003114.JPEG
377,VQDM,6023,GenImage_test/VQDM/test/ai/VQDM_1000_200_07_721_vqdm_00039.png
377,VQDM,6024,GenImage_test/VQDM/test/nature/ILSVRC2012_val_00046559.JPEG
377,VQDM,6025,GenImage_test/VQDM/test/nature/ILSVRC2012_val_00013687.JPEG
377,VQDM,6026,GenImage_test/VQDM/test/ai/VQDM_1000_200_02_204_vqdm_00039.png
377,VQDM,6027,GenImage_test/VQDM/test/nature/ILSVRC2012_val_00021348.JPEG
377,VQDM,6028,GenImage_test/VQDM/test/ai/VQDM_1000_200_06_602_vqdm_00127.png
377,VQDM,6029,GenImage_test/VQDM/test/ai/VQDM_1000_200_07_701_vqdm_00127.png
377,VQDM,6030,GenImage_test/VQDM/test/nature/ILSVRC2012_val_00028934.JPEG
377,VQDM,6031,GenImage_test/VQDM/test/ai/VQDM_1000_200_05_578_vqdm_00020.png
378,VQDM,6032,GenImage_test/VQDM/test/ai/VQDM_1000_200_03_334_vqdm_00035.png
378,VQDM,6033,GenImage_test/VQDM/test/ai/VQDM_1000_200_07_747_vqdm_00035.png
378,VQDM,6034,GenImage_test/VQDM/test/nature/ILSVRC2012_val_00005783.JPEG
378,VQDM,6035,GenImage_test/VQDM/test/nature/ILSVRC2012_val_00033330.JPEG
378,VQDM,6036,GenImage_test/VQDM/test/ai/VQDM_1000_200_04_438_vqdm_00143.png
378,VQDM,6037,GenImage_test/VQDM/test/ai/VQDM_1000_200_08_881_vqdm_00035.png
378,VQDM,6038,GenImage_test/VQDM/test/nature/ILSVRC2012_val_00013266.JPEG
378,VQDM,6039,GenImage_test/VQDM/test/ai/VQDM_1000_200_01_142_vqdm_00127.png
378,VQDM,6040,GenImage_test/VQDM/test/ai/VQDM_1000_200_03_361_vqdm_00039.png
378,VQDM,6041,GenImage_test/VQDM/test/ai/VQDM_1000_200_09_930_vqdm_00020.png
378,VQDM,6042,GenImage_test/VQDM/test/ai/VQDM_1000_200_01_114_vqdm_00074.png
378,VQDM,6043,GenImage_test/VQDM/test/ai/VQDM_1000_200_00_066_vqdm_00035.png
378,VQDM,6044,GenImage_test/VQDM/test/nature/ILSVRC2012_val_00039275.JPEG
378,VQDM,6045,GenImage_test/VQDM/test/ai/VQDM_1000_200_06_624_vqdm_00039.png
378,VQDM,6046,GenImage_test/VQDM/test/nature/ILSVRC2012_val_00018606.JPEG
378,VQDM,6047,GenImage_test/VQDM/test/ai/VQDM_1000_200_07_769_vqdm_00039.png
379,VQDM,6048,GenImage_test/VQDM/test/ai/VQDM_1000_200_02_208_vqdm_00035.png
379,VQDM,6049,GenImage_test/VQDM/test/nature/ILSVRC2012_val_00037341.JPEG
379,VQDM,6050,GenImage_test/VQDM/test/ai/VQDM_1000_200_00_073_vqdm_00039.png
379,VQDM,6051,GenImage_test/VQDM/test/ai/VQDM_1000_200_04_445_vqdm_00035.png
379,VQDM,6052,GenImage_test/VQDM/test/nature/ILSVRC2012_val_00019818.JPEG
379,VQDM,6053,GenImage_test/VQDM/test/nature/ILSVRC2012_val_00012005.JPEG
379,VQDM,6054,GenImage_test/VQDM/test/ai/VQDM_1000_200_00_066_vqdm_00039.png
379,VQDM,6055,GenImage_test/VQDM/test/ai/VQDM_1000_200_03_398_vqdm_00143.png
379,VQDM,6056,GenImage_test/VQDM/test/ai/VQDM_1000_200_00_010_vqdm_00020.png
379,VQDM,6057,GenImage_test/VQDM/test/nature/ILSVRC2012_val_00016665.JPEG
379,VQDM,6058,GenImage_test/VQDM/test/ai/VQDM_1000_200_06_679_vqdm_00127.png
379,VQDM,6059,GenImage_test/VQDM/test/nature/ILSVRC2012_val_00031053.JPEG
379,VQDM,6060,GenImage_test/VQDM/test/ai/VQDM_1000_200_04_430_vqdm_00020.png
379,VQDM,6061,GenImage_test/VQDM/test/nature/ILSVRC2012_val_00046245.JPEG
379,VQDM,6062,GenImage_test/VQDM/test/nature/ILSVRC2012_val_00048478.JPEG
379,VQDM,6063,GenImage_test/VQDM/test/nature/ILSVRC2012_val_00035836.JPEG
380,VQDM,6064,GenImage_test/VQDM/test/nature/ILSVRC2012_val_00019721.JPEG
380,VQDM,6065,GenImage_test/VQDM/test/nature/ILSVRC2012_val_00037011.JPEG
380,VQDM,6066,GenImage_test/VQDM/test/ai/VQDM_1000_200_01_175_vqdm_00143.png
380,VQDM,6067,GenImage_test/VQDM/test/ai/VQDM_1000_200_05_530_vqdm_00020.png
380,VQDM,6068,GenImage_test/VQDM/test/ai/VQDM_1000_200_03_312_vqdm_00039.png
380,VQDM,6069,GenImage_test/VQDM/test/nature/ILSVRC2012_val_00016090.JPEG
380,VQDM,6070,GenImage_test/VQDM/test/nature/ILSVRC2012_val_00014041.JPEG
380,VQDM,6071,GenImage_test/VQDM/test/ai/VQDM_1000_200_03_310_vqdm_00035.png
380,VQDM,6072,GenImage_test/VQDM/test/ai/VQDM_1000_200_05_573_vqdm_00020.png
380,VQDM,6073,GenImage_test/VQDM/test/nature/ILSVRC2012_val_00034356.JPEG
380,VQDM,6074,GenImage_test/VQDM/test/ai/VQDM_1000_200_04_426_vqdm_00143.png
380,VQDM,6075,GenImage_test/VQDM/test/nature/ILSVRC2012_val_00036300.JPEG
380,VQDM,6076,GenImage_test/VQDM/test/nature/ILSVRC2012_val_00038796.JPEG
380,VQDM,6077,GenImage_test/VQDM/test/ai/VQDM_1000_200_05_533_vqdm_00020.png
380,VQDM,6078,GenImage_test/VQDM/test/ai/VQDM_1000_200_04_439_vqdm_00074.png
380,VQDM,6079,GenImage_test/VQDM/test/ai/VQDM_1000_200_05_551_vqdm_00039.png
381,VQDM,6080,GenImage_test/VQDM/test/nature/ILSVRC2012_val_00033498.JPEG
381,VQDM,6081,GenImage_test/VQDM/test/nature/ILSVRC2012_val_00011219.JPEG
381,VQDM,6082,GenImage_test/VQDM/test/ai/VQDM_1000_200_04_479_vqdm_00035.png
381,VQDM,6083,GenImage_test/VQDM/test/nature/ILSVRC2012_val_00020665.JPEG
381,VQDM,6084,GenImage_test/VQDM/test/ai/VQDM_1000_200_06_619_vqdm_00039.png
381,VQDM,6085,GenImage_test/VQDM/test/ai/VQDM_1000_200_09_915_vqdm_00074.png
381,VQDM,6086,GenImage_test/VQDM/test/ai/VQDM_1000_200_04_418_vqdm_00035.png
381,VQDM,6087,GenImage_test/VQDM/test/ai/VQDM_1000_200_06_659_vqdm_00020.png
381,VQDM,6088,GenImage_test/VQDM/test/ai/VQDM_1000_200_03_311_vqdm_00020.png
381,VQDM,6089,GenImage_test/VQDM/test/nature/ILSVRC2012_val_00048628.JPEG
381,VQDM,6090,GenImage_test/VQDM/test/nature/ILSVRC2012_val_00026973.JPEG
381,VQDM,6091,GenImage_test/VQDM/test/nature/ILSVRC2012_val_00002330.JPEG
381,VQDM,6092,GenImage_test/VQDM/test/nature/ILSVRC2012_val_00031704.JPEG
381,VQDM,6093,GenImage_test/VQDM/test/nature/ILSVRC2012_val_00027447.JPEG
381,VQDM,6094,GenImage_test/VQDM/test/nature/ILSVRC2012_val_00003446.JPEG
381,VQDM,6095,GenImage_test/VQDM/test/nature/ILSVRC2012_val_00022282.JPEG
382,VQDM,6096,GenImage_test/VQDM/test/nature/ILSVRC2012_val_00046591.JPEG
382,VQDM,6097,GenImage_test/VQDM/test/nature/ILSVRC2012_val_00018145.JPEG
382,VQDM,6098,GenImage_test/VQDM/test/ai/VQDM_1000_200_02_250_vqdm_00143.png
382,VQDM,6099,GenImage_test/VQDM/test/nature/ILSVRC2012_val_00031368.JPEG
382,VQDM,6100,GenImage_test/VQDM/test/ai/VQDM_1000_200_08_857_vqdm_00143.png
382,VQDM,6101,GenImage_test/VQDM/test/nature/ILSVRC2012_val_00042955.JPEG
382,VQDM,6102,GenImage_test/VQDM/test/nature/ILSVRC2012_val_00031869.JPEG
382,VQDM,6103,GenImage_test/VQDM/test/ai/VQDM_1000_200_08_822_vqdm_00020.png
382,VQDM,6104,GenImage_test/VQDM/test/ai/VQDM_1000_200_03_314_vqdm_00020.png
382,VQDM,6105,GenImage_test/VQDM/test/ai/VQDM_1000_200_05_523_vqdm_00035.png
382,VQDM,6106,GenImage_test/VQDM/test/ai/VQDM_1000_200_05_521_vqdm_00074.png
382,VQDM,6107,GenImage_test/VQDM/test/nature/ILSVRC2012_val_00022283.JPEG
382,VQDM,6108,GenImage_test/VQDM/test/ai/VQDM_1000_200_06_640_vqdm_00035.png
382,VQDM,6109,GenImage_test/VQDM/test/ai/VQDM_1000_200_01_125_vqdm_00143.png
382,VQDM,6110,GenImage_test/VQDM/test/nature/ILSVRC2012_val_00043661.JPEG
382,VQDM,6111,GenImage_test/VQDM/test/nature/ILSVRC2012_val_00014456.JPEG
383,VQDM,6112,GenImage_test/VQDM/test/ai/VQDM_1000_200_04_460_vqdm_00143.png
383,VQDM,6113,GenImage_test/VQDM/test/nature/ILSVRC2012_val_00004397.JPEG
383,VQDM,6114,GenImage_test/VQDM/test/nature/ILSVRC2012_val_00014758.JPEG
383,VQDM,6115,GenImage_test/VQDM/test/nature/ILSVRC2012_val_00001816.JPEG
383,VQDM,6116,GenImage_test/VQDM/test/ai/VQDM_1000_200_03_397_vqdm_00143.png
383,VQDM,6117,GenImage_test/VQDM/test/ai/VQDM_1000_200_08_871_vqdm_00039.png
383,VQDM,6118,GenImage_test/VQDM/test/ai/VQDM_1000_200_01_134_vqdm_00035.png
383,VQDM,6119,GenImage_test/VQDM/test/nature/ILSVRC2012_val_00002563.JPEG
383,VQDM,6120,GenImage_test/VQDM/test/ai/VQDM_1000_200_05_531_vqdm_00074.png
383,VQDM,6121,GenImage_test/VQDM/test/ai/VQDM_1000_200_00_028_vqdm_00039.png
383,VQDM,6122,GenImage_test/VQDM/test/nature/ILSVRC2012_val_00046446.JPEG
383,VQDM,6123,GenImage_test/VQDM/test/nature/ILSVRC2012_val_00015418.JPEG
383,VQDM,6124,GenImage_test/VQDM/test/ai/VQDM_1000_200_01_151_vqdm_00127.png
383,VQDM,6125,GenImage_test/VQDM/test/ai/VQDM_1000_200_09_976_vqdm_00074.png
383,VQDM,6126,GenImage_test/VQDM/test/nature/ILSVRC2012_val_00025645.JPEG
383,VQDM,6127,GenImage_test/VQDM/test/ai/VQDM_1000_200_07_780_vqdm_00039.png
384,VQDM,6128,GenImage_test/VQDM/test/nature/ILSVRC2012_val_00006858.JPEG
384,VQDM,6129,GenImage_test/VQDM/test/ai/VQDM_1000_200_06_664_vqdm_00020.png
384,VQDM,6130,GenImage_test/VQDM/test/ai/VQDM_1000_200_05_529_vqdm_00074.png
384,VQDM,6131,GenImage_test/VQDM/test/nature/ILSVRC2012_val_00020353.JPEG
384,VQDM,6132,GenImage_test/VQDM/test/ai/VQDM_1000_200_02_212_vqdm_00039.png
384,VQDM,6133,GenImage_test/VQDM/test/ai/VQDM_1000_200_00_028_vqdm_00035.png
384,VQDM,6134,GenImage_test/VQDM/test/nature/ILSVRC2012_val_00001531.JPEG
384,VQDM,6135,GenImage_test/VQDM/test/ai/VQDM_1000_200_04_423_vqdm_00143.png
384,VQDM,6136,GenImage_test/VQDM/test/ai/VQDM_1000_200_04_430_vqdm_00039.png
384,VQDM,6137,GenImage_test/VQDM/test/nature/ILSVRC2012_val_00030491.JPEG
384,VQDM,6138,GenImage_test/VQDM/test/nature/ILSVRC2012_val_00033106.JPEG
384,VQDM,6139,GenImage_test/VQDM/test/ai/VQDM_1000_200_04_435_vqdm_00143.png
384,VQDM,6140,GenImage_test/VQDM/test/nature/ILSVRC2012_val_00018441.JPEG
384,VQDM,6141,GenImage_test/VQDM/test/ai/VQDM_1000_200_03_399_vqdm_00039.png
384,VQDM,6142,GenImage_test/VQDM/test/ai/VQDM_1000_200_01_145_vqdm_00074.png
384,VQDM,6143,GenImage_test/VQDM/test/nature/ILSVRC2012_val_00009705.JPEG
385,VQDM,6144,GenImage_test/VQDM/test/nature/ILSVRC2012_val_00030799.JPEG
385,VQDM,6145,GenImage_test/VQDM/test/nature/ILSVRC2012_val_00013205.JPEG
385,VQDM,6146,GenImage_test/VQDM/test/nature/ILSVRC2012_val_00049646.JPEG
385,VQDM,6147,GenImage_test/VQDM/test/ai/VQDM_1000_200_04_408_vqdm_00074.png
385,VQDM,6148,GenImage_test/VQDM/test/nature/ILSVRC2012_val_00016650.JPEG
385,VQDM,6149,GenImage_test/VQDM/test/nature/ILSVRC2012_val_00008258.JPEG
385,VQDM,6150,GenImage_test/VQDM/test/ai/VQDM_1000_200_04_488_vqdm_00035.png
385,VQDM,6151,GenImage_test/VQDM/test/ai/VQDM_1000_200_06_616_vqdm_00127.png
385,VQDM,6152,GenImage_test/VQDM/test/nature/ILSVRC2012_val_00042548.JPEG
385,VQDM,6153,GenImage_test/VQDM/test/ai/VQDM_1000_200_02_275_vqdm_00074.png
385,VQDM,6154,GenImage_test/VQDM/test/ai/VQDM_1000_200_05_509_vqdm_00020.png
385,VQDM,6155,GenImage_test/VQDM/test/nature/ILSVRC2012_val_00001802.JPEG
385,VQDM,6156,GenImage_test/VQDM/test/nature/ILSVRC2012_val_00015216.JPEG
385,VQDM,6157,GenImage_test/VQDM/test/ai/VQDM_1000_200_02_295_vqdm_00127.png
385,VQDM,6158,GenImage_test/VQDM/test/nature/ILSVRC2012_val_00017302.JPEG
385,VQDM,6159,GenImage_test/VQDM/test/nature/ILSVRC2012_val_00015243.JPEG
386,VQDM,6160,GenImage_test/VQDM/test/ai/VQDM_1000_200_01_158_vqdm_00127.png
386,VQDM,6161,GenImage_test/VQDM/test/nature/ILSVRC2012_val_00007188.JPEG
386,VQDM,6162,GenImage_test/VQDM/test/nature/ILSVRC2012_val_00001222.JPEG
386,VQDM,6163,GenImage_test/VQDM/test/nature/ILSVRC2012_val_00017579.JPEG
386,VQDM,6164,GenImage_test/VQDM/test/ai/VQDM_1000_200_07_765_vqdm_00127.png
386,VQDM,6165,GenImage_test/VQDM/test/ai/VQDM_1000_200_04_414_vqdm_00127.png
386,VQDM,6166,GenImage_test/VQDM/test/ai/VQDM_1000_200_06_655_vqdm_00039.png
386,VQDM,6167,GenImage_test/VQDM/test/nature/ILSVRC2012_val_00021264.JPEG
386,VQDM,6168,GenImage_test/VQDM/test/nature/ILSVRC2012_val_00030207.JPEG
386,VQDM,6169,GenImage_test/VQDM/test/nature/ILSVRC2012_val_00008482.JPEG
386,VQDM,6170,GenImage_test/VQDM/test/nature/ILSVRC2012_val_00037414.JPEG
386,VQDM,6171,GenImage_test/VQDM/test/nature/ILSVRC2012_val_00008838.JPEG
386,VQDM,6172,GenImage_test/VQDM/test/nature/ILSVRC2012_val_00041305.JPEG
386,VQDM,6173,GenImage_test/VQDM/test/ai/VQDM_1000_200_03_306_vqdm_00143.png
386,VQDM,6174,GenImage_test/VQDM/test/ai/VQDM_1000_200_02_227_vqdm_00143.png
386,VQDM,6175,GenImage_test/VQDM/test/nature/ILSVRC2012_val_00047694.JPEG
387,VQDM,6176,GenImage_test/VQDM/test/nature/ILSVRC2012_val_00038270.JPEG
387,VQDM,6177,GenImage_test/VQDM/test/nature/ILSVRC2012_val_00023305.JPEG
387,VQDM,6178,GenImage_test/VQDM/test/nature/ILSVRC2012_val_00023723.JPEG
387,VQDM,6179,GenImage_test/VQDM/test/nature/ILSVRC2012_val_00044816.JPEG
387,VQDM,6180,GenImage_test/VQDM/test/ai/VQDM_1000_200_03_373_vqdm_00127.png
387,VQDM,6181,GenImage_test/VQDM/test/ai/VQDM_1000_200_05_562_vqdm_00127.png
387,VQDM,6182,GenImage_test/VQDM/test/ai/VQDM_1000_200_00_009_vqdm_00020.png
387,VQDM,6183,GenImage_test/VQDM/test/ai/VQDM_1000_200_01_144_vqdm_00020.png
387,VQDM,6184,GenImage_test/VQDM/test/ai/VQDM_1000_200_07_737_vqdm_00035.png
387,VQDM,6185,GenImage_test/VQDM/test/nature/ILSVRC2012_val_00047693.JPEG
387,VQDM,6186,GenImage_test/VQDM/test/ai/VQDM_1000_200_08_880_vqdm_00020.png
387,VQDM,6187,GenImage_test/VQDM/test/nature/ILSVRC2012_val_00034806.JPEG
387,VQDM,6188,GenImage_test/VQDM/test/ai/VQDM_1000_200_04_476_vqdm_00074.png
387,VQDM,6189,GenImage_test/VQDM/test/ai/VQDM_1000_200_05_504_vqdm_00127.png
387,VQDM,6190,GenImage_test/VQDM/test/ai/VQDM_1000_200_08_853_vqdm_00127.png
387,VQDM,6191,GenImage_test/VQDM/test/nature/ILSVRC2012_val_00041166.JPEG
388,VQDM,6192,GenImage_test/VQDM/test/nature/ILSVRC2012_val_00039947.JPEG
388,VQDM,6193,GenImage_test/VQDM/test/nature/ILSVRC2012_val_00024026.JPEG
388,VQDM,6194,GenImage_test/VQDM/test/nature/ILSVRC2012_val_00023572.JPEG
388,VQDM,6195,GenImage_test/VQDM/test/ai/VQDM_1000_200_02_237_vqdm_00035.png
388,VQDM,6196,GenImage_test/VQDM/test/ai/VQDM_1000_200_05_507_vqdm_00143.png
388,VQDM,6197,GenImage_test/VQDM/test/nature/ILSVRC2012_val_00049699.JPEG
388,VQDM,6198,GenImage_test/VQDM/test/ai/VQDM_1000_200_00_000_vqdm_00035.png
388,VQDM,6199,GenImage_test/VQDM/test/nature/ILSVRC2012_val_00024609.JPEG
388,VQDM,6200,GenImage_test/VQDM/test/nature/ILSVRC2012_val_00001945.JPEG
388,VQDM,6201,GenImage_test/VQDM/test/nature/ILSVRC2012_val_00015803.JPEG
388,VQDM,6202,GenImage_test/VQDM/test/ai/VQDM_1000_200_02_252_vqdm_00143.png
388,VQDM,6203,GenImage_test/VQDM/test/nature/ILSVRC2012_val_00019141.JPEG
388,VQDM,6204,GenImage_test/VQDM/test/nature/ILSVRC2012_val_00016550.JPEG
388,VQDM,6205,GenImage_test/VQDM/test/nature/ILSVRC2012_val_00034256.JPEG
388,VQDM,6206,GenImage_test/VQDM/test/nature/ILSVRC2012_val_00017334.JPEG
388,VQDM,6207,GenImage_test/VQDM/test/nature/ILSVRC2012_val_00021719.JPEG
389,VQDM,6208,GenImage_test/VQDM/test/nature/ILSVRC2012_val_00020041.JPEG
389,VQDM,6209,GenImage_test/VQDM/test/nature/ILSVRC2012_val_00002794.JPEG
389,VQDM,6210,GenImage_test/VQDM/test/ai/VQDM_1000_200_06_672_vqdm_00074.png
389,VQDM,6211,GenImage_test/VQDM/test/ai/VQDM_1000_200_01_143_vqdm_00127.png
389,VQDM,6212,GenImage_test/VQDM/test/ai/VQDM_1000_200_06_613_vqdm_00143.png
389,VQDM,6213,GenImage_test/VQDM/test/ai/VQDM_1000_200_01_161_vqdm_00143.png
389,VQDM,6214,GenImage_test/VQDM/test/nature/ILSVRC2012_val_00031078.JPEG
389,VQDM,6215,GenImage_test/VQDM/test/ai/VQDM_1000_200_05_507_vqdm_00127.png
389,VQDM,6216,GenImage_test/VQDM/test/nature/ILSVRC2012_val_00014769.JPEG
389,VQDM,6217,GenImage_test/VQDM/test/nature/ILSVRC2012_val_00042090.JPEG
389,VQDM,6218,GenImage_test/VQDM/test/nature/ILSVRC2012_val_00026574.JPEG
389,VQDM,6219,GenImage_test/VQDM/test/ai/VQDM_1000_200_09_916_vqdm_00039.png
389,VQDM,6220,GenImage_test/VQDM/test/ai/VQDM_1000_200_06_609_vqdm_00074.png
389,VQDM,6221,GenImage_test/VQDM/test/ai/VQDM_1000_200_01_193_vqdm_00127.png
389,VQDM,6222,GenImage_test/VQDM/test/nature/ILSVRC2012_val_00021341.JPEG
389,VQDM,6223,GenImage_test/VQDM/test/nature/ILSVRC2012_val_00019340.JPEG
390,VQDM,6224,GenImage_test/VQDM/test/nature/ILSVRC2012_val_00026771.JPEG
390,VQDM,6225,GenImage_test/VQDM/test/nature/ILSVRC2012_val_00017853.JPEG
390,VQDM,6226,GenImage_test/VQDM/test/nature/ILSVRC2012_val_00021775.JPEG
390,VQDM,6227,GenImage_test/VQDM/test/ai/VQDM_1000_200_02_266_vqdm_00020.png
390,VQDM,6228,GenImage_test/VQDM/test/ai/VQDM_1000_200_01_181_vqdm_00035.png
390,VQDM,6229,GenImage_test/VQDM/test/nature/ILSVRC2012_val_00007565.JPEG
390,VQDM,6230,GenImage_test/VQDM/test/nature/ILSVRC2012_val_00009930.JPEG
390,VQDM,6231,GenImage_test/VQDM/test/ai/VQDM_1000_200_03_368_vqdm_00074.png
390,VQDM,6232,GenImage_test/VQDM/test/ai/VQDM_1000_200_04_466_vqdm_00127.png
390,VQDM,6233,GenImage_test/VQDM/test/nature/ILSVRC2012_val_00035753.JPEG
390,VQDM,6234,GenImage_test/VQDM/test/ai/VQDM_1000_200_06_619_vqdm_00035.png
390,VQDM,6235,GenImage_test/VQDM/test/ai/VQDM_1000_200_01_108_vqdm_00127.png
390,VQDM,6236,GenImage_test/VQDM/test/ai/VQDM_1000_200_09_965_vqdm_00127.png
390,VQDM,6237,GenImage_test/VQDM/test/ai/VQDM_1000_200_04_479_vqdm_00127.png
390,VQDM,6238,GenImage_test/VQDM/test/nature/ILSVRC2012_val_00020984.JPEG
390,VQDM,6239,GenImage_test/VQDM/test/ai/VQDM_1000_200_06_609_vqdm_00127.png
391,VQDM,6240,GenImage_test/VQDM/test/ai/VQDM_1000_200_06_627_vqdm_00020.png
391,VQDM,6241,GenImage_test/VQDM/test/ai/VQDM_1000_200_03_302_vqdm_00035.png
391,VQDM,6242,GenImage_test/VQDM/test/nature/ILSVRC2012_val_00035622.JPEG
391,VQDM,6243,GenImage_test/VQDM/test/ai/VQDM_1000_200_01_136_vqdm_00039.png
391,VQDM,6244,GenImage_test/VQDM/test/nature/ILSVRC2012_val_00044305.JPEG
391,VQDM,6245,GenImage_test/VQDM/test/ai/VQDM_1000_200_05_554_vqdm_00127.png
391,VQDM,6246,GenImage_test/VQDM/test/nature/ILSVRC2012_val_00028053.JPEG
391,VQDM,6247,GenImage_test/VQDM/test/nature/ILSVRC2012_val_00036078.JPEG
391,VQDM,6248,GenImage_test/VQDM/test/ai/VQDM_1000_200_03_347_vqdm_00074.png
391,VQDM,6249,GenImage_test/VQDM/test/ai/VQDM_1000_200_01_174_vqdm_00074.png
391,VQDM,6250,GenImage_test/VQDM/test/nature/ILSVRC2012_val_00009773.JPEG
391,VQDM,6251,GenImage_test/VQDM/test/nature/ILSVRC2012_val_00039407.JPEG
391,VQDM,6252,GenImage_test/VQDM/test/ai/VQDM_1000_200_01_193_vqdm_00039.png
391,VQDM,6253,GenImage_test/VQDM/test/ai/VQDM_1000_200_06_650_vqdm_00127.png
391,VQDM,6254,GenImage_test/VQDM/test/nature/ILSVRC2012_val_00018022.JPEG
391,VQDM,6255,GenImage_test/VQDM/test/ai/VQDM_1000_200_04_489_vqdm_00039.png
392,VQDM,6256,GenImage_test/VQDM/test/ai/VQDM_1000_200_02_286_vqdm_00143.png
392,VQDM,6257,GenImage_test/VQDM/test/ai/VQDM_1000_200_05_531_vqdm_00039.png
392,VQDM,6258,GenImage_test/VQDM/test/ai/VQDM_1000_200_08_818_vqdm_00074.png
392,VQDM,6259,GenImage_test/VQDM/test/nature/ILSVRC2012_val_00034434.JPEG
392,VQDM,6260,GenImage_test/VQDM/test/ai/VQDM_1000_200_00_027_vqdm_00074.png
392,VQDM,6261,GenImage_test/VQDM/test/ai/VQDM_1000_200_01_117_vqdm_00035.png
392,VQDM,6262,GenImage_test/VQDM/test/ai/VQDM_1000_200_05_571_vqdm_00039.png
392,VQDM,6263,GenImage_test/VQDM/test/nature/ILSVRC2012_val_00012535.JPEG
392,VQDM,6264,GenImage_test/VQDM/test/ai/VQDM_1000_200_07_708_vqdm_00035.png
392,VQDM,6265,GenImage_test/VQDM/test/ai/VQDM_1000_200_08_898_vqdm_00127.png
392,VQDM,6266,GenImage_test/VQDM/test/nature/ILSVRC2012_val_00040568.JPEG
392,VQDM,6267,GenImage_test/VQDM/test/ai/VQDM_1000_200_01_110_vqdm_00039.png
392,VQDM,6268,GenImage_test/VQDM/test/ai/VQDM_1000_200_06_679_vqdm_00143.png
392,VQDM,6269,GenImage_test/VQDM/test/nature/ILSVRC2012_val_00013122.JPEG
392,VQDM,6270,GenImage_test/VQDM/test/ai/VQDM_1000_200_03_322_vqdm_00074.png
392,VQDM,6271,GenImage_test/VQDM/test/nature/ILSVRC2012_val_00048386.JPEG
393,VQDM,6272,GenImage_test/VQDM/test/ai/VQDM_1000_200_05_571_vqdm_00074.png
393,VQDM,6273,GenImage_test/VQDM/test/nature/ILSVRC2012_val_00007002.JPEG
393,VQDM,6274,GenImage_test/VQDM/test/ai/VQDM_1000_200_04_450_vqdm_00074.png
393,VQDM,6275,GenImage_test/VQDM/test/ai/VQDM_1000_200_02_257_vqdm_00143.png
393,VQDM,6276,GenImage_test/VQDM/test/nature/ILSVRC2012_val_00042990.JPEG
393,VQDM,6277,GenImage_test/VQDM/test/nature/ILSVRC2012_val_00013571.JPEG
393,VQDM,6278,GenImage_test/VQDM/test/nature/ILSVRC2012_val_00015158.JPEG
393,VQDM,6279,GenImage_test/VQDM/test/ai/VQDM_1000_200_08_805_vqdm_00035.png
393,VQDM,6280,GenImage_test/VQDM/test/nature/ILSVRC2012_val_00016278.JPEG
393,VQDM,6281,GenImage_test/VQDM/test/ai/VQDM_1000_200_01_188_vqdm_00074.png
393,VQDM,6282,GenImage_test/VQDM/test/nature/ILSVRC2012_val_00029287.JPEG
393,VQDM,6283,GenImage_test/VQDM/test/ai/VQDM_1000_200_00_093_vqdm_00143.png
393,VQDM,6284,GenImage_test/VQDM/test/ai/VQDM_1000_200_00_026_vqdm_00074.png
393,VQDM,6285,GenImage_test/VQDM/test/ai/VQDM_1000_200_03_388_vqdm_00074.png
393,VQDM,6286,GenImage_test/VQDM/test/nature/ILSVRC2012_val_00030630.JPEG
393,VQDM,6287,GenImage_test/VQDM/test/ai/VQDM_1000_200_02_212_vqdm_00143.png
394,VQDM,6288,GenImage_test/VQDM/test/ai/VQDM_1000_200_03_360_vqdm_00127.png
394,VQDM,6289,GenImage_test/VQDM/test/ai/VQDM_1000_200_08_820_vqdm_00074.png
394,VQDM,6290,GenImage_test/VQDM/test/nature/ILSVRC2012_val_00028200.JPEG
394,VQDM,6291,GenImage_test/VQDM/test/ai/VQDM_1000_200_07_792_vqdm_00127.png
394,VQDM,6292,GenImage_test/VQDM/test/nature/ILSVRC2012_val_00035976.JPEG
394,VQDM,6293,GenImage_test/VQDM/test/nature/ILSVRC2012_val_00005779.JPEG
394,VQDM,6294,GenImage_test/VQDM/test/ai/VQDM_1000_200_07_722_vqdm_00143.png
394,VQDM,6295,GenImage_test/VQDM/test/nature/ILSVRC2012_val_00018841.JPEG
394,VQDM,6296,GenImage_test/VQDM/test/ai/VQDM_1000_200_04_446_vqdm_00074.png
394,VQDM,6297,GenImage_test/VQDM/test/ai/VQDM_1000_200_08_853_vqdm_00020.png
394,VQDM,6298,GenImage_test/VQDM/test/ai/VQDM_1000_200_04_494_vqdm_00127.png
394,VQDM,6299,GenImage_test/VQDM/test/ai/VQDM_1000_200_08_862_vqdm_00035.png
394,VQDM,6300,GenImage_test/VQDM/test/ai/VQDM_1000_200_01_128_vqdm_00039.png
394,VQDM,6301,GenImage_test/VQDM/test/ai/VQDM_1000_200_03_349_vqdm_00020.png
394,VQDM,6302,GenImage_test/VQDM/test/ai/VQDM_1000_200_07_722_vqdm_00020.png
394,VQDM,6303,GenImage_test/VQDM/test/ai/VQDM_1000_200_05_583_vqdm_00039.png
395,VQDM,6304,GenImage_test/VQDM/test/nature/ILSVRC2012_val_00036713.JPEG
395,VQDM,6305,GenImage_test/VQDM/test/nature/ILSVRC2012_val_00025284.JPEG
395,VQDM,6306,GenImage_test/VQDM/test/ai/VQDM_1000_200_05_532_vqdm_00039.png
395,VQDM,6307,GenImage_test/VQDM/test/ai/VQDM_1000_200_03_368_vqdm_00039.png
395,VQDM,6308,GenImage_test/VQDM/test/ai/VQDM_1000_200_04_417_vqdm_00039.png
395,VQDM,6309,GenImage_test/VQDM/test/ai/VQDM_1000_200_03_345_vqdm_00035.png
395,VQDM,6310,GenImage_test/VQDM/test/ai/VQDM_1000_200_01_116_vqdm_00039.png
395,VQDM,6311,GenImage_test/VQDM/test/ai/VQDM_1000_200_02_234_vqdm_00039.png
395,VQDM,6312,GenImage_test/VQDM/test/ai/VQDM_1000_200_00_070_vqdm_00020.png
395,VQDM,6313,GenImage_test/VQDM/test/ai/VQDM_1000_200_07_797_vqdm_00074.png
395,VQDM,6314,GenImage_test/VQDM/test/ai/VQDM_1000_200_09_972_vqdm_00143.png
395,VQDM,6315,GenImage_test/VQDM/test/ai/VQDM_1000_200_05_596_vqdm_00039.png
395,VQDM,6316,GenImage_test/VQDM/test/ai/VQDM_1000_200_09_909_vqdm_00020.png
395,VQDM,6317,GenImage_test/VQDM/test/nature/ILSVRC2012_val_00001529.JPEG
395,VQDM,6318,GenImage_test/VQDM/test/nature/ILSVRC2012_val_00045802.JPEG
395,VQDM,6319,GenImage_test/VQDM/test/ai/VQDM_1000_200_05_543_vqdm_00020.png
396,VQDM,6320,GenImage_test/VQDM/test/nature/ILSVRC2012_val_00034977.JPEG
396,VQDM,6321,GenImage_test/VQDM/test/nature/ILSVRC2012_val_00010077.JPEG
396,VQDM,6322,GenImage_test/VQDM/test/ai/VQDM_1000_200_00_007_vqdm_00127.png
396,VQDM,6323,GenImage_test/VQDM/test/nature/ILSVRC2012_val_00041839.JPEG
396,VQDM,6324,GenImage_test/VQDM/test/ai/VQDM_1000_200_01_161_vqdm_00035.png
396,VQDM,6325,GenImage_test/VQDM/test/ai/VQDM_1000_200_04_419_vqdm_00020.png
396,VQDM,6326,GenImage_test/VQDM/test/ai/VQDM_1000_200_07_704_vqdm_00039.png
396,VQDM,6327,GenImage_test/VQDM/test/nature/ILSVRC2012_val_00025776.JPEG
396,VQDM,6328,GenImage_test/VQDM/test/nature/ILSVRC2012_val_00013883.JPEG
396,VQDM,6329,GenImage_test/VQDM/test/nature/ILSVRC2012_val_00038687.JPEG
396,VQDM,6330,GenImage_test/VQDM/test/nature/ILSVRC2012_val_00031841.JPEG
396,VQDM,6331,GenImage_test/VQDM/test/ai/VQDM_1000_200_02_257_vqdm_00020.png
396,VQDM,6332,GenImage_test/VQDM/test/nature/ILSVRC2012_val_00007518.JPEG
396,VQDM,6333,GenImage_test/VQDM/test/nature/ILSVRC2012_val_00003073.JPEG
396,VQDM,6334,GenImage_test/VQDM/test/ai/VQDM_1000_200_07_738_vqdm_00074.png
396,VQDM,6335,GenImage_test/VQDM/test/nature/ILSVRC2012_val_00000398.JPEG
397,VQDM,6336,GenImage_test/VQDM/test/ai/VQDM_1000_200_05_537_vqdm_00020.png
397,VQDM,6337,GenImage_test/VQDM/test/nature/ILSVRC2012_val_00034216.JPEG
397,VQDM,6338,GenImage_test/VQDM/test/nature/ILSVRC2012_val_00023871.JPEG
397,VQDM,6339,GenImage_test/VQDM/test/nature/ILSVRC2012_val_00004528.JPEG
397,VQDM,6340,GenImage_test/VQDM/test/nature/ILSVRC2012_val_00040317.JPEG
397,VQDM,6341,GenImage_test/VQDM/test/ai/VQDM_1000_200_08_817_vqdm_00074.png
397,VQDM,6342,GenImage_test/VQDM/test/ai/VQDM_1000_200_05_560_vqdm_00143.png
397,VQDM,6343,GenImage_test/VQDM/test/ai/VQDM_1000_200_05_533_vqdm_00143.png
397,VQDM,6344,GenImage_test/VQDM/test/ai/VQDM_1000_200_00_077_vqdm_00039.png
397,VQDM,6345,GenImage_test/VQDM/test/nature/ILSVRC2012_val_00015512.JPEG
397,VQDM,6346,GenImage_test/VQDM/test/nature/ILSVRC2012_val_00010093.JPEG
397,VQDM,6347,GenImage_test/VQDM/test/ai/VQDM_1000_200_09_913_vqdm_00039.png
397,VQDM,6348,GenImage_test/VQDM/test/ai/VQDM_1000_200_04_463_vqdm_00127.png
397,VQDM,6349,GenImage_test/VQDM/test/ai/VQDM_1000_200_09_900_vqdm_00020.png
397,VQDM,6350,GenImage_test/VQDM/test/ai/VQDM_1000_200_07_736_vqdm_00035.png
397,VQDM,6351,GenImage_test/VQDM/test/nature/ILSVRC2012_val_00023225.JPEG
398,VQDM,6352,GenImage_test/VQDM/test/nature/ILSVRC2012_val_00045172.JPEG
398,VQDM,6353,GenImage_test/VQDM/test/nature/ILSVRC2012_val_00013139.JPEG
398,VQDM,6354,GenImage_test/VQDM/test/ai/VQDM_1000_200_01_134_vqdm_00020.png
398,VQDM,6355,GenImage_test/VQDM/test/nature/ILSVRC2012_val_00034944.JPEG
398,VQDM,6356,GenImage_test/VQDM/test/nature/ILSVRC2012_val_00033023.JPEG
398,VQDM,6357,GenImage_test/VQDM/test/nature/ILSVRC2012_val_00030862.JPEG
398,VQDM,6358,GenImage_test/VQDM/test/ai/VQDM_1000_200_02_297_vqdm_00039.png
398,VQDM,6359,GenImage_test/VQDM/test/nature/ILSVRC2012_val_00028732.JPEG
398,VQDM,6360,GenImage_test/VQDM/test/nature/ILSVRC2012_val_00016128.JPEG
398,VQDM,6361,GenImage_test/VQDM/test/nature/ILSVRC2012_val_00045406.JPEG
398,VQDM,6362,GenImage_test/VQDM/test/nature/ILSVRC2012_val_00043797.JPEG
398,VQDM,6363,GenImage_test/VQDM/test/ai/VQDM_1000_200_05_559_vqdm_00035.png
398,VQDM,6364,GenImage_test/VQDM/test/nature/ILSVRC2012_val_00013959.JPEG
398,VQDM,6365,GenImage_test/VQDM/test/ai/VQDM_1000_200_08_864_vqdm_00127.png
398,VQDM,6366,GenImage_test/VQDM/test/ai/VQDM_1000_200_06_631_vqdm_00020.png
398,VQDM,6367,GenImage_test/VQDM/test/nature/ILSVRC2012_val_00001363.JPEG
399,VQDM,6368,GenImage_test/VQDM/test/nature/ILSVRC2012_val_00022700.JPEG
399,VQDM,6369,GenImage_test/VQDM/test/nature/ILSVRC2012_val_00029444.JPEG
399,VQDM,6370,GenImage_test/VQDM/test/nature/ILSVRC2012_val_00032022.JPEG
399,VQDM,6371,GenImage_test/VQDM/test/nature/ILSVRC2012_val_00022730.JPEG
399,VQDM,6372,GenImage_test/VQDM/test/ai/VQDM_1000_200_07_782_vqdm_00143.png
399,VQDM,6373,GenImage_test/VQDM/test/nature/ILSVRC2012_val_00002455.JPEG
399,VQDM,6374,GenImage_test/VQDM/test/ai/VQDM_1000_200_01_136_vqdm_00143.png
399,VQDM,6375,GenImage_test/VQDM/test/nature/ILSVRC2012_val_00045089.JPEG
399,VQDM,6376,GenImage_test/VQDM/test/ai/VQDM_1000_200_09_961_vqdm_00074.png
399,VQDM,6377,GenImage_test/VQDM/test/nature/ILSVRC2012_val_00016718.JPEG
399,VQDM,6378,GenImage_test/VQDM/test/nature/ILSVRC2012_val_00026424.JPEG
399,VQDM,6379,GenImage_test/VQDM/test/nature/ILSVRC2012_val_00027435.JPEG
399,VQDM,6380,GenImage_test/VQDM/test/nature/ILSVRC2012_val_00042334.JPEG
399,VQDM,6381,GenImage_test/VQDM/test/nature/ILSVRC2012_val_00039776.JPEG
399,VQDM,6382,GenImage_test/VQDM/test/nature/ILSVRC2012_val_00037540.JPEG
399,VQDM,6383,GenImage_test/VQDM/test/ai/VQDM_1000_200_03_320_vqdm_00127.png
400,VQDM,6384,GenImage_test/VQDM/test/ai/VQDM_1000_200_05_535_vqdm_00039.png
400,VQDM,6385,GenImage_test/VQDM/test/ai/VQDM_1000_200_01_145_vqdm_00127.png
400,VQDM,6386,GenImage_test/VQDM/test/ai/VQDM_1000_200_00_063_vqdm_00143.png
400,VQDM,6387,GenImage_test/VQDM/test/nature/ILSVRC2012_val_00011278.JPEG
400,VQDM,6388,GenImage_test/VQDM/test/nature/ILSVRC2012_val_00017744.JPEG
400,VQDM,6389,GenImage_test/VQDM/test/ai/VQDM_1000_200_01_150_vqdm_00127.png
400,VQDM,6390,GenImage_test/VQDM/test/nature/ILSVRC2012_val_00012892.JPEG
400,VQDM,6391,GenImage_test/VQDM/test/ai/VQDM_1000_200_06_608_vqdm_00039.png
400,VQDM,6392,GenImage_test/VQDM/test/nature/ILSVRC2012_val_00003583.JPEG
400,VQDM,6393,GenImage_test/VQDM/test/ai/VQDM_1000_200_03_363_vqdm_00039.png
400,VQDM,6394,GenImage_test/VQDM/test/nature/ILSVRC2012_val_00038986.JPEG
400,VQDM,6395,GenImage_test/VQDM/test/ai/VQDM_1000_200_09_971_vqdm_00039.png
400,VQDM,6396,GenImage_test/VQDM/test/nature/ILSVRC2012_val_00012086.JPEG
400,VQDM,6397,GenImage_test/VQDM/test/nature/ILSVRC2012_val_00017788.JPEG
400,VQDM,6398,GenImage_test/VQDM/test/ai/VQDM_1000_200_02_233_vqdm_00127.png
400,VQDM,6399,GenImage_test/VQDM/test/nature/ILSVRC2012_val_00024138.JPEG
401,VQDM,6400,GenImage_test/VQDM/test/nature/ILSVRC2012_val_00030930.JPEG
401,VQDM,6401,GenImage_test/VQDM/test/nature/ILSVRC2012_val_00011069.JPEG
401,VQDM,6402,GenImage_test/VQDM/test/ai/VQDM_1000_200_00_056_vqdm_00035.png
401,VQDM,6403,GenImage_test/VQDM/test/nature/ILSVRC2012_val_00049389.JPEG
401,VQDM,6404,GenImage_test/VQDM/test/nature/ILSVRC2012_val_00024878.JPEG
401,VQDM,6405,GenImage_test/VQDM/test/ai/VQDM_1000_200_06_686_vqdm_00143.png
401,VQDM,6406,GenImage_test/VQDM/test/nature/ILSVRC2012_val_00022660.JPEG
401,VQDM,6407,GenImage_test/VQDM/test/ai/VQDM_1000_200_01_117_vqdm_00039.png
401,VQDM,6408,GenImage_test/VQDM/test/ai/VQDM_1000_200_05_591_vqdm_00074.png
401,VQDM,6409,GenImage_test/VQDM/test/nature/ILSVRC2012_val_00026220.JPEG
401,VQDM,6410,GenImage_test/VQDM/test/nature/ILSVRC2012_val_00018887.JPEG
401,VQDM,6411,GenImage_test/VQDM/test/nature/ILSVRC2012_val_00044842.JPEG
401,VQDM,6412,GenImage_test/VQDM/test/ai/VQDM_1000_200_03_385_vqdm_00039.png
401,VQDM,6413,GenImage_test/VQDM/test/ai/VQDM_1000_200_02_251_vqdm_00143.png
401,VQDM,6414,GenImage_test/VQDM/test/ai/VQDM_1000_200_01_109_vqdm_00035.png
401,VQDM,6415,GenImage_test/VQDM/test/nature/ILSVRC2012_val_00047120.JPEG
402,VQDM,6416,GenImage_test/VQDM/test/ai/VQDM_1000_200_02_217_vqdm_00143.png
402,VQDM,6417,GenImage_test/VQDM/test/nature/ILSVRC2012_val_00011756.JPEG
402,VQDM,6418,GenImage_test/VQDM/test/ai/VQDM_1000_200_06_604_vqdm_00074.png
402,VQDM,6419,GenImage_test/VQDM/test/ai/VQDM_1000_200_01_189_vqdm_00127.png
402,VQDM,6420,GenImage_test/VQDM/test/nature/ILSVRC2012_val_00024133.JPEG
402,VQDM,6421,GenImage_test/VQDM/test/ai/VQDM_1000_200_08_881_vqdm_00074.png
402,VQDM,6422,GenImage_test/VQDM/test/ai/VQDM_1000_200_05_500_vqdm_00035.png
402,VQDM,6423,GenImage_test/VQDM/test/nature/ILSVRC2012_val_00010504.JPEG
402,VQDM,6424,GenImage_test/VQDM/test/ai/VQDM_1000_200_00_067_vqdm_00074.png
402,VQDM,6425,GenImage_test/VQDM/test/ai/VQDM_1000_200_00_071_vqdm_00143.png
402,VQDM,6426,GenImage_test/VQDM/test/nature/ILSVRC2012_val_00018044.JPEG
402,VQDM,6427,GenImage_test/VQDM/test/ai/VQDM_1000_200_07_736_vqdm_00143.png
402,VQDM,6428,GenImage_test/VQDM/test/ai/VQDM_1000_200_02_290_vqdm_00039.png
402,VQDM,6429,GenImage_test/VQDM/test/nature/ILSVRC2012_val_00004109.JPEG
402,VQDM,6430,GenImage_test/VQDM/test/nature/ILSVRC2012_val_00030817.JPEG
402,VQDM,6431,GenImage_test/VQDM/test/ai/VQDM_1000_200_01_164_vqdm_00039.png
403,VQDM,6432,GenImage_test/VQDM/test/nature/ILSVRC2012_val_00012388.JPEG
403,VQDM,6433,GenImage_test/VQDM/test/nature/ILSVRC2012_val_00031161.JPEG
403,VQDM,6434,GenImage_test/VQDM/test/nature/ILSVRC2012_val_00024282.JPEG
403,VQDM,6435,GenImage_test/VQDM/test/ai/VQDM_1000_200_00_095_vqdm_00035.png
403,VQDM,6436,GenImage_test/VQDM/test/nature/ILSVRC2012_val_00009333.JPEG
403,VQDM,6437,GenImage_test/VQDM/test/ai/VQDM_1000_200_07_771_vqdm_00127.png
403,VQDM,6438,GenImage_test/VQDM/test/nature/ILSVRC2012_val_00014208.JPEG
403,VQDM,6439,GenImage_test/VQDM/test/ai/VQDM_1000_200_08_865_vqdm_00035.png
403,VQDM,6440,GenImage_test/VQDM/test/ai/VQDM_1000_200_08_847_vqdm_00035.png
403,VQDM,6441,GenImage_test/VQDM/test/nature/ILSVRC2012_val_00015511.JPEG
403,VQDM,6442,GenImage_test/VQDM/test/ai/VQDM_1000_200_06_693_vqdm_00127.png
403,VQDM,6443,GenImage_test/VQDM/test/nature/ILSVRC2012_val_00049121.JPEG
403,VQDM,6444,GenImage_test/VQDM/test/ai/VQDM_1000_200_02_272_vqdm_00127.png
403,VQDM,6445,GenImage_test/VQDM/test/ai/VQDM_1000_200_04_415_vqdm_00127.png
403,VQDM,6446,GenImage_test/VQDM/test/nature/ILSVRC2012_val_00032700.JPEG
403,VQDM,6447,GenImage_test/VQDM/test/ai/VQDM_1000_200_09_983_vqdm_00074.png
404,VQDM,6448,GenImage_test/VQDM/test/ai/VQDM_1000_200_07_781_vqdm_00035.png
404,VQDM,6449,GenImage_test/VQDM/test/nature/ILSVRC2012_val_00049422.JPEG
404,VQDM,6450,GenImage_test/VQDM/test/nature/ILSVRC2012_val_00044125.JPEG
404,VQDM,6451,GenImage_test/VQDM/test/ai/VQDM_1000_200_09_927_vqdm_00035.png
404,VQDM,6452,GenImage_test/VQDM/test/ai/VQDM_1000_200_04_440_vqdm_00143.png
404,VQDM,6453,GenImage_test/VQDM/test/ai/VQDM_1000_200_05_596_vqdm_00074.png
404,VQDM,6454,GenImage_test/VQDM/test/nature/ILSVRC2012_val_00021470.JPEG
404,VQDM,6455,GenImage_test/VQDM/test/ai/VQDM_1000_200_00_056_vqdm_00039.png
404,VQDM,6456,GenImage_test/VQDM/test/nature/ILSVRC2012_val_00010462.JPEG
404,VQDM,6457,GenImage_test/VQDM/test/nature/ILSVRC2012_val_00013509.JPEG
404,VQDM,6458,GenImage_test/VQDM/test/nature/ILSVRC2012_val_00049373.JPEG
404,VQDM,6459,GenImage_test/VQDM/test/nature/ILSVRC2012_val_00019050.JPEG
404,VQDM,6460,GenImage_test/VQDM/test/ai/VQDM_1000_200_09_901_vqdm_00039.png
404,VQDM,6461,GenImage_test/VQDM/test/nature/ILSVRC2012_val_00006699.JPEG
404,VQDM,6462,GenImage_test/VQDM/test/nature/ILSVRC2012_val_00011863.JPEG
404,VQDM,6463,GenImage_test/VQDM/test/ai/VQDM_1000_200_09_913_vqdm_00020.png
405,VQDM,6464,GenImage_test/VQDM/test/nature/ILSVRC2012_val_00024802.JPEG
405,VQDM,6465,GenImage_test/VQDM/test/ai/VQDM_1000_200_01_139_vqdm_00039.png
405,VQDM,6466,GenImage_test/VQDM/test/nature/ILSVRC2012_val_00029466.JPEG
405,VQDM,6467,GenImage_test/VQDM/test/nature/ILSVRC2012_val_00002763.JPEG
405,VQDM,6468,GenImage_test/VQDM/test/ai/VQDM_1000_200_08_869_vqdm_00127.png
405,VQDM,6469,GenImage_test/VQDM/test/nature/ILSVRC2012_val_00006261.JPEG
405,VQDM,6470,GenImage_test/VQDM/test/nature/ILSVRC2012_val_00048828.JPEG
405,VQDM,6471,GenImage_test/VQDM/test/nature/ILSVRC2012_val_00012906.JPEG
405,VQDM,6472,GenImage_test/VQDM/test/nature/ILSVRC2012_val_00031514.JPEG
405,VQDM,6473,GenImage_test/VQDM/test/nature/ILSVRC2012_val_00049143.JPEG
405,VQDM,6474,GenImage_test/VQDM/test/nature/ILSVRC2012_val_00028690.JPEG
405,VQDM,6475,GenImage_test/VQDM/test/nature/ILSVRC2012_val_00026719.JPEG
405,VQDM,6476,GenImage_test/VQDM/test/nature/ILSVRC2012_val_00036767.JPEG
405,VQDM,6477,GenImage_test/VQDM/test/nature/ILSVRC2012_val_00030362.JPEG
405,VQDM,6478,GenImage_test/VQDM/test/nature/ILSVRC2012_val_00045457.JPEG
405,VQDM,6479,GenImage_test/VQDM/test/nature/ILSVRC2012_val_00042627.JPEG
406,VQDM,6480,GenImage_test/VQDM/test/nature/ILSVRC2012_val_00012129.JPEG
406,VQDM,6481,GenImage_test/VQDM/test/ai/VQDM_1000_200_00_020_vqdm_00074.png
406,VQDM,6482,GenImage_test/VQDM/test/ai/VQDM_1000_200_07_727_vqdm_00020.png
406,VQDM,6483,GenImage_test/VQDM/test/ai/VQDM_1000_200_04_425_vqdm_00143.png
406,VQDM,6484,GenImage_test/VQDM/test/ai/VQDM_1000_200_04_408_vqdm_00020.png
406,VQDM,6485,GenImage_test/VQDM/test/ai/VQDM_1000_200_05_517_vqdm_00020.png
406,VQDM,6486,GenImage_test/VQDM/test/nature/ILSVRC2012_val_00019620.JPEG
406,VQDM,6487,GenImage_test/VQDM/test/ai/VQDM_1000_200_06_672_vqdm_00020.png
406,VQDM,6488,GenImage_test/VQDM/test/nature/ILSVRC2012_val_00011534.JPEG
406,VQDM,6489,GenImage_test/VQDM/test/nature/ILSVRC2012_val_00045955.JPEG
406,VQDM,6490,GenImage_test/VQDM/test/ai/VQDM_1000_200_03_339_vqdm_00039.png
406,VQDM,6491,GenImage_test/VQDM/test/ai/VQDM_1000_200_05_526_vqdm_00020.png
406,VQDM,6492,GenImage_test/VQDM/test/ai/VQDM_1000_200_04_413_vqdm_00127.png
406,VQDM,6493,GenImage_test/VQDM/test/ai/VQDM_1000_200_07_709_vqdm_00020.png
406,VQDM,6494,GenImage_test/VQDM/test/ai/VQDM_1000_200_03_348_vqdm_00035.png
406,VQDM,6495,GenImage_test/VQDM/test/nature/ILSVRC2012_val_00010215.JPEG
407,VQDM,6496,GenImage_test/VQDM/test/ai/VQDM_1000_200_05_517_vqdm_00039.png
407,VQDM,6497,GenImage_test/VQDM/test/nature/ILSVRC2012_val_00036081.JPEG
407,VQDM,6498,GenImage_test/VQDM/test/ai/VQDM_1000_200_02_253_vqdm_00039.png
407,VQDM,6499,GenImage_test/VQDM/test/nature/ILSVRC2012_val_00022290.JPEG
407,VQDM,6500,GenImage_test/VQDM/test/ai/VQDM_1000_200_06_683_vqdm_00143.png
407,VQDM,6501,GenImage_test/VQDM/test/ai/VQDM_1000_200_06_691_vqdm_00020.png
407,VQDM,6502,GenImage_test/VQDM/test/ai/VQDM_1000_200_09_979_vqdm_00127.png
407,VQDM,6503,GenImage_test/VQDM/test/ai/VQDM_1000_200_05_502_vqdm_00143.png
407,VQDM,6504,GenImage_test/VQDM/test/nature/ILSVRC2012_val_00042702.JPEG
407,VQDM,6505,GenImage_test/VQDM/test/ai/VQDM_1000_200_00_009_vqdm_00143.png
407,VQDM,6506,GenImage_test/VQDM/test/nature/ILSVRC2012_val_00009047.JPEG
407,VQDM,6507,GenImage_test/VQDM/test/ai/VQDM_1000_200_00_084_vqdm_00127.png
407,VQDM,6508,GenImage_test/VQDM/test/ai/VQDM_1000_200_02_246_vqdm_00074.png
407,VQDM,6509,GenImage_test/VQDM/test/nature/ILSVRC2012_val_00035150.JPEG
407,VQDM,6510,GenImage_test/VQDM/test/ai/VQDM_1000_200_04_405_vqdm_00020.png
407,VQDM,6511,GenImage_test/VQDM/test/nature/ILSVRC2012_val_00032493.JPEG
408,VQDM,6512,GenImage_test/VQDM/test/nature/ILSVRC2012_val_00043908.JPEG
408,VQDM,6513,GenImage_test/VQDM/test/nature/ILSVRC2012_val_00037881.JPEG
408,VQDM,6514,GenImage_test/VQDM/test/nature/ILSVRC2012_val_00007062.JPEG
408,VQDM,6515,GenImage_test/VQDM/test/ai/VQDM_1000_200_01_167_vqdm_00127.png
408,VQDM,6516,GenImage_test/VQDM/test/ai/VQDM_1000_200_06_671_vqdm_00143.png
408,VQDM,6517,GenImage_test/VQDM/test/ai/VQDM_1000_200_03_373_vqdm_00039.png
408,VQDM,6518,GenImage_test/VQDM/test/nature/ILSVRC2012_val_00035121.JPEG
408,VQDM,6519,GenImage_test/VQDM/test/ai/VQDM_1000_200_06_655_vqdm_00074.png
408,VQDM,6520,GenImage_test/VQDM/test/nature/ILSVRC2012_val_00005386.JPEG
408,VQDM,6521,GenImage_test/VQDM/test/ai/VQDM_1000_200_04_404_vqdm_00035.png
408,VQDM,6522,GenImage_test/VQDM/test/nature/ILSVRC2012_val_00033937.JPEG
408,VQDM,6523,GenImage_test/VQDM/test/nature/ILSVRC2012_val_00012534.JPEG
408,VQDM,6524,GenImage_test/VQDM/test/ai/VQDM_1000_200_04_485_vqdm_00035.png
408,VQDM,6525,GenImage_test/VQDM/test/ai/VQDM_1000_200_06_689_vqdm_00074.png
408,VQDM,6526,GenImage_test/VQDM/test/nature/ILSVRC2012_val_00004036.JPEG
408,VQDM,6527,GenImage_test/VQDM/test/nature/ILSVRC2012_val_00009904.JPEG
409,VQDM,6528,GenImage_test/VQDM/test/ai/VQDM_1000_200_03_377_vqdm_00127.png
409,VQDM,6529,GenImage_test/VQDM/test/nature/ILSVRC2012_val_00002331.JPEG
409,VQDM,6530,GenImage_test/VQDM/test/nature/ILSVRC2012_val_00021306.JPEG
409,VQDM,6531,GenImage_test/VQDM/test/ai/VQDM_1000_200_02_261_vqdm_00020.png
409,VQDM,6532,GenImage_test/VQDM/test/ai/VQDM_1000_200_09_945_vqdm_00127.png
409,VQDM,6533,GenImage_test/VQDM/test/nature/ILSVRC2012_val_00034287.JPEG
409,VQDM,6534,GenImage_test/VQDM/test/nature/ILSVRC2012_val_00017009.JPEG
409,VQDM,6535,GenImage_test/VQDM/test/ai/VQDM_1000_200_08_861_vqdm_00035.png
409,VQDM,6536,GenImage_test/VQDM/test/ai/VQDM_1000_200_06_653_vqdm_00143.png
409,VQDM,6537,GenImage_test/VQDM/test/nature/ILSVRC2012_val_00012320.JPEG
409,VQDM,6538,GenImage_test/VQDM/test/ai/VQDM_1000_200_05_572_vqdm_00074.png
409,VQDM,6539,GenImage_test/VQDM/test/nature/ILSVRC2012_val_00032226.JPEG
409,VQDM,6540,GenImage_test/VQDM/test/nature/ILSVRC2012_val_00040341.JPEG
409,VQDM,6541,GenImage_test/VQDM/test/nature/ILSVRC2012_val_00027121.JPEG
409,VQDM,6542,GenImage_test/VQDM/test/ai/VQDM_1000_200_03_386_vqdm_00020.png
409,VQDM,6543,GenImage_test/VQDM/test/ai/VQDM_1000_200_02_267_vqdm_00074.png
410,VQDM,6544,GenImage_test/VQDM/test/nature/ILSVRC2012_val_00045372.JPEG
410,VQDM,6545,GenImage_test/VQDM/test/ai/VQDM_1000_200_06_640_vqdm_00039.png
410,VQDM,6546,GenImage_test/VQDM/test/nature/ILSVRC2012_val_00041029.JPEG
410,VQDM,6547,GenImage_test/VQDM/test/nature/ILSVRC2012_val_00040422.JPEG
410,VQDM,6548,GenImage_test/VQDM/test/ai/VQDM_1000_200_05_581_vqdm_00127.png
410,VQDM,6549,GenImage_test/VQDM/test/ai/VQDM_1000_200_03_320_vqdm_00074.png
410,VQDM,6550,GenImage_test/VQDM/test/nature/ILSVRC2012_val_00031953.JPEG
410,VQDM,6551,GenImage_test/VQDM/test/nature/ILSVRC2012_val_00023767.JPEG
410,VQDM,6552,GenImage_test/VQDM/test/ai/VQDM_1000_200_05_580_vqdm_00035.png
410,VQDM,6553,GenImage_test/VQDM/test/ai/VQDM_1000_200_04_424_vqdm_00039.png
410,VQDM,6554,GenImage_test/VQDM/test/nature/ILSVRC2012_val_00049069.JPEG
410,VQDM,6555,GenImage_test/VQDM/test/nature/ILSVRC2012_val_00004896.JPEG
410,VQDM,6556,GenImage_test/VQDM/test/nature/ILSVRC2012_val_00026294.JPEG
410,VQDM,6557,GenImage_test/VQDM/test/ai/VQDM_1000_200_08_803_vqdm_00143.png
410,VQDM,6558,GenImage_test/VQDM/test/ai/VQDM_1000_200_02_209_vqdm_00039.png
410,VQDM,6559,GenImage_test/VQDM/test/ai/VQDM_1000_200_05_573_vqdm_00039.png
411,VQDM,6560,GenImage_test/VQDM/test/nature/ILSVRC2012_val_00026681.JPEG
411,VQDM,6561,GenImage_test/VQDM/test/ai/VQDM_1000_200_00_057_vqdm_00074.png
411,VQDM,6562,GenImage_test/VQDM/test/ai/VQDM_1000_200_04_473_vqdm_00127.png
411,VQDM,6563,GenImage_test/VQDM/test/nature/ILSVRC2012_val_00012921.JPEG
411,VQDM,6564,GenImage_test/VQDM/test/nature/ILSVRC2012_val_00000609.JPEG
411,VQDM,6565,GenImage_test/VQDM/test/nature/ILSVRC2012_val_00021250.JPEG
411,VQDM,6566,GenImage_test/VQDM/test/ai/VQDM_1000_200_05_549_vqdm_00127.png
411,VQDM,6567,GenImage_test/VQDM/test/ai/VQDM_1000_200_07_786_vqdm_00035.png
411,VQDM,6568,GenImage_test/VQDM/test/ai/VQDM_1000_200_07_768_vqdm_00143.png
411,VQDM,6569,GenImage_test/VQDM/test/ai/VQDM_1000_200_07_794_vqdm_00127.png
411,VQDM,6570,GenImage_test/VQDM/test/ai/VQDM_1000_200_03_352_vqdm_00143.png
411,VQDM,6571,GenImage_test/VQDM/test/nature/ILSVRC2012_val_00039762.JPEG
411,VQDM,6572,GenImage_test/VQDM/test/nature/ILSVRC2012_val_00006042.JPEG
411,VQDM,6573,GenImage_test/VQDM/test/nature/ILSVRC2012_val_00005793.JPEG
411,VQDM,6574,GenImage_test/VQDM/test/ai/VQDM_1000_200_02_219_vqdm_00039.png
411,VQDM,6575,GenImage_test/VQDM/test/nature/ILSVRC2012_val_00039790.JPEG
412,VQDM,6576,GenImage_test/VQDM/test/nature/ILSVRC2012_val_00043220.JPEG
412,VQDM,6577,GenImage_test/VQDM/test/ai/VQDM_1000_200_01_192_vqdm_00127.png
412,VQDM,6578,GenImage_test/VQDM/test/ai/VQDM_1000_200_01_132_vqdm_00035.png
412,VQDM,6579,GenImage_test/VQDM/test/nature/ILSVRC2012_val_00015040.JPEG
412,VQDM,6580,GenImage_test/VQDM/test/ai/VQDM_1000_200_04_487_vqdm_00143.png
412,VQDM,6581,GenImage_test/VQDM/test/ai/VQDM_1000_200_05_582_vqdm_00127.png
412,VQDM,6582,GenImage_test/VQDM/test/ai/VQDM_1000_200_08_856_vqdm_00127.png
412,VQDM,6583,GenImage_test/VQDM/test/ai/VQDM_1000_200_02_206_vqdm_00039.png
412,VQDM,6584,GenImage_test/VQDM/test/ai/VQDM_1000_200_06_671_vqdm_00074.png
412,VQDM,6585,GenImage_test/VQDM/test/nature/ILSVRC2012_val_00027475.JPEG
412,VQDM,6586,GenImage_test/VQDM/test/ai/VQDM_1000_200_04_422_vqdm_00074.png
412,VQDM,6587,GenImage_test/VQDM/test/ai/VQDM_1000_200_07_723_vqdm_00020.png
412,VQDM,6588,GenImage_test/VQDM/test/nature/ILSVRC2012_val_00047581.JPEG
412,VQDM,6589,GenImage_test/VQDM/test/nature/ILSVRC2012_val_00004605.JPEG
412,VQDM,6590,GenImage_test/VQDM/test/nature/ILSVRC2012_val_00038276.JPEG
412,VQDM,6591,GenImage_test/VQDM/test/nature/ILSVRC2012_val_00032118.JPEG
413,VQDM,6592,GenImage_test/VQDM/test/nature/ILSVRC2012_val_00007691.JPEG
413,VQDM,6593,GenImage_test/VQDM/test/nature/ILSVRC2012_val_00048583.JPEG
413,VQDM,6594,GenImage_test/VQDM/test/nature/ILSVRC2012_val_00020879.JPEG
413,VQDM,6595,GenImage_test/VQDM/test/ai/VQDM_1000_200_00_037_vqdm_00143.png
413,VQDM,6596,GenImage_test/VQDM/test/nature/ILSVRC2012_val_00016103.JPEG
413,VQDM,6597,GenImage_test/VQDM/test/nature/ILSVRC2012_val_00047090.JPEG
413,VQDM,6598,GenImage_test/VQDM/test/ai/VQDM_1000_200_07_733_vqdm_00020.png
413,VQDM,6599,GenImage_test/VQDM/test/ai/VQDM_1000_200_07_732_vqdm_00020.png
413,VQDM,6600,GenImage_test/VQDM/test/nature/ILSVRC2012_val_00013932.JPEG
413,VQDM,6601,GenImage_test/VQDM/test/ai/VQDM_1000_200_05_578_vqdm_00074.png
413,VQDM,6602,GenImage_test/VQDM/test/ai/VQDM_1000_200_03_340_vqdm_00039.png
413,VQDM,6603,GenImage_test/VQDM/test/nature/ILSVRC2012_val_00045842.JPEG
413,VQDM,6604,GenImage_test/VQDM/test/nature/ILSVRC2012_val_00024651.JPEG
413,VQDM,6605,GenImage_test/VQDM/test/ai/VQDM_1000_200_03_342_vqdm_00020.png
413,VQDM,6606,GenImage_test/VQDM/test/ai/VQDM_1000_200_05_554_vqdm_00074.png
413,VQDM,6607,GenImage_test/VQDM/test/nature/ILSVRC2012_val_00010501.JPEG
414,VQDM,6608,GenImage_test/VQDM/test/ai/VQDM_1000_200_04_408_vqdm_00143.png
414,VQDM,6609,GenImage_test/VQDM/test/nature/ILSVRC2012_val_00035834.JPEG
414,VQDM,6610,GenImage_test/VQDM/test/ai/VQDM_1000_200_08_860_vqdm_00074.png
414,VQDM,6611,GenImage_test/VQDM/test/ai/VQDM_1000_200_01_156_vqdm_00127.png
414,VQDM,6612,GenImage_test/VQDM/test/ai/VQDM_1000_200_04_485_vqdm_00039.png
414,VQDM,6613,GenImage_test/VQDM/test/ai/VQDM_1000_200_06_653_vqdm_00074.png
414,VQDM,6614,GenImage_test/VQDM/test/nature/ILSVRC2012_val_00037158.JPEG
414,VQDM,6615,GenImage_test/VQDM/test/ai/VQDM_1000_200_06_670_vqdm_00020.png
414,VQDM,6616,GenImage_test/VQDM/test/ai/VQDM_1000_200_07_782_vqdm_00020.png
414,VQDM,6617,GenImage_test/VQDM/test/nature/ILSVRC2012_val_00013276.JPEG
414,VQDM,6618,GenImage_test/VQDM/test/ai/VQDM_1000_200_05_538_vqdm_00020.png
414,VQDM,6619,GenImage_test/VQDM/test/nature/ILSVRC2012_val_00049309.JPEG
414,VQDM,6620,GenImage_test/VQDM/test/ai/VQDM_1000_200_02_255_vqdm_00020.png
414,VQDM,6621,GenImage_test/VQDM/test/nature/ILSVRC2012_val_00028318.JPEG
414,VQDM,6622,GenImage_test/VQDM/test/ai/VQDM_1000_200_08_888_vqdm_00143.png
414,VQDM,6623,GenImage_test/VQDM/test/nature/ILSVRC2012_val_00002653.JPEG
415,VQDM,6624,GenImage_test/VQDM/test/ai/VQDM_1000_200_05_500_vqdm_00020.png
415,VQDM,6625,GenImage_test/VQDM/test/ai/VQDM_1000_200_08_859_vqdm_00035.png
415,VQDM,6626,GenImage_test/VQDM/test/nature/ILSVRC2012_val_00030505.JPEG
415,VQDM,6627,GenImage_test/VQDM/test/ai/VQDM_1000_200_02_297_vqdm_00035.png
415,VQDM,6628,GenImage_test/VQDM/test/ai/VQDM_1000_200_06_686_vqdm_00074.png
415,VQDM,6629,GenImage_test/VQDM/test/ai/VQDM_1000_200_01_104_vqdm_00143.png
415,VQDM,6630,GenImage_test/VQDM/test/nature/ILSVRC2012_val_00021693.JPEG
415,VQDM,6631,GenImage_test/VQDM/test/nature/ILSVRC2012_val_00019375.JPEG
415,VQDM,6632,GenImage_test/VQDM/test/ai/VQDM_1000_200_04_463_vqdm_00074.png
415,VQDM,6633,GenImage_test/VQDM/test/ai/VQDM_1000_200_00_009_vqdm_00035.png
415,VQDM,6634,GenImage_test/VQDM/test/nature/ILSVRC2012_val_00009447.JPEG
415,VQDM,6635,GenImage_test/VQDM/test/ai/VQDM_1000_200_02_292_vqdm_00127.png
415,VQDM,6636,GenImage_test/VQDM/test/ai/VQDM_1000_200_08_847_vqdm_00039.png
415,VQDM,6637,GenImage_test/VQDM/test/ai/VQDM_1000_200_04_428_vqdm_00035.png
415,VQDM,6638,GenImage_test/VQDM/test/nature/ILSVRC2012_val_00012993.JPEG
415,VQDM,6639,GenImage_test/VQDM/test/ai/VQDM_1000_200_05_502_vqdm_00039.png
416,VQDM,6640,GenImage_test/VQDM/test/ai/VQDM_1000_200_03_331_vqdm_00020.png
416,VQDM,6641,GenImage_test/VQDM/test/ai/VQDM_1000_200_06_659_vqdm_00039.png
416,VQDM,6642,GenImage_test/VQDM/test/ai/VQDM_1000_200_01_159_vqdm_00143.png
416,VQDM,6643,GenImage_test/VQDM/test/ai/VQDM_1000_200_05_541_vqdm_00074.png
416,VQDM,6644,GenImage_test/VQDM/test/nature/ILSVRC2012_val_00048563.JPEG
416,VQDM,6645,GenImage_test/VQDM/test/nature/ILSVRC2012_val_00009161.JPEG
416,VQDM,6646,GenImage_test/VQDM/test/ai/VQDM_1000_200_09_921_vqdm_00074.png
416,VQDM,6647,GenImage_test/VQDM/test/ai/VQDM_1000_200_08_868_vqdm_00020.png
416,VQDM,6648,GenImage_test/VQDM/test/nature/ILSVRC2012_val_00015047.JPEG
416,VQDM,6649,GenImage_test/VQDM/test/ai/VQDM_1000_200_03_350_vqdm_00127.png
416,VQDM,6650,GenImage_test/VQDM/test/nature/ILSVRC2012_val_00016569.JPEG
416,VQDM,6651,GenImage_test/VQDM/test/ai/VQDM_1000_200_00_040_vqdm_00143.png
416,VQDM,6652,GenImage_test/VQDM/test/nature/ILSVRC2012_val_00027848.JPEG
416,VQDM,6653,GenImage_test/VQDM/test/ai/VQDM_1000_200_01_101_vqdm_00039.png
416,VQDM,6654,GenImage_test/VQDM/test/nature/ILSVRC2012_val_00017733.JPEG
416,VQDM,6655,GenImage_test/VQDM/test/ai/VQDM_1000_200_06_648_vqdm_00143.png
417,VQDM,6656,GenImage_test/VQDM/test/nature/ILSVRC2012_val_00012184.JPEG
417,VQDM,6657,GenImage_test/VQDM/test/ai/VQDM_1000_200_01_136_vqdm_00035.png
417,VQDM,6658,GenImage_test/VQDM/test/nature/ILSVRC2012_val_00042339.JPEG
417,VQDM,6659,GenImage_test/VQDM/test/ai/VQDM_1000_200_08_852_vqdm_00127.png
417,VQDM,6660,GenImage_test/VQDM/test/nature/ILSVRC2012_val_00028490.JPEG
417,VQDM,6661,GenImage_test/VQDM/test/ai/VQDM_1000_200_03_331_vqdm_00035.png
417,VQDM,6662,GenImage_test/VQDM/test/nature/ILSVRC2012_val_00040859.JPEG
417,VQDM,6663,GenImage_test/VQDM/test/nature/ILSVRC2012_val_00023258.JPEG
417,VQDM,6664,GenImage_test/VQDM/test/ai/VQDM_1000_200_09_900_vqdm_00074.png
417,VQDM,6665,GenImage_test/VQDM/test/ai/VQDM_1000_200_09_969_vqdm_00143.png
417,VQDM,6666,GenImage_test/VQDM/test/nature/ILSVRC2012_val_00043793.JPEG
417,VQDM,6667,GenImage_test/VQDM/test/nature/ILSVRC2012_val_00033972.JPEG
417,VQDM,6668,GenImage_test/VQDM/test/nature/ILSVRC2012_val_00040046.JPEG
417,VQDM,6669,GenImage_test/VQDM/test/ai/VQDM_1000_200_08_817_vqdm_00020.png
417,VQDM,6670,GenImage_test/VQDM/test/nature/ILSVRC2012_val_00041658.JPEG
417,VQDM,6671,GenImage_test/VQDM/test/ai/VQDM_1000_200_05_543_vqdm_00127.png
418,VQDM,6672,GenImage_test/VQDM/test/ai/VQDM_1000_200_07_777_vqdm_00127.png
418,VQDM,6673,GenImage_test/VQDM/test/nature/ILSVRC2012_val_00022855.JPEG
418,VQDM,6674,GenImage_test/VQDM/test/ai/VQDM_1000_200_07_707_vqdm_00127.png
418,VQDM,6675,GenImage_test/VQDM/test/nature/ILSVRC2012_val_00049703.JPEG
418,VQDM,6676,GenImage_test/VQDM/test/nature/ILSVRC2012_val_00049425.JPEG
418,VQDM,6677,GenImage_test/VQDM/test/ai/VQDM_1000_200_08_897_vqdm_00143.png
418,VQDM,6678,GenImage_test/VQDM/test/nature/ILSVRC2012_val_00030186.JPEG
418,VQDM,6679,GenImage_test/VQDM/test/ai/VQDM_1000_200_02_216_vqdm_00035.png
418,VQDM,6680,GenImage_test/VQDM/test/nature/ILSVRC2012_val_00020371.JPEG
418,VQDM,6681,GenImage_test/VQDM/test/nature/ILSVRC2012_val_00005799.JPEG
418,VQDM,6682,GenImage_test/VQDM/test/nature/ILSVRC2012_val_00011437.JPEG
418,VQDM,6683,GenImage_test/VQDM/test/ai/VQDM_1000_200_07_786_vqdm_00039.png
418,VQDM,6684,GenImage_test/VQDM/test/ai/VQDM_1000_200_07_703_vqdm_00143.png
418,VQDM,6685,GenImage_test/VQDM/test/nature/ILSVRC2012_val_00007873.JPEG
418,VQDM,6686,GenImage_test/VQDM/test/ai/VQDM_1000_200_04_411_vqdm_00127.png
418,VQDM,6687,GenImage_test/VQDM/test/nature/ILSVRC2012_val_00002629.JPEG
419,VQDM,6688,GenImage_test/VQDM/test/nature/ILSVRC2012_val_00041609.JPEG
419,VQDM,6689,GenImage_test/VQDM/test/ai/VQDM_1000_200_03_367_vqdm_00143.png
419,VQDM,6690,GenImage_test/VQDM/test/nature/ILSVRC2012_val_00039132.JPEG
419,VQDM,6691,GenImage_test/VQDM/test/nature/ILSVRC2012_val_00024513.JPEG
419,VQDM,6692,GenImage_test/VQDM/test/nature/ILSVRC2012_val_00035477.JPEG
419,VQDM,6693,GenImage_test/VQDM/test/nature/ILSVRC2012_val_00024710.JPEG
419,VQDM,6694,GenImage_test/VQDM/test/nature/ILSVRC2012_val_00017743.JPEG
419,VQDM,6695,GenImage_test/VQDM/test/ai/VQDM_1000_200_08_850_vqdm_00035.png
419,VQDM,6696,GenImage_test/VQDM/test/ai/VQDM_1000_200_07_760_vqdm_00039.png
419,VQDM,6697,GenImage_test/VQDM/test/ai/VQDM_1000_200_00_002_vqdm_00074.png
419,VQDM,6698,GenImage_test/VQDM/test/nature/ILSVRC2012_val_00035861.JPEG
419,VQDM,6699,GenImage_test/VQDM/test/nature/ILSVRC2012_val_00044283.JPEG
419,VQDM,6700,GenImage_test/VQDM/test/ai/VQDM_1000_200_02_264_vqdm_00074.png
419,VQDM,6701,GenImage_test/VQDM/test/nature/ILSVRC2012_val_00003711.JPEG
419,VQDM,6702,GenImage_test/VQDM/test/nature/ILSVRC2012_val_00031135.JPEG
419,VQDM,6703,GenImage_test/VQDM/test/ai/VQDM_1000_200_03_357_vqdm_00074.png
420,VQDM,6704,GenImage_test/VQDM/test/nature/ILSVRC2012_val_00044695.JPEG
420,VQDM,6705,GenImage_test/VQDM/test/nature/ILSVRC2012_val_00026861.JPEG
420,VQDM,6706,GenImage_test/VQDM/test/ai/VQDM_1000_200_09_958_vqdm_00074.png
420,VQDM,6707,GenImage_test/VQDM/test/ai/VQDM_1000_200_04_420_vqdm_00035.png
420,VQDM,6708,GenImage_test/VQDM/test/ai/VQDM_1000_200_00_074_vqdm_00039.png
420,VQDM,6709,GenImage_test/VQDM/test/nature/ILSVRC2012_val_00018556.JPEG
420,VQDM,6710,GenImage_test/VQDM/test/ai/VQDM_1000_200_07_754_vqdm_00127.png
420,VQDM,6711,GenImage_test/VQDM/test/nature/ILSVRC2012_val_00030552.JPEG
420,VQDM,6712,GenImage_test/VQDM/test/ai/VQDM_1000_200_01_143_vqdm_00039.png
420,VQDM,6713,GenImage_test/VQDM/test/ai/VQDM_1000_200_08_805_vqdm_00127.png
420,VQDM,6714,GenImage_test/VQDM/test/ai/VQDM_1000_200_00_000_vqdm_00127.png
420,VQDM,6715,GenImage_test/VQDM/test/nature/ILSVRC2012_val_00001034.JPEG
420,VQDM,6716,GenImage_test/VQDM/test/nature/ILSVRC2012_val_00033828.JPEG
420,VQDM,6717,GenImage_test/VQDM/test/ai/VQDM_1000_200_06_652_vqdm_00039.png
420,VQDM,6718,GenImage_test/VQDM/test/nature/ILSVRC2012_val_00030951.JPEG
420,VQDM,6719,GenImage_test/VQDM/test/nature/ILSVRC2012_val_00001612.JPEG
421,VQDM,6720,GenImage_test/VQDM/test/nature/ILSVRC2012_val_00005640.JPEG
421,VQDM,6721,GenImage_test/VQDM/test/ai/VQDM_1000_200_09_917_vqdm_00143.png
421,VQDM,6722,GenImage_test/VQDM/test/ai/VQDM_1000_200_04_440_vqdm_00035.png
421,VQDM,6723,GenImage_test/VQDM/test/nature/ILSVRC2012_val_00014679.JPEG
421,VQDM,6724,GenImage_test/VQDM/test/nature/ILSVRC2012_val_00030337.JPEG
421,VQDM,6725,GenImage_test/VQDM/test/nature/ILSVRC2012_val_00029552.JPEG
421,VQDM,6726,GenImage_test/VQDM/test/ai/VQDM_1000_200_08_865_vqdm_00039.png
421,VQDM,6727,GenImage_test/VQDM/test/ai/VQDM_1000_200_07_717_vqdm_00039.png
421,VQDM,6728,GenImage_test/VQDM/test/ai/VQDM_1000_200_06_682_vqdm_00074.png
421,VQDM,6729,GenImage_test/VQDM/test/ai/VQDM_1000_200_01_185_vqdm_00074.png
421,VQDM,6730,GenImage_test/VQDM/test/ai/VQDM_1000_200_05_526_vqdm_00127.png
421,VQDM,6731,GenImage_test/VQDM/test/ai/VQDM_1000_200_08_876_vqdm_00143.png
421,VQDM,6732,GenImage_test/VQDM/test/ai/VQDM_1000_200_09_926_vqdm_00127.png
421,VQDM,6733,GenImage_test/VQDM/test/ai/VQDM_1000_200_08_845_vqdm_00074.png
421,VQDM,6734,GenImage_test/VQDM/test/ai/VQDM_1000_200_08_842_vqdm_00020.png
421,VQDM,6735,GenImage_test/VQDM/test/ai/VQDM_1000_200_04_499_vqdm_00074.png
422,VQDM,6736,GenImage_test/VQDM/test/ai/VQDM_1000_200_07_759_vqdm_00020.png
422,VQDM,6737,GenImage_test/VQDM/test/ai/VQDM_1000_200_08_810_vqdm_00020.png
422,VQDM,6738,GenImage_test/VQDM/test/ai/VQDM_1000_200_00_054_vqdm_00039.png
422,VQDM,6739,GenImage_test/VQDM/test/ai/VQDM_1000_200_02_273_vqdm_00020.png
422,VQDM,6740,GenImage_test/VQDM/test/nature/ILSVRC2012_val_00019067.JPEG
422,VQDM,6741,GenImage_test/VQDM/test/nature/ILSVRC2012_val_00011251.JPEG
422,VQDM,6742,GenImage_test/VQDM/test/nature/ILSVRC2012_val_00018038.JPEG
422,VQDM,6743,GenImage_test/VQDM/test/nature/ILSVRC2012_val_00024971.JPEG
422,VQDM,6744,GenImage_test/VQDM/test/ai/VQDM_1000_200_03_341_vqdm_00020.png
422,VQDM,6745,GenImage_test/VQDM/test/ai/VQDM_1000_200_01_119_vqdm_00020.png
422,VQDM,6746,GenImage_test/VQDM/test/ai/VQDM_1000_200_00_099_vqdm_00039.png
422,VQDM,6747,GenImage_test/VQDM/test/nature/ILSVRC2012_val_00027508.JPEG
422,VQDM,6748,GenImage_test/VQDM/test/ai/VQDM_1000_200_06_670_vqdm_00039.png
422,VQDM,6749,GenImage_test/VQDM/test/ai/VQDM_1000_200_08_851_vqdm_00020.png
422,VQDM,6750,GenImage_test/VQDM/test/ai/VQDM_1000_200_02_279_vqdm_00074.png
422,VQDM,6751,GenImage_test/VQDM/test/nature/ILSVRC2012_val_00043997.JPEG
423,VQDM,6752,GenImage_test/VQDM/test/ai/VQDM_1000_200_07_736_vqdm_00127.png
423,VQDM,6753,GenImage_test/VQDM/test/nature/ILSVRC2012_val_00019129.JPEG
423,VQDM,6754,GenImage_test/VQDM/test/nature/ILSVRC2012_val_00006411.JPEG
423,VQDM,6755,GenImage_test/VQDM/test/nature/ILSVRC2012_val_00048047.JPEG
423,VQDM,6756,GenImage_test/VQDM/test/ai/VQDM_1000_200_03_376_vqdm_00074.png
423,VQDM,6757,GenImage_test/VQDM/test/ai/VQDM_1000_200_01_148_vqdm_00074.png
423,VQDM,6758,GenImage_test/VQDM/test/nature/ILSVRC2012_val_00031524.JPEG
423,VQDM,6759,GenImage_test/VQDM/test/ai/VQDM_1000_200_07_750_vqdm_00020.png
423,VQDM,6760,GenImage_test/VQDM/test/nature/ILSVRC2012_val_00004325.JPEG
423,VQDM,6761,GenImage_test/VQDM/test/ai/VQDM_1000_200_04_417_vqdm_00074.png
423,VQDM,6762,GenImage_test/VQDM/test/nature/ILSVRC2012_val_00046000.JPEG
423,VQDM,6763,GenImage_test/VQDM/test/nature/ILSVRC2012_val_00030446.JPEG
423,VQDM,6764,GenImage_test/VQDM/test/ai/VQDM_1000_200_09_946_vqdm_00020.png
423,VQDM,6765,GenImage_test/VQDM/test/nature/ILSVRC2012_val_00047867.JPEG
423,VQDM,6766,GenImage_test/VQDM/test/nature/ILSVRC2012_val_00045365.JPEG
423,VQDM,6767,GenImage_test/VQDM/test/ai/VQDM_1000_200_02_229_vqdm_00127.png
424,VQDM,6768,GenImage_test/VQDM/test/ai/VQDM_1000_200_03_365_vqdm_00074.png
424,VQDM,6769,GenImage_test/VQDM/test/ai/VQDM_1000_200_04_487_vqdm_00035.png
424,VQDM,6770,GenImage_test/VQDM/test/ai/VQDM_1000_200_06_675_vqdm_00035.png
424,VQDM,6771,GenImage_test/VQDM/test/ai/VQDM_1000_200_03_326_vqdm_00074.png
424,VQDM,6772,GenImage_test/VQDM/test/ai/VQDM_1000_200_01_178_vqdm_00143.png
424,VQDM,6773,GenImage_test/VQDM/test/ai/VQDM_1000_200_04_481_vqdm_00035.png
424,VQDM,6774,GenImage_test/VQDM/test/ai/VQDM_1000_200_07_730_vqdm_00074.png
424,VQDM,6775,GenImage_test/VQDM/test/nature/ILSVRC2012_val_00045015.JPEG
424,VQDM,6776,GenImage_test/VQDM/test/ai/VQDM_1000_200_07_775_vqdm_00143.png
424,VQDM,6777,GenImage_test/VQDM/test/nature/ILSVRC2012_val_00034480.JPEG
424,VQDM,6778,GenImage_test/VQDM/test/ai/VQDM_1000_200_04_412_vqdm_00074.png
424,VQDM,6779,GenImage_test/VQDM/test/ai/VQDM_1000_200_04_421_vqdm_00074.png
424,VQDM,6780,GenImage_test/VQDM/test/nature/ILSVRC2012_val_00043381.JPEG
424,VQDM,6781,GenImage_test/VQDM/test/nature/ILSVRC2012_val_00028691.JPEG
424,VQDM,6782,GenImage_test/VQDM/test/ai/VQDM_1000_200_05_555_vqdm_00127.png
424,VQDM,6783,GenImage_test/VQDM/test/nature/ILSVRC2012_val_00031559.JPEG
425,VQDM,6784,GenImage_test/VQDM/test/ai/VQDM_1000_200_01_155_vqdm_00127.png
425,VQDM,6785,GenImage_test/VQDM/test/nature/ILSVRC2012_val_00040367.JPEG
425,VQDM,6786,GenImage_test/VQDM/test/nature/ILSVRC2012_val_00037514.JPEG
425,VQDM,6787,GenImage_test/VQDM/test/ai/VQDM_1000_200_05_504_vqdm_00035.png
425,VQDM,6788,GenImage_test/VQDM/test/ai/VQDM_1000_200_05_540_vqdm_00035.png
425,VQDM,6789,GenImage_test/VQDM/test/ai/VQDM_1000_200_08_870_vqdm_00127.png
425,VQDM,6790,GenImage_test/VQDM/test/nature/ILSVRC2012_val_00030754.JPEG
425,VQDM,6791,GenImage_test/VQDM/test/ai/VQDM_1000_200_02_292_vqdm_00035.png
425,VQDM,6792,GenImage_test/VQDM/test/ai/VQDM_1000_200_02_249_vqdm_00020.png
425,VQDM,6793,GenImage_test/VQDM/test/nature/ILSVRC2012_val_00002172.JPEG
425,VQDM,6794,GenImage_test/VQDM/test/nature/ILSVRC2012_val_00031354.JPEG
425,VQDM,6795,GenImage_test/VQDM/test/nature/ILSVRC2012_val_00042673.JPEG
425,VQDM,6796,GenImage_test/VQDM/test/ai/VQDM_1000_200_03_351_vqdm_00020.png
425,VQDM,6797,GenImage_test/VQDM/test/ai/VQDM_1000_200_01_173_vqdm_00035.png
425,VQDM,6798,GenImage_test/VQDM/test/nature/ILSVRC2012_val_00014317.JPEG
425,VQDM,6799,GenImage_test/VQDM/test/ai/VQDM_1000_200_04_468_vqdm_00143.png
426,VQDM,6800,GenImage_test/VQDM/test/ai/VQDM_1000_200_07_757_vqdm_00020.png
426,VQDM,6801,GenImage_test/VQDM/test/ai/VQDM_1000_200_09_978_vqdm_00039.png
426,VQDM,6802,GenImage_test/VQDM/test/ai/VQDM_1000_200_07_727_vqdm_00127.png
426,VQDM,6803,GenImage_test/VQDM/test/nature/ILSVRC2012_val_00033866.JPEG
426,VQDM,6804,GenImage_test/VQDM/test/ai/VQDM_1000_200_07_705_vqdm_00020.png
426,VQDM,6805,GenImage_test/VQDM/test/nature/ILSVRC2012_val_00017069.JPEG
426,VQDM,6806,GenImage_test/VQDM/test/ai/VQDM_1000_200_06_628_vqdm_00035.png
426,VQDM,6807,GenImage_test/VQDM/test/nature/ILSVRC2012_val_00015902.JPEG
426,VQDM,6808,GenImage_test/VQDM/test/ai/VQDM_1000_200_04_488_vqdm_00074.png
426,VQDM,6809,GenImage_test/VQDM/test/nature/ILSVRC2012_val_00005468.JPEG
426,VQDM,6810,GenImage_test/VQDM/test/nature/ILSVRC2012_val_00023407.JPEG
426,VQDM,6811,GenImage_test/VQDM/test/nature/ILSVRC2012_val_00006900.JPEG
426,VQDM,6812,GenImage_test/VQDM/test/ai/VQDM_1000_200_07_716_vqdm_00035.png
426,VQDM,6813,GenImage_test/VQDM/test/nature/ILSVRC2012_val_00046644.JPEG
426,VQDM,6814,GenImage_test/VQDM/test/nature/ILSVRC2012_val_00024365.JPEG
426,VQDM,6815,GenImage_test/VQDM/test/nature/ILSVRC2012_val_00040414.JPEG
427,VQDM,6816,GenImage_test/VQDM/test/nature/ILSVRC2012_val_00018770.JPEG
427,VQDM,6817,GenImage_test/VQDM/test/ai/VQDM_1000_200_04_456_vqdm_00074.png
427,VQDM,6818,GenImage_test/VQDM/test/nature/ILSVRC2012_val_00046061.JPEG
427,VQDM,6819,GenImage_test/VQDM/test/ai/VQDM_1000_200_08_833_vqdm_00039.png
427,VQDM,6820,GenImage_test/VQDM/test/nature/ILSVRC2012_val_00019364.JPEG
427,VQDM,6821,GenImage_test/VQDM/test/nature/ILSVRC2012_val_00028694.JPEG
427,VQDM,6822,GenImage_test/VQDM/test/ai/VQDM_1000_200_00_085_vqdm_00035.png
427,VQDM,6823,GenImage_test/VQDM/test/nature/ILSVRC2012_val_00022177.JPEG
427,VQDM,6824,GenImage_test/VQDM/test/nature/ILSVRC2012_val_00029861.JPEG
427,VQDM,6825,GenImage_test/VQDM/test/nature/ILSVRC2012_val_00023592.JPEG
427,VQDM,6826,GenImage_test/VQDM/test/ai/VQDM_1000_200_04_489_vqdm_00127.png
427,VQDM,6827,GenImage_test/VQDM/test/nature/ILSVRC2012_val_00035211.JPEG
427,VQDM,6828,GenImage_test/VQDM/test/nature/ILSVRC2012_val_00030826.JPEG
427,VQDM,6829,GenImage_test/VQDM/test/ai/VQDM_1000_200_08_898_vqdm_00039.png
427,VQDM,6830,GenImage_test/VQDM/test/ai/VQDM_1000_200_08_807_vqdm_00020.png
427,VQDM,6831,GenImage_test/VQDM/test/nature/ILSVRC2012_val_00043657.JPEG
428,VQDM,6832,GenImage_test/VQDM/test/ai/VQDM_1000_200_09_944_vqdm_00039.png
428,VQDM,6833,GenImage_test/VQDM/test/ai/VQDM_1000_200_05_528_vqdm_00127.png
428,VQDM,6834,GenImage_test/VQDM/test/ai/VQDM_1000_200_04_465_vqdm_00074.png
428,VQDM,6835,GenImage_test/VQDM/test/nature/ILSVRC2012_val_00042103.JPEG
428,VQDM,6836,GenImage_test/VQDM/test/ai/VQDM_1000_200_05_567_vqdm_00020.png
428,VQDM,6837,GenImage_test/VQDM/test/nature/ILSVRC2012_val_00015430.JPEG
428,VQDM,6838,GenImage_test/VQDM/test/nature/ILSVRC2012_val_00036908.JPEG
428,VQDM,6839,GenImage_test/VQDM/test/nature/ILSVRC2012_val_00002560.JPEG
428,VQDM,6840,GenImage_test/VQDM/test/nature/ILSVRC2012_val_00037970.JPEG
428,VQDM,6841,GenImage_test/VQDM/test/nature/ILSVRC2012_val_00040916.JPEG
428,VQDM,6842,GenImage_test/VQDM/test/ai/VQDM_1000_200_07_739_vqdm_00039.png
428,VQDM,6843,GenImage_test/VQDM/test/ai/VQDM_1000_200_01_119_vqdm_00143.png
428,VQDM,6844,GenImage_test/VQDM/test/ai/VQDM_1000_200_09_931_vqdm_00039.png
428,VQDM,6845,GenImage_test/VQDM/test/ai/VQDM_1000_200_00_024_vqdm_00127.png
428,VQDM,6846,GenImage_test/VQDM/test/ai/VQDM_1000_200_08_802_vqdm_00127.png
428,VQDM,6847,GenImage_test/VQDM/test/ai/VQDM_1000_200_01_148_vqdm_00020.png
429,VQDM,6848,GenImage_test/VQDM/test/ai/VQDM_1000_200_04_492_vqdm_00020.png
429,VQDM,6849,GenImage_test/VQDM/test/ai/VQDM_1000_200_05_527_vqdm_00143.png
429,VQDM,6850,GenImage_test/VQDM/test/ai/VQDM_1000_200_09_970_vqdm_00039.png
429,VQDM,6851,GenImage_test/VQDM/test/nature/ILSVRC2012_val_00044592.JPEG
429,VQDM,6852,GenImage_test/VQDM/test/nature/ILSVRC2012_val_00021298.JPEG
429,VQDM,6853,GenImage_test/VQDM/test/nature/ILSVRC2012_val_00015483.JPEG
429,VQDM,6854,GenImage_test/VQDM/test/nature/ILSVRC2012_val_00011201.JPEG
429,VQDM,6855,GenImage_test/VQDM/test/ai/VQDM_1000_200_06_603_vqdm_00127.png
429,VQDM,6856,GenImage_test/VQDM/test/nature/ILSVRC2012_val_00007200.JPEG
429,VQDM,6857,GenImage_test/VQDM/test/ai/VQDM_1000_200_05_596_vqdm_00020.png
429,VQDM,6858,GenImage_test/VQDM/test/nature/ILSVRC2012_val_00013357.JPEG
429,VQDM,6859,GenImage_test/VQDM/test/ai/VQDM_1000_200_03_309_vqdm_00074.png
429,VQDM,6860,GenImage_test/VQDM/test/nature/ILSVRC2012_val_00012238.JPEG
429,VQDM,6861,GenImage_test/VQDM/test/ai/VQDM_1000_200_00_095_vqdm_00039.png
429,VQDM,6862,GenImage_test/VQDM/test/nature/ILSVRC2012_val_00034077.JPEG
429,VQDM,6863,GenImage_test/VQDM/test/ai/VQDM_1000_200_05_559_vqdm_00074.png
430,VQDM,6864,GenImage_test/VQDM/test/nature/ILSVRC2012_val_00048157.JPEG
430,VQDM,6865,GenImage_test/VQDM/test/nature/ILSVRC2012_val_00005140.JPEG
430,VQDM,6866,GenImage_test/VQDM/test/ai/VQDM_1000_200_02_266_vqdm_00143.png
430,VQDM,6867,GenImage_test/VQDM/test/nature/ILSVRC2012_val_00034184.JPEG
430,VQDM,6868,GenImage_test/VQDM/test/nature/ILSVRC2012_val_00010767.JPEG
430,VQDM,6869,GenImage_test/VQDM/test/ai/VQDM_1000_200_07_723_vqdm_00035.png
430,VQDM,6870,GenImage_test/VQDM/test/ai/VQDM_1000_200_07_763_vqdm_00143.png
430,VQDM,6871,GenImage_test/VQDM/test/nature/ILSVRC2012_val_00045562.JPEG
430,VQDM,6872,GenImage_test/VQDM/test/nature/ILSVRC2012_val_00025646.JPEG
430,VQDM,6873,GenImage_test/VQDM/test/nature/ILSVRC2012_val_00049073.JPEG
430,VQDM,6874,GenImage_test/VQDM/test/ai/VQDM_1000_200_02_201_vqdm_00127.png
430,VQDM,6875,GenImage_test/VQDM/test/nature/ILSVRC2012_val_00012647.JPEG
430,VQDM,6876,GenImage_test/VQDM/test/ai/VQDM_1000_200_08_867_vqdm_00035.png
430,VQDM,6877,GenImage_test/VQDM/test/ai/VQDM_1000_200_09_968_vqdm_00127.png
430,VQDM,6878,GenImage_test/VQDM/test/nature/ILSVRC2012_val_00046159.JPEG
430,VQDM,6879,GenImage_test/VQDM/test/nature/ILSVRC2012_val_00006816.JPEG
431,VQDM,6880,GenImage_test/VQDM/test/nature/ILSVRC2012_val_00003937.JPEG
431,VQDM,6881,GenImage_test/VQDM/test/nature/ILSVRC2012_val_00039616.JPEG
431,VQDM,6882,GenImage_test/VQDM/test/nature/ILSVRC2012_val_00045146.JPEG
431,VQDM,6883,GenImage_test/VQDM/test/nature/ILSVRC2012_val_00041116.JPEG
431,VQDM,6884,GenImage_test/VQDM/test/ai/VQDM_1000_200_01_163_vqdm_00020.png
431,VQDM,6885,GenImage_test/VQDM/test/nature/ILSVRC2012_val_00010466.JPEG
431,VQDM,6886,GenImage_test/VQDM/test/ai/VQDM_1000_200_00_064_vqdm_00039.png
431,VQDM,6887,GenImage_test/VQDM/test/ai/VQDM_1000_200_03_308_vqdm_00020.png
431,VQDM,6888,GenImage_test/VQDM/test/ai/VQDM_1000_200_05_513_vqdm_00074.png
431,VQDM,6889,GenImage_test/VQDM/test/ai/VQDM_1000_200_05_551_vqdm_00074.png
431,VQDM,6890,GenImage_test/VQDM/test/ai/VQDM_1000_200_00_022_vqdm_00143.png
431,VQDM,6891,GenImage_test/VQDM/test/ai/VQDM_1000_200_00_067_vqdm_00020.png
431,VQDM,6892,GenImage_test/VQDM/test/nature/ILSVRC2012_val_00025374.JPEG
431,VQDM,6893,GenImage_test/VQDM/test/ai/VQDM_1000_200_00_097_vqdm_00039.png
431,VQDM,6894,GenImage_test/VQDM/test/nature/ILSVRC2012_val_00008101.JPEG
431,VQDM,6895,GenImage_test/VQDM/test/ai/VQDM_1000_200_00_088_vqdm_00074.png
432,VQDM,6896,GenImage_test/VQDM/test/ai/VQDM_1000_200_04_423_vqdm_00127.png
432,VQDM,6897,GenImage_test/VQDM/test/nature/ILSVRC2012_val_00016398.JPEG
432,VQDM,6898,GenImage_test/VQDM/test/nature/ILSVRC2012_val_00004879.JPEG
432,VQDM,6899,GenImage_test/VQDM/test/ai/VQDM_1000_200_01_120_vqdm_00143.png
432,VQDM,6900,GenImage_test/VQDM/test/nature/ILSVRC2012_val_00010587.JPEG
432,VQDM,6901,GenImage_test/VQDM/test/ai/VQDM_1000_200_07_789_vqdm_00020.png
432,VQDM,6902,GenImage_test/VQDM/test/ai/VQDM_1000_200_05_553_vqdm_00143.png
432,VQDM,6903,GenImage_test/VQDM/test/ai/VQDM_1000_200_01_154_vqdm_00020.png
432,VQDM,6904,GenImage_test/VQDM/test/ai/VQDM_1000_200_09_985_vqdm_00039.png
432,VQDM,6905,GenImage_test/VQDM/test/nature/ILSVRC2012_val_00017237.JPEG
432,VQDM,6906,GenImage_test/VQDM/test/nature/ILSVRC2012_val_00032678.JPEG
432,VQDM,6907,GenImage_test/VQDM/test/ai/VQDM_1000_200_09_981_vqdm_00020.png
432,VQDM,6908,GenImage_test/VQDM/test/nature/ILSVRC2012_val_00009434.JPEG
432,VQDM,6909,GenImage_test/VQDM/test/nature/ILSVRC2012_val_00021671.JPEG
432,VQDM,6910,GenImage_test/VQDM/test/ai/VQDM_1000_200_08_831_vqdm_00074.png
432,VQDM,6911,GenImage_test/VQDM/test/nature/ILSVRC2012_val_00028214.JPEG
433,VQDM,6912,GenImage_test/VQDM/test/nature/ILSVRC2012_val_00044682.JPEG
433,VQDM,6913,GenImage_test/VQDM/test/ai/VQDM_1000_200_08_810_vqdm_00039.png
433,VQDM,6914,GenImage_test/VQDM/test/nature/ILSVRC2012_val_00047755.JPEG
433,VQDM,6915,GenImage_test/VQDM/test/ai/VQDM_1000_200_06_623_vqdm_00039.png
433,VQDM,6916,GenImage_test/VQDM/test/ai/VQDM_1000_200_00_077_vqdm_00035.png
433,VQDM,6917,GenImage_test/VQDM/test/ai/VQDM_1000_200_07_709_vqdm_00127.png
433,VQDM,6918,GenImage_test/VQDM/test/ai/VQDM_1000_200_04_488_vqdm_00127.png
433,VQDM,6919,GenImage_test/VQDM/test/nature/ILSVRC2012_val_00004904.JPEG
433,VQDM,6920,GenImage_test/VQDM/test/ai/VQDM_1000_200_04_488_vqdm_00020.png
433,VQDM,6921,GenImage_test/VQDM/test/ai/VQDM_1000_200_05_558_vqdm_00127.png
433,VQDM,6922,GenImage_test/VQDM/test/ai/VQDM_1000_200_06_684_vqdm_00127.png
433,VQDM,6923,GenImage_test/VQDM/test/ai/VQDM_1000_200_06_691_vqdm_00074.png
433,VQDM,6924,GenImage_test/VQDM/test/ai/VQDM_1000_200_03_366_vqdm_00074.png
433,VQDM,6925,GenImage_test/VQDM/test/ai/VQDM_1000_200_03_384_vqdm_00143.png
433,VQDM,6926,GenImage_test/VQDM/test/nature/ILSVRC2012_val_00024838.JPEG
433,VQDM,6927,GenImage_test/VQDM/test/ai/VQDM_1000_200_03_350_vqdm_00074.png
434,VQDM,6928,GenImage_test/VQDM/test/ai/VQDM_1000_200_08_824_vqdm_00020.png
434,VQDM,6929,GenImage_test/VQDM/test/nature/ILSVRC2012_val_00047887.JPEG
434,VQDM,6930,GenImage_test/VQDM/test/nature/ILSVRC2012_val_00026240.JPEG
434,VQDM,6931,GenImage_test/VQDM/test/nature/ILSVRC2012_val_00031767.JPEG
434,VQDM,6932,GenImage_test/VQDM/test/nature/ILSVRC2012_val_00033647.JPEG
434,VQDM,6933,GenImage_test/VQDM/test/ai/VQDM_1000_200_01_159_vqdm_00074.png
434,VQDM,6934,GenImage_test/VQDM/test/nature/ILSVRC2012_val_00033317.JPEG
434,VQDM,6935,GenImage_test/VQDM/test/nature/ILSVRC2012_val_00009067.JPEG
434,VQDM,6936,GenImage_test/VQDM/test/ai/VQDM_1000_200_02_217_vqdm_00127.png
434,VQDM,6937,GenImage_test/VQDM/test/nature/ILSVRC2012_val_00043276.JPEG
434,VQDM,6938,GenImage_test/VQDM/test/ai/VQDM_1000_200_02_298_vqdm_00143.png
434,VQDM,6939,GenImage_test/VQDM/test/nature/ILSVRC2012_val_00002773.JPEG
434,VQDM,6940,GenImage_test/VQDM/test/ai/VQDM_1000_200_08_817_vqdm_00143.png
434,VQDM,6941,GenImage_test/VQDM/test/ai/VQDM_1000_200_03_324_vqdm_00074.png
434,VQDM,6942,GenImage_test/VQDM/test/nature/ILSVRC2012_val_00019200.JPEG
434,VQDM,6943,GenImage_test/VQDM/test/ai/VQDM_1000_200_05_598_vqdm_00143.png
435,VQDM,6944,GenImage_test/VQDM/test/nature/ILSVRC2012_val_00004415.JPEG
435,VQDM,6945,GenImage_test/VQDM/test/ai/VQDM_1000_200_06_625_vqdm_00039.png
435,VQDM,6946,GenImage_test/VQDM/test/ai/VQDM_1000_200_03_383_vqdm_00020.png
435,VQDM,6947,GenImage_test/VQDM/test/nature/ILSVRC2012_val_00040095.JPEG
435,VQDM,6948,GenImage_test/VQDM/test/ai/VQDM_1000_200_08_855_vqdm_00074.png
435,VQDM,6949,GenImage_test/VQDM/test/ai/VQDM_1000_200_05_519_vqdm_00074.png
435,VQDM,6950,GenImage_test/VQDM/test/nature/ILSVRC2012_val_00003209.JPEG
435,VQDM,6951,GenImage_test/VQDM/test/ai/VQDM_1000_200_01_130_vqdm_00143.png
435,VQDM,6952,GenImage_test/VQDM/test/ai/VQDM_1000_200_05_547_vqdm_00074.png
435,VQDM,6953,GenImage_test/VQDM/test/ai/VQDM_1000_200_09_965_vqdm_00143.png
435,VQDM,6954,GenImage_test/VQDM/test/nature/ILSVRC2012_val_00029211.JPEG
435,VQDM,6955,GenImage_test/VQDM/test/nature/ILSVRC2012_val_00026993.JPEG
435,VQDM,6956,GenImage_test/VQDM/test/ai/VQDM_1000_200_04_458_vqdm_00035.png
435,VQDM,6957,GenImage_test/VQDM/test/nature/ILSVRC2012_val_00010172.JPEG
435,VQDM,6958,GenImage_test/VQDM/test/nature/ILSVRC2012_val_00013175.JPEG
435,VQDM,6959,GenImage_test/VQDM/test/nature/ILSVRC2012_val_00002120.JPEG
436,VQDM,6960,GenImage_test/VQDM/test/nature/ILSVRC2012_val_00003188.JPEG
436,VQDM,6961,GenImage_test/VQDM/test/nature/ILSVRC2012_val_00018670.JPEG
436,VQDM,6962,GenImage_test/VQDM/test/ai/VQDM_1000_200_07_756_vqdm_00035.png
436,VQDM,6963,GenImage_test/VQDM/test/ai/VQDM_1000_200_02_274_vqdm_00143.png
436,VQDM,6964,GenImage_test/VQDM/test/ai/VQDM_1000_200_09_990_vqdm_00074.png
436,VQDM,6965,GenImage_test/VQDM/test/ai/VQDM_1000_200_05_594_vqdm_00039.png
436,VQDM,6966,GenImage_test/VQDM/test/nature/ILSVRC2012_val_00013805.JPEG
436,VQDM,6967,GenImage_test/VQDM/test/nature/ILSVRC2012_val_00035099.JPEG
436,VQDM,6968,GenImage_test/VQDM/test/ai/VQDM_1000_200_00_016_vqdm_00039.png
436,VQDM,6969,GenImage_test/VQDM/test/nature/ILSVRC2012_val_00043273.JPEG
436,VQDM,6970,GenImage_test/VQDM/test/nature/ILSVRC2012_val_00020526.JPEG
436,VQDM,6971,GenImage_test/VQDM/test/ai/VQDM_1000_200_09_910_vqdm_00074.png
436,VQDM,6972,GenImage_test/VQDM/test/ai/VQDM_1000_200_06_660_vqdm_00035.png
436,VQDM,6973,GenImage_test/VQDM/test/nature/ILSVRC2012_val_00000928.JPEG
436,VQDM,6974,GenImage_test/VQDM/test/nature/ILSVRC2012_val_00031572.JPEG
436,VQDM,6975,GenImage_test/VQDM/test/nature/ILSVRC2012_val_00006690.JPEG
437,VQDM,6976,GenImage_test/VQDM/test/ai/VQDM_1000_200_01_170_vqdm_00143.png
437,VQDM,6977,GenImage_test/VQDM/test/ai/VQDM_1000_200_02_270_vqdm_00039.png
437,VQDM,6978,GenImage_test/VQDM/test/nature/ILSVRC2012_val_00047142.JPEG
437,VQDM,6979,GenImage_test/VQDM/test/ai/VQDM_1000_200_00_016_vqdm_00143.png
437,VQDM,6980,GenImage_test/VQDM/test/ai/VQDM_1000_200_08_896_vqdm_00039.png
437,VQDM,6981,GenImage_test/VQDM/test/nature/ILSVRC2012_val_00038981.JPEG
437,VQDM,6982,GenImage_test/VQDM/test/ai/VQDM_1000_200_04_496_vqdm_00127.png
437,VQDM,6983,GenImage_test/VQDM/test/nature/ILSVRC2012_val_00015565.JPEG
437,VQDM,6984,GenImage_test/VQDM/test/ai/VQDM_1000_200_06_646_vqdm_00039.png
437,VQDM,6985,GenImage_test/VQDM/test/ai/VQDM_1000_200_03_351_vqdm_00074.png
437,VQDM,6986,GenImage_test/VQDM/test/ai/VQDM_1000_200_00_036_vqdm_00035.png
437,VQDM,6987,GenImage_test/VQDM/test/nature/ILSVRC2012_val_00013875.JPEG
437,VQDM,6988,GenImage_test/VQDM/test/nature/ILSVRC2012_val_00034603.JPEG
437,VQDM,6989,GenImage_test/VQDM/test/nature/ILSVRC2012_val_00036054.JPEG
437,VQDM,6990,GenImage_test/VQDM/test/nature/ILSVRC2012_val_00029170.JPEG
437,VQDM,6991,GenImage_test/VQDM/test/nature/ILSVRC2012_val_00002210.JPEG
438,VQDM,6992,GenImage_test/VQDM/test/ai/VQDM_1000_200_07_786_vqdm_00127.png
438,VQDM,6993,GenImage_test/VQDM/test/nature/ILSVRC2012_val_00017062.JPEG
438,VQDM,6994,GenImage_test/VQDM/test/ai/VQDM_1000_200_02_263_vqdm_00074.png
438,VQDM,6995,GenImage_test/VQDM/test/nature/ILSVRC2012_val_00002203.JPEG
438,VQDM,6996,GenImage_test/VQDM/test/nature/ILSVRC2012_val_00014462.JPEG
438,VQDM,6997,GenImage_test/VQDM/test/nature/ILSVRC2012_val_00023553.JPEG
438,VQDM,6998,GenImage_test/VQDM/test/nature/ILSVRC2012_val_00043331.JPEG
438,VQDM,6999,GenImage_test/VQDM/test/nature/ILSVRC2012_val_00036103.JPEG
438,VQDM,7000,GenImage_test/VQDM/test/ai/VQDM_1000_200_02_230_vqdm_00039.png
438,VQDM,7001,GenImage_test/VQDM/test/nature/ILSVRC2012_val_00005304.JPEG
438,VQDM,7002,GenImage_test/VQDM/test/nature/ILSVRC2012_val_00013342.JPEG
438,VQDM,7003,GenImage_test/VQDM/test/ai/VQDM_1000_200_05_550_vqdm_00074.png
438,VQDM,7004,GenImage_test/VQDM/test/nature/ILSVRC2012_val_00015389.JPEG
438,VQDM,7005,GenImage_test/VQDM/test/nature/ILSVRC2012_val_00048689.JPEG
438,VQDM,7006,GenImage_test/VQDM/test/nature/ILSVRC2012_val_00011134.JPEG
438,VQDM,7007,GenImage_test/VQDM/test/ai/VQDM_1000_200_01_109_vqdm_00074.png
439,VQDM,7008,GenImage_test/VQDM/test/ai/VQDM_1000_200_01_149_vqdm_00039.png
439,VQDM,7009,GenImage_test/VQDM/test/ai/VQDM_1000_200_07_785_vqdm_00127.png
439,VQDM,7010,GenImage_test/VQDM/test/nature/ILSVRC2012_val_00039009.JPEG
439,VQDM,7011,GenImage_test/VQDM/test/ai/VQDM_1000_200_09_967_vqdm_00035.png
439,VQDM,7012,GenImage_test/VQDM/test/nature/ILSVRC2012_val_00031256.JPEG
439,VQDM,7013,GenImage_test/VQDM/test/nature/ILSVRC2012_val_00043566.JPEG
439,VQDM,7014,GenImage_test/VQDM/test/nature/ILSVRC2012_val_00010180.JPEG
439,VQDM,7015,GenImage_test/VQDM/test/ai/VQDM_1000_200_01_123_vqdm_00039.png
439,VQDM,7016,GenImage_test/VQDM/test/nature/ILSVRC2012_val_00022089.JPEG
439,VQDM,7017,GenImage_test/VQDM/test/nature/ILSVRC2012_val_00048745.JPEG
439,VQDM,7018,GenImage_test/VQDM/test/nature/ILSVRC2012_val_00008666.JPEG
439,VQDM,7019,GenImage_test/VQDM/test/ai/VQDM_1000_200_06_668_vqdm_00127.png
439,VQDM,7020,GenImage_test/VQDM/test/ai/VQDM_1000_200_01_131_vqdm_00039.png
439,VQDM,7021,GenImage_test/VQDM/test/nature/ILSVRC2012_val_00022038.JPEG
439,VQDM,7022,GenImage_test/VQDM/test/nature/ILSVRC2012_val_00049414.JPEG
439,VQDM,7023,GenImage_test/VQDM/test/nature/ILSVRC2012_val_00049179.JPEG
440,VQDM,7024,GenImage_test/VQDM/test/nature/ILSVRC2012_val_00018376.JPEG
440,VQDM,7025,GenImage_test/VQDM/test/nature/ILSVRC2012_val_00040593.JPEG
440,VQDM,7026,GenImage_test/VQDM/test/ai/VQDM_1000_200_05_523_vqdm_00074.png
440,VQDM,7027,GenImage_test/VQDM/test/nature/ILSVRC2012_val_00031849.JPEG
440,VQDM,7028,GenImage_test/VQDM/test/ai/VQDM_1000_200_05_501_vqdm_00074.png
440,VQDM,7029,GenImage_test/VQDM/test/ai/VQDM_1000_200_01_102_vqdm_00039.png
440,VQDM,7030,GenImage_test/VQDM/test/ai/VQDM_1000_200_09_906_vqdm_00035.png
440,VQDM,7031,GenImage_test/VQDM/test/ai/VQDM_1000_200_03_386_vqdm_00074.png
440,VQDM,7032,GenImage_test/VQDM/test/nature/ILSVRC2012_val_00017370.JPEG
440,VQDM,7033,GenImage_test/VQDM/test/ai/VQDM_1000_200_06_661_vqdm_00039.png
440,VQDM,7034,GenImage_test/VQDM/test/ai/VQDM_1000_200_09_915_vqdm_00039.png
440,VQDM,7035,GenImage_test/VQDM/test/ai/VQDM_1000_200_03_358_vqdm_00020.png
440,VQDM,7036,GenImage_test/VQDM/test/ai/VQDM_1000_200_07_761_vqdm_00127.png
440,VQDM,7037,GenImage_test/VQDM/test/ai/VQDM_1000_200_01_105_vqdm_00074.png
440,VQDM,7038,GenImage_test/VQDM/test/nature/ILSVRC2012_val_00028425.JPEG
440,VQDM,7039,GenImage_test/VQDM/test/ai/VQDM_1000_200_03_342_vqdm_00035.png
441,VQDM,7040,GenImage_test/VQDM/test/nature/ILSVRC2012_val_00037403.JPEG
441,VQDM,7041,GenImage_test/VQDM/test/nature/ILSVRC2012_val_00009519.JPEG
441,VQDM,7042,GenImage_test/VQDM/test/nature/ILSVRC2012_val_00016138.JPEG
441,VQDM,7043,GenImage_test/VQDM/test/nature/ILSVRC2012_val_00035599.JPEG
441,VQDM,7044,GenImage_test/VQDM/test/nature/ILSVRC2012_val_00020060.JPEG
441,VQDM,7045,GenImage_test/VQDM/test/nature/ILSVRC2012_val_00030917.JPEG
441,VQDM,7046,GenImage_test/VQDM/test/nature/ILSVRC2012_val_00027314.JPEG
441,VQDM,7047,GenImage_test/VQDM/test/ai/VQDM_1000_200_05_531_vqdm_00020.png
441,VQDM,7048,GenImage_test/VQDM/test/nature/ILSVRC2012_val_00023745.JPEG
441,VQDM,7049,GenImage_test/VQDM/test/ai/VQDM_1000_200_08_892_vqdm_00020.png
441,VQDM,7050,GenImage_test/VQDM/test/ai/VQDM_1000_200_07_713_vqdm_00127.png
441,VQDM,7051,GenImage_test/VQDM/test/nature/ILSVRC2012_val_00008110.JPEG
441,VQDM,7052,GenImage_test/VQDM/test/ai/VQDM_1000_200_00_070_vqdm_00127.png
441,VQDM,7053,GenImage_test/VQDM/test/nature/ILSVRC2012_val_00030821.JPEG
441,VQDM,7054,GenImage_test/VQDM/test/ai/VQDM_1000_200_09_993_vqdm_00020.png
441,VQDM,7055,GenImage_test/VQDM/test/nature/ILSVRC2012_val_00041106.JPEG
442,VQDM,7056,GenImage_test/VQDM/test/nature/ILSVRC2012_val_00000463.JPEG
442,VQDM,7057,GenImage_test/VQDM/test/ai/VQDM_1000_200_00_062_vqdm_00039.png
442,VQDM,7058,GenImage_test/VQDM/test/nature/ILSVRC2012_val_00015209.JPEG
442,VQDM,7059,GenImage_test/VQDM/test/nature/ILSVRC2012_val_00020779.JPEG
442,VQDM,7060,GenImage_test/VQDM/test/nature/ILSVRC2012_val_00038843.JPEG
442,VQDM,7061,GenImage_test/VQDM/test/nature/ILSVRC2012_val_00028654.JPEG
442,VQDM,7062,GenImage_test/VQDM/test/ai/VQDM_1000_200_05_509_vqdm_00039.png
442,VQDM,7063,GenImage_test/VQDM/test/nature/ILSVRC2012_val_00001565.JPEG
442,VQDM,7064,GenImage_test/VQDM/test/nature/ILSVRC2012_val_00024100.JPEG
442,VQDM,7065,GenImage_test/VQDM/test/nature/ILSVRC2012_val_00018111.JPEG
442,VQDM,7066,GenImage_test/VQDM/test/ai/VQDM_1000_200_05_508_vqdm_00020.png
442,VQDM,7067,GenImage_test/VQDM/test/nature/ILSVRC2012_val_00021631.JPEG
442,VQDM,7068,GenImage_test/VQDM/test/nature/ILSVRC2012_val_00007561.JPEG
442,VQDM,7069,GenImage_test/VQDM/test/nature/ILSVRC2012_val_00025010.JPEG
442,VQDM,7070,GenImage_test/VQDM/test/ai/VQDM_1000_200_07_770_vqdm_00020.png
442,VQDM,7071,GenImage_test/VQDM/test/nature/ILSVRC2012_val_00030670.JPEG
443,VQDM,7072,GenImage_test/VQDM/test/nature/ILSVRC2012_val_00031741.JPEG
443,VQDM,7073,GenImage_test/VQDM/test/ai/VQDM_1000_200_03_394_vqdm_00143.png
443,VQDM,7074,GenImage_test/VQDM/test/nature/ILSVRC2012_val_00040572.JPEG
443,VQDM,7075,GenImage_test/VQDM/test/ai/VQDM_1000_200_03_363_vqdm_00127.png
443,VQDM,7076,GenImage_test/VQDM/test/ai/VQDM_1000_200_09_971_vqdm_00074.png
443,VQDM,7077,GenImage_test/VQDM/test/ai/VQDM_1000_200_06_666_vqdm_00127.png
443,VQDM,7078,GenImage_test/VQDM/test/ai/VQDM_1000_200_01_164_vqdm_00074.png
443,VQDM,7079,GenImage_test/VQDM/test/ai/VQDM_1000_200_04_477_vqdm_00074.png
443,VQDM,7080,GenImage_test/VQDM/test/ai/VQDM_1000_200_05_537_vqdm_00074.png
443,VQDM,7081,GenImage_test/VQDM/test/ai/VQDM_1000_200_00_060_vqdm_00127.png
443,VQDM,7082,GenImage_test/VQDM/test/nature/ILSVRC2012_val_00000867.JPEG
443,VQDM,7083,GenImage_test/VQDM/test/nature/ILSVRC2012_val_00015336.JPEG
443,VQDM,7084,GenImage_test/VQDM/test/ai/VQDM_1000_200_00_091_vqdm_00127.png
443,VQDM,7085,GenImage_test/VQDM/test/ai/VQDM_1000_200_06_612_vqdm_00039.png
443,VQDM,7086,GenImage_test/VQDM/test/nature/ILSVRC2012_val_00003195.JPEG
443,VQDM,7087,GenImage_test/VQDM/test/nature/ILSVRC2012_val_00044643.JPEG
444,VQDM,7088,GenImage_test/VQDM/test/nature/ILSVRC2012_val_00018508.JPEG
444,VQDM,7089,GenImage_test/VQDM/test/nature/ILSVRC2012_val_00023036.JPEG
444,VQDM,7090,GenImage_test/VQDM/test/nature/ILSVRC2012_val_00045605.JPEG
444,VQDM,7091,GenImage_test/VQDM/test/nature/ILSVRC2012_val_00014854.JPEG
444,VQDM,7092,GenImage_test/VQDM/test/nature/ILSVRC2012_val_00033291.JPEG
444,VQDM,7093,GenImage_test/VQDM/test/nature/ILSVRC2012_val_00029725.JPEG
444,VQDM,7094,GenImage_test/VQDM/test/ai/VQDM_1000_200_08_845_vqdm_00035.png
444,VQDM,7095,GenImage_test/VQDM/test/ai/VQDM_1000_200_01_185_vqdm_00035.png
444,VQDM,7096,GenImage_test/VQDM/test/nature/ILSVRC2012_val_00042184.JPEG
444,VQDM,7097,GenImage_test/VQDM/test/nature/ILSVRC2012_val_00017280.JPEG
444,VQDM,7098,GenImage_test/VQDM/test/nature/ILSVRC2012_val_00025235.JPEG
444,VQDM,7099,GenImage_test/VQDM/test/nature/ILSVRC2012_val_00017677.JPEG
444,VQDM,7100,GenImage_test/VQDM/test/ai/VQDM_1000_200_02_276_vqdm_00020.png
444,VQDM,7101,GenImage_test/VQDM/test/ai/VQDM_1000_200_02_237_vqdm_00143.png
444,VQDM,7102,GenImage_test/VQDM/test/nature/ILSVRC2012_val_00045790.JPEG
444,VQDM,7103,GenImage_test/VQDM/test/ai/VQDM_1000_200_08_885_vqdm_00074.png
445,VQDM,7104,GenImage_test/VQDM/test/nature/ILSVRC2012_val_00024754.JPEG
445,VQDM,7105,GenImage_test/VQDM/test/ai/VQDM_1000_200_04_473_vqdm_00074.png
445,VQDM,7106,GenImage_test/VQDM/test/ai/VQDM_1000_200_08_834_vqdm_00020.png
445,VQDM,7107,GenImage_test/VQDM/test/nature/ILSVRC2012_val_00002847.JPEG
445,VQDM,7108,GenImage_test/VQDM/test/ai/VQDM_1000_200_04_446_vqdm_00039.png
445,VQDM,7109,GenImage_test/VQDM/test/ai/VQDM_1000_200_01_156_vqdm_00039.png
445,VQDM,7110,GenImage_test/VQDM/test/ai/VQDM_1000_200_00_059_vqdm_00035.png
445,VQDM,7111,GenImage_test/VQDM/test/nature/ILSVRC2012_val_00002549.JPEG
445,VQDM,7112,GenImage_test/VQDM/test/nature/ILSVRC2012_val_00021934.JPEG
445,VQDM,7113,GenImage_test/VQDM/test/nature/ILSVRC2012_val_00011455.JPEG
445,VQDM,7114,GenImage_test/VQDM/test/ai/VQDM_1000_200_01_105_vqdm_00020.png
445,VQDM,7115,GenImage_test/VQDM/test/ai/VQDM_1000_200_00_039_vqdm_00035.png
445,VQDM,7116,GenImage_test/VQDM/test/ai/VQDM_1000_200_06_651_vqdm_00127.png
445,VQDM,7117,GenImage_test/VQDM/test/nature/ILSVRC2012_val_00018514.JPEG
445,VQDM,7118,GenImage_test/VQDM/test/ai/VQDM_1000_200_05_597_vqdm_00039.png
445,VQDM,7119,GenImage_test/VQDM/test/nature/ILSVRC2012_val_00043951.JPEG
446,VQDM,7120,GenImage_test/VQDM/test/nature/ILSVRC2012_val_00001625.JPEG
446,VQDM,7121,GenImage_test/VQDM/test/ai/VQDM_1000_200_03_310_vqdm_00143.png
446,VQDM,7122,GenImage_test/VQDM/test/nature/ILSVRC2012_val_00002134.JPEG
446,VQDM,7123,GenImage_test/VQDM/test/ai/VQDM_1000_200_02_253_vqdm_00074.png
446,VQDM,7124,GenImage_test/VQDM/test/nature/ILSVRC2012_val_00016092.JPEG
446,VQDM,7125,GenImage_test/VQDM/test/ai/VQDM_1000_200_06_687_vqdm_00020.png
446,VQDM,7126,GenImage_test/VQDM/test/ai/VQDM_1000_200_08_818_vqdm_00020.png
446,VQDM,7127,GenImage_test/VQDM/test/ai/VQDM_1000_200_03_310_vqdm_00039.png
446,VQDM,7128,GenImage_test/VQDM/test/nature/ILSVRC2012_val_00006114.JPEG
446,VQDM,7129,GenImage_test/VQDM/test/nature/ILSVRC2012_val_00030965.JPEG
446,VQDM,7130,GenImage_test/VQDM/test/nature/ILSVRC2012_val_00034630.JPEG
446,VQDM,7131,GenImage_test/VQDM/test/nature/ILSVRC2012_val_00033363.JPEG
446,VQDM,7132,GenImage_test/VQDM/test/nature/ILSVRC2012_val_00039960.JPEG
446,VQDM,7133,GenImage_test/VQDM/test/ai/VQDM_1000_200_00_047_vqdm_00074.png
446,VQDM,7134,GenImage_test/VQDM/test/nature/ILSVRC2012_val_00048967.JPEG
446,VQDM,7135,GenImage_test/VQDM/test/ai/VQDM_1000_200_07_772_vqdm_00035.png
447,VQDM,7136,GenImage_test/VQDM/test/ai/VQDM_1000_200_06_680_vqdm_00074.png
447,VQDM,7137,GenImage_test/VQDM/test/ai/VQDM_1000_200_05_568_vqdm_00074.png
447,VQDM,7138,GenImage_test/VQDM/test/nature/ILSVRC2012_val_00037838.JPEG
447,VQDM,7139,GenImage_test/VQDM/test/nature/ILSVRC2012_val_00033305.JPEG
447,VQDM,7140,GenImage_test/VQDM/test/nature/ILSVRC2012_val_00035710.JPEG
447,VQDM,7141,GenImage_test/VQDM/test/ai/VQDM_1000_200_05_571_vqdm_00035.png
447,VQDM,7142,GenImage_test/VQDM/test/ai/VQDM_1000_200_01_129_vqdm_00127.png
447,VQDM,7143,GenImage_test/VQDM/test/nature/ILSVRC2012_val_00003691.JPEG
447,VQDM,7144,GenImage_test/VQDM/test/nature/ILSVRC2012_val_00028648.JPEG
447,VQDM,7145,GenImage_test/VQDM/test/nature/ILSVRC2012_val_00026846.JPEG
447,VQDM,7146,GenImage_test/VQDM/test/ai/VQDM_1000_200_09_966_vqdm_00074.png
447,VQDM,7147,GenImage_test/VQDM/test/nature/ILSVRC2012_val_00031782.JPEG
447,VQDM,7148,GenImage_test/VQDM/test/nature/ILSVRC2012_val_00019928.JPEG
447,VQDM,7149,GenImage_test/VQDM/test/nature/ILSVRC2012_val_00005785.JPEG
447,VQDM,7150,GenImage_test/VQDM/test/ai/VQDM_1000_200_01_128_vqdm_00143.png
447,VQDM,7151,GenImage_test/VQDM/test/ai/VQDM_1000_200_00_040_vqdm_00127.png
448,VQDM,7152,GenImage_test/VQDM/test/nature/ILSVRC2012_val_00010152.JPEG
448,VQDM,7153,GenImage_test/VQDM/test/nature/ILSVRC2012_val_00018467.JPEG
448,VQDM,7154,GenImage_test/VQDM/test/nature/ILSVRC2012_val_00031070.JPEG
448,VQDM,7155,GenImage_test/VQDM/test/ai/VQDM_1000_200_01_141_vqdm_00039.png
448,VQDM,7156,GenImage_test/VQDM/test/nature/ILSVRC2012_val_00046161.JPEG
448,VQDM,7157,GenImage_test/VQDM/test/ai/VQDM_1000_200_00_073_vqdm_00074.png
448,VQDM,7158,GenImage_test/VQDM/test/ai/VQDM_1000_200_07_724_vqdm_00127.png
448,VQDM,7159,GenImage_test/VQDM/test/ai/VQDM_1000_200_09_991_vqdm_00143.png
448,VQDM,7160,GenImage_test/VQDM/test/nature/ILSVRC2012_val_00026439.JPEG
448,VQDM,7161,GenImage_test/VQDM/test/ai/VQDM_1000_200_03_344_vqdm_00020.png
448,VQDM,7162,GenImage_test/VQDM/test/ai/VQDM_1000_200_02_262_vqdm_00127.png
448,VQDM,7163,GenImage_test/VQDM/test/nature/ILSVRC2012_val_00027467.JPEG
448,VQDM,7164,GenImage_test/VQDM/test/ai/VQDM_1000_200_02_285_vqdm_00127.png
448,VQDM,7165,GenImage_test/VQDM/test/nature/ILSVRC2012_val_00001236.JPEG
448,VQDM,7166,GenImage_test/VQDM/test/nature/ILSVRC2012_val_00011589.JPEG
448,VQDM,7167,GenImage_test/VQDM/test/nature/ILSVRC2012_val_00038174.JPEG
449,VQDM,7168,GenImage_test/VQDM/test/nature/ILSVRC2012_val_00025126.JPEG
449,VQDM,7169,GenImage_test/VQDM/test/ai/VQDM_1000_200_04_495_vqdm_00039.png
449,VQDM,7170,GenImage_test/VQDM/test/ai/VQDM_1000_200_05_564_vqdm_00020.png
449,VQDM,7171,GenImage_test/VQDM/test/nature/ILSVRC2012_val_00006031.JPEG
449,VQDM,7172,GenImage_test/VQDM/test/ai/VQDM_1000_200_05_518_vqdm_00020.png
449,VQDM,7173,GenImage_test/VQDM/test/ai/VQDM_1000_200_00_026_vqdm_00035.png
449,VQDM,7174,GenImage_test/VQDM/test/ai/VQDM_1000_200_09_906_vqdm_00074.png
449,VQDM,7175,GenImage_test/VQDM/test/nature/ILSVRC2012_val_00019056.JPEG
449,VQDM,7176,GenImage_test/VQDM/test/nature/ILSVRC2012_val_00042142.JPEG
449,VQDM,7177,GenImage_test/VQDM/test/ai/VQDM_1000_200_09_942_vqdm_00127.png
449,VQDM,7178,GenImage_test/VQDM/test/nature/ILSVRC2012_val_00029052.JPEG
449,VQDM,7179,GenImage_test/VQDM/test/ai/VQDM_1000_200_01_149_vqdm_00074.png
449,VQDM,7180,GenImage_test/VQDM/test/nature/ILSVRC2012_val_00019696.JPEG
449,VQDM,7181,GenImage_test/VQDM/test/nature/ILSVRC2012_val_00024704.JPEG
449,VQDM,7182,GenImage_test/VQDM/test/nature/ILSVRC2012_val_00040888.JPEG
449,VQDM,7183,GenImage_test/VQDM/test/ai/VQDM_1000_200_06_665_vqdm_00020.png
450,VQDM,7184,GenImage_test/VQDM/test/nature/ILSVRC2012_val_00023100.JPEG
450,VQDM,7185,GenImage_test/VQDM/test/nature/ILSVRC2012_val_00036367.JPEG
450,VQDM,7186,GenImage_test/VQDM/test/ai/VQDM_1000_200_04_465_vqdm_00039.png
450,VQDM,7187,GenImage_test/VQDM/test/nature/ILSVRC2012_val_00002369.JPEG
450,VQDM,7188,GenImage_test/VQDM/test/nature/ILSVRC2012_val_00022169.JPEG
450,VQDM,7189,GenImage_test/VQDM/test/ai/VQDM_1000_200_01_140_vqdm_00035.png
450,VQDM,7190,GenImage_test/VQDM/test/nature/ILSVRC2012_val_00033667.JPEG
450,VQDM,7191,GenImage_test/VQDM/test/ai/VQDM_1000_200_06_642_vqdm_00143.png
450,VQDM,7192,GenImage_test/VQDM/test/ai/VQDM_1000_200_00_064_vqdm_00074.png
450,VQDM,7193,GenImage_test/VQDM/test/nature/ILSVRC2012_val_00027355.JPEG
450,VQDM,7194,GenImage_test/VQDM/test/nature/ILSVRC2012_val_00004387.JPEG
450,VQDM,7195,GenImage_test/VQDM/test/nature/ILSVRC2012_val_00027409.JPEG
450,VQDM,7196,GenImage_test/VQDM/test/nature/ILSVRC2012_val_00044636.JPEG
450,VQDM,7197,GenImage_test/VQDM/test/nature/ILSVRC2012_val_00014696.JPEG
450,VQDM,7198,GenImage_test/VQDM/test/ai/VQDM_1000_200_03_381_vqdm_00074.png
450,VQDM,7199,GenImage_test/VQDM/test/ai/VQDM_1000_200_03_327_vqdm_00127.png
451,VQDM,7200,GenImage_test/VQDM/test/ai/VQDM_1000_200_08_891_vqdm_00127.png
451,VQDM,7201,GenImage_test/VQDM/test/ai/VQDM_1000_200_01_184_vqdm_00035.png
451,VQDM,7202,GenImage_test/VQDM/test/ai/VQDM_1000_200_02_215_vqdm_00039.png
451,VQDM,7203,GenImage_test/VQDM/test/ai/VQDM_1000_200_06_643_vqdm_00143.png
451,VQDM,7204,GenImage_test/VQDM/test/nature/ILSVRC2012_val_00044359.JPEG
451,VQDM,7205,GenImage_test/VQDM/test/nature/ILSVRC2012_val_00048654.JPEG
451,VQDM,7206,GenImage_test/VQDM/test/ai/VQDM_1000_200_07_704_vqdm_00074.png
451,VQDM,7207,GenImage_test/VQDM/test/ai/VQDM_1000_200_09_966_vqdm_00143.png
451,VQDM,7208,GenImage_test/VQDM/test/ai/VQDM_1000_200_08_889_vqdm_00039.png
451,VQDM,7209,GenImage_test/VQDM/test/ai/VQDM_1000_200_09_974_vqdm_00039.png
451,VQDM,7210,GenImage_test/VQDM/test/ai/VQDM_1000_200_06_638_vqdm_00039.png
451,VQDM,7211,GenImage_test/VQDM/test/nature/ILSVRC2012_val_00037425.JPEG
451,VQDM,7212,GenImage_test/VQDM/test/nature/ILSVRC2012_val_00042228.JPEG
451,VQDM,7213,GenImage_test/VQDM/test/ai/VQDM_1000_200_00_071_vqdm_00127.png
451,VQDM,7214,GenImage_test/VQDM/test/nature/ILSVRC2012_val_00045565.JPEG
451,VQDM,7215,GenImage_test/VQDM/test/ai/VQDM_1000_200_00_051_vqdm_00143.png
452,VQDM,7216,GenImage_test/VQDM/test/ai/VQDM_1000_200_04_427_vqdm_00035.png
452,VQDM,7217,GenImage_test/VQDM/test/ai/VQDM_1000_200_07_712_vqdm_00039.png
452,VQDM,7218,GenImage_test/VQDM/test/ai/VQDM_1000_200_00_011_vqdm_00074.png
452,VQDM,7219,GenImage_test/VQDM/test/ai/VQDM_1000_200_00_015_vqdm_00127.png
452,VQDM,7220,GenImage_test/VQDM/test/ai/VQDM_1000_200_07_719_vqdm_00074.png
452,VQDM,7221,GenImage_test/VQDM/test/nature/ILSVRC2012_val_00027002.JPEG
452,VQDM,7222,GenImage_test/VQDM/test/nature/ILSVRC2012_val_00015491.JPEG
452,VQDM,7223,GenImage_test/VQDM/test/ai/VQDM_1000_200_01_115_vqdm_00127.png
452,VQDM,7224,GenImage_test/VQDM/test/ai/VQDM_1000_200_06_635_vqdm_00035.png
452,VQDM,7225,GenImage_test/VQDM/test/nature/ILSVRC2012_val_00031574.JPEG
452,VQDM,7226,GenImage_test/VQDM/test/nature/ILSVRC2012_val_00035261.JPEG
452,VQDM,7227,GenImage_test/VQDM/test/ai/VQDM_1000_200_07_738_vqdm_00127.png
452,VQDM,7228,GenImage_test/VQDM/test/ai/VQDM_1000_200_06_685_vqdm_00035.png
452,VQDM,7229,GenImage_test/VQDM/test/ai/VQDM_1000_200_02_268_vqdm_00074.png
452,VQDM,7230,GenImage_test/VQDM/test/nature/ILSVRC2012_val_00047609.JPEG
452,VQDM,7231,GenImage_test/VQDM/test/ai/VQDM_1000_200_07_711_vqdm_00127.png
453,VQDM,7232,GenImage_test/VQDM/test/ai/VQDM_1000_200_07_729_vqdm_00074.png
453,VQDM,7233,GenImage_test/VQDM/test/nature/ILSVRC2012_val_00012171.JPEG
453,VQDM,7234,GenImage_test/VQDM/test/nature/ILSVRC2012_val_00045326.JPEG
453,VQDM,7235,GenImage_test/VQDM/test/nature/ILSVRC2012_val_00008291.JPEG
453,VQDM,7236,GenImage_test/VQDM/test/ai/VQDM_1000_200_00_021_vqdm_00143.png
453,VQDM,7237,GenImage_test/VQDM/test/ai/VQDM_1000_200_02_214_vqdm_00039.png
453,VQDM,7238,GenImage_test/VQDM/test/nature/ILSVRC2012_val_00045928.JPEG
453,VQDM,7239,GenImage_test/VQDM/test/nature/ILSVRC2012_val_00028570.JPEG
453,VQDM,7240,GenImage_test/VQDM/test/nature/ILSVRC2012_val_00007791.JPEG
453,VQDM,7241,GenImage_test/VQDM/test/ai/VQDM_1000_200_05_537_vqdm_00127.png
453,VQDM,7242,GenImage_test/VQDM/test/nature/ILSVRC2012_val_00019787.JPEG
453,VQDM,7243,GenImage_test/VQDM/test/nature/ILSVRC2012_val_00027874.JPEG
453,VQDM,7244,GenImage_test/VQDM/test/nature/ILSVRC2012_val_00031493.JPEG
453,VQDM,7245,GenImage_test/VQDM/test/nature/ILSVRC2012_val_00028704.JPEG
453,VQDM,7246,GenImage_test/VQDM/test/nature/ILSVRC2012_val_00047339.JPEG
453,VQDM,7247,GenImage_test/VQDM/test/nature/ILSVRC2012_val_00040645.JPEG
454,VQDM,7248,GenImage_test/VQDM/test/nature/ILSVRC2012_val_00018196.JPEG
454,VQDM,7249,GenImage_test/VQDM/test/nature/ILSVRC2012_val_00023896.JPEG
454,VQDM,7250,GenImage_test/VQDM/test/nature/ILSVRC2012_val_00047241.JPEG
454,VQDM,7251,GenImage_test/VQDM/test/ai/VQDM_1000_200_06_683_vqdm_00039.png
454,VQDM,7252,GenImage_test/VQDM/test/ai/VQDM_1000_200_03_356_vqdm_00074.png
454,VQDM,7253,GenImage_test/VQDM/test/nature/ILSVRC2012_val_00029857.JPEG
454,VQDM,7254,GenImage_test/VQDM/test/nature/ILSVRC2012_val_00022673.JPEG
454,VQDM,7255,GenImage_test/VQDM/test/ai/VQDM_1000_200_06_695_vqdm_00143.png
454,VQDM,7256,GenImage_test/VQDM/test/ai/VQDM_1000_200_07_710_vqdm_00039.png
454,VQDM,7257,GenImage_test/VQDM/test/nature/ILSVRC2012_val_00027073.JPEG
454,VQDM,7258,GenImage_test/VQDM/test/nature/ILSVRC2012_val_00030996.JPEG
454,VQDM,7259,GenImage_test/VQDM/test/nature/ILSVRC2012_val_00027239.JPEG
454,VQDM,7260,GenImage_test/VQDM/test/ai/VQDM_1000_200_01_124_vqdm_00143.png
454,VQDM,7261,GenImage_test/VQDM/test/ai/VQDM_1000_200_05_519_vqdm_00143.png
454,VQDM,7262,GenImage_test/VQDM/test/nature/ILSVRC2012_val_00017584.JPEG
454,VQDM,7263,GenImage_test/VQDM/test/nature/ILSVRC2012_val_00023046.JPEG
455,VQDM,7264,GenImage_test/VQDM/test/nature/ILSVRC2012_val_00004338.JPEG
455,VQDM,7265,GenImage_test/VQDM/test/nature/ILSVRC2012_val_00009526.JPEG
455,VQDM,7266,GenImage_test/VQDM/test/ai/VQDM_1000_200_08_821_vqdm_00143.png
455,VQDM,7267,GenImage_test/VQDM/test/nature/ILSVRC2012_val_00036814.JPEG
455,VQDM,7268,GenImage_test/VQDM/test/nature/ILSVRC2012_val_00048271.JPEG
455,VQDM,7269,GenImage_test/VQDM/test/nature/ILSVRC2012_val_00004246.JPEG
455,VQDM,7270,GenImage_test/VQDM/test/nature/ILSVRC2012_val_00044451.JPEG
455,VQDM,7271,GenImage_test/VQDM/test/ai/VQDM_1000_200_04_443_vqdm_00020.png
455,VQDM,7272,GenImage_test/VQDM/test/nature/ILSVRC2012_val_00011598.JPEG
455,VQDM,7273,GenImage_test/VQDM/test/ai/VQDM_1000_200_01_199_vqdm_00127.png
455,VQDM,7274,GenImage_test/VQDM/test/nature/ILSVRC2012_val_00033081.JPEG
455,VQDM,7275,GenImage_test/VQDM/test/ai/VQDM_1000_200_03_334_vqdm_00127.png
455,VQDM,7276,GenImage_test/VQDM/test/nature/ILSVRC2012_val_00019919.JPEG
455,VQDM,7277,GenImage_test/VQDM/test/nature/ILSVRC2012_val_00009868.JPEG
455,VQDM,7278,GenImage_test/VQDM/test/ai/VQDM_1000_200_05_585_vqdm_00074.png
455,VQDM,7279,GenImage_test/VQDM/test/nature/ILSVRC2012_val_00014443.JPEG
456,VQDM,7280,GenImage_test/VQDM/test/nature/ILSVRC2012_val_00017359.JPEG
456,VQDM,7281,GenImage_test/VQDM/test/ai/VQDM_1000_200_01_190_vqdm_00020.png
456,VQDM,7282,GenImage_test/VQDM/test/ai/VQDM_1000_200_09_995_vqdm_00039.png
456,VQDM,7283,GenImage_test/VQDM/test/ai/VQDM_1000_200_08_873_vqdm_00143.png
456,VQDM,7284,GenImage_test/VQDM/test/nature/ILSVRC2012_val_00021419.JPEG
456,VQDM,7285,GenImage_test/VQDM/test/nature/ILSVRC2012_val_00010980.JPEG
456,VQDM,7286,GenImage_test/VQDM/test/nature/ILSVRC2012_val_00049461.JPEG
456,VQDM,7287,GenImage_test/VQDM/test/nature/ILSVRC2012_val_00043435.JPEG
456,VQDM,7288,GenImage_test/VQDM/test/nature/ILSVRC2012_val_00020558.JPEG
456,VQDM,7289,GenImage_test/VQDM/test/nature/ILSVRC2012_val_00044496.JPEG
456,VQDM,7290,GenImage_test/VQDM/test/ai/VQDM_1000_200_07_746_vqdm_00035.png
456,VQDM,7291,GenImage_test/VQDM/test/ai/VQDM_1000_200_08_864_vqdm_00143.png
456,VQDM,7292,GenImage_test/VQDM/test/nature/ILSVRC2012_val_00008767.JPEG
456,VQDM,7293,GenImage_test/VQDM/test/nature/ILSVRC2012_val_00012792.JPEG
456,VQDM,7294,GenImage_test/VQDM/test/nature/ILSVRC2012_val_00036283.JPEG
456,VQDM,7295,GenImage_test/VQDM/test/ai/VQDM_1000_200_02_299_vqdm_00074.png
457,VQDM,7296,GenImage_test/VQDM/test/ai/VQDM_1000_200_01_186_vqdm_00020.png
457,VQDM,7297,GenImage_test/VQDM/test/ai/VQDM_1000_200_04_483_vqdm_00143.png
457,VQDM,7298,GenImage_test/VQDM/test/nature/ILSVRC2012_val_00028154.JPEG
457,VQDM,7299,GenImage_test/VQDM/test/nature/ILSVRC2012_val_00015986.JPEG
457,VQDM,7300,GenImage_test/VQDM/test/ai/VQDM_1000_200_02_288_vqdm_00143.png
457,VQDM,7301,GenImage_test/VQDM/test/ai/VQDM_1000_200_07_749_vqdm_00020.png
457,VQDM,7302,GenImage_test/VQDM/test/nature/ILSVRC2012_val_00038915.JPEG
457,VQDM,7303,GenImage_test/VQDM/test/nature/ILSVRC2012_val_00015936.JPEG
457,VQDM,7304,GenImage_test/VQDM/test/ai/VQDM_1000_200_09_996_vqdm_00127.png
457,VQDM,7305,GenImage_test/VQDM/test/ai/VQDM_1000_200_05_542_vqdm_00035.png
457,VQDM,7306,GenImage_test/VQDM/test/ai/VQDM_1000_200_01_164_vqdm_00035.png
457,VQDM,7307,GenImage_test/VQDM/test/ai/VQDM_1000_200_02_277_vqdm_00039.png
457,VQDM,7308,GenImage_test/VQDM/test/nature/ILSVRC2012_val_00018824.JPEG
457,VQDM,7309,GenImage_test/VQDM/test/nature/ILSVRC2012_val_00027439.JPEG
457,VQDM,7310,GenImage_test/VQDM/test/nature/ILSVRC2012_val_00013227.JPEG
457,VQDM,7311,GenImage_test/VQDM/test/ai/VQDM_1000_200_06_628_vqdm_00074.png
458,VQDM,7312,GenImage_test/VQDM/test/ai/VQDM_1000_200_03_317_vqdm_00020.png
458,VQDM,7313,GenImage_test/VQDM/test/ai/VQDM_1000_200_07_727_vqdm_00039.png
458,VQDM,7314,GenImage_test/VQDM/test/nature/ILSVRC2012_val_00014258.JPEG
458,VQDM,7315,GenImage_test/VQDM/test/nature/ILSVRC2012_val_00025007.JPEG
458,VQDM,7316,GenImage_test/VQDM/test/ai/VQDM_1000_200_02_249_vqdm_00035.png
458,VQDM,7317,GenImage_test/VQDM/test/ai/VQDM_1000_200_03_350_vqdm_00020.png
458,VQDM,7318,GenImage_test/VQDM/test/nature/ILSVRC2012_val_00020852.JPEG
458,VQDM,7319,GenImage_test/VQDM/test/ai/VQDM_1000_200_05_559_vqdm_00039.png
458,VQDM,7320,GenImage_test/VQDM/test/nature/ILSVRC2012_val_00039387.JPEG
458,VQDM,7321,GenImage_test/VQDM/test/ai/VQDM_1000_200_06_689_vqdm_00035.png
458,VQDM,7322,GenImage_test/VQDM/test/nature/ILSVRC2012_val_00030681.JPEG
458,VQDM,7323,GenImage_test/VQDM/test/nature/ILSVRC2012_val_00026047.JPEG
458,VQDM,7324,GenImage_test/VQDM/test/ai/VQDM_1000_200_05_521_vqdm_00035.png
458,VQDM,7325,GenImage_test/VQDM/test/ai/VQDM_1000_200_00_084_vqdm_00035.png
458,VQDM,7326,GenImage_test/VQDM/test/ai/VQDM_1000_200_02_215_vqdm_00035.png
458,VQDM,7327,GenImage_test/VQDM/test/ai/VQDM_1000_200_01_191_vqdm_00020.png
459,VQDM,7328,GenImage_test/VQDM/test/ai/VQDM_1000_200_05_514_vqdm_00074.png
459,VQDM,7329,GenImage_test/VQDM/test/nature/ILSVRC2012_val_00028064.JPEG
459,VQDM,7330,GenImage_test/VQDM/test/ai/VQDM_1000_200_00_022_vqdm_00127.png
459,VQDM,7331,GenImage_test/VQDM/test/nature/ILSVRC2012_val_00006210.JPEG
459,VQDM,7332,GenImage_test/VQDM/test/nature/ILSVRC2012_val_00045525.JPEG
459,VQDM,7333,GenImage_test/VQDM/test/nature/ILSVRC2012_val_00032926.JPEG
459,VQDM,7334,GenImage_test/VQDM/test/nature/ILSVRC2012_val_00041816.JPEG
459,VQDM,7335,GenImage_test/VQDM/test/nature/ILSVRC2012_val_00037680.JPEG
459,VQDM,7336,GenImage_test/VQDM/test/ai/VQDM_1000_200_00_078_vqdm_00074.png
459,VQDM,7337,GenImage_test/VQDM/test/ai/VQDM_1000_200_03_366_vqdm_00143.png
459,VQDM,7338,GenImage_test/VQDM/test/ai/VQDM_1000_200_05_517_vqdm_00143.png
459,VQDM,7339,GenImage_test/VQDM/test/ai/VQDM_1000_200_06_605_vqdm_00039.png
459,VQDM,7340,GenImage_test/VQDM/test/nature/ILSVRC2012_val_00017952.JPEG
459,VQDM,7341,GenImage_test/VQDM/test/ai/VQDM_1000_200_09_965_vqdm_00039.png
459,VQDM,7342,GenImage_test/VQDM/test/nature/ILSVRC2012_val_00046282.JPEG
459,VQDM,7343,GenImage_test/VQDM/test/ai/VQDM_1000_200_05_560_vqdm_00020.png
460,VQDM,7344,GenImage_test/VQDM/test/nature/ILSVRC2012_val_00044696.JPEG
460,VQDM,7345,GenImage_test/VQDM/test/nature/ILSVRC2012_val_00021280.JPEG
460,VQDM,7346,GenImage_test/VQDM/test/ai/VQDM_1000_200_05_563_vqdm_00039.png
460,VQDM,7347,GenImage_test/VQDM/test/nature/ILSVRC2012_val_00034065.JPEG
460,VQDM,7348,GenImage_test/VQDM/test/ai/VQDM_1000_200_00_006_vqdm_00143.png
460,VQDM,7349,GenImage_test/VQDM/test/nature/ILSVRC2012_val_00043345.JPEG
460,VQDM,7350,GenImage_test/VQDM/test/nature/ILSVRC2012_val_00041689.JPEG
460,VQDM,7351,GenImage_test/VQDM/test/nature/ILSVRC2012_val_00003228.JPEG
460,VQDM,7352,GenImage_test/VQDM/test/nature/ILSVRC2012_val_00001255.JPEG
460,VQDM,7353,GenImage_test/VQDM/test/nature/ILSVRC2012_val_00021995.JPEG
460,VQDM,7354,GenImage_test/VQDM/test/ai/VQDM_1000_200_08_881_vqdm_00127.png
460,VQDM,7355,GenImage_test/VQDM/test/ai/VQDM_1000_200_08_890_vqdm_00039.png
460,VQDM,7356,GenImage_test/VQDM/test/nature/ILSVRC2012_val_00013076.JPEG
460,VQDM,7357,GenImage_test/VQDM/test/nature/ILSVRC2012_val_00008057.JPEG
460,VQDM,7358,GenImage_test/VQDM/test/ai/VQDM_1000_200_05_585_vqdm_00039.png
460,VQDM,7359,GenImage_test/VQDM/test/ai/VQDM_1000_200_07_702_vqdm_00143.png
461,VQDM,7360,GenImage_test/VQDM/test/ai/VQDM_1000_200_09_907_vqdm_00074.png
461,VQDM,7361,GenImage_test/VQDM/test/ai/VQDM_1000_200_09_925_vqdm_00143.png
461,VQDM,7362,GenImage_test/VQDM/test/nature/ILSVRC2012_val_00008883.JPEG
461,VQDM,7363,GenImage_test/VQDM/test/ai/VQDM_1000_200_01_135_vqdm_00074.png
461,VQDM,7364,GenImage_test/VQDM/test/ai/VQDM_1000_200_02_231_vqdm_00035.png
461,VQDM,7365,GenImage_test/VQDM/test/ai/VQDM_1000_200_07_780_vqdm_00074.png
461,VQDM,7366,GenImage_test/VQDM/test/nature/ILSVRC2012_val_00046642.JPEG
461,VQDM,7367,GenImage_test/VQDM/test/nature/ILSVRC2012_val_00007245.JPEG
461,VQDM,7368,GenImage_test/VQDM/test/ai/VQDM_1000_200_00_042_vqdm_00035.png
461,VQDM,7369,GenImage_test/VQDM/test/nature/ILSVRC2012_val_00034854.JPEG
461,VQDM,7370,GenImage_test/VQDM/test/ai/VQDM_1000_200_09_992_vqdm_00074.png
461,VQDM,7371,GenImage_test/VQDM/test/nature/ILSVRC2012_val_00007682.JPEG
461,VQDM,7372,GenImage_test/VQDM/test/nature/ILSVRC2012_val_00044943.JPEG
461,VQDM,7373,GenImage_test/VQDM/test/nature/ILSVRC2012_val_00042341.JPEG
461,VQDM,7374,GenImage_test/VQDM/test/ai/VQDM_1000_200_03_376_vqdm_00039.png
461,VQDM,7375,GenImage_test/VQDM/test/ai/VQDM_1000_200_03_396_vqdm_00020.png
462,VQDM,7376,GenImage_test/VQDM/test/ai/VQDM_1000_200_05_589_vqdm_00143.png
462,VQDM,7377,GenImage_test/VQDM/test/ai/VQDM_1000_200_07_795_vqdm_00127.png
462,VQDM,7378,GenImage_test/VQDM/test/ai/VQDM_1000_200_04_480_vqdm_00020.png
462,VQDM,7379,GenImage_test/VQDM/test/ai/VQDM_1000_200_00_008_vqdm_00039.png
462,VQDM,7380,GenImage_test/VQDM/test/nature/ILSVRC2012_val_00024828.JPEG
462,VQDM,7381,GenImage_test/VQDM/test/ai/VQDM_1000_200_06_694_vqdm_00074.png
462,VQDM,7382,GenImage_test/VQDM/test/nature/ILSVRC2012_val_00014866.JPEG
462,VQDM,7383,GenImage_test/VQDM/test/ai/VQDM_1000_200_05_523_vqdm_00020.png
462,VQDM,7384,GenImage_test/VQDM/test/nature/ILSVRC2012_val_00006349.JPEG
462,VQDM,7385,GenImage_test/VQDM/test/nature/ILSVRC2012_val_00014571.JPEG
462,VQDM,7386,GenImage_test/VQDM/test/nature/ILSVRC2012_val_00028049.JPEG
462,VQDM,7387,GenImage_test/VQDM/test/nature/ILSVRC2012_val_00025168.JPEG
462,VQDM,7388,GenImage_test/VQDM/test/nature/ILSVRC2012_val_00031467.JPEG
462,VQDM,7389,GenImage_test/VQDM/test/ai/VQDM_1000_200_06_619_vqdm_00127.png
462,VQDM,7390,GenImage_test/VQDM/test/ai/VQDM_1000_200_04_472_vqdm_00039.png
462,VQDM,7391,GenImage_test/VQDM/test/ai/VQDM_1000_200_00_062_vqdm_00020.png
463,VQDM,7392,GenImage_test/VQDM/test/ai/VQDM_1000_200_02_293_vqdm_00143.png
463,VQDM,7393,GenImage_test/VQDM/test/ai/VQDM_1000_200_01_120_vqdm_00074.png
463,VQDM,7394,GenImage_test/VQDM/test/nature/ILSVRC2012_val_00035268.JPEG
463,VQDM,7395,GenImage_test/VQDM/test/ai/VQDM_1000_200_07_701_vqdm_00035.png
463,VQDM,7396,GenImage_test/VQDM/test/nature/ILSVRC2012_val_00038747.JPEG
463,VQDM,7397,GenImage_test/VQDM/test/nature/ILSVRC2012_val_00031257.JPEG
463,VQDM,7398,GenImage_test/VQDM/test/ai/VQDM_1000_200_09_912_vqdm_00127.png
463,VQDM,7399,GenImage_test/VQDM/test/ai/VQDM_1000_200_09_938_vqdm_00039.png
463,VQDM,7400,GenImage_test/VQDM/test/ai/VQDM_1000_200_09_912_vqdm_00039.png
463,VQDM,7401,GenImage_test/VQDM/test/ai/VQDM_1000_200_06_643_vqdm_00035.png
463,VQDM,7402,GenImage_test/VQDM/test/ai/VQDM_1000_200_09_921_vqdm_00020.png
463,VQDM,7403,GenImage_test/VQDM/test/nature/ILSVRC2012_val_00049114.JPEG
463,VQDM,7404,GenImage_test/VQDM/test/ai/VQDM_1000_200_03_386_vqdm_00143.png
463,VQDM,7405,GenImage_test/VQDM/test/nature/ILSVRC2012_val_00023997.JPEG
463,VQDM,7406,GenImage_test/VQDM/test/nature/ILSVRC2012_val_00039234.JPEG
463,VQDM,7407,GenImage_test/VQDM/test/ai/VQDM_1000_200_02_260_vqdm_00020.png
464,VQDM,7408,GenImage_test/VQDM/test/nature/ILSVRC2012_val_00034304.JPEG
464,VQDM,7409,GenImage_test/VQDM/test/nature/ILSVRC2012_val_00025362.JPEG
464,VQDM,7410,GenImage_test/VQDM/test/nature/ILSVRC2012_val_00002031.JPEG
464,VQDM,7411,GenImage_test/VQDM/test/ai/VQDM_1000_200_04_466_vqdm_00035.png
464,VQDM,7412,GenImage_test/VQDM/test/nature/ILSVRC2012_val_00028081.JPEG
464,VQDM,7413,GenImage_test/VQDM/test/nature/ILSVRC2012_val_00026167.JPEG
464,VQDM,7414,GenImage_test/VQDM/test/nature/ILSVRC2012_val_00014776.JPEG
464,VQDM,7415,GenImage_test/VQDM/test/ai/VQDM_1000_200_08_873_vqdm_00127.png
464,VQDM,7416,GenImage_test/VQDM/test/ai/VQDM_1000_200_02_229_vqdm_00143.png
464,VQDM,7417,GenImage_test/VQDM/test/nature/ILSVRC2012_val_00019186.JPEG
464,VQDM,7418,GenImage_test/VQDM/test/nature/ILSVRC2012_val_00010299.JPEG
464,VQDM,7419,GenImage_test/VQDM/test/ai/VQDM_1000_200_03_343_vqdm_00020.png
464,VQDM,7420,GenImage_test/VQDM/test/ai/VQDM_1000_200_02_261_vqdm_00035.png
464,VQDM,7421,GenImage_test/VQDM/test/ai/VQDM_1000_200_06_699_vqdm_00143.png
464,VQDM,7422,GenImage_test/VQDM/test/ai/VQDM_1000_200_06_612_vqdm_00143.png
464,VQDM,7423,GenImage_test/VQDM/test/nature/ILSVRC2012_val_00009249.JPEG
465,VQDM,7424,GenImage_test/VQDM/test/ai/VQDM_1000_200_02_278_vqdm_00035.png
465,VQDM,7425,GenImage_test/VQDM/test/ai/VQDM_1000_200_06_640_vqdm_00127.png
465,VQDM,7426,GenImage_test/VQDM/test/nature/ILSVRC2012_val_00036168.JPEG
465,VQDM,7427,GenImage_test/VQDM/test/nature/ILSVRC2012_val_00022168.JPEG
465,VQDM,7428,GenImage_test/VQDM/test/nature/ILSVRC2012_val_00047317.JPEG
465,VQDM,7429,GenImage_test/VQDM/test/nature/ILSVRC2012_val_00002449.JPEG
465,VQDM,7430,GenImage_test/VQDM/test/ai/VQDM_1000_200_08_827_vqdm_00020.png
465,VQDM,7431,GenImage_test/VQDM/test/ai/VQDM_1000_200_07_739_vqdm_00020.png
465,VQDM,7432,GenImage_test/VQDM/test/nature/ILSVRC2012_val_00026533.JPEG
465,VQDM,7433,GenImage_test/VQDM/test/ai/VQDM_1000_200_03_354_vqdm_00143.png
465,VQDM,7434,GenImage_test/VQDM/test/nature/ILSVRC2012_val_00028959.JPEG
465,VQDM,7435,GenImage_test/VQDM/test/ai/VQDM_1000_200_09_908_vqdm_00035.png
465,VQDM,7436,GenImage_test/VQDM/test/nature/ILSVRC2012_val_00040346.JPEG
465,VQDM,7437,GenImage_test/VQDM/test/nature/ILSVRC2012_val_00040024.JPEG
465,VQDM,7438,GenImage_test/VQDM/test/nature/ILSVRC2012_val_00039648.JPEG
465,VQDM,7439,GenImage_test/VQDM/test/nature/ILSVRC2012_val_00032158.JPEG
466,VQDM,7440,GenImage_test/VQDM/test/nature/ILSVRC2012_val_00025408.JPEG
466,VQDM,7441,GenImage_test/VQDM/test/ai/VQDM_1000_200_01_131_vqdm_00127.png
466,VQDM,7442,GenImage_test/VQDM/test/nature/ILSVRC2012_val_00015188.JPEG
466,VQDM,7443,GenImage_test/VQDM/test/nature/ILSVRC2012_val_00029288.JPEG
466,VQDM,7444,GenImage_test/VQDM/test/ai/VQDM_1000_200_02_213_vqdm_00127.png
466,VQDM,7445,GenImage_test/VQDM/test/nature/ILSVRC2012_val_00034511.JPEG
466,VQDM,7446,GenImage_test/VQDM/test/ai/VQDM_1000_200_02_220_vqdm_00035.png
466,VQDM,7447,GenImage_test/VQDM/test/ai/VQDM_1000_200_06_663_vqdm_00020.png
466,VQDM,7448,GenImage_test/VQDM/test/nature/ILSVRC2012_val_00037382.JPEG
466,VQDM,7449,GenImage_test/VQDM/test/ai/VQDM_1000_200_05_528_vqdm_00039.png
466,VQDM,7450,GenImage_test/VQDM/test/ai/VQDM_1000_200_08_887_vqdm_00039.png
466,VQDM,7451,GenImage_test/VQDM/test/ai/VQDM_1000_200_05_534_vqdm_00035.png
466,VQDM,7452,GenImage_test/VQDM/test/nature/ILSVRC2012_val_00037258.JPEG
466,VQDM,7453,GenImage_test/VQDM/test/ai/VQDM_1000_200_01_180_vqdm_00127.png
466,VQDM,7454,GenImage_test/VQDM/test/ai/VQDM_1000_200_05_540_vqdm_00020.png
466,VQDM,7455,GenImage_test/VQDM/test/ai/VQDM_1000_200_01_174_vqdm_00143.png
467,VQDM,7456,GenImage_test/VQDM/test/nature/ILSVRC2012_val_00007528.JPEG
467,VQDM,7457,GenImage_test/VQDM/test/nature/ILSVRC2012_val_00027912.JPEG
467,VQDM,7458,GenImage_test/VQDM/test/nature/ILSVRC2012_val_00047843.JPEG
467,VQDM,7459,GenImage_test/VQDM/test/nature/ILSVRC2012_val_00011970.JPEG
467,VQDM,7460,GenImage_test/VQDM/test/ai/VQDM_1000_200_01_110_vqdm_00127.png
467,VQDM,7461,GenImage_test/VQDM/test/nature/ILSVRC2012_val_00008493.JPEG
467,VQDM,7462,GenImage_test/VQDM/test/nature/ILSVRC2012_val_00044317.JPEG
467,VQDM,7463,GenImage_test/VQDM/test/nature/ILSVRC2012_val_00023924.JPEG
467,VQDM,7464,GenImage_test/VQDM/test/nature/ILSVRC2012_val_00005946.JPEG
467,VQDM,7465,GenImage_test/VQDM/test/ai/VQDM_1000_200_02_251_vqdm_00074.png
467,VQDM,7466,GenImage_test/VQDM/test/ai/VQDM_1000_200_07_754_vqdm_00035.png
467,VQDM,7467,GenImage_test/VQDM/test/ai/VQDM_1000_200_05_562_vqdm_00143.png
467,VQDM,7468,GenImage_test/VQDM/test/ai/VQDM_1000_200_09_970_vqdm_00035.png
467,VQDM,7469,GenImage_test/VQDM/test/nature/ILSVRC2012_val_00031007.JPEG
467,VQDM,7470,GenImage_test/VQDM/test/nature/ILSVRC2012_val_00010588.JPEG
467,VQDM,7471,GenImage_test/VQDM/test/ai/VQDM_1000_200_00_010_vqdm_00127.png
468,VQDM,7472,GenImage_test/VQDM/test/ai/VQDM_1000_200_07_704_vqdm_00020.png
468,VQDM,7473,GenImage_test/VQDM/test/ai/VQDM_1000_200_08_801_vqdm_00039.png
468,VQDM,7474,GenImage_test/VQDM/test/ai/VQDM_1000_200_00_040_vqdm_00039.png
468,VQDM,7475,GenImage_test/VQDM/test/nature/ILSVRC2012_val_00039991.JPEG
468,VQDM,7476,GenImage_test/VQDM/test/ai/VQDM_1000_200_06_685_vqdm_00039.png
468,VQDM,7477,GenImage_test/VQDM/test/nature/ILSVRC2012_val_00020097.JPEG
468,VQDM,7478,GenImage_test/VQDM/test/ai/VQDM_1000_200_04_470_vqdm_00020.png
468,VQDM,7479,GenImage_test/VQDM/test/ai/VQDM_1000_200_04_495_vqdm_00020.png
468,VQDM,7480,GenImage_test/VQDM/test/ai/VQDM_1000_200_09_991_vqdm_00020.png
468,VQDM,7481,GenImage_test/VQDM/test/nature/ILSVRC2012_val_00026403.JPEG
468,VQDM,7482,GenImage_test/VQDM/test/nature/ILSVRC2012_val_00026182.JPEG
468,VQDM,7483,GenImage_test/VQDM/test/ai/VQDM_1000_200_01_167_vqdm_00143.png
468,VQDM,7484,GenImage_test/VQDM/test/ai/VQDM_1000_200_07_724_vqdm_00035.png
468,VQDM,7485,GenImage_test/VQDM/test/ai/VQDM_1000_200_03_307_vqdm_00143.png
468,VQDM,7486,GenImage_test/VQDM/test/nature/ILSVRC2012_val_00029608.JPEG
468,VQDM,7487,GenImage_test/VQDM/test/ai/VQDM_1000_200_02_265_vqdm_00039.png
469,VQDM,7488,GenImage_test/VQDM/test/ai/VQDM_1000_200_06_613_vqdm_00035.png
469,VQDM,7489,GenImage_test/VQDM/test/ai/VQDM_1000_200_02_230_vqdm_00020.png
469,VQDM,7490,GenImage_test/VQDM/test/ai/VQDM_1000_200_05_507_vqdm_00035.png
469,VQDM,7491,GenImage_test/VQDM/test/nature/ILSVRC2012_val_00048814.JPEG
469,VQDM,7492,GenImage_test/VQDM/test/ai/VQDM_1000_200_00_039_vqdm_00143.png
469,VQDM,7493,GenImage_test/VQDM/test/ai/VQDM_1000_200_07_730_vqdm_00020.png
469,VQDM,7494,GenImage_test/VQDM/test/ai/VQDM_1000_200_05_565_vqdm_00039.png
469,VQDM,7495,GenImage_test/VQDM/test/nature/ILSVRC2012_val_00029410.JPEG
469,VQDM,7496,GenImage_test/VQDM/test/ai/VQDM_1000_200_04_439_vqdm_00039.png
469,VQDM,7497,GenImage_test/VQDM/test/nature/ILSVRC2012_val_00030101.JPEG
469,VQDM,7498,GenImage_test/VQDM/test/ai/VQDM_1000_200_06_667_vqdm_00074.png
469,VQDM,7499,GenImage_test/VQDM/test/nature/ILSVRC2012_val_00035057.JPEG
470,wukong,7500,GenImage_test/wukong/test/ai/962_wukong_image61.png
470,wukong,7501,GenImage_test/wukong/test/ai/330_wukong_image88.png
470,wukong,7502,GenImage_test/wukong/test/ai/357_wukong_image88.png
470,wukong,7503,GenImage_test/wukong/test/ai/158_wukong_image198.png
470,wukong,7504,GenImage_test/wukong/test/nature/ILSVRC2012_val_00048286.JPEG
470,wukong,7505,GenImage_test/wukong/test/ai/692_wukong_image128.png
470,wukong,7506,GenImage_test/wukong/test/nature/ILSVRC2012_val_00029694.JPEG
470,wukong,7507,GenImage_test/wukong/test/nature/ILSVRC2012_val_00001464.JPEG
470,wukong,7508,GenImage_test/wukong/test/nature/ILSVRC2012_val_00039946.JPEG
470,wukong,7509,GenImage_test/wukong/test/ai/189_wukong_image86.png
470,wukong,7510,GenImage_test/wukong/test/nature/ILSVRC2012_val_00046774.JPEG
470,wukong,7511,GenImage_test/wukong/test/ai/706_wukong_image198.png
470,wukong,7512,GenImage_test/wukong/test/nature/ILSVRC2012_val_00010544.JPEG
470,wukong,7513,GenImage_test/wukong/test/ai/346_wukong_image128.png
470,wukong,7514,GenImage_test/wukong/test/nature/ILSVRC2012_val_00036397.JPEG
470,wukong,7515,GenImage_test/wukong/test/ai/977_wukong_image86.png
471,wukong,7516,GenImage_test/wukong/test/ai/705_wukong_image61.png
471,wukong,7517,GenImage_test/wukong/test/nature/ILSVRC2012_val_00025498.JPEG
471,wukong,7518,GenImage_test/wukong/test/nature/ILSVRC2012_val_00019362.JPEG
471,wukong,7519,GenImage_test/wukong/test/nature/ILSVRC2012_val_00020595.JPEG
471,wukong,7520,GenImage_test/wukong/test/nature/ILSVRC2012_val_00016799.JPEG
471,wukong,7521,GenImage_test/wukong/test/ai/605_wukong_image188.png
471,wukong,7522,GenImage_test/wukong/test/nature/ILSVRC2012_val_00048045.JPEG
471,wukong,7523,GenImage_test/wukong/test/nature/ILSVRC2012_val_00018279.JPEG
471,wukong,7524,GenImage_test/wukong/test/ai/372_wukong_image86.png
471,wukong,7525,GenImage_test/wukong/test/nature/ILSVRC2012_val_00031523.JPEG
471,wukong,7526,GenImage_test/wukong/test/nature/ILSVRC2012_val_00024800.JPEG
471,wukong,7527,GenImage_test/wukong/test/nature/ILSVRC2012_val_00040147.JPEG
471,wukong,7528,GenImage_test/wukong/test/nature/ILSVRC2012_val_00029775.JPEG
471,wukong,7529,GenImage_test/wukong/test/nature/ILSVRC2012_val_00030454.JPEG
471,wukong,7530,GenImage_test/wukong/test/nature/ILSVRC2012_val_00040136.JPEG
471,wukong,7531,GenImage_test/wukong/test/ai/708_wukong_image188.png
472,wukong,7532,GenImage_test/wukong/test/ai/612_wukong_image61.png
472,wukong,7533,GenImage_test/wukong/test/nature/ILSVRC2012_val_00009788.JPEG
472,wukong,7534,GenImage_test/wukong/test/nature/ILSVRC2012_val_00001444.JPEG
472,wukong,7535,GenImage_test/wukong/test/nature/ILSVRC2012_val_00016883.JPEG
472,wukong,7536,GenImage_test/wukong/test/ai/797_wukong_image128.png
472,wukong,7537,GenImage_test/wukong/test/nature/ILSVRC2012_val_00023780.JPEG
472,wukong,7538,GenImage_test/wukong/test/ai/239_wukong_image88.png
472,wukong,7539,GenImage_test/wukong/test/nature/ILSVRC2012_val_00004223.JPEG
472,wukong,7540,GenImage_test/wukong/test/ai/917_wukong_image198.png
472,wukong,7541,GenImage_test/wukong/test/ai/962_wukong_image88.png
472,wukong,7542,GenImage_test/wukong/test/nature/ILSVRC2012_val_00029905.JPEG
472,wukong,7543,GenImage_test/wukong/test/ai/925_wukong_image128.png
472,wukong,7544,GenImage_test/wukong/test/nature/ILSVRC2012_val_00011469.JPEG
472,wukong,7545,GenImage_test/wukong/test/ai/369_wukong_image86.png
472,wukong,7546,GenImage_test/wukong/test/ai/528_wukong_image86.png
472,wukong,7547,GenImage_test/wukong/test/ai/734_wukong_image88.png
473,wukong,7548,GenImage_test/wukong/test/nature/ILSVRC2012_val_00025099.JPEG
473,wukong,7549,GenImage_test/wukong/test/nature/ILSVRC2012_val_00013739.JPEG
473,wukong,7550,GenImage_test/wukong/test/ai/754_wukong_image61.png
473,wukong,7551,GenImage_test/wukong/test/ai/396_wukong_image86.png
473,wukong,7552,GenImage_test/wukong/test/nature/ILSVRC2012_val_00041887.JPEG
473,wukong,7553,GenImage_test/wukong/test/nature/ILSVRC2012_val_00006814.JPEG
473,wukong,7554,GenImage_test/wukong/test/ai/16_wukong_image128.png
473,wukong,7555,GenImage_test/wukong/test/ai/284_wukong_image61.png
473,wukong,7556,GenImage_test/wukong/test/nature/ILSVRC2012_val_00014510.JPEG
473,wukong,7557,GenImage_test/wukong/test/ai/618_wukong_image86.png
473,wukong,7558,GenImage_test/wukong/test/nature/ILSVRC2012_val_00030404.JPEG
473,wukong,7559,GenImage_test/wukong/test/nature/ILSVRC2012_val_00018539.JPEG
473,wukong,7560,GenImage_test/wukong/test/ai/642_wukong_image198.png
473,wukong,7561,GenImage_test/wukong/test/nature/ILSVRC2012_val_00041616.JPEG
473,wukong,7562,GenImage_test/wukong/test/ai/773_wukong_image128.png
473,wukong,7563,GenImage_test/wukong/test/ai/133_wukong_image198.png
474,wukong,7564,GenImage_test/wukong/test/nature/ILSVRC2012_val_00022080.JPEG
474,wukong,7565,GenImage_test/wukong/test/nature/ILSVRC2012_val_00033576.JPEG
474,wukong,7566,GenImage_test/wukong/test/nature/ILSVRC2012_val_00024209.JPEG
474,wukong,7567,GenImage_test/wukong/test/nature/ILSVRC2012_val_00045094.JPEG
474,wukong,7568,GenImage_test/wukong/test/nature/ILSVRC2012_val_00021244.JPEG
474,wukong,7569,GenImage_test/wukong/test/nature/ILSVRC2012_val_00004433.JPEG
474,wukong,7570,GenImage_test/wukong/test/nature/ILSVRC2012_val_00005457.JPEG
474,wukong,7571,GenImage_test/wukong/test/nature/ILSVRC2012_val_00047301.JPEG
474,wukong,7572,GenImage_test/wukong/test/nature/ILSVRC2012_val_00011018.JPEG
474,wukong,7573,GenImage_test/wukong/test/ai/791_wukong_image198.png
474,wukong,7574,GenImage_test/wukong/test/ai/877_wukong_image128.png
474,wukong,7575,GenImage_test/wukong/test/nature/ILSVRC2012_val_00049204.JPEG
474,wukong,7576,GenImage_test/wukong/test/nature/ILSVRC2012_val_00000393.JPEG
474,wukong,7577,GenImage_test/wukong/test/ai/457_wukong_image86.png
474,wukong,7578,GenImage_test/wukong/test/nature/ILSVRC2012_val_00010257.JPEG
474,wukong,7579,GenImage_test/wukong/test/ai/434_wukong_image86.png
475,wukong,7580,GenImage_test/wukong/test/ai/397_wukong_image88.png
475,wukong,7581,GenImage_test/wukong/test/nature/ILSVRC2012_val_00031008.JPEG
475,wukong,7582,GenImage_test/wukong/test/ai/622_wukong_image61.png
475,wukong,7583,GenImage_test/wukong/test/nature/ILSVRC2012_val_00006582.JPEG
475,wukong,7584,GenImage_test/wukong/test/ai/89_wukong_image188.png
475,wukong,7585,GenImage_test/wukong/test/ai/662_wukong_image198.png
475,wukong,7586,GenImage_test/wukong/test/ai/475_wukong_image86.png
475,wukong,7587,GenImage_test/wukong/test/nature/ILSVRC2012_val_00019325.JPEG
475,wukong,7588,GenImage_test/wukong/test/ai/952_wukong_image188.png
475,wukong,7589,GenImage_test/wukong/test/ai/817_wukong_image88.png
475,wukong,7590,GenImage_test/wukong/test/nature/ILSVRC2012_val_00008154.JPEG
475,wukong,7591,GenImage_test/wukong/test/nature/ILSVRC2012_val_00034276.JPEG
475,wukong,7592,GenImage_test/wukong/test/ai/174_wukong_image128.png
475,wukong,7593,GenImage_test/wukong/test/nature/ILSVRC2012_val_00022130.JPEG
475,wukong,7594,GenImage_test/wukong/test/ai/454_wukong_image198.png
475,wukong,7595,GenImage_test/wukong/test/nature/ILSVRC2012_val_00043411.JPEG
476,wukong,7596,GenImage_test/wukong/test/nature/ILSVRC2012_val_00045474.JPEG
476,wukong,7597,GenImage_test/wukong/test/ai/524_wukong_image128.png
476,wukong,7598,GenImage_test/wukong/test/nature/ILSVRC2012_val_00039470.JPEG
476,wukong,7599,GenImage_test/wukong/test/ai/33_wukong_image198.png
476,wukong,7600,GenImage_test/wukong/test/nature/ILSVRC2012_val_00019954.JPEG
476,wukong,7601,GenImage_test/wukong/test/nature/ILSVRC2012_val_00049605.JPEG
476,wukong,7602,GenImage_test/wukong/test/ai/562_wukong_image188.png
476,wukong,7603,GenImage_test/wukong/test/ai/267_wukong_image86.png
476,wukong,7604,GenImage_test/wukong/test/nature/ILSVRC2012_val_00034827.JPEG
476,wukong,7605,GenImage_test/wukong/test/nature/ILSVRC2012_val_00039223.JPEG
476,wukong,7606,GenImage_test/wukong/test/nature/ILSVRC2012_val_00011232.JPEG
476,wukong,7607,GenImage_test/wukong/test/ai/250_wukong_image86.png
476,wukong,7608,GenImage_test/wukong/test/nature/ILSVRC2012_val_00012778.JPEG
476,wukong,7609,GenImage_test/wukong/test/ai/11_wukong_image198.png
476,wukong,7610,GenImage_test/wukong/test/nature/ILSVRC2012_val_00036513.JPEG
476,wukong,7611,GenImage_test/wukong/test/nature/ILSVRC2012_val_00029777.JPEG
477,wukong,7612,GenImage_test/wukong/test/ai/865_wukong_image88.png
477,wukong,7613,GenImage_test/wukong/test/nature/ILSVRC2012_val_00018552.JPEG
477,wukong,7614,GenImage_test/wukong/test/ai/192_wukong_image61.png
477,wukong,7615,GenImage_test/wukong/test/nature/ILSVRC2012_val_00046673.JPEG
477,wukong,7616,GenImage_test/wukong/test/nature/ILSVRC2012_val_00032129.JPEG
477,wukong,7617,GenImage_test/wukong/test/nature/ILSVRC2012_val_00042393.JPEG
477,wukong,7618,GenImage_test/wukong/test/nature/ILSVRC2012_val_00046435.JPEG
477,wukong,7619,GenImage_test/wukong/test/ai/913_wukong_image86.png
477,wukong,7620,GenImage_test/wukong/test/nature/ILSVRC2012_val_00001046.JPEG
477,wukong,7621,GenImage_test/wukong/test/nature/ILSVRC2012_val_00042353.JPEG
477,wukong,7622,GenImage_test/wukong/test/ai/486_wukong_image188.png
477,wukong,7623,GenImage_test/wukong/test/ai/39_wukong_image86.png
477,wukong,7624,GenImage_test/wukong/test/ai/235_wukong_image188.png
477,wukong,7625,GenImage_test/wukong/test/nature/ILSVRC2012_val_00032389.JPEG
477,wukong,7626,GenImage_test/wukong/test/ai/902_wukong_image61.png
477,wukong,7627,GenImage_test/wukong/test/ai/520_wukong_image61.png
478,wukong,7628,GenImage_test/wukong/test/nature/ILSVRC2012_val_00043741.JPEG
478,wukong,7629,GenImage_test/wukong/test/ai/93_wukong_image198.png
478,wukong,7630,GenImage_test/wukong/test/ai/111_wukong_image188.png
478,wukong,7631,GenImage_test/wukong/test/nature/ILSVRC2012_val_00009880.JPEG
478,wukong,7632,GenImage_test/wukong/test/nature/ILSVRC2012_val_00014253.JPEG
478,wukong,7633,GenImage_test/wukong/test/ai/150_wukong_image198.png
478,wukong,7634,GenImage_test/wukong/test/nature/ILSVRC2012_val_00040400.JPEG
478,wukong,7635,GenImage_test/wukong/test/ai/440_wukong_image198.png
478,wukong,7636,GenImage_test/wukong/test/ai/596_wukong_image188.png
478,wukong,7637,GenImage_test/wukong/test/nature/ILSVRC2012_val_00002613.JPEG
478,wukong,7638,GenImage_test/wukong/test/ai/575_wukong_image198.png
478,wukong,7639,GenImage_test/wukong/test/nature/ILSVRC2012_val_00001358.JPEG
478,wukong,7640,GenImage_test/wukong/test/nature/ILSVRC2012_val_00033649.JPEG
478,wukong,7641,GenImage_test/wukong/test/nature/ILSVRC2012_val_00017080.JPEG
478,wukong,7642,GenImage_test/wukong/test/nature/ILSVRC2012_val_00018694.JPEG
478,wukong,7643,GenImage_test/wukong/test/nature/ILSVRC2012_val_00023285.JPEG
479,wukong,7644,GenImage_test/wukong/test/nature/ILSVRC2012_val_00008800.JPEG
479,wukong,7645,GenImage_test/wukong/test/ai/108_wukong_image86.png
479,wukong,7646,GenImage_test/wukong/test/nature/ILSVRC2012_val_00026872.JPEG
479,wukong,7647,GenImage_test/wukong/test/nature/ILSVRC2012_val_00015344.JPEG
479,wukong,7648,GenImage_test/wukong/test/nature/ILSVRC2012_val_00027001.JPEG
479,wukong,7649,GenImage_test/wukong/test/ai/573_wukong_image128.png
479,wukong,7650,GenImage_test/wukong/test/nature/ILSVRC2012_val_00007845.JPEG
479,wukong,7651,GenImage_test/wukong/test/ai/595_wukong_image88.png
479,wukong,7652,GenImage_test/wukong/test/ai/857_wukong_image128.png
479,wukong,7653,GenImage_test/wukong/test/ai/148_wukong_image128.png
479,wukong,7654,GenImage_test/wukong/test/ai/748_wukong_image128.png
479,wukong,7655,GenImage_test/wukong/test/nature/ILSVRC2012_val_00018328.JPEG
479,wukong,7656,GenImage_test/wukong/test/nature/ILSVRC2012_val_00023878.JPEG
479,wukong,7657,GenImage_test/wukong/test/ai/168_wukong_image128.png
479,wukong,7658,GenImage_test/wukong/test/ai/992_wukong_image86.png
479,wukong,7659,GenImage_test/wukong/test/ai/679_wukong_image188.png
480,wukong,7660,GenImage_test/wukong/test/nature/ILSVRC2012_val_00044850.JPEG
480,wukong,7661,GenImage_test/wukong/test/ai/994_wukong_image128.png
480,wukong,7662,GenImage_test/wukong/test/ai/366_wukong_image198.png
480,wukong,7663,GenImage_test/wukong/test/ai/997_wukong_image188.png
480,wukong,7664,GenImage_test/wukong/test/nature/ILSVRC2012_val_00009992.JPEG
480,wukong,7665,GenImage_test/wukong/test/ai/567_wukong_image61.png
480,wukong,7666,GenImage_test/wukong/test/nature/ILSVRC2012_val_00048957.JPEG
480,wukong,7667,GenImage_test/wukong/test/nature/ILSVRC2012_val_00044679.JPEG
480,wukong,7668,GenImage_test/wukong/test/nature/ILSVRC2012_val_00033329.JPEG
480,wukong,7669,GenImage_test/wukong/test/ai/258_wukong_image88.png
480,wukong,7670,GenImage_test/wukong/test/nature/ILSVRC2012_val_00033266.JPEG
480,wukong,7671,GenImage_test/wukong/test/ai/413_wukong_image128.png
480,wukong,7672,GenImage_test/wukong/test/nature/ILSVRC2012_val_00046757.JPEG
480,wukong,7673,GenImage_test/wukong/test/nature/ILSVRC2012_val_00018559.JPEG
480,wukong,7674,GenImage_test/wukong/test/nature/ILSVRC2012_val_00014187.JPEG
480,wukong,7675,GenImage_test/wukong/test/ai/746_wukong_image86.png
481,wukong,7676,GenImage_test/wukong/test/ai/71_wukong_image86.png
481,wukong,7677,GenImage_test/wukong/test/ai/37_wukong_image198.png
481,wukong,7678,GenImage_test/wukong/test/nature/ILSVRC2012_val_00036624.JPEG
481,wukong,7679,GenImage_test/wukong/test/nature/ILSVRC2012_val_00018197.JPEG
481,wukong,7680,GenImage_test/wukong/test/nature/ILSVRC2012_val_00039515.JPEG
481,wukong,7681,GenImage_test/wukong/test/ai/932_wukong_image86.png
481,wukong,7682,GenImage_test/wukong/test/ai/462_wukong_image88.png
481,wukong,7683,GenImage_test/wukong/test/ai/12_wukong_image88.png
481,wukong,7684,GenImage_test/wukong/test/nature/ILSVRC2012_val_00017405.JPEG
481,wukong,7685,GenImage_test/wukong/test/nature/ILSVRC2012_val_00000019.JPEG
481,wukong,7686,GenImage_test/wukong/test/nature/ILSVRC2012_val_00024750.JPEG
481,wukong,7687,GenImage_test/wukong/test/ai/417_wukong_image61.png
481,wukong,7688,GenImage_test/wukong/test/ai/56_wukong_image128.png
481,wukong,7689,GenImage_test/wukong/test/nature/ILSVRC2012_val_00038882.JPEG
481,wukong,7690,GenImage_test/wukong/test/ai/732_wukong_image198.png
481,wukong,7691,GenImage_test/wukong/test/nature/ILSVRC2012_val_00014431.JPEG
482,wukong,7692,GenImage_test/wukong/test/ai/147_wukong_image88.png
482,wukong,7693,GenImage_test/wukong/test/nature/ILSVRC2012_val_00003085.JPEG
482,wukong,7694,GenImage_test/wukong/test/nature/ILSVRC2012_val_00030335.JPEG
482,wukong,7695,GenImage_test/wukong/test/ai/871_wukong_image88.png
482,wukong,7696,GenImage_test/wukong/test/ai/794_wukong_image188.png
482,wukong,7697,GenImage_test/wukong/test/nature/ILSVRC2012_val_00025941.JPEG
482,wukong,7698,GenImage_test/wukong/test/nature/ILSVRC2012_val_00049133.JPEG
482,wukong,7699,GenImage_test/wukong/test/nature/ILSVRC2012_val_00046575.JPEG
482,wukong,7700,GenImage_test/wukong/test/nature/ILSVRC2012_val_00001128.JPEG
482,wukong,7701,GenImage_test/wukong/test/nature/ILSVRC2012_val_00038374.JPEG
482,wukong,7702,GenImage_test/wukong/test/ai/540_wukong_image86.png
482,wukong,7703,GenImage_test/wukong/test/nature/ILSVRC2012_val_00012592.JPEG
482,wukong,7704,GenImage_test/wukong/test/nature/ILSVRC2012_val_00008172.JPEG
482,wukong,7705,GenImage_test/wukong/test/nature/ILSVRC2012_val_00010124.JPEG
482,wukong,7706,GenImage_test/wukong/test/nature/ILSVRC2012_val_00041584.JPEG
482,wukong,7707,GenImage_test/wukong/test/ai/496_wukong_image198.png
483,wukong,7708,GenImage_test/wukong/test/nature/ILSVRC2012_val_00017510.JPEG
483,wukong,7709,GenImage_test/wukong/test/ai/747_wukong_image188.png
483,wukong,7710,GenImage_test/wukong/test/nature/ILSVRC2012_val_00007562.JPEG
483,wukong,7711,GenImage_test/wukong/test/nature/ILSVRC2012_val_00007825.JPEG
483,wukong,7712,GenImage_test/wukong/test/ai/636_wukong_image88.png
483,wukong,7713,GenImage_test/wukong/test/ai/639_wukong_image86.png
483,wukong,7714,GenImage_test/wukong/test/ai/377_wukong_image128.png
483,wukong,7715,GenImage_test/wukong/test/nature/ILSVRC2012_val_00043410.JPEG
483,wukong,7716,GenImage_test/wukong/test/nature/ILSVRC2012_val_00044948.JPEG
483,wukong,7717,GenImage_test/wukong/test/ai/870_wukong_image61.png
483,wukong,7718,GenImage_test/wukong/test/nature/ILSVRC2012_val_00040118.JPEG
483,wukong,7719,GenImage_test/wukong/test/nature/ILSVRC2012_val_00049089.JPEG
483,wukong,7720,GenImage_test/wukong/test/nature/ILSVRC2012_val_00002334.JPEG
483,wukong,7721,GenImage_test/wukong/test/nature/ILSVRC2012_val_00030172.JPEG
483,wukong,7722,GenImage_test/wukong/test/nature/ILSVRC2012_val_00006559.JPEG
483,wukong,7723,GenImage_test/wukong/test/nature/ILSVRC2012_val_00007381.JPEG
484,wukong,7724,GenImage_test/wukong/test/ai/597_wukong_image198.png
484,wukong,7725,GenImage_test/wukong/test/ai/837_wukong_image188.png
484,wukong,7726,GenImage_test/wukong/test/ai/167_wukong_image61.png
484,wukong,7727,GenImage_test/wukong/test/ai/815_wukong_image61.png
484,wukong,7728,GenImage_test/wukong/test/nature/ILSVRC2012_val_00041246.JPEG
484,wukong,7729,GenImage_test/wukong/test/ai/40_wukong_image61.png
484,wukong,7730,GenImage_test/wukong/test/nature/ILSVRC2012_val_00016536.JPEG
484,wukong,7731,GenImage_test/wukong/test/ai/526_wukong_image188.png
484,wukong,7732,GenImage_test/wukong/test/ai/234_wukong_image198.png
484,wukong,7733,GenImage_test/wukong/test/ai/551_wukong_image86.png
484,wukong,7734,GenImage_test/wukong/test/ai/829_wukong_image188.png
484,wukong,7735,GenImage_test/wukong/test/ai/772_wukong_image86.png
484,wukong,7736,GenImage_test/wukong/test/ai/272_wukong_image198.png
484,wukong,7737,GenImage_test/wukong/test/nature/ILSVRC2012_val_00019863.JPEG
484,wukong,7738,GenImage_test/wukong/test/ai/819_wukong_image88.png
484,wukong,7739,GenImage_test/wukong/test/nature/ILSVRC2012_val_00008851.JPEG
485,wukong,7740,GenImage_test/wukong/test/nature/ILSVRC2012_val_00011575.JPEG
485,wukong,7741,GenImage_test/wukong/test/ai/74_wukong_image86.png
485,wukong,7742,GenImage_test/wukong/test/nature/ILSVRC2012_val_00044149.JPEG
485,wukong,7743,GenImage_test/wukong/test/ai/730_wukong_image128.png
485,wukong,7744,GenImage_test/wukong/test/ai/130_wukong_image128.png
485,wukong,7745,GenImage_test/wukong/test/ai/890_wukong_image198.png
485,wukong,7746,GenImage_test/wukong/test/ai/880_wukong_image128.png
485,wukong,7747,GenImage_test/wukong/test/ai/276_wukong_image198.png
485,wukong,7748,GenImage_test/wukong/test/nature/ILSVRC2012_val_00038789.JPEG
485,wukong,7749,GenImage_test/wukong/test/ai/564_wukong_image61.png
485,wukong,7750,GenImage_test/wukong/test/ai/296_wukong_image61.png
485,wukong,7751,GenImage_test/wukong/test/ai/284_wukong_image88.png
485,wukong,7752,GenImage_test/wukong/test/ai/220_wukong_image198.png
485,wukong,7753,GenImage_test/wukong/test/ai/64_wukong_image86.png
485,wukong,7754,GenImage_test/wukong/test/nature/ILSVRC2012_val_00018823.JPEG
485,wukong,7755,GenImage_test/wukong/test/ai/941_wukong_image128.png
486,wukong,7756,GenImage_test/wukong/test/nature/ILSVRC2012_val_00003217.JPEG
486,wukong,7757,GenImage_test/wukong/test/ai/347_wukong_image188.png
486,wukong,7758,GenImage_test/wukong/test/ai/94_wukong_image86.png
486,wukong,7759,GenImage_test/wukong/test/ai/848_wukong_image61.png
486,wukong,7760,GenImage_test/wukong/test/ai/946_wukong_image188.png
486,wukong,7761,GenImage_test/wukong/test/nature/ILSVRC2012_val_00019615.JPEG
486,wukong,7762,GenImage_test/wukong/test/nature/ILSVRC2012_val_00014189.JPEG
486,wukong,7763,GenImage_test/wukong/test/ai/833_wukong_image198.png
486,wukong,7764,GenImage_test/wukong/test/nature/ILSVRC2012_val_00015847.JPEG
486,wukong,7765,GenImage_test/wukong/test/ai/300_wukong_image198.png
486,wukong,7766,GenImage_test/wukong/test/ai/549_wukong_image86.png
486,wukong,7767,GenImage_test/wukong/test/ai/262_wukong_image61.png
486,wukong,7768,GenImage_test/wukong/test/nature/ILSVRC2012_val_00044482.JPEG
486,wukong,7769,GenImage_test/wukong/test/ai/104_wukong_image86.png
486,wukong,7770,GenImage_test/wukong/test/nature/ILSVRC2012_val_00036863.JPEG
486,wukong,7771,GenImage_test/wukong/test/ai/763_wukong_image61.png
487,wukong,7772,GenImage_test/wukong/test/ai/348_wukong_image88.png
487,wukong,7773,GenImage_test/wukong/test/nature/ILSVRC2012_val_00040923.JPEG
487,wukong,7774,GenImage_test/wukong/test/ai/716_wukong_image128.png
487,wukong,7775,GenImage_test/wukong/test/nature/ILSVRC2012_val_00022504.JPEG
487,wukong,7776,GenImage_test/wukong/test/nature/ILSVRC2012_val_00008981.JPEG
487,wukong,7777,GenImage_test/wukong/test/nature/ILSVRC2012_val_00027068.JPEG
487,wukong,7778,GenImage_test/wukong/test/nature/ILSVRC2012_val_00049273.JPEG
487,wukong,7779,GenImage_test/wukong/test/ai/388_wukong_image198.png
487,wukong,7780,GenImage_test/wukong/test/ai/75_wukong_image198.png
487,wukong,7781,GenImage_test/wukong/test/nature/ILSVRC2012_val_00033227.JPEG
487,wukong,7782,GenImage_test/wukong/test/ai/845_wukong_image198.png
487,wukong,7783,GenImage_test/wukong/test/nature/ILSVRC2012_val_00035084.JPEG
487,wukong,7784,GenImage_test/wukong/test/ai/786_wukong_image88.png
487,wukong,7785,GenImage_test/wukong/test/nature/ILSVRC2012_val_00026934.JPEG
487,wukong,7786,GenImage_test/wukong/test/nature/ILSVRC2012_val_00007243.JPEG
487,wukong,7787,GenImage_test/wukong/test/nature/ILSVRC2012_val_00045347.JPEG
488,wukong,7788,GenImage_test/wukong/test/ai/861_wukong_image188.png
488,wukong,7789,GenImage_test/wukong/test/ai/462_wukong_image86.png
488,wukong,7790,GenImage_test/wukong/test/ai/274_wukong_image188.png
488,wukong,7791,GenImage_test/wukong/test/nature/ILSVRC2012_val_00040100.JPEG
488,wukong,7792,GenImage_test/wukong/test/ai/450_wukong_image61.png
488,wukong,7793,GenImage_test/wukong/test/nature/ILSVRC2012_val_00039112.JPEG
488,wukong,7794,GenImage_test/wukong/test/ai/611_wukong_image88.png
488,wukong,7795,GenImage_test/wukong/test/nature/ILSVRC2012_val_00007997.JPEG
488,wukong,7796,GenImage_test/wukong/test/nature/ILSVRC2012_val_00032618.JPEG
488,wukong,7797,GenImage_test/wukong/test/ai/138_wukong_image61.png
488,wukong,7798,GenImage_test/wukong/test/nature/ILSVRC2012_val_00006648.JPEG
488,wukong,7799,GenImage_test/wukong/test/ai/295_wukong_image188.png
488,wukong,7800,GenImage_test/wukong/test/nature/ILSVRC2012_val_00007273.JPEG
488,wukong,7801,GenImage_test/wukong/test/nature/ILSVRC2012_val_00018793.JPEG
488,wukong,7802,GenImage_test/wukong/test/nature/ILSVRC2012_val_00023001.JPEG
488,wukong,7803,GenImage_test/wukong/test/ai/737_wukong_image188.png
489,wukong,7804,GenImage_test/wukong/test/nature/ILSVRC2012_val_00048325.JPEG
489,wukong,7805,GenImage_test/wukong/test/ai/129_wukong_image86.png
489,wukong,7806,GenImage_test/wukong/test/nature/ILSVRC2012_val_00031153.JPEG
489,wukong,7807,GenImage_test/wukong/test/ai/263_wukong_image198.png
489,wukong,7808,GenImage_test/wukong/test/ai/776_wukong_image61.png
489,wukong,7809,GenImage_test/wukong/test/nature/ILSVRC2012_val_00030888.JPEG
489,wukong,7810,GenImage_test/wukong/test/nature/ILSVRC2012_val_00036637.JPEG
489,wukong,7811,GenImage_test/wukong/test/ai/533_wukong_image88.png
489,wukong,7812,GenImage_test/wukong/test/nature/ILSVRC2012_val_00044683.JPEG
489,wukong,7813,GenImage_test/wukong/test/nature/ILSVRC2012_val_00010695.JPEG
489,wukong,7814,GenImage_test/wukong/test/nature/ILSVRC2012_val_00014330.JPEG
489,wukong,7815,GenImage_test/wukong/test/ai/866_wukong_image61.png
489,wukong,7816,GenImage_test/wukong/test/ai/319_wukong_image86.png
489,wukong,7817,GenImage_test/wukong/test/ai/412_wukong_image198.png
489,wukong,7818,GenImage_test/wukong/test/nature/ILSVRC2012_val_00020530.JPEG
489,wukong,7819,GenImage_test/wukong/test/nature/ILSVRC2012_val_00037166.JPEG
490,wukong,7820,GenImage_test/wukong/test/ai/170_wukong_image188.png
490,wukong,7821,GenImage_test/wukong/test/ai/160_wukong_image88.png
490,wukong,7822,GenImage_test/wukong/test/nature/ILSVRC2012_val_00011070.JPEG
490,wukong,7823,GenImage_test/wukong/test/ai/896_wukong_image128.png
490,wukong,7824,GenImage_test/wukong/test/nature/ILSVRC2012_val_00040245.JPEG
490,wukong,7825,GenImage_test/wukong/test/nature/ILSVRC2012_val_00013986.JPEG
490,wukong,7826,GenImage_test/wukong/test/nature/ILSVRC2012_val_00006334.JPEG
490,wukong,7827,GenImage_test/wukong/test/nature/ILSVRC2012_val_00023477.JPEG
490,wukong,7828,GenImage_test/wukong/test/ai/263_wukong_image188.png
490,wukong,7829,GenImage_test/wukong/test/nature/ILSVRC2012_val_00007131.JPEG
490,wukong,7830,GenImage_test/wukong/test/ai/465_wukong_image198.png
490,wukong,7831,GenImage_test/wukong/test/ai/82_wukong_image188.png
490,wukong,7832,GenImage_test/wukong/test/nature/ILSVRC2012_val_00045503.JPEG
490,wukong,7833,GenImage_test/wukong/test/nature/ILSVRC2012_val_00006631.JPEG
490,wukong,7834,GenImage_test/wukong/test/ai/335_wukong_image88.png
490,wukong,7835,GenImage_test/wukong/test/ai/590_wukong_image86.png
491,wukong,7836,GenImage_test/wukong/test/nature/ILSVRC2012_val_00006128.JPEG
491,wukong,7837,GenImage_test/wukong/test/ai/510_wukong_image128.png
491,wukong,7838,GenImage_test/wukong/test/nature/ILSVRC2012_val_00045346.JPEG
491,wukong,7839,GenImage_test/wukong/test/ai/526_wukong_image61.png
491,wukong,7840,GenImage_test/wukong/test/nature/ILSVRC2012_val_00016779.JPEG
491,wukong,7841,GenImage_test/wukong/test/nature/ILSVRC2012_val_00049146.JPEG
491,wukong,7842,GenImage_test/wukong/test/ai/72_wukong_image128.png
491,wukong,7843,GenImage_test/wukong/test/ai/623_wukong_image128.png
491,wukong,7844,GenImage_test/wukong/test/ai/67_wukong_image188.png
491,wukong,7845,GenImage_test/wukong/test/ai/275_wukong_image188.png
491,wukong,7846,GenImage_test/wukong/test/nature/ILSVRC2012_val_00013627.JPEG
491,wukong,7847,GenImage_test/wukong/test/nature/ILSVRC2012_val_00033704.JPEG
491,wukong,7848,GenImage_test/wukong/test/nature/ILSVRC2012_val_00020874.JPEG
491,wukong,7849,GenImage_test/wukong/test/nature/ILSVRC2012_val_00002865.JPEG
491,wukong,7850,GenImage_test/wukong/test/nature/ILSVRC2012_val_00009352.JPEG
491,wukong,7851,GenImage_test/wukong/test/nature/ILSVRC2012_val_00006572.JPEG
492,wukong,7852,GenImage_test/wukong/test/ai/118_wukong_image198.png
492,wukong,7853,GenImage_test/wukong/test/nature/ILSVRC2012_val_00036599.JPEG
492,wukong,7854,GenImage_test/wukong/test/ai/40_wukong_image128.png
492,wukong,7855,GenImage_test/wukong/test/nature/ILSVRC2012_val_00011597.JPEG
492,wukong,7856,GenImage_test/wukong/test/ai/749_wukong_image88.png
492,wukong,7857,GenImage_test/wukong/test/ai/935_wukong_image86.png
492,wukong,7858,GenImage_test/wukong/test/ai/198_wukong_image128.png
492,wukong,7859,GenImage_test/wukong/test/ai/227_wukong_image86.png
492,wukong,7860,GenImage_test/wukong/test/nature/ILSVRC2012_val_00021694.JPEG
492,wukong,7861,GenImage_test/wukong/test/nature/ILSVRC2012_val_00040089.JPEG
492,wukong,7862,GenImage_test/wukong/test/nature/ILSVRC2012_val_00043545.JPEG
492,wukong,7863,GenImage_test/wukong/test/nature/ILSVRC2012_val_00012568.JPEG
492,wukong,7864,GenImage_test/wukong/test/ai/421_wukong_image128.png
492,wukong,7865,GenImage_test/wukong/test/nature/ILSVRC2012_val_00042475.JPEG
492,wukong,7866,GenImage_test/wukong/test/ai/602_wukong_image188.png
492,wukong,7867,GenImage_test/wukong/test/ai/33_wukong_image88.png
493,wukong,7868,GenImage_test/wukong/test/nature/ILSVRC2012_val_00025750.JPEG
493,wukong,7869,GenImage_test/wukong/test/ai/237_wukong_image198.png
493,wukong,7870,GenImage_test/wukong/test/ai/775_wukong_image88.png
493,wukong,7871,GenImage_test/wukong/test/nature/ILSVRC2012_val_00016623.JPEG
493,wukong,7872,GenImage_test/wukong/test/ai/54_wukong_image128.png
493,wukong,7873,GenImage_test/wukong/test/nature/ILSVRC2012_val_00040227.JPEG
493,wukong,7874,GenImage_test/wukong/test/nature/ILSVRC2012_val_00047521.JPEG
493,wukong,7875,GenImage_test/wukong/test/ai/346_wukong_image86.png
493,wukong,7876,GenImage_test/wukong/test/nature/ILSVRC2012_val_00038646.JPEG
493,wukong,7877,GenImage_test/wukong/test/nature/ILSVRC2012_val_00034303.JPEG
493,wukong,7878,GenImage_test/wukong/test/nature/ILSVRC2012_val_00014434.JPEG
493,wukong,7879,GenImage_test/wukong/test/nature/ILSVRC2012_val_00023203.JPEG
493,wukong,7880,GenImage_test/wukong/test/nature/ILSVRC2012_val_00028595.JPEG
493,wukong,7881,GenImage_test/wukong/test/ai/145_wukong_image61.png
493,wukong,7882,GenImage_test/wukong/test/nature/ILSVRC2012_val_00010337.JPEG
493,wukong,7883,GenImage_test/wukong/test/ai/493_wukong_image188.png
494,wukong,7884,GenImage_test/wukong/test/nature/ILSVRC2012_val_00026802.JPEG
494,wukong,7885,GenImage_test/wukong/test/ai/117_wukong_image61.png
494,wukong,7886,GenImage_test/wukong/test/ai/664_wukong_image61.png
494,wukong,7887,GenImage_test/wukong/test/ai/409_wukong_image198.png
494,wukong,7888,GenImage_test/wukong/test/ai/859_wukong_image61.png
494,wukong,7889,GenImage_test/wukong/test/nature/ILSVRC2012_val_00000430.JPEG
494,wukong,7890,GenImage_test/wukong/test/ai/845_wukong_image88.png
494,wukong,7891,GenImage_test/wukong/test/nature/ILSVRC2012_val_00049241.JPEG
494,wukong,7892,GenImage_test/wukong/test/ai/202_wukong_image188.png
494,wukong,7893,GenImage_test/wukong/test/nature/ILSVRC2012_val_00026875.JPEG
494,wukong,7894,GenImage_test/wukong/test/nature/ILSVRC2012_val_00005831.JPEG
494,wukong,7895,GenImage_test/wukong/test/ai/606_wukong_image128.png
494,wukong,7896,GenImage_test/wukong/test/nature/ILSVRC2012_val_00039629.JPEG
494,wukong,7897,GenImage_test/wukong/test/ai/835_wukong_image61.png
494,wukong,7898,GenImage_test/wukong/test/nature/ILSVRC2012_val_00048367.JPEG
494,wukong,7899,GenImage_test/wukong/test/nature/ILSVRC2012_val_00026880.JPEG
495,wukong,7900,GenImage_test/wukong/test/ai/143_wukong_image198.png
495,wukong,7901,GenImage_test/wukong/test/nature/ILSVRC2012_val_00032375.JPEG
495,wukong,7902,GenImage_test/wukong/test/ai/175_wukong_image86.png
495,wukong,7903,GenImage_test/wukong/test/nature/ILSVRC2012_val_00021965.JPEG
495,wukong,7904,GenImage_test/wukong/test/nature/ILSVRC2012_val_00030377.JPEG
495,wukong,7905,GenImage_test/wukong/test/ai/907_wukong_image198.png
495,wukong,7906,GenImage_test/wukong/test/ai/219_wukong_image88.png
495,wukong,7907,GenImage_test/wukong/test/nature/ILSVRC2012_val_00038479.JPEG
495,wukong,7908,GenImage_test/wukong/test/nature/ILSVRC2012_val_00013683.JPEG
495,wukong,7909,GenImage_test/wukong/test/ai/102_wukong_image86.png
495,wukong,7910,GenImage_test/wukong/test/ai/386_wukong_image198.png
495,wukong,7911,GenImage_test/wukong/test/ai/272_wukong_image128.png
495,wukong,7912,GenImage_test/wukong/test/nature/ILSVRC2012_val_00029998.JPEG
495,wukong,7913,GenImage_test/wukong/test/ai/867_wukong_image128.png
495,wukong,7914,GenImage_test/wukong/test/ai/353_wukong_image61.png
495,wukong,7915,GenImage_test/wukong/test/nature/ILSVRC2012_val_00049643.JPEG
496,wukong,7916,GenImage_test/wukong/test/nature/ILSVRC2012_val_00015914.JPEG
496,wukong,7917,GenImage_test/wukong/test/nature/ILSVRC2012_val_00047048.JPEG
496,wukong,7918,GenImage_test/wukong/test/nature/ILSVRC2012_val_00032236.JPEG
496,wukong,7919,GenImage_test/wukong/test/nature/ILSVRC2012_val_00035711.JPEG
496,wukong,7920,GenImage_test/wukong/test/nature/ILSVRC2012_val_00015817.JPEG
496,wukong,7921,GenImage_test/wukong/test/ai/266_wukong_image61.png
496,wukong,7922,GenImage_test/wukong/test/ai/317_wukong_image61.png
496,wukong,7923,GenImage_test/wukong/test/nature/ILSVRC2012_val_00043534.JPEG
496,wukong,7924,GenImage_test/wukong/test/ai/229_wukong_image61.png
496,wukong,7925,GenImage_test/wukong/test/ai/321_wukong_image198.png
496,wukong,7926,GenImage_test/wukong/test/ai/547_wukong_image128.png
496,wukong,7927,GenImage_test/wukong/test/ai/636_wukong_image198.png
496,wukong,7928,GenImage_test/wukong/test/nature/ILSVRC2012_val_00036691.JPEG
496,wukong,7929,GenImage_test/wukong/test/ai/605_wukong_image198.png
496,wukong,7930,GenImage_test/wukong/test/nature/ILSVRC2012_val_00024893.JPEG
496,wukong,7931,GenImage_test/wukong/test/ai/499_wukong_image188.png
497,wukong,7932,GenImage_test/wukong/test/nature/ILSVRC2012_val_00003831.JPEG
497,wukong,7933,GenImage_test/wukong/test/nature/ILSVRC2012_val_00038028.JPEG
497,wukong,7934,GenImage_test/wukong/test/ai/152_wukong_image188.png
497,wukong,7935,GenImage_test/wukong/test/nature/ILSVRC2012_val_00048653.JPEG
497,wukong,7936,GenImage_test/wukong/test/nature/ILSVRC2012_val_00049411.JPEG
497,wukong,7937,GenImage_test/wukong/test/ai/838_wukong_image198.png
497,wukong,7938,GenImage_test/wukong/test/ai/580_wukong_image198.png
497,wukong,7939,GenImage_test/wukong/test/nature/ILSVRC2012_val_00009753.JPEG
497,wukong,7940,GenImage_test/wukong/test/nature/ILSVRC2012_val_00018427.JPEG
497,wukong,7941,GenImage_test/wukong/test/ai/539_wukong_image188.png
497,wukong,7942,GenImage_test/wukong/test/nature/ILSVRC2012_val_00019889.JPEG
497,wukong,7943,GenImage_test/wukong/test/ai/39_wukong_image88.png
497,wukong,7944,GenImage_test/wukong/test/ai/428_wukong_image188.png
497,wukong,7945,GenImage_test/wukong/test/nature/ILSVRC2012_val_00021476.JPEG
497,wukong,7946,GenImage_test/wukong/test/nature/ILSVRC2012_val_00009387.JPEG
497,wukong,7947,GenImage_test/wukong/test/ai/38_wukong_image86.png
498,wukong,7948,GenImage_test/wukong/test/ai/447_wukong_image188.png
498,wukong,7949,GenImage_test/wukong/test/ai/537_wukong_image86.png
498,wukong,7950,GenImage_test/wukong/test/ai/155_wukong_image188.png
498,wukong,7951,GenImage_test/wukong/test/ai/459_wukong_image198.png
498,wukong,7952,GenImage_test/wukong/test/ai/924_wukong_image61.png
498,wukong,7953,GenImage_test/wukong/test/ai/245_wukong_image128.png
498,wukong,7954,GenImage_test/wukong/test/nature/ILSVRC2012_val_00032059.JPEG
498,wukong,7955,GenImage_test/wukong/test/ai/165_wukong_image198.png
498,wukong,7956,GenImage_test/wukong/test/nature/ILSVRC2012_val_00034921.JPEG
498,wukong,7957,GenImage_test/wukong/test/nature/ILSVRC2012_val_00026930.JPEG
498,wukong,7958,GenImage_test/wukong/test/ai/428_wukong_image61.png
498,wukong,7959,GenImage_test/wukong/test/nature/ILSVRC2012_val_00037698.JPEG
498,wukong,7960,GenImage_test/wukong/test/ai/559_wukong_image188.png
498,wukong,7961,GenImage_test/wukong/test/ai/470_wukong_image61.png
498,wukong,7962,GenImage_test/wukong/test/nature/ILSVRC2012_val_00020271.JPEG
498,wukong,7963,GenImage_test/wukong/test/nature/ILSVRC2012_val_00040917.JPEG
499,wukong,7964,GenImage_test/wukong/test/nature/ILSVRC2012_val_00005702.JPEG
499,wukong,7965,GenImage_test/wukong/test/ai/589_wukong_image198.png
499,wukong,7966,GenImage_test/wukong/test/ai/634_wukong_image128.png
499,wukong,7967,GenImage_test/wukong/test/nature/ILSVRC2012_val_00029594.JPEG
499,wukong,7968,GenImage_test/wukong/test/ai/569_wukong_image188.png
499,wukong,7969,GenImage_test/wukong/test/nature/ILSVRC2012_val_00007611.JPEG
499,wukong,7970,GenImage_test/wukong/test/nature/ILSVRC2012_val_00005678.JPEG
499,wukong,7971,GenImage_test/wukong/test/nature/ILSVRC2012_val_00002515.JPEG
499,wukong,7972,GenImage_test/wukong/test/nature/ILSVRC2012_val_00022321.JPEG
499,wukong,7973,GenImage_test/wukong/test/nature/ILSVRC2012_val_00039645.JPEG
499,wukong,7974,GenImage_test/wukong/test/ai/569_wukong_image128.png
499,wukong,7975,GenImage_test/wukong/test/nature/ILSVRC2012_val_00023518.JPEG
499,wukong,7976,GenImage_test/wukong/test/ai/534_wukong_image188.png
499,wukong,7977,GenImage_test/wukong/test/ai/747_wukong_image198.png
499,wukong,7978,GenImage_test/wukong/test/ai/672_wukong_image198.png
499,wukong,7979,GenImage_test/wukong/test/ai/154_wukong_image61.png
500,wukong,7980,GenImage_test/wukong/test/ai/525_wukong_image198.png
500,wukong,7981,GenImage_test/wukong/test/nature/ILSVRC2012_val_00039560.JPEG
500,wukong,7982,GenImage_test/wukong/test/ai/527_wukong_image128.png
500,wukong,7983,GenImage_test/wukong/test/nature/ILSVRC2012_val_00026929.JPEG
500,wukong,7984,GenImage_test/wukong/test/nature/ILSVRC2012_val_00007264.JPEG
500,wukong,7985,GenImage_test/wukong/test/ai/720_wukong_image128.png
500,wukong,7986,GenImage_test/wukong/test/ai/177_wukong_image88.png
500,wukong,7987,GenImage_test/wukong/test/ai/988_wukong_image61.png
500,wukong,7988,GenImage_test/wukong/test/ai/605_wukong_image61.png
500,wukong,7989,GenImage_test/wukong/test/nature/ILSVRC2012_val_00032905.JPEG
500,wukong,7990,GenImage_test/wukong/test/ai/452_wukong_image61.png
500,wukong,7991,GenImage_test/wukong/test/ai/295_wukong_image88.png
500,wukong,7992,GenImage_test/wukong/test/ai/357_wukong_image188.png
500,wukong,7993,GenImage_test/wukong/test/nature/ILSVRC2012_val_00039306.JPEG
500,wukong,7994,GenImage_test/wukong/test/ai/803_wukong_image198.png
500,wukong,7995,GenImage_test/wukong/test/ai/773_wukong_image61.png
501,wukong,7996,GenImage_test/wukong/test/ai/290_wukong_image61.png
501,wukong,7997,GenImage_test/wukong/test/ai/655_wukong_image88.png
501,wukong,7998,GenImage_test/wukong/test/ai/137_wukong_image88.png
501,wukong,7999,GenImage_test/wukong/test/ai/129_wukong_image88.png
501,wukong,8000,GenImage_test/wukong/test/ai/189_wukong_image198.png
501,wukong,8001,GenImage_test/wukong/test/ai/507_wukong_image188.png
501,wukong,8002,GenImage_test/wukong/test/nature/ILSVRC2012_val_00041725.JPEG
501,wukong,8003,GenImage_test/wukong/test/ai/5_wukong_image61.png
501,wukong,8004,GenImage_test/wukong/test/nature/ILSVRC2012_val_00019581.JPEG
501,wukong,8005,GenImage_test/wukong/test/ai/12_wukong_image61.png
501,wukong,8006,GenImage_test/wukong/test/nature/ILSVRC2012_val_00005986.JPEG
501,wukong,8007,GenImage_test/wukong/test/ai/323_wukong_image86.png
501,wukong,8008,GenImage_test/wukong/test/nature/ILSVRC2012_val_00043282.JPEG
501,wukong,8009,GenImage_test/wukong/test/ai/654_wukong_image88.png
501,wukong,8010,GenImage_test/wukong/test/ai/146_wukong_image61.png
501,wukong,8011,GenImage_test/wukong/test/nature/ILSVRC2012_val_00012148.JPEG
502,wukong,8012,GenImage_test/wukong/test/nature/ILSVRC2012_val_00023793.JPEG
502,wukong,8013,GenImage_test/wukong/test/ai/259_wukong_image198.png
502,wukong,8014,GenImage_test/wukong/test/nature/ILSVRC2012_val_00008242.JPEG
502,wukong,8015,GenImage_test/wukong/test/nature/ILSVRC2012_val_00026488.JPEG
502,wukong,8016,GenImage_test/wukong/test/nature/ILSVRC2012_val_00026056.JPEG
502,wukong,8017,GenImage_test/wukong/test/ai/561_wukong_image128.png
502,wukong,8018,GenImage_test/wukong/test/ai/168_wukong_image198.png
502,wukong,8019,GenImage_test/wukong/test/ai/27_wukong_image61.png
502,wukong,8020,GenImage_test/wukong/test/nature/ILSVRC2012_val_00027261.JPEG
502,wukong,8021,GenImage_test/wukong/test/ai/436_wukong_image188.png
502,wukong,8022,GenImage_test/wukong/test/nature/ILSVRC2012_val_00040547.JPEG
502,wukong,8023,GenImage_test/wukong/test/nature/ILSVRC2012_val_00043233.JPEG
502,wukong,8024,GenImage_test/wukong/test/nature/ILSVRC2012_val_00002500.JPEG
502,wukong,8025,GenImage_test/wukong/test/ai/238_wukong_image86.png
502,wukong,8026,GenImage_test/wukong/test/nature/ILSVRC2012_val_00011676.JPEG
502,wukong,8027,GenImage_test/wukong/test/ai/774_wukong_image88.png
503,wukong,8028,GenImage_test/wukong/test/nature/ILSVRC2012_val_00009281.JPEG
503,wukong,8029,GenImage_test/wukong/test/ai/48_wukong_image198.png
503,wukong,8030,GenImage_test/wukong/test/nature/ILSVRC2012_val_00001543.JPEG
503,wukong,8031,GenImage_test/wukong/test/ai/25_wukong_image128.png
503,wukong,8032,GenImage_test/wukong/test/ai/542_wukong_image86.png
503,wukong,8033,GenImage_test/wukong/test/nature/ILSVRC2012_val_00021039.JPEG
503,wukong,8034,GenImage_test/wukong/test/ai/548_wukong_image88.png
503,wukong,8035,GenImage_test/wukong/test/ai/721_wukong_image128.png
503,wukong,8036,GenImage_test/wukong/test/nature/ILSVRC2012_val_00014597.JPEG
503,wukong,8037,GenImage_test/wukong/test/ai/799_wukong_image61.png
503,wukong,8038,GenImage_test/wukong/test/ai/938_wukong_image198.png
503,wukong,8039,GenImage_test/wukong/test/nature/ILSVRC2012_val_00028242.JPEG
503,wukong,8040,GenImage_test/wukong/test/ai/393_wukong_image198.png
503,wukong,8041,GenImage_test/wukong/test/ai/318_wukong_image88.png
503,wukong,8042,GenImage_test/wukong/test/ai/661_wukong_image86.png
503,wukong,8043,GenImage_test/wukong/test/ai/994_wukong_image198.png
504,wukong,8044,GenImage_test/wukong/test/nature/ILSVRC2012_val_00011725.JPEG
504,wukong,8045,GenImage_test/wukong/test/ai/980_wukong_image86.png
504,wukong,8046,GenImage_test/wukong/test/ai/398_wukong_image88.png
504,wukong,8047,GenImage_test/wukong/test/ai/58_wukong_image188.png
504,wukong,8048,GenImage_test/wukong/test/ai/977_wukong_image88.png
504,wukong,8049,GenImage_test/wukong/test/nature/ILSVRC2012_val_00034646.JPEG
504,wukong,8050,GenImage_test/wukong/test/ai/323_wukong_image128.png
504,wukong,8051,GenImage_test/wukong/test/ai/547_wukong_image88.png
504,wukong,8052,GenImage_test/wukong/test/nature/ILSVRC2012_val_00026469.JPEG
504,wukong,8053,GenImage_test/wukong/test/nature/ILSVRC2012_val_00013001.JPEG
504,wukong,8054,GenImage_test/wukong/test/nature/ILSVRC2012_val_00016949.JPEG
504,wukong,8055,GenImage_test/wukong/test/nature/ILSVRC2012_val_00022674.JPEG
504,wukong,8056,GenImage_test/wukong/test/nature/ILSVRC2012_val_00020621.JPEG
504,wukong,8057,GenImage_test/wukong/test/ai/428_wukong_image86.png
504,wukong,8058,GenImage_test/wukong/test/ai/434_wukong_image198.png
504,wukong,8059,GenImage_test/wukong/test/ai/520_wukong_image128.png
505,wukong,8060,GenImage_test/wukong/test/nature/ILSVRC2012_val_00024535.JPEG
505,wukong,8061,GenImage_test/wukong/test/ai/233_wukong_image128.png
505,wukong,8062,GenImage_test/wukong/test/ai/572_wukong_image88.png
505,wukong,8063,GenImage_test/wukong/test/nature/ILSVRC2012_val_00035722.JPEG
505,wukong,8064,GenImage_test/wukong/test/nature/ILSVRC2012_val_00008066.JPEG
505,wukong,8065,GenImage_test/wukong/test/nature/ILSVRC2012_val_00023540.JPEG
505,wukong,8066,GenImage_test/wukong/test/ai/288_wukong_image86.png
505,wukong,8067,GenImage_test/wukong/test/ai/237_wukong_image61.png
505,wukong,8068,GenImage_test/wukong/test/nature/ILSVRC2012_val_00046908.JPEG
505,wukong,8069,GenImage_test/wukong/test/nature/ILSVRC2012_val_00047231.JPEG
505,wukong,8070,GenImage_test/wukong/test/ai/102_wukong_image128.png
505,wukong,8071,GenImage_test/wukong/test/ai/40_wukong_image188.png
505,wukong,8072,GenImage_test/wukong/test/ai/27_wukong_image128.png
505,wukong,8073,GenImage_test/wukong/test/nature/ILSVRC2012_val_00019089.JPEG
505,wukong,8074,GenImage_test/wukong/test/ai/277_wukong_image128.png
505,wukong,8075,GenImage_test/wukong/test/ai/618_wukong_image198.png
506,wukong,8076,GenImage_test/wukong/test/ai/561_wukong_image88.png
506,wukong,8077,GenImage_test/wukong/test/nature/ILSVRC2012_val_00013209.JPEG
506,wukong,8078,GenImage_test/wukong/test/nature/ILSVRC2012_val_00046784.JPEG
506,wukong,8079,GenImage_test/wukong/test/nature/ILSVRC2012_val_00040986.JPEG
506,wukong,8080,GenImage_test/wukong/test/nature/ILSVRC2012_val_00049320.JPEG
506,wukong,8081,GenImage_test/wukong/test/nature/ILSVRC2012_val_00040043.JPEG
506,wukong,8082,GenImage_test/wukong/test/ai/456_wukong_image86.png
506,wukong,8083,GenImage_test/wukong/test/nature/ILSVRC2012_val_00033624.JPEG
506,wukong,8084,GenImage_test/wukong/test/nature/ILSVRC2012_val_00030329.JPEG
506,wukong,8085,GenImage_test/wukong/test/ai/513_wukong_image128.png
506,wukong,8086,GenImage_test/wukong/test/ai/581_wukong_image198.png
506,wukong,8087,GenImage_test/wukong/test/nature/ILSVRC2012_val_00033788.JPEG
506,wukong,8088,GenImage_test/wukong/test/ai/796_wukong_image198.png
506,wukong,8089,GenImage_test/wukong/test/ai/149_wukong_image61.png
506,wukong,8090,GenImage_test/wukong/test/ai/280_wukong_image86.png
506,wukong,8091,GenImage_test/wukong/test/nature/ILSVRC2012_val_00038179.JPEG
507,wukong,8092,GenImage_test/wukong/test/nature/ILSVRC2012_val_00030391.JPEG
507,wukong,8093,GenImage_test/wukong/test/nature/ILSVRC2012_val_00035776.JPEG
507,wukong,8094,GenImage_test/wukong/test/nature/ILSVRC2012_val_00016086.JPEG
507,wukong,8095,GenImage_test/wukong/test/nature/ILSVRC2012_val_00044845.JPEG
507,wukong,8096,GenImage_test/wukong/test/ai/654_wukong_image61.png
507,wukong,8097,GenImage_test/wukong/test/nature/ILSVRC2012_val_00018295.JPEG
507,wukong,8098,GenImage_test/wukong/test/ai/416_wukong_image188.png
507,wukong,8099,GenImage_test/wukong/test/nature/ILSVRC2012_val_00002243.JPEG
507,wukong,8100,GenImage_test/wukong/test/nature/ILSVRC2012_val_00007598.JPEG
507,wukong,8101,GenImage_test/wukong/test/ai/15_wukong_image198.png
507,wukong,8102,GenImage_test/wukong/test/ai/531_wukong_image61.png
507,wukong,8103,GenImage_test/wukong/test/ai/840_wukong_image188.png
507,wukong,8104,GenImage_test/wukong/test/ai/774_wukong_image198.png
507,wukong,8105,GenImage_test/wukong/test/ai/383_wukong_image86.png
507,wukong,8106,GenImage_test/wukong/test/nature/ILSVRC2012_val_00034889.JPEG
507,wukong,8107,GenImage_test/wukong/test/nature/ILSVRC2012_val_00041934.JPEG
508,wukong,8108,GenImage_test/wukong/test/ai/911_wukong_image86.png
508,wukong,8109,GenImage_test/wukong/test/nature/ILSVRC2012_val_00030895.JPEG
508,wukong,8110,GenImage_test/wukong/test/ai/834_wukong_image188.png
508,wukong,8111,GenImage_test/wukong/test/ai/882_wukong_image188.png
508,wukong,8112,GenImage_test/wukong/test/nature/ILSVRC2012_val_00032502.JPEG
508,wukong,8113,GenImage_test/wukong/test/nature/ILSVRC2012_val_00049861.JPEG
508,wukong,8114,GenImage_test/wukong/test/nature/ILSVRC2012_val_00015769.JPEG
508,wukong,8115,GenImage_test/wukong/test/ai/74_wukong_image88.png
508,wukong,8116,GenImage_test/wukong/test/ai/483_wukong_image86.png
508,wukong,8117,GenImage_test/wukong/test/nature/ILSVRC2012_val_00047414.JPEG
508,wukong,8118,GenImage_test/wukong/test/ai/136_wukong_image188.png
508,wukong,8119,GenImage_test/wukong/test/nature/ILSVRC2012_val_00004406.JPEG
508,wukong,8120,GenImage_test/wukong/test/ai/950_wukong_image88.png
508,wukong,8121,GenImage_test/wukong/test/nature/ILSVRC2012_val_00006145.JPEG
508,wukong,8122,GenImage_test/wukong/test/ai/917_wukong_image128.png
508,wukong,8123,GenImage_test/wukong/test/nature/ILSVRC2012_val_00027218.JPEG
509,wukong,8124,GenImage_test/wukong/test/nature/ILSVRC2012_val_00012599.JPEG
509,wukong,8125,GenImage_test/wukong/test/nature/ILSVRC2012_val_00020302.JPEG
509,wukong,8126,GenImage_test/wukong/test/ai/800_wukong_image86.png
509,wukong,8127,GenImage_test/wukong/test/ai/575_wukong_image61.png
509,wukong,8128,GenImage_test/wukong/test/ai/226_wukong_image88.png
509,wukong,8129,GenImage_test/wukong/test/ai/246_wukong_image86.png
509,wukong,8130,GenImage_test/wukong/test/nature/ILSVRC2012_val_00006432.JPEG
509,wukong,8131,GenImage_test/wukong/test/ai/673_wukong_image61.png
509,wukong,8132,GenImage_test/wukong/test/ai/318_wukong_image86.png
509,wukong,8133,GenImage_test/wukong/test/nature/ILSVRC2012_val_00026244.JPEG
509,wukong,8134,GenImage_test/wukong/test/ai/790_wukong_image86.png
509,wukong,8135,GenImage_test/wukong/test/nature/ILSVRC2012_val_00040808.JPEG
509,wukong,8136,GenImage_test/wukong/test/ai/474_wukong_image61.png
509,wukong,8137,GenImage_test/wukong/test/ai/188_wukong_image188.png
509,wukong,8138,GenImage_test/wukong/test/nature/ILSVRC2012_val_00003041.JPEG
509,wukong,8139,GenImage_test/wukong/test/nature/ILSVRC2012_val_00020088.JPEG
510,wukong,8140,GenImage_test/wukong/test/nature/ILSVRC2012_val_00026478.JPEG
510,wukong,8141,GenImage_test/wukong/test/ai/629_wukong_image86.png
510,wukong,8142,GenImage_test/wukong/test/nature/ILSVRC2012_val_00043827.JPEG
510,wukong,8143,GenImage_test/wukong/test/ai/104_wukong_image61.png
510,wukong,8144,GenImage_test/wukong/test/ai/344_wukong_image188.png
510,wukong,8145,GenImage_test/wukong/test/ai/748_wukong_image88.png
510,wukong,8146,GenImage_test/wukong/test/ai/464_wukong_image88.png
510,wukong,8147,GenImage_test/wukong/test/nature/ILSVRC2012_val_00007860.JPEG
510,wukong,8148,GenImage_test/wukong/test/nature/ILSVRC2012_val_00045165.JPEG
510,wukong,8149,GenImage_test/wukong/test/ai/922_wukong_image198.png
510,wukong,8150,GenImage_test/wukong/test/ai/293_wukong_image198.png
510,wukong,8151,GenImage_test/wukong/test/ai/677_wukong_image86.png
510,wukong,8152,GenImage_test/wukong/test/ai/700_wukong_image198.png
510,wukong,8153,GenImage_test/wukong/test/nature/ILSVRC2012_val_00002969.JPEG
510,wukong,8154,GenImage_test/wukong/test/nature/ILSVRC2012_val_00036491.JPEG
510,wukong,8155,GenImage_test/wukong/test/ai/302_wukong_image188.png
511,wukong,8156,GenImage_test/wukong/test/ai/956_wukong_image61.png
511,wukong,8157,GenImage_test/wukong/test/ai/541_wukong_image198.png
511,wukong,8158,GenImage_test/wukong/test/nature/ILSVRC2012_val_00020976.JPEG
511,wukong,8159,GenImage_test/wukong/test/nature/ILSVRC2012_val_00015668.JPEG
511,wukong,8160,GenImage_test/wukong/test/ai/844_wukong_image128.png
511,wukong,8161,GenImage_test/wukong/test/ai/162_wukong_image61.png
511,wukong,8162,GenImage_test/wukong/test/ai/904_wukong_image61.png
511,wukong,8163,GenImage_test/wukong/test/ai/0_wukong_image88.png
511,wukong,8164,GenImage_test/wukong/test/nature/ILSVRC2012_val_00039396.JPEG
511,wukong,8165,GenImage_test/wukong/test/ai/789_wukong_image88.png
511,wukong,8166,GenImage_test/wukong/test/nature/ILSVRC2012_val_00036763.JPEG
511,wukong,8167,GenImage_test/wukong/test/ai/906_wukong_image198.png
511,wukong,8168,GenImage_test/wukong/test/ai/181_wukong_image86.png
511,wukong,8169,GenImage_test/wukong/test/nature/ILSVRC2012_val_00014786.JPEG
511,wukong,8170,GenImage_test/wukong/test/nature/ILSVRC2012_val_00016428.JPEG
511,wukong,8171,GenImage_test/wukong/test/ai/983_wukong_image128.png
512,wukong,8172,GenImage_test/wukong/test/nature/ILSVRC2012_val_00013400.JPEG
512,wukong,8173,GenImage_test/wukong/test/nature/ILSVRC2012_val_00047393.JPEG
512,wukong,8174,GenImage_test/wukong/test/ai/502_wukong_image128.png
512,wukong,8175,GenImage_test/wukong/test/ai/987_wukong_image198.png
512,wukong,8176,GenImage_test/wukong/test/nature/ILSVRC2012_val_00048353.JPEG
512,wukong,8177,GenImage_test/wukong/test/nature/ILSVRC2012_val_00027660.JPEG
512,wukong,8178,GenImage_test/wukong/test/nature/ILSVRC2012_val_00000344.JPEG
512,wukong,8179,GenImage_test/wukong/test/nature/ILSVRC2012_val_00002910.JPEG
512,wukong,8180,GenImage_test/wukong/test/nature/ILSVRC2012_val_00032675.JPEG
512,wukong,8181,GenImage_test/wukong/test/nature/ILSVRC2012_val_00020751.JPEG
512,wukong,8182,GenImage_test/wukong/test/ai/992_wukong_image61.png
512,wukong,8183,GenImage_test/wukong/test/ai/584_wukong_image61.png
512,wukong,8184,GenImage_test/wukong/test/ai/2_wukong_image61.png
512,wukong,8185,GenImage_test/wukong/test/nature/ILSVRC2012_val_00035515.JPEG
512,wukong,8186,GenImage_test/wukong/test/nature/ILSVRC2012_val_00049667.JPEG
512,wukong,8187,GenImage_test/wukong/test/nature/ILSVRC2012_val_00010853.JPEG
513,wukong,8188,GenImage_test/wukong/test/ai/779_wukong_image198.png
513,wukong,8189,GenImage_test/wukong/test/nature/ILSVRC2012_val_00040304.JPEG
513,wukong,8190,GenImage_test/wukong/test/nature/ILSVRC2012_val_00014621.JPEG
513,wukong,8191,GenImage_test/wukong/test/nature/ILSVRC2012_val_00000448.JPEG
513,wukong,8192,GenImage_test/wukong/test/nature/ILSVRC2012_val_00039375.JPEG
513,wukong,8193,GenImage_test/wukong/test/ai/866_wukong_image86.png
513,wukong,8194,GenImage_test/wukong/test/nature/ILSVRC2012_val_00021795.JPEG
513,wukong,8195,GenImage_test/wukong/test/ai/200_wukong_image61.png
513,wukong,8196,GenImage_test/wukong/test/nature/ILSVRC2012_val_00002720.JPEG
513,wukong,8197,GenImage_test/wukong/test/nature/ILSVRC2012_val_00039176.JPEG
513,wukong,8198,GenImage_test/wukong/test/ai/781_wukong_image128.png
513,wukong,8199,GenImage_test/wukong/test/nature/ILSVRC2012_val_00025137.JPEG
513,wukong,8200,GenImage_test/wukong/test/ai/607_wukong_image128.png
513,wukong,8201,GenImage_test/wukong/test/nature/ILSVRC2012_val_00021335.JPEG
513,wukong,8202,GenImage_test/wukong/test/nature/ILSVRC2012_val_00013479.JPEG
513,wukong,8203,GenImage_test/wukong/test/ai/352_wukong_image198.png
514,wukong,8204,GenImage_test/wukong/test/nature/ILSVRC2012_val_00010277.JPEG
514,wukong,8205,GenImage_test/wukong/test/ai/80_wukong_image61.png
514,wukong,8206,GenImage_test/wukong/test/ai/136_wukong_image61.png
514,wukong,8207,GenImage_test/wukong/test/ai/554_wukong_image128.png
514,wukong,8208,GenImage_test/wukong/test/nature/ILSVRC2012_val_00013029.JPEG
514,wukong,8209,GenImage_test/wukong/test/ai/350_wukong_image128.png
514,wukong,8210,GenImage_test/wukong/test/ai/571_wukong_image86.png
514,wukong,8211,GenImage_test/wukong/test/nature/ILSVRC2012_val_00010591.JPEG
514,wukong,8212,GenImage_test/wukong/test/nature/ILSVRC2012_val_00040342.JPEG
514,wukong,8213,GenImage_test/wukong/test/ai/995_wukong_image188.png
514,wukong,8214,GenImage_test/wukong/test/ai/758_wukong_image61.png
514,wukong,8215,GenImage_test/wukong/test/ai/19_wukong_image128.png
514,wukong,8216,GenImage_test/wukong/test/ai/438_wukong_image88.png
514,wukong,8217,GenImage_test/wukong/test/ai/923_wukong_image128.png
514,wukong,8218,GenImage_test/wukong/test/ai/109_wukong_image61.png
514,wukong,8219,GenImage_test/wukong/test/ai/281_wukong_image188.png
515,wukong,8220,GenImage_test/wukong/test/nature/ILSVRC2012_val_00017116.JPEG
515,wukong,8221,GenImage_test/wukong/test/nature/ILSVRC2012_val_00009896.JPEG
515,wukong,8222,GenImage_test/wukong/test/nature/ILSVRC2012_val_00021136.JPEG
515,wukong,8223,GenImage_test/wukong/test/ai/305_wukong_image198.png
515,wukong,8224,GenImage_test/wukong/test/nature/ILSVRC2012_val_00015816.JPEG
515,wukong,8225,GenImage_test/wukong/test/ai/756_wukong_image188.png
515,wukong,8226,GenImage_test/wukong/test/nature/ILSVRC2012_val_00040571.JPEG
515,wukong,8227,GenImage_test/wukong/test/nature/ILSVRC2012_val_00002447.JPEG
515,wukong,8228,GenImage_test/wukong/test/nature/ILSVRC2012_val_00024084.JPEG
515,wukong,8229,GenImage_test/wukong/test/ai/224_wukong_image88.png
515,wukong,8230,GenImage_test/wukong/test/nature/ILSVRC2012_val_00041040.JPEG
515,wukong,8231,GenImage_test/wukong/test/nature/ILSVRC2012_val_00047866.JPEG
515,wukong,8232,GenImage_test/wukong/test/ai/349_wukong_image188.png
515,wukong,8233,GenImage_test/wukong/test/nature/ILSVRC2012_val_00010753.JPEG
515,wukong,8234,GenImage_test/wukong/test/ai/580_wukong_image128.png
515,wukong,8235,GenImage_test/wukong/test/nature/ILSVRC2012_val_00047121.JPEG
516,wukong,8236,GenImage_test/wukong/test/ai/127_wukong_image188.png
516,wukong,8237,GenImage_test/wukong/test/ai/959_wukong_image188.png
516,wukong,8238,GenImage_test/wukong/test/nature/ILSVRC2012_val_00011982.JPEG
516,wukong,8239,GenImage_test/wukong/test/nature/ILSVRC2012_val_00044292.JPEG
516,wukong,8240,GenImage_test/wukong/test/ai/399_wukong_image86.png
516,wukong,8241,GenImage_test/wukong/test/nature/ILSVRC2012_val_00012620.JPEG
516,wukong,8242,GenImage_test/wukong/test/ai/708_wukong_image61.png
516,wukong,8243,GenImage_test/wukong/test/nature/ILSVRC2012_val_00032330.JPEG
516,wukong,8244,GenImage_test/wukong/test/nature/ILSVRC2012_val_00048977.JPEG
516,wukong,8245,GenImage_test/wukong/test/ai/987_wukong_image188.png
516,wukong,8246,GenImage_test/wukong/test/nature/ILSVRC2012_val_00029819.JPEG
516,wukong,8247,GenImage_test/wukong/test/ai/872_wukong_image86.png
516,wukong,8248,GenImage_test/wukong/test/nature/ILSVRC2012_val_00039951.JPEG
516,wukong,8249,GenImage_test/wukong/test/nature/ILSVRC2012_val_00031988.JPEG
516,wukong,8250,GenImage_test/wukong/test/ai/219_wukong_image188.png
516,wukong,8251,GenImage_test/wukong/test/ai/276_wukong_image86.png
517,wukong,8252,GenImage_test/wukong/test/nature/ILSVRC2012_val_00021566.JPEG
517,wukong,8253,GenImage_test/wukong/test/nature/ILSVRC2012_val_00022141.JPEG
517,wukong,8254,GenImage_test/wukong/test/ai/109_wukong_image128.png
517,wukong,8255,GenImage_test/wukong/test/ai/410_wukong_image61.png
517,wukong,8256,GenImage_test/wukong/test/nature/ILSVRC2012_val_00036413.JPEG
517,wukong,8257,GenImage_test/wukong/test/ai/912_wukong_image61.png
517,wukong,8258,GenImage_test/wukong/test/nature/ILSVRC2012_val_00003497.JPEG
517,wukong,8259,GenImage_test/wukong/test/ai/652_wukong_image198.png
517,wukong,8260,GenImage_test/wukong/test/ai/387_wukong_image188.png
517,wukong,8261,GenImage_test/wukong/test/nature/ILSVRC2012_val_00013024.JPEG
517,wukong,8262,GenImage_test/wukong/test/nature/ILSVRC2012_val_00012621.JPEG
517,wukong,8263,GenImage_test/wukong/test/nature/ILSVRC2012_val_00043336.JPEG
517,wukong,8264,GenImage_test/wukong/test/ai/756_wukong_image61.png
517,wukong,8265,GenImage_test/wukong/test/nature/ILSVRC2012_val_00025178.JPEG
517,wukong,8266,GenImage_test/wukong/test/ai/161_wukong_image61.png
517,wukong,8267,GenImage_test/wukong/test/ai/606_wukong_image86.png
518,wukong,8268,GenImage_test/wukong/test/nature/ILSVRC2012_val_00039719.JPEG
518,wukong,8269,GenImage_test/wukong/test/ai/411_wukong_image61.png
518,wukong,8270,GenImage_test/wukong/test/nature/ILSVRC2012_val_00029619.JPEG
518,wukong,8271,GenImage_test/wukong/test/ai/356_wukong_image128.png
518,wukong,8272,GenImage_test/wukong/test/nature/ILSVRC2012_val_00013822.JPEG
518,wukong,8273,GenImage_test/wukong/test/ai/593_wukong_image198.png
518,wukong,8274,GenImage_test/wukong/test/ai/142_wukong_image86.png
518,wukong,8275,GenImage_test/wukong/test/nature/ILSVRC2012_val_00028996.JPEG
518,wukong,8276,GenImage_test/wukong/test/nature/ILSVRC2012_val_00030795.JPEG
518,wukong,8277,GenImage_test/wukong/test/ai/96_wukong_image198.png
518,wukong,8278,GenImage_test/wukong/test/nature/ILSVRC2012_val_00010639.JPEG
518,wukong,8279,GenImage_test/wukong/test/ai/536_wukong_image128.png
518,wukong,8280,GenImage_test/wukong/test/nature/ILSVRC2012_val_00022604.JPEG
518,wukong,8281,GenImage_test/wukong/test/nature/ILSVRC2012_val_00010911.JPEG
518,wukong,8282,GenImage_test/wukong/test/ai/546_wukong_image86.png
518,wukong,8283,GenImage_test/wukong/test/ai/329_wukong_image128.png
519,wukong,8284,GenImage_test/wukong/test/nature/ILSVRC2012_val_00047012.JPEG
519,wukong,8285,GenImage_test/wukong/test/nature/ILSVRC2012_val_00017918.JPEG
519,wukong,8286,GenImage_test/wukong/test/nature/ILSVRC2012_val_00020630.JPEG
519,wukong,8287,GenImage_test/wukong/test/ai/989_wukong_image61.png
519,wukong,8288,GenImage_test/wukong/test/nature/ILSVRC2012_val_00016097.JPEG
519,wukong,8289,GenImage_test/wukong/test/nature/ILSVRC2012_val_00049819.JPEG
519,wukong,8290,GenImage_test/wukong/test/nature/ILSVRC2012_val_00028115.JPEG
519,wukong,8291,GenImage_test/wukong/test/ai/520_wukong_image86.png
519,wukong,8292,GenImage_test/wukong/test/nature/ILSVRC2012_val_00025987.JPEG
519,wukong,8293,GenImage_test/wukong/test/ai/646_wukong_image88.png
519,wukong,8294,GenImage_test/wukong/test/nature/ILSVRC2012_val_00004438.JPEG
519,wukong,8295,GenImage_test/wukong/test/ai/996_wukong_image86.png
519,wukong,8296,GenImage_test/wukong/test/ai/643_wukong_image61.png
519,wukong,8297,GenImage_test/wukong/test/nature/ILSVRC2012_val_00022829.JPEG
519,wukong,8298,GenImage_test/wukong/test/ai/938_wukong_image86.png
519,wukong,8299,GenImage_test/wukong/test/nature/ILSVRC2012_val_00000768.JPEG
520,wukong,8300,GenImage_test/wukong/test/ai/701_wukong_image88.png
520,wukong,8301,GenImage_test/wukong/test/ai/160_wukong_image86.png
520,wukong,8302,GenImage_test/wukong/test/nature/ILSVRC2012_val_00036984.JPEG
520,wukong,8303,GenImage_test/wukong/test/ai/886_wukong_image198.png
520,wukong,8304,GenImage_test/wukong/test/ai/219_wukong_image198.png
520,wukong,8305,GenImage_test/wukong/test/nature/ILSVRC2012_val_00004226.JPEG
520,wukong,8306,GenImage_test/wukong/test/ai/945_wukong_image61.png
520,wukong,8307,GenImage_test/wukong/test/nature/ILSVRC2012_val_00022818.JPEG
520,wukong,8308,GenImage_test/wukong/test/ai/364_wukong_image61.png
520,wukong,8309,GenImage_test/wukong/test/nature/ILSVRC2012_val_00030983.JPEG
520,wukong,8310,GenImage_test/wukong/test/ai/123_wukong_image88.png
520,wukong,8311,GenImage_test/wukong/test/ai/713_wukong_image86.png
520,wukong,8312,GenImage_test/wukong/test/nature/ILSVRC2012_val_00008383.JPEG
520,wukong,8313,GenImage_test/wukong/test/ai/291_wukong_image86.png
520,wukong,8314,GenImage_test/wukong/test/nature/ILSVRC2012_val_00008786.JPEG
520,wukong,8315,GenImage_test/wukong/test/ai/124_wukong_image88.png
521,wukong,8316,GenImage_test/wukong/test/nature/ILSVRC2012_val_00028556.JPEG
521,wukong,8317,GenImage_test/wukong/test/nature/ILSVRC2012_val_00020811.JPEG
521,wukong,8318,GenImage_test/wukong/test/ai/932_wukong_image88.png
521,wukong,8319,GenImage_test/wukong/test/ai/357_wukong_image61.png
521,wukong,8320,GenImage_test/wukong/test/ai/221_wukong_image188.png
521,wukong,8321,GenImage_test/wukong/test/ai/554_wukong_image88.png
521,wukong,8322,GenImage_test/wukong/test/nature/ILSVRC2012_val_00002395.JPEG
521,wukong,8323,GenImage_test/wukong/test/ai/484_wukong_image188.png
521,wukong,8324,GenImage_test/wukong/test/ai/540_wukong_image188.png
521,wukong,8325,GenImage_test/wukong/test/nature/ILSVRC2012_val_00016889.JPEG
521,wukong,8326,GenImage_test/wukong/test/nature/ILSVRC2012_val_00018458.JPEG
521,wukong,8327,GenImage_test/wukong/test/nature/ILSVRC2012_val_00023446.JPEG
521,wukong,8328,GenImage_test/wukong/test/ai/128_wukong_image86.png
521,wukong,8329,GenImage_test/wukong/test/nature/ILSVRC2012_val_00007065.JPEG
521,wukong,8330,GenImage_test/wukong/test/nature/ILSVRC2012_val_00000180.JPEG
521,wukong,8331,GenImage_test/wukong/test/nature/ILSVRC2012_val_00041145.JPEG
522,wukong,8332,GenImage_test/wukong/test/ai/128_wukong_image128.png
522,wukong,8333,GenImage_test/wukong/test/nature/ILSVRC2012_val_00036286.JPEG
522,wukong,8334,GenImage_test/wukong/test/ai/841_wukong_image198.png
522,wukong,8335,GenImage_test/wukong/test/nature/ILSVRC2012_val_00016134.JPEG
522,wukong,8336,GenImage_test/wukong/test/nature/ILSVRC2012_val_00021479.JPEG
522,wukong,8337,GenImage_test/wukong/test/nature/ILSVRC2012_val_00004825.JPEG
522,wukong,8338,GenImage_test/wukong/test/nature/ILSVRC2012_val_00017866.JPEG
522,wukong,8339,GenImage_test/wukong/test/nature/ILSVRC2012_val_00012984.JPEG
522,wukong,8340,GenImage_test/wukong/test/nature/ILSVRC2012_val_00027098.JPEG
522,wukong,8341,GenImage_test/wukong/test/ai/937_wukong_image198.png
522,wukong,8342,GenImage_test/wukong/test/ai/752_wukong_image88.png
522,wukong,8343,GenImage_test/wukong/test/nature/ILSVRC2012_val_00023455.JPEG
522,wukong,8344,GenImage_test/wukong/test/nature/ILSVRC2012_val_00049522.JPEG
522,wukong,8345,GenImage_test/wukong/test/nature/ILSVRC2012_val_00025817.JPEG
522,wukong,8346,GenImage_test/wukong/test/nature/ILSVRC2012_val_00037054.JPEG
522,wukong,8347,GenImage_test/wukong/test/ai/254_wukong_image198.png
523,wukong,8348,GenImage_test/wukong/test/nature/ILSVRC2012_val_00011103.JPEG
523,wukong,8349,GenImage_test/wukong/test/nature/ILSVRC2012_val_00020329.JPEG
523,wukong,8350,GenImage_test/wukong/test/ai/38_wukong_image188.png
523,wukong,8351,GenImage_test/wukong/test/ai/46_wukong_image86.png
523,wukong,8352,GenImage_test/wukong/test/ai/735_wukong_image88.png
523,wukong,8353,GenImage_test/wukong/test/nature/ILSVRC2012_val_00049712.JPEG
523,wukong,8354,GenImage_test/wukong/test/nature/ILSVRC2012_val_00030721.JPEG
523,wukong,8355,GenImage_test/wukong/test/nature/ILSVRC2012_val_00009092.JPEG
523,wukong,8356,GenImage_test/wukong/test/nature/ILSVRC2012_val_00014574.JPEG
523,wukong,8357,GenImage_test/wukong/test/ai/10_wukong_image88.png
523,wukong,8358,GenImage_test/wukong/test/nature/ILSVRC2012_val_00016243.JPEG
523,wukong,8359,GenImage_test/wukong/test/nature/ILSVRC2012_val_00049677.JPEG
523,wukong,8360,GenImage_test/wukong/test/nature/ILSVRC2012_val_00017883.JPEG
523,wukong,8361,GenImage_test/wukong/test/nature/ILSVRC2012_val_00043439.JPEG
523,wukong,8362,GenImage_test/wukong/test/ai/270_wukong_image128.png
523,wukong,8363,GenImage_test/wukong/test/ai/740_wukong_image128.png
524,wukong,8364,GenImage_test/wukong/test/nature/ILSVRC2012_val_00015309.JPEG
524,wukong,8365,GenImage_test/wukong/test/nature/ILSVRC2012_val_00049243.JPEG
524,wukong,8366,GenImage_test/wukong/test/nature/ILSVRC2012_val_00017440.JPEG
524,wukong,8367,GenImage_test/wukong/test/ai/45_wukong_image86.png
524,wukong,8368,GenImage_test/wukong/test/ai/515_wukong_image88.png
524,wukong,8369,GenImage_test/wukong/test/ai/693_wukong_image188.png
524,wukong,8370,GenImage_test/wukong/test/nature/ILSVRC2012_val_00017896.JPEG
524,wukong,8371,GenImage_test/wukong/test/ai/700_wukong_image88.png
524,wukong,8372,GenImage_test/wukong/test/ai/633_wukong_image188.png
524,wukong,8373,GenImage_test/wukong/test/ai/107_wukong_image128.png
524,wukong,8374,GenImage_test/wukong/test/nature/ILSVRC2012_val_00043956.JPEG
524,wukong,8375,GenImage_test/wukong/test/ai/748_wukong_image188.png
524,wukong,8376,GenImage_test/wukong/test/ai/957_wukong_image61.png
524,wukong,8377,GenImage_test/wukong/test/nature/ILSVRC2012_val_00047217.JPEG
524,wukong,8378,GenImage_test/wukong/test/nature/ILSVRC2012_val_00024639.JPEG
524,wukong,8379,GenImage_test/wukong/test/ai/922_wukong_image188.png
525,wukong,8380,GenImage_test/wukong/test/ai/274_wukong_image61.png
525,wukong,8381,GenImage_test/wukong/test/nature/ILSVRC2012_val_00016785.JPEG
525,wukong,8382,GenImage_test/wukong/test/nature/ILSVRC2012_val_00024440.JPEG
525,wukong,8383,GenImage_test/wukong/test/ai/465_wukong_image61.png
525,wukong,8384,GenImage_test/wukong/test/ai/384_wukong_image128.png
525,wukong,8385,GenImage_test/wukong/test/ai/213_wukong_image61.png
525,wukong,8386,GenImage_test/wukong/test/nature/ILSVRC2012_val_00014476.JPEG
525,wukong,8387,GenImage_test/wukong/test/ai/765_wukong_image128.png
525,wukong,8388,GenImage_test/wukong/test/nature/ILSVRC2012_val_00000756.JPEG
525,wukong,8389,GenImage_test/wukong/test/ai/306_wukong_image198.png
525,wukong,8390,GenImage_test/wukong/test/ai/721_wukong_image61.png
525,wukong,8391,GenImage_test/wukong/test/ai/275_wukong_image86.png
525,wukong,8392,GenImage_test/wukong/test/ai/881_wukong_image86.png
525,wukong,8393,GenImage_test/wukong/test/nature/ILSVRC2012_val_00007148.JPEG
525,wukong,8394,GenImage_test/wukong/test/nature/ILSVRC2012_val_00049112.JPEG
525,wukong,8395,GenImage_test/wukong/test/ai/825_wukong_image128.png
526,wukong,8396,GenImage_test/wukong/test/ai/89_wukong_image128.png
526,wukong,8397,GenImage_test/wukong/test/nature/ILSVRC2012_val_00005938.JPEG
526,wukong,8398,GenImage_test/wukong/test/ai/291_wukong_image188.png
526,wukong,8399,GenImage_test/wukong/test/ai/810_wukong_image86.png
526,wukong,8400,GenImage_test/wukong/test/nature/ILSVRC2012_val_00002211.JPEG
526,wukong,8401,GenImage_test/wukong/test/ai/891_wukong_image188.png
526,wukong,8402,GenImage_test/wukong/test/nature/ILSVRC2012_val_00008210.JPEG
526,wukong,8403,GenImage_test/wukong/test/ai/634_wukong_image88.png
526,wukong,8404,GenImage_test/wukong/test/nature/ILSVRC2012_val_00025787.JPEG
526,wukong,8405,GenImage_test/wukong/test/nature/ILSVRC2012_val_00044963.JPEG
526,wukong,8406,GenImage_test/wukong/test/ai/835_wukong_image88.png
526,wukong,8407,GenImage_test/wukong/test/ai/984_wukong_image128.png
526,wukong,8408,GenImage_test/wukong/test/nature/ILSVRC2012_val_00039614.JPEG
526,wukong,8409,GenImage_test/wukong/test/nature/ILSVRC2012_val_00005078.JPEG
526,wukong,8410,GenImage_test/wukong/test/nature/ILSVRC2012_val_00040900.JPEG
526,wukong,8411,GenImage_test/wukong/test/ai/615_wukong_image61.png
527,wukong,8412,GenImage_test/wukong/test/nature/ILSVRC2012_val_00033650.JPEG
527,wukong,8413,GenImage_test/wukong/test/ai/704_wukong_image188.png
527,wukong,8414,GenImage_test/wukong/test/ai/227_wukong_image128.png
527,wukong,8415,GenImage_test/wukong/test/ai/295_wukong_image128.png
527,wukong,8416,GenImage_test/wukong/test/ai/771_wukong_image128.png
527,wukong,8417,GenImage_test/wukong/test/ai/130_wukong_image61.png
527,wukong,8418,GenImage_test/wukong/test/ai/231_wukong_image61.png
527,wukong,8419,GenImage_test/wukong/test/ai/174_wukong_image88.png
527,wukong,8420,GenImage_test/wukong/test/ai/78_wukong_image61.png
527,wukong,8421,GenImage_test/wukong/test/ai/877_wukong_image188.png
527,wukong,8422,GenImage_test/wukong/test/nature/ILSVRC2012_val_00019891.JPEG
527,wukong,8423,GenImage_test/wukong/test/nature/ILSVRC2012_val_00049488.JPEG
527,wukong,8424,GenImage_test/wukong/test/nature/ILSVRC2012_val_00013846.JPEG
527,wukong,8425,GenImage_test/wukong/test/ai/26_wukong_image61.png
527,wukong,8426,GenImage_test/wukong/test/ai/764_wukong_image86.png
527,wukong,8427,GenImage_test/wukong/test/nature/ILSVRC2012_val_00011732.JPEG
528,wukong,8428,GenImage_test/wukong/test/ai/47_wukong_image61.png
528,wukong,8429,GenImage_test/wukong/test/ai/610_wukong_image88.png
528,wukong,8430,GenImage_test/wukong/test/nature/ILSVRC2012_val_00041356.JPEG
528,wukong,8431,GenImage_test/wukong/test/ai/222_wukong_image128.png
528,wukong,8432,GenImage_test/wukong/test/nature/ILSVRC2012_val_00021817.JPEG
528,wukong,8433,GenImage_test/wukong/test/nature/ILSVRC2012_val_00042747.JPEG
528,wukong,8434,GenImage_test/wukong/test/ai/479_wukong_image188.png
528,wukong,8435,GenImage_test/wukong/test/ai/312_wukong_image61.png
528,wukong,8436,GenImage_test/wukong/test/nature/ILSVRC2012_val_00012455.JPEG
528,wukong,8437,GenImage_test/wukong/test/nature/ILSVRC2012_val_00033287.JPEG
528,wukong,8438,GenImage_test/wukong/test/ai/979_wukong_image88.png
528,wukong,8439,GenImage_test/wukong/test/ai/815_wukong_image128.png
528,wukong,8440,GenImage_test/wukong/test/ai/421_wukong_image61.png
528,wukong,8441,GenImage_test/wukong/test/ai/671_wukong_image61.png
528,wukong,8442,GenImage_test/wukong/test/nature/ILSVRC2012_val_00039708.JPEG
528,wukong,8443,GenImage_test/wukong/test/nature/ILSVRC2012_val_00044399.JPEG
529,wukong,8444,GenImage_test/wukong/test/nature/ILSVRC2012_val_00020152.JPEG
529,wukong,8445,GenImage_test/wukong/test/nature/ILSVRC2012_val_00043326.JPEG
529,wukong,8446,GenImage_test/wukong/test/nature/ILSVRC2012_val_00034407.JPEG
529,wukong,8447,GenImage_test/wukong/test/ai/139_wukong_image188.png
529,wukong,8448,GenImage_test/wukong/test/ai/257_wukong_image61.png
529,wukong,8449,GenImage_test/wukong/test/ai/535_wukong_image128.png
529,wukong,8450,GenImage_test/wukong/test/nature/ILSVRC2012_val_00001576.JPEG
529,wukong,8451,GenImage_test/wukong/test/ai/455_wukong_image61.png
529,wukong,8452,GenImage_test/wukong/test/nature/ILSVRC2012_val_00010393.JPEG
529,wukong,8453,GenImage_test/wukong/test/nature/ILSVRC2012_val_00021855.JPEG
529,wukong,8454,GenImage_test/wukong/test/ai/947_wukong_image198.png
529,wukong,8455,GenImage_test/wukong/test/ai/665_wukong_image88.png
529,wukong,8456,GenImage_test/wukong/test/nature/ILSVRC2012_val_00038659.JPEG
529,wukong,8457,GenImage_test/wukong/test/ai/220_wukong_image128.png
529,wukong,8458,GenImage_test/wukong/test/ai/444_wukong_image198.png
529,wukong,8459,GenImage_test/wukong/test/ai/851_wukong_image86.png
530,wukong,8460,GenImage_test/wukong/test/ai/818_wukong_image188.png
530,wukong,8461,GenImage_test/wukong/test/ai/850_wukong_image86.png
530,wukong,8462,GenImage_test/wukong/test/ai/828_wukong_image61.png
530,wukong,8463,GenImage_test/wukong/test/nature/ILSVRC2012_val_00000573.JPEG
530,wukong,8464,GenImage_test/wukong/test/nature/ILSVRC2012_val_00008607.JPEG
530,wukong,8465,GenImage_test/wukong/test/ai/394_wukong_image61.png
530,wukong,8466,GenImage_test/wukong/test/ai/138_wukong_image188.png
530,wukong,8467,GenImage_test/wukong/test/nature/ILSVRC2012_val_00049978.JPEG
530,wukong,8468,GenImage_test/wukong/test/ai/861_wukong_image88.png
530,wukong,8469,GenImage_test/wukong/test/ai/946_wukong_image128.png
530,wukong,8470,GenImage_test/wukong/test/ai/456_wukong_image188.png
530,wukong,8471,GenImage_test/wukong/test/nature/ILSVRC2012_val_00007714.JPEG
530,wukong,8472,GenImage_test/wukong/test/ai/692_wukong_image188.png
530,wukong,8473,GenImage_test/wukong/test/nature/ILSVRC2012_val_00043645.JPEG
530,wukong,8474,GenImage_test/wukong/test/ai/145_wukong_image86.png
530,wukong,8475,GenImage_test/wukong/test/nature/ILSVRC2012_val_00003856.JPEG
531,wukong,8476,GenImage_test/wukong/test/ai/253_wukong_image188.png
531,wukong,8477,GenImage_test/wukong/test/ai/710_wukong_image88.png
531,wukong,8478,GenImage_test/wukong/test/nature/ILSVRC2012_val_00047151.JPEG
531,wukong,8479,GenImage_test/wukong/test/ai/270_wukong_image61.png
531,wukong,8480,GenImage_test/wukong/test/ai/76_wukong_image198.png
531,wukong,8481,GenImage_test/wukong/test/ai/390_wukong_image188.png
531,wukong,8482,GenImage_test/wukong/test/ai/79_wukong_image188.png
531,wukong,8483,GenImage_test/wukong/test/ai/793_wukong_image88.png
531,wukong,8484,GenImage_test/wukong/test/ai/672_wukong_image88.png
531,wukong,8485,GenImage_test/wukong/test/ai/731_wukong_image86.png
531,wukong,8486,GenImage_test/wukong/test/ai/21_wukong_image198.png
531,wukong,8487,GenImage_test/wukong/test/ai/13_wukong_image88.png
531,wukong,8488,GenImage_test/wukong/test/nature/ILSVRC2012_val_00039919.JPEG
531,wukong,8489,GenImage_test/wukong/test/nature/ILSVRC2012_val_00038996.JPEG
531,wukong,8490,GenImage_test/wukong/test/ai/302_wukong_image61.png
531,wukong,8491,GenImage_test/wukong/test/ai/572_wukong_image86.png
532,wukong,8492,GenImage_test/wukong/test/nature/ILSVRC2012_val_00039608.JPEG
532,wukong,8493,GenImage_test/wukong/test/ai/516_wukong_image88.png
532,wukong,8494,GenImage_test/wukong/test/ai/3_wukong_image128.png
532,wukong,8495,GenImage_test/wukong/test/ai/957_wukong_image128.png
532,wukong,8496,GenImage_test/wukong/test/ai/381_wukong_image188.png
532,wukong,8497,GenImage_test/wukong/test/ai/625_wukong_image61.png
532,wukong,8498,GenImage_test/wukong/test/ai/293_wukong_image61.png
532,wukong,8499,GenImage_test/wukong/test/nature/ILSVRC2012_val_00021659.JPEG
532,wukong,8500,GenImage_test/wukong/test/ai/930_wukong_image88.png
532,wukong,8501,GenImage_test/wukong/test/ai/719_wukong_image198.png
532,wukong,8502,GenImage_test/wukong/test/ai/71_wukong_image128.png
532,wukong,8503,GenImage_test/wukong/test/nature/ILSVRC2012_val_00038658.JPEG
532,wukong,8504,GenImage_test/wukong/test/nature/ILSVRC2012_val_00008765.JPEG
532,wukong,8505,GenImage_test/wukong/test/nature/ILSVRC2012_val_00029523.JPEG
532,wukong,8506,GenImage_test/wukong/test/nature/ILSVRC2012_val_00029515.JPEG
532,wukong,8507,GenImage_test/wukong/test/ai/604_wukong_image198.png
533,wukong,8508,GenImage_test/wukong/test/ai/533_wukong_image198.png
533,wukong,8509,GenImage_test/wukong/test/nature/ILSVRC2012_val_00003570.JPEG
533,wukong,8510,GenImage_test/wukong/test/ai/2_wukong_image198.png
533,wukong,8511,GenImage_test/wukong/test/nature/ILSVRC2012_val_00005094.JPEG
533,wukong,8512,GenImage_test/wukong/test/nature/ILSVRC2012_val_00044928.JPEG
533,wukong,8513,GenImage_test/wukong/test/nature/ILSVRC2012_val_00019304.JPEG
533,wukong,8514,GenImage_test/wukong/test/nature/ILSVRC2012_val_00030177.JPEG
533,wukong,8515,GenImage_test/wukong/test/ai/744_wukong_image198.png
533,wukong,8516,GenImage_test/wukong/test/ai/825_wukong_image198.png
533,wukong,8517,GenImage_test/wukong/test/nature/ILSVRC2012_val_00025637.JPEG
533,wukong,8518,GenImage_test/wukong/test/nature/ILSVRC2012_val_00014201.JPEG
533,wukong,8519,GenImage_test/wukong/test/nature/ILSVRC2012_val_00043144.JPEG
533,wukong,8520,GenImage_test/wukong/test/ai/21_wukong_image88.png
533,wukong,8521,GenImage_test/wukong/test/ai/551_wukong_image128.png
533,wukong,8522,GenImage_test/wukong/test/ai/159_wukong_image88.png
533,wukong,8523,GenImage_test/wukong/test/nature/ILSVRC2012_val_00009209.JPEG
534,wukong,8524,GenImage_test/wukong/test/ai/703_wukong_image88.png
534,wukong,8525,GenImage_test/wukong/test/ai/30_wukong_image198.png
534,wukong,8526,GenImage_test/wukong/test/nature/ILSVRC2012_val_00000537.JPEG
534,wukong,8527,GenImage_test/wukong/test/nature/ILSVRC2012_val_00021119.JPEG
534,wukong,8528,GenImage_test/wukong/test/ai/813_wukong_image61.png
534,wukong,8529,GenImage_test/wukong/test/nature/ILSVRC2012_val_00044412.JPEG
534,wukong,8530,GenImage_test/wukong/test/nature/ILSVRC2012_val_00022031.JPEG
534,wukong,8531,GenImage_test/wukong/test/nature/ILSVRC2012_val_00014383.JPEG
534,wukong,8532,GenImage_test/wukong/test/nature/ILSVRC2012_val_00009659.JPEG
534,wukong,8533,GenImage_test/wukong/test/nature/ILSVRC2012_val_00041498.JPEG
534,wukong,8534,GenImage_test/wukong/test/nature/ILSVRC2012_val_00030427.JPEG
534,wukong,8535,GenImage_test/wukong/test/ai/733_wukong_image61.png
534,wukong,8536,GenImage_test/wukong/test/nature/ILSVRC2012_val_00031794.JPEG
534,wukong,8537,GenImage_test/wukong/test/nature/ILSVRC2012_val_00011964.JPEG
534,wukong,8538,GenImage_test/wukong/test/nature/ILSVRC2012_val_00038438.JPEG
534,wukong,8539,GenImage_test/wukong/test/nature/ILSVRC2012_val_00016880.JPEG
535,wukong,8540,GenImage_test/wukong/test/ai/138_wukong_image88.png
535,wukong,8541,GenImage_test/wukong/test/nature/ILSVRC2012_val_00015347.JPEG
535,wukong,8542,GenImage_test/wukong/test/ai/574_wukong_image128.png
535,wukong,8543,GenImage_test/wukong/test/ai/630_wukong_image198.png
535,wukong,8544,GenImage_test/wukong/test/nature/ILSVRC2012_val_00025183.JPEG
535,wukong,8545,GenImage_test/wukong/test/nature/ILSVRC2012_val_00020980.JPEG
535,wukong,8546,GenImage_test/wukong/test/nature/ILSVRC2012_val_00016773.JPEG
535,wukong,8547,GenImage_test/wukong/test/ai/53_wukong_image128.png
535,wukong,8548,GenImage_test/wukong/test/nature/ILSVRC2012_val_00012726.JPEG
535,wukong,8549,GenImage_test/wukong/test/nature/ILSVRC2012_val_00030241.JPEG
535,wukong,8550,GenImage_test/wukong/test/nature/ILSVRC2012_val_00024473.JPEG
535,wukong,8551,GenImage_test/wukong/test/nature/ILSVRC2012_val_00016331.JPEG
535,wukong,8552,GenImage_test/wukong/test/nature/ILSVRC2012_val_00021230.JPEG
535,wukong,8553,GenImage_test/wukong/test/ai/460_wukong_image198.png
535,wukong,8554,GenImage_test/wukong/test/ai/929_wukong_image61.png
535,wukong,8555,GenImage_test/wukong/test/nature/ILSVRC2012_val_00018091.JPEG
536,wukong,8556,GenImage_test/wukong/test/nature/ILSVRC2012_val_00049016.JPEG
536,wukong,8557,GenImage_test/wukong/test/nature/ILSVRC2012_val_00007037.JPEG
536,wukong,8558,GenImage_test/wukong/test/ai/799_wukong_image88.png
536,wukong,8559,GenImage_test/wukong/test/ai/207_wukong_image86.png
536,wukong,8560,GenImage_test/wukong/test/nature/ILSVRC2012_val_00022414.JPEG
536,wukong,8561,GenImage_test/wukong/test/ai/149_wukong_image188.png
536,wukong,8562,GenImage_test/wukong/test/ai/574_wukong_image61.png
536,wukong,8563,GenImage_test/wukong/test/ai/798_wukong_image88.png
536,wukong,8564,GenImage_test/wukong/test/ai/312_wukong_image88.png
536,wukong,8565,GenImage_test/wukong/test/nature/ILSVRC2012_val_00034453.JPEG
536,wukong,8566,GenImage_test/wukong/test/ai/634_wukong_image198.png
536,wukong,8567,GenImage_test/wukong/test/ai/689_wukong_image198.png
536,wukong,8568,GenImage_test/wukong/test/nature/ILSVRC2012_val_00046027.JPEG
536,wukong,8569,GenImage_test/wukong/test/ai/973_wukong_image128.png
536,wukong,8570,GenImage_test/wukong/test/ai/540_wukong_image128.png
536,wukong,8571,GenImage_test/wukong/test/nature/ILSVRC2012_val_00031680.JPEG
537,wukong,8572,GenImage_test/wukong/test/ai/538_wukong_image198.png
537,wukong,8573,GenImage_test/wukong/test/ai/673_wukong_image198.png
537,wukong,8574,GenImage_test/wukong/test/nature/ILSVRC2012_val_00038012.JPEG
537,wukong,8575,GenImage_test/wukong/test/ai/69_wukong_image198.png
537,wukong,8576,GenImage_test/wukong/test/ai/264_wukong_image86.png
537,wukong,8577,GenImage_test/wukong/test/ai/627_wukong_image188.png
537,wukong,8578,GenImage_test/wukong/test/ai/537_wukong_image88.png
537,wukong,8579,GenImage_test/wukong/test/ai/304_wukong_image88.png
537,wukong,8580,GenImage_test/wukong/test/ai/231_wukong_image86.png
537,wukong,8581,GenImage_test/wukong/test/ai/11_wukong_image61.png
537,wukong,8582,GenImage_test/wukong/test/nature/ILSVRC2012_val_00027969.JPEG
537,wukong,8583,GenImage_test/wukong/test/ai/377_wukong_image198.png
537,wukong,8584,GenImage_test/wukong/test/ai/591_wukong_image86.png
537,wukong,8585,GenImage_test/wukong/test/nature/ILSVRC2012_val_00035824.JPEG
537,wukong,8586,GenImage_test/wukong/test/nature/ILSVRC2012_val_00048900.JPEG
537,wukong,8587,GenImage_test/wukong/test/nature/ILSVRC2012_val_00043519.JPEG
538,wukong,8588,GenImage_test/wukong/test/ai/345_wukong_image198.png
538,wukong,8589,GenImage_test/wukong/test/ai/954_wukong_image128.png
538,wukong,8590,GenImage_test/wukong/test/nature/ILSVRC2012_val_00028529.JPEG
538,wukong,8591,GenImage_test/wukong/test/nature/ILSVRC2012_val_00014750.JPEG
538,wukong,8592,GenImage_test/wukong/test/nature/ILSVRC2012_val_00024745.JPEG
538,wukong,8593,GenImage_test/wukong/test/nature/ILSVRC2012_val_00006316.JPEG
538,wukong,8594,GenImage_test/wukong/test/ai/363_wukong_image128.png
538,wukong,8595,GenImage_test/wukong/test/ai/269_wukong_image61.png
538,wukong,8596,GenImage_test/wukong/test/ai/363_wukong_image61.png
538,wukong,8597,GenImage_test/wukong/test/nature/ILSVRC2012_val_00011309.JPEG
538,wukong,8598,GenImage_test/wukong/test/nature/ILSVRC2012_val_00018582.JPEG
538,wukong,8599,GenImage_test/wukong/test/nature/ILSVRC2012_val_00032372.JPEG
538,wukong,8600,GenImage_test/wukong/test/ai/3_wukong_image88.png
538,wukong,8601,GenImage_test/wukong/test/nature/ILSVRC2012_val_00004625.JPEG
538,wukong,8602,GenImage_test/wukong/test/nature/ILSVRC2012_val_00037799.JPEG
538,wukong,8603,GenImage_test/wukong/test/ai/248_wukong_image86.png
539,wukong,8604,GenImage_test/wukong/test/ai/323_wukong_image188.png
539,wukong,8605,GenImage_test/wukong/test/nature/ILSVRC2012_val_00042021.JPEG
539,wukong,8606,GenImage_test/wukong/test/ai/250_wukong_image198.png
539,wukong,8607,GenImage_test/wukong/test/ai/309_wukong_image86.png
539,wukong,8608,GenImage_test/wukong/test/ai/676_wukong_image86.png
539,wukong,8609,GenImage_test/wukong/test/nature/ILSVRC2012_val_00017898.JPEG
539,wukong,8610,GenImage_test/wukong/test/nature/ILSVRC2012_val_00003567.JPEG
539,wukong,8611,GenImage_test/wukong/test/nature/ILSVRC2012_val_00033381.JPEG
539,wukong,8612,GenImage_test/wukong/test/ai/755_wukong_image128.png
539,wukong,8613,GenImage_test/wukong/test/ai/578_wukong_image88.png
539,wukong,8614,GenImage_test/wukong/test/nature/ILSVRC2012_val_00010210.JPEG
539,wukong,8615,GenImage_test/wukong/test/ai/449_wukong_image128.png
539,wukong,8616,GenImage_test/wukong/test/nature/ILSVRC2012_val_00022423.JPEG
539,wukong,8617,GenImage_test/wukong/test/ai/967_wukong_image128.png
539,wukong,8618,GenImage_test/wukong/test/ai/97_wukong_image88.png
539,wukong,8619,GenImage_test/wukong/test/ai/697_wukong_image88.png
540,wukong,8620,GenImage_test/wukong/test/nature/ILSVRC2012_val_00028956.JPEG
540,wukong,8621,GenImage_test/wukong/test/nature/ILSVRC2012_val_00023062.JPEG
540,wukong,8622,GenImage_test/wukong/test/ai/896_wukong_image61.png
540,wukong,8623,GenImage_test/wukong/test/ai/933_wukong_image88.png
540,wukong,8624,GenImage_test/wukong/test/nature/ILSVRC2012_val_00015123.JPEG
540,wukong,8625,GenImage_test/wukong/test/nature/ILSVRC2012_val_00010318.JPEG
540,wukong,8626,GenImage_test/wukong/test/nature/ILSVRC2012_val_00045914.JPEG
540,wukong,8627,GenImage_test/wukong/test/nature/ILSVRC2012_val_00036868.JPEG
540,wukong,8628,GenImage_test/wukong/test/ai/194_wukong_image198.png
540,wukong,8629,GenImage_test/wukong/test/ai/356_wukong_image88.png
540,wukong,8630,GenImage_test/wukong/test/nature/ILSVRC2012_val_00010415.JPEG
540,wukong,8631,GenImage_test/wukong/test/nature/ILSVRC2012_val_00041070.JPEG
540,wukong,8632,GenImage_test/wukong/test/ai/139_wukong_image86.png
540,wukong,8633,GenImage_test/wukong/test/ai/132_wukong_image128.png
540,wukong,8634,GenImage_test/wukong/test/nature/ILSVRC2012_val_00031688.JPEG
540,wukong,8635,GenImage_test/wukong/test/nature/ILSVRC2012_val_00017238.JPEG
541,wukong,8636,GenImage_test/wukong/test/ai/76_wukong_image61.png
541,wukong,8637,GenImage_test/wukong/test/nature/ILSVRC2012_val_00041271.JPEG
541,wukong,8638,GenImage_test/wukong/test/nature/ILSVRC2012_val_00016534.JPEG
541,wukong,8639,GenImage_test/wukong/test/nature/ILSVRC2012_val_00008241.JPEG
541,wukong,8640,GenImage_test/wukong/test/ai/867_wukong_image86.png
541,wukong,8641,GenImage_test/wukong/test/nature/ILSVRC2012_val_00022125.JPEG
541,wukong,8642,GenImage_test/wukong/test/ai/524_wukong_image86.png
541,wukong,8643,GenImage_test/wukong/test/nature/ILSVRC2012_val_00022407.JPEG
541,wukong,8644,GenImage_test/wukong/test/nature/ILSVRC2012_val_00004064.JPEG
541,wukong,8645,GenImage_test/wukong/test/nature/ILSVRC2012_val_00020063.JPEG
541,wukong,8646,GenImage_test/wukong/test/ai/72_wukong_image61.png
541,wukong,8647,GenImage_test/wukong/test/ai/14_wukong_image128.png
541,wukong,8648,GenImage_test/wukong/test/ai/322_wukong_image86.png
541,wukong,8649,GenImage_test/wukong/test/nature/ILSVRC2012_val_00003488.JPEG
541,wukong,8650,GenImage_test/wukong/test/nature/ILSVRC2012_val_00040792.JPEG
541,wukong,8651,GenImage_test/wukong/test/ai/339_wukong_image198.png
542,wukong,8652,GenImage_test/wukong/test/ai/799_wukong_image198.png
542,wukong,8653,GenImage_test/wukong/test/nature/ILSVRC2012_val_00029499.JPEG
542,wukong,8654,GenImage_test/wukong/test/ai/225_wukong_image61.png
542,wukong,8655,GenImage_test/wukong/test/nature/ILSVRC2012_val_00008519.JPEG
542,wukong,8656,GenImage_test/wukong/test/nature/ILSVRC2012_val_00009160.JPEG
542,wukong,8657,GenImage_test/wukong/test/ai/929_wukong_image128.png
542,wukong,8658,GenImage_test/wukong/test/ai/304_wukong_image198.png
542,wukong,8659,GenImage_test/wukong/test/ai/854_wukong_image128.png
542,wukong,8660,GenImage_test/wukong/test/nature/ILSVRC2012_val_00032533.JPEG
542,wukong,8661,GenImage_test/wukong/test/nature/ILSVRC2012_val_00011441.JPEG
542,wukong,8662,GenImage_test/wukong/test/nature/ILSVRC2012_val_00023850.JPEG
542,wukong,8663,GenImage_test/wukong/test/nature/ILSVRC2012_val_00019985.JPEG
542,wukong,8664,GenImage_test/wukong/test/nature/ILSVRC2012_val_00008307.JPEG
542,wukong,8665,GenImage_test/wukong/test/nature/ILSVRC2012_val_00003737.JPEG
542,wukong,8666,GenImage_test/wukong/test/ai/932_wukong_image128.png
542,wukong,8667,GenImage_test/wukong/test/ai/945_wukong_image88.png
543,wukong,8668,GenImage_test/wukong/test/nature/ILSVRC2012_val_00005199.JPEG
543,wukong,8669,GenImage_test/wukong/test/nature/ILSVRC2012_val_00010332.JPEG
543,wukong,8670,GenImage_test/wukong/test/ai/392_wukong_image88.png
543,wukong,8671,GenImage_test/wukong/test/ai/909_wukong_image61.png
543,wukong,8672,GenImage_test/wukong/test/nature/ILSVRC2012_val_00044578.JPEG
543,wukong,8673,GenImage_test/wukong/test/nature/ILSVRC2012_val_00033173.JPEG
543,wukong,8674,GenImage_test/wukong/test/ai/129_wukong_image61.png
543,wukong,8675,GenImage_test/wukong/test/nature/ILSVRC2012_val_00035116.JPEG
543,wukong,8676,GenImage_test/wukong/test/ai/623_wukong_image86.png
543,wukong,8677,GenImage_test/wukong/test/ai/410_wukong_image128.png
543,wukong,8678,GenImage_test/wukong/test/ai/906_wukong_image128.png
543,wukong,8679,GenImage_test/wukong/test/ai/163_wukong_image128.png
543,wukong,8680,GenImage_test/wukong/test/nature/ILSVRC2012_val_00031568.JPEG
543,wukong,8681,GenImage_test/wukong/test/ai/34_wukong_image86.png
543,wukong,8682,GenImage_test/wukong/test/nature/ILSVRC2012_val_00044222.JPEG
543,wukong,8683,GenImage_test/wukong/test/ai/61_wukong_image188.png
544,wukong,8684,GenImage_test/wukong/test/nature/ILSVRC2012_val_00013836.JPEG
544,wukong,8685,GenImage_test/wukong/test/nature/ILSVRC2012_val_00002758.JPEG
544,wukong,8686,GenImage_test/wukong/test/ai/194_wukong_image128.png
544,wukong,8687,GenImage_test/wukong/test/ai/546_wukong_image188.png
544,wukong,8688,GenImage_test/wukong/test/ai/66_wukong_image198.png
544,wukong,8689,GenImage_test/wukong/test/ai/949_wukong_image61.png
544,wukong,8690,GenImage_test/wukong/test/nature/ILSVRC2012_val_00005421.JPEG
544,wukong,8691,GenImage_test/wukong/test/ai/629_wukong_image61.png
544,wukong,8692,GenImage_test/wukong/test/nature/ILSVRC2012_val_00026552.JPEG
544,wukong,8693,GenImage_test/wukong/test/ai/639_wukong_image61.png
544,wukong,8694,GenImage_test/wukong/test/ai/859_wukong_image188.png
544,wukong,8695,GenImage_test/wukong/test/nature/ILSVRC2012_val_00044904.JPEG
544,wukong,8696,GenImage_test/wukong/test/ai/612_wukong_image86.png
544,wukong,8697,GenImage_test/wukong/test/nature/ILSVRC2012_val_00038596.JPEG
544,wukong,8698,GenImage_test/wukong/test/nature/ILSVRC2012_val_00016932.JPEG
544,wukong,8699,GenImage_test/wukong/test/nature/ILSVRC2012_val_00030784.JPEG
545,wukong,8700,GenImage_test/wukong/test/nature/ILSVRC2012_val_00007232.JPEG
545,wukong,8701,GenImage_test/wukong/test/ai/979_wukong_image86.png
545,wukong,8702,GenImage_test/wukong/test/ai/515_wukong_image188.png
545,wukong,8703,GenImage_test/wukong/test/nature/ILSVRC2012_val_00009253.JPEG
545,wukong,8704,GenImage_test/wukong/test/nature/ILSVRC2012_val_00009174.JPEG
545,wukong,8705,GenImage_test/wukong/test/ai/643_wukong_image86.png
545,wukong,8706,GenImage_test/wukong/test/nature/ILSVRC2012_val_00031130.JPEG
545,wukong,8707,GenImage_test/wukong/test/nature/ILSVRC2012_val_00018054.JPEG
545,wukong,8708,GenImage_test/wukong/test/nature/ILSVRC2012_val_00021569.JPEG
545,wukong,8709,GenImage_test/wukong/test/nature/ILSVRC2012_val_00029156.JPEG
545,wukong,8710,GenImage_test/wukong/test/nature/ILSVRC2012_val_00009633.JPEG
545,wukong,8711,GenImage_test/wukong/test/nature/ILSVRC2012_val_00023470.JPEG
545,wukong,8712,GenImage_test/wukong/test/nature/ILSVRC2012_val_00022386.JPEG
545,wukong,8713,GenImage_test/wukong/test/ai/723_wukong_image61.png
545,wukong,8714,GenImage_test/wukong/test/nature/ILSVRC2012_val_00009695.JPEG
545,wukong,8715,GenImage_test/wukong/test/ai/996_wukong_image188.png
546,wukong,8716,GenImage_test/wukong/test/nature/ILSVRC2012_val_00036321.JPEG
546,wukong,8717,GenImage_test/wukong/test/nature/ILSVRC2012_val_00033734.JPEG
546,wukong,8718,GenImage_test/wukong/test/nature/ILSVRC2012_val_00028797.JPEG
546,wukong,8719,GenImage_test/wukong/test/ai/942_wukong_image188.png
546,wukong,8720,GenImage_test/wukong/test/nature/ILSVRC2012_val_00016161.JPEG
546,wukong,8721,GenImage_test/wukong/test/ai/421_wukong_image188.png
546,wukong,8722,GenImage_test/wukong/test/ai/666_wukong_image88.png
546,wukong,8723,GenImage_test/wukong/test/nature/ILSVRC2012_val_00049831.JPEG
546,wukong,8724,GenImage_test/wukong/test/nature/ILSVRC2012_val_00035229.JPEG
546,wukong,8725,GenImage_test/wukong/test/nature/ILSVRC2012_val_00046739.JPEG
546,wukong,8726,GenImage_test/wukong/test/nature/ILSVRC2012_val_00023032.JPEG
546,wukong,8727,GenImage_test/wukong/test/ai/909_wukong_image128.png
546,wukong,8728,GenImage_test/wukong/test/ai/682_wukong_image88.png
546,wukong,8729,GenImage_test/wukong/test/ai/204_wukong_image88.png
546,wukong,8730,GenImage_test/wukong/test/ai/885_wukong_image198.png
546,wukong,8731,GenImage_test/wukong/test/nature/ILSVRC2012_val_00028032.JPEG
547,wukong,8732,GenImage_test/wukong/test/nature/ILSVRC2012_val_00046710.JPEG
547,wukong,8733,GenImage_test/wukong/test/nature/ILSVRC2012_val_00019503.JPEG
547,wukong,8734,GenImage_test/wukong/test/ai/63_wukong_image88.png
547,wukong,8735,GenImage_test/wukong/test/nature/ILSVRC2012_val_00013110.JPEG
547,wukong,8736,GenImage_test/wukong/test/ai/13_wukong_image128.png
547,wukong,8737,GenImage_test/wukong/test/ai/732_wukong_image61.png
547,wukong,8738,GenImage_test/wukong/test/nature/ILSVRC2012_val_00021963.JPEG
547,wukong,8739,GenImage_test/wukong/test/nature/ILSVRC2012_val_00021396.JPEG
547,wukong,8740,GenImage_test/wukong/test/ai/608_wukong_image88.png
547,wukong,8741,GenImage_test/wukong/test/ai/786_wukong_image86.png
547,wukong,8742,GenImage_test/wukong/test/nature/ILSVRC2012_val_00040730.JPEG
547,wukong,8743,GenImage_test/wukong/test/ai/204_wukong_image188.png
547,wukong,8744,GenImage_test/wukong/test/nature/ILSVRC2012_val_00047371.JPEG
547,wukong,8745,GenImage_test/wukong/test/nature/ILSVRC2012_val_00048788.JPEG
547,wukong,8746,GenImage_test/wukong/test/ai/48_wukong_image86.png
547,wukong,8747,GenImage_test/wukong/test/ai/19_wukong_image88.png
548,wukong,8748,GenImage_test/wukong/test/nature/ILSVRC2012_val_00016729.JPEG
548,wukong,8749,GenImage_test/wukong/test/ai/907_wukong_image88.png
548,wukong,8750,GenImage_test/wukong/test/ai/744_wukong_image188.png
548,wukong,8751,GenImage_test/wukong/test/nature/ILSVRC2012_val_00011996.JPEG
548,wukong,8752,GenImage_test/wukong/test/ai/556_wukong_image128.png
548,wukong,8753,GenImage_test/wukong/test/nature/ILSVRC2012_val_00029978.JPEG
548,wukong,8754,GenImage_test/wukong/test/nature/ILSVRC2012_val_00040796.JPEG
548,wukong,8755,GenImage_test/wukong/test/nature/ILSVRC2012_val_00049911.JPEG
548,wukong,8756,GenImage_test/wukong/test/nature/ILSVRC2012_val_00037052.JPEG
548,wukong,8757,GenImage_test/wukong/test/ai/804_wukong_image188.png
548,wukong,8758,GenImage_test/wukong/test/nature/ILSVRC2012_val_00003141.JPEG
548,wukong,8759,GenImage_test/wukong/test/ai/747_wukong_image88.png
548,wukong,8760,GenImage_test/wukong/test/nature/ILSVRC2012_val_00033711.JPEG
548,wukong,8761,GenImage_test/wukong/test/nature/ILSVRC2012_val_00044216.JPEG
548,wukong,8762,GenImage_test/wukong/test/ai/31_wukong_image88.png
548,wukong,8763,GenImage_test/wukong/test/ai/601_wukong_image61.png
549,wukong,8764,GenImage_test/wukong/test/nature/ILSVRC2012_val_00018050.JPEG
549,wukong,8765,GenImage_test/wukong/test/nature/ILSVRC2012_val_00015436.JPEG
549,wukong,8766,GenImage_test/wukong/test/nature/ILSVRC2012_val_00038206.JPEG
549,wukong,8767,GenImage_test/wukong/test/ai/444_wukong_image128.png
549,wukong,8768,GenImage_test/wukong/test/ai/393_wukong_image86.png
549,wukong,8769,GenImage_test/wukong/test/ai/321_wukong_image128.png
549,wukong,8770,GenImage_test/wukong/test/ai/878_wukong_image61.png
549,wukong,8771,GenImage_test/wukong/test/ai/273_wukong_image128.png
549,wukong,8772,GenImage_test/wukong/test/ai/434_wukong_image128.png
549,wukong,8773,GenImage_test/wukong/test/nature/ILSVRC2012_val_00014337.JPEG
549,wukong,8774,GenImage_test/wukong/test/nature/ILSVRC2012_val_00025316.JPEG
549,wukong,8775,GenImage_test/wukong/test/nature/ILSVRC2012_val_00037528.JPEG
549,wukong,8776,GenImage_test/wukong/test/nature/ILSVRC2012_val_00018106.JPEG
549,wukong,8777,GenImage_test/wukong/test/nature/ILSVRC2012_val_00026498.JPEG
549,wukong,8778,GenImage_test/wukong/test/ai/217_wukong_image88.png
549,wukong,8779,GenImage_test/wukong/test/ai/821_wukong_image188.png
550,wukong,8780,GenImage_test/wukong/test/nature/ILSVRC2012_val_00017265.JPEG
550,wukong,8781,GenImage_test/wukong/test/ai/470_wukong_image188.png
550,wukong,8782,GenImage_test/wukong/test/ai/884_wukong_image88.png
550,wukong,8783,GenImage_test/wukong/test/nature/ILSVRC2012_val_00032929.JPEG
550,wukong,8784,GenImage_test/wukong/test/nature/ILSVRC2012_val_00041264.JPEG
550,wukong,8785,GenImage_test/wukong/test/nature/ILSVRC2012_val_00037206.JPEG
550,wukong,8786,GenImage_test/wukong/test/ai/820_wukong_image198.png
550,wukong,8787,GenImage_test/wukong/test/ai/152_wukong_image61.png
550,wukong,8788,GenImage_test/wukong/test/nature/ILSVRC2012_val_00017202.JPEG
550,wukong,8789,GenImage_test/wukong/test/ai/763_wukong_image198.png
550,wukong,8790,GenImage_test/wukong/test/ai/852_wukong_image88.png
550,wukong,8791,GenImage_test/wukong/test/nature/ILSVRC2012_val_00022371.JPEG
550,wukong,8792,GenImage_test/wukong/test/ai/329_wukong_image198.png
550,wukong,8793,GenImage_test/wukong/test/nature/ILSVRC2012_val_00036944.JPEG
550,wukong,8794,GenImage_test/wukong/test/nature/ILSVRC2012_val_00024813.JPEG
550,wukong,8795,GenImage_test/wukong/test/ai/189_wukong_image88.png
551,wukong,8796,GenImage_test/wukong/test/nature/ILSVRC2012_val_00040137.JPEG
551,wukong,8797,GenImage_test/wukong/test/ai/359_wukong_image88.png
551,wukong,8798,GenImage_test/wukong/test/ai/632_wukong_image198.png
551,wukong,8799,GenImage_test/wukong/test/nature/ILSVRC2012_val_00047387.JPEG
551,wukong,8800,GenImage_test/wukong/test/nature/ILSVRC2012_val_00038668.JPEG
551,wukong,8801,GenImage_test/wukong/test/nature/ILSVRC2012_val_00025459.JPEG
551,wukong,8802,GenImage_test/wukong/test/nature/ILSVRC2012_val_00013017.JPEG
551,wukong,8803,GenImage_test/wukong/test/nature/ILSVRC2012_val_00045008.JPEG
551,wukong,8804,GenImage_test/wukong/test/nature/ILSVRC2012_val_00044743.JPEG
551,wukong,8805,GenImage_test/wukong/test/nature/ILSVRC2012_val_00029144.JPEG
551,wukong,8806,GenImage_test/wukong/test/ai/467_wukong_image61.png
551,wukong,8807,GenImage_test/wukong/test/ai/298_wukong_image61.png
551,wukong,8808,GenImage_test/wukong/test/nature/ILSVRC2012_val_00025862.JPEG
551,wukong,8809,GenImage_test/wukong/test/nature/ILSVRC2012_val_00044268.JPEG
551,wukong,8810,GenImage_test/wukong/test/ai/744_wukong_image61.png
551,wukong,8811,GenImage_test/wukong/test/ai/281_wukong_image128.png
552,wukong,8812,GenImage_test/wukong/test/nature/ILSVRC2012_val_00036809.JPEG
552,wukong,8813,GenImage_test/wukong/test/ai/966_wukong_image88.png
552,wukong,8814,GenImage_test/wukong/test/ai/26_wukong_image88.png
552,wukong,8815,GenImage_test/wukong/test/ai/497_wukong_image198.png
552,wukong,8816,GenImage_test/wukong/test/nature/ILSVRC2012_val_00012864.JPEG
552,wukong,8817,GenImage_test/wukong/test/ai/341_wukong_image86.png
552,wukong,8818,GenImage_test/wukong/test/ai/289_wukong_image88.png
552,wukong,8819,GenImage_test/wukong/test/nature/ILSVRC2012_val_00000765.JPEG
552,wukong,8820,GenImage_test/wukong/test/ai/430_wukong_image86.png
552,wukong,8821,GenImage_test/wukong/test/nature/ILSVRC2012_val_00020869.JPEG
552,wukong,8822,GenImage_test/wukong/test/nature/ILSVRC2012_val_00034206.JPEG
552,wukong,8823,GenImage_test/wukong/test/nature/ILSVRC2012_val_00015089.JPEG
552,wukong,8824,GenImage_test/wukong/test/nature/ILSVRC2012_val_00021877.JPEG
552,wukong,8825,GenImage_test/wukong/test/nature/ILSVRC2012_val_00013056.JPEG
552,wukong,8826,GenImage_test/wukong/test/nature/ILSVRC2012_val_00011350.JPEG
552,wukong,8827,GenImage_test/wukong/test/ai/42_wukong_image198.png
553,wukong,8828,GenImage_test/wukong/test/ai/646_wukong_image188.png
553,wukong,8829,GenImage_test/wukong/test/nature/ILSVRC2012_val_00009910.JPEG
553,wukong,8830,GenImage_test/wukong/test/nature/ILSVRC2012_val_00034188.JPEG
553,wukong,8831,GenImage_test/wukong/test/ai/109_wukong_image188.png
553,wukong,8832,GenImage_test/wukong/test/nature/ILSVRC2012_val_00014617.JPEG
553,wukong,8833,GenImage_test/wukong/test/nature/ILSVRC2012_val_00035746.JPEG
553,wukong,8834,GenImage_test/wukong/test/ai/366_wukong_image88.png
553,wukong,8835,GenImage_test/wukong/test/nature/ILSVRC2012_val_00036589.JPEG
553,wukong,8836,GenImage_test/wukong/test/ai/673_wukong_image188.png
553,wukong,8837,GenImage_test/wukong/test/ai/79_wukong_image198.png
553,wukong,8838,GenImage_test/wukong/test/nature/ILSVRC2012_val_00025223.JPEG
553,wukong,8839,GenImage_test/wukong/test/nature/ILSVRC2012_val_00018990.JPEG
553,wukong,8840,GenImage_test/wukong/test/ai/610_wukong_image128.png
553,wukong,8841,GenImage_test/wukong/test/nature/ILSVRC2012_val_00039356.JPEG
553,wukong,8842,GenImage_test/wukong/test/nature/ILSVRC2012_val_00008373.JPEG
553,wukong,8843,GenImage_test/wukong/test/nature/ILSVRC2012_val_00022950.JPEG
554,wukong,8844,GenImage_test/wukong/test/nature/ILSVRC2012_val_00002061.JPEG
554,wukong,8845,GenImage_test/wukong/test/ai/165_wukong_image61.png
554,wukong,8846,GenImage_test/wukong/test/ai/120_wukong_image188.png
554,wukong,8847,GenImage_test/wukong/test/ai/369_wukong_image88.png
554,wukong,8848,GenImage_test/wukong/test/nature/ILSVRC2012_val_00027947.JPEG
554,wukong,8849,GenImage_test/wukong/test/nature/ILSVRC2012_val_00045720.JPEG
554,wukong,8850,GenImage_test/wukong/test/nature/ILSVRC2012_val_00013979.JPEG
554,wukong,8851,GenImage_test/wukong/test/ai/172_wukong_image61.png
554,wukong,8852,GenImage_test/wukong/test/nature/ILSVRC2012_val_00039366.JPEG
554,wukong,8853,GenImage_test/wukong/test/ai/97_wukong_image86.png
554,wukong,8854,GenImage_test/wukong/test/nature/ILSVRC2012_val_00032135.JPEG
554,wukong,8855,GenImage_test/wukong/test/ai/340_wukong_image86.png
554,wukong,8856,GenImage_test/wukong/test/nature/ILSVRC2012_val_00047404.JPEG
554,wukong,8857,GenImage_test/wukong/test/ai/33_wukong_image188.png
554,wukong,8858,GenImage_test/wukong/test/ai/787_wukong_image198.png
554,wukong,8859,GenImage_test/wukong/test/nature/ILSVRC2012_val_00012768.JPEG
555,wukong,8860,GenImage_test/wukong/test/ai/990_wukong_image128.png
555,wukong,8861,GenImage_test/wukong/test/nature/ILSVRC2012_val_00012934.JPEG
555,wukong,8862,GenImage_test/wukong/test/nature/ILSVRC2012_val_00038445.JPEG
555,wukong,8863,GenImage_test/wukong/test/ai/468_wukong_image86.png
555,wukong,8864,GenImage_test/wukong/test/nature/ILSVRC2012_val_00010599.JPEG
555,wukong,8865,GenImage_test/wukong/test/ai/4_wukong_image61.png
555,wukong,8866,GenImage_test/wukong/test/ai/215_wukong_image88.png
555,wukong,8867,GenImage_test/wukong/test/nature/ILSVRC2012_val_00020327.JPEG
555,wukong,8868,GenImage_test/wukong/test/ai/711_wukong_image88.png
555,wukong,8869,GenImage_test/wukong/test/ai/14_wukong_image86.png
555,wukong,8870,GenImage_test/wukong/test/nature/ILSVRC2012_val_00030771.JPEG
555,wukong,8871,GenImage_test/wukong/test/nature/ILSVRC2012_val_00030683.JPEG
555,wukong,8872,GenImage_test/wukong/test/ai/290_wukong_image198.png
555,wukong,8873,GenImage_test/wukong/test/nature/ILSVRC2012_val_00036162.JPEG
555,wukong,8874,GenImage_test/wukong/test/nature/ILSVRC2012_val_00023177.JPEG
555,wukong,8875,GenImage_test/wukong/test/nature/ILSVRC2012_val_00038988.JPEG
556,wukong,8876,GenImage_test/wukong/test/ai/475_wukong_image61.png
556,wukong,8877,GenImage_test/wukong/test/nature/ILSVRC2012_val_00026714.JPEG
556,wukong,8878,GenImage_test/wukong/test/ai/275_wukong_image198.png
556,wukong,8879,GenImage_test/wukong/test/nature/ILSVRC2012_val_00006624.JPEG
556,wukong,8880,GenImage_test/wukong/test/nature/ILSVRC2012_val_00027490.JPEG
556,wukong,8881,GenImage_test/wukong/test/nature/ILSVRC2012_val_00024562.JPEG
556,wukong,8882,GenImage_test/wukong/test/ai/814_wukong_image61.png
556,wukong,8883,GenImage_test/wukong/test/ai/756_wukong_image88.png
556,wukong,8884,GenImage_test/wukong/test/nature/ILSVRC2012_val_00024292.JPEG
556,wukong,8885,GenImage_test/wukong/test/nature/ILSVRC2012_val_00025930.JPEG
556,wukong,8886,GenImage_test/wukong/test/nature/ILSVRC2012_val_00001518.JPEG
556,wukong,8887,GenImage_test/wukong/test/ai/331_wukong_image198.png
556,wukong,8888,GenImage_test/wukong/test/ai/784_wukong_image61.png
556,wukong,8889,GenImage_test/wukong/test/nature/ILSVRC2012_val_00024049.JPEG
556,wukong,8890,GenImage_test/wukong/test/ai/168_wukong_image188.png
556,wukong,8891,GenImage_test/wukong/test/nature/ILSVRC2012_val_00005585.JPEG
557,wukong,8892,GenImage_test/wukong/test/ai/349_wukong_image198.png
557,wukong,8893,GenImage_test/wukong/test/nature/ILSVRC2012_val_00022334.JPEG
557,wukong,8894,GenImage_test/wukong/test/nature/ILSVRC2012_val_00046500.JPEG
557,wukong,8895,GenImage_test/wukong/test/ai/843_wukong_image61.png
557,wukong,8896,GenImage_test/wukong/test/ai/480_wukong_image61.png
557,wukong,8897,GenImage_test/wukong/test/ai/880_wukong_image198.png
557,wukong,8898,GenImage_test/wukong/test/ai/408_wukong_image198.png
557,wukong,8899,GenImage_test/wukong/test/ai/782_wukong_image188.png
557,wukong,8900,GenImage_test/wukong/test/ai/961_wukong_image86.png
557,wukong,8901,GenImage_test/wukong/test/ai/649_wukong_image86.png
557,wukong,8902,GenImage_test/wukong/test/nature/ILSVRC2012_val_00037117.JPEG
557,wukong,8903,GenImage_test/wukong/test/nature/ILSVRC2012_val_00022330.JPEG
557,wukong,8904,GenImage_test/wukong/test/nature/ILSVRC2012_val_00026203.JPEG
557,wukong,8905,GenImage_test/wukong/test/ai/898_wukong_image61.png
557,wukong,8906,GenImage_test/wukong/test/nature/ILSVRC2012_val_00047869.JPEG
557,wukong,8907,GenImage_test/wukong/test/nature/ILSVRC2012_val_00025636.JPEG
558,wukong,8908,GenImage_test/wukong/test/nature/ILSVRC2012_val_00003413.JPEG
558,wukong,8909,GenImage_test/wukong/test/ai/741_wukong_image88.png
558,wukong,8910,GenImage_test/wukong/test/ai/137_wukong_image198.png
558,wukong,8911,GenImage_test/wukong/test/nature/ILSVRC2012_val_00022121.JPEG
558,wukong,8912,GenImage_test/wukong/test/nature/ILSVRC2012_val_00036009.JPEG
558,wukong,8913,GenImage_test/wukong/test/ai/655_wukong_image198.png
558,wukong,8914,GenImage_test/wukong/test/ai/428_wukong_image88.png
558,wukong,8915,GenImage_test/wukong/test/ai/446_wukong_image188.png
558,wukong,8916,GenImage_test/wukong/test/ai/197_wukong_image198.png
558,wukong,8917,GenImage_test/wukong/test/ai/417_wukong_image128.png
558,wukong,8918,GenImage_test/wukong/test/ai/809_wukong_image88.png
558,wukong,8919,GenImage_test/wukong/test/nature/ILSVRC2012_val_00029277.JPEG
558,wukong,8920,GenImage_test/wukong/test/ai/419_wukong_image128.png
558,wukong,8921,GenImage_test/wukong/test/nature/ILSVRC2012_val_00004575.JPEG
558,wukong,8922,GenImage_test/wukong/test/ai/437_wukong_image61.png
558,wukong,8923,GenImage_test/wukong/test/ai/783_wukong_image61.png
559,wukong,8924,GenImage_test/wukong/test/ai/869_wukong_image198.png
559,wukong,8925,GenImage_test/wukong/test/nature/ILSVRC2012_val_00019356.JPEG
559,wukong,8926,GenImage_test/wukong/test/ai/151_wukong_image198.png
559,wukong,8927,GenImage_test/wukong/test/ai/82_wukong_image198.png
559,wukong,8928,GenImage_test/wukong/test/ai/953_wukong_image188.png
559,wukong,8929,GenImage_test/wukong/test/ai/696_wukong_image128.png
559,wukong,8930,GenImage_test/wukong/test/nature/ILSVRC2012_val_00031433.JPEG
559,wukong,8931,GenImage_test/wukong/test/nature/ILSVRC2012_val_00014336.JPEG
559,wukong,8932,GenImage_test/wukong/test/ai/579_wukong_image128.png
559,wukong,8933,GenImage_test/wukong/test/nature/ILSVRC2012_val_00009120.JPEG
559,wukong,8934,GenImage_test/wukong/test/nature/ILSVRC2012_val_00011011.JPEG
559,wukong,8935,GenImage_test/wukong/test/ai/194_wukong_image61.png
559,wukong,8936,GenImage_test/wukong/test/nature/ILSVRC2012_val_00035033.JPEG
559,wukong,8937,GenImage_test/wukong/test/nature/ILSVRC2012_val_00016044.JPEG
559,wukong,8938,GenImage_test/wukong/test/ai/494_wukong_image188.png
559,wukong,8939,GenImage_test/wukong/test/nature/ILSVRC2012_val_00018425.JPEG
560,wukong,8940,GenImage_test/wukong/test/nature/ILSVRC2012_val_00032399.JPEG
560,wukong,8941,GenImage_test/wukong/test/ai/381_wukong_image88.png
560,wukong,8942,GenImage_test/wukong/test/ai/189_wukong_image188.png
560,wukong,8943,GenImage_test/wukong/test/nature/ILSVRC2012_val_00004494.JPEG
560,wukong,8944,GenImage_test/wukong/test/ai/821_wukong_image198.png
560,wukong,8945,GenImage_test/wukong/test/nature/ILSVRC2012_val_00012908.JPEG
560,wukong,8946,GenImage_test/wukong/test/nature/ILSVRC2012_val_00028898.JPEG
560,wukong,8947,GenImage_test/wukong/test/ai/59_wukong_image88.png
560,wukong,8948,GenImage_test/wukong/test/ai/60_wukong_image128.png
560,wukong,8949,GenImage_test/wukong/test/ai/22_wukong_image188.png
560,wukong,8950,GenImage_test/wukong/test/ai/435_wukong_image88.png
560,wukong,8951,GenImage_test/wukong/test/ai/459_wukong_image188.png
560,wukong,8952,GenImage_test/wukong/test/ai/538_wukong_image128.png
560,wukong,8953,GenImage_test/wukong/test/nature/ILSVRC2012_val_00029690.JPEG
560,wukong,8954,GenImage_test/wukong/test/ai/192_wukong_image88.png
560,wukong,8955,GenImage_test/wukong/test/nature/ILSVRC2012_val_00014349.JPEG
561,wukong,8956,GenImage_test/wukong/test/ai/340_wukong_image198.png
561,wukong,8957,GenImage_test/wukong/test/nature/ILSVRC2012_val_00002272.JPEG
561,wukong,8958,GenImage_test/wukong/test/ai/350_wukong_image198.png
561,wukong,8959,GenImage_test/wukong/test/nature/ILSVRC2012_val_00044159.JPEG
561,wukong,8960,GenImage_test/wukong/test/nature/ILSVRC2012_val_00035996.JPEG
561,wukong,8961,GenImage_test/wukong/test/ai/218_wukong_image86.png
561,wukong,8962,GenImage_test/wukong/test/nature/ILSVRC2012_val_00037348.JPEG
561,wukong,8963,GenImage_test/wukong/test/ai/285_wukong_image86.png
561,wukong,8964,GenImage_test/wukong/test/nature/ILSVRC2012_val_00012798.JPEG
561,wukong,8965,GenImage_test/wukong/test/nature/ILSVRC2012_val_00020646.JPEG
561,wukong,8966,GenImage_test/wukong/test/nature/ILSVRC2012_val_00040709.JPEG
561,wukong,8967,GenImage_test/wukong/test/ai/339_wukong_image86.png
561,wukong,8968,GenImage_test/wukong/test/nature/ILSVRC2012_val_00033742.JPEG
561,wukong,8969,GenImage_test/wukong/test/nature/ILSVRC2012_val_00049279.JPEG
561,wukong,8970,GenImage_test/wukong/test/nature/ILSVRC2012_val_00020895.JPEG
561,wukong,8971,GenImage_test/wukong/test/ai/658_wukong_image61.png
562,wukong,8972,GenImage_test/wukong/test/ai/377_wukong_image86.png
562,wukong,8973,GenImage_test/wukong/test/ai/597_wukong_image61.png
562,wukong,8974,GenImage_test/wukong/test/ai/425_wukong_image86.png
562,wukong,8975,GenImage_test/wukong/test/nature/ILSVRC2012_val_00024458.JPEG
562,wukong,8976,GenImage_test/wukong/test/ai/479_wukong_image128.png
562,wukong,8977,GenImage_test/wukong/test/nature/ILSVRC2012_val_00034018.JPEG
562,wukong,8978,GenImage_test/wukong/test/ai/721_wukong_image188.png
562,wukong,8979,GenImage_test/wukong/test/nature/ILSVRC2012_val_00041947.JPEG
562,wukong,8980,GenImage_test/wukong/test/ai/931_wukong_image88.png
562,wukong,8981,GenImage_test/wukong/test/ai/864_wukong_image88.png
562,wukong,8982,GenImage_test/wukong/test/nature/ILSVRC2012_val_00013519.JPEG
562,wukong,8983,GenImage_test/wukong/test/nature/ILSVRC2012_val_00040561.JPEG
562,wukong,8984,GenImage_test/wukong/test/nature/ILSVRC2012_val_00004976.JPEG
562,wukong,8985,GenImage_test/wukong/test/ai/871_wukong_image188.png
562,wukong,8986,GenImage_test/wukong/test/ai/579_wukong_image61.png
562,wukong,8987,GenImage_test/wukong/test/nature/ILSVRC2012_val_00019596.JPEG
563,wukong,8988,GenImage_test/wukong/test/ai/227_wukong_image88.png
563,wukong,8989,GenImage_test/wukong/test/nature/ILSVRC2012_val_00035390.JPEG
563,wukong,8990,GenImage_test/wukong/test/ai/145_wukong_image198.png
563,wukong,8991,GenImage_test/wukong/test/nature/ILSVRC2012_val_00046473.JPEG
563,wukong,8992,GenImage_test/wukong/test/ai/32_wukong_image61.png
563,wukong,8993,GenImage_test/wukong/test/nature/ILSVRC2012_val_00015545.JPEG
563,wukong,8994,GenImage_test/wukong/test/ai/209_wukong_image61.png
563,wukong,8995,GenImage_test/wukong/test/ai/372_wukong_image128.png
563,wukong,8996,GenImage_test/wukong/test/nature/ILSVRC2012_val_00036761.JPEG
563,wukong,8997,GenImage_test/wukong/test/ai/998_wukong_image86.png
563,wukong,8998,GenImage_test/wukong/test/nature/ILSVRC2012_val_00019108.JPEG
563,wukong,8999,GenImage_test/wukong/test/nature/ILSVRC2012_val_00040517.JPEG
564,Midjourney,9000,GenImage_test/Midjourney/test/nature/ILSVRC2012_val_00015132.JPEG
564,Midjourney,9001,GenImage_test/Midjourney/test/ai/901_midjourney_100.png
564,Midjourney,9002,GenImage_test/Midjourney/test/nature/ILSVRC2012_val_00004130.JPEG
564,Midjourney,9003,GenImage_test/Midjourney/test/nature/ILSVRC2012_val_00044332.JPEG
564,Midjourney,9004,GenImage_test/Midjourney/test/ai/824_midjourney_197.png
564,Midjourney,9005,GenImage_test/Midjourney/test/nature/ILSVRC2012_val_00018135.JPEG
564,Midjourney,9006,GenImage_test/Midjourney/test/nature/ILSVRC2012_val_00041080.JPEG
564,Midjourney,9007,GenImage_test/Midjourney/test/nature/ILSVRC2012_val_00041280.JPEG
564,Midjourney,9008,GenImage_test/Midjourney/test/ai/723_midjourney_198.png
564,Midjourney,9009,GenImage_test/Midjourney/test/ai/490_midjourney_169.png
564,Midjourney,9010,GenImage_test/Midjourney/test/nature/ILSVRC2012_val_00009163.JPEG
564,Midjourney,9011,GenImage_test/Midjourney/test/ai/373_midjourney_169.png
564,Midjourney,9012,GenImage_test/Midjourney/test/ai/246_midjourney_100.png
564,Midjourney,9013,GenImage_test/Midjourney/test/nature/ILSVRC2012_val_00043629.JPEG
564,Midjourney,9014,GenImage_test/Midjourney/test/ai/256_midjourney_198.png
564,Midjourney,9015,GenImage_test/Midjourney/test/ai/386_midjourney_34.png
565,Midjourney,9016,GenImage_test/Midjourney/test/ai/672_midjourney_34.png
565,Midjourney,9017,GenImage_test/Midjourney/test/ai/280_midjourney_34.png
565,Midjourney,9018,GenImage_test/Midjourney/test/ai/593_midjourney_100.png
565,Midjourney,9019,GenImage_test/Midjourney/test/ai/536_midjourney_169.png
565,Midjourney,9020,GenImage_test/Midjourney/test/nature/ILSVRC2012_val_00040639.JPEG
565,Midjourney,9021,GenImage_test/Midjourney/test/nature/ILSVRC2012_val_00046795.JPEG
565,Midjourney,9022,GenImage_test/Midjourney/test/nature/ILSVRC2012_val_00019171.JPEG
565,Midjourney,9023,GenImage_test/Midjourney/test/ai/576_midjourney_88.png
565,Midjourney,9024,GenImage_test/Midjourney/test/nature/ILSVRC2012_val_00049740.JPEG
565,Midjourney,9025,GenImage_test/Midjourney/test/ai/890_midjourney_88.png
565,Midjourney,9026,GenImage_test/Midjourney/test/nature/ILSVRC2012_val_00017168.JPEG
565,Midjourney,9027,GenImage_test/Midjourney/test/nature/ILSVRC2012_val_00049165.JPEG
565,Midjourney,9028,GenImage_test/Midjourney/test/nature/ILSVRC2012_val_00015122.JPEG
565,Midjourney,9029,GenImage_test/Midjourney/test/ai/887_midjourney_88.png
565,Midjourney,9030,GenImage_test/Midjourney/test/nature/ILSVRC2012_val_00044652.JPEG
565,Midjourney,9031,GenImage_test/Midjourney/test/ai/52_midjourney_88.png
566,Midjourney,9032,GenImage_test/Midjourney/test/nature/ILSVRC2012_val_00011833.JPEG
566,Midjourney,9033,GenImage_test/Midjourney/test/ai/50_midjourney_34.png
566,Midjourney,9034,GenImage_test/Midjourney/test/nature/ILSVRC2012_val_00049051.JPEG
566,Midjourney,9035,GenImage_test/Midjourney/test/ai/26_midjourney_197.png
566,Midjourney,9036,GenImage_test/Midjourney/test/ai/540_midjourney_88.png
566,Midjourney,9037,GenImage_test/Midjourney/test/nature/ILSVRC2012_val_00019004.JPEG
566,Midjourney,9038,GenImage_test/Midjourney/test/nature/ILSVRC2012_val_00006923.JPEG
566,Midjourney,9039,GenImage_test/Midjourney/test/ai/734_midjourney_34.png
566,Midjourney,9040,GenImage_test/Midjourney/test/nature/ILSVRC2012_val_00020015.JPEG
566,Midjourney,9041,GenImage_test/Midjourney/test/nature/ILSVRC2012_val_00030874.JPEG
566,Midjourney,9042,GenImage_test/Midjourney/test/nature/ILSVRC2012_val_00006951.JPEG
566,Midjourney,9043,GenImage_test/Midjourney/test/nature/ILSVRC2012_val_00000533.JPEG
566,Midjourney,9044,GenImage_test/Midjourney/test/ai/789_midjourney_197.png
566,Midjourney,9045,GenImage_test/Midjourney/test/ai/955_midjourney_197.png
566,Midjourney,9046,GenImage_test/Midjourney/test/nature/ILSVRC2012_val_00041556.JPEG
566,Midjourney,9047,GenImage_test/Midjourney/test/nature/ILSVRC2012_val_00016622.JPEG
567,Midjourney,9048,GenImage_test/Midjourney/test/nature/ILSVRC2012_val_00045568.JPEG
567,Midjourney,9049,GenImage_test/Midjourney/test/ai/618_midjourney_169.png
567,Midjourney,9050,GenImage_test/Midjourney/test/nature/ILSVRC2012_val_00037930.JPEG
567,Midjourney,9051,GenImage_test/Midjourney/test/ai/245_midjourney_34.png
567,Midjourney,9052,GenImage_test/Midjourney/test/ai/898_midjourney_198.png
567,Midjourney,9053,GenImage_test/Midjourney/test/nature/ILSVRC2012_val_00004814.JPEG
567,Midjourney,9054,GenImage_test/Midjourney/test/nature/ILSVRC2012_val_00046474.JPEG
567,Midjourney,9055,GenImage_test/Midjourney/test/nature/ILSVRC2012_val_00048985.JPEG
567,Midjourney,9056,GenImage_test/Midjourney/test/nature/ILSVRC2012_val_00003942.JPEG
567,Midjourney,9057,GenImage_test/Midjourney/test/ai/831_midjourney_198.png
567,Midjourney,9058,GenImage_test/Midjourney/test/nature/ILSVRC2012_val_00033680.JPEG
567,Midjourney,9059,GenImage_test/Midjourney/test/nature/ILSVRC2012_val_00030064.JPEG
567,Midjourney,9060,GenImage_test/Midjourney/test/nature/ILSVRC2012_val_00011760.JPEG
567,Midjourney,9061,GenImage_test/Midjourney/test/nature/ILSVRC2012_val_00046692.JPEG
567,Midjourney,9062,GenImage_test/Midjourney/test/ai/971_midjourney_198.png
567,Midjourney,9063,GenImage_test/Midjourney/test/ai/638_midjourney_197.png
568,Midjourney,9064,GenImage_test/Midjourney/test/ai/341_midjourney_100.png
568,Midjourney,9065,GenImage_test/Midjourney/test/nature/ILSVRC2012_val_00044038.JPEG
568,Midjourney,9066,GenImage_test/Midjourney/test/nature/ILSVRC2012_val_00011855.JPEG
568,Midjourney,9067,GenImage_test/Midjourney/test/ai/898_midjourney_197.png
568,Midjourney,9068,GenImage_test/Midjourney/test/nature/ILSVRC2012_val_00034996.JPEG
568,Midjourney,9069,GenImage_test/Midjourney/test/ai/488_midjourney_34.png
568,Midjourney,9070,GenImage_test/Midjourney/test/ai/288_midjourney_169.png
568,Midjourney,9071,GenImage_test/Midjourney/test/nature/ILSVRC2012_val_00004885.JPEG
568,Midjourney,9072,GenImage_test/Midjourney/test/nature/ILSVRC2012_val_00049060.JPEG
568,Midjourney,9073,GenImage_test/Midjourney/test/ai/945_midjourney_198.png
568,Midjourney,9074,GenImage_test/Midjourney/test/ai/28_midjourney_198.png
568,Midjourney,9075,GenImage_test/Midjourney/test/ai/465_midjourney_88.png
568,Midjourney,9076,GenImage_test/Midjourney/test/ai/870_midjourney_88.png
568,Midjourney,9077,GenImage_test/Midjourney/test/nature/ILSVRC2012_val_00002708.JPEG
568,Midjourney,9078,GenImage_test/Midjourney/test/nature/ILSVRC2012_val_00017850.JPEG
568,Midjourney,9079,GenImage_test/Midjourney/test/ai/186_midjourney_88.png
569,Midjourney,9080,GenImage_test/Midjourney/test/ai/33_midjourney_197.png
569,Midjourney,9081,GenImage_test/Midjourney/test/ai/371_midjourney_100.png
569,Midjourney,9082,GenImage_test/Midjourney/test/nature/ILSVRC2012_val_00004989.JPEG
569,Midjourney,9083,GenImage_test/Midjourney/test/ai/536_midjourney_88.png
569,Midjourney,9084,GenImage_test/Midjourney/test/ai/474_midjourney_100.png
569,Midjourney,9085,GenImage_test/Midjourney/test/ai/773_midjourney_100.png
569,Midjourney,9086,GenImage_test/Midjourney/test/ai/483_midjourney_169.png
569,Midjourney,9087,GenImage_test/Midjourney/test/nature/ILSVRC2012_val_00011343.JPEG
569,Midjourney,9088,GenImage_test/Midjourney/test/ai/95_midjourney_198.png
569,Midjourney,9089,GenImage_test/Midjourney/test/nature/ILSVRC2012_val_00019605.JPEG
569,Midjourney,9090,GenImage_test/Midjourney/test/ai/5_midjourney_169.png
569,Midjourney,9091,GenImage_test/Midjourney/test/ai/205_midjourney_197.png
569,Midjourney,9092,GenImage_test/Midjourney/test/ai/448_midjourney_197.png
569,Midjourney,9093,GenImage_test/Midjourney/test/ai/734_midjourney_100.png
569,Midjourney,9094,GenImage_test/Midjourney/test/ai/260_midjourney_100.png
569,Midjourney,9095,GenImage_test/Midjourney/test/nature/ILSVRC2012_val_00030003.JPEG
570,Midjourney,9096,GenImage_test/Midjourney/test/ai/911_midjourney_197.png
570,Midjourney,9097,GenImage_test/Midjourney/test/ai/485_midjourney_198.png
570,Midjourney,9098,GenImage_test/Midjourney/test/nature/ILSVRC2012_val_00001729.JPEG
570,Midjourney,9099,GenImage_test/Midjourney/test/nature/ILSVRC2012_val_00035342.JPEG
570,Midjourney,9100,GenImage_test/Midjourney/test/nature/ILSVRC2012_val_00003709.JPEG
570,Midjourney,9101,GenImage_test/Midjourney/test/nature/ILSVRC2012_val_00031539.JPEG
570,Midjourney,9102,GenImage_test/Midjourney/test/ai/588_midjourney_34.png
570,Midjourney,9103,GenImage_test/Midjourney/test/nature/ILSVRC2012_val_00017290.JPEG
570,Midjourney,9104,GenImage_test/Midjourney/test/ai/695_midjourney_100.png
570,Midjourney,9105,GenImage_test/Midjourney/test/ai/743_midjourney_169.png
570,Midjourney,9106,GenImage_test/Midjourney/test/ai/396_midjourney_34.png
570,Midjourney,9107,GenImage_test/Midjourney/test/ai/711_midjourney_197.png
570,Midjourney,9108,GenImage_test/Midjourney/test/nature/ILSVRC2012_val_00046007.JPEG
570,Midjourney,9109,GenImage_test/Midjourney/test/nature/ILSVRC2012_val_00011030.JPEG
570,Midjourney,9110,GenImage_test/Midjourney/test/nature/ILSVRC2012_val_00027993.JPEG
570,Midjourney,9111,GenImage_test/Midjourney/test/nature/ILSVRC2012_val_00045446.JPEG
571,Midjourney,9112,GenImage_test/Midjourney/test/nature/ILSVRC2012_val_00014207.JPEG
571,Midjourney,9113,GenImage_test/Midjourney/test/nature/ILSVRC2012_val_00024671.JPEG
571,Midjourney,9114,GenImage_test/Midjourney/test/ai/481_midjourney_169.png
571,Midjourney,9115,GenImage_test/Midjourney/test/nature/ILSVRC2012_val_00011537.JPEG
571,Midjourney,9116,GenImage_test/Midjourney/test/ai/283_midjourney_88.png
571,Midjourney,9117,GenImage_test/Midjourney/test/ai/349_midjourney_198.png
571,Midjourney,9118,GenImage_test/Midjourney/test/ai/778_midjourney_88.png
571,Midjourney,9119,GenImage_test/Midjourney/test/ai/480_midjourney_88.png
571,Midjourney,9120,GenImage_test/Midjourney/test/nature/ILSVRC2012_val_00012206.JPEG
571,Midjourney,9121,GenImage_test/Midjourney/test/ai/381_midjourney_169.png
571,Midjourney,9122,GenImage_test/Midjourney/test/ai/917_midjourney_34.png
571,Midjourney,9123,GenImage_test/Midjourney/test/nature/ILSVRC2012_val_00038566.JPEG
571,Midjourney,9124,GenImage_test/Midjourney/test/ai/309_midjourney_197.png
571,Midjourney,9125,GenImage_test/Midjourney/test/ai/233_midjourney_197.png
571,Midjourney,9126,GenImage_test/Midjourney/test/nature/ILSVRC2012_val_00029196.JPEG
571,Midjourney,9127,GenImage_test/Midjourney/test/nature/ILSVRC2012_val_00000999.JPEG
572,Midjourney,9128,GenImage_test/Midjourney/test/nature/ILSVRC2012_val_00032443.JPEG
572,Midjourney,9129,GenImage_test/Midjourney/test/nature/ILSVRC2012_val_00001113.JPEG
572,Midjourney,9130,GenImage_test/Midjourney/test/ai/858_midjourney_100.png
572,Midjourney,9131,GenImage_test/Midjourney/test/ai/223_midjourney_88.png
572,Midjourney,9132,GenImage_test/Midjourney/test/nature/ILSVRC2012_val_00019350.JPEG
572,Midjourney,9133,GenImage_test/Midjourney/test/nature/ILSVRC2012_val_00047597.JPEG
572,Midjourney,9134,GenImage_test/Midjourney/test/ai/450_midjourney_169.png
572,Midjourney,9135,GenImage_test/Midjourney/test/nature/ILSVRC2012_val_00037563.JPEG
572,Midjourney,9136,GenImage_test/Midjourney/test/nature/ILSVRC2012_val_00022947.JPEG
572,Midjourney,9137,GenImage_test/Midjourney/test/ai/815_midjourney_169.png
572,Midjourney,9138,GenImage_test/Midjourney/test/nature/ILSVRC2012_val_00016373.JPEG
572,Midjourney,9139,GenImage_test/Midjourney/test/ai/705_midjourney_169.png
572,Midjourney,9140,GenImage_test/Midjourney/test/nature/ILSVRC2012_val_00027183.JPEG
572,Midjourney,9141,GenImage_test/Midjourney/test/ai/510_midjourney_198.png
572,Midjourney,9142,GenImage_test/Midjourney/test/nature/ILSVRC2012_val_00036575.JPEG
572,Midjourney,9143,GenImage_test/Midjourney/test/nature/ILSVRC2012_val_00046060.JPEG
573,Midjourney,9144,GenImage_test/Midjourney/test/ai/449_midjourney_88.png
573,Midjourney,9145,GenImage_test/Midjourney/test/nature/ILSVRC2012_val_00013578.JPEG
573,Midjourney,9146,GenImage_test/Midjourney/test/ai/30_midjourney_100.png
573,Midjourney,9147,GenImage_test/Midjourney/test/nature/ILSVRC2012_val_00007448.JPEG
573,Midjourney,9148,GenImage_test/Midjourney/test/nature/ILSVRC2012_val_00041306.JPEG
573,Midjourney,9149,GenImage_test/Midjourney/test/ai/41_midjourney_198.png
573,Midjourney,9150,GenImage_test/Midjourney/test/ai/314_midjourney_197.png
573,Midjourney,9151,GenImage_test/Midjourney/test/ai/747_midjourney_197.png
573,Midjourney,9152,GenImage_test/Midjourney/test/nature/ILSVRC2012_val_00020133.JPEG
573,Midjourney,9153,GenImage_test/Midjourney/test/ai/309_midjourney_34.png
573,Midjourney,9154,GenImage_test/Midjourney/test/nature/ILSVRC2012_val_00010443.JPEG
573,Midjourney,9155,GenImage_test/Midjourney/test/nature/ILSVRC2012_val_00037367.JPEG
573,Midjourney,9156,GenImage_test/Midjourney/test/ai/361_midjourney_34.png
573,Midjourney,9157,GenImage_test/Midjourney/test/nature/ILSVRC2012_val_00026333.JPEG
573,Midjourney,9158,GenImage_test/Midjourney/test/ai/234_midjourney_34.png
573,Midjourney,9159,GenImage_test/Midjourney/test/ai/38_midjourney_169.png
574,Midjourney,9160,GenImage_test/Midjourney/test/nature/ILSVRC2012_val_00040510.JPEG
574,Midjourney,9161,GenImage_test/Midjourney/test/ai/805_midjourney_88.png
574,Midjourney,9162,GenImage_test/Midjourney/test/ai/354_midjourney_88.png
574,Midjourney,9163,GenImage_test/Midjourney/test/nature/ILSVRC2012_val_00041822.JPEG
574,Midjourney,9164,GenImage_test/Midjourney/test/nature/ILSVRC2012_val_00032329.JPEG
574,Midjourney,9165,GenImage_test/Midjourney/test/nature/ILSVRC2012_val_00012247.JPEG
574,Midjourney,9166,GenImage_test/Midjourney/test/nature/ILSVRC2012_val_00031301.JPEG
574,Midjourney,9167,GenImage_test/Midjourney/test/ai/673_midjourney_34.png
574,Midjourney,9168,GenImage_test/Midjourney/test/ai/218_midjourney_100.png
574,Midjourney,9169,GenImage_test/Midjourney/test/ai/43_midjourney_34.png
574,Midjourney,9170,GenImage_test/Midjourney/test/nature/ILSVRC2012_val_00015813.JPEG
574,Midjourney,9171,GenImage_test/Midjourney/test/ai/826_midjourney_197.png
574,Midjourney,9172,GenImage_test/Midjourney/test/ai/999_midjourney_198.png
574,Midjourney,9173,GenImage_test/Midjourney/test/nature/ILSVRC2012_val_00046209.JPEG
574,Midjourney,9174,GenImage_test/Midjourney/test/nature/ILSVRC2012_val_00046844.JPEG
574,Midjourney,9175,GenImage_test/Midjourney/test/nature/ILSVRC2012_val_00004476.JPEG
575,Midjourney,9176,GenImage_test/Midjourney/test/ai/840_midjourney_197.png
575,Midjourney,9177,GenImage_test/Midjourney/test/nature/ILSVRC2012_val_00048414.JPEG
575,Midjourney,9178,GenImage_test/Midjourney/test/ai/402_midjourney_198.png
575,Midjourney,9179,GenImage_test/Midjourney/test/ai/801_midjourney_198.png
575,Midjourney,9180,GenImage_test/Midjourney/test/nature/ILSVRC2012_val_00021931.JPEG
575,Midjourney,9181,GenImage_test/Midjourney/test/ai/756_midjourney_198.png
575,Midjourney,9182,GenImage_test/Midjourney/test/ai/580_midjourney_100.png
575,Midjourney,9183,GenImage_test/Midjourney/test/ai/899_midjourney_88.png
575,Midjourney,9184,GenImage_test/Midjourney/test/nature/ILSVRC2012_val_00025983.JPEG
575,Midjourney,9185,GenImage_test/Midjourney/test/nature/ILSVRC2012_val_00011892.JPEG
575,Midjourney,9186,GenImage_test/Midjourney/test/nature/ILSVRC2012_val_00027147.JPEG
575,Midjourney,9187,GenImage_test/Midjourney/test/ai/553_midjourney_169.png
575,Midjourney,9188,GenImage_test/Midjourney/test/ai/192_midjourney_34.png
575,Midjourney,9189,GenImage_test/Midjourney/test/nature/ILSVRC2012_val_00019003.JPEG
575,Midjourney,9190,GenImage_test/Midjourney/test/ai/71_midjourney_88.png
575,Midjourney,9191,GenImage_test/Midjourney/test/nature/ILSVRC2012_val_00005388.JPEG
576,Midjourney,9192,GenImage_test/Midjourney/test/nature/ILSVRC2012_val_00012269.JPEG
576,Midjourney,9193,GenImage_test/Midjourney/test/ai/999_midjourney_88.png
576,Midjourney,9194,GenImage_test/Midjourney/test/ai/799_midjourney_198.png
576,Midjourney,9195,GenImage_test/Midjourney/test/nature/ILSVRC2012_val_00037907.JPEG
576,Midjourney,9196,GenImage_test/Midjourney/test/ai/14_midjourney_100.png
576,Midjourney,9197,GenImage_test/Midjourney/test/nature/ILSVRC2012_val_00027133.JPEG
576,Midjourney,9198,GenImage_test/Midjourney/test/nature/ILSVRC2012_val_00031125.JPEG
576,Midjourney,9199,GenImage_test/Midjourney/test/ai/361_midjourney_88.png
576,Midjourney,9200,GenImage_test/Midjourney/test/nature/ILSVRC2012_val_00013780.JPEG
576,Midjourney,9201,GenImage_test/Midjourney/test/ai/829_midjourney_88.png
576,Midjourney,9202,GenImage_test/Midjourney/test/nature/ILSVRC2012_val_00009905.JPEG
576,Midjourney,9203,GenImage_test/Midjourney/test/nature/ILSVRC2012_val_00012932.JPEG
576,Midjourney,9204,GenImage_test/Midjourney/test/ai/151_midjourney_100.png
576,Midjourney,9205,GenImage_test/Midjourney/test/nature/ILSVRC2012_val_00030740.JPEG
576,Midjourney,9206,GenImage_test/Midjourney/test/ai/861_midjourney_34.png
576,Midjourney,9207,GenImage_test/Midjourney/test/nature/ILSVRC2012_val_00037706.JPEG
577,Midjourney,9208,GenImage_test/Midjourney/test/nature/ILSVRC2012_val_00008408.JPEG
577,Midjourney,9209,GenImage_test/Midjourney/test/ai/843_midjourney_88.png
577,Midjourney,9210,GenImage_test/Midjourney/test/ai/847_midjourney_198.png
577,Midjourney,9211,GenImage_test/Midjourney/test/nature/ILSVRC2012_val_00019942.JPEG
577,Midjourney,9212,GenImage_test/Midjourney/test/ai/772_midjourney_100.png
577,Midjourney,9213,GenImage_test/Midjourney/test/ai/888_midjourney_169.png
577,Midjourney,9214,GenImage_test/Midjourney/test/nature/ILSVRC2012_val_00044751.JPEG
577,Midjourney,9215,GenImage_test/Midjourney/test/ai/941_midjourney_197.png
577,Midjourney,9216,GenImage_test/Midjourney/test/nature/ILSVRC2012_val_00002021.JPEG
577,Midjourney,9217,GenImage_test/Midjourney/test/ai/482_midjourney_34.png
577,Midjourney,9218,GenImage_test/Midjourney/test/nature/ILSVRC2012_val_00047147.JPEG
577,Midjourney,9219,GenImage_test/Midjourney/test/nature/ILSVRC2012_val_00017924.JPEG
577,Midjourney,9220,GenImage_test/Midjourney/test/ai/918_midjourney_100.png
577,Midjourney,9221,GenImage_test/Midjourney/test/nature/ILSVRC2012_val_00044311.JPEG
577,Midjourney,9222,GenImage_test/Midjourney/test/nature/ILSVRC2012_val_00040002.JPEG
577,Midjourney,9223,GenImage_test/Midjourney/test/nature/ILSVRC2012_val_00007407.JPEG
578,Midjourney,9224,GenImage_test/Midjourney/test/nature/ILSVRC2012_val_00043931.JPEG
578,Midjourney,9225,GenImage_test/Midjourney/test/nature/ILSVRC2012_val_00048548.JPEG
578,Midjourney,9226,GenImage_test/Midjourney/test/ai/906_midjourney_198.png
578,Midjourney,9227,GenImage_test/Midjourney/test/ai/138_midjourney_88.png
578,Midjourney,9228,GenImage_test/Midjourney/test/nature/ILSVRC2012_val_00018708.JPEG
578,Midjourney,9229,GenImage_test/Midjourney/test/nature/ILSVRC2012_val_00013305.JPEG
578,Midjourney,9230,GenImage_test/Midjourney/test/ai/270_midjourney_198.png
578,Midjourney,9231,GenImage_test/Midjourney/test/nature/ILSVRC2012_val_00040154.JPEG
578,Midjourney,9232,GenImage_test/Midjourney/test/ai/339_midjourney_198.png
578,Midjourney,9233,GenImage_test/Midjourney/test/ai/674_midjourney_88.png
578,Midjourney,9234,GenImage_test/Midjourney/test/ai/651_midjourney_88.png
578,Midjourney,9235,GenImage_test/Midjourney/test/ai/474_midjourney_88.png
578,Midjourney,9236,GenImage_test/Midjourney/test/ai/102_midjourney_88.png
578,Midjourney,9237,GenImage_test/Midjourney/test/nature/ILSVRC2012_val_00014723.JPEG
578,Midjourney,9238,GenImage_test/Midjourney/test/ai/600_midjourney_198.png
578,Midjourney,9239,GenImage_test/Midjourney/test/nature/ILSVRC2012_val_00041340.JPEG
579,Midjourney,9240,GenImage_test/Midjourney/test/nature/ILSVRC2012_val_00042606.JPEG
579,Midjourney,9241,GenImage_test/Midjourney/test/ai/160_midjourney_198.png
579,Midjourney,9242,GenImage_test/Midjourney/test/ai/723_midjourney_88.png
579,Midjourney,9243,GenImage_test/Midjourney/test/ai/192_midjourney_197.png
579,Midjourney,9244,GenImage_test/Midjourney/test/nature/ILSVRC2012_val_00044174.JPEG
579,Midjourney,9245,GenImage_test/Midjourney/test/nature/ILSVRC2012_val_00023667.JPEG
579,Midjourney,9246,GenImage_test/Midjourney/test/ai/471_midjourney_197.png
579,Midjourney,9247,GenImage_test/Midjourney/test/nature/ILSVRC2012_val_00010944.JPEG
579,Midjourney,9248,GenImage_test/Midjourney/test/ai/399_midjourney_100.png
579,Midjourney,9249,GenImage_test/Midjourney/test/ai/53_midjourney_198.png
579,Midjourney,9250,GenImage_test/Midjourney/test/ai/567_midjourney_34.png
579,Midjourney,9251,GenImage_test/Midjourney/test/ai/687_midjourney_100.png
579,Midjourney,9252,GenImage_test/Midjourney/test/nature/ILSVRC2012_val_00028653.JPEG
579,Midjourney,9253,GenImage_test/Midjourney/test/nature/ILSVRC2012_val_00048476.JPEG
579,Midjourney,9254,GenImage_test/Midjourney/test/ai/640_midjourney_198.png
579,Midjourney,9255,GenImage_test/Midjourney/test/ai/319_midjourney_88.png
580,Midjourney,9256,GenImage_test/Midjourney/test/ai/59_midjourney_88.png
580,Midjourney,9257,GenImage_test/Midjourney/test/ai/194_midjourney_197.png
580,Midjourney,9258,GenImage_test/Midjourney/test/nature/ILSVRC2012_val_00004261.JPEG
580,Midjourney,9259,GenImage_test/Midjourney/test/nature/ILSVRC2012_val_00047797.JPEG
580,Midjourney,9260,GenImage_test/Midjourney/test/ai/894_midjourney_100.png
580,Midjourney,9261,GenImage_test/Midjourney/test/nature/ILSVRC2012_val_00046511.JPEG
580,Midjourney,9262,GenImage_test/Midjourney/test/nature/ILSVRC2012_val_00044185.JPEG
580,Midjourney,9263,GenImage_test/Midjourney/test/nature/ILSVRC2012_val_00029269.JPEG
580,Midjourney,9264,GenImage_test/Midjourney/test/ai/19_midjourney_169.png
580,Midjourney,9265,GenImage_test/Midjourney/test/nature/ILSVRC2012_val_00011022.JPEG
580,Midjourney,9266,GenImage_test/Midjourney/test/ai/845_midjourney_34.png
580,Midjourney,9267,GenImage_test/Midjourney/test/ai/60_midjourney_88.png
580,Midjourney,9268,GenImage_test/Midjourney/test/nature/ILSVRC2012_val_00036502.JPEG
580,Midjourney,9269,GenImage_test/Midjourney/test/ai/590_midjourney_100.png
580,Midjourney,9270,GenImage_test/Midjourney/test/nature/ILSVRC2012_val_00033898.JPEG
580,Midjourney,9271,GenImage_test/Midjourney/test/nature/ILSVRC2012_val_00044166.JPEG
581,Midjourney,9272,GenImage_test/Midjourney/test/ai/632_midjourney_34.png
581,Midjourney,9273,GenImage_test/Midjourney/test/ai/858_midjourney_198.png
581,Midjourney,9274,GenImage_test/Midjourney/test/nature/ILSVRC2012_val_00027088.JPEG
581,Midjourney,9275,GenImage_test/Midjourney/test/ai/433_midjourney_88.png
581,Midjourney,9276,GenImage_test/Midjourney/test/nature/ILSVRC2012_val_00039863.JPEG
581,Midjourney,9277,GenImage_test/Midjourney/test/nature/ILSVRC2012_val_00017158.JPEG
581,Midjourney,9278,GenImage_test/Midjourney/test/ai/780_midjourney_34.png
581,Midjourney,9279,GenImage_test/Midjourney/test/nature/ILSVRC2012_val_00012802.JPEG
581,Midjourney,9280,GenImage_test/Midjourney/test/nature/ILSVRC2012_val_00028483.JPEG
581,Midjourney,9281,GenImage_test/Midjourney/test/nature/ILSVRC2012_val_00019673.JPEG
581,Midjourney,9282,GenImage_test/Midjourney/test/nature/ILSVRC2012_val_00033999.JPEG
581,Midjourney,9283,GenImage_test/Midjourney/test/ai/242_midjourney_100.png
581,Midjourney,9284,GenImage_test/Midjourney/test/nature/ILSVRC2012_val_00025376.JPEG
581,Midjourney,9285,GenImage_test/Midjourney/test/nature/ILSVRC2012_val_00014425.JPEG
581,Midjourney,9286,GenImage_test/Midjourney/test/ai/39_midjourney_34.png
581,Midjourney,9287,GenImage_test/Midjourney/test/nature/ILSVRC2012_val_00025861.JPEG
582,Midjourney,9288,GenImage_test/Midjourney/test/ai/163_midjourney_88.png
582,Midjourney,9289,GenImage_test/Midjourney/test/ai/812_midjourney_88.png
582,Midjourney,9290,GenImage_test/Midjourney/test/nature/ILSVRC2012_val_00044314.JPEG
582,Midjourney,9291,GenImage_test/Midjourney/test/nature/ILSVRC2012_val_00048485.JPEG
582,Midjourney,9292,GenImage_test/Midjourney/test/ai/408_midjourney_197.png
582,Midjourney,9293,GenImage_test/Midjourney/test/ai/306_midjourney_88.png
582,Midjourney,9294,GenImage_test/Midjourney/test/nature/ILSVRC2012_val_00046107.JPEG
582,Midjourney,9295,GenImage_test/Midjourney/test/nature/ILSVRC2012_val_00041158.JPEG
582,Midjourney,9296,GenImage_test/Midjourney/test/nature/ILSVRC2012_val_00046431.JPEG
582,Midjourney,9297,GenImage_test/Midjourney/test/nature/ILSVRC2012_val_00012834.JPEG
582,Midjourney,9298,GenImage_test/Midjourney/test/ai/465_midjourney_169.png
582,Midjourney,9299,GenImage_test/Midjourney/test/nature/ILSVRC2012_val_00028696.JPEG
582,Midjourney,9300,GenImage_test/Midjourney/test/nature/ILSVRC2012_val_00038134.JPEG
582,Midjourney,9301,GenImage_test/Midjourney/test/ai/195_midjourney_100.png
582,Midjourney,9302,GenImage_test/Midjourney/test/nature/ILSVRC2012_val_00034031.JPEG
582,Midjourney,9303,GenImage_test/Midjourney/test/ai/424_midjourney_169.png
583,Midjourney,9304,GenImage_test/Midjourney/test/nature/ILSVRC2012_val_00040162.JPEG
583,Midjourney,9305,GenImage_test/Midjourney/test/nature/ILSVRC2012_val_00027608.JPEG
583,Midjourney,9306,GenImage_test/Midjourney/test/ai/969_midjourney_198.png
583,Midjourney,9307,GenImage_test/Midjourney/test/ai/307_midjourney_34.png
583,Midjourney,9308,GenImage_test/Midjourney/test/nature/ILSVRC2012_val_00015451.JPEG
583,Midjourney,9309,GenImage_test/Midjourney/test/ai/111_midjourney_198.png
583,Midjourney,9310,GenImage_test/Midjourney/test/ai/735_midjourney_34.png
583,Midjourney,9311,GenImage_test/Midjourney/test/nature/ILSVRC2012_val_00045287.JPEG
583,Midjourney,9312,GenImage_test/Midjourney/test/ai/131_midjourney_34.png
583,Midjourney,9313,GenImage_test/Midjourney/test/nature/ILSVRC2012_val_00032927.JPEG
583,Midjourney,9314,GenImage_test/Midjourney/test/ai/130_midjourney_88.png
583,Midjourney,9315,GenImage_test/Midjourney/test/ai/810_midjourney_198.png
583,Midjourney,9316,GenImage_test/Midjourney/test/ai/903_midjourney_169.png
583,Midjourney,9317,GenImage_test/Midjourney/test/ai/90_midjourney_197.png
583,Midjourney,9318,GenImage_test/Midjourney/test/nature/ILSVRC2012_val_00041466.JPEG
583,Midjourney,9319,GenImage_test/Midjourney/test/ai/876_midjourney_100.png
584,Midjourney,9320,GenImage_test/Midjourney/test/ai/226_midjourney_100.png
584,Midjourney,9321,GenImage_test/Midjourney/test/ai/868_midjourney_198.png
584,Midjourney,9322,GenImage_test/Midjourney/test/nature/ILSVRC2012_val_00048512.JPEG
584,Midjourney,9323,GenImage_test/Midjourney/test/ai/919_midjourney_198.png
584,Midjourney,9324,GenImage_test/Midjourney/test/nature/ILSVRC2012_val_00038207.JPEG
584,Midjourney,9325,GenImage_test/Midjourney/test/nature/ILSVRC2012_val_00016582.JPEG
584,Midjourney,9326,GenImage_test/Midjourney/test/nature/ILSVRC2012_val_00001767.JPEG
584,Midjourney,9327,GenImage_test/Midjourney/test/ai/324_midjourney_100.png
584,Midjourney,9328,GenImage_test/Midjourney/test/nature/ILSVRC2012_val_00012718.JPEG
584,Midjourney,9329,GenImage_test/Midjourney/test/ai/656_midjourney_169.png
584,Midjourney,9330,GenImage_test/Midjourney/test/ai/976_midjourney_198.png
584,Midjourney,9331,GenImage_test/Midjourney/test/nature/ILSVRC2012_val_00008302.JPEG
584,Midjourney,9332,GenImage_test/Midjourney/test/nature/ILSVRC2012_val_00041413.JPEG
584,Midjourney,9333,GenImage_test/Midjourney/test/ai/527_midjourney_88.png
584,Midjourney,9334,GenImage_test/Midjourney/test/ai/870_midjourney_198.png
584,Midjourney,9335,GenImage_test/Midjourney/test/nature/ILSVRC2012_val_00031012.JPEG
585,Midjourney,9336,GenImage_test/Midjourney/test/ai/306_midjourney_100.png
585,Midjourney,9337,GenImage_test/Midjourney/test/ai/857_midjourney_88.png
585,Midjourney,9338,GenImage_test/Midjourney/test/nature/ILSVRC2012_val_00014521.JPEG
585,Midjourney,9339,GenImage_test/Midjourney/test/nature/ILSVRC2012_val_00015709.JPEG
585,Midjourney,9340,GenImage_test/Midjourney/test/ai/881_midjourney_169.png
585,Midjourney,9341,GenImage_test/Midjourney/test/nature/ILSVRC2012_val_00041826.JPEG
585,Midjourney,9342,GenImage_test/Midjourney/test/nature/ILSVRC2012_val_00031871.JPEG
585,Midjourney,9343,GenImage_test/Midjourney/test/ai/326_midjourney_198.png
585,Midjourney,9344,GenImage_test/Midjourney/test/nature/ILSVRC2012_val_00002373.JPEG
585,Midjourney,9345,GenImage_test/Midjourney/test/ai/17_midjourney_197.png
585,Midjourney,9346,GenImage_test/Midjourney/test/ai/107_midjourney_34.png
585,Midjourney,9347,GenImage_test/Midjourney/test/nature/ILSVRC2012_val_00031255.JPEG
585,Midjourney,9348,GenImage_test/Midjourney/test/ai/877_midjourney_34.png
585,Midjourney,9349,GenImage_test/Midjourney/test/nature/ILSVRC2012_val_00049199.JPEG
585,Midjourney,9350,GenImage_test/Midjourney/test/nature/ILSVRC2012_val_00003503.JPEG
585,Midjourney,9351,GenImage_test/Midjourney/test/nature/ILSVRC2012_val_00040344.JPEG
586,Midjourney,9352,GenImage_test/Midjourney/test/ai/200_midjourney_197.png
586,Midjourney,9353,GenImage_test/Midjourney/test/ai/1_midjourney_197.png
586,Midjourney,9354,GenImage_test/Midjourney/test/ai/4_midjourney_88.png
586,Midjourney,9355,GenImage_test/Midjourney/test/nature/ILSVRC2012_val_00013174.JPEG
586,Midjourney,9356,GenImage_test/Midjourney/test/ai/32_midjourney_198.png
586,Midjourney,9357,GenImage_test/Midjourney/test/ai/464_midjourney_198.png
586,Midjourney,9358,GenImage_test/Midjourney/test/ai/430_midjourney_198.png
586,Midjourney,9359,GenImage_test/Midjourney/test/ai/998_midjourney_88.png
586,Midjourney,9360,GenImage_test/Midjourney/test/ai/916_midjourney_88.png
586,Midjourney,9361,GenImage_test/Midjourney/test/nature/ILSVRC2012_val_00002846.JPEG
586,Midjourney,9362,GenImage_test/Midjourney/test/ai/486_midjourney_100.png
586,Midjourney,9363,GenImage_test/Midjourney/test/nature/ILSVRC2012_val_00049412.JPEG
586,Midjourney,9364,GenImage_test/Midjourney/test/nature/ILSVRC2012_val_00003353.JPEG
586,Midjourney,9365,GenImage_test/Midjourney/test/nature/ILSVRC2012_val_00048601.JPEG
586,Midjourney,9366,GenImage_test/Midjourney/test/ai/559_midjourney_100.png
586,Midjourney,9367,GenImage_test/Midjourney/test/nature/ILSVRC2012_val_00034375.JPEG
587,Midjourney,9368,GenImage_test/Midjourney/test/ai/444_midjourney_100.png
587,Midjourney,9369,GenImage_test/Midjourney/test/nature/ILSVRC2012_val_00043402.JPEG
587,Midjourney,9370,GenImage_test/Midjourney/test/nature/ILSVRC2012_val_00014312.JPEG
587,Midjourney,9371,GenImage_test/Midjourney/test/nature/ILSVRC2012_val_00004245.JPEG
587,Midjourney,9372,GenImage_test/Midjourney/test/ai/978_midjourney_88.png
587,Midjourney,9373,GenImage_test/Midjourney/test/ai/824_midjourney_100.png
587,Midjourney,9374,GenImage_test/Midjourney/test/ai/273_midjourney_88.png
587,Midjourney,9375,GenImage_test/Midjourney/test/nature/ILSVRC2012_val_00020680.JPEG
587,Midjourney,9376,GenImage_test/Midjourney/test/nature/ILSVRC2012_val_00013011.JPEG
587,Midjourney,9377,GenImage_test/Midjourney/test/nature/ILSVRC2012_val_00035104.JPEG
587,Midjourney,9378,GenImage_test/Midjourney/test/nature/ILSVRC2012_val_00027812.JPEG
587,Midjourney,9379,GenImage_test/Midjourney/test/nature/ILSVRC2012_val_00018097.JPEG
587,Midjourney,9380,GenImage_test/Midjourney/test/ai/275_midjourney_100.png
587,Midjourney,9381,GenImage_test/Midjourney/test/ai/189_midjourney_198.png
587,Midjourney,9382,GenImage_test/Midjourney/test/nature/ILSVRC2012_val_00040993.JPEG
587,Midjourney,9383,GenImage_test/Midjourney/test/nature/ILSVRC2012_val_00015029.JPEG
588,Midjourney,9384,GenImage_test/Midjourney/test/nature/ILSVRC2012_val_00009461.JPEG
588,Midjourney,9385,GenImage_test/Midjourney/test/ai/888_midjourney_197.png
588,Midjourney,9386,GenImage_test/Midjourney/test/nature/ILSVRC2012_val_00037094.JPEG
588,Midjourney,9387,GenImage_test/Midjourney/test/nature/ILSVRC2012_val_00045743.JPEG
588,Midjourney,9388,GenImage_test/Midjourney/test/nature/ILSVRC2012_val_00010952.JPEG
588,Midjourney,9389,GenImage_test/Midjourney/test/nature/ILSVRC2012_val_00002436.JPEG
588,Midjourney,9390,GenImage_test/Midjourney/test/nature/ILSVRC2012_val_00014963.JPEG
588,Midjourney,9391,GenImage_test/Midjourney/test/ai/600_midjourney_34.png
588,Midjourney,9392,GenImage_test/Midjourney/test/nature/ILSVRC2012_val_00025855.JPEG
588,Midjourney,9393,GenImage_test/Midjourney/test/nature/ILSVRC2012_val_00003418.JPEG
588,Midjourney,9394,GenImage_test/Midjourney/test/ai/734_midjourney_88.png
588,Midjourney,9395,GenImage_test/Midjourney/test/ai/254_midjourney_88.png
588,Midjourney,9396,GenImage_test/Midjourney/test/ai/338_midjourney_88.png
588,Midjourney,9397,GenImage_test/Midjourney/test/nature/ILSVRC2012_val_00031453.JPEG
588,Midjourney,9398,GenImage_test/Midjourney/test/ai/534_midjourney_197.png
588,Midjourney,9399,GenImage_test/Midjourney/test/ai/336_midjourney_198.png
589,Midjourney,9400,GenImage_test/Midjourney/test/ai/29_midjourney_100.png
589,Midjourney,9401,GenImage_test/Midjourney/test/ai/36_midjourney_34.png
589,Midjourney,9402,GenImage_test/Midjourney/test/ai/974_midjourney_198.png
589,Midjourney,9403,GenImage_test/Midjourney/test/ai/294_midjourney_34.png
589,Midjourney,9404,GenImage_test/Midjourney/test/nature/ILSVRC2012_val_00040102.JPEG
589,Midjourney,9405,GenImage_test/Midjourney/test/nature/ILSVRC2012_val_00027910.JPEG
589,Midjourney,9406,GenImage_test/Midjourney/test/ai/755_midjourney_88.png
589,Midjourney,9407,GenImage_test/Midjourney/test/ai/656_midjourney_198.png
589,Midjourney,9408,GenImage_test/Midjourney/test/ai/935_midjourney_198.png
589,Midjourney,9409,GenImage_test/Midjourney/test/ai/131_midjourney_197.png
589,Midjourney,9410,GenImage_test/Midjourney/test/nature/ILSVRC2012_val_00018854.JPEG
589,Midjourney,9411,GenImage_test/Midjourney/test/nature/ILSVRC2012_val_00032569.JPEG
589,Midjourney,9412,GenImage_test/Midjourney/test/nature/ILSVRC2012_val_00010212.JPEG
589,Midjourney,9413,GenImage_test/Midjourney/test/ai/110_midjourney_169.png
589,Midjourney,9414,GenImage_test/Midjourney/test/nature/ILSVRC2012_val_00007079.JPEG
589,Midjourney,9415,GenImage_test/Midjourney/test/nature/ILSVRC2012_val_00011799.JPEG
590,Midjourney,9416,GenImage_test/Midjourney/test/nature/ILSVRC2012_val_00029745.JPEG
590,Midjourney,9417,GenImage_test/Midjourney/test/nature/ILSVRC2012_val_00016358.JPEG
590,Midjourney,9418,GenImage_test/Midjourney/test/nature/ILSVRC2012_val_00027535.JPEG
590,Midjourney,9419,GenImage_test/Midjourney/test/ai/206_midjourney_169.png
590,Midjourney,9420,GenImage_test/Midjourney/test/ai/291_midjourney_197.png
590,Midjourney,9421,GenImage_test/Midjourney/test/nature/ILSVRC2012_val_00021669.JPEG
590,Midjourney,9422,GenImage_test/Midjourney/test/ai/411_midjourney_169.png
590,Midjourney,9423,GenImage_test/Midjourney/test/nature/ILSVRC2012_val_00045528.JPEG
590,Midjourney,9424,GenImage_test/Midjourney/test/ai/690_midjourney_100.png
590,Midjourney,9425,GenImage_test/Midjourney/test/nature/ILSVRC2012_val_00029654.JPEG
590,Midjourney,9426,GenImage_test/Midjourney/test/nature/ILSVRC2012_val_00022244.JPEG
590,Midjourney,9427,GenImage_test/Midjourney/test/nature/ILSVRC2012_val_00003454.JPEG
590,Midjourney,9428,GenImage_test/Midjourney/test/nature/ILSVRC2012_val_00012725.JPEG
590,Midjourney,9429,GenImage_test/Midjourney/test/nature/ILSVRC2012_val_00039698.JPEG
590,Midjourney,9430,GenImage_test/Midjourney/test/ai/512_midjourney_88.png
590,Midjourney,9431,GenImage_test/Midjourney/test/ai/127_midjourney_169.png
591,Midjourney,9432,GenImage_test/Midjourney/test/nature/ILSVRC2012_val_00032116.JPEG
591,Midjourney,9433,GenImage_test/Midjourney/test/nature/ILSVRC2012_val_00013309.JPEG
591,Midjourney,9434,GenImage_test/Midjourney/test/nature/ILSVRC2012_val_00047066.JPEG
591,Midjourney,9435,GenImage_test/Midjourney/test/nature/ILSVRC2012_val_00036058.JPEG
591,Midjourney,9436,GenImage_test/Midjourney/test/ai/856_midjourney_34.png
591,Midjourney,9437,GenImage_test/Midjourney/test/ai/910_midjourney_169.png
591,Midjourney,9438,GenImage_test/Midjourney/test/nature/ILSVRC2012_val_00002012.JPEG
591,Midjourney,9439,GenImage_test/Midjourney/test/ai/760_midjourney_197.png
591,Midjourney,9440,GenImage_test/Midjourney/test/ai/41_midjourney_100.png
591,Midjourney,9441,GenImage_test/Midjourney/test/nature/ILSVRC2012_val_00046054.JPEG
591,Midjourney,9442,GenImage_test/Midjourney/test/nature/ILSVRC2012_val_00024994.JPEG
591,Midjourney,9443,GenImage_test/Midjourney/test/nature/ILSVRC2012_val_00027419.JPEG
591,Midjourney,9444,GenImage_test/Midjourney/test/ai/949_midjourney_198.png
591,Midjourney,9445,GenImage_test/Midjourney/test/ai/798_midjourney_197.png
591,Midjourney,9446,GenImage_test/Midjourney/test/nature/ILSVRC2012_val_00003851.JPEG
591,Midjourney,9447,GenImage_test/Midjourney/test/ai/302_midjourney_169.png
592,Midjourney,9448,GenImage_test/Midjourney/test/nature/ILSVRC2012_val_00019984.JPEG
592,Midjourney,9449,GenImage_test/Midjourney/test/ai/420_midjourney_198.png
592,Midjourney,9450,GenImage_test/Midjourney/test/ai/681_midjourney_169.png
592,Midjourney,9451,GenImage_test/Midjourney/test/ai/489_midjourney_169.png
592,Midjourney,9452,GenImage_test/Midjourney/test/ai/879_midjourney_198.png
592,Midjourney,9453,GenImage_test/Midjourney/test/ai/992_midjourney_100.png
592,Midjourney,9454,GenImage_test/Midjourney/test/nature/ILSVRC2012_val_00000113.JPEG
592,Midjourney,9455,GenImage_test/Midjourney/test/ai/282_midjourney_197.png
592,Midjourney,9456,GenImage_test/Midjourney/test/ai/931_midjourney_100.png
592,Midjourney,9457,GenImage_test/Midjourney/test/nature/ILSVRC2012_val_00035909.JPEG
592,Midjourney,9458,GenImage_test/Midjourney/test/nature/ILSVRC2012_val_00019746.JPEG
592,Midjourney,9459,GenImage_test/Midjourney/test/nature/ILSVRC2012_val_00022376.JPEG
592,Midjourney,9460,GenImage_test/Midjourney/test/nature/ILSVRC2012_val_00026313.JPEG
592,Midjourney,9461,GenImage_test/Midjourney/test/nature/ILSVRC2012_val_00031086.JPEG
592,Midjourney,9462,GenImage_test/Midjourney/test/ai/244_midjourney_198.png
592,Midjourney,9463,GenImage_test/Midjourney/test/ai/131_midjourney_88.png
593,Midjourney,9464,GenImage_test/Midjourney/test/nature/ILSVRC2012_val_00009877.JPEG
593,Midjourney,9465,GenImage_test/Midjourney/test/ai/478_midjourney_88.png
593,Midjourney,9466,GenImage_test/Midjourney/test/nature/ILSVRC2012_val_00049833.JPEG
593,Midjourney,9467,GenImage_test/Midjourney/test/nature/ILSVRC2012_val_00044335.JPEG
593,Midjourney,9468,GenImage_test/Midjourney/test/ai/430_midjourney_34.png
593,Midjourney,9469,GenImage_test/Midjourney/test/ai/161_midjourney_88.png
593,Midjourney,9470,GenImage_test/Midjourney/test/nature/ILSVRC2012_val_00038512.JPEG
593,Midjourney,9471,GenImage_test/Midjourney/test/ai/196_midjourney_197.png
593,Midjourney,9472,GenImage_test/Midjourney/test/nature/ILSVRC2012_val_00044128.JPEG
593,Midjourney,9473,GenImage_test/Midjourney/test/ai/902_midjourney_197.png
593,Midjourney,9474,GenImage_test/Midjourney/test/nature/ILSVRC2012_val_00027933.JPEG
593,Midjourney,9475,GenImage_test/Midjourney/test/nature/ILSVRC2012_val_00021747.JPEG
593,Midjourney,9476,GenImage_test/Midjourney/test/nature/ILSVRC2012_val_00031689.JPEG
593,Midjourney,9477,GenImage_test/Midjourney/test/ai/687_midjourney_198.png
593,Midjourney,9478,GenImage_test/Midjourney/test/ai/225_midjourney_88.png
593,Midjourney,9479,GenImage_test/Midjourney/test/ai/588_midjourney_88.png
594,Midjourney,9480,GenImage_test/Midjourney/test/ai/287_midjourney_88.png
594,Midjourney,9481,GenImage_test/Midjourney/test/ai/518_midjourney_169.png
594,Midjourney,9482,GenImage_test/Midjourney/test/nature/ILSVRC2012_val_00026932.JPEG
594,Midjourney,9483,GenImage_test/Midjourney/test/nature/ILSVRC2012_val_00006519.JPEG
594,Midjourney,9484,GenImage_test/Midjourney/test/ai/189_midjourney_169.png
594,Midjourney,9485,GenImage_test/Midjourney/test/ai/238_midjourney_169.png
594,Midjourney,9486,GenImage_test/Midjourney/test/ai/604_midjourney_169.png
594,Midjourney,9487,GenImage_test/Midjourney/test/nature/ILSVRC2012_val_00030989.JPEG
594,Midjourney,9488,GenImage_test/Midjourney/test/ai/52_midjourney_197.png
594,Midjourney,9489,GenImage_test/Midjourney/test/nature/ILSVRC2012_val_00011938.JPEG
594,Midjourney,9490,GenImage_test/Midjourney/test/ai/234_midjourney_100.png
594,Midjourney,9491,GenImage_test/Midjourney/test/nature/ILSVRC2012_val_00040726.JPEG
594,Midjourney,9492,GenImage_test/Midjourney/test/ai/227_midjourney_34.png
594,Midjourney,9493,GenImage_test/Midjourney/test/ai/3_midjourney_197.png
594,Midjourney,9494,GenImage_test/Midjourney/test/ai/560_midjourney_169.png
594,Midjourney,9495,GenImage_test/Midjourney/test/nature/ILSVRC2012_val_00043053.JPEG
595,Midjourney,9496,GenImage_test/Midjourney/test/ai/31_midjourney_34.png
595,Midjourney,9497,GenImage_test/Midjourney/test/ai/171_midjourney_198.png
595,Midjourney,9498,GenImage_test/Midjourney/test/nature/ILSVRC2012_val_00024776.JPEG
595,Midjourney,9499,GenImage_test/Midjourney/test/nature/ILSVRC2012_val_00013601.JPEG
595,Midjourney,9500,GenImage_test/Midjourney/test/ai/682_midjourney_197.png
595,Midjourney,9501,GenImage_test/Midjourney/test/nature/ILSVRC2012_val_00029235.JPEG
595,Midjourney,9502,GenImage_test/Midjourney/test/ai/254_midjourney_169.png
595,Midjourney,9503,GenImage_test/Midjourney/test/ai/790_midjourney_197.png
595,Midjourney,9504,GenImage_test/Midjourney/test/nature/ILSVRC2012_val_00017676.JPEG
595,Midjourney,9505,GenImage_test/Midjourney/test/ai/748_midjourney_169.png
595,Midjourney,9506,GenImage_test/Midjourney/test/nature/ILSVRC2012_val_00008674.JPEG
595,Midjourney,9507,GenImage_test/Midjourney/test/ai/682_midjourney_100.png
595,Midjourney,9508,GenImage_test/Midjourney/test/nature/ILSVRC2012_val_00023242.JPEG
595,Midjourney,9509,GenImage_test/Midjourney/test/ai/76_midjourney_197.png
595,Midjourney,9510,GenImage_test/Midjourney/test/ai/425_midjourney_197.png
595,Midjourney,9511,GenImage_test/Midjourney/test/ai/885_midjourney_34.png
596,Midjourney,9512,GenImage_test/Midjourney/test/ai/570_midjourney_88.png
596,Midjourney,9513,GenImage_test/Midjourney/test/ai/668_midjourney_169.png
596,Midjourney,9514,GenImage_test/Midjourney/test/nature/ILSVRC2012_val_00005453.JPEG
596,Midjourney,9515,GenImage_test/Midjourney/test/nature/ILSVRC2012_val_00045168.JPEG
596,Midjourney,9516,GenImage_test/Midjourney/test/ai/453_midjourney_34.png
596,Midjourney,9517,GenImage_test/Midjourney/test/ai/14_midjourney_88.png
596,Midjourney,9518,GenImage_test/Midjourney/test/nature/ILSVRC2012_val_00046212.JPEG
596,Midjourney,9519,GenImage_test/Midjourney/test/nature/ILSVRC2012_val_00001089.JPEG
596,Midjourney,9520,GenImage_test/Midjourney/test/nature/ILSVRC2012_val_00021773.JPEG
596,Midjourney,9521,GenImage_test/Midjourney/test/ai/904_midjourney_34.png
596,Midjourney,9522,GenImage_test/Midjourney/test/ai/458_midjourney_197.png
596,Midjourney,9523,GenImage_test/Midjourney/test/ai/230_midjourney_169.png
596,Midjourney,9524,GenImage_test/Midjourney/test/ai/426_midjourney_197.png
596,Midjourney,9525,GenImage_test/Midjourney/test/ai/263_midjourney_34.png
596,Midjourney,9526,GenImage_test/Midjourney/test/ai/108_midjourney_100.png
596,Midjourney,9527,GenImage_test/Midjourney/test/ai/166_midjourney_197.png
597,Midjourney,9528,GenImage_test/Midjourney/test/ai/892_midjourney_198.png
597,Midjourney,9529,GenImage_test/Midjourney/test/nature/ILSVRC2012_val_00047029.JPEG
597,Midjourney,9530,GenImage_test/Midjourney/test/ai/731_midjourney_197.png
597,Midjourney,9531,GenImage_test/Midjourney/test/nature/ILSVRC2012_val_00026382.JPEG
597,Midjourney,9532,GenImage_test/Midjourney/test/nature/ILSVRC2012_val_00019878.JPEG
597,Midjourney,9533,GenImage_test/Midjourney/test/ai/79_midjourney_88.png
597,Midjourney,9534,GenImage_test/Midjourney/test/ai/180_midjourney_169.png
597,Midjourney,9535,GenImage_test/Midjourney/test/nature/ILSVRC2012_val_00033733.JPEG
597,Midjourney,9536,GenImage_test/Midjourney/test/nature/ILSVRC2012_val_00032204.JPEG
597,Midjourney,9537,GenImage_test/Midjourney/test/ai/21_midjourney_169.png
597,Midjourney,9538,GenImage_test/Midjourney/test/nature/ILSVRC2012_val_00039941.JPEG
597,Midjourney,9539,GenImage_test/Midjourney/test/nature/ILSVRC2012_val_00038101.JPEG
597,Midjourney,9540,GenImage_test/Midjourney/test/ai/836_midjourney_100.png
597,Midjourney,9541,GenImage_test/Midjourney/test/ai/39_midjourney_198.png
597,Midjourney,9542,GenImage_test/Midjourney/test/nature/ILSVRC2012_val_00018835.JPEG
597,Midjourney,9543,GenImage_test/Midjourney/test/ai/604_midjourney_34.png
598,Midjourney,9544,GenImage_test/Midjourney/test/nature/ILSVRC2012_val_00017745.JPEG
598,Midjourney,9545,GenImage_test/Midjourney/test/ai/399_midjourney_198.png
598,Midjourney,9546,GenImage_test/Midjourney/test/ai/10_midjourney_169.png
598,Midjourney,9547,GenImage_test/Midjourney/test/ai/705_midjourney_100.png
598,Midjourney,9548,GenImage_test/Midjourney/test/ai/154_midjourney_100.png
598,Midjourney,9549,GenImage_test/Midjourney/test/ai/258_midjourney_197.png
598,Midjourney,9550,GenImage_test/Midjourney/test/ai/602_midjourney_100.png
598,Midjourney,9551,GenImage_test/Midjourney/test/nature/ILSVRC2012_val_00008390.JPEG
598,Midjourney,9552,GenImage_test/Midjourney/test/nature/ILSVRC2012_val_00007165.JPEG
598,Midjourney,9553,GenImage_test/Midjourney/test/ai/869_midjourney_88.png
598,Midjourney,9554,GenImage_test/Midjourney/test/ai/404_midjourney_100.png
598,Midjourney,9555,GenImage_test/Midjourney/test/nature/ILSVRC2012_val_00049357.JPEG
598,Midjourney,9556,GenImage_test/Midjourney/test/nature/ILSVRC2012_val_00032787.JPEG
598,Midjourney,9557,GenImage_test/Midjourney/test/nature/ILSVRC2012_val_00002674.JPEG
598,Midjourney,9558,GenImage_test/Midjourney/test/nature/ILSVRC2012_val_00037835.JPEG
598,Midjourney,9559,GenImage_test/Midjourney/test/nature/ILSVRC2012_val_00034010.JPEG
599,Midjourney,9560,GenImage_test/Midjourney/test/ai/997_midjourney_88.png
599,Midjourney,9561,GenImage_test/Midjourney/test/ai/789_midjourney_88.png
599,Midjourney,9562,GenImage_test/Midjourney/test/nature/ILSVRC2012_val_00032540.JPEG
599,Midjourney,9563,GenImage_test/Midjourney/test/nature/ILSVRC2012_val_00028873.JPEG
599,Midjourney,9564,GenImage_test/Midjourney/test/ai/287_midjourney_34.png
599,Midjourney,9565,GenImage_test/Midjourney/test/ai/719_midjourney_34.png
599,Midjourney,9566,GenImage_test/Midjourney/test/nature/ILSVRC2012_val_00007566.JPEG
599,Midjourney,9567,GenImage_test/Midjourney/test/nature/ILSVRC2012_val_00017330.JPEG
599,Midjourney,9568,GenImage_test/Midjourney/test/nature/ILSVRC2012_val_00032253.JPEG
599,Midjourney,9569,GenImage_test/Midjourney/test/ai/62_midjourney_34.png
599,Midjourney,9570,GenImage_test/Midjourney/test/ai/685_midjourney_88.png
599,Midjourney,9571,GenImage_test/Midjourney/test/nature/ILSVRC2012_val_00004102.JPEG
599,Midjourney,9572,GenImage_test/Midjourney/test/ai/231_midjourney_88.png
599,Midjourney,9573,GenImage_test/Midjourney/test/ai/824_midjourney_88.png
599,Midjourney,9574,GenImage_test/Midjourney/test/ai/547_midjourney_197.png
599,Midjourney,9575,GenImage_test/Midjourney/test/nature/ILSVRC2012_val_00048575.JPEG
600,Midjourney,9576,GenImage_test/Midjourney/test/ai/368_midjourney_88.png
600,Midjourney,9577,GenImage_test/Midjourney/test/nature/ILSVRC2012_val_00001766.JPEG
600,Midjourney,9578,GenImage_test/Midjourney/test/nature/ILSVRC2012_val_00011408.JPEG
600,Midjourney,9579,GenImage_test/Midjourney/test/nature/ILSVRC2012_val_00041310.JPEG
600,Midjourney,9580,GenImage_test/Midjourney/test/ai/863_midjourney_198.png
600,Midjourney,9581,GenImage_test/Midjourney/test/nature/ILSVRC2012_val_00043906.JPEG
600,Midjourney,9582,GenImage_test/Midjourney/test/nature/ILSVRC2012_val_00003271.JPEG
600,Midjourney,9583,GenImage_test/Midjourney/test/ai/263_midjourney_197.png
600,Midjourney,9584,GenImage_test/Midjourney/test/nature/ILSVRC2012_val_00019371.JPEG
600,Midjourney,9585,GenImage_test/Midjourney/test/ai/459_midjourney_169.png
600,Midjourney,9586,GenImage_test/Midjourney/test/nature/ILSVRC2012_val_00021064.JPEG
600,Midjourney,9587,GenImage_test/Midjourney/test/ai/32_midjourney_169.png
600,Midjourney,9588,GenImage_test/Midjourney/test/ai/472_midjourney_88.png
600,Midjourney,9589,GenImage_test/Midjourney/test/nature/ILSVRC2012_val_00012387.JPEG
600,Midjourney,9590,GenImage_test/Midjourney/test/nature/ILSVRC2012_val_00048363.JPEG
600,Midjourney,9591,GenImage_test/Midjourney/test/ai/866_midjourney_100.png
601,Midjourney,9592,GenImage_test/Midjourney/test/ai/342_midjourney_100.png
601,Midjourney,9593,GenImage_test/Midjourney/test/nature/ILSVRC2012_val_00023117.JPEG
601,Midjourney,9594,GenImage_test/Midjourney/test/ai/450_midjourney_34.png
601,Midjourney,9595,GenImage_test/Midjourney/test/ai/881_midjourney_100.png
601,Midjourney,9596,GenImage_test/Midjourney/test/nature/ILSVRC2012_val_00041999.JPEG
601,Midjourney,9597,GenImage_test/Midjourney/test/nature/ILSVRC2012_val_00039530.JPEG
601,Midjourney,9598,GenImage_test/Midjourney/test/ai/398_midjourney_34.png
601,Midjourney,9599,GenImage_test/Midjourney/test/ai/730_midjourney_34.png
601,Midjourney,9600,GenImage_test/Midjourney/test/ai/599_midjourney_198.png
601,Midjourney,9601,GenImage_test/Midjourney/test/nature/ILSVRC2012_val_00018607.JPEG
601,Midjourney,9602,GenImage_test/Midjourney/test/ai/806_midjourney_100.png
601,Midjourney,9603,GenImage_test/Midjourney/test/ai/222_midjourney_88.png
601,Midjourney,9604,GenImage_test/Midjourney/test/ai/440_midjourney_34.png
601,Midjourney,9605,GenImage_test/Midjourney/test/nature/ILSVRC2012_val_00017466.JPEG
601,Midjourney,9606,GenImage_test/Midjourney/test/ai/793_midjourney_100.png
601,Midjourney,9607,GenImage_test/Midjourney/test/nature/ILSVRC2012_val_00046189.JPEG
602,Midjourney,9608,GenImage_test/Midjourney/test/ai/688_midjourney_198.png
602,Midjourney,9609,GenImage_test/Midjourney/test/nature/ILSVRC2012_val_00041203.JPEG
602,Midjourney,9610,GenImage_test/Midjourney/test/ai/468_midjourney_198.png
602,Midjourney,9611,GenImage_test/Midjourney/test/nature/ILSVRC2012_val_00011988.JPEG
602,Midjourney,9612,GenImage_test/Midjourney/test/ai/103_midjourney_34.png
602,Midjourney,9613,GenImage_test/Midjourney/test/nature/ILSVRC2012_val_00008870.JPEG
602,Midjourney,9614,GenImage_test/Midjourney/test/ai/548_midjourney_34.png
602,Midjourney,9615,GenImage_test/Midjourney/test/nature/ILSVRC2012_val_00007787.JPEG
602,Midjourney,9616,GenImage_test/Midjourney/test/nature/ILSVRC2012_val_00047991.JPEG
602,Midjourney,9617,GenImage_test/Midjourney/test/ai/950_midjourney_100.png
602,Midjourney,9618,GenImage_test/Midjourney/test/nature/ILSVRC2012_val_00004960.JPEG
602,Midjourney,9619,GenImage_test/Midjourney/test/nature/ILSVRC2012_val_00015440.JPEG
602,Midjourney,9620,GenImage_test/Midjourney/test/ai/266_midjourney_34.png
602,Midjourney,9621,GenImage_test/Midjourney/test/nature/ILSVRC2012_val_00006823.JPEG
602,Midjourney,9622,GenImage_test/Midjourney/test/nature/ILSVRC2012_val_00004843.JPEG
602,Midjourney,9623,GenImage_test/Midjourney/test/nature/ILSVRC2012_val_00029806.JPEG
603,Midjourney,9624,GenImage_test/Midjourney/test/ai/748_midjourney_197.png
603,Midjourney,9625,GenImage_test/Midjourney/test/nature/ILSVRC2012_val_00004385.JPEG
603,Midjourney,9626,GenImage_test/Midjourney/test/ai/719_midjourney_100.png
603,Midjourney,9627,GenImage_test/Midjourney/test/nature/ILSVRC2012_val_00033047.JPEG
603,Midjourney,9628,GenImage_test/Midjourney/test/nature/ILSVRC2012_val_00003346.JPEG
603,Midjourney,9629,GenImage_test/Midjourney/test/ai/724_midjourney_34.png
603,Midjourney,9630,GenImage_test/Midjourney/test/nature/ILSVRC2012_val_00014553.JPEG
603,Midjourney,9631,GenImage_test/Midjourney/test/nature/ILSVRC2012_val_00032298.JPEG
603,Midjourney,9632,GenImage_test/Midjourney/test/ai/793_midjourney_198.png
603,Midjourney,9633,GenImage_test/Midjourney/test/nature/ILSVRC2012_val_00044099.JPEG
603,Midjourney,9634,GenImage_test/Midjourney/test/nature/ILSVRC2012_val_00016403.JPEG
603,Midjourney,9635,GenImage_test/Midjourney/test/nature/ILSVRC2012_val_00011241.JPEG
603,Midjourney,9636,GenImage_test/Midjourney/test/ai/681_midjourney_100.png
603,Midjourney,9637,GenImage_test/Midjourney/test/nature/ILSVRC2012_val_00029793.JPEG
603,Midjourney,9638,GenImage_test/Midjourney/test/nature/ILSVRC2012_val_00003958.JPEG
603,Midjourney,9639,GenImage_test/Midjourney/test/nature/ILSVRC2012_val_00006435.JPEG
604,Midjourney,9640,GenImage_test/Midjourney/test/ai/828_midjourney_34.png
604,Midjourney,9641,GenImage_test/Midjourney/test/ai/961_midjourney_88.png
604,Midjourney,9642,GenImage_test/Midjourney/test/ai/742_midjourney_88.png
604,Midjourney,9643,GenImage_test/Midjourney/test/nature/ILSVRC2012_val_00031094.JPEG
604,Midjourney,9644,GenImage_test/Midjourney/test/ai/72_midjourney_197.png
604,Midjourney,9645,GenImage_test/Midjourney/test/ai/77_midjourney_88.png
604,Midjourney,9646,GenImage_test/Midjourney/test/ai/487_midjourney_198.png
604,Midjourney,9647,GenImage_test/Midjourney/test/ai/843_midjourney_198.png
604,Midjourney,9648,GenImage_test/Midjourney/test/nature/ILSVRC2012_val_00036722.JPEG
604,Midjourney,9649,GenImage_test/Midjourney/test/nature/ILSVRC2012_val_00048624.JPEG
604,Midjourney,9650,GenImage_test/Midjourney/test/nature/ILSVRC2012_val_00043089.JPEG
604,Midjourney,9651,GenImage_test/Midjourney/test/nature/ILSVRC2012_val_00043689.JPEG
604,Midjourney,9652,GenImage_test/Midjourney/test/ai/65_midjourney_100.png
604,Midjourney,9653,GenImage_test/Midjourney/test/ai/741_midjourney_88.png
604,Midjourney,9654,GenImage_test/Midjourney/test/nature/ILSVRC2012_val_00031146.JPEG
604,Midjourney,9655,GenImage_test/Midjourney/test/nature/ILSVRC2012_val_00023310.JPEG
605,Midjourney,9656,GenImage_test/Midjourney/test/nature/ILSVRC2012_val_00042776.JPEG
605,Midjourney,9657,GenImage_test/Midjourney/test/nature/ILSVRC2012_val_00043527.JPEG
605,Midjourney,9658,GenImage_test/Midjourney/test/ai/861_midjourney_169.png
605,Midjourney,9659,GenImage_test/Midjourney/test/nature/ILSVRC2012_val_00001052.JPEG
605,Midjourney,9660,GenImage_test/Midjourney/test/nature/ILSVRC2012_val_00030513.JPEG
605,Midjourney,9661,GenImage_test/Midjourney/test/ai/331_midjourney_34.png
605,Midjourney,9662,GenImage_test/Midjourney/test/ai/837_midjourney_88.png
605,Midjourney,9663,GenImage_test/Midjourney/test/nature/ILSVRC2012_val_00020444.JPEG
605,Midjourney,9664,GenImage_test/Midjourney/test/nature/ILSVRC2012_val_00045711.JPEG
605,Midjourney,9665,GenImage_test/Midjourney/test/nature/ILSVRC2012_val_00021674.JPEG
605,Midjourney,9666,GenImage_test/Midjourney/test/nature/ILSVRC2012_val_00046495.JPEG
605,Midjourney,9667,GenImage_test/Midjourney/test/ai/77_midjourney_100.png
605,Midjourney,9668,GenImage_test/Midjourney/test/ai/273_midjourney_198.png
605,Midjourney,9669,GenImage_test/Midjourney/test/nature/ILSVRC2012_val_00041701.JPEG
605,Midjourney,9670,GenImage_test/Midjourney/test/nature/ILSVRC2012_val_00040049.JPEG
605,Midjourney,9671,GenImage_test/Midjourney/test/ai/796_midjourney_100.png
606,Midjourney,9672,GenImage_test/Midjourney/test/ai/980_midjourney_198.png
606,Midjourney,9673,GenImage_test/Midjourney/test/ai/381_midjourney_197.png
606,Midjourney,9674,GenImage_test/Midjourney/test/nature/ILSVRC2012_val_00024968.JPEG
606,Midjourney,9675,GenImage_test/Midjourney/test/nature/ILSVRC2012_val_00002377.JPEG
606,Midjourney,9676,GenImage_test/Midjourney/test/nature/ILSVRC2012_val_00013108.JPEG
606,Midjourney,9677,GenImage_test/Midjourney/test/ai/760_midjourney_198.png
606,Midjourney,9678,GenImage_test/Midjourney/test/nature/ILSVRC2012_val_00011540.JPEG
606,Midjourney,9679,GenImage_test/Midjourney/test/ai/934_midjourney_100.png
606,Midjourney,9680,GenImage_test/Midjourney/test/nature/ILSVRC2012_val_00036061.JPEG
606,Midjourney,9681,GenImage_test/Midjourney/test/nature/ILSVRC2012_val_00036434.JPEG
606,Midjourney,9682,GenImage_test/Midjourney/test/nature/ILSVRC2012_val_00002513.JPEG
606,Midjourney,9683,GenImage_test/Midjourney/test/ai/240_midjourney_197.png
606,Midjourney,9684,GenImage_test/Midjourney/test/nature/ILSVRC2012_val_00043699.JPEG
606,Midjourney,9685,GenImage_test/Midjourney/test/ai/154_midjourney_197.png
606,Midjourney,9686,GenImage_test/Midjourney/test/ai/542_midjourney_198.png
606,Midjourney,9687,GenImage_test/Midjourney/test/ai/335_midjourney_169.png
607,Midjourney,9688,GenImage_test/Midjourney/test/nature/ILSVRC2012_val_00025121.JPEG
607,Midjourney,9689,GenImage_test/Midjourney/test/ai/709_midjourney_197.png
607,Midjourney,9690,GenImage_test/Midjourney/test/ai/163_midjourney_198.png
607,Midjourney,9691,GenImage_test/Midjourney/test/nature/ILSVRC2012_val_00010657.JPEG
607,Midjourney,9692,GenImage_test/Midjourney/test/nature/ILSVRC2012_val_00000674.JPEG
607,Midjourney,9693,GenImage_test/Midjourney/test/ai/948_midjourney_34.png
607,Midjourney,9694,GenImage_test/Midjourney/test/ai/662_midjourney_88.png
607,Midjourney,9695,GenImage_test/Midjourney/test/nature/ILSVRC2012_val_00047410.JPEG
607,Midjourney,9696,GenImage_test/Midjourney/test/ai/314_midjourney_100.png
607,Midjourney,9697,GenImage_test/Midjourney/test/nature/ILSVRC2012_val_00023380.JPEG
607,Midjourney,9698,GenImage_test/Midjourney/test/ai/41_midjourney_169.png
607,Midjourney,9699,GenImage_test/Midjourney/test/nature/ILSVRC2012_val_00033007.JPEG
607,Midjourney,9700,GenImage_test/Midjourney/test/nature/ILSVRC2012_val_00029901.JPEG
607,Midjourney,9701,GenImage_test/Midjourney/test/nature/ILSVRC2012_val_00025991.JPEG
607,Midjourney,9702,GenImage_test/Midjourney/test/nature/ILSVRC2012_val_00008602.JPEG
607,Midjourney,9703,GenImage_test/Midjourney/test/ai/922_midjourney_34.png
608,Midjourney,9704,GenImage_test/Midjourney/test/ai/580_midjourney_34.png
608,Midjourney,9705,GenImage_test/Midjourney/test/ai/384_midjourney_169.png
608,Midjourney,9706,GenImage_test/Midjourney/test/nature/ILSVRC2012_val_00028080.JPEG
608,Midjourney,9707,GenImage_test/Midjourney/test/nature/ILSVRC2012_val_00034490.JPEG
608,Midjourney,9708,GenImage_test/Midjourney/test/nature/ILSVRC2012_val_00048428.JPEG
608,Midjourney,9709,GenImage_test/Midjourney/test/nature/ILSVRC2012_val_00034127.JPEG
608,Midjourney,9710,GenImage_test/Midjourney/test/ai/468_midjourney_88.png
608,Midjourney,9711,GenImage_test/Midjourney/test/ai/380_midjourney_100.png
608,Midjourney,9712,GenImage_test/Midjourney/test/ai/92_midjourney_100.png
608,Midjourney,9713,GenImage_test/Midjourney/test/nature/ILSVRC2012_val_00014955.JPEG
608,Midjourney,9714,GenImage_test/Midjourney/test/ai/462_midjourney_100.png
608,Midjourney,9715,GenImage_test/Midjourney/test/nature/ILSVRC2012_val_00007191.JPEG
608,Midjourney,9716,GenImage_test/Midjourney/test/ai/297_midjourney_197.png
608,Midjourney,9717,GenImage_test/Midjourney/test/ai/583_midjourney_100.png
608,Midjourney,9718,GenImage_test/Midjourney/test/nature/ILSVRC2012_val_00000201.JPEG
608,Midjourney,9719,GenImage_test/Midjourney/test/ai/213_midjourney_197.png
609,Midjourney,9720,GenImage_test/Midjourney/test/nature/ILSVRC2012_val_00002827.JPEG
609,Midjourney,9721,GenImage_test/Midjourney/test/nature/ILSVRC2012_val_00014551.JPEG
609,Midjourney,9722,GenImage_test/Midjourney/test/ai/965_midjourney_88.png
609,Midjourney,9723,GenImage_test/Midjourney/test/ai/179_midjourney_198.png
609,Midjourney,9724,GenImage_test/Midjourney/test/nature/ILSVRC2012_val_00004408.JPEG
609,Midjourney,9725,GenImage_test/Midjourney/test/ai/528_midjourney_197.png
609,Midjourney,9726,GenImage_test/Midjourney/test/ai/209_midjourney_198.png
609,Midjourney,9727,GenImage_test/Midjourney/test/ai/229_midjourney_169.png
609,Midjourney,9728,GenImage_test/Midjourney/test/nature/ILSVRC2012_val_00000893.JPEG
609,Midjourney,9729,GenImage_test/Midjourney/test/nature/ILSVRC2012_val_00044363.JPEG
609,Midjourney,9730,GenImage_test/Midjourney/test/ai/554_midjourney_198.png
609,Midjourney,9731,GenImage_test/Midjourney/test/ai/861_midjourney_100.png
609,Midjourney,9732,GenImage_test/Midjourney/test/nature/ILSVRC2012_val_00013137.JPEG
609,Midjourney,9733,GenImage_test/Midjourney/test/ai/921_midjourney_197.png
609,Midjourney,9734,GenImage_test/Midjourney/test/nature/ILSVRC2012_val_00014586.JPEG
609,Midjourney,9735,GenImage_test/Midjourney/test/ai/246_midjourney_169.png
610,Midjourney,9736,GenImage_test/Midjourney/test/ai/58_midjourney_197.png
610,Midjourney,9737,GenImage_test/Midjourney/test/nature/ILSVRC2012_val_00046672.JPEG
610,Midjourney,9738,GenImage_test/Midjourney/test/nature/ILSVRC2012_val_00042417.JPEG
610,Midjourney,9739,GenImage_test/Midjourney/test/nature/ILSVRC2012_val_00037303.JPEG
610,Midjourney,9740,GenImage_test/Midjourney/test/ai/547_midjourney_198.png
610,Midjourney,9741,GenImage_test/Midjourney/test/ai/6_midjourney_34.png
610,Midjourney,9742,GenImage_test/Midjourney/test/ai/44_midjourney_197.png
610,Midjourney,9743,GenImage_test/Midjourney/test/ai/562_midjourney_100.png
610,Midjourney,9744,GenImage_test/Midjourney/test/nature/ILSVRC2012_val_00022512.JPEG
610,Midjourney,9745,GenImage_test/Midjourney/test/nature/ILSVRC2012_val_00024313.JPEG
610,Midjourney,9746,GenImage_test/Midjourney/test/nature/ILSVRC2012_val_00013501.JPEG
610,Midjourney,9747,GenImage_test/Midjourney/test/ai/846_midjourney_88.png
610,Midjourney,9748,GenImage_test/Midjourney/test/ai/787_midjourney_100.png
610,Midjourney,9749,GenImage_test/Midjourney/test/nature/ILSVRC2012_val_00003337.JPEG
610,Midjourney,9750,GenImage_test/Midjourney/test/nature/ILSVRC2012_val_00029004.JPEG
610,Midjourney,9751,GenImage_test/Midjourney/test/nature/ILSVRC2012_val_00030679.JPEG
611,Midjourney,9752,GenImage_test/Midjourney/test/ai/550_midjourney_198.png
611,Midjourney,9753,GenImage_test/Midjourney/test/nature/ILSVRC2012_val_00015488.JPEG
611,Midjourney,9754,GenImage_test/Midjourney/test/nature/ILSVRC2012_val_00029941.JPEG
611,Midjourney,9755,GenImage_test/Midjourney/test/nature/ILSVRC2012_val_00037402.JPEG
611,Midjourney,9756,GenImage_test/Midjourney/test/ai/7_midjourney_34.png
611,Midjourney,9757,GenImage_test/Midjourney/test/nature/ILSVRC2012_val_00028933.JPEG
611,Midjourney,9758,GenImage_test/Midjourney/test/nature/ILSVRC2012_val_00029200.JPEG
611,Midjourney,9759,GenImage_test/Midjourney/test/nature/ILSVRC2012_val_00001285.JPEG
611,Midjourney,9760,GenImage_test/Midjourney/test/ai/538_midjourney_198.png
611,Midjourney,9761,GenImage_test/Midjourney/test/ai/213_midjourney_34.png
611,Midjourney,9762,GenImage_test/Midjourney/test/ai/761_midjourney_169.png
611,Midjourney,9763,GenImage_test/Midjourney/test/nature/ILSVRC2012_val_00034447.JPEG
611,Midjourney,9764,GenImage_test/Midjourney/test/nature/ILSVRC2012_val_00017020.JPEG
611,Midjourney,9765,GenImage_test/Midjourney/test/ai/162_midjourney_197.png
611,Midjourney,9766,GenImage_test/Midjourney/test/nature/ILSVRC2012_val_00033831.JPEG
611,Midjourney,9767,GenImage_test/Midjourney/test/nature/ILSVRC2012_val_00039187.JPEG
612,Midjourney,9768,GenImage_test/Midjourney/test/nature/ILSVRC2012_val_00009887.JPEG
612,Midjourney,9769,GenImage_test/Midjourney/test/nature/ILSVRC2012_val_00048211.JPEG
612,Midjourney,9770,GenImage_test/Midjourney/test/ai/454_midjourney_198.png
612,Midjourney,9771,GenImage_test/Midjourney/test/nature/ILSVRC2012_val_00042149.JPEG
612,Midjourney,9772,GenImage_test/Midjourney/test/ai/21_midjourney_100.png
612,Midjourney,9773,GenImage_test/Midjourney/test/nature/ILSVRC2012_val_00020419.JPEG
612,Midjourney,9774,GenImage_test/Midjourney/test/nature/ILSVRC2012_val_00029556.JPEG
612,Midjourney,9775,GenImage_test/Midjourney/test/ai/12_midjourney_88.png
612,Midjourney,9776,GenImage_test/Midjourney/test/ai/694_midjourney_169.png
612,Midjourney,9777,GenImage_test/Midjourney/test/nature/ILSVRC2012_val_00003314.JPEG
612,Midjourney,9778,GenImage_test/Midjourney/test/nature/ILSVRC2012_val_00036652.JPEG
612,Midjourney,9779,GenImage_test/Midjourney/test/nature/ILSVRC2012_val_00006254.JPEG
612,Midjourney,9780,GenImage_test/Midjourney/test/nature/ILSVRC2012_val_00025851.JPEG
612,Midjourney,9781,GenImage_test/Midjourney/test/ai/351_midjourney_169.png
612,Midjourney,9782,GenImage_test/Midjourney/test/nature/ILSVRC2012_val_00012223.JPEG
612,Midjourney,9783,GenImage_test/Midjourney/test/nature/ILSVRC2012_val_00037663.JPEG
613,Midjourney,9784,GenImage_test/Midjourney/test/ai/845_midjourney_88.png
613,Midjourney,9785,GenImage_test/Midjourney/test/nature/ILSVRC2012_val_00030987.JPEG
613,Midjourney,9786,GenImage_test/Midjourney/test/nature/ILSVRC2012_val_00044583.JPEG
613,Midjourney,9787,GenImage_test/Midjourney/test/ai/247_midjourney_198.png
613,Midjourney,9788,GenImage_test/Midjourney/test/nature/ILSVRC2012_val_00020053.JPEG
613,Midjourney,9789,GenImage_test/Midjourney/test/nature/ILSVRC2012_val_00031039.JPEG
613,Midjourney,9790,GenImage_test/Midjourney/test/ai/872_midjourney_198.png
613,Midjourney,9791,GenImage_test/Midjourney/test/ai/276_midjourney_100.png
613,Midjourney,9792,GenImage_test/Midjourney/test/nature/ILSVRC2012_val_00000555.JPEG
613,Midjourney,9793,GenImage_test/Midjourney/test/ai/844_midjourney_198.png
613,Midjourney,9794,GenImage_test/Midjourney/test/ai/237_midjourney_100.png
613,Midjourney,9795,GenImage_test/Midjourney/test/ai/521_midjourney_34.png
613,Midjourney,9796,GenImage_test/Midjourney/test/nature/ILSVRC2012_val_00035095.JPEG
613,Midjourney,9797,GenImage_test/Midjourney/test/ai/120_midjourney_197.png
613,Midjourney,9798,GenImage_test/Midjourney/test/ai/55_midjourney_34.png
613,Midjourney,9799,GenImage_test/Midjourney/test/ai/591_midjourney_198.png
614,Midjourney,9800,GenImage_test/Midjourney/test/ai/888_midjourney_88.png
614,Midjourney,9801,GenImage_test/Midjourney/test/nature/ILSVRC2012_val_00036101.JPEG
614,Midjourney,9802,GenImage_test/Midjourney/test/ai/18_midjourney_169.png
614,Midjourney,9803,GenImage_test/Midjourney/test/nature/ILSVRC2012_val_00000711.JPEG
614,Midjourney,9804,GenImage_test/Midjourney/test/ai/483_midjourney_100.png
614,Midjourney,9805,GenImage_test/Midjourney/test/nature/ILSVRC2012_val_00013394.JPEG
614,Midjourney,9806,GenImage_test/Midjourney/test/ai/416_midjourney_198.png
614,Midjourney,9807,GenImage_test/Midjourney/test/ai/140_midjourney_100.png
614,Midjourney,9808,GenImage_test/Midjourney/test/ai/505_midjourney_198.png
614,Midjourney,9809,GenImage_test/Midjourney/test/ai/71_midjourney_100.png
614,Midjourney,9810,GenImage_test/Midjourney/test/ai/537_midjourney_169.png
614,Midjourney,9811,GenImage_test/Midjourney/test/ai/647_midjourney_88.png
614,Midjourney,9812,GenImage_test/Midjourney/test/ai/697_midjourney_100.png
614,Midjourney,9813,GenImage_test/Midjourney/test/ai/735_midjourney_100.png
614,Midjourney,9814,GenImage_test/Midjourney/test/ai/307_midjourney_88.png
614,Midjourney,9815,GenImage_test/Midjourney/test/nature/ILSVRC2012_val_00010593.JPEG
615,Midjourney,9816,GenImage_test/Midjourney/test/nature/ILSVRC2012_val_00001354.JPEG
615,Midjourney,9817,GenImage_test/Midjourney/test/ai/288_midjourney_34.png
615,Midjourney,9818,GenImage_test/Midjourney/test/nature/ILSVRC2012_val_00045978.JPEG
615,Midjourney,9819,GenImage_test/Midjourney/test/nature/ILSVRC2012_val_00027907.JPEG
615,Midjourney,9820,GenImage_test/Midjourney/test/nature/ILSVRC2012_val_00011235.JPEG
615,Midjourney,9821,GenImage_test/Midjourney/test/nature/ILSVRC2012_val_00039739.JPEG
615,Midjourney,9822,GenImage_test/Midjourney/test/nature/ILSVRC2012_val_00016353.JPEG
615,Midjourney,9823,GenImage_test/Midjourney/test/nature/ILSVRC2012_val_00041890.JPEG
615,Midjourney,9824,GenImage_test/Midjourney/test/ai/211_midjourney_88.png
615,Midjourney,9825,GenImage_test/Midjourney/test/nature/ILSVRC2012_val_00004267.JPEG
615,Midjourney,9826,GenImage_test/Midjourney/test/nature/ILSVRC2012_val_00031640.JPEG
615,Midjourney,9827,GenImage_test/Midjourney/test/ai/258_midjourney_88.png
615,Midjourney,9828,GenImage_test/Midjourney/test/ai/186_midjourney_100.png
615,Midjourney,9829,GenImage_test/Midjourney/test/nature/ILSVRC2012_val_00003424.JPEG
615,Midjourney,9830,GenImage_test/Midjourney/test/nature/ILSVRC2012_val_00004157.JPEG
615,Midjourney,9831,GenImage_test/Midjourney/test/ai/983_midjourney_197.png
616,Midjourney,9832,GenImage_test/Midjourney/test/nature/ILSVRC2012_val_00001736.JPEG
616,Midjourney,9833,GenImage_test/Midjourney/test/nature/ILSVRC2012_val_00003235.JPEG
616,Midjourney,9834,GenImage_test/Midjourney/test/ai/739_midjourney_169.png
616,Midjourney,9835,GenImage_test/Midjourney/test/nature/ILSVRC2012_val_00013335.JPEG
616,Midjourney,9836,GenImage_test/Midjourney/test/nature/ILSVRC2012_val_00007228.JPEG
616,Midjourney,9837,GenImage_test/Midjourney/test/nature/ILSVRC2012_val_00024208.JPEG
616,Midjourney,9838,GenImage_test/Midjourney/test/ai/32_midjourney_88.png
616,Midjourney,9839,GenImage_test/Midjourney/test/ai/356_midjourney_198.png
616,Midjourney,9840,GenImage_test/Midjourney/test/ai/164_midjourney_197.png
616,Midjourney,9841,GenImage_test/Midjourney/test/ai/433_midjourney_198.png
616,Midjourney,9842,GenImage_test/Midjourney/test/nature/ILSVRC2012_val_00003685.JPEG
616,Midjourney,9843,GenImage_test/Midjourney/test/nature/ILSVRC2012_val_00006343.JPEG
616,Midjourney,9844,GenImage_test/Midjourney/test/nature/ILSVRC2012_val_00031520.JPEG
616,Midjourney,9845,GenImage_test/Midjourney/test/nature/ILSVRC2012_val_00038191.JPEG
616,Midjourney,9846,GenImage_test/Midjourney/test/nature/ILSVRC2012_val_00035682.JPEG
616,Midjourney,9847,GenImage_test/Midjourney/test/ai/468_midjourney_34.png
617,Midjourney,9848,GenImage_test/Midjourney/test/ai/322_midjourney_88.png
617,Midjourney,9849,GenImage_test/Midjourney/test/nature/ILSVRC2012_val_00039237.JPEG
617,Midjourney,9850,GenImage_test/Midjourney/test/ai/252_midjourney_197.png
617,Midjourney,9851,GenImage_test/Midjourney/test/nature/ILSVRC2012_val_00035592.JPEG
617,Midjourney,9852,GenImage_test/Midjourney/test/nature/ILSVRC2012_val_00017368.JPEG
617,Midjourney,9853,GenImage_test/Midjourney/test/ai/979_midjourney_34.png
617,Midjourney,9854,GenImage_test/Midjourney/test/ai/505_midjourney_100.png
617,Midjourney,9855,GenImage_test/Midjourney/test/nature/ILSVRC2012_val_00008758.JPEG
617,Midjourney,9856,GenImage_test/Midjourney/test/nature/ILSVRC2012_val_00005339.JPEG
617,Midjourney,9857,GenImage_test/Midjourney/test/ai/239_midjourney_169.png
617,Midjourney,9858,GenImage_test/Midjourney/test/nature/ILSVRC2012_val_00025777.JPEG
617,Midjourney,9859,GenImage_test/Midjourney/test/nature/ILSVRC2012_val_00017082.JPEG
617,Midjourney,9860,GenImage_test/Midjourney/test/nature/ILSVRC2012_val_00024093.JPEG
617,Midjourney,9861,GenImage_test/Midjourney/test/ai/608_midjourney_34.png
617,Midjourney,9862,GenImage_test/Midjourney/test/nature/ILSVRC2012_val_00007609.JPEG
617,Midjourney,9863,GenImage_test/Midjourney/test/nature/ILSVRC2012_val_00006207.JPEG
618,Midjourney,9864,GenImage_test/Midjourney/test/ai/987_midjourney_100.png
618,Midjourney,9865,GenImage_test/Midjourney/test/ai/841_midjourney_169.png
618,Midjourney,9866,GenImage_test/Midjourney/test/ai/730_midjourney_169.png
618,Midjourney,9867,GenImage_test/Midjourney/test/ai/77_midjourney_197.png
618,Midjourney,9868,GenImage_test/Midjourney/test/nature/ILSVRC2012_val_00044959.JPEG
618,Midjourney,9869,GenImage_test/Midjourney/test/ai/820_midjourney_34.png
618,Midjourney,9870,GenImage_test/Midjourney/test/nature/ILSVRC2012_val_00017721.JPEG
618,Midjourney,9871,GenImage_test/Midjourney/test/ai/937_midjourney_198.png
618,Midjourney,9872,GenImage_test/Midjourney/test/ai/210_midjourney_169.png
618,Midjourney,9873,GenImage_test/Midjourney/test/nature/ILSVRC2012_val_00012531.JPEG
618,Midjourney,9874,GenImage_test/Midjourney/test/ai/178_midjourney_198.png
618,Midjourney,9875,GenImage_test/Midjourney/test/nature/ILSVRC2012_val_00001609.JPEG
618,Midjourney,9876,GenImage_test/Midjourney/test/nature/ILSVRC2012_val_00006112.JPEG
618,Midjourney,9877,GenImage_test/Midjourney/test/ai/842_midjourney_198.png
618,Midjourney,9878,GenImage_test/Midjourney/test/nature/ILSVRC2012_val_00014184.JPEG
618,Midjourney,9879,GenImage_test/Midjourney/test/ai/870_midjourney_100.png
619,Midjourney,9880,GenImage_test/Midjourney/test/ai/765_midjourney_34.png
619,Midjourney,9881,GenImage_test/Midjourney/test/nature/ILSVRC2012_val_00014783.JPEG
619,Midjourney,9882,GenImage_test/Midjourney/test/nature/ILSVRC2012_val_00034739.JPEG
619,Midjourney,9883,GenImage_test/Midjourney/test/nature/ILSVRC2012_val_00034594.JPEG
619,Midjourney,9884,GenImage_test/Midjourney/test/ai/408_midjourney_34.png
619,Midjourney,9885,GenImage_test/Midjourney/test/ai/622_midjourney_197.png
619,Midjourney,9886,GenImage_test/Midjourney/test/nature/ILSVRC2012_val_00015447.JPEG
619,Midjourney,9887,GenImage_test/Midjourney/test/ai/967_midjourney_197.png
619,Midjourney,9888,GenImage_test/Midjourney/test/nature/ILSVRC2012_val_00046938.JPEG
619,Midjourney,9889,GenImage_test/Midjourney/test/ai/480_midjourney_34.png
619,Midjourney,9890,GenImage_test/Midjourney/test/ai/654_midjourney_34.png
619,Midjourney,9891,GenImage_test/Midjourney/test/ai/250_midjourney_100.png
619,Midjourney,9892,GenImage_test/Midjourney/test/ai/599_midjourney_169.png
619,Midjourney,9893,GenImage_test/Midjourney/test/nature/ILSVRC2012_val_00034973.JPEG
619,Midjourney,9894,GenImage_test/Midjourney/test/ai/406_midjourney_197.png
619,Midjourney,9895,GenImage_test/Midjourney/test/ai/35_midjourney_100.png
620,Midjourney,9896,GenImage_test/Midjourney/test/nature/ILSVRC2012_val_00024019.JPEG
620,Midjourney,9897,GenImage_test/Midjourney/test/nature/ILSVRC2012_val_00042047.JPEG
620,Midjourney,9898,GenImage_test/Midjourney/test/nature/ILSVRC2012_val_00023096.JPEG
620,Midjourney,9899,GenImage_test/Midjourney/test/nature/ILSVRC2012_val_00025715.JPEG
620,Midjourney,9900,GenImage_test/Midjourney/test/nature/ILSVRC2012_val_00046306.JPEG
620,Midjourney,9901,GenImage_test/Midjourney/test/nature/ILSVRC2012_val_00002756.JPEG
620,Midjourney,9902,GenImage_test/Midjourney/test/ai/373_midjourney_100.png
620,Midjourney,9903,GenImage_test/Midjourney/test/ai/727_midjourney_198.png
620,Midjourney,9904,GenImage_test/Midjourney/test/ai/893_midjourney_197.png
620,Midjourney,9905,GenImage_test/Midjourney/test/ai/394_midjourney_169.png
620,Midjourney,9906,GenImage_test/Midjourney/test/ai/775_midjourney_100.png
620,Midjourney,9907,GenImage_test/Midjourney/test/nature/ILSVRC2012_val_00011503.JPEG
620,Midjourney,9908,GenImage_test/Midjourney/test/ai/63_midjourney_197.png
620,Midjourney,9909,GenImage_test/Midjourney/test/nature/ILSVRC2012_val_00032421.JPEG
620,Midjourney,9910,GenImage_test/Midjourney/test/ai/630_midjourney_169.png
620,Midjourney,9911,GenImage_test/Midjourney/test/ai/577_midjourney_197.png
621,Midjourney,9912,GenImage_test/Midjourney/test/ai/274_midjourney_88.png
621,Midjourney,9913,GenImage_test/Midjourney/test/ai/439_midjourney_34.png
621,Midjourney,9914,GenImage_test/Midjourney/test/ai/671_midjourney_169.png
621,Midjourney,9915,GenImage_test/Midjourney/test/nature/ILSVRC2012_val_00045091.JPEG
621,Midjourney,9916,GenImage_test/Midjourney/test/ai/518_midjourney_198.png
621,Midjourney,9917,GenImage_test/Midjourney/test/ai/443_midjourney_169.png
621,Midjourney,9918,GenImage_test/Midjourney/test/ai/725_midjourney_88.png
621,Midjourney,9919,GenImage_test/Midjourney/test/nature/ILSVRC2012_val_00026525.JPEG
621,Midjourney,9920,GenImage_test/Midjourney/test/nature/ILSVRC2012_val_00043159.JPEG
621,Midjourney,9921,GenImage_test/Midjourney/test/ai/426_midjourney_100.png
621,Midjourney,9922,GenImage_test/Midjourney/test/ai/948_midjourney_197.png
621,Midjourney,9923,GenImage_test/Midjourney/test/nature/ILSVRC2012_val_00033071.JPEG
621,Midjourney,9924,GenImage_test/Midjourney/test/ai/370_midjourney_169.png
621,Midjourney,9925,GenImage_test/Midjourney/test/nature/ILSVRC2012_val_00031712.JPEG
621,Midjourney,9926,GenImage_test/Midjourney/test/ai/232_midjourney_34.png
621,Midjourney,9927,GenImage_test/Midjourney/test/ai/616_midjourney_198.png
622,Midjourney,9928,GenImage_test/Midjourney/test/nature/ILSVRC2012_val_00009433.JPEG
622,Midjourney,9929,GenImage_test/Midjourney/test/nature/ILSVRC2012_val_00030937.JPEG
622,Midjourney,9930,GenImage_test/Midjourney/test/nature/ILSVRC2012_val_00036875.JPEG
622,Midjourney,9931,GenImage_test/Midjourney/test/ai/247_midjourney_197.png
622,Midjourney,9932,GenImage_test/Midjourney/test/ai/965_midjourney_198.png
622,Midjourney,9933,GenImage_test/Midjourney/test/nature/ILSVRC2012_val_00014188.JPEG
622,Midjourney,9934,GenImage_test/Midjourney/test/nature/ILSVRC2012_val_00002713.JPEG
622,Midjourney,9935,GenImage_test/Midjourney/test/ai/478_midjourney_169.png
622,Midjourney,9936,GenImage_test/Midjourney/test/ai/819_midjourney_197.png
622,Midjourney,9937,GenImage_test/Midjourney/test/ai/229_midjourney_197.png
622,Midjourney,9938,GenImage_test/Midjourney/test/nature/ILSVRC2012_val_00000589.JPEG
622,Midjourney,9939,GenImage_test/Midjourney/test/nature/ILSVRC2012_val_00030382.JPEG
622,Midjourney,9940,GenImage_test/Midjourney/test/nature/ILSVRC2012_val_00036442.JPEG
622,Midjourney,9941,GenImage_test/Midjourney/test/nature/ILSVRC2012_val_00027131.JPEG
622,Midjourney,9942,GenImage_test/Midjourney/test/nature/ILSVRC2012_val_00025231.JPEG
622,Midjourney,9943,GenImage_test/Midjourney/test/ai/797_midjourney_34.png
623,Midjourney,9944,GenImage_test/Midjourney/test/nature/ILSVRC2012_val_00011747.JPEG
623,Midjourney,9945,GenImage_test/Midjourney/test/nature/ILSVRC2012_val_00037309.JPEG
623,Midjourney,9946,GenImage_test/Midjourney/test/ai/0_midjourney_197.png
623,Midjourney,9947,GenImage_test/Midjourney/test/nature/ILSVRC2012_val_00012295.JPEG
623,Midjourney,9948,GenImage_test/Midjourney/test/ai/435_midjourney_88.png
623,Midjourney,9949,GenImage_test/Midjourney/test/ai/853_midjourney_169.png
623,Midjourney,9950,GenImage_test/Midjourney/test/ai/891_midjourney_34.png
623,Midjourney,9951,GenImage_test/Midjourney/test/nature/ILSVRC2012_val_00018482.JPEG
623,Midjourney,9952,GenImage_test/Midjourney/test/nature/ILSVRC2012_val_00048011.JPEG
623,Midjourney,9953,GenImage_test/Midjourney/test/ai/583_midjourney_34.png
623,Midjourney,9954,GenImage_test/Midjourney/test/ai/154_midjourney_198.png
623,Midjourney,9955,GenImage_test/Midjourney/test/ai/762_midjourney_169.png
623,Midjourney,9956,GenImage_test/Midjourney/test/nature/ILSVRC2012_val_00044276.JPEG
623,Midjourney,9957,GenImage_test/Midjourney/test/ai/922_midjourney_197.png
623,Midjourney,9958,GenImage_test/Midjourney/test/ai/626_midjourney_198.png
623,Midjourney,9959,GenImage_test/Midjourney/test/ai/770_midjourney_169.png
624,Midjourney,9960,GenImage_test/Midjourney/test/ai/526_midjourney_34.png
624,Midjourney,9961,GenImage_test/Midjourney/test/ai/431_midjourney_169.png
624,Midjourney,9962,GenImage_test/Midjourney/test/nature/ILSVRC2012_val_00013353.JPEG
624,Midjourney,9963,GenImage_test/Midjourney/test/ai/352_midjourney_88.png
624,Midjourney,9964,GenImage_test/Midjourney/test/ai/651_midjourney_100.png
624,Midjourney,9965,GenImage_test/Midjourney/test/ai/630_midjourney_88.png
624,Midjourney,9966,GenImage_test/Midjourney/test/nature/ILSVRC2012_val_00047058.JPEG
624,Midjourney,9967,GenImage_test/Midjourney/test/ai/216_midjourney_197.png
624,Midjourney,9968,GenImage_test/Midjourney/test/nature/ILSVRC2012_val_00032995.JPEG
624,Midjourney,9969,GenImage_test/Midjourney/test/nature/ILSVRC2012_val_00020763.JPEG
624,Midjourney,9970,GenImage_test/Midjourney/test/nature/ILSVRC2012_val_00032025.JPEG
624,Midjourney,9971,GenImage_test/Midjourney/test/ai/649_midjourney_198.png
624,Midjourney,9972,GenImage_test/Midjourney/test/ai/304_midjourney_88.png
624,Midjourney,9973,GenImage_test/Midjourney/test/ai/203_midjourney_88.png
624,Midjourney,9974,GenImage_test/Midjourney/test/ai/844_midjourney_197.png
624,Midjourney,9975,GenImage_test/Midjourney/test/nature/ILSVRC2012_val_00048742.JPEG
625,Midjourney,9976,GenImage_test/Midjourney/test/nature/ILSVRC2012_val_00006868.JPEG
625,Midjourney,9977,GenImage_test/Midjourney/test/ai/183_midjourney_34.png
625,Midjourney,9978,GenImage_test/Midjourney/test/nature/ILSVRC2012_val_00017025.JPEG
625,Midjourney,9979,GenImage_test/Midjourney/test/ai/896_midjourney_169.png
625,Midjourney,9980,GenImage_test/Midjourney/test/nature/ILSVRC2012_val_00036729.JPEG
625,Midjourney,9981,GenImage_test/Midjourney/test/ai/397_midjourney_197.png
625,Midjourney,9982,GenImage_test/Midjourney/test/nature/ILSVRC2012_val_00042700.JPEG
625,Midjourney,9983,GenImage_test/Midjourney/test/ai/138_midjourney_198.png
625,Midjourney,9984,GenImage_test/Midjourney/test/ai/54_midjourney_88.png
625,Midjourney,9985,GenImage_test/Midjourney/test/ai/824_midjourney_34.png
625,Midjourney,9986,GenImage_test/Midjourney/test/nature/ILSVRC2012_val_00018983.JPEG
625,Midjourney,9987,GenImage_test/Midjourney/test/nature/ILSVRC2012_val_00043417.JPEG
625,Midjourney,9988,GenImage_test/Midjourney/test/nature/ILSVRC2012_val_00034711.JPEG
625,Midjourney,9989,GenImage_test/Midjourney/test/nature/ILSVRC2012_val_00020608.JPEG
625,Midjourney,9990,GenImage_test/Midjourney/test/nature/ILSVRC2012_val_00005517.JPEG
625,Midjourney,9991,GenImage_test/Midjourney/test/ai/357_midjourney_198.png
626,Midjourney,9992,GenImage_test/Midjourney/test/ai/217_midjourney_88.png
626,Midjourney,9993,GenImage_test/Midjourney/test/nature/ILSVRC2012_val_00000899.JPEG
626,Midjourney,9994,GenImage_test/Midjourney/test/ai/357_midjourney_169.png
626,Midjourney,9995,GenImage_test/Midjourney/test/nature/ILSVRC2012_val_00048235.JPEG
626,Midjourney,9996,GenImage_test/Midjourney/test/ai/851_midjourney_100.png
626,Midjourney,9997,GenImage_test/Midjourney/test/nature/ILSVRC2012_val_00030990.JPEG
626,Midjourney,9998,GenImage_test/Midjourney/test/ai/704_midjourney_34.png
626,Midjourney,9999,GenImage_test/Midjourney/test/ai/400_midjourney_198.png
626,Midjourney,10000,GenImage_test/Midjourney/test/nature/ILSVRC2012_val_00010225.JPEG
626,Midjourney,10001,GenImage_test/Midjourney/test/nature/ILSVRC2012_val_00018369.JPEG
626,Midjourney,10002,GenImage_test/Midjourney/test/ai/840_midjourney_100.png
626,Midjourney,10003,GenImage_test/Midjourney/test/nature/ILSVRC2012_val_00025733.JPEG
626,Midjourney,10004,GenImage_test/Midjourney/test/nature/ILSVRC2012_val_00043312.JPEG
626,Midjourney,10005,GenImage_test/Midjourney/test/nature/ILSVRC2012_val_00032315.JPEG
626,Midjourney,10006,GenImage_test/Midjourney/test/ai/3_midjourney_88.png
626,Midjourney,10007,GenImage_test/Midjourney/test/ai/743_midjourney_198.png
627,Midjourney,10008,GenImage_test/Midjourney/test/ai/743_midjourney_34.png
627,Midjourney,10009,GenImage_test/Midjourney/test/ai/984_midjourney_34.png
627,Midjourney,10010,GenImage_test/Midjourney/test/ai/807_midjourney_100.png
627,Midjourney,10011,GenImage_test/Midjourney/test/ai/11_midjourney_197.png
627,Midjourney,10012,GenImage_test/Midjourney/test/nature/ILSVRC2012_val_00020645.JPEG
627,Midjourney,10013,GenImage_test/Midjourney/test/ai/818_midjourney_100.png
627,Midjourney,10014,GenImage_test/Midjourney/test/nature/ILSVRC2012_val_00039092.JPEG
627,Midjourney,10015,GenImage_test/Midjourney/test/nature/ILSVRC2012_val_00032153.JPEG
627,Midjourney,10016,GenImage_test/Midjourney/test/ai/466_midjourney_88.png
627,Midjourney,10017,GenImage_test/Midjourney/test/nature/ILSVRC2012_val_00034390.JPEG
627,Midjourney,10018,GenImage_test/Midjourney/test/nature/ILSVRC2012_val_00011484.JPEG
627,Midjourney,10019,GenImage_test/Midjourney/test/ai/788_midjourney_197.png
627,Midjourney,10020,GenImage_test/Midjourney/test/nature/ILSVRC2012_val_00010111.JPEG
627,Midjourney,10021,GenImage_test/Midjourney/test/nature/ILSVRC2012_val_00047773.JPEG
627,Midjourney,10022,GenImage_test/Midjourney/test/ai/427_midjourney_198.png
627,Midjourney,10023,GenImage_test/Midjourney/test/ai/967_midjourney_88.png
628,Midjourney,10024,GenImage_test/Midjourney/test/nature/ILSVRC2012_val_00014482.JPEG
628,Midjourney,10025,GenImage_test/Midjourney/test/nature/ILSVRC2012_val_00001629.JPEG
628,Midjourney,10026,GenImage_test/Midjourney/test/nature/ILSVRC2012_val_00042401.JPEG
628,Midjourney,10027,GenImage_test/Midjourney/test/ai/527_midjourney_34.png
628,Midjourney,10028,GenImage_test/Midjourney/test/nature/ILSVRC2012_val_00005804.JPEG
628,Midjourney,10029,GenImage_test/Midjourney/test/ai/243_midjourney_100.png
628,Midjourney,10030,GenImage_test/Midjourney/test/ai/715_midjourney_198.png
628,Midjourney,10031,GenImage_test/Midjourney/test/nature/ILSVRC2012_val_00020711.JPEG
628,Midjourney,10032,GenImage_test/Midjourney/test/ai/302_midjourney_34.png
628,Midjourney,10033,GenImage_test/Midjourney/test/ai/868_midjourney_169.png
628,Midjourney,10034,GenImage_test/Midjourney/test/nature/ILSVRC2012_val_00032121.JPEG
628,Midjourney,10035,GenImage_test/Midjourney/test/ai/318_midjourney_169.png
628,Midjourney,10036,GenImage_test/Midjourney/test/ai/757_midjourney_88.png
628,Midjourney,10037,GenImage_test/Midjourney/test/ai/256_midjourney_197.png
628,Midjourney,10038,GenImage_test/Midjourney/test/nature/ILSVRC2012_val_00047401.JPEG
628,Midjourney,10039,GenImage_test/Midjourney/test/nature/ILSVRC2012_val_00002187.JPEG
629,Midjourney,10040,GenImage_test/Midjourney/test/nature/ILSVRC2012_val_00011351.JPEG
629,Midjourney,10041,GenImage_test/Midjourney/test/ai/11_midjourney_169.png
629,Midjourney,10042,GenImage_test/Midjourney/test/ai/192_midjourney_100.png
629,Midjourney,10043,GenImage_test/Midjourney/test/nature/ILSVRC2012_val_00023730.JPEG
629,Midjourney,10044,GenImage_test/Midjourney/test/nature/ILSVRC2012_val_00041036.JPEG
629,Midjourney,10045,GenImage_test/Midjourney/test/ai/923_midjourney_34.png
629,Midjourney,10046,GenImage_test/Midjourney/test/nature/ILSVRC2012_val_00004534.JPEG
629,Midjourney,10047,GenImage_test/Midjourney/test/ai/628_midjourney_34.png
629,Midjourney,10048,GenImage_test/Midjourney/test/nature/ILSVRC2012_val_00004306.JPEG
629,Midjourney,10049,GenImage_test/Midjourney/test/ai/56_midjourney_169.png
629,Midjourney,10050,GenImage_test/Midjourney/test/nature/ILSVRC2012_val_00006556.JPEG
629,Midjourney,10051,GenImage_test/Midjourney/test/nature/ILSVRC2012_val_00029813.JPEG
629,Midjourney,10052,GenImage_test/Midjourney/test/nature/ILSVRC2012_val_00018294.JPEG
629,Midjourney,10053,GenImage_test/Midjourney/test/nature/ILSVRC2012_val_00022803.JPEG
629,Midjourney,10054,GenImage_test/Midjourney/test/ai/437_midjourney_34.png
629,Midjourney,10055,GenImage_test/Midjourney/test/ai/150_midjourney_88.png
630,Midjourney,10056,GenImage_test/Midjourney/test/nature/ILSVRC2012_val_00021300.JPEG
630,Midjourney,10057,GenImage_test/Midjourney/test/nature/ILSVRC2012_val_00035379.JPEG
630,Midjourney,10058,GenImage_test/Midjourney/test/nature/ILSVRC2012_val_00038275.JPEG
630,Midjourney,10059,GenImage_test/Midjourney/test/ai/729_midjourney_100.png
630,Midjourney,10060,GenImage_test/Midjourney/test/nature/ILSVRC2012_val_00029844.JPEG
630,Midjourney,10061,GenImage_test/Midjourney/test/ai/825_midjourney_198.png
630,Midjourney,10062,GenImage_test/Midjourney/test/nature/ILSVRC2012_val_00018996.JPEG
630,Midjourney,10063,GenImage_test/Midjourney/test/nature/ILSVRC2012_val_00012638.JPEG
630,Midjourney,10064,GenImage_test/Midjourney/test/nature/ILSVRC2012_val_00010673.JPEG
630,Midjourney,10065,GenImage_test/Midjourney/test/nature/ILSVRC2012_val_00031071.JPEG
630,Midjourney,10066,GenImage_test/Midjourney/test/ai/114_midjourney_34.png
630,Midjourney,10067,GenImage_test/Midjourney/test/nature/ILSVRC2012_val_00016136.JPEG
630,Midjourney,10068,GenImage_test/Midjourney/test/ai/455_midjourney_88.png
630,Midjourney,10069,GenImage_test/Midjourney/test/nature/ILSVRC2012_val_00017726.JPEG
630,Midjourney,10070,GenImage_test/Midjourney/test/nature/ILSVRC2012_val_00003351.JPEG
630,Midjourney,10071,GenImage_test/Midjourney/test/ai/759_midjourney_34.png
631,Midjourney,10072,GenImage_test/Midjourney/test/ai/849_midjourney_169.png
631,Midjourney,10073,GenImage_test/Midjourney/test/ai/843_midjourney_169.png
631,Midjourney,10074,GenImage_test/Midjourney/test/ai/73_midjourney_198.png
631,Midjourney,10075,GenImage_test/Midjourney/test/nature/ILSVRC2012_val_00009326.JPEG
631,Midjourney,10076,GenImage_test/Midjourney/test/ai/736_midjourney_34.png
631,Midjourney,10077,GenImage_test/Midjourney/test/nature/ILSVRC2012_val_00014225.JPEG
631,Midjourney,10078,GenImage_test/Midjourney/test/nature/ILSVRC2012_val_00006302.JPEG
631,Midjourney,10079,GenImage_test/Midjourney/test/nature/ILSVRC2012_val_00015428.JPEG
631,Midjourney,10080,GenImage_test/Midjourney/test/ai/364_midjourney_100.png
631,Midjourney,10081,GenImage_test/Midjourney/test/nature/ILSVRC2012_val_00034104.JPEG
631,Midjourney,10082,GenImage_test/Midjourney/test/nature/ILSVRC2012_val_00028869.JPEG
631,Midjourney,10083,GenImage_test/Midjourney/test/nature/ILSVRC2012_val_00015516.JPEG
631,Midjourney,10084,GenImage_test/Midjourney/test/nature/ILSVRC2012_val_00019090.JPEG
631,Midjourney,10085,GenImage_test/Midjourney/test/ai/765_midjourney_198.png
631,Midjourney,10086,GenImage_test/Midjourney/test/nature/ILSVRC2012_val_00020078.JPEG
631,Midjourney,10087,GenImage_test/Midjourney/test/nature/ILSVRC2012_val_00000832.JPEG
632,Midjourney,10088,GenImage_test/Midjourney/test/nature/ILSVRC2012_val_00030769.JPEG
632,Midjourney,10089,GenImage_test/Midjourney/test/nature/ILSVRC2012_val_00039089.JPEG
632,Midjourney,10090,GenImage_test/Midjourney/test/nature/ILSVRC2012_val_00007198.JPEG
632,Midjourney,10091,GenImage_test/Midjourney/test/nature/ILSVRC2012_val_00023619.JPEG
632,Midjourney,10092,GenImage_test/Midjourney/test/nature/ILSVRC2012_val_00009521.JPEG
632,Midjourney,10093,GenImage_test/Midjourney/test/nature/ILSVRC2012_val_00032456.JPEG
632,Midjourney,10094,GenImage_test/Midjourney/test/ai/219_midjourney_100.png
632,Midjourney,10095,GenImage_test/Midjourney/test/ai/155_midjourney_197.png
632,Midjourney,10096,GenImage_test/Midjourney/test/ai/105_midjourney_88.png
632,Midjourney,10097,GenImage_test/Midjourney/test/ai/717_midjourney_34.png
632,Midjourney,10098,GenImage_test/Midjourney/test/nature/ILSVRC2012_val_00042661.JPEG
632,Midjourney,10099,GenImage_test/Midjourney/test/nature/ILSVRC2012_val_00022050.JPEG
632,Midjourney,10100,GenImage_test/Midjourney/test/nature/ILSVRC2012_val_00029129.JPEG
632,Midjourney,10101,GenImage_test/Midjourney/test/ai/852_midjourney_34.png
632,Midjourney,10102,GenImage_test/Midjourney/test/ai/781_midjourney_197.png
632,Midjourney,10103,GenImage_test/Midjourney/test/nature/ILSVRC2012_val_00007671.JPEG
633,Midjourney,10104,GenImage_test/Midjourney/test/nature/ILSVRC2012_val_00041412.JPEG
633,Midjourney,10105,GenImage_test/Midjourney/test/ai/779_midjourney_197.png
633,Midjourney,10106,GenImage_test/Midjourney/test/nature/ILSVRC2012_val_00005507.JPEG
633,Midjourney,10107,GenImage_test/Midjourney/test/nature/ILSVRC2012_val_00013103.JPEG
633,Midjourney,10108,GenImage_test/Midjourney/test/nature/ILSVRC2012_val_00027696.JPEG
633,Midjourney,10109,GenImage_test/Midjourney/test/nature/ILSVRC2012_val_00008268.JPEG
633,Midjourney,10110,GenImage_test/Midjourney/test/nature/ILSVRC2012_val_00030984.JPEG
633,Midjourney,10111,GenImage_test/Midjourney/test/nature/ILSVRC2012_val_00032729.JPEG
633,Midjourney,10112,GenImage_test/Midjourney/test/ai/921_midjourney_88.png
633,Midjourney,10113,GenImage_test/Midjourney/test/ai/325_midjourney_198.png
633,Midjourney,10114,GenImage_test/Midjourney/test/ai/345_midjourney_100.png
633,Midjourney,10115,GenImage_test/Midjourney/test/nature/ILSVRC2012_val_00002633.JPEG
633,Midjourney,10116,GenImage_test/Midjourney/test/ai/125_midjourney_197.png
633,Midjourney,10117,GenImage_test/Midjourney/test/ai/964_midjourney_88.png
633,Midjourney,10118,GenImage_test/Midjourney/test/ai/742_midjourney_100.png
633,Midjourney,10119,GenImage_test/Midjourney/test/ai/236_midjourney_100.png
634,Midjourney,10120,GenImage_test/Midjourney/test/ai/706_midjourney_169.png
634,Midjourney,10121,GenImage_test/Midjourney/test/ai/600_midjourney_197.png
634,Midjourney,10122,GenImage_test/Midjourney/test/nature/ILSVRC2012_val_00043811.JPEG
634,Midjourney,10123,GenImage_test/Midjourney/test/ai/947_midjourney_198.png
634,Midjourney,10124,GenImage_test/Midjourney/test/nature/ILSVRC2012_val_00046158.JPEG
634,Midjourney,10125,GenImage_test/Midjourney/test/ai/918_midjourney_34.png
634,Midjourney,10126,GenImage_test/Midjourney/test/ai/339_midjourney_88.png
634,Midjourney,10127,GenImage_test/Midjourney/test/ai/960_midjourney_34.png
634,Midjourney,10128,GenImage_test/Midjourney/test/ai/502_midjourney_197.png
634,Midjourney,10129,GenImage_test/Midjourney/test/ai/300_midjourney_197.png
634,Midjourney,10130,GenImage_test/Midjourney/test/nature/ILSVRC2012_val_00037532.JPEG
634,Midjourney,10131,GenImage_test/Midjourney/test/nature/ILSVRC2012_val_00034708.JPEG
634,Midjourney,10132,GenImage_test/Midjourney/test/nature/ILSVRC2012_val_00010505.JPEG
634,Midjourney,10133,GenImage_test/Midjourney/test/ai/192_midjourney_198.png
634,Midjourney,10134,GenImage_test/Midjourney/test/nature/ILSVRC2012_val_00025728.JPEG
634,Midjourney,10135,GenImage_test/Midjourney/test/nature/ILSVRC2012_val_00029440.JPEG
635,Midjourney,10136,GenImage_test/Midjourney/test/nature/ILSVRC2012_val_00011968.JPEG
635,Midjourney,10137,GenImage_test/Midjourney/test/ai/415_midjourney_88.png
635,Midjourney,10138,GenImage_test/Midjourney/test/nature/ILSVRC2012_val_00000362.JPEG
635,Midjourney,10139,GenImage_test/Midjourney/test/nature/ILSVRC2012_val_00047430.JPEG
635,Midjourney,10140,GenImage_test/Midjourney/test/ai/117_midjourney_100.png
635,Midjourney,10141,GenImage_test/Midjourney/test/nature/ILSVRC2012_val_00021009.JPEG
635,Midjourney,10142,GenImage_test/Midjourney/test/ai/877_midjourney_169.png
635,Midjourney,10143,GenImage_test/Midjourney/test/nature/ILSVRC2012_val_00007887.JPEG
635,Midjourney,10144,GenImage_test/Midjourney/test/nature/ILSVRC2012_val_00038470.JPEG
635,Midjourney,10145,GenImage_test/Midjourney/test/ai/530_midjourney_169.png
635,Midjourney,10146,GenImage_test/Midjourney/test/nature/ILSVRC2012_val_00039743.JPEG
635,Midjourney,10147,GenImage_test/Midjourney/test/ai/372_midjourney_197.png
635,Midjourney,10148,GenImage_test/Midjourney/test/nature/ILSVRC2012_val_00045178.JPEG
635,Midjourney,10149,GenImage_test/Midjourney/test/nature/ILSVRC2012_val_00015728.JPEG
635,Midjourney,10150,GenImage_test/Midjourney/test/ai/723_midjourney_34.png
635,Midjourney,10151,GenImage_test/Midjourney/test/ai/195_midjourney_34.png
636,Midjourney,10152,GenImage_test/Midjourney/test/ai/156_midjourney_88.png
636,Midjourney,10153,GenImage_test/Midjourney/test/ai/62_midjourney_88.png
636,Midjourney,10154,GenImage_test/Midjourney/test/nature/ILSVRC2012_val_00017612.JPEG
636,Midjourney,10155,GenImage_test/Midjourney/test/ai/480_midjourney_100.png
636,Midjourney,10156,GenImage_test/Midjourney/test/ai/492_midjourney_198.png
636,Midjourney,10157,GenImage_test/Midjourney/test/ai/640_midjourney_88.png
636,Midjourney,10158,GenImage_test/Midjourney/test/nature/ILSVRC2012_val_00005403.JPEG
636,Midjourney,10159,GenImage_test/Midjourney/test/nature/ILSVRC2012_val_00024545.JPEG
636,Midjourney,10160,GenImage_test/Midjourney/test/nature/ILSVRC2012_val_00035677.JPEG
636,Midjourney,10161,GenImage_test/Midjourney/test/nature/ILSVRC2012_val_00001894.JPEG
636,Midjourney,10162,GenImage_test/Midjourney/test/nature/ILSVRC2012_val_00015561.JPEG
636,Midjourney,10163,GenImage_test/Midjourney/test/nature/ILSVRC2012_val_00049026.JPEG
636,Midjourney,10164,GenImage_test/Midjourney/test/ai/736_midjourney_197.png
636,Midjourney,10165,GenImage_test/Midjourney/test/nature/ILSVRC2012_val_00049171.JPEG
636,Midjourney,10166,GenImage_test/Midjourney/test/nature/ILSVRC2012_val_00040495.JPEG
636,Midjourney,10167,GenImage_test/Midjourney/test/ai/902_midjourney_169.png
637,Midjourney,10168,GenImage_test/Midjourney/test/ai/50_midjourney_198.png
637,Midjourney,10169,GenImage_test/Midjourney/test/ai/117_midjourney_197.png
637,Midjourney,10170,GenImage_test/Midjourney/test/nature/ILSVRC2012_val_00019742.JPEG
637,Midjourney,10171,GenImage_test/Midjourney/test/ai/38_midjourney_197.png
637,Midjourney,10172,GenImage_test/Midjourney/test/ai/127_midjourney_100.png
637,Midjourney,10173,GenImage_test/Midjourney/test/nature/ILSVRC2012_val_00030018.JPEG
637,Midjourney,10174,GenImage_test/Midjourney/test/ai/443_midjourney_88.png
637,Midjourney,10175,GenImage_test/Midjourney/test/nature/ILSVRC2012_val_00018318.JPEG
637,Midjourney,10176,GenImage_test/Midjourney/test/ai/667_midjourney_198.png
637,Midjourney,10177,GenImage_test/Midjourney/test/ai/344_midjourney_197.png
637,Midjourney,10178,GenImage_test/Midjourney/test/nature/ILSVRC2012_val_00036468.JPEG
637,Midjourney,10179,GenImage_test/Midjourney/test/ai/704_midjourney_88.png
637,Midjourney,10180,GenImage_test/Midjourney/test/nature/ILSVRC2012_val_00037259.JPEG
637,Midjourney,10181,GenImage_test/Midjourney/test/nature/ILSVRC2012_val_00031800.JPEG
637,Midjourney,10182,GenImage_test/Midjourney/test/nature/ILSVRC2012_val_00033063.JPEG
637,Midjourney,10183,GenImage_test/Midjourney/test/ai/229_midjourney_100.png
638,Midjourney,10184,GenImage_test/Midjourney/test/nature/ILSVRC2012_val_00047864.JPEG
638,Midjourney,10185,GenImage_test/Midjourney/test/ai/155_midjourney_100.png
638,Midjourney,10186,GenImage_test/Midjourney/test/ai/718_midjourney_88.png
638,Midjourney,10187,GenImage_test/Midjourney/test/ai/369_midjourney_198.png
638,Midjourney,10188,GenImage_test/Midjourney/test/ai/725_midjourney_34.png
638,Midjourney,10189,GenImage_test/Midjourney/test/ai/550_midjourney_197.png
638,Midjourney,10190,GenImage_test/Midjourney/test/nature/ILSVRC2012_val_00007271.JPEG
638,Midjourney,10191,GenImage_test/Midjourney/test/ai/417_midjourney_100.png
638,Midjourney,10192,GenImage_test/Midjourney/test/ai/863_midjourney_34.png
638,Midjourney,10193,GenImage_test/Midjourney/test/ai/992_midjourney_198.png
638,Midjourney,10194,GenImage_test/Midjourney/test/nature/ILSVRC2012_val_00021097.JPEG
638,Midjourney,10195,GenImage_test/Midjourney/test/ai/664_midjourney_100.png
638,Midjourney,10196,GenImage_test/Midjourney/test/nature/ILSVRC2012_val_00019574.JPEG
638,Midjourney,10197,GenImage_test/Midjourney/test/ai/365_midjourney_197.png
638,Midjourney,10198,GenImage_test/Midjourney/test/ai/515_midjourney_100.png
638,Midjourney,10199,GenImage_test/Midjourney/test/ai/248_midjourney_100.png
639,Midjourney,10200,GenImage_test/Midjourney/test/ai/988_midjourney_88.png
639,Midjourney,10201,GenImage_test/Midjourney/test/ai/782_midjourney_169.png
639,Midjourney,10202,GenImage_test/Midjourney/test/nature/ILSVRC2012_val_00010968.JPEG
639,Midjourney,10203,GenImage_test/Midjourney/test/ai/523_midjourney_197.png
639,Midjourney,10204,GenImage_test/Midjourney/test/nature/ILSVRC2012_val_00021406.JPEG
639,Midjourney,10205,GenImage_test/Midjourney/test/ai/511_midjourney_100.png
639,Midjourney,10206,GenImage_test/Midjourney/test/nature/ILSVRC2012_val_00042679.JPEG
639,Midjourney,10207,GenImage_test/Midjourney/test/nature/ILSVRC2012_val_00026839.JPEG
639,Midjourney,10208,GenImage_test/Midjourney/test/nature/ILSVRC2012_val_00027157.JPEG
639,Midjourney,10209,GenImage_test/Midjourney/test/nature/ILSVRC2012_val_00003278.JPEG
639,Midjourney,10210,GenImage_test/Midjourney/test/nature/ILSVRC2012_val_00023655.JPEG
639,Midjourney,10211,GenImage_test/Midjourney/test/ai/119_midjourney_88.png
639,Midjourney,10212,GenImage_test/Midjourney/test/ai/657_midjourney_169.png
639,Midjourney,10213,GenImage_test/Midjourney/test/ai/857_midjourney_198.png
639,Midjourney,10214,GenImage_test/Midjourney/test/nature/ILSVRC2012_val_00032806.JPEG
639,Midjourney,10215,GenImage_test/Midjourney/test/ai/392_midjourney_197.png
640,Midjourney,10216,GenImage_test/Midjourney/test/nature/ILSVRC2012_val_00033268.JPEG
640,Midjourney,10217,GenImage_test/Midjourney/test/ai/489_midjourney_100.png
640,Midjourney,10218,GenImage_test/Midjourney/test/ai/5_midjourney_198.png
640,Midjourney,10219,GenImage_test/Midjourney/test/ai/140_midjourney_198.png
640,Midjourney,10220,GenImage_test/Midjourney/test/nature/ILSVRC2012_val_00024983.JPEG
640,Midjourney,10221,GenImage_test/Midjourney/test/nature/ILSVRC2012_val_00031275.JPEG
640,Midjourney,10222,GenImage_test/Midjourney/test/ai/845_midjourney_198.png
640,Midjourney,10223,GenImage_test/Midjourney/test/ai/282_midjourney_88.png
640,Midjourney,10224,GenImage_test/Midjourney/test/ai/635_midjourney_197.png
640,Midjourney,10225,GenImage_test/Midjourney/test/nature/ILSVRC2012_val_00011523.JPEG
640,Midjourney,10226,GenImage_test/Midjourney/test/ai/775_midjourney_88.png
640,Midjourney,10227,GenImage_test/Midjourney/test/nature/ILSVRC2012_val_00017247.JPEG
640,Midjourney,10228,GenImage_test/Midjourney/test/ai/594_midjourney_100.png
640,Midjourney,10229,GenImage_test/Midjourney/test/nature/ILSVRC2012_val_00004257.JPEG
640,Midjourney,10230,GenImage_test/Midjourney/test/nature/ILSVRC2012_val_00022086.JPEG
640,Midjourney,10231,GenImage_test/Midjourney/test/nature/ILSVRC2012_val_00030775.JPEG
641,Midjourney,10232,GenImage_test/Midjourney/test/ai/587_midjourney_88.png
641,Midjourney,10233,GenImage_test/Midjourney/test/nature/ILSVRC2012_val_00046540.JPEG
641,Midjourney,10234,GenImage_test/Midjourney/test/nature/ILSVRC2012_val_00036618.JPEG
641,Midjourney,10235,GenImage_test/Midjourney/test/ai/436_midjourney_197.png
641,Midjourney,10236,GenImage_test/Midjourney/test/ai/690_midjourney_198.png
641,Midjourney,10237,GenImage_test/Midjourney/test/nature/ILSVRC2012_val_00047213.JPEG
641,Midjourney,10238,GenImage_test/Midjourney/test/nature/ILSVRC2012_val_00028394.JPEG
641,Midjourney,10239,GenImage_test/Midjourney/test/ai/513_midjourney_88.png
641,Midjourney,10240,GenImage_test/Midjourney/test/ai/709_midjourney_88.png
641,Midjourney,10241,GenImage_test/Midjourney/test/ai/710_midjourney_169.png
641,Midjourney,10242,GenImage_test/Midjourney/test/ai/390_midjourney_88.png
641,Midjourney,10243,GenImage_test/Midjourney/test/nature/ILSVRC2012_val_00005055.JPEG
641,Midjourney,10244,GenImage_test/Midjourney/test/ai/951_midjourney_88.png
641,Midjourney,10245,GenImage_test/Midjourney/test/nature/ILSVRC2012_val_00048669.JPEG
641,Midjourney,10246,GenImage_test/Midjourney/test/ai/893_midjourney_198.png
641,Midjourney,10247,GenImage_test/Midjourney/test/nature/ILSVRC2012_val_00048210.JPEG
642,Midjourney,10248,GenImage_test/Midjourney/test/nature/ILSVRC2012_val_00021334.JPEG
642,Midjourney,10249,GenImage_test/Midjourney/test/ai/294_midjourney_100.png
642,Midjourney,10250,GenImage_test/Midjourney/test/nature/ILSVRC2012_val_00023945.JPEG
642,Midjourney,10251,GenImage_test/Midjourney/test/nature/ILSVRC2012_val_00005137.JPEG
642,Midjourney,10252,GenImage_test/Midjourney/test/nature/ILSVRC2012_val_00001713.JPEG
642,Midjourney,10253,GenImage_test/Midjourney/test/ai/777_midjourney_88.png
642,Midjourney,10254,GenImage_test/Midjourney/test/ai/864_midjourney_198.png
642,Midjourney,10255,GenImage_test/Midjourney/test/ai/492_midjourney_88.png
642,Midjourney,10256,GenImage_test/Midjourney/test/nature/ILSVRC2012_val_00027202.JPEG
642,Midjourney,10257,GenImage_test/Midjourney/test/ai/375_midjourney_34.png
642,Midjourney,10258,GenImage_test/Midjourney/test/ai/418_midjourney_169.png
642,Midjourney,10259,GenImage_test/Midjourney/test/ai/916_midjourney_100.png
642,Midjourney,10260,GenImage_test/Midjourney/test/ai/647_midjourney_169.png
642,Midjourney,10261,GenImage_test/Midjourney/test/ai/442_midjourney_100.png
642,Midjourney,10262,GenImage_test/Midjourney/test/nature/ILSVRC2012_val_00010881.JPEG
642,Midjourney,10263,GenImage_test/Midjourney/test/ai/266_midjourney_169.png
643,Midjourney,10264,GenImage_test/Midjourney/test/nature/ILSVRC2012_val_00041778.JPEG
643,Midjourney,10265,GenImage_test/Midjourney/test/nature/ILSVRC2012_val_00028009.JPEG
643,Midjourney,10266,GenImage_test/Midjourney/test/nature/ILSVRC2012_val_00009591.JPEG
643,Midjourney,10267,GenImage_test/Midjourney/test/nature/ILSVRC2012_val_00048577.JPEG
643,Midjourney,10268,GenImage_test/Midjourney/test/ai/322_midjourney_100.png
643,Midjourney,10269,GenImage_test/Midjourney/test/nature/ILSVRC2012_val_00047821.JPEG
643,Midjourney,10270,GenImage_test/Midjourney/test/ai/785_midjourney_197.png
643,Midjourney,10271,GenImage_test/Midjourney/test/ai/791_midjourney_197.png
643,Midjourney,10272,GenImage_test/Midjourney/test/nature/ILSVRC2012_val_00026024.JPEG
643,Midjourney,10273,GenImage_test/Midjourney/test/ai/949_midjourney_88.png
643,Midjourney,10274,GenImage_test/Midjourney/test/nature/ILSVRC2012_val_00042044.JPEG
643,Midjourney,10275,GenImage_test/Midjourney/test/ai/14_midjourney_34.png
643,Midjourney,10276,GenImage_test/Midjourney/test/ai/782_midjourney_197.png
643,Midjourney,10277,GenImage_test/Midjourney/test/nature/ILSVRC2012_val_00004650.JPEG
643,Midjourney,10278,GenImage_test/Midjourney/test/nature/ILSVRC2012_val_00018819.JPEG
643,Midjourney,10279,GenImage_test/Midjourney/test/nature/ILSVRC2012_val_00017761.JPEG
644,Midjourney,10280,GenImage_test/Midjourney/test/nature/ILSVRC2012_val_00019012.JPEG
644,Midjourney,10281,GenImage_test/Midjourney/test/ai/127_midjourney_34.png
644,Midjourney,10282,GenImage_test/Midjourney/test/ai/477_midjourney_197.png
644,Midjourney,10283,GenImage_test/Midjourney/test/ai/949_midjourney_34.png
644,Midjourney,10284,GenImage_test/Midjourney/test/ai/535_midjourney_169.png
644,Midjourney,10285,GenImage_test/Midjourney/test/ai/422_midjourney_88.png
644,Midjourney,10286,GenImage_test/Midjourney/test/nature/ILSVRC2012_val_00016414.JPEG
644,Midjourney,10287,GenImage_test/Midjourney/test/ai/763_midjourney_34.png
644,Midjourney,10288,GenImage_test/Midjourney/test/ai/169_midjourney_169.png
644,Midjourney,10289,GenImage_test/Midjourney/test/nature/ILSVRC2012_val_00008171.JPEG
644,Midjourney,10290,GenImage_test/Midjourney/test/nature/ILSVRC2012_val_00037354.JPEG
644,Midjourney,10291,GenImage_test/Midjourney/test/ai/538_midjourney_88.png
644,Midjourney,10292,GenImage_test/Midjourney/test/ai/635_midjourney_88.png
644,Midjourney,10293,GenImage_test/Midjourney/test/ai/880_midjourney_88.png
644,Midjourney,10294,GenImage_test/Midjourney/test/nature/ILSVRC2012_val_00031714.JPEG
644,Midjourney,10295,GenImage_test/Midjourney/test/ai/91_midjourney_169.png
645,Midjourney,10296,GenImage_test/Midjourney/test/nature/ILSVRC2012_val_00031466.JPEG
645,Midjourney,10297,GenImage_test/Midjourney/test/ai/737_midjourney_88.png
645,Midjourney,10298,GenImage_test/Midjourney/test/ai/54_midjourney_197.png
645,Midjourney,10299,GenImage_test/Midjourney/test/ai/753_midjourney_169.png
645,Midjourney,10300,GenImage_test/Midjourney/test/ai/219_midjourney_88.png
645,Midjourney,10301,GenImage_test/Midjourney/test/ai/875_midjourney_198.png
645,Midjourney,10302,GenImage_test/Midjourney/test/nature/ILSVRC2012_val_00044136.JPEG
645,Midjourney,10303,GenImage_test/Midjourney/test/ai/758_midjourney_100.png
645,Midjourney,10304,GenImage_test/Midjourney/test/ai/249_midjourney_169.png
645,Midjourney,10305,GenImage_test/Midjourney/test/ai/41_midjourney_34.png
645,Midjourney,10306,GenImage_test/Midjourney/test/ai/336_midjourney_197.png
645,Midjourney,10307,GenImage_test/Midjourney/test/ai/805_midjourney_100.png
645,Midjourney,10308,GenImage_test/Midjourney/test/nature/ILSVRC2012_val_00010672.JPEG
645,Midjourney,10309,GenImage_test/Midjourney/test/nature/ILSVRC2012_val_00034513.JPEG
645,Midjourney,10310,GenImage_test/Midjourney/test/ai/194_midjourney_100.png
645,Midjourney,10311,GenImage_test/Midjourney/test/nature/ILSVRC2012_val_00000337.JPEG
646,Midjourney,10312,GenImage_test/Midjourney/test/ai/488_midjourney_100.png
646,Midjourney,10313,GenImage_test/Midjourney/test/nature/ILSVRC2012_val_00022819.JPEG
646,Midjourney,10314,GenImage_test/Midjourney/test/nature/ILSVRC2012_val_00028512.JPEG
646,Midjourney,10315,GenImage_test/Midjourney/test/ai/170_midjourney_198.png
646,Midjourney,10316,GenImage_test/Midjourney/test/nature/ILSVRC2012_val_00021057.JPEG
646,Midjourney,10317,GenImage_test/Midjourney/test/nature/ILSVRC2012_val_00022518.JPEG
646,Midjourney,10318,GenImage_test/Midjourney/test/nature/ILSVRC2012_val_00024576.JPEG
646,Midjourney,10319,GenImage_test/Midjourney/test/nature/ILSVRC2012_val_00005419.JPEG
646,Midjourney,10320,GenImage_test/Midjourney/test/nature/ILSVRC2012_val_00019457.JPEG
646,Midjourney,10321,GenImage_test/Midjourney/test/nature/ILSVRC2012_val_00037871.JPEG
646,Midjourney,10322,GenImage_test/Midjourney/test/ai/337_midjourney_34.png
646,Midjourney,10323,GenImage_test/Midjourney/test/nature/ILSVRC2012_val_00031516.JPEG
646,Midjourney,10324,GenImage_test/Midjourney/test/ai/476_midjourney_169.png
646,Midjourney,10325,GenImage_test/Midjourney/test/nature/ILSVRC2012_val_00001666.JPEG
646,Midjourney,10326,GenImage_test/Midjourney/test/nature/ILSVRC2012_val_00015266.JPEG
646,Midjourney,10327,GenImage_test/Midjourney/test/nature/ILSVRC2012_val_00041975.JPEG
647,Midjourney,10328,GenImage_test/Midjourney/test/nature/ILSVRC2012_val_00018822.JPEG
647,Midjourney,10329,GenImage_test/Midjourney/test/nature/ILSVRC2012_val_00016840.JPEG
647,Midjourney,10330,GenImage_test/Midjourney/test/nature/ILSVRC2012_val_00032816.JPEG
647,Midjourney,10331,GenImage_test/Midjourney/test/ai/476_midjourney_198.png
647,Midjourney,10332,GenImage_test/Midjourney/test/nature/ILSVRC2012_val_00022751.JPEG
647,Midjourney,10333,GenImage_test/Midjourney/test/nature/ILSVRC2012_val_00047295.JPEG
647,Midjourney,10334,GenImage_test/Midjourney/test/nature/ILSVRC2012_val_00047945.JPEG
647,Midjourney,10335,GenImage_test/Midjourney/test/ai/185_midjourney_198.png
647,Midjourney,10336,GenImage_test/Midjourney/test/ai/921_midjourney_100.png
647,Midjourney,10337,GenImage_test/Midjourney/test/ai/611_midjourney_169.png
647,Midjourney,10338,GenImage_test/Midjourney/test/ai/576_midjourney_198.png
647,Midjourney,10339,GenImage_test/Midjourney/test/ai/970_midjourney_169.png
647,Midjourney,10340,GenImage_test/Midjourney/test/ai/746_midjourney_198.png
647,Midjourney,10341,GenImage_test/Midjourney/test/ai/481_midjourney_88.png
647,Midjourney,10342,GenImage_test/Midjourney/test/nature/ILSVRC2012_val_00008309.JPEG
647,Midjourney,10343,GenImage_test/Midjourney/test/nature/ILSVRC2012_val_00041015.JPEG
648,Midjourney,10344,GenImage_test/Midjourney/test/nature/ILSVRC2012_val_00012618.JPEG
648,Midjourney,10345,GenImage_test/Midjourney/test/nature/ILSVRC2012_val_00034910.JPEG
648,Midjourney,10346,GenImage_test/Midjourney/test/ai/86_midjourney_100.png
648,Midjourney,10347,GenImage_test/Midjourney/test/ai/163_midjourney_169.png
648,Midjourney,10348,GenImage_test/Midjourney/test/nature/ILSVRC2012_val_00002637.JPEG
648,Midjourney,10349,GenImage_test/Midjourney/test/nature/ILSVRC2012_val_00019599.JPEG
648,Midjourney,10350,GenImage_test/Midjourney/test/ai/610_midjourney_169.png
648,Midjourney,10351,GenImage_test/Midjourney/test/nature/ILSVRC2012_val_00043756.JPEG
648,Midjourney,10352,GenImage_test/Midjourney/test/nature/ILSVRC2012_val_00007886.JPEG
648,Midjourney,10353,GenImage_test/Midjourney/test/nature/ILSVRC2012_val_00033685.JPEG
648,Midjourney,10354,GenImage_test/Midjourney/test/nature/ILSVRC2012_val_00034775.JPEG
648,Midjourney,10355,GenImage_test/Midjourney/test/ai/990_midjourney_34.png
648,Midjourney,10356,GenImage_test/Midjourney/test/nature/ILSVRC2012_val_00037573.JPEG
648,Midjourney,10357,GenImage_test/Midjourney/test/nature/ILSVRC2012_val_00014501.JPEG
648,Midjourney,10358,GenImage_test/Midjourney/test/ai/999_midjourney_100.png
648,Midjourney,10359,GenImage_test/Midjourney/test/nature/ILSVRC2012_val_00004933.JPEG
649,Midjourney,10360,GenImage_test/Midjourney/test/nature/ILSVRC2012_val_00042622.JPEG
649,Midjourney,10361,GenImage_test/Midjourney/test/ai/703_midjourney_88.png
649,Midjourney,10362,GenImage_test/Midjourney/test/nature/ILSVRC2012_val_00015958.JPEG
649,Midjourney,10363,GenImage_test/Midjourney/test/ai/515_midjourney_197.png
649,Midjourney,10364,GenImage_test/Midjourney/test/ai/359_midjourney_34.png
649,Midjourney,10365,GenImage_test/Midjourney/test/nature/ILSVRC2012_val_00033592.JPEG
649,Midjourney,10366,GenImage_test/Midjourney/test/nature/ILSVRC2012_val_00048859.JPEG
649,Midjourney,10367,GenImage_test/Midjourney/test/ai/866_midjourney_169.png
649,Midjourney,10368,GenImage_test/Midjourney/test/ai/768_midjourney_100.png
649,Midjourney,10369,GenImage_test/Midjourney/test/nature/ILSVRC2012_val_00017953.JPEG
649,Midjourney,10370,GenImage_test/Midjourney/test/ai/749_midjourney_197.png
649,Midjourney,10371,GenImage_test/Midjourney/test/ai/746_midjourney_169.png
649,Midjourney,10372,GenImage_test/Midjourney/test/ai/917_midjourney_100.png
649,Midjourney,10373,GenImage_test/Midjourney/test/ai/829_midjourney_34.png
649,Midjourney,10374,GenImage_test/Midjourney/test/ai/568_midjourney_34.png
649,Midjourney,10375,GenImage_test/Midjourney/test/nature/ILSVRC2012_val_00048780.JPEG
650,Midjourney,10376,GenImage_test/Midjourney/test/nature/ILSVRC2012_val_00011668.JPEG
650,Midjourney,10377,GenImage_test/Midjourney/test/nature/ILSVRC2012_val_00049041.JPEG
650,Midjourney,10378,GenImage_test/Midjourney/test/ai/301_midjourney_34.png
650,Midjourney,10379,GenImage_test/Midjourney/test/nature/ILSVRC2012_val_00032870.JPEG
650,Midjourney,10380,GenImage_test/Midjourney/test/nature/ILSVRC2012_val_00014125.JPEG
650,Midjourney,10381,GenImage_test/Midjourney/test/nature/ILSVRC2012_val_00015342.JPEG
650,Midjourney,10382,GenImage_test/Midjourney/test/nature/ILSVRC2012_val_00040196.JPEG
650,Midjourney,10383,GenImage_test/Midjourney/test/ai/317_midjourney_198.png
650,Midjourney,10384,GenImage_test/Midjourney/test/ai/595_midjourney_169.png
650,Midjourney,10385,GenImage_test/Midjourney/test/nature/ILSVRC2012_val_00022070.JPEG
650,Midjourney,10386,GenImage_test/Midjourney/test/ai/17_midjourney_100.png
650,Midjourney,10387,GenImage_test/Midjourney/test/ai/393_midjourney_88.png
650,Midjourney,10388,GenImage_test/Midjourney/test/nature/ILSVRC2012_val_00019700.JPEG
650,Midjourney,10389,GenImage_test/Midjourney/test/nature/ILSVRC2012_val_00029413.JPEG
650,Midjourney,10390,GenImage_test/Midjourney/test/nature/ILSVRC2012_val_00044047.JPEG
650,Midjourney,10391,GenImage_test/Midjourney/test/nature/ILSVRC2012_val_00036848.JPEG
651,Midjourney,10392,GenImage_test/Midjourney/test/ai/121_midjourney_34.png
651,Midjourney,10393,GenImage_test/Midjourney/test/ai/346_midjourney_34.png
651,Midjourney,10394,GenImage_test/Midjourney/test/ai/48_midjourney_198.png
651,Midjourney,10395,GenImage_test/Midjourney/test/ai/556_midjourney_169.png
651,Midjourney,10396,GenImage_test/Midjourney/test/ai/894_midjourney_197.png
651,Midjourney,10397,GenImage_test/Midjourney/test/nature/ILSVRC2012_val_00020903.JPEG
651,Midjourney,10398,GenImage_test/Midjourney/test/nature/ILSVRC2012_val_00013210.JPEG
651,Midjourney,10399,GenImage_test/Midjourney/test/ai/612_midjourney_198.png
651,Midjourney,10400,GenImage_test/Midjourney/test/ai/969_midjourney_169.png
651,Midjourney,10401,GenImage_test/Midjourney/test/nature/ILSVRC2012_val_00008722.JPEG
651,Midjourney,10402,GenImage_test/Midjourney/test/ai/167_midjourney_34.png
651,Midjourney,10403,GenImage_test/Midjourney/test/nature/ILSVRC2012_val_00019165.JPEG
651,Midjourney,10404,GenImage_test/Midjourney/test/nature/ILSVRC2012_val_00034966.JPEG
651,Midjourney,10405,GenImage_test/Midjourney/test/nature/ILSVRC2012_val_00010036.JPEG
651,Midjourney,10406,GenImage_test/Midjourney/test/ai/940_midjourney_100.png
651,Midjourney,10407,GenImage_test/Midjourney/test/ai/831_midjourney_34.png
652,Midjourney,10408,GenImage_test/Midjourney/test/nature/ILSVRC2012_val_00020297.JPEG
652,Midjourney,10409,GenImage_test/Midjourney/test/nature/ILSVRC2012_val_00002097.JPEG
652,Midjourney,10410,GenImage_test/Midjourney/test/nature/ILSVRC2012_val_00013130.JPEG
652,Midjourney,10411,GenImage_test/Midjourney/test/ai/234_midjourney_198.png
652,Midjourney,10412,GenImage_test/Midjourney/test/ai/419_midjourney_197.png
652,Midjourney,10413,GenImage_test/Midjourney/test/nature/ILSVRC2012_val_00017398.JPEG
652,Midjourney,10414,GenImage_test/Midjourney/test/nature/ILSVRC2012_val_00004702.JPEG
652,Midjourney,10415,GenImage_test/Midjourney/test/ai/369_midjourney_100.png
652,Midjourney,10416,GenImage_test/Midjourney/test/nature/ILSVRC2012_val_00024922.JPEG
652,Midjourney,10417,GenImage_test/Midjourney/test/ai/927_midjourney_88.png
652,Midjourney,10418,GenImage_test/Midjourney/test/ai/559_midjourney_169.png
652,Midjourney,10419,GenImage_test/Midjourney/test/nature/ILSVRC2012_val_00020507.JPEG
652,Midjourney,10420,GenImage_test/Midjourney/test/ai/218_midjourney_169.png
652,Midjourney,10421,GenImage_test/Midjourney/test/nature/ILSVRC2012_val_00010422.JPEG
652,Midjourney,10422,GenImage_test/Midjourney/test/nature/ILSVRC2012_val_00027823.JPEG
652,Midjourney,10423,GenImage_test/Midjourney/test/ai/12_midjourney_100.png
653,Midjourney,10424,GenImage_test/Midjourney/test/ai/89_midjourney_34.png
653,Midjourney,10425,GenImage_test/Midjourney/test/ai/586_midjourney_169.png
653,Midjourney,10426,GenImage_test/Midjourney/test/ai/384_midjourney_197.png
653,Midjourney,10427,GenImage_test/Midjourney/test/nature/ILSVRC2012_val_00019161.JPEG
653,Midjourney,10428,GenImage_test/Midjourney/test/nature/ILSVRC2012_val_00026732.JPEG
653,Midjourney,10429,GenImage_test/Midjourney/test/nature/ILSVRC2012_val_00032937.JPEG
653,Midjourney,10430,GenImage_test/Midjourney/test/ai/787_midjourney_197.png
653,Midjourney,10431,GenImage_test/Midjourney/test/ai/923_midjourney_197.png
653,Midjourney,10432,GenImage_test/Midjourney/test/nature/ILSVRC2012_val_00047932.JPEG
653,Midjourney,10433,GenImage_test/Midjourney/test/nature/ILSVRC2012_val_00011487.JPEG
653,Midjourney,10434,GenImage_test/Midjourney/test/ai/314_midjourney_88.png
653,Midjourney,10435,GenImage_test/Midjourney/test/nature/ILSVRC2012_val_00020598.JPEG
653,Midjourney,10436,GenImage_test/Midjourney/test/nature/ILSVRC2012_val_00025055.JPEG
653,Midjourney,10437,GenImage_test/Midjourney/test/nature/ILSVRC2012_val_00028486.JPEG
653,Midjourney,10438,GenImage_test/Midjourney/test/nature/ILSVRC2012_val_00046211.JPEG
653,Midjourney,10439,GenImage_test/Midjourney/test/ai/318_midjourney_100.png
654,Midjourney,10440,GenImage_test/Midjourney/test/ai/196_midjourney_169.png
654,Midjourney,10441,GenImage_test/Midjourney/test/nature/ILSVRC2012_val_00042551.JPEG
654,Midjourney,10442,GenImage_test/Midjourney/test/ai/685_midjourney_197.png
654,Midjourney,10443,GenImage_test/Midjourney/test/nature/ILSVRC2012_val_00004718.JPEG
654,Midjourney,10444,GenImage_test/Midjourney/test/ai/609_midjourney_169.png
654,Midjourney,10445,GenImage_test/Midjourney/test/ai/223_midjourney_198.png
654,Midjourney,10446,GenImage_test/Midjourney/test/ai/360_midjourney_197.png
654,Midjourney,10447,GenImage_test/Midjourney/test/nature/ILSVRC2012_val_00035882.JPEG
654,Midjourney,10448,GenImage_test/Midjourney/test/ai/570_midjourney_100.png
654,Midjourney,10449,GenImage_test/Midjourney/test/nature/ILSVRC2012_val_00038537.JPEG
654,Midjourney,10450,GenImage_test/Midjourney/test/ai/812_midjourney_100.png
654,Midjourney,10451,GenImage_test/Midjourney/test/nature/ILSVRC2012_val_00036712.JPEG
654,Midjourney,10452,GenImage_test/Midjourney/test/nature/ILSVRC2012_val_00048809.JPEG
654,Midjourney,10453,GenImage_test/Midjourney/test/nature/ILSVRC2012_val_00043146.JPEG
654,Midjourney,10454,GenImage_test/Midjourney/test/ai/830_midjourney_100.png
654,Midjourney,10455,GenImage_test/Midjourney/test/nature/ILSVRC2012_val_00007466.JPEG
655,Midjourney,10456,GenImage_test/Midjourney/test/ai/394_midjourney_198.png
655,Midjourney,10457,GenImage_test/Midjourney/test/nature/ILSVRC2012_val_00047749.JPEG
655,Midjourney,10458,GenImage_test/Midjourney/test/nature/ILSVRC2012_val_00003990.JPEG
655,Midjourney,10459,GenImage_test/Midjourney/test/ai/860_midjourney_198.png
655,Midjourney,10460,GenImage_test/Midjourney/test/ai/486_midjourney_34.png
655,Midjourney,10461,GenImage_test/Midjourney/test/nature/ILSVRC2012_val_00003484.JPEG
655,Midjourney,10462,GenImage_test/Midjourney/test/nature/ILSVRC2012_val_00007038.JPEG
655,Midjourney,10463,GenImage_test/Midjourney/test/nature/ILSVRC2012_val_00046723.JPEG
655,Midjourney,10464,GenImage_test/Midjourney/test/nature/ILSVRC2012_val_00025813.JPEG
655,Midjourney,10465,GenImage_test/Midjourney/test/ai/692_midjourney_198.png
655,Midjourney,10466,GenImage_test/Midjourney/test/ai/161_midjourney_197.png
655,Midjourney,10467,GenImage_test/Midjourney/test/nature/ILSVRC2012_val_00013298.JPEG
655,Midjourney,10468,GenImage_test/Midjourney/test/nature/ILSVRC2012_val_00045888.JPEG
655,Midjourney,10469,GenImage_test/Midjourney/test/nature/ILSVRC2012_val_00043388.JPEG
655,Midjourney,10470,GenImage_test/Midjourney/test/nature/ILSVRC2012_val_00035545.JPEG
655,Midjourney,10471,GenImage_test/Midjourney/test/ai/105_midjourney_34.png
656,Midjourney,10472,GenImage_test/Midjourney/test/nature/ILSVRC2012_val_00030801.JPEG
656,Midjourney,10473,GenImage_test/Midjourney/test/ai/187_midjourney_34.png
656,Midjourney,10474,GenImage_test/Midjourney/test/nature/ILSVRC2012_val_00009684.JPEG
656,Midjourney,10475,GenImage_test/Midjourney/test/nature/ILSVRC2012_val_00039518.JPEG
656,Midjourney,10476,GenImage_test/Midjourney/test/ai/448_midjourney_88.png
656,Midjourney,10477,GenImage_test/Midjourney/test/ai/119_midjourney_198.png
656,Midjourney,10478,GenImage_test/Midjourney/test/nature/ILSVRC2012_val_00041891.JPEG
656,Midjourney,10479,GenImage_test/Midjourney/test/ai/641_midjourney_100.png
656,Midjourney,10480,GenImage_test/Midjourney/test/ai/804_midjourney_197.png
656,Midjourney,10481,GenImage_test/Midjourney/test/nature/ILSVRC2012_val_00028708.JPEG
656,Midjourney,10482,GenImage_test/Midjourney/test/ai/789_midjourney_169.png
656,Midjourney,10483,GenImage_test/Midjourney/test/ai/496_midjourney_198.png
656,Midjourney,10484,GenImage_test/Midjourney/test/ai/749_midjourney_169.png
656,Midjourney,10485,GenImage_test/Midjourney/test/ai/880_midjourney_100.png
656,Midjourney,10486,GenImage_test/Midjourney/test/ai/529_midjourney_197.png
656,Midjourney,10487,GenImage_test/Midjourney/test/nature/ILSVRC2012_val_00035965.JPEG
657,Midjourney,10488,GenImage_test/Midjourney/test/ai/939_midjourney_34.png
657,Midjourney,10489,GenImage_test/Midjourney/test/ai/584_midjourney_197.png
657,Midjourney,10490,GenImage_test/Midjourney/test/ai/637_midjourney_88.png
657,Midjourney,10491,GenImage_test/Midjourney/test/ai/193_midjourney_100.png
657,Midjourney,10492,GenImage_test/Midjourney/test/ai/879_midjourney_34.png
657,Midjourney,10493,GenImage_test/Midjourney/test/nature/ILSVRC2012_val_00005583.JPEG
657,Midjourney,10494,GenImage_test/Midjourney/test/nature/ILSVRC2012_val_00041296.JPEG
657,Midjourney,10495,GenImage_test/Midjourney/test/nature/ILSVRC2012_val_00031330.JPEG
657,Midjourney,10496,GenImage_test/Midjourney/test/ai/272_midjourney_88.png
657,Midjourney,10497,GenImage_test/Midjourney/test/ai/892_midjourney_88.png
657,Midjourney,10498,GenImage_test/Midjourney/test/ai/951_midjourney_169.png
657,Midjourney,10499,GenImage_test/Midjourney/test/ai/381_midjourney_100.png
