batch,domain,position,sample_id
0,SD1.5_first,0,GenImage_test/stable_diffusion_v_1_5/test/nature/ILSVRC2012_val_00032429.JPEG
0,SD1.5_first,1,GenImage_test/stable_diffusion_v_1_5/test/ai/409_sdv5_00195.png
0,SD1.5_first,2,GenImage_test/stable_diffusion_v_1_5/test/nature/ILSVRC2012_val_00049082.JPEG
0,SD1.5_first,3,GenImage_test/stable_diffusion_v_1_5/test/nature/ILSVRC2012_val_00020277.JPEG
0,SD1.5_first,4,GenImage_test/stable_diffusion_v_1_5/test/ai/817_sdv5_00009.png
0,SD1.5_first,5,GenImage_test/stable_diffusion_v_1_5/test/nature/ILSVRC2012_val_00007527.JPEG
0,SD1.5_first,6,GenImage_test/stable_diffusion_v_1_5/test/nature/ILSVRC2012_val_00003084.JPEG
0,SD1.5_first,7,GenImage_test/stable_diffusion_v_1_5/test/nature/ILSVRC2012_val_00045297.JPEG
0,SD1.5_first,8,GenImage_test/stable_diffusion_v_1_5/test/ai/047_sdv5_00020.png
0,SD1.5_first,9,GenImage_test/stable_diffusion_v_1_5/test/ai/845_sdv5_00135.png
0,SD1.5_first,10,GenImage_test/stable_diffusion_v_1_5/test/ai/471_sdv5_00009.png
0,SD1.5_first,11,GenImage_test/stable_diffusion_v_1_5/test/nature/ILSVRC2012_val_00041448.JPEG
0,SD1.5_first,12,GenImage_test/stable_diffusion_v_1_5/test/ai/832_sdv5_00027.png
0,SD1.5_first,13,GenImage_test/stable_diffusion_v_1_5/test/nature/ILSVRC2012_val_00014120.JPEG
0,SD1.5_first,14,GenImage_test/stable_diffusion_v_1_5/test/ai/079_sdv5_00039.png
0,SD1.5_first,15,GenImage_test/stable_diffusion_v_1_5/test/nature/ILSVRC2012_val_00030179.JPEG
1,SD1.5_first,16,GenImage_test/stable_diffusion_v_1_5/test/ai/520_sdv5_00020.png
1,SD1.5_first,17,GenImage_test/stable_diffusion_v_1_5/test/nature/ILSVRC2012_val_00017244.JPEG
1,SD1.5_first,18,GenImage_test/stable_diffusion_v_1_5/test/nature/ILSVRC2012_val_00041571.JPEG
1,SD1.5_first,19,GenImage_test/stable_diffusion_v_1_5/test/ai/083_sdv5_00020.png
1,SD1.5_first,20,GenImage_test/stable_diffusion_v_1_5/test/ai/536_sdv5_00027.png
1,SD1.5_first,21,GenImage_test/stable_diffusion_v_1_5/test/ai/874_sdv5_00020.png
1,SD1.5_first,22,GenImage_test/stable_diffusion_v_1_5/test/ai/783_sdv5_00100.png
1,SD1.5_first,23,GenImage_test/stable_diffusion_v_1_5/test/ai/506_sdv5_00020.png
1,SD1.5_first,24,GenImage_test/stable_diffusion_v_1_5/test/nature/ILSVRC2012_val_00013322.JPEG
1,SD1.5_first,25,GenImage_test/stable_diffusion_v_1_5/test/nature/ILSVRC2012_val_00023397.JPEG
1,SD1.5_first,26,GenImage_test/stable_diffusion_v_1_5/test/nature/ILSVRC2012_val_00001533.JPEG
1,SD1.5_first,27,GenImage_test/stable_diffusion_v_1_5/test/nature/ILSVRC2012_val_00026836.JPEG
1,SD1.5_first,28,GenImage_test/stable_diffusion_v_1_5/test/nature/ILSVRC2012_val_00023628.JPEG
1,SD1.5_first,29,GenImage_test/stable_diffusion_v_1_5/test/ai/532_sdv5_00100.png
1,SD1.5_first,30,GenImage_test/stable_diffusion_v_1_5/test/nature/ILSVRC2012_val_00048268.JPEG
1,SD1.5_first,31,GenImage_test/stable_diffusion_v_1_5/test/nature/ILSVRC2012_val_00017008.JPEG
2,SD1.5_first,32,GenImage_test/stable_diffusion_v_1_5/test/nature/ILSVRC2012_val_00001624.JPEG
2,SD1.5_first,33,GenImage_test/stable_diffusion_v_1_5/test/nature/ILSVRC2012_val_00038409.JPEG
2,SD1.5_first,34,GenImage_test/stable_diffusion_v_1_5/test/nature/ILSVRC2012_val_00017181.JPEG
2,SD1.5_first,35,GenImage_test/stable_diffusion_v_1_5/test/ai/161_sdv5_00100.png
2,SD1.5_first,36,GenImage_test/stable_diffusion_v_1_5/test/ai/097_sdv5_00009.png
2,SD1.5_first,37,GenImage_test/stable_diffusion_v_1_5/test/ai/136_sdv5_00195.png
2,SD1.5_first,38,GenImage_test/stable_diffusion_v_1_5/test/ai/658_sdv5_00135.png
2,SD1.5_first,39,GenImage_test/stable_diffusion_v_1_5/test/ai/230_sdv5_00100.png
2,SD1.5_first,40,GenImage_test/stable_diffusion_v_1_5/test/ai/647_sdv5_00135.png
2,SD1.5_first,41,GenImage_test/stable_diffusion_v_1_5/test/ai/132_sdv5_00003.png
2,SD1.5_first,42,GenImage_test/stable_diffusion_v_1_5/test/nature/ILSVRC2012_val_00033220.JPEG
2,SD1.5_first,43,GenImage_test/stable_diffusion_v_1_5/test/nature/ILSVRC2012_val_00026840.JPEG
2,SD1.5_first,44,GenImage_test/stable_diffusion_v_1_5/test/nature/ILSVRC2012_val_00025980.JPEG
2,SD1.5_first,45,GenImage_test/stable_diffusion_v_1_5/test/nature/ILSVRC2012_val_00041862.JPEG
2,SD1.5_first,46,GenImage_test/stable_diffusion_v_1_5/test/ai/990_sdv5_00003.png
2,SD1.5_first,47,GenImage_test/stable_diffusion_v_1_5/test/nature/ILSVRC2012_val_00046002.JPEG
3,SD1.5_first,48,GenImage_test/stable_diffusion_v_1_5/test/nature/ILSVRC2012_val_00039610.JPEG
3,SD1.5_first,49,GenImage_test/stable_diffusion_v_1_5/test/ai/957_sdv5_00027.png
3,SD1.5_first,50,GenImage_test/stable_diffusion_v_1_5/test/nature/ILSVRC2012_val_00049979.JPEG
3,SD1.5_first,51,GenImage_test/stable_diffusion_v_1_5/test/ai/346_sdv5_00039.png
3,SD1.5_first,52,GenImage_test/stable_diffusion_v_1_5/test/nature/ILSVRC2012_val_00013636.JPEG
3,SD1.5_first,53,GenImage_test/stable_diffusion_v_1_5/test/nature/ILSVRC2012_val_00017171.JPEG
3,SD1.5_first,54,GenImage_test/stable_diffusion_v_1_5/test/nature/ILSVRC2012_val_00032293.JPEG
3,SD1.5_first,55,GenImage_test/stable_diffusion_v_1_5/test/nature/ILSVRC2012_val_00019640.JPEG
3,SD1.5_first,56,GenImage_test/stable_diffusion_v_1_5/test/nature/ILSVRC2012_val_00005049.JPEG
3,SD1.5_first,57,GenImage_test/stable_diffusion_v_1_5/test/ai/679_sdv5_00009.png
3,SD1.5_first,58,GenImage_test/stable_diffusion_v_1_5/test/ai/589_sdv5_00100.png
3,SD1.5_first,59,GenImage_test/stable_diffusion_v_1_5/test/nature/ILSVRC2012_val_00012352.JPEG
3,SD1.5_first,60,GenImage_test/stable_diffusion_v_1_5/test/ai/910_sdv5_00135.png
3,SD1.5_first,61,GenImage_test/stable_diffusion_v_1_5/test/nature/ILSVRC2012_val_00023173.JPEG
3,SD1.5_first,62,GenImage_test/stable_diffusion_v_1_5/test/nature/ILSVRC2012_val_00031905.JPEG
3,SD1.5_first,63,GenImage_test/stable_diffusion_v_1_5/test/ai/695_sdv5_00135.png
4,SD1.5_first,64,GenImage_test/stable_diffusion_v_1_5/test/nature/ILSVRC2012_val_00034371.JPEG
4,SD1.5_first,65,GenImage_test/stable_diffusion_v_1_5/test/ai/752_sdv5_00003.png
4,SD1.5_first,66,GenImage_test/stable_diffusion_v_1_5/test/ai/762_sdv5_00020.png
4,SD1.5_first,67,GenImage_test/stable_diffusion_v_1_5/test/nature/ILSVRC2012_val_00015177.JPEG
4,SD1.5_first,68,GenImage_test/stable_diffusion_v_1_5/test/nature/ILSVRC2012_val_00004659.JPEG
4,SD1.5_first,69,GenImage_test/stable_diffusion_v_1_5/test/nature/ILSVRC2012_val_00032807.JPEG
4,SD1.5_first,70,GenImage_test/stable_diffusion_v_1_5/test/ai/849_sdv5_00020.png
4,SD1.5_first,71,GenImage_test/stable_diffusion_v_1_5/test/ai/364_sdv5_00135.png
4,SD1.5_first,72,GenImage_test/stable_diffusion_v_1_5/test/nature/ILSVRC2012_val_00012187.JPEG
4,SD1.5_first,73,GenImage_test/stable_diffusion_v_1_5/test/nature/ILSVRC2012_val_00005012.JPEG
4,SD1.5_first,74,GenImage_test/stable_diffusion_v_1_5/test/ai/809_sdv5_00003.png
4,SD1.5_first,75,GenImage_test/stable_diffusion_v_1_5/test/nature/ILSVRC2012_val_00013996.JPEG
4,SD1.5_first,76,GenImage_test/stable_diffusion_v_1_5/test/ai/758_sdv5_00100.png
4,SD1.5_first,77,GenImage_test/stable_diffusion_v_1_5/test/ai/064_sdv5_00020.png
4,SD1.5_first,78,GenImage_test/stable_diffusion_v_1_5/test/nature/ILSVRC2012_val_00039872.JPEG
4,SD1.5_first,79,GenImage_test/stable_diffusion_v_1_5/test/nature/ILSVRC2012_val_00007644.JPEG
5,SD1.5_first,80,GenImage_test/stable_diffusion_v_1_5/test/ai/711_sdv5_00027.png
5,SD1.5_first,81,GenImage_test/stable_diffusion_v_1_5/test/ai/643_sdv5_00195.png
5,SD1.5_first,82,GenImage_test/stable_diffusion_v_1_5/test/ai/469_sdv5_00020.png
5,SD1.5_first,83,GenImage_test/stable_diffusion_v_1_5/test/nature/ILSVRC2012_val_00016713.JPEG
5,SD1.5_first,84,GenImage_test/stable_diffusion_v_1_5/test/nature/ILSVRC2012_val_00030049.JPEG
5,SD1.5_first,85,GenImage_test/stable_diffusion_v_1_5/test/nature/ILSVRC2012_val_00007880.JPEG
5,SD1.5_first,86,GenImage_test/stable_diffusion_v_1_5/test/ai/061_sdv5_00027.png
5,SD1.5_first,87,GenImage_test/stable_diffusion_v_1_5/test/ai/340_sdv5_00100.png
5,SD1.5_first,88,GenImage_test/stable_diffusion_v_1_5/test/nature/ILSVRC2012_val_00046622.JPEG
5,SD1.5_first,89,GenImage_test/stable_diffusion_v_1_5/test/ai/454_sdv5_00003.png
5,SD1.5_first,90,GenImage_test/stable_diffusion_v_1_5/test/nature/ILSVRC2012_val_00045939.JPEG
5,SD1.5_first,91,GenImage_test/stable_diffusion_v_1_5/test/nature/ILSVRC2012_val_00040436.JPEG
5,SD1.5_first,92,GenImage_test/stable_diffusion_v_1_5/test/ai/472_sdv5_00020.png
5,SD1.5_first,93,GenImage_test/stable_diffusion_v_1_5/test/ai/598_sdv5_00020.png
5,SD1.5_first,94,GenImage_test/stable_diffusion_v_1_5/test/nature/ILSVRC2012_val_00010302.JPEG
5,SD1.5_first,95,GenImage_test/stable_diffusion_v_1_5/test/nature/ILSVRC2012_val_00045988.JPEG
6,SD1.5_first,96,GenImage_test/stable_diffusion_v_1_5/test/ai/994_sdv5_00003.png
6,SD1.5_first,97,GenImage_test/stable_diffusion_v_1_5/test/ai/405_sdv5_00003.png
6,SD1.5_first,98,GenImage_test/stable_diffusion_v_1_5/test/nature/ILSVRC2012_val_00034158.JPEG
6,SD1.5_first,99,GenImage_test/stable_diffusion_v_1_5/test/nature/ILSVRC2012_val_00042335.JPEG
6,SD1.5_first,100,GenImage_test/stable_diffusion_v_1_5/test/ai/917_sdv5_00027.png
6,SD1.5_first,101,GenImage_test/stable_diffusion_v_1_5/test/nature/ILSVRC2012_val_00049344.JPEG
6,SD1.5_first,102,GenImage_test/stable_diffusion_v_1_5/test/ai/408_sdv5_00003.png
6,SD1.5_first,103,GenImage_test/stable_diffusion_v_1_5/test/ai/689_sdv5_00039.png
6,SD1.5_first,104,GenImage_test/stable_diffusion_v_1_5/test/nature/ILSVRC2012_val_00048159.JPEG
6,SD1.5_first,105,GenImage_test/stable_diffusion_v_1_5/test/ai/653_sdv5_00195.png
6,SD1.5_first,106,GenImage_test/stable_diffusion_v_1_5/test/nature/ILSVRC2012_val_00004566.JPEG
6,SD1.5_first,107,GenImage_test/stable_diffusion_v_1_5/test/nature/ILSVRC2012_val_00007759.JPEG
6,SD1.5_first,108,GenImage_test/stable_diffusion_v_1_5/test/ai/229_sdv5_00039.png
6,SD1.5_first,109,GenImage_test/stable_diffusion_v_1_5/test/nature/ILSVRC2012_val_00006790.JPEG
6,SD1.5_first,110,GenImage_test/stable_diffusion_v_1_5/test/ai/120_sdv5_00020.png
6,SD1.5_first,111,GenImage_test/stable_diffusion_v_1_5/test/ai/104_sdv5_00039.png
7,SD1.5_first,112,GenImage_test/stable_diffusion_v_1_5/test/ai/656_sdv5_00100.png
7,SD1.5_first,113,GenImage_test/stable_diffusion_v_1_5/test/ai/575_sdv5_00039.png
7,SD1.5_first,114,GenImage_test/stable_diffusion_v_1_5/test/nature/ILSVRC2012_val_00046045.JPEG
7,SD1.5_first,115,GenImage_test/stable_diffusion_v_1_5/test/ai/736_sdv5_00009.png
7,SD1.5_first,116,GenImage_test/stable_diffusion_v_1_5/test/nature/ILSVRC2012_val_00015021.JPEG
7,SD1.5_first,117,GenImage_test/stable_diffusion_v_1_5/test/nature/ILSVRC2012_val_00005362.JPEG
7,SD1.5_first,118,GenImage_test/stable_diffusion_v_1_5/test/ai/385_sdv5_00195.png
7,SD1.5_first,119,GenImage_test/stable_diffusion_v_1_5/test/nature/ILSVRC2012_val_00038416.JPEG
7,SD1.5_first,120,GenImage_test/stable_diffusion_v_1_5/test/nature/ILSVRC2012_val_00022060.JPEG
7,SD1.5_first,121,GenImage_test/stable_diffusion_v_1_5/test/ai/325_sdv5_00009.png
7,SD1.5_first,122,GenImage_test/stable_diffusion_v_1_5/test/nature/ILSVRC2012_val_00001896.JPEG
7,SD1.5_first,123,GenImage_test/stable_diffusion_v_1_5/test/nature/ILSVRC2012_val_00045493.JPEG
7,SD1.5_first,124,GenImage_test/stable_diffusion_v_1_5/test/nature/ILSVRC2012_val_00035635.JPEG
7,SD1.5_first,125,GenImage_test/stable_diffusion_v_1_5/test/ai/259_sdv5_00009.png
7,SD1.5_first,126,GenImage_test/stable_diffusion_v_1_5/test/ai/223_sdv5_00100.png
7,SD1.5_first,127,GenImage_test/stable_diffusion_v_1_5/test/ai/515_sdv5_00027.png
8,SD1.5_first,128,GenImage_test/stable_diffusion_v_1_5/test/ai/266_sdv5_00003.png
8,SD1.5_first,129,GenImage_test/stable_diffusion_v_1_5/test/nature/ILSVRC2012_val_00018901.JPEG
8,SD1.5_first,130,GenImage_test/stable_diffusion_v_1_5/test/nature/ILSVRC2012_val_00047498.JPEG
8,SD1.5_first,131,GenImage_test/stable_diffusion_v_1_5/test/ai/952_sdv5_00039.png
8,SD1.5_first,132,GenImage_test/stable_diffusion_v_1_5/test/nature/ILSVRC2012_val_00028929.JPEG
8,SD1.5_first,133,GenImage_test/stable_diffusion_v_1_5/test/nature/ILSVRC2012_val_00015703.JPEG
8,SD1.5_first,134,GenImage_test/stable_diffusion_v_1_5/test/nature/ILSVRC2012_val_00039125.JPEG
8,SD1.5_first,135,GenImage_test/stable_diffusion_v_1_5/test/nature/ILSVRC2012_val_00042285.JPEG
8,SD1.5_first,136,GenImage_test/stable_diffusion_v_1_5/test/ai/598_sdv5_00027.png
8,SD1.5_first,137,GenImage_test/stable_diffusion_v_1_5/test/nature/ILSVRC2012_val_00022799.JPEG
8,SD1.5_first,138,GenImage_test/stable_diffusion_v_1_5/test/nature/ILSVRC2012_val_00022553.JPEG
8,SD1.5_first,139,GenImage_test/stable_diffusion_v_1_5/test/ai/803_sdv5_00020.png
8,SD1.5_first,140,GenImage_test/stable_diffusion_v_1_5/test/ai/073_sdv5_00195.png
8,SD1.5_first,141,GenImage_test/stable_diffusion_v_1_5/test/ai/377_sdv5_00195.png
8,SD1.5_first,142,GenImage_test/stable_diffusion_v_1_5/test/ai/797_sdv5_00003.png
8,SD1.5_first,143,GenImage_test/stable_diffusion_v_1_5/test/ai/380_sdv5_00100.png
9,SD1.5_first,144,GenImage_test/stable_diffusion_v_1_5/test/ai/462_sdv5_00100.png
9,SD1.5_first,145,GenImage_test/stable_diffusion_v_1_5/test/ai/064_sdv5_00135.png
9,SD1.5_first,146,GenImage_test/stable_diffusion_v_1_5/test/ai/997_sdv5_00100.png
9,SD1.5_first,147,GenImage_test/stable_diffusion_v_1_5/test/nature/ILSVRC2012_val_00043907.JPEG
9,SD1.5_first,148,GenImage_test/stable_diffusion_v_1_5/test/ai/504_sdv5_00027.png
9,SD1.5_first,149,GenImage_test/stable_diffusion_v_1_5/test/ai/705_sdv5_00135.png
9,SD1.5_first,150,GenImage_test/stable_diffusion_v_1_5/test/ai/801_sdv5_00135.png
9,SD1.5_first,151,GenImage_test/stable_diffusion_v_1_5/test/nature/ILSVRC2012_val_00001279.JPEG
9,SD1.5_first,152,GenImage_test/stable_diffusion_v_1_5/test/nature/ILSVRC2012_val_00044881.JPEG
9,SD1.5_first,153,GenImage_test/stable_diffusion_v_1_5/test/nature/ILSVRC2012_val_00013722.JPEG
9,SD1.5_first,154,GenImage_test/stable_diffusion_v_1_5/test/ai/270_sdv5_00003.png
9,SD1.5_first,155,GenImage_test/stable_diffusion_v_1_5/test/ai/203_sdv5_00027.png
9,SD1.5_first,156,GenImage_test/stable_diffusion_v_1_5/test/nature/ILSVRC2012_val_00001793.JPEG
9,SD1.5_first,157,GenImage_test/stable_diffusion_v_1_5/test/ai/478_sdv5_00039.png
9,SD1.5_first,158,GenImage_test/stable_diffusion_v_1_5/test/ai/247_sdv5_00100.png
9,SD1.5_first,159,GenImage_test/stable_diffusion_v_1_5/test/ai/388_sdv5_00039.png
10,SD1.5_first,160,GenImage_test/stable_diffusion_v_1_5/test/nature/ILSVRC2012_val_00004304.JPEG
10,SD1.5_first,161,GenImage_test/stable_diffusion_v_1_5/test/nature/ILSVRC2012_val_00009020.JPEG
10,SD1.5_first,162,GenImage_test/stable_diffusion_v_1_5/test/nature/ILSVRC2012_val_00032665.JPEG
10,SD1.5_first,163,GenImage_test/stable_diffusion_v_1_5/test/nature/ILSVRC2012_val_00046848.JPEG
10,SD1.5_first,164,GenImage_test/stable_diffusion_v_1_5/test/ai/488_sdv5_00100.png
10,SD1.5_first,165,GenImage_test/stable_diffusion_v_1_5/test/ai/441_sdv5_00195.png
10,SD1.5_first,166,GenImage_test/stable_diffusion_v_1_5/test/nature/ILSVRC2012_val_00047499.JPEG
10,SD1.5_first,167,GenImage_test/stable_diffusion_v_1_5/test/ai/435_sdv5_00027.png
10,SD1.5_first,168,GenImage_test/stable_diffusion_v_1_5/test/nature/ILSVRC2012_val_00036095.JPEG
10,SD1.5_first,169,GenImage_test/stable_diffusion_v_1_5/test/ai/989_sdv5_00135.png
10,SD1.5_first,170,GenImage_test/stable_diffusion_v_1_5/test/ai/956_sdv5_00135.png
10,SD1.5_first,171,GenImage_test/stable_diffusion_v_1_5/test/nature/ILSVRC2012_val_00046858.JPEG
10,SD1.5_first,172,GenImage_test/stable_diffusion_v_1_5/test/ai/707_sdv5_00039.png
10,SD1.5_first,173,GenImage_test/stable_diffusion_v_1_5/test/nature/ILSVRC2012_val_00019361.JPEG
10,SD1.5_first,174,GenImage_test/stable_diffusion_v_1_5/test/ai/118_sdv5_00195.png
10,SD1.5_first,175,GenImage_test/stable_diffusion_v_1_5/test/nature/ILSVRC2012_val_00025441.JPEG
11,SD1.5_first,176,GenImage_test/stable_diffusion_v_1_5/test/ai/346_sdv5_00020.png
11,SD1.5_first,177,GenImage_test/stable_diffusion_v_1_5/test/ai/571_sdv5_00027.png
11,SD1.5_first,178,GenImage_test/stable_diffusion_v_1_5/test/ai/736_sdv5_00195.png
11,SD1.5_first,179,GenImage_test/stable_diffusion_v_1_5/test/ai/836_sdv5_00009.png
11,SD1.5_first,180,GenImage_test/stable_diffusion_v_1_5/test/ai/308_sdv5_00020.png
11,SD1.5_first,181,GenImage_test/stable_diffusion_v_1_5/test/ai/452_sdv5_00027.png
11,SD1.5_first,182,GenImage_test/stable_diffusion_v_1_5/test/ai/419_sdv5_00020.png
11,SD1.5_first,183,GenImage_test/stable_diffusion_v_1_5/test/ai/830_sdv5_00039.png
11,SD1.5_first,184,GenImage_test/stable_diffusion_v_1_5/test/ai/455_sdv5_00039.png
11,SD1.5_first,185,GenImage_test/stable_diffusion_v_1_5/test/nature/ILSVRC2012_val_00025156.JPEG
11,SD1.5_first,186,GenImage_test/stable_diffusion_v_1_5/test/nature/ILSVRC2012_val_00027957.JPEG
11,SD1.5_first,187,GenImage_test/stable_diffusion_v_1_5/test/ai/143_sdv5_00020.png
11,SD1.5_first,188,GenImage_test/stable_diffusion_v_1_5/test/ai/719_sdv5_00020.png
11,SD1.5_first,189,GenImage_test/stable_diffusion_v_1_5/test/ai/709_sdv5_00135.png
11,SD1.5_first,190,GenImage_test/stable_diffusion_v_1_5/test/nature/ILSVRC2012_val_00010930.JPEG
11,SD1.5_first,191,GenImage_test/stable_diffusion_v_1_5/test/nature/ILSVRC2012_val_00008260.JPEG
12,SD1.5_first,192,GenImage_test/stable_diffusion_v_1_5/test/nature/ILSVRC2012_val_00020901.JPEG
12,SD1.5_first,193,GenImage_test/stable_diffusion_v_1_5/test/nature/ILSVRC2012_val_00022308.JPEG
12,SD1.5_first,194,GenImage_test/stable_diffusion_v_1_5/test/ai/658_sdv5_00195.png
12,SD1.5_first,195,GenImage_test/stable_diffusion_v_1_5/test/nature/ILSVRC2012_val_00043054.JPEG
12,SD1.5_first,196,GenImage_test/stable_diffusion_v_1_5/test/ai/391_sdv5_00039.png
12,SD1.5_first,197,GenImage_test/stable_diffusion_v_1_5/test/ai/926_sdv5_00027.png
12,SD1.5_first,198,GenImage_test/stable_diffusion_v_1_5/test/nature/ILSVRC2012_val_00024908.JPEG
12,SD1.5_first,199,GenImage_test/stable_diffusion_v_1_5/test/ai/459_sdv5_00027.png
12,SD1.5_first,200,GenImage_test/stable_diffusion_v_1_5/test/nature/ILSVRC2012_val_00009756.JPEG
12,SD1.5_first,201,GenImage_test/stable_diffusion_v_1_5/test/nature/ILSVRC2012_val_00000217.JPEG
12,SD1.5_first,202,GenImage_test/stable_diffusion_v_1_5/test/ai/557_sdv5_00039.png
12,SD1.5_first,203,GenImage_test/stable_diffusion_v_1_5/test/nature/ILSVRC2012_val_00034389.JPEG
12,SD1.5_first,204,GenImage_test/stable_diffusion_v_1_5/test/nature/ILSVRC2012_val_00001446.JPEG
12,SD1.5_first,205,GenImage_test/stable_diffusion_v_1_5/test/nature/ILSVRC2012_val_00019006.JPEG
12,SD1.5_first,206,GenImage_test/stable_diffusion_v_1_5/test/ai/142_sdv5_00020.png
12,SD1.5_first,207,GenImage_test/stable_diffusion_v_1_5/test/ai/568_sdv5_00020.png
13,SD1.5_first,208,GenImage_test/stable_diffusion_v_1_5/test/nature/ILSVRC2012_val_00025304.JPEG
13,SD1.5_first,209,GenImage_test/stable_diffusion_v_1_5/test/nature/ILSVRC2012_val_00018860.JPEG
13,SD1.5_first,210,GenImage_test/stable_diffusion_v_1_5/test/ai/068_sdv5_00039.png
13,SD1.5_first,211,GenImage_test/stable_diffusion_v_1_5/test/ai/606_sdv5_00009.png
13,SD1.5_first,212,GenImage_test/stable_diffusion_v_1_5/test/nature/ILSVRC2012_val_00021801.JPEG
13,SD1.5_first,213,GenImage_test/stable_diffusion_v_1_5/test/ai/703_sdv5_00027.png
13,SD1.5_first,214,GenImage_test/stable_diffusion_v_1_5/test/ai/068_sdv5_00135.png
13,SD1.5_first,215,GenImage_test/stable_diffusion_v_1_5/test/ai/079_sdv5_00003.png
13,SD1.5_first,216,GenImage_test/stable_diffusion_v_1_5/test/ai/429_sdv5_00027.png
13,SD1.5_first,217,GenImage_test/stable_diffusion_v_1_5/test/nature/ILSVRC2012_val_00021622.JPEG
13,SD1.5_first,218,GenImage_test/stable_diffusion_v_1_5/test/nature/ILSVRC2012_val_00032185.JPEG
13,SD1.5_first,219,GenImage_test/stable_diffusion_v_1_5/test/ai/544_sdv5_00195.png
13,SD1.5_first,220,GenImage_test/stable_diffusion_v_1_5/test/ai/332_sdv5_00135.png
13,SD1.5_first,221,GenImage_test/stable_diffusion_v_1_5/test/nature/ILSVRC2012_val_00035239.JPEG
13,SD1.5_first,222,GenImage_test/stable_diffusion_v_1_5/test/nature/ILSVRC2012_val_00009351.JPEG
13,SD1.5_first,223,GenImage_test/stable_diffusion_v_1_5/test/nature/ILSVRC2012_val_00019717.JPEG
14,SD1.5_first,224,GenImage_test/stable_diffusion_v_1_5/test/nature/ILSVRC2012_val_00006120.JPEG
14,SD1.5_first,225,GenImage_test/stable_diffusion_v_1_5/test/ai/697_sdv5_00009.png
14,SD1.5_first,226,GenImage_test/stable_diffusion_v_1_5/test/ai/095_sdv5_00003.png
14,SD1.5_first,227,GenImage_test/stable_diffusion_v_1_5/test/ai/513_sdv5_00009.png
14,SD1.5_first,228,GenImage_test/stable_diffusion_v_1_5/test/ai/651_sdv5_00027.png
14,SD1.5_first,229,GenImage_test/stable_diffusion_v_1_5/test/nature/ILSVRC2012_val_00014673.JPEG
14,SD1.5_first,230,GenImage_test/stable_diffusion_v_1_5/test/ai/034_sdv5_00135.png
14,SD1.5_first,231,GenImage_test/stable_diffusion_v_1_5/test/nature/ILSVRC2012_val_00001478.JPEG
14,SD1.5_first,232,GenImage_test/stable_diffusion_v_1_5/test/nature/ILSVRC2012_val_00046788.JPEG
14,SD1.5_first,233,GenImage_test/stable_diffusion_v_1_5/test/nature/ILSVRC2012_val_00000173.JPEG
14,SD1.5_first,234,GenImage_test/stable_diffusion_v_1_5/test/nature/ILSVRC2012_val_00046903.JPEG
14,SD1.5_first,235,GenImage_test/stable_diffusion_v_1_5/test/nature/ILSVRC2012_val_00010908.JPEG
14,SD1.5_first,236,GenImage_test/stable_diffusion_v_1_5/test/ai/411_sdv5_00009.png
14,SD1.5_first,237,GenImage_test/stable_diffusion_v_1_5/test/nature/ILSVRC2012_val_00045540.JPEG
14,SD1.5_first,238,GenImage_test/stable_diffusion_v_1_5/test/ai/112_sdv5_00100.png
14,SD1.5_first,239,GenImage_test/stable_diffusion_v_1_5/test/ai/975_sdv5_00195.png
15,SD1.5_first,240,GenImage_test/stable_diffusion_v_1_5/test/ai/044_sdv5_00020.png
15,SD1.5_first,241,GenImage_test/stable_diffusion_v_1_5/test/nature/ILSVRC2012_val_00044474.JPEG
15,SD1.5_first,242,GenImage_test/stable_diffusion_v_1_5/test/ai/149_sdv5_00020.png
15,SD1.5_first,243,GenImage_test/stable_diffusion_v_1_5/test/ai/945_sdv5_00027.png
15,SD1.5_first,244,GenImage_test/stable_diffusion_v_1_5/test/ai/330_sdv5_00195.png
15,SD1.5_first,245,GenImage_test/stable_diffusion_v_1_5/test/nature/ILSVRC2012_val_00021120.JPEG
15,SD1.5_first,246,GenImage_test/stable_diffusion_v_1_5/test/ai/401_sdv5_00009.png
15,SD1.5_first,247,GenImage_test/stable_diffusion_v_1_5/test/ai/195_sdv5_00020.png
15,SD1.5_first,248,GenImage_test/stable_diffusion_v_1_5/test/nature/ILSVRC2012_val_00022890.JPEG
15,SD1.5_first,249,GenImage_test/stable_diffusion_v_1_5/test/nature/ILSVRC2012_val_00018637.JPEG
15,SD1.5_first,250,GenImage_test/stable_diffusion_v_1_5/test/nature/ILSVRC2012_val_00007842.JPEG
15,SD1.5_first,251,GenImage_test/stable_diffusion_v_1_5/test/nature/ILSVRC2012_val_00004087.JPEG
15,SD1.5_first,252,GenImage_test/stable_diffusion_v_1_5/test/ai/930_sdv5_00020.png
15,SD1.5_first,253,GenImage_test/stable_diffusion_v_1_5/test/nature/ILSVRC2012_val_00018509.JPEG
15,SD1.5_first,254,GenImage_test/stable_diffusion_v_1_5/test/ai/422_sdv5_00135.png
15,SD1.5_first,255,GenImage_test/stable_diffusion_v_1_5/test/nature/ILSVRC2012_val_00047390.JPEG
16,SD1.5_first,256,GenImage_test/stable_diffusion_v_1_5/test/nature/ILSVRC2012_val_00017067.JPEG
16,SD1.5_first,257,GenImage_test/stable_diffusion_v_1_5/test/nature/ILSVRC2012_val_00022679.JPEG
16,SD1.5_first,258,GenImage_test/stable_diffusion_v_1_5/test/nature/ILSVRC2012_val_00026421.JPEG
16,SD1.5_first,259,GenImage_test/stable_diffusion_v_1_5/test/ai/958_sdv5_00100.png
16,SD1.5_first,260,GenImage_test/stable_diffusion_v_1_5/test/nature/ILSVRC2012_val_00031249.JPEG
16,SD1.5_first,261,GenImage_test/stable_diffusion_v_1_5/test/ai/267_sdv5_00027.png
16,SD1.5_first,262,GenImage_test/stable_diffusion_v_1_5/test/ai/597_sdv5_00009.png
16,SD1.5_first,263,GenImage_test/stable_diffusion_v_1_5/test/nature/ILSVRC2012_val_00002807.JPEG
16,SD1.5_first,264,GenImage_test/stable_diffusion_v_1_5/test/ai/391_sdv5_00195.png
16,SD1.5_first,265,GenImage_test/stable_diffusion_v_1_5/test/nature/ILSVRC2012_val_00010456.JPEG
16,SD1.5_first,266,GenImage_test/stable_diffusion_v_1_5/test/nature/ILSVRC2012_val_00043181.JPEG
16,SD1.5_first,267,GenImage_test/stable_diffusion_v_1_5/test/ai/892_sdv5_00100.png
16,SD1.5_first,268,GenImage_test/stable_diffusion_v_1_5/test/nature/ILSVRC2012_val_00001985.JPEG
16,SD1.5_first,269,GenImage_test/stable_diffusion_v_1_5/test/nature/ILSVRC2012_val_00036940.JPEG
16,SD1.5_first,270,GenImage_test/stable_diffusion_v_1_5/test/ai/431_sdv5_00003.png
16,SD1.5_first,271,GenImage_test/stable_diffusion_v_1_5/test/ai/270_sdv5_00009.png
17,SD1.5_first,272,GenImage_test/stable_diffusion_v_1_5/test/nature/ILSVRC2012_val_00002467.JPEG
17,SD1.5_first,273,GenImage_test/stable_diffusion_v_1_5/test/nature/ILSVRC2012_val_00023909.JPEG
17,SD1.5_first,274,GenImage_test/stable_diffusion_v_1_5/test/ai/286_sdv5_00100.png
17,SD1.5_first,275,GenImage_test/stable_diffusion_v_1_5/test/ai/892_sdv5_00195.png
17,SD1.5_first,276,GenImage_test/stable_diffusion_v_1_5/test/nature/ILSVRC2012_val_00021338.JPEG
17,SD1.5_first,277,GenImage_test/stable_diffusion_v_1_5/test/ai/122_sdv5_00195.png
17,SD1.5_first,278,GenImage_test/stable_diffusion_v_1_5/test/ai/604_sdv5_00027.png
17,SD1.5_first,279,GenImage_test/stable_diffusion_v_1_5/test/ai/884_sdv5_00195.png
17,SD1.5_first,280,GenImage_test/stable_diffusion_v_1_5/test/ai/795_sdv5_00039.png
17,SD1.5_first,281,GenImage_test/stable_diffusion_v_1_5/test/nature/ILSVRC2012_val_00048533.JPEG
17,SD1.5_first,282,GenImage_test/stable_diffusion_v_1_5/test/ai/003_sdv5_00100.png
17,SD1.5_first,283,GenImage_test/stable_diffusion_v_1_5/test/ai/658_sdv5_00100.png
17,SD1.5_first,284,GenImage_test/stable_diffusion_v_1_5/test/ai/488_sdv5_00003.png
17,SD1.5_first,285,GenImage_test/stable_diffusion_v_1_5/test/nature/ILSVRC2012_val_00030477.JPEG
17,SD1.5_first,286,GenImage_test/stable_diffusion_v_1_5/test/ai/065_sdv5_00039.png
17,SD1.5_first,287,GenImage_test/stable_diffusion_v_1_5/test/nature/ILSVRC2012_val_00023607.JPEG
18,SD1.5_first,288,GenImage_test/stable_diffusion_v_1_5/test/nature/ILSVRC2012_val_00025674.JPEG
18,SD1.5_first,289,GenImage_test/stable_diffusion_v_1_5/test/nature/ILSVRC2012_val_00047800.JPEG
18,SD1.5_first,290,GenImage_test/stable_diffusion_v_1_5/test/nature/ILSVRC2012_val_00026698.JPEG
18,SD1.5_first,291,GenImage_test/stable_diffusion_v_1_5/test/ai/643_sdv5_00135.png
18,SD1.5_first,292,GenImage_test/stable_diffusion_v_1_5/test/ai/412_sdv5_00003.png
18,SD1.5_first,293,GenImage_test/stable_diffusion_v_1_5/test/ai/458_sdv5_00009.png
18,SD1.5_first,294,GenImage_test/stable_diffusion_v_1_5/test/ai/335_sdv5_00039.png
18,SD1.5_first,295,GenImage_test/stable_diffusion_v_1_5/test/ai/178_sdv5_00039.png
18,SD1.5_first,296,GenImage_test/stable_diffusion_v_1_5/test/nature/ILSVRC2012_val_00043464.JPEG
18,SD1.5_first,297,GenImage_test/stable_diffusion_v_1_5/test/nature/ILSVRC2012_val_00012597.JPEG
18,SD1.5_first,298,GenImage_test/stable_diffusion_v_1_5/test/nature/ILSVRC2012_val_00006607.JPEG
18,SD1.5_first,299,GenImage_test/stable_diffusion_v_1_5/test/nature/ILSVRC2012_val_00004548.JPEG
18,SD1.5_first,300,GenImage_test/stable_diffusion_v_1_5/test/ai/102_sdv5_00027.png
18,SD1.5_first,301,GenImage_test/stable_diffusion_v_1_5/test/ai/657_sdv5_00020.png
18,SD1.5_first,302,GenImage_test/stable_diffusion_v_1_5/test/nature/ILSVRC2012_val_00023538.JPEG
18,SD1.5_first,303,GenImage_test/stable_diffusion_v_1_5/test/nature/ILSVRC2012_val_00018261.JPEG
19,SD1.5_first,304,GenImage_test/stable_diffusion_v_1_5/test/nature/ILSVRC2012_val_00047201.JPEG
19,SD1.5_first,305,GenImage_test/stable_diffusion_v_1_5/test/nature/ILSVRC2012_val_00043384.JPEG
19,SD1.5_first,306,GenImage_test/stable_diffusion_v_1_5/test/nature/ILSVRC2012_val_00043734.JPEG
19,SD1.5_first,307,GenImage_test/stable_diffusion_v_1_5/test/ai/044_sdv5_00027.png
19,SD1.5_first,308,GenImage_test/stable_diffusion_v_1_5/test/ai/170_sdv5_00020.png
19,SD1.5_first,309,GenImage_test/stable_diffusion_v_1_5/test/nature/ILSVRC2012_val_00001233.JPEG
19,SD1.5_first,310,GenImage_test/stable_diffusion_v_1_5/test/ai/145_sdv5_00027.png
19,SD1.5_first,311,GenImage_test/stable_diffusion_v_1_5/test/nature/ILSVRC2012_val_00032326.JPEG
19,SD1.5_first,312,GenImage_test/stable_diffusion_v_1_5/test/ai/314_sdv5_00135.png
19,SD1.5_first,313,GenImage_test/stable_diffusion_v_1_5/test/nature/ILSVRC2012_val_00016852.JPEG
19,SD1.5_first,314,GenImage_test/stable_diffusion_v_1_5/test/nature/ILSVRC2012_val_00018402.JPEG
19,SD1.5_first,315,GenImage_test/stable_diffusion_v_1_5/test/ai/952_sdv5_00195.png
19,SD1.5_first,316,GenImage_test/stable_diffusion_v_1_5/test/ai/883_sdv5_00009.png
19,SD1.5_first,317,GenImage_test/stable_diffusion_v_1_5/test/nature/ILSVRC2012_val_00048012.JPEG
19,SD1.5_first,318,GenImage_test/stable_diffusion_v_1_5/test/nature/ILSVRC2012_val_00032271.JPEG
19,SD1.5_first,319,GenImage_test/stable_diffusion_v_1_5/test/nature/ILSVRC2012_val_00037251.JPEG
20,SD1.5_first,320,GenImage_test/stable_diffusion_v_1_5/test/ai/580_sdv5_00039.png
20,SD1.5_first,321,GenImage_test/stable_diffusion_v_1_5/test/ai/724_sdv5_00009.png
20,SD1.5_first,322,GenImage_test/stable_diffusion_v_1_5/test/nature/ILSVRC2012_val_00048935.JPEG
20,SD1.5_first,323,GenImage_test/stable_diffusion_v_1_5/test/ai/167_sdv5_00039.png
20,SD1.5_first,324,GenImage_test/stable_diffusion_v_1_5/test/nature/ILSVRC2012_val_00011718.JPEG
20,SD1.5_first,325,GenImage_test/stable_diffusion_v_1_5/test/nature/ILSVRC2012_val_00009670.JPEG
20,SD1.5_first,326,GenImage_test/stable_diffusion_v_1_5/test/ai/823_sdv5_00195.png
20,SD1.5_first,327,GenImage_test/stable_diffusion_v_1_5/test/ai/381_sdv5_00009.png
20,SD1.5_first,328,GenImage_test/stable_diffusion_v_1_5/test/nature/ILSVRC2012_val_00012202.JPEG
20,SD1.5_first,329,GenImage_test/stable_diffusion_v_1_5/test/ai/415_sdv5_00027.png
20,SD1.5_first,330,GenImage_test/stable_diffusion_v_1_5/test/ai/167_sdv5_00009.png
20,SD1.5_first,331,GenImage_test/stable_diffusion_v_1_5/test/nature/ILSVRC2012_val_00029334.JPEG
20,SD1.5_first,332,GenImage_test/stable_diffusion_v_1_5/test/ai/393_sdv5_00135.png
20,SD1.5_first,333,GenImage_test/stable_diffusion_v_1_5/test/nature/ILSVRC2012_val_00035334.JPEG
20,SD1.5_first,334,GenImage_test/stable_diffusion_v_1_5/test/ai/483_sdv5_00020.png
20,SD1.5_first,335,GenImage_test/stable_diffusion_v_1_5/test/nature/ILSVRC2012_val_00003921.JPEG
21,SD1.5_first,336,GenImage_test/stable_diffusion_v_1_5/test/nature/ILSVRC2012_val_00027019.JPEG
21,SD1.5_first,337,GenImage_test/stable_diffusion_v_1_5/test/nature/ILSVRC2012_val_00004263.JPEG
21,SD1.5_first,338,GenImage_test/stable_diffusion_v_1_5/test/ai/209_sdv5_00027.png
21,SD1.5_first,339,GenImage_test/stable_diffusion_v_1_5/test/ai/989_sdv5_00100.png
21,SD1.5_first,340,GenImage_test/stable_diffusion_v_1_5/test/nature/ILSVRC2012_val_00047767.JPEG
21,SD1.5_first,341,GenImage_test/stable_diffusion_v_1_5/test/nature/ILSVRC2012_val_00039889.JPEG
21,SD1.5_first,342,GenImage_test/stable_diffusion_v_1_5/test/nature/ILSVRC2012_val_00009415.JPEG
21,SD1.5_first,343,GenImage_test/stable_diffusion_v_1_5/test/ai/466_sdv5_00003.png
21,SD1.5_first,344,GenImage_test/stable_diffusion_v_1_5/test/ai/212_sdv5_00100.png
21,SD1.5_first,345,GenImage_test/stable_diffusion_v_1_5/test/ai/606_sdv5_00039.png
21,SD1.5_first,346,GenImage_test/stable_diffusion_v_1_5/test/ai/341_sdv5_00100.png
21,SD1.5_first,347,GenImage_test/stable_diffusion_v_1_5/test/nature/ILSVRC2012_val_00041598.JPEG
21,SD1.5_first,348,GenImage_test/stable_diffusion_v_1_5/test/nature/ILSVRC2012_val_00043702.JPEG
21,SD1.5_first,349,GenImage_test/stable_diffusion_v_1_5/test/ai/698_sdv5_00027.png
21,SD1.5_first,350,GenImage_test/stable_diffusion_v_1_5/test/ai/572_sdv5_00195.png
21,SD1.5_first,351,GenImage_test/stable_diffusion_v_1_5/test/ai/501_sdv5_00009.png
22,SD1.5_first,352,GenImage_test/stable_diffusion_v_1_5/test/nature/ILSVRC2012_val_00015283.JPEG
22,SD1.5_first,353,GenImage_test/stable_diffusion_v_1_5/test/nature/ILSVRC2012_val_00027745.JPEG
22,SD1.5_first,354,GenImage_test/stable_diffusion_v_1_5/test/nature/ILSVRC2012_val_00018785.JPEG
22,SD1.5_first,355,GenImage_test/stable_diffusion_v_1_5/test/nature/ILSVRC2012_val_00004757.JPEG
22,SD1.5_first,356,GenImage_test/stable_diffusion_v_1_5/test/ai/939_sdv5_00039.png
22,SD1.5_first,357,GenImage_test/stable_diffusion_v_1_5/test/nature/ILSVRC2012_val_00038401.JPEG
22,SD1.5_first,358,GenImage_test/stable_diffusion_v_1_5/test/ai/839_sdv5_00100.png
22,SD1.5_first,359,GenImage_test/stable_diffusion_v_1_5/test/nature/ILSVRC2012_val_00032811.JPEG
22,SD1.5_first,360,GenImage_test/stable_diffusion_v_1_5/test/nature/ILSVRC2012_val_00033058.JPEG
22,SD1.5_first,361,GenImage_test/stable_diffusion_v_1_5/test/ai/133_sdv5_00020.png
22,SD1.5_first,362,GenImage_test/stable_diffusion_v_1_5/test/ai/534_sdv5_00009.png
22,SD1.5_first,363,GenImage_test/stable_diffusion_v_1_5/test/ai/022_sdv5_00009.png
22,SD1.5_first,364,GenImage_test/stable_diffusion_v_1_5/test/nature/ILSVRC2012_val_00002077.JPEG
22,SD1.5_first,365,GenImage_test/stable_diffusion_v_1_5/test/ai/529_sdv5_00039.png
22,SD1.5_first,366,GenImage_test/stable_diffusion_v_1_5/test/nature/ILSVRC2012_val_00028191.JPEG
22,SD1.5_first,367,GenImage_test/stable_diffusion_v_1_5/test/ai/317_sdv5_00100.png
23,SD1.5_first,368,GenImage_test/stable_diffusion_v_1_5/test/ai/242_sdv5_00009.png
23,SD1.5_first,369,GenImage_test/stable_diffusion_v_1_5/test/ai/741_sdv5_00135.png
23,SD1.5_first,370,GenImage_test/stable_diffusion_v_1_5/test/nature/ILSVRC2012_val_00027243.JPEG
23,SD1.5_first,371,GenImage_test/stable_diffusion_v_1_5/test/ai/324_sdv5_00195.png
23,SD1.5_first,372,GenImage_test/stable_diffusion_v_1_5/test/ai/350_sdv5_00039.png
23,SD1.5_first,373,GenImage_test/stable_diffusion_v_1_5/test/ai/938_sdv5_00003.png
23,SD1.5_first,374,GenImage_test/stable_diffusion_v_1_5/test/nature/ILSVRC2012_val_00048763.JPEG
23,SD1.5_first,375,GenImage_test/stable_diffusion_v_1_5/test/nature/ILSVRC2012_val_00003676.JPEG
23,SD1.5_first,376,GenImage_test/stable_diffusion_v_1_5/test/ai/053_sdv5_00003.png
23,SD1.5_first,377,GenImage_test/stable_diffusion_v_1_5/test/nature/ILSVRC2012_val_00024371.JPEG
23,SD1.5_first,378,GenImage_test/stable_diffusion_v_1_5/test/ai/681_sdv5_00195.png
23,SD1.5_first,379,GenImage_test/stable_diffusion_v_1_5/test/nature/ILSVRC2012_val_00039662.JPEG
23,SD1.5_first,380,GenImage_test/stable_diffusion_v_1_5/test/ai/099_sdv5_00135.png
23,SD1.5_first,381,GenImage_test/stable_diffusion_v_1_5/test/nature/ILSVRC2012_val_00023652.JPEG
23,SD1.5_first,382,GenImage_test/stable_diffusion_v_1_5/test/ai/739_sdv5_00135.png
23,SD1.5_first,383,GenImage_test/stable_diffusion_v_1_5/test/ai/066_sdv5_00020.png
24,SD1.5_first,384,GenImage_test/stable_diffusion_v_1_5/test/ai/174_sdv5_00100.png
24,SD1.5_first,385,GenImage_test/stable_diffusion_v_1_5/test/nature/ILSVRC2012_val_00034111.JPEG
24,SD1.5_first,386,GenImage_test/stable_diffusion_v_1_5/test/ai/835_sdv5_00100.png
24,SD1.5_first,387,GenImage_test/stable_diffusion_v_1_5/test/nature/ILSVRC2012_val_00021189.JPEG
24,SD1.5_first,388,GenImage_test/stable_diffusion_v_1_5/test/ai/732_sdv5_00100.png
24,SD1.5_first,389,GenImage_test/stable_diffusion_v_1_5/test/ai/880_sdv5_00009.png
24,SD1.5_first,390,GenImage_test/stable_diffusion_v_1_5/test/nature/ILSVRC2012_val_00022978.JPEG
24,SD1.5_first,391,GenImage_test/stable_diffusion_v_1_5/test/ai/869_sdv5_00003.png
24,SD1.5_first,392,GenImage_test/stable_diffusion_v_1_5/test/nature/ILSVRC2012_val_00009302.JPEG
24,SD1.5_first,393,GenImage_test/stable_diffusion_v_1_5/test/ai/193_sdv5_00100.png
24,SD1.5_first,394,GenImage_test/stable_diffusion_v_1_5/test/nature/ILSVRC2012_val_00028055.JPEG
24,SD1.5_first,395,GenImage_test/stable_diffusion_v_1_5/test/ai/804_sdv5_00003.png
24,SD1.5_first,396,GenImage_test/stable_diffusion_v_1_5/test/ai/601_sdv5_00195.png
24,SD1.5_first,397,GenImage_test/stable_diffusion_v_1_5/test/nature/ILSVRC2012_val_00039476.JPEG
24,SD1.5_first,398,GenImage_test/stable_diffusion_v_1_5/test/nature/ILSVRC2012_val_00011825.JPEG
24,SD1.5_first,399,GenImage_test/stable_diffusion_v_1_5/test/ai/489_sdv5_00135.png
25,SD1.5_first,400,GenImage_test/stable_diffusion_v_1_5/test/nature/ILSVRC2012_val_00045399.JPEG
25,SD1.5_first,401,GenImage_test/stable_diffusion_v_1_5/test/ai/046_sdv5_00009.png
25,SD1.5_first,402,GenImage_test/stable_diffusion_v_1_5/test/ai/243_sdv5_00020.png
25,SD1.5_first,403,GenImage_test/stable_diffusion_v_1_5/test/nature/ILSVRC2012_val_00024274.JPEG
25,SD1.5_first,404,GenImage_test/stable_diffusion_v_1_5/test/ai/572_sdv5_00135.png
25,SD1.5_first,405,GenImage_test/stable_diffusion_v_1_5/test/nature/ILSVRC2012_val_00010964.JPEG
25,SD1.5_first,406,GenImage_test/stable_diffusion_v_1_5/test/ai/857_sdv5_00020.png
25,SD1.5_first,407,GenImage_test/stable_diffusion_v_1_5/test/ai/382_sdv5_00027.png
25,SD1.5_first,408,GenImage_test/stable_diffusion_v_1_5/test/ai/184_sdv5_00135.png
25,SD1.5_first,409,GenImage_test/stable_diffusion_v_1_5/test/ai/151_sdv5_00020.png
25,SD1.5_first,410,GenImage_test/stable_diffusion_v_1_5/test/ai/670_sdv5_00027.png
25,SD1.5_first,411,GenImage_test/stable_diffusion_v_1_5/test/ai/636_sdv5_00195.png
25,SD1.5_first,412,GenImage_test/stable_diffusion_v_1_5/test/nature/ILSVRC2012_val_00016896.JPEG
25,SD1.5_first,413,GenImage_test/stable_diffusion_v_1_5/test/nature/ILSVRC2012_val_00024712.JPEG
25,SD1.5_first,414,GenImage_test/stable_diffusion_v_1_5/test/nature/ILSVRC2012_val_00026529.JPEG
25,SD1.5_first,415,GenImage_test/stable_diffusion_v_1_5/test/nature/ILSVRC2012_val_00008694.JPEG
26,SD1.5_first,416,GenImage_test/stable_diffusion_v_1_5/test/ai/227_sdv5_00039.png
26,SD1.5_first,417,GenImage_test/stable_diffusion_v_1_5/test/ai/744_sdv5_00003.png
26,SD1.5_first,418,GenImage_test/stable_diffusion_v_1_5/test/ai/234_sdv5_00135.png
26,SD1.5_first,419,GenImage_test/stable_diffusion_v_1_5/test/ai/392_sdv5_00020.png
26,SD1.5_first,420,GenImage_test/stable_diffusion_v_1_5/test/ai/012_sdv5_00020.png
26,SD1.5_first,421,GenImage_test/stable_diffusion_v_1_5/test/nature/ILSVRC2012_val_00032362.JPEG
26,SD1.5_first,422,GenImage_test/stable_diffusion_v_1_5/test/nature/ILSVRC2012_val_00034534.JPEG
26,SD1.5_first,423,GenImage_test/stable_diffusion_v_1_5/test/nature/ILSVRC2012_val_00047357.JPEG
26,SD1.5_first,424,GenImage_test/stable_diffusion_v_1_5/test/ai/666_sdv5_00135.png
26,SD1.5_first,425,GenImage_test/stable_diffusion_v_1_5/test/nature/ILSVRC2012_val_00031515.JPEG
26,SD1.5_first,426,GenImage_test/stable_diffusion_v_1_5/test/ai/560_sdv5_00009.png
26,SD1.5_first,427,GenImage_test/stable_diffusion_v_1_5/test/ai/190_sdv5_00039.png
26,SD1.5_first,428,GenImage_test/stable_diffusion_v_1_5/test/ai/480_sdv5_00003.png
26,SD1.5_first,429,GenImage_test/stable_diffusion_v_1_5/test/ai/211_sdv5_00020.png
26,SD1.5_first,430,GenImage_test/stable_diffusion_v_1_5/test/nature/ILSVRC2012_val_00016041.JPEG
26,SD1.5_first,431,GenImage_test/stable_diffusion_v_1_5/test/ai/245_sdv5_00039.png
27,SD1.5_first,432,GenImage_test/stable_diffusion_v_1_5/test/ai/596_sdv5_00039.png
27,SD1.5_first,433,GenImage_test/stable_diffusion_v_1_5/test/nature/ILSVRC2012_val_00002748.JPEG
27,SD1.5_first,434,GenImage_test/stable_diffusion_v_1_5/test/nature/ILSVRC2012_val_00015762.JPEG
27,SD1.5_first,435,GenImage_test/stable_diffusion_v_1_5/test/nature/ILSVRC2012_val_00004935.JPEG
27,SD1.5_first,436,GenImage_test/stable_diffusion_v_1_5/test/nature/ILSVRC2012_val_00031211.JPEG
27,SD1.5_first,437,GenImage_test/stable_diffusion_v_1_5/test/nature/ILSVRC2012_val_00034193.JPEG
27,SD1.5_first,438,GenImage_test/stable_diffusion_v_1_5/test/nature/ILSVRC2012_val_00009231.JPEG
27,SD1.5_first,439,GenImage_test/stable_diffusion_v_1_5/test/nature/ILSVRC2012_val_00040406.JPEG
27,SD1.5_first,440,GenImage_test/stable_diffusion_v_1_5/test/nature/ILSVRC2012_val_00014994.JPEG
27,SD1.5_first,441,GenImage_test/stable_diffusion_v_1_5/test/nature/ILSVRC2012_val_00013624.JPEG
27,SD1.5_first,442,GenImage_test/stable_diffusion_v_1_5/test/nature/ILSVRC2012_val_00002583.JPEG
27,SD1.5_first,443,GenImage_test/stable_diffusion_v_1_5/test/nature/ILSVRC2012_val_00037474.JPEG
27,SD1.5_first,444,GenImage_test/stable_diffusion_v_1_5/test/nature/ILSVRC2012_val_00029718.JPEG
27,SD1.5_first,445,GenImage_test/stable_diffusion_v_1_5/test/nature/ILSVRC2012_val_00012855.JPEG
27,SD1.5_first,446,GenImage_test/stable_diffusion_v_1_5/test/nature/ILSVRC2012_val_00019328.JPEG
27,SD1.5_first,447,GenImage_test/stable_diffusion_v_1_5/test/nature/ILSVRC2012_val_00042456.JPEG
28,BigGAN,448,GenImage_test/BigGAN/test/nature/ILSVRC2012_val_00045431.JPEG
28,BigGAN,449,GenImage_test/BigGAN/test/nature/ILSVRC2012_val_00001857.JPEG
28,BigGAN,450,GenImage_test/BigGAN/test/nature/ILSVRC2012_val_00008461.JPEG
28,BigGAN,451,GenImage_test/BigGAN/test/nature/ILSVRC2012_val_00006839.JPEG
28,BigGAN,452,GenImage_test/BigGAN/test/nature/ILSVRC2012_val_00035143.JPEG
28,BigGAN,453,GenImage_test/BigGAN/test/ai/389_biggan_00127.png
28,BigGAN,454,GenImage_test/BigGAN/test/ai/759_biggan_00143.png
28,BigGAN,455,GenImage_test/BigGAN/test/ai/661_biggan_00020.png
28,BigGAN,456,GenImage_test/BigGAN/test/ai/804_biggan_00035.png
28,BigGAN,457,GenImage_test/BigGAN/test/ai/135_biggan_00020.png
28,BigGAN,458,GenImage_test/BigGAN/test/nature/ILSVRC2012_val_00005842.JPEG
28,BigGAN,459,GenImage_test/BigGAN/test/nature/ILSVRC2012_val_00043589.JPEG
28,BigGAN,460,GenImage_test/BigGAN/test/ai/104_biggan_00127.png
28,BigGAN,461,GenImage_test/BigGAN/test/nature/ILSVRC2012_val_00008169.JPEG
28,BigGAN,462,GenImage_test/BigGAN/test/ai/988_biggan_00039.png
28,BigGAN,463,GenImage_test/BigGAN/test/nature/ILSVRC2012_val_00025798.JPEG
29,BigGAN,464,GenImage_test/BigGAN/test/nature/ILSVRC2012_val_00035069.JPEG
29,BigGAN,465,GenImage_test/BigGAN/test/ai/736_biggan_00143.png
29,BigGAN,466,GenImage_test/BigGAN/test/ai/608_biggan_00035.png
29,BigGAN,467,GenImage_test/BigGAN/test/ai/436_biggan_00074.png
29,BigGAN,468,GenImage_test/BigGAN/test/nature/ILSVRC2012_val_00016919.JPEG
29,BigGAN,469,GenImage_test/BigGAN/test/nature/ILSVRC2012_val_00039910.JPEG
29,BigGAN,470,GenImage_test/BigGAN/test/nature/ILSVRC2012_val_00028926.JPEG
29,BigGAN,471,GenImage_test/BigGAN/test/nature/ILSVRC2012_val_00013264.JPEG
29,BigGAN,472,GenImage_test/BigGAN/test/ai/747_biggan_00039.png
29,BigGAN,473,GenImage_test/BigGAN/test/ai/961_biggan_00074.png
29,BigGAN,474,GenImage_test/BigGAN/test/ai/272_biggan_00035.png
29,BigGAN,475,GenImage_test/BigGAN/test/ai/699_biggan_00127.png
29,BigGAN,476,GenImage_test/BigGAN/test/nature/ILSVRC2012_val_00032508.JPEG
29,BigGAN,477,GenImage_test/BigGAN/test/ai/958_biggan_00020.png
29,BigGAN,478,GenImage_test/BigGAN/test/ai/105_biggan_00074.png
29,BigGAN,479,GenImage_test/BigGAN/test/nature/ILSVRC2012_val_00031182.JPEG
30,BigGAN,480,GenImage_test/BigGAN/test/ai/803_biggan_00020.png
30,BigGAN,481,GenImage_test/BigGAN/test/nature/ILSVRC2012_val_00013129.JPEG
30,BigGAN,482,GenImage_test/BigGAN/test/ai/503_biggan_00035.png
30,BigGAN,483,GenImage_test/BigGAN/test/nature/ILSVRC2012_val_00043957.JPEG
30,BigGAN,484,GenImage_test/BigGAN/test/nature/ILSVRC2012_val_00024727.JPEG
30,BigGAN,485,GenImage_test/BigGAN/test/ai/025_biggan_00127.png
30,BigGAN,486,GenImage_test/BigGAN/test/nature/ILSVRC2012_val_00002424.JPEG
30,BigGAN,487,GenImage_test/BigGAN/test/nature/ILSVRC2012_val_00031406.JPEG
30,BigGAN,488,GenImage_test/BigGAN/test/ai/900_biggan_00020.png
30,BigGAN,489,GenImage_test/BigGAN/test/nature/ILSVRC2012_val_00031042.JPEG
30,BigGAN,490,GenImage_test/BigGAN/test/ai/103_biggan_00020.png
30,BigGAN,491,GenImage_test/BigGAN/test/nature/ILSVRC2012_val_00013021.JPEG
30,BigGAN,492,GenImage_test/BigGAN/test/ai/697_biggan_00035.png
30,BigGAN,493,GenImage_test/BigGAN/test/ai/970_biggan_00035.png
30,BigGAN,494,GenImage_test/BigGAN/test/nature/ILSVRC2012_val_00007097.JPEG
30,BigGAN,495,GenImage_test/BigGAN/test/ai/382_biggan_00074.png
31,BigGAN,496,GenImage_test/BigGAN/test/nature/ILSVRC2012_val_00040586.JPEG
31,BigGAN,497,GenImage_test/BigGAN/test/nature/ILSVRC2012_val_00003443.JPEG
31,BigGAN,498,GenImage_test/BigGAN/test/ai/213_biggan_00020.png
31,BigGAN,499,GenImage_test/BigGAN/test/ai/047_biggan_00039.png
31,BigGAN,500,GenImage_test/BigGAN/test/ai/126_biggan_00039.png
31,BigGAN,501,GenImage_test/BigGAN/test/ai/828_biggan_00143.png
31,BigGAN,502,GenImage_test/BigGAN/test/nature/ILSVRC2012_val_00036152.JPEG
31,BigGAN,503,GenImage_test/BigGAN/test/nature/ILSVRC2012_val_00022630.JPEG
31,BigGAN,504,GenImage_test/BigGAN/test/ai/915_biggan_00127.png
31,BigGAN,505,GenImage_test/BigGAN/test/nature/ILSVRC2012_val_00007182.JPEG
31,BigGAN,506,GenImage_test/BigGAN/test/ai/918_biggan_00039.png
31,BigGAN,507,GenImage_test/BigGAN/test/ai/439_biggan_00020.png
31,BigGAN,508,GenImage_test/BigGAN/test/nature/ILSVRC2012_val_00042206.JPEG
31,BigGAN,509,GenImage_test/BigGAN/test/nature/ILSVRC2012_val_00001633.JPEG
31,BigGAN,510,GenImage_test/BigGAN/test/nature/ILSVRC2012_val_00012411.JPEG
31,BigGAN,511,GenImage_test/BigGAN/test/ai/090_biggan_00127.png
32,BigGAN,512,GenImage_test/BigGAN/test/nature/ILSVRC2012_val_00041118.JPEG
32,BigGAN,513,GenImage_test/BigGAN/test/ai/366_biggan_00039.png
32,BigGAN,514,GenImage_test/BigGAN/test/ai/559_biggan_00035.png
32,BigGAN,515,GenImage_test/BigGAN/test/nature/ILSVRC2012_val_00032277.JPEG
32,BigGAN,516,GenImage_test/BigGAN/test/ai/249_biggan_00035.png
32,BigGAN,517,GenImage_test/BigGAN/test/ai/780_biggan_00143.png
32,BigGAN,518,GenImage_test/BigGAN/test/ai/791_biggan_00035.png
32,BigGAN,519,GenImage_test/BigGAN/test/nature/ILSVRC2012_val_00019782.JPEG
32,BigGAN,520,GenImage_test/BigGAN/test/ai/383_biggan_00127.png
32,BigGAN,521,GenImage_test/BigGAN/test/nature/ILSVRC2012_val_00033761.JPEG
32,BigGAN,522,GenImage_test/BigGAN/test/ai/922_biggan_00020.png
32,BigGAN,523,GenImage_test/BigGAN/test/nature/ILSVRC2012_val_00024907.JPEG
32,BigGAN,524,GenImage_test/BigGAN/test/nature/ILSVRC2012_val_00028341.JPEG
32,BigGAN,525,GenImage_test/BigGAN/test/nature/ILSVRC2012_val_00028227.JPEG
32,BigGAN,526,GenImage_test/BigGAN/test/ai/421_biggan_00143.png
32,BigGAN,527,GenImage_test/BigGAN/test/ai/220_biggan_00039.png
33,BigGAN,528,GenImage_test/BigGAN/test/nature/ILSVRC2012_val_00021309.JPEG
33,BigGAN,529,GenImage_test/BigGAN/test/ai/709_biggan_00039.png
33,BigGAN,530,GenImage_test/BigGAN/test/ai/101_biggan_00039.png
33,BigGAN,531,GenImage_test/BigGAN/test/nature/ILSVRC2012_val_00009699.JPEG
33,BigGAN,532,GenImage_test/BigGAN/test/ai/136_biggan_00127.png
33,BigGAN,533,GenImage_test/BigGAN/test/nature/ILSVRC2012_val_00017671.JPEG
33,BigGAN,534,GenImage_test/BigGAN/test/nature/ILSVRC2012_val_00018275.JPEG
33,BigGAN,535,GenImage_test/BigGAN/test/ai/532_biggan_00074.png
33,BigGAN,536,GenImage_test/BigGAN/test/nature/ILSVRC2012_val_00002952.JPEG
33,BigGAN,537,GenImage_test/BigGAN/test/nature/ILSVRC2012_val_00016064.JPEG
33,BigGAN,538,GenImage_test/BigGAN/test/ai/682_biggan_00127.png
33,BigGAN,539,GenImage_test/BigGAN/test/ai/191_biggan_00020.png
33,BigGAN,540,GenImage_test/BigGAN/test/ai/400_biggan_00127.png
33,BigGAN,541,GenImage_test/BigGAN/test/nature/ILSVRC2012_val_00019235.JPEG
33,BigGAN,542,GenImage_test/BigGAN/test/ai/582_biggan_00143.png
33,BigGAN,543,GenImage_test/BigGAN/test/ai/098_biggan_00039.png
34,BigGAN,544,GenImage_test/BigGAN/test/ai/648_biggan_00039.png
34,BigGAN,545,GenImage_test/BigGAN/test/nature/ILSVRC2012_val_00012112.JPEG
34,BigGAN,546,GenImage_test/BigGAN/test/nature/ILSVRC2012_val_00007530.JPEG
34,BigGAN,547,GenImage_test/BigGAN/test/nature/ILSVRC2012_val_00018747.JPEG
34,BigGAN,548,GenImage_test/BigGAN/test/nature/ILSVRC2012_val_00007433.JPEG
34,BigGAN,549,GenImage_test/BigGAN/test/ai/617_biggan_00074.png
34,BigGAN,550,GenImage_test/BigGAN/test/nature/ILSVRC2012_val_00003873.JPEG
34,BigGAN,551,GenImage_test/BigGAN/test/nature/ILSVRC2012_val_00010103.JPEG
34,BigGAN,552,GenImage_test/BigGAN/test/nature/ILSVRC2012_val_00005123.JPEG
34,BigGAN,553,GenImage_test/BigGAN/test/ai/101_biggan_00074.png
34,BigGAN,554,GenImage_test/BigGAN/test/ai/672_biggan_00143.png
34,BigGAN,555,GenImage_test/BigGAN/test/ai/719_biggan_00127.png
34,BigGAN,556,GenImage_test/BigGAN/test/ai/009_biggan_00035.png
34,BigGAN,557,GenImage_test/BigGAN/test/nature/ILSVRC2012_val_00023275.JPEG
34,BigGAN,558,GenImage_test/BigGAN/test/ai/816_biggan_00020.png
34,BigGAN,559,GenImage_test/BigGAN/test/ai/769_biggan_00143.png
35,BigGAN,560,GenImage_test/BigGAN/test/nature/ILSVRC2012_val_00012476.JPEG
35,BigGAN,561,GenImage_test/BigGAN/test/nature/ILSVRC2012_val_00023162.JPEG
35,BigGAN,562,GenImage_test/BigGAN/test/ai/302_biggan_00035.png
35,BigGAN,563,GenImage_test/BigGAN/test/ai/461_biggan_00127.png
35,BigGAN,564,GenImage_test/BigGAN/test/nature/ILSVRC2012_val_00044637.JPEG
35,BigGAN,565,GenImage_test/BigGAN/test/ai/227_biggan_00035.png
35,BigGAN,566,GenImage_test/BigGAN/test/ai/660_biggan_00127.png
35,BigGAN,567,GenImage_test/BigGAN/test/nature/ILSVRC2012_val_00022792.JPEG
35,BigGAN,568,GenImage_test/BigGAN/test/ai/161_biggan_00074.png
35,BigGAN,569,GenImage_test/BigGAN/test/ai/611_biggan_00127.png
35,BigGAN,570,GenImage_test/BigGAN/test/ai/371_biggan_00020.png
35,BigGAN,571,GenImage_test/BigGAN/test/ai/670_biggan_00074.png
35,BigGAN,572,GenImage_test/BigGAN/test/ai/749_biggan_00039.png
35,BigGAN,573,GenImage_test/BigGAN/test/ai/047_biggan_00127.png
35,BigGAN,574,GenImage_test/BigGAN/test/ai/200_biggan_00020.png
35,BigGAN,575,GenImage_test/BigGAN/test/nature/ILSVRC2012_val_00019678.JPEG
36,BigGAN,576,GenImage_test/BigGAN/test/nature/ILSVRC2012_val_00047683.JPEG
36,BigGAN,577,GenImage_test/BigGAN/test/ai/378_biggan_00127.png
36,BigGAN,578,GenImage_test/BigGAN/test/ai/424_biggan_00039.png
36,BigGAN,579,GenImage_test/BigGAN/test/ai/805_biggan_00039.png
36,BigGAN,580,GenImage_test/BigGAN/test/nature/ILSVRC2012_val_00027225.JPEG
36,BigGAN,581,GenImage_test/BigGAN/test/nature/ILSVRC2012_val_00011823.JPEG
36,BigGAN,582,GenImage_test/BigGAN/test/ai/026_biggan_00074.png
36,BigGAN,583,GenImage_test/BigGAN/test/nature/ILSVRC2012_val_00001582.JPEG
36,BigGAN,584,GenImage_test/BigGAN/test/nature/ILSVRC2012_val_00043711.JPEG
36,BigGAN,585,GenImage_test/BigGAN/test/nature/ILSVRC2012_val_00023393.JPEG
36,BigGAN,586,GenImage_test/BigGAN/test/ai/991_biggan_00143.png
36,BigGAN,587,GenImage_test/BigGAN/test/nature/ILSVRC2012_val_00012051.JPEG
36,BigGAN,588,GenImage_test/BigGAN/test/nature/ILSVRC2012_val_00011130.JPEG
36,BigGAN,589,GenImage_test/BigGAN/test/nature/ILSVRC2012_val_00026409.JPEG
36,BigGAN,590,GenImage_test/BigGAN/test/ai/534_biggan_00020.png
36,BigGAN,591,GenImage_test/BigGAN/test/nature/ILSVRC2012_val_00010609.JPEG
37,BigGAN,592,GenImage_test/BigGAN/test/nature/ILSVRC2012_val_00013926.JPEG
37,BigGAN,593,GenImage_test/BigGAN/test/ai/717_biggan_00143.png
37,BigGAN,594,GenImage_test/BigGAN/test/ai/873_biggan_00039.png
37,BigGAN,595,GenImage_test/BigGAN/test/nature/ILSVRC2012_val_00043337.JPEG
37,BigGAN,596,GenImage_test/BigGAN/test/nature/ILSVRC2012_val_00035023.JPEG
37,BigGAN,597,GenImage_test/BigGAN/test/ai/643_biggan_00074.png
37,BigGAN,598,GenImage_test/BigGAN/test/ai/671_biggan_00039.png
37,BigGAN,599,GenImage_test/BigGAN/test/ai/130_biggan_00127.png
37,BigGAN,600,GenImage_test/BigGAN/test/nature/ILSVRC2012_val_00012742.JPEG
37,BigGAN,601,GenImage_test/BigGAN/test/ai/390_biggan_00039.png
37,BigGAN,602,GenImage_test/BigGAN/test/ai/686_biggan_00039.png
37,BigGAN,603,GenImage_test/BigGAN/test/ai/170_biggan_00143.png
37,BigGAN,604,GenImage_test/BigGAN/test/ai/979_biggan_00127.png
37,BigGAN,605,GenImage_test/BigGAN/test/nature/ILSVRC2012_val_00031356.JPEG
37,BigGAN,606,GenImage_test/BigGAN/test/nature/ILSVRC2012_val_00011821.JPEG
37,BigGAN,607,GenImage_test/BigGAN/test/ai/916_biggan_00020.png
38,BigGAN,608,GenImage_test/BigGAN/test/nature/ILSVRC2012_val_00006979.JPEG
38,BigGAN,609,GenImage_test/BigGAN/test/nature/ILSVRC2012_val_00036084.JPEG
38,BigGAN,610,GenImage_test/BigGAN/test/nature/ILSVRC2012_val_00037209.JPEG
38,BigGAN,611,GenImage_test/BigGAN/test/nature/ILSVRC2012_val_00010932.JPEG
38,BigGAN,612,GenImage_test/BigGAN/test/nature/ILSVRC2012_val_00007294.JPEG
38,BigGAN,613,GenImage_test/BigGAN/test/nature/ILSVRC2012_val_00036178.JPEG
38,BigGAN,614,GenImage_test/BigGAN/test/nature/ILSVRC2012_val_00040742.JPEG
38,BigGAN,615,GenImage_test/BigGAN/test/ai/703_biggan_00127.png
38,BigGAN,616,GenImage_test/BigGAN/test/ai/079_biggan_00020.png
38,BigGAN,617,GenImage_test/BigGAN/test/nature/ILSVRC2012_val_00044815.JPEG
38,BigGAN,618,GenImage_test/BigGAN/test/ai/713_biggan_00020.png
38,BigGAN,619,GenImage_test/BigGAN/test/nature/ILSVRC2012_val_00030266.JPEG
38,BigGAN,620,GenImage_test/BigGAN/test/nature/ILSVRC2012_val_00033725.JPEG
38,BigGAN,621,GenImage_test/BigGAN/test/ai/391_biggan_00127.png
38,BigGAN,622,GenImage_test/BigGAN/test/nature/ILSVRC2012_val_00035209.JPEG
38,BigGAN,623,GenImage_test/BigGAN/test/ai/199_biggan_00020.png
39,BigGAN,624,GenImage_test/BigGAN/test/nature/ILSVRC2012_val_00014860.JPEG
39,BigGAN,625,GenImage_test/BigGAN/test/ai/883_biggan_00143.png
39,BigGAN,626,GenImage_test/BigGAN/test/nature/ILSVRC2012_val_00027894.JPEG
39,BigGAN,627,GenImage_test/BigGAN/test/ai/083_biggan_00127.png
39,BigGAN,628,GenImage_test/BigGAN/test/ai/706_biggan_00143.png
39,BigGAN,629,GenImage_test/BigGAN/test/nature/ILSVRC2012_val_00006663.JPEG
39,BigGAN,630,GenImage_test/BigGAN/test/ai/017_biggan_00127.png
39,BigGAN,631,GenImage_test/BigGAN/test/ai/300_biggan_00127.png
39,BigGAN,632,GenImage_test/BigGAN/test/ai/911_biggan_00039.png
39,BigGAN,633,GenImage_test/BigGAN/test/nature/ILSVRC2012_val_00007937.JPEG
39,BigGAN,634,GenImage_test/BigGAN/test/nature/ILSVRC2012_val_00020077.JPEG
39,BigGAN,635,GenImage_test/BigGAN/test/nature/ILSVRC2012_val_00003774.JPEG
39,BigGAN,636,GenImage_test/BigGAN/test/nature/ILSVRC2012_val_00033249.JPEG
39,BigGAN,637,GenImage_test/BigGAN/test/nature/ILSVRC2012_val_00016628.JPEG
39,BigGAN,638,GenImage_test/BigGAN/test/nature/ILSVRC2012_val_00039570.JPEG
39,BigGAN,639,GenImage_test/BigGAN/test/ai/075_biggan_00074.png
40,BigGAN,640,GenImage_test/BigGAN/test/ai/164_biggan_00039.png
40,BigGAN,641,GenImage_test/BigGAN/test/ai/645_biggan_00074.png
40,BigGAN,642,GenImage_test/BigGAN/test/nature/ILSVRC2012_val_00009517.JPEG
40,BigGAN,643,GenImage_test/BigGAN/test/nature/ILSVRC2012_val_00015351.JPEG
40,BigGAN,644,GenImage_test/BigGAN/test/nature/ILSVRC2012_val_00002440.JPEG
40,BigGAN,645,GenImage_test/BigGAN/test/nature/ILSVRC2012_val_00002103.JPEG
40,BigGAN,646,GenImage_test/BigGAN/test/nature/ILSVRC2012_val_00014907.JPEG
40,BigGAN,647,GenImage_test/BigGAN/test/nature/ILSVRC2012_val_00025414.JPEG
40,BigGAN,648,GenImage_test/BigGAN/test/nature/ILSVRC2012_val_00049508.JPEG
40,BigGAN,649,GenImage_test/BigGAN/test/nature/ILSVRC2012_val_00036628.JPEG
40,BigGAN,650,GenImage_test/BigGAN/test/ai/345_biggan_00127.png
40,BigGAN,651,GenImage_test/BigGAN/test/nature/ILSVRC2012_val_00048458.JPEG
40,BigGAN,652,GenImage_test/BigGAN/test/ai/503_biggan_00039.png
40,BigGAN,653,GenImage_test/BigGAN/test/ai/728_biggan_00020.png
40,BigGAN,654,GenImage_test/BigGAN/test/nature/ILSVRC2012_val_00009507.JPEG
40,BigGAN,655,GenImage_test/BigGAN/test/nature/ILSVRC2012_val_00047258.JPEG
41,BigGAN,656,GenImage_test/BigGAN/test/ai/655_biggan_00039.png
41,BigGAN,657,GenImage_test/BigGAN/test/nature/ILSVRC2012_val_00028903.JPEG
41,BigGAN,658,GenImage_test/BigGAN/test/ai/873_biggan_00035.png
41,BigGAN,659,GenImage_test/BigGAN/test/ai/840_biggan_00143.png
41,BigGAN,660,GenImage_test/BigGAN/test/ai/801_biggan_00020.png
41,BigGAN,661,GenImage_test/BigGAN/test/ai/083_biggan_00020.png
41,BigGAN,662,GenImage_test/BigGAN/test/ai/270_biggan_00143.png
41,BigGAN,663,GenImage_test/BigGAN/test/ai/146_biggan_00074.png
41,BigGAN,664,GenImage_test/BigGAN/test/ai/301_biggan_00143.png
41,BigGAN,665,GenImage_test/BigGAN/test/ai/027_biggan_00039.png
41,BigGAN,666,GenImage_test/BigGAN/test/ai/016_biggan_00035.png
41,BigGAN,667,GenImage_test/BigGAN/test/nature/ILSVRC2012_val_00035956.JPEG
41,BigGAN,668,GenImage_test/BigGAN/test/ai/655_biggan_00127.png
41,BigGAN,669,GenImage_test/BigGAN/test/nature/ILSVRC2012_val_00001516.JPEG
41,BigGAN,670,GenImage_test/BigGAN/test/ai/310_biggan_00074.png
41,BigGAN,671,GenImage_test/BigGAN/test/nature/ILSVRC2012_val_00041672.JPEG
42,BigGAN,672,GenImage_test/BigGAN/test/nature/ILSVRC2012_val_00001786.JPEG
42,BigGAN,673,GenImage_test/BigGAN/test/ai/296_biggan_00020.png
42,BigGAN,674,GenImage_test/BigGAN/test/nature/ILSVRC2012_val_00013273.JPEG
42,BigGAN,675,GenImage_test/BigGAN/test/nature/ILSVRC2012_val_00014124.JPEG
42,BigGAN,676,GenImage_test/BigGAN/test/ai/487_biggan_00035.png
42,BigGAN,677,GenImage_test/BigGAN/test/nature/ILSVRC2012_val_00042014.JPEG
42,BigGAN,678,GenImage_test/BigGAN/test/ai/179_biggan_00074.png
42,BigGAN,679,GenImage_test/BigGAN/test/nature/ILSVRC2012_val_00026692.JPEG
42,BigGAN,680,GenImage_test/BigGAN/test/ai/048_biggan_00074.png
42,BigGAN,681,GenImage_test/BigGAN/test/nature/ILSVRC2012_val_00043449.JPEG
42,BigGAN,682,GenImage_test/BigGAN/test/nature/ILSVRC2012_val_00015560.JPEG
42,BigGAN,683,GenImage_test/BigGAN/test/ai/545_biggan_00143.png
42,BigGAN,684,GenImage_test/BigGAN/test/nature/ILSVRC2012_val_00048419.JPEG
42,BigGAN,685,GenImage_test/BigGAN/test/ai/040_biggan_00074.png
42,BigGAN,686,GenImage_test/BigGAN/test/nature/ILSVRC2012_val_00004071.JPEG
42,BigGAN,687,GenImage_test/BigGAN/test/ai/815_biggan_00143.png
43,BigGAN,688,GenImage_test/BigGAN/test/ai/170_biggan_00020.png
43,BigGAN,689,GenImage_test/BigGAN/test/ai/363_biggan_00035.png
43,BigGAN,690,GenImage_test/BigGAN/test/nature/ILSVRC2012_val_00013631.JPEG
43,BigGAN,691,GenImage_test/BigGAN/test/ai/906_biggan_00039.png
43,BigGAN,692,GenImage_test/BigGAN/test/ai/461_biggan_00039.png
43,BigGAN,693,GenImage_test/BigGAN/test/ai/088_biggan_00127.png
43,BigGAN,694,GenImage_test/BigGAN/test/ai/953_biggan_00035.png
43,BigGAN,695,GenImage_test/BigGAN/test/ai/896_biggan_00143.png
43,BigGAN,696,GenImage_test/BigGAN/test/nature/ILSVRC2012_val_00039108.JPEG
43,BigGAN,697,GenImage_test/BigGAN/test/ai/533_biggan_00143.png
43,BigGAN,698,GenImage_test/BigGAN/test/ai/889_biggan_00020.png
43,BigGAN,699,GenImage_test/BigGAN/test/ai/291_biggan_00020.png
43,BigGAN,700,GenImage_test/BigGAN/test/nature/ILSVRC2012_val_00028921.JPEG
43,BigGAN,701,GenImage_test/BigGAN/test/nature/ILSVRC2012_val_00012987.JPEG
43,BigGAN,702,GenImage_test/BigGAN/test/nature/ILSVRC2012_val_00049236.JPEG
43,BigGAN,703,GenImage_test/BigGAN/test/ai/172_biggan_00039.png
44,BigGAN,704,GenImage_test/BigGAN/test/ai/851_biggan_00035.png
44,BigGAN,705,GenImage_test/BigGAN/test/ai/505_biggan_00020.png
44,BigGAN,706,GenImage_test/BigGAN/test/ai/246_biggan_00127.png
44,BigGAN,707,GenImage_test/BigGAN/test/ai/487_biggan_00020.png
44,BigGAN,708,GenImage_test/BigGAN/test/nature/ILSVRC2012_val_00048420.JPEG
44,BigGAN,709,GenImage_test/BigGAN/test/nature/ILSVRC2012_val_00044988.JPEG
44,BigGAN,710,GenImage_test/BigGAN/test/ai/889_biggan_00039.png
44,BigGAN,711,GenImage_test/BigGAN/test/ai/294_biggan_00074.png
44,BigGAN,712,GenImage_test/BigGAN/test/ai/452_biggan_00020.png
44,BigGAN,713,GenImage_test/BigGAN/test/ai/767_biggan_00074.png
44,BigGAN,714,GenImage_test/BigGAN/test/nature/ILSVRC2012_val_00038804.JPEG
44,BigGAN,715,GenImage_test/BigGAN/test/nature/ILSVRC2012_val_00010508.JPEG
44,BigGAN,716,GenImage_test/BigGAN/test/ai/099_biggan_00020.png
44,BigGAN,717,GenImage_test/BigGAN/test/nature/ILSVRC2012_val_00018753.JPEG
44,BigGAN,718,GenImage_test/BigGAN/test/ai/097_biggan_00127.png
44,BigGAN,719,GenImage_test/BigGAN/test/ai/517_biggan_00074.png
45,BigGAN,720,GenImage_test/BigGAN/test/nature/ILSVRC2012_val_00023416.JPEG
45,BigGAN,721,GenImage_test/BigGAN/test/ai/712_biggan_00035.png
45,BigGAN,722,GenImage_test/BigGAN/test/nature/ILSVRC2012_val_00019811.JPEG
45,BigGAN,723,GenImage_test/BigGAN/test/ai/484_biggan_00035.png
45,BigGAN,724,GenImage_test/BigGAN/test/ai/575_biggan_00020.png
45,BigGAN,725,GenImage_test/BigGAN/test/ai/195_biggan_00039.png
45,BigGAN,726,GenImage_test/BigGAN/test/ai/691_biggan_00035.png
45,BigGAN,727,GenImage_test/BigGAN/test/ai/899_biggan_00035.png
45,BigGAN,728,GenImage_test/BigGAN/test/nature/ILSVRC2012_val_00024718.JPEG
45,BigGAN,729,GenImage_test/BigGAN/test/ai/455_biggan_00143.png
45,BigGAN,730,GenImage_test/BigGAN/test/nature/ILSVRC2012_val_00033616.JPEG
45,BigGAN,731,GenImage_test/BigGAN/test/ai/310_biggan_00127.png
45,BigGAN,732,GenImage_test/BigGAN/test/nature/ILSVRC2012_val_00038178.JPEG
45,BigGAN,733,GenImage_test/BigGAN/test/nature/ILSVRC2012_val_00034516.JPEG
45,BigGAN,734,GenImage_test/BigGAN/test/nature/ILSVRC2012_val_00047064.JPEG
45,BigGAN,735,GenImage_test/BigGAN/test/ai/550_biggan_00035.png
46,BigGAN,736,GenImage_test/BigGAN/test/nature/ILSVRC2012_val_00021973.JPEG
46,BigGAN,737,GenImage_test/BigGAN/test/nature/ILSVRC2012_val_00032941.JPEG
46,BigGAN,738,GenImage_test/BigGAN/test/ai/324_biggan_00035.png
46,BigGAN,739,GenImage_test/BigGAN/test/nature/ILSVRC2012_val_00028485.JPEG
46,BigGAN,740,GenImage_test/BigGAN/test/ai/460_biggan_00039.png
46,BigGAN,741,GenImage_test/BigGAN/test/nature/ILSVRC2012_val_00012309.JPEG
46,BigGAN,742,GenImage_test/BigGAN/test/nature/ILSVRC2012_val_00043858.JPEG
46,BigGAN,743,GenImage_test/BigGAN/test/ai/858_biggan_00035.png
46,BigGAN,744,GenImage_test/BigGAN/test/ai/234_biggan_00143.png
46,BigGAN,745,GenImage_test/BigGAN/test/ai/675_biggan_00035.png
46,BigGAN,746,GenImage_test/BigGAN/test/ai/886_biggan_00074.png
46,BigGAN,747,GenImage_test/BigGAN/test/nature/ILSVRC2012_val_00004609.JPEG
46,BigGAN,748,GenImage_test/BigGAN/test/ai/731_biggan_00143.png
46,BigGAN,749,GenImage_test/BigGAN/test/nature/ILSVRC2012_val_00002046.JPEG
46,BigGAN,750,GenImage_test/BigGAN/test/nature/ILSVRC2012_val_00031655.JPEG
46,BigGAN,751,GenImage_test/BigGAN/test/ai/029_biggan_00020.png
47,BigGAN,752,GenImage_test/BigGAN/test/nature/ILSVRC2012_val_00048437.JPEG
47,BigGAN,753,GenImage_test/BigGAN/test/ai/658_biggan_00127.png
47,BigGAN,754,GenImage_test/BigGAN/test/nature/ILSVRC2012_val_00046582.JPEG
47,BigGAN,755,GenImage_test/BigGAN/test/nature/ILSVRC2012_val_00042992.JPEG
47,BigGAN,756,GenImage_test/BigGAN/test/ai/228_biggan_00035.png
47,BigGAN,757,GenImage_test/BigGAN/test/ai/687_biggan_00020.png
47,BigGAN,758,GenImage_test/BigGAN/test/nature/ILSVRC2012_val_00023646.JPEG
47,BigGAN,759,GenImage_test/BigGAN/test/nature/ILSVRC2012_val_00012141.JPEG
47,BigGAN,760,GenImage_test/BigGAN/test/nature/ILSVRC2012_val_00014819.JPEG
47,BigGAN,761,GenImage_test/BigGAN/test/ai/633_biggan_00035.png
47,BigGAN,762,GenImage_test/BigGAN/test/ai/577_biggan_00039.png
47,BigGAN,763,GenImage_test/BigGAN/test/ai/025_biggan_00039.png
47,BigGAN,764,GenImage_test/BigGAN/test/nature/ILSVRC2012_val_00023955.JPEG
47,BigGAN,765,GenImage_test/BigGAN/test/nature/ILSVRC2012_val_00020942.JPEG
47,BigGAN,766,GenImage_test/BigGAN/test/nature/ILSVRC2012_val_00043899.JPEG
47,BigGAN,767,GenImage_test/BigGAN/test/ai/826_biggan_00039.png
48,BigGAN,768,GenImage_test/BigGAN/test/nature/ILSVRC2012_val_00043119.JPEG
48,BigGAN,769,GenImage_test/BigGAN/test/ai/979_biggan_00143.png
48,BigGAN,770,GenImage_test/BigGAN/test/ai/043_biggan_00127.png
48,BigGAN,771,GenImage_test/BigGAN/test/ai/555_biggan_00039.png
48,BigGAN,772,GenImage_test/BigGAN/test/nature/ILSVRC2012_val_00039348.JPEG
48,BigGAN,773,GenImage_test/BigGAN/test/nature/ILSVRC2012_val_00027170.JPEG
48,BigGAN,774,GenImage_test/BigGAN/test/nature/ILSVRC2012_val_00020036.JPEG
48,BigGAN,775,GenImage_test/BigGAN/test/nature/ILSVRC2012_val_00025706.JPEG
48,BigGAN,776,GenImage_test/BigGAN/test/nature/ILSVRC2012_val_00041354.JPEG
48,BigGAN,777,GenImage_test/BigGAN/test/ai/300_biggan_00035.png
48,BigGAN,778,GenImage_test/BigGAN/test/nature/ILSVRC2012_val_00001105.JPEG
48,BigGAN,779,GenImage_test/BigGAN/test/nature/ILSVRC2012_val_00024361.JPEG
48,BigGAN,780,GenImage_test/BigGAN/test/nature/ILSVRC2012_val_00018303.JPEG
48,BigGAN,781,GenImage_test/BigGAN/test/ai/550_biggan_00143.png
48,BigGAN,782,GenImage_test/BigGAN/test/ai/096_biggan_00039.png
48,BigGAN,783,GenImage_test/BigGAN/test/nature/ILSVRC2012_val_00020504.JPEG
49,BigGAN,784,GenImage_test/BigGAN/test/ai/610_biggan_00074.png
49,BigGAN,785,GenImage_test/BigGAN/test/nature/ILSVRC2012_val_00026921.JPEG
49,BigGAN,786,GenImage_test/BigGAN/test/ai/048_biggan_00020.png
49,BigGAN,787,GenImage_test/BigGAN/test/ai/671_biggan_00074.png
49,BigGAN,788,GenImage_test/BigGAN/test/nature/ILSVRC2012_val_00014488.JPEG
49,BigGAN,789,GenImage_test/BigGAN/test/nature/ILSVRC2012_val_00048651.JPEG
49,BigGAN,790,GenImage_test/BigGAN/test/nature/ILSVRC2012_val_00023243.JPEG
49,BigGAN,791,GenImage_test/BigGAN/test/ai/933_biggan_00143.png
49,BigGAN,792,GenImage_test/BigGAN/test/ai/937_biggan_00020.png
49,BigGAN,793,GenImage_test/BigGAN/test/nature/ILSVRC2012_val_00005348.JPEG
49,BigGAN,794,GenImage_test/BigGAN/test/ai/547_biggan_00035.png
49,BigGAN,795,GenImage_test/BigGAN/test/ai/087_biggan_00127.png
49,BigGAN,796,GenImage_test/BigGAN/test/nature/ILSVRC2012_val_00028111.JPEG
49,BigGAN,797,GenImage_test/BigGAN/test/ai/793_biggan_00074.png
49,BigGAN,798,GenImage_test/BigGAN/test/ai/358_biggan_00074.png
49,BigGAN,799,GenImage_test/BigGAN/test/ai/262_biggan_00035.png
50,BigGAN,800,GenImage_test/BigGAN/test/ai/599_biggan_00127.png
50,BigGAN,801,GenImage_test/BigGAN/test/nature/ILSVRC2012_val_00014744.JPEG
50,BigGAN,802,GenImage_test/BigGAN/test/ai/801_biggan_00143.png
50,BigGAN,803,GenImage_test/BigGAN/test/ai/680_biggan_00143.png
50,BigGAN,804,GenImage_test/BigGAN/test/ai/800_biggan_00035.png
50,BigGAN,805,GenImage_test/BigGAN/test/nature/ILSVRC2012_val_00014192.JPEG
50,BigGAN,806,GenImage_test/BigGAN/test/ai/585_biggan_00143.png
50,BigGAN,807,GenImage_test/BigGAN/test/nature/ILSVRC2012_val_00018070.JPEG
50,BigGAN,808,GenImage_test/BigGAN/test/ai/975_biggan_00020.png
50,BigGAN,809,GenImage_test/BigGAN/test/nature/ILSVRC2012_val_00016958.JPEG
50,BigGAN,810,GenImage_test/BigGAN/test/nature/ILSVRC2012_val_00008926.JPEG
50,BigGAN,811,GenImage_test/BigGAN/test/ai/679_biggan_00020.png
50,BigGAN,812,GenImage_test/BigGAN/test/nature/ILSVRC2012_val_00022761.JPEG
50,BigGAN,813,GenImage_test/BigGAN/test/ai/147_biggan_00020.png
50,BigGAN,814,GenImage_test/BigGAN/test/nature/ILSVRC2012_val_00049471.JPEG
50,BigGAN,815,GenImage_test/BigGAN/test/ai/398_biggan_00074.png
51,BigGAN,816,GenImage_test/BigGAN/test/ai/825_biggan_00074.png
51,BigGAN,817,GenImage_test/BigGAN/test/nature/ILSVRC2012_val_00012026.JPEG
51,BigGAN,818,GenImage_test/BigGAN/test/ai/714_biggan_00020.png
51,BigGAN,819,GenImage_test/BigGAN/test/ai/193_biggan_00074.png
51,BigGAN,820,GenImage_test/BigGAN/test/nature/ILSVRC2012_val_00001910.JPEG
51,BigGAN,821,GenImage_test/BigGAN/test/nature/ILSVRC2012_val_00021935.JPEG
51,BigGAN,822,GenImage_test/BigGAN/test/ai/308_biggan_00035.png
51,BigGAN,823,GenImage_test/BigGAN/test/nature/ILSVRC2012_val_00016308.JPEG
51,BigGAN,824,GenImage_test/BigGAN/test/ai/735_biggan_00143.png
51,BigGAN,825,GenImage_test/BigGAN/test/nature/ILSVRC2012_val_00030091.JPEG
51,BigGAN,826,GenImage_test/BigGAN/test/nature/ILSVRC2012_val_00046875.JPEG
51,BigGAN,827,GenImage_test/BigGAN/test/nature/ILSVRC2012_val_00041287.JPEG
51,BigGAN,828,GenImage_test/BigGAN/test/ai/802_biggan_00020.png
51,BigGAN,829,GenImage_test/BigGAN/test/nature/ILSVRC2012_val_00038801.JPEG
51,BigGAN,830,GenImage_test/BigGAN/test/nature/ILSVRC2012_val_00033611.JPEG
51,BigGAN,831,GenImage_test/BigGAN/test/nature/ILSVRC2012_val_00002429.JPEG
52,BigGAN,832,GenImage_test/BigGAN/test/ai/651_biggan_00039.png
52,BigGAN,833,GenImage_test/BigGAN/test/nature/ILSVRC2012_val_00030777.JPEG
52,BigGAN,834,GenImage_test/BigGAN/test/nature/ILSVRC2012_val_00010397.JPEG
52,BigGAN,835,GenImage_test/BigGAN/test/ai/925_biggan_00035.png
52,BigGAN,836,GenImage_test/BigGAN/test/nature/ILSVRC2012_val_00018716.JPEG
52,BigGAN,837,GenImage_test/BigGAN/test/nature/ILSVRC2012_val_00007939.JPEG
52,BigGAN,838,GenImage_test/BigGAN/test/nature/ILSVRC2012_val_00012524.JPEG
52,BigGAN,839,GenImage_test/BigGAN/test/ai/801_biggan_00127.png
52,BigGAN,840,GenImage_test/BigGAN/test/ai/829_biggan_00020.png
52,BigGAN,841,GenImage_test/BigGAN/test/nature/ILSVRC2012_val_00046418.JPEG
52,BigGAN,842,GenImage_test/BigGAN/test/nature/ILSVRC2012_val_00020762.JPEG
52,BigGAN,843,GenImage_test/BigGAN/test/ai/337_biggan_00039.png
52,BigGAN,844,GenImage_test/BigGAN/test/nature/ILSVRC2012_val_00046529.JPEG
52,BigGAN,845,GenImage_test/BigGAN/test/ai/966_biggan_00074.png
52,BigGAN,846,GenImage_test/BigGAN/test/nature/ILSVRC2012_val_00009603.JPEG
52,BigGAN,847,GenImage_test/BigGAN/test/ai/136_biggan_00074.png
53,BigGAN,848,GenImage_test/BigGAN/test/ai/678_biggan_00143.png
53,BigGAN,849,GenImage_test/BigGAN/test/ai/375_biggan_00039.png
53,BigGAN,850,GenImage_test/BigGAN/test/nature/ILSVRC2012_val_00018143.JPEG
53,BigGAN,851,GenImage_test/BigGAN/test/ai/958_biggan_00074.png
53,BigGAN,852,GenImage_test/BigGAN/test/nature/ILSVRC2012_val_00030487.JPEG
53,BigGAN,853,GenImage_test/BigGAN/test/ai/740_biggan_00074.png
53,BigGAN,854,GenImage_test/BigGAN/test/ai/503_biggan_00127.png
53,BigGAN,855,GenImage_test/BigGAN/test/nature/ILSVRC2012_val_00025668.JPEG
53,BigGAN,856,GenImage_test/BigGAN/test/ai/340_biggan_00143.png
53,BigGAN,857,GenImage_test/BigGAN/test/ai/917_biggan_00127.png
53,BigGAN,858,GenImage_test/BigGAN/test/nature/ILSVRC2012_val_00011670.JPEG
53,BigGAN,859,GenImage_test/BigGAN/test/ai/339_biggan_00039.png
53,BigGAN,860,GenImage_test/BigGAN/test/nature/ILSVRC2012_val_00025417.JPEG
53,BigGAN,861,GenImage_test/BigGAN/test/ai/051_biggan_00020.png
53,BigGAN,862,GenImage_test/BigGAN/test/nature/ILSVRC2012_val_00005340.JPEG
53,BigGAN,863,GenImage_test/BigGAN/test/ai/370_biggan_00020.png
54,BigGAN,864,GenImage_test/BigGAN/test/ai/007_biggan_00127.png
54,BigGAN,865,GenImage_test/BigGAN/test/nature/ILSVRC2012_val_00048811.JPEG
54,BigGAN,866,GenImage_test/BigGAN/test/nature/ILSVRC2012_val_00009472.JPEG
54,BigGAN,867,GenImage_test/BigGAN/test/nature/ILSVRC2012_val_00003416.JPEG
54,BigGAN,868,GenImage_test/BigGAN/test/nature/ILSVRC2012_val_00019491.JPEG
54,BigGAN,869,GenImage_test/BigGAN/test/nature/ILSVRC2012_val_00014034.JPEG
54,BigGAN,870,GenImage_test/BigGAN/test/ai/337_biggan_00127.png
54,BigGAN,871,GenImage_test/BigGAN/test/nature/ILSVRC2012_val_00039173.JPEG
54,BigGAN,872,GenImage_test/BigGAN/test/nature/ILSVRC2012_val_00049843.JPEG
54,BigGAN,873,GenImage_test/BigGAN/test/ai/963_biggan_00143.png
54,BigGAN,874,GenImage_test/BigGAN/test/ai/468_biggan_00020.png
54,BigGAN,875,GenImage_test/BigGAN/test/ai/411_biggan_00020.png
54,BigGAN,876,GenImage_test/BigGAN/test/nature/ILSVRC2012_val_00018263.JPEG
54,BigGAN,877,GenImage_test/BigGAN/test/ai/947_biggan_00035.png
54,BigGAN,878,GenImage_test/BigGAN/test/ai/615_biggan_00035.png
54,BigGAN,879,GenImage_test/BigGAN/test/ai/788_biggan_00074.png
55,BigGAN,880,GenImage_test/BigGAN/test/nature/ILSVRC2012_val_00045732.JPEG
55,BigGAN,881,GenImage_test/BigGAN/test/nature/ILSVRC2012_val_00044008.JPEG
55,BigGAN,882,GenImage_test/BigGAN/test/ai/230_biggan_00127.png
55,BigGAN,883,GenImage_test/BigGAN/test/nature/ILSVRC2012_val_00024121.JPEG
55,BigGAN,884,GenImage_test/BigGAN/test/nature/ILSVRC2012_val_00043071.JPEG
55,BigGAN,885,GenImage_test/BigGAN/test/nature/ILSVRC2012_val_00002884.JPEG
55,BigGAN,886,GenImage_test/BigGAN/test/nature/ILSVRC2012_val_00042910.JPEG
55,BigGAN,887,GenImage_test/BigGAN/test/nature/ILSVRC2012_val_00043471.JPEG
55,BigGAN,888,GenImage_test/BigGAN/test/nature/ILSVRC2012_val_00043066.JPEG
55,BigGAN,889,GenImage_test/BigGAN/test/nature/ILSVRC2012_val_00011265.JPEG
55,BigGAN,890,GenImage_test/BigGAN/test/nature/ILSVRC2012_val_00015950.JPEG
55,BigGAN,891,GenImage_test/BigGAN/test/nature/ILSVRC2012_val_00016600.JPEG
55,BigGAN,892,GenImage_test/BigGAN/test/nature/ILSVRC2012_val_00006789.JPEG
55,BigGAN,893,GenImage_test/BigGAN/test/nature/ILSVRC2012_val_00021914.JPEG
55,BigGAN,894,GenImage_test/BigGAN/test/nature/ILSVRC2012_val_00024758.JPEG
55,BigGAN,895,GenImage_test/BigGAN/test/nature/ILSVRC2012_val_00004758.JPEG
56,ADM,896,GenImage_test/ADM/test/ai/867_adm_85.PNG
56,ADM,897,GenImage_test/ADM/test/nature/ILSVRC2012_val_00006178.JPEG
56,ADM,898,GenImage_test/ADM/test/nature/ILSVRC2012_val_00044857.JPEG
56,ADM,899,GenImage_test/ADM/test/ai/833_adm_7.PNG
56,ADM,900,GenImage_test/ADM/test/nature/ILSVRC2012_val_00046083.JPEG
56,ADM,901,GenImage_test/ADM/test/ai/70_adm_153.PNG
56,ADM,902,GenImage_test/ADM/test/ai/883_adm_7.PNG
56,ADM,903,GenImage_test/ADM/test/nature/ILSVRC2012_val_00022907.JPEG
56,ADM,904,GenImage_test/ADM/test/nature/ILSVRC2012_val_00031927.JPEG
56,ADM,905,GenImage_test/ADM/test/nature/ILSVRC2012_val_00000005.JPEG
56,ADM,906,GenImage_test/ADM/test/ai/747_adm_174.PNG
56,ADM,907,GenImage_test/ADM/test/nature/ILSVRC2012_val_00016695.JPEG
56,ADM,908,GenImage_test/ADM/test/ai/900_adm_85.PNG
56,ADM,909,GenImage_test/ADM/test/nature/ILSVRC2012_val_00034690.JPEG
56,ADM,910,GenImage_test/ADM/test/ai/266_adm_85.PNG
56,ADM,911,GenImage_test/ADM/test/nature/ILSVRC2012_val_00029152.JPEG
57,ADM,912,GenImage_test/ADM/test/ai/341_adm_34.PNG
57,ADM,913,GenImage_test/ADM/test/ai/379_adm_85.PNG
57,ADM,914,GenImage_test/ADM/test/nature/ILSVRC2012_val_00034829.JPEG
57,ADM,915,GenImage_test/ADM/test/ai/897_adm_174.PNG
57,ADM,916,GenImage_test/ADM/test/ai/798_adm_91.PNG
57,ADM,917,GenImage_test/ADM/test/nature/ILSVRC2012_val_00009460.JPEG
57,ADM,918,GenImage_test/ADM/test/ai/678_adm_34.PNG
57,ADM,919,GenImage_test/ADM/test/ai/799_adm_174.PNG
57,ADM,920,GenImage_test/ADM/test/ai/303_adm_85.PNG
57,ADM,921,GenImage_test/ADM/test/nature/ILSVRC2012_val_00014968.JPEG
57,ADM,922,GenImage_test/ADM/test/ai/959_adm_7.PNG
57,ADM,923,GenImage_test/ADM/test/nature/ILSVRC2012_val_00035107.JPEG
57,ADM,924,GenImage_test/ADM/test/ai/966_adm_174.PNG
57,ADM,925,GenImage_test/ADM/test/nature/ILSVRC2012_val_00046476.JPEG
57,ADM,926,GenImage_test/ADM/test/nature/ILSVRC2012_val_00032775.JPEG
57,ADM,927,GenImage_test/ADM/test/nature/ILSVRC2012_val_00038486.JPEG
58,ADM,928,GenImage_test/ADM/test/nature/ILSVRC2012_val_00043341.JPEG
58,ADM,929,GenImage_test/ADM/test/ai/902_adm_174.PNG
58,ADM,930,GenImage_test/ADM/test/ai/492_adm_174.PNG
58,ADM,931,GenImage_test/ADM/test/ai/370_adm_174.PNG
58,ADM,932,GenImage_test/ADM/test/ai/940_adm_34.PNG
58,ADM,933,GenImage_test/ADM/test/nature/ILSVRC2012_val_00010484.JPEG
58,ADM,934,GenImage_test/ADM/test/nature/ILSVRC2012_val_00014774.JPEG
58,ADM,935,GenImage_test/ADM/test/nature/ILSVRC2012_val_00016262.JPEG
58,ADM,936,GenImage_test/ADM/test/nature/ILSVRC2012_val_00013522.JPEG
58,ADM,937,GenImage_test/ADM/test/ai/547_adm_85.PNG
58,ADM,938,GenImage_test/ADM/test/ai/163_adm_91.PNG
58,ADM,939,GenImage_test/ADM/test/nature/ILSVRC2012_val_00018076.JPEG
58,ADM,940,GenImage_test/ADM/test/ai/287_adm_7.PNG
58,ADM,941,GenImage_test/ADM/test/nature/ILSVRC2012_val_00020118.JPEG
58,ADM,942,GenImage_test/ADM/test/nature/ILSVRC2012_val_00041146.JPEG
58,ADM,943,GenImage_test/ADM/test/nature/ILSVRC2012_val_00039429.JPEG
59,ADM,944,GenImage_test/ADM/test/nature/ILSVRC2012_val_00001949.JPEG
59,ADM,945,GenImage_test/ADM/test/ai/21_adm_153.PNG
59,ADM,946,GenImage_test/ADM/test/nature/ILSVRC2012_val_00038868.JPEG
59,ADM,947,GenImage_test/ADM/test/nature/ILSVRC2012_val_00005429.JPEG
59,ADM,948,GenImage_test/ADM/test/nature/ILSVRC2012_val_00036312.JPEG
59,ADM,949,GenImage_test/ADM/test/nature/ILSVRC2012_val_00003449.JPEG
59,ADM,950,GenImage_test/ADM/test/ai/416_adm_34.PNG
59,ADM,951,GenImage_test/ADM/test/ai/694_adm_153.PNG
59,ADM,952,GenImage_test/ADM/test/nature/ILSVRC2012_val_00025001.JPEG
59,ADM,953,GenImage_test/ADM/test/nature/ILSVRC2012_val_00043016.JPEG
59,ADM,954,GenImage_test/ADM/test/ai/239_adm_34.PNG
59,ADM,955,GenImage_test/ADM/test/ai/627_adm_7.PNG
59,ADM,956,GenImage_test/ADM/test/ai/889_adm_174.PNG
59,ADM,957,GenImage_test/ADM/test/nature/ILSVRC2012_val_00001803.JPEG
59,ADM,958,GenImage_test/ADM/test/ai/905_adm_153.PNG
59,ADM,959,GenImage_test/ADM/test/ai/689_adm_153.PNG
60,ADM,960,GenImage_test/ADM/test/ai/234_adm_7.PNG
60,ADM,961,GenImage_test/ADM/test/nature/ILSVRC2012_val_00003092.JPEG
60,ADM,962,GenImage_test/ADM/test/ai/511_adm_153.PNG
60,ADM,963,GenImage_test/ADM/test/nature/ILSVRC2012_val_00036533.JPEG
60,ADM,964,GenImage_test/ADM/test/ai/817_adm_91.PNG
60,ADM,965,GenImage_test/ADM/test/nature/ILSVRC2012_val_00028902.JPEG
60,ADM,966,GenImage_test/ADM/test/ai/929_adm_153.PNG
60,ADM,967,GenImage_test/ADM/test/nature/ILSVRC2012_val_00024905.JPEG
60,ADM,968,GenImage_test/ADM/test/ai/347_adm_91.PNG
60,ADM,969,GenImage_test/ADM/test/ai/910_adm_85.PNG
60,ADM,970,GenImage_test/ADM/test/ai/12_adm_174.PNG
60,ADM,971,GenImage_test/ADM/test/nature/ILSVRC2012_val_00025351.JPEG
60,ADM,972,GenImage_test/ADM/test/nature/ILSVRC2012_val_00030642.JPEG
60,ADM,973,GenImage_test/ADM/test/ai/926_adm_174.PNG
60,ADM,974,GenImage_test/ADM/test/ai/471_adm_153.PNG
60,ADM,975,GenImage_test/ADM/test/ai/2_adm_85.PNG
61,ADM,976,GenImage_test/ADM/test/ai/147_adm_174.PNG
61,ADM,977,GenImage_test/ADM/test/nature/ILSVRC2012_val_00006448.JPEG
61,ADM,978,GenImage_test/ADM/test/ai/633_adm_91.PNG
61,ADM,979,GenImage_test/ADM/test/ai/819_adm_34.PNG
61,ADM,980,GenImage_test/ADM/test/nature/ILSVRC2012_val_00011513.JPEG
61,ADM,981,GenImage_test/ADM/test/ai/954_adm_34.PNG
61,ADM,982,GenImage_test/ADM/test/nature/ILSVRC2012_val_00030400.JPEG
61,ADM,983,GenImage_test/ADM/test/ai/891_adm_91.PNG
61,ADM,984,GenImage_test/ADM/test/ai/720_adm_7.PNG
61,ADM,985,GenImage_test/ADM/test/ai/647_adm_153.PNG
61,ADM,986,GenImage_test/ADM/test/ai/295_adm_34.PNG
61,ADM,987,GenImage_test/ADM/test/nature/ILSVRC2012_val_00043194.JPEG
61,ADM,988,GenImage_test/ADM/test/ai/198_adm_174.PNG
61,ADM,989,GenImage_test/ADM/test/nature/ILSVRC2012_val_00004392.JPEG
61,ADM,990,GenImage_test/ADM/test/ai/232_adm_91.PNG
61,ADM,991,GenImage_test/ADM/test/ai/846_adm_85.PNG
62,ADM,992,GenImage_test/ADM/test/nature/ILSVRC2012_val_00007623.JPEG
62,ADM,993,GenImage_test/ADM/test/nature/ILSVRC2012_val_00017722.JPEG
62,ADM,994,GenImage_test/ADM/test/nature/ILSVRC2012_val_00035359.JPEG
62,ADM,995,GenImage_test/ADM/test/ai/84_adm_7.PNG
62,ADM,996,GenImage_test/ADM/test/nature/ILSVRC2012_val_00009762.JPEG
62,ADM,997,GenImage_test/ADM/test/nature/ILSVRC2012_val_00025382.JPEG
62,ADM,998,GenImage_test/ADM/test/nature/ILSVRC2012_val_00019918.JPEG
62,ADM,999,GenImage_test/ADM/test/ai/869_adm_85.PNG
62,ADM,1000,GenImage_test/ADM/test/ai/656_adm_174.PNG
62,ADM,1001,GenImage_test/ADM/test/nature/ILSVRC2012_val_00038080.JPEG
62,ADM,1002,GenImage_test/ADM/test/nature/ILSVRC2012_val_00022185.JPEG
62,ADM,1003,GenImage_test/ADM/test/nature/ILSVRC2012_val_00029649.JPEG
62,ADM,1004,GenImage_test/ADM/test/ai/67_adm_174.PNG
62,ADM,1005,GenImage_test/ADM/test/ai/311_adm_7.PNG
62,ADM,1006,GenImage_test/ADM/test/nature/ILSVRC2012_val_00011935.JPEG
62,ADM,1007,GenImage_test/ADM/test/nature/ILSVRC2012_val_00005823.JPEG
63,ADM,1008,GenImage_test/ADM/test/nature/ILSVRC2012_val_00009195.JPEG
63,ADM,1009,GenImage_test/ADM/test/nature/ILSVRC2012_val_00018802.JPEG
63,ADM,1010,GenImage_test/ADM/test/nature/ILSVRC2012_val_00046931.JPEG
63,ADM,1011,GenImage_test/ADM/test/ai/800_adm_34.PNG
63,ADM,1012,GenImage_test/ADM/test/ai/519_adm_7.PNG
63,ADM,1013,GenImage_test/ADM/test/nature/ILSVRC2012_val_00007745.JPEG
63,ADM,1014,GenImage_test/ADM/test/ai/209_adm_7.PNG
63,ADM,1015,GenImage_test/ADM/test/nature/ILSVRC2012_val_00045238.JPEG
63,ADM,1016,GenImage_test/ADM/test/ai/967_adm_34.PNG
63,ADM,1017,GenImage_test/ADM/test/nature/ILSVRC2012_val_00029099.JPEG
63,ADM,1018,GenImage_test/ADM/test/nature/ILSVRC2012_val_00043050.JPEG
63,ADM,1019,GenImage_test/ADM/test/ai/60_adm_91.PNG
63,ADM,1020,GenImage_test/ADM/test/ai/841_adm_91.PNG
63,ADM,1021,GenImage_test/ADM/test/nature/ILSVRC2012_val_00008312.JPEG
63,ADM,1022,GenImage_test/ADM/test/nature/ILSVRC2012_val_00031968.JPEG
63,ADM,1023,GenImage_test/ADM/test/nature/ILSVRC2012_val_00041546.JPEG
64,ADM,1024,GenImage_test/ADM/test/nature/ILSVRC2012_val_00046954.JPEG
64,ADM,1025,GenImage_test/ADM/test/nature/ILSVRC2012_val_00025014.JPEG
64,ADM,1026,GenImage_test/ADM/test/nature/ILSVRC2012_val_00013328.JPEG
64,ADM,1027,GenImage_test/ADM/test/ai/372_adm_34.PNG
64,ADM,1028,GenImage_test/ADM/test/nature/ILSVRC2012_val_00028868.JPEG
64,ADM,1029,GenImage_test/ADM/test/ai/284_adm_91.PNG
64,ADM,1030,GenImage_test/ADM/test/nature/ILSVRC2012_val_00049293.JPEG
64,ADM,1031,GenImage_test/ADM/test/nature/ILSVRC2012_val_00037615.JPEG
64,ADM,1032,GenImage_test/ADM/test/ai/10_adm_34.PNG
64,ADM,1033,GenImage_test/ADM/test/ai/820_adm_7.PNG
64,ADM,1034,GenImage_test/ADM/test/nature/ILSVRC2012_val_00030921.JPEG
64,ADM,1035,GenImage_test/ADM/test/nature/ILSVRC2012_val_00048083.JPEG
64,ADM,1036,GenImage_test/ADM/test/nature/ILSVRC2012_val_00044153.JPEG
64,ADM,1037,GenImage_test/ADM/test/ai/584_adm_7.PNG
64,ADM,1038,GenImage_test/ADM/test/ai/956_adm_174.PNG
64,ADM,1039,GenImage_test/ADM/test/nature/ILSVRC2012_val_00048318.JPEG
65,ADM,1040,GenImage_test/ADM/test/ai/336_adm_153.PNG
65,ADM,1041,GenImage_test/ADM/test/ai/202_adm_153.PNG
65,ADM,1042,GenImage_test/ADM/test/ai/612_adm_34.PNG
65,ADM,1043,GenImage_test/ADM/test/nature/ILSVRC2012_val_00048373.JPEG
65,ADM,1044,GenImage_test/ADM/test/ai/429_adm_85.PNG
65,ADM,1045,GenImage_test/ADM/test/nature/ILSVRC2012_val_00041418.JPEG
65,ADM,1046,GenImage_test/ADM/test/nature/ILSVRC2012_val_00040928.JPEG
65,ADM,1047,GenImage_test/ADM/test/nature/ILSVRC2012_val_00003915.JPEG
65,ADM,1048,GenImage_test/ADM/test/nature/ILSVRC2012_val_00028541.JPEG
65,ADM,1049,GenImage_test/ADM/test/ai/789_adm_174.PNG
65,ADM,1050,GenImage_test/ADM/test/ai/615_adm_153.PNG
65,ADM,1051,GenImage_test/ADM/test/ai/552_adm_91.PNG
65,ADM,1052,GenImage_test/ADM/test/nature/ILSVRC2012_val_00037868.JPEG
65,ADM,1053,GenImage_test/ADM/test/ai/298_adm_34.PNG
65,ADM,1054,GenImage_test/ADM/test/nature/ILSVRC2012_val_00039786.JPEG
65,ADM,1055,GenImage_test/ADM/test/nature/ILSVRC2012_val_00022517.JPEG
66,ADM,1056,GenImage_test/ADM/test/nature/ILSVRC2012_val_00033949.JPEG
66,ADM,1057,GenImage_test/ADM/test/nature/ILSVRC2012_val_00009926.JPEG
66,ADM,1058,GenImage_test/ADM/test/ai/441_adm_34.PNG
66,ADM,1059,GenImage_test/ADM/test/nature/ILSVRC2012_val_00040640.JPEG
66,ADM,1060,GenImage_test/ADM/test/nature/ILSVRC2012_val_00045145.JPEG
66,ADM,1061,GenImage_test/ADM/test/ai/970_adm_91.PNG
66,ADM,1062,GenImage_test/ADM/test/ai/417_adm_34.PNG
66,ADM,1063,GenImage_test/ADM/test/ai/183_adm_174.PNG
66,ADM,1064,GenImage_test/ADM/test/ai/689_adm_34.PNG
66,ADM,1065,GenImage_test/ADM/test/ai/11_adm_34.PNG
66,ADM,1066,GenImage_test/ADM/test/ai/235_adm_7.PNG
66,ADM,1067,GenImage_test/ADM/test/nature/ILSVRC2012_val_00012861.JPEG
66,ADM,1068,GenImage_test/ADM/test/ai/520_adm_85.PNG
66,ADM,1069,GenImage_test/ADM/test/nature/ILSVRC2012_val_00005788.JPEG
66,ADM,1070,GenImage_test/ADM/test/nature/ILSVRC2012_val_00021381.JPEG
66,ADM,1071,GenImage_test/ADM/test/nature/ILSVRC2012_val_00045947.JPEG
67,ADM,1072,GenImage_test/ADM/test/ai/746_adm_85.PNG
67,ADM,1073,GenImage_test/ADM/test/ai/766_adm_91.PNG
67,ADM,1074,GenImage_test/ADM/test/ai/915_adm_85.PNG
67,ADM,1075,GenImage_test/ADM/test/ai/843_adm_174.PNG
67,ADM,1076,GenImage_test/ADM/test/ai/498_adm_91.PNG
67,ADM,1077,GenImage_test/ADM/test/nature/ILSVRC2012_val_00045420.JPEG
67,ADM,1078,GenImage_test/ADM/test/nature/ILSVRC2012_val_00041622.JPEG
67,ADM,1079,GenImage_test/ADM/test/ai/684_adm_153.PNG
67,ADM,1080,GenImage_test/ADM/test/nature/ILSVRC2012_val_00046112.JPEG
67,ADM,1081,GenImage_test/ADM/test/nature/ILSVRC2012_val_00002016.JPEG
67,ADM,1082,GenImage_test/ADM/test/ai/827_adm_34.PNG
67,ADM,1083,GenImage_test/ADM/test/ai/815_adm_153.PNG
67,ADM,1084,GenImage_test/ADM/test/ai/734_adm_34.PNG
67,ADM,1085,GenImage_test/ADM/test/nature/ILSVRC2012_val_00009818.JPEG
67,ADM,1086,GenImage_test/ADM/test/nature/ILSVRC2012_val_00048103.JPEG
67,ADM,1087,GenImage_test/ADM/test/nature/ILSVRC2012_val_00023584.JPEG
68,ADM,1088,GenImage_test/ADM/test/ai/44_adm_85.PNG
68,ADM,1089,GenImage_test/ADM/test/nature/ILSVRC2012_val_00025065.JPEG
68,ADM,1090,GenImage_test/ADM/test/nature/ILSVRC2012_val_00003411.JPEG
68,ADM,1091,GenImage_test/ADM/test/ai/697_adm_85.PNG
68,ADM,1092,GenImage_test/ADM/test/ai/143_adm_85.PNG
68,ADM,1093,GenImage_test/ADM/test/nature/ILSVRC2012_val_00003462.JPEG
68,ADM,1094,GenImage_test/ADM/test/nature/ILSVRC2012_val_00011915.JPEG
68,ADM,1095,GenImage_test/ADM/test/nature/ILSVRC2012_val_00008322.JPEG
68,ADM,1096,GenImage_test/ADM/test/nature/ILSVRC2012_val_00018166.JPEG
68,ADM,1097,GenImage_test/ADM/test/ai/270_adm_91.PNG
68,ADM,1098,GenImage_test/ADM/test/ai/493_adm_91.PNG
68,ADM,1099,GenImage_test/ADM/test/nature/ILSVRC2012_val_00046580.JPEG
68,ADM,1100,GenImage_test/ADM/test/ai/981_adm_85.PNG
68,ADM,1101,GenImage_test/ADM/test/nature/ILSVRC2012_val_00006090.JPEG
68,ADM,1102,GenImage_test/ADM/test/nature/ILSVRC2012_val_00001688.JPEG
68,ADM,1103,GenImage_test/ADM/test/nature/ILSVRC2012_val_00013285.JPEG
69,ADM,1104,GenImage_test/ADM/test/ai/949_adm_91.PNG
69,ADM,1105,GenImage_test/ADM/test/ai/207_adm_153.PNG
69,ADM,1106,GenImage_test/ADM/test/nature/ILSVRC2012_val_00027879.JPEG
69,ADM,1107,GenImage_test/ADM/test/nature/ILSVRC2012_val_00009075.JPEG
69,ADM,1108,GenImage_test/ADM/test/ai/127_adm_34.PNG
69,ADM,1109,GenImage_test/ADM/test/nature/ILSVRC2012_val_00017228.JPEG
69,ADM,1110,GenImage_test/ADM/test/ai/353_adm_7.PNG
69,ADM,1111,GenImage_test/ADM/test/ai/845_adm_34.PNG
69,ADM,1112,GenImage_test/ADM/test/ai/464_adm_85.PNG
69,ADM,1113,GenImage_test/ADM/test/nature/ILSVRC2012_val_00016990.JPEG
69,ADM,1114,GenImage_test/ADM/test/nature/ILSVRC2012_val_00019510.JPEG
69,ADM,1115,GenImage_test/ADM/test/nature/ILSVRC2012_val_00012729.JPEG
69,ADM,1116,GenImage_test/ADM/test/ai/278_adm_91.PNG
69,ADM,1117,GenImage_test/ADM/test/nature/ILSVRC2012_val_00034463.JPEG
69,ADM,1118,GenImage_test/ADM/test/ai/250_adm_174.PNG
69,ADM,1119,GenImage_test/ADM/test/nature/ILSVRC2012_val_00037917.JPEG
70,ADM,1120,GenImage_test/ADM/test/ai/905_adm_91.PNG
70,ADM,1121,GenImage_test/ADM/test/ai/150_adm_34.PNG
70,ADM,1122,GenImage_test/ADM/test/nature/ILSVRC2012_val_00033640.JPEG
70,ADM,1123,GenImage_test/ADM/test/nature/ILSVRC2012_val_00026572.JPEG
70,ADM,1124,GenImage_test/ADM/test/ai/703_adm_85.PNG
70,ADM,1125,GenImage_test/ADM/test/nature/ILSVRC2012_val_00025688.JPEG
70,ADM,1126,GenImage_test/ADM/test/nature/ILSVRC2012_val_00029716.JPEG
70,ADM,1127,GenImage_test/ADM/test/nature/ILSVRC2012_val_00006017.JPEG
70,ADM,1128,GenImage_test/ADM/test/ai/447_adm_153.PNG
70,ADM,1129,GenImage_test/ADM/test/ai/469_adm_85.PNG
70,ADM,1130,GenImage_test/ADM/test/nature/ILSVRC2012_val_00028600.JPEG
70,ADM,1131,GenImage_test/ADM/test/ai/13_adm_7.PNG
70,ADM,1132,GenImage_test/ADM/test/nature/ILSVRC2012_val_00002149.JPEG
70,ADM,1133,GenImage_test/ADM/test/ai/145_adm_85.PNG
70,ADM,1134,GenImage_test/ADM/test/ai/523_adm_34.PNG
70,ADM,1135,GenImage_test/ADM/test/ai/183_adm_7.PNG
71,ADM,1136,GenImage_test/ADM/test/ai/259_adm_7.PNG
71,ADM,1137,GenImage_test/ADM/test/ai/806_adm_34.PNG
71,ADM,1138,GenImage_test/ADM/test/nature/ILSVRC2012_val_00036857.JPEG
71,ADM,1139,GenImage_test/ADM/test/nature/ILSVRC2012_val_00042674.JPEG
71,ADM,1140,GenImage_test/ADM/test/nature/ILSVRC2012_val_00009113.JPEG
71,ADM,1141,GenImage_test/ADM/test/nature/ILSVRC2012_val_00036151.JPEG
71,ADM,1142,GenImage_test/ADM/test/nature/ILSVRC2012_val_00015928.JPEG
71,ADM,1143,GenImage_test/ADM/test/nature/ILSVRC2012_val_00029222.JPEG
71,ADM,1144,GenImage_test/ADM/test/ai/22_adm_34.PNG
71,ADM,1145,GenImage_test/ADM/test/nature/ILSVRC2012_val_00005515.JPEG
71,ADM,1146,GenImage_test/ADM/test/nature/ILSVRC2012_val_00035535.JPEG
71,ADM,1147,GenImage_test/ADM/test/nature/ILSVRC2012_val_00025523.JPEG
71,ADM,1148,GenImage_test/ADM/test/nature/ILSVRC2012_val_00020568.JPEG
71,ADM,1149,GenImage_test/ADM/test/nature/ILSVRC2012_val_00041174.JPEG
71,ADM,1150,GenImage_test/ADM/test/ai/321_adm_153.PNG
71,ADM,1151,GenImage_test/ADM/test/nature/ILSVRC2012_val_00022834.JPEG
72,ADM,1152,GenImage_test/ADM/test/nature/ILSVRC2012_val_00009557.JPEG
72,ADM,1153,GenImage_test/ADM/test/ai/610_adm_7.PNG
72,ADM,1154,GenImage_test/ADM/test/nature/ILSVRC2012_val_00005568.JPEG
72,ADM,1155,GenImage_test/ADM/test/ai/308_adm_153.PNG
72,ADM,1156,GenImage_test/ADM/test/ai/14_adm_153.PNG
72,ADM,1157,GenImage_test/ADM/test/nature/ILSVRC2012_val_00009077.JPEG
72,ADM,1158,GenImage_test/ADM/test/ai/900_adm_34.PNG
72,ADM,1159,GenImage_test/ADM/test/nature/ILSVRC2012_val_00003519.JPEG
72,ADM,1160,GenImage_test/ADM/test/ai/923_adm_153.PNG
72,ADM,1161,GenImage_test/ADM/test/nature/ILSVRC2012_val_00028757.JPEG
72,ADM,1162,GenImage_test/ADM/test/nature/ILSVRC2012_val_00023172.JPEG
72,ADM,1163,GenImage_test/ADM/test/nature/ILSVRC2012_val_00028076.JPEG
72,ADM,1164,GenImage_test/ADM/test/ai/463_adm_85.PNG
72,ADM,1165,GenImage_test/ADM/test/ai/619_adm_174.PNG
72,ADM,1166,GenImage_test/ADM/test/nature/ILSVRC2012_val_00040093.JPEG
72,ADM,1167,GenImage_test/ADM/test/ai/755_adm_34.PNG
73,ADM,1168,GenImage_test/ADM/test/ai/997_adm_7.PNG
73,ADM,1169,GenImage_test/ADM/test/nature/ILSVRC2012_val_00047539.JPEG
73,ADM,1170,GenImage_test/ADM/test/nature/ILSVRC2012_val_00040007.JPEG
73,ADM,1171,GenImage_test/ADM/test/nature/ILSVRC2012_val_00019271.JPEG
73,ADM,1172,GenImage_test/ADM/test/ai/576_adm_91.PNG
73,ADM,1173,GenImage_test/ADM/test/ai/428_adm_34.PNG
73,ADM,1174,GenImage_test/ADM/test/ai/935_adm_34.PNG
73,ADM,1175,GenImage_test/ADM/test/ai/639_adm_174.PNG
73,ADM,1176,GenImage_test/ADM/test/nature/ILSVRC2012_val_00037630.JPEG
73,ADM,1177,GenImage_test/ADM/test/ai/618_adm_153.PNG
73,ADM,1178,GenImage_test/ADM/test/nature/ILSVRC2012_val_00010055.JPEG
73,ADM,1179,GenImage_test/ADM/test/nature/ILSVRC2012_val_00006325.JPEG
73,ADM,1180,GenImage_test/ADM/test/ai/411_adm_34.PNG
73,ADM,1181,GenImage_test/ADM/test/ai/88_adm_174.PNG
73,ADM,1182,GenImage_test/ADM/test/ai/267_adm_153.PNG
73,ADM,1183,GenImage_test/ADM/test/nature/ILSVRC2012_val_00019525.JPEG
74,ADM,1184,GenImage_test/ADM/test/ai/223_adm_34.PNG
74,ADM,1185,GenImage_test/ADM/test/ai/885_adm_91.PNG
74,ADM,1186,GenImage_test/ADM/test/nature/ILSVRC2012_val_00031432.JPEG
74,ADM,1187,GenImage_test/ADM/test/ai/264_adm_153.PNG
74,ADM,1188,GenImage_test/ADM/test/ai/534_adm_7.PNG
74,ADM,1189,GenImage_test/ADM/test/nature/ILSVRC2012_val_00029606.JPEG
74,ADM,1190,GenImage_test/ADM/test/ai/273_adm_91.PNG
74,ADM,1191,GenImage_test/ADM/test/ai/32_adm_85.PNG
74,ADM,1192,GenImage_test/ADM/test/ai/919_adm_153.PNG
74,ADM,1193,GenImage_test/ADM/test/ai/246_adm_153.PNG
74,ADM,1194,GenImage_test/ADM/test/ai/986_adm_85.PNG
74,ADM,1195,GenImage_test/ADM/test/ai/976_adm_174.PNG
74,ADM,1196,GenImage_test/ADM/test/nature/ILSVRC2012_val_00036144.JPEG
74,ADM,1197,GenImage_test/ADM/test/nature/ILSVRC2012_val_00000456.JPEG
74,ADM,1198,GenImage_test/ADM/test/ai/860_adm_91.PNG
74,ADM,1199,GenImage_test/ADM/test/ai/301_adm_91.PNG
75,ADM,1200,GenImage_test/ADM/test/ai/132_adm_91.PNG
75,ADM,1201,GenImage_test/ADM/test/ai/567_adm_174.PNG
75,ADM,1202,GenImage_test/ADM/test/ai/859_adm_34.PNG
75,ADM,1203,GenImage_test/ADM/test/ai/613_adm_153.PNG
75,ADM,1204,GenImage_test/ADM/test/nature/ILSVRC2012_val_00045225.JPEG
75,ADM,1205,GenImage_test/ADM/test/nature/ILSVRC2012_val_00005526.JPEG
75,ADM,1206,GenImage_test/ADM/test/ai/840_adm_91.PNG
75,ADM,1207,GenImage_test/ADM/test/nature/ILSVRC2012_val_00045710.JPEG
75,ADM,1208,GenImage_test/ADM/test/nature/ILSVRC2012_val_00008846.JPEG
75,ADM,1209,GenImage_test/ADM/test/nature/ILSVRC2012_val_00042322.JPEG
75,ADM,1210,GenImage_test/ADM/test/nature/ILSVRC2012_val_00023992.JPEG
75,ADM,1211,GenImage_test/ADM/test/ai/141_adm_7.PNG
75,ADM,1212,GenImage_test/ADM/test/ai/337_adm_174.PNG
75,ADM,1213,GenImage_test/ADM/test/nature/ILSVRC2012_val_00041170.JPEG
75,ADM,1214,GenImage_test/ADM/test/nature/ILSVRC2012_val_00002555.JPEG
75,ADM,1215,GenImage_test/ADM/test/nature/ILSVRC2012_val_00023065.JPEG
76,ADM,1216,GenImage_test/ADM/test/nature/ILSVRC2012_val_00001606.JPEG
76,ADM,1217,GenImage_test/ADM/test/ai/737_adm_91.PNG
76,ADM,1218,GenImage_test/ADM/test/nature/ILSVRC2012_val_00020489.JPEG
76,ADM,1219,GenImage_test/ADM/test/nature/ILSVRC2012_val_00019733.JPEG
76,ADM,1220,GenImage_test/ADM/test/ai/485_adm_85.PNG
76,ADM,1221,GenImage_test/ADM/test/nature/ILSVRC2012_val_00024916.JPEG
76,ADM,1222,GenImage_test/ADM/test/nature/ILSVRC2012_val_00002526.JPEG
76,ADM,1223,GenImage_test/ADM/test/nature/ILSVRC2012_val_00020005.JPEG
76,ADM,1224,GenImage_test/ADM/test/ai/823_adm_34.PNG
76,ADM,1225,GenImage_test/ADM/test/ai/414_adm_153.PNG
76,ADM,1226,GenImage_test/ADM/test/ai/711_adm_174.PNG
76,ADM,1227,GenImage_test/ADM/test/ai/892_adm_85.PNG
76,ADM,1228,GenImage_test/ADM/test/ai/488_adm_34.PNG
76,ADM,1229,GenImage_test/ADM/test/ai/283_adm_91.PNG
76,ADM,1230,GenImage_test/ADM/test/nature/ILSVRC2012_val_00037147.JPEG
76,ADM,1231,GenImage_test/ADM/test/ai/180_adm_85.PNG
77,ADM,1232,GenImage_test/ADM/test/nature/ILSVRC2012_val_00020916.JPEG
77,ADM,1233,GenImage_test/ADM/test/nature/ILSVRC2012_val_00003435.JPEG
77,ADM,1234,GenImage_test/ADM/test/ai/879_adm_85.PNG
77,ADM,1235,GenImage_test/ADM/test/ai/219_adm_153.PNG
77,ADM,1236,GenImage_test/ADM/test/nature/ILSVRC2012_val_00024686.JPEG
77,ADM,1237,GenImage_test/ADM/test/ai/337_adm_34.PNG
77,ADM,1238,GenImage_test/ADM/test/nature/ILSVRC2012_val_00022858.JPEG
77,ADM,1239,GenImage_test/ADM/test/ai/176_adm_7.PNG
77,ADM,1240,GenImage_test/ADM/test/nature/ILSVRC2012_val_00048506.JPEG
77,ADM,1241,GenImage_test/ADM/test/ai/399_adm_153.PNG
77,ADM,1242,GenImage_test/ADM/test/nature/ILSVRC2012_val_00042139.JPEG
77,ADM,1243,GenImage_test/ADM/test/ai/793_adm_34.PNG
77,ADM,1244,GenImage_test/ADM/test/ai/761_adm_34.PNG
77,ADM,1245,GenImage_test/ADM/test/ai/195_adm_91.PNG
77,ADM,1246,GenImage_test/ADM/test/ai/989_adm_153.PNG
77,ADM,1247,GenImage_test/ADM/test/ai/857_adm_91.PNG
78,ADM,1248,GenImage_test/ADM/test/ai/71_adm_34.PNG
78,ADM,1249,GenImage_test/ADM/test/nature/ILSVRC2012_val_00032460.JPEG
78,ADM,1250,GenImage_test/ADM/test/ai/546_adm_174.PNG
78,ADM,1251,GenImage_test/ADM/test/ai/129_adm_174.PNG
78,ADM,1252,GenImage_test/ADM/test/ai/33_adm_7.PNG
78,ADM,1253,GenImage_test/ADM/test/nature/ILSVRC2012_val_00034671.JPEG
78,ADM,1254,GenImage_test/ADM/test/ai/342_adm_91.PNG
78,ADM,1255,GenImage_test/ADM/test/nature/ILSVRC2012_val_00017543.JPEG
78,ADM,1256,GenImage_test/ADM/test/nature/ILSVRC2012_val_00032273.JPEG
78,ADM,1257,GenImage_test/ADM/test/ai/631_adm_7.PNG
78,ADM,1258,GenImage_test/ADM/test/ai/318_adm_174.PNG
78,ADM,1259,GenImage_test/ADM/test/ai/767_adm_174.PNG
78,ADM,1260,GenImage_test/ADM/test/nature/ILSVRC2012_val_00040550.JPEG
78,ADM,1261,GenImage_test/ADM/test/nature/ILSVRC2012_val_00015956.JPEG
78,ADM,1262,GenImage_test/ADM/test/ai/322_adm_91.PNG
78,ADM,1263,GenImage_test/ADM/test/ai/661_adm_153.PNG
79,ADM,1264,GenImage_test/ADM/test/ai/524_adm_7.PNG
79,ADM,1265,GenImage_test/ADM/test/nature/ILSVRC2012_val_00020011.JPEG
79,ADM,1266,GenImage_test/ADM/test/nature/ILSVRC2012_val_00038504.JPEG
79,ADM,1267,GenImage_test/ADM/test/nature/ILSVRC2012_val_00004526.JPEG
79,ADM,1268,GenImage_test/ADM/test/ai/744_adm_153.PNG
79,ADM,1269,GenImage_test/ADM/test/ai/515_adm_153.PNG
79,ADM,1270,GenImage_test/ADM/test/nature/ILSVRC2012_val_00009721.JPEG
79,ADM,1271,GenImage_test/ADM/test/nature/ILSVRC2012_val_00005881.JPEG
79,ADM,1272,GenImage_test/ADM/test/nature/ILSVRC2012_val_00019892.JPEG
79,ADM,1273,GenImage_test/ADM/test/nature/ILSVRC2012_val_00016221.JPEG
79,ADM,1274,GenImage_test/ADM/test/nature/ILSVRC2012_val_00021478.JPEG
79,ADM,1275,GenImage_test/ADM/test/ai/631_adm_34.PNG
79,ADM,1276,GenImage_test/ADM/test/ai/653_adm_85.PNG
79,ADM,1277,GenImage_test/ADM/test/ai/924_adm_7.PNG
79,ADM,1278,GenImage_test/ADM/test/nature/ILSVRC2012_val_00040762.JPEG
79,ADM,1279,GenImage_test/ADM/test/ai/109_adm_34.PNG
80,ADM,1280,GenImage_test/ADM/test/ai/189_adm_153.PNG
80,ADM,1281,GenImage_test/ADM/test/ai/322_adm_174.PNG
80,ADM,1282,GenImage_test/ADM/test/nature/ILSVRC2012_val_00003879.JPEG
80,ADM,1283,GenImage_test/ADM/test/nature/ILSVRC2012_val_00002862.JPEG
80,ADM,1284,GenImage_test/ADM/test/nature/ILSVRC2012_val_00041878.JPEG
80,ADM,1285,GenImage_test/ADM/test/ai/904_adm_91.PNG
80,ADM,1286,GenImage_test/ADM/test/nature/ILSVRC2012_val_00002686.JPEG
80,ADM,1287,GenImage_test/ADM/test/nature/ILSVRC2012_val_00004138.JPEG
80,ADM,1288,GenImage_test/ADM/test/nature/ILSVRC2012_val_00008549.JPEG
80,ADM,1289,GenImage_test/ADM/test/nature/ILSVRC2012_val_00040813.JPEG
80,ADM,1290,GenImage_test/ADM/test/ai/967_adm_7.PNG
80,ADM,1291,GenImage_test/ADM/test/nature/ILSVRC2012_val_00040919.JPEG
80,ADM,1292,GenImage_test/ADM/test/nature/ILSVRC2012_val_00020687.JPEG
80,ADM,1293,GenImage_test/ADM/test/nature/ILSVRC2012_val_00047452.JPEG
80,ADM,1294,GenImage_test/ADM/test/nature/ILSVRC2012_val_00007145.JPEG
80,ADM,1295,GenImage_test/ADM/test/ai/450_adm_91.PNG
81,ADM,1296,GenImage_test/ADM/test/ai/775_adm_153.PNG
81,ADM,1297,GenImage_test/ADM/test/ai/20_adm_34.PNG
81,ADM,1298,GenImage_test/ADM/test/ai/926_adm_7.PNG
81,ADM,1299,GenImage_test/ADM/test/ai/80_adm_7.PNG
81,ADM,1300,GenImage_test/ADM/test/nature/ILSVRC2012_val_00027734.JPEG
81,ADM,1301,GenImage_test/ADM/test/nature/ILSVRC2012_val_00026071.JPEG
81,ADM,1302,GenImage_test/ADM/test/ai/253_adm_7.PNG
81,ADM,1303,GenImage_test/ADM/test/ai/530_adm_85.PNG
81,ADM,1304,GenImage_test/ADM/test/nature/ILSVRC2012_val_00030271.JPEG
81,ADM,1305,GenImage_test/ADM/test/nature/ILSVRC2012_val_00017125.JPEG
81,ADM,1306,GenImage_test/ADM/test/nature/ILSVRC2012_val_00047444.JPEG
81,ADM,1307,GenImage_test/ADM/test/nature/ILSVRC2012_val_00029908.JPEG
81,ADM,1308,GenImage_test/ADM/test/nature/ILSVRC2012_val_00013449.JPEG
81,ADM,1309,GenImage_test/ADM/test/ai/423_adm_174.PNG
81,ADM,1310,GenImage_test/ADM/test/ai/368_adm_153.PNG
81,ADM,1311,GenImage_test/ADM/test/ai/655_adm_34.PNG
82,ADM,1312,GenImage_test/ADM/test/nature/ILSVRC2012_val_00041350.JPEG
82,ADM,1313,GenImage_test/ADM/test/nature/ILSVRC2012_val_00045323.JPEG
82,ADM,1314,GenImage_test/ADM/test/ai/40_adm_34.PNG
82,ADM,1315,GenImage_test/ADM/test/nature/ILSVRC2012_val_00000758.JPEG
82,ADM,1316,GenImage_test/ADM/test/ai/90_adm_85.PNG
82,ADM,1317,GenImage_test/ADM/test/nature/ILSVRC2012_val_00022624.JPEG
82,ADM,1318,GenImage_test/ADM/test/ai/571_adm_7.PNG
82,ADM,1319,GenImage_test/ADM/test/ai/909_adm_174.PNG
82,ADM,1320,GenImage_test/ADM/test/nature/ILSVRC2012_val_00019859.JPEG
82,ADM,1321,GenImage_test/ADM/test/ai/975_adm_7.PNG
82,ADM,1322,GenImage_test/ADM/test/nature/ILSVRC2012_val_00030456.JPEG
82,ADM,1323,GenImage_test/ADM/test/nature/ILSVRC2012_val_00030723.JPEG
82,ADM,1324,GenImage_test/ADM/test/ai/819_adm_153.PNG
82,ADM,1325,GenImage_test/ADM/test/nature/ILSVRC2012_val_00038635.JPEG
82,ADM,1326,GenImage_test/ADM/test/ai/306_adm_34.PNG
82,ADM,1327,GenImage_test/ADM/test/nature/ILSVRC2012_val_00038756.JPEG
83,ADM,1328,GenImage_test/ADM/test/nature/ILSVRC2012_val_00042993.JPEG
83,ADM,1329,GenImage_test/ADM/test/nature/ILSVRC2012_val_00000583.JPEG
83,ADM,1330,GenImage_test/ADM/test/nature/ILSVRC2012_val_00019829.JPEG
83,ADM,1331,GenImage_test/ADM/test/ai/92_adm_91.PNG
83,ADM,1332,GenImage_test/ADM/test/nature/ILSVRC2012_val_00047655.JPEG
83,ADM,1333,GenImage_test/ADM/test/nature/ILSVRC2012_val_00027629.JPEG
83,ADM,1334,GenImage_test/ADM/test/ai/153_adm_85.PNG
83,ADM,1335,GenImage_test/ADM/test/nature/ILSVRC2012_val_00027600.JPEG
83,ADM,1336,GenImage_test/ADM/test/ai/371_adm_34.PNG
83,ADM,1337,GenImage_test/ADM/test/ai/263_adm_85.PNG
83,ADM,1338,GenImage_test/ADM/test/ai/919_adm_85.PNG
83,ADM,1339,GenImage_test/ADM/test/ai/963_adm_7.PNG
83,ADM,1340,GenImage_test/ADM/test/ai/833_adm_85.PNG
83,ADM,1341,GenImage_test/ADM/test/ai/662_adm_7.PNG
83,ADM,1342,GenImage_test/ADM/test/ai/691_adm_174.PNG
83,ADM,1343,GenImage_test/ADM/test/ai/338_adm_91.PNG
84,SD1.5_return,1344,GenImage_test/stable_diffusion_v_1_5/test/ai/553_sdv5_00100.png
84,SD1.5_return,1345,GenImage_test/stable_diffusion_v_1_5/test/ai/699_sdv5_00195.png
84,SD1.5_return,1346,GenImage_test/stable_diffusion_v_1_5/test/ai/306_sdv5_00100.png
84,SD1.5_return,1347,GenImage_test/stable_diffusion_v_1_5/test/ai/828_sdv5_00100.png
84,SD1.5_return,1348,GenImage_test/stable_diffusion_v_1_5/test/ai/724_sdv5_00195.png
84,SD1.5_return,1349,GenImage_test/stable_diffusion_v_1_5/test/ai/136_sdv5_00039.png
84,SD1.5_return,1350,GenImage_test/stable_diffusion_v_1_5/test/ai/473_sdv5_00003.png
84,SD1.5_return,1351,GenImage_test/stable_diffusion_v_1_5/test/ai/071_sdv5_00135.png
84,SD1.5_return,1352,GenImage_test/stable_diffusion_v_1_5/test/ai/798_sdv5_00135.png
84,SD1.5_return,1353,GenImage_test/stable_diffusion_v_1_5/test/ai/528_sdv5_00009.png
84,SD1.5_return,1354,GenImage_test/stable_diffusion_v_1_5/test/ai/366_sdv5_00009.png
84,SD1.5_return,1355,GenImage_test/stable_diffusion_v_1_5/test/ai/791_sdv5_00039.png
84,SD1.5_return,1356,GenImage_test/stable_diffusion_v_1_5/test/ai/347_sdv5_00027.png
84,SD1.5_return,1357,GenImage_test/stable_diffusion_v_1_5/test/ai/510_sdv5_00003.png
84,SD1.5_return,1358,GenImage_test/stable_diffusion_v_1_5/test/ai/988_sdv5_00195.png
84,SD1.5_return,1359,GenImage_test/stable_diffusion_v_1_5/test/nature/ILSVRC2012_val_00021580.JPEG
85,SD1.5_return,1360,GenImage_test/stable_diffusion_v_1_5/test/ai/463_sdv5_00003.png
85,SD1.5_return,1361,GenImage_test/stable_diffusion_v_1_5/test/nature/ILSVRC2012_val_00048815.JPEG
85,SD1.5_return,1362,GenImage_test/stable_diffusion_v_1_5/test/nature/ILSVRC2012_val_00017160.JPEG
85,SD1.5_return,1363,GenImage_test/stable_diffusion_v_1_5/test/nature/ILSVRC2012_val_00014301.JPEG
85,SD1.5_return,1364,GenImage_test/stable_diffusion_v_1_5/test/nature/ILSVRC2012_val_00016940.JPEG
85,SD1.5_return,1365,GenImage_test/stable_diffusion_v_1_5/test/nature/ILSVRC2012_val_00002499.JPEG
85,SD1.5_return,1366,GenImage_test/stable_diffusion_v_1_5/test/nature/ILSVRC2012_val_00008156.JPEG
85,SD1.5_return,1367,GenImage_test/stable_diffusion_v_1_5/test/ai/599_sdv5_00009.png
85,SD1.5_return,1368,GenImage_test/stable_diffusion_v_1_5/test/nature/ILSVRC2012_val_00029133.JPEG
85,SD1.5_return,1369,GenImage_test/stable_diffusion_v_1_5/test/nature/ILSVRC2012_val_00007859.JPEG
85,SD1.5_return,1370,GenImage_test/stable_diffusion_v_1_5/test/nature/ILSVRC2012_val_00005418.JPEG
85,SD1.5_return,1371,GenImage_test/stable_diffusion_v_1_5/test/ai/279_sdv5_00020.png
85,SD1.5_return,1372,GenImage_test/stable_diffusion_v_1_5/test/nature/ILSVRC2012_val_00037962.JPEG
85,SD1.5_return,1373,GenImage_test/stable_diffusion_v_1_5/test/ai/144_sdv5_00027.png
85,SD1.5_return,1374,GenImage_test/stable_diffusion_v_1_5/test/ai/623_sdv5_00195.png
85,SD1.5_return,1375,GenImage_test/stable_diffusion_v_1_5/test/ai/260_sdv5_00039.png
86,SD1.5_return,1376,GenImage_test/stable_diffusion_v_1_5/test/ai/581_sdv5_00100.png
86,SD1.5_return,1377,GenImage_test/stable_diffusion_v_1_5/test/ai/406_sdv5_00003.png
86,SD1.5_return,1378,GenImage_test/stable_diffusion_v_1_5/test/ai/481_sdv5_00100.png
86,SD1.5_return,1379,GenImage_test/stable_diffusion_v_1_5/test/nature/ILSVRC2012_val_00012322.JPEG
86,SD1.5_return,1380,GenImage_test/stable_diffusion_v_1_5/test/nature/ILSVRC2012_val_00041985.JPEG
86,SD1.5_return,1381,GenImage_test/stable_diffusion_v_1_5/test/ai/900_sdv5_00195.png
86,SD1.5_return,1382,GenImage_test/stable_diffusion_v_1_5/test/ai/946_sdv5_00039.png
86,SD1.5_return,1383,GenImage_test/stable_diffusion_v_1_5/test/ai/462_sdv5_00027.png
86,SD1.5_return,1384,GenImage_test/stable_diffusion_v_1_5/test/ai/781_sdv5_00009.png
86,SD1.5_return,1385,GenImage_test/stable_diffusion_v_1_5/test/ai/582_sdv5_00195.png
86,SD1.5_return,1386,GenImage_test/stable_diffusion_v_1_5/test/nature/ILSVRC2012_val_00019914.JPEG
86,SD1.5_return,1387,GenImage_test/stable_diffusion_v_1_5/test/ai/192_sdv5_00100.png
86,SD1.5_return,1388,GenImage_test/stable_diffusion_v_1_5/test/ai/381_sdv5_00135.png
86,SD1.5_return,1389,GenImage_test/stable_diffusion_v_1_5/test/nature/ILSVRC2012_val_00041791.JPEG
86,SD1.5_return,1390,GenImage_test/stable_diffusion_v_1_5/test/ai/428_sdv5_00100.png
86,SD1.5_return,1391,GenImage_test/stable_diffusion_v_1_5/test/ai/263_sdv5_00100.png
87,SD1.5_return,1392,GenImage_test/stable_diffusion_v_1_5/test/ai/170_sdv5_00195.png
87,SD1.5_return,1393,GenImage_test/stable_diffusion_v_1_5/test/ai/694_sdv5_00020.png
87,SD1.5_return,1394,GenImage_test/stable_diffusion_v_1_5/test/nature/ILSVRC2012_val_00026026.JPEG
87,SD1.5_return,1395,GenImage_test/stable_diffusion_v_1_5/test/ai/714_sdv5_00039.png
87,SD1.5_return,1396,GenImage_test/stable_diffusion_v_1_5/test/ai/025_sdv5_00003.png
87,SD1.5_return,1397,GenImage_test/stable_diffusion_v_1_5/test/nature/ILSVRC2012_val_00040899.JPEG
87,SD1.5_return,1398,GenImage_test/stable_diffusion_v_1_5/test/nature/ILSVRC2012_val_00000880.JPEG
87,SD1.5_return,1399,GenImage_test/stable_diffusion_v_1_5/test/nature/ILSVRC2012_val_00016576.JPEG
87,SD1.5_return,1400,GenImage_test/stable_diffusion_v_1_5/test/nature/ILSVRC2012_val_00011783.JPEG
87,SD1.5_return,1401,GenImage_test/stable_diffusion_v_1_5/test/nature/ILSVRC2012_val_00048448.JPEG
87,SD1.5_return,1402,GenImage_test/stable_diffusion_v_1_5/test/ai/566_sdv5_00027.png
87,SD1.5_return,1403,GenImage_test/stable_diffusion_v_1_5/test/ai/174_sdv5_00003.png
87,SD1.5_return,1404,GenImage_test/stable_diffusion_v_1_5/test/ai/008_sdv5_00100.png
87,SD1.5_return,1405,GenImage_test/stable_diffusion_v_1_5/test/nature/ILSVRC2012_val_00049610.JPEG
87,SD1.5_return,1406,GenImage_test/stable_diffusion_v_1_5/test/nature/ILSVRC2012_val_00027609.JPEG
87,SD1.5_return,1407,GenImage_test/stable_diffusion_v_1_5/test/ai/112_sdv5_00195.png
88,SD1.5_return,1408,GenImage_test/stable_diffusion_v_1_5/test/ai/061_sdv5_00003.png
88,SD1.5_return,1409,GenImage_test/stable_diffusion_v_1_5/test/ai/146_sdv5_00135.png
88,SD1.5_return,1410,GenImage_test/stable_diffusion_v_1_5/test/nature/ILSVRC2012_val_00033793.JPEG
88,SD1.5_return,1411,GenImage_test/stable_diffusion_v_1_5/test/nature/ILSVRC2012_val_00022530.JPEG
88,SD1.5_return,1412,GenImage_test/stable_diffusion_v_1_5/test/ai/784_sdv5_00003.png
88,SD1.5_return,1413,GenImage_test/stable_diffusion_v_1_5/test/ai/714_sdv5_00100.png
88,SD1.5_return,1414,GenImage_test/stable_diffusion_v_1_5/test/ai/789_sdv5_00100.png
88,SD1.5_return,1415,GenImage_test/stable_diffusion_v_1_5/test/nature/ILSVRC2012_val_00008675.JPEG
88,SD1.5_return,1416,GenImage_test/stable_diffusion_v_1_5/test/ai/214_sdv5_00039.png
88,SD1.5_return,1417,GenImage_test/stable_diffusion_v_1_5/test/nature/ILSVRC2012_val_00042804.JPEG
88,SD1.5_return,1418,GenImage_test/stable_diffusion_v_1_5/test/nature/ILSVRC2012_val_00042980.JPEG
88,SD1.5_return,1419,GenImage_test/stable_diffusion_v_1_5/test/nature/ILSVRC2012_val_00025544.JPEG
88,SD1.5_return,1420,GenImage_test/stable_diffusion_v_1_5/test/nature/ILSVRC2012_val_00049631.JPEG
88,SD1.5_return,1421,GenImage_test/stable_diffusion_v_1_5/test/ai/841_sdv5_00009.png
88,SD1.5_return,1422,GenImage_test/stable_diffusion_v_1_5/test/nature/ILSVRC2012_val_00033417.JPEG
88,SD1.5_return,1423,GenImage_test/stable_diffusion_v_1_5/test/nature/ILSVRC2012_val_00008247.JPEG
89,SD1.5_return,1424,GenImage_test/stable_diffusion_v_1_5/test/nature/ILSVRC2012_val_00005101.JPEG
89,SD1.5_return,1425,GenImage_test/stable_diffusion_v_1_5/test/ai/889_sdv5_00100.png
89,SD1.5_return,1426,GenImage_test/stable_diffusion_v_1_5/test/ai/371_sdv5_00009.png
89,SD1.5_return,1427,GenImage_test/stable_diffusion_v_1_5/test/ai/290_sdv5_00195.png
89,SD1.5_return,1428,GenImage_test/stable_diffusion_v_1_5/test/nature/ILSVRC2012_val_00001900.JPEG
89,SD1.5_return,1429,GenImage_test/stable_diffusion_v_1_5/test/ai/023_sdv5_00020.png
89,SD1.5_return,1430,GenImage_test/stable_diffusion_v_1_5/test/nature/ILSVRC2012_val_00000502.JPEG
89,SD1.5_return,1431,GenImage_test/stable_diffusion_v_1_5/test/ai/062_sdv5_00009.png
89,SD1.5_return,1432,GenImage_test/stable_diffusion_v_1_5/test/ai/449_sdv5_00135.png
89,SD1.5_return,1433,GenImage_test/stable_diffusion_v_1_5/test/ai/811_sdv5_00020.png
89,SD1.5_return,1434,GenImage_test/stable_diffusion_v_1_5/test/ai/621_sdv5_00100.png
89,SD1.5_return,1435,GenImage_test/stable_diffusion_v_1_5/test/ai/758_sdv5_00135.png
89,SD1.5_return,1436,GenImage_test/stable_diffusion_v_1_5/test/nature/ILSVRC2012_val_00007677.JPEG
89,SD1.5_return,1437,GenImage_test/stable_diffusion_v_1_5/test/nature/ILSVRC2012_val_00013673.JPEG
89,SD1.5_return,1438,GenImage_test/stable_diffusion_v_1_5/test/ai/669_sdv5_00020.png
89,SD1.5_return,1439,GenImage_test/stable_diffusion_v_1_5/test/nature/ILSVRC2012_val_00019962.JPEG
90,SD1.5_return,1440,GenImage_test/stable_diffusion_v_1_5/test/ai/319_sdv5_00020.png
90,SD1.5_return,1441,GenImage_test/stable_diffusion_v_1_5/test/nature/ILSVRC2012_val_00007345.JPEG
90,SD1.5_return,1442,GenImage_test/stable_diffusion_v_1_5/test/ai/578_sdv5_00135.png
90,SD1.5_return,1443,GenImage_test/stable_diffusion_v_1_5/test/nature/ILSVRC2012_val_00013232.JPEG
90,SD1.5_return,1444,GenImage_test/stable_diffusion_v_1_5/test/ai/834_sdv5_00003.png
90,SD1.5_return,1445,GenImage_test/stable_diffusion_v_1_5/test/nature/ILSVRC2012_val_00015388.JPEG
90,SD1.5_return,1446,GenImage_test/stable_diffusion_v_1_5/test/ai/081_sdv5_00100.png
90,SD1.5_return,1447,GenImage_test/stable_diffusion_v_1_5/test/ai/457_sdv5_00039.png
90,SD1.5_return,1448,GenImage_test/stable_diffusion_v_1_5/test/ai/655_sdv5_00100.png
90,SD1.5_return,1449,GenImage_test/stable_diffusion_v_1_5/test/nature/ILSVRC2012_val_00032439.JPEG
90,SD1.5_return,1450,GenImage_test/stable_diffusion_v_1_5/test/nature/ILSVRC2012_val_00047851.JPEG
90,SD1.5_return,1451,GenImage_test/stable_diffusion_v_1_5/test/nature/ILSVRC2012_val_00048817.JPEG
90,SD1.5_return,1452,GenImage_test/stable_diffusion_v_1_5/test/nature/ILSVRC2012_val_00034300.JPEG
90,SD1.5_return,1453,GenImage_test/stable_diffusion_v_1_5/test/nature/ILSVRC2012_val_00003180.JPEG
90,SD1.5_return,1454,GenImage_test/stable_diffusion_v_1_5/test/ai/255_sdv5_00135.png
90,SD1.5_return,1455,GenImage_test/stable_diffusion_v_1_5/test/nature/ILSVRC2012_val_00019523.JPEG
91,SD1.5_return,1456,GenImage_test/stable_diffusion_v_1_5/test/nature/ILSVRC2012_val_00037030.JPEG
91,SD1.5_return,1457,GenImage_test/stable_diffusion_v_1_5/test/nature/ILSVRC2012_val_00000864.JPEG
91,SD1.5_return,1458,GenImage_test/stable_diffusion_v_1_5/test/ai/032_sdv5_00020.png
91,SD1.5_return,1459,GenImage_test/stable_diffusion_v_1_5/test/nature/ILSVRC2012_val_00047873.JPEG
91,SD1.5_return,1460,GenImage_test/stable_diffusion_v_1_5/test/nature/ILSVRC2012_val_00040866.JPEG
91,SD1.5_return,1461,GenImage_test/stable_diffusion_v_1_5/test/nature/ILSVRC2012_val_00025789.JPEG
91,SD1.5_return,1462,GenImage_test/stable_diffusion_v_1_5/test/ai/559_sdv5_00027.png
91,SD1.5_return,1463,GenImage_test/stable_diffusion_v_1_5/test/ai/830_sdv5_00135.png
91,SD1.5_return,1464,GenImage_test/stable_diffusion_v_1_5/test/nature/ILSVRC2012_val_00000497.JPEG
91,SD1.5_return,1465,GenImage_test/stable_diffusion_v_1_5/test/ai/293_sdv5_00039.png
91,SD1.5_return,1466,GenImage_test/stable_diffusion_v_1_5/test/nature/ILSVRC2012_val_00011528.JPEG
91,SD1.5_return,1467,GenImage_test/stable_diffusion_v_1_5/test/nature/ILSVRC2012_val_00013922.JPEG
91,SD1.5_return,1468,GenImage_test/stable_diffusion_v_1_5/test/ai/214_sdv5_00020.png
91,SD1.5_return,1469,GenImage_test/stable_diffusion_v_1_5/test/nature/ILSVRC2012_val_00040720.JPEG
91,SD1.5_return,1470,GenImage_test/stable_diffusion_v_1_5/test/nature/ILSVRC2012_val_00014658.JPEG
91,SD1.5_return,1471,GenImage_test/stable_diffusion_v_1_5/test/nature/ILSVRC2012_val_00019393.JPEG
92,SD1.5_return,1472,GenImage_test/stable_diffusion_v_1_5/test/nature/ILSVRC2012_val_00025800.JPEG
92,SD1.5_return,1473,GenImage_test/stable_diffusion_v_1_5/test/ai/322_sdv5_00039.png
92,SD1.5_return,1474,GenImage_test/stable_diffusion_v_1_5/test/ai/213_sdv5_00100.png
92,SD1.5_return,1475,GenImage_test/stable_diffusion_v_1_5/test/nature/ILSVRC2012_val_00047927.JPEG
92,SD1.5_return,1476,GenImage_test/stable_diffusion_v_1_5/test/ai/230_sdv5_00020.png
92,SD1.5_return,1477,GenImage_test/stable_diffusion_v_1_5/test/nature/ILSVRC2012_val_00015882.JPEG
92,SD1.5_return,1478,GenImage_test/stable_diffusion_v_1_5/test/ai/591_sdv5_00020.png
92,SD1.5_return,1479,GenImage_test/stable_diffusion_v_1_5/test/nature/ILSVRC2012_val_00044599.JPEG
92,SD1.5_return,1480,GenImage_test/stable_diffusion_v_1_5/test/nature/ILSVRC2012_val_00041833.JPEG
92,SD1.5_return,1481,GenImage_test/stable_diffusion_v_1_5/test/ai/924_sdv5_00020.png
92,SD1.5_return,1482,GenImage_test/stable_diffusion_v_1_5/test/ai/922_sdv5_00027.png
92,SD1.5_return,1483,GenImage_test/stable_diffusion_v_1_5/test/nature/ILSVRC2012_val_00009492.JPEG
92,SD1.5_return,1484,GenImage_test/stable_diffusion_v_1_5/test/ai/722_sdv5_00135.png
92,SD1.5_return,1485,GenImage_test/stable_diffusion_v_1_5/test/nature/ILSVRC2012_val_00024073.JPEG
92,SD1.5_return,1486,GenImage_test/stable_diffusion_v_1_5/test/nature/ILSVRC2012_val_00037079.JPEG
92,SD1.5_return,1487,GenImage_test/stable_diffusion_v_1_5/test/ai/848_sdv5_00020.png
93,SD1.5_return,1488,GenImage_test/stable_diffusion_v_1_5/test/nature/ILSVRC2012_val_00029929.JPEG
93,SD1.5_return,1489,GenImage_test/stable_diffusion_v_1_5/test/nature/ILSVRC2012_val_00038660.JPEG
93,SD1.5_return,1490,GenImage_test/stable_diffusion_v_1_5/test/ai/124_sdv5_00135.png
93,SD1.5_return,1491,GenImage_test/stable_diffusion_v_1_5/test/ai/292_sdv5_00100.png
93,SD1.5_return,1492,GenImage_test/stable_diffusion_v_1_5/test/ai/524_sdv5_00009.png
93,SD1.5_return,1493,GenImage_test/stable_diffusion_v_1_5/test/ai/080_sdv5_00027.png
93,SD1.5_return,1494,GenImage_test/stable_diffusion_v_1_5/test/nature/ILSVRC2012_val_00002704.JPEG
93,SD1.5_return,1495,GenImage_test/stable_diffusion_v_1_5/test/nature/ILSVRC2012_val_00003297.JPEG
93,SD1.5_return,1496,GenImage_test/stable_diffusion_v_1_5/test/nature/ILSVRC2012_val_00026013.JPEG
93,SD1.5_return,1497,GenImage_test/stable_diffusion_v_1_5/test/ai/637_sdv5_00009.png
93,SD1.5_return,1498,GenImage_test/stable_diffusion_v_1_5/test/nature/ILSVRC2012_val_00010634.JPEG
93,SD1.5_return,1499,GenImage_test/stable_diffusion_v_1_5/test/nature/ILSVRC2012_val_00035931.JPEG
93,SD1.5_return,1500,GenImage_test/stable_diffusion_v_1_5/test/ai/674_sdv5_00039.png
93,SD1.5_return,1501,GenImage_test/stable_diffusion_v_1_5/test/nature/ILSVRC2012_val_00049766.JPEG
93,SD1.5_return,1502,GenImage_test/stable_diffusion_v_1_5/test/ai/159_sdv5_00135.png
93,SD1.5_return,1503,GenImage_test/stable_diffusion_v_1_5/test/nature/ILSVRC2012_val_00014822.JPEG
94,SD1.5_return,1504,GenImage_test/stable_diffusion_v_1_5/test/nature/ILSVRC2012_val_00009629.JPEG
94,SD1.5_return,1505,GenImage_test/stable_diffusion_v_1_5/test/nature/ILSVRC2012_val_00000708.JPEG
94,SD1.5_return,1506,GenImage_test/stable_diffusion_v_1_5/test/ai/532_sdv5_00020.png
94,SD1.5_return,1507,GenImage_test/stable_diffusion_v_1_5/test/ai/206_sdv5_00003.png
94,SD1.5_return,1508,GenImage_test/stable_diffusion_v_1_5/test/ai/631_sdv5_00135.png
94,SD1.5_return,1509,GenImage_test/stable_diffusion_v_1_5/test/ai/924_sdv5_00003.png
94,SD1.5_return,1510,GenImage_test/stable_diffusion_v_1_5/test/ai/292_sdv5_00135.png
94,SD1.5_return,1511,GenImage_test/stable_diffusion_v_1_5/test/ai/307_sdv5_00195.png
94,SD1.5_return,1512,GenImage_test/stable_diffusion_v_1_5/test/ai/942_sdv5_00100.png
94,SD1.5_return,1513,GenImage_test/stable_diffusion_v_1_5/test/nature/ILSVRC2012_val_00037297.JPEG
94,SD1.5_return,1514,GenImage_test/stable_diffusion_v_1_5/test/nature/ILSVRC2012_val_00005974.JPEG
94,SD1.5_return,1515,GenImage_test/stable_diffusion_v_1_5/test/nature/ILSVRC2012_val_00043740.JPEG
94,SD1.5_return,1516,GenImage_test/stable_diffusion_v_1_5/test/nature/ILSVRC2012_val_00007015.JPEG
94,SD1.5_return,1517,GenImage_test/stable_diffusion_v_1_5/test/ai/759_sdv5_00003.png
94,SD1.5_return,1518,GenImage_test/stable_diffusion_v_1_5/test/ai/423_sdv5_00195.png
94,SD1.5_return,1519,GenImage_test/stable_diffusion_v_1_5/test/nature/ILSVRC2012_val_00031497.JPEG
95,SD1.5_return,1520,GenImage_test/stable_diffusion_v_1_5/test/ai/853_sdv5_00100.png
95,SD1.5_return,1521,GenImage_test/stable_diffusion_v_1_5/test/ai/986_sdv5_00100.png
95,SD1.5_return,1522,GenImage_test/stable_diffusion_v_1_5/test/nature/ILSVRC2012_val_00020572.JPEG
95,SD1.5_return,1523,GenImage_test/stable_diffusion_v_1_5/test/ai/443_sdv5_00027.png
95,SD1.5_return,1524,GenImage_test/stable_diffusion_v_1_5/test/nature/ILSVRC2012_val_00007850.JPEG
95,SD1.5_return,1525,GenImage_test/stable_diffusion_v_1_5/test/nature/ILSVRC2012_val_00017536.JPEG
95,SD1.5_return,1526,GenImage_test/stable_diffusion_v_1_5/test/ai/463_sdv5_00039.png
95,SD1.5_return,1527,GenImage_test/stable_diffusion_v_1_5/test/nature/ILSVRC2012_val_00028756.JPEG
95,SD1.5_return,1528,GenImage_test/stable_diffusion_v_1_5/test/nature/ILSVRC2012_val_00049173.JPEG
95,SD1.5_return,1529,GenImage_test/stable_diffusion_v_1_5/test/ai/080_sdv5_00003.png
95,SD1.5_return,1530,GenImage_test/stable_diffusion_v_1_5/test/ai/594_sdv5_00195.png
95,SD1.5_return,1531,GenImage_test/stable_diffusion_v_1_5/test/nature/ILSVRC2012_val_00041152.JPEG
95,SD1.5_return,1532,GenImage_test/stable_diffusion_v_1_5/test/ai/523_sdv5_00003.png
95,SD1.5_return,1533,GenImage_test/stable_diffusion_v_1_5/test/ai/224_sdv5_00195.png
95,SD1.5_return,1534,GenImage_test/stable_diffusion_v_1_5/test/ai/727_sdv5_00195.png
95,SD1.5_return,1535,GenImage_test/stable_diffusion_v_1_5/test/nature/ILSVRC2012_val_00030973.JPEG
96,SD1.5_return,1536,GenImage_test/stable_diffusion_v_1_5/test/nature/ILSVRC2012_val_00032381.JPEG
96,SD1.5_return,1537,GenImage_test/stable_diffusion_v_1_5/test/ai/281_sdv5_00135.png
96,SD1.5_return,1538,GenImage_test/stable_diffusion_v_1_5/test/nature/ILSVRC2012_val_00047458.JPEG
96,SD1.5_return,1539,GenImage_test/stable_diffusion_v_1_5/test/nature/ILSVRC2012_val_00039633.JPEG
96,SD1.5_return,1540,GenImage_test/stable_diffusion_v_1_5/test/ai/363_sdv5_00027.png
96,SD1.5_return,1541,GenImage_test/stable_diffusion_v_1_5/test/ai/842_sdv5_00100.png
96,SD1.5_return,1542,GenImage_test/stable_diffusion_v_1_5/test/ai/413_sdv5_00039.png
96,SD1.5_return,1543,GenImage_test/stable_diffusion_v_1_5/test/ai/231_sdv5_00027.png
96,SD1.5_return,1544,GenImage_test/stable_diffusion_v_1_5/test/ai/430_sdv5_00009.png
96,SD1.5_return,1545,GenImage_test/stable_diffusion_v_1_5/test/ai/461_sdv5_00100.png
96,SD1.5_return,1546,GenImage_test/stable_diffusion_v_1_5/test/nature/ILSVRC2012_val_00017192.JPEG
96,SD1.5_return,1547,GenImage_test/stable_diffusion_v_1_5/test/ai/389_sdv5_00135.png
96,SD1.5_return,1548,GenImage_test/stable_diffusion_v_1_5/test/nature/ILSVRC2012_val_00038277.JPEG
96,SD1.5_return,1549,GenImage_test/stable_diffusion_v_1_5/test/ai/285_sdv5_00100.png
96,SD1.5_return,1550,GenImage_test/stable_diffusion_v_1_5/test/nature/ILSVRC2012_val_00006347.JPEG
96,SD1.5_return,1551,GenImage_test/stable_diffusion_v_1_5/test/nature/ILSVRC2012_val_00021777.JPEG
97,SD1.5_return,1552,GenImage_test/stable_diffusion_v_1_5/test/ai/713_sdv5_00003.png
97,SD1.5_return,1553,GenImage_test/stable_diffusion_v_1_5/test/nature/ILSVRC2012_val_00024640.JPEG
97,SD1.5_return,1554,GenImage_test/stable_diffusion_v_1_5/test/nature/ILSVRC2012_val_00011861.JPEG
97,SD1.5_return,1555,GenImage_test/stable_diffusion_v_1_5/test/ai/254_sdv5_00020.png
97,SD1.5_return,1556,GenImage_test/stable_diffusion_v_1_5/test/nature/ILSVRC2012_val_00006346.JPEG
97,SD1.5_return,1557,GenImage_test/stable_diffusion_v_1_5/test/nature/ILSVRC2012_val_00038585.JPEG
97,SD1.5_return,1558,GenImage_test/stable_diffusion_v_1_5/test/ai/929_sdv5_00003.png
97,SD1.5_return,1559,GenImage_test/stable_diffusion_v_1_5/test/nature/ILSVRC2012_val_00040526.JPEG
97,SD1.5_return,1560,GenImage_test/stable_diffusion_v_1_5/test/nature/ILSVRC2012_val_00045109.JPEG
97,SD1.5_return,1561,GenImage_test/stable_diffusion_v_1_5/test/nature/ILSVRC2012_val_00007495.JPEG
97,SD1.5_return,1562,GenImage_test/stable_diffusion_v_1_5/test/ai/622_sdv5_00135.png
97,SD1.5_return,1563,GenImage_test/stable_diffusion_v_1_5/test/ai/372_sdv5_00135.png
97,SD1.5_return,1564,GenImage_test/stable_diffusion_v_1_5/test/ai/746_sdv5_00003.png
97,SD1.5_return,1565,GenImage_test/stable_diffusion_v_1_5/test/ai/082_sdv5_00027.png
97,SD1.5_return,1566,GenImage_test/stable_diffusion_v_1_5/test/ai/444_sdv5_00027.png
97,SD1.5_return,1567,GenImage_test/stable_diffusion_v_1_5/test/ai/207_sdv5_00039.png
98,SD1.5_return,1568,GenImage_test/stable_diffusion_v_1_5/test/nature/ILSVRC2012_val_00013963.JPEG
98,SD1.5_return,1569,GenImage_test/stable_diffusion_v_1_5/test/ai/075_sdv5_00135.png
98,SD1.5_return,1570,GenImage_test/stable_diffusion_v_1_5/test/nature/ILSVRC2012_val_00001048.JPEG
98,SD1.5_return,1571,GenImage_test/stable_diffusion_v_1_5/test/nature/ILSVRC2012_val_00031263.JPEG
98,SD1.5_return,1572,GenImage_test/stable_diffusion_v_1_5/test/ai/497_sdv5_00039.png
98,SD1.5_return,1573,GenImage_test/stable_diffusion_v_1_5/test/ai/551_sdv5_00195.png
98,SD1.5_return,1574,GenImage_test/stable_diffusion_v_1_5/test/nature/ILSVRC2012_val_00046019.JPEG
98,SD1.5_return,1575,GenImage_test/stable_diffusion_v_1_5/test/nature/ILSVRC2012_val_00009048.JPEG
98,SD1.5_return,1576,GenImage_test/stable_diffusion_v_1_5/test/nature/ILSVRC2012_val_00031598.JPEG
98,SD1.5_return,1577,GenImage_test/stable_diffusion_v_1_5/test/ai/323_sdv5_00195.png
98,SD1.5_return,1578,GenImage_test/stable_diffusion_v_1_5/test/ai/197_sdv5_00003.png
98,SD1.5_return,1579,GenImage_test/stable_diffusion_v_1_5/test/ai/987_sdv5_00039.png
98,SD1.5_return,1580,GenImage_test/stable_diffusion_v_1_5/test/nature/ILSVRC2012_val_00034334.JPEG
98,SD1.5_return,1581,GenImage_test/stable_diffusion_v_1_5/test/nature/ILSVRC2012_val_00013181.JPEG
98,SD1.5_return,1582,GenImage_test/stable_diffusion_v_1_5/test/nature/ILSVRC2012_val_00001232.JPEG
98,SD1.5_return,1583,GenImage_test/stable_diffusion_v_1_5/test/nature/ILSVRC2012_val_00001226.JPEG
99,SD1.5_return,1584,GenImage_test/stable_diffusion_v_1_5/test/ai/566_sdv5_00100.png
99,SD1.5_return,1585,GenImage_test/stable_diffusion_v_1_5/test/ai/795_sdv5_00027.png
99,SD1.5_return,1586,GenImage_test/stable_diffusion_v_1_5/test/ai/603_sdv5_00039.png
99,SD1.5_return,1587,GenImage_test/stable_diffusion_v_1_5/test/ai/040_sdv5_00039.png
99,SD1.5_return,1588,GenImage_test/stable_diffusion_v_1_5/test/ai/667_sdv5_00003.png
99,SD1.5_return,1589,GenImage_test/stable_diffusion_v_1_5/test/nature/ILSVRC2012_val_00012986.JPEG
99,SD1.5_return,1590,GenImage_test/stable_diffusion_v_1_5/test/ai/776_sdv5_00100.png
99,SD1.5_return,1591,GenImage_test/stable_diffusion_v_1_5/test/ai/176_sdv5_00020.png
99,SD1.5_return,1592,GenImage_test/stable_diffusion_v_1_5/test/nature/ILSVRC2012_val_00023104.JPEG
99,SD1.5_return,1593,GenImage_test/stable_diffusion_v_1_5/test/nature/ILSVRC2012_val_00035351.JPEG
99,SD1.5_return,1594,GenImage_test/stable_diffusion_v_1_5/test/ai/043_sdv5_00100.png
99,SD1.5_return,1595,GenImage_test/stable_diffusion_v_1_5/test/ai/356_sdv5_00020.png
99,SD1.5_return,1596,GenImage_test/stable_diffusion_v_1_5/test/nature/ILSVRC2012_val_00014054.JPEG
99,SD1.5_return,1597,GenImage_test/stable_diffusion_v_1_5/test/ai/635_sdv5_00135.png
99,SD1.5_return,1598,GenImage_test/stable_diffusion_v_1_5/test/nature/ILSVRC2012_val_00046668.JPEG
99,SD1.5_return,1599,GenImage_test/stable_diffusion_v_1_5/test/nature/ILSVRC2012_val_00036401.JPEG
100,SD1.5_return,1600,GenImage_test/stable_diffusion_v_1_5/test/ai/577_sdv5_00027.png
100,SD1.5_return,1601,GenImage_test/stable_diffusion_v_1_5/test/ai/959_sdv5_00003.png
100,SD1.5_return,1602,GenImage_test/stable_diffusion_v_1_5/test/nature/ILSVRC2012_val_00015666.JPEG
100,SD1.5_return,1603,GenImage_test/stable_diffusion_v_1_5/test/ai/278_sdv5_00100.png
100,SD1.5_return,1604,GenImage_test/stable_diffusion_v_1_5/test/ai/082_sdv5_00009.png
100,SD1.5_return,1605,GenImage_test/stable_diffusion_v_1_5/test/nature/ILSVRC2012_val_00037069.JPEG
100,SD1.5_return,1606,GenImage_test/stable_diffusion_v_1_5/test/ai/379_sdv5_00027.png
100,SD1.5_return,1607,GenImage_test/stable_diffusion_v_1_5/test/ai/028_sdv5_00009.png
100,SD1.5_return,1608,GenImage_test/stable_diffusion_v_1_5/test/nature/ILSVRC2012_val_00029127.JPEG
100,SD1.5_return,1609,GenImage_test/stable_diffusion_v_1_5/test/nature/ILSVRC2012_val_00039192.JPEG
100,SD1.5_return,1610,GenImage_test/stable_diffusion_v_1_5/test/ai/383_sdv5_00195.png
100,SD1.5_return,1611,GenImage_test/stable_diffusion_v_1_5/test/ai/310_sdv5_00027.png
100,SD1.5_return,1612,GenImage_test/stable_diffusion_v_1_5/test/ai/701_sdv5_00195.png
100,SD1.5_return,1613,GenImage_test/stable_diffusion_v_1_5/test/ai/406_sdv5_00009.png
100,SD1.5_return,1614,GenImage_test/stable_diffusion_v_1_5/test/nature/ILSVRC2012_val_00023259.JPEG
100,SD1.5_return,1615,GenImage_test/stable_diffusion_v_1_5/test/ai/604_sdv5_00039.png
101,SD1.5_return,1616,GenImage_test/stable_diffusion_v_1_5/test/ai/275_sdv5_00003.png
101,SD1.5_return,1617,GenImage_test/stable_diffusion_v_1_5/test/nature/ILSVRC2012_val_00028411.JPEG
101,SD1.5_return,1618,GenImage_test/stable_diffusion_v_1_5/test/ai/087_sdv5_00020.png
101,SD1.5_return,1619,GenImage_test/stable_diffusion_v_1_5/test/nature/ILSVRC2012_val_00048208.JPEG
101,SD1.5_return,1620,GenImage_test/stable_diffusion_v_1_5/test/ai/411_sdv5_00027.png
101,SD1.5_return,1621,GenImage_test/stable_diffusion_v_1_5/test/ai/641_sdv5_00027.png
101,SD1.5_return,1622,GenImage_test/stable_diffusion_v_1_5/test/nature/ILSVRC2012_val_00034882.JPEG
101,SD1.5_return,1623,GenImage_test/stable_diffusion_v_1_5/test/nature/ILSVRC2012_val_00048221.JPEG
101,SD1.5_return,1624,GenImage_test/stable_diffusion_v_1_5/test/nature/ILSVRC2012_val_00016796.JPEG
101,SD1.5_return,1625,GenImage_test/stable_diffusion_v_1_5/test/nature/ILSVRC2012_val_00017195.JPEG
101,SD1.5_return,1626,GenImage_test/stable_diffusion_v_1_5/test/nature/ILSVRC2012_val_00001735.JPEG
101,SD1.5_return,1627,GenImage_test/stable_diffusion_v_1_5/test/ai/826_sdv5_00039.png
101,SD1.5_return,1628,GenImage_test/stable_diffusion_v_1_5/test/nature/ILSVRC2012_val_00029183.JPEG
101,SD1.5_return,1629,GenImage_test/stable_diffusion_v_1_5/test/nature/ILSVRC2012_val_00017736.JPEG
101,SD1.5_return,1630,GenImage_test/stable_diffusion_v_1_5/test/nature/ILSVRC2012_val_00021653.JPEG
101,SD1.5_return,1631,GenImage_test/stable_diffusion_v_1_5/test/ai/307_sdv5_00039.png
102,SD1.5_return,1632,GenImage_test/stable_diffusion_v_1_5/test/nature/ILSVRC2012_val_00033148.JPEG
102,SD1.5_return,1633,GenImage_test/stable_diffusion_v_1_5/test/ai/966_sdv5_00100.png
102,SD1.5_return,1634,GenImage_test/stable_diffusion_v_1_5/test/nature/ILSVRC2012_val_00035111.JPEG
102,SD1.5_return,1635,GenImage_test/stable_diffusion_v_1_5/test/nature/ILSVRC2012_val_00044236.JPEG
102,SD1.5_return,1636,GenImage_test/stable_diffusion_v_1_5/test/nature/ILSVRC2012_val_00014843.JPEG
102,SD1.5_return,1637,GenImage_test/stable_diffusion_v_1_5/test/nature/ILSVRC2012_val_00026819.JPEG
102,SD1.5_return,1638,GenImage_test/stable_diffusion_v_1_5/test/nature/ILSVRC2012_val_00033814.JPEG
102,SD1.5_return,1639,GenImage_test/stable_diffusion_v_1_5/test/ai/081_sdv5_00009.png
102,SD1.5_return,1640,GenImage_test/stable_diffusion_v_1_5/test/nature/ILSVRC2012_val_00027007.JPEG
102,SD1.5_return,1641,GenImage_test/stable_diffusion_v_1_5/test/ai/002_sdv5_00195.png
102,SD1.5_return,1642,GenImage_test/stable_diffusion_v_1_5/test/nature/ILSVRC2012_val_00012324.JPEG
102,SD1.5_return,1643,GenImage_test/stable_diffusion_v_1_5/test/ai/157_sdv5_00135.png
102,SD1.5_return,1644,GenImage_test/stable_diffusion_v_1_5/test/nature/ILSVRC2012_val_00002543.JPEG
102,SD1.5_return,1645,GenImage_test/stable_diffusion_v_1_5/test/ai/321_sdv5_00100.png
102,SD1.5_return,1646,GenImage_test/stable_diffusion_v_1_5/test/nature/ILSVRC2012_val_00042385.JPEG
102,SD1.5_return,1647,GenImage_test/stable_diffusion_v_1_5/test/nature/ILSVRC2012_val_00000640.JPEG
103,SD1.5_return,1648,GenImage_test/stable_diffusion_v_1_5/test/nature/ILSVRC2012_val_00031826.JPEG
103,SD1.5_return,1649,GenImage_test/stable_diffusion_v_1_5/test/nature/ILSVRC2012_val_00004669.JPEG
103,SD1.5_return,1650,GenImage_test/stable_diffusion_v_1_5/test/ai/838_sdv5_00195.png
103,SD1.5_return,1651,GenImage_test/stable_diffusion_v_1_5/test/nature/ILSVRC2012_val_00049473.JPEG
103,SD1.5_return,1652,GenImage_test/stable_diffusion_v_1_5/test/nature/ILSVRC2012_val_00039447.JPEG
103,SD1.5_return,1653,GenImage_test/stable_diffusion_v_1_5/test/nature/ILSVRC2012_val_00004474.JPEG
103,SD1.5_return,1654,GenImage_test/stable_diffusion_v_1_5/test/nature/ILSVRC2012_val_00004743.JPEG
103,SD1.5_return,1655,GenImage_test/stable_diffusion_v_1_5/test/ai/519_sdv5_00009.png
103,SD1.5_return,1656,GenImage_test/stable_diffusion_v_1_5/test/nature/ILSVRC2012_val_00019519.JPEG
103,SD1.5_return,1657,GenImage_test/stable_diffusion_v_1_5/test/ai/384_sdv5_00027.png
103,SD1.5_return,1658,GenImage_test/stable_diffusion_v_1_5/test/nature/ILSVRC2012_val_00026114.JPEG
103,SD1.5_return,1659,GenImage_test/stable_diffusion_v_1_5/test/nature/ILSVRC2012_val_00045530.JPEG
103,SD1.5_return,1660,GenImage_test/stable_diffusion_v_1_5/test/ai/816_sdv5_00020.png
103,SD1.5_return,1661,GenImage_test/stable_diffusion_v_1_5/test/ai/025_sdv5_00135.png
103,SD1.5_return,1662,GenImage_test/stable_diffusion_v_1_5/test/ai/004_sdv5_00009.png
103,SD1.5_return,1663,GenImage_test/stable_diffusion_v_1_5/test/nature/ILSVRC2012_val_00022068.JPEG
104,SD1.5_return,1664,GenImage_test/stable_diffusion_v_1_5/test/ai/283_sdv5_00003.png
104,SD1.5_return,1665,GenImage_test/stable_diffusion_v_1_5/test/nature/ILSVRC2012_val_00043541.JPEG
104,SD1.5_return,1666,GenImage_test/stable_diffusion_v_1_5/test/ai/594_sdv5_00020.png
104,SD1.5_return,1667,GenImage_test/stable_diffusion_v_1_5/test/ai/431_sdv5_00027.png
104,SD1.5_return,1668,GenImage_test/stable_diffusion_v_1_5/test/nature/ILSVRC2012_val_00013313.JPEG
104,SD1.5_return,1669,GenImage_test/stable_diffusion_v_1_5/test/ai/037_sdv5_00135.png
104,SD1.5_return,1670,GenImage_test/stable_diffusion_v_1_5/test/ai/422_sdv5_00039.png
104,SD1.5_return,1671,GenImage_test/stable_diffusion_v_1_5/test/nature/ILSVRC2012_val_00010509.JPEG
104,SD1.5_return,1672,GenImage_test/stable_diffusion_v_1_5/test/nature/ILSVRC2012_val_00007540.JPEG
104,SD1.5_return,1673,GenImage_test/stable_diffusion_v_1_5/test/ai/484_sdv5_00195.png
104,SD1.5_return,1674,GenImage_test/stable_diffusion_v_1_5/test/ai/445_sdv5_00039.png
104,SD1.5_return,1675,GenImage_test/stable_diffusion_v_1_5/test/ai/466_sdv5_00195.png
104,SD1.5_return,1676,GenImage_test/stable_diffusion_v_1_5/test/nature/ILSVRC2012_val_00003298.JPEG
104,SD1.5_return,1677,GenImage_test/stable_diffusion_v_1_5/test/ai/087_sdv5_00039.png
104,SD1.5_return,1678,GenImage_test/stable_diffusion_v_1_5/test/nature/ILSVRC2012_val_00023963.JPEG
104,SD1.5_return,1679,GenImage_test/stable_diffusion_v_1_5/test/ai/752_sdv5_00135.png
105,SD1.5_return,1680,GenImage_test/stable_diffusion_v_1_5/test/nature/ILSVRC2012_val_00021732.JPEG
105,SD1.5_return,1681,GenImage_test/stable_diffusion_v_1_5/test/nature/ILSVRC2012_val_00017296.JPEG
105,SD1.5_return,1682,GenImage_test/stable_diffusion_v_1_5/test/ai/401_sdv5_00135.png
105,SD1.5_return,1683,GenImage_test/stable_diffusion_v_1_5/test/nature/ILSVRC2012_val_00040210.JPEG
105,SD1.5_return,1684,GenImage_test/stable_diffusion_v_1_5/test/ai/134_sdv5_00135.png
105,SD1.5_return,1685,GenImage_test/stable_diffusion_v_1_5/test/nature/ILSVRC2012_val_00007529.JPEG
105,SD1.5_return,1686,GenImage_test/stable_diffusion_v_1_5/test/ai/559_sdv5_00009.png
105,SD1.5_return,1687,GenImage_test/stable_diffusion_v_1_5/test/nature/ILSVRC2012_val_00019231.JPEG
105,SD1.5_return,1688,GenImage_test/stable_diffusion_v_1_5/test/ai/626_sdv5_00195.png
105,SD1.5_return,1689,GenImage_test/stable_diffusion_v_1_5/test/ai/836_sdv5_00027.png
105,SD1.5_return,1690,GenImage_test/stable_diffusion_v_1_5/test/ai/906_sdv5_00003.png
105,SD1.5_return,1691,GenImage_test/stable_diffusion_v_1_5/test/ai/978_sdv5_00020.png
105,SD1.5_return,1692,GenImage_test/stable_diffusion_v_1_5/test/ai/814_sdv5_00027.png
105,SD1.5_return,1693,GenImage_test/stable_diffusion_v_1_5/test/ai/932_sdv5_00009.png
105,SD1.5_return,1694,GenImage_test/stable_diffusion_v_1_5/test/nature/ILSVRC2012_val_00027310.JPEG
105,SD1.5_return,1695,GenImage_test/stable_diffusion_v_1_5/test/nature/ILSVRC2012_val_00016751.JPEG
106,SD1.5_return,1696,GenImage_test/stable_diffusion_v_1_5/test/nature/ILSVRC2012_val_00047026.JPEG
106,SD1.5_return,1697,GenImage_test/stable_diffusion_v_1_5/test/nature/ILSVRC2012_val_00007093.JPEG
106,SD1.5_return,1698,GenImage_test/stable_diffusion_v_1_5/test/ai/874_sdv5_00195.png
106,SD1.5_return,1699,GenImage_test/stable_diffusion_v_1_5/test/nature/ILSVRC2012_val_00035416.JPEG
106,SD1.5_return,1700,GenImage_test/stable_diffusion_v_1_5/test/ai/933_sdv5_00100.png
106,SD1.5_return,1701,GenImage_test/stable_diffusion_v_1_5/test/ai/852_sdv5_00009.png
106,SD1.5_return,1702,GenImage_test/stable_diffusion_v_1_5/test/nature/ILSVRC2012_val_00044733.JPEG
106,SD1.5_return,1703,GenImage_test/stable_diffusion_v_1_5/test/ai/191_sdv5_00039.png
106,SD1.5_return,1704,GenImage_test/stable_diffusion_v_1_5/test/nature/ILSVRC2012_val_00040523.JPEG
106,SD1.5_return,1705,GenImage_test/stable_diffusion_v_1_5/test/ai/575_sdv5_00135.png
106,SD1.5_return,1706,GenImage_test/stable_diffusion_v_1_5/test/nature/ILSVRC2012_val_00042151.JPEG
106,SD1.5_return,1707,GenImage_test/stable_diffusion_v_1_5/test/ai/523_sdv5_00039.png
106,SD1.5_return,1708,GenImage_test/stable_diffusion_v_1_5/test/nature/ILSVRC2012_val_00037483.JPEG
106,SD1.5_return,1709,GenImage_test/stable_diffusion_v_1_5/test/nature/ILSVRC2012_val_00011529.JPEG
106,SD1.5_return,1710,GenImage_test/stable_diffusion_v_1_5/test/nature/ILSVRC2012_val_00043950.JPEG
106,SD1.5_return,1711,GenImage_test/stable_diffusion_v_1_5/test/nature/ILSVRC2012_val_00045918.JPEG
107,SD1.5_return,1712,GenImage_test/stable_diffusion_v_1_5/test/nature/ILSVRC2012_val_00049350.JPEG
107,SD1.5_return,1713,GenImage_test/stable_diffusion_v_1_5/test/nature/ILSVRC2012_val_00025426.JPEG
107,SD1.5_return,1714,GenImage_test/stable_diffusion_v_1_5/test/nature/ILSVRC2012_val_00043564.JPEG
107,SD1.5_return,1715,GenImage_test/stable_diffusion_v_1_5/test/ai/104_sdv5_00003.png
107,SD1.5_return,1716,GenImage_test/stable_diffusion_v_1_5/test/nature/ILSVRC2012_val_00028514.JPEG
107,SD1.5_return,1717,GenImage_test/stable_diffusion_v_1_5/test/ai/231_sdv5_00195.png
107,SD1.5_return,1718,GenImage_test/stable_diffusion_v_1_5/test/ai/510_sdv5_00195.png
107,SD1.5_return,1719,GenImage_test/stable_diffusion_v_1_5/test/nature/ILSVRC2012_val_00008204.JPEG
107,SD1.5_return,1720,GenImage_test/stable_diffusion_v_1_5/test/ai/944_sdv5_00100.png
107,SD1.5_return,1721,GenImage_test/stable_diffusion_v_1_5/test/ai/809_sdv5_00039.png
107,SD1.5_return,1722,GenImage_test/stable_diffusion_v_1_5/test/ai/905_sdv5_00135.png
107,SD1.5_return,1723,GenImage_test/stable_diffusion_v_1_5/test/nature/ILSVRC2012_val_00004637.JPEG
107,SD1.5_return,1724,GenImage_test/stable_diffusion_v_1_5/test/ai/083_sdv5_00027.png
107,SD1.5_return,1725,GenImage_test/stable_diffusion_v_1_5/test/nature/ILSVRC2012_val_00048494.JPEG
107,SD1.5_return,1726,GenImage_test/stable_diffusion_v_1_5/test/nature/ILSVRC2012_val_00024360.JPEG
107,SD1.5_return,1727,GenImage_test/stable_diffusion_v_1_5/test/nature/ILSVRC2012_val_00038087.JPEG
108,SD1.5_return,1728,GenImage_test/stable_diffusion_v_1_5/test/nature/ILSVRC2012_val_00047225.JPEG
108,SD1.5_return,1729,GenImage_test/stable_diffusion_v_1_5/test/nature/ILSVRC2012_val_00043974.JPEG
108,SD1.5_return,1730,GenImage_test/stable_diffusion_v_1_5/test/ai/537_sdv5_00195.png
108,SD1.5_return,1731,GenImage_test/stable_diffusion_v_1_5/test/nature/ILSVRC2012_val_00000466.JPEG
108,SD1.5_return,1732,GenImage_test/stable_diffusion_v_1_5/test/nature/ILSVRC2012_val_00038798.JPEG
108,SD1.5_return,1733,GenImage_test/stable_diffusion_v_1_5/test/ai/743_sdv5_00135.png
108,SD1.5_return,1734,GenImage_test/stable_diffusion_v_1_5/test/nature/ILSVRC2012_val_00039090.JPEG
108,SD1.5_return,1735,GenImage_test/stable_diffusion_v_1_5/test/nature/ILSVRC2012_val_00046117.JPEG
108,SD1.5_return,1736,GenImage_test/stable_diffusion_v_1_5/test/ai/777_sdv5_00195.png
108,SD1.5_return,1737,GenImage_test/stable_diffusion_v_1_5/test/nature/ILSVRC2012_val_00047005.JPEG
108,SD1.5_return,1738,GenImage_test/stable_diffusion_v_1_5/test/ai/636_sdv5_00100.png
108,SD1.5_return,1739,GenImage_test/stable_diffusion_v_1_5/test/nature/ILSVRC2012_val_00009099.JPEG
108,SD1.5_return,1740,GenImage_test/stable_diffusion_v_1_5/test/ai/472_sdv5_00039.png
108,SD1.5_return,1741,GenImage_test/stable_diffusion_v_1_5/test/ai/360_sdv5_00039.png
108,SD1.5_return,1742,GenImage_test/stable_diffusion_v_1_5/test/ai/594_sdv5_00100.png
108,SD1.5_return,1743,GenImage_test/stable_diffusion_v_1_5/test/ai/039_sdv5_00135.png
109,SD1.5_return,1744,GenImage_test/stable_diffusion_v_1_5/test/nature/ILSVRC2012_val_00017967.JPEG
109,SD1.5_return,1745,GenImage_test/stable_diffusion_v_1_5/test/ai/729_sdv5_00003.png
109,SD1.5_return,1746,GenImage_test/stable_diffusion_v_1_5/test/ai/731_sdv5_00020.png
109,SD1.5_return,1747,GenImage_test/stable_diffusion_v_1_5/test/nature/ILSVRC2012_val_00023715.JPEG
109,SD1.5_return,1748,GenImage_test/stable_diffusion_v_1_5/test/nature/ILSVRC2012_val_00036019.JPEG
109,SD1.5_return,1749,GenImage_test/stable_diffusion_v_1_5/test/nature/ILSVRC2012_val_00007779.JPEG
109,SD1.5_return,1750,GenImage_test/stable_diffusion_v_1_5/test/ai/268_sdv5_00135.png
109,SD1.5_return,1751,GenImage_test/stable_diffusion_v_1_5/test/ai/965_sdv5_00020.png
109,SD1.5_return,1752,GenImage_test/stable_diffusion_v_1_5/test/nature/ILSVRC2012_val_00001302.JPEG
109,SD1.5_return,1753,GenImage_test/stable_diffusion_v_1_5/test/nature/ILSVRC2012_val_00021706.JPEG
109,SD1.5_return,1754,GenImage_test/stable_diffusion_v_1_5/test/nature/ILSVRC2012_val_00019479.JPEG
109,SD1.5_return,1755,GenImage_test/stable_diffusion_v_1_5/test/nature/ILSVRC2012_val_00012893.JPEG
109,SD1.5_return,1756,GenImage_test/stable_diffusion_v_1_5/test/nature/ILSVRC2012_val_00039353.JPEG
109,SD1.5_return,1757,GenImage_test/stable_diffusion_v_1_5/test/nature/ILSVRC2012_val_00014559.JPEG
109,SD1.5_return,1758,GenImage_test/stable_diffusion_v_1_5/test/ai/883_sdv5_00039.png
109,SD1.5_return,1759,GenImage_test/stable_diffusion_v_1_5/test/nature/ILSVRC2012_val_00021436.JPEG
110,SD1.5_return,1760,GenImage_test/stable_diffusion_v_1_5/test/nature/ILSVRC2012_val_00007139.JPEG
110,SD1.5_return,1761,GenImage_test/stable_diffusion_v_1_5/test/nature/ILSVRC2012_val_00001886.JPEG
110,SD1.5_return,1762,GenImage_test/stable_diffusion_v_1_5/test/ai/580_sdv5_00027.png
110,SD1.5_return,1763,GenImage_test/stable_diffusion_v_1_5/test/nature/ILSVRC2012_val_00021179.JPEG
110,SD1.5_return,1764,GenImage_test/stable_diffusion_v_1_5/test/nature/ILSVRC2012_val_00004553.JPEG
110,SD1.5_return,1765,GenImage_test/stable_diffusion_v_1_5/test/ai/550_sdv5_00003.png
110,SD1.5_return,1766,GenImage_test/stable_diffusion_v_1_5/test/ai/045_sdv5_00009.png
110,SD1.5_return,1767,GenImage_test/stable_diffusion_v_1_5/test/ai/218_sdv5_00003.png
110,SD1.5_return,1768,GenImage_test/stable_diffusion_v_1_5/test/ai/043_sdv5_00027.png
110,SD1.5_return,1769,GenImage_test/stable_diffusion_v_1_5/test/ai/343_sdv5_00039.png
110,SD1.5_return,1770,GenImage_test/stable_diffusion_v_1_5/test/ai/209_sdv5_00135.png
110,SD1.5_return,1771,GenImage_test/stable_diffusion_v_1_5/test/ai/643_sdv5_00009.png
110,SD1.5_return,1772,GenImage_test/stable_diffusion_v_1_5/test/nature/ILSVRC2012_val_00040302.JPEG
110,SD1.5_return,1773,GenImage_test/stable_diffusion_v_1_5/test/ai/036_sdv5_00100.png
110,SD1.5_return,1774,GenImage_test/stable_diffusion_v_1_5/test/ai/021_sdv5_00020.png
110,SD1.5_return,1775,GenImage_test/stable_diffusion_v_1_5/test/ai/938_sdv5_00027.png
111,SD1.5_return,1776,GenImage_test/stable_diffusion_v_1_5/test/ai/506_sdv5_00027.png
111,SD1.5_return,1777,GenImage_test/stable_diffusion_v_1_5/test/nature/ILSVRC2012_val_00020591.JPEG
111,SD1.5_return,1778,GenImage_test/stable_diffusion_v_1_5/test/ai/548_sdv5_00009.png
111,SD1.5_return,1779,GenImage_test/stable_diffusion_v_1_5/test/nature/ILSVRC2012_val_00048831.JPEG
111,SD1.5_return,1780,GenImage_test/stable_diffusion_v_1_5/test/nature/ILSVRC2012_val_00013365.JPEG
111,SD1.5_return,1781,GenImage_test/stable_diffusion_v_1_5/test/ai/191_sdv5_00027.png
111,SD1.5_return,1782,GenImage_test/stable_diffusion_v_1_5/test/nature/ILSVRC2012_val_00018701.JPEG
111,SD1.5_return,1783,GenImage_test/stable_diffusion_v_1_5/test/nature/ILSVRC2012_val_00033009.JPEG
111,SD1.5_return,1784,GenImage_test/stable_diffusion_v_1_5/test/nature/ILSVRC2012_val_00042340.JPEG
111,SD1.5_return,1785,GenImage_test/stable_diffusion_v_1_5/test/nature/ILSVRC2012_val_00037603.JPEG
111,SD1.5_return,1786,GenImage_test/stable_diffusion_v_1_5/test/nature/ILSVRC2012_val_00046104.JPEG
111,SD1.5_return,1787,GenImage_test/stable_diffusion_v_1_5/test/nature/ILSVRC2012_val_00008226.JPEG
111,SD1.5_return,1788,GenImage_test/stable_diffusion_v_1_5/test/nature/ILSVRC2012_val_00026759.JPEG
111,SD1.5_return,1789,GenImage_test/stable_diffusion_v_1_5/test/nature/ILSVRC2012_val_00034735.JPEG
111,SD1.5_return,1790,GenImage_test/stable_diffusion_v_1_5/test/nature/ILSVRC2012_val_00023560.JPEG
111,SD1.5_return,1791,GenImage_test/stable_diffusion_v_1_5/test/nature/ILSVRC2012_val_00039895.JPEG
