batch,domain,position,sample_id
0,SD1.5_first,0,GenImage_test/stable_diffusion_v_1_5/test/nature/ILSVRC2012_val_00010233.JPEG
0,SD1.5_first,1,GenImage_test/stable_diffusion_v_1_5/test/nature/ILSVRC2012_val_00015835.JPEG
0,SD1.5_first,2,GenImage_test/stable_diffusion_v_1_5/test/ai/520_sdv5_00100.png
0,SD1.5_first,3,GenImage_test/stable_diffusion_v_1_5/test/nature/ILSVRC2012_val_00015771.JPEG
0,SD1.5_first,4,GenImage_test/stable_diffusion_v_1_5/test/ai/002_sdv5_00020.png
0,SD1.5_first,5,GenImage_test/stable_diffusion_v_1_5/test/nature/ILSVRC2012_val_00030106.JPEG
0,SD1.5_first,6,GenImage_test/stable_diffusion_v_1_5/test/nature/ILSVRC2012_val_00008078.JPEG
0,SD1.5_first,7,GenImage_test/stable_diffusion_v_1_5/test/ai/309_sdv5_00195.png
0,SD1.5_first,8,GenImage_test/stable_diffusion_v_1_5/test/ai/437_sdv5_00135.png
0,SD1.5_first,9,GenImage_test/stable_diffusion_v_1_5/test/nature/ILSVRC2012_val_00015925.JPEG
0,SD1.5_first,10,GenImage_test/stable_diffusion_v_1_5/test/nature/ILSVRC2012_val_00008929.JPEG
0,SD1.5_first,11,GenImage_test/stable_diffusion_v_1_5/test/ai/811_sdv5_00020.png
0,SD1.5_first,12,GenImage_test/stable_diffusion_v_1_5/test/nature/ILSVRC2012_val_00043328.JPEG
0,SD1.5_first,13,GenImage_test/stable_diffusion_v_1_5/test/ai/749_sdv5_00039.png
0,SD1.5_first,14,GenImage_test/stable_diffusion_v_1_5/test/ai/266_sdv5_00009.png
0,SD1.5_first,15,GenImage_test/stable_diffusion_v_1_5/test/ai/220_sdv5_00027.png
1,SD1.5_first,16,GenImage_test/stable_diffusion_v_1_5/test/ai/078_sdv5_00039.png
1,SD1.5_first,17,GenImage_test/stable_diffusion_v_1_5/test/nature/ILSVRC2012_val_00048920.JPEG
1,SD1.5_first,18,GenImage_test/stable_diffusion_v_1_5/test/nature/ILSVRC2012_val_00015910.JPEG
1,SD1.5_first,19,GenImage_test/stable_diffusion_v_1_5/test/nature/ILSVRC2012_val_00042429.JPEG
1,SD1.5_first,20,GenImage_test/stable_diffusion_v_1_5/test/nature/ILSVRC2012_val_00000455.JPEG
1,SD1.5_first,21,GenImage_test/stable_diffusion_v_1_5/test/ai/499_sdv5_00135.png
1,SD1.5_first,22,GenImage_test/stable_diffusion_v_1_5/test/nature/ILSVRC2012_val_00003248.JPEG
1,SD1.5_first,23,GenImage_test/stable_diffusion_v_1_5/test/ai/752_sdv5_00039.png
1,SD1.5_first,24,GenImage_test/stable_diffusion_v_1_5/test/nature/ILSVRC2012_val_00047500.JPEG
1,SD1.5_first,25,GenImage_test/stable_diffusion_v_1_5/test/nature/ILSVRC2012_val_00012201.JPEG
1,SD1.5_first,26,GenImage_test/stable_diffusion_v_1_5/test/ai/194_sdv5_00135.png
1,SD1.5_first,27,GenImage_test/stable_diffusion_v_1_5/test/nature/ILSVRC2012_val_00020624.JPEG
1,SD1.5_first,28,GenImage_test/stable_diffusion_v_1_5/test/ai/631_sdv5_00009.png
1,SD1.5_first,29,GenImage_test/stable_diffusion_v_1_5/test/ai/732_sdv5_00027.png
1,SD1.5_first,30,GenImage_test/stable_diffusion_v_1_5/test/nature/ILSVRC2012_val_00028417.JPEG
1,SD1.5_first,31,GenImage_test/stable_diffusion_v_1_5/test/ai/604_sdv5_00003.png
2,SD1.5_first,32,GenImage_test/stable_diffusion_v_1_5/test/ai/318_sdv5_00135.png
2,SD1.5_first,33,GenImage_test/stable_diffusion_v_1_5/test/ai/784_sdv5_00009.png
2,SD1.5_first,34,GenImage_test/stable_diffusion_v_1_5/test/nature/ILSVRC2012_val_00004864.JPEG
2,SD1.5_first,35,GenImage_test/stable_diffusion_v_1_5/test/nature/ILSVRC2012_val_00034697.JPEG
2,SD1.5_first,36,GenImage_test/stable_diffusion_v_1_5/test/ai/445_sdv5_00100.png
2,SD1.5_first,37,GenImage_test/stable_diffusion_v_1_5/test/ai/893_sdv5_00003.png
2,SD1.5_first,38,GenImage_test/stable_diffusion_v_1_5/test/nature/ILSVRC2012_val_00012019.JPEG
2,SD1.5_first,39,GenImage_test/stable_diffusion_v_1_5/test/ai/137_sdv5_00003.png
2,SD1.5_first,40,GenImage_test/stable_diffusion_v_1_5/test/ai/351_sdv5_00020.png
2,SD1.5_first,41,GenImage_test/stable_diffusion_v_1_5/test/ai/952_sdv5_00100.png
2,SD1.5_first,42,GenImage_test/stable_diffusion_v_1_5/test/ai/101_sdv5_00135.png
2,SD1.5_first,43,GenImage_test/stable_diffusion_v_1_5/test/ai/061_sdv5_00027.png
2,SD1.5_first,44,GenImage_test/stable_diffusion_v_1_5/test/nature/ILSVRC2012_val_00040884.JPEG
2,SD1.5_first,45,GenImage_test/stable_diffusion_v_1_5/test/ai/654_sdv5_00195.png
2,SD1.5_first,46,GenImage_test/stable_diffusion_v_1_5/test/nature/ILSVRC2012_val_00017978.JPEG
2,SD1.5_first,47,GenImage_test/stable_diffusion_v_1_5/test/ai/802_sdv5_00100.png
3,SD1.5_first,48,GenImage_test/stable_diffusion_v_1_5/test/ai/195_sdv5_00009.png
3,SD1.5_first,49,GenImage_test/stable_diffusion_v_1_5/test/nature/ILSVRC2012_val_00038805.JPEG
3,SD1.5_first,50,GenImage_test/stable_diffusion_v_1_5/test/ai/070_sdv5_00100.png
3,SD1.5_first,51,GenImage_test/stable_diffusion_v_1_5/test/ai/452_sdv5_00100.png
3,SD1.5_first,52,GenImage_test/stable_diffusion_v_1_5/test/nature/ILSVRC2012_val_00019595.JPEG
3,SD1.5_first,53,GenImage_test/stable_diffusion_v_1_5/test/nature/ILSVRC2012_val_00010441.JPEG
3,SD1.5_first,54,GenImage_test/stable_diffusion_v_1_5/test/ai/061_sdv5_00100.png
3,SD1.5_first,55,GenImage_test/stable_diffusion_v_1_5/test/ai/393_sdv5_00003.png
3,SD1.5_first,56,GenImage_test/stable_diffusion_v_1_5/test/ai/007_sdv5_00195.png
3,SD1.5_first,57,GenImage_test/stable_diffusion_v_1_5/test/nature/ILSVRC2012_val_00015617.JPEG
3,SD1.5_first,58,GenImage_test/stable_diffusion_v_1_5/test/ai/708_sdv5_00027.png
3,SD1.5_first,59,GenImage_test/stable_diffusion_v_1_5/test/nature/ILSVRC2012_val_00032085.JPEG
3,SD1.5_first,60,GenImage_test/stable_diffusion_v_1_5/test/ai/438_sdv5_00020.png
3,SD1.5_first,61,GenImage_test/stable_diffusion_v_1_5/test/nature/ILSVRC2012_val_00047141.JPEG
3,SD1.5_first,62,GenImage_test/stable_diffusion_v_1_5/test/nature/ILSVRC2012_val_00048573.JPEG
3,SD1.5_first,63,GenImage_test/stable_diffusion_v_1_5/test/nature/ILSVRC2012_val_00037658.JPEG
4,SD1.5_first,64,GenImage_test/stable_diffusion_v_1_5/test/nature/ILSVRC2012_val_00019509.JPEG
4,SD1.5_first,65,GenImage_test/stable_diffusion_v_1_5/test/nature/ILSVRC2012_val_00038581.JPEG
4,SD1.5_first,66,GenImage_test/stable_diffusion_v_1_5/test/ai/179_sdv5_00100.png
4,SD1.5_first,67,GenImage_test/stable_diffusion_v_1_5/test/ai/548_sdv5_00009.png
4,SD1.5_first,68,GenImage_test/stable_diffusion_v_1_5/test/ai/304_sdv5_00195.png
4,SD1.5_first,69,GenImage_test/stable_diffusion_v_1_5/test/nature/ILSVRC2012_val_00014764.JPEG
4,SD1.5_first,70,GenImage_test/stable_diffusion_v_1_5/test/nature/ILSVRC2012_val_00012454.JPEG
4,SD1.5_first,71,GenImage_test/stable_diffusion_v_1_5/test/ai/298_sdv5_00020.png
4,SD1.5_first,72,GenImage_test/stable_diffusion_v_1_5/test/ai/601_sdv5_00195.png
4,SD1.5_first,73,GenImage_test/stable_diffusion_v_1_5/test/nature/ILSVRC2012_val_00036028.JPEG
4,SD1.5_first,74,GenImage_test/stable_diffusion_v_1_5/test/ai/436_sdv5_00020.png
4,SD1.5_first,75,GenImage_test/stable_diffusion_v_1_5/test/nature/ILSVRC2012_val_00038195.JPEG
4,SD1.5_first,76,GenImage_test/stable_diffusion_v_1_5/test/nature/ILSVRC2012_val_00040291.JPEG
4,SD1.5_first,77,GenImage_test/stable_diffusion_v_1_5/test/ai/556_sdv5_00020.png
4,SD1.5_first,78,GenImage_test/stable_diffusion_v_1_5/test/ai/450_sdv5_00100.png
4,SD1.5_first,79,GenImage_test/stable_diffusion_v_1_5/test/ai/575_sdv5_00195.png
5,SD1.5_first,80,GenImage_test/stable_diffusion_v_1_5/test/nature/ILSVRC2012_val_00034988.JPEG
5,SD1.5_first,81,GenImage_test/stable_diffusion_v_1_5/test/nature/ILSVRC2012_val_00009826.JPEG
5,SD1.5_first,82,GenImage_test/stable_diffusion_v_1_5/test/ai/483_sdv5_00195.png
5,SD1.5_first,83,GenImage_test/stable_diffusion_v_1_5/test/nature/ILSVRC2012_val_00020110.JPEG
5,SD1.5_first,84,GenImage_test/stable_diffusion_v_1_5/test/ai/650_sdv5_00009.png
5,SD1.5_first,85,GenImage_test/stable_diffusion_v_1_5/test/ai/936_sdv5_00009.png
5,SD1.5_first,86,GenImage_test/stable_diffusion_v_1_5/test/ai/418_sdv5_00020.png
5,SD1.5_first,87,GenImage_test/stable_diffusion_v_1_5/test/ai/687_sdv5_00100.png
5,SD1.5_first,88,GenImage_test/stable_diffusion_v_1_5/test/ai/304_sdv5_00003.png
5,SD1.5_first,89,GenImage_test/stable_diffusion_v_1_5/test/nature/ILSVRC2012_val_00048721.JPEG
5,SD1.5_first,90,GenImage_test/stable_diffusion_v_1_5/test/nature/ILSVRC2012_val_00026035.JPEG
5,SD1.5_first,91,GenImage_test/stable_diffusion_v_1_5/test/nature/ILSVRC2012_val_00001478.JPEG
5,SD1.5_first,92,GenImage_test/stable_diffusion_v_1_5/test/nature/ILSVRC2012_val_00033587.JPEG
5,SD1.5_first,93,GenImage_test/stable_diffusion_v_1_5/test/nature/ILSVRC2012_val_00026752.JPEG
5,SD1.5_first,94,GenImage_test/stable_diffusion_v_1_5/test/nature/ILSVRC2012_val_00003573.JPEG
5,SD1.5_first,95,GenImage_test/stable_diffusion_v_1_5/test/nature/ILSVRC2012_val_00021279.JPEG
6,SD1.5_first,96,GenImage_test/stable_diffusion_v_1_5/test/nature/ILSVRC2012_val_00047507.JPEG
6,SD1.5_first,97,GenImage_test/stable_diffusion_v_1_5/test/nature/ILSVRC2012_val_00017607.JPEG
6,SD1.5_first,98,GenImage_test/stable_diffusion_v_1_5/test/ai/233_sdv5_00039.png
6,SD1.5_first,99,GenImage_test/stable_diffusion_v_1_5/test/nature/ILSVRC2012_val_00032834.JPEG
6,SD1.5_first,100,GenImage_test/stable_diffusion_v_1_5/test/ai/874_sdv5_00020.png
6,SD1.5_first,101,GenImage_test/stable_diffusion_v_1_5/test/nature/ILSVRC2012_val_00043702.JPEG
6,SD1.5_first,102,GenImage_test/stable_diffusion_v_1_5/test/nature/ILSVRC2012_val_00033872.JPEG
6,SD1.5_first,103,GenImage_test/stable_diffusion_v_1_5/test/ai/841_sdv5_00195.png
6,SD1.5_first,104,GenImage_test/stable_diffusion_v_1_5/test/ai/307_sdv5_00009.png
6,SD1.5_first,105,GenImage_test/stable_diffusion_v_1_5/test/ai/540_sdv5_00039.png
6,SD1.5_first,106,GenImage_test/stable_diffusion_v_1_5/test/ai/539_sdv5_00027.png
6,SD1.5_first,107,GenImage_test/stable_diffusion_v_1_5/test/nature/ILSVRC2012_val_00021340.JPEG
6,SD1.5_first,108,GenImage_test/stable_diffusion_v_1_5/test/ai/661_sdv5_00195.png
6,SD1.5_first,109,GenImage_test/stable_diffusion_v_1_5/test/ai/113_sdv5_00100.png
6,SD1.5_first,110,GenImage_test/stable_diffusion_v_1_5/test/nature/ILSVRC2012_val_00044201.JPEG
6,SD1.5_first,111,GenImage_test/stable_diffusion_v_1_5/test/nature/ILSVRC2012_val_00012679.JPEG
7,SD1.5_first,112,GenImage_test/stable_diffusion_v_1_5/test/ai/462_sdv5_00003.png
7,SD1.5_first,113,GenImage_test/stable_diffusion_v_1_5/test/nature/ILSVRC2012_val_00004182.JPEG
7,SD1.5_first,114,GenImage_test/stable_diffusion_v_1_5/test/nature/ILSVRC2012_val_00012858.JPEG
7,SD1.5_first,115,GenImage_test/stable_diffusion_v_1_5/test/nature/ILSVRC2012_val_00001225.JPEG
7,SD1.5_first,116,GenImage_test/stable_diffusion_v_1_5/test/ai/392_sdv5_00020.png
7,SD1.5_first,117,GenImage_test/stable_diffusion_v_1_5/test/ai/890_sdv5_00135.png
7,SD1.5_first,118,GenImage_test/stable_diffusion_v_1_5/test/ai/122_sdv5_00135.png
7,SD1.5_first,119,GenImage_test/stable_diffusion_v_1_5/test/nature/ILSVRC2012_val_00001842.JPEG
7,SD1.5_first,120,GenImage_test/stable_diffusion_v_1_5/test/ai/552_sdv5_00003.png
7,SD1.5_first,121,GenImage_test/stable_diffusion_v_1_5/test/ai/029_sdv5_00039.png
7,SD1.5_first,122,GenImage_test/stable_diffusion_v_1_5/test/nature/ILSVRC2012_val_00047470.JPEG
7,SD1.5_first,123,GenImage_test/stable_diffusion_v_1_5/test/nature/ILSVRC2012_val_00014158.JPEG
7,SD1.5_first,124,GenImage_test/stable_diffusion_v_1_5/test/ai/149_sdv5_00135.png
7,SD1.5_first,125,GenImage_test/stable_diffusion_v_1_5/test/ai/978_sdv5_00135.png
7,SD1.5_first,126,GenImage_test/stable_diffusion_v_1_5/test/nature/ILSVRC2012_val_00024985.JPEG
7,SD1.5_first,127,GenImage_test/stable_diffusion_v_1_5/test/ai/806_sdv5_00195.png
8,SD1.5_first,128,GenImage_test/stable_diffusion_v_1_5/test/nature/ILSVRC2012_val_00006227.JPEG
8,SD1.5_first,129,GenImage_test/stable_diffusion_v_1_5/test/ai/692_sdv5_00100.png
8,SD1.5_first,130,GenImage_test/stable_diffusion_v_1_5/test/ai/545_sdv5_00027.png
8,SD1.5_first,131,GenImage_test/stable_diffusion_v_1_5/test/nature/ILSVRC2012_val_00019966.JPEG
8,SD1.5_first,132,GenImage_test/stable_diffusion_v_1_5/test/ai/199_sdv5_00135.png
8,SD1.5_first,133,GenImage_test/stable_diffusion_v_1_5/test/ai/028_sdv5_00195.png
8,SD1.5_first,134,GenImage_test/stable_diffusion_v_1_5/test/nature/ILSVRC2012_val_00001018.JPEG
8,SD1.5_first,135,GenImage_test/stable_diffusion_v_1_5/test/ai/428_sdv5_00195.png
8,SD1.5_first,136,GenImage_test/stable_diffusion_v_1_5/test/ai/441_sdv5_00135.png
8,SD1.5_first,137,GenImage_test/stable_diffusion_v_1_5/test/nature/ILSVRC2012_val_00030520.JPEG
8,SD1.5_first,138,GenImage_test/stable_diffusion_v_1_5/test/nature/ILSVRC2012_val_00034574.JPEG
8,SD1.5_first,139,GenImage_test/stable_diffusion_v_1_5/test/ai/443_sdv5_00020.png
8,SD1.5_first,140,GenImage_test/stable_diffusion_v_1_5/test/nature/ILSVRC2012_val_00017841.JPEG
8,SD1.5_first,141,GenImage_test/stable_diffusion_v_1_5/test/ai/396_sdv5_00039.png
8,SD1.5_first,142,GenImage_test/stable_diffusion_v_1_5/test/ai/141_sdv5_00100.png
8,SD1.5_first,143,GenImage_test/stable_diffusion_v_1_5/test/nature/ILSVRC2012_val_00008681.JPEG
9,SD1.5_first,144,GenImage_test/stable_diffusion_v_1_5/test/nature/ILSVRC2012_val_00031050.JPEG
9,SD1.5_first,145,GenImage_test/stable_diffusion_v_1_5/test/nature/ILSVRC2012_val_00011658.JPEG
9,SD1.5_first,146,GenImage_test/stable_diffusion_v_1_5/test/nature/ILSVRC2012_val_00049883.JPEG
9,SD1.5_first,147,GenImage_test/stable_diffusion_v_1_5/test/ai/403_sdv5_00195.png
9,SD1.5_first,148,GenImage_test/stable_diffusion_v_1_5/test/nature/ILSVRC2012_val_00015461.JPEG
9,SD1.5_first,149,GenImage_test/stable_diffusion_v_1_5/test/nature/ILSVRC2012_val_00007461.JPEG
9,SD1.5_first,150,GenImage_test/stable_diffusion_v_1_5/test/ai/493_sdv5_00100.png
9,SD1.5_first,151,GenImage_test/stable_diffusion_v_1_5/test/ai/648_sdv5_00027.png
9,SD1.5_first,152,GenImage_test/stable_diffusion_v_1_5/test/nature/ILSVRC2012_val_00043510.JPEG
9,SD1.5_first,153,GenImage_test/stable_diffusion_v_1_5/test/ai/273_sdv5_00027.png
9,SD1.5_first,154,GenImage_test/stable_diffusion_v_1_5/test/ai/527_sdv5_00039.png
9,SD1.5_first,155,GenImage_test/stable_diffusion_v_1_5/test/nature/ILSVRC2012_val_00001122.JPEG
9,SD1.5_first,156,GenImage_test/stable_diffusion_v_1_5/test/nature/ILSVRC2012_val_00013673.JPEG
9,SD1.5_first,157,GenImage_test/stable_diffusion_v_1_5/test/ai/283_sdv5_00039.png
9,SD1.5_first,158,GenImage_test/stable_diffusion_v_1_5/test/nature/ILSVRC2012_val_00016146.JPEG
9,SD1.5_first,159,GenImage_test/stable_diffusion_v_1_5/test/nature/ILSVRC2012_val_00013721.JPEG
10,SD1.5_first,160,GenImage_test/stable_diffusion_v_1_5/test/ai/157_sdv5_00039.png
10,SD1.5_first,161,GenImage_test/stable_diffusion_v_1_5/test/nature/ILSVRC2012_val_00006447.JPEG
10,SD1.5_first,162,GenImage_test/stable_diffusion_v_1_5/test/nature/ILSVRC2012_val_00000494.JPEG
10,SD1.5_first,163,GenImage_test/stable_diffusion_v_1_5/test/nature/ILSVRC2012_val_00016496.JPEG
10,SD1.5_first,164,GenImage_test/stable_diffusion_v_1_5/test/ai/798_sdv5_00027.png
10,SD1.5_first,165,GenImage_test/stable_diffusion_v_1_5/test/ai/411_sdv5_00027.png
10,SD1.5_first,166,GenImage_test/stable_diffusion_v_1_5/test/ai/685_sdv5_00020.png
10,SD1.5_first,167,GenImage_test/stable_diffusion_v_1_5/test/nature/ILSVRC2012_val_00020359.JPEG
10,SD1.5_first,168,GenImage_test/stable_diffusion_v_1_5/test/nature/ILSVRC2012_val_00030048.JPEG
10,SD1.5_first,169,GenImage_test/stable_diffusion_v_1_5/test/nature/ILSVRC2012_val_00007495.JPEG
10,SD1.5_first,170,GenImage_test/stable_diffusion_v_1_5/test/nature/ILSVRC2012_val_00038891.JPEG
10,SD1.5_first,171,GenImage_test/stable_diffusion_v_1_5/test/nature/ILSVRC2012_val_00007933.JPEG
10,SD1.5_first,172,GenImage_test/stable_diffusion_v_1_5/test/nature/ILSVRC2012_val_00042966.JPEG
10,SD1.5_first,173,GenImage_test/stable_diffusion_v_1_5/test/ai/288_sdv5_00039.png
10,SD1.5_first,174,GenImage_test/stable_diffusion_v_1_5/test/ai/214_sdv5_00003.png
10,SD1.5_first,175,GenImage_test/stable_diffusion_v_1_5/test/nature/ILSVRC2012_val_00048015.JPEG
11,SD1.5_first,176,GenImage_test/stable_diffusion_v_1_5/test/nature/ILSVRC2012_val_00039999.JPEG
11,SD1.5_first,177,GenImage_test/stable_diffusion_v_1_5/test/nature/ILSVRC2012_val_00021730.JPEG
11,SD1.5_first,178,GenImage_test/stable_diffusion_v_1_5/test/nature/ILSVRC2012_val_00022252.JPEG
11,SD1.5_first,179,GenImage_test/stable_diffusion_v_1_5/test/nature/ILSVRC2012_val_00045531.JPEG
11,SD1.5_first,180,GenImage_test/stable_diffusion_v_1_5/test/ai/370_sdv5_00039.png
11,SD1.5_first,181,GenImage_test/stable_diffusion_v_1_5/test/ai/587_sdv5_00100.png
11,SD1.5_first,182,GenImage_test/stable_diffusion_v_1_5/test/ai/006_sdv5_00100.png
11,SD1.5_first,183,GenImage_test/stable_diffusion_v_1_5/test/ai/140_sdv5_00009.png
11,SD1.5_first,184,GenImage_test/stable_diffusion_v_1_5/test/ai/772_sdv5_00020.png
11,SD1.5_first,185,GenImage_test/stable_diffusion_v_1_5/test/nature/ILSVRC2012_val_00047910.JPEG
11,SD1.5_first,186,GenImage_test/stable_diffusion_v_1_5/test/ai/892_sdv5_00100.png
11,SD1.5_first,187,GenImage_test/stable_diffusion_v_1_5/test/nature/ILSVRC2012_val_00036455.JPEG
11,SD1.5_first,188,GenImage_test/stable_diffusion_v_1_5/test/ai/482_sdv5_00039.png
11,SD1.5_first,189,GenImage_test/stable_diffusion_v_1_5/test/ai/517_sdv5_00135.png
11,SD1.5_first,190,GenImage_test/stable_diffusion_v_1_5/test/ai/870_sdv5_00039.png
11,SD1.5_first,191,GenImage_test/stable_diffusion_v_1_5/test/nature/ILSVRC2012_val_00042909.JPEG
12,SD1.5_first,192,GenImage_test/stable_diffusion_v_1_5/test/nature/ILSVRC2012_val_00041428.JPEG
12,SD1.5_first,193,GenImage_test/stable_diffusion_v_1_5/test/nature/ILSVRC2012_val_00023109.JPEG
12,SD1.5_first,194,GenImage_test/stable_diffusion_v_1_5/test/nature/ILSVRC2012_val_00022099.JPEG
12,SD1.5_first,195,GenImage_test/stable_diffusion_v_1_5/test/ai/223_sdv5_00135.png
12,SD1.5_first,196,GenImage_test/stable_diffusion_v_1_5/test/ai/523_sdv5_00039.png
12,SD1.5_first,197,GenImage_test/stable_diffusion_v_1_5/test/nature/ILSVRC2012_val_00049946.JPEG
12,SD1.5_first,198,GenImage_test/stable_diffusion_v_1_5/test/ai/000_sdv5_00039.png
12,SD1.5_first,199,GenImage_test/stable_diffusion_v_1_5/test/nature/ILSVRC2012_val_00023480.JPEG
12,SD1.5_first,200,GenImage_test/stable_diffusion_v_1_5/test/nature/ILSVRC2012_val_00001280.JPEG
12,SD1.5_first,201,GenImage_test/stable_diffusion_v_1_5/test/nature/ILSVRC2012_val_00014540.JPEG
12,SD1.5_first,202,GenImage_test/stable_diffusion_v_1_5/test/ai/239_sdv5_00009.png
12,SD1.5_first,203,GenImage_test/stable_diffusion_v_1_5/test/nature/ILSVRC2012_val_00018748.JPEG
12,SD1.5_first,204,GenImage_test/stable_diffusion_v_1_5/test/nature/ILSVRC2012_val_00015318.JPEG
12,SD1.5_first,205,GenImage_test/stable_diffusion_v_1_5/test/nature/ILSVRC2012_val_00035862.JPEG
12,SD1.5_first,206,GenImage_test/stable_diffusion_v_1_5/test/nature/ILSVRC2012_val_00016184.JPEG
12,SD1.5_first,207,GenImage_test/stable_diffusion_v_1_5/test/nature/ILSVRC2012_val_00020866.JPEG
13,SD1.5_first,208,GenImage_test/stable_diffusion_v_1_5/test/nature/ILSVRC2012_val_00019755.JPEG
13,SD1.5_first,209,GenImage_test/stable_diffusion_v_1_5/test/nature/ILSVRC2012_val_00003146.JPEG
13,SD1.5_first,210,GenImage_test/stable_diffusion_v_1_5/test/ai/705_sdv5_00003.png
13,SD1.5_first,211,GenImage_test/stable_diffusion_v_1_5/test/ai/139_sdv5_00027.png
13,SD1.5_first,212,GenImage_test/stable_diffusion_v_1_5/test/ai/648_sdv5_00020.png
13,SD1.5_first,213,GenImage_test/stable_diffusion_v_1_5/test/ai/165_sdv5_00020.png
13,SD1.5_first,214,GenImage_test/stable_diffusion_v_1_5/test/nature/ILSVRC2012_val_00032553.JPEG
13,SD1.5_first,215,GenImage_test/stable_diffusion_v_1_5/test/ai/522_sdv5_00027.png
13,SD1.5_first,216,GenImage_test/stable_diffusion_v_1_5/test/nature/ILSVRC2012_val_00012942.JPEG
13,SD1.5_first,217,GenImage_test/stable_diffusion_v_1_5/test/nature/ILSVRC2012_val_00043245.JPEG
13,SD1.5_first,218,GenImage_test/stable_diffusion_v_1_5/test/nature/ILSVRC2012_val_00025672.JPEG
13,SD1.5_first,219,GenImage_test/stable_diffusion_v_1_5/test/ai/937_sdv5_00039.png
13,SD1.5_first,220,GenImage_test/stable_diffusion_v_1_5/test/ai/644_sdv5_00020.png
13,SD1.5_first,221,GenImage_test/stable_diffusion_v_1_5/test/ai/191_sdv5_00003.png
13,SD1.5_first,222,GenImage_test/stable_diffusion_v_1_5/test/nature/ILSVRC2012_val_00020582.JPEG
13,SD1.5_first,223,GenImage_test/stable_diffusion_v_1_5/test/nature/ILSVRC2012_val_00019295.JPEG
14,SD1.5_first,224,GenImage_test/stable_diffusion_v_1_5/test/nature/ILSVRC2012_val_00025841.JPEG
14,SD1.5_first,225,GenImage_test/stable_diffusion_v_1_5/test/nature/ILSVRC2012_val_00017272.JPEG
14,SD1.5_first,226,GenImage_test/stable_diffusion_v_1_5/test/nature/ILSVRC2012_val_00020878.JPEG
14,SD1.5_first,227,GenImage_test/stable_diffusion_v_1_5/test/ai/256_sdv5_00027.png
14,SD1.5_first,228,GenImage_test/stable_diffusion_v_1_5/test/ai/181_sdv5_00100.png
14,SD1.5_first,229,GenImage_test/stable_diffusion_v_1_5/test/nature/ILSVRC2012_val_00006985.JPEG
14,SD1.5_first,230,GenImage_test/stable_diffusion_v_1_5/test/nature/ILSVRC2012_val_00008875.JPEG
14,SD1.5_first,231,GenImage_test/stable_diffusion_v_1_5/test/ai/369_sdv5_00100.png
14,SD1.5_first,232,GenImage_test/stable_diffusion_v_1_5/test/ai/476_sdv5_00100.png
14,SD1.5_first,233,GenImage_test/stable_diffusion_v_1_5/test/nature/ILSVRC2012_val_00037533.JPEG
14,SD1.5_first,234,GenImage_test/stable_diffusion_v_1_5/test/ai/650_sdv5_00003.png
14,SD1.5_first,235,GenImage_test/stable_diffusion_v_1_5/test/ai/099_sdv5_00020.png
14,SD1.5_first,236,GenImage_test/stable_diffusion_v_1_5/test/ai/965_sdv5_00003.png
14,SD1.5_first,237,GenImage_test/stable_diffusion_v_1_5/test/ai/485_sdv5_00009.png
14,SD1.5_first,238,GenImage_test/stable_diffusion_v_1_5/test/nature/ILSVRC2012_val_00020282.JPEG
14,SD1.5_first,239,GenImage_test/stable_diffusion_v_1_5/test/ai/645_sdv5_00135.png
15,SD1.5_first,240,GenImage_test/stable_diffusion_v_1_5/test/ai/656_sdv5_00020.png
15,SD1.5_first,241,GenImage_test/stable_diffusion_v_1_5/test/ai/286_sdv5_00135.png
15,SD1.5_first,242,GenImage_test/stable_diffusion_v_1_5/test/nature/ILSVRC2012_val_00037356.JPEG
15,SD1.5_first,243,GenImage_test/stable_diffusion_v_1_5/test/ai/129_sdv5_00003.png
15,SD1.5_first,244,GenImage_test/stable_diffusion_v_1_5/test/nature/ILSVRC2012_val_00044542.JPEG
15,SD1.5_first,245,GenImage_test/stable_diffusion_v_1_5/test/ai/577_sdv5_00027.png
15,SD1.5_first,246,GenImage_test/stable_diffusion_v_1_5/test/nature/ILSVRC2012_val_00027214.JPEG
15,SD1.5_first,247,GenImage_test/stable_diffusion_v_1_5/test/nature/ILSVRC2012_val_00037941.JPEG
15,SD1.5_first,248,GenImage_test/stable_diffusion_v_1_5/test/ai/329_sdv5_00003.png
15,SD1.5_first,249,GenImage_test/stable_diffusion_v_1_5/test/ai/178_sdv5_00100.png
15,SD1.5_first,250,GenImage_test/stable_diffusion_v_1_5/test/nature/ILSVRC2012_val_00008747.JPEG
15,SD1.5_first,251,GenImage_test/stable_diffusion_v_1_5/test/nature/ILSVRC2012_val_00041066.JPEG
15,SD1.5_first,252,GenImage_test/stable_diffusion_v_1_5/test/ai/190_sdv5_00039.png
15,SD1.5_first,253,GenImage_test/stable_diffusion_v_1_5/test/ai/672_sdv5_00195.png
15,SD1.5_first,254,GenImage_test/stable_diffusion_v_1_5/test/nature/ILSVRC2012_val_00017501.JPEG
15,SD1.5_first,255,GenImage_test/stable_diffusion_v_1_5/test/ai/496_sdv5_00100.png
16,SD1.5_first,256,GenImage_test/stable_diffusion_v_1_5/test/ai/277_sdv5_00135.png
16,SD1.5_first,257,GenImage_test/stable_diffusion_v_1_5/test/ai/549_sdv5_00195.png
16,SD1.5_first,258,GenImage_test/stable_diffusion_v_1_5/test/ai/840_sdv5_00027.png
16,SD1.5_first,259,GenImage_test/stable_diffusion_v_1_5/test/nature/ILSVRC2012_val_00036183.JPEG
16,SD1.5_first,260,GenImage_test/stable_diffusion_v_1_5/test/ai/027_sdv5_00195.png
16,SD1.5_first,261,GenImage_test/stable_diffusion_v_1_5/test/ai/104_sdv5_00009.png
16,SD1.5_first,262,GenImage_test/stable_diffusion_v_1_5/test/ai/599_sdv5_00003.png
16,SD1.5_first,263,GenImage_test/stable_diffusion_v_1_5/test/nature/ILSVRC2012_val_00011051.JPEG
16,SD1.5_first,264,GenImage_test/stable_diffusion_v_1_5/test/ai/739_sdv5_00039.png
16,SD1.5_first,265,GenImage_test/stable_diffusion_v_1_5/test/ai/912_sdv5_00039.png
16,SD1.5_first,266,GenImage_test/stable_diffusion_v_1_5/test/nature/ILSVRC2012_val_00042204.JPEG
16,SD1.5_first,267,GenImage_test/stable_diffusion_v_1_5/test/ai/100_sdv5_00009.png
16,SD1.5_first,268,GenImage_test/stable_diffusion_v_1_5/test/ai/708_sdv5_00195.png
16,SD1.5_first,269,GenImage_test/stable_diffusion_v_1_5/test/nature/ILSVRC2012_val_00011538.JPEG
16,SD1.5_first,270,GenImage_test/stable_diffusion_v_1_5/test/ai/313_sdv5_00003.png
16,SD1.5_first,271,GenImage_test/stable_diffusion_v_1_5/test/nature/ILSVRC2012_val_00048552.JPEG
17,SD1.5_first,272,GenImage_test/stable_diffusion_v_1_5/test/ai/600_sdv5_00100.png
17,SD1.5_first,273,GenImage_test/stable_diffusion_v_1_5/test/nature/ILSVRC2012_val_00006299.JPEG
17,SD1.5_first,274,GenImage_test/stable_diffusion_v_1_5/test/ai/458_sdv5_00003.png
17,SD1.5_first,275,GenImage_test/stable_diffusion_v_1_5/test/ai/246_sdv5_00020.png
17,SD1.5_first,276,GenImage_test/stable_diffusion_v_1_5/test/nature/ILSVRC2012_val_00043703.JPEG
17,SD1.5_first,277,GenImage_test/stable_diffusion_v_1_5/test/nature/ILSVRC2012_val_00012200.JPEG
17,SD1.5_first,278,GenImage_test/stable_diffusion_v_1_5/test/nature/ILSVRC2012_val_00013425.JPEG
17,SD1.5_first,279,GenImage_test/stable_diffusion_v_1_5/test/ai/829_sdv5_00039.png
17,SD1.5_first,280,GenImage_test/stable_diffusion_v_1_5/test/nature/ILSVRC2012_val_00015272.JPEG
17,SD1.5_first,281,GenImage_test/stable_diffusion_v_1_5/test/ai/187_sdv5_00100.png
17,SD1.5_first,282,GenImage_test/stable_diffusion_v_1_5/test/nature/ILSVRC2012_val_00028710.JPEG
17,SD1.5_first,283,GenImage_test/stable_diffusion_v_1_5/test/ai/082_sdv5_00135.png
17,SD1.5_first,284,GenImage_test/stable_diffusion_v_1_5/test/ai/027_sdv5_00003.png
17,SD1.5_first,285,GenImage_test/stable_diffusion_v_1_5/test/ai/387_sdv5_00135.png
17,SD1.5_first,286,GenImage_test/stable_diffusion_v_1_5/test/nature/ILSVRC2012_val_00030645.JPEG
17,SD1.5_first,287,GenImage_test/stable_diffusion_v_1_5/test/ai/199_sdv5_00195.png
18,SD1.5_first,288,GenImage_test/stable_diffusion_v_1_5/test/ai/348_sdv5_00009.png
18,SD1.5_first,289,GenImage_test/stable_diffusion_v_1_5/test/ai/840_sdv5_00100.png
18,SD1.5_first,290,GenImage_test/stable_diffusion_v_1_5/test/nature/ILSVRC2012_val_00027421.JPEG
18,SD1.5_first,291,GenImage_test/stable_diffusion_v_1_5/test/ai/818_sdv5_00135.png
18,SD1.5_first,292,GenImage_test/stable_diffusion_v_1_5/test/nature/ILSVRC2012_val_00037775.JPEG
18,SD1.5_first,293,GenImage_test/stable_diffusion_v_1_5/test/nature/ILSVRC2012_val_00004849.JPEG
18,SD1.5_first,294,GenImage_test/stable_diffusion_v_1_5/test/ai/755_sdv5_00020.png
18,SD1.5_first,295,GenImage_test/stable_diffusion_v_1_5/test/nature/ILSVRC2012_val_00018402.JPEG
18,SD1.5_first,296,GenImage_test/stable_diffusion_v_1_5/test/ai/456_sdv5_00100.png
18,SD1.5_first,297,GenImage_test/stable_diffusion_v_1_5/test/ai/863_sdv5_00195.png
18,SD1.5_first,298,GenImage_test/stable_diffusion_v_1_5/test/ai/501_sdv5_00009.png
18,SD1.5_first,299,GenImage_test/stable_diffusion_v_1_5/test/ai/881_sdv5_00039.png
18,SD1.5_first,300,GenImage_test/stable_diffusion_v_1_5/test/ai/114_sdv5_00009.png
18,SD1.5_first,301,GenImage_test/stable_diffusion_v_1_5/test/ai/330_sdv5_00100.png
18,SD1.5_first,302,GenImage_test/stable_diffusion_v_1_5/test/ai/755_sdv5_00003.png
18,SD1.5_first,303,GenImage_test/stable_diffusion_v_1_5/test/ai/618_sdv5_00003.png
19,SD1.5_first,304,GenImage_test/stable_diffusion_v_1_5/test/nature/ILSVRC2012_val_00038291.JPEG
19,SD1.5_first,305,GenImage_test/stable_diffusion_v_1_5/test/nature/ILSVRC2012_val_00024628.JPEG
19,SD1.5_first,306,GenImage_test/stable_diffusion_v_1_5/test/ai/555_sdv5_00039.png
19,SD1.5_first,307,GenImage_test/stable_diffusion_v_1_5/test/ai/369_sdv5_00003.png
19,SD1.5_first,308,GenImage_test/stable_diffusion_v_1_5/test/ai/416_sdv5_00100.png
19,SD1.5_first,309,GenImage_test/stable_diffusion_v_1_5/test/ai/327_sdv5_00039.png
19,SD1.5_first,310,GenImage_test/stable_diffusion_v_1_5/test/ai/103_sdv5_00100.png
19,SD1.5_first,311,GenImage_test/stable_diffusion_v_1_5/test/ai/223_sdv5_00009.png
19,SD1.5_first,312,GenImage_test/stable_diffusion_v_1_5/test/ai/064_sdv5_00135.png
19,SD1.5_first,313,GenImage_test/stable_diffusion_v_1_5/test/ai/826_sdv5_00039.png
19,SD1.5_first,314,GenImage_test/stable_diffusion_v_1_5/test/ai/974_sdv5_00003.png
19,SD1.5_first,315,GenImage_test/stable_diffusion_v_1_5/test/ai/627_sdv5_00020.png
19,SD1.5_first,316,GenImage_test/stable_diffusion_v_1_5/test/ai/923_sdv5_00039.png
19,SD1.5_first,317,GenImage_test/stable_diffusion_v_1_5/test/nature/ILSVRC2012_val_00000983.JPEG
19,SD1.5_first,318,GenImage_test/stable_diffusion_v_1_5/test/nature/ILSVRC2012_val_00046486.JPEG
19,SD1.5_first,319,GenImage_test/stable_diffusion_v_1_5/test/ai/571_sdv5_00020.png
20,SD1.5_first,320,GenImage_test/stable_diffusion_v_1_5/test/nature/ILSVRC2012_val_00036774.JPEG
20,SD1.5_first,321,GenImage_test/stable_diffusion_v_1_5/test/nature/ILSVRC2012_val_00008950.JPEG
20,SD1.5_first,322,GenImage_test/stable_diffusion_v_1_5/test/ai/003_sdv5_00135.png
20,SD1.5_first,323,GenImage_test/stable_diffusion_v_1_5/test/nature/ILSVRC2012_val_00043171.JPEG
20,SD1.5_first,324,GenImage_test/stable_diffusion_v_1_5/test/ai/161_sdv5_00003.png
20,SD1.5_first,325,GenImage_test/stable_diffusion_v_1_5/test/ai/420_sdv5_00100.png
20,SD1.5_first,326,GenImage_test/stable_diffusion_v_1_5/test/ai/736_sdv5_00003.png
20,SD1.5_first,327,GenImage_test/stable_diffusion_v_1_5/test/nature/ILSVRC2012_val_00025068.JPEG
20,SD1.5_first,328,GenImage_test/stable_diffusion_v_1_5/test/nature/ILSVRC2012_val_00012314.JPEG
20,SD1.5_first,329,GenImage_test/stable_diffusion_v_1_5/test/nature/ILSVRC2012_val_00040138.JPEG
20,SD1.5_first,330,GenImage_test/stable_diffusion_v_1_5/test/nature/ILSVRC2012_val_00033769.JPEG
20,SD1.5_first,331,GenImage_test/stable_diffusion_v_1_5/test/ai/245_sdv5_00027.png
20,SD1.5_first,332,GenImage_test/stable_diffusion_v_1_5/test/nature/ILSVRC2012_val_00006607.JPEG
20,SD1.5_first,333,GenImage_test/stable_diffusion_v_1_5/test/nature/ILSVRC2012_val_00003236.JPEG
20,SD1.5_first,334,GenImage_test/stable_diffusion_v_1_5/test/ai/773_sdv5_00100.png
20,SD1.5_first,335,GenImage_test/stable_diffusion_v_1_5/test/nature/ILSVRC2012_val_00000047.JPEG
21,SD1.5_first,336,GenImage_test/stable_diffusion_v_1_5/test/ai/563_sdv5_00009.png
21,SD1.5_first,337,GenImage_test/stable_diffusion_v_1_5/test/nature/ILSVRC2012_val_00035816.JPEG
21,SD1.5_first,338,GenImage_test/stable_diffusion_v_1_5/test/nature/ILSVRC2012_val_00022474.JPEG
21,SD1.5_first,339,GenImage_test/stable_diffusion_v_1_5/test/nature/ILSVRC2012_val_00004221.JPEG
21,SD1.5_first,340,GenImage_test/stable_diffusion_v_1_5/test/nature/ILSVRC2012_val_00041932.JPEG
21,SD1.5_first,341,GenImage_test/stable_diffusion_v_1_5/test/ai/838_sdv5_00039.png
21,SD1.5_first,342,GenImage_test/stable_diffusion_v_1_5/test/ai/585_sdv5_00100.png
21,SD1.5_first,343,GenImage_test/stable_diffusion_v_1_5/test/ai/558_sdv5_00135.png
21,SD1.5_first,344,GenImage_test/stable_diffusion_v_1_5/test/ai/073_sdv5_00027.png
21,SD1.5_first,345,GenImage_test/stable_diffusion_v_1_5/test/nature/ILSVRC2012_val_00014485.JPEG
21,SD1.5_first,346,GenImage_test/stable_diffusion_v_1_5/test/nature/ILSVRC2012_val_00008959.JPEG
21,SD1.5_first,347,GenImage_test/stable_diffusion_v_1_5/test/ai/930_sdv5_00039.png
21,SD1.5_first,348,GenImage_test/stable_diffusion_v_1_5/test/ai/465_sdv5_00135.png
21,SD1.5_first,349,GenImage_test/stable_diffusion_v_1_5/test/ai/913_sdv5_00009.png
21,SD1.5_first,350,GenImage_test/stable_diffusion_v_1_5/test/ai/766_sdv5_00100.png
21,SD1.5_first,351,GenImage_test/stable_diffusion_v_1_5/test/nature/ILSVRC2012_val_00021687.JPEG
22,SD1.5_first,352,GenImage_test/stable_diffusion_v_1_5/test/nature/ILSVRC2012_val_00045911.JPEG
22,SD1.5_first,353,GenImage_test/stable_diffusion_v_1_5/test/nature/ILSVRC2012_val_00011605.JPEG
22,SD1.5_first,354,GenImage_test/stable_diffusion_v_1_5/test/ai/122_sdv5_00027.png
22,SD1.5_first,355,GenImage_test/stable_diffusion_v_1_5/test/nature/ILSVRC2012_val_00036537.JPEG
22,SD1.5_first,356,GenImage_test/stable_diffusion_v_1_5/test/nature/ILSVRC2012_val_00034496.JPEG
22,SD1.5_first,357,GenImage_test/stable_diffusion_v_1_5/test/nature/ILSVRC2012_val_00031632.JPEG
22,SD1.5_first,358,GenImage_test/stable_diffusion_v_1_5/test/ai/285_sdv5_00003.png
22,SD1.5_first,359,GenImage_test/stable_diffusion_v_1_5/test/nature/ILSVRC2012_val_00028411.JPEG
22,SD1.5_first,360,GenImage_test/stable_diffusion_v_1_5/test/nature/ILSVRC2012_val_00014987.JPEG
22,SD1.5_first,361,GenImage_test/stable_diffusion_v_1_5/test/nature/ILSVRC2012_val_00045997.JPEG
22,SD1.5_first,362,GenImage_test/stable_diffusion_v_1_5/test/nature/ILSVRC2012_val_00044220.JPEG
22,SD1.5_first,363,GenImage_test/stable_diffusion_v_1_5/test/ai/581_sdv5_00003.png
22,SD1.5_first,364,GenImage_test/stable_diffusion_v_1_5/test/nature/ILSVRC2012_val_00012452.JPEG
22,SD1.5_first,365,GenImage_test/stable_diffusion_v_1_5/test/ai/881_sdv5_00135.png
22,SD1.5_first,366,GenImage_test/stable_diffusion_v_1_5/test/ai/659_sdv5_00100.png
22,SD1.5_first,367,GenImage_test/stable_diffusion_v_1_5/test/nature/ILSVRC2012_val_00000853.JPEG
23,SD1.5_first,368,GenImage_test/stable_diffusion_v_1_5/test/nature/ILSVRC2012_val_00021510.JPEG
23,SD1.5_first,369,GenImage_test/stable_diffusion_v_1_5/test/nature/ILSVRC2012_val_00029342.JPEG
23,SD1.5_first,370,GenImage_test/stable_diffusion_v_1_5/test/nature/ILSVRC2012_val_00033947.JPEG
23,SD1.5_first,371,GenImage_test/stable_diffusion_v_1_5/test/nature/ILSVRC2012_val_00021547.JPEG
23,SD1.5_first,372,GenImage_test/stable_diffusion_v_1_5/test/ai/812_sdv5_00009.png
23,SD1.5_first,373,GenImage_test/stable_diffusion_v_1_5/test/nature/ILSVRC2012_val_00001753.JPEG
23,SD1.5_first,374,GenImage_test/stable_diffusion_v_1_5/test/ai/129_sdv5_00195.png
23,SD1.5_first,375,GenImage_test/stable_diffusion_v_1_5/test/nature/ILSVRC2012_val_00045644.JPEG
23,SD1.5_first,376,GenImage_test/stable_diffusion_v_1_5/test/ai/961_sdv5_00135.png
23,SD1.5_first,377,GenImage_test/stable_diffusion_v_1_5/test/nature/ILSVRC2012_val_00015686.JPEG
23,SD1.5_first,378,GenImage_test/stable_diffusion_v_1_5/test/nature/ILSVRC2012_val_00025542.JPEG
23,SD1.5_first,379,GenImage_test/stable_diffusion_v_1_5/test/nature/ILSVRC2012_val_00026666.JPEG
23,SD1.5_first,380,GenImage_test/stable_diffusion_v_1_5/test/nature/ILSVRC2012_val_00043444.JPEG
23,SD1.5_first,381,GenImage_test/stable_diffusion_v_1_5/test/nature/ILSVRC2012_val_00041395.JPEG
23,SD1.5_first,382,GenImage_test/stable_diffusion_v_1_5/test/nature/ILSVRC2012_val_00039262.JPEG
23,SD1.5_first,383,GenImage_test/stable_diffusion_v_1_5/test/ai/312_sdv5_00020.png
24,SD1.5_first,384,GenImage_test/stable_diffusion_v_1_5/test/ai/559_sdv5_00100.png
24,SD1.5_first,385,GenImage_test/stable_diffusion_v_1_5/test/ai/142_sdv5_00195.png
24,SD1.5_first,386,GenImage_test/stable_diffusion_v_1_5/test/ai/047_sdv5_00195.png
24,SD1.5_first,387,GenImage_test/stable_diffusion_v_1_5/test/nature/ILSVRC2012_val_00009854.JPEG
24,SD1.5_first,388,GenImage_test/stable_diffusion_v_1_5/test/nature/ILSVRC2012_val_00017205.JPEG
24,SD1.5_first,389,GenImage_test/stable_diffusion_v_1_5/test/ai/149_sdv5_00039.png
24,SD1.5_first,390,GenImage_test/stable_diffusion_v_1_5/test/nature/ILSVRC2012_val_00011212.JPEG
24,SD1.5_first,391,GenImage_test/stable_diffusion_v_1_5/test/ai/642_sdv5_00100.png
24,SD1.5_first,392,GenImage_test/stable_diffusion_v_1_5/test/nature/ILSVRC2012_val_00003587.JPEG
24,SD1.5_first,393,GenImage_test/stable_diffusion_v_1_5/test/ai/356_sdv5_00039.png
24,SD1.5_first,394,GenImage_test/stable_diffusion_v_1_5/test/nature/ILSVRC2012_val_00040641.JPEG
24,SD1.5_first,395,GenImage_test/stable_diffusion_v_1_5/test/ai/972_sdv5_00195.png
24,SD1.5_first,396,GenImage_test/stable_diffusion_v_1_5/test/nature/ILSVRC2012_val_00010558.JPEG
24,SD1.5_first,397,GenImage_test/stable_diffusion_v_1_5/test/nature/ILSVRC2012_val_00017236.JPEG
24,SD1.5_first,398,GenImage_test/stable_diffusion_v_1_5/test/ai/220_sdv5_00195.png
24,SD1.5_first,399,GenImage_test/stable_diffusion_v_1_5/test/nature/ILSVRC2012_val_00023193.JPEG
25,SD1.5_first,400,GenImage_test/stable_diffusion_v_1_5/test/nature/ILSVRC2012_val_00031777.JPEG
25,SD1.5_first,401,GenImage_test/stable_diffusion_v_1_5/test/nature/ILSVRC2012_val_00009632.JPEG
25,SD1.5_first,402,GenImage_test/stable_diffusion_v_1_5/test/ai/038_sdv5_00195.png
25,SD1.5_first,403,GenImage_test/stable_diffusion_v_1_5/test/nature/ILSVRC2012_val_00049405.JPEG
25,SD1.5_first,404,GenImage_test/stable_diffusion_v_1_5/test/nature/ILSVRC2012_val_00024298.JPEG
25,SD1.5_first,405,GenImage_test/stable_diffusion_v_1_5/test/ai/716_sdv5_00195.png
25,SD1.5_first,406,GenImage_test/stable_diffusion_v_1_5/test/nature/ILSVRC2012_val_00021429.JPEG
25,SD1.5_first,407,GenImage_test/stable_diffusion_v_1_5/test/ai/104_sdv5_00039.png
25,SD1.5_first,408,GenImage_test/stable_diffusion_v_1_5/test/ai/624_sdv5_00195.png
25,SD1.5_first,409,GenImage_test/stable_diffusion_v_1_5/test/nature/ILSVRC2012_val_00025145.JPEG
25,SD1.5_first,410,GenImage_test/stable_diffusion_v_1_5/test/nature/ILSVRC2012_val_00018411.JPEG
25,SD1.5_first,411,GenImage_test/stable_diffusion_v_1_5/test/nature/ILSVRC2012_val_00045555.JPEG
25,SD1.5_first,412,GenImage_test/stable_diffusion_v_1_5/test/ai/383_sdv5_00020.png
25,SD1.5_first,413,GenImage_test/stable_diffusion_v_1_5/test/ai/238_sdv5_00039.png
25,SD1.5_first,414,GenImage_test/stable_diffusion_v_1_5/test/ai/099_sdv5_00027.png
25,SD1.5_first,415,GenImage_test/stable_diffusion_v_1_5/test/nature/ILSVRC2012_val_00047574.JPEG
26,SD1.5_first,416,GenImage_test/stable_diffusion_v_1_5/test/ai/207_sdv5_00135.png
26,SD1.5_first,417,GenImage_test/stable_diffusion_v_1_5/test/nature/ILSVRC2012_val_00010208.JPEG
26,SD1.5_first,418,GenImage_test/stable_diffusion_v_1_5/test/ai/635_sdv5_00009.png
26,SD1.5_first,419,GenImage_test/stable_diffusion_v_1_5/test/ai/187_sdv5_00195.png
26,SD1.5_first,420,GenImage_test/stable_diffusion_v_1_5/test/nature/ILSVRC2012_val_00023168.JPEG
26,SD1.5_first,421,GenImage_test/stable_diffusion_v_1_5/test/ai/894_sdv5_00027.png
26,SD1.5_first,422,GenImage_test/stable_diffusion_v_1_5/test/ai/513_sdv5_00039.png
26,SD1.5_first,423,GenImage_test/stable_diffusion_v_1_5/test/nature/ILSVRC2012_val_00009322.JPEG
26,SD1.5_first,424,GenImage_test/stable_diffusion_v_1_5/test/ai/063_sdv5_00003.png
26,SD1.5_first,425,GenImage_test/stable_diffusion_v_1_5/test/ai/069_sdv5_00003.png
26,SD1.5_first,426,GenImage_test/stable_diffusion_v_1_5/test/nature/ILSVRC2012_val_00017576.JPEG
26,SD1.5_first,427,GenImage_test/stable_diffusion_v_1_5/test/ai/769_sdv5_00135.png
26,SD1.5_first,428,GenImage_test/stable_diffusion_v_1_5/test/ai/280_sdv5_00009.png
26,SD1.5_first,429,GenImage_test/stable_diffusion_v_1_5/test/nature/ILSVRC2012_val_00003896.JPEG
26,SD1.5_first,430,GenImage_test/stable_diffusion_v_1_5/test/nature/ILSVRC2012_val_00031107.JPEG
26,SD1.5_first,431,GenImage_test/stable_diffusion_v_1_5/test/ai/172_sdv5_00100.png
27,SD1.5_first,432,GenImage_test/stable_diffusion_v_1_5/test/nature/ILSVRC2012_val_00010964.JPEG
27,SD1.5_first,433,GenImage_test/stable_diffusion_v_1_5/test/nature/ILSVRC2012_val_00032685.JPEG
27,SD1.5_first,434,GenImage_test/stable_diffusion_v_1_5/test/nature/ILSVRC2012_val_00023209.JPEG
27,SD1.5_first,435,GenImage_test/stable_diffusion_v_1_5/test/ai/085_sdv5_00003.png
27,SD1.5_first,436,GenImage_test/stable_diffusion_v_1_5/test/nature/ILSVRC2012_val_00008201.JPEG
27,SD1.5_first,437,GenImage_test/stable_diffusion_v_1_5/test/ai/803_sdv5_00135.png
27,SD1.5_first,438,GenImage_test/stable_diffusion_v_1_5/test/nature/ILSVRC2012_val_00012493.JPEG
27,SD1.5_first,439,GenImage_test/stable_diffusion_v_1_5/test/ai/883_sdv5_00039.png
27,SD1.5_first,440,GenImage_test/stable_diffusion_v_1_5/test/ai/852_sdv5_00009.png
27,SD1.5_first,441,GenImage_test/stable_diffusion_v_1_5/test/nature/ILSVRC2012_val_00014478.JPEG
27,SD1.5_first,442,GenImage_test/stable_diffusion_v_1_5/test/ai/722_sdv5_00020.png
27,SD1.5_first,443,GenImage_test/stable_diffusion_v_1_5/test/nature/ILSVRC2012_val_00049022.JPEG
27,SD1.5_first,444,GenImage_test/stable_diffusion_v_1_5/test/nature/ILSVRC2012_val_00034294.JPEG
27,SD1.5_first,445,GenImage_test/stable_diffusion_v_1_5/test/nature/ILSVRC2012_val_00049494.JPEG
27,SD1.5_first,446,GenImage_test/stable_diffusion_v_1_5/test/nature/ILSVRC2012_val_00044474.JPEG
27,SD1.5_first,447,GenImage_test/stable_diffusion_v_1_5/test/nature/ILSVRC2012_val_00020703.JPEG
28,BigGAN,448,GenImage_test/BigGAN/test/nature/ILSVRC2012_val_00032044.JPEG
28,BigGAN,449,GenImage_test/BigGAN/test/ai/444_biggan_00035.png
28,BigGAN,450,GenImage_test/BigGAN/test/nature/ILSVRC2012_val_00049169.JPEG
28,BigGAN,451,GenImage_test/BigGAN/test/nature/ILSVRC2012_val_00022278.JPEG
28,BigGAN,452,GenImage_test/BigGAN/test/ai/833_biggan_00020.png
28,BigGAN,453,GenImage_test/BigGAN/test/nature/ILSVRC2012_val_00007707.JPEG
28,BigGAN,454,GenImage_test/BigGAN/test/nature/ILSVRC2012_val_00003820.JPEG
28,BigGAN,455,GenImage_test/BigGAN/test/nature/ILSVRC2012_val_00044756.JPEG
28,BigGAN,456,GenImage_test/BigGAN/test/ai/053_biggan_00020.png
28,BigGAN,457,GenImage_test/BigGAN/test/ai/877_biggan_00035.png
28,BigGAN,458,GenImage_test/BigGAN/test/ai/511_biggan_00020.png
28,BigGAN,459,GenImage_test/BigGAN/test/nature/ILSVRC2012_val_00041225.JPEG
28,BigGAN,460,GenImage_test/BigGAN/test/ai/845_biggan_00143.png
28,BigGAN,461,GenImage_test/BigGAN/test/nature/ILSVRC2012_val_00016434.JPEG
28,BigGAN,462,GenImage_test/BigGAN/test/ai/077_biggan_00143.png
28,BigGAN,463,GenImage_test/BigGAN/test/nature/ILSVRC2012_val_00030541.JPEG
29,BigGAN,464,GenImage_test/BigGAN/test/ai/553_biggan_00020.png
29,BigGAN,465,GenImage_test/BigGAN/test/nature/ILSVRC2012_val_00019704.JPEG
29,BigGAN,466,GenImage_test/BigGAN/test/nature/ILSVRC2012_val_00041443.JPEG
29,BigGAN,467,GenImage_test/BigGAN/test/ai/089_biggan_00035.png
29,BigGAN,468,GenImage_test/BigGAN/test/ai/562_biggan_00020.png
29,BigGAN,469,GenImage_test/BigGAN/test/ai/901_biggan_00020.png
29,BigGAN,470,GenImage_test/BigGAN/test/ai/804_biggan_00074.png
29,BigGAN,471,GenImage_test/BigGAN/test/ai/536_biggan_00127.png
29,BigGAN,472,GenImage_test/BigGAN/test/nature/ILSVRC2012_val_00015560.JPEG
29,BigGAN,473,GenImage_test/BigGAN/test/nature/ILSVRC2012_val_00024780.JPEG
29,BigGAN,474,GenImage_test/BigGAN/test/nature/ILSVRC2012_val_00001519.JPEG
29,BigGAN,475,GenImage_test/BigGAN/test/nature/ILSVRC2012_val_00028493.JPEG
29,BigGAN,476,GenImage_test/BigGAN/test/nature/ILSVRC2012_val_00024967.JPEG
29,BigGAN,477,GenImage_test/BigGAN/test/ai/558_biggan_00143.png
29,BigGAN,478,GenImage_test/BigGAN/test/nature/ILSVRC2012_val_00048576.JPEG
29,BigGAN,479,GenImage_test/BigGAN/test/nature/ILSVRC2012_val_00019300.JPEG
30,BigGAN,480,GenImage_test/BigGAN/test/nature/ILSVRC2012_val_00001603.JPEG
30,BigGAN,481,GenImage_test/BigGAN/test/nature/ILSVRC2012_val_00037908.JPEG
30,BigGAN,482,GenImage_test/BigGAN/test/nature/ILSVRC2012_val_00019445.JPEG
30,BigGAN,483,GenImage_test/BigGAN/test/ai/164_biggan_00074.png
30,BigGAN,484,GenImage_test/BigGAN/test/ai/099_biggan_00074.png
30,BigGAN,485,GenImage_test/BigGAN/test/ai/135_biggan_00127.png
30,BigGAN,486,GenImage_test/BigGAN/test/ai/707_biggan_00035.png
30,BigGAN,487,GenImage_test/BigGAN/test/ai/249_biggan_00127.png
30,BigGAN,488,GenImage_test/BigGAN/test/ai/689_biggan_00143.png
30,BigGAN,489,GenImage_test/BigGAN/test/ai/131_biggan_00035.png
30,BigGAN,490,GenImage_test/BigGAN/test/nature/ILSVRC2012_val_00032710.JPEG
30,BigGAN,491,GenImage_test/BigGAN/test/nature/ILSVRC2012_val_00028638.JPEG
30,BigGAN,492,GenImage_test/BigGAN/test/nature/ILSVRC2012_val_00027567.JPEG
30,BigGAN,493,GenImage_test/BigGAN/test/nature/ILSVRC2012_val_00041664.JPEG
30,BigGAN,494,GenImage_test/BigGAN/test/ai/997_biggan_00020.png
30,BigGAN,495,GenImage_test/BigGAN/test/nature/ILSVRC2012_val_00045607.JPEG
31,BigGAN,496,GenImage_test/BigGAN/test/nature/ILSVRC2012_val_00039108.JPEG
31,BigGAN,497,GenImage_test/BigGAN/test/ai/968_biggan_00143.png
31,BigGAN,498,GenImage_test/BigGAN/test/nature/ILSVRC2012_val_00049980.JPEG
31,BigGAN,499,GenImage_test/BigGAN/test/ai/376_biggan_00020.png
31,BigGAN,500,GenImage_test/BigGAN/test/nature/ILSVRC2012_val_00015827.JPEG
31,BigGAN,501,GenImage_test/BigGAN/test/nature/ILSVRC2012_val_00019365.JPEG
31,BigGAN,502,GenImage_test/BigGAN/test/nature/ILSVRC2012_val_00031807.JPEG
31,BigGAN,503,GenImage_test/BigGAN/test/nature/ILSVRC2012_val_00021826.JPEG
31,BigGAN,504,GenImage_test/BigGAN/test/nature/ILSVRC2012_val_00005656.JPEG
31,BigGAN,505,GenImage_test/BigGAN/test/ai/721_biggan_00020.png
31,BigGAN,506,GenImage_test/BigGAN/test/ai/641_biggan_00039.png
31,BigGAN,507,GenImage_test/BigGAN/test/nature/ILSVRC2012_val_00013945.JPEG
31,BigGAN,508,GenImage_test/BigGAN/test/ai/925_biggan_00020.png
31,BigGAN,509,GenImage_test/BigGAN/test/nature/ILSVRC2012_val_00024502.JPEG
31,BigGAN,510,GenImage_test/BigGAN/test/nature/ILSVRC2012_val_00031588.JPEG
31,BigGAN,511,GenImage_test/BigGAN/test/ai/724_biggan_00127.png
32,BigGAN,512,GenImage_test/BigGAN/test/nature/ILSVRC2012_val_00034197.JPEG
32,BigGAN,513,GenImage_test/BigGAN/test/ai/777_biggan_00039.png
32,BigGAN,514,GenImage_test/BigGAN/test/ai/792_biggan_00035.png
32,BigGAN,515,GenImage_test/BigGAN/test/nature/ILSVRC2012_val_00017146.JPEG
32,BigGAN,516,GenImage_test/BigGAN/test/nature/ILSVRC2012_val_00005223.JPEG
32,BigGAN,517,GenImage_test/BigGAN/test/nature/ILSVRC2012_val_00032358.JPEG
32,BigGAN,518,GenImage_test/BigGAN/test/ai/881_biggan_00127.png
32,BigGAN,519,GenImage_test/BigGAN/test/ai/396_biggan_00035.png
32,BigGAN,520,GenImage_test/BigGAN/test/nature/ILSVRC2012_val_00013581.JPEG
32,BigGAN,521,GenImage_test/BigGAN/test/nature/ILSVRC2012_val_00005623.JPEG
32,BigGAN,522,GenImage_test/BigGAN/test/ai/824_biggan_00020.png
32,BigGAN,523,GenImage_test/BigGAN/test/nature/ILSVRC2012_val_00016165.JPEG
32,BigGAN,524,GenImage_test/BigGAN/test/ai/786_biggan_00035.png
32,BigGAN,525,GenImage_test/BigGAN/test/ai/063_biggan_00074.png
32,BigGAN,526,GenImage_test/BigGAN/test/nature/ILSVRC2012_val_00039381.JPEG
32,BigGAN,527,GenImage_test/BigGAN/test/nature/ILSVRC2012_val_00007800.JPEG
33,BigGAN,528,GenImage_test/BigGAN/test/ai/736_biggan_00020.png
33,BigGAN,529,GenImage_test/BigGAN/test/ai/686_biggan_00074.png
33,BigGAN,530,GenImage_test/BigGAN/test/ai/510_biggan_00020.png
33,BigGAN,531,GenImage_test/BigGAN/test/nature/ILSVRC2012_val_00018810.JPEG
33,BigGAN,532,GenImage_test/BigGAN/test/nature/ILSVRC2012_val_00030458.JPEG
33,BigGAN,533,GenImage_test/BigGAN/test/nature/ILSVRC2012_val_00008363.JPEG
33,BigGAN,534,GenImage_test/BigGAN/test/ai/061_biggan_00035.png
33,BigGAN,535,GenImage_test/BigGAN/test/ai/371_biggan_00143.png
33,BigGAN,536,GenImage_test/BigGAN/test/nature/ILSVRC2012_val_00046303.JPEG
33,BigGAN,537,GenImage_test/BigGAN/test/ai/487_biggan_00020.png
33,BigGAN,538,GenImage_test/BigGAN/test/nature/ILSVRC2012_val_00045314.JPEG
33,BigGAN,539,GenImage_test/BigGAN/test/nature/ILSVRC2012_val_00040475.JPEG
33,BigGAN,540,GenImage_test/BigGAN/test/ai/511_biggan_00074.png
33,BigGAN,541,GenImage_test/BigGAN/test/ai/649_biggan_00035.png
33,BigGAN,542,GenImage_test/BigGAN/test/nature/ILSVRC2012_val_00011160.JPEG
33,BigGAN,543,GenImage_test/BigGAN/test/nature/ILSVRC2012_val_00045597.JPEG
34,BigGAN,544,GenImage_test/BigGAN/test/ai/998_biggan_00020.png
34,BigGAN,545,GenImage_test/BigGAN/test/ai/436_biggan_00035.png
34,BigGAN,546,GenImage_test/BigGAN/test/nature/ILSVRC2012_val_00033924.JPEG
34,BigGAN,547,GenImage_test/BigGAN/test/nature/ILSVRC2012_val_00042175.JPEG
34,BigGAN,548,GenImage_test/BigGAN/test/ai/926_biggan_00074.png
34,BigGAN,549,GenImage_test/BigGAN/test/nature/ILSVRC2012_val_00049345.JPEG
34,BigGAN,550,GenImage_test/BigGAN/test/ai/443_biggan_00127.png
34,BigGAN,551,GenImage_test/BigGAN/test/ai/723_biggan_00039.png
34,BigGAN,552,GenImage_test/BigGAN/test/nature/ILSVRC2012_val_00048419.JPEG
34,BigGAN,553,GenImage_test/BigGAN/test/ai/696_biggan_00020.png
34,BigGAN,554,GenImage_test/BigGAN/test/nature/ILSVRC2012_val_00005118.JPEG
34,BigGAN,555,GenImage_test/BigGAN/test/nature/ILSVRC2012_val_00008053.JPEG
34,BigGAN,556,GenImage_test/BigGAN/test/ai/239_biggan_00039.png
34,BigGAN,557,GenImage_test/BigGAN/test/nature/ILSVRC2012_val_00007182.JPEG
34,BigGAN,558,GenImage_test/BigGAN/test/ai/123_biggan_00127.png
34,BigGAN,559,GenImage_test/BigGAN/test/ai/119_biggan_00020.png
35,BigGAN,560,GenImage_test/BigGAN/test/ai/697_biggan_00020.png
35,BigGAN,561,GenImage_test/BigGAN/test/ai/623_biggan_00039.png
35,BigGAN,562,GenImage_test/BigGAN/test/nature/ILSVRC2012_val_00045780.JPEG
35,BigGAN,563,GenImage_test/BigGAN/test/ai/759_biggan_00020.png
35,BigGAN,564,GenImage_test/BigGAN/test/nature/ILSVRC2012_val_00017074.JPEG
35,BigGAN,565,GenImage_test/BigGAN/test/nature/ILSVRC2012_val_00005714.JPEG
35,BigGAN,566,GenImage_test/BigGAN/test/ai/421_biggan_00074.png
35,BigGAN,567,GenImage_test/BigGAN/test/nature/ILSVRC2012_val_00037918.JPEG
35,BigGAN,568,GenImage_test/BigGAN/test/nature/ILSVRC2012_val_00023281.JPEG
35,BigGAN,569,GenImage_test/BigGAN/test/ai/355_biggan_00074.png
35,BigGAN,570,GenImage_test/BigGAN/test/nature/ILSVRC2012_val_00002209.JPEG
35,BigGAN,571,GenImage_test/BigGAN/test/nature/ILSVRC2012_val_00045065.JPEG
35,BigGAN,572,GenImage_test/BigGAN/test/nature/ILSVRC2012_val_00035315.JPEG
35,BigGAN,573,GenImage_test/BigGAN/test/ai/278_biggan_00020.png
35,BigGAN,574,GenImage_test/BigGAN/test/ai/229_biggan_00020.png
35,BigGAN,575,GenImage_test/BigGAN/test/ai/546_biggan_00127.png
36,BigGAN,576,GenImage_test/BigGAN/test/ai/287_biggan_00035.png
36,BigGAN,577,GenImage_test/BigGAN/test/nature/ILSVRC2012_val_00020925.JPEG
36,BigGAN,578,GenImage_test/BigGAN/test/nature/ILSVRC2012_val_00047494.JPEG
36,BigGAN,579,GenImage_test/BigGAN/test/ai/964_biggan_00143.png
36,BigGAN,580,GenImage_test/BigGAN/test/nature/ILSVRC2012_val_00029736.JPEG
36,BigGAN,581,GenImage_test/BigGAN/test/nature/ILSVRC2012_val_00017752.JPEG
36,BigGAN,582,GenImage_test/BigGAN/test/nature/ILSVRC2012_val_00038498.JPEG
36,BigGAN,583,GenImage_test/BigGAN/test/nature/ILSVRC2012_val_00041986.JPEG
36,BigGAN,584,GenImage_test/BigGAN/test/ai/650_biggan_00074.png
36,BigGAN,585,GenImage_test/BigGAN/test/nature/ILSVRC2012_val_00024294.JPEG
36,BigGAN,586,GenImage_test/BigGAN/test/nature/ILSVRC2012_val_00023910.JPEG
36,BigGAN,587,GenImage_test/BigGAN/test/ai/821_biggan_00020.png
36,BigGAN,588,GenImage_test/BigGAN/test/ai/073_biggan_00074.png
36,BigGAN,589,GenImage_test/BigGAN/test/ai/404_biggan_00039.png
36,BigGAN,590,GenImage_test/BigGAN/test/ai/816_biggan_00035.png
36,BigGAN,591,GenImage_test/BigGAN/test/ai/411_biggan_00035.png
37,BigGAN,592,GenImage_test/BigGAN/test/ai/500_biggan_00020.png
37,BigGAN,593,GenImage_test/BigGAN/test/ai/066_biggan_00020.png
37,BigGAN,594,GenImage_test/BigGAN/test/ai/999_biggan_00143.png
37,BigGAN,595,GenImage_test/BigGAN/test/nature/ILSVRC2012_val_00043589.JPEG
37,BigGAN,596,GenImage_test/BigGAN/test/ai/536_biggan_00074.png
37,BigGAN,597,GenImage_test/BigGAN/test/ai/731_biggan_00127.png
37,BigGAN,598,GenImage_test/BigGAN/test/ai/819_biggan_00127.png
37,BigGAN,599,GenImage_test/BigGAN/test/nature/ILSVRC2012_val_00001322.JPEG
37,BigGAN,600,GenImage_test/BigGAN/test/nature/ILSVRC2012_val_00044375.JPEG
37,BigGAN,601,GenImage_test/BigGAN/test/nature/ILSVRC2012_val_00016043.JPEG
37,BigGAN,602,GenImage_test/BigGAN/test/ai/296_biggan_00035.png
37,BigGAN,603,GenImage_test/BigGAN/test/ai/206_biggan_00035.png
37,BigGAN,604,GenImage_test/BigGAN/test/nature/ILSVRC2012_val_00002138.JPEG
37,BigGAN,605,GenImage_test/BigGAN/test/ai/516_biggan_00039.png
37,BigGAN,606,GenImage_test/BigGAN/test/ai/266_biggan_00039.png
37,BigGAN,607,GenImage_test/BigGAN/test/ai/423_biggan_00035.png
38,BigGAN,608,GenImage_test/BigGAN/test/nature/ILSVRC2012_val_00004972.JPEG
38,BigGAN,609,GenImage_test/BigGAN/test/nature/ILSVRC2012_val_00009711.JPEG
38,BigGAN,610,GenImage_test/BigGAN/test/nature/ILSVRC2012_val_00032209.JPEG
38,BigGAN,611,GenImage_test/BigGAN/test/nature/ILSVRC2012_val_00046455.JPEG
38,BigGAN,612,GenImage_test/BigGAN/test/ai/524_biggan_00020.png
38,BigGAN,613,GenImage_test/BigGAN/test/ai/477_biggan_00074.png
38,BigGAN,614,GenImage_test/BigGAN/test/nature/ILSVRC2012_val_00047568.JPEG
38,BigGAN,615,GenImage_test/BigGAN/test/ai/476_biggan_00074.png
38,BigGAN,616,GenImage_test/BigGAN/test/nature/ILSVRC2012_val_00035603.JPEG
38,BigGAN,617,GenImage_test/BigGAN/test/ai/995_biggan_00039.png
38,BigGAN,618,GenImage_test/BigGAN/test/ai/968_biggan_00074.png
38,BigGAN,619,GenImage_test/BigGAN/test/nature/ILSVRC2012_val_00046590.JPEG
38,BigGAN,620,GenImage_test/BigGAN/test/ai/733_biggan_00074.png
38,BigGAN,621,GenImage_test/BigGAN/test/nature/ILSVRC2012_val_00021515.JPEG
38,BigGAN,622,GenImage_test/BigGAN/test/ai/122_biggan_00035.png
38,BigGAN,623,GenImage_test/BigGAN/test/nature/ILSVRC2012_val_00026969.JPEG
39,BigGAN,624,GenImage_test/BigGAN/test/ai/375_biggan_00074.png
39,BigGAN,625,GenImage_test/BigGAN/test/ai/621_biggan_00143.png
39,BigGAN,626,GenImage_test/BigGAN/test/ai/761_biggan_00039.png
39,BigGAN,627,GenImage_test/BigGAN/test/ai/859_biggan_00039.png
39,BigGAN,628,GenImage_test/BigGAN/test/ai/334_biggan_00035.png
39,BigGAN,629,GenImage_test/BigGAN/test/ai/486_biggan_00127.png
39,BigGAN,630,GenImage_test/BigGAN/test/ai/461_biggan_00143.png
39,BigGAN,631,GenImage_test/BigGAN/test/ai/843_biggan_00035.png
39,BigGAN,632,GenImage_test/BigGAN/test/ai/487_biggan_00035.png
39,BigGAN,633,GenImage_test/BigGAN/test/nature/ILSVRC2012_val_00026489.JPEG
39,BigGAN,634,GenImage_test/BigGAN/test/nature/ILSVRC2012_val_00029352.JPEG
39,BigGAN,635,GenImage_test/BigGAN/test/ai/144_biggan_00143.png
39,BigGAN,636,GenImage_test/BigGAN/test/ai/744_biggan_00127.png
39,BigGAN,637,GenImage_test/BigGAN/test/ai/734_biggan_00039.png
39,BigGAN,638,GenImage_test/BigGAN/test/nature/ILSVRC2012_val_00011787.JPEG
39,BigGAN,639,GenImage_test/BigGAN/test/nature/ILSVRC2012_val_00009079.JPEG
40,BigGAN,640,GenImage_test/BigGAN/test/nature/ILSVRC2012_val_00022630.JPEG
40,BigGAN,641,GenImage_test/BigGAN/test/nature/ILSVRC2012_val_00023520.JPEG
40,BigGAN,642,GenImage_test/BigGAN/test/ai/708_biggan_00039.png
40,BigGAN,643,GenImage_test/BigGAN/test/nature/ILSVRC2012_val_00042609.JPEG
40,BigGAN,644,GenImage_test/BigGAN/test/ai/425_biggan_00039.png
40,BigGAN,645,GenImage_test/BigGAN/test/ai/933_biggan_00127.png
40,BigGAN,646,GenImage_test/BigGAN/test/nature/ILSVRC2012_val_00026394.JPEG
40,BigGAN,647,GenImage_test/BigGAN/test/ai/494_biggan_00143.png
40,BigGAN,648,GenImage_test/BigGAN/test/nature/ILSVRC2012_val_00010775.JPEG
40,BigGAN,649,GenImage_test/BigGAN/test/nature/ILSVRC2012_val_00000276.JPEG
40,BigGAN,650,GenImage_test/BigGAN/test/ai/591_biggan_00039.png
40,BigGAN,651,GenImage_test/BigGAN/test/nature/ILSVRC2012_val_00034312.JPEG
40,BigGAN,652,GenImage_test/BigGAN/test/nature/ILSVRC2012_val_00001408.JPEG
40,BigGAN,653,GenImage_test/BigGAN/test/nature/ILSVRC2012_val_00021118.JPEG
40,BigGAN,654,GenImage_test/BigGAN/test/ai/141_biggan_00020.png
40,BigGAN,655,GenImage_test/BigGAN/test/ai/620_biggan_00039.png
41,BigGAN,656,GenImage_test/BigGAN/test/nature/ILSVRC2012_val_00026661.JPEG
41,BigGAN,657,GenImage_test/BigGAN/test/nature/ILSVRC2012_val_00020917.JPEG
41,BigGAN,658,GenImage_test/BigGAN/test/ai/069_biggan_00039.png
41,BigGAN,659,GenImage_test/BigGAN/test/ai/658_biggan_00035.png
41,BigGAN,660,GenImage_test/BigGAN/test/nature/ILSVRC2012_val_00023231.JPEG
41,BigGAN,661,GenImage_test/BigGAN/test/ai/731_biggan_00035.png
41,BigGAN,662,GenImage_test/BigGAN/test/ai/070_biggan_00020.png
41,BigGAN,663,GenImage_test/BigGAN/test/ai/075_biggan_00035.png
41,BigGAN,664,GenImage_test/BigGAN/test/ai/469_biggan_00127.png
41,BigGAN,665,GenImage_test/BigGAN/test/nature/ILSVRC2012_val_00023121.JPEG
41,BigGAN,666,GenImage_test/BigGAN/test/nature/ILSVRC2012_val_00031641.JPEG
41,BigGAN,667,GenImage_test/BigGAN/test/ai/581_biggan_00039.png
41,BigGAN,668,GenImage_test/BigGAN/test/ai/362_biggan_00074.png
41,BigGAN,669,GenImage_test/BigGAN/test/nature/ILSVRC2012_val_00034749.JPEG
41,BigGAN,670,GenImage_test/BigGAN/test/nature/ILSVRC2012_val_00010130.JPEG
41,BigGAN,671,GenImage_test/BigGAN/test/nature/ILSVRC2012_val_00021844.JPEG
42,BigGAN,672,GenImage_test/BigGAN/test/nature/ILSVRC2012_val_00006493.JPEG
42,BigGAN,673,GenImage_test/BigGAN/test/ai/726_biggan_00039.png
42,BigGAN,674,GenImage_test/BigGAN/test/ai/097_biggan_00035.png
42,BigGAN,675,GenImage_test/BigGAN/test/ai/544_biggan_00020.png
42,BigGAN,676,GenImage_test/BigGAN/test/ai/694_biggan_00020.png
42,BigGAN,677,GenImage_test/BigGAN/test/nature/ILSVRC2012_val_00016704.JPEG
42,BigGAN,678,GenImage_test/BigGAN/test/ai/029_biggan_00074.png
42,BigGAN,679,GenImage_test/BigGAN/test/nature/ILSVRC2012_val_00001456.JPEG
42,BigGAN,680,GenImage_test/BigGAN/test/nature/ILSVRC2012_val_00046418.JPEG
42,BigGAN,681,GenImage_test/BigGAN/test/nature/ILSVRC2012_val_00000116.JPEG
42,BigGAN,682,GenImage_test/BigGAN/test/nature/ILSVRC2012_val_00046748.JPEG
42,BigGAN,683,GenImage_test/BigGAN/test/nature/ILSVRC2012_val_00011584.JPEG
42,BigGAN,684,GenImage_test/BigGAN/test/ai/451_biggan_00039.png
42,BigGAN,685,GenImage_test/BigGAN/test/nature/ILSVRC2012_val_00045132.JPEG
42,BigGAN,686,GenImage_test/BigGAN/test/ai/120_biggan_00035.png
42,BigGAN,687,GenImage_test/BigGAN/test/ai/983_biggan_00127.png
43,BigGAN,688,GenImage_test/BigGAN/test/ai/048_biggan_00143.png
43,BigGAN,689,GenImage_test/BigGAN/test/nature/ILSVRC2012_val_00043993.JPEG
43,BigGAN,690,GenImage_test/BigGAN/test/ai/156_biggan_00020.png
43,BigGAN,691,GenImage_test/BigGAN/test/ai/958_biggan_00127.png
43,BigGAN,692,GenImage_test/BigGAN/test/ai/362_biggan_00039.png
43,BigGAN,693,GenImage_test/BigGAN/test/nature/ILSVRC2012_val_00022860.JPEG
43,BigGAN,694,GenImage_test/BigGAN/test/ai/432_biggan_00127.png
43,BigGAN,695,GenImage_test/BigGAN/test/ai/198_biggan_00074.png
43,BigGAN,696,GenImage_test/BigGAN/test/nature/ILSVRC2012_val_00024339.JPEG
43,BigGAN,697,GenImage_test/BigGAN/test/nature/ILSVRC2012_val_00020689.JPEG
43,BigGAN,698,GenImage_test/BigGAN/test/nature/ILSVRC2012_val_00008194.JPEG
43,BigGAN,699,GenImage_test/BigGAN/test/nature/ILSVRC2012_val_00004798.JPEG
43,BigGAN,700,GenImage_test/BigGAN/test/ai/940_biggan_00143.png
43,BigGAN,701,GenImage_test/BigGAN/test/nature/ILSVRC2012_val_00020539.JPEG
43,BigGAN,702,GenImage_test/BigGAN/test/ai/463_biggan_00039.png
43,BigGAN,703,GenImage_test/BigGAN/test/nature/ILSVRC2012_val_00047223.JPEG
44,BigGAN,704,GenImage_test/BigGAN/test/nature/ILSVRC2012_val_00019345.JPEG
44,BigGAN,705,GenImage_test/BigGAN/test/nature/ILSVRC2012_val_00024122.JPEG
44,BigGAN,706,GenImage_test/BigGAN/test/nature/ILSVRC2012_val_00028051.JPEG
44,BigGAN,707,GenImage_test/BigGAN/test/ai/970_biggan_00035.png
44,BigGAN,708,GenImage_test/BigGAN/test/nature/ILSVRC2012_val_00030764.JPEG
44,BigGAN,709,GenImage_test/BigGAN/test/ai/291_biggan_00039.png
44,BigGAN,710,GenImage_test/BigGAN/test/ai/648_biggan_00074.png
44,BigGAN,711,GenImage_test/BigGAN/test/nature/ILSVRC2012_val_00003744.JPEG
44,BigGAN,712,GenImage_test/BigGAN/test/ai/425_biggan_00127.png
44,BigGAN,713,GenImage_test/BigGAN/test/nature/ILSVRC2012_val_00011163.JPEG
44,BigGAN,714,GenImage_test/BigGAN/test/nature/ILSVRC2012_val_00042868.JPEG
44,BigGAN,715,GenImage_test/BigGAN/test/ai/915_biggan_00039.png
44,BigGAN,716,GenImage_test/BigGAN/test/nature/ILSVRC2012_val_00002553.JPEG
44,BigGAN,717,GenImage_test/BigGAN/test/nature/ILSVRC2012_val_00036066.JPEG
44,BigGAN,718,GenImage_test/BigGAN/test/ai/474_biggan_00127.png
44,BigGAN,719,GenImage_test/BigGAN/test/ai/299_biggan_00020.png
45,BigGAN,720,GenImage_test/BigGAN/test/nature/ILSVRC2012_val_00003028.JPEG
45,BigGAN,721,GenImage_test/BigGAN/test/nature/ILSVRC2012_val_00025564.JPEG
45,BigGAN,722,GenImage_test/BigGAN/test/ai/316_biggan_00035.png
45,BigGAN,723,GenImage_test/BigGAN/test/ai/916_biggan_00143.png
45,BigGAN,724,GenImage_test/BigGAN/test/nature/ILSVRC2012_val_00022966.JPEG
45,BigGAN,725,GenImage_test/BigGAN/test/ai/126_biggan_00020.png
45,BigGAN,726,GenImage_test/BigGAN/test/ai/656_biggan_00127.png
45,BigGAN,727,GenImage_test/BigGAN/test/ai/910_biggan_00020.png
45,BigGAN,728,GenImage_test/BigGAN/test/ai/814_biggan_00035.png
45,BigGAN,729,GenImage_test/BigGAN/test/nature/ILSVRC2012_val_00048869.JPEG
45,BigGAN,730,GenImage_test/BigGAN/test/ai/007_biggan_00039.png
45,BigGAN,731,GenImage_test/BigGAN/test/ai/705_biggan_00039.png
45,BigGAN,732,GenImage_test/BigGAN/test/ai/523_biggan_00143.png
45,BigGAN,733,GenImage_test/BigGAN/test/nature/ILSVRC2012_val_00030544.JPEG
45,BigGAN,734,GenImage_test/BigGAN/test/ai/068_biggan_00020.png
45,BigGAN,735,GenImage_test/BigGAN/test/nature/ILSVRC2012_val_00024898.JPEG
46,BigGAN,736,GenImage_test/BigGAN/test/nature/ILSVRC2012_val_00027169.JPEG
46,BigGAN,737,GenImage_test/BigGAN/test/nature/ILSVRC2012_val_00047725.JPEG
46,BigGAN,738,GenImage_test/BigGAN/test/nature/ILSVRC2012_val_00028209.JPEG
46,BigGAN,739,GenImage_test/BigGAN/test/ai/684_biggan_00074.png
46,BigGAN,740,GenImage_test/BigGAN/test/ai/454_biggan_00074.png
46,BigGAN,741,GenImage_test/BigGAN/test/ai/493_biggan_00143.png
46,BigGAN,742,GenImage_test/BigGAN/test/ai/365_biggan_00074.png
46,BigGAN,743,GenImage_test/BigGAN/test/ai/180_biggan_00020.png
46,BigGAN,744,GenImage_test/BigGAN/test/nature/ILSVRC2012_val_00043049.JPEG
46,BigGAN,745,GenImage_test/BigGAN/test/nature/ILSVRC2012_val_00014657.JPEG
46,BigGAN,746,GenImage_test/BigGAN/test/nature/ILSVRC2012_val_00007022.JPEG
46,BigGAN,747,GenImage_test/BigGAN/test/nature/ILSVRC2012_val_00005002.JPEG
46,BigGAN,748,GenImage_test/BigGAN/test/ai/107_biggan_00127.png
46,BigGAN,749,GenImage_test/BigGAN/test/ai/703_biggan_00035.png
46,BigGAN,750,GenImage_test/BigGAN/test/nature/ILSVRC2012_val_00024803.JPEG
46,BigGAN,751,GenImage_test/BigGAN/test/nature/ILSVRC2012_val_00020504.JPEG
47,BigGAN,752,GenImage_test/BigGAN/test/nature/ILSVRC2012_val_00046985.JPEG
47,BigGAN,753,GenImage_test/BigGAN/test/nature/ILSVRC2012_val_00042931.JPEG
47,BigGAN,754,GenImage_test/BigGAN/test/nature/ILSVRC2012_val_00043344.JPEG
47,BigGAN,755,GenImage_test/BigGAN/test/ai/049_biggan_00035.png
47,BigGAN,756,GenImage_test/BigGAN/test/ai/171_biggan_00127.png
47,BigGAN,757,GenImage_test/BigGAN/test/nature/ILSVRC2012_val_00001265.JPEG
47,BigGAN,758,GenImage_test/BigGAN/test/ai/154_biggan_00020.png
47,BigGAN,759,GenImage_test/BigGAN/test/nature/ILSVRC2012_val_00031880.JPEG
47,BigGAN,760,GenImage_test/BigGAN/test/ai/344_biggan_00074.png
47,BigGAN,761,GenImage_test/BigGAN/test/nature/ILSVRC2012_val_00019049.JPEG
47,BigGAN,762,GenImage_test/BigGAN/test/nature/ILSVRC2012_val_00020522.JPEG
47,BigGAN,763,GenImage_test/BigGAN/test/ai/965_biggan_00127.png
47,BigGAN,764,GenImage_test/BigGAN/test/ai/905_biggan_00143.png
47,BigGAN,765,GenImage_test/BigGAN/test/nature/ILSVRC2012_val_00047963.JPEG
47,BigGAN,766,GenImage_test/BigGAN/test/nature/ILSVRC2012_val_00031697.JPEG
47,BigGAN,767,GenImage_test/BigGAN/test/nature/ILSVRC2012_val_00036570.JPEG
48,BigGAN,768,GenImage_test/BigGAN/test/ai/629_biggan_00143.png
48,BigGAN,769,GenImage_test/BigGAN/test/ai/746_biggan_00020.png
48,BigGAN,770,GenImage_test/BigGAN/test/nature/ILSVRC2012_val_00049065.JPEG
48,BigGAN,771,GenImage_test/BigGAN/test/ai/165_biggan_00074.png
48,BigGAN,772,GenImage_test/BigGAN/test/nature/ILSVRC2012_val_00012739.JPEG
48,BigGAN,773,GenImage_test/BigGAN/test/nature/ILSVRC2012_val_00010699.JPEG
48,BigGAN,774,GenImage_test/BigGAN/test/ai/836_biggan_00127.png
48,BigGAN,775,GenImage_test/BigGAN/test/ai/411_biggan_00039.png
48,BigGAN,776,GenImage_test/BigGAN/test/nature/ILSVRC2012_val_00013599.JPEG
48,BigGAN,777,GenImage_test/BigGAN/test/ai/458_biggan_00127.png
48,BigGAN,778,GenImage_test/BigGAN/test/ai/165_biggan_00035.png
48,BigGAN,779,GenImage_test/BigGAN/test/nature/ILSVRC2012_val_00030004.JPEG
48,BigGAN,780,GenImage_test/BigGAN/test/ai/429_biggan_00035.png
48,BigGAN,781,GenImage_test/BigGAN/test/nature/ILSVRC2012_val_00035030.JPEG
48,BigGAN,782,GenImage_test/BigGAN/test/ai/519_biggan_00074.png
48,BigGAN,783,GenImage_test/BigGAN/test/nature/ILSVRC2012_val_00004628.JPEG
49,BigGAN,784,GenImage_test/BigGAN/test/nature/ILSVRC2012_val_00028814.JPEG
49,BigGAN,785,GenImage_test/BigGAN/test/nature/ILSVRC2012_val_00004919.JPEG
49,BigGAN,786,GenImage_test/BigGAN/test/ai/210_biggan_00074.png
49,BigGAN,787,GenImage_test/BigGAN/test/ai/994_biggan_00074.png
49,BigGAN,788,GenImage_test/BigGAN/test/nature/ILSVRC2012_val_00047718.JPEG
49,BigGAN,789,GenImage_test/BigGAN/test/nature/ILSVRC2012_val_00039456.JPEG
49,BigGAN,790,GenImage_test/BigGAN/test/nature/ILSVRC2012_val_00010346.JPEG
49,BigGAN,791,GenImage_test/BigGAN/test/ai/504_biggan_00074.png
49,BigGAN,792,GenImage_test/BigGAN/test/ai/216_biggan_00074.png
49,BigGAN,793,GenImage_test/BigGAN/test/ai/660_biggan_00020.png
49,BigGAN,794,GenImage_test/BigGAN/test/ai/373_biggan_00020.png
49,BigGAN,795,GenImage_test/BigGAN/test/nature/ILSVRC2012_val_00041449.JPEG
49,BigGAN,796,GenImage_test/BigGAN/test/nature/ILSVRC2012_val_00043247.JPEG
49,BigGAN,797,GenImage_test/BigGAN/test/ai/726_biggan_00143.png
49,BigGAN,798,GenImage_test/BigGAN/test/ai/623_biggan_00020.png
49,BigGAN,799,GenImage_test/BigGAN/test/ai/535_biggan_00074.png
50,BigGAN,800,GenImage_test/BigGAN/test/nature/ILSVRC2012_val_00017409.JPEG
50,BigGAN,801,GenImage_test/BigGAN/test/nature/ILSVRC2012_val_00029344.JPEG
50,BigGAN,802,GenImage_test/BigGAN/test/nature/ILSVRC2012_val_00020889.JPEG
50,BigGAN,803,GenImage_test/BigGAN/test/nature/ILSVRC2012_val_00005355.JPEG
50,BigGAN,804,GenImage_test/BigGAN/test/ai/953_biggan_00074.png
50,BigGAN,805,GenImage_test/BigGAN/test/nature/ILSVRC2012_val_00037870.JPEG
50,BigGAN,806,GenImage_test/BigGAN/test/ai/868_biggan_00020.png
50,BigGAN,807,GenImage_test/BigGAN/test/nature/ILSVRC2012_val_00032548.JPEG
50,BigGAN,808,GenImage_test/BigGAN/test/nature/ILSVRC2012_val_00032571.JPEG
50,BigGAN,809,GenImage_test/BigGAN/test/ai/131_biggan_00039.png
50,BigGAN,810,GenImage_test/BigGAN/test/ai/560_biggan_00143.png
50,BigGAN,811,GenImage_test/BigGAN/test/ai/013_biggan_00035.png
50,BigGAN,812,GenImage_test/BigGAN/test/nature/ILSVRC2012_val_00002664.JPEG
50,BigGAN,813,GenImage_test/BigGAN/test/ai/558_biggan_00035.png
50,BigGAN,814,GenImage_test/BigGAN/test/nature/ILSVRC2012_val_00029497.JPEG
50,BigGAN,815,GenImage_test/BigGAN/test/ai/345_biggan_00020.png
51,BigGAN,816,GenImage_test/BigGAN/test/ai/256_biggan_00127.png
51,BigGAN,817,GenImage_test/BigGAN/test/ai/763_biggan_00020.png
51,BigGAN,818,GenImage_test/BigGAN/test/nature/ILSVRC2012_val_00028967.JPEG
51,BigGAN,819,GenImage_test/BigGAN/test/ai/351_biggan_00035.png
51,BigGAN,820,GenImage_test/BigGAN/test/ai/379_biggan_00127.png
51,BigGAN,821,GenImage_test/BigGAN/test/ai/946_biggan_00039.png
51,BigGAN,822,GenImage_test/BigGAN/test/nature/ILSVRC2012_val_00048870.JPEG
51,BigGAN,823,GenImage_test/BigGAN/test/nature/ILSVRC2012_val_00004475.JPEG
51,BigGAN,824,GenImage_test/BigGAN/test/ai/054_biggan_00039.png
51,BigGAN,825,GenImage_test/BigGAN/test/nature/ILSVRC2012_val_00026001.JPEG
51,BigGAN,826,GenImage_test/BigGAN/test/ai/721_biggan_00039.png
51,BigGAN,827,GenImage_test/BigGAN/test/nature/ILSVRC2012_val_00039309.JPEG
51,BigGAN,828,GenImage_test/BigGAN/test/ai/103_biggan_00074.png
51,BigGAN,829,GenImage_test/BigGAN/test/nature/ILSVRC2012_val_00025035.JPEG
51,BigGAN,830,GenImage_test/BigGAN/test/ai/761_biggan_00127.png
51,BigGAN,831,GenImage_test/BigGAN/test/ai/068_biggan_00035.png
52,BigGAN,832,GenImage_test/BigGAN/test/ai/178_biggan_00039.png
52,BigGAN,833,GenImage_test/BigGAN/test/nature/ILSVRC2012_val_00033819.JPEG
52,BigGAN,834,GenImage_test/BigGAN/test/ai/856_biggan_00127.png
52,BigGAN,835,GenImage_test/BigGAN/test/nature/ILSVRC2012_val_00022937.JPEG
52,BigGAN,836,GenImage_test/BigGAN/test/ai/756_biggan_00143.png
52,BigGAN,837,GenImage_test/BigGAN/test/ai/904_biggan_00074.png
52,BigGAN,838,GenImage_test/BigGAN/test/nature/ILSVRC2012_val_00024358.JPEG
52,BigGAN,839,GenImage_test/BigGAN/test/ai/897_biggan_00074.png
52,BigGAN,840,GenImage_test/BigGAN/test/nature/ILSVRC2012_val_00009961.JPEG
52,BigGAN,841,GenImage_test/BigGAN/test/ai/196_biggan_00035.png
52,BigGAN,842,GenImage_test/BigGAN/test/nature/ILSVRC2012_val_00029481.JPEG
52,BigGAN,843,GenImage_test/BigGAN/test/ai/821_biggan_00035.png
52,BigGAN,844,GenImage_test/BigGAN/test/ai/652_biggan_00035.png
52,BigGAN,845,GenImage_test/BigGAN/test/nature/ILSVRC2012_val_00039096.JPEG
52,BigGAN,846,GenImage_test/BigGAN/test/nature/ILSVRC2012_val_00013218.JPEG
52,BigGAN,847,GenImage_test/BigGAN/test/ai/528_biggan_00143.png
53,BigGAN,848,GenImage_test/BigGAN/test/nature/ILSVRC2012_val_00044841.JPEG
53,BigGAN,849,GenImage_test/BigGAN/test/ai/052_biggan_00127.png
53,BigGAN,850,GenImage_test/BigGAN/test/ai/260_biggan_00143.png
53,BigGAN,851,GenImage_test/BigGAN/test/nature/ILSVRC2012_val_00025774.JPEG
53,BigGAN,852,GenImage_test/BigGAN/test/ai/622_biggan_00039.png
53,BigGAN,853,GenImage_test/BigGAN/test/nature/ILSVRC2012_val_00011789.JPEG
53,BigGAN,854,GenImage_test/BigGAN/test/ai/888_biggan_00020.png
53,BigGAN,855,GenImage_test/BigGAN/test/ai/412_biggan_00020.png
53,BigGAN,856,GenImage_test/BigGAN/test/ai/186_biggan_00035.png
53,BigGAN,857,GenImage_test/BigGAN/test/ai/156_biggan_00074.png
53,BigGAN,858,GenImage_test/BigGAN/test/ai/716_biggan_00074.png
53,BigGAN,859,GenImage_test/BigGAN/test/ai/675_biggan_00020.png
53,BigGAN,860,GenImage_test/BigGAN/test/nature/ILSVRC2012_val_00019079.JPEG
53,BigGAN,861,GenImage_test/BigGAN/test/nature/ILSVRC2012_val_00026227.JPEG
53,BigGAN,862,GenImage_test/BigGAN/test/nature/ILSVRC2012_val_00028121.JPEG
53,BigGAN,863,GenImage_test/BigGAN/test/nature/ILSVRC2012_val_00009488.JPEG
54,BigGAN,864,GenImage_test/BigGAN/test/ai/236_biggan_00035.png
54,BigGAN,865,GenImage_test/BigGAN/test/ai/766_biggan_00020.png
54,BigGAN,866,GenImage_test/BigGAN/test/ai/256_biggan_00035.png
54,BigGAN,867,GenImage_test/BigGAN/test/ai/426_biggan_00039.png
54,BigGAN,868,GenImage_test/BigGAN/test/ai/009_biggan_00039.png
54,BigGAN,869,GenImage_test/BigGAN/test/nature/ILSVRC2012_val_00032030.JPEG
54,BigGAN,870,GenImage_test/BigGAN/test/nature/ILSVRC2012_val_00034340.JPEG
54,BigGAN,871,GenImage_test/BigGAN/test/nature/ILSVRC2012_val_00047173.JPEG
54,BigGAN,872,GenImage_test/BigGAN/test/ai/711_biggan_00074.png
54,BigGAN,873,GenImage_test/BigGAN/test/nature/ILSVRC2012_val_00031069.JPEG
54,BigGAN,874,GenImage_test/BigGAN/test/ai/600_biggan_00039.png
54,BigGAN,875,GenImage_test/BigGAN/test/ai/187_biggan_00020.png
54,BigGAN,876,GenImage_test/BigGAN/test/ai/516_biggan_00127.png
54,BigGAN,877,GenImage_test/BigGAN/test/ai/215_biggan_00074.png
54,BigGAN,878,GenImage_test/BigGAN/test/nature/ILSVRC2012_val_00018201.JPEG
54,BigGAN,879,GenImage_test/BigGAN/test/ai/264_biggan_00039.png
55,BigGAN,880,GenImage_test/BigGAN/test/ai/648_biggan_00039.png
55,BigGAN,881,GenImage_test/BigGAN/test/nature/ILSVRC2012_val_00003653.JPEG
55,BigGAN,882,GenImage_test/BigGAN/test/nature/ILSVRC2012_val_00017948.JPEG
55,BigGAN,883,GenImage_test/BigGAN/test/nature/ILSVRC2012_val_00005459.JPEG
55,BigGAN,884,GenImage_test/BigGAN/test/nature/ILSVRC2012_val_00030762.JPEG
55,BigGAN,885,GenImage_test/BigGAN/test/nature/ILSVRC2012_val_00034105.JPEG
55,BigGAN,886,GenImage_test/BigGAN/test/nature/ILSVRC2012_val_00009833.JPEG
55,BigGAN,887,GenImage_test/BigGAN/test/nature/ILSVRC2012_val_00040167.JPEG
55,BigGAN,888,GenImage_test/BigGAN/test/nature/ILSVRC2012_val_00017040.JPEG
55,BigGAN,889,GenImage_test/BigGAN/test/nature/ILSVRC2012_val_00015714.JPEG
55,BigGAN,890,GenImage_test/BigGAN/test/nature/ILSVRC2012_val_00003443.JPEG
55,BigGAN,891,GenImage_test/BigGAN/test/nature/ILSVRC2012_val_00036759.JPEG
55,BigGAN,892,GenImage_test/BigGAN/test/nature/ILSVRC2012_val_00030120.JPEG
55,BigGAN,893,GenImage_test/BigGAN/test/nature/ILSVRC2012_val_00014775.JPEG
55,BigGAN,894,GenImage_test/BigGAN/test/nature/ILSVRC2012_val_00021480.JPEG
55,BigGAN,895,GenImage_test/BigGAN/test/nature/ILSVRC2012_val_00042390.JPEG
56,ADM,896,GenImage_test/ADM/test/ai/83_adm_7.PNG
56,ADM,897,GenImage_test/ADM/test/ai/783_adm_91.PNG
56,ADM,898,GenImage_test/ADM/test/nature/ILSVRC2012_val_00025240.JPEG
56,ADM,899,GenImage_test/ADM/test/nature/ILSVRC2012_val_00045944.JPEG
56,ADM,900,GenImage_test/ADM/test/ai/903_adm_91.PNG
56,ADM,901,GenImage_test/ADM/test/nature/ILSVRC2012_val_00045849.JPEG
56,ADM,902,GenImage_test/ADM/test/ai/689_adm_153.PNG
56,ADM,903,GenImage_test/ADM/test/nature/ILSVRC2012_val_00013734.JPEG
56,ADM,904,GenImage_test/ADM/test/ai/369_adm_174.PNG
56,ADM,905,GenImage_test/ADM/test/ai/122_adm_153.PNG
56,ADM,906,GenImage_test/ADM/test/nature/ILSVRC2012_val_00033138.JPEG
56,ADM,907,GenImage_test/ADM/test/ai/661_adm_153.PNG
56,ADM,908,GenImage_test/ADM/test/ai/178_adm_85.PNG
56,ADM,909,GenImage_test/ADM/test/nature/ILSVRC2012_val_00030371.JPEG
56,ADM,910,GenImage_test/ADM/test/nature/ILSVRC2012_val_00027458.JPEG
56,ADM,911,GenImage_test/ADM/test/nature/ILSVRC2012_val_00002466.JPEG
57,ADM,912,GenImage_test/ADM/test/ai/411_adm_34.PNG
57,ADM,913,GenImage_test/ADM/test/ai/447_adm_85.PNG
57,ADM,914,GenImage_test/ADM/test/nature/ILSVRC2012_val_00027610.JPEG
57,ADM,915,GenImage_test/ADM/test/nature/ILSVRC2012_val_00027668.JPEG
57,ADM,916,GenImage_test/ADM/test/ai/215_adm_91.PNG
57,ADM,917,GenImage_test/ADM/test/ai/825_adm_7.PNG
57,ADM,918,GenImage_test/ADM/test/nature/ILSVRC2012_val_00005391.JPEG
57,ADM,919,GenImage_test/ADM/test/nature/ILSVRC2012_val_00046605.JPEG
57,ADM,920,GenImage_test/ADM/test/nature/ILSVRC2012_val_00007470.JPEG
57,ADM,921,GenImage_test/ADM/test/nature/ILSVRC2012_val_00039505.JPEG
57,ADM,922,GenImage_test/ADM/test/ai/875_adm_7.PNG
57,ADM,923,GenImage_test/ADM/test/ai/550_adm_91.PNG
57,ADM,924,GenImage_test/ADM/test/ai/242_adm_34.PNG
57,ADM,925,GenImage_test/ADM/test/nature/ILSVRC2012_val_00025572.JPEG
57,ADM,926,GenImage_test/ADM/test/ai/2_adm_153.PNG
57,ADM,927,GenImage_test/ADM/test/ai/191_adm_91.PNG
58,ADM,928,GenImage_test/ADM/test/ai/237_adm_153.PNG
58,ADM,929,GenImage_test/ADM/test/nature/ILSVRC2012_val_00049912.JPEG
58,ADM,930,GenImage_test/ADM/test/nature/ILSVRC2012_val_00003431.JPEG
58,ADM,931,GenImage_test/ADM/test/ai/518_adm_85.PNG
58,ADM,932,GenImage_test/ADM/test/nature/ILSVRC2012_val_00024459.JPEG
58,ADM,933,GenImage_test/ADM/test/ai/467_adm_153.PNG
58,ADM,934,GenImage_test/ADM/test/nature/ILSVRC2012_val_00040152.JPEG
58,ADM,935,GenImage_test/ADM/test/nature/ILSVRC2012_val_00039437.JPEG
58,ADM,936,GenImage_test/ADM/test/nature/ILSVRC2012_val_00048634.JPEG
58,ADM,937,GenImage_test/ADM/test/ai/873_adm_153.PNG
58,ADM,938,GenImage_test/ADM/test/ai/580_adm_7.PNG
58,ADM,939,GenImage_test/ADM/test/ai/254_adm_34.PNG
58,ADM,940,GenImage_test/ADM/test/nature/ILSVRC2012_val_00047293.JPEG
58,ADM,941,GenImage_test/ADM/test/nature/ILSVRC2012_val_00023622.JPEG
58,ADM,942,GenImage_test/ADM/test/nature/ILSVRC2012_val_00044873.JPEG
58,ADM,943,GenImage_test/ADM/test/nature/ILSVRC2012_val_00019251.JPEG
59,ADM,944,GenImage_test/ADM/test/ai/846_adm_91.PNG
59,ADM,945,GenImage_test/ADM/test/nature/ILSVRC2012_val_00008413.JPEG
59,ADM,946,GenImage_test/ADM/test/nature/ILSVRC2012_val_00034609.JPEG
59,ADM,947,GenImage_test/ADM/test/nature/ILSVRC2012_val_00015591.JPEG
59,ADM,948,GenImage_test/ADM/test/nature/ILSVRC2012_val_00013552.JPEG
59,ADM,949,GenImage_test/ADM/test/ai/777_adm_7.PNG
59,ADM,950,GenImage_test/ADM/test/ai/546_adm_7.PNG
59,ADM,951,GenImage_test/ADM/test/ai/183_adm_34.PNG
59,ADM,952,GenImage_test/ADM/test/nature/ILSVRC2012_val_00017262.JPEG
59,ADM,953,GenImage_test/ADM/test/ai/218_adm_153.PNG
59,ADM,954,GenImage_test/ADM/test/ai/135_adm_7.PNG
59,ADM,955,GenImage_test/ADM/test/nature/ILSVRC2012_val_00030251.JPEG
59,ADM,956,GenImage_test/ADM/test/ai/456_adm_34.PNG
59,ADM,957,GenImage_test/ADM/test/ai/856_adm_85.PNG
59,ADM,958,GenImage_test/ADM/test/ai/931_adm_85.PNG
59,ADM,959,GenImage_test/ADM/test/nature/ILSVRC2012_val_00007234.JPEG
60,ADM,960,GenImage_test/ADM/test/ai/54_adm_34.PNG
60,ADM,961,GenImage_test/ADM/test/nature/ILSVRC2012_val_00008848.JPEG
60,ADM,962,GenImage_test/ADM/test/ai/591_adm_91.PNG
60,ADM,963,GenImage_test/ADM/test/ai/55_adm_34.PNG
60,ADM,964,GenImage_test/ADM/test/nature/ILSVRC2012_val_00029382.JPEG
60,ADM,965,GenImage_test/ADM/test/nature/ILSVRC2012_val_00049152.JPEG
60,ADM,966,GenImage_test/ADM/test/nature/ILSVRC2012_val_00034825.JPEG
60,ADM,967,GenImage_test/ADM/test/ai/813_adm_34.PNG
60,ADM,968,GenImage_test/ADM/test/nature/ILSVRC2012_val_00022393.JPEG
60,ADM,969,GenImage_test/ADM/test/nature/ILSVRC2012_val_00027872.JPEG
60,ADM,970,GenImage_test/ADM/test/nature/ILSVRC2012_val_00005832.JPEG
60,ADM,971,GenImage_test/ADM/test/ai/644_adm_174.PNG
60,ADM,972,GenImage_test/ADM/test/nature/ILSVRC2012_val_00037647.JPEG
60,ADM,973,GenImage_test/ADM/test/ai/392_adm_153.PNG
60,ADM,974,GenImage_test/ADM/test/ai/495_adm_153.PNG
60,ADM,975,GenImage_test/ADM/test/nature/ILSVRC2012_val_00008552.JPEG
61,ADM,976,GenImage_test/ADM/test/ai/506_adm_174.PNG
61,ADM,977,GenImage_test/ADM/test/ai/360_adm_34.PNG
61,ADM,978,GenImage_test/ADM/test/nature/ILSVRC2012_val_00043157.JPEG
61,ADM,979,GenImage_test/ADM/test/nature/ILSVRC2012_val_00035551.JPEG
61,ADM,980,GenImage_test/ADM/test/ai/111_adm_153.PNG
61,ADM,981,GenImage_test/ADM/test/ai/442_adm_7.PNG
61,ADM,982,GenImage_test/ADM/test/ai/320_adm_85.PNG
61,ADM,983,GenImage_test/ADM/test/nature/ILSVRC2012_val_00005521.JPEG
61,ADM,984,GenImage_test/ADM/test/nature/ILSVRC2012_val_00025576.JPEG
61,ADM,985,GenImage_test/ADM/test/ai/843_adm_153.PNG
61,ADM,986,GenImage_test/ADM/test/ai/499_adm_153.PNG
61,ADM,987,GenImage_test/ADM/test/ai/657_adm_153.PNG
61,ADM,988,GenImage_test/ADM/test/ai/441_adm_91.PNG
61,ADM,989,GenImage_test/ADM/test/nature/ILSVRC2012_val_00009323.JPEG
61,ADM,990,GenImage_test/ADM/test/ai/587_adm_34.PNG
61,ADM,991,GenImage_test/ADM/test/nature/ILSVRC2012_val_00001688.JPEG
62,ADM,992,GenImage_test/ADM/test/nature/ILSVRC2012_val_00041900.JPEG
62,ADM,993,GenImage_test/ADM/test/ai/541_adm_174.PNG
62,ADM,994,GenImage_test/ADM/test/nature/ILSVRC2012_val_00020087.JPEG
62,ADM,995,GenImage_test/ADM/test/nature/ILSVRC2012_val_00046958.JPEG
62,ADM,996,GenImage_test/ADM/test/nature/ILSVRC2012_val_00002721.JPEG
62,ADM,997,GenImage_test/ADM/test/ai/460_adm_174.PNG
62,ADM,998,GenImage_test/ADM/test/ai/119_adm_174.PNG
62,ADM,999,GenImage_test/ADM/test/nature/ILSVRC2012_val_00035004.JPEG
62,ADM,1000,GenImage_test/ADM/test/nature/ILSVRC2012_val_00016874.JPEG
62,ADM,1001,GenImage_test/ADM/test/ai/168_adm_153.PNG
62,ADM,1002,GenImage_test/ADM/test/nature/ILSVRC2012_val_00024148.JPEG
62,ADM,1003,GenImage_test/ADM/test/nature/ILSVRC2012_val_00021186.JPEG
62,ADM,1004,GenImage_test/ADM/test/nature/ILSVRC2012_val_00040870.JPEG
62,ADM,1005,GenImage_test/ADM/test/ai/478_adm_7.PNG
62,ADM,1006,GenImage_test/ADM/test/nature/ILSVRC2012_val_00042213.JPEG
62,ADM,1007,GenImage_test/ADM/test/ai/443_adm_34.PNG
63,ADM,1008,GenImage_test/ADM/test/nature/ILSVRC2012_val_00012714.JPEG
63,ADM,1009,GenImage_test/ADM/test/nature/ILSVRC2012_val_00020579.JPEG
63,ADM,1010,GenImage_test/ADM/test/ai/448_adm_34.PNG
63,ADM,1011,GenImage_test/ADM/test/ai/188_adm_174.PNG
63,ADM,1012,GenImage_test/ADM/test/nature/ILSVRC2012_val_00045046.JPEG
63,ADM,1013,GenImage_test/ADM/test/nature/ILSVRC2012_val_00047798.JPEG
63,ADM,1014,GenImage_test/ADM/test/ai/135_adm_85.PNG
63,ADM,1015,GenImage_test/ADM/test/ai/383_adm_153.PNG
63,ADM,1016,GenImage_test/ADM/test/ai/167_adm_91.PNG
63,ADM,1017,GenImage_test/ADM/test/ai/783_adm_174.PNG
63,ADM,1018,GenImage_test/ADM/test/nature/ILSVRC2012_val_00028157.JPEG
63,ADM,1019,GenImage_test/ADM/test/nature/ILSVRC2012_val_00035360.JPEG
63,ADM,1020,GenImage_test/ADM/test/ai/352_adm_85.PNG
63,ADM,1021,GenImage_test/ADM/test/ai/791_adm_174.PNG
63,ADM,1022,GenImage_test/ADM/test/ai/951_adm_85.PNG
63,ADM,1023,GenImage_test/ADM/test/ai/533_adm_91.PNG
64,ADM,1024,GenImage_test/ADM/test/nature/ILSVRC2012_val_00040640.JPEG
64,ADM,1025,GenImage_test/ADM/test/ai/272_adm_34.PNG
64,ADM,1026,GenImage_test/ADM/test/nature/ILSVRC2012_val_00028820.JPEG
64,ADM,1027,GenImage_test/ADM/test/ai/24_adm_91.PNG
64,ADM,1028,GenImage_test/ADM/test/ai/654_adm_91.PNG
64,ADM,1029,GenImage_test/ADM/test/ai/548_adm_85.PNG
64,ADM,1030,GenImage_test/ADM/test/ai/791_adm_91.PNG
64,ADM,1031,GenImage_test/ADM/test/ai/598_adm_85.PNG
64,ADM,1032,GenImage_test/ADM/test/ai/868_adm_7.PNG
64,ADM,1033,GenImage_test/ADM/test/nature/ILSVRC2012_val_00042911.JPEG
64,ADM,1034,GenImage_test/ADM/test/nature/ILSVRC2012_val_00034224.JPEG
64,ADM,1035,GenImage_test/ADM/test/ai/701_adm_174.PNG
64,ADM,1036,GenImage_test/ADM/test/ai/589_adm_34.PNG
64,ADM,1037,GenImage_test/ADM/test/ai/930_adm_174.PNG
64,ADM,1038,GenImage_test/ADM/test/nature/ILSVRC2012_val_00048635.JPEG
64,ADM,1039,GenImage_test/ADM/test/nature/ILSVRC2012_val_00019967.JPEG
65,ADM,1040,GenImage_test/ADM/test/ai/144_adm_34.PNG
65,ADM,1041,GenImage_test/ADM/test/nature/ILSVRC2012_val_00024988.JPEG
65,ADM,1042,GenImage_test/ADM/test/nature/ILSVRC2012_val_00040813.JPEG
65,ADM,1043,GenImage_test/ADM/test/nature/ILSVRC2012_val_00039281.JPEG
65,ADM,1044,GenImage_test/ADM/test/nature/ILSVRC2012_val_00044570.JPEG
65,ADM,1045,GenImage_test/ADM/test/ai/157_adm_153.PNG
65,ADM,1046,GenImage_test/ADM/test/ai/614_adm_91.PNG
65,ADM,1047,GenImage_test/ADM/test/nature/ILSVRC2012_val_00012114.JPEG
65,ADM,1048,GenImage_test/ADM/test/ai/76_adm_34.PNG
65,ADM,1049,GenImage_test/ADM/test/nature/ILSVRC2012_val_00015794.JPEG
65,ADM,1050,GenImage_test/ADM/test/ai/577_adm_85.PNG
65,ADM,1051,GenImage_test/ADM/test/nature/ILSVRC2012_val_00032319.JPEG
65,ADM,1052,GenImage_test/ADM/test/nature/ILSVRC2012_val_00032931.JPEG
65,ADM,1053,GenImage_test/ADM/test/nature/ILSVRC2012_val_00000290.JPEG
65,ADM,1054,GenImage_test/ADM/test/nature/ILSVRC2012_val_00028857.JPEG
65,ADM,1055,GenImage_test/ADM/test/nature/ILSVRC2012_val_00034514.JPEG
66,ADM,1056,GenImage_test/ADM/test/nature/ILSVRC2012_val_00048050.JPEG
66,ADM,1057,GenImage_test/ADM/test/nature/ILSVRC2012_val_00028541.JPEG
66,ADM,1058,GenImage_test/ADM/test/ai/333_adm_91.PNG
66,ADM,1059,GenImage_test/ADM/test/ai/649_adm_85.PNG
66,ADM,1060,GenImage_test/ADM/test/nature/ILSVRC2012_val_00013082.JPEG
66,ADM,1061,GenImage_test/ADM/test/ai/839_adm_153.PNG
66,ADM,1062,GenImage_test/ADM/test/ai/199_adm_174.PNG
66,ADM,1063,GenImage_test/ADM/test/nature/ILSVRC2012_val_00018717.JPEG
66,ADM,1064,GenImage_test/ADM/test/nature/ILSVRC2012_val_00044455.JPEG
66,ADM,1065,GenImage_test/ADM/test/ai/398_adm_34.PNG
66,ADM,1066,GenImage_test/ADM/test/nature/ILSVRC2012_val_00007694.JPEG
66,ADM,1067,GenImage_test/ADM/test/nature/ILSVRC2012_val_00018553.JPEG
66,ADM,1068,GenImage_test/ADM/test/ai/947_adm_153.PNG
66,ADM,1069,GenImage_test/ADM/test/ai/129_adm_85.PNG
66,ADM,1070,GenImage_test/ADM/test/nature/ILSVRC2012_val_00018216.JPEG
66,ADM,1071,GenImage_test/ADM/test/nature/ILSVRC2012_val_00044876.JPEG
67,ADM,1072,GenImage_test/ADM/test/nature/ILSVRC2012_val_00034372.JPEG
67,ADM,1073,GenImage_test/ADM/test/nature/ILSVRC2012_val_00046539.JPEG
67,ADM,1074,GenImage_test/ADM/test/ai/34_adm_153.PNG
67,ADM,1075,GenImage_test/ADM/test/nature/ILSVRC2012_val_00042554.JPEG
67,ADM,1076,GenImage_test/ADM/test/ai/142_adm_91.PNG
67,ADM,1077,GenImage_test/ADM/test/ai/751_adm_85.PNG
67,ADM,1078,GenImage_test/ADM/test/nature/ILSVRC2012_val_00016443.JPEG
67,ADM,1079,GenImage_test/ADM/test/ai/273_adm_153.PNG
67,ADM,1080,GenImage_test/ADM/test/nature/ILSVRC2012_val_00039500.JPEG
67,ADM,1081,GenImage_test/ADM/test/ai/922_adm_34.PNG
67,ADM,1082,GenImage_test/ADM/test/ai/980_adm_91.PNG
67,ADM,1083,GenImage_test/ADM/test/ai/657_adm_91.PNG
67,ADM,1084,GenImage_test/ADM/test/ai/77_adm_34.PNG
67,ADM,1085,GenImage_test/ADM/test/ai/917_adm_153.PNG
67,ADM,1086,GenImage_test/ADM/test/nature/ILSVRC2012_val_00024290.JPEG
67,ADM,1087,GenImage_test/ADM/test/nature/ILSVRC2012_val_00033708.JPEG
68,ADM,1088,GenImage_test/ADM/test/nature/ILSVRC2012_val_00033664.JPEG
68,ADM,1089,GenImage_test/ADM/test/ai/747_adm_91.PNG
68,ADM,1090,GenImage_test/ADM/test/ai/850_adm_85.PNG
68,ADM,1091,GenImage_test/ADM/test/ai/215_adm_7.PNG
68,ADM,1092,GenImage_test/ADM/test/ai/735_adm_153.PNG
68,ADM,1093,GenImage_test/ADM/test/nature/ILSVRC2012_val_00009184.JPEG
68,ADM,1094,GenImage_test/ADM/test/nature/ILSVRC2012_val_00044018.JPEG
68,ADM,1095,GenImage_test/ADM/test/nature/ILSVRC2012_val_00022364.JPEG
68,ADM,1096,GenImage_test/ADM/test/ai/886_adm_91.PNG
68,ADM,1097,GenImage_test/ADM/test/ai/571_adm_153.PNG
68,ADM,1098,GenImage_test/ADM/test/nature/ILSVRC2012_val_00016872.JPEG
68,ADM,1099,GenImage_test/ADM/test/ai/812_adm_85.PNG
68,ADM,1100,GenImage_test/ADM/test/ai/738_adm_34.PNG
68,ADM,1101,GenImage_test/ADM/test/ai/784_adm_153.PNG
68,ADM,1102,GenImage_test/ADM/test/nature/ILSVRC2012_val_00018596.JPEG
68,ADM,1103,GenImage_test/ADM/test/ai/786_adm_91.PNG
69,ADM,1104,GenImage_test/ADM/test/ai/672_adm_174.PNG
69,ADM,1105,GenImage_test/ADM/test/nature/ILSVRC2012_val_00049562.JPEG
69,ADM,1106,GenImage_test/ADM/test/nature/ILSVRC2012_val_00038716.JPEG
69,ADM,1107,GenImage_test/ADM/test/ai/639_adm_153.PNG
69,ADM,1108,GenImage_test/ADM/test/nature/ILSVRC2012_val_00045181.JPEG
69,ADM,1109,GenImage_test/ADM/test/nature/ILSVRC2012_val_00015826.JPEG
69,ADM,1110,GenImage_test/ADM/test/ai/83_adm_91.PNG
69,ADM,1111,GenImage_test/ADM/test/ai/102_adm_174.PNG
69,ADM,1112,GenImage_test/ADM/test/ai/167_adm_85.PNG
69,ADM,1113,GenImage_test/ADM/test/ai/661_adm_34.PNG
69,ADM,1114,GenImage_test/ADM/test/nature/ILSVRC2012_val_00000550.JPEG
69,ADM,1115,GenImage_test/ADM/test/ai/224_adm_174.PNG
69,ADM,1116,GenImage_test/ADM/test/nature/ILSVRC2012_val_00033264.JPEG
69,ADM,1117,GenImage_test/ADM/test/nature/ILSVRC2012_val_00035597.JPEG
69,ADM,1118,GenImage_test/ADM/test/ai/487_adm_34.PNG
69,ADM,1119,GenImage_test/ADM/test/ai/686_adm_85.PNG
70,ADM,1120,GenImage_test/ADM/test/nature/ILSVRC2012_val_00006107.JPEG
70,ADM,1121,GenImage_test/ADM/test/nature/ILSVRC2012_val_00044401.JPEG
70,ADM,1122,GenImage_test/ADM/test/nature/ILSVRC2012_val_00034884.JPEG
70,ADM,1123,GenImage_test/ADM/test/nature/ILSVRC2012_val_00038861.JPEG
70,ADM,1124,GenImage_test/ADM/test/ai/915_adm_85.PNG
70,ADM,1125,GenImage_test/ADM/test/nature/ILSVRC2012_val_00041132.JPEG
70,ADM,1126,GenImage_test/ADM/test/ai/663_adm_85.PNG
70,ADM,1127,GenImage_test/ADM/test/ai/84_adm_85.PNG
70,ADM,1128,GenImage_test/ADM/test/ai/648_adm_153.PNG
70,ADM,1129,GenImage_test/ADM/test/ai/564_adm_7.PNG
70,ADM,1130,GenImage_test/ADM/test/ai/185_adm_7.PNG
70,ADM,1131,GenImage_test/ADM/test/nature/ILSVRC2012_val_00047951.JPEG
70,ADM,1132,GenImage_test/ADM/test/nature/ILSVRC2012_val_00021557.JPEG
70,ADM,1133,GenImage_test/ADM/test/nature/ILSVRC2012_val_00022263.JPEG
70,ADM,1134,GenImage_test/ADM/test/ai/384_adm_34.PNG
70,ADM,1135,GenImage_test/ADM/test/ai/606_adm_91.PNG
71,ADM,1136,GenImage_test/ADM/test/nature/ILSVRC2012_val_00021432.JPEG
71,ADM,1137,GenImage_test/ADM/test/nature/ILSVRC2012_val_00022717.JPEG
71,ADM,1138,GenImage_test/ADM/test/ai/519_adm_85.PNG
71,ADM,1139,GenImage_test/ADM/test/nature/ILSVRC2012_val_00034769.JPEG
71,ADM,1140,GenImage_test/ADM/test/ai/601_adm_7.PNG
71,ADM,1141,GenImage_test/ADM/test/ai/29_adm_7.PNG
71,ADM,1142,GenImage_test/ADM/test/nature/ILSVRC2012_val_00014461.JPEG
71,ADM,1143,GenImage_test/ADM/test/nature/ILSVRC2012_val_00016772.JPEG
71,ADM,1144,GenImage_test/ADM/test/nature/ILSVRC2012_val_00049423.JPEG
71,ADM,1145,GenImage_test/ADM/test/nature/ILSVRC2012_val_00031015.JPEG
71,ADM,1146,GenImage_test/ADM/test/nature/ILSVRC2012_val_00040624.JPEG
71,ADM,1147,GenImage_test/ADM/test/nature/ILSVRC2012_val_00019286.JPEG
71,ADM,1148,GenImage_test/ADM/test/ai/360_adm_153.PNG
71,ADM,1149,GenImage_test/ADM/test/nature/ILSVRC2012_val_00026095.JPEG
71,ADM,1150,GenImage_test/ADM/test/ai/81_adm_153.PNG
71,ADM,1151,GenImage_test/ADM/test/nature/ILSVRC2012_val_00048804.JPEG
72,ADM,1152,GenImage_test/ADM/test/nature/ILSVRC2012_val_00049208.JPEG
72,ADM,1153,GenImage_test/ADM/test/nature/ILSVRC2012_val_00044791.JPEG
72,ADM,1154,GenImage_test/ADM/test/nature/ILSVRC2012_val_00028559.JPEG
72,ADM,1155,GenImage_test/ADM/test/ai/317_adm_153.PNG
72,ADM,1156,GenImage_test/ADM/test/ai/666_adm_174.PNG
72,ADM,1157,GenImage_test/ADM/test/ai/543_adm_153.PNG
72,ADM,1158,GenImage_test/ADM/test/ai/273_adm_85.PNG
72,ADM,1159,GenImage_test/ADM/test/nature/ILSVRC2012_val_00006279.JPEG
72,ADM,1160,GenImage_test/ADM/test/ai/506_adm_7.PNG
72,ADM,1161,GenImage_test/ADM/test/ai/296_adm_91.PNG
72,ADM,1162,GenImage_test/ADM/test/ai/509_adm_85.PNG
72,ADM,1163,GenImage_test/ADM/test/nature/ILSVRC2012_val_00026085.JPEG
72,ADM,1164,GenImage_test/ADM/test/nature/ILSVRC2012_val_00011177.JPEG
72,ADM,1165,GenImage_test/ADM/test/ai/766_adm_153.PNG
72,ADM,1166,GenImage_test/ADM/test/ai/701_adm_85.PNG
72,ADM,1167,GenImage_test/ADM/test/nature/ILSVRC2012_val_00021799.JPEG
73,ADM,1168,GenImage_test/ADM/test/nature/ILSVRC2012_val_00038912.JPEG
73,ADM,1169,GenImage_test/ADM/test/nature/ILSVRC2012_val_00022573.JPEG
73,ADM,1170,GenImage_test/ADM/test/nature/ILSVRC2012_val_00048777.JPEG
73,ADM,1171,GenImage_test/ADM/test/nature/ILSVRC2012_val_00000456.JPEG
73,ADM,1172,GenImage_test/ADM/test/nature/ILSVRC2012_val_00031241.JPEG
73,ADM,1173,GenImage_test/ADM/test/ai/266_adm_174.PNG
73,ADM,1174,GenImage_test/ADM/test/ai/709_adm_153.PNG
73,ADM,1175,GenImage_test/ADM/test/ai/880_adm_7.PNG
73,ADM,1176,GenImage_test/ADM/test/nature/ILSVRC2012_val_00046813.JPEG
73,ADM,1177,GenImage_test/ADM/test/ai/983_adm_34.PNG
73,ADM,1178,GenImage_test/ADM/test/ai/670_adm_174.PNG
73,ADM,1179,GenImage_test/ADM/test/ai/590_adm_34.PNG
73,ADM,1180,GenImage_test/ADM/test/ai/403_adm_7.PNG
73,ADM,1181,GenImage_test/ADM/test/nature/ILSVRC2012_val_00037900.JPEG
73,ADM,1182,GenImage_test/ADM/test/nature/ILSVRC2012_val_00039151.JPEG
73,ADM,1183,GenImage_test/ADM/test/nature/ILSVRC2012_val_00043496.JPEG
74,ADM,1184,GenImage_test/ADM/test/ai/471_adm_174.PNG
74,ADM,1185,GenImage_test/ADM/test/ai/472_adm_153.PNG
74,ADM,1186,GenImage_test/ADM/test/nature/ILSVRC2012_val_00010235.JPEG
74,ADM,1187,GenImage_test/ADM/test/nature/ILSVRC2012_val_00029445.JPEG
74,ADM,1188,GenImage_test/ADM/test/ai/342_adm_174.PNG
74,ADM,1189,GenImage_test/ADM/test/ai/199_adm_85.PNG
74,ADM,1190,GenImage_test/ADM/test/nature/ILSVRC2012_val_00042633.JPEG
74,ADM,1191,GenImage_test/ADM/test/ai/33_adm_91.PNG
74,ADM,1192,GenImage_test/ADM/test/nature/ILSVRC2012_val_00014107.JPEG
74,ADM,1193,GenImage_test/ADM/test/ai/330_adm_174.PNG
74,ADM,1194,GenImage_test/ADM/test/nature/ILSVRC2012_val_00010219.JPEG
74,ADM,1195,GenImage_test/ADM/test/ai/224_adm_91.PNG
74,ADM,1196,GenImage_test/ADM/test/ai/975_adm_91.PNG
74,ADM,1197,GenImage_test/ADM/test/ai/567_adm_153.PNG
74,ADM,1198,GenImage_test/ADM/test/ai/703_adm_7.PNG
74,ADM,1199,GenImage_test/ADM/test/nature/ILSVRC2012_val_00036593.JPEG
75,ADM,1200,GenImage_test/ADM/test/nature/ILSVRC2012_val_00005841.JPEG
75,ADM,1201,GenImage_test/ADM/test/ai/968_adm_85.PNG
75,ADM,1202,GenImage_test/ADM/test/ai/558_adm_85.PNG
75,ADM,1203,GenImage_test/ADM/test/nature/ILSVRC2012_val_00010339.JPEG
75,ADM,1204,GenImage_test/ADM/test/ai/299_adm_91.PNG
75,ADM,1205,GenImage_test/ADM/test/ai/436_adm_34.PNG
75,ADM,1206,GenImage_test/ADM/test/ai/462_adm_85.PNG
75,ADM,1207,GenImage_test/ADM/test/ai/19_adm_34.PNG
75,ADM,1208,GenImage_test/ADM/test/ai/572_adm_91.PNG
75,ADM,1209,GenImage_test/ADM/test/ai/210_adm_7.PNG
75,ADM,1210,GenImage_test/ADM/test/nature/ILSVRC2012_val_00033019.JPEG
75,ADM,1211,GenImage_test/ADM/test/nature/ILSVRC2012_val_00018837.JPEG
75,ADM,1212,GenImage_test/ADM/test/nature/ILSVRC2012_val_00048914.JPEG
75,ADM,1213,GenImage_test/ADM/test/nature/ILSVRC2012_val_00012372.JPEG
75,ADM,1214,GenImage_test/ADM/test/ai/301_adm_85.PNG
75,ADM,1215,GenImage_test/ADM/test/ai/98_adm_91.PNG
76,ADM,1216,GenImage_test/ADM/test/nature/ILSVRC2012_val_00029244.JPEG
76,ADM,1217,GenImage_test/ADM/test/ai/195_adm_7.PNG
76,ADM,1218,GenImage_test/ADM/test/nature/ILSVRC2012_val_00031029.JPEG
76,ADM,1219,GenImage_test/ADM/test/nature/ILSVRC2012_val_00031985.JPEG
76,ADM,1220,GenImage_test/ADM/test/nature/ILSVRC2012_val_00040819.JPEG
76,ADM,1221,GenImage_test/ADM/test/nature/ILSVRC2012_val_00017358.JPEG
76,ADM,1222,GenImage_test/ADM/test/nature/ILSVRC2012_val_00019904.JPEG
76,ADM,1223,GenImage_test/ADM/test/nature/ILSVRC2012_val_00013874.JPEG
76,ADM,1224,GenImage_test/ADM/test/ai/101_adm_85.PNG
76,ADM,1225,GenImage_test/ADM/test/ai/573_adm_7.PNG
76,ADM,1226,GenImage_test/ADM/test/nature/ILSVRC2012_val_00026745.JPEG
76,ADM,1227,GenImage_test/ADM/test/nature/ILSVRC2012_val_00021969.JPEG
76,ADM,1228,GenImage_test/ADM/test/nature/ILSVRC2012_val_00003038.JPEG
76,ADM,1229,GenImage_test/ADM/test/ai/616_adm_34.PNG
76,ADM,1230,GenImage_test/ADM/test/ai/261_adm_85.PNG
76,ADM,1231,GenImage_test/ADM/test/nature/ILSVRC2012_val_00005931.JPEG
77,ADM,1232,GenImage_test/ADM/test/nature/ILSVRC2012_val_00040093.JPEG
77,ADM,1233,GenImage_test/ADM/test/ai/499_adm_91.PNG
77,ADM,1234,GenImage_test/ADM/test/nature/ILSVRC2012_val_00016474.JPEG
77,ADM,1235,GenImage_test/ADM/test/ai/169_adm_85.PNG
77,ADM,1236,GenImage_test/ADM/test/ai/211_adm_34.PNG
77,ADM,1237,GenImage_test/ADM/test/nature/ILSVRC2012_val_00041621.JPEG
77,ADM,1238,GenImage_test/ADM/test/ai/628_adm_7.PNG
77,ADM,1239,GenImage_test/ADM/test/nature/ILSVRC2012_val_00046103.JPEG
77,ADM,1240,GenImage_test/ADM/test/ai/779_adm_7.PNG
77,ADM,1241,GenImage_test/ADM/test/ai/860_adm_34.PNG
77,ADM,1242,GenImage_test/ADM/test/nature/ILSVRC2012_val_00043241.JPEG
77,ADM,1243,GenImage_test/ADM/test/ai/600_adm_153.PNG
77,ADM,1244,GenImage_test/ADM/test/nature/ILSVRC2012_val_00017450.JPEG
77,ADM,1245,GenImage_test/ADM/test/ai/23_adm_91.PNG
77,ADM,1246,GenImage_test/ADM/test/ai/8_adm_7.PNG
77,ADM,1247,GenImage_test/ADM/test/nature/ILSVRC2012_val_00020729.JPEG
78,ADM,1248,GenImage_test/ADM/test/ai/620_adm_7.PNG
78,ADM,1249,GenImage_test/ADM/test/nature/ILSVRC2012_val_00020065.JPEG
78,ADM,1250,GenImage_test/ADM/test/nature/ILSVRC2012_val_00043375.JPEG
78,ADM,1251,GenImage_test/ADM/test/ai/335_adm_91.PNG
78,ADM,1252,GenImage_test/ADM/test/nature/ILSVRC2012_val_00011234.JPEG
78,ADM,1253,GenImage_test/ADM/test/ai/687_adm_91.PNG
78,ADM,1254,GenImage_test/ADM/test/ai/117_adm_85.PNG
78,ADM,1255,GenImage_test/ADM/test/ai/310_adm_7.PNG
78,ADM,1256,GenImage_test/ADM/test/nature/ILSVRC2012_val_00026736.JPEG
78,ADM,1257,GenImage_test/ADM/test/nature/ILSVRC2012_val_00023601.JPEG
78,ADM,1258,GenImage_test/ADM/test/ai/683_adm_85.PNG
78,ADM,1259,GenImage_test/ADM/test/ai/124_adm_85.PNG
78,ADM,1260,GenImage_test/ADM/test/nature/ILSVRC2012_val_00031552.JPEG
78,ADM,1261,GenImage_test/ADM/test/ai/632_adm_174.PNG
78,ADM,1262,GenImage_test/ADM/test/nature/ILSVRC2012_val_00016069.JPEG
78,ADM,1263,GenImage_test/ADM/test/ai/82_adm_153.PNG
79,ADM,1264,GenImage_test/ADM/test/ai/162_adm_34.PNG
79,ADM,1265,GenImage_test/ADM/test/ai/444_adm_7.PNG
79,ADM,1266,GenImage_test/ADM/test/nature/ILSVRC2012_val_00020734.JPEG
79,ADM,1267,GenImage_test/ADM/test/nature/ILSVRC2012_val_00016236.JPEG
79,ADM,1268,GenImage_test/ADM/test/nature/ILSVRC2012_val_00029649.JPEG
79,ADM,1269,GenImage_test/ADM/test/nature/ILSVRC2012_val_00023729.JPEG
79,ADM,1270,GenImage_test/ADM/test/nature/ILSVRC2012_val_00009734.JPEG
79,ADM,1271,GenImage_test/ADM/test/nature/ILSVRC2012_val_00017929.JPEG
79,ADM,1272,GenImage_test/ADM/test/ai/200_adm_85.PNG
79,ADM,1273,GenImage_test/ADM/test/nature/ILSVRC2012_val_00000052.JPEG
79,ADM,1274,GenImage_test/ADM/test/nature/ILSVRC2012_val_00027648.JPEG
79,ADM,1275,GenImage_test/ADM/test/nature/ILSVRC2012_val_00019316.JPEG
79,ADM,1276,GenImage_test/ADM/test/nature/ILSVRC2012_val_00028042.JPEG
79,ADM,1277,GenImage_test/ADM/test/ai/996_adm_153.PNG
79,ADM,1278,GenImage_test/ADM/test/ai/404_adm_153.PNG
79,ADM,1279,GenImage_test/ADM/test/nature/ILSVRC2012_val_00024659.JPEG
80,ADM,1280,GenImage_test/ADM/test/nature/ILSVRC2012_val_00020464.JPEG
80,ADM,1281,GenImage_test/ADM/test/nature/ILSVRC2012_val_00010815.JPEG
80,ADM,1282,GenImage_test/ADM/test/nature/ILSVRC2012_val_00033331.JPEG
80,ADM,1283,GenImage_test/ADM/test/ai/175_adm_91.PNG
80,ADM,1284,GenImage_test/ADM/test/ai/898_adm_174.PNG
80,ADM,1285,GenImage_test/ADM/test/nature/ILSVRC2012_val_00040388.JPEG
80,ADM,1286,GenImage_test/ADM/test/ai/195_adm_91.PNG
80,ADM,1287,GenImage_test/ADM/test/nature/ILSVRC2012_val_00046240.JPEG
80,ADM,1288,GenImage_test/ADM/test/nature/ILSVRC2012_val_00022790.JPEG
80,ADM,1289,GenImage_test/ADM/test/nature/ILSVRC2012_val_00045903.JPEG
80,ADM,1290,GenImage_test/ADM/test/ai/672_adm_153.PNG
80,ADM,1291,GenImage_test/ADM/test/nature/ILSVRC2012_val_00012652.JPEG
80,ADM,1292,GenImage_test/ADM/test/nature/ILSVRC2012_val_00005117.JPEG
80,ADM,1293,GenImage_test/ADM/test/nature/ILSVRC2012_val_00026764.JPEG
80,ADM,1294,GenImage_test/ADM/test/ai/374_adm_85.PNG
80,ADM,1295,GenImage_test/ADM/test/nature/ILSVRC2012_val_00002614.JPEG
81,ADM,1296,GenImage_test/ADM/test/nature/ILSVRC2012_val_00036314.JPEG
81,ADM,1297,GenImage_test/ADM/test/nature/ILSVRC2012_val_00007192.JPEG
81,ADM,1298,GenImage_test/ADM/test/ai/412_adm_91.PNG
81,ADM,1299,GenImage_test/ADM/test/ai/813_adm_7.PNG
81,ADM,1300,GenImage_test/ADM/test/nature/ILSVRC2012_val_00046440.JPEG
81,ADM,1301,GenImage_test/ADM/test/ai/159_adm_7.PNG
81,ADM,1302,GenImage_test/ADM/test/ai/438_adm_153.PNG
81,ADM,1303,GenImage_test/ADM/test/nature/ILSVRC2012_val_00007711.JPEG
81,ADM,1304,GenImage_test/ADM/test/nature/ILSVRC2012_val_00046160.JPEG
81,ADM,1305,GenImage_test/ADM/test/nature/ILSVRC2012_val_00026302.JPEG
81,ADM,1306,GenImage_test/ADM/test/ai/366_adm_153.PNG
81,ADM,1307,GenImage_test/ADM/test/ai/377_adm_174.PNG
81,ADM,1308,GenImage_test/ADM/test/ai/976_adm_85.PNG
81,ADM,1309,GenImage_test/ADM/test/nature/ILSVRC2012_val_00006278.JPEG
81,ADM,1310,GenImage_test/ADM/test/nature/ILSVRC2012_val_00032999.JPEG
81,ADM,1311,GenImage_test/ADM/test/nature/ILSVRC2012_val_00048398.JPEG
82,ADM,1312,GenImage_test/ADM/test/nature/ILSVRC2012_val_00040061.JPEG
82,ADM,1313,GenImage_test/ADM/test/nature/ILSVRC2012_val_00035485.JPEG
82,ADM,1314,GenImage_test/ADM/test/nature/ILSVRC2012_val_00045308.JPEG
82,ADM,1315,GenImage_test/ADM/test/nature/ILSVRC2012_val_00020707.JPEG
82,ADM,1316,GenImage_test/ADM/test/nature/ILSVRC2012_val_00049188.JPEG
82,ADM,1317,GenImage_test/ADM/test/nature/ILSVRC2012_val_00037039.JPEG
82,ADM,1318,GenImage_test/ADM/test/nature/ILSVRC2012_val_00029275.JPEG
82,ADM,1319,GenImage_test/ADM/test/ai/297_adm_34.PNG
82,ADM,1320,GenImage_test/ADM/test/ai/569_adm_34.PNG
82,ADM,1321,GenImage_test/ADM/test/ai/174_adm_7.PNG
82,ADM,1322,GenImage_test/ADM/test/nature/ILSVRC2012_val_00039483.JPEG
82,ADM,1323,GenImage_test/ADM/test/nature/ILSVRC2012_val_00021600.JPEG
82,ADM,1324,GenImage_test/ADM/test/ai/10_adm_153.PNG
82,ADM,1325,GenImage_test/ADM/test/nature/ILSVRC2012_val_00023771.JPEG
82,ADM,1326,GenImage_test/ADM/test/ai/922_adm_174.PNG
82,ADM,1327,GenImage_test/ADM/test/nature/ILSVRC2012_val_00038050.JPEG
83,ADM,1328,GenImage_test/ADM/test/ai/139_adm_174.PNG
83,ADM,1329,GenImage_test/ADM/test/ai/582_adm_34.PNG
83,ADM,1330,GenImage_test/ADM/test/ai/864_adm_7.PNG
83,ADM,1331,GenImage_test/ADM/test/ai/128_adm_174.PNG
83,ADM,1332,GenImage_test/ADM/test/ai/198_adm_7.PNG
83,ADM,1333,GenImage_test/ADM/test/ai/461_adm_174.PNG
83,ADM,1334,GenImage_test/ADM/test/nature/ILSVRC2012_val_00014015.JPEG
83,ADM,1335,GenImage_test/ADM/test/ai/524_adm_153.PNG
83,ADM,1336,GenImage_test/ADM/test/ai/138_adm_34.PNG
83,ADM,1337,GenImage_test/ADM/test/ai/723_adm_153.PNG
83,ADM,1338,GenImage_test/ADM/test/ai/478_adm_153.PNG
83,ADM,1339,GenImage_test/ADM/test/ai/446_adm_85.PNG
83,ADM,1340,GenImage_test/ADM/test/ai/187_adm_34.PNG
83,ADM,1341,GenImage_test/ADM/test/ai/495_adm_91.PNG
83,ADM,1342,GenImage_test/ADM/test/ai/72_adm_34.PNG
83,ADM,1343,GenImage_test/ADM/test/ai/912_adm_174.PNG
84,SD1.5_return,1344,GenImage_test/stable_diffusion_v_1_5/test/ai/268_sdv5_00003.png
84,SD1.5_return,1345,GenImage_test/stable_diffusion_v_1_5/test/ai/413_sdv5_00009.png
84,SD1.5_return,1346,GenImage_test/stable_diffusion_v_1_5/test/ai/986_sdv5_00027.png
84,SD1.5_return,1347,GenImage_test/stable_diffusion_v_1_5/test/ai/810_sdv5_00003.png
84,SD1.5_return,1348,GenImage_test/stable_diffusion_v_1_5/test/ai/950_sdv5_00020.png
84,SD1.5_return,1349,GenImage_test/stable_diffusion_v_1_5/test/ai/451_sdv5_00195.png
84,SD1.5_return,1350,GenImage_test/stable_diffusion_v_1_5/test/ai/629_sdv5_00027.png
84,SD1.5_return,1351,GenImage_test/stable_diffusion_v_1_5/test/ai/039_sdv5_00009.png
84,SD1.5_return,1352,GenImage_test/stable_diffusion_v_1_5/test/nature/ILSVRC2012_val_00009048.JPEG
84,SD1.5_return,1353,GenImage_test/stable_diffusion_v_1_5/test/nature/ILSVRC2012_val_00012188.JPEG
84,SD1.5_return,1354,GenImage_test/stable_diffusion_v_1_5/test/nature/ILSVRC2012_val_00049271.JPEG
84,SD1.5_return,1355,GenImage_test/stable_diffusion_v_1_5/test/nature/ILSVRC2012_val_00018423.JPEG
84,SD1.5_return,1356,GenImage_test/stable_diffusion_v_1_5/test/ai/916_sdv5_00027.png
84,SD1.5_return,1357,GenImage_test/stable_diffusion_v_1_5/test/nature/ILSVRC2012_val_00006094.JPEG
84,SD1.5_return,1358,GenImage_test/stable_diffusion_v_1_5/test/nature/ILSVRC2012_val_00010247.JPEG
84,SD1.5_return,1359,GenImage_test/stable_diffusion_v_1_5/test/ai/929_sdv5_00039.png
85,SD1.5_return,1360,GenImage_test/stable_diffusion_v_1_5/test/nature/ILSVRC2012_val_00024113.JPEG
85,SD1.5_return,1361,GenImage_test/stable_diffusion_v_1_5/test/ai/131_sdv5_00003.png
85,SD1.5_return,1362,GenImage_test/stable_diffusion_v_1_5/test/nature/ILSVRC2012_val_00029406.JPEG
85,SD1.5_return,1363,GenImage_test/stable_diffusion_v_1_5/test/nature/ILSVRC2012_val_00002770.JPEG
85,SD1.5_return,1364,GenImage_test/stable_diffusion_v_1_5/test/ai/889_sdv5_00100.png
85,SD1.5_return,1365,GenImage_test/stable_diffusion_v_1_5/test/nature/ILSVRC2012_val_00005571.JPEG
85,SD1.5_return,1366,GenImage_test/stable_diffusion_v_1_5/test/nature/ILSVRC2012_val_00048890.JPEG
85,SD1.5_return,1367,GenImage_test/stable_diffusion_v_1_5/test/nature/ILSVRC2012_val_00011327.JPEG
85,SD1.5_return,1368,GenImage_test/stable_diffusion_v_1_5/test/nature/ILSVRC2012_val_00033290.JPEG
85,SD1.5_return,1369,GenImage_test/stable_diffusion_v_1_5/test/nature/ILSVRC2012_val_00049059.JPEG
85,SD1.5_return,1370,GenImage_test/stable_diffusion_v_1_5/test/nature/ILSVRC2012_val_00028224.JPEG
85,SD1.5_return,1371,GenImage_test/stable_diffusion_v_1_5/test/nature/ILSVRC2012_val_00025840.JPEG
85,SD1.5_return,1372,GenImage_test/stable_diffusion_v_1_5/test/nature/ILSVRC2012_val_00038332.JPEG
85,SD1.5_return,1373,GenImage_test/stable_diffusion_v_1_5/test/nature/ILSVRC2012_val_00030232.JPEG
85,SD1.5_return,1374,GenImage_test/stable_diffusion_v_1_5/test/nature/ILSVRC2012_val_00046104.JPEG
85,SD1.5_return,1375,GenImage_test/stable_diffusion_v_1_5/test/nature/ILSVRC2012_val_00043593.JPEG
86,SD1.5_return,1376,GenImage_test/stable_diffusion_v_1_5/test/nature/ILSVRC2012_val_00010633.JPEG
86,SD1.5_return,1377,GenImage_test/stable_diffusion_v_1_5/test/ai/016_sdv5_00027.png
86,SD1.5_return,1378,GenImage_test/stable_diffusion_v_1_5/test/ai/760_sdv5_00100.png
86,SD1.5_return,1379,GenImage_test/stable_diffusion_v_1_5/test/ai/434_sdv5_00020.png
86,SD1.5_return,1380,GenImage_test/stable_diffusion_v_1_5/test/ai/403_sdv5_00003.png
86,SD1.5_return,1381,GenImage_test/stable_diffusion_v_1_5/test/ai/534_sdv5_00027.png
86,SD1.5_return,1382,GenImage_test/stable_diffusion_v_1_5/test/nature/ILSVRC2012_val_00019471.JPEG
86,SD1.5_return,1383,GenImage_test/stable_diffusion_v_1_5/test/ai/704_sdv5_00009.png
86,SD1.5_return,1384,GenImage_test/stable_diffusion_v_1_5/test/nature/ILSVRC2012_val_00009897.JPEG
86,SD1.5_return,1385,GenImage_test/stable_diffusion_v_1_5/test/nature/ILSVRC2012_val_00047002.JPEG
86,SD1.5_return,1386,GenImage_test/stable_diffusion_v_1_5/test/ai/321_sdv5_00100.png
86,SD1.5_return,1387,GenImage_test/stable_diffusion_v_1_5/test/ai/542_sdv5_00039.png
86,SD1.5_return,1388,GenImage_test/stable_diffusion_v_1_5/test/ai/409_sdv5_00100.png
86,SD1.5_return,1389,GenImage_test/stable_diffusion_v_1_5/test/ai/741_sdv5_00020.png
86,SD1.5_return,1390,GenImage_test/stable_diffusion_v_1_5/test/ai/329_sdv5_00009.png
86,SD1.5_return,1391,GenImage_test/stable_diffusion_v_1_5/test/nature/ILSVRC2012_val_00009022.JPEG
87,SD1.5_return,1392,GenImage_test/stable_diffusion_v_1_5/test/ai/534_sdv5_00135.png
87,SD1.5_return,1393,GenImage_test/stable_diffusion_v_1_5/test/nature/ILSVRC2012_val_00037946.JPEG
87,SD1.5_return,1394,GenImage_test/stable_diffusion_v_1_5/test/ai/240_sdv5_00027.png
87,SD1.5_return,1395,GenImage_test/stable_diffusion_v_1_5/test/nature/ILSVRC2012_val_00021354.JPEG
87,SD1.5_return,1396,GenImage_test/stable_diffusion_v_1_5/test/ai/713_sdv5_00027.png
87,SD1.5_return,1397,GenImage_test/stable_diffusion_v_1_5/test/ai/720_sdv5_00003.png
87,SD1.5_return,1398,GenImage_test/stable_diffusion_v_1_5/test/ai/980_sdv5_00003.png
87,SD1.5_return,1399,GenImage_test/stable_diffusion_v_1_5/test/ai/516_sdv5_00009.png
87,SD1.5_return,1400,GenImage_test/stable_diffusion_v_1_5/test/nature/ILSVRC2012_val_00043618.JPEG
87,SD1.5_return,1401,GenImage_test/stable_diffusion_v_1_5/test/ai/007_sdv5_00027.png
87,SD1.5_return,1402,GenImage_test/stable_diffusion_v_1_5/test/nature/ILSVRC2012_val_00007981.JPEG
87,SD1.5_return,1403,GenImage_test/stable_diffusion_v_1_5/test/ai/075_sdv5_00003.png
87,SD1.5_return,1404,GenImage_test/stable_diffusion_v_1_5/test/ai/228_sdv5_00039.png
87,SD1.5_return,1405,GenImage_test/stable_diffusion_v_1_5/test/nature/ILSVRC2012_val_00036904.JPEG
87,SD1.5_return,1406,GenImage_test/stable_diffusion_v_1_5/test/ai/400_sdv5_00003.png
87,SD1.5_return,1407,GenImage_test/stable_diffusion_v_1_5/test/nature/ILSVRC2012_val_00034236.JPEG
88,SD1.5_return,1408,GenImage_test/stable_diffusion_v_1_5/test/nature/ILSVRC2012_val_00044341.JPEG
88,SD1.5_return,1409,GenImage_test/stable_diffusion_v_1_5/test/nature/ILSVRC2012_val_00039744.JPEG
88,SD1.5_return,1410,GenImage_test/stable_diffusion_v_1_5/test/nature/ILSVRC2012_val_00006315.JPEG
88,SD1.5_return,1411,GenImage_test/stable_diffusion_v_1_5/test/ai/175_sdv5_00039.png
88,SD1.5_return,1412,GenImage_test/stable_diffusion_v_1_5/test/ai/704_sdv5_00003.png
88,SD1.5_return,1413,GenImage_test/stable_diffusion_v_1_5/test/ai/370_sdv5_00027.png
88,SD1.5_return,1414,GenImage_test/stable_diffusion_v_1_5/test/nature/ILSVRC2012_val_00036901.JPEG
88,SD1.5_return,1415,GenImage_test/stable_diffusion_v_1_5/test/ai/686_sdv5_00003.png
88,SD1.5_return,1416,GenImage_test/stable_diffusion_v_1_5/test/nature/ILSVRC2012_val_00004680.JPEG
88,SD1.5_return,1417,GenImage_test/stable_diffusion_v_1_5/test/ai/398_sdv5_00039.png
88,SD1.5_return,1418,GenImage_test/stable_diffusion_v_1_5/test/nature/ILSVRC2012_val_00035615.JPEG
88,SD1.5_return,1419,GenImage_test/stable_diffusion_v_1_5/test/nature/ILSVRC2012_val_00010993.JPEG
88,SD1.5_return,1420,GenImage_test/stable_diffusion_v_1_5/test/ai/489_sdv5_00020.png
88,SD1.5_return,1421,GenImage_test/stable_diffusion_v_1_5/test/ai/719_sdv5_00100.png
88,SD1.5_return,1422,GenImage_test/stable_diffusion_v_1_5/test/nature/ILSVRC2012_val_00003807.JPEG
88,SD1.5_return,1423,GenImage_test/stable_diffusion_v_1_5/test/nature/ILSVRC2012_val_00008837.JPEG
89,SD1.5_return,1424,GenImage_test/stable_diffusion_v_1_5/test/ai/373_sdv5_00100.png
89,SD1.5_return,1425,GenImage_test/stable_diffusion_v_1_5/test/nature/ILSVRC2012_val_00001506.JPEG
89,SD1.5_return,1426,GenImage_test/stable_diffusion_v_1_5/test/nature/ILSVRC2012_val_00020462.JPEG
89,SD1.5_return,1427,GenImage_test/stable_diffusion_v_1_5/test/ai/248_sdv5_00135.png
89,SD1.5_return,1428,GenImage_test/stable_diffusion_v_1_5/test/ai/959_sdv5_00003.png
89,SD1.5_return,1429,GenImage_test/stable_diffusion_v_1_5/test/nature/ILSVRC2012_val_00035884.JPEG
89,SD1.5_return,1430,GenImage_test/stable_diffusion_v_1_5/test/nature/ILSVRC2012_val_00015892.JPEG
89,SD1.5_return,1431,GenImage_test/stable_diffusion_v_1_5/test/ai/881_sdv5_00027.png
89,SD1.5_return,1432,GenImage_test/stable_diffusion_v_1_5/test/ai/682_sdv5_00027.png
89,SD1.5_return,1433,GenImage_test/stable_diffusion_v_1_5/test/nature/ILSVRC2012_val_00010946.JPEG
89,SD1.5_return,1434,GenImage_test/stable_diffusion_v_1_5/test/ai/601_sdv5_00003.png
89,SD1.5_return,1435,GenImage_test/stable_diffusion_v_1_5/test/nature/ILSVRC2012_val_00034218.JPEG
89,SD1.5_return,1436,GenImage_test/stable_diffusion_v_1_5/test/nature/ILSVRC2012_val_00041970.JPEG
89,SD1.5_return,1437,GenImage_test/stable_diffusion_v_1_5/test/nature/ILSVRC2012_val_00026432.JPEG
89,SD1.5_return,1438,GenImage_test/stable_diffusion_v_1_5/test/ai/385_sdv5_00135.png
89,SD1.5_return,1439,GenImage_test/stable_diffusion_v_1_5/test/ai/261_sdv5_00135.png
90,SD1.5_return,1440,GenImage_test/stable_diffusion_v_1_5/test/nature/ILSVRC2012_val_00045988.JPEG
90,SD1.5_return,1441,GenImage_test/stable_diffusion_v_1_5/test/ai/662_sdv5_00003.png
90,SD1.5_return,1442,GenImage_test/stable_diffusion_v_1_5/test/nature/ILSVRC2012_val_00042550.JPEG
90,SD1.5_return,1443,GenImage_test/stable_diffusion_v_1_5/test/nature/ILSVRC2012_val_00042194.JPEG
90,SD1.5_return,1444,GenImage_test/stable_diffusion_v_1_5/test/ai/614_sdv5_00135.png
90,SD1.5_return,1445,GenImage_test/stable_diffusion_v_1_5/test/ai/311_sdv5_00100.png
90,SD1.5_return,1446,GenImage_test/stable_diffusion_v_1_5/test/nature/ILSVRC2012_val_00033913.JPEG
90,SD1.5_return,1447,GenImage_test/stable_diffusion_v_1_5/test/nature/ILSVRC2012_val_00022453.JPEG
90,SD1.5_return,1448,GenImage_test/stable_diffusion_v_1_5/test/ai/608_sdv5_00135.png
90,SD1.5_return,1449,GenImage_test/stable_diffusion_v_1_5/test/ai/430_sdv5_00135.png
90,SD1.5_return,1450,GenImage_test/stable_diffusion_v_1_5/test/nature/ILSVRC2012_val_00048924.JPEG
90,SD1.5_return,1451,GenImage_test/stable_diffusion_v_1_5/test/nature/ILSVRC2012_val_00004275.JPEG
90,SD1.5_return,1452,GenImage_test/stable_diffusion_v_1_5/test/nature/ILSVRC2012_val_00025272.JPEG
90,SD1.5_return,1453,GenImage_test/stable_diffusion_v_1_5/test/ai/828_sdv5_00100.png
90,SD1.5_return,1454,GenImage_test/stable_diffusion_v_1_5/test/ai/199_sdv5_00039.png
90,SD1.5_return,1455,GenImage_test/stable_diffusion_v_1_5/test/ai/602_sdv5_00020.png
91,SD1.5_return,1456,GenImage_test/stable_diffusion_v_1_5/test/nature/ILSVRC2012_val_00025810.JPEG
91,SD1.5_return,1457,GenImage_test/stable_diffusion_v_1_5/test/ai/039_sdv5_00100.png
91,SD1.5_return,1458,GenImage_test/stable_diffusion_v_1_5/test/ai/480_sdv5_00195.png
91,SD1.5_return,1459,GenImage_test/stable_diffusion_v_1_5/test/nature/ILSVRC2012_val_00011370.JPEG
91,SD1.5_return,1460,GenImage_test/stable_diffusion_v_1_5/test/nature/ILSVRC2012_val_00000320.JPEG
91,SD1.5_return,1461,GenImage_test/stable_diffusion_v_1_5/test/nature/ILSVRC2012_val_00020296.JPEG
91,SD1.5_return,1462,GenImage_test/stable_diffusion_v_1_5/test/ai/575_sdv5_00009.png
91,SD1.5_return,1463,GenImage_test/stable_diffusion_v_1_5/test/ai/816_sdv5_00100.png
91,SD1.5_return,1464,GenImage_test/stable_diffusion_v_1_5/test/ai/802_sdv5_00039.png
91,SD1.5_return,1465,GenImage_test/stable_diffusion_v_1_5/test/ai/824_sdv5_00003.png
91,SD1.5_return,1466,GenImage_test/stable_diffusion_v_1_5/test/ai/343_sdv5_00003.png
91,SD1.5_return,1467,GenImage_test/stable_diffusion_v_1_5/test/nature/ILSVRC2012_val_00041316.JPEG
91,SD1.5_return,1468,GenImage_test/stable_diffusion_v_1_5/test/nature/ILSVRC2012_val_00005120.JPEG
91,SD1.5_return,1469,GenImage_test/stable_diffusion_v_1_5/test/nature/ILSVRC2012_val_00004886.JPEG
91,SD1.5_return,1470,GenImage_test/stable_diffusion_v_1_5/test/ai/209_sdv5_00135.png
91,SD1.5_return,1471,GenImage_test/stable_diffusion_v_1_5/test/nature/ILSVRC2012_val_00041398.JPEG
92,SD1.5_return,1472,GenImage_test/stable_diffusion_v_1_5/test/nature/ILSVRC2012_val_00043719.JPEG
92,SD1.5_return,1473,GenImage_test/stable_diffusion_v_1_5/test/ai/189_sdv5_00009.png
92,SD1.5_return,1474,GenImage_test/stable_diffusion_v_1_5/test/ai/120_sdv5_00195.png
92,SD1.5_return,1475,GenImage_test/stable_diffusion_v_1_5/test/nature/ILSVRC2012_val_00013202.JPEG
92,SD1.5_return,1476,GenImage_test/stable_diffusion_v_1_5/test/ai/492_sdv5_00135.png
92,SD1.5_return,1477,GenImage_test/stable_diffusion_v_1_5/test/ai/617_sdv5_00027.png
92,SD1.5_return,1478,GenImage_test/stable_diffusion_v_1_5/test/ai/873_sdv5_00195.png
92,SD1.5_return,1479,GenImage_test/stable_diffusion_v_1_5/test/ai/195_sdv5_00003.png
92,SD1.5_return,1480,GenImage_test/stable_diffusion_v_1_5/test/ai/700_sdv5_00195.png
92,SD1.5_return,1481,GenImage_test/stable_diffusion_v_1_5/test/nature/ILSVRC2012_val_00026819.JPEG
92,SD1.5_return,1482,GenImage_test/stable_diffusion_v_1_5/test/ai/426_sdv5_00135.png
92,SD1.5_return,1483,GenImage_test/stable_diffusion_v_1_5/test/ai/756_sdv5_00003.png
92,SD1.5_return,1484,GenImage_test/stable_diffusion_v_1_5/test/nature/ILSVRC2012_val_00047707.JPEG
92,SD1.5_return,1485,GenImage_test/stable_diffusion_v_1_5/test/nature/ILSVRC2012_val_00004240.JPEG
92,SD1.5_return,1486,GenImage_test/stable_diffusion_v_1_5/test/nature/ILSVRC2012_val_00040006.JPEG
92,SD1.5_return,1487,GenImage_test/stable_diffusion_v_1_5/test/nature/ILSVRC2012_val_00034042.JPEG
93,SD1.5_return,1488,GenImage_test/stable_diffusion_v_1_5/test/nature/ILSVRC2012_val_00007013.JPEG
93,SD1.5_return,1489,GenImage_test/stable_diffusion_v_1_5/test/nature/ILSVRC2012_val_00048697.JPEG
93,SD1.5_return,1490,GenImage_test/stable_diffusion_v_1_5/test/nature/ILSVRC2012_val_00020179.JPEG
93,SD1.5_return,1491,GenImage_test/stable_diffusion_v_1_5/test/ai/030_sdv5_00003.png
93,SD1.5_return,1492,GenImage_test/stable_diffusion_v_1_5/test/nature/ILSVRC2012_val_00014910.JPEG
93,SD1.5_return,1493,GenImage_test/stable_diffusion_v_1_5/test/nature/ILSVRC2012_val_00047543.JPEG
93,SD1.5_return,1494,GenImage_test/stable_diffusion_v_1_5/test/ai/766_sdv5_00003.png
93,SD1.5_return,1495,GenImage_test/stable_diffusion_v_1_5/test/ai/764_sdv5_00027.png
93,SD1.5_return,1496,GenImage_test/stable_diffusion_v_1_5/test/nature/ILSVRC2012_val_00012430.JPEG
93,SD1.5_return,1497,GenImage_test/stable_diffusion_v_1_5/test/ai/608_sdv5_00020.png
93,SD1.5_return,1498,GenImage_test/stable_diffusion_v_1_5/test/ai/321_sdv5_00135.png
93,SD1.5_return,1499,GenImage_test/stable_diffusion_v_1_5/test/nature/ILSVRC2012_val_00046573.JPEG
93,SD1.5_return,1500,GenImage_test/stable_diffusion_v_1_5/test/nature/ILSVRC2012_val_00023764.JPEG
93,SD1.5_return,1501,GenImage_test/stable_diffusion_v_1_5/test/ai/323_sdv5_00039.png
93,SD1.5_return,1502,GenImage_test/stable_diffusion_v_1_5/test/ai/576_sdv5_00195.png
93,SD1.5_return,1503,GenImage_test/stable_diffusion_v_1_5/test/nature/ILSVRC2012_val_00009274.JPEG
94,SD1.5_return,1504,GenImage_test/stable_diffusion_v_1_5/test/ai/406_sdv5_00003.png
94,SD1.5_return,1505,GenImage_test/stable_diffusion_v_1_5/test/nature/ILSVRC2012_val_00037539.JPEG
94,SD1.5_return,1506,GenImage_test/stable_diffusion_v_1_5/test/ai/878_sdv5_00135.png
94,SD1.5_return,1507,GenImage_test/stable_diffusion_v_1_5/test/ai/153_sdv5_00009.png
94,SD1.5_return,1508,GenImage_test/stable_diffusion_v_1_5/test/ai/489_sdv5_00195.png
94,SD1.5_return,1509,GenImage_test/stable_diffusion_v_1_5/test/ai/681_sdv5_00135.png
94,SD1.5_return,1510,GenImage_test/stable_diffusion_v_1_5/test/nature/ILSVRC2012_val_00038709.JPEG
94,SD1.5_return,1511,GenImage_test/stable_diffusion_v_1_5/test/ai/698_sdv5_00100.png
94,SD1.5_return,1512,GenImage_test/stable_diffusion_v_1_5/test/ai/811_sdv5_00003.png
94,SD1.5_return,1513,GenImage_test/stable_diffusion_v_1_5/test/nature/ILSVRC2012_val_00012067.JPEG
94,SD1.5_return,1514,GenImage_test/stable_diffusion_v_1_5/test/ai/565_sdv5_00100.png
94,SD1.5_return,1515,GenImage_test/stable_diffusion_v_1_5/test/nature/ILSVRC2012_val_00049221.JPEG
94,SD1.5_return,1516,GenImage_test/stable_diffusion_v_1_5/test/ai/243_sdv5_00020.png
94,SD1.5_return,1517,GenImage_test/stable_diffusion_v_1_5/test/nature/ILSVRC2012_val_00027746.JPEG
94,SD1.5_return,1518,GenImage_test/stable_diffusion_v_1_5/test/ai/900_sdv5_00039.png
94,SD1.5_return,1519,GenImage_test/stable_diffusion_v_1_5/test/nature/ILSVRC2012_val_00002552.JPEG
95,SD1.5_return,1520,GenImage_test/stable_diffusion_v_1_5/test/ai/512_sdv5_00020.png
95,SD1.5_return,1521,GenImage_test/stable_diffusion_v_1_5/test/ai/874_sdv5_00027.png
95,SD1.5_return,1522,GenImage_test/stable_diffusion_v_1_5/test/nature/ILSVRC2012_val_00030601.JPEG
95,SD1.5_return,1523,GenImage_test/stable_diffusion_v_1_5/test/ai/284_sdv5_00039.png
95,SD1.5_return,1524,GenImage_test/stable_diffusion_v_1_5/test/ai/716_sdv5_00135.png
95,SD1.5_return,1525,GenImage_test/stable_diffusion_v_1_5/test/ai/097_sdv5_00009.png
95,SD1.5_return,1526,GenImage_test/stable_diffusion_v_1_5/test/nature/ILSVRC2012_val_00020771.JPEG
95,SD1.5_return,1527,GenImage_test/stable_diffusion_v_1_5/test/nature/ILSVRC2012_val_00019463.JPEG
95,SD1.5_return,1528,GenImage_test/stable_diffusion_v_1_5/test/ai/463_sdv5_00039.png
95,SD1.5_return,1529,GenImage_test/stable_diffusion_v_1_5/test/ai/007_sdv5_00009.png
95,SD1.5_return,1530,GenImage_test/stable_diffusion_v_1_5/test/nature/ILSVRC2012_val_00008325.JPEG
95,SD1.5_return,1531,GenImage_test/stable_diffusion_v_1_5/test/ai/281_sdv5_00135.png
95,SD1.5_return,1532,GenImage_test/stable_diffusion_v_1_5/test/ai/856_sdv5_00195.png
95,SD1.5_return,1533,GenImage_test/stable_diffusion_v_1_5/test/ai/437_sdv5_00027.png
95,SD1.5_return,1534,GenImage_test/stable_diffusion_v_1_5/test/nature/ILSVRC2012_val_00011494.JPEG
95,SD1.5_return,1535,GenImage_test/stable_diffusion_v_1_5/test/ai/514_sdv5_00100.png
96,SD1.5_return,1536,GenImage_test/stable_diffusion_v_1_5/test/ai/316_sdv5_00020.png
96,SD1.5_return,1537,GenImage_test/stable_diffusion_v_1_5/test/ai/688_sdv5_00195.png
96,SD1.5_return,1538,GenImage_test/stable_diffusion_v_1_5/test/ai/158_sdv5_00100.png
96,SD1.5_return,1539,GenImage_test/stable_diffusion_v_1_5/test/ai/570_sdv5_00135.png
96,SD1.5_return,1540,GenImage_test/stable_diffusion_v_1_5/test/nature/ILSVRC2012_val_00048665.JPEG
96,SD1.5_return,1541,GenImage_test/stable_diffusion_v_1_5/test/nature/ILSVRC2012_val_00008121.JPEG
96,SD1.5_return,1542,GenImage_test/stable_diffusion_v_1_5/test/ai/943_sdv5_00003.png
96,SD1.5_return,1543,GenImage_test/stable_diffusion_v_1_5/test/ai/887_sdv5_00100.png
96,SD1.5_return,1544,GenImage_test/stable_diffusion_v_1_5/test/nature/ILSVRC2012_val_00013322.JPEG
96,SD1.5_return,1545,GenImage_test/stable_diffusion_v_1_5/test/ai/336_sdv5_00020.png
96,SD1.5_return,1546,GenImage_test/stable_diffusion_v_1_5/test/nature/ILSVRC2012_val_00015432.JPEG
96,SD1.5_return,1547,GenImage_test/stable_diffusion_v_1_5/test/ai/033_sdv5_00027.png
96,SD1.5_return,1548,GenImage_test/stable_diffusion_v_1_5/test/nature/ILSVRC2012_val_00026922.JPEG
96,SD1.5_return,1549,GenImage_test/stable_diffusion_v_1_5/test/ai/092_sdv5_00020.png
96,SD1.5_return,1550,GenImage_test/stable_diffusion_v_1_5/test/nature/ILSVRC2012_val_00016796.JPEG
96,SD1.5_return,1551,GenImage_test/stable_diffusion_v_1_5/test/ai/665_sdv5_00195.png
97,SD1.5_return,1552,GenImage_test/stable_diffusion_v_1_5/test/nature/ILSVRC2012_val_00010701.JPEG
97,SD1.5_return,1553,GenImage_test/stable_diffusion_v_1_5/test/ai/125_sdv5_00027.png
97,SD1.5_return,1554,GenImage_test/stable_diffusion_v_1_5/test/nature/ILSVRC2012_val_00043455.JPEG
97,SD1.5_return,1555,GenImage_test/stable_diffusion_v_1_5/test/ai/863_sdv5_00039.png
97,SD1.5_return,1556,GenImage_test/stable_diffusion_v_1_5/test/nature/ILSVRC2012_val_00027923.JPEG
97,SD1.5_return,1557,GenImage_test/stable_diffusion_v_1_5/test/ai/316_sdv5_00100.png
97,SD1.5_return,1558,GenImage_test/stable_diffusion_v_1_5/test/nature/ILSVRC2012_val_00042381.JPEG
97,SD1.5_return,1559,GenImage_test/stable_diffusion_v_1_5/test/nature/ILSVRC2012_val_00021721.JPEG
97,SD1.5_return,1560,GenImage_test/stable_diffusion_v_1_5/test/ai/915_sdv5_00020.png
97,SD1.5_return,1561,GenImage_test/stable_diffusion_v_1_5/test/ai/970_sdv5_00027.png
97,SD1.5_return,1562,GenImage_test/stable_diffusion_v_1_5/test/nature/ILSVRC2012_val_00044202.JPEG
97,SD1.5_return,1563,GenImage_test/stable_diffusion_v_1_5/test/nature/ILSVRC2012_val_00035636.JPEG
97,SD1.5_return,1564,GenImage_test/stable_diffusion_v_1_5/test/nature/ILSVRC2012_val_00041862.JPEG
97,SD1.5_return,1565,GenImage_test/stable_diffusion_v_1_5/test/ai/838_sdv5_00020.png
97,SD1.5_return,1566,GenImage_test/stable_diffusion_v_1_5/test/nature/ILSVRC2012_val_00043004.JPEG
97,SD1.5_return,1567,GenImage_test/stable_diffusion_v_1_5/test/ai/572_sdv5_00027.png
98,SD1.5_return,1568,GenImage_test/stable_diffusion_v_1_5/test/ai/805_sdv5_00100.png
98,SD1.5_return,1569,GenImage_test/stable_diffusion_v_1_5/test/nature/ILSVRC2012_val_00021581.JPEG
98,SD1.5_return,1570,GenImage_test/stable_diffusion_v_1_5/test/ai/739_sdv5_00009.png
98,SD1.5_return,1571,GenImage_test/stable_diffusion_v_1_5/test/nature/ILSVRC2012_val_00049996.JPEG
98,SD1.5_return,1572,GenImage_test/stable_diffusion_v_1_5/test/nature/ILSVRC2012_val_00049629.JPEG
98,SD1.5_return,1573,GenImage_test/stable_diffusion_v_1_5/test/ai/908_sdv5_00100.png
98,SD1.5_return,1574,GenImage_test/stable_diffusion_v_1_5/test/nature/ILSVRC2012_val_00030025.JPEG
98,SD1.5_return,1575,GenImage_test/stable_diffusion_v_1_5/test/ai/207_sdv5_00003.png
98,SD1.5_return,1576,GenImage_test/stable_diffusion_v_1_5/test/nature/ILSVRC2012_val_00020046.JPEG
98,SD1.5_return,1577,GenImage_test/stable_diffusion_v_1_5/test/nature/ILSVRC2012_val_00004965.JPEG
98,SD1.5_return,1578,GenImage_test/stable_diffusion_v_1_5/test/nature/ILSVRC2012_val_00009856.JPEG
98,SD1.5_return,1579,GenImage_test/stable_diffusion_v_1_5/test/ai/816_sdv5_00135.png
98,SD1.5_return,1580,GenImage_test/stable_diffusion_v_1_5/test/ai/735_sdv5_00027.png
98,SD1.5_return,1581,GenImage_test/stable_diffusion_v_1_5/test/nature/ILSVRC2012_val_00007135.JPEG
98,SD1.5_return,1582,GenImage_test/stable_diffusion_v_1_5/test/ai/408_sdv5_00039.png
98,SD1.5_return,1583,GenImage_test/stable_diffusion_v_1_5/test/nature/ILSVRC2012_val_00002445.JPEG
99,SD1.5_return,1584,GenImage_test/stable_diffusion_v_1_5/test/nature/ILSVRC2012_val_00042969.JPEG
99,SD1.5_return,1585,GenImage_test/stable_diffusion_v_1_5/test/ai/368_sdv5_00195.png
99,SD1.5_return,1586,GenImage_test/stable_diffusion_v_1_5/test/nature/ILSVRC2012_val_00040858.JPEG
99,SD1.5_return,1587,GenImage_test/stable_diffusion_v_1_5/test/nature/ILSVRC2012_val_00023339.JPEG
99,SD1.5_return,1588,GenImage_test/stable_diffusion_v_1_5/test/nature/ILSVRC2012_val_00037251.JPEG
99,SD1.5_return,1589,GenImage_test/stable_diffusion_v_1_5/test/nature/ILSVRC2012_val_00023873.JPEG
99,SD1.5_return,1590,GenImage_test/stable_diffusion_v_1_5/test/nature/ILSVRC2012_val_00016826.JPEG
99,SD1.5_return,1591,GenImage_test/stable_diffusion_v_1_5/test/ai/859_sdv5_00020.png
99,SD1.5_return,1592,GenImage_test/stable_diffusion_v_1_5/test/ai/796_sdv5_00027.png
99,SD1.5_return,1593,GenImage_test/stable_diffusion_v_1_5/test/ai/002_sdv5_00009.png
99,SD1.5_return,1594,GenImage_test/stable_diffusion_v_1_5/test/nature/ILSVRC2012_val_00037762.JPEG
99,SD1.5_return,1595,GenImage_test/stable_diffusion_v_1_5/test/nature/ILSVRC2012_val_00044519.JPEG
99,SD1.5_return,1596,GenImage_test/stable_diffusion_v_1_5/test/ai/252_sdv5_00100.png
99,SD1.5_return,1597,GenImage_test/stable_diffusion_v_1_5/test/nature/ILSVRC2012_val_00003679.JPEG
99,SD1.5_return,1598,GenImage_test/stable_diffusion_v_1_5/test/nature/ILSVRC2012_val_00032665.JPEG
99,SD1.5_return,1599,GenImage_test/stable_diffusion_v_1_5/test/ai/344_sdv5_00195.png
100,SD1.5_return,1600,GenImage_test/stable_diffusion_v_1_5/test/nature/ILSVRC2012_val_00045396.JPEG
100,SD1.5_return,1601,GenImage_test/stable_diffusion_v_1_5/test/nature/ILSVRC2012_val_00026008.JPEG
100,SD1.5_return,1602,GenImage_test/stable_diffusion_v_1_5/test/ai/959_sdv5_00027.png
100,SD1.5_return,1603,GenImage_test/stable_diffusion_v_1_5/test/ai/422_sdv5_00027.png
100,SD1.5_return,1604,GenImage_test/stable_diffusion_v_1_5/test/ai/072_sdv5_00039.png
100,SD1.5_return,1605,GenImage_test/stable_diffusion_v_1_5/test/nature/ILSVRC2012_val_00017937.JPEG
100,SD1.5_return,1606,GenImage_test/stable_diffusion_v_1_5/test/ai/792_sdv5_00039.png
100,SD1.5_return,1607,GenImage_test/stable_diffusion_v_1_5/test/nature/ILSVRC2012_val_00030615.JPEG
100,SD1.5_return,1608,GenImage_test/stable_diffusion_v_1_5/test/ai/138_sdv5_00039.png
100,SD1.5_return,1609,GenImage_test/stable_diffusion_v_1_5/test/ai/831_sdv5_00027.png
100,SD1.5_return,1610,GenImage_test/stable_diffusion_v_1_5/test/ai/001_sdv5_00195.png
100,SD1.5_return,1611,GenImage_test/stable_diffusion_v_1_5/test/nature/ILSVRC2012_val_00000348.JPEG
100,SD1.5_return,1612,GenImage_test/stable_diffusion_v_1_5/test/nature/ILSVRC2012_val_00035497.JPEG
100,SD1.5_return,1613,GenImage_test/stable_diffusion_v_1_5/test/ai/677_sdv5_00009.png
100,SD1.5_return,1614,GenImage_test/stable_diffusion_v_1_5/test/nature/ILSVRC2012_val_00031790.JPEG
100,SD1.5_return,1615,GenImage_test/stable_diffusion_v_1_5/test/nature/ILSVRC2012_val_00001040.JPEG
101,SD1.5_return,1616,GenImage_test/stable_diffusion_v_1_5/test/nature/ILSVRC2012_val_00004817.JPEG
101,SD1.5_return,1617,GenImage_test/stable_diffusion_v_1_5/test/ai/939_sdv5_00020.png
101,SD1.5_return,1618,GenImage_test/stable_diffusion_v_1_5/test/ai/451_sdv5_00009.png
101,SD1.5_return,1619,GenImage_test/stable_diffusion_v_1_5/test/nature/ILSVRC2012_val_00012845.JPEG
101,SD1.5_return,1620,GenImage_test/stable_diffusion_v_1_5/test/nature/ILSVRC2012_val_00030179.JPEG
101,SD1.5_return,1621,GenImage_test/stable_diffusion_v_1_5/test/nature/ILSVRC2012_val_00029412.JPEG
101,SD1.5_return,1622,GenImage_test/stable_diffusion_v_1_5/test/ai/885_sdv5_00009.png
101,SD1.5_return,1623,GenImage_test/stable_diffusion_v_1_5/test/ai/750_sdv5_00039.png
101,SD1.5_return,1624,GenImage_test/stable_diffusion_v_1_5/test/ai/711_sdv5_00020.png
101,SD1.5_return,1625,GenImage_test/stable_diffusion_v_1_5/test/ai/186_sdv5_00027.png
101,SD1.5_return,1626,GenImage_test/stable_diffusion_v_1_5/test/ai/542_sdv5_00100.png
101,SD1.5_return,1627,GenImage_test/stable_diffusion_v_1_5/test/ai/892_sdv5_00003.png
101,SD1.5_return,1628,GenImage_test/stable_diffusion_v_1_5/test/ai/945_sdv5_00100.png
101,SD1.5_return,1629,GenImage_test/stable_diffusion_v_1_5/test/ai/851_sdv5_00020.png
101,SD1.5_return,1630,GenImage_test/stable_diffusion_v_1_5/test/ai/849_sdv5_00020.png
101,SD1.5_return,1631,GenImage_test/stable_diffusion_v_1_5/test/ai/512_sdv5_00009.png
102,SD1.5_return,1632,GenImage_test/stable_diffusion_v_1_5/test/ai/795_sdv5_00020.png
102,SD1.5_return,1633,GenImage_test/stable_diffusion_v_1_5/test/ai/835_sdv5_00100.png
102,SD1.5_return,1634,GenImage_test/stable_diffusion_v_1_5/test/ai/036_sdv5_00195.png
102,SD1.5_return,1635,GenImage_test/stable_diffusion_v_1_5/test/ai/270_sdv5_00003.png
102,SD1.5_return,1636,GenImage_test/stable_diffusion_v_1_5/test/nature/ILSVRC2012_val_00018593.JPEG
102,SD1.5_return,1637,GenImage_test/stable_diffusion_v_1_5/test/nature/ILSVRC2012_val_00009837.JPEG
102,SD1.5_return,1638,GenImage_test/stable_diffusion_v_1_5/test/nature/ILSVRC2012_val_00017512.JPEG
102,SD1.5_return,1639,GenImage_test/stable_diffusion_v_1_5/test/nature/ILSVRC2012_val_00024329.JPEG
102,SD1.5_return,1640,GenImage_test/stable_diffusion_v_1_5/test/ai/323_sdv5_00020.png
102,SD1.5_return,1641,GenImage_test/stable_diffusion_v_1_5/test/ai/104_sdv5_00195.png
102,SD1.5_return,1642,GenImage_test/stable_diffusion_v_1_5/test/ai/088_sdv5_00003.png
102,SD1.5_return,1643,GenImage_test/stable_diffusion_v_1_5/test/nature/ILSVRC2012_val_00026828.JPEG
102,SD1.5_return,1644,GenImage_test/stable_diffusion_v_1_5/test/ai/699_sdv5_00003.png
102,SD1.5_return,1645,GenImage_test/stable_diffusion_v_1_5/test/ai/862_sdv5_00195.png
102,SD1.5_return,1646,GenImage_test/stable_diffusion_v_1_5/test/ai/275_sdv5_00135.png
102,SD1.5_return,1647,GenImage_test/stable_diffusion_v_1_5/test/nature/ILSVRC2012_val_00044362.JPEG
103,SD1.5_return,1648,GenImage_test/stable_diffusion_v_1_5/test/ai/768_sdv5_00027.png
103,SD1.5_return,1649,GenImage_test/stable_diffusion_v_1_5/test/nature/ILSVRC2012_val_00018680.JPEG
103,SD1.5_return,1650,GenImage_test/stable_diffusion_v_1_5/test/nature/ILSVRC2012_val_00005876.JPEG
103,SD1.5_return,1651,GenImage_test/stable_diffusion_v_1_5/test/nature/ILSVRC2012_val_00048315.JPEG
103,SD1.5_return,1652,GenImage_test/stable_diffusion_v_1_5/test/ai/372_sdv5_00100.png
103,SD1.5_return,1653,GenImage_test/stable_diffusion_v_1_5/test/ai/144_sdv5_00039.png
103,SD1.5_return,1654,GenImage_test/stable_diffusion_v_1_5/test/nature/ILSVRC2012_val_00033369.JPEG
103,SD1.5_return,1655,GenImage_test/stable_diffusion_v_1_5/test/ai/789_sdv5_00195.png
103,SD1.5_return,1656,GenImage_test/stable_diffusion_v_1_5/test/nature/ILSVRC2012_val_00003974.JPEG
103,SD1.5_return,1657,GenImage_test/stable_diffusion_v_1_5/test/ai/417_sdv5_00100.png
103,SD1.5_return,1658,GenImage_test/stable_diffusion_v_1_5/test/nature/ILSVRC2012_val_00047026.JPEG
103,SD1.5_return,1659,GenImage_test/stable_diffusion_v_1_5/test/nature/ILSVRC2012_val_00030502.JPEG
103,SD1.5_return,1660,GenImage_test/stable_diffusion_v_1_5/test/ai/959_sdv5_00009.png
103,SD1.5_return,1661,GenImage_test/stable_diffusion_v_1_5/test/nature/ILSVRC2012_val_00048169.JPEG
103,SD1.5_return,1662,GenImage_test/stable_diffusion_v_1_5/test/nature/ILSVRC2012_val_00045939.JPEG
103,SD1.5_return,1663,GenImage_test/stable_diffusion_v_1_5/test/ai/214_sdv5_00027.png
104,SD1.5_return,1664,GenImage_test/stable_diffusion_v_1_5/test/ai/358_sdv5_00009.png
104,SD1.5_return,1665,GenImage_test/stable_diffusion_v_1_5/test/ai/492_sdv5_00039.png
104,SD1.5_return,1666,GenImage_test/stable_diffusion_v_1_5/test/ai/707_sdv5_00100.png
104,SD1.5_return,1667,GenImage_test/stable_diffusion_v_1_5/test/ai/314_sdv5_00100.png
104,SD1.5_return,1668,GenImage_test/stable_diffusion_v_1_5/test/ai/181_sdv5_00020.png
104,SD1.5_return,1669,GenImage_test/stable_diffusion_v_1_5/test/ai/487_sdv5_00020.png
104,SD1.5_return,1670,GenImage_test/stable_diffusion_v_1_5/test/ai/763_sdv5_00100.png
104,SD1.5_return,1671,GenImage_test/stable_diffusion_v_1_5/test/nature/ILSVRC2012_val_00045633.JPEG
104,SD1.5_return,1672,GenImage_test/stable_diffusion_v_1_5/test/ai/804_sdv5_00195.png
104,SD1.5_return,1673,GenImage_test/stable_diffusion_v_1_5/test/nature/ILSVRC2012_val_00036244.JPEG
104,SD1.5_return,1674,GenImage_test/stable_diffusion_v_1_5/test/ai/408_sdv5_00135.png
104,SD1.5_return,1675,GenImage_test/stable_diffusion_v_1_5/test/ai/424_sdv5_00100.png
104,SD1.5_return,1676,GenImage_test/stable_diffusion_v_1_5/test/nature/ILSVRC2012_val_00043907.JPEG
104,SD1.5_return,1677,GenImage_test/stable_diffusion_v_1_5/test/nature/ILSVRC2012_val_00028286.JPEG
104,SD1.5_return,1678,GenImage_test/stable_diffusion_v_1_5/test/ai/578_sdv5_00020.png
104,SD1.5_return,1679,GenImage_test/stable_diffusion_v_1_5/test/nature/ILSVRC2012_val_00033400.JPEG
105,SD1.5_return,1680,GenImage_test/stable_diffusion_v_1_5/test/ai/151_sdv5_00135.png
105,SD1.5_return,1681,GenImage_test/stable_diffusion_v_1_5/test/nature/ILSVRC2012_val_00042052.JPEG
105,SD1.5_return,1682,GenImage_test/stable_diffusion_v_1_5/test/nature/ILSVRC2012_val_00039036.JPEG
105,SD1.5_return,1683,GenImage_test/stable_diffusion_v_1_5/test/ai/516_sdv5_00039.png
105,SD1.5_return,1684,GenImage_test/stable_diffusion_v_1_5/test/ai/569_sdv5_00003.png
105,SD1.5_return,1685,GenImage_test/stable_diffusion_v_1_5/test/ai/890_sdv5_00027.png
105,SD1.5_return,1686,GenImage_test/stable_diffusion_v_1_5/test/nature/ILSVRC2012_val_00030985.JPEG
105,SD1.5_return,1687,GenImage_test/stable_diffusion_v_1_5/test/ai/281_sdv5_00027.png
105,SD1.5_return,1688,GenImage_test/stable_diffusion_v_1_5/test/ai/230_sdv5_00100.png
105,SD1.5_return,1689,GenImage_test/stable_diffusion_v_1_5/test/nature/ILSVRC2012_val_00001454.JPEG
105,SD1.5_return,1690,GenImage_test/stable_diffusion_v_1_5/test/nature/ILSVRC2012_val_00032811.JPEG
105,SD1.5_return,1691,GenImage_test/stable_diffusion_v_1_5/test/nature/ILSVRC2012_val_00043608.JPEG
105,SD1.5_return,1692,GenImage_test/stable_diffusion_v_1_5/test/ai/337_sdv5_00027.png
105,SD1.5_return,1693,GenImage_test/stable_diffusion_v_1_5/test/ai/177_sdv5_00195.png
105,SD1.5_return,1694,GenImage_test/stable_diffusion_v_1_5/test/nature/ILSVRC2012_val_00012569.JPEG
105,SD1.5_return,1695,GenImage_test/stable_diffusion_v_1_5/test/ai/476_sdv5_00135.png
106,SD1.5_return,1696,GenImage_test/stable_diffusion_v_1_5/test/ai/793_sdv5_00020.png
106,SD1.5_return,1697,GenImage_test/stable_diffusion_v_1_5/test/ai/979_sdv5_00020.png
106,SD1.5_return,1698,GenImage_test/stable_diffusion_v_1_5/test/ai/761_sdv5_00195.png
106,SD1.5_return,1699,GenImage_test/stable_diffusion_v_1_5/test/nature/ILSVRC2012_val_00035500.JPEG
106,SD1.5_return,1700,GenImage_test/stable_diffusion_v_1_5/test/ai/737_sdv5_00027.png
106,SD1.5_return,1701,GenImage_test/stable_diffusion_v_1_5/test/nature/ILSVRC2012_val_00016033.JPEG
106,SD1.5_return,1702,GenImage_test/stable_diffusion_v_1_5/test/ai/656_sdv5_00100.png
106,SD1.5_return,1703,GenImage_test/stable_diffusion_v_1_5/test/nature/ILSVRC2012_val_00014559.JPEG
106,SD1.5_return,1704,GenImage_test/stable_diffusion_v_1_5/test/ai/493_sdv5_00135.png
106,SD1.5_return,1705,GenImage_test/stable_diffusion_v_1_5/test/nature/ILSVRC2012_val_00004769.JPEG
106,SD1.5_return,1706,GenImage_test/stable_diffusion_v_1_5/test/nature/ILSVRC2012_val_00021732.JPEG
106,SD1.5_return,1707,GenImage_test/stable_diffusion_v_1_5/test/nature/ILSVRC2012_val_00006274.JPEG
106,SD1.5_return,1708,GenImage_test/stable_diffusion_v_1_5/test/ai/746_sdv5_00027.png
106,SD1.5_return,1709,GenImage_test/stable_diffusion_v_1_5/test/nature/ILSVRC2012_val_00047534.JPEG
106,SD1.5_return,1710,GenImage_test/stable_diffusion_v_1_5/test/nature/ILSVRC2012_val_00023316.JPEG
106,SD1.5_return,1711,GenImage_test/stable_diffusion_v_1_5/test/nature/ILSVRC2012_val_00042085.JPEG
107,SD1.5_return,1712,GenImage_test/stable_diffusion_v_1_5/test/nature/ILSVRC2012_val_00018100.JPEG
107,SD1.5_return,1713,GenImage_test/stable_diffusion_v_1_5/test/ai/458_sdv5_00027.png
107,SD1.5_return,1714,GenImage_test/stable_diffusion_v_1_5/test/nature/ILSVRC2012_val_00047051.JPEG
107,SD1.5_return,1715,GenImage_test/stable_diffusion_v_1_5/test/ai/848_sdv5_00027.png
107,SD1.5_return,1716,GenImage_test/stable_diffusion_v_1_5/test/nature/ILSVRC2012_val_00019337.JPEG
107,SD1.5_return,1717,GenImage_test/stable_diffusion_v_1_5/test/nature/ILSVRC2012_val_00028356.JPEG
107,SD1.5_return,1718,GenImage_test/stable_diffusion_v_1_5/test/ai/076_sdv5_00195.png
107,SD1.5_return,1719,GenImage_test/stable_diffusion_v_1_5/test/nature/ILSVRC2012_val_00021273.JPEG
107,SD1.5_return,1720,GenImage_test/stable_diffusion_v_1_5/test/nature/ILSVRC2012_val_00029964.JPEG
107,SD1.5_return,1721,GenImage_test/stable_diffusion_v_1_5/test/nature/ILSVRC2012_val_00022183.JPEG
107,SD1.5_return,1722,GenImage_test/stable_diffusion_v_1_5/test/ai/497_sdv5_00135.png
107,SD1.5_return,1723,GenImage_test/stable_diffusion_v_1_5/test/nature/ILSVRC2012_val_00036923.JPEG
107,SD1.5_return,1724,GenImage_test/stable_diffusion_v_1_5/test/nature/ILSVRC2012_val_00031428.JPEG
107,SD1.5_return,1725,GenImage_test/stable_diffusion_v_1_5/test/ai/911_sdv5_00195.png
107,SD1.5_return,1726,GenImage_test/stable_diffusion_v_1_5/test/ai/832_sdv5_00039.png
107,SD1.5_return,1727,GenImage_test/stable_diffusion_v_1_5/test/nature/ILSVRC2012_val_00044189.JPEG
108,SD1.5_return,1728,GenImage_test/stable_diffusion_v_1_5/test/ai/958_sdv5_00195.png
108,SD1.5_return,1729,GenImage_test/stable_diffusion_v_1_5/test/ai/544_sdv5_00100.png
108,SD1.5_return,1730,GenImage_test/stable_diffusion_v_1_5/test/ai/466_sdv5_00020.png
108,SD1.5_return,1731,GenImage_test/stable_diffusion_v_1_5/test/nature/ILSVRC2012_val_00043369.JPEG
108,SD1.5_return,1732,GenImage_test/stable_diffusion_v_1_5/test/ai/596_sdv5_00039.png
108,SD1.5_return,1733,GenImage_test/stable_diffusion_v_1_5/test/nature/ILSVRC2012_val_00014190.JPEG
108,SD1.5_return,1734,GenImage_test/stable_diffusion_v_1_5/test/nature/ILSVRC2012_val_00038505.JPEG
108,SD1.5_return,1735,GenImage_test/stable_diffusion_v_1_5/test/nature/ILSVRC2012_val_00001799.JPEG
108,SD1.5_return,1736,GenImage_test/stable_diffusion_v_1_5/test/nature/ILSVRC2012_val_00039745.JPEG
108,SD1.5_return,1737,GenImage_test/stable_diffusion_v_1_5/test/nature/ILSVRC2012_val_00042428.JPEG
108,SD1.5_return,1738,GenImage_test/stable_diffusion_v_1_5/test/ai/779_sdv5_00027.png
108,SD1.5_return,1739,GenImage_test/stable_diffusion_v_1_5/test/ai/108_sdv5_00009.png
108,SD1.5_return,1740,GenImage_test/stable_diffusion_v_1_5/test/ai/953_sdv5_00027.png
108,SD1.5_return,1741,GenImage_test/stable_diffusion_v_1_5/test/ai/020_sdv5_00020.png
108,SD1.5_return,1742,GenImage_test/stable_diffusion_v_1_5/test/ai/828_sdv5_00027.png
108,SD1.5_return,1743,GenImage_test/stable_diffusion_v_1_5/test/ai/143_sdv5_00195.png
109,SD1.5_return,1744,GenImage_test/stable_diffusion_v_1_5/test/ai/499_sdv5_00020.png
109,SD1.5_return,1745,GenImage_test/stable_diffusion_v_1_5/test/ai/544_sdv5_00003.png
109,SD1.5_return,1746,GenImage_test/stable_diffusion_v_1_5/test/ai/971_sdv5_00003.png
109,SD1.5_return,1747,GenImage_test/stable_diffusion_v_1_5/test/nature/ILSVRC2012_val_00045050.JPEG
109,SD1.5_return,1748,GenImage_test/stable_diffusion_v_1_5/test/nature/ILSVRC2012_val_00020406.JPEG
109,SD1.5_return,1749,GenImage_test/stable_diffusion_v_1_5/test/nature/ILSVRC2012_val_00014245.JPEG
109,SD1.5_return,1750,GenImage_test/stable_diffusion_v_1_5/test/nature/ILSVRC2012_val_00009650.JPEG
109,SD1.5_return,1751,GenImage_test/stable_diffusion_v_1_5/test/ai/632_sdv5_00020.png
109,SD1.5_return,1752,GenImage_test/stable_diffusion_v_1_5/test/nature/ILSVRC2012_val_00006529.JPEG
109,SD1.5_return,1753,GenImage_test/stable_diffusion_v_1_5/test/ai/626_sdv5_00003.png
109,SD1.5_return,1754,GenImage_test/stable_diffusion_v_1_5/test/nature/ILSVRC2012_val_00012130.JPEG
109,SD1.5_return,1755,GenImage_test/stable_diffusion_v_1_5/test/ai/297_sdv5_00195.png
109,SD1.5_return,1756,GenImage_test/stable_diffusion_v_1_5/test/nature/ILSVRC2012_val_00010906.JPEG
109,SD1.5_return,1757,GenImage_test/stable_diffusion_v_1_5/test/ai/085_sdv5_00020.png
109,SD1.5_return,1758,GenImage_test/stable_diffusion_v_1_5/test/nature/ILSVRC2012_val_00035779.JPEG
109,SD1.5_return,1759,GenImage_test/stable_diffusion_v_1_5/test/ai/583_sdv5_00100.png
110,SD1.5_return,1760,GenImage_test/stable_diffusion_v_1_5/test/nature/ILSVRC2012_val_00048361.JPEG
110,SD1.5_return,1761,GenImage_test/stable_diffusion_v_1_5/test/nature/ILSVRC2012_val_00004347.JPEG
110,SD1.5_return,1762,GenImage_test/stable_diffusion_v_1_5/test/ai/259_sdv5_00003.png
110,SD1.5_return,1763,GenImage_test/stable_diffusion_v_1_5/test/nature/ILSVRC2012_val_00035793.JPEG
110,SD1.5_return,1764,GenImage_test/stable_diffusion_v_1_5/test/nature/ILSVRC2012_val_00009524.JPEG
110,SD1.5_return,1765,GenImage_test/stable_diffusion_v_1_5/test/ai/758_sdv5_00100.png
110,SD1.5_return,1766,GenImage_test/stable_diffusion_v_1_5/test/ai/797_sdv5_00195.png
110,SD1.5_return,1767,GenImage_test/stable_diffusion_v_1_5/test/nature/ILSVRC2012_val_00046172.JPEG
110,SD1.5_return,1768,GenImage_test/stable_diffusion_v_1_5/test/nature/ILSVRC2012_val_00025004.JPEG
110,SD1.5_return,1769,GenImage_test/stable_diffusion_v_1_5/test/nature/ILSVRC2012_val_00048932.JPEG
110,SD1.5_return,1770,GenImage_test/stable_diffusion_v_1_5/test/ai/192_sdv5_00039.png
110,SD1.5_return,1771,GenImage_test/stable_diffusion_v_1_5/test/nature/ILSVRC2012_val_00011059.JPEG
110,SD1.5_return,1772,GenImage_test/stable_diffusion_v_1_5/test/ai/885_sdv5_00195.png
110,SD1.5_return,1773,GenImage_test/stable_diffusion_v_1_5/test/nature/ILSVRC2012_val_00047087.JPEG
110,SD1.5_return,1774,GenImage_test/stable_diffusion_v_1_5/test/nature/ILSVRC2012_val_00006124.JPEG
110,SD1.5_return,1775,GenImage_test/stable_diffusion_v_1_5/test/nature/ILSVRC2012_val_00003720.JPEG
111,SD1.5_return,1776,GenImage_test/stable_diffusion_v_1_5/test/nature/ILSVRC2012_val_00041148.JPEG
111,SD1.5_return,1777,GenImage_test/stable_diffusion_v_1_5/test/nature/ILSVRC2012_val_00045677.JPEG
111,SD1.5_return,1778,GenImage_test/stable_diffusion_v_1_5/test/nature/ILSVRC2012_val_00042824.JPEG
111,SD1.5_return,1779,GenImage_test/stable_diffusion_v_1_5/test/nature/ILSVRC2012_val_00009243.JPEG
111,SD1.5_return,1780,GenImage_test/stable_diffusion_v_1_5/test/nature/ILSVRC2012_val_00024661.JPEG
111,SD1.5_return,1781,GenImage_test/stable_diffusion_v_1_5/test/nature/ILSVRC2012_val_00007260.JPEG
111,SD1.5_return,1782,GenImage_test/stable_diffusion_v_1_5/test/nature/ILSVRC2012_val_00015310.JPEG
111,SD1.5_return,1783,GenImage_test/stable_diffusion_v_1_5/test/nature/ILSVRC2012_val_00004258.JPEG
111,SD1.5_return,1784,GenImage_test/stable_diffusion_v_1_5/test/nature/ILSVRC2012_val_00009354.JPEG
111,SD1.5_return,1785,GenImage_test/stable_diffusion_v_1_5/test/nature/ILSVRC2012_val_00016034.JPEG
111,SD1.5_return,1786,GenImage_test/stable_diffusion_v_1_5/test/nature/ILSVRC2012_val_00034267.JPEG
111,SD1.5_return,1787,GenImage_test/stable_diffusion_v_1_5/test/nature/ILSVRC2012_val_00008286.JPEG
111,SD1.5_return,1788,GenImage_test/stable_diffusion_v_1_5/test/nature/ILSVRC2012_val_00020720.JPEG
111,SD1.5_return,1789,GenImage_test/stable_diffusion_v_1_5/test/nature/ILSVRC2012_val_00027481.JPEG
111,SD1.5_return,1790,GenImage_test/stable_diffusion_v_1_5/test/nature/ILSVRC2012_val_00045351.JPEG
111,SD1.5_return,1791,GenImage_test/stable_diffusion_v_1_5/test/nature/ILSVRC2012_val_00048018.JPEG
