batch,domain,position,sample_id
0,SD1.5_first,0,GenImage_test/stable_diffusion_v_1_5/test/nature/ILSVRC2012_val_00035748.JPEG
0,SD1.5_first,1,GenImage_test/stable_diffusion_v_1_5/test/nature/ILSVRC2012_val_00005120.JPEG
0,SD1.5_first,2,GenImage_test/stable_diffusion_v_1_5/test/nature/ILSVRC2012_val_00008956.JPEG
0,SD1.5_first,3,GenImage_test/stable_diffusion_v_1_5/test/ai/419_sdv5_00009.png
0,SD1.5_first,4,GenImage_test/stable_diffusion_v_1_5/test/ai/004_sdv5_00100.png
0,SD1.5_first,5,GenImage_test/stable_diffusion_v_1_5/test/nature/ILSVRC2012_val_00010205.JPEG
0,SD1.5_first,6,GenImage_test/stable_diffusion_v_1_5/test/nature/ILSVRC2012_val_00025968.JPEG
0,SD1.5_first,7,GenImage_test/stable_diffusion_v_1_5/test/ai/864_sdv5_00003.png
0,SD1.5_first,8,GenImage_test/stable_diffusion_v_1_5/test/ai/580_sdv5_00003.png
0,SD1.5_first,9,GenImage_test/stable_diffusion_v_1_5/test/nature/ILSVRC2012_val_00002704.JPEG
0,SD1.5_first,10,GenImage_test/stable_diffusion_v_1_5/test/ai/315_sdv5_00009.png
0,SD1.5_first,11,GenImage_test/stable_diffusion_v_1_5/test/nature/ILSVRC2012_val_00003318.JPEG
0,SD1.5_first,12,GenImage_test/stable_diffusion_v_1_5/test/ai/242_sdv5_00020.png
0,SD1.5_first,13,GenImage_test/stable_diffusion_v_1_5/test/nature/ILSVRC2012_val_00037732.JPEG
0,SD1.5_first,14,GenImage_test/stable_diffusion_v_1_5/test/nature/ILSVRC2012_val_00028819.JPEG
0,SD1.5_first,15,GenImage_test/stable_diffusion_v_1_5/test/nature/ILSVRC2012_val_00036975.JPEG
1,SD1.5_first,16,GenImage_test/stable_diffusion_v_1_5/test/nature/ILSVRC2012_val_00005383.JPEG
1,SD1.5_first,17,GenImage_test/stable_diffusion_v_1_5/test/ai/791_sdv5_00027.png
1,SD1.5_first,18,GenImage_test/stable_diffusion_v_1_5/test/ai/730_sdv5_00100.png
1,SD1.5_first,19,GenImage_test/stable_diffusion_v_1_5/test/ai/551_sdv5_00100.png
1,SD1.5_first,20,GenImage_test/stable_diffusion_v_1_5/test/ai/769_sdv5_00135.png
1,SD1.5_first,21,GenImage_test/stable_diffusion_v_1_5/test/ai/060_sdv5_00003.png
1,SD1.5_first,22,GenImage_test/stable_diffusion_v_1_5/test/nature/ILSVRC2012_val_00004453.JPEG
1,SD1.5_first,23,GenImage_test/stable_diffusion_v_1_5/test/ai/203_sdv5_00020.png
1,SD1.5_first,24,GenImage_test/stable_diffusion_v_1_5/test/ai/107_sdv5_00003.png
1,SD1.5_first,25,GenImage_test/stable_diffusion_v_1_5/test/ai/867_sdv5_00195.png
1,SD1.5_first,26,GenImage_test/stable_diffusion_v_1_5/test/ai/241_sdv5_00100.png
1,SD1.5_first,27,GenImage_test/stable_diffusion_v_1_5/test/nature/ILSVRC2012_val_00049702.JPEG
1,SD1.5_first,28,GenImage_test/stable_diffusion_v_1_5/test/ai/238_sdv5_00003.png
1,SD1.5_first,29,GenImage_test/stable_diffusion_v_1_5/test/nature/ILSVRC2012_val_00042108.JPEG
1,SD1.5_first,30,GenImage_test/stable_diffusion_v_1_5/test/nature/ILSVRC2012_val_00022882.JPEG
1,SD1.5_first,31,GenImage_test/stable_diffusion_v_1_5/test/ai/679_sdv5_00100.png
2,SD1.5_first,32,GenImage_test/stable_diffusion_v_1_5/test/ai/174_sdv5_00100.png
2,SD1.5_first,33,GenImage_test/stable_diffusion_v_1_5/test/nature/ILSVRC2012_val_00011212.JPEG
2,SD1.5_first,34,GenImage_test/stable_diffusion_v_1_5/test/nature/ILSVRC2012_val_00006460.JPEG
2,SD1.5_first,35,GenImage_test/stable_diffusion_v_1_5/test/ai/864_sdv5_00100.png
2,SD1.5_first,36,GenImage_test/stable_diffusion_v_1_5/test/ai/560_sdv5_00100.png
2,SD1.5_first,37,GenImage_test/stable_diffusion_v_1_5/test/nature/ILSVRC2012_val_00000919.JPEG
2,SD1.5_first,38,GenImage_test/stable_diffusion_v_1_5/test/ai/991_sdv5_00027.png
2,SD1.5_first,39,GenImage_test/stable_diffusion_v_1_5/test/ai/703_sdv5_00195.png
2,SD1.5_first,40,GenImage_test/stable_diffusion_v_1_5/test/nature/ILSVRC2012_val_00014566.JPEG
2,SD1.5_first,41,GenImage_test/stable_diffusion_v_1_5/test/ai/932_sdv5_00027.png
2,SD1.5_first,42,GenImage_test/stable_diffusion_v_1_5/test/nature/ILSVRC2012_val_00040895.JPEG
2,SD1.5_first,43,GenImage_test/stable_diffusion_v_1_5/test/ai/072_sdv5_00039.png
2,SD1.5_first,44,GenImage_test/stable_diffusion_v_1_5/test/nature/ILSVRC2012_val_00016972.JPEG
2,SD1.5_first,45,GenImage_test/stable_diffusion_v_1_5/test/nature/ILSVRC2012_val_00019117.JPEG
2,SD1.5_first,46,GenImage_test/stable_diffusion_v_1_5/test/ai/809_sdv5_00009.png
2,SD1.5_first,47,GenImage_test/stable_diffusion_v_1_5/test/nature/ILSVRC2012_val_00030154.JPEG
3,SD1.5_first,48,GenImage_test/stable_diffusion_v_1_5/test/ai/367_sdv5_00009.png
3,SD1.5_first,49,GenImage_test/stable_diffusion_v_1_5/test/ai/265_sdv5_00003.png
3,SD1.5_first,50,GenImage_test/stable_diffusion_v_1_5/test/nature/ILSVRC2012_val_00046092.JPEG
3,SD1.5_first,51,GenImage_test/stable_diffusion_v_1_5/test/nature/ILSVRC2012_val_00033419.JPEG
3,SD1.5_first,52,GenImage_test/stable_diffusion_v_1_5/test/nature/ILSVRC2012_val_00012600.JPEG
3,SD1.5_first,53,GenImage_test/stable_diffusion_v_1_5/test/nature/ILSVRC2012_val_00032955.JPEG
3,SD1.5_first,54,GenImage_test/stable_diffusion_v_1_5/test/nature/ILSVRC2012_val_00049013.JPEG
3,SD1.5_first,55,GenImage_test/stable_diffusion_v_1_5/test/nature/ILSVRC2012_val_00001542.JPEG
3,SD1.5_first,56,GenImage_test/stable_diffusion_v_1_5/test/nature/ILSVRC2012_val_00039141.JPEG
3,SD1.5_first,57,GenImage_test/stable_diffusion_v_1_5/test/nature/ILSVRC2012_val_00016631.JPEG
3,SD1.5_first,58,GenImage_test/stable_diffusion_v_1_5/test/nature/ILSVRC2012_val_00009951.JPEG
3,SD1.5_first,59,GenImage_test/stable_diffusion_v_1_5/test/nature/ILSVRC2012_val_00046570.JPEG
3,SD1.5_first,60,GenImage_test/stable_diffusion_v_1_5/test/nature/ILSVRC2012_val_00019468.JPEG
3,SD1.5_first,61,GenImage_test/stable_diffusion_v_1_5/test/nature/ILSVRC2012_val_00049240.JPEG
3,SD1.5_first,62,GenImage_test/stable_diffusion_v_1_5/test/ai/134_sdv5_00020.png
3,SD1.5_first,63,GenImage_test/stable_diffusion_v_1_5/test/ai/468_sdv5_00009.png
4,SD1.5_first,64,GenImage_test/stable_diffusion_v_1_5/test/ai/293_sdv5_00100.png
4,SD1.5_first,65,GenImage_test/stable_diffusion_v_1_5/test/nature/ILSVRC2012_val_00041249.JPEG
4,SD1.5_first,66,GenImage_test/stable_diffusion_v_1_5/test/nature/ILSVRC2012_val_00032157.JPEG
4,SD1.5_first,67,GenImage_test/stable_diffusion_v_1_5/test/nature/ILSVRC2012_val_00011995.JPEG
4,SD1.5_first,68,GenImage_test/stable_diffusion_v_1_5/test/nature/ILSVRC2012_val_00049883.JPEG
4,SD1.5_first,69,GenImage_test/stable_diffusion_v_1_5/test/nature/ILSVRC2012_val_00025594.JPEG
4,SD1.5_first,70,GenImage_test/stable_diffusion_v_1_5/test/ai/511_sdv5_00039.png
4,SD1.5_first,71,GenImage_test/stable_diffusion_v_1_5/test/nature/ILSVRC2012_val_00034936.JPEG
4,SD1.5_first,72,GenImage_test/stable_diffusion_v_1_5/test/nature/ILSVRC2012_val_00026337.JPEG
4,SD1.5_first,73,GenImage_test/stable_diffusion_v_1_5/test/nature/ILSVRC2012_val_00010349.JPEG
4,SD1.5_first,74,GenImage_test/stable_diffusion_v_1_5/test/ai/354_sdv5_00027.png
4,SD1.5_first,75,GenImage_test/stable_diffusion_v_1_5/test/nature/ILSVRC2012_val_00022196.JPEG
4,SD1.5_first,76,GenImage_test/stable_diffusion_v_1_5/test/ai/236_sdv5_00009.png
4,SD1.5_first,77,GenImage_test/stable_diffusion_v_1_5/test/nature/ILSVRC2012_val_00035791.JPEG
4,SD1.5_first,78,GenImage_test/stable_diffusion_v_1_5/test/nature/ILSVRC2012_val_00032783.JPEG
4,SD1.5_first,79,GenImage_test/stable_diffusion_v_1_5/test/nature/ILSVRC2012_val_00018701.JPEG
5,SD1.5_first,80,GenImage_test/stable_diffusion_v_1_5/test/ai/167_sdv5_00039.png
5,SD1.5_first,81,GenImage_test/stable_diffusion_v_1_5/test/nature/ILSVRC2012_val_00000927.JPEG
5,SD1.5_first,82,GenImage_test/stable_diffusion_v_1_5/test/ai/716_sdv5_00003.png
5,SD1.5_first,83,GenImage_test/stable_diffusion_v_1_5/test/nature/ILSVRC2012_val_00013379.JPEG
5,SD1.5_first,84,GenImage_test/stable_diffusion_v_1_5/test/nature/ILSVRC2012_val_00003473.JPEG
5,SD1.5_first,85,GenImage_test/stable_diffusion_v_1_5/test/nature/ILSVRC2012_val_00035556.JPEG
5,SD1.5_first,86,GenImage_test/stable_diffusion_v_1_5/test/nature/ILSVRC2012_val_00010428.JPEG
5,SD1.5_first,87,GenImage_test/stable_diffusion_v_1_5/test/nature/ILSVRC2012_val_00010927.JPEG
5,SD1.5_first,88,GenImage_test/stable_diffusion_v_1_5/test/nature/ILSVRC2012_val_00019659.JPEG
5,SD1.5_first,89,GenImage_test/stable_diffusion_v_1_5/test/ai/070_sdv5_00195.png
5,SD1.5_first,90,GenImage_test/stable_diffusion_v_1_5/test/ai/997_sdv5_00020.png
5,SD1.5_first,91,GenImage_test/stable_diffusion_v_1_5/test/ai/827_sdv5_00020.png
5,SD1.5_first,92,GenImage_test/stable_diffusion_v_1_5/test/ai/866_sdv5_00003.png
5,SD1.5_first,93,GenImage_test/stable_diffusion_v_1_5/test/ai/828_sdv5_00195.png
5,SD1.5_first,94,GenImage_test/stable_diffusion_v_1_5/test/nature/ILSVRC2012_val_00031778.JPEG
5,SD1.5_first,95,GenImage_test/stable_diffusion_v_1_5/test/nature/ILSVRC2012_val_00019881.JPEG
6,SD1.5_first,96,GenImage_test/stable_diffusion_v_1_5/test/nature/ILSVRC2012_val_00005700.JPEG
6,SD1.5_first,97,GenImage_test/stable_diffusion_v_1_5/test/ai/771_sdv5_00003.png
6,SD1.5_first,98,GenImage_test/stable_diffusion_v_1_5/test/nature/ILSVRC2012_val_00020352.JPEG
6,SD1.5_first,99,GenImage_test/stable_diffusion_v_1_5/test/nature/ILSVRC2012_val_00015174.JPEG
6,SD1.5_first,100,GenImage_test/stable_diffusion_v_1_5/test/nature/ILSVRC2012_val_00044747.JPEG
6,SD1.5_first,101,GenImage_test/stable_diffusion_v_1_5/test/ai/214_sdv5_00100.png
6,SD1.5_first,102,GenImage_test/stable_diffusion_v_1_5/test/ai/496_sdv5_00100.png
6,SD1.5_first,103,GenImage_test/stable_diffusion_v_1_5/test/ai/350_sdv5_00039.png
6,SD1.5_first,104,GenImage_test/stable_diffusion_v_1_5/test/ai/165_sdv5_00027.png
6,SD1.5_first,105,GenImage_test/stable_diffusion_v_1_5/test/ai/490_sdv5_00100.png
6,SD1.5_first,106,GenImage_test/stable_diffusion_v_1_5/test/ai/054_sdv5_00100.png
6,SD1.5_first,107,GenImage_test/stable_diffusion_v_1_5/test/nature/ILSVRC2012_val_00009987.JPEG
6,SD1.5_first,108,GenImage_test/stable_diffusion_v_1_5/test/ai/161_sdv5_00039.png
6,SD1.5_first,109,GenImage_test/stable_diffusion_v_1_5/test/nature/ILSVRC2012_val_00009570.JPEG
6,SD1.5_first,110,GenImage_test/stable_diffusion_v_1_5/test/ai/429_sdv5_00003.png
6,SD1.5_first,111,GenImage_test/stable_diffusion_v_1_5/test/nature/ILSVRC2012_val_00001659.JPEG
7,SD1.5_first,112,GenImage_test/stable_diffusion_v_1_5/test/nature/ILSVRC2012_val_00012331.JPEG
7,SD1.5_first,113,GenImage_test/stable_diffusion_v_1_5/test/nature/ILSVRC2012_val_00038545.JPEG
7,SD1.5_first,114,GenImage_test/stable_diffusion_v_1_5/test/nature/ILSVRC2012_val_00010987.JPEG
7,SD1.5_first,115,GenImage_test/stable_diffusion_v_1_5/test/ai/036_sdv5_00003.png
7,SD1.5_first,116,GenImage_test/stable_diffusion_v_1_5/test/ai/740_sdv5_00135.png
7,SD1.5_first,117,GenImage_test/stable_diffusion_v_1_5/test/nature/ILSVRC2012_val_00046943.JPEG
7,SD1.5_first,118,GenImage_test/stable_diffusion_v_1_5/test/ai/062_sdv5_00003.png
7,SD1.5_first,119,GenImage_test/stable_diffusion_v_1_5/test/ai/014_sdv5_00039.png
7,SD1.5_first,120,GenImage_test/stable_diffusion_v_1_5/test/nature/ILSVRC2012_val_00039362.JPEG
7,SD1.5_first,121,GenImage_test/stable_diffusion_v_1_5/test/nature/ILSVRC2012_val_00036167.JPEG
7,SD1.5_first,122,GenImage_test/stable_diffusion_v_1_5/test/nature/ILSVRC2012_val_00028224.JPEG
7,SD1.5_first,123,GenImage_test/stable_diffusion_v_1_5/test/ai/755_sdv5_00027.png
7,SD1.5_first,124,GenImage_test/stable_diffusion_v_1_5/test/nature/ILSVRC2012_val_00025092.JPEG
7,SD1.5_first,125,GenImage_test/stable_diffusion_v_1_5/test/nature/ILSVRC2012_val_00020544.JPEG
7,SD1.5_first,126,GenImage_test/stable_diffusion_v_1_5/test/ai/592_sdv5_00039.png
7,SD1.5_first,127,GenImage_test/stable_diffusion_v_1_5/test/nature/ILSVRC2012_val_00017078.JPEG
8,SD1.5_first,128,GenImage_test/stable_diffusion_v_1_5/test/ai/643_sdv5_00020.png
8,SD1.5_first,129,GenImage_test/stable_diffusion_v_1_5/test/nature/ILSVRC2012_val_00024830.JPEG
8,SD1.5_first,130,GenImage_test/stable_diffusion_v_1_5/test/ai/808_sdv5_00027.png
8,SD1.5_first,131,GenImage_test/stable_diffusion_v_1_5/test/nature/ILSVRC2012_val_00021445.JPEG
8,SD1.5_first,132,GenImage_test/stable_diffusion_v_1_5/test/ai/217_sdv5_00100.png
8,SD1.5_first,133,GenImage_test/stable_diffusion_v_1_5/test/ai/633_sdv5_00027.png
8,SD1.5_first,134,GenImage_test/stable_diffusion_v_1_5/test/nature/ILSVRC2012_val_00047674.JPEG
8,SD1.5_first,135,GenImage_test/stable_diffusion_v_1_5/test/ai/745_sdv5_00135.png
8,SD1.5_first,136,GenImage_test/stable_diffusion_v_1_5/test/nature/ILSVRC2012_val_00013294.JPEG
8,SD1.5_first,137,GenImage_test/stable_diffusion_v_1_5/test/nature/ILSVRC2012_val_00033529.JPEG
8,SD1.5_first,138,GenImage_test/stable_diffusion_v_1_5/test/ai/354_sdv5_00195.png
8,SD1.5_first,139,GenImage_test/stable_diffusion_v_1_5/test/ai/848_sdv5_00009.png
8,SD1.5_first,140,GenImage_test/stable_diffusion_v_1_5/test/nature/ILSVRC2012_val_00032961.JPEG
8,SD1.5_first,141,GenImage_test/stable_diffusion_v_1_5/test/ai/944_sdv5_00009.png
8,SD1.5_first,142,GenImage_test/stable_diffusion_v_1_5/test/ai/388_sdv5_00039.png
8,SD1.5_first,143,GenImage_test/stable_diffusion_v_1_5/test/ai/735_sdv5_00195.png
9,SD1.5_first,144,GenImage_test/stable_diffusion_v_1_5/test/ai/229_sdv5_00100.png
9,SD1.5_first,145,GenImage_test/stable_diffusion_v_1_5/test/ai/661_sdv5_00100.png
9,SD1.5_first,146,GenImage_test/stable_diffusion_v_1_5/test/ai/159_sdv5_00135.png
9,SD1.5_first,147,GenImage_test/stable_diffusion_v_1_5/test/ai/683_sdv5_00009.png
9,SD1.5_first,148,GenImage_test/stable_diffusion_v_1_5/test/nature/ILSVRC2012_val_00043513.JPEG
9,SD1.5_first,149,GenImage_test/stable_diffusion_v_1_5/test/nature/ILSVRC2012_val_00030482.JPEG
9,SD1.5_first,150,GenImage_test/stable_diffusion_v_1_5/test/ai/260_sdv5_00020.png
9,SD1.5_first,151,GenImage_test/stable_diffusion_v_1_5/test/nature/ILSVRC2012_val_00005696.JPEG
9,SD1.5_first,152,GenImage_test/stable_diffusion_v_1_5/test/nature/ILSVRC2012_val_00045150.JPEG
9,SD1.5_first,153,GenImage_test/stable_diffusion_v_1_5/test/nature/ILSVRC2012_val_00011363.JPEG
9,SD1.5_first,154,GenImage_test/stable_diffusion_v_1_5/test/ai/609_sdv5_00135.png
9,SD1.5_first,155,GenImage_test/stable_diffusion_v_1_5/test/nature/ILSVRC2012_val_00030955.JPEG
9,SD1.5_first,156,GenImage_test/stable_diffusion_v_1_5/test/nature/ILSVRC2012_val_00008694.JPEG
9,SD1.5_first,157,GenImage_test/stable_diffusion_v_1_5/test/nature/ILSVRC2012_val_00045604.JPEG
9,SD1.5_first,158,GenImage_test/stable_diffusion_v_1_5/test/ai/457_sdv5_00009.png
9,SD1.5_first,159,GenImage_test/stable_diffusion_v_1_5/test/ai/547_sdv5_00135.png
10,SD1.5_first,160,GenImage_test/stable_diffusion_v_1_5/test/ai/022_sdv5_00195.png
10,SD1.5_first,161,GenImage_test/stable_diffusion_v_1_5/test/ai/387_sdv5_00195.png
10,SD1.5_first,162,GenImage_test/stable_diffusion_v_1_5/test/ai/979_sdv5_00009.png
10,SD1.5_first,163,GenImage_test/stable_diffusion_v_1_5/test/ai/851_sdv5_00020.png
10,SD1.5_first,164,GenImage_test/stable_diffusion_v_1_5/test/ai/060_sdv5_00135.png
10,SD1.5_first,165,GenImage_test/stable_diffusion_v_1_5/test/ai/746_sdv5_00003.png
10,SD1.5_first,166,GenImage_test/stable_diffusion_v_1_5/test/ai/359_sdv5_00003.png
10,SD1.5_first,167,GenImage_test/stable_diffusion_v_1_5/test/ai/715_sdv5_00195.png
10,SD1.5_first,168,GenImage_test/stable_diffusion_v_1_5/test/ai/801_sdv5_00195.png
10,SD1.5_first,169,GenImage_test/stable_diffusion_v_1_5/test/ai/645_sdv5_00195.png
10,SD1.5_first,170,GenImage_test/stable_diffusion_v_1_5/test/ai/389_sdv5_00135.png
10,SD1.5_first,171,GenImage_test/stable_diffusion_v_1_5/test/ai/912_sdv5_00027.png
10,SD1.5_first,172,GenImage_test/stable_diffusion_v_1_5/test/ai/603_sdv5_00100.png
10,SD1.5_first,173,GenImage_test/stable_diffusion_v_1_5/test/nature/ILSVRC2012_val_00029351.JPEG
10,SD1.5_first,174,GenImage_test/stable_diffusion_v_1_5/test/ai/786_sdv5_00020.png
10,SD1.5_first,175,GenImage_test/stable_diffusion_v_1_5/test/ai/539_sdv5_00135.png
11,SD1.5_first,176,GenImage_test/stable_diffusion_v_1_5/test/ai/003_sdv5_00100.png
11,SD1.5_first,177,GenImage_test/stable_diffusion_v_1_5/test/nature/ILSVRC2012_val_00034725.JPEG
11,SD1.5_first,178,GenImage_test/stable_diffusion_v_1_5/test/nature/ILSVRC2012_val_00021137.JPEG
11,SD1.5_first,179,GenImage_test/stable_diffusion_v_1_5/test/ai/660_sdv5_00135.png
11,SD1.5_first,180,GenImage_test/stable_diffusion_v_1_5/test/ai/358_sdv5_00135.png
11,SD1.5_first,181,GenImage_test/stable_diffusion_v_1_5/test/nature/ILSVRC2012_val_00018161.JPEG
11,SD1.5_first,182,GenImage_test/stable_diffusion_v_1_5/test/nature/ILSVRC2012_val_00024132.JPEG
11,SD1.5_first,183,GenImage_test/stable_diffusion_v_1_5/test/ai/620_sdv5_00020.png
11,SD1.5_first,184,GenImage_test/stable_diffusion_v_1_5/test/nature/ILSVRC2012_val_00037191.JPEG
11,SD1.5_first,185,GenImage_test/stable_diffusion_v_1_5/test/ai/157_sdv5_00135.png
11,SD1.5_first,186,GenImage_test/stable_diffusion_v_1_5/test/ai/350_sdv5_00100.png
11,SD1.5_first,187,GenImage_test/stable_diffusion_v_1_5/test/nature/ILSVRC2012_val_00006613.JPEG
11,SD1.5_first,188,GenImage_test/stable_diffusion_v_1_5/test/nature/ILSVRC2012_val_00031174.JPEG
11,SD1.5_first,189,GenImage_test/stable_diffusion_v_1_5/test/ai/613_sdv5_00020.png
11,SD1.5_first,190,GenImage_test/stable_diffusion_v_1_5/test/nature/ILSVRC2012_val_00031267.JPEG
11,SD1.5_first,191,GenImage_test/stable_diffusion_v_1_5/test/ai/284_sdv5_00020.png
12,SD1.5_first,192,GenImage_test/stable_diffusion_v_1_5/test/ai/995_sdv5_00135.png
12,SD1.5_first,193,GenImage_test/stable_diffusion_v_1_5/test/ai/126_sdv5_00039.png
12,SD1.5_first,194,GenImage_test/stable_diffusion_v_1_5/test/ai/467_sdv5_00003.png
12,SD1.5_first,195,GenImage_test/stable_diffusion_v_1_5/test/nature/ILSVRC2012_val_00046489.JPEG
12,SD1.5_first,196,GenImage_test/stable_diffusion_v_1_5/test/ai/137_sdv5_00003.png
12,SD1.5_first,197,GenImage_test/stable_diffusion_v_1_5/test/nature/ILSVRC2012_val_00048471.JPEG
12,SD1.5_first,198,GenImage_test/stable_diffusion_v_1_5/test/ai/386_sdv5_00020.png
12,SD1.5_first,199,GenImage_test/stable_diffusion_v_1_5/test/ai/783_sdv5_00135.png
12,SD1.5_first,200,GenImage_test/stable_diffusion_v_1_5/test/ai/622_sdv5_00009.png
12,SD1.5_first,201,GenImage_test/stable_diffusion_v_1_5/test/nature/ILSVRC2012_val_00039262.JPEG
12,SD1.5_first,202,GenImage_test/stable_diffusion_v_1_5/test/ai/092_sdv5_00195.png
12,SD1.5_first,203,GenImage_test/stable_diffusion_v_1_5/test/nature/ILSVRC2012_val_00032650.JPEG
12,SD1.5_first,204,GenImage_test/stable_diffusion_v_1_5/test/nature/ILSVRC2012_val_00030477.JPEG
12,SD1.5_first,205,GenImage_test/stable_diffusion_v_1_5/test/nature/ILSVRC2012_val_00037508.JPEG
12,SD1.5_first,206,GenImage_test/stable_diffusion_v_1_5/test/nature/ILSVRC2012_val_00008968.JPEG
12,SD1.5_first,207,GenImage_test/stable_diffusion_v_1_5/test/ai/489_sdv5_00100.png
13,SD1.5_first,208,GenImage_test/stable_diffusion_v_1_5/test/nature/ILSVRC2012_val_00044111.JPEG
13,SD1.5_first,209,GenImage_test/stable_diffusion_v_1_5/test/nature/ILSVRC2012_val_00044788.JPEG
13,SD1.5_first,210,GenImage_test/stable_diffusion_v_1_5/test/nature/ILSVRC2012_val_00027950.JPEG
13,SD1.5_first,211,GenImage_test/stable_diffusion_v_1_5/test/nature/ILSVRC2012_val_00036714.JPEG
13,SD1.5_first,212,GenImage_test/stable_diffusion_v_1_5/test/nature/ILSVRC2012_val_00021325.JPEG
13,SD1.5_first,213,GenImage_test/stable_diffusion_v_1_5/test/nature/ILSVRC2012_val_00045279.JPEG
13,SD1.5_first,214,GenImage_test/stable_diffusion_v_1_5/test/ai/768_sdv5_00020.png
13,SD1.5_first,215,GenImage_test/stable_diffusion_v_1_5/test/ai/515_sdv5_00135.png
13,SD1.5_first,216,GenImage_test/stable_diffusion_v_1_5/test/nature/ILSVRC2012_val_00016224.JPEG
13,SD1.5_first,217,GenImage_test/stable_diffusion_v_1_5/test/ai/620_sdv5_00009.png
13,SD1.5_first,218,GenImage_test/stable_diffusion_v_1_5/test/ai/657_sdv5_00195.png
13,SD1.5_first,219,GenImage_test/stable_diffusion_v_1_5/test/nature/ILSVRC2012_val_00005732.JPEG
13,SD1.5_first,220,GenImage_test/stable_diffusion_v_1_5/test/nature/ILSVRC2012_val_00004907.JPEG
13,SD1.5_first,221,GenImage_test/stable_diffusion_v_1_5/test/ai/309_sdv5_00009.png
13,SD1.5_first,222,GenImage_test/stable_diffusion_v_1_5/test/ai/701_sdv5_00100.png
13,SD1.5_first,223,GenImage_test/stable_diffusion_v_1_5/test/ai/140_sdv5_00027.png
14,SD1.5_first,224,GenImage_test/stable_diffusion_v_1_5/test/nature/ILSVRC2012_val_00037844.JPEG
14,SD1.5_first,225,GenImage_test/stable_diffusion_v_1_5/test/nature/ILSVRC2012_val_00026281.JPEG
14,SD1.5_first,226,GenImage_test/stable_diffusion_v_1_5/test/nature/ILSVRC2012_val_00001446.JPEG
14,SD1.5_first,227,GenImage_test/stable_diffusion_v_1_5/test/nature/ILSVRC2012_val_00025076.JPEG
14,SD1.5_first,228,GenImage_test/stable_diffusion_v_1_5/test/nature/ILSVRC2012_val_00040607.JPEG
14,SD1.5_first,229,GenImage_test/stable_diffusion_v_1_5/test/nature/ILSVRC2012_val_00042335.JPEG
14,SD1.5_first,230,GenImage_test/stable_diffusion_v_1_5/test/nature/ILSVRC2012_val_00003504.JPEG
14,SD1.5_first,231,GenImage_test/stable_diffusion_v_1_5/test/nature/ILSVRC2012_val_00015249.JPEG
14,SD1.5_first,232,GenImage_test/stable_diffusion_v_1_5/test/nature/ILSVRC2012_val_00041316.JPEG
14,SD1.5_first,233,GenImage_test/stable_diffusion_v_1_5/test/ai/828_sdv5_00135.png
14,SD1.5_first,234,GenImage_test/stable_diffusion_v_1_5/test/nature/ILSVRC2012_val_00006245.JPEG
14,SD1.5_first,235,GenImage_test/stable_diffusion_v_1_5/test/nature/ILSVRC2012_val_00015254.JPEG
14,SD1.5_first,236,GenImage_test/stable_diffusion_v_1_5/test/nature/ILSVRC2012_val_00042592.JPEG
14,SD1.5_first,237,GenImage_test/stable_diffusion_v_1_5/test/nature/ILSVRC2012_val_00044657.JPEG
14,SD1.5_first,238,GenImage_test/stable_diffusion_v_1_5/test/nature/ILSVRC2012_val_00001472.JPEG
14,SD1.5_first,239,GenImage_test/stable_diffusion_v_1_5/test/ai/482_sdv5_00100.png
15,SD1.5_first,240,GenImage_test/stable_diffusion_v_1_5/test/ai/468_sdv5_00027.png
15,SD1.5_first,241,GenImage_test/stable_diffusion_v_1_5/test/nature/ILSVRC2012_val_00039244.JPEG
15,SD1.5_first,242,GenImage_test/stable_diffusion_v_1_5/test/ai/409_sdv5_00135.png
15,SD1.5_first,243,GenImage_test/stable_diffusion_v_1_5/test/ai/489_sdv5_00039.png
15,SD1.5_first,244,GenImage_test/stable_diffusion_v_1_5/test/nature/ILSVRC2012_val_00003867.JPEG
15,SD1.5_first,245,GenImage_test/stable_diffusion_v_1_5/test/nature/ILSVRC2012_val_00032682.JPEG
15,SD1.5_first,246,GenImage_test/stable_diffusion_v_1_5/test/ai/947_sdv5_00135.png
15,SD1.5_first,247,GenImage_test/stable_diffusion_v_1_5/test/ai/875_sdv5_00027.png
15,SD1.5_first,248,GenImage_test/stable_diffusion_v_1_5/test/ai/375_sdv5_00100.png
15,SD1.5_first,249,GenImage_test/stable_diffusion_v_1_5/test/nature/ILSVRC2012_val_00034155.JPEG
15,SD1.5_first,250,GenImage_test/stable_diffusion_v_1_5/test/ai/816_sdv5_00009.png
15,SD1.5_first,251,GenImage_test/stable_diffusion_v_1_5/test/nature/ILSVRC2012_val_00049604.JPEG
15,SD1.5_first,252,GenImage_test/stable_diffusion_v_1_5/test/nature/ILSVRC2012_val_00010485.JPEG
15,SD1.5_first,253,GenImage_test/stable_diffusion_v_1_5/test/ai/232_sdv5_00009.png
15,SD1.5_first,254,GenImage_test/stable_diffusion_v_1_5/test/ai/418_sdv5_00027.png
15,SD1.5_first,255,GenImage_test/stable_diffusion_v_1_5/test/nature/ILSVRC2012_val_00017333.JPEG
16,SD1.5_first,256,GenImage_test/stable_diffusion_v_1_5/test/ai/703_sdv5_00027.png
16,SD1.5_first,257,GenImage_test/stable_diffusion_v_1_5/test/ai/109_sdv5_00003.png
16,SD1.5_first,258,GenImage_test/stable_diffusion_v_1_5/test/nature/ILSVRC2012_val_00042600.JPEG
16,SD1.5_first,259,GenImage_test/stable_diffusion_v_1_5/test/nature/ILSVRC2012_val_00032288.JPEG
16,SD1.5_first,260,GenImage_test/stable_diffusion_v_1_5/test/ai/767_sdv5_00135.png
16,SD1.5_first,261,GenImage_test/stable_diffusion_v_1_5/test/ai/459_sdv5_00009.png
16,SD1.5_first,262,GenImage_test/stable_diffusion_v_1_5/test/ai/975_sdv5_00003.png
16,SD1.5_first,263,GenImage_test/stable_diffusion_v_1_5/test/ai/860_sdv5_00020.png
16,SD1.5_first,264,GenImage_test/stable_diffusion_v_1_5/test/ai/256_sdv5_00027.png
16,SD1.5_first,265,GenImage_test/stable_diffusion_v_1_5/test/nature/ILSVRC2012_val_00045133.JPEG
16,SD1.5_first,266,GenImage_test/stable_diffusion_v_1_5/test/nature/ILSVRC2012_val_00023805.JPEG
16,SD1.5_first,267,GenImage_test/stable_diffusion_v_1_5/test/ai/483_sdv5_00100.png
16,SD1.5_first,268,GenImage_test/stable_diffusion_v_1_5/test/nature/ILSVRC2012_val_00021732.JPEG
16,SD1.5_first,269,GenImage_test/stable_diffusion_v_1_5/test/ai/952_sdv5_00027.png
16,SD1.5_first,270,GenImage_test/stable_diffusion_v_1_5/test/nature/ILSVRC2012_val_00029183.JPEG
16,SD1.5_first,271,GenImage_test/stable_diffusion_v_1_5/test/nature/ILSVRC2012_val_00013644.JPEG
17,SD1.5_first,272,GenImage_test/stable_diffusion_v_1_5/test/ai/591_sdv5_00100.png
17,SD1.5_first,273,GenImage_test/stable_diffusion_v_1_5/test/nature/ILSVRC2012_val_00013900.JPEG
17,SD1.5_first,274,GenImage_test/stable_diffusion_v_1_5/test/ai/698_sdv5_00135.png
17,SD1.5_first,275,GenImage_test/stable_diffusion_v_1_5/test/ai/644_sdv5_00100.png
17,SD1.5_first,276,GenImage_test/stable_diffusion_v_1_5/test/nature/ILSVRC2012_val_00009897.JPEG
17,SD1.5_first,277,GenImage_test/stable_diffusion_v_1_5/test/nature/ILSVRC2012_val_00007849.JPEG
17,SD1.5_first,278,GenImage_test/stable_diffusion_v_1_5/test/nature/ILSVRC2012_val_00038823.JPEG
17,SD1.5_first,279,GenImage_test/stable_diffusion_v_1_5/test/ai/336_sdv5_00100.png
17,SD1.5_first,280,GenImage_test/stable_diffusion_v_1_5/test/nature/ILSVRC2012_val_00038297.JPEG
17,SD1.5_first,281,GenImage_test/stable_diffusion_v_1_5/test/ai/508_sdv5_00027.png
17,SD1.5_first,282,GenImage_test/stable_diffusion_v_1_5/test/ai/217_sdv5_00039.png
17,SD1.5_first,283,GenImage_test/stable_diffusion_v_1_5/test/ai/000_sdv5_00027.png
17,SD1.5_first,284,GenImage_test/stable_diffusion_v_1_5/test/ai/821_sdv5_00039.png
17,SD1.5_first,285,GenImage_test/stable_diffusion_v_1_5/test/ai/512_sdv5_00009.png
17,SD1.5_first,286,GenImage_test/stable_diffusion_v_1_5/test/nature/ILSVRC2012_val_00038005.JPEG
17,SD1.5_first,287,GenImage_test/stable_diffusion_v_1_5/test/ai/815_sdv5_00195.png
18,SD1.5_first,288,GenImage_test/stable_diffusion_v_1_5/test/ai/240_sdv5_00020.png
18,SD1.5_first,289,GenImage_test/stable_diffusion_v_1_5/test/ai/688_sdv5_00195.png
18,SD1.5_first,290,GenImage_test/stable_diffusion_v_1_5/test/nature/ILSVRC2012_val_00021053.JPEG
18,SD1.5_first,291,GenImage_test/stable_diffusion_v_1_5/test/ai/979_sdv5_00195.png
18,SD1.5_first,292,GenImage_test/stable_diffusion_v_1_5/test/nature/ILSVRC2012_val_00043743.JPEG
18,SD1.5_first,293,GenImage_test/stable_diffusion_v_1_5/test/nature/ILSVRC2012_val_00027701.JPEG
18,SD1.5_first,294,GenImage_test/stable_diffusion_v_1_5/test/ai/759_sdv5_00100.png
18,SD1.5_first,295,GenImage_test/stable_diffusion_v_1_5/test/ai/993_sdv5_00039.png
18,SD1.5_first,296,GenImage_test/stable_diffusion_v_1_5/test/ai/220_sdv5_00009.png
18,SD1.5_first,297,GenImage_test/stable_diffusion_v_1_5/test/nature/ILSVRC2012_val_00028181.JPEG
18,SD1.5_first,298,GenImage_test/stable_diffusion_v_1_5/test/ai/851_sdv5_00100.png
18,SD1.5_first,299,GenImage_test/stable_diffusion_v_1_5/test/ai/712_sdv5_00195.png
18,SD1.5_first,300,GenImage_test/stable_diffusion_v_1_5/test/ai/386_sdv5_00195.png
18,SD1.5_first,301,GenImage_test/stable_diffusion_v_1_5/test/ai/624_sdv5_00100.png
18,SD1.5_first,302,GenImage_test/stable_diffusion_v_1_5/test/nature/ILSVRC2012_val_00007879.JPEG
18,SD1.5_first,303,GenImage_test/stable_diffusion_v_1_5/test/nature/ILSVRC2012_val_00041902.JPEG
19,SD1.5_first,304,GenImage_test/stable_diffusion_v_1_5/test/nature/ILSVRC2012_val_00034732.JPEG
19,SD1.5_first,305,GenImage_test/stable_diffusion_v_1_5/test/nature/ILSVRC2012_val_00013008.JPEG
19,SD1.5_first,306,GenImage_test/stable_diffusion_v_1_5/test/nature/ILSVRC2012_val_00015824.JPEG
19,SD1.5_first,307,GenImage_test/stable_diffusion_v_1_5/test/nature/ILSVRC2012_val_00015842.JPEG
19,SD1.5_first,308,GenImage_test/stable_diffusion_v_1_5/test/ai/063_sdv5_00027.png
19,SD1.5_first,309,GenImage_test/stable_diffusion_v_1_5/test/nature/ILSVRC2012_val_00037883.JPEG
19,SD1.5_first,310,GenImage_test/stable_diffusion_v_1_5/test/ai/064_sdv5_00195.png
19,SD1.5_first,311,GenImage_test/stable_diffusion_v_1_5/test/nature/ILSVRC2012_val_00028553.JPEG
19,SD1.5_first,312,GenImage_test/stable_diffusion_v_1_5/test/ai/332_sdv5_00100.png
19,SD1.5_first,313,GenImage_test/stable_diffusion_v_1_5/test/nature/ILSVRC2012_val_00019550.JPEG
19,SD1.5_first,314,GenImage_test/stable_diffusion_v_1_5/test/nature/ILSVRC2012_val_00003854.JPEG
19,SD1.5_first,315,GenImage_test/stable_diffusion_v_1_5/test/nature/ILSVRC2012_val_00030550.JPEG
19,SD1.5_first,316,GenImage_test/stable_diffusion_v_1_5/test/nature/ILSVRC2012_val_00005644.JPEG
19,SD1.5_first,317,GenImage_test/stable_diffusion_v_1_5/test/nature/ILSVRC2012_val_00006857.JPEG
19,SD1.5_first,318,GenImage_test/stable_diffusion_v_1_5/test/nature/ILSVRC2012_val_00004314.JPEG
19,SD1.5_first,319,GenImage_test/stable_diffusion_v_1_5/test/ai/757_sdv5_00027.png
20,SD1.5_first,320,GenImage_test/stable_diffusion_v_1_5/test/nature/ILSVRC2012_val_00001557.JPEG
20,SD1.5_first,321,GenImage_test/stable_diffusion_v_1_5/test/nature/ILSVRC2012_val_00035892.JPEG
20,SD1.5_first,322,GenImage_test/stable_diffusion_v_1_5/test/nature/ILSVRC2012_val_00008929.JPEG
20,SD1.5_first,323,GenImage_test/stable_diffusion_v_1_5/test/nature/ILSVRC2012_val_00043346.JPEG
20,SD1.5_first,324,GenImage_test/stable_diffusion_v_1_5/test/ai/077_sdv5_00195.png
20,SD1.5_first,325,GenImage_test/stable_diffusion_v_1_5/test/ai/350_sdv5_00020.png
20,SD1.5_first,326,GenImage_test/stable_diffusion_v_1_5/test/ai/153_sdv5_00100.png
20,SD1.5_first,327,GenImage_test/stable_diffusion_v_1_5/test/ai/786_sdv5_00039.png
20,SD1.5_first,328,GenImage_test/stable_diffusion_v_1_5/test/ai/773_sdv5_00039.png
20,SD1.5_first,329,GenImage_test/stable_diffusion_v_1_5/test/nature/ILSVRC2012_val_00036251.JPEG
20,SD1.5_first,330,GenImage_test/stable_diffusion_v_1_5/test/ai/249_sdv5_00100.png
20,SD1.5_first,331,GenImage_test/stable_diffusion_v_1_5/test/ai/507_sdv5_00020.png
20,SD1.5_first,332,GenImage_test/stable_diffusion_v_1_5/test/ai/878_sdv5_00020.png
20,SD1.5_first,333,GenImage_test/stable_diffusion_v_1_5/test/nature/ILSVRC2012_val_00048220.JPEG
20,SD1.5_first,334,GenImage_test/stable_diffusion_v_1_5/test/ai/152_sdv5_00195.png
20,SD1.5_first,335,GenImage_test/stable_diffusion_v_1_5/test/ai/164_sdv5_00039.png
21,SD1.5_first,336,GenImage_test/stable_diffusion_v_1_5/test/nature/ILSVRC2012_val_00035778.JPEG
21,SD1.5_first,337,GenImage_test/stable_diffusion_v_1_5/test/ai/009_sdv5_00100.png
21,SD1.5_first,338,GenImage_test/stable_diffusion_v_1_5/test/nature/ILSVRC2012_val_00034314.JPEG
21,SD1.5_first,339,GenImage_test/stable_diffusion_v_1_5/test/nature/ILSVRC2012_val_00023538.JPEG
21,SD1.5_first,340,GenImage_test/stable_diffusion_v_1_5/test/ai/780_sdv5_00027.png
21,SD1.5_first,341,GenImage_test/stable_diffusion_v_1_5/test/nature/ILSVRC2012_val_00049848.JPEG
21,SD1.5_first,342,GenImage_test/stable_diffusion_v_1_5/test/nature/ILSVRC2012_val_00045127.JPEG
21,SD1.5_first,343,GenImage_test/stable_diffusion_v_1_5/test/ai/803_sdv5_00100.png
21,SD1.5_first,344,GenImage_test/stable_diffusion_v_1_5/test/ai/507_sdv5_00003.png
21,SD1.5_first,345,GenImage_test/stable_diffusion_v_1_5/test/ai/283_sdv5_00020.png
21,SD1.5_first,346,GenImage_test/stable_diffusion_v_1_5/test/ai/694_sdv5_00009.png
21,SD1.5_first,347,GenImage_test/stable_diffusion_v_1_5/test/ai/601_sdv5_00195.png
21,SD1.5_first,348,GenImage_test/stable_diffusion_v_1_5/test/ai/494_sdv5_00100.png
21,SD1.5_first,349,GenImage_test/stable_diffusion_v_1_5/test/ai/556_sdv5_00009.png
21,SD1.5_first,350,GenImage_test/stable_diffusion_v_1_5/test/ai/489_sdv5_00027.png
21,SD1.5_first,351,GenImage_test/stable_diffusion_v_1_5/test/nature/ILSVRC2012_val_00015762.JPEG
22,SD1.5_first,352,GenImage_test/stable_diffusion_v_1_5/test/ai/479_sdv5_00009.png
22,SD1.5_first,353,GenImage_test/stable_diffusion_v_1_5/test/ai/788_sdv5_00009.png
22,SD1.5_first,354,GenImage_test/stable_diffusion_v_1_5/test/ai/500_sdv5_00003.png
22,SD1.5_first,355,GenImage_test/stable_diffusion_v_1_5/test/nature/ILSVRC2012_val_00028832.JPEG
22,SD1.5_first,356,GenImage_test/stable_diffusion_v_1_5/test/ai/612_sdv5_00020.png
22,SD1.5_first,357,GenImage_test/stable_diffusion_v_1_5/test/nature/ILSVRC2012_val_00041944.JPEG
22,SD1.5_first,358,GenImage_test/stable_diffusion_v_1_5/test/nature/ILSVRC2012_val_00039040.JPEG
22,SD1.5_first,359,GenImage_test/stable_diffusion_v_1_5/test/ai/190_sdv5_00039.png
22,SD1.5_first,360,GenImage_test/stable_diffusion_v_1_5/test/ai/213_sdv5_00027.png
22,SD1.5_first,361,GenImage_test/stable_diffusion_v_1_5/test/nature/ILSVRC2012_val_00017494.JPEG
22,SD1.5_first,362,GenImage_test/stable_diffusion_v_1_5/test/ai/069_sdv5_00100.png
22,SD1.5_first,363,GenImage_test/stable_diffusion_v_1_5/test/nature/ILSVRC2012_val_00039572.JPEG
22,SD1.5_first,364,GenImage_test/stable_diffusion_v_1_5/test/nature/ILSVRC2012_val_00043275.JPEG
22,SD1.5_first,365,GenImage_test/stable_diffusion_v_1_5/test/nature/ILSVRC2012_val_00016852.JPEG
22,SD1.5_first,366,GenImage_test/stable_diffusion_v_1_5/test/nature/ILSVRC2012_val_00040358.JPEG
22,SD1.5_first,367,GenImage_test/stable_diffusion_v_1_5/test/ai/125_sdv5_00020.png
23,SD1.5_first,368,GenImage_test/stable_diffusion_v_1_5/test/ai/077_sdv5_00100.png
23,SD1.5_first,369,GenImage_test/stable_diffusion_v_1_5/test/nature/ILSVRC2012_val_00022473.JPEG
23,SD1.5_first,370,GenImage_test/stable_diffusion_v_1_5/test/nature/ILSVRC2012_val_00006352.JPEG
23,SD1.5_first,371,GenImage_test/stable_diffusion_v_1_5/test/nature/ILSVRC2012_val_00006264.JPEG
23,SD1.5_first,372,GenImage_test/stable_diffusion_v_1_5/test/nature/ILSVRC2012_val_00024930.JPEG
23,SD1.5_first,373,GenImage_test/stable_diffusion_v_1_5/test/nature/ILSVRC2012_val_00041920.JPEG
23,SD1.5_first,374,GenImage_test/stable_diffusion_v_1_5/test/ai/903_sdv5_00100.png
23,SD1.5_first,375,GenImage_test/stable_diffusion_v_1_5/test/nature/ILSVRC2012_val_00013232.JPEG
23,SD1.5_first,376,GenImage_test/stable_diffusion_v_1_5/test/nature/ILSVRC2012_val_00042279.JPEG
23,SD1.5_first,377,GenImage_test/stable_diffusion_v_1_5/test/nature/ILSVRC2012_val_00013020.JPEG
23,SD1.5_first,378,GenImage_test/stable_diffusion_v_1_5/test/ai/790_sdv5_00009.png
23,SD1.5_first,379,GenImage_test/stable_diffusion_v_1_5/test/nature/ILSVRC2012_val_00020602.JPEG
23,SD1.5_first,380,GenImage_test/stable_diffusion_v_1_5/test/nature/ILSVRC2012_val_00049067.JPEG
23,SD1.5_first,381,GenImage_test/stable_diffusion_v_1_5/test/ai/914_sdv5_00020.png
23,SD1.5_first,382,GenImage_test/stable_diffusion_v_1_5/test/nature/ILSVRC2012_val_00024159.JPEG
23,SD1.5_first,383,GenImage_test/stable_diffusion_v_1_5/test/ai/551_sdv5_00020.png
24,SD1.5_first,384,GenImage_test/stable_diffusion_v_1_5/test/ai/209_sdv5_00195.png
24,SD1.5_first,385,GenImage_test/stable_diffusion_v_1_5/test/ai/184_sdv5_00020.png
24,SD1.5_first,386,GenImage_test/stable_diffusion_v_1_5/test/nature/ILSVRC2012_val_00001378.JPEG
24,SD1.5_first,387,GenImage_test/stable_diffusion_v_1_5/test/ai/170_sdv5_00039.png
24,SD1.5_first,388,GenImage_test/stable_diffusion_v_1_5/test/ai/395_sdv5_00195.png
24,SD1.5_first,389,GenImage_test/stable_diffusion_v_1_5/test/nature/ILSVRC2012_val_00011002.JPEG
24,SD1.5_first,390,GenImage_test/stable_diffusion_v_1_5/test/nature/ILSVRC2012_val_00031674.JPEG
24,SD1.5_first,391,GenImage_test/stable_diffusion_v_1_5/test/ai/639_sdv5_00027.png
24,SD1.5_first,392,GenImage_test/stable_diffusion_v_1_5/test/ai/212_sdv5_00003.png
24,SD1.5_first,393,GenImage_test/stable_diffusion_v_1_5/test/nature/ILSVRC2012_val_00003539.JPEG
24,SD1.5_first,394,GenImage_test/stable_diffusion_v_1_5/test/ai/819_sdv5_00020.png
24,SD1.5_first,395,GenImage_test/stable_diffusion_v_1_5/test/ai/814_sdv5_00195.png
24,SD1.5_first,396,GenImage_test/stable_diffusion_v_1_5/test/nature/ILSVRC2012_val_00048910.JPEG
24,SD1.5_first,397,GenImage_test/stable_diffusion_v_1_5/test/nature/ILSVRC2012_val_00019474.JPEG
24,SD1.5_first,398,GenImage_test/stable_diffusion_v_1_5/test/nature/ILSVRC2012_val_00042599.JPEG
24,SD1.5_first,399,GenImage_test/stable_diffusion_v_1_5/test/nature/ILSVRC2012_val_00037758.JPEG
25,SD1.5_first,400,GenImage_test/stable_diffusion_v_1_5/test/nature/ILSVRC2012_val_00012458.JPEG
25,SD1.5_first,401,GenImage_test/stable_diffusion_v_1_5/test/ai/902_sdv5_00009.png
25,SD1.5_first,402,GenImage_test/stable_diffusion_v_1_5/test/ai/797_sdv5_00135.png
25,SD1.5_first,403,GenImage_test/stable_diffusion_v_1_5/test/ai/402_sdv5_00003.png
25,SD1.5_first,404,GenImage_test/stable_diffusion_v_1_5/test/nature/ILSVRC2012_val_00042887.JPEG
25,SD1.5_first,405,GenImage_test/stable_diffusion_v_1_5/test/nature/ILSVRC2012_val_00023186.JPEG
25,SD1.5_first,406,GenImage_test/stable_diffusion_v_1_5/test/nature/ILSVRC2012_val_00029181.JPEG
25,SD1.5_first,407,GenImage_test/stable_diffusion_v_1_5/test/nature/ILSVRC2012_val_00048403.JPEG
25,SD1.5_first,408,GenImage_test/stable_diffusion_v_1_5/test/nature/ILSVRC2012_val_00020563.JPEG
25,SD1.5_first,409,GenImage_test/stable_diffusion_v_1_5/test/nature/ILSVRC2012_val_00027129.JPEG
25,SD1.5_first,410,GenImage_test/stable_diffusion_v_1_5/test/ai/758_sdv5_00039.png
25,SD1.5_first,411,GenImage_test/stable_diffusion_v_1_5/test/nature/ILSVRC2012_val_00038126.JPEG
25,SD1.5_first,412,GenImage_test/stable_diffusion_v_1_5/test/nature/ILSVRC2012_val_00014816.JPEG
25,SD1.5_first,413,GenImage_test/stable_diffusion_v_1_5/test/nature/ILSVRC2012_val_00018740.JPEG
25,SD1.5_first,414,GenImage_test/stable_diffusion_v_1_5/test/nature/ILSVRC2012_val_00000472.JPEG
25,SD1.5_first,415,GenImage_test/stable_diffusion_v_1_5/test/nature/ILSVRC2012_val_00032338.JPEG
26,SD1.5_first,416,GenImage_test/stable_diffusion_v_1_5/test/nature/ILSVRC2012_val_00002370.JPEG
26,SD1.5_first,417,GenImage_test/stable_diffusion_v_1_5/test/ai/267_sdv5_00027.png
26,SD1.5_first,418,GenImage_test/stable_diffusion_v_1_5/test/nature/ILSVRC2012_val_00026642.JPEG
26,SD1.5_first,419,GenImage_test/stable_diffusion_v_1_5/test/nature/ILSVRC2012_val_00009375.JPEG
26,SD1.5_first,420,GenImage_test/stable_diffusion_v_1_5/test/ai/728_sdv5_00003.png
26,SD1.5_first,421,GenImage_test/stable_diffusion_v_1_5/test/ai/444_sdv5_00027.png
26,SD1.5_first,422,GenImage_test/stable_diffusion_v_1_5/test/ai/834_sdv5_00027.png
26,SD1.5_first,423,GenImage_test/stable_diffusion_v_1_5/test/nature/ILSVRC2012_val_00024068.JPEG
26,SD1.5_first,424,GenImage_test/stable_diffusion_v_1_5/test/nature/ILSVRC2012_val_00029667.JPEG
26,SD1.5_first,425,GenImage_test/stable_diffusion_v_1_5/test/ai/689_sdv5_00003.png
26,SD1.5_first,426,GenImage_test/stable_diffusion_v_1_5/test/nature/ILSVRC2012_val_00012290.JPEG
26,SD1.5_first,427,GenImage_test/stable_diffusion_v_1_5/test/nature/ILSVRC2012_val_00025179.JPEG
26,SD1.5_first,428,GenImage_test/stable_diffusion_v_1_5/test/nature/ILSVRC2012_val_00041330.JPEG
26,SD1.5_first,429,GenImage_test/stable_diffusion_v_1_5/test/nature/ILSVRC2012_val_00015868.JPEG
26,SD1.5_first,430,GenImage_test/stable_diffusion_v_1_5/test/ai/467_sdv5_00020.png
26,SD1.5_first,431,GenImage_test/stable_diffusion_v_1_5/test/ai/840_sdv5_00100.png
27,SD1.5_first,432,GenImage_test/stable_diffusion_v_1_5/test/ai/271_sdv5_00020.png
27,SD1.5_first,433,GenImage_test/stable_diffusion_v_1_5/test/ai/779_sdv5_00003.png
27,SD1.5_first,434,GenImage_test/stable_diffusion_v_1_5/test/ai/734_sdv5_00135.png
27,SD1.5_first,435,GenImage_test/stable_diffusion_v_1_5/test/ai/478_sdv5_00195.png
27,SD1.5_first,436,GenImage_test/stable_diffusion_v_1_5/test/ai/327_sdv5_00100.png
27,SD1.5_first,437,GenImage_test/stable_diffusion_v_1_5/test/ai/431_sdv5_00027.png
27,SD1.5_first,438,GenImage_test/stable_diffusion_v_1_5/test/ai/559_sdv5_00009.png
27,SD1.5_first,439,GenImage_test/stable_diffusion_v_1_5/test/ai/653_sdv5_00020.png
27,SD1.5_first,440,GenImage_test/stable_diffusion_v_1_5/test/ai/721_sdv5_00135.png
27,SD1.5_first,441,GenImage_test/stable_diffusion_v_1_5/test/ai/439_sdv5_00020.png
27,SD1.5_first,442,GenImage_test/stable_diffusion_v_1_5/test/ai/026_sdv5_00100.png
27,SD1.5_first,443,GenImage_test/stable_diffusion_v_1_5/test/ai/463_sdv5_00009.png
27,SD1.5_first,444,GenImage_test/stable_diffusion_v_1_5/test/ai/638_sdv5_00100.png
27,SD1.5_first,445,GenImage_test/stable_diffusion_v_1_5/test/ai/976_sdv5_00003.png
27,SD1.5_first,446,GenImage_test/stable_diffusion_v_1_5/test/ai/548_sdv5_00027.png
27,SD1.5_first,447,GenImage_test/stable_diffusion_v_1_5/test/ai/440_sdv5_00020.png
28,BigGAN,448,GenImage_test/BigGAN/test/nature/ILSVRC2012_val_00038066.JPEG
28,BigGAN,449,GenImage_test/BigGAN/test/ai/164_biggan_00039.png
28,BigGAN,450,GenImage_test/BigGAN/test/ai/367_biggan_00143.png
28,BigGAN,451,GenImage_test/BigGAN/test/ai/327_biggan_00035.png
28,BigGAN,452,GenImage_test/BigGAN/test/ai/846_biggan_00127.png
28,BigGAN,453,GenImage_test/BigGAN/test/nature/ILSVRC2012_val_00029207.JPEG
28,BigGAN,454,GenImage_test/BigGAN/test/nature/ILSVRC2012_val_00039602.JPEG
28,BigGAN,455,GenImage_test/BigGAN/test/nature/ILSVRC2012_val_00031591.JPEG
28,BigGAN,456,GenImage_test/BigGAN/test/ai/191_biggan_00127.png
28,BigGAN,457,GenImage_test/BigGAN/test/nature/ILSVRC2012_val_00024416.JPEG
28,BigGAN,458,GenImage_test/BigGAN/test/nature/ILSVRC2012_val_00001017.JPEG
28,BigGAN,459,GenImage_test/BigGAN/test/ai/922_biggan_00020.png
28,BigGAN,460,GenImage_test/BigGAN/test/ai/885_biggan_00074.png
28,BigGAN,461,GenImage_test/BigGAN/test/ai/014_biggan_00020.png
28,BigGAN,462,GenImage_test/BigGAN/test/ai/378_biggan_00143.png
28,BigGAN,463,GenImage_test/BigGAN/test/ai/449_biggan_00074.png
29,BigGAN,464,GenImage_test/BigGAN/test/nature/ILSVRC2012_val_00043137.JPEG
29,BigGAN,465,GenImage_test/BigGAN/test/nature/ILSVRC2012_val_00000991.JPEG
29,BigGAN,466,GenImage_test/BigGAN/test/nature/ILSVRC2012_val_00038854.JPEG
29,BigGAN,467,GenImage_test/BigGAN/test/nature/ILSVRC2012_val_00019198.JPEG
29,BigGAN,468,GenImage_test/BigGAN/test/nature/ILSVRC2012_val_00045856.JPEG
29,BigGAN,469,GenImage_test/BigGAN/test/nature/ILSVRC2012_val_00049595.JPEG
29,BigGAN,470,GenImage_test/BigGAN/test/ai/320_biggan_00035.png
29,BigGAN,471,GenImage_test/BigGAN/test/nature/ILSVRC2012_val_00019763.JPEG
29,BigGAN,472,GenImage_test/BigGAN/test/ai/562_biggan_00127.png
29,BigGAN,473,GenImage_test/BigGAN/test/ai/478_biggan_00143.png
29,BigGAN,474,GenImage_test/BigGAN/test/ai/316_biggan_00127.png
29,BigGAN,475,GenImage_test/BigGAN/test/ai/835_biggan_00127.png
29,BigGAN,476,GenImage_test/BigGAN/test/nature/ILSVRC2012_val_00010782.JPEG
29,BigGAN,477,GenImage_test/BigGAN/test/ai/862_biggan_00074.png
29,BigGAN,478,GenImage_test/BigGAN/test/ai/586_biggan_00020.png
29,BigGAN,479,GenImage_test/BigGAN/test/nature/ILSVRC2012_val_00018146.JPEG
30,BigGAN,480,GenImage_test/BigGAN/test/ai/222_biggan_00074.png
30,BigGAN,481,GenImage_test/BigGAN/test/nature/ILSVRC2012_val_00037502.JPEG
30,BigGAN,482,GenImage_test/BigGAN/test/nature/ILSVRC2012_val_00036493.JPEG
30,BigGAN,483,GenImage_test/BigGAN/test/ai/166_biggan_00143.png
30,BigGAN,484,GenImage_test/BigGAN/test/nature/ILSVRC2012_val_00009553.JPEG
30,BigGAN,485,GenImage_test/BigGAN/test/ai/387_biggan_00074.png
30,BigGAN,486,GenImage_test/BigGAN/test/nature/ILSVRC2012_val_00019934.JPEG
30,BigGAN,487,GenImage_test/BigGAN/test/ai/459_biggan_00074.png
30,BigGAN,488,GenImage_test/BigGAN/test/ai/302_biggan_00074.png
30,BigGAN,489,GenImage_test/BigGAN/test/nature/ILSVRC2012_val_00045607.JPEG
30,BigGAN,490,GenImage_test/BigGAN/test/ai/233_biggan_00020.png
30,BigGAN,491,GenImage_test/BigGAN/test/nature/ILSVRC2012_val_00000297.JPEG
30,BigGAN,492,GenImage_test/BigGAN/test/nature/ILSVRC2012_val_00031144.JPEG
30,BigGAN,493,GenImage_test/BigGAN/test/ai/348_biggan_00143.png
30,BigGAN,494,GenImage_test/BigGAN/test/nature/ILSVRC2012_val_00007316.JPEG
30,BigGAN,495,GenImage_test/BigGAN/test/ai/641_biggan_00020.png
31,BigGAN,496,GenImage_test/BigGAN/test/nature/ILSVRC2012_val_00012847.JPEG
31,BigGAN,497,GenImage_test/BigGAN/test/nature/ILSVRC2012_val_00015217.JPEG
31,BigGAN,498,GenImage_test/BigGAN/test/ai/161_biggan_00035.png
31,BigGAN,499,GenImage_test/BigGAN/test/nature/ILSVRC2012_val_00006078.JPEG
31,BigGAN,500,GenImage_test/BigGAN/test/nature/ILSVRC2012_val_00014313.JPEG
31,BigGAN,501,GenImage_test/BigGAN/test/nature/ILSVRC2012_val_00023142.JPEG
31,BigGAN,502,GenImage_test/BigGAN/test/ai/741_biggan_00035.png
31,BigGAN,503,GenImage_test/BigGAN/test/ai/656_biggan_00143.png
31,BigGAN,504,GenImage_test/BigGAN/test/ai/535_biggan_00020.png
31,BigGAN,505,GenImage_test/BigGAN/test/nature/ILSVRC2012_val_00040016.JPEG
31,BigGAN,506,GenImage_test/BigGAN/test/ai/827_biggan_00127.png
31,BigGAN,507,GenImage_test/BigGAN/test/ai/944_biggan_00039.png
31,BigGAN,508,GenImage_test/BigGAN/test/nature/ILSVRC2012_val_00013850.JPEG
31,BigGAN,509,GenImage_test/BigGAN/test/nature/ILSVRC2012_val_00034587.JPEG
31,BigGAN,510,GenImage_test/BigGAN/test/ai/184_biggan_00039.png
31,BigGAN,511,GenImage_test/BigGAN/test/ai/055_biggan_00035.png
32,BigGAN,512,GenImage_test/BigGAN/test/ai/665_biggan_00127.png
32,BigGAN,513,GenImage_test/BigGAN/test/ai/851_biggan_00020.png
32,BigGAN,514,GenImage_test/BigGAN/test/ai/741_biggan_00074.png
32,BigGAN,515,GenImage_test/BigGAN/test/ai/902_biggan_00035.png
32,BigGAN,516,GenImage_test/BigGAN/test/nature/ILSVRC2012_val_00045065.JPEG
32,BigGAN,517,GenImage_test/BigGAN/test/nature/ILSVRC2012_val_00037660.JPEG
32,BigGAN,518,GenImage_test/BigGAN/test/ai/400_biggan_00035.png
32,BigGAN,519,GenImage_test/BigGAN/test/ai/909_biggan_00020.png
32,BigGAN,520,GenImage_test/BigGAN/test/ai/265_biggan_00039.png
32,BigGAN,521,GenImage_test/BigGAN/test/nature/ILSVRC2012_val_00041631.JPEG
32,BigGAN,522,GenImage_test/BigGAN/test/nature/ILSVRC2012_val_00043899.JPEG
32,BigGAN,523,GenImage_test/BigGAN/test/ai/199_biggan_00074.png
32,BigGAN,524,GenImage_test/BigGAN/test/ai/608_biggan_00020.png
32,BigGAN,525,GenImage_test/BigGAN/test/nature/ILSVRC2012_val_00028473.JPEG
32,BigGAN,526,GenImage_test/BigGAN/test/nature/ILSVRC2012_val_00044858.JPEG
32,BigGAN,527,GenImage_test/BigGAN/test/ai/048_biggan_00039.png
33,BigGAN,528,GenImage_test/BigGAN/test/nature/ILSVRC2012_val_00025673.JPEG
33,BigGAN,529,GenImage_test/BigGAN/test/ai/333_biggan_00127.png
33,BigGAN,530,GenImage_test/BigGAN/test/ai/510_biggan_00039.png
33,BigGAN,531,GenImage_test/BigGAN/test/ai/820_biggan_00020.png
33,BigGAN,532,GenImage_test/BigGAN/test/nature/ILSVRC2012_val_00045721.JPEG
33,BigGAN,533,GenImage_test/BigGAN/test/ai/901_biggan_00074.png
33,BigGAN,534,GenImage_test/BigGAN/test/ai/381_biggan_00035.png
33,BigGAN,535,GenImage_test/BigGAN/test/nature/ILSVRC2012_val_00016180.JPEG
33,BigGAN,536,GenImage_test/BigGAN/test/ai/039_biggan_00127.png
33,BigGAN,537,GenImage_test/BigGAN/test/nature/ILSVRC2012_val_00016953.JPEG
33,BigGAN,538,GenImage_test/BigGAN/test/ai/869_biggan_00039.png
33,BigGAN,539,GenImage_test/BigGAN/test/nature/ILSVRC2012_val_00023231.JPEG
33,BigGAN,540,GenImage_test/BigGAN/test/ai/901_biggan_00020.png
33,BigGAN,541,GenImage_test/BigGAN/test/ai/857_biggan_00127.png
33,BigGAN,542,GenImage_test/BigGAN/test/nature/ILSVRC2012_val_00012797.JPEG
33,BigGAN,543,GenImage_test/BigGAN/test/nature/ILSVRC2012_val_00020142.JPEG
34,BigGAN,544,GenImage_test/BigGAN/test/nature/ILSVRC2012_val_00018068.JPEG
34,BigGAN,545,GenImage_test/BigGAN/test/ai/181_biggan_00074.png
34,BigGAN,546,GenImage_test/BigGAN/test/nature/ILSVRC2012_val_00005016.JPEG
34,BigGAN,547,GenImage_test/BigGAN/test/nature/ILSVRC2012_val_00012228.JPEG
34,BigGAN,548,GenImage_test/BigGAN/test/nature/ILSVRC2012_val_00010858.JPEG
34,BigGAN,549,GenImage_test/BigGAN/test/nature/ILSVRC2012_val_00039441.JPEG
34,BigGAN,550,GenImage_test/BigGAN/test/ai/915_biggan_00020.png
34,BigGAN,551,GenImage_test/BigGAN/test/nature/ILSVRC2012_val_00002572.JPEG
34,BigGAN,552,GenImage_test/BigGAN/test/ai/495_biggan_00143.png
34,BigGAN,553,GenImage_test/BigGAN/test/nature/ILSVRC2012_val_00011823.JPEG
34,BigGAN,554,GenImage_test/BigGAN/test/nature/ILSVRC2012_val_00046393.JPEG
34,BigGAN,555,GenImage_test/BigGAN/test/nature/ILSVRC2012_val_00010609.JPEG
34,BigGAN,556,GenImage_test/BigGAN/test/nature/ILSVRC2012_val_00045707.JPEG
34,BigGAN,557,GenImage_test/BigGAN/test/ai/611_biggan_00127.png
34,BigGAN,558,GenImage_test/BigGAN/test/ai/270_biggan_00020.png
34,BigGAN,559,GenImage_test/BigGAN/test/nature/ILSVRC2012_val_00003323.JPEG
35,BigGAN,560,GenImage_test/BigGAN/test/nature/ILSVRC2012_val_00016960.JPEG
35,BigGAN,561,GenImage_test/BigGAN/test/nature/ILSVRC2012_val_00009692.JPEG
35,BigGAN,562,GenImage_test/BigGAN/test/nature/ILSVRC2012_val_00002277.JPEG
35,BigGAN,563,GenImage_test/BigGAN/test/ai/810_biggan_00039.png
35,BigGAN,564,GenImage_test/BigGAN/test/nature/ILSVRC2012_val_00046457.JPEG
35,BigGAN,565,GenImage_test/BigGAN/test/nature/ILSVRC2012_val_00019315.JPEG
35,BigGAN,566,GenImage_test/BigGAN/test/nature/ILSVRC2012_val_00031022.JPEG
35,BigGAN,567,GenImage_test/BigGAN/test/nature/ILSVRC2012_val_00038359.JPEG
35,BigGAN,568,GenImage_test/BigGAN/test/nature/ILSVRC2012_val_00004409.JPEG
35,BigGAN,569,GenImage_test/BigGAN/test/ai/103_biggan_00074.png
35,BigGAN,570,GenImage_test/BigGAN/test/ai/688_biggan_00127.png
35,BigGAN,571,GenImage_test/BigGAN/test/ai/703_biggan_00020.png
35,BigGAN,572,GenImage_test/BigGAN/test/nature/ILSVRC2012_val_00012553.JPEG
35,BigGAN,573,GenImage_test/BigGAN/test/ai/257_biggan_00020.png
35,BigGAN,574,GenImage_test/BigGAN/test/ai/542_biggan_00020.png
35,BigGAN,575,GenImage_test/BigGAN/test/nature/ILSVRC2012_val_00028493.JPEG
36,BigGAN,576,GenImage_test/BigGAN/test/ai/728_biggan_00127.png
36,BigGAN,577,GenImage_test/BigGAN/test/ai/973_biggan_00074.png
36,BigGAN,578,GenImage_test/BigGAN/test/nature/ILSVRC2012_val_00016141.JPEG
36,BigGAN,579,GenImage_test/BigGAN/test/nature/ILSVRC2012_val_00049169.JPEG
36,BigGAN,580,GenImage_test/BigGAN/test/nature/ILSVRC2012_val_00004704.JPEG
36,BigGAN,581,GenImage_test/BigGAN/test/nature/ILSVRC2012_val_00037707.JPEG
36,BigGAN,582,GenImage_test/BigGAN/test/nature/ILSVRC2012_val_00044059.JPEG
36,BigGAN,583,GenImage_test/BigGAN/test/ai/787_biggan_00074.png
36,BigGAN,584,GenImage_test/BigGAN/test/nature/ILSVRC2012_val_00023190.JPEG
36,BigGAN,585,GenImage_test/BigGAN/test/nature/ILSVRC2012_val_00042267.JPEG
36,BigGAN,586,GenImage_test/BigGAN/test/nature/ILSVRC2012_val_00004517.JPEG
36,BigGAN,587,GenImage_test/BigGAN/test/nature/ILSVRC2012_val_00029375.JPEG
36,BigGAN,588,GenImage_test/BigGAN/test/ai/638_biggan_00020.png
36,BigGAN,589,GenImage_test/BigGAN/test/nature/ILSVRC2012_val_00030228.JPEG
36,BigGAN,590,GenImage_test/BigGAN/test/nature/ILSVRC2012_val_00022698.JPEG
36,BigGAN,591,GenImage_test/BigGAN/test/nature/ILSVRC2012_val_00037035.JPEG
37,BigGAN,592,GenImage_test/BigGAN/test/ai/720_biggan_00035.png
37,BigGAN,593,GenImage_test/BigGAN/test/ai/694_biggan_00143.png
37,BigGAN,594,GenImage_test/BigGAN/test/ai/791_biggan_00127.png
37,BigGAN,595,GenImage_test/BigGAN/test/nature/ILSVRC2012_val_00033514.JPEG
37,BigGAN,596,GenImage_test/BigGAN/test/nature/ILSVRC2012_val_00044633.JPEG
37,BigGAN,597,GenImage_test/BigGAN/test/ai/716_biggan_00074.png
37,BigGAN,598,GenImage_test/BigGAN/test/ai/570_biggan_00074.png
37,BigGAN,599,GenImage_test/BigGAN/test/nature/ILSVRC2012_val_00044134.JPEG
37,BigGAN,600,GenImage_test/BigGAN/test/nature/ILSVRC2012_val_00010122.JPEG
37,BigGAN,601,GenImage_test/BigGAN/test/nature/ILSVRC2012_val_00024213.JPEG
37,BigGAN,602,GenImage_test/BigGAN/test/nature/ILSVRC2012_val_00037948.JPEG
37,BigGAN,603,GenImage_test/BigGAN/test/ai/866_biggan_00035.png
37,BigGAN,604,GenImage_test/BigGAN/test/ai/336_biggan_00127.png
37,BigGAN,605,GenImage_test/BigGAN/test/ai/234_biggan_00035.png
37,BigGAN,606,GenImage_test/BigGAN/test/nature/ILSVRC2012_val_00046544.JPEG
37,BigGAN,607,GenImage_test/BigGAN/test/ai/839_biggan_00035.png
38,BigGAN,608,GenImage_test/BigGAN/test/nature/ILSVRC2012_val_00040108.JPEG
38,BigGAN,609,GenImage_test/BigGAN/test/nature/ILSVRC2012_val_00020951.JPEG
38,BigGAN,610,GenImage_test/BigGAN/test/ai/576_biggan_00020.png
38,BigGAN,611,GenImage_test/BigGAN/test/ai/076_biggan_00143.png
38,BigGAN,612,GenImage_test/BigGAN/test/nature/ILSVRC2012_val_00026242.JPEG
38,BigGAN,613,GenImage_test/BigGAN/test/ai/715_biggan_00039.png
38,BigGAN,614,GenImage_test/BigGAN/test/nature/ILSVRC2012_val_00013581.JPEG
38,BigGAN,615,GenImage_test/BigGAN/test/nature/ILSVRC2012_val_00017231.JPEG
38,BigGAN,616,GenImage_test/BigGAN/test/ai/371_biggan_00039.png
38,BigGAN,617,GenImage_test/BigGAN/test/ai/045_biggan_00143.png
38,BigGAN,618,GenImage_test/BigGAN/test/ai/549_biggan_00143.png
38,BigGAN,619,GenImage_test/BigGAN/test/nature/ILSVRC2012_val_00028811.JPEG
38,BigGAN,620,GenImage_test/BigGAN/test/nature/ILSVRC2012_val_00039444.JPEG
38,BigGAN,621,GenImage_test/BigGAN/test/nature/ILSVRC2012_val_00043262.JPEG
38,BigGAN,622,GenImage_test/BigGAN/test/ai/059_biggan_00074.png
38,BigGAN,623,GenImage_test/BigGAN/test/ai/195_biggan_00020.png
39,BigGAN,624,GenImage_test/BigGAN/test/nature/ILSVRC2012_val_00005873.JPEG
39,BigGAN,625,GenImage_test/BigGAN/test/ai/158_biggan_00039.png
39,BigGAN,626,GenImage_test/BigGAN/test/ai/268_biggan_00020.png
39,BigGAN,627,GenImage_test/BigGAN/test/nature/ILSVRC2012_val_00035009.JPEG
39,BigGAN,628,GenImage_test/BigGAN/test/nature/ILSVRC2012_val_00037013.JPEG
39,BigGAN,629,GenImage_test/BigGAN/test/ai/407_biggan_00035.png
39,BigGAN,630,GenImage_test/BigGAN/test/nature/ILSVRC2012_val_00022383.JPEG
39,BigGAN,631,GenImage_test/BigGAN/test/ai/655_biggan_00127.png
39,BigGAN,632,GenImage_test/BigGAN/test/ai/673_biggan_00035.png
39,BigGAN,633,GenImage_test/BigGAN/test/nature/ILSVRC2012_val_00048608.JPEG
39,BigGAN,634,GenImage_test/BigGAN/test/nature/ILSVRC2012_val_00033590.JPEG
39,BigGAN,635,GenImage_test/BigGAN/test/nature/ILSVRC2012_val_00025035.JPEG
39,BigGAN,636,GenImage_test/BigGAN/test/ai/872_biggan_00074.png
39,BigGAN,637,GenImage_test/BigGAN/test/nature/ILSVRC2012_val_00042662.JPEG
39,BigGAN,638,GenImage_test/BigGAN/test/nature/ILSVRC2012_val_00032694.JPEG
39,BigGAN,639,GenImage_test/BigGAN/test/ai/541_biggan_00035.png
40,BigGAN,640,GenImage_test/BigGAN/test/nature/ILSVRC2012_val_00000827.JPEG
40,BigGAN,641,GenImage_test/BigGAN/test/nature/ILSVRC2012_val_00000176.JPEG
40,BigGAN,642,GenImage_test/BigGAN/test/ai/107_biggan_00035.png
40,BigGAN,643,GenImage_test/BigGAN/test/nature/ILSVRC2012_val_00044168.JPEG
40,BigGAN,644,GenImage_test/BigGAN/test/ai/457_biggan_00143.png
40,BigGAN,645,GenImage_test/BigGAN/test/ai/748_biggan_00143.png
40,BigGAN,646,GenImage_test/BigGAN/test/ai/781_biggan_00127.png
40,BigGAN,647,GenImage_test/BigGAN/test/nature/ILSVRC2012_val_00007733.JPEG
40,BigGAN,648,GenImage_test/BigGAN/test/nature/ILSVRC2012_val_00028806.JPEG
40,BigGAN,649,GenImage_test/BigGAN/test/ai/344_biggan_00020.png
40,BigGAN,650,GenImage_test/BigGAN/test/ai/868_biggan_00035.png
40,BigGAN,651,GenImage_test/BigGAN/test/ai/367_biggan_00074.png
40,BigGAN,652,GenImage_test/BigGAN/test/ai/882_biggan_00127.png
40,BigGAN,653,GenImage_test/BigGAN/test/ai/213_biggan_00020.png
40,BigGAN,654,GenImage_test/BigGAN/test/nature/ILSVRC2012_val_00023261.JPEG
40,BigGAN,655,GenImage_test/BigGAN/test/nature/ILSVRC2012_val_00029446.JPEG
41,BigGAN,656,GenImage_test/BigGAN/test/nature/ILSVRC2012_val_00021666.JPEG
41,BigGAN,657,GenImage_test/BigGAN/test/ai/153_biggan_00127.png
41,BigGAN,658,GenImage_test/BigGAN/test/nature/ILSVRC2012_val_00036811.JPEG
41,BigGAN,659,GenImage_test/BigGAN/test/ai/529_biggan_00035.png
41,BigGAN,660,GenImage_test/BigGAN/test/nature/ILSVRC2012_val_00046947.JPEG
41,BigGAN,661,GenImage_test/BigGAN/test/ai/811_biggan_00020.png
41,BigGAN,662,GenImage_test/BigGAN/test/nature/ILSVRC2012_val_00044014.JPEG
41,BigGAN,663,GenImage_test/BigGAN/test/ai/489_biggan_00127.png
41,BigGAN,664,GenImage_test/BigGAN/test/ai/953_biggan_00035.png
41,BigGAN,665,GenImage_test/BigGAN/test/nature/ILSVRC2012_val_00036568.JPEG
41,BigGAN,666,GenImage_test/BigGAN/test/ai/391_biggan_00127.png
41,BigGAN,667,GenImage_test/BigGAN/test/nature/ILSVRC2012_val_00045561.JPEG
41,BigGAN,668,GenImage_test/BigGAN/test/nature/ILSVRC2012_val_00005972.JPEG
41,BigGAN,669,GenImage_test/BigGAN/test/nature/ILSVRC2012_val_00030394.JPEG
41,BigGAN,670,GenImage_test/BigGAN/test/nature/ILSVRC2012_val_00013735.JPEG
41,BigGAN,671,GenImage_test/BigGAN/test/nature/ILSVRC2012_val_00033957.JPEG
42,BigGAN,672,GenImage_test/BigGAN/test/ai/114_biggan_00020.png
42,BigGAN,673,GenImage_test/BigGAN/test/nature/ILSVRC2012_val_00045431.JPEG
42,BigGAN,674,GenImage_test/BigGAN/test/ai/574_biggan_00127.png
42,BigGAN,675,GenImage_test/BigGAN/test/nature/ILSVRC2012_val_00023651.JPEG
42,BigGAN,676,GenImage_test/BigGAN/test/ai/396_biggan_00127.png
42,BigGAN,677,GenImage_test/BigGAN/test/ai/495_biggan_00035.png
42,BigGAN,678,GenImage_test/BigGAN/test/nature/ILSVRC2012_val_00041360.JPEG
42,BigGAN,679,GenImage_test/BigGAN/test/ai/945_biggan_00143.png
42,BigGAN,680,GenImage_test/BigGAN/test/ai/494_biggan_00143.png
42,BigGAN,681,GenImage_test/BigGAN/test/nature/ILSVRC2012_val_00047154.JPEG
42,BigGAN,682,GenImage_test/BigGAN/test/nature/ILSVRC2012_val_00024169.JPEG
42,BigGAN,683,GenImage_test/BigGAN/test/ai/751_biggan_00143.png
42,BigGAN,684,GenImage_test/BigGAN/test/nature/ILSVRC2012_val_00043495.JPEG
42,BigGAN,685,GenImage_test/BigGAN/test/ai/971_biggan_00074.png
42,BigGAN,686,GenImage_test/BigGAN/test/nature/ILSVRC2012_val_00027151.JPEG
42,BigGAN,687,GenImage_test/BigGAN/test/nature/ILSVRC2012_val_00009348.JPEG
43,BigGAN,688,GenImage_test/BigGAN/test/ai/109_biggan_00143.png
43,BigGAN,689,GenImage_test/BigGAN/test/ai/951_biggan_00039.png
43,BigGAN,690,GenImage_test/BigGAN/test/nature/ILSVRC2012_val_00022098.JPEG
43,BigGAN,691,GenImage_test/BigGAN/test/ai/031_biggan_00143.png
43,BigGAN,692,GenImage_test/BigGAN/test/nature/ILSVRC2012_val_00026969.JPEG
43,BigGAN,693,GenImage_test/BigGAN/test/ai/724_biggan_00127.png
43,BigGAN,694,GenImage_test/BigGAN/test/nature/ILSVRC2012_val_00034292.JPEG
43,BigGAN,695,GenImage_test/BigGAN/test/ai/228_biggan_00035.png
43,BigGAN,696,GenImage_test/BigGAN/test/ai/652_biggan_00020.png
43,BigGAN,697,GenImage_test/BigGAN/test/nature/ILSVRC2012_val_00029566.JPEG
43,BigGAN,698,GenImage_test/BigGAN/test/nature/ILSVRC2012_val_00040782.JPEG
43,BigGAN,699,GenImage_test/BigGAN/test/nature/ILSVRC2012_val_00047739.JPEG
43,BigGAN,700,GenImage_test/BigGAN/test/ai/399_biggan_00035.png
43,BigGAN,701,GenImage_test/BigGAN/test/ai/395_biggan_00035.png
43,BigGAN,702,GenImage_test/BigGAN/test/ai/666_biggan_00127.png
43,BigGAN,703,GenImage_test/BigGAN/test/nature/ILSVRC2012_val_00032757.JPEG
44,BigGAN,704,GenImage_test/BigGAN/test/nature/ILSVRC2012_val_00002403.JPEG
44,BigGAN,705,GenImage_test/BigGAN/test/ai/442_biggan_00127.png
44,BigGAN,706,GenImage_test/BigGAN/test/ai/585_biggan_00035.png
44,BigGAN,707,GenImage_test/BigGAN/test/nature/ILSVRC2012_val_00034229.JPEG
44,BigGAN,708,GenImage_test/BigGAN/test/ai/757_biggan_00074.png
44,BigGAN,709,GenImage_test/BigGAN/test/nature/ILSVRC2012_val_00018249.JPEG
44,BigGAN,710,GenImage_test/BigGAN/test/nature/ILSVRC2012_val_00020162.JPEG
44,BigGAN,711,GenImage_test/BigGAN/test/ai/951_biggan_00035.png
44,BigGAN,712,GenImage_test/BigGAN/test/ai/860_biggan_00143.png
44,BigGAN,713,GenImage_test/BigGAN/test/nature/ILSVRC2012_val_00025871.JPEG
44,BigGAN,714,GenImage_test/BigGAN/test/nature/ILSVRC2012_val_00016708.JPEG
44,BigGAN,715,GenImage_test/BigGAN/test/ai/588_biggan_00035.png
44,BigGAN,716,GenImage_test/BigGAN/test/ai/310_biggan_00039.png
44,BigGAN,717,GenImage_test/BigGAN/test/ai/752_biggan_00127.png
44,BigGAN,718,GenImage_test/BigGAN/test/nature/ILSVRC2012_val_00019346.JPEG
44,BigGAN,719,GenImage_test/BigGAN/test/nature/ILSVRC2012_val_00005722.JPEG
45,BigGAN,720,GenImage_test/BigGAN/test/ai/112_biggan_00039.png
45,BigGAN,721,GenImage_test/BigGAN/test/ai/080_biggan_00035.png
45,BigGAN,722,GenImage_test/BigGAN/test/nature/ILSVRC2012_val_00004916.JPEG
45,BigGAN,723,GenImage_test/BigGAN/test/ai/078_biggan_00020.png
45,BigGAN,724,GenImage_test/BigGAN/test/ai/325_biggan_00035.png
45,BigGAN,725,GenImage_test/BigGAN/test/ai/819_biggan_00039.png
45,BigGAN,726,GenImage_test/BigGAN/test/nature/ILSVRC2012_val_00029086.JPEG
45,BigGAN,727,GenImage_test/BigGAN/test/nature/ILSVRC2012_val_00043153.JPEG
45,BigGAN,728,GenImage_test/BigGAN/test/nature/ILSVRC2012_val_00001308.JPEG
45,BigGAN,729,GenImage_test/BigGAN/test/nature/ILSVRC2012_val_00048841.JPEG
45,BigGAN,730,GenImage_test/BigGAN/test/ai/762_biggan_00074.png
45,BigGAN,731,GenImage_test/BigGAN/test/ai/354_biggan_00039.png
45,BigGAN,732,GenImage_test/BigGAN/test/ai/768_biggan_00074.png
45,BigGAN,733,GenImage_test/BigGAN/test/ai/466_biggan_00035.png
45,BigGAN,734,GenImage_test/BigGAN/test/nature/ILSVRC2012_val_00028159.JPEG
45,BigGAN,735,GenImage_test/BigGAN/test/ai/163_biggan_00074.png
46,BigGAN,736,GenImage_test/BigGAN/test/ai/935_biggan_00039.png
46,BigGAN,737,GenImage_test/BigGAN/test/ai/154_biggan_00127.png
46,BigGAN,738,GenImage_test/BigGAN/test/nature/ILSVRC2012_val_00040269.JPEG
46,BigGAN,739,GenImage_test/BigGAN/test/ai/852_biggan_00127.png
46,BigGAN,740,GenImage_test/BigGAN/test/nature/ILSVRC2012_val_00029062.JPEG
46,BigGAN,741,GenImage_test/BigGAN/test/ai/302_biggan_00039.png
46,BigGAN,742,GenImage_test/BigGAN/test/nature/ILSVRC2012_val_00010983.JPEG
46,BigGAN,743,GenImage_test/BigGAN/test/nature/ILSVRC2012_val_00022548.JPEG
46,BigGAN,744,GenImage_test/BigGAN/test/nature/ILSVRC2012_val_00006629.JPEG
46,BigGAN,745,GenImage_test/BigGAN/test/nature/ILSVRC2012_val_00045449.JPEG
46,BigGAN,746,GenImage_test/BigGAN/test/nature/ILSVRC2012_val_00047400.JPEG
46,BigGAN,747,GenImage_test/BigGAN/test/nature/ILSVRC2012_val_00041234.JPEG
46,BigGAN,748,GenImage_test/BigGAN/test/ai/402_biggan_00035.png
46,BigGAN,749,GenImage_test/BigGAN/test/nature/ILSVRC2012_val_00003182.JPEG
46,BigGAN,750,GenImage_test/BigGAN/test/nature/ILSVRC2012_val_00025292.JPEG
46,BigGAN,751,GenImage_test/BigGAN/test/ai/126_biggan_00035.png
47,BigGAN,752,GenImage_test/BigGAN/test/nature/ILSVRC2012_val_00041427.JPEG
47,BigGAN,753,GenImage_test/BigGAN/test/nature/ILSVRC2012_val_00015631.JPEG
47,BigGAN,754,GenImage_test/BigGAN/test/ai/399_biggan_00020.png
47,BigGAN,755,GenImage_test/BigGAN/test/ai/838_biggan_00127.png
47,BigGAN,756,GenImage_test/BigGAN/test/ai/164_biggan_00143.png
47,BigGAN,757,GenImage_test/BigGAN/test/nature/ILSVRC2012_val_00000783.JPEG
47,BigGAN,758,GenImage_test/BigGAN/test/ai/725_biggan_00074.png
47,BigGAN,759,GenImage_test/BigGAN/test/ai/693_biggan_00020.png
47,BigGAN,760,GenImage_test/BigGAN/test/nature/ILSVRC2012_val_00012707.JPEG
47,BigGAN,761,GenImage_test/BigGAN/test/nature/ILSVRC2012_val_00020689.JPEG
47,BigGAN,762,GenImage_test/BigGAN/test/ai/944_biggan_00127.png
47,BigGAN,763,GenImage_test/BigGAN/test/ai/227_biggan_00074.png
47,BigGAN,764,GenImage_test/BigGAN/test/nature/ILSVRC2012_val_00017435.JPEG
47,BigGAN,765,GenImage_test/BigGAN/test/ai/245_biggan_00020.png
47,BigGAN,766,GenImage_test/BigGAN/test/nature/ILSVRC2012_val_00004410.JPEG
47,BigGAN,767,GenImage_test/BigGAN/test/ai/299_biggan_00035.png
48,BigGAN,768,GenImage_test/BigGAN/test/ai/512_biggan_00143.png
48,BigGAN,769,GenImage_test/BigGAN/test/ai/485_biggan_00020.png
48,BigGAN,770,GenImage_test/BigGAN/test/nature/ILSVRC2012_val_00041597.JPEG
48,BigGAN,771,GenImage_test/BigGAN/test/ai/367_biggan_00039.png
48,BigGAN,772,GenImage_test/BigGAN/test/nature/ILSVRC2012_val_00023598.JPEG
48,BigGAN,773,GenImage_test/BigGAN/test/nature/ILSVRC2012_val_00032358.JPEG
48,BigGAN,774,GenImage_test/BigGAN/test/ai/917_biggan_00074.png
48,BigGAN,775,GenImage_test/BigGAN/test/nature/ILSVRC2012_val_00038193.JPEG
48,BigGAN,776,GenImage_test/BigGAN/test/ai/006_biggan_00074.png
48,BigGAN,777,GenImage_test/BigGAN/test/nature/ILSVRC2012_val_00006246.JPEG
48,BigGAN,778,GenImage_test/BigGAN/test/nature/ILSVRC2012_val_00027122.JPEG
48,BigGAN,779,GenImage_test/BigGAN/test/ai/376_biggan_00127.png
48,BigGAN,780,GenImage_test/BigGAN/test/ai/227_biggan_00039.png
48,BigGAN,781,GenImage_test/BigGAN/test/ai/972_biggan_00039.png
48,BigGAN,782,GenImage_test/BigGAN/test/nature/ILSVRC2012_val_00030654.JPEG
48,BigGAN,783,GenImage_test/BigGAN/test/nature/ILSVRC2012_val_00036873.JPEG
49,BigGAN,784,GenImage_test/BigGAN/test/nature/ILSVRC2012_val_00006260.JPEG
49,BigGAN,785,GenImage_test/BigGAN/test/nature/ILSVRC2012_val_00034269.JPEG
49,BigGAN,786,GenImage_test/BigGAN/test/ai/870_biggan_00035.png
49,BigGAN,787,GenImage_test/BigGAN/test/nature/ILSVRC2012_val_00016900.JPEG
49,BigGAN,788,GenImage_test/BigGAN/test/nature/ILSVRC2012_val_00041016.JPEG
49,BigGAN,789,GenImage_test/BigGAN/test/nature/ILSVRC2012_val_00041657.JPEG
49,BigGAN,790,GenImage_test/BigGAN/test/nature/ILSVRC2012_val_00040820.JPEG
49,BigGAN,791,GenImage_test/BigGAN/test/ai/317_biggan_00020.png
49,BigGAN,792,GenImage_test/BigGAN/test/nature/ILSVRC2012_val_00028263.JPEG
49,BigGAN,793,GenImage_test/BigGAN/test/nature/ILSVRC2012_val_00009928.JPEG
49,BigGAN,794,GenImage_test/BigGAN/test/nature/ILSVRC2012_val_00008906.JPEG
49,BigGAN,795,GenImage_test/BigGAN/test/ai/026_biggan_00020.png
49,BigGAN,796,GenImage_test/BigGAN/test/ai/151_biggan_00127.png
49,BigGAN,797,GenImage_test/BigGAN/test/ai/451_biggan_00039.png
49,BigGAN,798,GenImage_test/BigGAN/test/ai/460_biggan_00035.png
49,BigGAN,799,GenImage_test/BigGAN/test/ai/749_biggan_00143.png
50,BigGAN,800,GenImage_test/BigGAN/test/ai/303_biggan_00127.png
50,BigGAN,801,GenImage_test/BigGAN/test/ai/929_biggan_00143.png
50,BigGAN,802,GenImage_test/BigGAN/test/ai/702_biggan_00127.png
50,BigGAN,803,GenImage_test/BigGAN/test/nature/ILSVRC2012_val_00015995.JPEG
50,BigGAN,804,GenImage_test/BigGAN/test/nature/ILSVRC2012_val_00030909.JPEG
50,BigGAN,805,GenImage_test/BigGAN/test/ai/496_biggan_00035.png
50,BigGAN,806,GenImage_test/BigGAN/test/nature/ILSVRC2012_val_00013238.JPEG
50,BigGAN,807,GenImage_test/BigGAN/test/nature/ILSVRC2012_val_00019826.JPEG
50,BigGAN,808,GenImage_test/BigGAN/test/nature/ILSVRC2012_val_00044347.JPEG
50,BigGAN,809,GenImage_test/BigGAN/test/ai/564_biggan_00039.png
50,BigGAN,810,GenImage_test/BigGAN/test/nature/ILSVRC2012_val_00020815.JPEG
50,BigGAN,811,GenImage_test/BigGAN/test/nature/ILSVRC2012_val_00043172.JPEG
50,BigGAN,812,GenImage_test/BigGAN/test/ai/078_biggan_00039.png
50,BigGAN,813,GenImage_test/BigGAN/test/nature/ILSVRC2012_val_00031340.JPEG
50,BigGAN,814,GenImage_test/BigGAN/test/nature/ILSVRC2012_val_00002209.JPEG
50,BigGAN,815,GenImage_test/BigGAN/test/nature/ILSVRC2012_val_00011359.JPEG
51,BigGAN,816,GenImage_test/BigGAN/test/ai/223_biggan_00127.png
51,BigGAN,817,GenImage_test/BigGAN/test/nature/ILSVRC2012_val_00011672.JPEG
51,BigGAN,818,GenImage_test/BigGAN/test/ai/711_biggan_00127.png
51,BigGAN,819,GenImage_test/BigGAN/test/nature/ILSVRC2012_val_00005849.JPEG
51,BigGAN,820,GenImage_test/BigGAN/test/ai/679_biggan_00127.png
51,BigGAN,821,GenImage_test/BigGAN/test/ai/170_biggan_00074.png
51,BigGAN,822,GenImage_test/BigGAN/test/ai/189_biggan_00035.png
51,BigGAN,823,GenImage_test/BigGAN/test/ai/973_biggan_00020.png
51,BigGAN,824,GenImage_test/BigGAN/test/ai/950_biggan_00143.png
51,BigGAN,825,GenImage_test/BigGAN/test/ai/247_biggan_00020.png
51,BigGAN,826,GenImage_test/BigGAN/test/nature/ILSVRC2012_val_00027103.JPEG
51,BigGAN,827,GenImage_test/BigGAN/test/nature/ILSVRC2012_val_00031229.JPEG
51,BigGAN,828,GenImage_test/BigGAN/test/ai/148_biggan_00020.png
51,BigGAN,829,GenImage_test/BigGAN/test/ai/304_biggan_00039.png
51,BigGAN,830,GenImage_test/BigGAN/test/ai/337_biggan_00127.png
51,BigGAN,831,GenImage_test/BigGAN/test/ai/812_biggan_00143.png
52,BigGAN,832,GenImage_test/BigGAN/test/nature/ILSVRC2012_val_00034094.JPEG
52,BigGAN,833,GenImage_test/BigGAN/test/ai/545_biggan_00020.png
52,BigGAN,834,GenImage_test/BigGAN/test/ai/236_biggan_00143.png
52,BigGAN,835,GenImage_test/BigGAN/test/ai/849_biggan_00143.png
52,BigGAN,836,GenImage_test/BigGAN/test/nature/ILSVRC2012_val_00007578.JPEG
52,BigGAN,837,GenImage_test/BigGAN/test/nature/ILSVRC2012_val_00040586.JPEG
52,BigGAN,838,GenImage_test/BigGAN/test/nature/ILSVRC2012_val_00049815.JPEG
52,BigGAN,839,GenImage_test/BigGAN/test/nature/ILSVRC2012_val_00022019.JPEG
52,BigGAN,840,GenImage_test/BigGAN/test/nature/ILSVRC2012_val_00033301.JPEG
52,BigGAN,841,GenImage_test/BigGAN/test/ai/162_biggan_00039.png
52,BigGAN,842,GenImage_test/BigGAN/test/nature/ILSVRC2012_val_00046418.JPEG
52,BigGAN,843,GenImage_test/BigGAN/test/ai/329_biggan_00143.png
52,BigGAN,844,GenImage_test/BigGAN/test/nature/ILSVRC2012_val_00048691.JPEG
52,BigGAN,845,GenImage_test/BigGAN/test/nature/ILSVRC2012_val_00009931.JPEG
52,BigGAN,846,GenImage_test/BigGAN/test/nature/ILSVRC2012_val_00035850.JPEG
52,BigGAN,847,GenImage_test/BigGAN/test/ai/310_biggan_00127.png
53,BigGAN,848,GenImage_test/BigGAN/test/nature/ILSVRC2012_val_00048678.JPEG
53,BigGAN,849,GenImage_test/BigGAN/test/nature/ILSVRC2012_val_00043652.JPEG
53,BigGAN,850,GenImage_test/BigGAN/test/nature/ILSVRC2012_val_00010762.JPEG
53,BigGAN,851,GenImage_test/BigGAN/test/nature/ILSVRC2012_val_00038514.JPEG
53,BigGAN,852,GenImage_test/BigGAN/test/ai/266_biggan_00020.png
53,BigGAN,853,GenImage_test/BigGAN/test/nature/ILSVRC2012_val_00032384.JPEG
53,BigGAN,854,GenImage_test/BigGAN/test/nature/ILSVRC2012_val_00037410.JPEG
53,BigGAN,855,GenImage_test/BigGAN/test/ai/856_biggan_00127.png
53,BigGAN,856,GenImage_test/BigGAN/test/ai/502_biggan_00143.png
53,BigGAN,857,GenImage_test/BigGAN/test/ai/165_biggan_00035.png
53,BigGAN,858,GenImage_test/BigGAN/test/ai/746_biggan_00127.png
53,BigGAN,859,GenImage_test/BigGAN/test/nature/ILSVRC2012_val_00003633.JPEG
53,BigGAN,860,GenImage_test/BigGAN/test/nature/ILSVRC2012_val_00015967.JPEG
53,BigGAN,861,GenImage_test/BigGAN/test/nature/ILSVRC2012_val_00041486.JPEG
53,BigGAN,862,GenImage_test/BigGAN/test/nature/ILSVRC2012_val_00049380.JPEG
53,BigGAN,863,GenImage_test/BigGAN/test/nature/ILSVRC2012_val_00006363.JPEG
54,BigGAN,864,GenImage_test/BigGAN/test/ai/713_biggan_00020.png
54,BigGAN,865,GenImage_test/BigGAN/test/nature/ILSVRC2012_val_00028626.JPEG
54,BigGAN,866,GenImage_test/BigGAN/test/ai/429_biggan_00039.png
54,BigGAN,867,GenImage_test/BigGAN/test/nature/ILSVRC2012_val_00048881.JPEG
54,BigGAN,868,GenImage_test/BigGAN/test/ai/430_biggan_00074.png
54,BigGAN,869,GenImage_test/BigGAN/test/nature/ILSVRC2012_val_00012739.JPEG
54,BigGAN,870,GenImage_test/BigGAN/test/nature/ILSVRC2012_val_00004662.JPEG
54,BigGAN,871,GenImage_test/BigGAN/test/ai/691_biggan_00039.png
54,BigGAN,872,GenImage_test/BigGAN/test/ai/098_biggan_00020.png
54,BigGAN,873,GenImage_test/BigGAN/test/nature/ILSVRC2012_val_00022347.JPEG
54,BigGAN,874,GenImage_test/BigGAN/test/nature/ILSVRC2012_val_00014587.JPEG
54,BigGAN,875,GenImage_test/BigGAN/test/ai/637_biggan_00127.png
54,BigGAN,876,GenImage_test/BigGAN/test/nature/ILSVRC2012_val_00021043.JPEG
54,BigGAN,877,GenImage_test/BigGAN/test/nature/ILSVRC2012_val_00047501.JPEG
54,BigGAN,878,GenImage_test/BigGAN/test/ai/702_biggan_00035.png
54,BigGAN,879,GenImage_test/BigGAN/test/ai/111_biggan_00020.png
55,BigGAN,880,GenImage_test/BigGAN/test/ai/769_biggan_00074.png
55,BigGAN,881,GenImage_test/BigGAN/test/ai/082_biggan_00143.png
55,BigGAN,882,GenImage_test/BigGAN/test/ai/901_biggan_00143.png
55,BigGAN,883,GenImage_test/BigGAN/test/ai/383_biggan_00143.png
55,BigGAN,884,GenImage_test/BigGAN/test/ai/077_biggan_00143.png
55,BigGAN,885,GenImage_test/BigGAN/test/ai/294_biggan_00074.png
55,BigGAN,886,GenImage_test/BigGAN/test/ai/375_biggan_00039.png
55,BigGAN,887,GenImage_test/BigGAN/test/ai/546_biggan_00143.png
55,BigGAN,888,GenImage_test/BigGAN/test/ai/082_biggan_00039.png
55,BigGAN,889,GenImage_test/BigGAN/test/ai/517_biggan_00020.png
55,BigGAN,890,GenImage_test/BigGAN/test/ai/779_biggan_00039.png
55,BigGAN,891,GenImage_test/BigGAN/test/ai/179_biggan_00143.png
55,BigGAN,892,GenImage_test/BigGAN/test/ai/676_biggan_00074.png
55,BigGAN,893,GenImage_test/BigGAN/test/ai/170_biggan_00039.png
55,BigGAN,894,GenImage_test/BigGAN/test/ai/320_biggan_00143.png
55,BigGAN,895,GenImage_test/BigGAN/test/ai/540_biggan_00143.png
56,ADM,896,GenImage_test/ADM/test/nature/ILSVRC2012_val_00031435.JPEG
56,ADM,897,GenImage_test/ADM/test/ai/4_adm_174.PNG
56,ADM,898,GenImage_test/ADM/test/nature/ILSVRC2012_val_00049111.JPEG
56,ADM,899,GenImage_test/ADM/test/nature/ILSVRC2012_val_00021596.JPEG
56,ADM,900,GenImage_test/ADM/test/ai/850_adm_153.PNG
56,ADM,901,GenImage_test/ADM/test/nature/ILSVRC2012_val_00007186.JPEG
56,ADM,902,GenImage_test/ADM/test/nature/ILSVRC2012_val_00003352.JPEG
56,ADM,903,GenImage_test/ADM/test/nature/ILSVRC2012_val_00044130.JPEG
56,ADM,904,GenImage_test/ADM/test/ai/148_adm_153.PNG
56,ADM,905,GenImage_test/ADM/test/ai/890_adm_174.PNG
56,ADM,906,GenImage_test/ADM/test/ai/560_adm_153.PNG
56,ADM,907,GenImage_test/ADM/test/nature/ILSVRC2012_val_00040957.JPEG
56,ADM,908,GenImage_test/ADM/test/ai/861_adm_91.PNG
56,ADM,909,GenImage_test/ADM/test/nature/ILSVRC2012_val_00015907.JPEG
56,ADM,910,GenImage_test/ADM/test/ai/16_adm_91.PNG
56,ADM,911,GenImage_test/ADM/test/nature/ILSVRC2012_val_00029750.JPEG
57,ADM,912,GenImage_test/ADM/test/ai/599_adm_153.PNG
57,ADM,913,GenImage_test/ADM/test/nature/ILSVRC2012_val_00019156.JPEG
57,ADM,914,GenImage_test/ADM/test/nature/ILSVRC2012_val_00041119.JPEG
57,ADM,915,GenImage_test/ADM/test/ai/180_adm_174.PNG
57,ADM,916,GenImage_test/ADM/test/ai/606_adm_153.PNG
57,ADM,917,GenImage_test/ADM/test/ai/911_adm_153.PNG
57,ADM,918,GenImage_test/ADM/test/ai/824_adm_7.PNG
57,ADM,919,GenImage_test/ADM/test/ai/583_adm_85.PNG
57,ADM,920,GenImage_test/ADM/test/nature/ILSVRC2012_val_00014969.JPEG
57,ADM,921,GenImage_test/ADM/test/nature/ILSVRC2012_val_00024127.JPEG
57,ADM,922,GenImage_test/ADM/test/nature/ILSVRC2012_val_00001297.JPEG
57,ADM,923,GenImage_test/ADM/test/nature/ILSVRC2012_val_00027860.JPEG
57,ADM,924,GenImage_test/ADM/test/nature/ILSVRC2012_val_00024383.JPEG
57,ADM,925,GenImage_test/ADM/test/ai/602_adm_91.PNG
57,ADM,926,GenImage_test/ADM/test/nature/ILSVRC2012_val_00048516.JPEG
57,ADM,927,GenImage_test/ADM/test/nature/ILSVRC2012_val_00018678.JPEG
58,ADM,928,GenImage_test/ADM/test/nature/ILSVRC2012_val_00001422.JPEG
58,ADM,929,GenImage_test/ADM/test/nature/ILSVRC2012_val_00037574.JPEG
58,ADM,930,GenImage_test/ADM/test/nature/ILSVRC2012_val_00018853.JPEG
58,ADM,931,GenImage_test/ADM/test/ai/248_adm_7.PNG
58,ADM,932,GenImage_test/ADM/test/ai/18_adm_7.PNG
58,ADM,933,GenImage_test/ADM/test/ai/221_adm_85.PNG
58,ADM,934,GenImage_test/ADM/test/ai/737_adm_174.PNG
58,ADM,935,GenImage_test/ADM/test/ai/324_adm_85.PNG
58,ADM,936,GenImage_test/ADM/test/ai/720_adm_91.PNG
58,ADM,937,GenImage_test/ADM/test/ai/218_adm_174.PNG
58,ADM,938,GenImage_test/ADM/test/nature/ILSVRC2012_val_00032179.JPEG
58,ADM,939,GenImage_test/ADM/test/nature/ILSVRC2012_val_00027987.JPEG
58,ADM,940,GenImage_test/ADM/test/nature/ILSVRC2012_val_00026736.JPEG
58,ADM,941,GenImage_test/ADM/test/nature/ILSVRC2012_val_00041369.JPEG
58,ADM,942,GenImage_test/ADM/test/ai/999_adm_153.PNG
58,ADM,943,GenImage_test/ADM/test/nature/ILSVRC2012_val_00045285.JPEG
59,ADM,944,GenImage_test/ADM/test/nature/ILSVRC2012_val_00038784.JPEG
59,ADM,945,GenImage_test/ADM/test/ai/972_adm_91.PNG
59,ADM,946,GenImage_test/ADM/test/nature/ILSVRC2012_val_00049984.JPEG
59,ADM,947,GenImage_test/ADM/test/ai/439_adm_153.PNG
59,ADM,948,GenImage_test/ADM/test/nature/ILSVRC2012_val_00015251.JPEG
59,ADM,949,GenImage_test/ADM/test/nature/ILSVRC2012_val_00018791.JPEG
59,ADM,950,GenImage_test/ADM/test/nature/ILSVRC2012_val_00031151.JPEG
59,ADM,951,GenImage_test/ADM/test/nature/ILSVRC2012_val_00021143.JPEG
59,ADM,952,GenImage_test/ADM/test/nature/ILSVRC2012_val_00005081.JPEG
59,ADM,953,GenImage_test/ADM/test/ai/74_adm_153.PNG
59,ADM,954,GenImage_test/ADM/test/ai/678_adm_34.PNG
59,ADM,955,GenImage_test/ADM/test/nature/ILSVRC2012_val_00013523.JPEG
59,ADM,956,GenImage_test/ADM/test/ai/933_adm_153.PNG
59,ADM,957,GenImage_test/ADM/test/nature/ILSVRC2012_val_00023770.JPEG
59,ADM,958,GenImage_test/ADM/test/nature/ILSVRC2012_val_00030947.JPEG
59,ADM,959,GenImage_test/ADM/test/ai/752_adm_85.PNG
60,ADM,960,GenImage_test/ADM/test/nature/ILSVRC2012_val_00033710.JPEG
60,ADM,961,GenImage_test/ADM/test/ai/7_adm_34.PNG
60,ADM,962,GenImage_test/ADM/test/ai/813_adm_174.PNG
60,ADM,963,GenImage_test/ADM/test/nature/ILSVRC2012_val_00016474.JPEG
60,ADM,964,GenImage_test/ADM/test/nature/ILSVRC2012_val_00004595.JPEG
60,ADM,965,GenImage_test/ADM/test/nature/ILSVRC2012_val_00031842.JPEG
60,ADM,966,GenImage_test/ADM/test/ai/894_adm_85.PNG
60,ADM,967,GenImage_test/ADM/test/ai/457_adm_174.PNG
60,ADM,968,GenImage_test/ADM/test/nature/ILSVRC2012_val_00013220.JPEG
60,ADM,969,GenImage_test/ADM/test/nature/ILSVRC2012_val_00005008.JPEG
60,ADM,970,GenImage_test/ADM/test/ai/842_adm_153.PNG
60,ADM,971,GenImage_test/ADM/test/nature/ILSVRC2012_val_00015665.JPEG
60,ADM,972,GenImage_test/ADM/test/ai/808_adm_174.PNG
60,ADM,973,GenImage_test/ADM/test/ai/157_adm_7.PNG
60,ADM,974,GenImage_test/ADM/test/nature/ILSVRC2012_val_00039106.JPEG
60,ADM,975,GenImage_test/ADM/test/nature/ILSVRC2012_val_00007278.JPEG
61,ADM,976,GenImage_test/ADM/test/ai/763_adm_153.PNG
61,ADM,977,GenImage_test/ADM/test/ai/718_adm_7.PNG
61,ADM,978,GenImage_test/ADM/test/ai/55_adm_153.PNG
61,ADM,979,GenImage_test/ADM/test/nature/ILSVRC2012_val_00018204.JPEG
61,ADM,980,GenImage_test/ADM/test/nature/ILSVRC2012_val_00029680.JPEG
61,ADM,981,GenImage_test/ADM/test/nature/ILSVRC2012_val_00007889.JPEG
61,ADM,982,GenImage_test/ADM/test/ai/155_adm_174.PNG
61,ADM,983,GenImage_test/ADM/test/ai/434_adm_91.PNG
61,ADM,984,GenImage_test/ADM/test/nature/ILSVRC2012_val_00045926.JPEG
61,ADM,985,GenImage_test/ADM/test/ai/539_adm_153.PNG
61,ADM,986,GenImage_test/ADM/test/nature/ILSVRC2012_val_00044809.JPEG
61,ADM,987,GenImage_test/ADM/test/nature/ILSVRC2012_val_00040316.JPEG
61,ADM,988,GenImage_test/ADM/test/ai/560_adm_7.PNG
61,ADM,989,GenImage_test/ADM/test/ai/685_adm_174.PNG
61,ADM,990,GenImage_test/ADM/test/nature/ILSVRC2012_val_00010688.JPEG
61,ADM,991,GenImage_test/ADM/test/nature/ILSVRC2012_val_00045264.JPEG
62,ADM,992,GenImage_test/ADM/test/ai/99_adm_153.PNG
62,ADM,993,GenImage_test/ADM/test/ai/493_adm_174.PNG
62,ADM,994,GenImage_test/ADM/test/nature/ILSVRC2012_val_00033511.JPEG
62,ADM,995,GenImage_test/ADM/test/nature/ILSVRC2012_val_00041663.JPEG
62,ADM,996,GenImage_test/ADM/test/ai/934_adm_7.PNG
62,ADM,997,GenImage_test/ADM/test/nature/ILSVRC2012_val_00049291.JPEG
62,ADM,998,GenImage_test/ADM/test/ai/49_adm_85.PNG
62,ADM,999,GenImage_test/ADM/test/ai/751_adm_34.PNG
62,ADM,1000,GenImage_test/ADM/test/nature/ILSVRC2012_val_00048303.JPEG
62,ADM,1001,GenImage_test/ADM/test/ai/727_adm_153.PNG
62,ADM,1002,GenImage_test/ADM/test/nature/ILSVRC2012_val_00004526.JPEG
62,ADM,1003,GenImage_test/ADM/test/nature/ILSVRC2012_val_00007538.JPEG
62,ADM,1004,GenImage_test/ADM/test/ai/315_adm_34.PNG
62,ADM,1005,GenImage_test/ADM/test/nature/ILSVRC2012_val_00006650.JPEG
62,ADM,1006,GenImage_test/ADM/test/ai/210_adm_85.PNG
62,ADM,1007,GenImage_test/ADM/test/ai/207_adm_153.PNG
63,ADM,1008,GenImage_test/ADM/test/ai/728_adm_153.PNG
63,ADM,1009,GenImage_test/ADM/test/ai/661_adm_34.PNG
63,ADM,1010,GenImage_test/ADM/test/nature/ILSVRC2012_val_00045455.JPEG
63,ADM,1011,GenImage_test/ADM/test/ai/784_adm_153.PNG
63,ADM,1012,GenImage_test/ADM/test/nature/ILSVRC2012_val_00016443.JPEG
63,ADM,1013,GenImage_test/ADM/test/nature/ILSVRC2012_val_00005143.JPEG
63,ADM,1014,GenImage_test/ADM/test/ai/47_adm_7.PNG
63,ADM,1015,GenImage_test/ADM/test/nature/ILSVRC2012_val_00037589.JPEG
63,ADM,1016,GenImage_test/ADM/test/nature/ILSVRC2012_val_00022685.JPEG
63,ADM,1017,GenImage_test/ADM/test/ai/41_adm_7.PNG
63,ADM,1018,GenImage_test/ADM/test/nature/ILSVRC2012_val_00001904.JPEG
63,ADM,1019,GenImage_test/ADM/test/nature/ILSVRC2012_val_00044454.JPEG
63,ADM,1020,GenImage_test/ADM/test/nature/ILSVRC2012_val_00034934.JPEG
63,ADM,1021,GenImage_test/ADM/test/ai/350_adm_153.PNG
63,ADM,1022,GenImage_test/ADM/test/ai/306_adm_153.PNG
63,ADM,1023,GenImage_test/ADM/test/ai/592_adm_85.PNG
64,ADM,1024,GenImage_test/ADM/test/ai/359_adm_174.PNG
64,ADM,1025,GenImage_test/ADM/test/nature/ILSVRC2012_val_00020264.JPEG
64,ADM,1026,GenImage_test/ADM/test/nature/ILSVRC2012_val_00047124.JPEG
64,ADM,1027,GenImage_test/ADM/test/ai/969_adm_91.PNG
64,ADM,1028,GenImage_test/ADM/test/nature/ILSVRC2012_val_00029120.JPEG
64,ADM,1029,GenImage_test/ADM/test/nature/ILSVRC2012_val_00017016.JPEG
64,ADM,1030,GenImage_test/ADM/test/nature/ILSVRC2012_val_00038157.JPEG
64,ADM,1031,GenImage_test/ADM/test/nature/ILSVRC2012_val_00041563.JPEG
64,ADM,1032,GenImage_test/ADM/test/ai/686_adm_7.PNG
64,ADM,1033,GenImage_test/ADM/test/nature/ILSVRC2012_val_00023608.JPEG
64,ADM,1034,GenImage_test/ADM/test/nature/ILSVRC2012_val_00023202.JPEG
64,ADM,1035,GenImage_test/ADM/test/ai/83_adm_153.PNG
64,ADM,1036,GenImage_test/ADM/test/ai/166_adm_7.PNG
64,ADM,1037,GenImage_test/ADM/test/ai/464_adm_34.PNG
64,ADM,1038,GenImage_test/ADM/test/ai/835_adm_174.PNG
64,ADM,1039,GenImage_test/ADM/test/ai/470_adm_174.PNG
65,ADM,1040,GenImage_test/ADM/test/ai/550_adm_153.PNG
65,ADM,1041,GenImage_test/ADM/test/ai/15_adm_153.PNG
65,ADM,1042,GenImage_test/ADM/test/ai/9_adm_91.PNG
65,ADM,1043,GenImage_test/ADM/test/nature/ILSVRC2012_val_00043012.JPEG
65,ADM,1044,GenImage_test/ADM/test/ai/583_adm_7.PNG
65,ADM,1045,GenImage_test/ADM/test/ai/759_adm_85.PNG
65,ADM,1046,GenImage_test/ADM/test/ai/838_adm_85.PNG
65,ADM,1047,GenImage_test/ADM/test/nature/ILSVRC2012_val_00001084.JPEG
65,ADM,1048,GenImage_test/ADM/test/nature/ILSVRC2012_val_00043664.JPEG
65,ADM,1049,GenImage_test/ADM/test/nature/ILSVRC2012_val_00015538.JPEG
65,ADM,1050,GenImage_test/ADM/test/ai/367_adm_174.PNG
65,ADM,1051,GenImage_test/ADM/test/ai/286_adm_174.PNG
65,ADM,1052,GenImage_test/ADM/test/nature/ILSVRC2012_val_00001822.JPEG
65,ADM,1053,GenImage_test/ADM/test/ai/565_adm_34.PNG
65,ADM,1054,GenImage_test/ADM/test/ai/33_adm_34.PNG
65,ADM,1055,GenImage_test/ADM/test/ai/481_adm_174.PNG
66,ADM,1056,GenImage_test/ADM/test/nature/ILSVRC2012_val_00004401.JPEG
66,ADM,1057,GenImage_test/ADM/test/nature/ILSVRC2012_val_00009395.JPEG
66,ADM,1058,GenImage_test/ADM/test/nature/ILSVRC2012_val_00031580.JPEG
66,ADM,1059,GenImage_test/ADM/test/nature/ILSVRC2012_val_00046080.JPEG
66,ADM,1060,GenImage_test/ADM/test/ai/572_adm_153.PNG
66,ADM,1061,GenImage_test/ADM/test/ai/52_adm_7.PNG
66,ADM,1062,GenImage_test/ADM/test/nature/ILSVRC2012_val_00047246.JPEG
66,ADM,1063,GenImage_test/ADM/test/ai/529_adm_7.PNG
66,ADM,1064,GenImage_test/ADM/test/nature/ILSVRC2012_val_00035266.JPEG
66,ADM,1065,GenImage_test/ADM/test/ai/997_adm_34.PNG
66,ADM,1066,GenImage_test/ADM/test/ai/972_adm_7.PNG
66,ADM,1067,GenImage_test/ADM/test/nature/ILSVRC2012_val_00046213.JPEG
66,ADM,1068,GenImage_test/ADM/test/ai/760_adm_7.PNG
66,ADM,1069,GenImage_test/ADM/test/nature/ILSVRC2012_val_00020839.JPEG
66,ADM,1070,GenImage_test/ADM/test/ai/20_adm_174.PNG
66,ADM,1071,GenImage_test/ADM/test/nature/ILSVRC2012_val_00026148.JPEG
67,ADM,1072,GenImage_test/ADM/test/ai/438_adm_7.PNG
67,ADM,1073,GenImage_test/ADM/test/ai/65_adm_91.PNG
67,ADM,1074,GenImage_test/ADM/test/ai/786_adm_34.PNG
67,ADM,1075,GenImage_test/ADM/test/ai/874_adm_34.PNG
67,ADM,1076,GenImage_test/ADM/test/ai/400_adm_174.PNG
67,ADM,1077,GenImage_test/ADM/test/ai/538_adm_85.PNG
67,ADM,1078,GenImage_test/ADM/test/ai/515_adm_91.PNG
67,ADM,1079,GenImage_test/ADM/test/ai/85_adm_174.PNG
67,ADM,1080,GenImage_test/ADM/test/ai/539_adm_174.PNG
67,ADM,1081,GenImage_test/ADM/test/nature/ILSVRC2012_val_00025629.JPEG
67,ADM,1082,GenImage_test/ADM/test/nature/ILSVRC2012_val_00028665.JPEG
67,ADM,1083,GenImage_test/ADM/test/ai/22_adm_91.PNG
67,ADM,1084,GenImage_test/ADM/test/ai/770_adm_85.PNG
67,ADM,1085,GenImage_test/ADM/test/ai/761_adm_34.PNG
67,ADM,1086,GenImage_test/ADM/test/nature/ILSVRC2012_val_00011390.JPEG
67,ADM,1087,GenImage_test/ADM/test/nature/ILSVRC2012_val_00008833.JPEG
68,ADM,1088,GenImage_test/ADM/test/nature/ILSVRC2012_val_00021927.JPEG
68,ADM,1089,GenImage_test/ADM/test/nature/ILSVRC2012_val_00022904.JPEG
68,ADM,1090,GenImage_test/ADM/test/ai/738_adm_34.PNG
68,ADM,1091,GenImage_test/ADM/test/nature/ILSVRC2012_val_00042102.JPEG
68,ADM,1092,GenImage_test/ADM/test/ai/483_adm_34.PNG
68,ADM,1093,GenImage_test/ADM/test/ai/940_adm_85.PNG
68,ADM,1094,GenImage_test/ADM/test/nature/ILSVRC2012_val_00025576.JPEG
68,ADM,1095,GenImage_test/ADM/test/ai/545_adm_91.PNG
68,ADM,1096,GenImage_test/ADM/test/nature/ILSVRC2012_val_00010364.JPEG
68,ADM,1097,GenImage_test/ADM/test/nature/ILSVRC2012_val_00000175.JPEG
68,ADM,1098,GenImage_test/ADM/test/ai/632_adm_34.PNG
68,ADM,1099,GenImage_test/ADM/test/nature/ILSVRC2012_val_00033910.JPEG
68,ADM,1100,GenImage_test/ADM/test/nature/ILSVRC2012_val_00001219.JPEG
68,ADM,1101,GenImage_test/ADM/test/nature/ILSVRC2012_val_00020487.JPEG
68,ADM,1102,GenImage_test/ADM/test/ai/227_adm_153.PNG
68,ADM,1103,GenImage_test/ADM/test/ai/659_adm_34.PNG
69,ADM,1104,GenImage_test/ADM/test/nature/ILSVRC2012_val_00025842.JPEG
69,ADM,1105,GenImage_test/ADM/test/nature/ILSVRC2012_val_00020229.JPEG
69,ADM,1106,GenImage_test/ADM/test/ai/162_adm_34.PNG
69,ADM,1107,GenImage_test/ADM/test/ai/693_adm_174.PNG
69,ADM,1108,GenImage_test/ADM/test/nature/ILSVRC2012_val_00022624.JPEG
69,ADM,1109,GenImage_test/ADM/test/ai/759_adm_174.PNG
69,ADM,1110,GenImage_test/ADM/test/ai/163_adm_153.PNG
69,ADM,1111,GenImage_test/ADM/test/ai/168_adm_174.PNG
69,ADM,1112,GenImage_test/ADM/test/ai/522_adm_85.PNG
69,ADM,1113,GenImage_test/ADM/test/nature/ILSVRC2012_val_00022454.JPEG
69,ADM,1114,GenImage_test/ADM/test/nature/ILSVRC2012_val_00031013.JPEG
69,ADM,1115,GenImage_test/ADM/test/ai/623_adm_34.PNG
69,ADM,1116,GenImage_test/ADM/test/ai/426_adm_7.PNG
69,ADM,1117,GenImage_test/ADM/test/nature/ILSVRC2012_val_00034418.JPEG
69,ADM,1118,GenImage_test/ADM/test/nature/ILSVRC2012_val_00009818.JPEG
69,ADM,1119,GenImage_test/ADM/test/nature/ILSVRC2012_val_00021163.JPEG
70,ADM,1120,GenImage_test/ADM/test/nature/ILSVRC2012_val_00006012.JPEG
70,ADM,1121,GenImage_test/ADM/test/ai/754_adm_34.PNG
70,ADM,1122,GenImage_test/ADM/test/ai/188_adm_174.PNG
70,ADM,1123,GenImage_test/ADM/test/ai/590_adm_153.PNG
70,ADM,1124,GenImage_test/ADM/test/ai/725_adm_153.PNG
70,ADM,1125,GenImage_test/ADM/test/nature/ILSVRC2012_val_00016076.JPEG
70,ADM,1126,GenImage_test/ADM/test/ai/126_adm_7.PNG
70,ADM,1127,GenImage_test/ADM/test/nature/ILSVRC2012_val_00001262.JPEG
70,ADM,1128,GenImage_test/ADM/test/nature/ILSVRC2012_val_00046042.JPEG
70,ADM,1129,GenImage_test/ADM/test/nature/ILSVRC2012_val_00000059.JPEG
70,ADM,1130,GenImage_test/ADM/test/nature/ILSVRC2012_val_00046316.JPEG
70,ADM,1131,GenImage_test/ADM/test/nature/ILSVRC2012_val_00011197.JPEG
70,ADM,1132,GenImage_test/ADM/test/ai/506_adm_34.PNG
70,ADM,1133,GenImage_test/ADM/test/nature/ILSVRC2012_val_00044525.JPEG
70,ADM,1134,GenImage_test/ADM/test/ai/208_adm_174.PNG
70,ADM,1135,GenImage_test/ADM/test/ai/986_adm_85.PNG
71,ADM,1136,GenImage_test/ADM/test/ai/143_adm_91.PNG
71,ADM,1137,GenImage_test/ADM/test/nature/ILSVRC2012_val_00043322.JPEG
71,ADM,1138,GenImage_test/ADM/test/ai/240_adm_153.PNG
71,ADM,1139,GenImage_test/ADM/test/ai/963_adm_85.PNG
71,ADM,1140,GenImage_test/ADM/test/ai/426_adm_34.PNG
71,ADM,1141,GenImage_test/ADM/test/nature/ILSVRC2012_val_00022185.JPEG
71,ADM,1142,GenImage_test/ADM/test/ai/48_adm_85.PNG
71,ADM,1143,GenImage_test/ADM/test/ai/279_adm_7.PNG
71,ADM,1144,GenImage_test/ADM/test/nature/ILSVRC2012_val_00023661.JPEG
71,ADM,1145,GenImage_test/ADM/test/nature/ILSVRC2012_val_00019981.JPEG
71,ADM,1146,GenImage_test/ADM/test/nature/ILSVRC2012_val_00007724.JPEG
71,ADM,1147,GenImage_test/ADM/test/nature/ILSVRC2012_val_00004231.JPEG
71,ADM,1148,GenImage_test/ADM/test/ai/947_adm_91.PNG
71,ADM,1149,GenImage_test/ADM/test/nature/ILSVRC2012_val_00019904.JPEG
71,ADM,1150,GenImage_test/ADM/test/ai/517_adm_34.PNG
71,ADM,1151,GenImage_test/ADM/test/nature/ILSVRC2012_val_00046894.JPEG
72,ADM,1152,GenImage_test/ADM/test/nature/ILSVRC2012_val_00018749.JPEG
72,ADM,1153,GenImage_test/ADM/test/nature/ILSVRC2012_val_00023375.JPEG
72,ADM,1154,GenImage_test/ADM/test/nature/ILSVRC2012_val_00027288.JPEG
72,ADM,1155,GenImage_test/ADM/test/ai/974_adm_174.PNG
72,ADM,1156,GenImage_test/ADM/test/nature/ILSVRC2012_val_00030009.JPEG
72,ADM,1157,GenImage_test/ADM/test/ai/362_adm_34.PNG
72,ADM,1158,GenImage_test/ADM/test/ai/684_adm_7.PNG
72,ADM,1159,GenImage_test/ADM/test/nature/ILSVRC2012_val_00003256.JPEG
72,ADM,1160,GenImage_test/ADM/test/ai/483_adm_85.PNG
72,ADM,1161,GenImage_test/ADM/test/nature/ILSVRC2012_val_00010700.JPEG
72,ADM,1162,GenImage_test/ADM/test/nature/ILSVRC2012_val_00042322.JPEG
72,ADM,1163,GenImage_test/ADM/test/ai/924_adm_34.PNG
72,ADM,1164,GenImage_test/ADM/test/nature/ILSVRC2012_val_00002128.JPEG
72,ADM,1165,GenImage_test/ADM/test/nature/ILSVRC2012_val_00035757.JPEG
72,ADM,1166,GenImage_test/ADM/test/ai/527_adm_85.PNG
72,ADM,1167,GenImage_test/ADM/test/ai/36_adm_153.PNG
73,ADM,1168,GenImage_test/ADM/test/nature/ILSVRC2012_val_00002621.JPEG
73,ADM,1169,GenImage_test/ADM/test/nature/ILSVRC2012_val_00024890.JPEG
73,ADM,1170,GenImage_test/ADM/test/ai/385_adm_174.PNG
73,ADM,1171,GenImage_test/ADM/test/ai/925_adm_91.PNG
73,ADM,1172,GenImage_test/ADM/test/nature/ILSVRC2012_val_00022354.JPEG
73,ADM,1173,GenImage_test/ADM/test/ai/213_adm_153.PNG
73,ADM,1174,GenImage_test/ADM/test/ai/691_adm_85.PNG
73,ADM,1175,GenImage_test/ADM/test/ai/91_adm_153.PNG
73,ADM,1176,GenImage_test/ADM/test/ai/833_adm_174.PNG
73,ADM,1177,GenImage_test/ADM/test/nature/ILSVRC2012_val_00048840.JPEG
73,ADM,1178,GenImage_test/ADM/test/ai/106_adm_34.PNG
73,ADM,1179,GenImage_test/ADM/test/ai/735_adm_34.PNG
73,ADM,1180,GenImage_test/ADM/test/ai/571_adm_91.PNG
73,ADM,1181,GenImage_test/ADM/test/nature/ILSVRC2012_val_00029753.JPEG
73,ADM,1182,GenImage_test/ADM/test/ai/161_adm_153.PNG
73,ADM,1183,GenImage_test/ADM/test/nature/ILSVRC2012_val_00024290.JPEG
74,ADM,1184,GenImage_test/ADM/test/nature/ILSVRC2012_val_00026376.JPEG
74,ADM,1185,GenImage_test/ADM/test/nature/ILSVRC2012_val_00047452.JPEG
74,ADM,1186,GenImage_test/ADM/test/nature/ILSVRC2012_val_00027544.JPEG
74,ADM,1187,GenImage_test/ADM/test/ai/716_adm_7.PNG
74,ADM,1188,GenImage_test/ADM/test/ai/509_adm_7.PNG
74,ADM,1189,GenImage_test/ADM/test/ai/544_adm_91.PNG
74,ADM,1190,GenImage_test/ADM/test/ai/429_adm_7.PNG
74,ADM,1191,GenImage_test/ADM/test/ai/262_adm_153.PNG
74,ADM,1192,GenImage_test/ADM/test/nature/ILSVRC2012_val_00042478.JPEG
74,ADM,1193,GenImage_test/ADM/test/nature/ILSVRC2012_val_00014068.JPEG
74,ADM,1194,GenImage_test/ADM/test/nature/ILSVRC2012_val_00006514.JPEG
74,ADM,1195,GenImage_test/ADM/test/nature/ILSVRC2012_val_00004441.JPEG
74,ADM,1196,GenImage_test/ADM/test/ai/197_adm_85.PNG
74,ADM,1197,GenImage_test/ADM/test/ai/733_adm_174.PNG
74,ADM,1198,GenImage_test/ADM/test/nature/ILSVRC2012_val_00024156.JPEG
74,ADM,1199,GenImage_test/ADM/test/nature/ILSVRC2012_val_00019859.JPEG
75,ADM,1200,GenImage_test/ADM/test/nature/ILSVRC2012_val_00046620.JPEG
75,ADM,1201,GenImage_test/ADM/test/nature/ILSVRC2012_val_00042394.JPEG
75,ADM,1202,GenImage_test/ADM/test/nature/ILSVRC2012_val_00042753.JPEG
75,ADM,1203,GenImage_test/ADM/test/ai/144_adm_174.PNG
75,ADM,1204,GenImage_test/ADM/test/ai/254_adm_85.PNG
75,ADM,1205,GenImage_test/ADM/test/nature/ILSVRC2012_val_00001019.JPEG
75,ADM,1206,GenImage_test/ADM/test/ai/239_adm_153.PNG
75,ADM,1207,GenImage_test/ADM/test/nature/ILSVRC2012_val_00031280.JPEG
75,ADM,1208,GenImage_test/ADM/test/ai/40_adm_7.PNG
75,ADM,1209,GenImage_test/ADM/test/nature/ILSVRC2012_val_00018396.JPEG
75,ADM,1210,GenImage_test/ADM/test/nature/ILSVRC2012_val_00019892.JPEG
75,ADM,1211,GenImage_test/ADM/test/ai/96_adm_85.PNG
75,ADM,1212,GenImage_test/ADM/test/ai/915_adm_91.PNG
75,ADM,1213,GenImage_test/ADM/test/nature/ILSVRC2012_val_00047670.JPEG
75,ADM,1214,GenImage_test/ADM/test/nature/ILSVRC2012_val_00031038.JPEG
75,ADM,1215,GenImage_test/ADM/test/nature/ILSVRC2012_val_00036236.JPEG
76,ADM,1216,GenImage_test/ADM/test/ai/667_adm_91.PNG
76,ADM,1217,GenImage_test/ADM/test/ai/772_adm_153.PNG
76,ADM,1218,GenImage_test/ADM/test/nature/ILSVRC2012_val_00049055.JPEG
76,ADM,1219,GenImage_test/ADM/test/ai/249_adm_7.PNG
76,ADM,1220,GenImage_test/ADM/test/nature/ILSVRC2012_val_00012445.JPEG
76,ADM,1221,GenImage_test/ADM/test/nature/ILSVRC2012_val_00010339.JPEG
76,ADM,1222,GenImage_test/ADM/test/ai/853_adm_85.PNG
76,ADM,1223,GenImage_test/ADM/test/ai/470_adm_34.PNG
76,ADM,1224,GenImage_test/ADM/test/nature/ILSVRC2012_val_00013262.JPEG
76,ADM,1225,GenImage_test/ADM/test/ai/512_adm_85.PNG
76,ADM,1226,GenImage_test/ADM/test/ai/249_adm_174.PNG
76,ADM,1227,GenImage_test/ADM/test/nature/ILSVRC2012_val_00029275.JPEG
76,ADM,1228,GenImage_test/ADM/test/ai/487_adm_174.PNG
76,ADM,1229,GenImage_test/ADM/test/nature/ILSVRC2012_val_00034669.JPEG
76,ADM,1230,GenImage_test/ADM/test/ai/568_adm_7.PNG
76,ADM,1231,GenImage_test/ADM/test/nature/ILSVRC2012_val_00004059.JPEG
77,ADM,1232,GenImage_test/ADM/test/nature/ILSVRC2012_val_00028117.JPEG
77,ADM,1233,GenImage_test/ADM/test/nature/ILSVRC2012_val_00004381.JPEG
77,ADM,1234,GenImage_test/ADM/test/ai/28_adm_7.PNG
77,ADM,1235,GenImage_test/ADM/test/ai/996_adm_7.PNG
77,ADM,1236,GenImage_test/ADM/test/nature/ILSVRC2012_val_00047415.JPEG
77,ADM,1237,GenImage_test/ADM/test/nature/ILSVRC2012_val_00039249.JPEG
77,ADM,1238,GenImage_test/ADM/test/nature/ILSVRC2012_val_00010030.JPEG
77,ADM,1239,GenImage_test/ADM/test/ai/554_adm_7.PNG
77,ADM,1240,GenImage_test/ADM/test/ai/295_adm_7.PNG
77,ADM,1241,GenImage_test/ADM/test/ai/695_adm_153.PNG
77,ADM,1242,GenImage_test/ADM/test/ai/436_adm_153.PNG
77,ADM,1243,GenImage_test/ADM/test/nature/ILSVRC2012_val_00041132.JPEG
77,ADM,1244,GenImage_test/ADM/test/nature/ILSVRC2012_val_00042643.JPEG
77,ADM,1245,GenImage_test/ADM/test/ai/754_adm_91.PNG
77,ADM,1246,GenImage_test/ADM/test/ai/661_adm_153.PNG
77,ADM,1247,GenImage_test/ADM/test/ai/582_adm_7.PNG
78,ADM,1248,GenImage_test/ADM/test/nature/ILSVRC2012_val_00016620.JPEG
78,ADM,1249,GenImage_test/ADM/test/nature/ILSVRC2012_val_00028642.JPEG
78,ADM,1250,GenImage_test/ADM/test/nature/ILSVRC2012_val_00020196.JPEG
78,ADM,1251,GenImage_test/ADM/test/nature/ILSVRC2012_val_00004788.JPEG
78,ADM,1252,GenImage_test/ADM/test/ai/959_adm_7.PNG
78,ADM,1253,GenImage_test/ADM/test/nature/ILSVRC2012_val_00037553.JPEG
78,ADM,1254,GenImage_test/ADM/test/ai/882_adm_153.PNG
78,ADM,1255,GenImage_test/ADM/test/nature/ILSVRC2012_val_00031960.JPEG
78,ADM,1256,GenImage_test/ADM/test/nature/ILSVRC2012_val_00031968.JPEG
78,ADM,1257,GenImage_test/ADM/test/ai/218_adm_34.PNG
78,ADM,1258,GenImage_test/ADM/test/ai/604_adm_91.PNG
78,ADM,1259,GenImage_test/ADM/test/ai/111_adm_174.PNG
78,ADM,1260,GenImage_test/ADM/test/nature/ILSVRC2012_val_00002231.JPEG
78,ADM,1261,GenImage_test/ADM/test/ai/602_adm_174.PNG
78,ADM,1262,GenImage_test/ADM/test/nature/ILSVRC2012_val_00028868.JPEG
78,ADM,1263,GenImage_test/ADM/test/ai/410_adm_153.PNG
79,ADM,1264,GenImage_test/ADM/test/ai/330_adm_85.PNG
79,ADM,1265,GenImage_test/ADM/test/ai/788_adm_153.PNG
79,ADM,1266,GenImage_test/ADM/test/nature/ILSVRC2012_val_00028246.JPEG
79,ADM,1267,GenImage_test/ADM/test/ai/416_adm_174.PNG
79,ADM,1268,GenImage_test/ADM/test/ai/441_adm_85.PNG
79,ADM,1269,GenImage_test/ADM/test/ai/952_adm_34.PNG
79,ADM,1270,GenImage_test/ADM/test/nature/ILSVRC2012_val_00048842.JPEG
79,ADM,1271,GenImage_test/ADM/test/nature/ILSVRC2012_val_00003992.JPEG
79,ADM,1272,GenImage_test/ADM/test/ai/149_adm_34.PNG
79,ADM,1273,GenImage_test/ADM/test/nature/ILSVRC2012_val_00025253.JPEG
79,ADM,1274,GenImage_test/ADM/test/ai/74_adm_34.PNG
79,ADM,1275,GenImage_test/ADM/test/nature/ILSVRC2012_val_00039052.JPEG
79,ADM,1276,GenImage_test/ADM/test/ai/193_adm_7.PNG
79,ADM,1277,GenImage_test/ADM/test/nature/ILSVRC2012_val_00024447.JPEG
79,ADM,1278,GenImage_test/ADM/test/ai/786_adm_85.PNG
79,ADM,1279,GenImage_test/ADM/test/ai/161_adm_174.PNG
80,ADM,1280,GenImage_test/ADM/test/ai/260_adm_34.PNG
80,ADM,1281,GenImage_test/ADM/test/nature/ILSVRC2012_val_00033428.JPEG
80,ADM,1282,GenImage_test/ADM/test/ai/871_adm_85.PNG
80,ADM,1283,GenImage_test/ADM/test/nature/ILSVRC2012_val_00022271.JPEG
80,ADM,1284,GenImage_test/ADM/test/ai/781_adm_91.PNG
80,ADM,1285,GenImage_test/ADM/test/ai/914_adm_7.PNG
80,ADM,1286,GenImage_test/ADM/test/nature/ILSVRC2012_val_00023672.JPEG
80,ADM,1287,GenImage_test/ADM/test/ai/908_adm_7.PNG
80,ADM,1288,GenImage_test/ADM/test/nature/ILSVRC2012_val_00009660.JPEG
80,ADM,1289,GenImage_test/ADM/test/ai/277_adm_174.PNG
80,ADM,1290,GenImage_test/ADM/test/nature/ILSVRC2012_val_00028840.JPEG
80,ADM,1291,GenImage_test/ADM/test/ai/83_adm_174.PNG
80,ADM,1292,GenImage_test/ADM/test/ai/688_adm_174.PNG
80,ADM,1293,GenImage_test/ADM/test/nature/ILSVRC2012_val_00038776.JPEG
80,ADM,1294,GenImage_test/ADM/test/nature/ILSVRC2012_val_00012920.JPEG
80,ADM,1295,GenImage_test/ADM/test/ai/576_adm_91.PNG
81,ADM,1296,GenImage_test/ADM/test/nature/ILSVRC2012_val_00044226.JPEG
81,ADM,1297,GenImage_test/ADM/test/ai/147_adm_85.PNG
81,ADM,1298,GenImage_test/ADM/test/ai/334_adm_91.PNG
81,ADM,1299,GenImage_test/ADM/test/nature/ILSVRC2012_val_00025091.JPEG
81,ADM,1300,GenImage_test/ADM/test/ai/660_adm_34.PNG
81,ADM,1301,GenImage_test/ADM/test/nature/ILSVRC2012_val_00011391.JPEG
81,ADM,1302,GenImage_test/ADM/test/ai/8_adm_153.PNG
81,ADM,1303,GenImage_test/ADM/test/ai/471_adm_153.PNG
81,ADM,1304,GenImage_test/ADM/test/ai/268_adm_174.PNG
81,ADM,1305,GenImage_test/ADM/test/ai/240_adm_7.PNG
81,ADM,1306,GenImage_test/ADM/test/ai/745_adm_7.PNG
81,ADM,1307,GenImage_test/ADM/test/ai/708_adm_153.PNG
81,ADM,1308,GenImage_test/ADM/test/nature/ILSVRC2012_val_00018435.JPEG
81,ADM,1309,GenImage_test/ADM/test/nature/ILSVRC2012_val_00025523.JPEG
81,ADM,1310,GenImage_test/ADM/test/nature/ILSVRC2012_val_00027319.JPEG
81,ADM,1311,GenImage_test/ADM/test/nature/ILSVRC2012_val_00009212.JPEG
82,ADM,1312,GenImage_test/ADM/test/ai/312_adm_174.PNG
82,ADM,1313,GenImage_test/ADM/test/ai/790_adm_153.PNG
82,ADM,1314,GenImage_test/ADM/test/ai/330_adm_174.PNG
82,ADM,1315,GenImage_test/ADM/test/ai/484_adm_34.PNG
82,ADM,1316,GenImage_test/ADM/test/ai/108_adm_34.PNG
82,ADM,1317,GenImage_test/ADM/test/nature/ILSVRC2012_val_00031429.JPEG
82,ADM,1318,GenImage_test/ADM/test/nature/ILSVRC2012_val_00033936.JPEG
82,ADM,1319,GenImage_test/ADM/test/nature/ILSVRC2012_val_00046820.JPEG
82,ADM,1320,GenImage_test/ADM/test/ai/740_adm_7.PNG
82,ADM,1321,GenImage_test/ADM/test/nature/ILSVRC2012_val_00030419.JPEG
82,ADM,1322,GenImage_test/ADM/test/ai/640_adm_34.PNG
82,ADM,1323,GenImage_test/ADM/test/ai/269_adm_153.PNG
82,ADM,1324,GenImage_test/ADM/test/ai/565_adm_85.PNG
82,ADM,1325,GenImage_test/ADM/test/ai/294_adm_7.PNG
82,ADM,1326,GenImage_test/ADM/test/nature/ILSVRC2012_val_00017402.JPEG
82,ADM,1327,GenImage_test/ADM/test/ai/338_adm_34.PNG
83,ADM,1328,GenImage_test/ADM/test/ai/684_adm_34.PNG
83,ADM,1329,GenImage_test/ADM/test/nature/ILSVRC2012_val_00003198.JPEG
83,ADM,1330,GenImage_test/ADM/test/nature/ILSVRC2012_val_00017190.JPEG
83,ADM,1331,GenImage_test/ADM/test/nature/ILSVRC2012_val_00004823.JPEG
83,ADM,1332,GenImage_test/ADM/test/nature/ILSVRC2012_val_00030005.JPEG
83,ADM,1333,GenImage_test/ADM/test/nature/ILSVRC2012_val_00033630.JPEG
83,ADM,1334,GenImage_test/ADM/test/nature/ILSVRC2012_val_00009555.JPEG
83,ADM,1335,GenImage_test/ADM/test/nature/ILSVRC2012_val_00040045.JPEG
83,ADM,1336,GenImage_test/ADM/test/nature/ILSVRC2012_val_00016415.JPEG
83,ADM,1337,GenImage_test/ADM/test/nature/ILSVRC2012_val_00015166.JPEG
83,ADM,1338,GenImage_test/ADM/test/nature/ILSVRC2012_val_00002993.JPEG
83,ADM,1339,GenImage_test/ADM/test/nature/ILSVRC2012_val_00036383.JPEG
83,ADM,1340,GenImage_test/ADM/test/nature/ILSVRC2012_val_00029371.JPEG
83,ADM,1341,GenImage_test/ADM/test/nature/ILSVRC2012_val_00014170.JPEG
83,ADM,1342,GenImage_test/ADM/test/nature/ILSVRC2012_val_00020798.JPEG
83,ADM,1343,GenImage_test/ADM/test/nature/ILSVRC2012_val_00041900.JPEG
84,SD1.5_return,1344,GenImage_test/stable_diffusion_v_1_5/test/nature/ILSVRC2012_val_00048698.JPEG
84,SD1.5_return,1345,GenImage_test/stable_diffusion_v_1_5/test/nature/ILSVRC2012_val_00007422.JPEG
84,SD1.5_return,1346,GenImage_test/stable_diffusion_v_1_5/test/nature/ILSVRC2012_val_00018593.JPEG
84,SD1.5_return,1347,GenImage_test/stable_diffusion_v_1_5/test/nature/ILSVRC2012_val_00013810.JPEG
84,SD1.5_return,1348,GenImage_test/stable_diffusion_v_1_5/test/nature/ILSVRC2012_val_00004171.JPEG
84,SD1.5_return,1349,GenImage_test/stable_diffusion_v_1_5/test/nature/ILSVRC2012_val_00000613.JPEG
84,SD1.5_return,1350,GenImage_test/stable_diffusion_v_1_5/test/nature/ILSVRC2012_val_00043067.JPEG
84,SD1.5_return,1351,GenImage_test/stable_diffusion_v_1_5/test/nature/ILSVRC2012_val_00033134.JPEG
84,SD1.5_return,1352,GenImage_test/stable_diffusion_v_1_5/test/nature/ILSVRC2012_val_00005107.JPEG
84,SD1.5_return,1353,GenImage_test/stable_diffusion_v_1_5/test/nature/ILSVRC2012_val_00027620.JPEG
84,SD1.5_return,1354,GenImage_test/stable_diffusion_v_1_5/test/nature/ILSVRC2012_val_00036127.JPEG
84,SD1.5_return,1355,GenImage_test/stable_diffusion_v_1_5/test/nature/ILSVRC2012_val_00046016.JPEG
84,SD1.5_return,1356,GenImage_test/stable_diffusion_v_1_5/test/nature/ILSVRC2012_val_00039745.JPEG
84,SD1.5_return,1357,GenImage_test/stable_diffusion_v_1_5/test/nature/ILSVRC2012_val_00027310.JPEG
84,SD1.5_return,1358,GenImage_test/stable_diffusion_v_1_5/test/nature/ILSVRC2012_val_00008134.JPEG
84,SD1.5_return,1359,GenImage_test/stable_diffusion_v_1_5/test/nature/ILSVRC2012_val_00032391.JPEG
85,SD1.5_return,1360,GenImage_test/stable_diffusion_v_1_5/test/nature/ILSVRC2012_val_00014869.JPEG
85,SD1.5_return,1361,GenImage_test/stable_diffusion_v_1_5/test/ai/706_sdv5_00135.png
85,SD1.5_return,1362,GenImage_test/stable_diffusion_v_1_5/test/ai/690_sdv5_00020.png
85,SD1.5_return,1363,GenImage_test/stable_diffusion_v_1_5/test/ai/680_sdv5_00009.png
85,SD1.5_return,1364,GenImage_test/stable_diffusion_v_1_5/test/nature/ILSVRC2012_val_00006622.JPEG
85,SD1.5_return,1365,GenImage_test/stable_diffusion_v_1_5/test/nature/ILSVRC2012_val_00025746.JPEG
85,SD1.5_return,1366,GenImage_test/stable_diffusion_v_1_5/test/ai/512_sdv5_00027.png
85,SD1.5_return,1367,GenImage_test/stable_diffusion_v_1_5/test/nature/ILSVRC2012_val_00012676.JPEG
85,SD1.5_return,1368,GenImage_test/stable_diffusion_v_1_5/test/ai/602_sdv5_00039.png
85,SD1.5_return,1369,GenImage_test/stable_diffusion_v_1_5/test/nature/ILSVRC2012_val_00032529.JPEG
85,SD1.5_return,1370,GenImage_test/stable_diffusion_v_1_5/test/nature/ILSVRC2012_val_00044155.JPEG
85,SD1.5_return,1371,GenImage_test/stable_diffusion_v_1_5/test/nature/ILSVRC2012_val_00044066.JPEG
85,SD1.5_return,1372,GenImage_test/stable_diffusion_v_1_5/test/nature/ILSVRC2012_val_00014601.JPEG
85,SD1.5_return,1373,GenImage_test/stable_diffusion_v_1_5/test/nature/ILSVRC2012_val_00012767.JPEG
85,SD1.5_return,1374,GenImage_test/stable_diffusion_v_1_5/test/ai/400_sdv5_00027.png
85,SD1.5_return,1375,GenImage_test/stable_diffusion_v_1_5/test/nature/ILSVRC2012_val_00047575.JPEG
86,SD1.5_return,1376,GenImage_test/stable_diffusion_v_1_5/test/nature/ILSVRC2012_val_00006148.JPEG
86,SD1.5_return,1377,GenImage_test/stable_diffusion_v_1_5/test/nature/ILSVRC2012_val_00036371.JPEG
86,SD1.5_return,1378,GenImage_test/stable_diffusion_v_1_5/test/nature/ILSVRC2012_val_00017573.JPEG
86,SD1.5_return,1379,GenImage_test/stable_diffusion_v_1_5/test/ai/243_sdv5_00020.png
86,SD1.5_return,1380,GenImage_test/stable_diffusion_v_1_5/test/ai/889_sdv5_00027.png
86,SD1.5_return,1381,GenImage_test/stable_diffusion_v_1_5/test/nature/ILSVRC2012_val_00040999.JPEG
86,SD1.5_return,1382,GenImage_test/stable_diffusion_v_1_5/test/ai/626_sdv5_00039.png
86,SD1.5_return,1383,GenImage_test/stable_diffusion_v_1_5/test/nature/ILSVRC2012_val_00043564.JPEG
86,SD1.5_return,1384,GenImage_test/stable_diffusion_v_1_5/test/nature/ILSVRC2012_val_00027167.JPEG
86,SD1.5_return,1385,GenImage_test/stable_diffusion_v_1_5/test/nature/ILSVRC2012_val_00041714.JPEG
86,SD1.5_return,1386,GenImage_test/stable_diffusion_v_1_5/test/ai/933_sdv5_00100.png
86,SD1.5_return,1387,GenImage_test/stable_diffusion_v_1_5/test/nature/ILSVRC2012_val_00045237.JPEG
86,SD1.5_return,1388,GenImage_test/stable_diffusion_v_1_5/test/ai/566_sdv5_00009.png
86,SD1.5_return,1389,GenImage_test/stable_diffusion_v_1_5/test/ai/496_sdv5_00020.png
86,SD1.5_return,1390,GenImage_test/stable_diffusion_v_1_5/test/nature/ILSVRC2012_val_00040641.JPEG
86,SD1.5_return,1391,GenImage_test/stable_diffusion_v_1_5/test/nature/ILSVRC2012_val_00047656.JPEG
87,SD1.5_return,1392,GenImage_test/stable_diffusion_v_1_5/test/nature/ILSVRC2012_val_00019628.JPEG
87,SD1.5_return,1393,GenImage_test/stable_diffusion_v_1_5/test/nature/ILSVRC2012_val_00021008.JPEG
87,SD1.5_return,1394,GenImage_test/stable_diffusion_v_1_5/test/nature/ILSVRC2012_val_00009844.JPEG
87,SD1.5_return,1395,GenImage_test/stable_diffusion_v_1_5/test/nature/ILSVRC2012_val_00019484.JPEG
87,SD1.5_return,1396,GenImage_test/stable_diffusion_v_1_5/test/nature/ILSVRC2012_val_00040905.JPEG
87,SD1.5_return,1397,GenImage_test/stable_diffusion_v_1_5/test/nature/ILSVRC2012_val_00045269.JPEG
87,SD1.5_return,1398,GenImage_test/stable_diffusion_v_1_5/test/nature/ILSVRC2012_val_00025353.JPEG
87,SD1.5_return,1399,GenImage_test/stable_diffusion_v_1_5/test/ai/756_sdv5_00027.png
87,SD1.5_return,1400,GenImage_test/stable_diffusion_v_1_5/test/ai/207_sdv5_00195.png
87,SD1.5_return,1401,GenImage_test/stable_diffusion_v_1_5/test/ai/310_sdv5_00100.png
87,SD1.5_return,1402,GenImage_test/stable_diffusion_v_1_5/test/nature/ILSVRC2012_val_00041304.JPEG
87,SD1.5_return,1403,GenImage_test/stable_diffusion_v_1_5/test/nature/ILSVRC2012_val_00023233.JPEG
87,SD1.5_return,1404,GenImage_test/stable_diffusion_v_1_5/test/ai/659_sdv5_00027.png
87,SD1.5_return,1405,GenImage_test/stable_diffusion_v_1_5/test/nature/ILSVRC2012_val_00006138.JPEG
87,SD1.5_return,1406,GenImage_test/stable_diffusion_v_1_5/test/nature/ILSVRC2012_val_00041428.JPEG
87,SD1.5_return,1407,GenImage_test/stable_diffusion_v_1_5/test/ai/452_sdv5_00039.png
88,SD1.5_return,1408,GenImage_test/stable_diffusion_v_1_5/test/nature/ILSVRC2012_val_00048027.JPEG
88,SD1.5_return,1409,GenImage_test/stable_diffusion_v_1_5/test/ai/966_sdv5_00135.png
88,SD1.5_return,1410,GenImage_test/stable_diffusion_v_1_5/test/nature/ILSVRC2012_val_00044635.JPEG
88,SD1.5_return,1411,GenImage_test/stable_diffusion_v_1_5/test/nature/ILSVRC2012_val_00035273.JPEG
88,SD1.5_return,1412,GenImage_test/stable_diffusion_v_1_5/test/ai/040_sdv5_00135.png
88,SD1.5_return,1413,GenImage_test/stable_diffusion_v_1_5/test/nature/ILSVRC2012_val_00049812.JPEG
88,SD1.5_return,1414,GenImage_test/stable_diffusion_v_1_5/test/ai/757_sdv5_00003.png
88,SD1.5_return,1415,GenImage_test/stable_diffusion_v_1_5/test/ai/231_sdv5_00135.png
88,SD1.5_return,1416,GenImage_test/stable_diffusion_v_1_5/test/ai/772_sdv5_00003.png
88,SD1.5_return,1417,GenImage_test/stable_diffusion_v_1_5/test/nature/ILSVRC2012_val_00000399.JPEG
88,SD1.5_return,1418,GenImage_test/stable_diffusion_v_1_5/test/ai/066_sdv5_00135.png
88,SD1.5_return,1419,GenImage_test/stable_diffusion_v_1_5/test/ai/526_sdv5_00009.png
88,SD1.5_return,1420,GenImage_test/stable_diffusion_v_1_5/test/nature/ILSVRC2012_val_00013658.JPEG
88,SD1.5_return,1421,GenImage_test/stable_diffusion_v_1_5/test/nature/ILSVRC2012_val_00037214.JPEG
88,SD1.5_return,1422,GenImage_test/stable_diffusion_v_1_5/test/ai/312_sdv5_00039.png
88,SD1.5_return,1423,GenImage_test/stable_diffusion_v_1_5/test/ai/183_sdv5_00100.png
89,SD1.5_return,1424,GenImage_test/stable_diffusion_v_1_5/test/ai/114_sdv5_00003.png
89,SD1.5_return,1425,GenImage_test/stable_diffusion_v_1_5/test/ai/675_sdv5_00100.png
89,SD1.5_return,1426,GenImage_test/stable_diffusion_v_1_5/test/nature/ILSVRC2012_val_00008375.JPEG
89,SD1.5_return,1427,GenImage_test/stable_diffusion_v_1_5/test/ai/828_sdv5_00027.png
89,SD1.5_return,1428,GenImage_test/stable_diffusion_v_1_5/test/ai/042_sdv5_00135.png
89,SD1.5_return,1429,GenImage_test/stable_diffusion_v_1_5/test/ai/814_sdv5_00009.png
89,SD1.5_return,1430,GenImage_test/stable_diffusion_v_1_5/test/ai/244_sdv5_00195.png
89,SD1.5_return,1431,GenImage_test/stable_diffusion_v_1_5/test/ai/128_sdv5_00020.png
89,SD1.5_return,1432,GenImage_test/stable_diffusion_v_1_5/test/ai/172_sdv5_00027.png
89,SD1.5_return,1433,GenImage_test/stable_diffusion_v_1_5/test/nature/ILSVRC2012_val_00004965.JPEG
89,SD1.5_return,1434,GenImage_test/stable_diffusion_v_1_5/test/nature/ILSVRC2012_val_00017520.JPEG
89,SD1.5_return,1435,GenImage_test/stable_diffusion_v_1_5/test/nature/ILSVRC2012_val_00020772.JPEG
89,SD1.5_return,1436,GenImage_test/stable_diffusion_v_1_5/test/nature/ILSVRC2012_val_00029001.JPEG
89,SD1.5_return,1437,GenImage_test/stable_diffusion_v_1_5/test/ai/739_sdv5_00039.png
89,SD1.5_return,1438,GenImage_test/stable_diffusion_v_1_5/test/nature/ILSVRC2012_val_00027441.JPEG
89,SD1.5_return,1439,GenImage_test/stable_diffusion_v_1_5/test/ai/403_sdv5_00003.png
90,SD1.5_return,1440,GenImage_test/stable_diffusion_v_1_5/test/ai/753_sdv5_00003.png
90,SD1.5_return,1441,GenImage_test/stable_diffusion_v_1_5/test/nature/ILSVRC2012_val_00016979.JPEG
90,SD1.5_return,1442,GenImage_test/stable_diffusion_v_1_5/test/ai/581_sdv5_00135.png
90,SD1.5_return,1443,GenImage_test/stable_diffusion_v_1_5/test/ai/424_sdv5_00003.png
90,SD1.5_return,1444,GenImage_test/stable_diffusion_v_1_5/test/nature/ILSVRC2012_val_00004910.JPEG
90,SD1.5_return,1445,GenImage_test/stable_diffusion_v_1_5/test/ai/063_sdv5_00020.png
90,SD1.5_return,1446,GenImage_test/stable_diffusion_v_1_5/test/ai/653_sdv5_00100.png
90,SD1.5_return,1447,GenImage_test/stable_diffusion_v_1_5/test/nature/ILSVRC2012_val_00010001.JPEG
90,SD1.5_return,1448,GenImage_test/stable_diffusion_v_1_5/test/nature/ILSVRC2012_val_00034643.JPEG
90,SD1.5_return,1449,GenImage_test/stable_diffusion_v_1_5/test/nature/ILSVRC2012_val_00010542.JPEG
90,SD1.5_return,1450,GenImage_test/stable_diffusion_v_1_5/test/ai/839_sdv5_00135.png
90,SD1.5_return,1451,GenImage_test/stable_diffusion_v_1_5/test/ai/707_sdv5_00195.png
90,SD1.5_return,1452,GenImage_test/stable_diffusion_v_1_5/test/ai/407_sdv5_00020.png
90,SD1.5_return,1453,GenImage_test/stable_diffusion_v_1_5/test/nature/ILSVRC2012_val_00046962.JPEG
90,SD1.5_return,1454,GenImage_test/stable_diffusion_v_1_5/test/nature/ILSVRC2012_val_00038525.JPEG
90,SD1.5_return,1455,GenImage_test/stable_diffusion_v_1_5/test/ai/196_sdv5_00100.png
91,SD1.5_return,1456,GenImage_test/stable_diffusion_v_1_5/test/nature/ILSVRC2012_val_00026922.JPEG
91,SD1.5_return,1457,GenImage_test/stable_diffusion_v_1_5/test/nature/ILSVRC2012_val_00047939.JPEG
91,SD1.5_return,1458,GenImage_test/stable_diffusion_v_1_5/test/ai/926_sdv5_00039.png
91,SD1.5_return,1459,GenImage_test/stable_diffusion_v_1_5/test/nature/ILSVRC2012_val_00036694.JPEG
91,SD1.5_return,1460,GenImage_test/stable_diffusion_v_1_5/test/ai/399_sdv5_00100.png
91,SD1.5_return,1461,GenImage_test/stable_diffusion_v_1_5/test/nature/ILSVRC2012_val_00018781.JPEG
91,SD1.5_return,1462,GenImage_test/stable_diffusion_v_1_5/test/nature/ILSVRC2012_val_00036940.JPEG
91,SD1.5_return,1463,GenImage_test/stable_diffusion_v_1_5/test/ai/344_sdv5_00195.png
91,SD1.5_return,1464,GenImage_test/stable_diffusion_v_1_5/test/nature/ILSVRC2012_val_00029013.JPEG
91,SD1.5_return,1465,GenImage_test/stable_diffusion_v_1_5/test/ai/985_sdv5_00039.png
91,SD1.5_return,1466,GenImage_test/stable_diffusion_v_1_5/test/ai/598_sdv5_00039.png
91,SD1.5_return,1467,GenImage_test/stable_diffusion_v_1_5/test/ai/138_sdv5_00009.png
91,SD1.5_return,1468,GenImage_test/stable_diffusion_v_1_5/test/nature/ILSVRC2012_val_00022946.JPEG
91,SD1.5_return,1469,GenImage_test/stable_diffusion_v_1_5/test/nature/ILSVRC2012_val_00018411.JPEG
91,SD1.5_return,1470,GenImage_test/stable_diffusion_v_1_5/test/ai/908_sdv5_00039.png
91,SD1.5_return,1471,GenImage_test/stable_diffusion_v_1_5/test/ai/452_sdv5_00135.png
92,SD1.5_return,1472,GenImage_test/stable_diffusion_v_1_5/test/nature/ILSVRC2012_val_00032309.JPEG
92,SD1.5_return,1473,GenImage_test/stable_diffusion_v_1_5/test/ai/172_sdv5_00100.png
92,SD1.5_return,1474,GenImage_test/stable_diffusion_v_1_5/test/ai/971_sdv5_00195.png
92,SD1.5_return,1475,GenImage_test/stable_diffusion_v_1_5/test/ai/391_sdv5_00009.png
92,SD1.5_return,1476,GenImage_test/stable_diffusion_v_1_5/test/ai/988_sdv5_00020.png
92,SD1.5_return,1477,GenImage_test/stable_diffusion_v_1_5/test/nature/ILSVRC2012_val_00041617.JPEG
92,SD1.5_return,1478,GenImage_test/stable_diffusion_v_1_5/test/nature/ILSVRC2012_val_00012732.JPEG
92,SD1.5_return,1479,GenImage_test/stable_diffusion_v_1_5/test/nature/ILSVRC2012_val_00004566.JPEG
92,SD1.5_return,1480,GenImage_test/stable_diffusion_v_1_5/test/ai/221_sdv5_00135.png
92,SD1.5_return,1481,GenImage_test/stable_diffusion_v_1_5/test/ai/421_sdv5_00003.png
92,SD1.5_return,1482,GenImage_test/stable_diffusion_v_1_5/test/nature/ILSVRC2012_val_00044143.JPEG
92,SD1.5_return,1483,GenImage_test/stable_diffusion_v_1_5/test/ai/491_sdv5_00100.png
92,SD1.5_return,1484,GenImage_test/stable_diffusion_v_1_5/test/ai/505_sdv5_00135.png
92,SD1.5_return,1485,GenImage_test/stable_diffusion_v_1_5/test/nature/ILSVRC2012_val_00012208.JPEG
92,SD1.5_return,1486,GenImage_test/stable_diffusion_v_1_5/test/ai/599_sdv5_00039.png
92,SD1.5_return,1487,GenImage_test/stable_diffusion_v_1_5/test/nature/ILSVRC2012_val_00010441.JPEG
93,SD1.5_return,1488,GenImage_test/stable_diffusion_v_1_5/test/ai/977_sdv5_00195.png
93,SD1.5_return,1489,GenImage_test/stable_diffusion_v_1_5/test/nature/ILSVRC2012_val_00005384.JPEG
93,SD1.5_return,1490,GenImage_test/stable_diffusion_v_1_5/test/nature/ILSVRC2012_val_00029722.JPEG
93,SD1.5_return,1491,GenImage_test/stable_diffusion_v_1_5/test/ai/479_sdv5_00195.png
93,SD1.5_return,1492,GenImage_test/stable_diffusion_v_1_5/test/nature/ILSVRC2012_val_00003317.JPEG
93,SD1.5_return,1493,GenImage_test/stable_diffusion_v_1_5/test/ai/485_sdv5_00003.png
93,SD1.5_return,1494,GenImage_test/stable_diffusion_v_1_5/test/ai/550_sdv5_00003.png
93,SD1.5_return,1495,GenImage_test/stable_diffusion_v_1_5/test/nature/ILSVRC2012_val_00001122.JPEG
93,SD1.5_return,1496,GenImage_test/stable_diffusion_v_1_5/test/ai/982_sdv5_00135.png
93,SD1.5_return,1497,GenImage_test/stable_diffusion_v_1_5/test/nature/ILSVRC2012_val_00008675.JPEG
93,SD1.5_return,1498,GenImage_test/stable_diffusion_v_1_5/test/ai/114_sdv5_00039.png
93,SD1.5_return,1499,GenImage_test/stable_diffusion_v_1_5/test/nature/ILSVRC2012_val_00006481.JPEG
93,SD1.5_return,1500,GenImage_test/stable_diffusion_v_1_5/test/nature/ILSVRC2012_val_00023132.JPEG
93,SD1.5_return,1501,GenImage_test/stable_diffusion_v_1_5/test/nature/ILSVRC2012_val_00015944.JPEG
93,SD1.5_return,1502,GenImage_test/stable_diffusion_v_1_5/test/nature/ILSVRC2012_val_00042085.JPEG
93,SD1.5_return,1503,GenImage_test/stable_diffusion_v_1_5/test/ai/925_sdv5_00003.png
94,SD1.5_return,1504,GenImage_test/stable_diffusion_v_1_5/test/nature/ILSVRC2012_val_00039022.JPEG
94,SD1.5_return,1505,GenImage_test/stable_diffusion_v_1_5/test/nature/ILSVRC2012_val_00008718.JPEG
94,SD1.5_return,1506,GenImage_test/stable_diffusion_v_1_5/test/ai/240_sdv5_00100.png
94,SD1.5_return,1507,GenImage_test/stable_diffusion_v_1_5/test/nature/ILSVRC2012_val_00023333.JPEG
94,SD1.5_return,1508,GenImage_test/stable_diffusion_v_1_5/test/nature/ILSVRC2012_val_00007669.JPEG
94,SD1.5_return,1509,GenImage_test/stable_diffusion_v_1_5/test/nature/ILSVRC2012_val_00016586.JPEG
94,SD1.5_return,1510,GenImage_test/stable_diffusion_v_1_5/test/nature/ILSVRC2012_val_00009367.JPEG
94,SD1.5_return,1511,GenImage_test/stable_diffusion_v_1_5/test/nature/ILSVRC2012_val_00016208.JPEG
94,SD1.5_return,1512,GenImage_test/stable_diffusion_v_1_5/test/ai/553_sdv5_00195.png
94,SD1.5_return,1513,GenImage_test/stable_diffusion_v_1_5/test/ai/349_sdv5_00100.png
94,SD1.5_return,1514,GenImage_test/stable_diffusion_v_1_5/test/ai/968_sdv5_00039.png
94,SD1.5_return,1515,GenImage_test/stable_diffusion_v_1_5/test/nature/ILSVRC2012_val_00040614.JPEG
94,SD1.5_return,1516,GenImage_test/stable_diffusion_v_1_5/test/nature/ILSVRC2012_val_00028558.JPEG
94,SD1.5_return,1517,GenImage_test/stable_diffusion_v_1_5/test/ai/069_sdv5_00135.png
94,SD1.5_return,1518,GenImage_test/stable_diffusion_v_1_5/test/nature/ILSVRC2012_val_00026647.JPEG
94,SD1.5_return,1519,GenImage_test/stable_diffusion_v_1_5/test/ai/562_sdv5_00195.png
95,SD1.5_return,1520,GenImage_test/stable_diffusion_v_1_5/test/ai/834_sdv5_00135.png
95,SD1.5_return,1521,GenImage_test/stable_diffusion_v_1_5/test/ai/946_sdv5_00195.png
95,SD1.5_return,1522,GenImage_test/stable_diffusion_v_1_5/test/ai/001_sdv5_00020.png
95,SD1.5_return,1523,GenImage_test/stable_diffusion_v_1_5/test/ai/160_sdv5_00100.png
95,SD1.5_return,1524,GenImage_test/stable_diffusion_v_1_5/test/ai/861_sdv5_00009.png
95,SD1.5_return,1525,GenImage_test/stable_diffusion_v_1_5/test/nature/ILSVRC2012_val_00036405.JPEG
95,SD1.5_return,1526,GenImage_test/stable_diffusion_v_1_5/test/ai/030_sdv5_00195.png
95,SD1.5_return,1527,GenImage_test/stable_diffusion_v_1_5/test/nature/ILSVRC2012_val_00026966.JPEG
95,SD1.5_return,1528,GenImage_test/stable_diffusion_v_1_5/test/ai/090_sdv5_00027.png
95,SD1.5_return,1529,GenImage_test/stable_diffusion_v_1_5/test/ai/241_sdv5_00027.png
95,SD1.5_return,1530,GenImage_test/stable_diffusion_v_1_5/test/ai/537_sdv5_00195.png
95,SD1.5_return,1531,GenImage_test/stable_diffusion_v_1_5/test/ai/200_sdv5_00027.png
95,SD1.5_return,1532,GenImage_test/stable_diffusion_v_1_5/test/nature/ILSVRC2012_val_00005285.JPEG
95,SD1.5_return,1533,GenImage_test/stable_diffusion_v_1_5/test/nature/ILSVRC2012_val_00016815.JPEG
95,SD1.5_return,1534,GenImage_test/stable_diffusion_v_1_5/test/ai/240_sdv5_00135.png
95,SD1.5_return,1535,GenImage_test/stable_diffusion_v_1_5/test/ai/939_sdv5_00195.png
96,SD1.5_return,1536,GenImage_test/stable_diffusion_v_1_5/test/nature/ILSVRC2012_val_00025672.JPEG
96,SD1.5_return,1537,GenImage_test/stable_diffusion_v_1_5/test/ai/282_sdv5_00100.png
96,SD1.5_return,1538,GenImage_test/stable_diffusion_v_1_5/test/nature/ILSVRC2012_val_00022099.JPEG
96,SD1.5_return,1539,GenImage_test/stable_diffusion_v_1_5/test/nature/ILSVRC2012_val_00042839.JPEG
96,SD1.5_return,1540,GenImage_test/stable_diffusion_v_1_5/test/ai/845_sdv5_00195.png
96,SD1.5_return,1541,GenImage_test/stable_diffusion_v_1_5/test/nature/ILSVRC2012_val_00042550.JPEG
96,SD1.5_return,1542,GenImage_test/stable_diffusion_v_1_5/test/nature/ILSVRC2012_val_00030525.JPEG
96,SD1.5_return,1543,GenImage_test/stable_diffusion_v_1_5/test/ai/756_sdv5_00009.png
96,SD1.5_return,1544,GenImage_test/stable_diffusion_v_1_5/test/ai/211_sdv5_00009.png
96,SD1.5_return,1545,GenImage_test/stable_diffusion_v_1_5/test/nature/ILSVRC2012_val_00040340.JPEG
96,SD1.5_return,1546,GenImage_test/stable_diffusion_v_1_5/test/ai/193_sdv5_00039.png
96,SD1.5_return,1547,GenImage_test/stable_diffusion_v_1_5/test/nature/ILSVRC2012_val_00037098.JPEG
96,SD1.5_return,1548,GenImage_test/stable_diffusion_v_1_5/test/nature/ILSVRC2012_val_00029536.JPEG
96,SD1.5_return,1549,GenImage_test/stable_diffusion_v_1_5/test/nature/ILSVRC2012_val_00008736.JPEG
96,SD1.5_return,1550,GenImage_test/stable_diffusion_v_1_5/test/ai/092_sdv5_00020.png
96,SD1.5_return,1551,GenImage_test/stable_diffusion_v_1_5/test/ai/487_sdv5_00039.png
97,SD1.5_return,1552,GenImage_test/stable_diffusion_v_1_5/test/nature/ILSVRC2012_val_00043431.JPEG
97,SD1.5_return,1553,GenImage_test/stable_diffusion_v_1_5/test/ai/714_sdv5_00100.png
97,SD1.5_return,1554,GenImage_test/stable_diffusion_v_1_5/test/ai/548_sdv5_00020.png
97,SD1.5_return,1555,GenImage_test/stable_diffusion_v_1_5/test/nature/ILSVRC2012_val_00000989.JPEG
97,SD1.5_return,1556,GenImage_test/stable_diffusion_v_1_5/test/nature/ILSVRC2012_val_00020701.JPEG
97,SD1.5_return,1557,GenImage_test/stable_diffusion_v_1_5/test/ai/619_sdv5_00135.png
97,SD1.5_return,1558,GenImage_test/stable_diffusion_v_1_5/test/nature/ILSVRC2012_val_00008679.JPEG
97,SD1.5_return,1559,GenImage_test/stable_diffusion_v_1_5/test/ai/376_sdv5_00039.png
97,SD1.5_return,1560,GenImage_test/stable_diffusion_v_1_5/test/nature/ILSVRC2012_val_00013491.JPEG
97,SD1.5_return,1561,GenImage_test/stable_diffusion_v_1_5/test/nature/ILSVRC2012_val_00012149.JPEG
97,SD1.5_return,1562,GenImage_test/stable_diffusion_v_1_5/test/ai/426_sdv5_00027.png
97,SD1.5_return,1563,GenImage_test/stable_diffusion_v_1_5/test/nature/ILSVRC2012_val_00031262.JPEG
97,SD1.5_return,1564,GenImage_test/stable_diffusion_v_1_5/test/nature/ILSVRC2012_val_00027426.JPEG
97,SD1.5_return,1565,GenImage_test/stable_diffusion_v_1_5/test/ai/541_sdv5_00020.png
97,SD1.5_return,1566,GenImage_test/stable_diffusion_v_1_5/test/ai/095_sdv5_00009.png
97,SD1.5_return,1567,GenImage_test/stable_diffusion_v_1_5/test/nature/ILSVRC2012_val_00033499.JPEG
98,SD1.5_return,1568,GenImage_test/stable_diffusion_v_1_5/test/nature/ILSVRC2012_val_00043718.JPEG
98,SD1.5_return,1569,GenImage_test/stable_diffusion_v_1_5/test/nature/ILSVRC2012_val_00022710.JPEG
98,SD1.5_return,1570,GenImage_test/stable_diffusion_v_1_5/test/nature/ILSVRC2012_val_00044388.JPEG
98,SD1.5_return,1571,GenImage_test/stable_diffusion_v_1_5/test/nature/ILSVRC2012_val_00030085.JPEG
98,SD1.5_return,1572,GenImage_test/stable_diffusion_v_1_5/test/ai/794_sdv5_00027.png
98,SD1.5_return,1573,GenImage_test/stable_diffusion_v_1_5/test/nature/ILSVRC2012_val_00033298.JPEG
98,SD1.5_return,1574,GenImage_test/stable_diffusion_v_1_5/test/nature/ILSVRC2012_val_00046877.JPEG
98,SD1.5_return,1575,GenImage_test/stable_diffusion_v_1_5/test/ai/534_sdv5_00003.png
98,SD1.5_return,1576,GenImage_test/stable_diffusion_v_1_5/test/ai/417_sdv5_00003.png
98,SD1.5_return,1577,GenImage_test/stable_diffusion_v_1_5/test/nature/ILSVRC2012_val_00034531.JPEG
98,SD1.5_return,1578,GenImage_test/stable_diffusion_v_1_5/test/nature/ILSVRC2012_val_00024160.JPEG
98,SD1.5_return,1579,GenImage_test/stable_diffusion_v_1_5/test/ai/095_sdv5_00039.png
98,SD1.5_return,1580,GenImage_test/stable_diffusion_v_1_5/test/ai/943_sdv5_00100.png
98,SD1.5_return,1581,GenImage_test/stable_diffusion_v_1_5/test/ai/035_sdv5_00039.png
98,SD1.5_return,1582,GenImage_test/stable_diffusion_v_1_5/test/ai/175_sdv5_00195.png
98,SD1.5_return,1583,GenImage_test/stable_diffusion_v_1_5/test/nature/ILSVRC2012_val_00034882.JPEG
99,SD1.5_return,1584,GenImage_test/stable_diffusion_v_1_5/test/nature/ILSVRC2012_val_00031740.JPEG
99,SD1.5_return,1585,GenImage_test/stable_diffusion_v_1_5/test/nature/ILSVRC2012_val_00001985.JPEG
99,SD1.5_return,1586,GenImage_test/stable_diffusion_v_1_5/test/ai/942_sdv5_00039.png
99,SD1.5_return,1587,GenImage_test/stable_diffusion_v_1_5/test/nature/ILSVRC2012_val_00010116.JPEG
99,SD1.5_return,1588,GenImage_test/stable_diffusion_v_1_5/test/ai/983_sdv5_00100.png
99,SD1.5_return,1589,GenImage_test/stable_diffusion_v_1_5/test/nature/ILSVRC2012_val_00007967.JPEG
99,SD1.5_return,1590,GenImage_test/stable_diffusion_v_1_5/test/ai/762_sdv5_00135.png
99,SD1.5_return,1591,GenImage_test/stable_diffusion_v_1_5/test/nature/ILSVRC2012_val_00039551.JPEG
99,SD1.5_return,1592,GenImage_test/stable_diffusion_v_1_5/test/nature/ILSVRC2012_val_00024920.JPEG
99,SD1.5_return,1593,GenImage_test/stable_diffusion_v_1_5/test/ai/758_sdv5_00027.png
99,SD1.5_return,1594,GenImage_test/stable_diffusion_v_1_5/test/nature/ILSVRC2012_val_00028924.JPEG
99,SD1.5_return,1595,GenImage_test/stable_diffusion_v_1_5/test/nature/ILSVRC2012_val_00032718.JPEG
99,SD1.5_return,1596,GenImage_test/stable_diffusion_v_1_5/test/nature/ILSVRC2012_val_00008247.JPEG
99,SD1.5_return,1597,GenImage_test/stable_diffusion_v_1_5/test/ai/334_sdv5_00020.png
99,SD1.5_return,1598,GenImage_test/stable_diffusion_v_1_5/test/nature/ILSVRC2012_val_00007839.JPEG
99,SD1.5_return,1599,GenImage_test/stable_diffusion_v_1_5/test/nature/ILSVRC2012_val_00030121.JPEG
100,SD1.5_return,1600,GenImage_test/stable_diffusion_v_1_5/test/ai/107_sdv5_00027.png
100,SD1.5_return,1601,GenImage_test/stable_diffusion_v_1_5/test/ai/239_sdv5_00100.png
100,SD1.5_return,1602,GenImage_test/stable_diffusion_v_1_5/test/ai/696_sdv5_00135.png
100,SD1.5_return,1603,GenImage_test/stable_diffusion_v_1_5/test/ai/295_sdv5_00020.png
100,SD1.5_return,1604,GenImage_test/stable_diffusion_v_1_5/test/nature/ILSVRC2012_val_00045930.JPEG
100,SD1.5_return,1605,GenImage_test/stable_diffusion_v_1_5/test/ai/406_sdv5_00039.png
100,SD1.5_return,1606,GenImage_test/stable_diffusion_v_1_5/test/ai/330_sdv5_00020.png
100,SD1.5_return,1607,GenImage_test/stable_diffusion_v_1_5/test/nature/ILSVRC2012_val_00037000.JPEG
100,SD1.5_return,1608,GenImage_test/stable_diffusion_v_1_5/test/ai/976_sdv5_00027.png
100,SD1.5_return,1609,GenImage_test/stable_diffusion_v_1_5/test/ai/011_sdv5_00135.png
100,SD1.5_return,1610,GenImage_test/stable_diffusion_v_1_5/test/ai/369_sdv5_00039.png
100,SD1.5_return,1611,GenImage_test/stable_diffusion_v_1_5/test/nature/ILSVRC2012_val_00049167.JPEG
100,SD1.5_return,1612,GenImage_test/stable_diffusion_v_1_5/test/ai/106_sdv5_00020.png
100,SD1.5_return,1613,GenImage_test/stable_diffusion_v_1_5/test/ai/317_sdv5_00020.png
100,SD1.5_return,1614,GenImage_test/stable_diffusion_v_1_5/test/ai/798_sdv5_00100.png
100,SD1.5_return,1615,GenImage_test/stable_diffusion_v_1_5/test/ai/691_sdv5_00009.png
101,SD1.5_return,1616,GenImage_test/stable_diffusion_v_1_5/test/nature/ILSVRC2012_val_00043537.JPEG
101,SD1.5_return,1617,GenImage_test/stable_diffusion_v_1_5/test/ai/334_sdv5_00135.png
101,SD1.5_return,1618,GenImage_test/stable_diffusion_v_1_5/test/nature/ILSVRC2012_val_00014842.JPEG
101,SD1.5_return,1619,GenImage_test/stable_diffusion_v_1_5/test/nature/ILSVRC2012_val_00030736.JPEG
101,SD1.5_return,1620,GenImage_test/stable_diffusion_v_1_5/test/ai/056_sdv5_00135.png
101,SD1.5_return,1621,GenImage_test/stable_diffusion_v_1_5/test/ai/506_sdv5_00100.png
101,SD1.5_return,1622,GenImage_test/stable_diffusion_v_1_5/test/nature/ILSVRC2012_val_00016975.JPEG
101,SD1.5_return,1623,GenImage_test/stable_diffusion_v_1_5/test/ai/673_sdv5_00003.png
101,SD1.5_return,1624,GenImage_test/stable_diffusion_v_1_5/test/ai/157_sdv5_00027.png
101,SD1.5_return,1625,GenImage_test/stable_diffusion_v_1_5/test/ai/647_sdv5_00009.png
101,SD1.5_return,1626,GenImage_test/stable_diffusion_v_1_5/test/nature/ILSVRC2012_val_00045954.JPEG
101,SD1.5_return,1627,GenImage_test/stable_diffusion_v_1_5/test/nature/ILSVRC2012_val_00047413.JPEG
101,SD1.5_return,1628,GenImage_test/stable_diffusion_v_1_5/test/ai/663_sdv5_00135.png
101,SD1.5_return,1629,GenImage_test/stable_diffusion_v_1_5/test/ai/822_sdv5_00135.png
101,SD1.5_return,1630,GenImage_test/stable_diffusion_v_1_5/test/ai/394_sdv5_00039.png
101,SD1.5_return,1631,GenImage_test/stable_diffusion_v_1_5/test/nature/ILSVRC2012_val_00008170.JPEG
102,SD1.5_return,1632,GenImage_test/stable_diffusion_v_1_5/test/ai/775_sdv5_00003.png
102,SD1.5_return,1633,GenImage_test/stable_diffusion_v_1_5/test/nature/ILSVRC2012_val_00005878.JPEG
102,SD1.5_return,1634,GenImage_test/stable_diffusion_v_1_5/test/ai/920_sdv5_00195.png
102,SD1.5_return,1635,GenImage_test/stable_diffusion_v_1_5/test/nature/ILSVRC2012_val_00016838.JPEG
102,SD1.5_return,1636,GenImage_test/stable_diffusion_v_1_5/test/ai/394_sdv5_00100.png
102,SD1.5_return,1637,GenImage_test/stable_diffusion_v_1_5/test/ai/583_sdv5_00027.png
102,SD1.5_return,1638,GenImage_test/stable_diffusion_v_1_5/test/nature/ILSVRC2012_val_00009280.JPEG
102,SD1.5_return,1639,GenImage_test/stable_diffusion_v_1_5/test/ai/634_sdv5_00039.png
102,SD1.5_return,1640,GenImage_test/stable_diffusion_v_1_5/test/ai/375_sdv5_00039.png
102,SD1.5_return,1641,GenImage_test/stable_diffusion_v_1_5/test/ai/407_sdv5_00027.png
102,SD1.5_return,1642,GenImage_test/stable_diffusion_v_1_5/test/ai/446_sdv5_00003.png
102,SD1.5_return,1643,GenImage_test/stable_diffusion_v_1_5/test/ai/642_sdv5_00135.png
102,SD1.5_return,1644,GenImage_test/stable_diffusion_v_1_5/test/nature/ILSVRC2012_val_00031001.JPEG
102,SD1.5_return,1645,GenImage_test/stable_diffusion_v_1_5/test/nature/ILSVRC2012_val_00015455.JPEG
102,SD1.5_return,1646,GenImage_test/stable_diffusion_v_1_5/test/ai/119_sdv5_00195.png
102,SD1.5_return,1647,GenImage_test/stable_diffusion_v_1_5/test/nature/ILSVRC2012_val_00044961.JPEG
103,SD1.5_return,1648,GenImage_test/stable_diffusion_v_1_5/test/nature/ILSVRC2012_val_00006093.JPEG
103,SD1.5_return,1649,GenImage_test/stable_diffusion_v_1_5/test/nature/ILSVRC2012_val_00017553.JPEG
103,SD1.5_return,1650,GenImage_test/stable_diffusion_v_1_5/test/nature/ILSVRC2012_val_00038124.JPEG
103,SD1.5_return,1651,GenImage_test/stable_diffusion_v_1_5/test/nature/ILSVRC2012_val_00002407.JPEG
103,SD1.5_return,1652,GenImage_test/stable_diffusion_v_1_5/test/ai/433_sdv5_00020.png
103,SD1.5_return,1653,GenImage_test/stable_diffusion_v_1_5/test/ai/989_sdv5_00020.png
103,SD1.5_return,1654,GenImage_test/stable_diffusion_v_1_5/test/nature/ILSVRC2012_val_00039598.JPEG
103,SD1.5_return,1655,GenImage_test/stable_diffusion_v_1_5/test/ai/954_sdv5_00009.png
103,SD1.5_return,1656,GenImage_test/stable_diffusion_v_1_5/test/ai/663_sdv5_00027.png
103,SD1.5_return,1657,GenImage_test/stable_diffusion_v_1_5/test/ai/757_sdv5_00135.png
103,SD1.5_return,1658,GenImage_test/stable_diffusion_v_1_5/test/nature/ILSVRC2012_val_00023605.JPEG
103,SD1.5_return,1659,GenImage_test/stable_diffusion_v_1_5/test/ai/957_sdv5_00020.png
103,SD1.5_return,1660,GenImage_test/stable_diffusion_v_1_5/test/nature/ILSVRC2012_val_00025515.JPEG
103,SD1.5_return,1661,GenImage_test/stable_diffusion_v_1_5/test/nature/ILSVRC2012_val_00002552.JPEG
103,SD1.5_return,1662,GenImage_test/stable_diffusion_v_1_5/test/nature/ILSVRC2012_val_00038020.JPEG
103,SD1.5_return,1663,GenImage_test/stable_diffusion_v_1_5/test/ai/714_sdv5_00003.png
104,SD1.5_return,1664,GenImage_test/stable_diffusion_v_1_5/test/ai/648_sdv5_00020.png
104,SD1.5_return,1665,GenImage_test/stable_diffusion_v_1_5/test/nature/ILSVRC2012_val_00043714.JPEG
104,SD1.5_return,1666,GenImage_test/stable_diffusion_v_1_5/test/nature/ILSVRC2012_val_00011701.JPEG
104,SD1.5_return,1667,GenImage_test/stable_diffusion_v_1_5/test/nature/ILSVRC2012_val_00005342.JPEG
104,SD1.5_return,1668,GenImage_test/stable_diffusion_v_1_5/test/ai/218_sdv5_00020.png
104,SD1.5_return,1669,GenImage_test/stable_diffusion_v_1_5/test/nature/ILSVRC2012_val_00042216.JPEG
104,SD1.5_return,1670,GenImage_test/stable_diffusion_v_1_5/test/ai/981_sdv5_00039.png
104,SD1.5_return,1671,GenImage_test/stable_diffusion_v_1_5/test/ai/962_sdv5_00020.png
104,SD1.5_return,1672,GenImage_test/stable_diffusion_v_1_5/test/ai/507_sdv5_00135.png
104,SD1.5_return,1673,GenImage_test/stable_diffusion_v_1_5/test/nature/ILSVRC2012_val_00020878.JPEG
104,SD1.5_return,1674,GenImage_test/stable_diffusion_v_1_5/test/ai/418_sdv5_00195.png
104,SD1.5_return,1675,GenImage_test/stable_diffusion_v_1_5/test/nature/ILSVRC2012_val_00010302.JPEG
104,SD1.5_return,1676,GenImage_test/stable_diffusion_v_1_5/test/ai/422_sdv5_00003.png
104,SD1.5_return,1677,GenImage_test/stable_diffusion_v_1_5/test/nature/ILSVRC2012_val_00002378.JPEG
104,SD1.5_return,1678,GenImage_test/stable_diffusion_v_1_5/test/nature/ILSVRC2012_val_00025389.JPEG
104,SD1.5_return,1679,GenImage_test/stable_diffusion_v_1_5/test/ai/243_sdv5_00135.png
105,SD1.5_return,1680,GenImage_test/stable_diffusion_v_1_5/test/nature/ILSVRC2012_val_00034334.JPEG
105,SD1.5_return,1681,GenImage_test/stable_diffusion_v_1_5/test/nature/ILSVRC2012_val_00010366.JPEG
105,SD1.5_return,1682,GenImage_test/stable_diffusion_v_1_5/test/ai/843_sdv5_00039.png
105,SD1.5_return,1683,GenImage_test/stable_diffusion_v_1_5/test/nature/ILSVRC2012_val_00007428.JPEG
105,SD1.5_return,1684,GenImage_test/stable_diffusion_v_1_5/test/ai/885_sdv5_00135.png
105,SD1.5_return,1685,GenImage_test/stable_diffusion_v_1_5/test/nature/ILSVRC2012_val_00020317.JPEG
105,SD1.5_return,1686,GenImage_test/stable_diffusion_v_1_5/test/nature/ILSVRC2012_val_00006965.JPEG
105,SD1.5_return,1687,GenImage_test/stable_diffusion_v_1_5/test/nature/ILSVRC2012_val_00003134.JPEG
105,SD1.5_return,1688,GenImage_test/stable_diffusion_v_1_5/test/ai/398_sdv5_00027.png
105,SD1.5_return,1689,GenImage_test/stable_diffusion_v_1_5/test/ai/800_sdv5_00100.png
105,SD1.5_return,1690,GenImage_test/stable_diffusion_v_1_5/test/nature/ILSVRC2012_val_00034378.JPEG
105,SD1.5_return,1691,GenImage_test/stable_diffusion_v_1_5/test/nature/ILSVRC2012_val_00002566.JPEG
105,SD1.5_return,1692,GenImage_test/stable_diffusion_v_1_5/test/ai/444_sdv5_00020.png
105,SD1.5_return,1693,GenImage_test/stable_diffusion_v_1_5/test/ai/554_sdv5_00003.png
105,SD1.5_return,1694,GenImage_test/stable_diffusion_v_1_5/test/ai/658_sdv5_00020.png
105,SD1.5_return,1695,GenImage_test/stable_diffusion_v_1_5/test/ai/752_sdv5_00039.png
106,SD1.5_return,1696,GenImage_test/stable_diffusion_v_1_5/test/ai/024_sdv5_00003.png
106,SD1.5_return,1697,GenImage_test/stable_diffusion_v_1_5/test/nature/ILSVRC2012_val_00049056.JPEG
106,SD1.5_return,1698,GenImage_test/stable_diffusion_v_1_5/test/ai/663_sdv5_00003.png
106,SD1.5_return,1699,GenImage_test/stable_diffusion_v_1_5/test/nature/ILSVRC2012_val_00021901.JPEG
106,SD1.5_return,1700,GenImage_test/stable_diffusion_v_1_5/test/nature/ILSVRC2012_val_00001732.JPEG
106,SD1.5_return,1701,GenImage_test/stable_diffusion_v_1_5/test/nature/ILSVRC2012_val_00038326.JPEG
106,SD1.5_return,1702,GenImage_test/stable_diffusion_v_1_5/test/nature/ILSVRC2012_val_00045195.JPEG
106,SD1.5_return,1703,GenImage_test/stable_diffusion_v_1_5/test/ai/775_sdv5_00135.png
106,SD1.5_return,1704,GenImage_test/stable_diffusion_v_1_5/test/ai/140_sdv5_00135.png
106,SD1.5_return,1705,GenImage_test/stable_diffusion_v_1_5/test/ai/464_sdv5_00039.png
106,SD1.5_return,1706,GenImage_test/stable_diffusion_v_1_5/test/nature/ILSVRC2012_val_00010050.JPEG
106,SD1.5_return,1707,GenImage_test/stable_diffusion_v_1_5/test/ai/750_sdv5_00020.png
106,SD1.5_return,1708,GenImage_test/stable_diffusion_v_1_5/test/nature/ILSVRC2012_val_00008704.JPEG
106,SD1.5_return,1709,GenImage_test/stable_diffusion_v_1_5/test/ai/134_sdv5_00003.png
106,SD1.5_return,1710,GenImage_test/stable_diffusion_v_1_5/test/nature/ILSVRC2012_val_00005916.JPEG
106,SD1.5_return,1711,GenImage_test/stable_diffusion_v_1_5/test/ai/796_sdv5_00027.png
107,SD1.5_return,1712,GenImage_test/stable_diffusion_v_1_5/test/nature/ILSVRC2012_val_00041433.JPEG
107,SD1.5_return,1713,GenImage_test/stable_diffusion_v_1_5/test/ai/720_sdv5_00039.png
107,SD1.5_return,1714,GenImage_test/stable_diffusion_v_1_5/test/nature/ILSVRC2012_val_00010970.JPEG
107,SD1.5_return,1715,GenImage_test/stable_diffusion_v_1_5/test/nature/ILSVRC2012_val_00035862.JPEG
107,SD1.5_return,1716,GenImage_test/stable_diffusion_v_1_5/test/nature/ILSVRC2012_val_00025263.JPEG
107,SD1.5_return,1717,GenImage_test/stable_diffusion_v_1_5/test/ai/764_sdv5_00135.png
107,SD1.5_return,1718,GenImage_test/stable_diffusion_v_1_5/test/nature/ILSVRC2012_val_00027258.JPEG
107,SD1.5_return,1719,GenImage_test/stable_diffusion_v_1_5/test/nature/ILSVRC2012_val_00029748.JPEG
107,SD1.5_return,1720,GenImage_test/stable_diffusion_v_1_5/test/ai/489_sdv5_00009.png
107,SD1.5_return,1721,GenImage_test/stable_diffusion_v_1_5/test/nature/ILSVRC2012_val_00017849.JPEG
107,SD1.5_return,1722,GenImage_test/stable_diffusion_v_1_5/test/nature/ILSVRC2012_val_00040948.JPEG
107,SD1.5_return,1723,GenImage_test/stable_diffusion_v_1_5/test/nature/ILSVRC2012_val_00010939.JPEG
107,SD1.5_return,1724,GenImage_test/stable_diffusion_v_1_5/test/ai/222_sdv5_00027.png
107,SD1.5_return,1725,GenImage_test/stable_diffusion_v_1_5/test/ai/543_sdv5_00003.png
107,SD1.5_return,1726,GenImage_test/stable_diffusion_v_1_5/test/nature/ILSVRC2012_val_00001903.JPEG
107,SD1.5_return,1727,GenImage_test/stable_diffusion_v_1_5/test/nature/ILSVRC2012_val_00009826.JPEG
108,SD1.5_return,1728,GenImage_test/stable_diffusion_v_1_5/test/nature/ILSVRC2012_val_00045494.JPEG
108,SD1.5_return,1729,GenImage_test/stable_diffusion_v_1_5/test/nature/ILSVRC2012_val_00047912.JPEG
108,SD1.5_return,1730,GenImage_test/stable_diffusion_v_1_5/test/ai/970_sdv5_00039.png
108,SD1.5_return,1731,GenImage_test/stable_diffusion_v_1_5/test/ai/818_sdv5_00020.png
108,SD1.5_return,1732,GenImage_test/stable_diffusion_v_1_5/test/ai/954_sdv5_00003.png
108,SD1.5_return,1733,GenImage_test/stable_diffusion_v_1_5/test/ai/997_sdv5_00195.png
108,SD1.5_return,1734,GenImage_test/stable_diffusion_v_1_5/test/nature/ILSVRC2012_val_00014734.JPEG
108,SD1.5_return,1735,GenImage_test/stable_diffusion_v_1_5/test/nature/ILSVRC2012_val_00004287.JPEG
108,SD1.5_return,1736,GenImage_test/stable_diffusion_v_1_5/test/nature/ILSVRC2012_val_00019644.JPEG
108,SD1.5_return,1737,GenImage_test/stable_diffusion_v_1_5/test/nature/ILSVRC2012_val_00026614.JPEG
108,SD1.5_return,1738,GenImage_test/stable_diffusion_v_1_5/test/nature/ILSVRC2012_val_00002859.JPEG
108,SD1.5_return,1739,GenImage_test/stable_diffusion_v_1_5/test/nature/ILSVRC2012_val_00038454.JPEG
108,SD1.5_return,1740,GenImage_test/stable_diffusion_v_1_5/test/ai/721_sdv5_00195.png
108,SD1.5_return,1741,GenImage_test/stable_diffusion_v_1_5/test/nature/ILSVRC2012_val_00012176.JPEG
108,SD1.5_return,1742,GenImage_test/stable_diffusion_v_1_5/test/ai/191_sdv5_00009.png
108,SD1.5_return,1743,GenImage_test/stable_diffusion_v_1_5/test/ai/545_sdv5_00027.png
109,SD1.5_return,1744,GenImage_test/stable_diffusion_v_1_5/test/ai/102_sdv5_00100.png
109,SD1.5_return,1745,GenImage_test/stable_diffusion_v_1_5/test/nature/ILSVRC2012_val_00044769.JPEG
109,SD1.5_return,1746,GenImage_test/stable_diffusion_v_1_5/test/ai/287_sdv5_00195.png
109,SD1.5_return,1747,GenImage_test/stable_diffusion_v_1_5/test/ai/284_sdv5_00009.png
109,SD1.5_return,1748,GenImage_test/stable_diffusion_v_1_5/test/nature/ILSVRC2012_val_00049729.JPEG
109,SD1.5_return,1749,GenImage_test/stable_diffusion_v_1_5/test/ai/069_sdv5_00009.png
109,SD1.5_return,1750,GenImage_test/stable_diffusion_v_1_5/test/ai/004_sdv5_00009.png
109,SD1.5_return,1751,GenImage_test/stable_diffusion_v_1_5/test/ai/114_sdv5_00135.png
109,SD1.5_return,1752,GenImage_test/stable_diffusion_v_1_5/test/ai/735_sdv5_00003.png
109,SD1.5_return,1753,GenImage_test/stable_diffusion_v_1_5/test/ai/463_sdv5_00039.png
109,SD1.5_return,1754,GenImage_test/stable_diffusion_v_1_5/test/ai/652_sdv5_00039.png
109,SD1.5_return,1755,GenImage_test/stable_diffusion_v_1_5/test/ai/548_sdv5_00195.png
109,SD1.5_return,1756,GenImage_test/stable_diffusion_v_1_5/test/ai/107_sdv5_00020.png
109,SD1.5_return,1757,GenImage_test/stable_diffusion_v_1_5/test/ai/998_sdv5_00009.png
109,SD1.5_return,1758,GenImage_test/stable_diffusion_v_1_5/test/ai/935_sdv5_00039.png
109,SD1.5_return,1759,GenImage_test/stable_diffusion_v_1_5/test/nature/ILSVRC2012_val_00007270.JPEG
110,SD1.5_return,1760,GenImage_test/stable_diffusion_v_1_5/test/ai/360_sdv5_00195.png
110,SD1.5_return,1761,GenImage_test/stable_diffusion_v_1_5/test/ai/272_sdv5_00135.png
110,SD1.5_return,1762,GenImage_test/stable_diffusion_v_1_5/test/nature/ILSVRC2012_val_00046634.JPEG
110,SD1.5_return,1763,GenImage_test/stable_diffusion_v_1_5/test/nature/ILSVRC2012_val_00047808.JPEG
110,SD1.5_return,1764,GenImage_test/stable_diffusion_v_1_5/test/ai/024_sdv5_00009.png
110,SD1.5_return,1765,GenImage_test/stable_diffusion_v_1_5/test/ai/950_sdv5_00100.png
110,SD1.5_return,1766,GenImage_test/stable_diffusion_v_1_5/test/nature/ILSVRC2012_val_00011512.JPEG
110,SD1.5_return,1767,GenImage_test/stable_diffusion_v_1_5/test/nature/ILSVRC2012_val_00030171.JPEG
110,SD1.5_return,1768,GenImage_test/stable_diffusion_v_1_5/test/ai/137_sdv5_00009.png
110,SD1.5_return,1769,GenImage_test/stable_diffusion_v_1_5/test/ai/514_sdv5_00009.png
110,SD1.5_return,1770,GenImage_test/stable_diffusion_v_1_5/test/ai/121_sdv5_00039.png
110,SD1.5_return,1771,GenImage_test/stable_diffusion_v_1_5/test/nature/ILSVRC2012_val_00015055.JPEG
110,SD1.5_return,1772,GenImage_test/stable_diffusion_v_1_5/test/nature/ILSVRC2012_val_00036268.JPEG
110,SD1.5_return,1773,GenImage_test/stable_diffusion_v_1_5/test/nature/ILSVRC2012_val_00025081.JPEG
110,SD1.5_return,1774,GenImage_test/stable_diffusion_v_1_5/test/ai/342_sdv5_00003.png
110,SD1.5_return,1775,GenImage_test/stable_diffusion_v_1_5/test/ai/365_sdv5_00027.png
111,SD1.5_return,1776,GenImage_test/stable_diffusion_v_1_5/test/ai/347_sdv5_00027.png
111,SD1.5_return,1777,GenImage_test/stable_diffusion_v_1_5/test/ai/380_sdv5_00027.png
111,SD1.5_return,1778,GenImage_test/stable_diffusion_v_1_5/test/nature/ILSVRC2012_val_00042389.JPEG
111,SD1.5_return,1779,GenImage_test/stable_diffusion_v_1_5/test/nature/ILSVRC2012_val_00023435.JPEG
111,SD1.5_return,1780,GenImage_test/stable_diffusion_v_1_5/test/ai/958_sdv5_00009.png
111,SD1.5_return,1781,GenImage_test/stable_diffusion_v_1_5/test/ai/574_sdv5_00027.png
111,SD1.5_return,1782,GenImage_test/stable_diffusion_v_1_5/test/ai/370_sdv5_00195.png
111,SD1.5_return,1783,GenImage_test/stable_diffusion_v_1_5/test/ai/722_sdv5_00039.png
111,SD1.5_return,1784,GenImage_test/stable_diffusion_v_1_5/test/ai/384_sdv5_00135.png
111,SD1.5_return,1785,GenImage_test/stable_diffusion_v_1_5/test/ai/297_sdv5_00100.png
111,SD1.5_return,1786,GenImage_test/stable_diffusion_v_1_5/test/ai/572_sdv5_00100.png
111,SD1.5_return,1787,GenImage_test/stable_diffusion_v_1_5/test/ai/078_sdv5_00195.png
111,SD1.5_return,1788,GenImage_test/stable_diffusion_v_1_5/test/ai/129_sdv5_00020.png
111,SD1.5_return,1789,GenImage_test/stable_diffusion_v_1_5/test/ai/830_sdv5_00003.png
111,SD1.5_return,1790,GenImage_test/stable_diffusion_v_1_5/test/ai/531_sdv5_00009.png
111,SD1.5_return,1791,GenImage_test/stable_diffusion_v_1_5/test/ai/773_sdv5_00135.png
