batch,domain,position,sample_id
0,SD1.5,0,SD1.5/SD1.5/test/1_fake/entire__sd15__fake__000000375606.jpg
0,SD1.5,1,SD1.5/SD1.5/test/0_real/entire__sd15__real__000000233040.jpg
0,SD1.5,2,SD1.5/SD1.5/test/1_fake/entire__sd15__fake__000000567713.jpg
0,SD1.5,3,SD1.5/SD1.5/test/1_fake/entire__sd15__fake__000000257063.jpg
0,SD1.5,4,SD1.5/SD1.5/test/0_real/entire__sd15__real__000000465295.jpg
0,SD1.5,5,SD1.5/SD1.5/test/1_fake/entire__sd15__fake__000000104487.jpg
0,SD1.5,6,SD1.5/SD1.5/test/1_fake/entire__sd15__fake__000000046155.jpg
0,SD1.5,7,SD1.5/SD1.5/test/1_fake/entire__sd15__fake__000000508771.jpg
0,SD1.5,8,SD1.5/SD1.5/test/0_real/entire__sd15__real__000000021979.jpg
0,SD1.5,9,SD1.5/SD1.5/test/0_real/entire__sd15__real__000000485306.jpg
0,SD1.5,10,SD1.5/SD1.5/test/0_real/entire__sd15__real__000000272599.jpg
0,SD1.5,11,SD1.5/SD1.5/test/1_fake/entire__sd15__fake__000000456286.jpg
0,SD1.5,12,SD1.5/SD1.5/test/0_real/entire__sd15__real__000000476499.jpg
0,SD1.5,13,SD1.5/SD1.5/test/1_fake/entire__sd15__fake__000000191647.jpg
0,SD1.5,14,SD1.5/SD1.5/test/0_real/entire__sd15__real__000000037492.jpg
0,SD1.5,15,SD1.5/SD1.5/test/1_fake/entire__sd15__fake__000000355779.jpg
1,SD1.5,16,SD1.5/SD1.5/test/0_real/entire__sd15__real__000000300836.jpg
1,SD1.5,17,SD1.5/SD1.5/test/1_fake/entire__sd15__fake__000000232116.jpg
1,SD1.5,18,SD1.5/SD1.5/test/1_fake/entire__sd15__fake__000000458240.jpg
1,SD1.5,19,SD1.5/SD1.5/test/0_real/entire__sd15__real__000000042404.jpg
1,SD1.5,20,SD1.5/SD1.5/test/0_real/entire__sd15__real__000000306758.jpg
1,SD1.5,21,SD1.5/SD1.5/test/0_real/entire__sd15__real__000000505040.jpg
1,SD1.5,22,SD1.5/SD1.5/test/0_real/entire__sd15__real__000000446422.jpg
1,SD1.5,23,SD1.5/SD1.5/test/0_real/entire__sd15__real__000000293246.jpg
1,SD1.5,24,SD1.5/SD1.5/test/1_fake/entire__sd15__fake__000000178533.jpg
1,SD1.5,25,SD1.5/SD1.5/test/1_fake/entire__sd15__fake__000000284535.jpg
1,SD1.5,26,SD1.5/SD1.5/test/1_fake/entire__sd15__fake__000000025765.jpg
1,SD1.5,27,SD1.5/SD1.5/test/1_fake/entire__sd15__fake__000000328284.jpg
1,SD1.5,28,SD1.5/SD1.5/test/1_fake/entire__sd15__fake__000000288729.jpg
1,SD1.5,29,SD1.5/SD1.5/test/0_real/entire__sd15__real__000000305259.jpg
1,SD1.5,30,SD1.5/SD1.5/test/1_fake/entire__sd15__fake__000000558271.jpg
1,SD1.5,31,SD1.5/SD1.5/test/1_fake/entire__sd15__fake__000000225641.jpg
2,SD1.5,32,SD1.5/SD1.5/test/1_fake/entire__sd15__fake__000000025870.jpg
2,SD1.5,33,SD1.5/SD1.5/test/1_fake/entire__sd15__fake__000000431996.jpg
2,SD1.5,34,SD1.5/SD1.5/test/1_fake/entire__sd15__fake__000000228671.jpg
2,SD1.5,35,SD1.5/SD1.5/test/0_real/entire__sd15__real__000000075778.jpg
2,SD1.5,36,SD1.5/SD1.5/test/0_real/entire__sd15__real__000000046112.jpg
2,SD1.5,37,SD1.5/SD1.5/test/0_real/entire__sd15__real__000000063247.jpg
2,SD1.5,38,SD1.5/SD1.5/test/0_real/entire__sd15__real__000000391745.jpg
2,SD1.5,39,SD1.5/SD1.5/test/0_real/entire__sd15__real__000000114732.jpg
2,SD1.5,40,SD1.5/SD1.5/test/0_real/entire__sd15__real__000000384981.jpg
2,SD1.5,41,SD1.5/SD1.5/test/0_real/entire__sd15__real__000000061372.jpg
2,SD1.5,42,SD1.5/SD1.5/test/1_fake/entire__sd15__fake__000000387434.jpg
2,SD1.5,43,SD1.5/SD1.5/test/1_fake/entire__sd15__fake__000000329502.jpg
2,SD1.5,44,SD1.5/SD1.5/test/1_fake/entire__sd15__fake__000000317191.jpg
2,SD1.5,45,SD1.5/SD1.5/test/1_fake/entire__sd15__fake__000000462057.jpg
2,SD1.5,46,SD1.5/SD1.5/test/0_real/entire__sd15__real__000000579034.jpg
2,SD1.5,47,SD1.5/SD1.5/test/1_fake/entire__sd15__fake__000000521953.jpg
3,SD1.5,48,SD1.5/SD1.5/test/1_fake/entire__sd15__fake__000000442785.jpg
3,SD1.5,49,SD1.5/SD1.5/test/0_real/entire__sd15__real__000000554767.jpg
3,SD1.5,50,SD1.5/SD1.5/test/1_fake/entire__sd15__fake__000000577838.jpg
3,SD1.5,51,SD1.5/SD1.5/test/0_real/entire__sd15__real__000000200351.jpg
3,SD1.5,52,SD1.5/SD1.5/test/1_fake/entire__sd15__fake__000000182125.jpg
3,SD1.5,53,SD1.5/SD1.5/test/1_fake/entire__sd15__fake__000000228344.jpg
3,SD1.5,54,SD1.5/SD1.5/test/1_fake/entire__sd15__fake__000000371652.jpg
3,SD1.5,55,SD1.5/SD1.5/test/1_fake/entire__sd15__fake__000000253843.jpg
3,SD1.5,56,SD1.5/SD1.5/test/1_fake/entire__sd15__fake__000000082565.jpg
3,SD1.5,57,SD1.5/SD1.5/test/0_real/entire__sd15__real__000000398632.jpg
3,SD1.5,58,SD1.5/SD1.5/test/0_real/entire__sd15__real__000000348027.jpg
3,SD1.5,59,SD1.5/SD1.5/test/1_fake/entire__sd15__fake__000000165571.jpg
3,SD1.5,60,SD1.5/SD1.5/test/0_real/entire__sd15__real__000000524233.jpg
3,SD1.5,61,SD1.5/SD1.5/test/1_fake/entire__sd15__fake__000000282738.jpg
3,SD1.5,62,SD1.5/SD1.5/test/1_fake/entire__sd15__fake__000000370391.jpg
3,SD1.5,63,SD1.5/SD1.5/test/0_real/entire__sd15__real__000000403423.jpg
4,SD1.5,64,SD1.5/SD1.5/test/1_fake/entire__sd15__fake__000000397832.jpg
4,SD1.5,65,SD1.5/SD1.5/test/0_real/entire__sd15__real__000000434211.jpg
4,SD1.5,66,SD1.5/SD1.5/test/0_real/entire__sd15__real__000000439756.jpg
4,SD1.5,67,SD1.5/SD1.5/test/1_fake/entire__sd15__fake__000000203481.jpg
4,SD1.5,68,SD1.5/SD1.5/test/1_fake/entire__sd15__fake__000000070714.jpg
4,SD1.5,69,SD1.5/SD1.5/test/1_fake/entire__sd15__fake__000000380635.jpg
4,SD1.5,70,SD1.5/SD1.5/test/0_real/entire__sd15__real__000000490931.jpg
4,SD1.5,71,SD1.5/SD1.5/test/0_real/entire__sd15__real__000000207075.jpg
4,SD1.5,72,SD1.5/SD1.5/test/1_fake/entire__sd15__fake__000000160889.jpg
4,SD1.5,73,SD1.5/SD1.5/test/1_fake/entire__sd15__fake__000000081128.jpg
4,SD1.5,74,SD1.5/SD1.5/test/0_real/entire__sd15__real__000000460761.jpg
4,SD1.5,75,SD1.5/SD1.5/test/1_fake/entire__sd15__fake__000000189239.jpg
4,SD1.5,76,SD1.5/SD1.5/test/0_real/entire__sd15__real__000000437806.jpg
4,SD1.5,77,SD1.5/SD1.5/test/0_real/entire__sd15__real__000000027424.jpg
4,SD1.5,78,SD1.5/SD1.5/test/1_fake/entire__sd15__fake__000000444409.jpg
4,SD1.5,79,SD1.5/SD1.5/test/1_fake/entire__sd15__fake__000000109229.jpg
5,SD1.5,80,SD1.5/SD1.5/test/0_real/entire__sd15__real__000000411343.jpg
5,SD1.5,81,SD1.5/SD1.5/test/0_real/entire__sd15__real__000000382411.jpg
5,SD1.5,82,SD1.5/SD1.5/test/0_real/entire__sd15__real__000000272463.jpg
5,SD1.5,83,SD1.5/SD1.5/test/1_fake/entire__sd15__fake__000000221996.jpg
5,SD1.5,84,SD1.5/SD1.5/test/1_fake/entire__sd15__fake__000000355035.jpg
5,SD1.5,85,SD1.5/SD1.5/test/1_fake/entire__sd15__fake__000000114025.jpg
5,SD1.5,86,SD1.5/SD1.5/test/0_real/entire__sd15__real__000000023729.jpg
5,SD1.5,87,SD1.5/SD1.5/test/0_real/entire__sd15__real__000000191647.jpg
5,SD1.5,88,SD1.5/SD1.5/test/1_fake/entire__sd15__fake__000000529795.jpg
5,SD1.5,89,SD1.5/SD1.5/test/0_real/entire__sd15__real__000000256385.jpg
5,SD1.5,90,SD1.5/SD1.5/test/1_fake/entire__sd15__fake__000000517296.jpg
5,SD1.5,91,SD1.5/SD1.5/test/1_fake/entire__sd15__fake__000000451598.jpg
5,SD1.5,92,SD1.5/SD1.5/test/0_real/entire__sd15__real__000000273197.jpg
5,SD1.5,93,SD1.5/SD1.5/test/0_real/entire__sd15__real__000000355272.jpg
5,SD1.5,94,SD1.5/SD1.5/test/1_fake/entire__sd15__fake__000000136200.jpg
5,SD1.5,95,SD1.5/SD1.5/test/1_fake/entire__sd15__fake__000000520868.jpg
6,SD1.5,96,SD1.5/SD1.5/test/0_real/entire__sd15__real__000000580668.jpg
6,SD1.5,97,SD1.5/SD1.5/test/0_real/entire__sd15__real__000000226890.jpg
6,SD1.5,98,SD1.5/SD1.5/test/1_fake/entire__sd15__fake__000000394941.jpg
6,SD1.5,99,SD1.5/SD1.5/test/1_fake/entire__sd15__fake__000000469260.jpg
6,SD1.5,100,SD1.5/SD1.5/test/0_real/entire__sd15__real__000000526133.jpg
6,SD1.5,101,SD1.5/SD1.5/test/1_fake/entire__sd15__fake__000000569308.jpg
6,SD1.5,102,SD1.5/SD1.5/test/0_real/entire__sd15__real__000000232047.jpg
6,SD1.5,103,SD1.5/SD1.5/test/0_real/entire__sd15__real__000000403170.jpg
6,SD1.5,104,SD1.5/SD1.5/test/1_fake/entire__sd15__fake__000000552406.jpg
6,SD1.5,105,SD1.5/SD1.5/test/0_real/entire__sd15__real__000000387150.jpg
6,SD1.5,106,SD1.5/SD1.5/test/1_fake/entire__sd15__fake__000000068041.jpg
6,SD1.5,107,SD1.5/SD1.5/test/1_fake/entire__sd15__fake__000000111099.jpg
6,SD1.5,108,SD1.5/SD1.5/test/0_real/entire__sd15__real__000000113313.jpg
6,SD1.5,109,SD1.5/SD1.5/test/1_fake/entire__sd15__fake__000000096755.jpg
6,SD1.5,110,SD1.5/SD1.5/test/0_real/entire__sd15__real__000000060056.jpg
6,SD1.5,111,SD1.5/SD1.5/test/0_real/entire__sd15__real__000000056416.jpg
7,SD1.5,112,SD1.5/SD1.5/test/0_real/entire__sd15__real__000000388294.jpg
7,SD1.5,113,SD1.5/SD1.5/test/0_real/entire__sd15__real__000000337298.jpg
7,SD1.5,114,SD1.5/SD1.5/test/1_fake/entire__sd15__fake__000000523346.jpg
7,SD1.5,115,SD1.5/SD1.5/test/0_real/entire__sd15__real__000000425136.jpg
7,SD1.5,116,SD1.5/SD1.5/test/1_fake/entire__sd15__fake__000000202321.jpg
7,SD1.5,117,SD1.5/SD1.5/test/1_fake/entire__sd15__fake__000000083456.jpg
7,SD1.5,118,SD1.5/SD1.5/test/0_real/entire__sd15__real__000000218057.jpg
7,SD1.5,119,SD1.5/SD1.5/test/1_fake/entire__sd15__fake__000000432648.jpg
7,SD1.5,120,SD1.5/SD1.5/test/1_fake/entire__sd15__fake__000000273369.jpg
7,SD1.5,121,SD1.5/SD1.5/test/0_real/entire__sd15__real__000000181962.jpg
7,SD1.5,122,SD1.5/SD1.5/test/1_fake/entire__sd15__fake__000000033127.jpg
7,SD1.5,123,SD1.5/SD1.5/test/1_fake/entire__sd15__fake__000000513796.jpg
7,SD1.5,124,SD1.5/SD1.5/test/1_fake/entire__sd15__fake__000000405444.jpg
7,SD1.5,125,SD1.5/SD1.5/test/0_real/entire__sd15__real__000000131015.jpg
7,SD1.5,126,SD1.5/SD1.5/test/0_real/entire__sd15__real__000000103841.jpg
7,SD1.5,127,SD1.5/SD1.5/test/0_real/entire__sd15__real__000000299343.jpg
8,SD1.5,128,SD1.5/SD1.5/test/0_real/entire__sd15__real__000000136501.jpg
8,SD1.5,129,SD1.5/SD1.5/test/1_fake/entire__sd15__fake__000000243852.jpg
8,SD1.5,130,SD1.5/SD1.5/test/1_fake/entire__sd15__fake__000000542809.jpg
8,SD1.5,131,SD1.5/SD1.5/test/0_real/entire__sd15__real__000000552417.jpg
8,SD1.5,132,SD1.5/SD1.5/test/1_fake/entire__sd15__fake__000000346109.jpg
8,SD1.5,133,SD1.5/SD1.5/test/1_fake/entire__sd15__fake__000000208727.jpg
8,SD1.5,134,SD1.5/SD1.5/test/1_fake/entire__sd15__fake__000000440097.jpg
8,SD1.5,135,SD1.5/SD1.5/test/1_fake/entire__sd15__fake__000000469061.jpg
8,SD1.5,136,SD1.5/SD1.5/test/0_real/entire__sd15__real__000000355550.jpg
8,SD1.5,137,SD1.5/SD1.5/test/1_fake/entire__sd15__fake__000000280847.jpg
8,SD1.5,138,SD1.5/SD1.5/test/1_fake/entire__sd15__fake__000000277390.jpg
8,SD1.5,139,SD1.5/SD1.5/test/0_real/entire__sd15__real__000000457477.jpg
8,SD1.5,140,SD1.5/SD1.5/test/0_real/entire__sd15__real__000000033057.jpg
8,SD1.5,141,SD1.5/SD1.5/test/0_real/entire__sd15__real__000000212853.jpg
8,SD1.5,142,SD1.5/SD1.5/test/0_real/entire__sd15__real__000000456310.jpg
8,SD1.5,143,SD1.5/SD1.5/test/0_real/entire__sd15__real__000000214209.jpg
9,SD1.5,144,SD1.5/SD1.5/test/0_real/entire__sd15__real__000000263699.jpg
9,SD1.5,145,SD1.5/SD1.5/test/0_real/entire__sd15__real__000000030665.jpg
9,SD1.5,146,SD1.5/SD1.5/test/0_real/entire__sd15__real__000000581495.jpg
9,SD1.5,147,SD1.5/SD1.5/test/1_fake/entire__sd15__fake__000000490259.jpg
9,SD1.5,148,SD1.5/SD1.5/test/0_real/entire__sd15__real__000000293218.jpg
9,SD1.5,149,SD1.5/SD1.5/test/0_real/entire__sd15__real__000000409323.jpg
9,SD1.5,150,SD1.5/SD1.5/test/0_real/entire__sd15__real__000000457449.jpg
9,SD1.5,151,SD1.5/SD1.5/test/1_fake/entire__sd15__fake__000000016556.jpg
9,SD1.5,152,SD1.5/SD1.5/test/1_fake/entire__sd15__fake__000000502854.jpg
9,SD1.5,153,SD1.5/SD1.5/test/1_fake/entire__sd15__fake__000000187349.jpg
9,SD1.5,154,SD1.5/SD1.5/test/0_real/entire__sd15__real__000000140180.jpg
9,SD1.5,155,SD1.5/SD1.5/test/0_real/entire__sd15__real__000000096459.jpg
9,SD1.5,156,SD1.5/SD1.5/test/1_fake/entire__sd15__fake__000000031794.jpg
9,SD1.5,157,SD1.5/SD1.5/test/0_real/entire__sd15__real__000000276387.jpg
9,SD1.5,158,SD1.5/SD1.5/test/0_real/entire__sd15__real__000000124617.jpg
9,SD1.5,159,SD1.5/SD1.5/test/0_real/entire__sd15__real__000000218868.jpg
10,SD1.5,160,SD1.5/SD1.5/test/1_fake/entire__sd15__fake__000000061938.jpg
10,SD1.5,161,SD1.5/SD1.5/test/1_fake/entire__sd15__fake__000000117400.jpg
10,SD1.5,162,SD1.5/SD1.5/test/1_fake/entire__sd15__fake__000000377715.jpg
10,SD1.5,163,SD1.5/SD1.5/test/1_fake/entire__sd15__fake__000000531457.jpg
10,SD1.5,164,SD1.5/SD1.5/test/0_real/entire__sd15__real__000000284246.jpg
10,SD1.5,165,SD1.5/SD1.5/test/0_real/entire__sd15__real__000000251576.jpg
10,SD1.5,166,SD1.5/SD1.5/test/1_fake/entire__sd15__fake__000000543645.jpg
10,SD1.5,167,SD1.5/SD1.5/test/0_real/entire__sd15__real__000000250136.jpg
10,SD1.5,168,SD1.5/SD1.5/test/1_fake/entire__sd15__fake__000000411303.jpg
10,SD1.5,169,SD1.5/SD1.5/test/0_real/entire__sd15__real__000000578341.jpg
10,SD1.5,170,SD1.5/SD1.5/test/0_real/entire__sd15__real__000000553795.jpg
10,SD1.5,171,SD1.5/SD1.5/test/1_fake/entire__sd15__fake__000000531657.jpg
10,SD1.5,172,SD1.5/SD1.5/test/0_real/entire__sd15__real__000000409678.jpg
10,SD1.5,173,SD1.5/SD1.5/test/1_fake/entire__sd15__fake__000000249445.jpg
10,SD1.5,174,SD1.5/SD1.5/test/0_real/entire__sd15__real__000000059462.jpg
10,SD1.5,175,SD1.5/SD1.5/test/1_fake/entire__sd15__fake__000000309517.jpg
11,SD1.5,176,SD1.5/SD1.5/test/0_real/entire__sd15__real__000000198923.jpg
11,SD1.5,177,SD1.5/SD1.5/test/0_real/entire__sd15__real__000000335851.jpg
11,SD1.5,178,SD1.5/SD1.5/test/0_real/entire__sd15__real__000000427178.jpg
11,SD1.5,179,SD1.5/SD1.5/test/0_real/entire__sd15__real__000000481866.jpg
11,SD1.5,180,SD1.5/SD1.5/test/0_real/entire__sd15__real__000000166762.jpg
11,SD1.5,181,SD1.5/SD1.5/test/0_real/entire__sd15__real__000000256236.jpg
11,SD1.5,182,SD1.5/SD1.5/test/0_real/entire__sd15__real__000000240545.jpg
11,SD1.5,183,SD1.5/SD1.5/test/0_real/entire__sd15__real__000000473915.jpg
11,SD1.5,184,SD1.5/SD1.5/test/0_real/entire__sd15__real__000000256607.jpg
11,SD1.5,185,SD1.5/SD1.5/test/1_fake/entire__sd15__fake__000000305231.jpg
11,SD1.5,186,SD1.5/SD1.5/test/1_fake/entire__sd15__fake__000000340508.jpg
11,SD1.5,187,SD1.5/SD1.5/test/0_real/entire__sd15__real__000000067080.jpg
11,SD1.5,188,SD1.5/SD1.5/test/0_real/entire__sd15__real__000000416651.jpg
11,SD1.5,189,SD1.5/SD1.5/test/0_real/entire__sd15__real__000000410319.jpg
11,SD1.5,190,SD1.5/SD1.5/test/1_fake/entire__sd15__fake__000000142891.jpg
11,SD1.5,191,SD1.5/SD1.5/test/1_fake/entire__sd15__fake__000000115372.jpg
12,SD1.5,192,SD1.5/SD1.5/test/1_fake/entire__sd15__fake__000000260794.jpg
12,SD1.5,193,SD1.5/SD1.5/test/1_fake/entire__sd15__fake__000000276066.jpg
12,SD1.5,194,SD1.5/SD1.5/test/0_real/entire__sd15__real__000000392659.jpg
12,SD1.5,195,SD1.5/SD1.5/test/1_fake/entire__sd15__fake__000000477782.jpg
12,SD1.5,196,SD1.5/SD1.5/test/0_real/entire__sd15__real__000000220799.jpg
12,SD1.5,197,SD1.5/SD1.5/test/0_real/entire__sd15__real__000000530037.jpg
12,SD1.5,198,SD1.5/SD1.5/test/1_fake/entire__sd15__fake__000000303079.jpg
12,SD1.5,199,SD1.5/SD1.5/test/0_real/entire__sd15__real__000000260336.jpg
12,SD1.5,200,SD1.5/SD1.5/test/1_fake/entire__sd15__fake__000000129100.jpg
12,SD1.5,201,SD1.5/SD1.5/test/1_fake/entire__sd15__fake__000000001697.jpg
12,SD1.5,202,SD1.5/SD1.5/test/0_real/entire__sd15__real__000000322056.jpg
12,SD1.5,203,SD1.5/SD1.5/test/1_fake/entire__sd15__fake__000000398309.jpg
12,SD1.5,204,SD1.5/SD1.5/test/1_fake/entire__sd15__fake__000000022199.jpg
12,SD1.5,205,SD1.5/SD1.5/test/1_fake/entire__sd15__fake__000000245582.jpg
12,SD1.5,206,SD1.5/SD1.5/test/0_real/entire__sd15__real__000000064497.jpg
12,SD1.5,207,SD1.5/SD1.5/test/0_real/entire__sd15__real__000000333368.jpg
13,SD1.5,208,SD1.5/SD1.5/test/1_fake/entire__sd15__fake__000000306640.jpg
13,SD1.5,209,SD1.5/SD1.5/test/1_fake/entire__sd15__fake__000000242210.jpg
13,SD1.5,210,SD1.5/SD1.5/test/0_real/entire__sd15__real__000000032183.jpg
13,SD1.5,211,SD1.5/SD1.5/test/0_real/entire__sd15__real__000000362662.jpg
13,SD1.5,212,SD1.5/SD1.5/test/1_fake/entire__sd15__fake__000000271842.jpg
13,SD1.5,213,SD1.5/SD1.5/test/0_real/entire__sd15__real__000000408535.jpg
13,SD1.5,214,SD1.5/SD1.5/test/0_real/entire__sd15__real__000000032523.jpg
13,SD1.5,215,SD1.5/SD1.5/test/0_real/entire__sd15__real__000000036973.jpg
13,SD1.5,216,SD1.5/SD1.5/test/0_real/entire__sd15__real__000000245582.jpg
13,SD1.5,217,SD1.5/SD1.5/test/1_fake/entire__sd15__fake__000000267731.jpg
13,SD1.5,218,SD1.5/SD1.5/test/1_fake/entire__sd15__fake__000000370824.jpg
13,SD1.5,219,SD1.5/SD1.5/test/0_real/entire__sd15__real__000000312380.jpg
13,SD1.5,220,SD1.5/SD1.5/test/0_real/entire__sd15__real__000000188613.jpg
13,SD1.5,221,SD1.5/SD1.5/test/1_fake/entire__sd15__fake__000000402255.jpg
13,SD1.5,222,SD1.5/SD1.5/test/1_fake/entire__sd15__fake__000000121107.jpg
13,SD1.5,223,SD1.5/SD1.5/test/1_fake/entire__sd15__fake__000000254127.jpg
14,SD1.5,224,SD1.5/SD1.5/test/1_fake/entire__sd15__fake__000000088675.jpg
14,SD1.5,225,SD1.5/SD1.5/test/0_real/entire__sd15__real__000000404701.jpg
14,SD1.5,226,SD1.5/SD1.5/test/0_real/entire__sd15__real__000000045677.jpg
14,SD1.5,227,SD1.5/SD1.5/test/0_real/entire__sd15__real__000000297465.jpg
14,SD1.5,228,SD1.5/SD1.5/test/0_real/entire__sd15__real__000000385535.jpg
14,SD1.5,229,SD1.5/SD1.5/test/1_fake/entire__sd15__fake__000000196842.jpg
14,SD1.5,230,SD1.5/SD1.5/test/0_real/entire__sd15__real__000000012953.jpg
14,SD1.5,231,SD1.5/SD1.5/test/1_fake/entire__sd15__fake__000000022226.jpg
14,SD1.5,232,SD1.5/SD1.5/test/1_fake/entire__sd15__fake__000000530629.jpg
14,SD1.5,233,SD1.5/SD1.5/test/1_fake/entire__sd15__fake__000000000985.jpg
14,SD1.5,234,SD1.5/SD1.5/test/1_fake/entire__sd15__fake__000000531796.jpg
14,SD1.5,235,SD1.5/SD1.5/test/1_fake/entire__sd15__fake__000000142323.jpg
14,SD1.5,236,SD1.5/SD1.5/test/0_real/entire__sd15__real__000000236295.jpg
14,SD1.5,237,SD1.5/SD1.5/test/1_fake/entire__sd15__fake__000000514248.jpg
14,SD1.5,238,SD1.5/SD1.5/test/0_real/entire__sd15__real__000000058171.jpg
14,SD1.5,239,SD1.5/SD1.5/test/0_real/entire__sd15__real__000000568135.jpg
15,SD1.5,240,SD1.5/SD1.5/test/0_real/entire__sd15__real__000000021215.jpg
15,SD1.5,241,SD1.5/SD1.5/test/1_fake/entire__sd15__fake__000000496374.jpg
15,SD1.5,242,SD1.5/SD1.5/test/0_real/entire__sd15__real__000000073061.jpg
15,SD1.5,243,SD1.5/SD1.5/test/0_real/entire__sd15__real__000000547863.jpg
15,SD1.5,244,SD1.5/SD1.5/test/0_real/entire__sd15__real__000000187989.jpg
15,SD1.5,245,SD1.5/SD1.5/test/1_fake/entire__sd15__fake__000000262736.jpg
15,SD1.5,246,SD1.5/SD1.5/test/0_real/entire__sd15__real__000000226048.jpg
15,SD1.5,247,SD1.5/SD1.5/test/0_real/entire__sd15__real__000000094118.jpg
15,SD1.5,248,SD1.5/SD1.5/test/1_fake/entire__sd15__fake__000000281259.jpg
15,SD1.5,249,SD1.5/SD1.5/test/1_fake/entire__sd15__fake__000000240074.jpg
15,SD1.5,250,SD1.5/SD1.5/test/1_fake/entire__sd15__fake__000000111874.jpg
15,SD1.5,251,SD1.5/SD1.5/test/1_fake/entire__sd15__fake__000000058800.jpg
15,SD1.5,252,SD1.5/SD1.5/test/0_real/entire__sd15__real__000000532985.jpg
15,SD1.5,253,SD1.5/SD1.5/test/1_fake/entire__sd15__fake__000000239853.jpg
15,SD1.5,254,SD1.5/SD1.5/test/0_real/entire__sd15__real__000000241517.jpg
15,SD1.5,255,SD1.5/SD1.5/test/1_fake/entire__sd15__fake__000000542181.jpg
16,SD1.5,256,SD1.5/SD1.5/test/1_fake/entire__sd15__fake__000000227204.jpg
16,SD1.5,257,SD1.5/SD1.5/test/1_fake/entire__sd15__fake__000000279418.jpg
16,SD1.5,258,SD1.5/SD1.5/test/1_fake/entire__sd15__fake__000000322719.jpg
16,SD1.5,259,SD1.5/SD1.5/test/0_real/entire__sd15__real__000000555271.jpg
16,SD1.5,260,SD1.5/SD1.5/test/1_fake/entire__sd15__fake__000000361672.jpg
16,SD1.5,261,SD1.5/SD1.5/test/0_real/entire__sd15__real__000000137842.jpg
16,SD1.5,262,SD1.5/SD1.5/test/0_real/entire__sd15__real__000000353902.jpg
16,SD1.5,263,SD1.5/SD1.5/test/1_fake/entire__sd15__fake__000000046101.jpg
16,SD1.5,264,SD1.5/SD1.5/test/0_real/entire__sd15__real__000000221272.jpg
16,SD1.5,265,SD1.5/SD1.5/test/1_fake/entire__sd15__fake__000000137838.jpg
16,SD1.5,266,SD1.5/SD1.5/test/1_fake/entire__sd15__fake__000000479630.jpg
16,SD1.5,267,SD1.5/SD1.5/test/0_real/entire__sd15__real__000000517408.jpg
16,SD1.5,268,SD1.5/SD1.5/test/1_fake/entire__sd15__fake__000000036589.jpg
16,SD1.5,269,SD1.5/SD1.5/test/1_fake/entire__sd15__fake__000000415162.jpg
16,SD1.5,270,SD1.5/SD1.5/test/0_real/entire__sd15__real__000000246616.jpg
16,SD1.5,271,SD1.5/SD1.5/test/0_real/entire__sd15__real__000000140743.jpg
17,SD1.5,272,SD1.5/SD1.5/test/1_fake/entire__sd15__fake__000000042779.jpg
17,SD1.5,273,SD1.5/SD1.5/test/1_fake/entire__sd15__fake__000000292907.jpg
17,SD1.5,274,SD1.5/SD1.5/test/0_real/entire__sd15__real__000000153392.jpg
17,SD1.5,275,SD1.5/SD1.5/test/0_real/entire__sd15__real__000000518194.jpg
17,SD1.5,276,SD1.5/SD1.5/test/1_fake/entire__sd15__fake__000000265274.jpg
17,SD1.5,277,SD1.5/SD1.5/test/0_real/entire__sd15__real__000000060332.jpg
17,SD1.5,278,SD1.5/SD1.5/test/0_real/entire__sd15__real__000000359139.jpg
17,SD1.5,279,SD1.5/SD1.5/test/0_real/entire__sd15__real__000000515823.jpg
17,SD1.5,280,SD1.5/SD1.5/test/0_real/entire__sd15__real__000000450169.jpg
17,SD1.5,281,SD1.5/SD1.5/test/1_fake/entire__sd15__fake__000000561563.jpg
17,SD1.5,282,SD1.5/SD1.5/test/0_real/entire__sd15__real__000000000762.jpg
17,SD1.5,283,SD1.5/SD1.5/test/0_real/entire__sd15__real__000000391662.jpg
17,SD1.5,284,SD1.5/SD1.5/test/0_real/entire__sd15__real__000000283168.jpg
17,SD1.5,285,SD1.5/SD1.5/test/1_fake/entire__sd15__fake__000000356131.jpg
17,SD1.5,286,SD1.5/SD1.5/test/0_real/entire__sd15__real__000000031437.jpg
17,SD1.5,287,SD1.5/SD1.5/test/1_fake/entire__sd15__fake__000000288194.jpg
18,SD1.5,288,SD1.5/SD1.5/test/1_fake/entire__sd15__fake__000000313420.jpg
18,SD1.5,289,SD1.5/SD1.5/test/1_fake/entire__sd15__fake__000000545930.jpg
18,SD1.5,290,SD1.5/SD1.5/test/1_fake/entire__sd15__fake__000000326706.jpg
18,SD1.5,291,SD1.5/SD1.5/test/0_real/entire__sd15__real__000000381318.jpg
18,SD1.5,292,SD1.5/SD1.5/test/0_real/entire__sd15__real__000000237968.jpg
18,SD1.5,293,SD1.5/SD1.5/test/0_real/entire__sd15__real__000000258832.jpg
18,SD1.5,294,SD1.5/SD1.5/test/0_real/entire__sd15__real__000000190826.jpg
18,SD1.5,295,SD1.5/SD1.5/test/0_real/entire__sd15__real__000000083601.jpg
18,SD1.5,296,SD1.5/SD1.5/test/1_fake/entire__sd15__fake__000000481064.jpg
18,SD1.5,297,SD1.5/SD1.5/test/1_fake/entire__sd15__fake__000000168833.jpg
18,SD1.5,298,SD1.5/SD1.5/test/1_fake/entire__sd15__fake__000000094202.jpg
18,SD1.5,299,SD1.5/SD1.5/test/1_fake/entire__sd15__fake__000000065488.jpg
18,SD1.5,300,SD1.5/SD1.5/test/0_real/entire__sd15__real__000000052209.jpg
18,SD1.5,301,SD1.5/SD1.5/test/0_real/entire__sd15__real__000000390796.jpg
18,SD1.5,302,SD1.5/SD1.5/test/1_fake/entire__sd15__fake__000000286285.jpg
18,SD1.5,303,SD1.5/SD1.5/test/1_fake/entire__sd15__fake__000000239656.jpg
19,SD1.5,304,SD1.5/SD1.5/test/1_fake/entire__sd15__fake__000000538938.jpg
19,SD1.5,305,SD1.5/SD1.5/test/1_fake/entire__sd15__fake__000000480076.jpg
19,SD1.5,306,SD1.5/SD1.5/test/1_fake/entire__sd15__fake__000000488303.jpg
19,SD1.5,307,SD1.5/SD1.5/test/0_real/entire__sd15__real__000000021253.jpg
19,SD1.5,308,SD1.5/SD1.5/test/0_real/entire__sd15__real__000000080471.jpg
19,SD1.5,309,SD1.5/SD1.5/test/1_fake/entire__sd15__fake__000000016520.jpg
19,SD1.5,310,SD1.5/SD1.5/test/0_real/entire__sd15__real__000000071807.jpg
19,SD1.5,311,SD1.5/SD1.5/test/1_fake/entire__sd15__fake__000000372612.jpg
19,SD1.5,312,SD1.5/SD1.5/test/0_real/entire__sd15__real__000000175000.jpg
19,SD1.5,313,SD1.5/SD1.5/test/1_fake/entire__sd15__fake__000000222635.jpg
19,SD1.5,314,SD1.5/SD1.5/test/1_fake/entire__sd15__fake__000000239697.jpg
19,SD1.5,315,SD1.5/SD1.5/test/0_real/entire__sd15__real__000000553366.jpg
19,SD1.5,316,SD1.5/SD1.5/test/0_real/entire__sd15__real__000000513138.jpg
19,SD1.5,317,SD1.5/SD1.5/test/1_fake/entire__sd15__fake__000000548964.jpg
19,SD1.5,318,SD1.5/SD1.5/test/1_fake/entire__sd15__fake__000000370836.jpg
19,SD1.5,319,SD1.5/SD1.5/test/1_fake/entire__sd15__fake__000000416811.jpg
20,SD1.5,320,SD1.5/SD1.5/test/0_real/entire__sd15__real__000000342296.jpg
20,SD1.5,321,SD1.5/SD1.5/test/0_real/entire__sd15__real__000000416943.jpg
20,SD1.5,322,SD1.5/SD1.5/test/1_fake/entire__sd15__fake__000000565233.jpg
20,SD1.5,323,SD1.5/SD1.5/test/0_real/entire__sd15__real__000000078061.jpg
20,SD1.5,324,SD1.5/SD1.5/test/1_fake/entire__sd15__fake__000000155376.jpg
20,SD1.5,325,SD1.5/SD1.5/test/1_fake/entire__sd15__fake__000000128514.jpg
20,SD1.5,326,SD1.5/SD1.5/test/0_real/entire__sd15__real__000000469464.jpg
20,SD1.5,327,SD1.5/SD1.5/test/0_real/entire__sd15__real__000000214908.jpg
20,SD1.5,328,SD1.5/SD1.5/test/1_fake/entire__sd15__fake__000000161051.jpg
20,SD1.5,329,SD1.5/SD1.5/test/0_real/entire__sd15__real__000000238982.jpg
20,SD1.5,330,SD1.5/SD1.5/test/0_real/entire__sd15__real__000000077429.jpg
20,SD1.5,331,SD1.5/SD1.5/test/1_fake/entire__sd15__fake__000000348179.jpg
20,SD1.5,332,SD1.5/SD1.5/test/0_real/entire__sd15__real__000000221416.jpg
20,SD1.5,333,SD1.5/SD1.5/test/1_fake/entire__sd15__fake__000000403394.jpg
20,SD1.5,334,SD1.5/SD1.5/test/0_real/entire__sd15__real__000000280766.jpg
20,SD1.5,335,SD1.5/SD1.5/test/1_fake/entire__sd15__fake__000000058223.jpg
21,SD1.5,336,SD1.5/SD1.5/test/1_fake/entire__sd15__fake__000000331367.jpg
21,SD1.5,337,SD1.5/SD1.5/test/1_fake/entire__sd15__fake__000000060332.jpg
21,SD1.5,338,SD1.5/SD1.5/test/0_real/entire__sd15__real__000000097182.jpg
21,SD1.5,339,SD1.5/SD1.5/test/0_real/entire__sd15__real__000000578276.jpg
21,SD1.5,340,SD1.5/SD1.5/test/1_fake/entire__sd15__fake__000000545850.jpg
21,SD1.5,341,SD1.5/SD1.5/test/1_fake/entire__sd15__fake__000000444672.jpg
21,SD1.5,342,SD1.5/SD1.5/test/1_fake/entire__sd15__fake__000000125598.jpg
21,SD1.5,343,SD1.5/SD1.5/test/0_real/entire__sd15__real__000000267136.jpg
21,SD1.5,344,SD1.5/SD1.5/test/0_real/entire__sd15__real__000000098437.jpg
21,SD1.5,345,SD1.5/SD1.5/test/0_real/entire__sd15__real__000000363349.jpg
21,SD1.5,346,SD1.5/SD1.5/test/0_real/entire__sd15__real__000000195917.jpg
21,SD1.5,347,SD1.5/SD1.5/test/1_fake/entire__sd15__fake__000000459110.jpg
21,SD1.5,348,SD1.5/SD1.5/test/1_fake/entire__sd15__fake__000000488154.jpg
21,SD1.5,349,SD1.5/SD1.5/test/0_real/entire__sd15__real__000000406376.jpg
21,SD1.5,350,SD1.5/SD1.5/test/0_real/entire__sd15__real__000000336320.jpg
21,SD1.5,351,SD1.5/SD1.5/test/0_real/entire__sd15__real__000000291665.jpg
22,SD1.5,352,SD1.5/SD1.5/test/1_fake/entire__sd15__fake__000000205424.jpg
22,SD1.5,353,SD1.5/SD1.5/test/1_fake/entire__sd15__fake__000000339766.jpg
22,SD1.5,354,SD1.5/SD1.5/test/1_fake/entire__sd15__fake__000000241324.jpg
22,SD1.5,355,SD1.5/SD1.5/test/1_fake/entire__sd15__fake__000000077849.jpg
22,SD1.5,356,SD1.5/SD1.5/test/0_real/entire__sd15__real__000000539051.jpg
22,SD1.5,357,SD1.5/SD1.5/test/1_fake/entire__sd15__fake__000000431820.jpg
22,SD1.5,358,SD1.5/SD1.5/test/0_real/entire__sd15__real__000000483139.jpg
22,SD1.5,359,SD1.5/SD1.5/test/1_fake/entire__sd15__fake__000000381216.jpg
22,SD1.5,360,SD1.5/SD1.5/test/1_fake/entire__sd15__fake__000000386497.jpg
22,SD1.5,361,SD1.5/SD1.5/test/0_real/entire__sd15__real__000000061605.jpg
22,SD1.5,362,SD1.5/SD1.5/test/0_real/entire__sd15__real__000000306451.jpg
22,SD1.5,363,SD1.5/SD1.5/test/0_real/entire__sd15__real__000000004527.jpg
22,SD1.5,364,SD1.5/SD1.5/test/1_fake/entire__sd15__fake__000000038548.jpg
22,SD1.5,365,SD1.5/SD1.5/test/0_real/entire__sd15__real__000000304157.jpg
22,SD1.5,366,SD1.5/SD1.5/test/1_fake/entire__sd15__fake__000000342762.jpg
22,SD1.5,367,SD1.5/SD1.5/test/0_real/entire__sd15__real__000000175390.jpg
23,SD1.5,368,SD1.5/SD1.5/test/0_real/entire__sd15__real__000000119640.jpg
23,SD1.5,369,SD1.5/SD1.5/test/0_real/entire__sd15__real__000000428161.jpg
23,SD1.5,370,SD1.5/SD1.5/test/1_fake/entire__sd15__fake__000000333436.jpg
23,SD1.5,371,SD1.5/SD1.5/test/0_real/entire__sd15__real__000000181551.jpg
23,SD1.5,372,SD1.5/SD1.5/test/0_real/entire__sd15__real__000000203239.jpg
23,SD1.5,373,SD1.5/SD1.5/test/0_real/entire__sd15__real__000000536321.jpg
23,SD1.5,374,SD1.5/SD1.5/test/1_fake/entire__sd15__fake__000000563683.jpg
23,SD1.5,375,SD1.5/SD1.5/test/1_fake/entire__sd15__fake__000000056181.jpg
23,SD1.5,376,SD1.5/SD1.5/test/0_real/entire__sd15__real__000000022149.jpg
23,SD1.5,377,SD1.5/SD1.5/test/1_fake/entire__sd15__fake__000000300214.jpg
23,SD1.5,378,SD1.5/SD1.5/test/0_real/entire__sd15__real__000000399152.jpg
23,SD1.5,379,SD1.5/SD1.5/test/1_fake/entire__sd15__fake__000000443940.jpg
23,SD1.5,380,SD1.5/SD1.5/test/0_real/entire__sd15__real__000000049933.jpg
23,SD1.5,381,SD1.5/SD1.5/test/1_fake/entire__sd15__fake__000000289428.jpg
23,SD1.5,382,SD1.5/SD1.5/test/0_real/entire__sd15__real__000000427796.jpg
23,SD1.5,383,SD1.5/SD1.5/test/0_real/entire__sd15__real__000000032129.jpg
24,SD1.5,384,SD1.5/SD1.5/test/0_real/entire__sd15__real__000000082920.jpg
24,SD1.5,385,SD1.5/SD1.5/test/1_fake/entire__sd15__fake__000000392990.jpg
24,SD1.5,386,SD1.5/SD1.5/test/0_real/entire__sd15__real__000000480744.jpg
24,SD1.5,387,SD1.5/SD1.5/test/1_fake/entire__sd15__fake__000000264855.jpg
24,SD1.5,388,SD1.5/SD1.5/test/0_real/entire__sd15__real__000000421825.jpg
24,SD1.5,389,SD1.5/SD1.5/test/0_real/entire__sd15__real__000000510033.jpg
24,SD1.5,390,SD1.5/SD1.5/test/1_fake/entire__sd15__fake__000000282224.jpg
24,SD1.5,391,SD1.5/SD1.5/test/0_real/entire__sd15__real__000000504125.jpg
24,SD1.5,392,SD1.5/SD1.5/test/1_fake/entire__sd15__fake__000000120952.jpg
24,SD1.5,393,SD1.5/SD1.5/test/0_real/entire__sd15__real__000000093746.jpg
24,SD1.5,394,SD1.5/SD1.5/test/1_fake/entire__sd15__fake__000000342385.jpg
24,SD1.5,395,SD1.5/SD1.5/test/0_real/entire__sd15__real__000000457724.jpg
24,SD1.5,396,SD1.5/SD1.5/test/0_real/entire__sd15__real__000000356131.jpg
24,SD1.5,397,SD1.5/SD1.5/test/1_fake/entire__sd15__fake__000000442443.jpg
24,SD1.5,398,SD1.5/SD1.5/test/1_fake/entire__sd15__fake__000000159504.jpg
24,SD1.5,399,SD1.5/SD1.5/test/0_real/entire__sd15__real__000000284701.jpg
25,SD1.5,400,SD1.5/SD1.5/test/1_fake/entire__sd15__fake__000000512276.jpg
25,SD1.5,401,SD1.5/SD1.5/test/0_real/entire__sd15__real__000000021926.jpg
25,SD1.5,402,SD1.5/SD1.5/test/0_real/entire__sd15__real__000000121929.jpg
25,SD1.5,403,SD1.5/SD1.5/test/1_fake/entire__sd15__fake__000000297637.jpg
25,SD1.5,404,SD1.5/SD1.5/test/0_real/entire__sd15__real__000000336289.jpg
25,SD1.5,405,SD1.5/SD1.5/test/1_fake/entire__sd15__fake__000000143532.jpg
25,SD1.5,406,SD1.5/SD1.5/test/0_real/entire__sd15__real__000000497388.jpg
25,SD1.5,407,SD1.5/SD1.5/test/0_real/entire__sd15__real__000000216682.jpg
25,SD1.5,408,SD1.5/SD1.5/test/0_real/entire__sd15__real__000000089999.jpg
25,SD1.5,409,SD1.5/SD1.5/test/0_real/entire__sd15__real__000000073491.jpg
25,SD1.5,410,SD1.5/SD1.5/test/0_real/entire__sd15__real__000000396924.jpg
25,SD1.5,411,SD1.5/SD1.5/test/0_real/entire__sd15__real__000000372384.jpg
25,SD1.5,412,SD1.5/SD1.5/test/1_fake/entire__sd15__fake__000000222783.jpg
25,SD1.5,413,SD1.5/SD1.5/test/1_fake/entire__sd15__fake__000000302715.jpg
25,SD1.5,414,SD1.5/SD1.5/test/1_fake/entire__sd15__fake__000000325555.jpg
25,SD1.5,415,SD1.5/SD1.5/test/1_fake/entire__sd15__fake__000000116819.jpg
26,SD1.5,416,SD1.5/SD1.5/test/0_real/entire__sd15__real__000000111874.jpg
26,SD1.5,417,SD1.5/SD1.5/test/0_real/entire__sd15__real__000000429644.jpg
26,SD1.5,418,SD1.5/SD1.5/test/0_real/entire__sd15__real__000000117969.jpg
26,SD1.5,419,SD1.5/SD1.5/test/0_real/entire__sd15__real__000000221379.jpg
26,SD1.5,420,SD1.5/SD1.5/test/0_real/entire__sd15__real__000000001771.jpg
26,SD1.5,421,SD1.5/SD1.5/test/1_fake/entire__sd15__fake__000000373414.jpg
26,SD1.5,422,SD1.5/SD1.5/test/1_fake/entire__sd15__fake__000000398628.jpg
26,SD1.5,423,SD1.5/SD1.5/test/1_fake/entire__sd15__fake__000000541327.jpg
26,SD1.5,424,SD1.5/SD1.5/test/0_real/entire__sd15__real__000000393140.jpg
26,SD1.5,425,SD1.5/SD1.5/test/1_fake/entire__sd15__fake__000000363719.jpg
26,SD1.5,426,SD1.5/SD1.5/test/0_real/entire__sd15__real__000000326584.jpg
26,SD1.5,427,SD1.5/SD1.5/test/0_real/entire__sd15__real__000000091310.jpg
26,SD1.5,428,SD1.5/SD1.5/test/0_real/entire__sd15__real__000000277697.jpg
26,SD1.5,429,SD1.5/SD1.5/test/0_real/entire__sd15__real__000000097734.jpg
26,SD1.5,430,SD1.5/SD1.5/test/1_fake/entire__sd15__fake__000000212838.jpg
26,SD1.5,431,SD1.5/SD1.5/test/0_real/entire__sd15__real__000000123310.jpg
27,SD1.5,432,SD1.5/SD1.5/test/0_real/entire__sd15__real__000000353889.jpg
27,SD1.5,433,SD1.5/SD1.5/test/1_fake/entire__sd15__fake__000000045830.jpg
27,SD1.5,434,SD1.5/SD1.5/test/0_real/entire__sd15__real__000000321438.jpg
27,SD1.5,435,SD1.5/SD1.5/test/0_real/entire__sd15__real__000000406749.jpg
27,SD1.5,436,SD1.5/SD1.5/test/1_fake/entire__sd15__fake__000000210090.jpg
27,SD1.5,437,SD1.5/SD1.5/test/1_fake/entire__sd15__fake__000000079654.jpg
27,SD1.5,438,SD1.5/SD1.5/test/1_fake/entire__sd15__fake__000000361051.jpg
27,SD1.5,439,SD1.5/SD1.5/test/1_fake/entire__sd15__fake__000000394964.jpg
27,SD1.5,440,SD1.5/SD1.5/test/1_fake/entire__sd15__fake__000000118726.jpg
27,SD1.5,441,SD1.5/SD1.5/test/1_fake/entire__sd15__fake__000000448825.jpg
27,SD1.5,442,SD1.5/SD1.5/test/0_real/entire__sd15__real__000000163975.jpg
27,SD1.5,443,SD1.5/SD1.5/test/1_fake/entire__sd15__fake__000000202146.jpg
27,SD1.5,444,SD1.5/SD1.5/test/0_real/entire__sd15__real__000000472509.jpg
27,SD1.5,445,SD1.5/SD1.5/test/1_fake/entire__sd15__fake__000000181948.jpg
27,SD1.5,446,SD1.5/SD1.5/test/1_fake/entire__sd15__fake__000000044559.jpg
27,SD1.5,447,SD1.5/SD1.5/test/1_fake/entire__sd15__fake__000000421661.jpg
28,SD1.5,448,SD1.5/SD1.5/test/0_real/entire__sd15__real__000000417638.jpg
28,SD1.5,449,SD1.5/SD1.5/test/1_fake/entire__sd15__fake__000000349263.jpg
28,SD1.5,450,SD1.5/SD1.5/test/0_real/entire__sd15__real__000000062483.jpg
28,SD1.5,451,SD1.5/SD1.5/test/0_real/entire__sd15__real__000000273791.jpg
28,SD1.5,452,SD1.5/SD1.5/test/1_fake/entire__sd15__fake__000000169474.jpg
28,SD1.5,453,SD1.5/SD1.5/test/0_real/entire__sd15__real__000000033044.jpg
28,SD1.5,454,SD1.5/SD1.5/test/0_real/entire__sd15__real__000000457383.jpg
28,SD1.5,455,SD1.5/SD1.5/test/0_real/entire__sd15__real__000000304115.jpg
28,SD1.5,456,SD1.5/SD1.5/test/0_real/entire__sd15__real__000000208022.jpg
28,SD1.5,457,SD1.5/SD1.5/test/0_real/entire__sd15__real__000000448837.jpg
28,SD1.5,458,SD1.5/SD1.5/test/1_fake/entire__sd15__fake__000000249076.jpg
28,SD1.5,459,SD1.5/SD1.5/test/1_fake/entire__sd15__fake__000000472432.jpg
28,SD1.5,460,SD1.5/SD1.5/test/0_real/entire__sd15__real__000000200812.jpg
28,SD1.5,461,SD1.5/SD1.5/test/0_real/entire__sd15__real__000000295376.jpg
28,SD1.5,462,SD1.5/SD1.5/test/0_real/entire__sd15__real__000000577870.jpg
28,SD1.5,463,SD1.5/SD1.5/test/1_fake/entire__sd15__fake__000000266103.jpg
29,SD1.5,464,SD1.5/SD1.5/test/0_real/entire__sd15__real__000000264197.jpg
29,SD1.5,465,SD1.5/SD1.5/test/1_fake/entire__sd15__fake__000000564508.jpg
29,SD1.5,466,SD1.5/SD1.5/test/1_fake/entire__sd15__fake__000000228206.jpg
29,SD1.5,467,SD1.5/SD1.5/test/1_fake/entire__sd15__fake__000000194700.jpg
29,SD1.5,468,SD1.5/SD1.5/test/1_fake/entire__sd15__fake__000000224524.jpg
29,SD1.5,469,SD1.5/SD1.5/test/1_fake/entire__sd15__fake__000000042968.jpg
29,SD1.5,470,SD1.5/SD1.5/test/1_fake/entire__sd15__fake__000000115299.jpg
29,SD1.5,471,SD1.5/SD1.5/test/0_real/entire__sd15__real__000000355875.jpg
29,SD1.5,472,SD1.5/SD1.5/test/1_fake/entire__sd15__fake__000000346849.jpg
29,SD1.5,473,SD1.5/SD1.5/test/1_fake/entire__sd15__fake__000000113880.jpg
29,SD1.5,474,SD1.5/SD1.5/test/1_fake/entire__sd15__fake__000000084495.jpg
29,SD1.5,475,SD1.5/SD1.5/test/0_real/entire__sd15__real__000000144007.jpg
29,SD1.5,476,SD1.5/SD1.5/test/1_fake/entire__sd15__fake__000000423414.jpg
29,SD1.5,477,SD1.5/SD1.5/test/0_real/entire__sd15__real__000000070230.jpg
29,SD1.5,478,SD1.5/SD1.5/test/0_real/entire__sd15__real__000000367695.jpg
29,SD1.5,479,SD1.5/SD1.5/test/0_real/entire__sd15__real__000000131572.jpg
30,SD1.5,480,SD1.5/SD1.5/test/0_real/entire__sd15__real__000000344555.jpg
30,SD1.5,481,SD1.5/SD1.5/test/0_real/entire__sd15__real__000000227940.jpg
30,SD1.5,482,SD1.5/SD1.5/test/0_real/entire__sd15__real__000000280422.jpg
30,SD1.5,483,SD1.5/SD1.5/test/1_fake/entire__sd15__fake__000000161622.jpg
30,SD1.5,484,SD1.5/SD1.5/test/1_fake/entire__sd15__fake__000000466037.jpg
30,SD1.5,485,SD1.5/SD1.5/test/0_real/entire__sd15__real__000000519053.jpg
30,SD1.5,486,SD1.5/SD1.5/test/0_real/entire__sd15__real__000000549729.jpg
30,SD1.5,487,SD1.5/SD1.5/test/0_real/entire__sd15__real__000000263323.jpg
30,SD1.5,488,SD1.5/SD1.5/test/0_real/entire__sd15__real__000000443733.jpg
30,SD1.5,489,SD1.5/SD1.5/test/0_real/entire__sd15__real__000000345149.jpg
30,SD1.5,490,SD1.5/SD1.5/test/1_fake/entire__sd15__fake__000000256365.jpg
30,SD1.5,491,SD1.5/SD1.5/test/0_real/entire__sd15__real__000000093603.jpg
30,SD1.5,492,SD1.5/SD1.5/test/0_real/entire__sd15__real__000000216480.jpg
30,SD1.5,493,SD1.5/SD1.5/test/1_fake/entire__sd15__fake__000000459826.jpg
30,SD1.5,494,SD1.5/SD1.5/test/0_real/entire__sd15__real__000000243750.jpg
30,SD1.5,495,SD1.5/SD1.5/test/0_real/entire__sd15__real__000000134344.jpg
31,SD1.5,496,SD1.5/SD1.5/test/0_real/entire__sd15__real__000000080566.jpg
31,SD1.5,497,SD1.5/SD1.5/test/0_real/entire__sd15__real__000000403249.jpg
31,SD1.5,498,SD1.5/SD1.5/test/1_fake/entire__sd15__fake__000000318464.jpg
31,SD1.5,499,SD1.5/SD1.5/test/0_real/entire__sd15__real__000000412896.jpg
31,SD1.5,500,SD1.5/SD1.5/test/0_real/entire__sd15__real__000000005253.jpg
31,SD1.5,501,SD1.5/SD1.5/test/1_fake/entire__sd15__fake__000000453611.jpg
31,SD1.5,502,SD1.5/SD1.5/test/1_fake/entire__sd15__fake__000000010244.jpg
31,SD1.5,503,SD1.5/SD1.5/test/1_fake/entire__sd15__fake__000000219451.jpg
31,SD1.5,504,SD1.5/SD1.5/test/1_fake/entire__sd15__fake__000000158760.jpg
31,SD1.5,505,SD1.5/SD1.5/test/1_fake/entire__sd15__fake__000000558486.jpg
31,SD1.5,506,SD1.5/SD1.5/test/0_real/entire__sd15__real__000000331690.jpg
31,SD1.5,507,SD1.5/SD1.5/test/0_real/entire__sd15__real__000000081009.jpg
31,SD1.5,508,SD1.5/SD1.5/test/0_real/entire__sd15__real__000000001183.jpg
31,SD1.5,509,SD1.5/SD1.5/test/1_fake/entire__sd15__fake__000000573225.jpg
31,SD1.5,510,SD1.5/SD1.5/test/1_fake/entire__sd15__fake__000000339462.jpg
31,SD1.5,511,SD1.5/SD1.5/test/0_real/entire__sd15__real__000000059114.jpg
32,SD1.5,512,SD1.5/SD1.5/test/0_real/entire__sd15__real__000000023351.jpg
32,SD1.5,513,SD1.5/SD1.5/test/0_real/entire__sd15__real__000000072731.jpg
32,SD1.5,514,SD1.5/SD1.5/test/1_fake/entire__sd15__fake__000000391839.jpg
32,SD1.5,515,SD1.5/SD1.5/test/1_fake/entire__sd15__fake__000000276554.jpg
32,SD1.5,516,SD1.5/SD1.5/test/0_real/entire__sd15__real__000000446726.jpg
32,SD1.5,517,SD1.5/SD1.5/test/0_real/entire__sd15__real__000000414236.jpg
32,SD1.5,518,SD1.5/SD1.5/test/0_real/entire__sd15__real__000000447934.jpg
32,SD1.5,519,SD1.5/SD1.5/test/1_fake/entire__sd15__fake__000000116735.jpg
32,SD1.5,520,SD1.5/SD1.5/test/0_real/entire__sd15__real__000000102235.jpg
32,SD1.5,521,SD1.5/SD1.5/test/1_fake/entire__sd15__fake__000000473354.jpg
32,SD1.5,522,SD1.5/SD1.5/test/1_fake/entire__sd15__fake__000000475768.jpg
32,SD1.5,523,SD1.5/SD1.5/test/1_fake/entire__sd15__fake__000000310042.jpg
32,SD1.5,524,SD1.5/SD1.5/test/1_fake/entire__sd15__fake__000000576376.jpg
32,SD1.5,525,SD1.5/SD1.5/test/0_real/entire__sd15__real__000000484042.jpg
32,SD1.5,526,SD1.5/SD1.5/test/1_fake/entire__sd15__fake__000000387514.jpg
32,SD1.5,527,SD1.5/SD1.5/test/1_fake/entire__sd15__fake__000000115358.jpg
33,SD1.5,528,SD1.5/SD1.5/test/1_fake/entire__sd15__fake__000000082936.jpg
33,SD1.5,529,SD1.5/SD1.5/test/0_real/entire__sd15__real__000000517133.jpg
33,SD1.5,530,SD1.5/SD1.5/test/0_real/entire__sd15__real__000000208978.jpg
33,SD1.5,531,SD1.5/SD1.5/test/0_real/entire__sd15__real__000000157594.jpg
33,SD1.5,532,SD1.5/SD1.5/test/1_fake/entire__sd15__fake__000000033732.jpg
33,SD1.5,533,SD1.5/SD1.5/test/0_real/entire__sd15__real__000000005213.jpg
33,SD1.5,534,SD1.5/SD1.5/test/1_fake/entire__sd15__fake__000000003770.jpg
33,SD1.5,535,SD1.5/SD1.5/test/0_real/entire__sd15__real__000000026375.jpg
33,SD1.5,536,SD1.5/SD1.5/test/0_real/entire__sd15__real__000000254845.jpg
33,SD1.5,537,SD1.5/SD1.5/test/0_real/entire__sd15__real__000000461647.jpg
33,SD1.5,538,SD1.5/SD1.5/test/0_real/entire__sd15__real__000000364993.jpg
33,SD1.5,539,SD1.5/SD1.5/test/0_real/entire__sd15__real__000000438059.jpg
33,SD1.5,540,SD1.5/SD1.5/test/1_fake/entire__sd15__fake__000000110780.jpg
33,SD1.5,541,SD1.5/SD1.5/test/1_fake/entire__sd15__fake__000000186443.jpg
33,SD1.5,542,SD1.5/SD1.5/test/0_real/entire__sd15__real__000000395853.jpg
33,SD1.5,543,SD1.5/SD1.5/test/1_fake/entire__sd15__fake__000000256593.jpg
34,SD1.5,544,SD1.5/SD1.5/test/0_real/entire__sd15__real__000000176925.jpg
34,SD1.5,545,SD1.5/SD1.5/test/1_fake/entire__sd15__fake__000000102322.jpg
34,SD1.5,546,SD1.5/SD1.5/test/0_real/entire__sd15__real__000000339781.jpg
34,SD1.5,547,SD1.5/SD1.5/test/1_fake/entire__sd15__fake__000000176090.jpg
34,SD1.5,548,SD1.5/SD1.5/test/0_real/entire__sd15__real__000000478597.jpg
34,SD1.5,549,SD1.5/SD1.5/test/1_fake/entire__sd15__fake__000000207019.jpg
34,SD1.5,550,SD1.5/SD1.5/test/0_real/entire__sd15__real__000000040813.jpg
34,SD1.5,551,SD1.5/SD1.5/test/0_real/entire__sd15__real__000000258240.jpg
34,SD1.5,552,SD1.5/SD1.5/test/0_real/entire__sd15__real__000000387796.jpg
34,SD1.5,553,SD1.5/SD1.5/test/1_fake/entire__sd15__fake__000000375680.jpg
34,SD1.5,554,SD1.5/SD1.5/test/1_fake/entire__sd15__fake__000000546052.jpg
34,SD1.5,555,SD1.5/SD1.5/test/1_fake/entire__sd15__fake__000000564646.jpg
34,SD1.5,556,SD1.5/SD1.5/test/1_fake/entire__sd15__fake__000000395339.jpg
34,SD1.5,557,SD1.5/SD1.5/test/1_fake/entire__sd15__fake__000000048934.jpg
34,SD1.5,558,SD1.5/SD1.5/test/0_real/entire__sd15__real__000000125761.jpg
34,SD1.5,559,SD1.5/SD1.5/test/1_fake/entire__sd15__fake__000000250848.jpg
35,SD1.5,560,SD1.5/SD1.5/test/1_fake/entire__sd15__fake__000000415540.jpg
35,SD1.5,561,SD1.5/SD1.5/test/1_fake/entire__sd15__fake__000000010179.jpg
35,SD1.5,562,SD1.5/SD1.5/test/0_real/entire__sd15__real__000000009381.jpg
35,SD1.5,563,SD1.5/SD1.5/test/1_fake/entire__sd15__fake__000000546126.jpg
35,SD1.5,564,SD1.5/SD1.5/test/1_fake/entire__sd15__fake__000000453334.jpg
35,SD1.5,565,SD1.5/SD1.5/test/1_fake/entire__sd15__fake__000000314357.jpg
35,SD1.5,566,SD1.5/SD1.5/test/0_real/entire__sd15__real__000000326583.jpg
35,SD1.5,567,SD1.5/SD1.5/test/0_real/entire__sd15__real__000000476046.jpg
35,SD1.5,568,SD1.5/SD1.5/test/1_fake/entire__sd15__fake__000000002402.jpg
35,SD1.5,569,SD1.5/SD1.5/test/0_real/entire__sd15__real__000000159742.jpg
35,SD1.5,570,SD1.5/SD1.5/test/1_fake/entire__sd15__fake__000000147060.jpg
35,SD1.5,571,SD1.5/SD1.5/test/1_fake/entire__sd15__fake__000000188405.jpg
35,SD1.5,572,SD1.5/SD1.5/test/0_real/entire__sd15__real__000000101826.jpg
35,SD1.5,573,SD1.5/SD1.5/test/1_fake/entire__sd15__fake__000000452470.jpg
35,SD1.5,574,SD1.5/SD1.5/test/1_fake/entire__sd15__fake__000000196804.jpg
35,SD1.5,575,SD1.5/SD1.5/test/1_fake/entire__sd15__fake__000000249609.jpg
36,SD1.5,576,SD1.5/SD1.5/test/1_fake/entire__sd15__fake__000000314530.jpg
36,SD1.5,577,SD1.5/SD1.5/test/0_real/entire__sd15__real__000000181316.jpg
36,SD1.5,578,SD1.5/SD1.5/test/0_real/entire__sd15__real__000000099745.jpg
36,SD1.5,579,SD1.5/SD1.5/test/1_fake/entire__sd15__fake__000000546934.jpg
36,SD1.5,580,SD1.5/SD1.5/test/0_real/entire__sd15__real__000000113590.jpg
36,SD1.5,581,SD1.5/SD1.5/test/1_fake/entire__sd15__fake__000000211325.jpg
36,SD1.5,582,SD1.5/SD1.5/test/0_real/entire__sd15__real__000000348584.jpg
36,SD1.5,583,SD1.5/SD1.5/test/1_fake/entire__sd15__fake__000000496869.jpg
36,SD1.5,584,SD1.5/SD1.5/test/1_fake/entire__sd15__fake__000000460143.jpg
36,SD1.5,585,SD1.5/SD1.5/test/0_real/entire__sd15__real__000000529647.jpg
36,SD1.5,586,SD1.5/SD1.5/test/0_real/entire__sd15__real__000000526941.jpg
36,SD1.5,587,SD1.5/SD1.5/test/1_fake/entire__sd15__fake__000000126104.jpg
36,SD1.5,588,SD1.5/SD1.5/test/0_real/entire__sd15__real__000000416767.jpg
36,SD1.5,589,SD1.5/SD1.5/test/1_fake/entire__sd15__fake__000000294228.jpg
36,SD1.5,590,SD1.5/SD1.5/test/1_fake/entire__sd15__fake__000000416723.jpg
36,SD1.5,591,SD1.5/SD1.5/test/0_real/entire__sd15__real__000000488835.jpg
37,SD1.5,592,SD1.5/SD1.5/test/1_fake/entire__sd15__fake__000000352789.jpg
37,SD1.5,593,SD1.5/SD1.5/test/1_fake/entire__sd15__fake__000000435309.jpg
37,SD1.5,594,SD1.5/SD1.5/test/0_real/entire__sd15__real__000000060403.jpg
37,SD1.5,595,SD1.5/SD1.5/test/0_real/entire__sd15__real__000000157931.jpg
37,SD1.5,596,SD1.5/SD1.5/test/0_real/entire__sd15__real__000000303570.jpg
37,SD1.5,597,SD1.5/SD1.5/test/0_real/entire__sd15__real__000000038180.jpg
37,SD1.5,598,SD1.5/SD1.5/test/1_fake/entire__sd15__fake__000000045526.jpg
37,SD1.5,599,SD1.5/SD1.5/test/1_fake/entire__sd15__fake__000000050464.jpg
37,SD1.5,600,SD1.5/SD1.5/test/1_fake/entire__sd15__fake__000000317325.jpg
37,SD1.5,601,SD1.5/SD1.5/test/0_real/entire__sd15__real__000000372536.jpg
37,SD1.5,602,SD1.5/SD1.5/test/1_fake/entire__sd15__fake__000000140946.jpg
37,SD1.5,603,SD1.5/SD1.5/test/1_fake/entire__sd15__fake__000000407131.jpg
37,SD1.5,604,SD1.5/SD1.5/test/0_real/entire__sd15__real__000000398139.jpg
37,SD1.5,605,SD1.5/SD1.5/test/1_fake/entire__sd15__fake__000000576457.jpg
37,SD1.5,606,SD1.5/SD1.5/test/0_real/entire__sd15__real__000000075334.jpg
37,SD1.5,607,SD1.5/SD1.5/test/1_fake/entire__sd15__fake__000000199432.jpg
38,SD1.5,608,SD1.5/SD1.5/test/1_fake/entire__sd15__fake__000000126947.jpg
38,SD1.5,609,SD1.5/SD1.5/test/1_fake/entire__sd15__fake__000000007143.jpg
38,SD1.5,610,SD1.5/SD1.5/test/0_real/entire__sd15__real__000000304693.jpg
38,SD1.5,611,SD1.5/SD1.5/test/0_real/entire__sd15__real__000000096633.jpg
38,SD1.5,612,SD1.5/SD1.5/test/0_real/entire__sd15__real__000000369593.jpg
38,SD1.5,613,SD1.5/SD1.5/test/0_real/entire__sd15__real__000000527163.jpg
38,SD1.5,614,SD1.5/SD1.5/test/0_real/entire__sd15__real__000000159649.jpg
38,SD1.5,615,SD1.5/SD1.5/test/0_real/entire__sd15__real__000000166527.jpg
38,SD1.5,616,SD1.5/SD1.5/test/0_real/entire__sd15__real__000000544264.jpg
38,SD1.5,617,SD1.5/SD1.5/test/1_fake/entire__sd15__fake__000000417594.jpg
38,SD1.5,618,SD1.5/SD1.5/test/1_fake/entire__sd15__fake__000000086249.jpg
38,SD1.5,619,SD1.5/SD1.5/test/1_fake/entire__sd15__fake__000000489554.jpg
38,SD1.5,620,SD1.5/SD1.5/test/1_fake/entire__sd15__fake__000000097777.jpg
38,SD1.5,621,SD1.5/SD1.5/test/0_real/entire__sd15__real__000000438495.jpg
38,SD1.5,622,SD1.5/SD1.5/test/0_real/entire__sd15__real__000000241820.jpg
38,SD1.5,623,SD1.5/SD1.5/test/1_fake/entire__sd15__fake__000000363303.jpg
39,SD1.5,624,SD1.5/SD1.5/test/0_real/entire__sd15__real__000000497167.jpg
39,SD1.5,625,SD1.5/SD1.5/test/0_real/entire__sd15__real__000000574769.jpg
39,SD1.5,626,SD1.5/SD1.5/test/1_fake/entire__sd15__fake__000000259553.jpg
39,SD1.5,627,SD1.5/SD1.5/test/0_real/entire__sd15__real__000000252839.jpg
39,SD1.5,628,SD1.5/SD1.5/test/1_fake/entire__sd15__fake__000000112122.jpg
39,SD1.5,629,SD1.5/SD1.5/test/1_fake/entire__sd15__fake__000000235366.jpg
39,SD1.5,630,SD1.5/SD1.5/test/0_real/entire__sd15__real__000000264350.jpg
39,SD1.5,631,SD1.5/SD1.5/test/1_fake/entire__sd15__fake__000000345009.jpg
39,SD1.5,632,SD1.5/SD1.5/test/1_fake/entire__sd15__fake__000000568337.jpg
39,SD1.5,633,SD1.5/SD1.5/test/0_real/entire__sd15__real__000000038092.jpg
39,SD1.5,634,SD1.5/SD1.5/test/0_real/entire__sd15__real__000000351749.jpg
39,SD1.5,635,SD1.5/SD1.5/test/1_fake/entire__sd15__fake__000000454181.jpg
39,SD1.5,636,SD1.5/SD1.5/test/0_real/entire__sd15__real__000000302531.jpg
39,SD1.5,637,SD1.5/SD1.5/test/0_real/entire__sd15__real__000000103935.jpg
39,SD1.5,638,SD1.5/SD1.5/test/0_real/entire__sd15__real__000000418085.jpg
39,SD1.5,639,SD1.5/SD1.5/test/1_fake/entire__sd15__fake__000000359346.jpg
40,SD1.5,640,SD1.5/SD1.5/test/1_fake/entire__sd15__fake__000000374559.jpg
40,SD1.5,641,SD1.5/SD1.5/test/0_real/entire__sd15__real__000000145385.jpg
40,SD1.5,642,SD1.5/SD1.5/test/1_fake/entire__sd15__fake__000000542200.jpg
40,SD1.5,643,SD1.5/SD1.5/test/1_fake/entire__sd15__fake__000000443525.jpg
40,SD1.5,644,SD1.5/SD1.5/test/0_real/entire__sd15__real__000000205794.jpg
40,SD1.5,645,SD1.5/SD1.5/test/0_real/entire__sd15__real__000000484485.jpg
40,SD1.5,646,SD1.5/SD1.5/test/0_real/entire__sd15__real__000000238500.jpg
40,SD1.5,647,SD1.5/SD1.5/test/0_real/entire__sd15__real__000000114870.jpg
40,SD1.5,648,SD1.5/SD1.5/test/0_real/entire__sd15__real__000000246084.jpg
40,SD1.5,649,SD1.5/SD1.5/test/0_real/entire__sd15__real__000000262262.jpg
40,SD1.5,650,SD1.5/SD1.5/test/1_fake/entire__sd15__fake__000000229481.jpg
40,SD1.5,651,SD1.5/SD1.5/test/0_real/entire__sd15__real__000000219094.jpg
40,SD1.5,652,SD1.5/SD1.5/test/1_fake/entire__sd15__fake__000000430144.jpg
40,SD1.5,653,SD1.5/SD1.5/test/0_real/entire__sd15__real__000000147333.jpg
40,SD1.5,654,SD1.5/SD1.5/test/1_fake/entire__sd15__fake__000000090540.jpg
40,SD1.5,655,SD1.5/SD1.5/test/1_fake/entire__sd15__fake__000000271696.jpg
41,SD1.5,656,SD1.5/SD1.5/test/0_real/entire__sd15__real__000000412544.jpg
41,SD1.5,657,SD1.5/SD1.5/test/1_fake/entire__sd15__fake__000000302618.jpg
41,SD1.5,658,SD1.5/SD1.5/test/1_fake/entire__sd15__fake__000000159626.jpg
41,SD1.5,659,SD1.5/SD1.5/test/0_real/entire__sd15__real__000000125598.jpg
41,SD1.5,660,SD1.5/SD1.5/test/1_fake/entire__sd15__fake__000000089208.jpg
41,SD1.5,661,SD1.5/SD1.5/test/1_fake/entire__sd15__fake__000000433398.jpg
41,SD1.5,662,SD1.5/SD1.5/test/0_real/entire__sd15__real__000000532557.jpg
41,SD1.5,663,SD1.5/SD1.5/test/1_fake/entire__sd15__fake__000000452022.jpg
41,SD1.5,664,SD1.5/SD1.5/test/1_fake/entire__sd15__fake__000000505040.jpg
41,SD1.5,665,SD1.5/SD1.5/test/1_fake/entire__sd15__fake__000000103447.jpg
41,SD1.5,666,SD1.5/SD1.5/test/0_real/entire__sd15__real__000000365301.jpg
41,SD1.5,667,SD1.5/SD1.5/test/0_real/entire__sd15__real__000000212268.jpg
41,SD1.5,668,SD1.5/SD1.5/test/0_real/entire__sd15__real__000000432134.jpg
41,SD1.5,669,SD1.5/SD1.5/test/0_real/entire__sd15__real__000000041398.jpg
41,SD1.5,670,SD1.5/SD1.5/test/0_real/entire__sd15__real__000000252940.jpg
41,SD1.5,671,SD1.5/SD1.5/test/0_real/entire__sd15__real__000000096702.jpg
42,SD1.5,672,SD1.5/SD1.5/test/1_fake/entire__sd15__fake__000000189223.jpg
42,SD1.5,673,SD1.5/SD1.5/test/0_real/entire__sd15__real__000000034524.jpg
42,SD1.5,674,SD1.5/SD1.5/test/1_fake/entire__sd15__fake__000000011856.jpg
42,SD1.5,675,SD1.5/SD1.5/test/1_fake/entire__sd15__fake__000000362226.jpg
42,SD1.5,676,SD1.5/SD1.5/test/0_real/entire__sd15__real__000000288137.jpg
42,SD1.5,677,SD1.5/SD1.5/test/0_real/entire__sd15__real__000000318506.jpg
42,SD1.5,678,SD1.5/SD1.5/test/1_fake/entire__sd15__fake__000000522977.jpg
42,SD1.5,679,SD1.5/SD1.5/test/1_fake/entire__sd15__fake__000000117639.jpg
42,SD1.5,680,SD1.5/SD1.5/test/1_fake/entire__sd15__fake__000000365273.jpg
42,SD1.5,681,SD1.5/SD1.5/test/0_real/entire__sd15__real__000000181446.jpg
42,SD1.5,682,SD1.5/SD1.5/test/0_real/entire__sd15__real__000000095099.jpg
42,SD1.5,683,SD1.5/SD1.5/test/0_real/entire__sd15__real__000000576875.jpg
42,SD1.5,684,SD1.5/SD1.5/test/1_fake/entire__sd15__fake__000000396179.jpg
42,SD1.5,685,SD1.5/SD1.5/test/1_fake/entire__sd15__fake__000000175390.jpg
42,SD1.5,686,SD1.5/SD1.5/test/1_fake/entire__sd15__fake__000000016424.jpg
42,SD1.5,687,SD1.5/SD1.5/test/1_fake/entire__sd15__fake__000000014543.jpg
43,SD1.5,688,SD1.5/SD1.5/test/0_real/entire__sd15__real__000000331919.jpg
43,SD1.5,689,SD1.5/SD1.5/test/0_real/entire__sd15__real__000000449176.jpg
43,SD1.5,690,SD1.5/SD1.5/test/0_real/entire__sd15__real__000000357663.jpg
43,SD1.5,691,SD1.5/SD1.5/test/0_real/entire__sd15__real__000000017778.jpg
43,SD1.5,692,SD1.5/SD1.5/test/0_real/entire__sd15__real__000000394415.jpg
43,SD1.5,693,SD1.5/SD1.5/test/1_fake/entire__sd15__fake__000000174574.jpg
43,SD1.5,694,SD1.5/SD1.5/test/0_real/entire__sd15__real__000000443204.jpg
43,SD1.5,695,SD1.5/SD1.5/test/0_real/entire__sd15__real__000000083490.jpg
43,SD1.5,696,SD1.5/SD1.5/test/1_fake/entire__sd15__fake__000000282698.jpg
43,SD1.5,697,SD1.5/SD1.5/test/1_fake/entire__sd15__fake__000000403864.jpg
43,SD1.5,698,SD1.5/SD1.5/test/0_real/entire__sd15__real__000000020119.jpg
43,SD1.5,699,SD1.5/SD1.5/test/0_real/entire__sd15__real__000000205317.jpg
43,SD1.5,700,SD1.5/SD1.5/test/1_fake/entire__sd15__fake__000000190334.jpg
43,SD1.5,701,SD1.5/SD1.5/test/0_real/entire__sd15__real__000000369689.jpg
43,SD1.5,702,SD1.5/SD1.5/test/1_fake/entire__sd15__fake__000000530019.jpg
43,SD1.5,703,SD1.5/SD1.5/test/1_fake/entire__sd15__fake__000000412760.jpg
44,SD1.5,704,SD1.5/SD1.5/test/0_real/entire__sd15__real__000000337949.jpg
44,SD1.5,705,SD1.5/SD1.5/test/0_real/entire__sd15__real__000000555493.jpg
44,SD1.5,706,SD1.5/SD1.5/test/1_fake/entire__sd15__fake__000000208319.jpg
44,SD1.5,707,SD1.5/SD1.5/test/0_real/entire__sd15__real__000000143921.jpg
44,SD1.5,708,SD1.5/SD1.5/test/0_real/entire__sd15__real__000000041357.jpg
44,SD1.5,709,SD1.5/SD1.5/test/1_fake/entire__sd15__fake__000000416184.jpg
44,SD1.5,710,SD1.5/SD1.5/test/0_real/entire__sd15__real__000000213537.jpg
44,SD1.5,711,SD1.5/SD1.5/test/0_real/entire__sd15__real__000000008186.jpg
44,SD1.5,712,SD1.5/SD1.5/test/1_fake/entire__sd15__fake__000000346313.jpg
44,SD1.5,713,SD1.5/SD1.5/test/1_fake/entire__sd15__fake__000000440534.jpg
44,SD1.5,714,SD1.5/SD1.5/test/0_real/entire__sd15__real__000000217080.jpg
44,SD1.5,715,SD1.5/SD1.5/test/0_real/entire__sd15__real__000000168076.jpg
44,SD1.5,716,SD1.5/SD1.5/test/0_real/entire__sd15__real__000000407952.jpg
44,SD1.5,717,SD1.5/SD1.5/test/0_real/entire__sd15__real__000000230141.jpg
44,SD1.5,718,SD1.5/SD1.5/test/1_fake/entire__sd15__fake__000000283005.jpg
44,SD1.5,719,SD1.5/SD1.5/test/0_real/entire__sd15__real__000000362599.jpg
45,SD1.5,720,SD1.5/SD1.5/test/0_real/entire__sd15__real__000000141779.jpg
45,SD1.5,721,SD1.5/SD1.5/test/1_fake/entire__sd15__fake__000000343878.jpg
45,SD1.5,722,SD1.5/SD1.5/test/0_real/entire__sd15__real__000000044309.jpg
45,SD1.5,723,SD1.5/SD1.5/test/1_fake/entire__sd15__fake__000000555131.jpg
45,SD1.5,724,SD1.5/SD1.5/test/0_real/entire__sd15__real__000000237233.jpg
45,SD1.5,725,SD1.5/SD1.5/test/0_real/entire__sd15__real__000000379376.jpg
45,SD1.5,726,SD1.5/SD1.5/test/1_fake/entire__sd15__fake__000000400560.jpg
45,SD1.5,727,SD1.5/SD1.5/test/1_fake/entire__sd15__fake__000000557249.jpg
45,SD1.5,728,SD1.5/SD1.5/test/1_fake/entire__sd15__fake__000000222572.jpg
45,SD1.5,729,SD1.5/SD1.5/test/1_fake/entire__sd15__fake__000000231997.jpg
45,SD1.5,730,SD1.5/SD1.5/test/1_fake/entire__sd15__fake__000000030371.jpg
45,SD1.5,731,SD1.5/SD1.5/test/0_real/entire__sd15__real__000000471154.jpg
45,SD1.5,732,SD1.5/SD1.5/test/1_fake/entire__sd15__fake__000000347202.jpg
45,SD1.5,733,SD1.5/SD1.5/test/1_fake/entire__sd15__fake__000000237011.jpg
45,SD1.5,734,SD1.5/SD1.5/test/1_fake/entire__sd15__fake__000000270035.jpg
45,SD1.5,735,SD1.5/SD1.5/test/0_real/entire__sd15__real__000000165547.jpg
46,SD1.5,736,SD1.5/SD1.5/test/1_fake/entire__sd15__fake__000000387431.jpg
46,SD1.5,737,SD1.5/SD1.5/test/0_real/entire__sd15__real__000000564352.jpg
46,SD1.5,738,SD1.5/SD1.5/test/1_fake/entire__sd15__fake__000000401484.jpg
46,SD1.5,739,SD1.5/SD1.5/test/1_fake/entire__sd15__fake__000000495162.jpg
46,SD1.5,740,SD1.5/SD1.5/test/1_fake/entire__sd15__fake__000000201599.jpg
46,SD1.5,741,SD1.5/SD1.5/test/1_fake/entire__sd15__fake__000000327114.jpg
46,SD1.5,742,SD1.5/SD1.5/test/1_fake/entire__sd15__fake__000000392201.jpg
46,SD1.5,743,SD1.5/SD1.5/test/0_real/entire__sd15__real__000000038729.jpg
46,SD1.5,744,SD1.5/SD1.5/test/1_fake/entire__sd15__fake__000000329508.jpg
46,SD1.5,745,SD1.5/SD1.5/test/0_real/entire__sd15__real__000000000623.jpg
46,SD1.5,746,SD1.5/SD1.5/test/1_fake/entire__sd15__fake__000000161793.jpg
46,SD1.5,747,SD1.5/SD1.5/test/0_real/entire__sd15__real__000000074917.jpg
46,SD1.5,748,SD1.5/SD1.5/test/1_fake/entire__sd15__fake__000000043305.jpg
46,SD1.5,749,SD1.5/SD1.5/test/0_real/entire__sd15__real__000000178901.jpg
46,SD1.5,750,SD1.5/SD1.5/test/1_fake/entire__sd15__fake__000000471837.jpg
46,SD1.5,751,SD1.5/SD1.5/test/1_fake/entire__sd15__fake__000000005123.jpg
47,SD1.5,752,SD1.5/SD1.5/test/1_fake/entire__sd15__fake__000000369326.jpg
47,SD1.5,753,SD1.5/SD1.5/test/1_fake/entire__sd15__fake__000000074827.jpg
47,SD1.5,754,SD1.5/SD1.5/test/0_real/entire__sd15__real__000000482091.jpg
47,SD1.5,755,SD1.5/SD1.5/test/1_fake/entire__sd15__fake__000000572209.jpg
47,SD1.5,756,SD1.5/SD1.5/test/1_fake/entire__sd15__fake__000000442367.jpg
47,SD1.5,757,SD1.5/SD1.5/test/1_fake/entire__sd15__fake__000000063480.jpg
47,SD1.5,758,SD1.5/SD1.5/test/1_fake/entire__sd15__fake__000000076028.jpg
47,SD1.5,759,SD1.5/SD1.5/test/0_real/entire__sd15__real__000000299594.jpg
47,SD1.5,760,SD1.5/SD1.5/test/1_fake/entire__sd15__fake__000000250645.jpg
47,SD1.5,761,SD1.5/SD1.5/test/0_real/entire__sd15__real__000000217329.jpg
47,SD1.5,762,SD1.5/SD1.5/test/1_fake/entire__sd15__fake__000000318892.jpg
47,SD1.5,763,SD1.5/SD1.5/test/1_fake/entire__sd15__fake__000000514173.jpg
47,SD1.5,764,SD1.5/SD1.5/test/0_real/entire__sd15__real__000000464534.jpg
47,SD1.5,765,SD1.5/SD1.5/test/0_real/entire__sd15__real__000000005376.jpg
47,SD1.5,766,SD1.5/SD1.5/test/0_real/entire__sd15__real__000000001103.jpg
47,SD1.5,767,SD1.5/SD1.5/test/1_fake/entire__sd15__fake__000000274667.jpg
48,SD1.5,768,SD1.5/SD1.5/test/0_real/entire__sd15__real__000000146742.jpg
48,SD1.5,769,SD1.5/SD1.5/test/1_fake/entire__sd15__fake__000000481446.jpg
48,SD1.5,770,SD1.5/SD1.5/test/0_real/entire__sd15__real__000000350878.jpg
48,SD1.5,771,SD1.5/SD1.5/test/0_real/entire__sd15__real__000000246959.jpg
48,SD1.5,772,SD1.5/SD1.5/test/1_fake/entire__sd15__fake__000000177011.jpg
48,SD1.5,773,SD1.5/SD1.5/test/0_real/entire__sd15__real__000000016556.jpg
48,SD1.5,774,SD1.5/SD1.5/test/0_real/entire__sd15__real__000000241369.jpg
48,SD1.5,775,SD1.5/SD1.5/test/1_fake/entire__sd15__fake__000000140347.jpg
48,SD1.5,776,SD1.5/SD1.5/test/1_fake/entire__sd15__fake__000000107860.jpg
48,SD1.5,777,SD1.5/SD1.5/test/0_real/entire__sd15__real__000000282658.jpg
48,SD1.5,778,SD1.5/SD1.5/test/0_real/entire__sd15__real__000000253216.jpg
48,SD1.5,779,SD1.5/SD1.5/test/0_real/entire__sd15__real__000000268659.jpg
48,SD1.5,780,SD1.5/SD1.5/test/1_fake/entire__sd15__fake__000000051628.jpg
48,SD1.5,781,SD1.5/SD1.5/test/0_real/entire__sd15__real__000000044464.jpg
48,SD1.5,782,SD1.5/SD1.5/test/1_fake/entire__sd15__fake__000000293805.jpg
48,SD1.5,783,SD1.5/SD1.5/test/0_real/entire__sd15__real__000000435402.jpg
49,SD1.5,784,SD1.5/SD1.5/test/1_fake/entire__sd15__fake__000000270938.jpg
49,SD1.5,785,SD1.5/SD1.5/test/1_fake/entire__sd15__fake__000000233786.jpg
49,SD1.5,786,SD1.5/SD1.5/test/0_real/entire__sd15__real__000000226091.jpg
49,SD1.5,787,SD1.5/SD1.5/test/1_fake/entire__sd15__fake__000000447228.jpg
49,SD1.5,788,SD1.5/SD1.5/test/0_real/entire__sd15__real__000000061606.jpg
49,SD1.5,789,SD1.5/SD1.5/test/1_fake/entire__sd15__fake__000000105622.jpg
49,SD1.5,790,SD1.5/SD1.5/test/0_real/entire__sd15__real__000000324816.jpg
49,SD1.5,791,SD1.5/SD1.5/test/1_fake/entire__sd15__fake__000000246782.jpg
49,SD1.5,792,SD1.5/SD1.5/test/0_real/entire__sd15__real__000000367917.jpg
49,SD1.5,793,SD1.5/SD1.5/test/0_real/entire__sd15__real__000000481943.jpg
49,SD1.5,794,SD1.5/SD1.5/test/0_real/entire__sd15__real__000000520343.jpg
49,SD1.5,795,SD1.5/SD1.5/test/0_real/entire__sd15__real__000000573714.jpg
49,SD1.5,796,SD1.5/SD1.5/test/0_real/entire__sd15__real__000000462324.jpg
49,SD1.5,797,SD1.5/SD1.5/test/0_real/entire__sd15__real__000000534896.jpg
49,SD1.5,798,SD1.5/SD1.5/test/1_fake/entire__sd15__fake__000000337779.jpg
49,SD1.5,799,SD1.5/SD1.5/test/1_fake/entire__sd15__fake__000000222266.jpg
50,SD1.5,800,SD1.5/SD1.5/test/1_fake/entire__sd15__fake__000000534578.jpg
50,SD1.5,801,SD1.5/SD1.5/test/1_fake/entire__sd15__fake__000000098478.jpg
50,SD1.5,802,SD1.5/SD1.5/test/0_real/entire__sd15__real__000000509365.jpg
50,SD1.5,803,SD1.5/SD1.5/test/1_fake/entire__sd15__fake__000000404285.jpg
50,SD1.5,804,SD1.5/SD1.5/test/0_real/entire__sd15__real__000000535817.jpg
50,SD1.5,805,SD1.5/SD1.5/test/0_real/entire__sd15__real__000000494707.jpg
50,SD1.5,806,SD1.5/SD1.5/test/1_fake/entire__sd15__fake__000000499959.jpg
50,SD1.5,807,SD1.5/SD1.5/test/0_real/entire__sd15__real__000000092051.jpg
50,SD1.5,808,SD1.5/SD1.5/test/1_fake/entire__sd15__fake__000000451698.jpg
50,SD1.5,809,SD1.5/SD1.5/test/0_real/entire__sd15__real__000000337662.jpg
50,SD1.5,810,SD1.5/SD1.5/test/1_fake/entire__sd15__fake__000000466321.jpg
50,SD1.5,811,SD1.5/SD1.5/test/0_real/entire__sd15__real__000000302940.jpg
50,SD1.5,812,SD1.5/SD1.5/test/1_fake/entire__sd15__fake__000000422170.jpg
50,SD1.5,813,SD1.5/SD1.5/test/1_fake/entire__sd15__fake__000000147333.jpg
50,SD1.5,814,SD1.5/SD1.5/test/1_fake/entire__sd15__fake__000000493468.jpg
50,SD1.5,815,SD1.5/SD1.5/test/1_fake/entire__sd15__fake__000000514676.jpg
51,SD1.5,816,SD1.5/SD1.5/test/1_fake/entire__sd15__fake__000000569363.jpg
51,SD1.5,817,SD1.5/SD1.5/test/1_fake/entire__sd15__fake__000000309302.jpg
51,SD1.5,818,SD1.5/SD1.5/test/1_fake/entire__sd15__fake__000000482233.jpg
51,SD1.5,819,SD1.5/SD1.5/test/0_real/entire__sd15__real__000000054121.jpg
51,SD1.5,820,SD1.5/SD1.5/test/1_fake/entire__sd15__fake__000000344045.jpg
51,SD1.5,821,SD1.5/SD1.5/test/0_real/entire__sd15__real__000000115018.jpg
51,SD1.5,822,SD1.5/SD1.5/test/0_real/entire__sd15__real__000000296322.jpg
51,SD1.5,823,SD1.5/SD1.5/test/1_fake/entire__sd15__fake__000000115300.jpg
51,SD1.5,824,SD1.5/SD1.5/test/0_real/entire__sd15__real__000000546804.jpg
51,SD1.5,825,SD1.5/SD1.5/test/0_real/entire__sd15__real__000000460885.jpg
51,SD1.5,826,SD1.5/SD1.5/test/0_real/entire__sd15__real__000000520278.jpg
51,SD1.5,827,SD1.5/SD1.5/test/1_fake/entire__sd15__fake__000000070294.jpg
51,SD1.5,828,SD1.5/SD1.5/test/0_real/entire__sd15__real__000000042752.jpg
51,SD1.5,829,SD1.5/SD1.5/test/1_fake/entire__sd15__fake__000000561300.jpg
51,SD1.5,830,SD1.5/SD1.5/test/1_fake/entire__sd15__fake__000000297871.jpg
51,SD1.5,831,SD1.5/SD1.5/test/1_fake/entire__sd15__fake__000000424692.jpg
52,SD1.5,832,SD1.5/SD1.5/test/1_fake/entire__sd15__fake__000000539555.jpg
52,SD1.5,833,SD1.5/SD1.5/test/1_fake/entire__sd15__fake__000000494548.jpg
52,SD1.5,834,SD1.5/SD1.5/test/0_real/entire__sd15__real__000000307794.jpg
52,SD1.5,835,SD1.5/SD1.5/test/1_fake/entire__sd15__fake__000000002135.jpg
52,SD1.5,836,SD1.5/SD1.5/test/1_fake/entire__sd15__fake__000000437554.jpg
52,SD1.5,837,SD1.5/SD1.5/test/0_real/entire__sd15__real__000000429261.jpg
52,SD1.5,838,SD1.5/SD1.5/test/1_fake/entire__sd15__fake__000000439589.jpg
52,SD1.5,839,SD1.5/SD1.5/test/1_fake/entire__sd15__fake__000000524679.jpg
52,SD1.5,840,SD1.5/SD1.5/test/0_real/entire__sd15__real__000000443299.jpg
52,SD1.5,841,SD1.5/SD1.5/test/1_fake/entire__sd15__fake__000000534377.jpg
52,SD1.5,842,SD1.5/SD1.5/test/0_real/entire__sd15__real__000000372113.jpg
52,SD1.5,843,SD1.5/SD1.5/test/1_fake/entire__sd15__fake__000000117969.jpg
52,SD1.5,844,SD1.5/SD1.5/test/0_real/entire__sd15__real__000000273503.jpg
52,SD1.5,845,SD1.5/SD1.5/test/0_real/entire__sd15__real__000000205323.jpg
52,SD1.5,846,SD1.5/SD1.5/test/0_real/entire__sd15__real__000000351053.jpg
52,SD1.5,847,SD1.5/SD1.5/test/0_real/entire__sd15__real__000000017260.jpg
53,SD1.5,848,SD1.5/SD1.5/test/1_fake/entire__sd15__fake__000000239119.jpg
53,SD1.5,849,SD1.5/SD1.5/test/0_real/entire__sd15__real__000000418418.jpg
53,SD1.5,850,SD1.5/SD1.5/test/0_real/entire__sd15__real__000000419087.jpg
53,SD1.5,851,SD1.5/SD1.5/test/1_fake/entire__sd15__fake__000000290620.jpg
53,SD1.5,852,SD1.5/SD1.5/test/1_fake/entire__sd15__fake__000000410533.jpg
53,SD1.5,853,SD1.5/SD1.5/test/1_fake/entire__sd15__fake__000000111756.jpg
53,SD1.5,854,SD1.5/SD1.5/test/0_real/entire__sd15__real__000000139639.jpg
53,SD1.5,855,SD1.5/SD1.5/test/0_real/entire__sd15__real__000000563726.jpg
53,SD1.5,856,SD1.5/SD1.5/test/1_fake/entire__sd15__fake__000000019146.jpg
53,SD1.5,857,SD1.5/SD1.5/test/1_fake/entire__sd15__fake__000000270778.jpg
53,SD1.5,858,SD1.5/SD1.5/test/1_fake/entire__sd15__fake__000000250443.jpg
53,SD1.5,859,SD1.5/SD1.5/test/1_fake/entire__sd15__fake__000000172545.jpg
53,SD1.5,860,SD1.5/SD1.5/test/1_fake/entire__sd15__fake__000000441541.jpg
53,SD1.5,861,SD1.5/SD1.5/test/1_fake/entire__sd15__fake__000000196210.jpg
53,SD1.5,862,SD1.5/SD1.5/test/0_real/entire__sd15__real__000000513618.jpg
53,SD1.5,863,SD1.5/SD1.5/test/1_fake/entire__sd15__fake__000000265579.jpg
54,SD1.5,864,SD1.5/SD1.5/test/1_fake/entire__sd15__fake__000000100253.jpg
54,SD1.5,865,SD1.5/SD1.5/test/1_fake/entire__sd15__fake__000000032967.jpg
54,SD1.5,866,SD1.5/SD1.5/test/0_real/entire__sd15__real__000000342271.jpg
54,SD1.5,867,SD1.5/SD1.5/test/1_fake/entire__sd15__fake__000000263970.jpg
54,SD1.5,868,SD1.5/SD1.5/test/1_fake/entire__sd15__fake__000000067697.jpg
54,SD1.5,869,SD1.5/SD1.5/test/0_real/entire__sd15__real__000000314880.jpg
54,SD1.5,870,SD1.5/SD1.5/test/0_real/entire__sd15__real__000000021747.jpg
54,SD1.5,871,SD1.5/SD1.5/test/0_real/entire__sd15__real__000000103227.jpg
54,SD1.5,872,SD1.5/SD1.5/test/0_real/entire__sd15__real__000000018802.jpg
54,SD1.5,873,SD1.5/SD1.5/test/0_real/entire__sd15__real__000000198563.jpg
54,SD1.5,874,SD1.5/SD1.5/test/0_real/entire__sd15__real__000000097539.jpg
54,SD1.5,875,SD1.5/SD1.5/test/0_real/entire__sd15__real__000000379891.jpg
54,SD1.5,876,SD1.5/SD1.5/test/1_fake/entire__sd15__fake__000000447865.jpg
54,SD1.5,877,SD1.5/SD1.5/test/0_real/entire__sd15__real__000000014629.jpg
54,SD1.5,878,SD1.5/SD1.5/test/0_real/entire__sd15__real__000000002764.jpg
54,SD1.5,879,SD1.5/SD1.5/test/0_real/entire__sd15__real__000000537526.jpg
55,SD1.5,880,SD1.5/SD1.5/test/0_real/entire__sd15__real__000000293311.jpg
55,SD1.5,881,SD1.5/SD1.5/test/1_fake/entire__sd15__fake__000000260443.jpg
55,SD1.5,882,SD1.5/SD1.5/test/0_real/entire__sd15__real__000000313057.jpg
55,SD1.5,883,SD1.5/SD1.5/test/1_fake/entire__sd15__fake__000000564836.jpg
55,SD1.5,884,SD1.5/SD1.5/test/1_fake/entire__sd15__fake__000000180488.jpg
55,SD1.5,885,SD1.5/SD1.5/test/0_real/entire__sd15__real__000000091546.jpg
55,SD1.5,886,SD1.5/SD1.5/test/0_real/entire__sd15__real__000000400536.jpg
55,SD1.5,887,SD1.5/SD1.5/test/0_real/entire__sd15__real__000000441873.jpg
55,SD1.5,888,SD1.5/SD1.5/test/1_fake/entire__sd15__fake__000000240289.jpg
55,SD1.5,889,SD1.5/SD1.5/test/0_real/entire__sd15__real__000000169436.jpg
55,SD1.5,890,SD1.5/SD1.5/test/0_real/entire__sd15__real__000000047589.jpg
55,SD1.5,891,SD1.5/SD1.5/test/0_real/entire__sd15__real__000000460998.jpg
55,SD1.5,892,SD1.5/SD1.5/test/1_fake/entire__sd15__fake__000000382669.jpg
55,SD1.5,893,SD1.5/SD1.5/test/0_real/entire__sd15__real__000000558983.jpg
55,SD1.5,894,SD1.5/SD1.5/test/0_real/entire__sd15__real__000000383581.jpg
55,SD1.5,895,SD1.5/SD1.5/test/0_real/entire__sd15__real__000000081033.jpg
56,SD1.5,896,SD1.5/SD1.5/test/1_fake/entire__sd15__fake__000000469762.jpg
56,SD1.5,897,SD1.5/SD1.5/test/1_fake/entire__sd15__fake__000000422515.jpg
56,SD1.5,898,SD1.5/SD1.5/test/1_fake/entire__sd15__fake__000000523536.jpg
56,SD1.5,899,SD1.5/SD1.5/test/0_real/entire__sd15__real__000000078548.jpg
56,SD1.5,900,SD1.5/SD1.5/test/0_real/entire__sd15__real__000000012085.jpg
56,SD1.5,901,SD1.5/SD1.5/test/0_real/entire__sd15__real__000000411505.jpg
56,SD1.5,902,SD1.5/SD1.5/test/1_fake/entire__sd15__fake__000000115355.jpg
56,SD1.5,903,SD1.5/SD1.5/test/1_fake/entire__sd15__fake__000000326781.jpg
56,SD1.5,904,SD1.5/SD1.5/test/1_fake/entire__sd15__fake__000000399148.jpg
56,SD1.5,905,SD1.5/SD1.5/test/1_fake/entire__sd15__fake__000000287422.jpg
56,SD1.5,906,SD1.5/SD1.5/test/1_fake/entire__sd15__fake__000000444871.jpg
56,SD1.5,907,SD1.5/SD1.5/test/0_real/entire__sd15__real__000000400993.jpg
56,SD1.5,908,SD1.5/SD1.5/test/1_fake/entire__sd15__fake__000000146186.jpg
56,SD1.5,909,SD1.5/SD1.5/test/0_real/entire__sd15__real__000000179317.jpg
56,SD1.5,910,SD1.5/SD1.5/test/1_fake/entire__sd15__fake__000000049853.jpg
56,SD1.5,911,SD1.5/SD1.5/test/0_real/entire__sd15__real__000000022816.jpg
57,SD1.5,912,SD1.5/SD1.5/test/1_fake/entire__sd15__fake__000000398999.jpg
57,SD1.5,913,SD1.5/SD1.5/test/0_real/entire__sd15__real__000000143522.jpg
57,SD1.5,914,SD1.5/SD1.5/test/1_fake/entire__sd15__fake__000000085404.jpg
57,SD1.5,915,SD1.5/SD1.5/test/0_real/entire__sd15__real__000000509948.jpg
57,SD1.5,916,SD1.5/SD1.5/test/1_fake/entire__sd15__fake__000000407056.jpg
57,SD1.5,917,SD1.5/SD1.5/test/0_real/entire__sd15__real__000000445295.jpg
57,SD1.5,918,SD1.5/SD1.5/test/1_fake/entire__sd15__fake__000000572354.jpg
57,SD1.5,919,SD1.5/SD1.5/test/0_real/entire__sd15__real__000000539139.jpg
57,SD1.5,920,SD1.5/SD1.5/test/1_fake/entire__sd15__fake__000000260510.jpg
57,SD1.5,921,SD1.5/SD1.5/test/1_fake/entire__sd15__fake__000000204830.jpg
57,SD1.5,922,SD1.5/SD1.5/test/0_real/entire__sd15__real__000000379055.jpg
57,SD1.5,923,SD1.5/SD1.5/test/1_fake/entire__sd15__fake__000000215524.jpg
57,SD1.5,924,SD1.5/SD1.5/test/0_real/entire__sd15__real__000000184835.jpg
57,SD1.5,925,SD1.5/SD1.5/test/1_fake/entire__sd15__fake__000000030713.jpg
57,SD1.5,926,SD1.5/SD1.5/test/0_real/entire__sd15__real__000000478577.jpg
57,SD1.5,927,SD1.5/SD1.5/test/1_fake/entire__sd15__fake__000000017192.jpg
58,SD1.5,928,SD1.5/SD1.5/test/1_fake/entire__sd15__fake__000000313337.jpg
58,SD1.5,929,SD1.5/SD1.5/test/0_real/entire__sd15__real__000000322239.jpg
58,SD1.5,930,SD1.5/SD1.5/test/0_real/entire__sd15__real__000000435673.jpg
58,SD1.5,931,SD1.5/SD1.5/test/0_real/entire__sd15__real__000000241876.jpg
58,SD1.5,932,SD1.5/SD1.5/test/1_fake/entire__sd15__fake__000000345062.jpg
58,SD1.5,933,SD1.5/SD1.5/test/0_real/entire__sd15__real__000000254884.jpg
58,SD1.5,934,SD1.5/SD1.5/test/0_real/entire__sd15__real__000000461002.jpg
58,SD1.5,935,SD1.5/SD1.5/test/1_fake/entire__sd15__fake__000000435145.jpg
58,SD1.5,936,SD1.5/SD1.5/test/1_fake/entire__sd15__fake__000000246753.jpg
58,SD1.5,937,SD1.5/SD1.5/test/0_real/entire__sd15__real__000000094436.jpg
58,SD1.5,938,SD1.5/SD1.5/test/0_real/entire__sd15__real__000000329784.jpg
58,SD1.5,939,SD1.5/SD1.5/test/0_real/entire__sd15__real__000000471073.jpg
58,SD1.5,940,SD1.5/SD1.5/test/1_fake/entire__sd15__fake__000000159944.jpg
58,SD1.5,941,SD1.5/SD1.5/test/0_real/entire__sd15__real__000000125228.jpg
58,SD1.5,942,SD1.5/SD1.5/test/0_real/entire__sd15__real__000000293074.jpg
58,SD1.5,943,SD1.5/SD1.5/test/0_real/entire__sd15__real__000000522034.jpg
59,SD1.5,944,SD1.5/SD1.5/test/1_fake/entire__sd15__fake__000000387762.jpg
59,SD1.5,945,SD1.5/SD1.5/test/1_fake/entire__sd15__fake__000000204351.jpg
59,SD1.5,946,SD1.5/SD1.5/test/0_real/entire__sd15__real__000000457011.jpg
59,SD1.5,947,SD1.5/SD1.5/test/0_real/entire__sd15__real__000000548562.jpg
59,SD1.5,948,SD1.5/SD1.5/test/0_real/entire__sd15__real__000000451842.jpg
59,SD1.5,949,SD1.5/SD1.5/test/1_fake/entire__sd15__fake__000000295433.jpg
59,SD1.5,950,SD1.5/SD1.5/test/1_fake/entire__sd15__fake__000000513145.jpg
59,SD1.5,951,SD1.5/SD1.5/test/0_real/entire__sd15__real__000000032147.jpg
59,SD1.5,952,SD1.5/SD1.5/test/1_fake/entire__sd15__fake__000000421596.jpg
59,SD1.5,953,SD1.5/SD1.5/test/0_real/entire__sd15__real__000000312668.jpg
59,SD1.5,954,SD1.5/SD1.5/test/1_fake/entire__sd15__fake__000000356237.jpg
59,SD1.5,955,SD1.5/SD1.5/test/1_fake/entire__sd15__fake__000000209722.jpg
59,SD1.5,956,SD1.5/SD1.5/test/0_real/entire__sd15__real__000000102851.jpg
59,SD1.5,957,SD1.5/SD1.5/test/1_fake/entire__sd15__fake__000000365784.jpg
59,SD1.5,958,SD1.5/SD1.5/test/0_real/entire__sd15__real__000000063647.jpg
59,SD1.5,959,SD1.5/SD1.5/test/0_real/entire__sd15__real__000000134098.jpg
60,SD1.5,960,SD1.5/SD1.5/test/1_fake/entire__sd15__fake__000000210907.jpg
60,SD1.5,961,SD1.5/SD1.5/test/1_fake/entire__sd15__fake__000000473002.jpg
60,SD1.5,962,SD1.5/SD1.5/test/0_real/entire__sd15__real__000000388872.jpg
60,SD1.5,963,SD1.5/SD1.5/test/0_real/entire__sd15__real__000000113473.jpg
60,SD1.5,964,SD1.5/SD1.5/test/0_real/entire__sd15__real__000000484256.jpg
60,SD1.5,965,SD1.5/SD1.5/test/1_fake/entire__sd15__fake__000000036563.jpg
60,SD1.5,966,SD1.5/SD1.5/test/1_fake/entire__sd15__fake__000000504194.jpg
60,SD1.5,967,SD1.5/SD1.5/test/1_fake/entire__sd15__fake__000000247906.jpg
60,SD1.5,968,SD1.5/SD1.5/test/1_fake/entire__sd15__fake__000000473575.jpg
60,SD1.5,969,SD1.5/SD1.5/test/0_real/entire__sd15__real__000000240107.jpg
60,SD1.5,970,SD1.5/SD1.5/test/0_real/entire__sd15__real__000000160670.jpg
60,SD1.5,971,SD1.5/SD1.5/test/1_fake/entire__sd15__fake__000000412364.jpg
60,SD1.5,972,SD1.5/SD1.5/test/0_real/entire__sd15__real__000000008290.jpg
60,SD1.5,973,SD1.5/SD1.5/test/1_fake/entire__sd15__fake__000000100322.jpg
60,SD1.5,974,SD1.5/SD1.5/test/1_fake/entire__sd15__fake__000000156259.jpg
60,SD1.5,975,SD1.5/SD1.5/test/0_real/entire__sd15__real__000000008711.jpg
61,SD1.5,976,SD1.5/SD1.5/test/1_fake/entire__sd15__fake__000000174198.jpg
61,SD1.5,977,SD1.5/SD1.5/test/1_fake/entire__sd15__fake__000000139294.jpg
61,SD1.5,978,SD1.5/SD1.5/test/0_real/entire__sd15__real__000000156727.jpg
61,SD1.5,979,SD1.5/SD1.5/test/1_fake/entire__sd15__fake__000000074924.jpg
61,SD1.5,980,SD1.5/SD1.5/test/1_fake/entire__sd15__fake__000000085629.jpg
61,SD1.5,981,SD1.5/SD1.5/test/0_real/entire__sd15__real__000000449088.jpg
61,SD1.5,982,SD1.5/SD1.5/test/0_real/entire__sd15__real__000000565622.jpg
61,SD1.5,983,SD1.5/SD1.5/test/0_real/entire__sd15__real__000000481326.jpg
61,SD1.5,984,SD1.5/SD1.5/test/1_fake/entire__sd15__fake__000000502113.jpg
61,SD1.5,985,SD1.5/SD1.5/test/1_fake/entire__sd15__fake__000000133063.jpg
61,SD1.5,986,SD1.5/SD1.5/test/1_fake/entire__sd15__fake__000000143661.jpg
61,SD1.5,987,SD1.5/SD1.5/test/0_real/entire__sd15__real__000000343425.jpg
61,SD1.5,988,SD1.5/SD1.5/test/0_real/entire__sd15__real__000000504893.jpg
61,SD1.5,989,SD1.5/SD1.5/test/1_fake/entire__sd15__fake__000000118838.jpg
61,SD1.5,990,SD1.5/SD1.5/test/1_fake/entire__sd15__fake__000000145411.jpg
61,SD1.5,991,SD1.5/SD1.5/test/0_real/entire__sd15__real__000000074924.jpg
62,SD1.5,992,SD1.5/SD1.5/test/1_fake/entire__sd15__fake__000000393126.jpg
62,SD1.5,993,SD1.5/SD1.5/test/0_real/entire__sd15__real__000000300424.jpg
62,SD1.5,994,SD1.5/SD1.5/test/1_fake/entire__sd15__fake__000000209232.jpg
62,SD1.5,995,SD1.5/SD1.5/test/0_real/entire__sd15__real__000000225337.jpg
62,SD1.5,996,SD1.5/SD1.5/test/0_real/entire__sd15__real__000000386029.jpg
62,SD1.5,997,SD1.5/SD1.5/test/0_real/entire__sd15__real__000000391499.jpg
62,SD1.5,998,SD1.5/SD1.5/test/1_fake/entire__sd15__fake__000000189305.jpg
62,SD1.5,999,SD1.5/SD1.5/test/1_fake/entire__sd15__fake__000000217303.jpg
62,SD1.5,1000,SD1.5/SD1.5/test/0_real/entire__sd15__real__000000140155.jpg
62,SD1.5,1001,SD1.5/SD1.5/test/0_real/entire__sd15__real__000000451409.jpg
62,SD1.5,1002,SD1.5/SD1.5/test/1_fake/entire__sd15__fake__000000027495.jpg
62,SD1.5,1003,SD1.5/SD1.5/test/1_fake/entire__sd15__fake__000000400028.jpg
62,SD1.5,1004,SD1.5/SD1.5/test/0_real/entire__sd15__real__000000426872.jpg
62,SD1.5,1005,SD1.5/SD1.5/test/1_fake/entire__sd15__fake__000000180555.jpg
62,SD1.5,1006,SD1.5/SD1.5/test/1_fake/entire__sd15__fake__000000088695.jpg
62,SD1.5,1007,SD1.5/SD1.5/test/1_fake/entire__sd15__fake__000000138290.jpg
63,SD1.5,1008,SD1.5/SD1.5/test/0_real/entire__sd15__real__000000284867.jpg
63,SD1.5,1009,SD1.5/SD1.5/test/0_real/entire__sd15__real__000000255791.jpg
63,SD1.5,1010,SD1.5/SD1.5/test/0_real/entire__sd15__real__000000084853.jpg
63,SD1.5,1011,SD1.5/SD1.5/test/0_real/entire__sd15__real__000000120952.jpg
63,SD1.5,1012,SD1.5/SD1.5/test/1_fake/entire__sd15__fake__000000140671.jpg
63,SD1.5,1013,SD1.5/SD1.5/test/1_fake/entire__sd15__fake__000000438373.jpg
63,SD1.5,1014,SD1.5/SD1.5/test/1_fake/entire__sd15__fake__000000212558.jpg
63,SD1.5,1015,SD1.5/SD1.5/test/1_fake/entire__sd15__fake__000000308332.jpg
63,SD1.5,1016,SD1.5/SD1.5/test/1_fake/entire__sd15__fake__000000235787.jpg
63,SD1.5,1017,SD1.5/SD1.5/test/1_fake/entire__sd15__fake__000000337777.jpg
63,SD1.5,1018,SD1.5/SD1.5/test/0_real/entire__sd15__real__000000227359.jpg
63,SD1.5,1019,SD1.5/SD1.5/test/0_real/entire__sd15__real__000000569325.jpg
63,SD1.5,1020,SD1.5/SD1.5/test/0_real/entire__sd15__real__000000385126.jpg
63,SD1.5,1021,SD1.5/SD1.5/test/1_fake/entire__sd15__fake__000000397719.jpg
63,SD1.5,1022,SD1.5/SD1.5/test/0_real/entire__sd15__real__000000187872.jpg
63,SD1.5,1023,SD1.5/SD1.5/test/1_fake/entire__sd15__fake__000000387645.jpg
64,SD1.5,1024,SD1.5/SD1.5/test/1_fake/entire__sd15__fake__000000438255.jpg
64,SD1.5,1025,SD1.5/SD1.5/test/1_fake/entire__sd15__fake__000000008876.jpg
64,SD1.5,1026,SD1.5/SD1.5/test/1_fake/entire__sd15__fake__000000423508.jpg
64,SD1.5,1027,SD1.5/SD1.5/test/0_real/entire__sd15__real__000000214184.jpg
64,SD1.5,1028,SD1.5/SD1.5/test/0_real/entire__sd15__real__000000193442.jpg
64,SD1.5,1029,SD1.5/SD1.5/test/0_real/entire__sd15__real__000000392793.jpg
64,SD1.5,1030,SD1.5/SD1.5/test/0_real/entire__sd15__real__000000269853.jpg
64,SD1.5,1031,SD1.5/SD1.5/test/0_real/entire__sd15__real__000000120414.jpg
64,SD1.5,1032,SD1.5/SD1.5/test/1_fake/entire__sd15__fake__000000239181.jpg
64,SD1.5,1033,SD1.5/SD1.5/test/1_fake/entire__sd15__fake__000000260888.jpg
64,SD1.5,1034,SD1.5/SD1.5/test/0_real/entire__sd15__real__000000225075.jpg
64,SD1.5,1035,SD1.5/SD1.5/test/1_fake/entire__sd15__fake__000000056005.jpg
64,SD1.5,1036,SD1.5/SD1.5/test/0_real/entire__sd15__real__000000443727.jpg
64,SD1.5,1037,SD1.5/SD1.5/test/0_real/entire__sd15__real__000000552406.jpg
64,SD1.5,1038,SD1.5/SD1.5/test/0_real/entire__sd15__real__000000289782.jpg
64,SD1.5,1039,SD1.5/SD1.5/test/0_real/entire__sd15__real__000000346313.jpg
65,SD1.5,1040,SD1.5/SD1.5/test/0_real/entire__sd15__real__000000184443.jpg
65,SD1.5,1041,SD1.5/SD1.5/test/0_real/entire__sd15__real__000000010244.jpg
65,SD1.5,1042,SD1.5/SD1.5/test/1_fake/entire__sd15__fake__000000447041.jpg
65,SD1.5,1043,SD1.5/SD1.5/test/1_fake/entire__sd15__fake__000000413198.jpg
65,SD1.5,1044,SD1.5/SD1.5/test/1_fake/entire__sd15__fake__000000531725.jpg
65,SD1.5,1045,SD1.5/SD1.5/test/0_real/entire__sd15__real__000000553772.jpg
65,SD1.5,1046,SD1.5/SD1.5/test/1_fake/entire__sd15__fake__000000116147.jpg
65,SD1.5,1047,SD1.5/SD1.5/test/0_real/entire__sd15__real__000000132883.jpg
65,SD1.5,1048,SD1.5/SD1.5/test/0_real/entire__sd15__real__000000525860.jpg
65,SD1.5,1049,SD1.5/SD1.5/test/1_fake/entire__sd15__fake__000000536831.jpg
65,SD1.5,1050,SD1.5/SD1.5/test/1_fake/entire__sd15__fake__000000388014.jpg
65,SD1.5,1051,SD1.5/SD1.5/test/1_fake/entire__sd15__fake__000000576564.jpg
65,SD1.5,1052,SD1.5/SD1.5/test/0_real/entire__sd15__real__000000493610.jpg
65,SD1.5,1053,SD1.5/SD1.5/test/0_real/entire__sd15__real__000000143217.jpg
65,SD1.5,1054,SD1.5/SD1.5/test/0_real/entire__sd15__real__000000497375.jpg
65,SD1.5,1055,SD1.5/SD1.5/test/0_real/entire__sd15__real__000000222686.jpg
66,SD1.5,1056,SD1.5/SD1.5/test/1_fake/entire__sd15__fake__000000164672.jpg
66,SD1.5,1057,SD1.5/SD1.5/test/0_real/entire__sd15__real__000000286202.jpg
66,SD1.5,1058,SD1.5/SD1.5/test/1_fake/entire__sd15__fake__000000367400.jpg
66,SD1.5,1059,SD1.5/SD1.5/test/1_fake/entire__sd15__fake__000000436038.jpg
66,SD1.5,1060,SD1.5/SD1.5/test/0_real/entire__sd15__real__000000235488.jpg
66,SD1.5,1061,SD1.5/SD1.5/test/1_fake/entire__sd15__fake__000000355248.jpg
66,SD1.5,1062,SD1.5/SD1.5/test/1_fake/entire__sd15__fake__000000003915.jpg
66,SD1.5,1063,SD1.5/SD1.5/test/0_real/entire__sd15__real__000000016898.jpg
66,SD1.5,1064,SD1.5/SD1.5/test/1_fake/entire__sd15__fake__000000219201.jpg
66,SD1.5,1065,SD1.5/SD1.5/test/0_real/entire__sd15__real__000000187976.jpg
66,SD1.5,1066,SD1.5/SD1.5/test/1_fake/entire__sd15__fake__000000093887.jpg
66,SD1.5,1067,SD1.5/SD1.5/test/1_fake/entire__sd15__fake__000000366829.jpg
66,SD1.5,1068,SD1.5/SD1.5/test/0_real/entire__sd15__real__000000085036.jpg
66,SD1.5,1069,SD1.5/SD1.5/test/1_fake/entire__sd15__fake__000000320399.jpg
66,SD1.5,1070,SD1.5/SD1.5/test/0_real/entire__sd15__real__000000088499.jpg
66,SD1.5,1071,SD1.5/SD1.5/test/1_fake/entire__sd15__fake__000000221212.jpg
67,SD1.5,1072,SD1.5/SD1.5/test/0_real/entire__sd15__real__000000575610.jpg
67,SD1.5,1073,SD1.5/SD1.5/test/0_real/entire__sd15__real__000000466090.jpg
67,SD1.5,1074,SD1.5/SD1.5/test/1_fake/entire__sd15__fake__000000505501.jpg
67,SD1.5,1075,SD1.5/SD1.5/test/1_fake/entire__sd15__fake__000000502318.jpg
67,SD1.5,1076,SD1.5/SD1.5/test/0_real/entire__sd15__real__000000000359.jpg
67,SD1.5,1077,SD1.5/SD1.5/test/1_fake/entire__sd15__fake__000000326335.jpg
67,SD1.5,1078,SD1.5/SD1.5/test/1_fake/entire__sd15__fake__000000526980.jpg
67,SD1.5,1079,SD1.5/SD1.5/test/0_real/entire__sd15__real__000000203479.jpg
67,SD1.5,1080,SD1.5/SD1.5/test/1_fake/entire__sd15__fake__000000305703.jpg
67,SD1.5,1081,SD1.5/SD1.5/test/0_real/entire__sd15__real__000000286492.jpg
67,SD1.5,1082,SD1.5/SD1.5/test/0_real/entire__sd15__real__000000485369.jpg
67,SD1.5,1083,SD1.5/SD1.5/test/0_real/entire__sd15__real__000000278290.jpg
67,SD1.5,1084,SD1.5/SD1.5/test/1_fake/entire__sd15__fake__000000055375.jpg
67,SD1.5,1085,SD1.5/SD1.5/test/1_fake/entire__sd15__fake__000000447511.jpg
67,SD1.5,1086,SD1.5/SD1.5/test/1_fake/entire__sd15__fake__000000360855.jpg
67,SD1.5,1087,SD1.5/SD1.5/test/1_fake/entire__sd15__fake__000000282949.jpg
68,SD1.5,1088,SD1.5/SD1.5/test/1_fake/entire__sd15__fake__000000118465.jpg
68,SD1.5,1089,SD1.5/SD1.5/test/0_real/entire__sd15__real__000000115300.jpg
68,SD1.5,1090,SD1.5/SD1.5/test/0_real/entire__sd15__real__000000248924.jpg
68,SD1.5,1091,SD1.5/SD1.5/test/1_fake/entire__sd15__fake__000000206300.jpg
68,SD1.5,1092,SD1.5/SD1.5/test/1_fake/entire__sd15__fake__000000256950.jpg
68,SD1.5,1093,SD1.5/SD1.5/test/0_real/entire__sd15__real__000000558052.jpg
68,SD1.5,1094,SD1.5/SD1.5/test/0_real/entire__sd15__real__000000005359.jpg
68,SD1.5,1095,SD1.5/SD1.5/test/1_fake/entire__sd15__fake__000000167661.jpg
68,SD1.5,1096,SD1.5/SD1.5/test/1_fake/entire__sd15__fake__000000504606.jpg
68,SD1.5,1097,SD1.5/SD1.5/test/0_real/entire__sd15__real__000000401842.jpg
68,SD1.5,1098,SD1.5/SD1.5/test/0_real/entire__sd15__real__000000002135.jpg
68,SD1.5,1099,SD1.5/SD1.5/test/1_fake/entire__sd15__fake__000000256013.jpg
68,SD1.5,1100,SD1.5/SD1.5/test/0_real/entire__sd15__real__000000498759.jpg
68,SD1.5,1101,SD1.5/SD1.5/test/0_real/entire__sd15__real__000000439774.jpg
68,SD1.5,1102,SD1.5/SD1.5/test/0_real/entire__sd15__real__000000532947.jpg
68,SD1.5,1103,SD1.5/SD1.5/test/1_fake/entire__sd15__fake__000000431484.jpg
69,SD1.5,1104,SD1.5/SD1.5/test/0_real/entire__sd15__real__000000209229.jpg
69,SD1.5,1105,SD1.5/SD1.5/test/1_fake/entire__sd15__fake__000000253550.jpg
69,SD1.5,1106,SD1.5/SD1.5/test/0_real/entire__sd15__real__000000445565.jpg
69,SD1.5,1107,SD1.5/SD1.5/test/1_fake/entire__sd15__fake__000000184443.jpg
69,SD1.5,1108,SD1.5/SD1.5/test/0_real/entire__sd15__real__000000078336.jpg
69,SD1.5,1109,SD1.5/SD1.5/test/0_real/entire__sd15__real__000000377715.jpg
69,SD1.5,1110,SD1.5/SD1.5/test/1_fake/entire__sd15__fake__000000430096.jpg
69,SD1.5,1111,SD1.5/SD1.5/test/0_real/entire__sd15__real__000000150955.jpg
69,SD1.5,1112,SD1.5/SD1.5/test/1_fake/entire__sd15__fake__000000210973.jpg
69,SD1.5,1113,SD1.5/SD1.5/test/1_fake/entire__sd15__fake__000000245566.jpg
69,SD1.5,1114,SD1.5/SD1.5/test/0_real/entire__sd15__real__000000304110.jpg
69,SD1.5,1115,SD1.5/SD1.5/test/1_fake/entire__sd15__fake__000000012408.jpg
69,SD1.5,1116,SD1.5/SD1.5/test/0_real/entire__sd15__real__000000143143.jpg
69,SD1.5,1117,SD1.5/SD1.5/test/1_fake/entire__sd15__fake__000000348517.jpg
69,SD1.5,1118,SD1.5/SD1.5/test/1_fake/entire__sd15__fake__000000046736.jpg
69,SD1.5,1119,SD1.5/SD1.5/test/1_fake/entire__sd15__fake__000000402941.jpg
70,SD1.5,1120,SD1.5/SD1.5/test/0_real/entire__sd15__real__000000250210.jpg
70,SD1.5,1121,SD1.5/SD1.5/test/0_real/entire__sd15__real__000000462173.jpg
70,SD1.5,1122,SD1.5/SD1.5/test/0_real/entire__sd15__real__000000243421.jpg
70,SD1.5,1123,SD1.5/SD1.5/test/1_fake/entire__sd15__fake__000000478577.jpg
70,SD1.5,1124,SD1.5/SD1.5/test/1_fake/entire__sd15__fake__000000325646.jpg
70,SD1.5,1125,SD1.5/SD1.5/test/0_real/entire__sd15__real__000000491259.jpg
70,SD1.5,1126,SD1.5/SD1.5/test/0_real/entire__sd15__real__000000160586.jpg
70,SD1.5,1127,SD1.5/SD1.5/test/1_fake/entire__sd15__fake__000000000731.jpg
70,SD1.5,1128,SD1.5/SD1.5/test/1_fake/entire__sd15__fake__000000389183.jpg
70,SD1.5,1129,SD1.5/SD1.5/test/0_real/entire__sd15__real__000000060419.jpg
70,SD1.5,1130,SD1.5/SD1.5/test/1_fake/entire__sd15__fake__000000496620.jpg
70,SD1.5,1131,SD1.5/SD1.5/test/0_real/entire__sd15__real__000000208808.jpg
70,SD1.5,1132,SD1.5/SD1.5/test/1_fake/entire__sd15__fake__000000455040.jpg
70,SD1.5,1133,SD1.5/SD1.5/test/0_real/entire__sd15__real__000000243610.jpg
70,SD1.5,1134,SD1.5/SD1.5/test/1_fake/entire__sd15__fake__000000465826.jpg
70,SD1.5,1135,SD1.5/SD1.5/test/0_real/entire__sd15__real__000000115169.jpg
71,SD1.5,1136,SD1.5/SD1.5/test/1_fake/entire__sd15__fake__000000195927.jpg
71,SD1.5,1137,SD1.5/SD1.5/test/0_real/entire__sd15__real__000000367400.jpg
71,SD1.5,1138,SD1.5/SD1.5/test/0_real/entire__sd15__real__000000311056.jpg
71,SD1.5,1139,SD1.5/SD1.5/test/0_real/entire__sd15__real__000000045494.jpg
71,SD1.5,1140,SD1.5/SD1.5/test/0_real/entire__sd15__real__000000581157.jpg
71,SD1.5,1141,SD1.5/SD1.5/test/1_fake/entire__sd15__fake__000000548544.jpg
71,SD1.5,1142,SD1.5/SD1.5/test/1_fake/entire__sd15__fake__000000205707.jpg
71,SD1.5,1143,SD1.5/SD1.5/test/0_real/entire__sd15__real__000000334950.jpg
71,SD1.5,1144,SD1.5/SD1.5/test/0_real/entire__sd15__real__000000018389.jpg
71,SD1.5,1145,SD1.5/SD1.5/test/0_real/entire__sd15__real__000000113023.jpg
71,SD1.5,1146,SD1.5/SD1.5/test/1_fake/entire__sd15__fake__000000430523.jpg
71,SD1.5,1147,SD1.5/SD1.5/test/0_real/entire__sd15__real__000000321798.jpg
71,SD1.5,1148,SD1.5/SD1.5/test/1_fake/entire__sd15__fake__000000291669.jpg
71,SD1.5,1149,SD1.5/SD1.5/test/1_fake/entire__sd15__fake__000000152693.jpg
71,SD1.5,1150,SD1.5/SD1.5/test/0_real/entire__sd15__real__000000439084.jpg
71,SD1.5,1151,SD1.5/SD1.5/test/0_real/entire__sd15__real__000000563711.jpg
72,SD1.5,1152,SD1.5/SD1.5/test/0_real/entire__sd15__real__000000081177.jpg
72,SD1.5,1153,SD1.5/SD1.5/test/0_real/entire__sd15__real__000000337808.jpg
72,SD1.5,1154,SD1.5/SD1.5/test/0_real/entire__sd15__real__000000433733.jpg
72,SD1.5,1155,SD1.5/SD1.5/test/1_fake/entire__sd15__fake__000000560282.jpg
72,SD1.5,1156,SD1.5/SD1.5/test/1_fake/entire__sd15__fake__000000442174.jpg
72,SD1.5,1157,SD1.5/SD1.5/test/0_real/entire__sd15__real__000000037956.jpg
72,SD1.5,1158,SD1.5/SD1.5/test/0_real/entire__sd15__real__000000486738.jpg
72,SD1.5,1159,SD1.5/SD1.5/test/1_fake/entire__sd15__fake__000000055389.jpg
72,SD1.5,1160,SD1.5/SD1.5/test/1_fake/entire__sd15__fake__000000166468.jpg
72,SD1.5,1161,SD1.5/SD1.5/test/1_fake/entire__sd15__fake__000000422744.jpg
72,SD1.5,1162,SD1.5/SD1.5/test/1_fake/entire__sd15__fake__000000414821.jpg
72,SD1.5,1163,SD1.5/SD1.5/test/0_real/entire__sd15__real__000000222555.jpg
72,SD1.5,1164,SD1.5/SD1.5/test/1_fake/entire__sd15__fake__000000323104.jpg
72,SD1.5,1165,SD1.5/SD1.5/test/0_real/entire__sd15__real__000000545903.jpg
72,SD1.5,1166,SD1.5/SD1.5/test/0_real/entire__sd15__real__000000190406.jpg
72,SD1.5,1167,SD1.5/SD1.5/test/0_real/entire__sd15__real__000000083136.jpg
73,SD1.5,1168,SD1.5/SD1.5/test/0_real/entire__sd15__real__000000136609.jpg
73,SD1.5,1169,SD1.5/SD1.5/test/0_real/entire__sd15__real__000000478311.jpg
73,SD1.5,1170,SD1.5/SD1.5/test/1_fake/entire__sd15__fake__000000391754.jpg
73,SD1.5,1171,SD1.5/SD1.5/test/0_real/entire__sd15__real__000000304067.jpg
73,SD1.5,1172,SD1.5/SD1.5/test/0_real/entire__sd15__real__000000556637.jpg
73,SD1.5,1173,SD1.5/SD1.5/test/1_fake/entire__sd15__fake__000000320351.jpg
73,SD1.5,1174,SD1.5/SD1.5/test/1_fake/entire__sd15__fake__000000343425.jpg
73,SD1.5,1175,SD1.5/SD1.5/test/0_real/entire__sd15__real__000000000520.jpg
73,SD1.5,1176,SD1.5/SD1.5/test/1_fake/entire__sd15__fake__000000169321.jpg
73,SD1.5,1177,SD1.5/SD1.5/test/1_fake/entire__sd15__fake__000000528707.jpg
73,SD1.5,1178,SD1.5/SD1.5/test/1_fake/entire__sd15__fake__000000378299.jpg
73,SD1.5,1179,SD1.5/SD1.5/test/0_real/entire__sd15__real__000000565694.jpg
73,SD1.5,1180,SD1.5/SD1.5/test/0_real/entire__sd15__real__000000430257.jpg
73,SD1.5,1181,SD1.5/SD1.5/test/1_fake/entire__sd15__fake__000000109629.jpg
73,SD1.5,1182,SD1.5/SD1.5/test/1_fake/entire__sd15__fake__000000252567.jpg
73,SD1.5,1183,SD1.5/SD1.5/test/1_fake/entire__sd15__fake__000000302964.jpg
74,SD1.5,1184,SD1.5/SD1.5/test/1_fake/entire__sd15__fake__000000412616.jpg
74,SD1.5,1185,SD1.5/SD1.5/test/1_fake/entire__sd15__fake__000000444262.jpg
74,SD1.5,1186,SD1.5/SD1.5/test/1_fake/entire__sd15__fake__000000234676.jpg
74,SD1.5,1187,SD1.5/SD1.5/test/1_fake/entire__sd15__fake__000000316359.jpg
74,SD1.5,1188,SD1.5/SD1.5/test/1_fake/entire__sd15__fake__000000012209.jpg
74,SD1.5,1189,SD1.5/SD1.5/test/0_real/entire__sd15__real__000000022112.jpg
74,SD1.5,1190,SD1.5/SD1.5/test/1_fake/entire__sd15__fake__000000010643.jpg
74,SD1.5,1191,SD1.5/SD1.5/test/1_fake/entire__sd15__fake__000000117313.jpg
74,SD1.5,1192,SD1.5/SD1.5/test/0_real/entire__sd15__real__000000207019.jpg
74,SD1.5,1193,SD1.5/SD1.5/test/1_fake/entire__sd15__fake__000000321325.jpg
74,SD1.5,1194,SD1.5/SD1.5/test/1_fake/entire__sd15__fake__000000032960.jpg
74,SD1.5,1195,SD1.5/SD1.5/test/1_fake/entire__sd15__fake__000000160317.jpg
74,SD1.5,1196,SD1.5/SD1.5/test/0_real/entire__sd15__real__000000471824.jpg
74,SD1.5,1197,SD1.5/SD1.5/test/0_real/entire__sd15__real__000000038332.jpg
74,SD1.5,1198,SD1.5/SD1.5/test/0_real/entire__sd15__real__000000522946.jpg
74,SD1.5,1199,SD1.5/SD1.5/test/0_real/entire__sd15__real__000000459137.jpg
75,SD1.5,1200,SD1.5/SD1.5/test/1_fake/entire__sd15__fake__000000392869.jpg
75,SD1.5,1201,SD1.5/SD1.5/test/1_fake/entire__sd15__fake__000000530286.jpg
75,SD1.5,1202,SD1.5/SD1.5/test/0_real/entire__sd15__real__000000441850.jpg
75,SD1.5,1203,SD1.5/SD1.5/test/1_fake/entire__sd15__fake__000000399010.jpg
75,SD1.5,1204,SD1.5/SD1.5/test/1_fake/entire__sd15__fake__000000351369.jpg
75,SD1.5,1205,SD1.5/SD1.5/test/1_fake/entire__sd15__fake__000000499294.jpg
75,SD1.5,1206,SD1.5/SD1.5/test/0_real/entire__sd15__real__000000156955.jpg
75,SD1.5,1207,SD1.5/SD1.5/test/1_fake/entire__sd15__fake__000000492125.jpg
75,SD1.5,1208,SD1.5/SD1.5/test/0_real/entire__sd15__real__000000542321.jpg
75,SD1.5,1209,SD1.5/SD1.5/test/0_real/entire__sd15__real__000000516193.jpg
75,SD1.5,1210,SD1.5/SD1.5/test/1_fake/entire__sd15__fake__000000044483.jpg
75,SD1.5,1211,SD1.5/SD1.5/test/1_fake/entire__sd15__fake__000000406205.jpg
75,SD1.5,1212,SD1.5/SD1.5/test/1_fake/entire__sd15__fake__000000169287.jpg
75,SD1.5,1213,SD1.5/SD1.5/test/0_real/entire__sd15__real__000000162343.jpg
75,SD1.5,1214,SD1.5/SD1.5/test/0_real/entire__sd15__real__000000157834.jpg
75,SD1.5,1215,SD1.5/SD1.5/test/1_fake/entire__sd15__fake__000000240537.jpg
76,SD1.5,1216,SD1.5/SD1.5/test/0_real/entire__sd15__real__000000161720.jpg
76,SD1.5,1217,SD1.5/SD1.5/test/0_real/entire__sd15__real__000000520092.jpg
76,SD1.5,1218,SD1.5/SD1.5/test/1_fake/entire__sd15__fake__000000168845.jpg
76,SD1.5,1219,SD1.5/SD1.5/test/0_real/entire__sd15__real__000000419575.jpg
76,SD1.5,1220,SD1.5/SD1.5/test/1_fake/entire__sd15__fake__000000218772.jpg
76,SD1.5,1221,SD1.5/SD1.5/test/1_fake/entire__sd15__fake__000000417610.jpg
76,SD1.5,1222,SD1.5/SD1.5/test/1_fake/entire__sd15__fake__000000272804.jpg
76,SD1.5,1223,SD1.5/SD1.5/test/1_fake/entire__sd15__fake__000000551858.jpg
76,SD1.5,1224,SD1.5/SD1.5/test/0_real/entire__sd15__real__000000418625.jpg
76,SD1.5,1225,SD1.5/SD1.5/test/0_real/entire__sd15__real__000000241622.jpg
76,SD1.5,1226,SD1.5/SD1.5/test/0_real/entire__sd15__real__000000369437.jpg
76,SD1.5,1227,SD1.5/SD1.5/test/0_real/entire__sd15__real__000000410084.jpg
76,SD1.5,1228,SD1.5/SD1.5/test/0_real/entire__sd15__real__000000385485.jpg
76,SD1.5,1229,SD1.5/SD1.5/test/1_fake/entire__sd15__fake__000000240952.jpg
76,SD1.5,1230,SD1.5/SD1.5/test/1_fake/entire__sd15__fake__000000455660.jpg
76,SD1.5,1231,SD1.5/SD1.5/test/1_fake/entire__sd15__fake__000000409117.jpg
77,SD1.5,1232,SD1.5/SD1.5/test/0_real/entire__sd15__real__000000245691.jpg
77,SD1.5,1233,SD1.5/SD1.5/test/0_real/entire__sd15__real__000000579541.jpg
77,SD1.5,1234,SD1.5/SD1.5/test/0_real/entire__sd15__real__000000471109.jpg
77,SD1.5,1235,SD1.5/SD1.5/test/0_real/entire__sd15__real__000000132395.jpg
77,SD1.5,1236,SD1.5/SD1.5/test/1_fake/entire__sd15__fake__000000123184.jpg
77,SD1.5,1237,SD1.5/SD1.5/test/0_real/entire__sd15__real__000000514955.jpg
77,SD1.5,1238,SD1.5/SD1.5/test/0_real/entire__sd15__real__000000080480.jpg
77,SD1.5,1239,SD1.5/SD1.5/test/0_real/entire__sd15__real__000000501118.jpg
77,SD1.5,1240,SD1.5/SD1.5/test/1_fake/entire__sd15__fake__000000114807.jpg
77,SD1.5,1241,SD1.5/SD1.5/test/1_fake/entire__sd15__fake__000000367695.jpg
77,SD1.5,1242,SD1.5/SD1.5/test/1_fake/entire__sd15__fake__000000145912.jpg
77,SD1.5,1243,SD1.5/SD1.5/test/0_real/entire__sd15__real__000000297669.jpg
77,SD1.5,1244,SD1.5/SD1.5/test/1_fake/entire__sd15__fake__000000166503.jpg
77,SD1.5,1245,SD1.5/SD1.5/test/0_real/entire__sd15__real__000000151287.jpg
77,SD1.5,1246,SD1.5/SD1.5/test/1_fake/entire__sd15__fake__000000085781.jpg
77,SD1.5,1247,SD1.5/SD1.5/test/0_real/entire__sd15__real__000000134165.jpg
78,SD1.5,1248,SD1.5/SD1.5/test/1_fake/entire__sd15__fake__000000469173.jpg
78,SD1.5,1249,SD1.5/SD1.5/test/0_real/entire__sd15__real__000000309802.jpg
78,SD1.5,1250,SD1.5/SD1.5/test/0_real/entire__sd15__real__000000102915.jpg
78,SD1.5,1251,SD1.5/SD1.5/test/0_real/entire__sd15__real__000000399232.jpg
78,SD1.5,1252,SD1.5/SD1.5/test/1_fake/entire__sd15__fake__000000084131.jpg
78,SD1.5,1253,SD1.5/SD1.5/test/0_real/entire__sd15__real__000000406245.jpg
78,SD1.5,1254,SD1.5/SD1.5/test/0_real/entire__sd15__real__000000174667.jpg
78,SD1.5,1255,SD1.5/SD1.5/test/0_real/entire__sd15__real__000000308979.jpg
78,SD1.5,1256,SD1.5/SD1.5/test/0_real/entire__sd15__real__000000385241.jpg
78,SD1.5,1257,SD1.5/SD1.5/test/0_real/entire__sd15__real__000000214124.jpg
78,SD1.5,1258,SD1.5/SD1.5/test/0_real/entire__sd15__real__000000124800.jpg
78,SD1.5,1259,SD1.5/SD1.5/test/1_fake/entire__sd15__fake__000000154071.jpg
78,SD1.5,1260,SD1.5/SD1.5/test/1_fake/entire__sd15__fake__000000300955.jpg
78,SD1.5,1261,SD1.5/SD1.5/test/0_real/entire__sd15__real__000000485188.jpg
78,SD1.5,1262,SD1.5/SD1.5/test/1_fake/entire__sd15__fake__000000411509.jpg
78,SD1.5,1263,SD1.5/SD1.5/test/1_fake/entire__sd15__fake__000000552573.jpg
79,SD1.5,1264,SD1.5/SD1.5/test/0_real/entire__sd15__real__000000128439.jpg
79,SD1.5,1265,SD1.5/SD1.5/test/1_fake/entire__sd15__fake__000000134008.jpg
79,SD1.5,1266,SD1.5/SD1.5/test/1_fake/entire__sd15__fake__000000026640.jpg
79,SD1.5,1267,SD1.5/SD1.5/test/0_real/entire__sd15__real__000000432373.jpg
79,SD1.5,1268,SD1.5/SD1.5/test/1_fake/entire__sd15__fake__000000290010.jpg
79,SD1.5,1269,SD1.5/SD1.5/test/1_fake/entire__sd15__fake__000000153466.jpg
79,SD1.5,1270,SD1.5/SD1.5/test/1_fake/entire__sd15__fake__000000281237.jpg
79,SD1.5,1271,SD1.5/SD1.5/test/0_real/entire__sd15__real__000000407520.jpg
79,SD1.5,1272,SD1.5/SD1.5/test/0_real/entire__sd15__real__000000176280.jpg
79,SD1.5,1273,SD1.5/SD1.5/test/0_real/entire__sd15__real__000000243625.jpg
79,SD1.5,1274,SD1.5/SD1.5/test/0_real/entire__sd15__real__000000448825.jpg
79,SD1.5,1275,SD1.5/SD1.5/test/1_fake/entire__sd15__fake__000000406753.jpg
79,SD1.5,1276,SD1.5/SD1.5/test/1_fake/entire__sd15__fake__000000196758.jpg
79,SD1.5,1277,SD1.5/SD1.5/test/0_real/entire__sd15__real__000000051630.jpg
79,SD1.5,1278,SD1.5/SD1.5/test/0_real/entire__sd15__real__000000464856.jpg
79,SD1.5,1279,SD1.5/SD1.5/test/1_fake/entire__sd15__fake__000000369357.jpg
80,SD1.5,1280,SD1.5/SD1.5/test/0_real/entire__sd15__real__000000530635.jpg
80,SD1.5,1281,SD1.5/SD1.5/test/1_fake/entire__sd15__fake__000000283833.jpg
80,SD1.5,1282,SD1.5/SD1.5/test/1_fake/entire__sd15__fake__000000038490.jpg
80,SD1.5,1283,SD1.5/SD1.5/test/1_fake/entire__sd15__fake__000000168076.jpg
80,SD1.5,1284,SD1.5/SD1.5/test/0_real/entire__sd15__real__000000035222.jpg
80,SD1.5,1285,SD1.5/SD1.5/test/0_real/entire__sd15__real__000000447130.jpg
80,SD1.5,1286,SD1.5/SD1.5/test/1_fake/entire__sd15__fake__000000427360.jpg
80,SD1.5,1287,SD1.5/SD1.5/test/0_real/entire__sd15__real__000000014261.jpg
80,SD1.5,1288,SD1.5/SD1.5/test/0_real/entire__sd15__real__000000063610.jpg
80,SD1.5,1289,SD1.5/SD1.5/test/0_real/entire__sd15__real__000000574144.jpg
80,SD1.5,1290,SD1.5/SD1.5/test/1_fake/entire__sd15__fake__000000060324.jpg
80,SD1.5,1291,SD1.5/SD1.5/test/0_real/entire__sd15__real__000000069052.jpg
80,SD1.5,1292,SD1.5/SD1.5/test/1_fake/entire__sd15__fake__000000423201.jpg
80,SD1.5,1293,SD1.5/SD1.5/test/1_fake/entire__sd15__fake__000000181436.jpg
80,SD1.5,1294,SD1.5/SD1.5/test/1_fake/entire__sd15__fake__000000413088.jpg
80,SD1.5,1295,SD1.5/SD1.5/test/0_real/entire__sd15__real__000000318193.jpg
81,SD1.5,1296,SD1.5/SD1.5/test/1_fake/entire__sd15__fake__000000165766.jpg
81,SD1.5,1297,SD1.5/SD1.5/test/1_fake/entire__sd15__fake__000000272194.jpg
81,SD1.5,1298,SD1.5/SD1.5/test/0_real/entire__sd15__real__000000442026.jpg
81,SD1.5,1299,SD1.5/SD1.5/test/0_real/entire__sd15__real__000000060125.jpg
81,SD1.5,1300,SD1.5/SD1.5/test/0_real/entire__sd15__real__000000253967.jpg
81,SD1.5,1301,SD1.5/SD1.5/test/0_real/entire__sd15__real__000000140921.jpg
81,SD1.5,1302,SD1.5/SD1.5/test/0_real/entire__sd15__real__000000060370.jpg
81,SD1.5,1303,SD1.5/SD1.5/test/0_real/entire__sd15__real__000000022667.jpg
81,SD1.5,1304,SD1.5/SD1.5/test/1_fake/entire__sd15__fake__000000080519.jpg
81,SD1.5,1305,SD1.5/SD1.5/test/1_fake/entire__sd15__fake__000000313637.jpg
81,SD1.5,1306,SD1.5/SD1.5/test/0_real/entire__sd15__real__000000167193.jpg
81,SD1.5,1307,SD1.5/SD1.5/test/1_fake/entire__sd15__fake__000000232025.jpg
81,SD1.5,1308,SD1.5/SD1.5/test/1_fake/entire__sd15__fake__000000400981.jpg
81,SD1.5,1309,SD1.5/SD1.5/test/1_fake/entire__sd15__fake__000000216158.jpg
81,SD1.5,1310,SD1.5/SD1.5/test/0_real/entire__sd15__real__000000265889.jpg
81,SD1.5,1311,SD1.5/SD1.5/test/0_real/entire__sd15__real__000000001350.jpg
82,SD1.5,1312,SD1.5/SD1.5/test/0_real/entire__sd15__real__000000021504.jpg
82,SD1.5,1313,SD1.5/SD1.5/test/1_fake/entire__sd15__fake__000000261940.jpg
82,SD1.5,1314,SD1.5/SD1.5/test/1_fake/entire__sd15__fake__000000052575.jpg
82,SD1.5,1315,SD1.5/SD1.5/test/1_fake/entire__sd15__fake__000000412709.jpg
82,SD1.5,1316,SD1.5/SD1.5/test/0_real/entire__sd15__real__000000073201.jpg
82,SD1.5,1317,SD1.5/SD1.5/test/0_real/entire__sd15__real__000000480595.jpg
82,SD1.5,1318,SD1.5/SD1.5/test/0_real/entire__sd15__real__000000414711.jpg
82,SD1.5,1319,SD1.5/SD1.5/test/0_real/entire__sd15__real__000000574028.jpg
82,SD1.5,1320,SD1.5/SD1.5/test/0_real/entire__sd15__real__000000329660.jpg
82,SD1.5,1321,SD1.5/SD1.5/test/0_real/entire__sd15__real__000000500169.jpg
82,SD1.5,1322,SD1.5/SD1.5/test/1_fake/entire__sd15__fake__000000041673.jpg
82,SD1.5,1323,SD1.5/SD1.5/test/1_fake/entire__sd15__fake__000000011519.jpg
82,SD1.5,1324,SD1.5/SD1.5/test/1_fake/entire__sd15__fake__000000317102.jpg
82,SD1.5,1325,SD1.5/SD1.5/test/1_fake/entire__sd15__fake__000000483138.jpg
82,SD1.5,1326,SD1.5/SD1.5/test/0_real/entire__sd15__real__000000346964.jpg
82,SD1.5,1327,SD1.5/SD1.5/test/1_fake/entire__sd15__fake__000000416767.jpg
83,SD1.5,1328,SD1.5/SD1.5/test/1_fake/entire__sd15__fake__000000078169.jpg
83,SD1.5,1329,SD1.5/SD1.5/test/0_real/entire__sd15__real__000000325710.jpg
83,SD1.5,1330,SD1.5/SD1.5/test/1_fake/entire__sd15__fake__000000489613.jpg
83,SD1.5,1331,SD1.5/SD1.5/test/1_fake/entire__sd15__fake__000000393874.jpg
83,SD1.5,1332,SD1.5/SD1.5/test/0_real/entire__sd15__real__000000447639.jpg
83,SD1.5,1333,SD1.5/SD1.5/test/1_fake/entire__sd15__fake__000000356507.jpg
83,SD1.5,1334,SD1.5/SD1.5/test/0_real/entire__sd15__real__000000311746.jpg
83,SD1.5,1335,SD1.5/SD1.5/test/0_real/entire__sd15__real__000000498492.jpg
83,SD1.5,1336,SD1.5/SD1.5/test/0_real/entire__sd15__real__000000090778.jpg
83,SD1.5,1337,SD1.5/SD1.5/test/1_fake/entire__sd15__fake__000000402097.jpg
83,SD1.5,1338,SD1.5/SD1.5/test/1_fake/entire__sd15__fake__000000135976.jpg
83,SD1.5,1339,SD1.5/SD1.5/test/1_fake/entire__sd15__fake__000000518305.jpg
83,SD1.5,1340,SD1.5/SD1.5/test/1_fake/entire__sd15__fake__000000551889.jpg
83,SD1.5,1341,SD1.5/SD1.5/test/1_fake/entire__sd15__fake__000000296139.jpg
83,SD1.5,1342,SD1.5/SD1.5/test/0_real/entire__sd15__real__000000501269.jpg
83,SD1.5,1343,SD1.5/SD1.5/test/1_fake/entire__sd15__fake__000000091408.jpg
84,SD1.5,1344,SD1.5/SD1.5/test/0_real/entire__sd15__real__000000018099.jpg
84,SD1.5,1345,SD1.5/SD1.5/test/0_real/entire__sd15__real__000000330292.jpg
84,SD1.5,1346,SD1.5/SD1.5/test/1_fake/entire__sd15__fake__000000158080.jpg
84,SD1.5,1347,SD1.5/SD1.5/test/0_real/entire__sd15__real__000000074759.jpg
84,SD1.5,1348,SD1.5/SD1.5/test/0_real/entire__sd15__real__000000523010.jpg
84,SD1.5,1349,SD1.5/SD1.5/test/0_real/entire__sd15__real__000000444755.jpg
84,SD1.5,1350,SD1.5/SD1.5/test/1_fake/entire__sd15__fake__000000190617.jpg
84,SD1.5,1351,SD1.5/SD1.5/test/1_fake/entire__sd15__fake__000000149895.jpg
84,SD1.5,1352,SD1.5/SD1.5/test/1_fake/entire__sd15__fake__000000561186.jpg
84,SD1.5,1353,SD1.5/SD1.5/test/1_fake/entire__sd15__fake__000000302089.jpg
84,SD1.5,1354,SD1.5/SD1.5/test/0_real/entire__sd15__real__000000329703.jpg
84,SD1.5,1355,SD1.5/SD1.5/test/1_fake/entire__sd15__fake__000000176680.jpg
84,SD1.5,1356,SD1.5/SD1.5/test/1_fake/entire__sd15__fake__000000240062.jpg
84,SD1.5,1357,SD1.5/SD1.5/test/0_real/entire__sd15__real__000000201004.jpg
84,SD1.5,1358,SD1.5/SD1.5/test/0_real/entire__sd15__real__000000205134.jpg
84,SD1.5,1359,SD1.5/SD1.5/test/1_fake/entire__sd15__fake__000000312744.jpg
85,SD1.5,1360,SD1.5/SD1.5/test/0_real/entire__sd15__real__000000226524.jpg
85,SD1.5,1361,SD1.5/SD1.5/test/1_fake/entire__sd15__fake__000000275488.jpg
85,SD1.5,1362,SD1.5/SD1.5/test/1_fake/entire__sd15__fake__000000478958.jpg
85,SD1.5,1363,SD1.5/SD1.5/test/1_fake/entire__sd15__fake__000000461844.jpg
85,SD1.5,1364,SD1.5/SD1.5/test/0_real/entire__sd15__real__000000046898.jpg
85,SD1.5,1365,SD1.5/SD1.5/test/1_fake/entire__sd15__fake__000000258134.jpg
85,SD1.5,1366,SD1.5/SD1.5/test/1_fake/entire__sd15__fake__000000135278.jpg
85,SD1.5,1367,SD1.5/SD1.5/test/1_fake/entire__sd15__fake__000000358231.jpg
85,SD1.5,1368,SD1.5/SD1.5/test/0_real/entire__sd15__real__000000099453.jpg
85,SD1.5,1369,SD1.5/SD1.5/test/0_real/entire__sd15__real__000000348905.jpg
85,SD1.5,1370,SD1.5/SD1.5/test/0_real/entire__sd15__real__000000505035.jpg
85,SD1.5,1371,SD1.5/SD1.5/test/1_fake/entire__sd15__fake__000000453799.jpg
85,SD1.5,1372,SD1.5/SD1.5/test/0_real/entire__sd15__real__000000155172.jpg
85,SD1.5,1373,SD1.5/SD1.5/test/1_fake/entire__sd15__fake__000000081504.jpg
85,SD1.5,1374,SD1.5/SD1.5/test/1_fake/entire__sd15__fake__000000202066.jpg
85,SD1.5,1375,SD1.5/SD1.5/test/1_fake/entire__sd15__fake__000000452789.jpg
86,SD1.5,1376,SD1.5/SD1.5/test/0_real/entire__sd15__real__000000425555.jpg
86,SD1.5,1377,SD1.5/SD1.5/test/1_fake/entire__sd15__fake__000000001771.jpg
86,SD1.5,1378,SD1.5/SD1.5/test/1_fake/entire__sd15__fake__000000127632.jpg
86,SD1.5,1379,SD1.5/SD1.5/test/1_fake/entire__sd15__fake__000000088433.jpg
86,SD1.5,1380,SD1.5/SD1.5/test/0_real/entire__sd15__real__000000024197.jpg
86,SD1.5,1381,SD1.5/SD1.5/test/1_fake/entire__sd15__fake__000000140919.jpg
86,SD1.5,1382,SD1.5/SD1.5/test/0_real/entire__sd15__real__000000234615.jpg
86,SD1.5,1383,SD1.5/SD1.5/test/0_real/entire__sd15__real__000000446460.jpg
86,SD1.5,1384,SD1.5/SD1.5/test/1_fake/entire__sd15__fake__000000213207.jpg
86,SD1.5,1385,SD1.5/SD1.5/test/1_fake/entire__sd15__fake__000000472501.jpg
86,SD1.5,1386,SD1.5/SD1.5/test/0_real/entire__sd15__real__000000092905.jpg
86,SD1.5,1387,SD1.5/SD1.5/test/1_fake/entire__sd15__fake__000000412848.jpg
86,SD1.5,1388,SD1.5/SD1.5/test/0_real/entire__sd15__real__000000433097.jpg
86,SD1.5,1389,SD1.5/SD1.5/test/1_fake/entire__sd15__fake__000000280370.jpg
86,SD1.5,1390,SD1.5/SD1.5/test/0_real/entire__sd15__real__000000254599.jpg
86,SD1.5,1391,SD1.5/SD1.5/test/1_fake/entire__sd15__fake__000000199127.jpg
87,SD1.5,1392,SD1.5/SD1.5/test/1_fake/entire__sd15__fake__000000059170.jpg
87,SD1.5,1393,SD1.5/SD1.5/test/0_real/entire__sd15__real__000000539767.jpg
87,SD1.5,1394,SD1.5/SD1.5/test/1_fake/entire__sd15__fake__000000090594.jpg
87,SD1.5,1395,SD1.5/SD1.5/test/0_real/entire__sd15__real__000000096421.jpg
87,SD1.5,1396,SD1.5/SD1.5/test/0_real/entire__sd15__real__000000511255.jpg
87,SD1.5,1397,SD1.5/SD1.5/test/0_real/entire__sd15__real__000000065900.jpg
87,SD1.5,1398,SD1.5/SD1.5/test/1_fake/entire__sd15__fake__000000039261.jpg
87,SD1.5,1399,SD1.5/SD1.5/test/1_fake/entire__sd15__fake__000000399232.jpg
87,SD1.5,1400,SD1.5/SD1.5/test/0_real/entire__sd15__real__000000328668.jpg
87,SD1.5,1401,SD1.5/SD1.5/test/1_fake/entire__sd15__fake__000000544457.jpg
87,SD1.5,1402,SD1.5/SD1.5/test/0_real/entire__sd15__real__000000136200.jpg
87,SD1.5,1403,SD1.5/SD1.5/test/1_fake/entire__sd15__fake__000000290269.jpg
87,SD1.5,1404,SD1.5/SD1.5/test/0_real/entire__sd15__real__000000550173.jpg
87,SD1.5,1405,SD1.5/SD1.5/test/0_real/entire__sd15__real__000000190907.jpg
87,SD1.5,1406,SD1.5/SD1.5/test/1_fake/entire__sd15__fake__000000570569.jpg
87,SD1.5,1407,SD1.5/SD1.5/test/1_fake/entire__sd15__fake__000000192560.jpg
88,SD1.5,1408,SD1.5/SD1.5/test/1_fake/entire__sd15__fake__000000346274.jpg
88,SD1.5,1409,SD1.5/SD1.5/test/0_real/entire__sd15__real__000000291980.jpg
88,SD1.5,1410,SD1.5/SD1.5/test/0_real/entire__sd15__real__000000281888.jpg
88,SD1.5,1411,SD1.5/SD1.5/test/0_real/entire__sd15__real__000000364467.jpg
88,SD1.5,1412,SD1.5/SD1.5/test/0_real/entire__sd15__real__000000239283.jpg
88,SD1.5,1413,SD1.5/SD1.5/test/0_real/entire__sd15__real__000000252518.jpg
88,SD1.5,1414,SD1.5/SD1.5/test/0_real/entire__sd15__real__000000513793.jpg
88,SD1.5,1415,SD1.5/SD1.5/test/0_real/entire__sd15__real__000000086818.jpg
88,SD1.5,1416,SD1.5/SD1.5/test/0_real/entire__sd15__real__000000435665.jpg
88,SD1.5,1417,SD1.5/SD1.5/test/1_fake/entire__sd15__fake__000000095203.jpg
88,SD1.5,1418,SD1.5/SD1.5/test/1_fake/entire__sd15__fake__000000391269.jpg
88,SD1.5,1419,SD1.5/SD1.5/test/0_real/entire__sd15__real__000000260025.jpg
88,SD1.5,1420,SD1.5/SD1.5/test/0_real/entire__sd15__real__000000098034.jpg
88,SD1.5,1421,SD1.5/SD1.5/test/0_real/entire__sd15__real__000000540577.jpg
88,SD1.5,1422,SD1.5/SD1.5/test/1_fake/entire__sd15__fake__000000164924.jpg
88,SD1.5,1423,SD1.5/SD1.5/test/1_fake/entire__sd15__fake__000000115117.jpg
89,SD1.5,1424,SD1.5/SD1.5/test/1_fake/entire__sd15__fake__000000236438.jpg
89,SD1.5,1425,SD1.5/SD1.5/test/1_fake/entire__sd15__fake__000000308338.jpg
89,SD1.5,1426,SD1.5/SD1.5/test/1_fake/entire__sd15__fake__000000115632.jpg
89,SD1.5,1427,SD1.5/SD1.5/test/1_fake/entire__sd15__fake__000000332930.jpg
89,SD1.5,1428,SD1.5/SD1.5/test/0_real/entire__sd15__real__000000104952.jpg
89,SD1.5,1429,SD1.5/SD1.5/test/1_fake/entire__sd15__fake__000000491764.jpg
89,SD1.5,1430,SD1.5/SD1.5/test/0_real/entire__sd15__real__000000447862.jpg
89,SD1.5,1431,SD1.5/SD1.5/test/0_real/entire__sd15__real__000000002007.jpg
89,SD1.5,1432,SD1.5/SD1.5/test/1_fake/entire__sd15__fake__000000500281.jpg
89,SD1.5,1433,SD1.5/SD1.5/test/0_real/entire__sd15__real__000000427853.jpg
89,SD1.5,1434,SD1.5/SD1.5/test/1_fake/entire__sd15__fake__000000338497.jpg
89,SD1.5,1435,SD1.5/SD1.5/test/0_real/entire__sd15__real__000000270809.jpg
89,SD1.5,1436,SD1.5/SD1.5/test/1_fake/entire__sd15__fake__000000434829.jpg
89,SD1.5,1437,SD1.5/SD1.5/test/1_fake/entire__sd15__fake__000000099676.jpg
89,SD1.5,1438,SD1.5/SD1.5/test/0_real/entire__sd15__real__000000058167.jpg
89,SD1.5,1439,SD1.5/SD1.5/test/0_real/entire__sd15__real__000000050511.jpg
90,SD1.5,1440,SD1.5/SD1.5/test/1_fake/entire__sd15__fake__000000151334.jpg
90,SD1.5,1441,SD1.5/SD1.5/test/1_fake/entire__sd15__fake__000000412036.jpg
90,SD1.5,1442,SD1.5/SD1.5/test/0_real/entire__sd15__real__000000201599.jpg
90,SD1.5,1443,SD1.5/SD1.5/test/1_fake/entire__sd15__fake__000000259526.jpg
90,SD1.5,1444,SD1.5/SD1.5/test/1_fake/entire__sd15__fake__000000354921.jpg
90,SD1.5,1445,SD1.5/SD1.5/test/1_fake/entire__sd15__fake__000000192927.jpg
90,SD1.5,1446,SD1.5/SD1.5/test/1_fake/entire__sd15__fake__000000322691.jpg
90,SD1.5,1447,SD1.5/SD1.5/test/1_fake/entire__sd15__fake__000000540923.jpg
90,SD1.5,1448,SD1.5/SD1.5/test/0_real/entire__sd15__real__000000394640.jpg
90,SD1.5,1449,SD1.5/SD1.5/test/0_real/entire__sd15__real__000000321059.jpg
90,SD1.5,1450,SD1.5/SD1.5/test/0_real/entire__sd15__real__000000520232.jpg
90,SD1.5,1451,SD1.5/SD1.5/test/1_fake/entire__sd15__fake__000000292169.jpg
90,SD1.5,1452,SD1.5/SD1.5/test/1_fake/entire__sd15__fake__000000339324.jpg
90,SD1.5,1453,SD1.5/SD1.5/test/0_real/entire__sd15__real__000000095501.jpg
90,SD1.5,1454,SD1.5/SD1.5/test/1_fake/entire__sd15__fake__000000044671.jpg
90,SD1.5,1455,SD1.5/SD1.5/test/1_fake/entire__sd15__fake__000000391561.jpg
91,SD1.5,1456,SD1.5/SD1.5/test/1_fake/entire__sd15__fake__000000363214.jpg
91,SD1.5,1457,SD1.5/SD1.5/test/1_fake/entire__sd15__fake__000000056868.jpg
91,SD1.5,1458,SD1.5/SD1.5/test/0_real/entire__sd15__real__000000436878.jpg
91,SD1.5,1459,SD1.5/SD1.5/test/0_real/entire__sd15__real__000000520237.jpg
91,SD1.5,1460,SD1.5/SD1.5/test/1_fake/entire__sd15__fake__000000556636.jpg
91,SD1.5,1461,SD1.5/SD1.5/test/0_real/entire__sd15__real__000000324051.jpg
91,SD1.5,1462,SD1.5/SD1.5/test/1_fake/entire__sd15__fake__000000441196.jpg
91,SD1.5,1463,SD1.5/SD1.5/test/1_fake/entire__sd15__fake__000000567274.jpg
91,SD1.5,1464,SD1.5/SD1.5/test/0_real/entire__sd15__real__000000513127.jpg
91,SD1.5,1465,SD1.5/SD1.5/test/1_fake/entire__sd15__fake__000000008836.jpg
91,SD1.5,1466,SD1.5/SD1.5/test/1_fake/entire__sd15__fake__000000495776.jpg
91,SD1.5,1467,SD1.5/SD1.5/test/1_fake/entire__sd15__fake__000000453178.jpg
91,SD1.5,1468,SD1.5/SD1.5/test/0_real/entire__sd15__real__000000182125.jpg
91,SD1.5,1469,SD1.5/SD1.5/test/1_fake/entire__sd15__fake__000000314812.jpg
91,SD1.5,1470,SD1.5/SD1.5/test/1_fake/entire__sd15__fake__000000334936.jpg
91,SD1.5,1471,SD1.5/SD1.5/test/0_real/entire__sd15__real__000000309953.jpg
92,SD1.5,1472,SD1.5/SD1.5/test/0_real/entire__sd15__real__000000231099.jpg
92,SD1.5,1473,SD1.5/SD1.5/test/1_fake/entire__sd15__fake__000000336517.jpg
92,SD1.5,1474,SD1.5/SD1.5/test/0_real/entire__sd15__real__000000518628.jpg
92,SD1.5,1475,SD1.5/SD1.5/test/0_real/entire__sd15__real__000000300011.jpg
92,SD1.5,1476,SD1.5/SD1.5/test/1_fake/entire__sd15__fake__000000486300.jpg
92,SD1.5,1477,SD1.5/SD1.5/test/0_real/entire__sd15__real__000000516592.jpg
92,SD1.5,1478,SD1.5/SD1.5/test/1_fake/entire__sd15__fake__000000504493.jpg
92,SD1.5,1479,SD1.5/SD1.5/test/0_real/entire__sd15__real__000000274184.jpg
92,SD1.5,1480,SD1.5/SD1.5/test/0_real/entire__sd15__real__000000258182.jpg
92,SD1.5,1481,SD1.5/SD1.5/test/1_fake/entire__sd15__fake__000000020182.jpg
92,SD1.5,1482,SD1.5/SD1.5/test/1_fake/entire__sd15__fake__000000366396.jpg
92,SD1.5,1483,SD1.5/SD1.5/test/1_fake/entire__sd15__fake__000000216628.jpg
92,SD1.5,1484,SD1.5/SD1.5/test/0_real/entire__sd15__real__000000075948.jpg
92,SD1.5,1485,SD1.5/SD1.5/test/1_fake/entire__sd15__fake__000000343737.jpg
92,SD1.5,1486,SD1.5/SD1.5/test/0_real/entire__sd15__real__000000075637.jpg
92,SD1.5,1487,SD1.5/SD1.5/test/1_fake/entire__sd15__fake__000000572352.jpg
93,SD1.5,1488,SD1.5/SD1.5/test/0_real/entire__sd15__real__000000369685.jpg
93,SD1.5,1489,SD1.5/SD1.5/test/0_real/entire__sd15__real__000000441218.jpg
93,SD1.5,1490,SD1.5/SD1.5/test/1_fake/entire__sd15__fake__000000404587.jpg
93,SD1.5,1491,SD1.5/SD1.5/test/1_fake/entire__sd15__fake__000000352228.jpg
93,SD1.5,1492,SD1.5/SD1.5/test/0_real/entire__sd15__real__000000294302.jpg
93,SD1.5,1493,SD1.5/SD1.5/test/0_real/entire__sd15__real__000000565108.jpg
93,SD1.5,1494,SD1.5/SD1.5/test/1_fake/entire__sd15__fake__000000042404.jpg
93,SD1.5,1495,SD1.5/SD1.5/test/1_fake/entire__sd15__fake__000000117108.jpg
93,SD1.5,1496,SD1.5/SD1.5/test/1_fake/entire__sd15__fake__000000576227.jpg
93,SD1.5,1497,SD1.5/SD1.5/test/1_fake/entire__sd15__fake__000000135356.jpg
93,SD1.5,1498,SD1.5/SD1.5/test/0_real/entire__sd15__real__000000368040.jpg
93,SD1.5,1499,SD1.5/SD1.5/test/1_fake/entire__sd15__fake__000000115088.jpg
94,SD2.1,1500,SD2.1/SD2.1/test/0_real/entire__sd2__real__000000491272.jpg
94,SD2.1,1501,SD2.1/SD2.1/test/0_real/entire__sd2__real__000000460043.jpg
94,SD2.1,1502,SD2.1/SD2.1/test/1_fake/entire__sd2__fake__000000283484.jpg
94,SD2.1,1503,SD2.1/SD2.1/test/1_fake/entire__sd2__fake__000000521112.jpg
94,SD2.1,1504,SD2.1/SD2.1/test/0_real/entire__sd2__real__000000527270.jpg
94,SD2.1,1505,SD2.1/SD2.1/test/1_fake/entire__sd2__fake__000000520047.jpg
94,SD2.1,1506,SD2.1/SD2.1/test/0_real/entire__sd2__real__000000405856.jpg
94,SD2.1,1507,SD2.1/SD2.1/test/1_fake/entire__sd2__fake__000000143188.jpg
94,SD2.1,1508,SD2.1/SD2.1/test/0_real/entire__sd2__real__000000190495.jpg
94,SD2.1,1509,SD2.1/SD2.1/test/0_real/entire__sd2__real__000000007666.jpg
94,SD2.1,1510,SD2.1/SD2.1/test/1_fake/entire__sd2__fake__000000367743.jpg
94,SD2.1,1511,SD2.1/SD2.1/test/0_real/entire__sd2__real__000000385150.jpg
94,SD2.1,1512,SD2.1/SD2.1/test/0_real/entire__sd2__real__000000037968.jpg
94,SD2.1,1513,SD2.1/SD2.1/test/1_fake/entire__sd2__fake__000000339903.jpg
94,SD2.1,1514,SD2.1/SD2.1/test/1_fake/entire__sd2__fake__000000308543.jpg
94,SD2.1,1515,SD2.1/SD2.1/test/1_fake/entire__sd2__fake__000000039082.jpg
95,SD2.1,1516,SD2.1/SD2.1/test/0_real/entire__sd2__real__000000211206.jpg
95,SD2.1,1517,SD2.1/SD2.1/test/0_real/entire__sd2__real__000000236126.jpg
95,SD2.1,1518,SD2.1/SD2.1/test/1_fake/entire__sd2__fake__000000312381.jpg
95,SD2.1,1519,SD2.1/SD2.1/test/1_fake/entire__sd2__fake__000000313166.jpg
95,SD2.1,1520,SD2.1/SD2.1/test/0_real/entire__sd2__real__000000071485.jpg
95,SD2.1,1521,SD2.1/SD2.1/test/0_real/entire__sd2__real__000000483146.jpg
95,SD2.1,1522,SD2.1/SD2.1/test/1_fake/entire__sd2__fake__000000056652.jpg
95,SD2.1,1523,SD2.1/SD2.1/test/1_fake/entire__sd2__fake__000000531366.jpg
95,SD2.1,1524,SD2.1/SD2.1/test/1_fake/entire__sd2__fake__000000087348.jpg
95,SD2.1,1525,SD2.1/SD2.1/test/1_fake/entire__sd2__fake__000000446232.jpg
95,SD2.1,1526,SD2.1/SD2.1/test/0_real/entire__sd2__real__000000517681.jpg
95,SD2.1,1527,SD2.1/SD2.1/test/0_real/entire__sd2__real__000000304832.jpg
95,SD2.1,1528,SD2.1/SD2.1/test/0_real/entire__sd2__real__000000080094.jpg
95,SD2.1,1529,SD2.1/SD2.1/test/1_fake/entire__sd2__fake__000000288204.jpg
95,SD2.1,1530,SD2.1/SD2.1/test/0_real/entire__sd2__real__000000124926.jpg
95,SD2.1,1531,SD2.1/SD2.1/test/0_real/entire__sd2__real__000000046276.jpg
96,SD2.1,1532,SD2.1/SD2.1/test/0_real/entire__sd2__real__000000077821.jpg
96,SD2.1,1533,SD2.1/SD2.1/test/1_fake/entire__sd2__fake__000000579589.jpg
96,SD2.1,1534,SD2.1/SD2.1/test/1_fake/entire__sd2__fake__000000046185.jpg
96,SD2.1,1535,SD2.1/SD2.1/test/0_real/entire__sd2__real__000000281503.jpg
96,SD2.1,1536,SD2.1/SD2.1/test/1_fake/entire__sd2__fake__000000277529.jpg
96,SD2.1,1537,SD2.1/SD2.1/test/0_real/entire__sd2__real__000000247184.jpg
96,SD2.1,1538,SD2.1/SD2.1/test/1_fake/entire__sd2__fake__000000453765.jpg
96,SD2.1,1539,SD2.1/SD2.1/test/1_fake/entire__sd2__fake__000000442670.jpg
96,SD2.1,1540,SD2.1/SD2.1/test/1_fake/entire__sd2__fake__000000563656.jpg
96,SD2.1,1541,SD2.1/SD2.1/test/0_real/entire__sd2__real__000000514451.jpg
96,SD2.1,1542,SD2.1/SD2.1/test/0_real/entire__sd2__real__000000327529.jpg
96,SD2.1,1543,SD2.1/SD2.1/test/0_real/entire__sd2__real__000000088669.jpg
96,SD2.1,1544,SD2.1/SD2.1/test/1_fake/entire__sd2__fake__000000539789.jpg
96,SD2.1,1545,SD2.1/SD2.1/test/1_fake/entire__sd2__fake__000000267189.jpg
96,SD2.1,1546,SD2.1/SD2.1/test/1_fake/entire__sd2__fake__000000507384.jpg
96,SD2.1,1547,SD2.1/SD2.1/test/1_fake/entire__sd2__fake__000000204821.jpg
97,SD2.1,1548,SD2.1/SD2.1/test/0_real/entire__sd2__real__000000496897.jpg
97,SD2.1,1549,SD2.1/SD2.1/test/1_fake/entire__sd2__fake__000000090573.jpg
97,SD2.1,1550,SD2.1/SD2.1/test/1_fake/entire__sd2__fake__000000386962.jpg
97,SD2.1,1551,SD2.1/SD2.1/test/1_fake/entire__sd2__fake__000000164663.jpg
97,SD2.1,1552,SD2.1/SD2.1/test/1_fake/entire__sd2__fake__000000143103.jpg
97,SD2.1,1553,SD2.1/SD2.1/test/0_real/entire__sd2__real__000000453157.jpg
97,SD2.1,1554,SD2.1/SD2.1/test/0_real/entire__sd2__real__000000303578.jpg
97,SD2.1,1555,SD2.1/SD2.1/test/0_real/entire__sd2__real__000000038938.jpg
97,SD2.1,1556,SD2.1/SD2.1/test/1_fake/entire__sd2__fake__000000178299.jpg
97,SD2.1,1557,SD2.1/SD2.1/test/0_real/entire__sd2__real__000000071507.jpg
97,SD2.1,1558,SD2.1/SD2.1/test/0_real/entire__sd2__real__000000016735.jpg
97,SD2.1,1559,SD2.1/SD2.1/test/1_fake/entire__sd2__fake__000000339709.jpg
97,SD2.1,1560,SD2.1/SD2.1/test/0_real/entire__sd2__real__000000238591.jpg
97,SD2.1,1561,SD2.1/SD2.1/test/0_real/entire__sd2__real__000000502300.jpg
97,SD2.1,1562,SD2.1/SD2.1/test/0_real/entire__sd2__real__000000547293.jpg
97,SD2.1,1563,SD2.1/SD2.1/test/1_fake/entire__sd2__fake__000000085211.jpg
98,SD2.1,1564,SD2.1/SD2.1/test/0_real/entire__sd2__real__000000304741.jpg
98,SD2.1,1565,SD2.1/SD2.1/test/1_fake/entire__sd2__fake__000000093402.jpg
98,SD2.1,1566,SD2.1/SD2.1/test/0_real/entire__sd2__real__000000337007.jpg
98,SD2.1,1567,SD2.1/SD2.1/test/0_real/entire__sd2__real__000000311521.jpg
98,SD2.1,1568,SD2.1/SD2.1/test/1_fake/entire__sd2__fake__000000332512.jpg
98,SD2.1,1569,SD2.1/SD2.1/test/1_fake/entire__sd2__fake__000000569872.jpg
98,SD2.1,1570,SD2.1/SD2.1/test/1_fake/entire__sd2__fake__000000388677.jpg
98,SD2.1,1571,SD2.1/SD2.1/test/0_real/entire__sd2__real__000000481036.jpg
98,SD2.1,1572,SD2.1/SD2.1/test/1_fake/entire__sd2__fake__000000247789.jpg
98,SD2.1,1573,SD2.1/SD2.1/test/1_fake/entire__sd2__fake__000000314288.jpg
98,SD2.1,1574,SD2.1/SD2.1/test/1_fake/entire__sd2__fake__000000061734.jpg
98,SD2.1,1575,SD2.1/SD2.1/test/0_real/entire__sd2__real__000000371794.jpg
98,SD2.1,1576,SD2.1/SD2.1/test/1_fake/entire__sd2__fake__000000419210.jpg
98,SD2.1,1577,SD2.1/SD2.1/test/0_real/entire__sd2__real__000000200056.jpg
98,SD2.1,1578,SD2.1/SD2.1/test/0_real/entire__sd2__real__000000264381.jpg
98,SD2.1,1579,SD2.1/SD2.1/test/1_fake/entire__sd2__fake__000000092323.jpg
99,SD2.1,1580,SD2.1/SD2.1/test/0_real/entire__sd2__real__000000276528.jpg
99,SD2.1,1581,SD2.1/SD2.1/test/0_real/entire__sd2__real__000000180765.jpg
99,SD2.1,1582,SD2.1/SD2.1/test/1_fake/entire__sd2__fake__000000489778.jpg
99,SD2.1,1583,SD2.1/SD2.1/test/1_fake/entire__sd2__fake__000000396958.jpg
99,SD2.1,1584,SD2.1/SD2.1/test/0_real/entire__sd2__real__000000006177.jpg
99,SD2.1,1585,SD2.1/SD2.1/test/0_real/entire__sd2__real__000000232218.jpg
99,SD2.1,1586,SD2.1/SD2.1/test/0_real/entire__sd2__real__000000142665.jpg
99,SD2.1,1587,SD2.1/SD2.1/test/1_fake/entire__sd2__fake__000000058405.jpg
99,SD2.1,1588,SD2.1/SD2.1/test/1_fake/entire__sd2__fake__000000288234.jpg
99,SD2.1,1589,SD2.1/SD2.1/test/0_real/entire__sd2__real__000000496059.jpg
99,SD2.1,1590,SD2.1/SD2.1/test/0_real/entire__sd2__real__000000272117.jpg
99,SD2.1,1591,SD2.1/SD2.1/test/0_real/entire__sd2__real__000000381251.jpg
99,SD2.1,1592,SD2.1/SD2.1/test/0_real/entire__sd2__real__000000231393.jpg
99,SD2.1,1593,SD2.1/SD2.1/test/1_fake/entire__sd2__fake__000000097913.jpg
99,SD2.1,1594,SD2.1/SD2.1/test/0_real/entire__sd2__real__000000330990.jpg
99,SD2.1,1595,SD2.1/SD2.1/test/1_fake/entire__sd2__fake__000000027975.jpg
100,SD2.1,1596,SD2.1/SD2.1/test/1_fake/entire__sd2__fake__000000479809.jpg
100,SD2.1,1597,SD2.1/SD2.1/test/0_real/entire__sd2__real__000000299433.jpg
100,SD2.1,1598,SD2.1/SD2.1/test/1_fake/entire__sd2__fake__000000219894.jpg
100,SD2.1,1599,SD2.1/SD2.1/test/1_fake/entire__sd2__fake__000000535750.jpg
100,SD2.1,1600,SD2.1/SD2.1/test/1_fake/entire__sd2__fake__000000043170.jpg
100,SD2.1,1601,SD2.1/SD2.1/test/0_real/entire__sd2__real__000000243214.jpg
100,SD2.1,1602,SD2.1/SD2.1/test/0_real/entire__sd2__real__000000006748.jpg
100,SD2.1,1603,SD2.1/SD2.1/test/1_fake/entire__sd2__fake__000000393641.jpg
100,SD2.1,1604,SD2.1/SD2.1/test/1_fake/entire__sd2__fake__000000174680.jpg
100,SD2.1,1605,SD2.1/SD2.1/test/0_real/entire__sd2__real__000000033091.jpg
100,SD2.1,1606,SD2.1/SD2.1/test/1_fake/entire__sd2__fake__000000270744.jpg
100,SD2.1,1607,SD2.1/SD2.1/test/1_fake/entire__sd2__fake__000000230982.jpg
100,SD2.1,1608,SD2.1/SD2.1/test/1_fake/entire__sd2__fake__000000469860.jpg
100,SD2.1,1609,SD2.1/SD2.1/test/0_real/entire__sd2__real__000000254325.jpg
100,SD2.1,1610,SD2.1/SD2.1/test/1_fake/entire__sd2__fake__000000482393.jpg
100,SD2.1,1611,SD2.1/SD2.1/test/0_real/entire__sd2__real__000000235651.jpg
101,SD2.1,1612,SD2.1/SD2.1/test/1_fake/entire__sd2__fake__000000133490.jpg
101,SD2.1,1613,SD2.1/SD2.1/test/1_fake/entire__sd2__fake__000000224178.jpg
101,SD2.1,1614,SD2.1/SD2.1/test/0_real/entire__sd2__real__000000237222.jpg
101,SD2.1,1615,SD2.1/SD2.1/test/0_real/entire__sd2__real__000000044800.jpg
101,SD2.1,1616,SD2.1/SD2.1/test/1_fake/entire__sd2__fake__000000512110.jpg
101,SD2.1,1617,SD2.1/SD2.1/test/1_fake/entire__sd2__fake__000000550739.jpg
101,SD2.1,1618,SD2.1/SD2.1/test/0_real/entire__sd2__real__000000016817.jpg
101,SD2.1,1619,SD2.1/SD2.1/test/0_real/entire__sd2__real__000000195529.jpg
101,SD2.1,1620,SD2.1/SD2.1/test/0_real/entire__sd2__real__000000033073.jpg
101,SD2.1,1621,SD2.1/SD2.1/test/0_real/entire__sd2__real__000000459118.jpg
101,SD2.1,1622,SD2.1/SD2.1/test/1_fake/entire__sd2__fake__000000316672.jpg
101,SD2.1,1623,SD2.1/SD2.1/test/1_fake/entire__sd2__fake__000000394659.jpg
101,SD2.1,1624,SD2.1/SD2.1/test/0_real/entire__sd2__real__000000170687.jpg
101,SD2.1,1625,SD2.1/SD2.1/test/0_real/entire__sd2__real__000000466301.jpg
101,SD2.1,1626,SD2.1/SD2.1/test/0_real/entire__sd2__real__000000554332.jpg
101,SD2.1,1627,SD2.1/SD2.1/test/0_real/entire__sd2__real__000000294535.jpg
102,SD2.1,1628,SD2.1/SD2.1/test/1_fake/entire__sd2__fake__000000467092.jpg
102,SD2.1,1629,SD2.1/SD2.1/test/0_real/entire__sd2__real__000000102734.jpg
102,SD2.1,1630,SD2.1/SD2.1/test/1_fake/entire__sd2__fake__000000325790.jpg
102,SD2.1,1631,SD2.1/SD2.1/test/0_real/entire__sd2__real__000000083468.jpg
102,SD2.1,1632,SD2.1/SD2.1/test/0_real/entire__sd2__real__000000376502.jpg
102,SD2.1,1633,SD2.1/SD2.1/test/0_real/entire__sd2__real__000000304047.jpg
102,SD2.1,1634,SD2.1/SD2.1/test/0_real/entire__sd2__real__000000467151.jpg
102,SD2.1,1635,SD2.1/SD2.1/test/0_real/entire__sd2__real__000000339734.jpg
102,SD2.1,1636,SD2.1/SD2.1/test/0_real/entire__sd2__real__000000511734.jpg
102,SD2.1,1637,SD2.1/SD2.1/test/1_fake/entire__sd2__fake__000000489261.jpg
102,SD2.1,1638,SD2.1/SD2.1/test/1_fake/entire__sd2__fake__000000380720.jpg
102,SD2.1,1639,SD2.1/SD2.1/test/0_real/entire__sd2__real__000000416862.jpg
102,SD2.1,1640,SD2.1/SD2.1/test/0_real/entire__sd2__real__000000331616.jpg
102,SD2.1,1641,SD2.1/SD2.1/test/0_real/entire__sd2__real__000000546760.jpg
102,SD2.1,1642,SD2.1/SD2.1/test/1_fake/entire__sd2__fake__000000566670.jpg
102,SD2.1,1643,SD2.1/SD2.1/test/1_fake/entire__sd2__fake__000000213538.jpg
103,SD2.1,1644,SD2.1/SD2.1/test/0_real/entire__sd2__real__000000021740.jpg
103,SD2.1,1645,SD2.1/SD2.1/test/1_fake/entire__sd2__fake__000000280469.jpg
103,SD2.1,1646,SD2.1/SD2.1/test/1_fake/entire__sd2__fake__000000468428.jpg
103,SD2.1,1647,SD2.1/SD2.1/test/1_fake/entire__sd2__fake__000000439827.jpg
103,SD2.1,1648,SD2.1/SD2.1/test/1_fake/entire__sd2__fake__000000503061.jpg
103,SD2.1,1649,SD2.1/SD2.1/test/0_real/entire__sd2__real__000000028402.jpg
103,SD2.1,1650,SD2.1/SD2.1/test/0_real/entire__sd2__real__000000353809.jpg
103,SD2.1,1651,SD2.1/SD2.1/test/1_fake/entire__sd2__fake__000000124122.jpg
103,SD2.1,1652,SD2.1/SD2.1/test/0_real/entire__sd2__real__000000450631.jpg
103,SD2.1,1653,SD2.1/SD2.1/test/1_fake/entire__sd2__fake__000000164951.jpg
103,SD2.1,1654,SD2.1/SD2.1/test/0_real/entire__sd2__real__000000324645.jpg
103,SD2.1,1655,SD2.1/SD2.1/test/1_fake/entire__sd2__fake__000000359310.jpg
103,SD2.1,1656,SD2.1/SD2.1/test/1_fake/entire__sd2__fake__000000366257.jpg
103,SD2.1,1657,SD2.1/SD2.1/test/1_fake/entire__sd2__fake__000000007023.jpg
103,SD2.1,1658,SD2.1/SD2.1/test/1_fake/entire__sd2__fake__000000328115.jpg
103,SD2.1,1659,SD2.1/SD2.1/test/1_fake/entire__sd2__fake__000000386677.jpg
104,SD2.1,1660,SD2.1/SD2.1/test/1_fake/entire__sd2__fake__000000556418.jpg
104,SD2.1,1661,SD2.1/SD2.1/test/1_fake/entire__sd2__fake__000000324115.jpg
104,SD2.1,1662,SD2.1/SD2.1/test/0_real/entire__sd2__real__000000154717.jpg
104,SD2.1,1663,SD2.1/SD2.1/test/0_real/entire__sd2__real__000000373119.jpg
104,SD2.1,1664,SD2.1/SD2.1/test/1_fake/entire__sd2__fake__000000136373.jpg
104,SD2.1,1665,SD2.1/SD2.1/test/0_real/entire__sd2__real__000000491128.jpg
104,SD2.1,1666,SD2.1/SD2.1/test/0_real/entire__sd2__real__000000054696.jpg
104,SD2.1,1667,SD2.1/SD2.1/test/1_fake/entire__sd2__fake__000000195153.jpg
104,SD2.1,1668,SD2.1/SD2.1/test/1_fake/entire__sd2__fake__000000502818.jpg
104,SD2.1,1669,SD2.1/SD2.1/test/0_real/entire__sd2__real__000000205720.jpg
104,SD2.1,1670,SD2.1/SD2.1/test/1_fake/entire__sd2__fake__000000089044.jpg
104,SD2.1,1671,SD2.1/SD2.1/test/1_fake/entire__sd2__fake__000000190218.jpg
104,SD2.1,1672,SD2.1/SD2.1/test/0_real/entire__sd2__real__000000551934.jpg
104,SD2.1,1673,SD2.1/SD2.1/test/0_real/entire__sd2__real__000000011948.jpg
104,SD2.1,1674,SD2.1/SD2.1/test/1_fake/entire__sd2__fake__000000185646.jpg
104,SD2.1,1675,SD2.1/SD2.1/test/1_fake/entire__sd2__fake__000000509914.jpg
105,SD2.1,1676,SD2.1/SD2.1/test/1_fake/entire__sd2__fake__000000382620.jpg
105,SD2.1,1677,SD2.1/SD2.1/test/1_fake/entire__sd2__fake__000000529193.jpg
105,SD2.1,1678,SD2.1/SD2.1/test/0_real/entire__sd2__real__000000168626.jpg
105,SD2.1,1679,SD2.1/SD2.1/test/1_fake/entire__sd2__fake__000000485871.jpg
105,SD2.1,1680,SD2.1/SD2.1/test/0_real/entire__sd2__real__000000020583.jpg
105,SD2.1,1681,SD2.1/SD2.1/test/0_real/entire__sd2__real__000000435922.jpg
105,SD2.1,1682,SD2.1/SD2.1/test/1_fake/entire__sd2__fake__000000169766.jpg
105,SD2.1,1683,SD2.1/SD2.1/test/0_real/entire__sd2__real__000000103904.jpg
105,SD2.1,1684,SD2.1/SD2.1/test/1_fake/entire__sd2__fake__000000444582.jpg
105,SD2.1,1685,SD2.1/SD2.1/test/0_real/entire__sd2__real__000000541345.jpg
105,SD2.1,1686,SD2.1/SD2.1/test/0_real/entire__sd2__real__000000572604.jpg
105,SD2.1,1687,SD2.1/SD2.1/test/0_real/entire__sd2__real__000000382563.jpg
105,SD2.1,1688,SD2.1/SD2.1/test/0_real/entire__sd2__real__000000456045.jpg
105,SD2.1,1689,SD2.1/SD2.1/test/0_real/entire__sd2__real__000000533843.jpg
105,SD2.1,1690,SD2.1/SD2.1/test/1_fake/entire__sd2__fake__000000271972.jpg
105,SD2.1,1691,SD2.1/SD2.1/test/1_fake/entire__sd2__fake__000000373480.jpg
106,SD2.1,1692,SD2.1/SD2.1/test/1_fake/entire__sd2__fake__000000372756.jpg
106,SD2.1,1693,SD2.1/SD2.1/test/0_real/entire__sd2__real__000000432607.jpg
106,SD2.1,1694,SD2.1/SD2.1/test/0_real/entire__sd2__real__000000497299.jpg
106,SD2.1,1695,SD2.1/SD2.1/test/0_real/entire__sd2__real__000000070059.jpg
106,SD2.1,1696,SD2.1/SD2.1/test/0_real/entire__sd2__real__000000425805.jpg
106,SD2.1,1697,SD2.1/SD2.1/test/1_fake/entire__sd2__fake__000000097504.jpg
106,SD2.1,1698,SD2.1/SD2.1/test/1_fake/entire__sd2__fake__000000497119.jpg
106,SD2.1,1699,SD2.1/SD2.1/test/1_fake/entire__sd2__fake__000000244014.jpg
106,SD2.1,1700,SD2.1/SD2.1/test/0_real/entire__sd2__real__000000520486.jpg
106,SD2.1,1701,SD2.1/SD2.1/test/0_real/entire__sd2__real__000000319492.jpg
106,SD2.1,1702,SD2.1/SD2.1/test/1_fake/entire__sd2__fake__000000174402.jpg
106,SD2.1,1703,SD2.1/SD2.1/test/0_real/entire__sd2__real__000000477483.jpg
106,SD2.1,1704,SD2.1/SD2.1/test/0_real/entire__sd2__real__000000427120.jpg
106,SD2.1,1705,SD2.1/SD2.1/test/0_real/entire__sd2__real__000000460496.jpg
106,SD2.1,1706,SD2.1/SD2.1/test/1_fake/entire__sd2__fake__000000190945.jpg
106,SD2.1,1707,SD2.1/SD2.1/test/0_real/entire__sd2__real__000000464240.jpg
107,SD2.1,1708,SD2.1/SD2.1/test/0_real/entire__sd2__real__000000394115.jpg
107,SD2.1,1709,SD2.1/SD2.1/test/1_fake/entire__sd2__fake__000000576119.jpg
107,SD2.1,1710,SD2.1/SD2.1/test/1_fake/entire__sd2__fake__000000436141.jpg
107,SD2.1,1711,SD2.1/SD2.1/test/0_real/entire__sd2__real__000000368547.jpg
107,SD2.1,1712,SD2.1/SD2.1/test/1_fake/entire__sd2__fake__000000513098.jpg
107,SD2.1,1713,SD2.1/SD2.1/test/1_fake/entire__sd2__fake__000000165203.jpg
107,SD2.1,1714,SD2.1/SD2.1/test/0_real/entire__sd2__real__000000493753.jpg
107,SD2.1,1715,SD2.1/SD2.1/test/0_real/entire__sd2__real__000000001569.jpg
107,SD2.1,1716,SD2.1/SD2.1/test/0_real/entire__sd2__real__000000033008.jpg
107,SD2.1,1717,SD2.1/SD2.1/test/0_real/entire__sd2__real__000000387712.jpg
107,SD2.1,1718,SD2.1/SD2.1/test/1_fake/entire__sd2__fake__000000012326.jpg
107,SD2.1,1719,SD2.1/SD2.1/test/0_real/entire__sd2__real__000000074090.jpg
107,SD2.1,1720,SD2.1/SD2.1/test/1_fake/entire__sd2__fake__000000368873.jpg
107,SD2.1,1721,SD2.1/SD2.1/test/1_fake/entire__sd2__fake__000000397863.jpg
107,SD2.1,1722,SD2.1/SD2.1/test/0_real/entire__sd2__real__000000260699.jpg
107,SD2.1,1723,SD2.1/SD2.1/test/0_real/entire__sd2__real__000000403720.jpg
108,SD2.1,1724,SD2.1/SD2.1/test/1_fake/entire__sd2__fake__000000065630.jpg
108,SD2.1,1725,SD2.1/SD2.1/test/1_fake/entire__sd2__fake__000000498706.jpg
108,SD2.1,1726,SD2.1/SD2.1/test/1_fake/entire__sd2__fake__000000392224.jpg
108,SD2.1,1727,SD2.1/SD2.1/test/1_fake/entire__sd2__fake__000000437199.jpg
108,SD2.1,1728,SD2.1/SD2.1/test/0_real/entire__sd2__real__000000533454.jpg
108,SD2.1,1729,SD2.1/SD2.1/test/1_fake/entire__sd2__fake__000000473199.jpg
108,SD2.1,1730,SD2.1/SD2.1/test/0_real/entire__sd2__real__000000388965.jpg
108,SD2.1,1731,SD2.1/SD2.1/test/0_real/entire__sd2__real__000000497106.jpg
108,SD2.1,1732,SD2.1/SD2.1/test/0_real/entire__sd2__real__000000372914.jpg
108,SD2.1,1733,SD2.1/SD2.1/test/0_real/entire__sd2__real__000000315672.jpg
108,SD2.1,1734,SD2.1/SD2.1/test/0_real/entire__sd2__real__000000043778.jpg
108,SD2.1,1735,SD2.1/SD2.1/test/1_fake/entire__sd2__fake__000000552796.jpg
108,SD2.1,1736,SD2.1/SD2.1/test/1_fake/entire__sd2__fake__000000235163.jpg
108,SD2.1,1737,SD2.1/SD2.1/test/1_fake/entire__sd2__fake__000000242079.jpg
108,SD2.1,1738,SD2.1/SD2.1/test/0_real/entire__sd2__real__000000195791.jpg
108,SD2.1,1739,SD2.1/SD2.1/test/0_real/entire__sd2__real__000000346956.jpg
109,SD2.1,1740,SD2.1/SD2.1/test/1_fake/entire__sd2__fake__000000234395.jpg
109,SD2.1,1741,SD2.1/SD2.1/test/1_fake/entire__sd2__fake__000000253981.jpg
109,SD2.1,1742,SD2.1/SD2.1/test/0_real/entire__sd2__real__000000281818.jpg
109,SD2.1,1743,SD2.1/SD2.1/test/1_fake/entire__sd2__fake__000000388284.jpg
109,SD2.1,1744,SD2.1/SD2.1/test/0_real/entire__sd2__real__000000344661.jpg
109,SD2.1,1745,SD2.1/SD2.1/test/0_real/entire__sd2__real__000000124835.jpg
109,SD2.1,1746,SD2.1/SD2.1/test/1_fake/entire__sd2__fake__000000153677.jpg
109,SD2.1,1747,SD2.1/SD2.1/test/1_fake/entire__sd2__fake__000000172006.jpg
109,SD2.1,1748,SD2.1/SD2.1/test/1_fake/entire__sd2__fake__000000572604.jpg
109,SD2.1,1749,SD2.1/SD2.1/test/1_fake/entire__sd2__fake__000000348555.jpg
109,SD2.1,1750,SD2.1/SD2.1/test/1_fake/entire__sd2__fake__000000462461.jpg
109,SD2.1,1751,SD2.1/SD2.1/test/1_fake/entire__sd2__fake__000000205086.jpg
109,SD2.1,1752,SD2.1/SD2.1/test/0_real/entire__sd2__real__000000180613.jpg
109,SD2.1,1753,SD2.1/SD2.1/test/1_fake/entire__sd2__fake__000000292519.jpg
109,SD2.1,1754,SD2.1/SD2.1/test/0_real/entire__sd2__real__000000481723.jpg
109,SD2.1,1755,SD2.1/SD2.1/test/1_fake/entire__sd2__fake__000000568168.jpg
110,SD2.1,1756,SD2.1/SD2.1/test/1_fake/entire__sd2__fake__000000571773.jpg
110,SD2.1,1757,SD2.1/SD2.1/test/1_fake/entire__sd2__fake__000000505888.jpg
110,SD2.1,1758,SD2.1/SD2.1/test/1_fake/entire__sd2__fake__000000324116.jpg
110,SD2.1,1759,SD2.1/SD2.1/test/0_real/entire__sd2__real__000000142248.jpg
110,SD2.1,1760,SD2.1/SD2.1/test/0_real/entire__sd2__real__000000392711.jpg
110,SD2.1,1761,SD2.1/SD2.1/test/0_real/entire__sd2__real__000000299712.jpg
110,SD2.1,1762,SD2.1/SD2.1/test/0_real/entire__sd2__real__000000104052.jpg
110,SD2.1,1763,SD2.1/SD2.1/test/1_fake/entire__sd2__fake__000000067566.jpg
110,SD2.1,1764,SD2.1/SD2.1/test/0_real/entire__sd2__real__000000277375.jpg
110,SD2.1,1765,SD2.1/SD2.1/test/0_real/entire__sd2__real__000000118256.jpg
110,SD2.1,1766,SD2.1/SD2.1/test/0_real/entire__sd2__real__000000278628.jpg
110,SD2.1,1767,SD2.1/SD2.1/test/1_fake/entire__sd2__fake__000000292467.jpg
110,SD2.1,1768,SD2.1/SD2.1/test/1_fake/entire__sd2__fake__000000120462.jpg
110,SD2.1,1769,SD2.1/SD2.1/test/0_real/entire__sd2__real__000000447569.jpg
110,SD2.1,1770,SD2.1/SD2.1/test/0_real/entire__sd2__real__000000416931.jpg
110,SD2.1,1771,SD2.1/SD2.1/test/1_fake/entire__sd2__fake__000000238858.jpg
111,SD2.1,1772,SD2.1/SD2.1/test/1_fake/entire__sd2__fake__000000438909.jpg
111,SD2.1,1773,SD2.1/SD2.1/test/1_fake/entire__sd2__fake__000000247895.jpg
111,SD2.1,1774,SD2.1/SD2.1/test/1_fake/entire__sd2__fake__000000568089.jpg
111,SD2.1,1775,SD2.1/SD2.1/test/1_fake/entire__sd2__fake__000000011099.jpg
111,SD2.1,1776,SD2.1/SD2.1/test/1_fake/entire__sd2__fake__000000351218.jpg
111,SD2.1,1777,SD2.1/SD2.1/test/0_real/entire__sd2__real__000000098355.jpg
111,SD2.1,1778,SD2.1/SD2.1/test/0_real/entire__sd2__real__000000418772.jpg
111,SD2.1,1779,SD2.1/SD2.1/test/0_real/entire__sd2__real__000000517719.jpg
111,SD2.1,1780,SD2.1/SD2.1/test/1_fake/entire__sd2__fake__000000532555.jpg
111,SD2.1,1781,SD2.1/SD2.1/test/0_real/entire__sd2__real__000000573181.jpg
111,SD2.1,1782,SD2.1/SD2.1/test/0_real/entire__sd2__real__000000393121.jpg
111,SD2.1,1783,SD2.1/SD2.1/test/0_real/entire__sd2__real__000000333694.jpg
111,SD2.1,1784,SD2.1/SD2.1/test/0_real/entire__sd2__real__000000207509.jpg
111,SD2.1,1785,SD2.1/SD2.1/test/1_fake/entire__sd2__fake__000000422623.jpg
111,SD2.1,1786,SD2.1/SD2.1/test/1_fake/entire__sd2__fake__000000439274.jpg
111,SD2.1,1787,SD2.1/SD2.1/test/1_fake/entire__sd2__fake__000000493956.jpg
112,SD2.1,1788,SD2.1/SD2.1/test/0_real/entire__sd2__real__000000247789.jpg
112,SD2.1,1789,SD2.1/SD2.1/test/0_real/entire__sd2__real__000000248300.jpg
112,SD2.1,1790,SD2.1/SD2.1/test/1_fake/entire__sd2__fake__000000113142.jpg
112,SD2.1,1791,SD2.1/SD2.1/test/1_fake/entire__sd2__fake__000000334416.jpg
112,SD2.1,1792,SD2.1/SD2.1/test/0_real/entire__sd2__real__000000162488.jpg
112,SD2.1,1793,SD2.1/SD2.1/test/0_real/entire__sd2__real__000000057454.jpg
112,SD2.1,1794,SD2.1/SD2.1/test/1_fake/entire__sd2__fake__000000486004.jpg
112,SD2.1,1795,SD2.1/SD2.1/test/0_real/entire__sd2__real__000000160529.jpg
112,SD2.1,1796,SD2.1/SD2.1/test/1_fake/entire__sd2__fake__000000150374.jpg
112,SD2.1,1797,SD2.1/SD2.1/test/0_real/entire__sd2__real__000000152385.jpg
112,SD2.1,1798,SD2.1/SD2.1/test/1_fake/entire__sd2__fake__000000112201.jpg
112,SD2.1,1799,SD2.1/SD2.1/test/0_real/entire__sd2__real__000000074206.jpg
112,SD2.1,1800,SD2.1/SD2.1/test/0_real/entire__sd2__real__000000568883.jpg
112,SD2.1,1801,SD2.1/SD2.1/test/0_real/entire__sd2__real__000000316147.jpg
112,SD2.1,1802,SD2.1/SD2.1/test/0_real/entire__sd2__real__000000417577.jpg
112,SD2.1,1803,SD2.1/SD2.1/test/1_fake/entire__sd2__fake__000000412304.jpg
113,SD2.1,1804,SD2.1/SD2.1/test/1_fake/entire__sd2__fake__000000061782.jpg
113,SD2.1,1805,SD2.1/SD2.1/test/0_real/entire__sd2__real__000000565459.jpg
113,SD2.1,1806,SD2.1/SD2.1/test/0_real/entire__sd2__real__000000310163.jpg
113,SD2.1,1807,SD2.1/SD2.1/test/1_fake/entire__sd2__fake__000000116740.jpg
113,SD2.1,1808,SD2.1/SD2.1/test/0_real/entire__sd2__real__000000123013.jpg
113,SD2.1,1809,SD2.1/SD2.1/test/0_real/entire__sd2__real__000000225175.jpg
113,SD2.1,1810,SD2.1/SD2.1/test/0_real/entire__sd2__real__000000245802.jpg
113,SD2.1,1811,SD2.1/SD2.1/test/0_real/entire__sd2__real__000000057719.jpg
113,SD2.1,1812,SD2.1/SD2.1/test/0_real/entire__sd2__real__000000321422.jpg
113,SD2.1,1813,SD2.1/SD2.1/test/0_real/entire__sd2__real__000000066066.jpg
113,SD2.1,1814,SD2.1/SD2.1/test/1_fake/entire__sd2__fake__000000367554.jpg
113,SD2.1,1815,SD2.1/SD2.1/test/1_fake/entire__sd2__fake__000000196948.jpg
113,SD2.1,1816,SD2.1/SD2.1/test/1_fake/entire__sd2__fake__000000568309.jpg
113,SD2.1,1817,SD2.1/SD2.1/test/1_fake/entire__sd2__fake__000000127801.jpg
113,SD2.1,1818,SD2.1/SD2.1/test/0_real/entire__sd2__real__000000124983.jpg
113,SD2.1,1819,SD2.1/SD2.1/test/0_real/entire__sd2__real__000000578324.jpg
114,SD2.1,1820,SD2.1/SD2.1/test/1_fake/entire__sd2__fake__000000329343.jpg
114,SD2.1,1821,SD2.1/SD2.1/test/0_real/entire__sd2__real__000000049550.jpg
114,SD2.1,1822,SD2.1/SD2.1/test/1_fake/entire__sd2__fake__000000348989.jpg
114,SD2.1,1823,SD2.1/SD2.1/test/1_fake/entire__sd2__fake__000000355968.jpg
114,SD2.1,1824,SD2.1/SD2.1/test/1_fake/entire__sd2__fake__000000468956.jpg
114,SD2.1,1825,SD2.1/SD2.1/test/1_fake/entire__sd2__fake__000000178771.jpg
114,SD2.1,1826,SD2.1/SD2.1/test/1_fake/entire__sd2__fake__000000208669.jpg
114,SD2.1,1827,SD2.1/SD2.1/test/1_fake/entire__sd2__fake__000000146584.jpg
114,SD2.1,1828,SD2.1/SD2.1/test/0_real/entire__sd2__real__000000001083.jpg
114,SD2.1,1829,SD2.1/SD2.1/test/0_real/entire__sd2__real__000000321567.jpg
114,SD2.1,1830,SD2.1/SD2.1/test/1_fake/entire__sd2__fake__000000303429.jpg
114,SD2.1,1831,SD2.1/SD2.1/test/1_fake/entire__sd2__fake__000000239793.jpg
114,SD2.1,1832,SD2.1/SD2.1/test/1_fake/entire__sd2__fake__000000044977.jpg
114,SD2.1,1833,SD2.1/SD2.1/test/0_real/entire__sd2__real__000000354967.jpg
114,SD2.1,1834,SD2.1/SD2.1/test/0_real/entire__sd2__real__000000095908.jpg
114,SD2.1,1835,SD2.1/SD2.1/test/1_fake/entire__sd2__fake__000000062562.jpg
115,SD2.1,1836,SD2.1/SD2.1/test/1_fake/entire__sd2__fake__000000452027.jpg
115,SD2.1,1837,SD2.1/SD2.1/test/0_real/entire__sd2__real__000000274585.jpg
115,SD2.1,1838,SD2.1/SD2.1/test/1_fake/entire__sd2__fake__000000170007.jpg
115,SD2.1,1839,SD2.1/SD2.1/test/0_real/entire__sd2__real__000000034223.jpg
115,SD2.1,1840,SD2.1/SD2.1/test/0_real/entire__sd2__real__000000068636.jpg
115,SD2.1,1841,SD2.1/SD2.1/test/1_fake/entire__sd2__fake__000000478823.jpg
115,SD2.1,1842,SD2.1/SD2.1/test/0_real/entire__sd2__real__000000360069.jpg
115,SD2.1,1843,SD2.1/SD2.1/test/1_fake/entire__sd2__fake__000000524834.jpg
115,SD2.1,1844,SD2.1/SD2.1/test/0_real/entire__sd2__real__000000456044.jpg
115,SD2.1,1845,SD2.1/SD2.1/test/0_real/entire__sd2__real__000000508053.jpg
115,SD2.1,1846,SD2.1/SD2.1/test/1_fake/entire__sd2__fake__000000489967.jpg
115,SD2.1,1847,SD2.1/SD2.1/test/0_real/entire__sd2__real__000000343552.jpg
115,SD2.1,1848,SD2.1/SD2.1/test/1_fake/entire__sd2__fake__000000179580.jpg
115,SD2.1,1849,SD2.1/SD2.1/test/0_real/entire__sd2__real__000000079247.jpg
115,SD2.1,1850,SD2.1/SD2.1/test/0_real/entire__sd2__real__000000524375.jpg
115,SD2.1,1851,SD2.1/SD2.1/test/1_fake/entire__sd2__fake__000000226872.jpg
116,SD2.1,1852,SD2.1/SD2.1/test/0_real/entire__sd2__real__000000356362.jpg
116,SD2.1,1853,SD2.1/SD2.1/test/1_fake/entire__sd2__fake__000000219254.jpg
116,SD2.1,1854,SD2.1/SD2.1/test/1_fake/entire__sd2__fake__000000493753.jpg
116,SD2.1,1855,SD2.1/SD2.1/test/0_real/entire__sd2__real__000000157416.jpg
116,SD2.1,1856,SD2.1/SD2.1/test/1_fake/entire__sd2__fake__000000121326.jpg
116,SD2.1,1857,SD2.1/SD2.1/test/0_real/entire__sd2__real__000000404629.jpg
116,SD2.1,1858,SD2.1/SD2.1/test/0_real/entire__sd2__real__000000006527.jpg
116,SD2.1,1859,SD2.1/SD2.1/test/0_real/entire__sd2__real__000000133835.jpg
116,SD2.1,1860,SD2.1/SD2.1/test/1_fake/entire__sd2__fake__000000303250.jpg
116,SD2.1,1861,SD2.1/SD2.1/test/1_fake/entire__sd2__fake__000000266579.jpg
116,SD2.1,1862,SD2.1/SD2.1/test/0_real/entire__sd2__real__000000402723.jpg
116,SD2.1,1863,SD2.1/SD2.1/test/0_real/entire__sd2__real__000000011029.jpg
116,SD2.1,1864,SD2.1/SD2.1/test/1_fake/entire__sd2__fake__000000353716.jpg
116,SD2.1,1865,SD2.1/SD2.1/test/0_real/entire__sd2__real__000000364016.jpg
116,SD2.1,1866,SD2.1/SD2.1/test/1_fake/entire__sd2__fake__000000167431.jpg
116,SD2.1,1867,SD2.1/SD2.1/test/0_real/entire__sd2__real__000000485303.jpg
117,SD2.1,1868,SD2.1/SD2.1/test/0_real/entire__sd2__real__000000031798.jpg
117,SD2.1,1869,SD2.1/SD2.1/test/0_real/entire__sd2__real__000000235663.jpg
117,SD2.1,1870,SD2.1/SD2.1/test/1_fake/entire__sd2__fake__000000227828.jpg
117,SD2.1,1871,SD2.1/SD2.1/test/1_fake/entire__sd2__fake__000000168800.jpg
117,SD2.1,1872,SD2.1/SD2.1/test/1_fake/entire__sd2__fake__000000337079.jpg
117,SD2.1,1873,SD2.1/SD2.1/test/1_fake/entire__sd2__fake__000000267719.jpg
117,SD2.1,1874,SD2.1/SD2.1/test/1_fake/entire__sd2__fake__000000101766.jpg
117,SD2.1,1875,SD2.1/SD2.1/test/1_fake/entire__sd2__fake__000000183539.jpg
117,SD2.1,1876,SD2.1/SD2.1/test/0_real/entire__sd2__real__000000061769.jpg
117,SD2.1,1877,SD2.1/SD2.1/test/1_fake/entire__sd2__fake__000000003224.jpg
117,SD2.1,1878,SD2.1/SD2.1/test/1_fake/entire__sd2__fake__000000312760.jpg
117,SD2.1,1879,SD2.1/SD2.1/test/1_fake/entire__sd2__fake__000000205531.jpg
117,SD2.1,1880,SD2.1/SD2.1/test/1_fake/entire__sd2__fake__000000315647.jpg
117,SD2.1,1881,SD2.1/SD2.1/test/0_real/entire__sd2__real__000000581451.jpg
117,SD2.1,1882,SD2.1/SD2.1/test/0_real/entire__sd2__real__000000207916.jpg
117,SD2.1,1883,SD2.1/SD2.1/test/1_fake/entire__sd2__fake__000000277984.jpg
118,SD2.1,1884,SD2.1/SD2.1/test/1_fake/entire__sd2__fake__000000220896.jpg
118,SD2.1,1885,SD2.1/SD2.1/test/1_fake/entire__sd2__fake__000000120428.jpg
118,SD2.1,1886,SD2.1/SD2.1/test/1_fake/entire__sd2__fake__000000369543.jpg
118,SD2.1,1887,SD2.1/SD2.1/test/0_real/entire__sd2__real__000000037579.jpg
118,SD2.1,1888,SD2.1/SD2.1/test/0_real/entire__sd2__real__000000522727.jpg
118,SD2.1,1889,SD2.1/SD2.1/test/1_fake/entire__sd2__fake__000000460029.jpg
118,SD2.1,1890,SD2.1/SD2.1/test/0_real/entire__sd2__real__000000050972.jpg
118,SD2.1,1891,SD2.1/SD2.1/test/1_fake/entire__sd2__fake__000000527631.jpg
118,SD2.1,1892,SD2.1/SD2.1/test/1_fake/entire__sd2__fake__000000255578.jpg
118,SD2.1,1893,SD2.1/SD2.1/test/1_fake/entire__sd2__fake__000000520918.jpg
118,SD2.1,1894,SD2.1/SD2.1/test/0_real/entire__sd2__real__000000393480.jpg
118,SD2.1,1895,SD2.1/SD2.1/test/1_fake/entire__sd2__fake__000000131342.jpg
118,SD2.1,1896,SD2.1/SD2.1/test/1_fake/entire__sd2__fake__000000053748.jpg
118,SD2.1,1897,SD2.1/SD2.1/test/1_fake/entire__sd2__fake__000000304316.jpg
118,SD2.1,1898,SD2.1/SD2.1/test/0_real/entire__sd2__real__000000192520.jpg
118,SD2.1,1899,SD2.1/SD2.1/test/1_fake/entire__sd2__fake__000000042860.jpg
119,SD2.1,1900,SD2.1/SD2.1/test/1_fake/entire__sd2__fake__000000405530.jpg
119,SD2.1,1901,SD2.1/SD2.1/test/1_fake/entire__sd2__fake__000000083931.jpg
119,SD2.1,1902,SD2.1/SD2.1/test/0_real/entire__sd2__real__000000212421.jpg
119,SD2.1,1903,SD2.1/SD2.1/test/0_real/entire__sd2__real__000000481129.jpg
119,SD2.1,1904,SD2.1/SD2.1/test/1_fake/entire__sd2__fake__000000528131.jpg
119,SD2.1,1905,SD2.1/SD2.1/test/0_real/entire__sd2__real__000000028870.jpg
119,SD2.1,1906,SD2.1/SD2.1/test/0_real/entire__sd2__real__000000227231.jpg
119,SD2.1,1907,SD2.1/SD2.1/test/1_fake/entire__sd2__fake__000000089535.jpg
119,SD2.1,1908,SD2.1/SD2.1/test/1_fake/entire__sd2__fake__000000526881.jpg
119,SD2.1,1909,SD2.1/SD2.1/test/1_fake/entire__sd2__fake__000000293207.jpg
119,SD2.1,1910,SD2.1/SD2.1/test/0_real/entire__sd2__real__000000187475.jpg
119,SD2.1,1911,SD2.1/SD2.1/test/0_real/entire__sd2__real__000000193714.jpg
119,SD2.1,1912,SD2.1/SD2.1/test/0_real/entire__sd2__real__000000569310.jpg
119,SD2.1,1913,SD2.1/SD2.1/test/1_fake/entire__sd2__fake__000000066878.jpg
119,SD2.1,1914,SD2.1/SD2.1/test/1_fake/entire__sd2__fake__000000366704.jpg
119,SD2.1,1915,SD2.1/SD2.1/test/1_fake/entire__sd2__fake__000000563058.jpg
120,SD2.1,1916,SD2.1/SD2.1/test/1_fake/entire__sd2__fake__000000449775.jpg
120,SD2.1,1917,SD2.1/SD2.1/test/1_fake/entire__sd2__fake__000000396284.jpg
120,SD2.1,1918,SD2.1/SD2.1/test/1_fake/entire__sd2__fake__000000515123.jpg
120,SD2.1,1919,SD2.1/SD2.1/test/1_fake/entire__sd2__fake__000000226461.jpg
120,SD2.1,1920,SD2.1/SD2.1/test/1_fake/entire__sd2__fake__000000570474.jpg
120,SD2.1,1921,SD2.1/SD2.1/test/1_fake/entire__sd2__fake__000000416655.jpg
120,SD2.1,1922,SD2.1/SD2.1/test/1_fake/entire__sd2__fake__000000330614.jpg
120,SD2.1,1923,SD2.1/SD2.1/test/0_real/entire__sd2__real__000000120462.jpg
120,SD2.1,1924,SD2.1/SD2.1/test/0_real/entire__sd2__real__000000316867.jpg
120,SD2.1,1925,SD2.1/SD2.1/test/0_real/entire__sd2__real__000000035074.jpg
120,SD2.1,1926,SD2.1/SD2.1/test/1_fake/entire__sd2__fake__000000443618.jpg
120,SD2.1,1927,SD2.1/SD2.1/test/1_fake/entire__sd2__fake__000000237002.jpg
120,SD2.1,1928,SD2.1/SD2.1/test/0_real/entire__sd2__real__000000004289.jpg
120,SD2.1,1929,SD2.1/SD2.1/test/1_fake/entire__sd2__fake__000000267823.jpg
120,SD2.1,1930,SD2.1/SD2.1/test/0_real/entire__sd2__real__000000539197.jpg
120,SD2.1,1931,SD2.1/SD2.1/test/1_fake/entire__sd2__fake__000000429227.jpg
121,SD2.1,1932,SD2.1/SD2.1/test/0_real/entire__sd2__real__000000018402.jpg
121,SD2.1,1933,SD2.1/SD2.1/test/0_real/entire__sd2__real__000000327998.jpg
121,SD2.1,1934,SD2.1/SD2.1/test/0_real/entire__sd2__real__000000510611.jpg
121,SD2.1,1935,SD2.1/SD2.1/test/0_real/entire__sd2__real__000000011794.jpg
121,SD2.1,1936,SD2.1/SD2.1/test/0_real/entire__sd2__real__000000054010.jpg
121,SD2.1,1937,SD2.1/SD2.1/test/0_real/entire__sd2__real__000000244300.jpg
121,SD2.1,1938,SD2.1/SD2.1/test/1_fake/entire__sd2__fake__000000149398.jpg
121,SD2.1,1939,SD2.1/SD2.1/test/1_fake/entire__sd2__fake__000000325787.jpg
121,SD2.1,1940,SD2.1/SD2.1/test/0_real/entire__sd2__real__000000285784.jpg
121,SD2.1,1941,SD2.1/SD2.1/test/1_fake/entire__sd2__fake__000000045926.jpg
121,SD2.1,1942,SD2.1/SD2.1/test/1_fake/entire__sd2__fake__000000178317.jpg
121,SD2.1,1943,SD2.1/SD2.1/test/0_real/entire__sd2__real__000000018295.jpg
121,SD2.1,1944,SD2.1/SD2.1/test/1_fake/entire__sd2__fake__000000365888.jpg
121,SD2.1,1945,SD2.1/SD2.1/test/1_fake/entire__sd2__fake__000000514200.jpg
121,SD2.1,1946,SD2.1/SD2.1/test/1_fake/entire__sd2__fake__000000354846.jpg
121,SD2.1,1947,SD2.1/SD2.1/test/1_fake/entire__sd2__fake__000000176923.jpg
122,SD2.1,1948,SD2.1/SD2.1/test/1_fake/entire__sd2__fake__000000482363.jpg
122,SD2.1,1949,SD2.1/SD2.1/test/1_fake/entire__sd2__fake__000000346290.jpg
122,SD2.1,1950,SD2.1/SD2.1/test/0_real/entire__sd2__real__000000423534.jpg
122,SD2.1,1951,SD2.1/SD2.1/test/0_real/entire__sd2__real__000000253551.jpg
122,SD2.1,1952,SD2.1/SD2.1/test/0_real/entire__sd2__real__000000236031.jpg
122,SD2.1,1953,SD2.1/SD2.1/test/1_fake/entire__sd2__fake__000000453711.jpg
122,SD2.1,1954,SD2.1/SD2.1/test/1_fake/entire__sd2__fake__000000020389.jpg
122,SD2.1,1955,SD2.1/SD2.1/test/0_real/entire__sd2__real__000000044471.jpg
122,SD2.1,1956,SD2.1/SD2.1/test/0_real/entire__sd2__real__000000267719.jpg
122,SD2.1,1957,SD2.1/SD2.1/test/0_real/entire__sd2__real__000000424572.jpg
122,SD2.1,1958,SD2.1/SD2.1/test/1_fake/entire__sd2__fake__000000285042.jpg
122,SD2.1,1959,SD2.1/SD2.1/test/0_real/entire__sd2__real__000000531366.jpg
122,SD2.1,1960,SD2.1/SD2.1/test/0_real/entire__sd2__real__000000579466.jpg
122,SD2.1,1961,SD2.1/SD2.1/test/0_real/entire__sd2__real__000000312850.jpg
122,SD2.1,1962,SD2.1/SD2.1/test/1_fake/entire__sd2__fake__000000168331.jpg
122,SD2.1,1963,SD2.1/SD2.1/test/0_real/entire__sd2__real__000000132386.jpg
123,SD2.1,1964,SD2.1/SD2.1/test/0_real/entire__sd2__real__000000369171.jpg
123,SD2.1,1965,SD2.1/SD2.1/test/1_fake/entire__sd2__fake__000000476055.jpg
123,SD2.1,1966,SD2.1/SD2.1/test/0_real/entire__sd2__real__000000565571.jpg
123,SD2.1,1967,SD2.1/SD2.1/test/0_real/entire__sd2__real__000000373846.jpg
123,SD2.1,1968,SD2.1/SD2.1/test/1_fake/entire__sd2__fake__000000431364.jpg
123,SD2.1,1969,SD2.1/SD2.1/test/1_fake/entire__sd2__fake__000000485485.jpg
123,SD2.1,1970,SD2.1/SD2.1/test/1_fake/entire__sd2__fake__000000002106.jpg
123,SD2.1,1971,SD2.1/SD2.1/test/1_fake/entire__sd2__fake__000000431931.jpg
123,SD2.1,1972,SD2.1/SD2.1/test/0_real/entire__sd2__real__000000410054.jpg
123,SD2.1,1973,SD2.1/SD2.1/test/1_fake/entire__sd2__fake__000000121589.jpg
123,SD2.1,1974,SD2.1/SD2.1/test/1_fake/entire__sd2__fake__000000354298.jpg
123,SD2.1,1975,SD2.1/SD2.1/test/1_fake/entire__sd2__fake__000000130240.jpg
123,SD2.1,1976,SD2.1/SD2.1/test/0_real/entire__sd2__real__000000296477.jpg
123,SD2.1,1977,SD2.1/SD2.1/test/0_real/entire__sd2__real__000000215070.jpg
123,SD2.1,1978,SD2.1/SD2.1/test/1_fake/entire__sd2__fake__000000158878.jpg
123,SD2.1,1979,SD2.1/SD2.1/test/1_fake/entire__sd2__fake__000000172568.jpg
124,SD2.1,1980,SD2.1/SD2.1/test/0_real/entire__sd2__real__000000498658.jpg
124,SD2.1,1981,SD2.1/SD2.1/test/0_real/entire__sd2__real__000000316553.jpg
124,SD2.1,1982,SD2.1/SD2.1/test/0_real/entire__sd2__real__000000544826.jpg
124,SD2.1,1983,SD2.1/SD2.1/test/1_fake/entire__sd2__fake__000000418260.jpg
124,SD2.1,1984,SD2.1/SD2.1/test/0_real/entire__sd2__real__000000065948.jpg
124,SD2.1,1985,SD2.1/SD2.1/test/0_real/entire__sd2__real__000000176671.jpg
124,SD2.1,1986,SD2.1/SD2.1/test/1_fake/entire__sd2__fake__000000561794.jpg
124,SD2.1,1987,SD2.1/SD2.1/test/1_fake/entire__sd2__fake__000000135815.jpg
124,SD2.1,1988,SD2.1/SD2.1/test/0_real/entire__sd2__real__000000099984.jpg
124,SD2.1,1989,SD2.1/SD2.1/test/1_fake/entire__sd2__fake__000000130047.jpg
124,SD2.1,1990,SD2.1/SD2.1/test/1_fake/entire__sd2__fake__000000036222.jpg
124,SD2.1,1991,SD2.1/SD2.1/test/1_fake/entire__sd2__fake__000000230702.jpg
124,SD2.1,1992,SD2.1/SD2.1/test/1_fake/entire__sd2__fake__000000517889.jpg
124,SD2.1,1993,SD2.1/SD2.1/test/1_fake/entire__sd2__fake__000000552217.jpg
124,SD2.1,1994,SD2.1/SD2.1/test/1_fake/entire__sd2__fake__000000223082.jpg
124,SD2.1,1995,SD2.1/SD2.1/test/0_real/entire__sd2__real__000000347884.jpg
125,SD2.1,1996,SD2.1/SD2.1/test/0_real/entire__sd2__real__000000281296.jpg
125,SD2.1,1997,SD2.1/SD2.1/test/1_fake/entire__sd2__fake__000000145637.jpg
125,SD2.1,1998,SD2.1/SD2.1/test/1_fake/entire__sd2__fake__000000524508.jpg
125,SD2.1,1999,SD2.1/SD2.1/test/0_real/entire__sd2__real__000000567332.jpg
125,SD2.1,2000,SD2.1/SD2.1/test/0_real/entire__sd2__real__000000195644.jpg
125,SD2.1,2001,SD2.1/SD2.1/test/1_fake/entire__sd2__fake__000000051176.jpg
125,SD2.1,2002,SD2.1/SD2.1/test/0_real/entire__sd2__real__000000370868.jpg
125,SD2.1,2003,SD2.1/SD2.1/test/1_fake/entire__sd2__fake__000000337648.jpg
125,SD2.1,2004,SD2.1/SD2.1/test/1_fake/entire__sd2__fake__000000386650.jpg
125,SD2.1,2005,SD2.1/SD2.1/test/0_real/entire__sd2__real__000000127892.jpg
125,SD2.1,2006,SD2.1/SD2.1/test/0_real/entire__sd2__real__000000145116.jpg
125,SD2.1,2007,SD2.1/SD2.1/test/1_fake/entire__sd2__fake__000000241809.jpg
125,SD2.1,2008,SD2.1/SD2.1/test/0_real/entire__sd2__real__000000544035.jpg
125,SD2.1,2009,SD2.1/SD2.1/test/0_real/entire__sd2__real__000000161762.jpg
125,SD2.1,2010,SD2.1/SD2.1/test/0_real/entire__sd2__real__000000431159.jpg
125,SD2.1,2011,SD2.1/SD2.1/test/0_real/entire__sd2__real__000000262576.jpg
126,SD2.1,2012,SD2.1/SD2.1/test/1_fake/entire__sd2__fake__000000058580.jpg
126,SD2.1,2013,SD2.1/SD2.1/test/0_real/entire__sd2__real__000000106963.jpg
126,SD2.1,2014,SD2.1/SD2.1/test/0_real/entire__sd2__real__000000527748.jpg
126,SD2.1,2015,SD2.1/SD2.1/test/0_real/entire__sd2__real__000000257339.jpg
126,SD2.1,2016,SD2.1/SD2.1/test/1_fake/entire__sd2__fake__000000526769.jpg
126,SD2.1,2017,SD2.1/SD2.1/test/0_real/entire__sd2__real__000000527532.jpg
126,SD2.1,2018,SD2.1/SD2.1/test/0_real/entire__sd2__real__000000337339.jpg
126,SD2.1,2019,SD2.1/SD2.1/test/1_fake/entire__sd2__fake__000000503575.jpg
126,SD2.1,2020,SD2.1/SD2.1/test/0_real/entire__sd2__real__000000328115.jpg
126,SD2.1,2021,SD2.1/SD2.1/test/1_fake/entire__sd2__fake__000000346185.jpg
126,SD2.1,2022,SD2.1/SD2.1/test/1_fake/entire__sd2__fake__000000462191.jpg
126,SD2.1,2023,SD2.1/SD2.1/test/1_fake/entire__sd2__fake__000000480773.jpg
126,SD2.1,2024,SD2.1/SD2.1/test/1_fake/entire__sd2__fake__000000341277.jpg
126,SD2.1,2025,SD2.1/SD2.1/test/1_fake/entire__sd2__fake__000000122653.jpg
126,SD2.1,2026,SD2.1/SD2.1/test/0_real/entire__sd2__real__000000554003.jpg
126,SD2.1,2027,SD2.1/SD2.1/test/0_real/entire__sd2__real__000000335589.jpg
127,SD2.1,2028,SD2.1/SD2.1/test/1_fake/entire__sd2__fake__000000580255.jpg
127,SD2.1,2029,SD2.1/SD2.1/test/1_fake/entire__sd2__fake__000000005038.jpg
127,SD2.1,2030,SD2.1/SD2.1/test/1_fake/entire__sd2__fake__000000256309.jpg
127,SD2.1,2031,SD2.1/SD2.1/test/0_real/entire__sd2__real__000000046891.jpg
127,SD2.1,2032,SD2.1/SD2.1/test/1_fake/entire__sd2__fake__000000505579.jpg
127,SD2.1,2033,SD2.1/SD2.1/test/0_real/entire__sd2__real__000000003103.jpg
127,SD2.1,2034,SD2.1/SD2.1/test/1_fake/entire__sd2__fake__000000028872.jpg
127,SD2.1,2035,SD2.1/SD2.1/test/1_fake/entire__sd2__fake__000000025515.jpg
127,SD2.1,2036,SD2.1/SD2.1/test/0_real/entire__sd2__real__000000208857.jpg
127,SD2.1,2037,SD2.1/SD2.1/test/1_fake/entire__sd2__fake__000000460446.jpg
127,SD2.1,2038,SD2.1/SD2.1/test/0_real/entire__sd2__real__000000220148.jpg
127,SD2.1,2039,SD2.1/SD2.1/test/0_real/entire__sd2__real__000000007782.jpg
127,SD2.1,2040,SD2.1/SD2.1/test/0_real/entire__sd2__real__000000362676.jpg
127,SD2.1,2041,SD2.1/SD2.1/test/1_fake/entire__sd2__fake__000000534866.jpg
127,SD2.1,2042,SD2.1/SD2.1/test/0_real/entire__sd2__real__000000501959.jpg
127,SD2.1,2043,SD2.1/SD2.1/test/1_fake/entire__sd2__fake__000000430065.jpg
128,SD2.1,2044,SD2.1/SD2.1/test/0_real/entire__sd2__real__000000388245.jpg
128,SD2.1,2045,SD2.1/SD2.1/test/1_fake/entire__sd2__fake__000000339988.jpg
128,SD2.1,2046,SD2.1/SD2.1/test/1_fake/entire__sd2__fake__000000220471.jpg
128,SD2.1,2047,SD2.1/SD2.1/test/0_real/entire__sd2__real__000000076049.jpg
128,SD2.1,2048,SD2.1/SD2.1/test/0_real/entire__sd2__real__000000445515.jpg
128,SD2.1,2049,SD2.1/SD2.1/test/1_fake/entire__sd2__fake__000000205960.jpg
128,SD2.1,2050,SD2.1/SD2.1/test/1_fake/entire__sd2__fake__000000381334.jpg
128,SD2.1,2051,SD2.1/SD2.1/test/0_real/entire__sd2__real__000000454827.jpg
128,SD2.1,2052,SD2.1/SD2.1/test/0_real/entire__sd2__real__000000422272.jpg
128,SD2.1,2053,SD2.1/SD2.1/test/0_real/entire__sd2__real__000000310134.jpg
128,SD2.1,2054,SD2.1/SD2.1/test/1_fake/entire__sd2__fake__000000351975.jpg
128,SD2.1,2055,SD2.1/SD2.1/test/0_real/entire__sd2__real__000000052357.jpg
128,SD2.1,2056,SD2.1/SD2.1/test/1_fake/entire__sd2__fake__000000051437.jpg
128,SD2.1,2057,SD2.1/SD2.1/test/1_fake/entire__sd2__fake__000000103687.jpg
128,SD2.1,2058,SD2.1/SD2.1/test/1_fake/entire__sd2__fake__000000133831.jpg
128,SD2.1,2059,SD2.1/SD2.1/test/1_fake/entire__sd2__fake__000000166273.jpg
129,SD2.1,2060,SD2.1/SD2.1/test/0_real/entire__sd2__real__000000216391.jpg
129,SD2.1,2061,SD2.1/SD2.1/test/0_real/entire__sd2__real__000000289654.jpg
129,SD2.1,2062,SD2.1/SD2.1/test/1_fake/entire__sd2__fake__000000158702.jpg
129,SD2.1,2063,SD2.1/SD2.1/test/1_fake/entire__sd2__fake__000000096647.jpg
129,SD2.1,2064,SD2.1/SD2.1/test/0_real/entire__sd2__real__000000396351.jpg
129,SD2.1,2065,SD2.1/SD2.1/test/0_real/entire__sd2__real__000000384596.jpg
129,SD2.1,2066,SD2.1/SD2.1/test/1_fake/entire__sd2__fake__000000299771.jpg
129,SD2.1,2067,SD2.1/SD2.1/test/0_real/entire__sd2__real__000000014748.jpg
129,SD2.1,2068,SD2.1/SD2.1/test/0_real/entire__sd2__real__000000452899.jpg
129,SD2.1,2069,SD2.1/SD2.1/test/1_fake/entire__sd2__fake__000000092559.jpg
129,SD2.1,2070,SD2.1/SD2.1/test/1_fake/entire__sd2__fake__000000388947.jpg
129,SD2.1,2071,SD2.1/SD2.1/test/1_fake/entire__sd2__fake__000000525371.jpg
129,SD2.1,2072,SD2.1/SD2.1/test/1_fake/entire__sd2__fake__000000119145.jpg
129,SD2.1,2073,SD2.1/SD2.1/test/1_fake/entire__sd2__fake__000000072892.jpg
129,SD2.1,2074,SD2.1/SD2.1/test/0_real/entire__sd2__real__000000019472.jpg
129,SD2.1,2075,SD2.1/SD2.1/test/1_fake/entire__sd2__fake__000000264381.jpg
130,SD2.1,2076,SD2.1/SD2.1/test/1_fake/entire__sd2__fake__000000406488.jpg
130,SD2.1,2077,SD2.1/SD2.1/test/1_fake/entire__sd2__fake__000000204203.jpg
130,SD2.1,2078,SD2.1/SD2.1/test/1_fake/entire__sd2__fake__000000256057.jpg
130,SD2.1,2079,SD2.1/SD2.1/test/0_real/entire__sd2__real__000000034625.jpg
130,SD2.1,2080,SD2.1/SD2.1/test/1_fake/entire__sd2__fake__000000020188.jpg
130,SD2.1,2081,SD2.1/SD2.1/test/0_real/entire__sd2__real__000000025147.jpg
130,SD2.1,2082,SD2.1/SD2.1/test/0_real/entire__sd2__real__000000558824.jpg
130,SD2.1,2083,SD2.1/SD2.1/test/1_fake/entire__sd2__fake__000000338119.jpg
130,SD2.1,2084,SD2.1/SD2.1/test/1_fake/entire__sd2__fake__000000269580.jpg
130,SD2.1,2085,SD2.1/SD2.1/test/0_real/entire__sd2__real__000000474075.jpg
130,SD2.1,2086,SD2.1/SD2.1/test/1_fake/entire__sd2__fake__000000518858.jpg
130,SD2.1,2087,SD2.1/SD2.1/test/0_real/entire__sd2__real__000000306395.jpg
130,SD2.1,2088,SD2.1/SD2.1/test/0_real/entire__sd2__real__000000058822.jpg
130,SD2.1,2089,SD2.1/SD2.1/test/0_real/entire__sd2__real__000000209027.jpg
130,SD2.1,2090,SD2.1/SD2.1/test/0_real/entire__sd2__real__000000430890.jpg
130,SD2.1,2091,SD2.1/SD2.1/test/0_real/entire__sd2__real__000000368820.jpg
131,SD2.1,2092,SD2.1/SD2.1/test/0_real/entire__sd2__real__000000319449.jpg
131,SD2.1,2093,SD2.1/SD2.1/test/0_real/entire__sd2__real__000000363624.jpg
131,SD2.1,2094,SD2.1/SD2.1/test/1_fake/entire__sd2__fake__000000059322.jpg
131,SD2.1,2095,SD2.1/SD2.1/test/1_fake/entire__sd2__fake__000000080077.jpg
131,SD2.1,2096,SD2.1/SD2.1/test/1_fake/entire__sd2__fake__000000577362.jpg
131,SD2.1,2097,SD2.1/SD2.1/test/1_fake/entire__sd2__fake__000000154895.jpg
131,SD2.1,2098,SD2.1/SD2.1/test/0_real/entire__sd2__real__000000469913.jpg
131,SD2.1,2099,SD2.1/SD2.1/test/0_real/entire__sd2__real__000000069583.jpg
131,SD2.1,2100,SD2.1/SD2.1/test/0_real/entire__sd2__real__000000532877.jpg
131,SD2.1,2101,SD2.1/SD2.1/test/1_fake/entire__sd2__fake__000000387933.jpg
131,SD2.1,2102,SD2.1/SD2.1/test/1_fake/entire__sd2__fake__000000387772.jpg
131,SD2.1,2103,SD2.1/SD2.1/test/0_real/entire__sd2__real__000000366274.jpg
131,SD2.1,2104,SD2.1/SD2.1/test/1_fake/entire__sd2__fake__000000495064.jpg
131,SD2.1,2105,SD2.1/SD2.1/test/1_fake/entire__sd2__fake__000000062029.jpg
131,SD2.1,2106,SD2.1/SD2.1/test/0_real/entire__sd2__real__000000280995.jpg
131,SD2.1,2107,SD2.1/SD2.1/test/0_real/entire__sd2__real__000000136734.jpg
132,SD2.1,2108,SD2.1/SD2.1/test/1_fake/entire__sd2__fake__000000045844.jpg
132,SD2.1,2109,SD2.1/SD2.1/test/1_fake/entire__sd2__fake__000000494220.jpg
132,SD2.1,2110,SD2.1/SD2.1/test/0_real/entire__sd2__real__000000454814.jpg
132,SD2.1,2111,SD2.1/SD2.1/test/0_real/entire__sd2__real__000000541797.jpg
132,SD2.1,2112,SD2.1/SD2.1/test/0_real/entire__sd2__real__000000563656.jpg
132,SD2.1,2113,SD2.1/SD2.1/test/0_real/entire__sd2__real__000000020391.jpg
132,SD2.1,2114,SD2.1/SD2.1/test/1_fake/entire__sd2__fake__000000353850.jpg
132,SD2.1,2115,SD2.1/SD2.1/test/0_real/entire__sd2__real__000000215149.jpg
132,SD2.1,2116,SD2.1/SD2.1/test/0_real/entire__sd2__real__000000083269.jpg
132,SD2.1,2117,SD2.1/SD2.1/test/0_real/entire__sd2__real__000000576756.jpg
132,SD2.1,2118,SD2.1/SD2.1/test/1_fake/entire__sd2__fake__000000053364.jpg
132,SD2.1,2119,SD2.1/SD2.1/test/1_fake/entire__sd2__fake__000000401123.jpg
132,SD2.1,2120,SD2.1/SD2.1/test/0_real/entire__sd2__real__000000250518.jpg
132,SD2.1,2121,SD2.1/SD2.1/test/0_real/entire__sd2__real__000000482332.jpg
132,SD2.1,2122,SD2.1/SD2.1/test/0_real/entire__sd2__real__000000419069.jpg
132,SD2.1,2123,SD2.1/SD2.1/test/0_real/entire__sd2__real__000000303232.jpg
133,SD2.1,2124,SD2.1/SD2.1/test/1_fake/entire__sd2__fake__000000154424.jpg
133,SD2.1,2125,SD2.1/SD2.1/test/0_real/entire__sd2__real__000000295250.jpg
133,SD2.1,2126,SD2.1/SD2.1/test/1_fake/entire__sd2__fake__000000193986.jpg
133,SD2.1,2127,SD2.1/SD2.1/test/1_fake/entire__sd2__fake__000000163002.jpg
133,SD2.1,2128,SD2.1/SD2.1/test/1_fake/entire__sd2__fake__000000130655.jpg
133,SD2.1,2129,SD2.1/SD2.1/test/1_fake/entire__sd2__fake__000000316089.jpg
133,SD2.1,2130,SD2.1/SD2.1/test/1_fake/entire__sd2__fake__000000172784.jpg
133,SD2.1,2131,SD2.1/SD2.1/test/1_fake/entire__sd2__fake__000000056636.jpg
133,SD2.1,2132,SD2.1/SD2.1/test/0_real/entire__sd2__real__000000111574.jpg
133,SD2.1,2133,SD2.1/SD2.1/test/0_real/entire__sd2__real__000000201623.jpg
133,SD2.1,2134,SD2.1/SD2.1/test/1_fake/entire__sd2__fake__000000171444.jpg
133,SD2.1,2135,SD2.1/SD2.1/test/1_fake/entire__sd2__fake__000000569062.jpg
133,SD2.1,2136,SD2.1/SD2.1/test/1_fake/entire__sd2__fake__000000026762.jpg
133,SD2.1,2137,SD2.1/SD2.1/test/1_fake/entire__sd2__fake__000000107191.jpg
133,SD2.1,2138,SD2.1/SD2.1/test/0_real/entire__sd2__real__000000319299.jpg
133,SD2.1,2139,SD2.1/SD2.1/test/0_real/entire__sd2__real__000000278665.jpg
134,SD2.1,2140,SD2.1/SD2.1/test/1_fake/entire__sd2__fake__000000420221.jpg
134,SD2.1,2141,SD2.1/SD2.1/test/0_real/entire__sd2__real__000000483788.jpg
134,SD2.1,2142,SD2.1/SD2.1/test/0_real/entire__sd2__real__000000197718.jpg
134,SD2.1,2143,SD2.1/SD2.1/test/1_fake/entire__sd2__fake__000000495615.jpg
134,SD2.1,2144,SD2.1/SD2.1/test/0_real/entire__sd2__real__000000166828.jpg
134,SD2.1,2145,SD2.1/SD2.1/test/1_fake/entire__sd2__fake__000000363039.jpg
134,SD2.1,2146,SD2.1/SD2.1/test/0_real/entire__sd2__real__000000534252.jpg
134,SD2.1,2147,SD2.1/SD2.1/test/0_real/entire__sd2__real__000000339120.jpg
134,SD2.1,2148,SD2.1/SD2.1/test/1_fake/entire__sd2__fake__000000268992.jpg
134,SD2.1,2149,SD2.1/SD2.1/test/1_fake/entire__sd2__fake__000000057708.jpg
134,SD2.1,2150,SD2.1/SD2.1/test/0_real/entire__sd2__real__000000038670.jpg
134,SD2.1,2151,SD2.1/SD2.1/test/1_fake/entire__sd2__fake__000000170730.jpg
134,SD2.1,2152,SD2.1/SD2.1/test/1_fake/entire__sd2__fake__000000421432.jpg
134,SD2.1,2153,SD2.1/SD2.1/test/0_real/entire__sd2__real__000000343908.jpg
134,SD2.1,2154,SD2.1/SD2.1/test/0_real/entire__sd2__real__000000217293.jpg
134,SD2.1,2155,SD2.1/SD2.1/test/0_real/entire__sd2__real__000000456082.jpg
135,SD2.1,2156,SD2.1/SD2.1/test/1_fake/entire__sd2__fake__000000355270.jpg
135,SD2.1,2157,SD2.1/SD2.1/test/0_real/entire__sd2__real__000000407422.jpg
135,SD2.1,2158,SD2.1/SD2.1/test/1_fake/entire__sd2__fake__000000018525.jpg
135,SD2.1,2159,SD2.1/SD2.1/test/0_real/entire__sd2__real__000000433007.jpg
135,SD2.1,2160,SD2.1/SD2.1/test/0_real/entire__sd2__real__000000137378.jpg
135,SD2.1,2161,SD2.1/SD2.1/test/0_real/entire__sd2__real__000000237645.jpg
135,SD2.1,2162,SD2.1/SD2.1/test/1_fake/entire__sd2__fake__000000016005.jpg
135,SD2.1,2163,SD2.1/SD2.1/test/1_fake/entire__sd2__fake__000000506999.jpg
135,SD2.1,2164,SD2.1/SD2.1/test/0_real/entire__sd2__real__000000275353.jpg
135,SD2.1,2165,SD2.1/SD2.1/test/1_fake/entire__sd2__fake__000000140636.jpg
135,SD2.1,2166,SD2.1/SD2.1/test/0_real/entire__sd2__real__000000176505.jpg
135,SD2.1,2167,SD2.1/SD2.1/test/0_real/entire__sd2__real__000000282129.jpg
135,SD2.1,2168,SD2.1/SD2.1/test/0_real/entire__sd2__real__000000444953.jpg
135,SD2.1,2169,SD2.1/SD2.1/test/1_fake/entire__sd2__fake__000000479200.jpg
135,SD2.1,2170,SD2.1/SD2.1/test/1_fake/entire__sd2__fake__000000414260.jpg
135,SD2.1,2171,SD2.1/SD2.1/test/1_fake/entire__sd2__fake__000000296187.jpg
136,SD2.1,2172,SD2.1/SD2.1/test/0_real/entire__sd2__real__000000511002.jpg
136,SD2.1,2173,SD2.1/SD2.1/test/0_real/entire__sd2__real__000000384718.jpg
136,SD2.1,2174,SD2.1/SD2.1/test/0_real/entire__sd2__real__000000311706.jpg
136,SD2.1,2175,SD2.1/SD2.1/test/0_real/entire__sd2__real__000000488869.jpg
136,SD2.1,2176,SD2.1/SD2.1/test/0_real/entire__sd2__real__000000413459.jpg
136,SD2.1,2177,SD2.1/SD2.1/test/1_fake/entire__sd2__fake__000000110233.jpg
136,SD2.1,2178,SD2.1/SD2.1/test/1_fake/entire__sd2__fake__000000233520.jpg
136,SD2.1,2179,SD2.1/SD2.1/test/0_real/entire__sd2__real__000000075494.jpg
136,SD2.1,2180,SD2.1/SD2.1/test/1_fake/entire__sd2__fake__000000044029.jpg
136,SD2.1,2181,SD2.1/SD2.1/test/0_real/entire__sd2__real__000000577125.jpg
136,SD2.1,2182,SD2.1/SD2.1/test/1_fake/entire__sd2__fake__000000187784.jpg
136,SD2.1,2183,SD2.1/SD2.1/test/0_real/entire__sd2__real__000000212359.jpg
136,SD2.1,2184,SD2.1/SD2.1/test/0_real/entire__sd2__real__000000411160.jpg
136,SD2.1,2185,SD2.1/SD2.1/test/0_real/entire__sd2__real__000000129438.jpg
136,SD2.1,2186,SD2.1/SD2.1/test/0_real/entire__sd2__real__000000314257.jpg
136,SD2.1,2187,SD2.1/SD2.1/test/0_real/entire__sd2__real__000000038693.jpg
137,SD2.1,2188,SD2.1/SD2.1/test/0_real/entire__sd2__real__000000026802.jpg
137,SD2.1,2189,SD2.1/SD2.1/test/1_fake/entire__sd2__fake__000000056713.jpg
137,SD2.1,2190,SD2.1/SD2.1/test/1_fake/entire__sd2__fake__000000164871.jpg
137,SD2.1,2191,SD2.1/SD2.1/test/1_fake/entire__sd2__fake__000000416827.jpg
137,SD2.1,2192,SD2.1/SD2.1/test/0_real/entire__sd2__real__000000063874.jpg
137,SD2.1,2193,SD2.1/SD2.1/test/1_fake/entire__sd2__fake__000000294127.jpg
137,SD2.1,2194,SD2.1/SD2.1/test/1_fake/entire__sd2__fake__000000162634.jpg
137,SD2.1,2195,SD2.1/SD2.1/test/0_real/entire__sd2__real__000000537770.jpg
137,SD2.1,2196,SD2.1/SD2.1/test/1_fake/entire__sd2__fake__000000291622.jpg
137,SD2.1,2197,SD2.1/SD2.1/test/0_real/entire__sd2__real__000000315281.jpg
137,SD2.1,2198,SD2.1/SD2.1/test/1_fake/entire__sd2__fake__000000342325.jpg
137,SD2.1,2199,SD2.1/SD2.1/test/1_fake/entire__sd2__fake__000000548141.jpg
137,SD2.1,2200,SD2.1/SD2.1/test/0_real/entire__sd2__real__000000517998.jpg
137,SD2.1,2201,SD2.1/SD2.1/test/1_fake/entire__sd2__fake__000000512506.jpg
137,SD2.1,2202,SD2.1/SD2.1/test/1_fake/entire__sd2__fake__000000194742.jpg
137,SD2.1,2203,SD2.1/SD2.1/test/1_fake/entire__sd2__fake__000000487286.jpg
138,SD2.1,2204,SD2.1/SD2.1/test/0_real/entire__sd2__real__000000508634.jpg
138,SD2.1,2205,SD2.1/SD2.1/test/1_fake/entire__sd2__fake__000000543082.jpg
138,SD2.1,2206,SD2.1/SD2.1/test/0_real/entire__sd2__real__000000343167.jpg
138,SD2.1,2207,SD2.1/SD2.1/test/0_real/entire__sd2__real__000000493978.jpg
138,SD2.1,2208,SD2.1/SD2.1/test/0_real/entire__sd2__real__000000219037.jpg
138,SD2.1,2209,SD2.1/SD2.1/test/0_real/entire__sd2__real__000000007319.jpg
138,SD2.1,2210,SD2.1/SD2.1/test/0_real/entire__sd2__real__000000486072.jpg
138,SD2.1,2211,SD2.1/SD2.1/test/0_real/entire__sd2__real__000000440771.jpg
138,SD2.1,2212,SD2.1/SD2.1/test/1_fake/entire__sd2__fake__000000498397.jpg
138,SD2.1,2213,SD2.1/SD2.1/test/0_real/entire__sd2__real__000000204352.jpg
138,SD2.1,2214,SD2.1/SD2.1/test/0_real/entire__sd2__real__000000062442.jpg
138,SD2.1,2215,SD2.1/SD2.1/test/1_fake/entire__sd2__fake__000000086452.jpg
138,SD2.1,2216,SD2.1/SD2.1/test/0_real/entire__sd2__real__000000338544.jpg
138,SD2.1,2217,SD2.1/SD2.1/test/1_fake/entire__sd2__fake__000000093005.jpg
138,SD2.1,2218,SD2.1/SD2.1/test/0_real/entire__sd2__real__000000422351.jpg
138,SD2.1,2219,SD2.1/SD2.1/test/0_real/entire__sd2__real__000000566670.jpg
139,SD2.1,2220,SD2.1/SD2.1/test/1_fake/entire__sd2__fake__000000071229.jpg
139,SD2.1,2221,SD2.1/SD2.1/test/0_real/entire__sd2__real__000000000309.jpg
139,SD2.1,2222,SD2.1/SD2.1/test/1_fake/entire__sd2__fake__000000198312.jpg
139,SD2.1,2223,SD2.1/SD2.1/test/0_real/entire__sd2__real__000000145825.jpg
139,SD2.1,2224,SD2.1/SD2.1/test/1_fake/entire__sd2__fake__000000313596.jpg
139,SD2.1,2225,SD2.1/SD2.1/test/1_fake/entire__sd2__fake__000000261185.jpg
139,SD2.1,2226,SD2.1/SD2.1/test/1_fake/entire__sd2__fake__000000484384.jpg
139,SD2.1,2227,SD2.1/SD2.1/test/1_fake/entire__sd2__fake__000000075932.jpg
139,SD2.1,2228,SD2.1/SD2.1/test/0_real/entire__sd2__real__000000470190.jpg
139,SD2.1,2229,SD2.1/SD2.1/test/0_real/entire__sd2__real__000000065632.jpg
139,SD2.1,2230,SD2.1/SD2.1/test/0_real/entire__sd2__real__000000083034.jpg
139,SD2.1,2231,SD2.1/SD2.1/test/0_real/entire__sd2__real__000000155309.jpg
139,SD2.1,2232,SD2.1/SD2.1/test/0_real/entire__sd2__real__000000556064.jpg
139,SD2.1,2233,SD2.1/SD2.1/test/1_fake/entire__sd2__fake__000000205934.jpg
139,SD2.1,2234,SD2.1/SD2.1/test/0_real/entire__sd2__real__000000577221.jpg
139,SD2.1,2235,SD2.1/SD2.1/test/0_real/entire__sd2__real__000000152628.jpg
140,SD2.1,2236,SD2.1/SD2.1/test/0_real/entire__sd2__real__000000344744.jpg
140,SD2.1,2237,SD2.1/SD2.1/test/0_real/entire__sd2__real__000000431199.jpg
140,SD2.1,2238,SD2.1/SD2.1/test/1_fake/entire__sd2__fake__000000252092.jpg
140,SD2.1,2239,SD2.1/SD2.1/test/0_real/entire__sd2__real__000000294305.jpg
140,SD2.1,2240,SD2.1/SD2.1/test/0_real/entire__sd2__real__000000431012.jpg
140,SD2.1,2241,SD2.1/SD2.1/test/1_fake/entire__sd2__fake__000000286704.jpg
140,SD2.1,2242,SD2.1/SD2.1/test/0_real/entire__sd2__real__000000472922.jpg
140,SD2.1,2243,SD2.1/SD2.1/test/1_fake/entire__sd2__fake__000000201322.jpg
140,SD2.1,2244,SD2.1/SD2.1/test/1_fake/entire__sd2__fake__000000242365.jpg
140,SD2.1,2245,SD2.1/SD2.1/test/1_fake/entire__sd2__fake__000000526522.jpg
140,SD2.1,2246,SD2.1/SD2.1/test/1_fake/entire__sd2__fake__000000343227.jpg
140,SD2.1,2247,SD2.1/SD2.1/test/1_fake/entire__sd2__fake__000000013578.jpg
140,SD2.1,2248,SD2.1/SD2.1/test/1_fake/entire__sd2__fake__000000398571.jpg
140,SD2.1,2249,SD2.1/SD2.1/test/0_real/entire__sd2__real__000000006230.jpg
140,SD2.1,2250,SD2.1/SD2.1/test/0_real/entire__sd2__real__000000076476.jpg
140,SD2.1,2251,SD2.1/SD2.1/test/1_fake/entire__sd2__fake__000000533545.jpg
141,SD2.1,2252,SD2.1/SD2.1/test/1_fake/entire__sd2__fake__000000288589.jpg
141,SD2.1,2253,SD2.1/SD2.1/test/0_real/entire__sd2__real__000000192168.jpg
141,SD2.1,2254,SD2.1/SD2.1/test/1_fake/entire__sd2__fake__000000579759.jpg
141,SD2.1,2255,SD2.1/SD2.1/test/0_real/entire__sd2__real__000000235579.jpg
141,SD2.1,2256,SD2.1/SD2.1/test/1_fake/entire__sd2__fake__000000307352.jpg
141,SD2.1,2257,SD2.1/SD2.1/test/1_fake/entire__sd2__fake__000000230735.jpg
141,SD2.1,2258,SD2.1/SD2.1/test/1_fake/entire__sd2__fake__000000267497.jpg
141,SD2.1,2259,SD2.1/SD2.1/test/1_fake/entire__sd2__fake__000000260844.jpg
141,SD2.1,2260,SD2.1/SD2.1/test/1_fake/entire__sd2__fake__000000381251.jpg
141,SD2.1,2261,SD2.1/SD2.1/test/1_fake/entire__sd2__fake__000000200471.jpg
141,SD2.1,2262,SD2.1/SD2.1/test/0_real/entire__sd2__real__000000282579.jpg
141,SD2.1,2263,SD2.1/SD2.1/test/0_real/entire__sd2__real__000000349611.jpg
141,SD2.1,2264,SD2.1/SD2.1/test/0_real/entire__sd2__real__000000471669.jpg
141,SD2.1,2265,SD2.1/SD2.1/test/0_real/entire__sd2__real__000000086549.jpg
141,SD2.1,2266,SD2.1/SD2.1/test/1_fake/entire__sd2__fake__000000184405.jpg
141,SD2.1,2267,SD2.1/SD2.1/test/1_fake/entire__sd2__fake__000000502848.jpg
142,SD2.1,2268,SD2.1/SD2.1/test/1_fake/entire__sd2__fake__000000151455.jpg
142,SD2.1,2269,SD2.1/SD2.1/test/1_fake/entire__sd2__fake__000000527267.jpg
142,SD2.1,2270,SD2.1/SD2.1/test/1_fake/entire__sd2__fake__000000402123.jpg
142,SD2.1,2271,SD2.1/SD2.1/test/0_real/entire__sd2__real__000000289344.jpg
142,SD2.1,2272,SD2.1/SD2.1/test/1_fake/entire__sd2__fake__000000382399.jpg
142,SD2.1,2273,SD2.1/SD2.1/test/0_real/entire__sd2__real__000000400709.jpg
142,SD2.1,2274,SD2.1/SD2.1/test/1_fake/entire__sd2__fake__000000167603.jpg
142,SD2.1,2275,SD2.1/SD2.1/test/0_real/entire__sd2__real__000000034920.jpg
142,SD2.1,2276,SD2.1/SD2.1/test/0_real/entire__sd2__real__000000161599.jpg
142,SD2.1,2277,SD2.1/SD2.1/test/1_fake/entire__sd2__fake__000000183626.jpg
142,SD2.1,2278,SD2.1/SD2.1/test/0_real/entire__sd2__real__000000092639.jpg
142,SD2.1,2279,SD2.1/SD2.1/test/0_real/entire__sd2__real__000000564503.jpg
142,SD2.1,2280,SD2.1/SD2.1/test/0_real/entire__sd2__real__000000345844.jpg
142,SD2.1,2281,SD2.1/SD2.1/test/1_fake/entire__sd2__fake__000000334790.jpg
142,SD2.1,2282,SD2.1/SD2.1/test/1_fake/entire__sd2__fake__000000458103.jpg
142,SD2.1,2283,SD2.1/SD2.1/test/1_fake/entire__sd2__fake__000000188154.jpg
143,SD2.1,2284,SD2.1/SD2.1/test/1_fake/entire__sd2__fake__000000121716.jpg
143,SD2.1,2285,SD2.1/SD2.1/test/0_real/entire__sd2__real__000000196516.jpg
143,SD2.1,2286,SD2.1/SD2.1/test/1_fake/entire__sd2__fake__000000023673.jpg
143,SD2.1,2287,SD2.1/SD2.1/test/0_real/entire__sd2__real__000000452158.jpg
143,SD2.1,2288,SD2.1/SD2.1/test/0_real/entire__sd2__real__000000106025.jpg
143,SD2.1,2289,SD2.1/SD2.1/test/0_real/entire__sd2__real__000000572510.jpg
143,SD2.1,2290,SD2.1/SD2.1/test/0_real/entire__sd2__real__000000051894.jpg
143,SD2.1,2291,SD2.1/SD2.1/test/0_real/entire__sd2__real__000000258538.jpg
143,SD2.1,2292,SD2.1/SD2.1/test/0_real/entire__sd2__real__000000028690.jpg
143,SD2.1,2293,SD2.1/SD2.1/test/0_real/entire__sd2__real__000000554621.jpg
143,SD2.1,2294,SD2.1/SD2.1/test/0_real/entire__sd2__real__000000535666.jpg
143,SD2.1,2295,SD2.1/SD2.1/test/1_fake/entire__sd2__fake__000000474026.jpg
143,SD2.1,2296,SD2.1/SD2.1/test/0_real/entire__sd2__real__000000279457.jpg
143,SD2.1,2297,SD2.1/SD2.1/test/0_real/entire__sd2__real__000000026570.jpg
143,SD2.1,2298,SD2.1/SD2.1/test/1_fake/entire__sd2__fake__000000548672.jpg
143,SD2.1,2299,SD2.1/SD2.1/test/1_fake/entire__sd2__fake__000000340292.jpg
144,SD2.1,2300,SD2.1/SD2.1/test/1_fake/entire__sd2__fake__000000178801.jpg
144,SD2.1,2301,SD2.1/SD2.1/test/0_real/entire__sd2__real__000000512769.jpg
144,SD2.1,2302,SD2.1/SD2.1/test/1_fake/entire__sd2__fake__000000290137.jpg
144,SD2.1,2303,SD2.1/SD2.1/test/1_fake/entire__sd2__fake__000000560459.jpg
144,SD2.1,2304,SD2.1/SD2.1/test/1_fake/entire__sd2__fake__000000359945.jpg
144,SD2.1,2305,SD2.1/SD2.1/test/0_real/entire__sd2__real__000000472639.jpg
144,SD2.1,2306,SD2.1/SD2.1/test/1_fake/entire__sd2__fake__000000003264.jpg
144,SD2.1,2307,SD2.1/SD2.1/test/1_fake/entire__sd2__fake__000000437173.jpg
144,SD2.1,2308,SD2.1/SD2.1/test/0_real/entire__sd2__real__000000333683.jpg
144,SD2.1,2309,SD2.1/SD2.1/test/0_real/entire__sd2__real__000000576247.jpg
144,SD2.1,2310,SD2.1/SD2.1/test/1_fake/entire__sd2__fake__000000091656.jpg
144,SD2.1,2311,SD2.1/SD2.1/test/0_real/entire__sd2__real__000000038064.jpg
144,SD2.1,2312,SD2.1/SD2.1/test/1_fake/entire__sd2__fake__000000322503.jpg
144,SD2.1,2313,SD2.1/SD2.1/test/0_real/entire__sd2__real__000000191639.jpg
144,SD2.1,2314,SD2.1/SD2.1/test/0_real/entire__sd2__real__000000216357.jpg
144,SD2.1,2315,SD2.1/SD2.1/test/1_fake/entire__sd2__fake__000000461170.jpg
145,SD2.1,2316,SD2.1/SD2.1/test/1_fake/entire__sd2__fake__000000519347.jpg
145,SD2.1,2317,SD2.1/SD2.1/test/0_real/entire__sd2__real__000000037458.jpg
145,SD2.1,2318,SD2.1/SD2.1/test/0_real/entire__sd2__real__000000474437.jpg
145,SD2.1,2319,SD2.1/SD2.1/test/1_fake/entire__sd2__fake__000000544386.jpg
145,SD2.1,2320,SD2.1/SD2.1/test/1_fake/entire__sd2__fake__000000269588.jpg
145,SD2.1,2321,SD2.1/SD2.1/test/0_real/entire__sd2__real__000000393097.jpg
145,SD2.1,2322,SD2.1/SD2.1/test/1_fake/entire__sd2__fake__000000377577.jpg
145,SD2.1,2323,SD2.1/SD2.1/test/0_real/entire__sd2__real__000000215278.jpg
145,SD2.1,2324,SD2.1/SD2.1/test/0_real/entire__sd2__real__000000447791.jpg
145,SD2.1,2325,SD2.1/SD2.1/test/0_real/entire__sd2__real__000000560459.jpg
145,SD2.1,2326,SD2.1/SD2.1/test/1_fake/entire__sd2__fake__000000176138.jpg
145,SD2.1,2327,SD2.1/SD2.1/test/1_fake/entire__sd2__fake__000000023541.jpg
145,SD2.1,2328,SD2.1/SD2.1/test/1_fake/entire__sd2__fake__000000286583.jpg
145,SD2.1,2329,SD2.1/SD2.1/test/0_real/entire__sd2__real__000000491177.jpg
145,SD2.1,2330,SD2.1/SD2.1/test/1_fake/entire__sd2__fake__000000188457.jpg
145,SD2.1,2331,SD2.1/SD2.1/test/0_real/entire__sd2__real__000000388284.jpg
146,SD2.1,2332,SD2.1/SD2.1/test/0_real/entire__sd2__real__000000413528.jpg
146,SD2.1,2333,SD2.1/SD2.1/test/1_fake/entire__sd2__fake__000000254046.jpg
146,SD2.1,2334,SD2.1/SD2.1/test/1_fake/entire__sd2__fake__000000072156.jpg
146,SD2.1,2335,SD2.1/SD2.1/test/1_fake/entire__sd2__fake__000000524929.jpg
146,SD2.1,2336,SD2.1/SD2.1/test/1_fake/entire__sd2__fake__000000207481.jpg
146,SD2.1,2337,SD2.1/SD2.1/test/1_fake/entire__sd2__fake__000000266244.jpg
146,SD2.1,2338,SD2.1/SD2.1/test/1_fake/entire__sd2__fake__000000030001.jpg
146,SD2.1,2339,SD2.1/SD2.1/test/1_fake/entire__sd2__fake__000000405931.jpg
146,SD2.1,2340,SD2.1/SD2.1/test/1_fake/entire__sd2__fake__000000348702.jpg
146,SD2.1,2341,SD2.1/SD2.1/test/1_fake/entire__sd2__fake__000000196917.jpg
146,SD2.1,2342,SD2.1/SD2.1/test/1_fake/entire__sd2__fake__000000010920.jpg
146,SD2.1,2343,SD2.1/SD2.1/test/1_fake/entire__sd2__fake__000000412693.jpg
146,SD2.1,2344,SD2.1/SD2.1/test/1_fake/entire__sd2__fake__000000050434.jpg
146,SD2.1,2345,SD2.1/SD2.1/test/1_fake/entire__sd2__fake__000000066420.jpg
146,SD2.1,2346,SD2.1/SD2.1/test/1_fake/entire__sd2__fake__000000116675.jpg
146,SD2.1,2347,SD2.1/SD2.1/test/1_fake/entire__sd2__fake__000000220382.jpg
147,SD2.1,2348,SD2.1/SD2.1/test/0_real/entire__sd2__real__000000469035.jpg
147,SD2.1,2349,SD2.1/SD2.1/test/1_fake/entire__sd2__fake__000000267831.jpg
147,SD2.1,2350,SD2.1/SD2.1/test/1_fake/entire__sd2__fake__000000124712.jpg
147,SD2.1,2351,SD2.1/SD2.1/test/1_fake/entire__sd2__fake__000000025715.jpg
147,SD2.1,2352,SD2.1/SD2.1/test/1_fake/entire__sd2__fake__000000071099.jpg
147,SD2.1,2353,SD2.1/SD2.1/test/0_real/entire__sd2__real__000000062661.jpg
147,SD2.1,2354,SD2.1/SD2.1/test/0_real/entire__sd2__real__000000206062.jpg
147,SD2.1,2355,SD2.1/SD2.1/test/1_fake/entire__sd2__fake__000000387567.jpg
147,SD2.1,2356,SD2.1/SD2.1/test/1_fake/entire__sd2__fake__000000183398.jpg
147,SD2.1,2357,SD2.1/SD2.1/test/0_real/entire__sd2__real__000000144176.jpg
147,SD2.1,2358,SD2.1/SD2.1/test/1_fake/entire__sd2__fake__000000358633.jpg
147,SD2.1,2359,SD2.1/SD2.1/test/0_real/entire__sd2__real__000000465647.jpg
147,SD2.1,2360,SD2.1/SD2.1/test/0_real/entire__sd2__real__000000430342.jpg
147,SD2.1,2361,SD2.1/SD2.1/test/0_real/entire__sd2__real__000000189600.jpg
147,SD2.1,2362,SD2.1/SD2.1/test/1_fake/entire__sd2__fake__000000402916.jpg
147,SD2.1,2363,SD2.1/SD2.1/test/0_real/entire__sd2__real__000000292590.jpg
148,SD2.1,2364,SD2.1/SD2.1/test/1_fake/entire__sd2__fake__000000042339.jpg
148,SD2.1,2365,SD2.1/SD2.1/test/0_real/entire__sd2__real__000000521473.jpg
148,SD2.1,2366,SD2.1/SD2.1/test/0_real/entire__sd2__real__000000474390.jpg
148,SD2.1,2367,SD2.1/SD2.1/test/0_real/entire__sd2__real__000000338439.jpg
148,SD2.1,2368,SD2.1/SD2.1/test/1_fake/entire__sd2__fake__000000159790.jpg
148,SD2.1,2369,SD2.1/SD2.1/test/0_real/entire__sd2__real__000000564904.jpg
148,SD2.1,2370,SD2.1/SD2.1/test/0_real/entire__sd2__real__000000308744.jpg
148,SD2.1,2371,SD2.1/SD2.1/test/1_fake/entire__sd2__fake__000000471405.jpg
148,SD2.1,2372,SD2.1/SD2.1/test/1_fake/entire__sd2__fake__000000375926.jpg
148,SD2.1,2373,SD2.1/SD2.1/test/0_real/entire__sd2__real__000000551383.jpg
148,SD2.1,2374,SD2.1/SD2.1/test/1_fake/entire__sd2__fake__000000418548.jpg
148,SD2.1,2375,SD2.1/SD2.1/test/0_real/entire__sd2__real__000000093493.jpg
148,SD2.1,2376,SD2.1/SD2.1/test/0_real/entire__sd2__real__000000260942.jpg
148,SD2.1,2377,SD2.1/SD2.1/test/0_real/entire__sd2__real__000000329789.jpg
148,SD2.1,2378,SD2.1/SD2.1/test/1_fake/entire__sd2__fake__000000357074.jpg
148,SD2.1,2379,SD2.1/SD2.1/test/0_real/entire__sd2__real__000000167955.jpg
149,SD2.1,2380,SD2.1/SD2.1/test/0_real/entire__sd2__real__000000111746.jpg
149,SD2.1,2381,SD2.1/SD2.1/test/1_fake/entire__sd2__fake__000000180540.jpg
149,SD2.1,2382,SD2.1/SD2.1/test/0_real/entire__sd2__real__000000012803.jpg
149,SD2.1,2383,SD2.1/SD2.1/test/0_real/entire__sd2__real__000000122144.jpg
149,SD2.1,2384,SD2.1/SD2.1/test/0_real/entire__sd2__real__000000178998.jpg
149,SD2.1,2385,SD2.1/SD2.1/test/0_real/entire__sd2__real__000000531575.jpg
149,SD2.1,2386,SD2.1/SD2.1/test/0_real/entire__sd2__real__000000309775.jpg
149,SD2.1,2387,SD2.1/SD2.1/test/1_fake/entire__sd2__fake__000000122688.jpg
149,SD2.1,2388,SD2.1/SD2.1/test/1_fake/entire__sd2__fake__000000122459.jpg
149,SD2.1,2389,SD2.1/SD2.1/test/0_real/entire__sd2__real__000000029327.jpg
149,SD2.1,2390,SD2.1/SD2.1/test/0_real/entire__sd2__real__000000193878.jpg
149,SD2.1,2391,SD2.1/SD2.1/test/1_fake/entire__sd2__fake__000000240298.jpg
149,SD2.1,2392,SD2.1/SD2.1/test/0_real/entire__sd2__real__000000248771.jpg
149,SD2.1,2393,SD2.1/SD2.1/test/0_real/entire__sd2__real__000000267927.jpg
149,SD2.1,2394,SD2.1/SD2.1/test/1_fake/entire__sd2__fake__000000123013.jpg
149,SD2.1,2395,SD2.1/SD2.1/test/0_real/entire__sd2__real__000000513513.jpg
150,SD2.1,2396,SD2.1/SD2.1/test/0_real/entire__sd2__real__000000521281.jpg
150,SD2.1,2397,SD2.1/SD2.1/test/1_fake/entire__sd2__fake__000000174337.jpg
150,SD2.1,2398,SD2.1/SD2.1/test/1_fake/entire__sd2__fake__000000500765.jpg
150,SD2.1,2399,SD2.1/SD2.1/test/1_fake/entire__sd2__fake__000000202364.jpg
150,SD2.1,2400,SD2.1/SD2.1/test/1_fake/entire__sd2__fake__000000371794.jpg
150,SD2.1,2401,SD2.1/SD2.1/test/0_real/entire__sd2__real__000000212044.jpg
150,SD2.1,2402,SD2.1/SD2.1/test/1_fake/entire__sd2__fake__000000278952.jpg
150,SD2.1,2403,SD2.1/SD2.1/test/1_fake/entire__sd2__fake__000000461187.jpg
150,SD2.1,2404,SD2.1/SD2.1/test/1_fake/entire__sd2__fake__000000052472.jpg
150,SD2.1,2405,SD2.1/SD2.1/test/0_real/entire__sd2__real__000000371773.jpg
150,SD2.1,2406,SD2.1/SD2.1/test/0_real/entire__sd2__real__000000465441.jpg
150,SD2.1,2407,SD2.1/SD2.1/test/0_real/entire__sd2__real__000000372801.jpg
150,SD2.1,2408,SD2.1/SD2.1/test/0_real/entire__sd2__real__000000563076.jpg
150,SD2.1,2409,SD2.1/SD2.1/test/0_real/entire__sd2__real__000000375347.jpg
150,SD2.1,2410,SD2.1/SD2.1/test/0_real/entire__sd2__real__000000175604.jpg
150,SD2.1,2411,SD2.1/SD2.1/test/0_real/entire__sd2__real__000000095948.jpg
151,SD2.1,2412,SD2.1/SD2.1/test/0_real/entire__sd2__real__000000217495.jpg
151,SD2.1,2413,SD2.1/SD2.1/test/0_real/entire__sd2__real__000000001955.jpg
151,SD2.1,2414,SD2.1/SD2.1/test/1_fake/entire__sd2__fake__000000295124.jpg
151,SD2.1,2415,SD2.1/SD2.1/test/0_real/entire__sd2__real__000000357891.jpg
151,SD2.1,2416,SD2.1/SD2.1/test/1_fake/entire__sd2__fake__000000272310.jpg
151,SD2.1,2417,SD2.1/SD2.1/test/1_fake/entire__sd2__fake__000000115128.jpg
151,SD2.1,2418,SD2.1/SD2.1/test/0_real/entire__sd2__real__000000230702.jpg
151,SD2.1,2419,SD2.1/SD2.1/test/1_fake/entire__sd2__fake__000000345104.jpg
151,SD2.1,2420,SD2.1/SD2.1/test/0_real/entire__sd2__real__000000286162.jpg
151,SD2.1,2421,SD2.1/SD2.1/test/0_real/entire__sd2__real__000000006792.jpg
151,SD2.1,2422,SD2.1/SD2.1/test/0_real/entire__sd2__real__000000556698.jpg
151,SD2.1,2423,SD2.1/SD2.1/test/1_fake/entire__sd2__fake__000000359965.jpg
151,SD2.1,2424,SD2.1/SD2.1/test/1_fake/entire__sd2__fake__000000319688.jpg
151,SD2.1,2425,SD2.1/SD2.1/test/0_real/entire__sd2__real__000000252925.jpg
151,SD2.1,2426,SD2.1/SD2.1/test/1_fake/entire__sd2__fake__000000230610.jpg
151,SD2.1,2427,SD2.1/SD2.1/test/0_real/entire__sd2__real__000000178030.jpg
152,SD2.1,2428,SD2.1/SD2.1/test/1_fake/entire__sd2__fake__000000295359.jpg
152,SD2.1,2429,SD2.1/SD2.1/test/1_fake/entire__sd2__fake__000000350132.jpg
152,SD2.1,2430,SD2.1/SD2.1/test/0_real/entire__sd2__real__000000244065.jpg
152,SD2.1,2431,SD2.1/SD2.1/test/1_fake/entire__sd2__fake__000000325634.jpg
152,SD2.1,2432,SD2.1/SD2.1/test/1_fake/entire__sd2__fake__000000064816.jpg
152,SD2.1,2433,SD2.1/SD2.1/test/1_fake/entire__sd2__fake__000000360813.jpg
152,SD2.1,2434,SD2.1/SD2.1/test/0_real/entire__sd2__real__000000401822.jpg
152,SD2.1,2435,SD2.1/SD2.1/test/0_real/entire__sd2__real__000000449392.jpg
152,SD2.1,2436,SD2.1/SD2.1/test/1_fake/entire__sd2__fake__000000363621.jpg
152,SD2.1,2437,SD2.1/SD2.1/test/1_fake/entire__sd2__fake__000000455369.jpg
152,SD2.1,2438,SD2.1/SD2.1/test/1_fake/entire__sd2__fake__000000521165.jpg
152,SD2.1,2439,SD2.1/SD2.1/test/1_fake/entire__sd2__fake__000000339597.jpg
152,SD2.1,2440,SD2.1/SD2.1/test/1_fake/entire__sd2__fake__000000049676.jpg
152,SD2.1,2441,SD2.1/SD2.1/test/0_real/entire__sd2__real__000000120038.jpg
152,SD2.1,2442,SD2.1/SD2.1/test/0_real/entire__sd2__real__000000455414.jpg
152,SD2.1,2443,SD2.1/SD2.1/test/1_fake/entire__sd2__fake__000000038922.jpg
153,SD2.1,2444,SD2.1/SD2.1/test/0_real/entire__sd2__real__000000421384.jpg
153,SD2.1,2445,SD2.1/SD2.1/test/0_real/entire__sd2__real__000000238189.jpg
153,SD2.1,2446,SD2.1/SD2.1/test/0_real/entire__sd2__real__000000382542.jpg
153,SD2.1,2447,SD2.1/SD2.1/test/1_fake/entire__sd2__fake__000000190754.jpg
153,SD2.1,2448,SD2.1/SD2.1/test/0_real/entire__sd2__real__000000338019.jpg
153,SD2.1,2449,SD2.1/SD2.1/test/1_fake/entire__sd2__fake__000000470004.jpg
153,SD2.1,2450,SD2.1/SD2.1/test/0_real/entire__sd2__real__000000194322.jpg
153,SD2.1,2451,SD2.1/SD2.1/test/0_real/entire__sd2__real__000000435042.jpg
153,SD2.1,2452,SD2.1/SD2.1/test/1_fake/entire__sd2__fake__000000107384.jpg
153,SD2.1,2453,SD2.1/SD2.1/test/1_fake/entire__sd2__fake__000000339535.jpg
153,SD2.1,2454,SD2.1/SD2.1/test/1_fake/entire__sd2__fake__000000154173.jpg
153,SD2.1,2455,SD2.1/SD2.1/test/0_real/entire__sd2__real__000000378440.jpg
153,SD2.1,2456,SD2.1/SD2.1/test/0_real/entire__sd2__real__000000353130.jpg
153,SD2.1,2457,SD2.1/SD2.1/test/0_real/entire__sd2__real__000000171011.jpg
153,SD2.1,2458,SD2.1/SD2.1/test/1_fake/entire__sd2__fake__000000046353.jpg
153,SD2.1,2459,SD2.1/SD2.1/test/0_real/entire__sd2__real__000000529788.jpg
154,SD2.1,2460,SD2.1/SD2.1/test/1_fake/entire__sd2__fake__000000044389.jpg
154,SD2.1,2461,SD2.1/SD2.1/test/0_real/entire__sd2__real__000000366349.jpg
154,SD2.1,2462,SD2.1/SD2.1/test/1_fake/entire__sd2__fake__000000098510.jpg
154,SD2.1,2463,SD2.1/SD2.1/test/1_fake/entire__sd2__fake__000000322249.jpg
154,SD2.1,2464,SD2.1/SD2.1/test/1_fake/entire__sd2__fake__000000493278.jpg
154,SD2.1,2465,SD2.1/SD2.1/test/1_fake/entire__sd2__fake__000000492214.jpg
154,SD2.1,2466,SD2.1/SD2.1/test/0_real/entire__sd2__real__000000082338.jpg
154,SD2.1,2467,SD2.1/SD2.1/test/1_fake/entire__sd2__fake__000000032562.jpg
154,SD2.1,2468,SD2.1/SD2.1/test/0_real/entire__sd2__real__000000551086.jpg
154,SD2.1,2469,SD2.1/SD2.1/test/0_real/entire__sd2__real__000000302703.jpg
154,SD2.1,2470,SD2.1/SD2.1/test/0_real/entire__sd2__real__000000523164.jpg
154,SD2.1,2471,SD2.1/SD2.1/test/1_fake/entire__sd2__fake__000000325390.jpg
154,SD2.1,2472,SD2.1/SD2.1/test/0_real/entire__sd2__real__000000261945.jpg
154,SD2.1,2473,SD2.1/SD2.1/test/1_fake/entire__sd2__fake__000000256851.jpg
154,SD2.1,2474,SD2.1/SD2.1/test/0_real/entire__sd2__real__000000164183.jpg
154,SD2.1,2475,SD2.1/SD2.1/test/0_real/entire__sd2__real__000000304735.jpg
155,SD2.1,2476,SD2.1/SD2.1/test/1_fake/entire__sd2__fake__000000486421.jpg
155,SD2.1,2477,SD2.1/SD2.1/test/1_fake/entire__sd2__fake__000000106222.jpg
155,SD2.1,2478,SD2.1/SD2.1/test/0_real/entire__sd2__real__000000501227.jpg
155,SD2.1,2479,SD2.1/SD2.1/test/1_fake/entire__sd2__fake__000000043998.jpg
155,SD2.1,2480,SD2.1/SD2.1/test/1_fake/entire__sd2__fake__000000102080.jpg
155,SD2.1,2481,SD2.1/SD2.1/test/1_fake/entire__sd2__fake__000000486298.jpg
155,SD2.1,2482,SD2.1/SD2.1/test/0_real/entire__sd2__real__000000001941.jpg
155,SD2.1,2483,SD2.1/SD2.1/test/0_real/entire__sd2__real__000000256778.jpg
155,SD2.1,2484,SD2.1/SD2.1/test/1_fake/entire__sd2__fake__000000313436.jpg
155,SD2.1,2485,SD2.1/SD2.1/test/1_fake/entire__sd2__fake__000000119187.jpg
155,SD2.1,2486,SD2.1/SD2.1/test/1_fake/entire__sd2__fake__000000158569.jpg
155,SD2.1,2487,SD2.1/SD2.1/test/0_real/entire__sd2__real__000000032375.jpg
155,SD2.1,2488,SD2.1/SD2.1/test/1_fake/entire__sd2__fake__000000475810.jpg
155,SD2.1,2489,SD2.1/SD2.1/test/1_fake/entire__sd2__fake__000000436031.jpg
155,SD2.1,2490,SD2.1/SD2.1/test/1_fake/entire__sd2__fake__000000275913.jpg
155,SD2.1,2491,SD2.1/SD2.1/test/1_fake/entire__sd2__fake__000000497274.jpg
156,SD2.1,2492,SD2.1/SD2.1/test/1_fake/entire__sd2__fake__000000026942.jpg
156,SD2.1,2493,SD2.1/SD2.1/test/0_real/entire__sd2__real__000000365310.jpg
156,SD2.1,2494,SD2.1/SD2.1/test/1_fake/entire__sd2__fake__000000175293.jpg
156,SD2.1,2495,SD2.1/SD2.1/test/1_fake/entire__sd2__fake__000000532209.jpg
156,SD2.1,2496,SD2.1/SD2.1/test/0_real/entire__sd2__real__000000159118.jpg
156,SD2.1,2497,SD2.1/SD2.1/test/1_fake/entire__sd2__fake__000000437651.jpg
156,SD2.1,2498,SD2.1/SD2.1/test/0_real/entire__sd2__real__000000423250.jpg
156,SD2.1,2499,SD2.1/SD2.1/test/0_real/entire__sd2__real__000000219488.jpg
156,SD2.1,2500,SD2.1/SD2.1/test/0_real/entire__sd2__real__000000186336.jpg
156,SD2.1,2501,SD2.1/SD2.1/test/1_fake/entire__sd2__fake__000000442205.jpg
156,SD2.1,2502,SD2.1/SD2.1/test/1_fake/entire__sd2__fake__000000237215.jpg
156,SD2.1,2503,SD2.1/SD2.1/test/0_real/entire__sd2__real__000000031981.jpg
156,SD2.1,2504,SD2.1/SD2.1/test/0_real/entire__sd2__real__000000206290.jpg
156,SD2.1,2505,SD2.1/SD2.1/test/0_real/entire__sd2__real__000000078689.jpg
156,SD2.1,2506,SD2.1/SD2.1/test/0_real/entire__sd2__real__000000464317.jpg
156,SD2.1,2507,SD2.1/SD2.1/test/0_real/entire__sd2__real__000000424332.jpg
157,SD2.1,2508,SD2.1/SD2.1/test/1_fake/entire__sd2__fake__000000111746.jpg
157,SD2.1,2509,SD2.1/SD2.1/test/1_fake/entire__sd2__fake__000000227231.jpg
157,SD2.1,2510,SD2.1/SD2.1/test/1_fake/entire__sd2__fake__000000100016.jpg
157,SD2.1,2511,SD2.1/SD2.1/test/0_real/entire__sd2__real__000000544472.jpg
157,SD2.1,2512,SD2.1/SD2.1/test/1_fake/entire__sd2__fake__000000425179.jpg
157,SD2.1,2513,SD2.1/SD2.1/test/0_real/entire__sd2__real__000000282485.jpg
157,SD2.1,2514,SD2.1/SD2.1/test/1_fake/entire__sd2__fake__000000532045.jpg
157,SD2.1,2515,SD2.1/SD2.1/test/1_fake/entire__sd2__fake__000000079490.jpg
157,SD2.1,2516,SD2.1/SD2.1/test/0_real/entire__sd2__real__000000268577.jpg
157,SD2.1,2517,SD2.1/SD2.1/test/0_real/entire__sd2__real__000000252139.jpg
157,SD2.1,2518,SD2.1/SD2.1/test/1_fake/entire__sd2__fake__000000441640.jpg
157,SD2.1,2519,SD2.1/SD2.1/test/0_real/entire__sd2__real__000000468801.jpg
157,SD2.1,2520,SD2.1/SD2.1/test/1_fake/entire__sd2__fake__000000397286.jpg
157,SD2.1,2521,SD2.1/SD2.1/test/0_real/entire__sd2__real__000000122908.jpg
157,SD2.1,2522,SD2.1/SD2.1/test/0_real/entire__sd2__real__000000210124.jpg
157,SD2.1,2523,SD2.1/SD2.1/test/0_real/entire__sd2__real__000000136218.jpg
158,SD2.1,2524,SD2.1/SD2.1/test/0_real/entire__sd2__real__000000258020.jpg
158,SD2.1,2525,SD2.1/SD2.1/test/0_real/entire__sd2__real__000000210752.jpg
158,SD2.1,2526,SD2.1/SD2.1/test/0_real/entire__sd2__real__000000091123.jpg
158,SD2.1,2527,SD2.1/SD2.1/test/1_fake/entire__sd2__fake__000000544114.jpg
158,SD2.1,2528,SD2.1/SD2.1/test/1_fake/entire__sd2__fake__000000222444.jpg
158,SD2.1,2529,SD2.1/SD2.1/test/1_fake/entire__sd2__fake__000000064902.jpg
158,SD2.1,2530,SD2.1/SD2.1/test/0_real/entire__sd2__real__000000476032.jpg
158,SD2.1,2531,SD2.1/SD2.1/test/1_fake/entire__sd2__fake__000000436168.jpg
158,SD2.1,2532,SD2.1/SD2.1/test/0_real/entire__sd2__real__000000195039.jpg
158,SD2.1,2533,SD2.1/SD2.1/test/0_real/entire__sd2__real__000000168774.jpg
158,SD2.1,2534,SD2.1/SD2.1/test/0_real/entire__sd2__real__000000423337.jpg
158,SD2.1,2535,SD2.1/SD2.1/test/1_fake/entire__sd2__fake__000000033721.jpg
158,SD2.1,2536,SD2.1/SD2.1/test/1_fake/entire__sd2__fake__000000012158.jpg
158,SD2.1,2537,SD2.1/SD2.1/test/0_real/entire__sd2__real__000000385070.jpg
158,SD2.1,2538,SD2.1/SD2.1/test/1_fake/entire__sd2__fake__000000125435.jpg
158,SD2.1,2539,SD2.1/SD2.1/test/1_fake/entire__sd2__fake__000000282671.jpg
159,SD2.1,2540,SD2.1/SD2.1/test/1_fake/entire__sd2__fake__000000539436.jpg
159,SD2.1,2541,SD2.1/SD2.1/test/0_real/entire__sd2__real__000000065213.jpg
159,SD2.1,2542,SD2.1/SD2.1/test/1_fake/entire__sd2__fake__000000281134.jpg
159,SD2.1,2543,SD2.1/SD2.1/test/0_real/entire__sd2__real__000000239339.jpg
159,SD2.1,2544,SD2.1/SD2.1/test/0_real/entire__sd2__real__000000134618.jpg
159,SD2.1,2545,SD2.1/SD2.1/test/0_real/entire__sd2__real__000000372683.jpg
159,SD2.1,2546,SD2.1/SD2.1/test/0_real/entire__sd2__real__000000190160.jpg
159,SD2.1,2547,SD2.1/SD2.1/test/1_fake/entire__sd2__fake__000000528130.jpg
159,SD2.1,2548,SD2.1/SD2.1/test/0_real/entire__sd2__real__000000554892.jpg
159,SD2.1,2549,SD2.1/SD2.1/test/1_fake/entire__sd2__fake__000000232338.jpg
159,SD2.1,2550,SD2.1/SD2.1/test/0_real/entire__sd2__real__000000488880.jpg
159,SD2.1,2551,SD2.1/SD2.1/test/0_real/entire__sd2__real__000000468972.jpg
159,SD2.1,2552,SD2.1/SD2.1/test/1_fake/entire__sd2__fake__000000035228.jpg
159,SD2.1,2553,SD2.1/SD2.1/test/1_fake/entire__sd2__fake__000000455083.jpg
159,SD2.1,2554,SD2.1/SD2.1/test/0_real/entire__sd2__real__000000167645.jpg
159,SD2.1,2555,SD2.1/SD2.1/test/0_real/entire__sd2__real__000000534974.jpg
160,SD2.1,2556,SD2.1/SD2.1/test/0_real/entire__sd2__real__000000482747.jpg
160,SD2.1,2557,SD2.1/SD2.1/test/1_fake/entire__sd2__fake__000000219778.jpg
160,SD2.1,2558,SD2.1/SD2.1/test/1_fake/entire__sd2__fake__000000517656.jpg
160,SD2.1,2559,SD2.1/SD2.1/test/0_real/entire__sd2__real__000000169068.jpg
160,SD2.1,2560,SD2.1/SD2.1/test/1_fake/entire__sd2__fake__000000150919.jpg
160,SD2.1,2561,SD2.1/SD2.1/test/1_fake/entire__sd2__fake__000000012424.jpg
160,SD2.1,2562,SD2.1/SD2.1/test/0_real/entire__sd2__real__000000510782.jpg
160,SD2.1,2563,SD2.1/SD2.1/test/1_fake/entire__sd2__fake__000000559136.jpg
160,SD2.1,2564,SD2.1/SD2.1/test/0_real/entire__sd2__real__000000527314.jpg
160,SD2.1,2565,SD2.1/SD2.1/test/0_real/entire__sd2__real__000000444036.jpg
160,SD2.1,2566,SD2.1/SD2.1/test/1_fake/entire__sd2__fake__000000297092.jpg
160,SD2.1,2567,SD2.1/SD2.1/test/0_real/entire__sd2__real__000000406033.jpg
160,SD2.1,2568,SD2.1/SD2.1/test/0_real/entire__sd2__real__000000354725.jpg
160,SD2.1,2569,SD2.1/SD2.1/test/0_real/entire__sd2__real__000000152600.jpg
160,SD2.1,2570,SD2.1/SD2.1/test/0_real/entire__sd2__real__000000148398.jpg
160,SD2.1,2571,SD2.1/SD2.1/test/0_real/entire__sd2__real__000000262124.jpg
161,SD2.1,2572,SD2.1/SD2.1/test/1_fake/entire__sd2__fake__000000288164.jpg
161,SD2.1,2573,SD2.1/SD2.1/test/1_fake/entire__sd2__fake__000000217454.jpg
161,SD2.1,2574,SD2.1/SD2.1/test/1_fake/entire__sd2__fake__000000140642.jpg
161,SD2.1,2575,SD2.1/SD2.1/test/0_real/entire__sd2__real__000000363194.jpg
161,SD2.1,2576,SD2.1/SD2.1/test/1_fake/entire__sd2__fake__000000038152.jpg
161,SD2.1,2577,SD2.1/SD2.1/test/0_real/entire__sd2__real__000000414891.jpg
161,SD2.1,2578,SD2.1/SD2.1/test/0_real/entire__sd2__real__000000526522.jpg
161,SD2.1,2579,SD2.1/SD2.1/test/0_real/entire__sd2__real__000000332748.jpg
161,SD2.1,2580,SD2.1/SD2.1/test/0_real/entire__sd2__real__000000156308.jpg
161,SD2.1,2581,SD2.1/SD2.1/test/1_fake/entire__sd2__fake__000000139992.jpg
161,SD2.1,2582,SD2.1/SD2.1/test/0_real/entire__sd2__real__000000106382.jpg
161,SD2.1,2583,SD2.1/SD2.1/test/1_fake/entire__sd2__fake__000000521195.jpg
161,SD2.1,2584,SD2.1/SD2.1/test/1_fake/entire__sd2__fake__000000165606.jpg
161,SD2.1,2585,SD2.1/SD2.1/test/1_fake/entire__sd2__fake__000000014986.jpg
161,SD2.1,2586,SD2.1/SD2.1/test/1_fake/entire__sd2__fake__000000351549.jpg
161,SD2.1,2587,SD2.1/SD2.1/test/0_real/entire__sd2__real__000000089520.jpg
162,SD2.1,2588,SD2.1/SD2.1/test/1_fake/entire__sd2__fake__000000164788.jpg
162,SD2.1,2589,SD2.1/SD2.1/test/1_fake/entire__sd2__fake__000000232460.jpg
162,SD2.1,2590,SD2.1/SD2.1/test/0_real/entire__sd2__real__000000175227.jpg
162,SD2.1,2591,SD2.1/SD2.1/test/1_fake/entire__sd2__fake__000000454814.jpg
162,SD2.1,2592,SD2.1/SD2.1/test/0_real/entire__sd2__real__000000565004.jpg
162,SD2.1,2593,SD2.1/SD2.1/test/1_fake/entire__sd2__fake__000000244585.jpg
162,SD2.1,2594,SD2.1/SD2.1/test/0_real/entire__sd2__real__000000514396.jpg
162,SD2.1,2595,SD2.1/SD2.1/test/1_fake/entire__sd2__fake__000000124562.jpg
162,SD2.1,2596,SD2.1/SD2.1/test/0_real/entire__sd2__real__000000216856.jpg
162,SD2.1,2597,SD2.1/SD2.1/test/0_real/entire__sd2__real__000000373341.jpg
162,SD2.1,2598,SD2.1/SD2.1/test/1_fake/entire__sd2__fake__000000366022.jpg
162,SD2.1,2599,SD2.1/SD2.1/test/0_real/entire__sd2__real__000000223198.jpg
162,SD2.1,2600,SD2.1/SD2.1/test/1_fake/entire__sd2__fake__000000498392.jpg
162,SD2.1,2601,SD2.1/SD2.1/test/0_real/entire__sd2__real__000000505553.jpg
162,SD2.1,2602,SD2.1/SD2.1/test/0_real/entire__sd2__real__000000542786.jpg
162,SD2.1,2603,SD2.1/SD2.1/test/1_fake/entire__sd2__fake__000000306044.jpg
163,SD2.1,2604,SD2.1/SD2.1/test/1_fake/entire__sd2__fake__000000569596.jpg
163,SD2.1,2605,SD2.1/SD2.1/test/0_real/entire__sd2__real__000000445574.jpg
163,SD2.1,2606,SD2.1/SD2.1/test/1_fake/entire__sd2__fake__000000518933.jpg
163,SD2.1,2607,SD2.1/SD2.1/test/0_real/entire__sd2__real__000000223216.jpg
163,SD2.1,2608,SD2.1/SD2.1/test/1_fake/entire__sd2__fake__000000419767.jpg
163,SD2.1,2609,SD2.1/SD2.1/test/1_fake/entire__sd2__fake__000000152340.jpg
163,SD2.1,2610,SD2.1/SD2.1/test/1_fake/entire__sd2__fake__000000425148.jpg
163,SD2.1,2611,SD2.1/SD2.1/test/0_real/entire__sd2__real__000000137724.jpg
163,SD2.1,2612,SD2.1/SD2.1/test/0_real/entire__sd2__real__000000195306.jpg
163,SD2.1,2613,SD2.1/SD2.1/test/1_fake/entire__sd2__fake__000000087230.jpg
163,SD2.1,2614,SD2.1/SD2.1/test/1_fake/entire__sd2__fake__000000051369.jpg
163,SD2.1,2615,SD2.1/SD2.1/test/1_fake/entire__sd2__fake__000000060890.jpg
163,SD2.1,2616,SD2.1/SD2.1/test/1_fake/entire__sd2__fake__000000235902.jpg
163,SD2.1,2617,SD2.1/SD2.1/test/0_real/entire__sd2__real__000000020403.jpg
163,SD2.1,2618,SD2.1/SD2.1/test/1_fake/entire__sd2__fake__000000112409.jpg
163,SD2.1,2619,SD2.1/SD2.1/test/1_fake/entire__sd2__fake__000000346492.jpg
164,SD2.1,2620,SD2.1/SD2.1/test/1_fake/entire__sd2__fake__000000044743.jpg
164,SD2.1,2621,SD2.1/SD2.1/test/1_fake/entire__sd2__fake__000000105426.jpg
164,SD2.1,2622,SD2.1/SD2.1/test/1_fake/entire__sd2__fake__000000289097.jpg
164,SD2.1,2623,SD2.1/SD2.1/test/0_real/entire__sd2__real__000000074913.jpg
164,SD2.1,2624,SD2.1/SD2.1/test/1_fake/entire__sd2__fake__000000566863.jpg
164,SD2.1,2625,SD2.1/SD2.1/test/0_real/entire__sd2__real__000000077027.jpg
164,SD2.1,2626,SD2.1/SD2.1/test/0_real/entire__sd2__real__000000458705.jpg
164,SD2.1,2627,SD2.1/SD2.1/test/0_real/entire__sd2__real__000000287466.jpg
164,SD2.1,2628,SD2.1/SD2.1/test/0_real/entire__sd2__real__000000404602.jpg
164,SD2.1,2629,SD2.1/SD2.1/test/0_real/entire__sd2__real__000000088647.jpg
164,SD2.1,2630,SD2.1/SD2.1/test/1_fake/entire__sd2__fake__000000489724.jpg
164,SD2.1,2631,SD2.1/SD2.1/test/1_fake/entire__sd2__fake__000000332003.jpg
164,SD2.1,2632,SD2.1/SD2.1/test/1_fake/entire__sd2__fake__000000022048.jpg
164,SD2.1,2633,SD2.1/SD2.1/test/0_real/entire__sd2__real__000000473642.jpg
164,SD2.1,2634,SD2.1/SD2.1/test/0_real/entire__sd2__real__000000472387.jpg
164,SD2.1,2635,SD2.1/SD2.1/test/0_real/entire__sd2__real__000000217046.jpg
165,SD2.1,2636,SD2.1/SD2.1/test/1_fake/entire__sd2__fake__000000036850.jpg
165,SD2.1,2637,SD2.1/SD2.1/test/1_fake/entire__sd2__fake__000000026938.jpg
165,SD2.1,2638,SD2.1/SD2.1/test/0_real/entire__sd2__real__000000142390.jpg
165,SD2.1,2639,SD2.1/SD2.1/test/0_real/entire__sd2__real__000000537652.jpg
165,SD2.1,2640,SD2.1/SD2.1/test/1_fake/entire__sd2__fake__000000306800.jpg
165,SD2.1,2641,SD2.1/SD2.1/test/0_real/entire__sd2__real__000000012650.jpg
165,SD2.1,2642,SD2.1/SD2.1/test/1_fake/entire__sd2__fake__000000238189.jpg
165,SD2.1,2643,SD2.1/SD2.1/test/1_fake/entire__sd2__fake__000000096901.jpg
165,SD2.1,2644,SD2.1/SD2.1/test/1_fake/entire__sd2__fake__000000047692.jpg
165,SD2.1,2645,SD2.1/SD2.1/test/1_fake/entire__sd2__fake__000000275656.jpg
165,SD2.1,2646,SD2.1/SD2.1/test/0_real/entire__sd2__real__000000160201.jpg
165,SD2.1,2647,SD2.1/SD2.1/test/1_fake/entire__sd2__fake__000000334466.jpg
165,SD2.1,2648,SD2.1/SD2.1/test/0_real/entire__sd2__real__000000309322.jpg
165,SD2.1,2649,SD2.1/SD2.1/test/1_fake/entire__sd2__fake__000000134215.jpg
165,SD2.1,2650,SD2.1/SD2.1/test/0_real/entire__sd2__real__000000432624.jpg
165,SD2.1,2651,SD2.1/SD2.1/test/0_real/entire__sd2__real__000000475810.jpg
166,SD2.1,2652,SD2.1/SD2.1/test/0_real/entire__sd2__real__000000037695.jpg
166,SD2.1,2653,SD2.1/SD2.1/test/0_real/entire__sd2__real__000000075119.jpg
166,SD2.1,2654,SD2.1/SD2.1/test/1_fake/entire__sd2__fake__000000342142.jpg
166,SD2.1,2655,SD2.1/SD2.1/test/0_real/entire__sd2__real__000000390571.jpg
166,SD2.1,2656,SD2.1/SD2.1/test/0_real/entire__sd2__real__000000190689.jpg
166,SD2.1,2657,SD2.1/SD2.1/test/1_fake/entire__sd2__fake__000000047724.jpg
166,SD2.1,2658,SD2.1/SD2.1/test/1_fake/entire__sd2__fake__000000318209.jpg
166,SD2.1,2659,SD2.1/SD2.1/test/0_real/entire__sd2__real__000000096251.jpg
166,SD2.1,2660,SD2.1/SD2.1/test/0_real/entire__sd2__real__000000011269.jpg
166,SD2.1,2661,SD2.1/SD2.1/test/0_real/entire__sd2__real__000000341636.jpg
166,SD2.1,2662,SD2.1/SD2.1/test/1_fake/entire__sd2__fake__000000050965.jpg
166,SD2.1,2663,SD2.1/SD2.1/test/1_fake/entire__sd2__fake__000000561390.jpg
166,SD2.1,2664,SD2.1/SD2.1/test/0_real/entire__sd2__real__000000154424.jpg
166,SD2.1,2665,SD2.1/SD2.1/test/0_real/entire__sd2__real__000000187241.jpg
166,SD2.1,2666,SD2.1/SD2.1/test/0_real/entire__sd2__real__000000217323.jpg
166,SD2.1,2667,SD2.1/SD2.1/test/0_real/entire__sd2__real__000000506987.jpg
167,SD2.1,2668,SD2.1/SD2.1/test/1_fake/entire__sd2__fake__000000304473.jpg
167,SD2.1,2669,SD2.1/SD2.1/test/1_fake/entire__sd2__fake__000000280354.jpg
167,SD2.1,2670,SD2.1/SD2.1/test/0_real/entire__sd2__real__000000144122.jpg
167,SD2.1,2671,SD2.1/SD2.1/test/1_fake/entire__sd2__fake__000000485598.jpg
167,SD2.1,2672,SD2.1/SD2.1/test/0_real/entire__sd2__real__000000554561.jpg
167,SD2.1,2673,SD2.1/SD2.1/test/1_fake/entire__sd2__fake__000000328808.jpg
167,SD2.1,2674,SD2.1/SD2.1/test/1_fake/entire__sd2__fake__000000260464.jpg
167,SD2.1,2675,SD2.1/SD2.1/test/1_fake/entire__sd2__fake__000000399542.jpg
167,SD2.1,2676,SD2.1/SD2.1/test/0_real/entire__sd2__real__000000160254.jpg
167,SD2.1,2677,SD2.1/SD2.1/test/1_fake/entire__sd2__fake__000000106194.jpg
167,SD2.1,2678,SD2.1/SD2.1/test/0_real/entire__sd2__real__000000061377.jpg
167,SD2.1,2679,SD2.1/SD2.1/test/0_real/entire__sd2__real__000000397772.jpg
167,SD2.1,2680,SD2.1/SD2.1/test/1_fake/entire__sd2__fake__000000036498.jpg
167,SD2.1,2681,SD2.1/SD2.1/test/1_fake/entire__sd2__fake__000000318814.jpg
167,SD2.1,2682,SD2.1/SD2.1/test/1_fake/entire__sd2__fake__000000381403.jpg
167,SD2.1,2683,SD2.1/SD2.1/test/0_real/entire__sd2__real__000000017364.jpg
168,SD2.1,2684,SD2.1/SD2.1/test/1_fake/entire__sd2__fake__000000315487.jpg
168,SD2.1,2685,SD2.1/SD2.1/test/1_fake/entire__sd2__fake__000000447974.jpg
168,SD2.1,2686,SD2.1/SD2.1/test/0_real/entire__sd2__real__000000097795.jpg
168,SD2.1,2687,SD2.1/SD2.1/test/1_fake/entire__sd2__fake__000000264320.jpg
168,SD2.1,2688,SD2.1/SD2.1/test/1_fake/entire__sd2__fake__000000314526.jpg
168,SD2.1,2689,SD2.1/SD2.1/test/1_fake/entire__sd2__fake__000000005099.jpg
168,SD2.1,2690,SD2.1/SD2.1/test/0_real/entire__sd2__real__000000443086.jpg
168,SD2.1,2691,SD2.1/SD2.1/test/1_fake/entire__sd2__fake__000000124621.jpg
168,SD2.1,2692,SD2.1/SD2.1/test/0_real/entire__sd2__real__000000520433.jpg
168,SD2.1,2693,SD2.1/SD2.1/test/1_fake/entire__sd2__fake__000000050324.jpg
168,SD2.1,2694,SD2.1/SD2.1/test/0_real/entire__sd2__real__000000197745.jpg
168,SD2.1,2695,SD2.1/SD2.1/test/0_real/entire__sd2__real__000000083153.jpg
168,SD2.1,2696,SD2.1/SD2.1/test/1_fake/entire__sd2__fake__000000138956.jpg
168,SD2.1,2697,SD2.1/SD2.1/test/0_real/entire__sd2__real__000000483875.jpg
168,SD2.1,2698,SD2.1/SD2.1/test/1_fake/entire__sd2__fake__000000335697.jpg
168,SD2.1,2699,SD2.1/SD2.1/test/0_real/entire__sd2__real__000000488928.jpg
169,SD2.1,2700,SD2.1/SD2.1/test/1_fake/entire__sd2__fake__000000567189.jpg
169,SD2.1,2701,SD2.1/SD2.1/test/1_fake/entire__sd2__fake__000000084084.jpg
169,SD2.1,2702,SD2.1/SD2.1/test/0_real/entire__sd2__real__000000029813.jpg
169,SD2.1,2703,SD2.1/SD2.1/test/0_real/entire__sd2__real__000000328352.jpg
169,SD2.1,2704,SD2.1/SD2.1/test/0_real/entire__sd2__real__000000522620.jpg
169,SD2.1,2705,SD2.1/SD2.1/test/1_fake/entire__sd2__fake__000000094936.jpg
169,SD2.1,2706,SD2.1/SD2.1/test/0_real/entire__sd2__real__000000190952.jpg
169,SD2.1,2707,SD2.1/SD2.1/test/1_fake/entire__sd2__fake__000000472133.jpg
169,SD2.1,2708,SD2.1/SD2.1/test/0_real/entire__sd2__real__000000239793.jpg
169,SD2.1,2709,SD2.1/SD2.1/test/0_real/entire__sd2__real__000000291873.jpg
169,SD2.1,2710,SD2.1/SD2.1/test/1_fake/entire__sd2__fake__000000573778.jpg
169,SD2.1,2711,SD2.1/SD2.1/test/0_real/entire__sd2__real__000000082220.jpg
169,SD2.1,2712,SD2.1/SD2.1/test/1_fake/entire__sd2__fake__000000446436.jpg
169,SD2.1,2713,SD2.1/SD2.1/test/0_real/entire__sd2__real__000000246966.jpg
169,SD2.1,2714,SD2.1/SD2.1/test/1_fake/entire__sd2__fake__000000149036.jpg
169,SD2.1,2715,SD2.1/SD2.1/test/0_real/entire__sd2__real__000000167042.jpg
170,SD2.1,2716,SD2.1/SD2.1/test/0_real/entire__sd2__real__000000299417.jpg
170,SD2.1,2717,SD2.1/SD2.1/test/1_fake/entire__sd2__fake__000000001592.jpg
170,SD2.1,2718,SD2.1/SD2.1/test/1_fake/entire__sd2__fake__000000450724.jpg
170,SD2.1,2719,SD2.1/SD2.1/test/0_real/entire__sd2__real__000000559012.jpg
170,SD2.1,2720,SD2.1/SD2.1/test/0_real/entire__sd2__real__000000068874.jpg
170,SD2.1,2721,SD2.1/SD2.1/test/0_real/entire__sd2__real__000000196082.jpg
170,SD2.1,2722,SD2.1/SD2.1/test/0_real/entire__sd2__real__000000486018.jpg
170,SD2.1,2723,SD2.1/SD2.1/test/0_real/entire__sd2__real__000000503097.jpg
170,SD2.1,2724,SD2.1/SD2.1/test/0_real/entire__sd2__real__000000042427.jpg
170,SD2.1,2725,SD2.1/SD2.1/test/0_real/entire__sd2__real__000000348381.jpg
170,SD2.1,2726,SD2.1/SD2.1/test/0_real/entire__sd2__real__000000224118.jpg
170,SD2.1,2727,SD2.1/SD2.1/test/0_real/entire__sd2__real__000000343104.jpg
170,SD2.1,2728,SD2.1/SD2.1/test/0_real/entire__sd2__real__000000075283.jpg
170,SD2.1,2729,SD2.1/SD2.1/test/1_fake/entire__sd2__fake__000000530999.jpg
170,SD2.1,2730,SD2.1/SD2.1/test/1_fake/entire__sd2__fake__000000531896.jpg
170,SD2.1,2731,SD2.1/SD2.1/test/0_real/entire__sd2__real__000000126345.jpg
171,SD2.1,2732,SD2.1/SD2.1/test/0_real/entire__sd2__real__000000391419.jpg
171,SD2.1,2733,SD2.1/SD2.1/test/0_real/entire__sd2__real__000000343630.jpg
171,SD2.1,2734,SD2.1/SD2.1/test/0_real/entire__sd2__real__000000423718.jpg
171,SD2.1,2735,SD2.1/SD2.1/test/0_real/entire__sd2__real__000000214832.jpg
171,SD2.1,2736,SD2.1/SD2.1/test/1_fake/entire__sd2__fake__000000079107.jpg
171,SD2.1,2737,SD2.1/SD2.1/test/1_fake/entire__sd2__fake__000000099539.jpg
171,SD2.1,2738,SD2.1/SD2.1/test/1_fake/entire__sd2__fake__000000090255.jpg
171,SD2.1,2739,SD2.1/SD2.1/test/0_real/entire__sd2__real__000000436580.jpg
171,SD2.1,2740,SD2.1/SD2.1/test/1_fake/entire__sd2__fake__000000360826.jpg
171,SD2.1,2741,SD2.1/SD2.1/test/0_real/entire__sd2__real__000000093327.jpg
171,SD2.1,2742,SD2.1/SD2.1/test/0_real/entire__sd2__real__000000072909.jpg
171,SD2.1,2743,SD2.1/SD2.1/test/0_real/entire__sd2__real__000000472266.jpg
171,SD2.1,2744,SD2.1/SD2.1/test/1_fake/entire__sd2__fake__000000117939.jpg
171,SD2.1,2745,SD2.1/SD2.1/test/1_fake/entire__sd2__fake__000000089943.jpg
171,SD2.1,2746,SD2.1/SD2.1/test/1_fake/entire__sd2__fake__000000139333.jpg
171,SD2.1,2747,SD2.1/SD2.1/test/0_real/entire__sd2__real__000000181383.jpg
172,SD2.1,2748,SD2.1/SD2.1/test/0_real/entire__sd2__real__000000129980.jpg
172,SD2.1,2749,SD2.1/SD2.1/test/1_fake/entire__sd2__fake__000000472803.jpg
172,SD2.1,2750,SD2.1/SD2.1/test/1_fake/entire__sd2__fake__000000179532.jpg
172,SD2.1,2751,SD2.1/SD2.1/test/0_real/entire__sd2__real__000000299039.jpg
172,SD2.1,2752,SD2.1/SD2.1/test/0_real/entire__sd2__real__000000521715.jpg
172,SD2.1,2753,SD2.1/SD2.1/test/1_fake/entire__sd2__fake__000000289738.jpg
172,SD2.1,2754,SD2.1/SD2.1/test/1_fake/entire__sd2__fake__000000160254.jpg
172,SD2.1,2755,SD2.1/SD2.1/test/1_fake/entire__sd2__fake__000000537625.jpg
172,SD2.1,2756,SD2.1/SD2.1/test/0_real/entire__sd2__real__000000223734.jpg
172,SD2.1,2757,SD2.1/SD2.1/test/1_fake/entire__sd2__fake__000000127035.jpg
172,SD2.1,2758,SD2.1/SD2.1/test/0_real/entire__sd2__real__000000102143.jpg
172,SD2.1,2759,SD2.1/SD2.1/test/0_real/entire__sd2__real__000000118086.jpg
172,SD2.1,2760,SD2.1/SD2.1/test/1_fake/entire__sd2__fake__000000135564.jpg
172,SD2.1,2761,SD2.1/SD2.1/test/1_fake/entire__sd2__fake__000000513743.jpg
172,SD2.1,2762,SD2.1/SD2.1/test/1_fake/entire__sd2__fake__000000448253.jpg
172,SD2.1,2763,SD2.1/SD2.1/test/0_real/entire__sd2__real__000000528108.jpg
173,SD2.1,2764,SD2.1/SD2.1/test/0_real/entire__sd2__real__000000151393.jpg
173,SD2.1,2765,SD2.1/SD2.1/test/0_real/entire__sd2__real__000000046185.jpg
173,SD2.1,2766,SD2.1/SD2.1/test/1_fake/entire__sd2__fake__000000090352.jpg
173,SD2.1,2767,SD2.1/SD2.1/test/0_real/entire__sd2__real__000000111830.jpg
173,SD2.1,2768,SD2.1/SD2.1/test/0_real/entire__sd2__real__000000458574.jpg
173,SD2.1,2769,SD2.1/SD2.1/test/1_fake/entire__sd2__fake__000000371250.jpg
173,SD2.1,2770,SD2.1/SD2.1/test/0_real/entire__sd2__real__000000090573.jpg
173,SD2.1,2771,SD2.1/SD2.1/test/1_fake/entire__sd2__fake__000000405852.jpg
173,SD2.1,2772,SD2.1/SD2.1/test/1_fake/entire__sd2__fake__000000337760.jpg
173,SD2.1,2773,SD2.1/SD2.1/test/0_real/entire__sd2__real__000000575432.jpg
173,SD2.1,2774,SD2.1/SD2.1/test/0_real/entire__sd2__real__000000136983.jpg
173,SD2.1,2775,SD2.1/SD2.1/test/1_fake/entire__sd2__fake__000000567976.jpg
173,SD2.1,2776,SD2.1/SD2.1/test/1_fake/entire__sd2__fake__000000464695.jpg
173,SD2.1,2777,SD2.1/SD2.1/test/1_fake/entire__sd2__fake__000000016964.jpg
173,SD2.1,2778,SD2.1/SD2.1/test/1_fake/entire__sd2__fake__000000370831.jpg
173,SD2.1,2779,SD2.1/SD2.1/test/0_real/entire__sd2__real__000000288506.jpg
174,SD2.1,2780,SD2.1/SD2.1/test/1_fake/entire__sd2__fake__000000134188.jpg
174,SD2.1,2781,SD2.1/SD2.1/test/1_fake/entire__sd2__fake__000000154209.jpg
174,SD2.1,2782,SD2.1/SD2.1/test/0_real/entire__sd2__real__000000422464.jpg
174,SD2.1,2783,SD2.1/SD2.1/test/0_real/entire__sd2__real__000000553736.jpg
174,SD2.1,2784,SD2.1/SD2.1/test/1_fake/entire__sd2__fake__000000204716.jpg
174,SD2.1,2785,SD2.1/SD2.1/test/0_real/entire__sd2__real__000000129056.jpg
174,SD2.1,2786,SD2.1/SD2.1/test/0_real/entire__sd2__real__000000438615.jpg
174,SD2.1,2787,SD2.1/SD2.1/test/0_real/entire__sd2__real__000000026803.jpg
174,SD2.1,2788,SD2.1/SD2.1/test/1_fake/entire__sd2__fake__000000159723.jpg
174,SD2.1,2789,SD2.1/SD2.1/test/1_fake/entire__sd2__fake__000000141494.jpg
174,SD2.1,2790,SD2.1/SD2.1/test/0_real/entire__sd2__real__000000156156.jpg
174,SD2.1,2791,SD2.1/SD2.1/test/1_fake/entire__sd2__fake__000000056852.jpg
174,SD2.1,2792,SD2.1/SD2.1/test/1_fake/entire__sd2__fake__000000431052.jpg
174,SD2.1,2793,SD2.1/SD2.1/test/1_fake/entire__sd2__fake__000000456046.jpg
174,SD2.1,2794,SD2.1/SD2.1/test/1_fake/entire__sd2__fake__000000408016.jpg
174,SD2.1,2795,SD2.1/SD2.1/test/0_real/entire__sd2__real__000000108819.jpg
175,SD2.1,2796,SD2.1/SD2.1/test/1_fake/entire__sd2__fake__000000226267.jpg
175,SD2.1,2797,SD2.1/SD2.1/test/1_fake/entire__sd2__fake__000000394447.jpg
175,SD2.1,2798,SD2.1/SD2.1/test/0_real/entire__sd2__real__000000146128.jpg
175,SD2.1,2799,SD2.1/SD2.1/test/0_real/entire__sd2__real__000000424388.jpg
175,SD2.1,2800,SD2.1/SD2.1/test/0_real/entire__sd2__real__000000214193.jpg
175,SD2.1,2801,SD2.1/SD2.1/test/1_fake/entire__sd2__fake__000000342051.jpg
175,SD2.1,2802,SD2.1/SD2.1/test/1_fake/entire__sd2__fake__000000228098.jpg
175,SD2.1,2803,SD2.1/SD2.1/test/1_fake/entire__sd2__fake__000000281581.jpg
175,SD2.1,2804,SD2.1/SD2.1/test/0_real/entire__sd2__real__000000353860.jpg
175,SD2.1,2805,SD2.1/SD2.1/test/0_real/entire__sd2__real__000000520530.jpg
175,SD2.1,2806,SD2.1/SD2.1/test/1_fake/entire__sd2__fake__000000071239.jpg
175,SD2.1,2807,SD2.1/SD2.1/test/0_real/entire__sd2__real__000000146190.jpg
175,SD2.1,2808,SD2.1/SD2.1/test/0_real/entire__sd2__real__000000066877.jpg
175,SD2.1,2809,SD2.1/SD2.1/test/0_real/entire__sd2__real__000000569069.jpg
175,SD2.1,2810,SD2.1/SD2.1/test/0_real/entire__sd2__real__000000102793.jpg
175,SD2.1,2811,SD2.1/SD2.1/test/1_fake/entire__sd2__fake__000000324730.jpg
176,SD2.1,2812,SD2.1/SD2.1/test/1_fake/entire__sd2__fake__000000478249.jpg
176,SD2.1,2813,SD2.1/SD2.1/test/1_fake/entire__sd2__fake__000000415179.jpg
176,SD2.1,2814,SD2.1/SD2.1/test/1_fake/entire__sd2__fake__000000572348.jpg
176,SD2.1,2815,SD2.1/SD2.1/test/0_real/entire__sd2__real__000000274763.jpg
176,SD2.1,2816,SD2.1/SD2.1/test/0_real/entire__sd2__real__000000402283.jpg
176,SD2.1,2817,SD2.1/SD2.1/test/0_real/entire__sd2__real__000000494383.jpg
176,SD2.1,2818,SD2.1/SD2.1/test/0_real/entire__sd2__real__000000388947.jpg
176,SD2.1,2819,SD2.1/SD2.1/test/0_real/entire__sd2__real__000000469515.jpg
176,SD2.1,2820,SD2.1/SD2.1/test/1_fake/entire__sd2__fake__000000007827.jpg
176,SD2.1,2821,SD2.1/SD2.1/test/0_real/entire__sd2__real__000000349291.jpg
176,SD2.1,2822,SD2.1/SD2.1/test/0_real/entire__sd2__real__000000496887.jpg
176,SD2.1,2823,SD2.1/SD2.1/test/1_fake/entire__sd2__fake__000000233201.jpg
176,SD2.1,2824,SD2.1/SD2.1/test/1_fake/entire__sd2__fake__000000405675.jpg
176,SD2.1,2825,SD2.1/SD2.1/test/0_real/entire__sd2__real__000000129595.jpg
176,SD2.1,2826,SD2.1/SD2.1/test/1_fake/entire__sd2__fake__000000169181.jpg
176,SD2.1,2827,SD2.1/SD2.1/test/0_real/entire__sd2__real__000000229936.jpg
177,SD2.1,2828,SD2.1/SD2.1/test/1_fake/entire__sd2__fake__000000112126.jpg
177,SD2.1,2829,SD2.1/SD2.1/test/1_fake/entire__sd2__fake__000000511784.jpg
177,SD2.1,2830,SD2.1/SD2.1/test/0_real/entire__sd2__real__000000299786.jpg
177,SD2.1,2831,SD2.1/SD2.1/test/1_fake/entire__sd2__fake__000000179618.jpg
177,SD2.1,2832,SD2.1/SD2.1/test/0_real/entire__sd2__real__000000427914.jpg
177,SD2.1,2833,SD2.1/SD2.1/test/0_real/entire__sd2__real__000000486632.jpg
177,SD2.1,2834,SD2.1/SD2.1/test/1_fake/entire__sd2__fake__000000074846.jpg
177,SD2.1,2835,SD2.1/SD2.1/test/1_fake/entire__sd2__fake__000000493066.jpg
177,SD2.1,2836,SD2.1/SD2.1/test/1_fake/entire__sd2__fake__000000232972.jpg
177,SD2.1,2837,SD2.1/SD2.1/test/0_real/entire__sd2__real__000000029942.jpg
177,SD2.1,2838,SD2.1/SD2.1/test/0_real/entire__sd2__real__000000223650.jpg
177,SD2.1,2839,SD2.1/SD2.1/test/0_real/entire__sd2__real__000000548905.jpg
177,SD2.1,2840,SD2.1/SD2.1/test/0_real/entire__sd2__real__000000481581.jpg
177,SD2.1,2841,SD2.1/SD2.1/test/1_fake/entire__sd2__fake__000000096820.jpg
177,SD2.1,2842,SD2.1/SD2.1/test/1_fake/entire__sd2__fake__000000435751.jpg
177,SD2.1,2843,SD2.1/SD2.1/test/1_fake/entire__sd2__fake__000000560624.jpg
178,SD2.1,2844,SD2.1/SD2.1/test/0_real/entire__sd2__real__000000511654.jpg
178,SD2.1,2845,SD2.1/SD2.1/test/1_fake/entire__sd2__fake__000000071485.jpg
178,SD2.1,2846,SD2.1/SD2.1/test/0_real/entire__sd2__real__000000556143.jpg
178,SD2.1,2847,SD2.1/SD2.1/test/0_real/entire__sd2__real__000000326222.jpg
178,SD2.1,2848,SD2.1/SD2.1/test/1_fake/entire__sd2__fake__000000426762.jpg
178,SD2.1,2849,SD2.1/SD2.1/test/1_fake/entire__sd2__fake__000000299768.jpg
178,SD2.1,2850,SD2.1/SD2.1/test/1_fake/entire__sd2__fake__000000159475.jpg
178,SD2.1,2851,SD2.1/SD2.1/test/1_fake/entire__sd2__fake__000000462067.jpg
178,SD2.1,2852,SD2.1/SD2.1/test/0_real/entire__sd2__real__000000579101.jpg
178,SD2.1,2853,SD2.1/SD2.1/test/0_real/entire__sd2__real__000000229733.jpg
178,SD2.1,2854,SD2.1/SD2.1/test/1_fake/entire__sd2__fake__000000206318.jpg
178,SD2.1,2855,SD2.1/SD2.1/test/1_fake/entire__sd2__fake__000000332916.jpg
178,SD2.1,2856,SD2.1/SD2.1/test/1_fake/entire__sd2__fake__000000379018.jpg
178,SD2.1,2857,SD2.1/SD2.1/test/0_real/entire__sd2__real__000000229525.jpg
178,SD2.1,2858,SD2.1/SD2.1/test/1_fake/entire__sd2__fake__000000443363.jpg
178,SD2.1,2859,SD2.1/SD2.1/test/0_real/entire__sd2__real__000000009759.jpg
179,SD2.1,2860,SD2.1/SD2.1/test/1_fake/entire__sd2__fake__000000054959.jpg
179,SD2.1,2861,SD2.1/SD2.1/test/0_real/entire__sd2__real__000000130295.jpg
179,SD2.1,2862,SD2.1/SD2.1/test/1_fake/entire__sd2__fake__000000489939.jpg
179,SD2.1,2863,SD2.1/SD2.1/test/0_real/entire__sd2__real__000000538018.jpg
179,SD2.1,2864,SD2.1/SD2.1/test/0_real/entire__sd2__real__000000399064.jpg
179,SD2.1,2865,SD2.1/SD2.1/test/1_fake/entire__sd2__fake__000000026041.jpg
179,SD2.1,2866,SD2.1/SD2.1/test/1_fake/entire__sd2__fake__000000083670.jpg
179,SD2.1,2867,SD2.1/SD2.1/test/0_real/entire__sd2__real__000000429039.jpg
179,SD2.1,2868,SD2.1/SD2.1/test/1_fake/entire__sd2__fake__000000075905.jpg
179,SD2.1,2869,SD2.1/SD2.1/test/1_fake/entire__sd2__fake__000000422130.jpg
179,SD2.1,2870,SD2.1/SD2.1/test/0_real/entire__sd2__real__000000509415.jpg
179,SD2.1,2871,SD2.1/SD2.1/test/1_fake/entire__sd2__fake__000000063238.jpg
179,SD2.1,2872,SD2.1/SD2.1/test/0_real/entire__sd2__real__000000196046.jpg
179,SD2.1,2873,SD2.1/SD2.1/test/1_fake/entire__sd2__fake__000000093655.jpg
179,SD2.1,2874,SD2.1/SD2.1/test/0_real/entire__sd2__real__000000048376.jpg
179,SD2.1,2875,SD2.1/SD2.1/test/1_fake/entire__sd2__fake__000000032656.jpg
180,SD2.1,2876,SD2.1/SD2.1/test/1_fake/entire__sd2__fake__000000389932.jpg
180,SD2.1,2877,SD2.1/SD2.1/test/0_real/entire__sd2__real__000000093230.jpg
180,SD2.1,2878,SD2.1/SD2.1/test/1_fake/entire__sd2__fake__000000349006.jpg
180,SD2.1,2879,SD2.1/SD2.1/test/0_real/entire__sd2__real__000000103528.jpg
180,SD2.1,2880,SD2.1/SD2.1/test/1_fake/entire__sd2__fake__000000550540.jpg
180,SD2.1,2881,SD2.1/SD2.1/test/1_fake/entire__sd2__fake__000000117119.jpg
180,SD2.1,2882,SD2.1/SD2.1/test/1_fake/entire__sd2__fake__000000274715.jpg
180,SD2.1,2883,SD2.1/SD2.1/test/0_real/entire__sd2__real__000000444350.jpg
180,SD2.1,2884,SD2.1/SD2.1/test/1_fake/entire__sd2__fake__000000223739.jpg
180,SD2.1,2885,SD2.1/SD2.1/test/0_real/entire__sd2__real__000000188445.jpg
180,SD2.1,2886,SD2.1/SD2.1/test/1_fake/entire__sd2__fake__000000168001.jpg
180,SD2.1,2887,SD2.1/SD2.1/test/0_real/entire__sd2__real__000000468792.jpg
180,SD2.1,2888,SD2.1/SD2.1/test/1_fake/entire__sd2__fake__000000389729.jpg
180,SD2.1,2889,SD2.1/SD2.1/test/0_real/entire__sd2__real__000000255115.jpg
180,SD2.1,2890,SD2.1/SD2.1/test/0_real/entire__sd2__real__000000500440.jpg
180,SD2.1,2891,SD2.1/SD2.1/test/1_fake/entire__sd2__fake__000000354392.jpg
181,SD2.1,2892,SD2.1/SD2.1/test/1_fake/entire__sd2__fake__000000237318.jpg
181,SD2.1,2893,SD2.1/SD2.1/test/0_real/entire__sd2__real__000000196660.jpg
181,SD2.1,2894,SD2.1/SD2.1/test/0_real/entire__sd2__real__000000348371.jpg
181,SD2.1,2895,SD2.1/SD2.1/test/0_real/entire__sd2__real__000000266502.jpg
181,SD2.1,2896,SD2.1/SD2.1/test/0_real/entire__sd2__real__000000296464.jpg
181,SD2.1,2897,SD2.1/SD2.1/test/0_real/entire__sd2__real__000000435034.jpg
181,SD2.1,2898,SD2.1/SD2.1/test/0_real/entire__sd2__real__000000153542.jpg
181,SD2.1,2899,SD2.1/SD2.1/test/1_fake/entire__sd2__fake__000000353366.jpg
181,SD2.1,2900,SD2.1/SD2.1/test/0_real/entire__sd2__real__000000219964.jpg
181,SD2.1,2901,SD2.1/SD2.1/test/1_fake/entire__sd2__fake__000000483496.jpg
181,SD2.1,2902,SD2.1/SD2.1/test/1_fake/entire__sd2__fake__000000373783.jpg
181,SD2.1,2903,SD2.1/SD2.1/test/1_fake/entire__sd2__fake__000000429455.jpg
181,SD2.1,2904,SD2.1/SD2.1/test/1_fake/entire__sd2__fake__000000263008.jpg
181,SD2.1,2905,SD2.1/SD2.1/test/1_fake/entire__sd2__fake__000000166003.jpg
181,SD2.1,2906,SD2.1/SD2.1/test/1_fake/entire__sd2__fake__000000156066.jpg
181,SD2.1,2907,SD2.1/SD2.1/test/0_real/entire__sd2__real__000000091928.jpg
182,SD2.1,2908,SD2.1/SD2.1/test/1_fake/entire__sd2__fake__000000154693.jpg
182,SD2.1,2909,SD2.1/SD2.1/test/1_fake/entire__sd2__fake__000000393837.jpg
182,SD2.1,2910,SD2.1/SD2.1/test/1_fake/entire__sd2__fake__000000085657.jpg
182,SD2.1,2911,SD2.1/SD2.1/test/1_fake/entire__sd2__fake__000000119458.jpg
182,SD2.1,2912,SD2.1/SD2.1/test/1_fake/entire__sd2__fake__000000375820.jpg
182,SD2.1,2913,SD2.1/SD2.1/test/1_fake/entire__sd2__fake__000000317216.jpg
182,SD2.1,2914,SD2.1/SD2.1/test/0_real/entire__sd2__real__000000283573.jpg
182,SD2.1,2915,SD2.1/SD2.1/test/0_real/entire__sd2__real__000000309280.jpg
182,SD2.1,2916,SD2.1/SD2.1/test/0_real/entire__sd2__real__000000381333.jpg
182,SD2.1,2917,SD2.1/SD2.1/test/0_real/entire__sd2__real__000000219920.jpg
182,SD2.1,2918,SD2.1/SD2.1/test/0_real/entire__sd2__real__000000026997.jpg
182,SD2.1,2919,SD2.1/SD2.1/test/0_real/entire__sd2__real__000000126814.jpg
182,SD2.1,2920,SD2.1/SD2.1/test/0_real/entire__sd2__real__000000142660.jpg
182,SD2.1,2921,SD2.1/SD2.1/test/1_fake/entire__sd2__fake__000000578331.jpg
182,SD2.1,2922,SD2.1/SD2.1/test/0_real/entire__sd2__real__000000038350.jpg
182,SD2.1,2923,SD2.1/SD2.1/test/0_real/entire__sd2__real__000000000753.jpg
183,SD2.1,2924,SD2.1/SD2.1/test/1_fake/entire__sd2__fake__000000052425.jpg
183,SD2.1,2925,SD2.1/SD2.1/test/0_real/entire__sd2__real__000000550099.jpg
183,SD2.1,2926,SD2.1/SD2.1/test/0_real/entire__sd2__real__000000191758.jpg
183,SD2.1,2927,SD2.1/SD2.1/test/1_fake/entire__sd2__fake__000000517321.jpg
183,SD2.1,2928,SD2.1/SD2.1/test/1_fake/entire__sd2__fake__000000398554.jpg
183,SD2.1,2929,SD2.1/SD2.1/test/0_real/entire__sd2__real__000000164286.jpg
183,SD2.1,2930,SD2.1/SD2.1/test/0_real/entire__sd2__real__000000172910.jpg
183,SD2.1,2931,SD2.1/SD2.1/test/0_real/entire__sd2__real__000000465554.jpg
183,SD2.1,2932,SD2.1/SD2.1/test/1_fake/entire__sd2__fake__000000316612.jpg
183,SD2.1,2933,SD2.1/SD2.1/test/0_real/entire__sd2__real__000000356049.jpg
183,SD2.1,2934,SD2.1/SD2.1/test/1_fake/entire__sd2__fake__000000279241.jpg
183,SD2.1,2935,SD2.1/SD2.1/test/1_fake/entire__sd2__fake__000000550543.jpg
183,SD2.1,2936,SD2.1/SD2.1/test/1_fake/entire__sd2__fake__000000447297.jpg
183,SD2.1,2937,SD2.1/SD2.1/test/1_fake/entire__sd2__fake__000000156204.jpg
183,SD2.1,2938,SD2.1/SD2.1/test/1_fake/entire__sd2__fake__000000102912.jpg
183,SD2.1,2939,SD2.1/SD2.1/test/0_real/entire__sd2__real__000000268881.jpg
184,SD2.1,2940,SD2.1/SD2.1/test/1_fake/entire__sd2__fake__000000208830.jpg
184,SD2.1,2941,SD2.1/SD2.1/test/0_real/entire__sd2__real__000000205531.jpg
184,SD2.1,2942,SD2.1/SD2.1/test/0_real/entire__sd2__real__000000566729.jpg
184,SD2.1,2943,SD2.1/SD2.1/test/1_fake/entire__sd2__fake__000000357743.jpg
184,SD2.1,2944,SD2.1/SD2.1/test/1_fake/entire__sd2__fake__000000317458.jpg
184,SD2.1,2945,SD2.1/SD2.1/test/0_real/entire__sd2__real__000000324036.jpg
184,SD2.1,2946,SD2.1/SD2.1/test/1_fake/entire__sd2__fake__000000320832.jpg
184,SD2.1,2947,SD2.1/SD2.1/test/0_real/entire__sd2__real__000000043917.jpg
184,SD2.1,2948,SD2.1/SD2.1/test/0_real/entire__sd2__real__000000230867.jpg
184,SD2.1,2949,SD2.1/SD2.1/test/1_fake/entire__sd2__fake__000000487880.jpg
184,SD2.1,2950,SD2.1/SD2.1/test/1_fake/entire__sd2__fake__000000278306.jpg
184,SD2.1,2951,SD2.1/SD2.1/test/1_fake/entire__sd2__fake__000000396608.jpg
184,SD2.1,2952,SD2.1/SD2.1/test/0_real/entire__sd2__real__000000406189.jpg
184,SD2.1,2953,SD2.1/SD2.1/test/0_real/entire__sd2__real__000000418034.jpg
184,SD2.1,2954,SD2.1/SD2.1/test/0_real/entire__sd2__real__000000251787.jpg
184,SD2.1,2955,SD2.1/SD2.1/test/0_real/entire__sd2__real__000000099317.jpg
185,SD2.1,2956,SD2.1/SD2.1/test/0_real/entire__sd2__real__000000567444.jpg
185,SD2.1,2957,SD2.1/SD2.1/test/0_real/entire__sd2__real__000000552032.jpg
185,SD2.1,2958,SD2.1/SD2.1/test/0_real/entire__sd2__real__000000117988.jpg
185,SD2.1,2959,SD2.1/SD2.1/test/0_real/entire__sd2__real__000000095113.jpg
185,SD2.1,2960,SD2.1/SD2.1/test/0_real/entire__sd2__real__000000550766.jpg
185,SD2.1,2961,SD2.1/SD2.1/test/0_real/entire__sd2__real__000000275501.jpg
185,SD2.1,2962,SD2.1/SD2.1/test/1_fake/entire__sd2__fake__000000418868.jpg
185,SD2.1,2963,SD2.1/SD2.1/test/0_real/entire__sd2__real__000000187464.jpg
185,SD2.1,2964,SD2.1/SD2.1/test/0_real/entire__sd2__real__000000338197.jpg
185,SD2.1,2965,SD2.1/SD2.1/test/0_real/entire__sd2__real__000000368884.jpg
185,SD2.1,2966,SD2.1/SD2.1/test/0_real/entire__sd2__real__000000058253.jpg
185,SD2.1,2967,SD2.1/SD2.1/test/0_real/entire__sd2__real__000000549836.jpg
185,SD2.1,2968,SD2.1/SD2.1/test/1_fake/entire__sd2__fake__000000285296.jpg
185,SD2.1,2969,SD2.1/SD2.1/test/0_real/entire__sd2__real__000000451331.jpg
185,SD2.1,2970,SD2.1/SD2.1/test/0_real/entire__sd2__real__000000114653.jpg
185,SD2.1,2971,SD2.1/SD2.1/test/1_fake/entire__sd2__fake__000000005589.jpg
186,SD2.1,2972,SD2.1/SD2.1/test/0_real/entire__sd2__real__000000552585.jpg
186,SD2.1,2973,SD2.1/SD2.1/test/1_fake/entire__sd2__fake__000000151756.jpg
186,SD2.1,2974,SD2.1/SD2.1/test/1_fake/entire__sd2__fake__000000046467.jpg
186,SD2.1,2975,SD2.1/SD2.1/test/1_fake/entire__sd2__fake__000000347866.jpg
186,SD2.1,2976,SD2.1/SD2.1/test/1_fake/entire__sd2__fake__000000140867.jpg
186,SD2.1,2977,SD2.1/SD2.1/test/1_fake/entire__sd2__fake__000000239984.jpg
186,SD2.1,2978,SD2.1/SD2.1/test/1_fake/entire__sd2__fake__000000056938.jpg
186,SD2.1,2979,SD2.1/SD2.1/test/1_fake/entire__sd2__fake__000000080408.jpg
186,SD2.1,2980,SD2.1/SD2.1/test/1_fake/entire__sd2__fake__000000122266.jpg
186,SD2.1,2981,SD2.1/SD2.1/test/0_real/entire__sd2__real__000000278243.jpg
186,SD2.1,2982,SD2.1/SD2.1/test/1_fake/entire__sd2__fake__000000095441.jpg
186,SD2.1,2983,SD2.1/SD2.1/test/1_fake/entire__sd2__fake__000000287960.jpg
186,SD2.1,2984,SD2.1/SD2.1/test/0_real/entire__sd2__real__000000536842.jpg
186,SD2.1,2985,SD2.1/SD2.1/test/1_fake/entire__sd2__fake__000000290201.jpg
186,SD2.1,2986,SD2.1/SD2.1/test/1_fake/entire__sd2__fake__000000035864.jpg
186,SD2.1,2987,SD2.1/SD2.1/test/1_fake/entire__sd2__fake__000000216449.jpg
187,SD2.1,2988,SD2.1/SD2.1/test/0_real/entire__sd2__real__000000048273.jpg
187,SD2.1,2989,SD2.1/SD2.1/test/1_fake/entire__sd2__fake__000000068128.jpg
187,SD2.1,2990,SD2.1/SD2.1/test/1_fake/entire__sd2__fake__000000531944.jpg
187,SD2.1,2991,SD2.1/SD2.1/test/0_real/entire__sd2__real__000000565081.jpg
187,SD2.1,2992,SD2.1/SD2.1/test/0_real/entire__sd2__real__000000289949.jpg
187,SD2.1,2993,SD2.1/SD2.1/test/0_real/entire__sd2__real__000000481391.jpg
187,SD2.1,2994,SD2.1/SD2.1/test/0_real/entire__sd2__real__000000284925.jpg
187,SD2.1,2995,SD2.1/SD2.1/test/1_fake/entire__sd2__fake__000000501762.jpg
187,SD2.1,2996,SD2.1/SD2.1/test/0_real/entire__sd2__real__000000328217.jpg
187,SD2.1,2997,SD2.1/SD2.1/test/0_real/entire__sd2__real__000000517321.jpg
187,SD2.1,2998,SD2.1/SD2.1/test/0_real/entire__sd2__real__000000445135.jpg
187,SD2.1,2999,SD2.1/SD2.1/test/0_real/entire__sd2__real__000000188965.jpg
188,SDXL,3000,SDXL/SDXL/test/1_fake/entire__sdxl__fake__000000396194.jpg
188,SDXL,3001,SDXL/SDXL/test/1_fake/entire__sdxl__fake__000000049881.jpg
188,SDXL,3002,SDXL/SDXL/test/1_fake/entire__sdxl__fake__000000105110.jpg
188,SDXL,3003,SDXL/SDXL/test/0_real/entire__sdxl__real__000000242564.jpg
188,SDXL,3004,SDXL/SDXL/test/0_real/entire__sdxl__real__000000004970.jpg
188,SDXL,3005,SDXL/SDXL/test/1_fake/entire__sdxl__fake__000000127170.jpg
188,SDXL,3006,SDXL/SDXL/test/1_fake/entire__sdxl__fake__000000295329.jpg
188,SDXL,3007,SDXL/SDXL/test/0_real/entire__sdxl__real__000000504980.jpg
188,SDXL,3008,SDXL/SDXL/test/0_real/entire__sdxl__real__000000336872.jpg
188,SDXL,3009,SDXL/SDXL/test/1_fake/entire__sdxl__fake__000000024100.jpg
188,SDXL,3010,SDXL/SDXL/test/0_real/entire__sdxl__real__000000175655.jpg
188,SDXL,3011,SDXL/SDXL/test/1_fake/entire__sdxl__fake__000000029465.jpg
188,SDXL,3012,SDXL/SDXL/test/0_real/entire__sdxl__real__000000137273.jpg
188,SDXL,3013,SDXL/SDXL/test/1_fake/entire__sdxl__fake__000000417570.jpg
188,SDXL,3014,SDXL/SDXL/test/1_fake/entire__sdxl__fake__000000320144.jpg
188,SDXL,3015,SDXL/SDXL/test/1_fake/entire__sdxl__fake__000000409247.jpg
189,SDXL,3016,SDXL/SDXL/test/1_fake/entire__sdxl__fake__000000055050.jpg
189,SDXL,3017,SDXL/SDXL/test/0_real/entire__sdxl__real__000000459670.jpg
189,SDXL,3018,SDXL/SDXL/test/0_real/entire__sdxl__real__000000410655.jpg
189,SDXL,3019,SDXL/SDXL/test/0_real/entire__sdxl__real__000000322971.jpg
189,SDXL,3020,SDXL/SDXL/test/0_real/entire__sdxl__real__000000443752.jpg
189,SDXL,3021,SDXL/SDXL/test/0_real/entire__sdxl__real__000000032322.jpg
189,SDXL,3022,SDXL/SDXL/test/1_fake/entire__sdxl__fake__000000041588.jpg
189,SDXL,3023,SDXL/SDXL/test/0_real/entire__sdxl__real__000000115365.jpg
189,SDXL,3024,SDXL/SDXL/test/0_real/entire__sdxl__real__000000062324.jpg
189,SDXL,3025,SDXL/SDXL/test/0_real/entire__sdxl__real__000000509255.jpg
189,SDXL,3026,SDXL/SDXL/test/0_real/entire__sdxl__real__000000135251.jpg
189,SDXL,3027,SDXL/SDXL/test/1_fake/entire__sdxl__fake__000000579206.jpg
189,SDXL,3028,SDXL/SDXL/test/0_real/entire__sdxl__real__000000129832.jpg
189,SDXL,3029,SDXL/SDXL/test/1_fake/entire__sdxl__fake__000000493321.jpg
189,SDXL,3030,SDXL/SDXL/test/1_fake/entire__sdxl__fake__000000266917.jpg
189,SDXL,3031,SDXL/SDXL/test/0_real/entire__sdxl__real__000000391179.jpg
190,SDXL,3032,SDXL/SDXL/test/0_real/entire__sdxl__real__000000096685.jpg
190,SDXL,3033,SDXL/SDXL/test/1_fake/entire__sdxl__fake__000000142153.jpg
190,SDXL,3034,SDXL/SDXL/test/1_fake/entire__sdxl__fake__000000073549.jpg
190,SDXL,3035,SDXL/SDXL/test/0_real/entire__sdxl__real__000000505738.jpg
190,SDXL,3036,SDXL/SDXL/test/0_real/entire__sdxl__real__000000330516.jpg
190,SDXL,3037,SDXL/SDXL/test/1_fake/entire__sdxl__fake__000000006957.jpg
190,SDXL,3038,SDXL/SDXL/test/0_real/entire__sdxl__real__000000577623.jpg
190,SDXL,3039,SDXL/SDXL/test/0_real/entire__sdxl__real__000000399628.jpg
190,SDXL,3040,SDXL/SDXL/test/1_fake/entire__sdxl__fake__000000171335.jpg
190,SDXL,3041,SDXL/SDXL/test/0_real/entire__sdxl__real__000000539072.jpg
190,SDXL,3042,SDXL/SDXL/test/1_fake/entire__sdxl__fake__000000464859.jpg
190,SDXL,3043,SDXL/SDXL/test/0_real/entire__sdxl__real__000000043576.jpg
190,SDXL,3044,SDXL/SDXL/test/1_fake/entire__sdxl__fake__000000202388.jpg
190,SDXL,3045,SDXL/SDXL/test/1_fake/entire__sdxl__fake__000000223626.jpg
190,SDXL,3046,SDXL/SDXL/test/0_real/entire__sdxl__real__000000471790.jpg
190,SDXL,3047,SDXL/SDXL/test/1_fake/entire__sdxl__fake__000000336230.jpg
191,SDXL,3048,SDXL/SDXL/test/0_real/entire__sdxl__real__000000203370.jpg
191,SDXL,3049,SDXL/SDXL/test/0_real/entire__sdxl__real__000000151115.jpg
191,SDXL,3050,SDXL/SDXL/test/1_fake/entire__sdxl__fake__000000542342.jpg
191,SDXL,3051,SDXL/SDXL/test/1_fake/entire__sdxl__fake__000000372303.jpg
191,SDXL,3052,SDXL/SDXL/test/1_fake/entire__sdxl__fake__000000151783.jpg
191,SDXL,3053,SDXL/SDXL/test/1_fake/entire__sdxl__fake__000000369561.jpg
191,SDXL,3054,SDXL/SDXL/test/1_fake/entire__sdxl__fake__000000570390.jpg
191,SDXL,3055,SDXL/SDXL/test/1_fake/entire__sdxl__fake__000000013473.jpg
191,SDXL,3056,SDXL/SDXL/test/1_fake/entire__sdxl__fake__000000443509.jpg
191,SDXL,3057,SDXL/SDXL/test/1_fake/entire__sdxl__fake__000000199577.jpg
191,SDXL,3058,SDXL/SDXL/test/1_fake/entire__sdxl__fake__000000123532.jpg
191,SDXL,3059,SDXL/SDXL/test/1_fake/entire__sdxl__fake__000000543517.jpg
191,SDXL,3060,SDXL/SDXL/test/1_fake/entire__sdxl__fake__000000224695.jpg
191,SDXL,3061,SDXL/SDXL/test/1_fake/entire__sdxl__fake__000000575534.jpg
191,SDXL,3062,SDXL/SDXL/test/0_real/entire__sdxl__real__000000077039.jpg
191,SDXL,3063,SDXL/SDXL/test/0_real/entire__sdxl__real__000000269280.jpg
192,SDXL,3064,SDXL/SDXL/test/0_real/entire__sdxl__real__000000167862.jpg
192,SDXL,3065,SDXL/SDXL/test/1_fake/entire__sdxl__fake__000000468197.jpg
192,SDXL,3066,SDXL/SDXL/test/1_fake/entire__sdxl__fake__000000356937.jpg
192,SDXL,3067,SDXL/SDXL/test/1_fake/entire__sdxl__fake__000000147442.jpg
192,SDXL,3068,SDXL/SDXL/test/1_fake/entire__sdxl__fake__000000580541.jpg
192,SDXL,3069,SDXL/SDXL/test/1_fake/entire__sdxl__fake__000000292243.jpg
192,SDXL,3070,SDXL/SDXL/test/0_real/entire__sdxl__real__000000301574.jpg
192,SDXL,3071,SDXL/SDXL/test/1_fake/entire__sdxl__fake__000000389474.jpg
192,SDXL,3072,SDXL/SDXL/test/1_fake/entire__sdxl__fake__000000295916.jpg
192,SDXL,3073,SDXL/SDXL/test/1_fake/entire__sdxl__fake__000000127474.jpg
192,SDXL,3074,SDXL/SDXL/test/0_real/entire__sdxl__real__000000197118.jpg
192,SDXL,3075,SDXL/SDXL/test/1_fake/entire__sdxl__fake__000000259187.jpg
192,SDXL,3076,SDXL/SDXL/test/0_real/entire__sdxl__real__000000129725.jpg
192,SDXL,3077,SDXL/SDXL/test/1_fake/entire__sdxl__fake__000000397678.jpg
192,SDXL,3078,SDXL/SDXL/test/1_fake/entire__sdxl__fake__000000366268.jpg
192,SDXL,3079,SDXL/SDXL/test/1_fake/entire__sdxl__fake__000000220115.jpg
193,SDXL,3080,SDXL/SDXL/test/0_real/entire__sdxl__real__000000095247.jpg
193,SDXL,3081,SDXL/SDXL/test/1_fake/entire__sdxl__fake__000000007040.jpg
193,SDXL,3082,SDXL/SDXL/test/0_real/entire__sdxl__real__000000405756.jpg
193,SDXL,3083,SDXL/SDXL/test/1_fake/entire__sdxl__fake__000000163829.jpg
193,SDXL,3084,SDXL/SDXL/test/1_fake/entire__sdxl__fake__000000030565.jpg
193,SDXL,3085,SDXL/SDXL/test/1_fake/entire__sdxl__fake__000000394089.jpg
193,SDXL,3086,SDXL/SDXL/test/1_fake/entire__sdxl__fake__000000128670.jpg
193,SDXL,3087,SDXL/SDXL/test/1_fake/entire__sdxl__fake__000000134841.jpg
193,SDXL,3088,SDXL/SDXL/test/1_fake/entire__sdxl__fake__000000231572.jpg
193,SDXL,3089,SDXL/SDXL/test/0_real/entire__sdxl__real__000000042529.jpg
193,SDXL,3090,SDXL/SDXL/test/0_real/entire__sdxl__real__000000581181.jpg
193,SDXL,3091,SDXL/SDXL/test/0_real/entire__sdxl__real__000000483401.jpg
193,SDXL,3092,SDXL/SDXL/test/0_real/entire__sdxl__real__000000507535.jpg
193,SDXL,3093,SDXL/SDXL/test/0_real/entire__sdxl__real__000000484498.jpg
193,SDXL,3094,SDXL/SDXL/test/1_fake/entire__sdxl__fake__000000353915.jpg
193,SDXL,3095,SDXL/SDXL/test/1_fake/entire__sdxl__fake__000000233543.jpg
194,SDXL,3096,SDXL/SDXL/test/1_fake/entire__sdxl__fake__000000060170.jpg
194,SDXL,3097,SDXL/SDXL/test/0_real/entire__sdxl__real__000000445002.jpg
194,SDXL,3098,SDXL/SDXL/test/1_fake/entire__sdxl__fake__000000234734.jpg
194,SDXL,3099,SDXL/SDXL/test/1_fake/entire__sdxl__fake__000000183788.jpg
194,SDXL,3100,SDXL/SDXL/test/1_fake/entire__sdxl__fake__000000526601.jpg
194,SDXL,3101,SDXL/SDXL/test/0_real/entire__sdxl__real__000000120767.jpg
194,SDXL,3102,SDXL/SDXL/test/0_real/entire__sdxl__real__000000292135.jpg
194,SDXL,3103,SDXL/SDXL/test/0_real/entire__sdxl__real__000000194530.jpg
194,SDXL,3104,SDXL/SDXL/test/0_real/entire__sdxl__real__000000094046.jpg
194,SDXL,3105,SDXL/SDXL/test/0_real/entire__sdxl__real__000000288712.jpg
194,SDXL,3106,SDXL/SDXL/test/0_real/entire__sdxl__real__000000029128.jpg
194,SDXL,3107,SDXL/SDXL/test/1_fake/entire__sdxl__fake__000000123788.jpg
194,SDXL,3108,SDXL/SDXL/test/0_real/entire__sdxl__real__000000092840.jpg
194,SDXL,3109,SDXL/SDXL/test/1_fake/entire__sdxl__fake__000000118299.jpg
194,SDXL,3110,SDXL/SDXL/test/0_real/entire__sdxl__real__000000246863.jpg
194,SDXL,3111,SDXL/SDXL/test/1_fake/entire__sdxl__fake__000000015908.jpg
195,SDXL,3112,SDXL/SDXL/test/1_fake/entire__sdxl__fake__000000150372.jpg
195,SDXL,3113,SDXL/SDXL/test/1_fake/entire__sdxl__fake__000000435267.jpg
195,SDXL,3114,SDXL/SDXL/test/1_fake/entire__sdxl__fake__000000137120.jpg
195,SDXL,3115,SDXL/SDXL/test/0_real/entire__sdxl__real__000000024207.jpg
195,SDXL,3116,SDXL/SDXL/test/0_real/entire__sdxl__real__000000416258.jpg
195,SDXL,3117,SDXL/SDXL/test/1_fake/entire__sdxl__fake__000000549098.jpg
195,SDXL,3118,SDXL/SDXL/test/0_real/entire__sdxl__real__000000037826.jpg
195,SDXL,3119,SDXL/SDXL/test/0_real/entire__sdxl__real__000000009451.jpg
195,SDXL,3120,SDXL/SDXL/test/1_fake/entire__sdxl__fake__000000451101.jpg
195,SDXL,3121,SDXL/SDXL/test/1_fake/entire__sdxl__fake__000000401196.jpg
195,SDXL,3122,SDXL/SDXL/test/1_fake/entire__sdxl__fake__000000315384.jpg
195,SDXL,3123,SDXL/SDXL/test/0_real/entire__sdxl__real__000000428148.jpg
195,SDXL,3124,SDXL/SDXL/test/1_fake/entire__sdxl__fake__000000285068.jpg
195,SDXL,3125,SDXL/SDXL/test/1_fake/entire__sdxl__fake__000000236866.jpg
195,SDXL,3126,SDXL/SDXL/test/0_real/entire__sdxl__real__000000340758.jpg
195,SDXL,3127,SDXL/SDXL/test/1_fake/entire__sdxl__fake__000000203846.jpg
196,SDXL,3128,SDXL/SDXL/test/0_real/entire__sdxl__real__000000363605.jpg
196,SDXL,3129,SDXL/SDXL/test/1_fake/entire__sdxl__fake__000000278763.jpg
196,SDXL,3130,SDXL/SDXL/test/0_real/entire__sdxl__real__000000468818.jpg
196,SDXL,3131,SDXL/SDXL/test/1_fake/entire__sdxl__fake__000000250498.jpg
196,SDXL,3132,SDXL/SDXL/test/0_real/entire__sdxl__real__000000122998.jpg
196,SDXL,3133,SDXL/SDXL/test/0_real/entire__sdxl__real__000000359707.jpg
196,SDXL,3134,SDXL/SDXL/test/1_fake/entire__sdxl__fake__000000555772.jpg
196,SDXL,3135,SDXL/SDXL/test/0_real/entire__sdxl__real__000000419534.jpg
196,SDXL,3136,SDXL/SDXL/test/1_fake/entire__sdxl__fake__000000162753.jpg
196,SDXL,3137,SDXL/SDXL/test/1_fake/entire__sdxl__fake__000000374043.jpg
196,SDXL,3138,SDXL/SDXL/test/0_real/entire__sdxl__real__000000198658.jpg
196,SDXL,3139,SDXL/SDXL/test/0_real/entire__sdxl__real__000000494940.jpg
196,SDXL,3140,SDXL/SDXL/test/1_fake/entire__sdxl__fake__000000370505.jpg
196,SDXL,3141,SDXL/SDXL/test/0_real/entire__sdxl__real__000000548420.jpg
196,SDXL,3142,SDXL/SDXL/test/0_real/entire__sdxl__real__000000221615.jpg
196,SDXL,3143,SDXL/SDXL/test/0_real/entire__sdxl__real__000000413871.jpg
197,SDXL,3144,SDXL/SDXL/test/0_real/entire__sdxl__real__000000127454.jpg
197,SDXL,3145,SDXL/SDXL/test/0_real/entire__sdxl__real__000000378611.jpg
197,SDXL,3146,SDXL/SDXL/test/0_real/entire__sdxl__real__000000090810.jpg
197,SDXL,3147,SDXL/SDXL/test/0_real/entire__sdxl__real__000000393795.jpg
197,SDXL,3148,SDXL/SDXL/test/1_fake/entire__sdxl__fake__000000512982.jpg
197,SDXL,3149,SDXL/SDXL/test/1_fake/entire__sdxl__fake__000000341513.jpg
197,SDXL,3150,SDXL/SDXL/test/0_real/entire__sdxl__real__000000149060.jpg
197,SDXL,3151,SDXL/SDXL/test/1_fake/entire__sdxl__fake__000000060167.jpg
197,SDXL,3152,SDXL/SDXL/test/1_fake/entire__sdxl__fake__000000533217.jpg
197,SDXL,3153,SDXL/SDXL/test/1_fake/entire__sdxl__fake__000000144453.jpg
197,SDXL,3154,SDXL/SDXL/test/0_real/entire__sdxl__real__000000349475.jpg
197,SDXL,3155,SDXL/SDXL/test/1_fake/entire__sdxl__fake__000000344498.jpg
197,SDXL,3156,SDXL/SDXL/test/1_fake/entire__sdxl__fake__000000095363.jpg
197,SDXL,3157,SDXL/SDXL/test/1_fake/entire__sdxl__fake__000000537211.jpg
197,SDXL,3158,SDXL/SDXL/test/0_real/entire__sdxl__real__000000264170.jpg
197,SDXL,3159,SDXL/SDXL/test/0_real/entire__sdxl__real__000000318708.jpg
198,SDXL,3160,SDXL/SDXL/test/0_real/entire__sdxl__real__000000013967.jpg
198,SDXL,3161,SDXL/SDXL/test/0_real/entire__sdxl__real__000000220367.jpg
198,SDXL,3162,SDXL/SDXL/test/0_real/entire__sdxl__real__000000569255.jpg
198,SDXL,3163,SDXL/SDXL/test/0_real/entire__sdxl__real__000000496525.jpg
198,SDXL,3164,SDXL/SDXL/test/0_real/entire__sdxl__real__000000032700.jpg
198,SDXL,3165,SDXL/SDXL/test/0_real/entire__sdxl__real__000000420066.jpg
198,SDXL,3166,SDXL/SDXL/test/0_real/entire__sdxl__real__000000199639.jpg
198,SDXL,3167,SDXL/SDXL/test/0_real/entire__sdxl__real__000000404785.jpg
198,SDXL,3168,SDXL/SDXL/test/0_real/entire__sdxl__real__000000465324.jpg
198,SDXL,3169,SDXL/SDXL/test/0_real/entire__sdxl__real__000000368825.jpg
198,SDXL,3170,SDXL/SDXL/test/0_real/entire__sdxl__real__000000222475.jpg
198,SDXL,3171,SDXL/SDXL/test/0_real/entire__sdxl__real__000000524049.jpg
198,SDXL,3172,SDXL/SDXL/test/0_real/entire__sdxl__real__000000345172.jpg
198,SDXL,3173,SDXL/SDXL/test/1_fake/entire__sdxl__fake__000000329948.jpg
198,SDXL,3174,SDXL/SDXL/test/0_real/entire__sdxl__real__000000453903.jpg
198,SDXL,3175,SDXL/SDXL/test/0_real/entire__sdxl__real__000000315986.jpg
199,SDXL,3176,SDXL/SDXL/test/0_real/entire__sdxl__real__000000003602.jpg
199,SDXL,3177,SDXL/SDXL/test/1_fake/entire__sdxl__fake__000000386945.jpg
199,SDXL,3178,SDXL/SDXL/test/1_fake/entire__sdxl__fake__000000249470.jpg
199,SDXL,3179,SDXL/SDXL/test/0_real/entire__sdxl__real__000000377837.jpg
199,SDXL,3180,SDXL/SDXL/test/0_real/entire__sdxl__real__000000199572.jpg
199,SDXL,3181,SDXL/SDXL/test/1_fake/entire__sdxl__fake__000000215863.jpg
199,SDXL,3182,SDXL/SDXL/test/1_fake/entire__sdxl__fake__000000277161.jpg
199,SDXL,3183,SDXL/SDXL/test/0_real/entire__sdxl__real__000000356783.jpg
199,SDXL,3184,SDXL/SDXL/test/1_fake/entire__sdxl__fake__000000412762.jpg
199,SDXL,3185,SDXL/SDXL/test/0_real/entire__sdxl__real__000000088567.jpg
199,SDXL,3186,SDXL/SDXL/test/0_real/entire__sdxl__real__000000194842.jpg
199,SDXL,3187,SDXL/SDXL/test/1_fake/entire__sdxl__fake__000000077648.jpg
199,SDXL,3188,SDXL/SDXL/test/1_fake/entire__sdxl__fake__000000348042.jpg
199,SDXL,3189,SDXL/SDXL/test/0_real/entire__sdxl__real__000000350262.jpg
199,SDXL,3190,SDXL/SDXL/test/1_fake/entire__sdxl__fake__000000349936.jpg
199,SDXL,3191,SDXL/SDXL/test/0_real/entire__sdxl__real__000000162164.jpg
200,SDXL,3192,SDXL/SDXL/test/0_real/entire__sdxl__real__000000579002.jpg
200,SDXL,3193,SDXL/SDXL/test/0_real/entire__sdxl__real__000000069777.jpg
200,SDXL,3194,SDXL/SDXL/test/0_real/entire__sdxl__real__000000268268.jpg
200,SDXL,3195,SDXL/SDXL/test/1_fake/entire__sdxl__fake__000000543155.jpg
200,SDXL,3196,SDXL/SDXL/test/0_real/entire__sdxl__real__000000077477.jpg
200,SDXL,3197,SDXL/SDXL/test/1_fake/entire__sdxl__fake__000000567219.jpg
200,SDXL,3198,SDXL/SDXL/test/0_real/entire__sdxl__real__000000215549.jpg
200,SDXL,3199,SDXL/SDXL/test/0_real/entire__sdxl__real__000000453548.jpg
200,SDXL,3200,SDXL/SDXL/test/0_real/entire__sdxl__real__000000356863.jpg
200,SDXL,3201,SDXL/SDXL/test/1_fake/entire__sdxl__fake__000000446223.jpg
200,SDXL,3202,SDXL/SDXL/test/0_real/entire__sdxl__real__000000059573.jpg
200,SDXL,3203,SDXL/SDXL/test/1_fake/entire__sdxl__fake__000000360899.jpg
200,SDXL,3204,SDXL/SDXL/test/1_fake/entire__sdxl__fake__000000340733.jpg
200,SDXL,3205,SDXL/SDXL/test/1_fake/entire__sdxl__fake__000000414381.jpg
200,SDXL,3206,SDXL/SDXL/test/1_fake/entire__sdxl__fake__000000108301.jpg
200,SDXL,3207,SDXL/SDXL/test/0_real/entire__sdxl__real__000000288000.jpg
201,SDXL,3208,SDXL/SDXL/test/1_fake/entire__sdxl__fake__000000521419.jpg
201,SDXL,3209,SDXL/SDXL/test/1_fake/entire__sdxl__fake__000000529590.jpg
201,SDXL,3210,SDXL/SDXL/test/1_fake/entire__sdxl__fake__000000312054.jpg
201,SDXL,3211,SDXL/SDXL/test/1_fake/entire__sdxl__fake__000000408846.jpg
201,SDXL,3212,SDXL/SDXL/test/1_fake/entire__sdxl__fake__000000250385.jpg
201,SDXL,3213,SDXL/SDXL/test/1_fake/entire__sdxl__fake__000000536437.jpg
201,SDXL,3214,SDXL/SDXL/test/0_real/entire__sdxl__real__000000443522.jpg
201,SDXL,3215,SDXL/SDXL/test/0_real/entire__sdxl__real__000000310753.jpg
201,SDXL,3216,SDXL/SDXL/test/1_fake/entire__sdxl__fake__000000193709.jpg
201,SDXL,3217,SDXL/SDXL/test/0_real/entire__sdxl__real__000000355462.jpg
201,SDXL,3218,SDXL/SDXL/test/0_real/entire__sdxl__real__000000375325.jpg
201,SDXL,3219,SDXL/SDXL/test/1_fake/entire__sdxl__fake__000000063689.jpg
201,SDXL,3220,SDXL/SDXL/test/1_fake/entire__sdxl__fake__000000044093.jpg
201,SDXL,3221,SDXL/SDXL/test/0_real/entire__sdxl__real__000000171536.jpg
201,SDXL,3222,SDXL/SDXL/test/0_real/entire__sdxl__real__000000397786.jpg
201,SDXL,3223,SDXL/SDXL/test/0_real/entire__sdxl__real__000000082150.jpg
202,SDXL,3224,SDXL/SDXL/test/1_fake/entire__sdxl__fake__000000421145.jpg
202,SDXL,3225,SDXL/SDXL/test/1_fake/entire__sdxl__fake__000000295408.jpg
202,SDXL,3226,SDXL/SDXL/test/1_fake/entire__sdxl__fake__000000011320.jpg
202,SDXL,3227,SDXL/SDXL/test/1_fake/entire__sdxl__fake__000000284252.jpg
202,SDXL,3228,SDXL/SDXL/test/1_fake/entire__sdxl__fake__000000464526.jpg
202,SDXL,3229,SDXL/SDXL/test/1_fake/entire__sdxl__fake__000000494438.jpg
202,SDXL,3230,SDXL/SDXL/test/1_fake/entire__sdxl__fake__000000032458.jpg
202,SDXL,3231,SDXL/SDXL/test/1_fake/entire__sdxl__fake__000000184518.jpg
202,SDXL,3232,SDXL/SDXL/test/1_fake/entire__sdxl__fake__000000474711.jpg
202,SDXL,3233,SDXL/SDXL/test/0_real/entire__sdxl__real__000000484488.jpg
202,SDXL,3234,SDXL/SDXL/test/1_fake/entire__sdxl__fake__000000072203.jpg
202,SDXL,3235,SDXL/SDXL/test/1_fake/entire__sdxl__fake__000000184684.jpg
202,SDXL,3236,SDXL/SDXL/test/1_fake/entire__sdxl__fake__000000497244.jpg
202,SDXL,3237,SDXL/SDXL/test/1_fake/entire__sdxl__fake__000000526132.jpg
202,SDXL,3238,SDXL/SDXL/test/1_fake/entire__sdxl__fake__000000011538.jpg
202,SDXL,3239,SDXL/SDXL/test/0_real/entire__sdxl__real__000000276317.jpg
203,SDXL,3240,SDXL/SDXL/test/0_real/entire__sdxl__real__000000269827.jpg
203,SDXL,3241,SDXL/SDXL/test/1_fake/entire__sdxl__fake__000000444373.jpg
203,SDXL,3242,SDXL/SDXL/test/0_real/entire__sdxl__real__000000235469.jpg
203,SDXL,3243,SDXL/SDXL/test/0_real/entire__sdxl__real__000000287029.jpg
203,SDXL,3244,SDXL/SDXL/test/1_fake/entire__sdxl__fake__000000034389.jpg
203,SDXL,3245,SDXL/SDXL/test/1_fake/entire__sdxl__fake__000000361593.jpg
203,SDXL,3246,SDXL/SDXL/test/0_real/entire__sdxl__real__000000553308.jpg
203,SDXL,3247,SDXL/SDXL/test/0_real/entire__sdxl__real__000000510365.jpg
203,SDXL,3248,SDXL/SDXL/test/0_real/entire__sdxl__real__000000212591.jpg
203,SDXL,3249,SDXL/SDXL/test/1_fake/entire__sdxl__fake__000000380732.jpg
203,SDXL,3250,SDXL/SDXL/test/0_real/entire__sdxl__real__000000476230.jpg
203,SDXL,3251,SDXL/SDXL/test/1_fake/entire__sdxl__fake__000000577623.jpg
203,SDXL,3252,SDXL/SDXL/test/1_fake/entire__sdxl__fake__000000131487.jpg
203,SDXL,3253,SDXL/SDXL/test/0_real/entire__sdxl__real__000000128670.jpg
203,SDXL,3254,SDXL/SDXL/test/0_real/entire__sdxl__real__000000241527.jpg
203,SDXL,3255,SDXL/SDXL/test/1_fake/entire__sdxl__fake__000000205234.jpg
204,SDXL,3256,SDXL/SDXL/test/0_real/entire__sdxl__real__000000398567.jpg
204,SDXL,3257,SDXL/SDXL/test/0_real/entire__sdxl__real__000000064562.jpg
204,SDXL,3258,SDXL/SDXL/test/1_fake/entire__sdxl__fake__000000500533.jpg
204,SDXL,3259,SDXL/SDXL/test/1_fake/entire__sdxl__fake__000000357881.jpg
204,SDXL,3260,SDXL/SDXL/test/0_real/entire__sdxl__real__000000443497.jpg
204,SDXL,3261,SDXL/SDXL/test/0_real/entire__sdxl__real__000000264554.jpg
204,SDXL,3262,SDXL/SDXL/test/0_real/entire__sdxl__real__000000566262.jpg
204,SDXL,3263,SDXL/SDXL/test/0_real/entire__sdxl__real__000000500100.jpg
204,SDXL,3264,SDXL/SDXL/test/0_real/entire__sdxl__real__000000148924.jpg
204,SDXL,3265,SDXL/SDXL/test/1_fake/entire__sdxl__fake__000000532106.jpg
204,SDXL,3266,SDXL/SDXL/test/1_fake/entire__sdxl__fake__000000276673.jpg
204,SDXL,3267,SDXL/SDXL/test/0_real/entire__sdxl__real__000000276336.jpg
204,SDXL,3268,SDXL/SDXL/test/1_fake/entire__sdxl__fake__000000250588.jpg
204,SDXL,3269,SDXL/SDXL/test/0_real/entire__sdxl__real__000000555020.jpg
204,SDXL,3270,SDXL/SDXL/test/1_fake/entire__sdxl__fake__000000328403.jpg
204,SDXL,3271,SDXL/SDXL/test/1_fake/entire__sdxl__fake__000000165200.jpg
205,SDXL,3272,SDXL/SDXL/test/0_real/entire__sdxl__real__000000340139.jpg
205,SDXL,3273,SDXL/SDXL/test/1_fake/entire__sdxl__fake__000000169589.jpg
205,SDXL,3274,SDXL/SDXL/test/0_real/entire__sdxl__real__000000397678.jpg
205,SDXL,3275,SDXL/SDXL/test/0_real/entire__sdxl__real__000000365404.jpg
205,SDXL,3276,SDXL/SDXL/test/1_fake/entire__sdxl__fake__000000122493.jpg
205,SDXL,3277,SDXL/SDXL/test/1_fake/entire__sdxl__fake__000000091796.jpg
205,SDXL,3278,SDXL/SDXL/test/1_fake/entire__sdxl__fake__000000438439.jpg
205,SDXL,3279,SDXL/SDXL/test/0_real/entire__sdxl__real__000000188850.jpg
205,SDXL,3280,SDXL/SDXL/test/1_fake/entire__sdxl__fake__000000429586.jpg
205,SDXL,3281,SDXL/SDXL/test/0_real/entire__sdxl__real__000000299930.jpg
205,SDXL,3282,SDXL/SDXL/test/0_real/entire__sdxl__real__000000122825.jpg
205,SDXL,3283,SDXL/SDXL/test/0_real/entire__sdxl__real__000000001822.jpg
205,SDXL,3284,SDXL/SDXL/test/0_real/entire__sdxl__real__000000479396.jpg
205,SDXL,3285,SDXL/SDXL/test/0_real/entire__sdxl__real__000000308798.jpg
205,SDXL,3286,SDXL/SDXL/test/1_fake/entire__sdxl__fake__000000422382.jpg
205,SDXL,3287,SDXL/SDXL/test/0_real/entire__sdxl__real__000000475883.jpg
206,SDXL,3288,SDXL/SDXL/test/0_real/entire__sdxl__real__000000131225.jpg
206,SDXL,3289,SDXL/SDXL/test/0_real/entire__sdxl__real__000000394608.jpg
206,SDXL,3290,SDXL/SDXL/test/1_fake/entire__sdxl__fake__000000245013.jpg
206,SDXL,3291,SDXL/SDXL/test/0_real/entire__sdxl__real__000000569511.jpg
206,SDXL,3292,SDXL/SDXL/test/1_fake/entire__sdxl__fake__000000520325.jpg
206,SDXL,3293,SDXL/SDXL/test/1_fake/entire__sdxl__fake__000000309386.jpg
206,SDXL,3294,SDXL/SDXL/test/0_real/entire__sdxl__real__000000437440.jpg
206,SDXL,3295,SDXL/SDXL/test/0_real/entire__sdxl__real__000000578627.jpg
206,SDXL,3296,SDXL/SDXL/test/0_real/entire__sdxl__real__000000124141.jpg
206,SDXL,3297,SDXL/SDXL/test/1_fake/entire__sdxl__fake__000000313134.jpg
206,SDXL,3298,SDXL/SDXL/test/0_real/entire__sdxl__real__000000497076.jpg
206,SDXL,3299,SDXL/SDXL/test/0_real/entire__sdxl__real__000000401816.jpg
206,SDXL,3300,SDXL/SDXL/test/0_real/entire__sdxl__real__000000220344.jpg
206,SDXL,3301,SDXL/SDXL/test/0_real/entire__sdxl__real__000000356878.jpg
206,SDXL,3302,SDXL/SDXL/test/1_fake/entire__sdxl__fake__000000091917.jpg
206,SDXL,3303,SDXL/SDXL/test/1_fake/entire__sdxl__fake__000000487994.jpg
207,SDXL,3304,SDXL/SDXL/test/1_fake/entire__sdxl__fake__000000388161.jpg
207,SDXL,3305,SDXL/SDXL/test/1_fake/entire__sdxl__fake__000000158372.jpg
207,SDXL,3306,SDXL/SDXL/test/1_fake/entire__sdxl__fake__000000187400.jpg
207,SDXL,3307,SDXL/SDXL/test/1_fake/entire__sdxl__fake__000000187876.jpg
207,SDXL,3308,SDXL/SDXL/test/0_real/entire__sdxl__real__000000038426.jpg
207,SDXL,3309,SDXL/SDXL/test/1_fake/entire__sdxl__fake__000000421457.jpg
207,SDXL,3310,SDXL/SDXL/test/0_real/entire__sdxl__real__000000039470.jpg
207,SDXL,3311,SDXL/SDXL/test/1_fake/entire__sdxl__fake__000000316503.jpg
207,SDXL,3312,SDXL/SDXL/test/0_real/entire__sdxl__real__000000187683.jpg
207,SDXL,3313,SDXL/SDXL/test/1_fake/entire__sdxl__fake__000000229724.jpg
207,SDXL,3314,SDXL/SDXL/test/1_fake/entire__sdxl__fake__000000034299.jpg
207,SDXL,3315,SDXL/SDXL/test/1_fake/entire__sdxl__fake__000000343159.jpg
207,SDXL,3316,SDXL/SDXL/test/1_fake/entire__sdxl__fake__000000056330.jpg
207,SDXL,3317,SDXL/SDXL/test/1_fake/entire__sdxl__fake__000000079613.jpg
207,SDXL,3318,SDXL/SDXL/test/1_fake/entire__sdxl__fake__000000038213.jpg
207,SDXL,3319,SDXL/SDXL/test/0_real/entire__sdxl__real__000000433163.jpg
208,SDXL,3320,SDXL/SDXL/test/1_fake/entire__sdxl__fake__000000013722.jpg
208,SDXL,3321,SDXL/SDXL/test/1_fake/entire__sdxl__fake__000000397942.jpg
208,SDXL,3322,SDXL/SDXL/test/1_fake/entire__sdxl__fake__000000103612.jpg
208,SDXL,3323,SDXL/SDXL/test/1_fake/entire__sdxl__fake__000000512696.jpg
208,SDXL,3324,SDXL/SDXL/test/0_real/entire__sdxl__real__000000050962.jpg
208,SDXL,3325,SDXL/SDXL/test/0_real/entire__sdxl__real__000000192903.jpg
208,SDXL,3326,SDXL/SDXL/test/0_real/entire__sdxl__real__000000087070.jpg
208,SDXL,3327,SDXL/SDXL/test/0_real/entire__sdxl__real__000000455160.jpg
208,SDXL,3328,SDXL/SDXL/test/0_real/entire__sdxl__real__000000446223.jpg
208,SDXL,3329,SDXL/SDXL/test/1_fake/entire__sdxl__fake__000000403270.jpg
208,SDXL,3330,SDXL/SDXL/test/0_real/entire__sdxl__real__000000141947.jpg
208,SDXL,3331,SDXL/SDXL/test/0_real/entire__sdxl__real__000000295571.jpg
208,SDXL,3332,SDXL/SDXL/test/0_real/entire__sdxl__real__000000511412.jpg
208,SDXL,3333,SDXL/SDXL/test/1_fake/entire__sdxl__fake__000000567077.jpg
208,SDXL,3334,SDXL/SDXL/test/0_real/entire__sdxl__real__000000086687.jpg
208,SDXL,3335,SDXL/SDXL/test/0_real/entire__sdxl__real__000000093141.jpg
209,SDXL,3336,SDXL/SDXL/test/1_fake/entire__sdxl__fake__000000396432.jpg
209,SDXL,3337,SDXL/SDXL/test/0_real/entire__sdxl__real__000000006664.jpg
209,SDXL,3338,SDXL/SDXL/test/1_fake/entire__sdxl__fake__000000382533.jpg
209,SDXL,3339,SDXL/SDXL/test/1_fake/entire__sdxl__fake__000000272481.jpg
209,SDXL,3340,SDXL/SDXL/test/0_real/entire__sdxl__real__000000453526.jpg
209,SDXL,3341,SDXL/SDXL/test/1_fake/entire__sdxl__fake__000000580427.jpg
209,SDXL,3342,SDXL/SDXL/test/1_fake/entire__sdxl__fake__000000531423.jpg
209,SDXL,3343,SDXL/SDXL/test/0_real/entire__sdxl__real__000000468078.jpg
209,SDXL,3344,SDXL/SDXL/test/0_real/entire__sdxl__real__000000295059.jpg
209,SDXL,3345,SDXL/SDXL/test/0_real/entire__sdxl__real__000000160106.jpg
209,SDXL,3346,SDXL/SDXL/test/0_real/entire__sdxl__real__000000396499.jpg
209,SDXL,3347,SDXL/SDXL/test/0_real/entire__sdxl__real__000000343849.jpg
209,SDXL,3348,SDXL/SDXL/test/0_real/entire__sdxl__real__000000289591.jpg
209,SDXL,3349,SDXL/SDXL/test/0_real/entire__sdxl__real__000000326479.jpg
209,SDXL,3350,SDXL/SDXL/test/0_real/entire__sdxl__real__000000285068.jpg
209,SDXL,3351,SDXL/SDXL/test/1_fake/entire__sdxl__fake__000000186045.jpg
210,SDXL,3352,SDXL/SDXL/test/0_real/entire__sdxl__real__000000272807.jpg
210,SDXL,3353,SDXL/SDXL/test/0_real/entire__sdxl__real__000000455824.jpg
210,SDXL,3354,SDXL/SDXL/test/0_real/entire__sdxl__real__000000292988.jpg
210,SDXL,3355,SDXL/SDXL/test/1_fake/entire__sdxl__fake__000000320611.jpg
210,SDXL,3356,SDXL/SDXL/test/0_real/entire__sdxl__real__000000349669.jpg
210,SDXL,3357,SDXL/SDXL/test/1_fake/entire__sdxl__fake__000000491249.jpg
210,SDXL,3358,SDXL/SDXL/test/1_fake/entire__sdxl__fake__000000441213.jpg
210,SDXL,3359,SDXL/SDXL/test/0_real/entire__sdxl__real__000000108725.jpg
210,SDXL,3360,SDXL/SDXL/test/0_real/entire__sdxl__real__000000119693.jpg
210,SDXL,3361,SDXL/SDXL/test/1_fake/entire__sdxl__fake__000000208011.jpg
210,SDXL,3362,SDXL/SDXL/test/0_real/entire__sdxl__real__000000040924.jpg
210,SDXL,3363,SDXL/SDXL/test/1_fake/entire__sdxl__fake__000000454776.jpg
210,SDXL,3364,SDXL/SDXL/test/1_fake/entire__sdxl__fake__000000511577.jpg
210,SDXL,3365,SDXL/SDXL/test/1_fake/entire__sdxl__fake__000000201630.jpg
210,SDXL,3366,SDXL/SDXL/test/1_fake/entire__sdxl__fake__000000461027.jpg
210,SDXL,3367,SDXL/SDXL/test/0_real/entire__sdxl__real__000000068993.jpg
211,SDXL,3368,SDXL/SDXL/test/0_real/entire__sdxl__real__000000049984.jpg
211,SDXL,3369,SDXL/SDXL/test/1_fake/entire__sdxl__fake__000000262819.jpg
211,SDXL,3370,SDXL/SDXL/test/1_fake/entire__sdxl__fake__000000072989.jpg
211,SDXL,3371,SDXL/SDXL/test/1_fake/entire__sdxl__fake__000000072728.jpg
211,SDXL,3372,SDXL/SDXL/test/1_fake/entire__sdxl__fake__000000283431.jpg
211,SDXL,3373,SDXL/SDXL/test/1_fake/entire__sdxl__fake__000000488282.jpg
211,SDXL,3374,SDXL/SDXL/test/0_real/entire__sdxl__real__000000518517.jpg
211,SDXL,3375,SDXL/SDXL/test/1_fake/entire__sdxl__fake__000000161929.jpg
211,SDXL,3376,SDXL/SDXL/test/1_fake/entire__sdxl__fake__000000494321.jpg
211,SDXL,3377,SDXL/SDXL/test/1_fake/entire__sdxl__fake__000000160509.jpg
211,SDXL,3378,SDXL/SDXL/test/0_real/entire__sdxl__real__000000456433.jpg
211,SDXL,3379,SDXL/SDXL/test/1_fake/entire__sdxl__fake__000000237735.jpg
211,SDXL,3380,SDXL/SDXL/test/1_fake/entire__sdxl__fake__000000571768.jpg
211,SDXL,3381,SDXL/SDXL/test/0_real/entire__sdxl__real__000000524173.jpg
211,SDXL,3382,SDXL/SDXL/test/1_fake/entire__sdxl__fake__000000277632.jpg
211,SDXL,3383,SDXL/SDXL/test/0_real/entire__sdxl__real__000000321942.jpg
212,SDXL,3384,SDXL/SDXL/test/0_real/entire__sdxl__real__000000119023.jpg
212,SDXL,3385,SDXL/SDXL/test/0_real/entire__sdxl__real__000000106051.jpg
212,SDXL,3386,SDXL/SDXL/test/1_fake/entire__sdxl__fake__000000010851.jpg
212,SDXL,3387,SDXL/SDXL/test/0_real/entire__sdxl__real__000000095854.jpg
212,SDXL,3388,SDXL/SDXL/test/0_real/entire__sdxl__real__000000226173.jpg
212,SDXL,3389,SDXL/SDXL/test/1_fake/entire__sdxl__fake__000000140490.jpg
212,SDXL,3390,SDXL/SDXL/test/1_fake/entire__sdxl__fake__000000352767.jpg
212,SDXL,3391,SDXL/SDXL/test/0_real/entire__sdxl__real__000000361055.jpg
212,SDXL,3392,SDXL/SDXL/test/0_real/entire__sdxl__real__000000119579.jpg
212,SDXL,3393,SDXL/SDXL/test/1_fake/entire__sdxl__fake__000000032779.jpg
212,SDXL,3394,SDXL/SDXL/test/0_real/entire__sdxl__real__000000477010.jpg
212,SDXL,3395,SDXL/SDXL/test/0_real/entire__sdxl__real__000000475301.jpg
212,SDXL,3396,SDXL/SDXL/test/1_fake/entire__sdxl__fake__000000568882.jpg
212,SDXL,3397,SDXL/SDXL/test/1_fake/entire__sdxl__fake__000000225088.jpg
212,SDXL,3398,SDXL/SDXL/test/1_fake/entire__sdxl__fake__000000498721.jpg
212,SDXL,3399,SDXL/SDXL/test/1_fake/entire__sdxl__fake__000000421108.jpg
213,SDXL,3400,SDXL/SDXL/test/1_fake/entire__sdxl__fake__000000151254.jpg
213,SDXL,3401,SDXL/SDXL/test/0_real/entire__sdxl__real__000000516401.jpg
213,SDXL,3402,SDXL/SDXL/test/0_real/entire__sdxl__real__000000461211.jpg
213,SDXL,3403,SDXL/SDXL/test/0_real/entire__sdxl__real__000000229138.jpg
213,SDXL,3404,SDXL/SDXL/test/1_fake/entire__sdxl__fake__000000503518.jpg
213,SDXL,3405,SDXL/SDXL/test/1_fake/entire__sdxl__fake__000000269103.jpg
213,SDXL,3406,SDXL/SDXL/test/1_fake/entire__sdxl__fake__000000328315.jpg
213,SDXL,3407,SDXL/SDXL/test/1_fake/entire__sdxl__fake__000000567161.jpg
213,SDXL,3408,SDXL/SDXL/test/1_fake/entire__sdxl__fake__000000237464.jpg
213,SDXL,3409,SDXL/SDXL/test/1_fake/entire__sdxl__fake__000000301273.jpg
213,SDXL,3410,SDXL/SDXL/test/0_real/entire__sdxl__real__000000437300.jpg
213,SDXL,3411,SDXL/SDXL/test/1_fake/entire__sdxl__fake__000000427981.jpg
213,SDXL,3412,SDXL/SDXL/test/1_fake/entire__sdxl__fake__000000175136.jpg
213,SDXL,3413,SDXL/SDXL/test/1_fake/entire__sdxl__fake__000000221120.jpg
213,SDXL,3414,SDXL/SDXL/test/1_fake/entire__sdxl__fake__000000005437.jpg
213,SDXL,3415,SDXL/SDXL/test/1_fake/entire__sdxl__fake__000000358429.jpg
214,SDXL,3416,SDXL/SDXL/test/1_fake/entire__sdxl__fake__000000019712.jpg
214,SDXL,3417,SDXL/SDXL/test/0_real/entire__sdxl__real__000000151196.jpg
214,SDXL,3418,SDXL/SDXL/test/1_fake/entire__sdxl__fake__000000297699.jpg
214,SDXL,3419,SDXL/SDXL/test/1_fake/entire__sdxl__fake__000000117916.jpg
214,SDXL,3420,SDXL/SDXL/test/0_real/entire__sdxl__real__000000410190.jpg
214,SDXL,3421,SDXL/SDXL/test/0_real/entire__sdxl__real__000000255203.jpg
214,SDXL,3422,SDXL/SDXL/test/0_real/entire__sdxl__real__000000488997.jpg
214,SDXL,3423,SDXL/SDXL/test/1_fake/entire__sdxl__fake__000000276918.jpg
214,SDXL,3424,SDXL/SDXL/test/1_fake/entire__sdxl__fake__000000331667.jpg
214,SDXL,3425,SDXL/SDXL/test/0_real/entire__sdxl__real__000000394957.jpg
214,SDXL,3426,SDXL/SDXL/test/1_fake/entire__sdxl__fake__000000150126.jpg
214,SDXL,3427,SDXL/SDXL/test/1_fake/entire__sdxl__fake__000000285686.jpg
214,SDXL,3428,SDXL/SDXL/test/1_fake/entire__sdxl__fake__000000475275.jpg
214,SDXL,3429,SDXL/SDXL/test/1_fake/entire__sdxl__fake__000000187901.jpg
214,SDXL,3430,SDXL/SDXL/test/1_fake/entire__sdxl__fake__000000568062.jpg
214,SDXL,3431,SDXL/SDXL/test/1_fake/entire__sdxl__fake__000000083494.jpg
215,SDXL,3432,SDXL/SDXL/test/1_fake/entire__sdxl__fake__000000219327.jpg
215,SDXL,3433,SDXL/SDXL/test/0_real/entire__sdxl__real__000000269273.jpg
215,SDXL,3434,SDXL/SDXL/test/1_fake/entire__sdxl__fake__000000168217.jpg
215,SDXL,3435,SDXL/SDXL/test/1_fake/entire__sdxl__fake__000000035551.jpg
215,SDXL,3436,SDXL/SDXL/test/1_fake/entire__sdxl__fake__000000005860.jpg
215,SDXL,3437,SDXL/SDXL/test/0_real/entire__sdxl__real__000000492731.jpg
215,SDXL,3438,SDXL/SDXL/test/1_fake/entire__sdxl__fake__000000505234.jpg
215,SDXL,3439,SDXL/SDXL/test/0_real/entire__sdxl__real__000000152648.jpg
215,SDXL,3440,SDXL/SDXL/test/0_real/entire__sdxl__real__000000451102.jpg
215,SDXL,3441,SDXL/SDXL/test/0_real/entire__sdxl__real__000000413312.jpg
215,SDXL,3442,SDXL/SDXL/test/0_real/entire__sdxl__real__000000272384.jpg
215,SDXL,3443,SDXL/SDXL/test/0_real/entire__sdxl__real__000000185467.jpg
215,SDXL,3444,SDXL/SDXL/test/1_fake/entire__sdxl__fake__000000370917.jpg
215,SDXL,3445,SDXL/SDXL/test/1_fake/entire__sdxl__fake__000000049092.jpg
215,SDXL,3446,SDXL/SDXL/test/0_real/entire__sdxl__real__000000247786.jpg
215,SDXL,3447,SDXL/SDXL/test/1_fake/entire__sdxl__fake__000000309000.jpg
216,SDXL,3448,SDXL/SDXL/test/0_real/entire__sdxl__real__000000330295.jpg
216,SDXL,3449,SDXL/SDXL/test/0_real/entire__sdxl__real__000000373970.jpg
216,SDXL,3450,SDXL/SDXL/test/0_real/entire__sdxl__real__000000407346.jpg
216,SDXL,3451,SDXL/SDXL/test/0_real/entire__sdxl__real__000000251125.jpg
216,SDXL,3452,SDXL/SDXL/test/0_real/entire__sdxl__real__000000018233.jpg
216,SDXL,3453,SDXL/SDXL/test/1_fake/entire__sdxl__fake__000000400742.jpg
216,SDXL,3454,SDXL/SDXL/test/1_fake/entire__sdxl__fake__000000541887.jpg
216,SDXL,3455,SDXL/SDXL/test/0_real/entire__sdxl__real__000000265611.jpg
216,SDXL,3456,SDXL/SDXL/test/1_fake/entire__sdxl__fake__000000457373.jpg
216,SDXL,3457,SDXL/SDXL/test/0_real/entire__sdxl__real__000000360126.jpg
216,SDXL,3458,SDXL/SDXL/test/0_real/entire__sdxl__real__000000567403.jpg
216,SDXL,3459,SDXL/SDXL/test/1_fake/entire__sdxl__fake__000000302855.jpg
216,SDXL,3460,SDXL/SDXL/test/1_fake/entire__sdxl__fake__000000092339.jpg
216,SDXL,3461,SDXL/SDXL/test/1_fake/entire__sdxl__fake__000000359687.jpg
216,SDXL,3462,SDXL/SDXL/test/0_real/entire__sdxl__real__000000320059.jpg
216,SDXL,3463,SDXL/SDXL/test/1_fake/entire__sdxl__fake__000000176596.jpg
217,SDXL,3464,SDXL/SDXL/test/0_real/entire__sdxl__real__000000253580.jpg
217,SDXL,3465,SDXL/SDXL/test/0_real/entire__sdxl__real__000000399981.jpg
217,SDXL,3466,SDXL/SDXL/test/0_real/entire__sdxl__real__000000395230.jpg
217,SDXL,3467,SDXL/SDXL/test/0_real/entire__sdxl__real__000000391347.jpg
217,SDXL,3468,SDXL/SDXL/test/1_fake/entire__sdxl__fake__000000077874.jpg
217,SDXL,3469,SDXL/SDXL/test/1_fake/entire__sdxl__fake__000000294814.jpg
217,SDXL,3470,SDXL/SDXL/test/0_real/entire__sdxl__real__000000309403.jpg
217,SDXL,3471,SDXL/SDXL/test/1_fake/entire__sdxl__fake__000000153041.jpg
217,SDXL,3472,SDXL/SDXL/test/0_real/entire__sdxl__real__000000343999.jpg
217,SDXL,3473,SDXL/SDXL/test/1_fake/entire__sdxl__fake__000000360209.jpg
217,SDXL,3474,SDXL/SDXL/test/1_fake/entire__sdxl__fake__000000521689.jpg
217,SDXL,3475,SDXL/SDXL/test/1_fake/entire__sdxl__fake__000000520532.jpg
217,SDXL,3476,SDXL/SDXL/test/1_fake/entire__sdxl__fake__000000171848.jpg
217,SDXL,3477,SDXL/SDXL/test/1_fake/entire__sdxl__fake__000000154502.jpg
217,SDXL,3478,SDXL/SDXL/test/0_real/entire__sdxl__real__000000228472.jpg
217,SDXL,3479,SDXL/SDXL/test/1_fake/entire__sdxl__fake__000000553909.jpg
218,SDXL,3480,SDXL/SDXL/test/1_fake/entire__sdxl__fake__000000071917.jpg
218,SDXL,3481,SDXL/SDXL/test/1_fake/entire__sdxl__fake__000000406557.jpg
218,SDXL,3482,SDXL/SDXL/test/1_fake/entire__sdxl__fake__000000208963.jpg
218,SDXL,3483,SDXL/SDXL/test/0_real/entire__sdxl__real__000000138486.jpg
218,SDXL,3484,SDXL/SDXL/test/0_real/entire__sdxl__real__000000513795.jpg
218,SDXL,3485,SDXL/SDXL/test/1_fake/entire__sdxl__fake__000000466575.jpg
218,SDXL,3486,SDXL/SDXL/test/0_real/entire__sdxl__real__000000358265.jpg
218,SDXL,3487,SDXL/SDXL/test/1_fake/entire__sdxl__fake__000000513729.jpg
218,SDXL,3488,SDXL/SDXL/test/1_fake/entire__sdxl__fake__000000301937.jpg
218,SDXL,3489,SDXL/SDXL/test/1_fake/entire__sdxl__fake__000000483849.jpg
218,SDXL,3490,SDXL/SDXL/test/0_real/entire__sdxl__real__000000541474.jpg
218,SDXL,3491,SDXL/SDXL/test/1_fake/entire__sdxl__fake__000000535325.jpg
218,SDXL,3492,SDXL/SDXL/test/0_real/entire__sdxl__real__000000333095.jpg
218,SDXL,3493,SDXL/SDXL/test/0_real/entire__sdxl__real__000000291320.jpg
218,SDXL,3494,SDXL/SDXL/test/1_fake/entire__sdxl__fake__000000464810.jpg
218,SDXL,3495,SDXL/SDXL/test/1_fake/entire__sdxl__fake__000000553981.jpg
219,SDXL,3496,SDXL/SDXL/test/1_fake/entire__sdxl__fake__000000229984.jpg
219,SDXL,3497,SDXL/SDXL/test/1_fake/entire__sdxl__fake__000000243336.jpg
219,SDXL,3498,SDXL/SDXL/test/1_fake/entire__sdxl__fake__000000120964.jpg
219,SDXL,3499,SDXL/SDXL/test/1_fake/entire__sdxl__fake__000000227713.jpg
219,SDXL,3500,SDXL/SDXL/test/1_fake/entire__sdxl__fake__000000465169.jpg
219,SDXL,3501,SDXL/SDXL/test/1_fake/entire__sdxl__fake__000000536067.jpg
219,SDXL,3502,SDXL/SDXL/test/1_fake/entire__sdxl__fake__000000289005.jpg
219,SDXL,3503,SDXL/SDXL/test/0_real/entire__sdxl__real__000000430238.jpg
219,SDXL,3504,SDXL/SDXL/test/0_real/entire__sdxl__real__000000116625.jpg
219,SDXL,3505,SDXL/SDXL/test/0_real/entire__sdxl__real__000000173117.jpg
219,SDXL,3506,SDXL/SDXL/test/1_fake/entire__sdxl__fake__000000474699.jpg
219,SDXL,3507,SDXL/SDXL/test/1_fake/entire__sdxl__fake__000000269235.jpg
219,SDXL,3508,SDXL/SDXL/test/0_real/entire__sdxl__real__000000377252.jpg
219,SDXL,3509,SDXL/SDXL/test/1_fake/entire__sdxl__fake__000000068898.jpg
219,SDXL,3510,SDXL/SDXL/test/1_fake/entire__sdxl__fake__000000476481.jpg
219,SDXL,3511,SDXL/SDXL/test/0_real/entire__sdxl__real__000000258843.jpg
220,SDXL,3512,SDXL/SDXL/test/1_fake/entire__sdxl__fake__000000564483.jpg
220,SDXL,3513,SDXL/SDXL/test/0_real/entire__sdxl__real__000000560242.jpg
220,SDXL,3514,SDXL/SDXL/test/1_fake/entire__sdxl__fake__000000525876.jpg
220,SDXL,3515,SDXL/SDXL/test/1_fake/entire__sdxl__fake__000000391116.jpg
220,SDXL,3516,SDXL/SDXL/test/0_real/entire__sdxl__real__000000025377.jpg
220,SDXL,3517,SDXL/SDXL/test/1_fake/entire__sdxl__fake__000000580315.jpg
220,SDXL,3518,SDXL/SDXL/test/0_real/entire__sdxl__real__000000430690.jpg
220,SDXL,3519,SDXL/SDXL/test/0_real/entire__sdxl__real__000000128434.jpg
220,SDXL,3520,SDXL/SDXL/test/0_real/entire__sdxl__real__000000445620.jpg
220,SDXL,3521,SDXL/SDXL/test/1_fake/entire__sdxl__fake__000000001205.jpg
220,SDXL,3522,SDXL/SDXL/test/0_real/entire__sdxl__real__000000039733.jpg
220,SDXL,3523,SDXL/SDXL/test/0_real/entire__sdxl__real__000000312603.jpg
220,SDXL,3524,SDXL/SDXL/test/1_fake/entire__sdxl__fake__000000166592.jpg
220,SDXL,3525,SDXL/SDXL/test/1_fake/entire__sdxl__fake__000000414106.jpg
220,SDXL,3526,SDXL/SDXL/test/0_real/entire__sdxl__real__000000175189.jpg
220,SDXL,3527,SDXL/SDXL/test/0_real/entire__sdxl__real__000000105761.jpg
221,SDXL,3528,SDXL/SDXL/test/0_real/entire__sdxl__real__000000065443.jpg
221,SDXL,3529,SDXL/SDXL/test/0_real/entire__sdxl__real__000000389458.jpg
221,SDXL,3530,SDXL/SDXL/test/1_fake/entire__sdxl__fake__000000094531.jpg
221,SDXL,3531,SDXL/SDXL/test/0_real/entire__sdxl__real__000000483736.jpg
221,SDXL,3532,SDXL/SDXL/test/0_real/entire__sdxl__real__000000025559.jpg
221,SDXL,3533,SDXL/SDXL/test/0_real/entire__sdxl__real__000000473475.jpg
221,SDXL,3534,SDXL/SDXL/test/0_real/entire__sdxl__real__000000138830.jpg
221,SDXL,3535,SDXL/SDXL/test/0_real/entire__sdxl__real__000000070769.jpg
221,SDXL,3536,SDXL/SDXL/test/0_real/entire__sdxl__real__000000096105.jpg
221,SDXL,3537,SDXL/SDXL/test/1_fake/entire__sdxl__fake__000000047391.jpg
221,SDXL,3538,SDXL/SDXL/test/1_fake/entire__sdxl__fake__000000208169.jpg
221,SDXL,3539,SDXL/SDXL/test/1_fake/entire__sdxl__fake__000000239053.jpg
221,SDXL,3540,SDXL/SDXL/test/1_fake/entire__sdxl__fake__000000325524.jpg
221,SDXL,3541,SDXL/SDXL/test/0_real/entire__sdxl__real__000000415388.jpg
221,SDXL,3542,SDXL/SDXL/test/1_fake/entire__sdxl__fake__000000306595.jpg
221,SDXL,3543,SDXL/SDXL/test/0_real/entire__sdxl__real__000000229919.jpg
222,SDXL,3544,SDXL/SDXL/test/0_real/entire__sdxl__real__000000426161.jpg
222,SDXL,3545,SDXL/SDXL/test/1_fake/entire__sdxl__fake__000000202960.jpg
222,SDXL,3546,SDXL/SDXL/test/0_real/entire__sdxl__real__000000337667.jpg
222,SDXL,3547,SDXL/SDXL/test/0_real/entire__sdxl__real__000000245823.jpg
222,SDXL,3548,SDXL/SDXL/test/1_fake/entire__sdxl__fake__000000046563.jpg
222,SDXL,3549,SDXL/SDXL/test/0_real/entire__sdxl__real__000000037907.jpg
222,SDXL,3550,SDXL/SDXL/test/0_real/entire__sdxl__real__000000374934.jpg
222,SDXL,3551,SDXL/SDXL/test/1_fake/entire__sdxl__fake__000000123914.jpg
222,SDXL,3552,SDXL/SDXL/test/1_fake/entire__sdxl__fake__000000385743.jpg
222,SDXL,3553,SDXL/SDXL/test/1_fake/entire__sdxl__fake__000000132389.jpg
222,SDXL,3554,SDXL/SDXL/test/0_real/entire__sdxl__real__000000490415.jpg
222,SDXL,3555,SDXL/SDXL/test/0_real/entire__sdxl__real__000000400265.jpg
222,SDXL,3556,SDXL/SDXL/test/0_real/entire__sdxl__real__000000232676.jpg
222,SDXL,3557,SDXL/SDXL/test/1_fake/entire__sdxl__fake__000000549506.jpg
222,SDXL,3558,SDXL/SDXL/test/1_fake/entire__sdxl__fake__000000434527.jpg
222,SDXL,3559,SDXL/SDXL/test/0_real/entire__sdxl__real__000000112951.jpg
223,SDXL,3560,SDXL/SDXL/test/1_fake/entire__sdxl__fake__000000298788.jpg
223,SDXL,3561,SDXL/SDXL/test/1_fake/entire__sdxl__fake__000000560910.jpg
223,SDXL,3562,SDXL/SDXL/test/0_real/entire__sdxl__real__000000536782.jpg
223,SDXL,3563,SDXL/SDXL/test/1_fake/entire__sdxl__fake__000000407814.jpg
223,SDXL,3564,SDXL/SDXL/test/0_real/entire__sdxl__real__000000228045.jpg
223,SDXL,3565,SDXL/SDXL/test/1_fake/entire__sdxl__fake__000000221554.jpg
223,SDXL,3566,SDXL/SDXL/test/1_fake/entire__sdxl__fake__000000408874.jpg
223,SDXL,3567,SDXL/SDXL/test/0_real/entire__sdxl__real__000000190734.jpg
223,SDXL,3568,SDXL/SDXL/test/1_fake/entire__sdxl__fake__000000326613.jpg
223,SDXL,3569,SDXL/SDXL/test/0_real/entire__sdxl__real__000000572250.jpg
223,SDXL,3570,SDXL/SDXL/test/0_real/entire__sdxl__real__000000342682.jpg
223,SDXL,3571,SDXL/SDXL/test/0_real/entire__sdxl__real__000000079024.jpg
223,SDXL,3572,SDXL/SDXL/test/1_fake/entire__sdxl__fake__000000267115.jpg
223,SDXL,3573,SDXL/SDXL/test/1_fake/entire__sdxl__fake__000000218430.jpg
223,SDXL,3574,SDXL/SDXL/test/0_real/entire__sdxl__real__000000522909.jpg
223,SDXL,3575,SDXL/SDXL/test/0_real/entire__sdxl__real__000000259976.jpg
224,SDXL,3576,SDXL/SDXL/test/1_fake/entire__sdxl__fake__000000358291.jpg
224,SDXL,3577,SDXL/SDXL/test/0_real/entire__sdxl__real__000000096365.jpg
224,SDXL,3578,SDXL/SDXL/test/0_real/entire__sdxl__real__000000564483.jpg
224,SDXL,3579,SDXL/SDXL/test/0_real/entire__sdxl__real__000000222990.jpg
224,SDXL,3580,SDXL/SDXL/test/0_real/entire__sdxl__real__000000575816.jpg
224,SDXL,3581,SDXL/SDXL/test/1_fake/entire__sdxl__fake__000000483736.jpg
224,SDXL,3582,SDXL/SDXL/test/1_fake/entire__sdxl__fake__000000153896.jpg
224,SDXL,3583,SDXL/SDXL/test/1_fake/entire__sdxl__fake__000000043128.jpg
224,SDXL,3584,SDXL/SDXL/test/0_real/entire__sdxl__real__000000124718.jpg
224,SDXL,3585,SDXL/SDXL/test/0_real/entire__sdxl__real__000000243745.jpg
224,SDXL,3586,SDXL/SDXL/test/1_fake/entire__sdxl__fake__000000521549.jpg
224,SDXL,3587,SDXL/SDXL/test/0_real/entire__sdxl__real__000000288852.jpg
224,SDXL,3588,SDXL/SDXL/test/0_real/entire__sdxl__real__000000294943.jpg
224,SDXL,3589,SDXL/SDXL/test/1_fake/entire__sdxl__fake__000000149630.jpg
224,SDXL,3590,SDXL/SDXL/test/0_real/entire__sdxl__real__000000342707.jpg
224,SDXL,3591,SDXL/SDXL/test/1_fake/entire__sdxl__fake__000000130786.jpg
225,SDXL,3592,SDXL/SDXL/test/0_real/entire__sdxl__real__000000567858.jpg
225,SDXL,3593,SDXL/SDXL/test/1_fake/entire__sdxl__fake__000000055285.jpg
225,SDXL,3594,SDXL/SDXL/test/1_fake/entire__sdxl__fake__000000331824.jpg
225,SDXL,3595,SDXL/SDXL/test/0_real/entire__sdxl__real__000000275530.jpg
225,SDXL,3596,SDXL/SDXL/test/1_fake/entire__sdxl__fake__000000027935.jpg
225,SDXL,3597,SDXL/SDXL/test/0_real/entire__sdxl__real__000000278661.jpg
225,SDXL,3598,SDXL/SDXL/test/0_real/entire__sdxl__real__000000321852.jpg
225,SDXL,3599,SDXL/SDXL/test/1_fake/entire__sdxl__fake__000000009451.jpg
225,SDXL,3600,SDXL/SDXL/test/0_real/entire__sdxl__real__000000571074.jpg
225,SDXL,3601,SDXL/SDXL/test/1_fake/entire__sdxl__fake__000000094885.jpg
225,SDXL,3602,SDXL/SDXL/test/0_real/entire__sdxl__real__000000065456.jpg
225,SDXL,3603,SDXL/SDXL/test/1_fake/entire__sdxl__fake__000000074982.jpg
225,SDXL,3604,SDXL/SDXL/test/1_fake/entire__sdxl__fake__000000268552.jpg
225,SDXL,3605,SDXL/SDXL/test/1_fake/entire__sdxl__fake__000000188132.jpg
225,SDXL,3606,SDXL/SDXL/test/1_fake/entire__sdxl__fake__000000493235.jpg
225,SDXL,3607,SDXL/SDXL/test/0_real/entire__sdxl__real__000000535874.jpg
226,SDXL,3608,SDXL/SDXL/test/1_fake/entire__sdxl__fake__000000440358.jpg
226,SDXL,3609,SDXL/SDXL/test/1_fake/entire__sdxl__fake__000000096804.jpg
226,SDXL,3610,SDXL/SDXL/test/0_real/entire__sdxl__real__000000132773.jpg
226,SDXL,3611,SDXL/SDXL/test/1_fake/entire__sdxl__fake__000000269867.jpg
226,SDXL,3612,SDXL/SDXL/test/1_fake/entire__sdxl__fake__000000086845.jpg
226,SDXL,3613,SDXL/SDXL/test/1_fake/entire__sdxl__fake__000000194842.jpg
226,SDXL,3614,SDXL/SDXL/test/1_fake/entire__sdxl__fake__000000117079.jpg
226,SDXL,3615,SDXL/SDXL/test/1_fake/entire__sdxl__fake__000000192730.jpg
226,SDXL,3616,SDXL/SDXL/test/0_real/entire__sdxl__real__000000324232.jpg
226,SDXL,3617,SDXL/SDXL/test/0_real/entire__sdxl__real__000000192809.jpg
226,SDXL,3618,SDXL/SDXL/test/0_real/entire__sdxl__real__000000560472.jpg
226,SDXL,3619,SDXL/SDXL/test/1_fake/entire__sdxl__fake__000000464675.jpg
226,SDXL,3620,SDXL/SDXL/test/1_fake/entire__sdxl__fake__000000317172.jpg
226,SDXL,3621,SDXL/SDXL/test/0_real/entire__sdxl__real__000000041331.jpg
226,SDXL,3622,SDXL/SDXL/test/1_fake/entire__sdxl__fake__000000298142.jpg
226,SDXL,3623,SDXL/SDXL/test/0_real/entire__sdxl__real__000000330660.jpg
227,SDXL,3624,SDXL/SDXL/test/0_real/entire__sdxl__real__000000489762.jpg
227,SDXL,3625,SDXL/SDXL/test/0_real/entire__sdxl__real__000000551908.jpg
227,SDXL,3626,SDXL/SDXL/test/0_real/entire__sdxl__real__000000002621.jpg
227,SDXL,3627,SDXL/SDXL/test/0_real/entire__sdxl__real__000000092649.jpg
227,SDXL,3628,SDXL/SDXL/test/0_real/entire__sdxl__real__000000500106.jpg
227,SDXL,3629,SDXL/SDXL/test/1_fake/entire__sdxl__fake__000000407334.jpg
227,SDXL,3630,SDXL/SDXL/test/0_real/entire__sdxl__real__000000022178.jpg
227,SDXL,3631,SDXL/SDXL/test/1_fake/entire__sdxl__fake__000000300024.jpg
227,SDXL,3632,SDXL/SDXL/test/0_real/entire__sdxl__real__000000057926.jpg
227,SDXL,3633,SDXL/SDXL/test/0_real/entire__sdxl__real__000000135158.jpg
227,SDXL,3634,SDXL/SDXL/test/0_real/entire__sdxl__real__000000315268.jpg
227,SDXL,3635,SDXL/SDXL/test/0_real/entire__sdxl__real__000000114027.jpg
227,SDXL,3636,SDXL/SDXL/test/1_fake/entire__sdxl__fake__000000053448.jpg
227,SDXL,3637,SDXL/SDXL/test/1_fake/entire__sdxl__fake__000000200483.jpg
227,SDXL,3638,SDXL/SDXL/test/0_real/entire__sdxl__real__000000133098.jpg
227,SDXL,3639,SDXL/SDXL/test/0_real/entire__sdxl__real__000000543171.jpg
228,SDXL,3640,SDXL/SDXL/test/1_fake/entire__sdxl__fake__000000294688.jpg
228,SDXL,3641,SDXL/SDXL/test/0_real/entire__sdxl__real__000000158536.jpg
228,SDXL,3642,SDXL/SDXL/test/1_fake/entire__sdxl__fake__000000255925.jpg
228,SDXL,3643,SDXL/SDXL/test/1_fake/entire__sdxl__fake__000000502134.jpg
228,SDXL,3644,SDXL/SDXL/test/0_real/entire__sdxl__real__000000494138.jpg
228,SDXL,3645,SDXL/SDXL/test/1_fake/entire__sdxl__fake__000000497021.jpg
228,SDXL,3646,SDXL/SDXL/test/1_fake/entire__sdxl__fake__000000341922.jpg
228,SDXL,3647,SDXL/SDXL/test/0_real/entire__sdxl__real__000000430218.jpg
228,SDXL,3648,SDXL/SDXL/test/0_real/entire__sdxl__real__000000119345.jpg
228,SDXL,3649,SDXL/SDXL/test/1_fake/entire__sdxl__fake__000000458935.jpg
228,SDXL,3650,SDXL/SDXL/test/0_real/entire__sdxl__real__000000110901.jpg
228,SDXL,3651,SDXL/SDXL/test/1_fake/entire__sdxl__fake__000000410887.jpg
228,SDXL,3652,SDXL/SDXL/test/1_fake/entire__sdxl__fake__000000331496.jpg
228,SDXL,3653,SDXL/SDXL/test/1_fake/entire__sdxl__fake__000000096973.jpg
228,SDXL,3654,SDXL/SDXL/test/0_real/entire__sdxl__real__000000058250.jpg
228,SDXL,3655,SDXL/SDXL/test/0_real/entire__sdxl__real__000000282066.jpg
229,SDXL,3656,SDXL/SDXL/test/1_fake/entire__sdxl__fake__000000512793.jpg
229,SDXL,3657,SDXL/SDXL/test/0_real/entire__sdxl__real__000000403427.jpg
229,SDXL,3658,SDXL/SDXL/test/0_real/entire__sdxl__real__000000319469.jpg
229,SDXL,3659,SDXL/SDXL/test/1_fake/entire__sdxl__fake__000000008686.jpg
229,SDXL,3660,SDXL/SDXL/test/1_fake/entire__sdxl__fake__000000238687.jpg
229,SDXL,3661,SDXL/SDXL/test/0_real/entire__sdxl__real__000000355345.jpg
229,SDXL,3662,SDXL/SDXL/test/1_fake/entire__sdxl__fake__000000095241.jpg
229,SDXL,3663,SDXL/SDXL/test/0_real/entire__sdxl__real__000000212679.jpg
229,SDXL,3664,SDXL/SDXL/test/1_fake/entire__sdxl__fake__000000165057.jpg
229,SDXL,3665,SDXL/SDXL/test/1_fake/entire__sdxl__fake__000000149223.jpg
229,SDXL,3666,SDXL/SDXL/test/0_real/entire__sdxl__real__000000246677.jpg
229,SDXL,3667,SDXL/SDXL/test/1_fake/entire__sdxl__fake__000000349669.jpg
229,SDXL,3668,SDXL/SDXL/test/1_fake/entire__sdxl__fake__000000306447.jpg
229,SDXL,3669,SDXL/SDXL/test/0_real/entire__sdxl__real__000000316936.jpg
229,SDXL,3670,SDXL/SDXL/test/0_real/entire__sdxl__real__000000060170.jpg
229,SDXL,3671,SDXL/SDXL/test/1_fake/entire__sdxl__fake__000000373716.jpg
230,SDXL,3672,SDXL/SDXL/test/1_fake/entire__sdxl__fake__000000518389.jpg
230,SDXL,3673,SDXL/SDXL/test/1_fake/entire__sdxl__fake__000000262976.jpg
230,SDXL,3674,SDXL/SDXL/test/1_fake/entire__sdxl__fake__000000524848.jpg
230,SDXL,3675,SDXL/SDXL/test/1_fake/entire__sdxl__fake__000000335357.jpg
230,SDXL,3676,SDXL/SDXL/test/0_real/entire__sdxl__real__000000459853.jpg
230,SDXL,3677,SDXL/SDXL/test/1_fake/entire__sdxl__fake__000000371960.jpg
230,SDXL,3678,SDXL/SDXL/test/1_fake/entire__sdxl__fake__000000547845.jpg
230,SDXL,3679,SDXL/SDXL/test/0_real/entire__sdxl__real__000000314044.jpg
230,SDXL,3680,SDXL/SDXL/test/0_real/entire__sdxl__real__000000238799.jpg
230,SDXL,3681,SDXL/SDXL/test/1_fake/entire__sdxl__fake__000000385144.jpg
230,SDXL,3682,SDXL/SDXL/test/1_fake/entire__sdxl__fake__000000278055.jpg
230,SDXL,3683,SDXL/SDXL/test/0_real/entire__sdxl__real__000000060700.jpg
230,SDXL,3684,SDXL/SDXL/test/0_real/entire__sdxl__real__000000548159.jpg
230,SDXL,3685,SDXL/SDXL/test/0_real/entire__sdxl__real__000000024195.jpg
230,SDXL,3686,SDXL/SDXL/test/0_real/entire__sdxl__real__000000097530.jpg
230,SDXL,3687,SDXL/SDXL/test/1_fake/entire__sdxl__fake__000000388564.jpg
231,SDXL,3688,SDXL/SDXL/test/1_fake/entire__sdxl__fake__000000353884.jpg
231,SDXL,3689,SDXL/SDXL/test/1_fake/entire__sdxl__fake__000000018699.jpg
231,SDXL,3690,SDXL/SDXL/test/0_real/entire__sdxl__real__000000544933.jpg
231,SDXL,3691,SDXL/SDXL/test/1_fake/entire__sdxl__fake__000000125632.jpg
231,SDXL,3692,SDXL/SDXL/test/0_real/entire__sdxl__real__000000571916.jpg
231,SDXL,3693,SDXL/SDXL/test/1_fake/entire__sdxl__fake__000000092002.jpg
231,SDXL,3694,SDXL/SDXL/test/0_real/entire__sdxl__real__000000441251.jpg
231,SDXL,3695,SDXL/SDXL/test/1_fake/entire__sdxl__fake__000000453815.jpg
231,SDXL,3696,SDXL/SDXL/test/1_fake/entire__sdxl__fake__000000282868.jpg
231,SDXL,3697,SDXL/SDXL/test/0_real/entire__sdxl__real__000000434423.jpg
231,SDXL,3698,SDXL/SDXL/test/1_fake/entire__sdxl__fake__000000321802.jpg
231,SDXL,3699,SDXL/SDXL/test/1_fake/entire__sdxl__fake__000000363671.jpg
231,SDXL,3700,SDXL/SDXL/test/1_fake/entire__sdxl__fake__000000093434.jpg
231,SDXL,3701,SDXL/SDXL/test/0_real/entire__sdxl__real__000000187795.jpg
231,SDXL,3702,SDXL/SDXL/test/1_fake/entire__sdxl__fake__000000091536.jpg
231,SDXL,3703,SDXL/SDXL/test/1_fake/entire__sdxl__fake__000000335839.jpg
232,SDXL,3704,SDXL/SDXL/test/0_real/entire__sdxl__real__000000064389.jpg
232,SDXL,3705,SDXL/SDXL/test/0_real/entire__sdxl__real__000000130093.jpg
232,SDXL,3706,SDXL/SDXL/test/0_real/entire__sdxl__real__000000397276.jpg
232,SDXL,3707,SDXL/SDXL/test/0_real/entire__sdxl__real__000000169389.jpg
232,SDXL,3708,SDXL/SDXL/test/1_fake/entire__sdxl__fake__000000539977.jpg
232,SDXL,3709,SDXL/SDXL/test/0_real/entire__sdxl__real__000000232670.jpg
232,SDXL,3710,SDXL/SDXL/test/0_real/entire__sdxl__real__000000186950.jpg
232,SDXL,3711,SDXL/SDXL/test/1_fake/entire__sdxl__fake__000000409661.jpg
232,SDXL,3712,SDXL/SDXL/test/0_real/entire__sdxl__real__000000567565.jpg
232,SDXL,3713,SDXL/SDXL/test/0_real/entire__sdxl__real__000000007267.jpg
232,SDXL,3714,SDXL/SDXL/test/0_real/entire__sdxl__real__000000203846.jpg
232,SDXL,3715,SDXL/SDXL/test/1_fake/entire__sdxl__fake__000000572781.jpg
232,SDXL,3716,SDXL/SDXL/test/0_real/entire__sdxl__real__000000062250.jpg
232,SDXL,3717,SDXL/SDXL/test/0_real/entire__sdxl__real__000000178009.jpg
232,SDXL,3718,SDXL/SDXL/test/0_real/entire__sdxl__real__000000462997.jpg
232,SDXL,3719,SDXL/SDXL/test/0_real/entire__sdxl__real__000000395363.jpg
233,SDXL,3720,SDXL/SDXL/test/1_fake/entire__sdxl__fake__000000513099.jpg
233,SDXL,3721,SDXL/SDXL/test/0_real/entire__sdxl__real__000000188375.jpg
233,SDXL,3722,SDXL/SDXL/test/1_fake/entire__sdxl__fake__000000175189.jpg
233,SDXL,3723,SDXL/SDXL/test/1_fake/entire__sdxl__fake__000000344024.jpg
233,SDXL,3724,SDXL/SDXL/test/0_real/entire__sdxl__real__000000030044.jpg
233,SDXL,3725,SDXL/SDXL/test/0_real/entire__sdxl__real__000000295032.jpg
233,SDXL,3726,SDXL/SDXL/test/1_fake/entire__sdxl__fake__000000202389.jpg
233,SDXL,3727,SDXL/SDXL/test/0_real/entire__sdxl__real__000000385743.jpg
233,SDXL,3728,SDXL/SDXL/test/0_real/entire__sdxl__real__000000087936.jpg
233,SDXL,3729,SDXL/SDXL/test/0_real/entire__sdxl__real__000000371643.jpg
233,SDXL,3730,SDXL/SDXL/test/1_fake/entire__sdxl__fake__000000541496.jpg
233,SDXL,3731,SDXL/SDXL/test/1_fake/entire__sdxl__fake__000000551739.jpg
233,SDXL,3732,SDXL/SDXL/test/0_real/entire__sdxl__real__000000383450.jpg
233,SDXL,3733,SDXL/SDXL/test/0_real/entire__sdxl__real__000000479501.jpg
233,SDXL,3734,SDXL/SDXL/test/0_real/entire__sdxl__real__000000224053.jpg
233,SDXL,3735,SDXL/SDXL/test/1_fake/entire__sdxl__fake__000000092761.jpg
234,SDXL,3736,SDXL/SDXL/test/0_real/entire__sdxl__real__000000449197.jpg
234,SDXL,3737,SDXL/SDXL/test/1_fake/entire__sdxl__fake__000000065209.jpg
234,SDXL,3738,SDXL/SDXL/test/0_real/entire__sdxl__real__000000529649.jpg
234,SDXL,3739,SDXL/SDXL/test/1_fake/entire__sdxl__fake__000000200980.jpg
234,SDXL,3740,SDXL/SDXL/test/0_real/entire__sdxl__real__000000224238.jpg
234,SDXL,3741,SDXL/SDXL/test/0_real/entire__sdxl__real__000000338087.jpg
234,SDXL,3742,SDXL/SDXL/test/1_fake/entire__sdxl__fake__000000116722.jpg
234,SDXL,3743,SDXL/SDXL/test/0_real/entire__sdxl__real__000000359775.jpg
234,SDXL,3744,SDXL/SDXL/test/0_real/entire__sdxl__real__000000211299.jpg
234,SDXL,3745,SDXL/SDXL/test/0_real/entire__sdxl__real__000000232779.jpg
234,SDXL,3746,SDXL/SDXL/test/0_real/entire__sdxl__real__000000256734.jpg
234,SDXL,3747,SDXL/SDXL/test/0_real/entire__sdxl__real__000000361285.jpg
234,SDXL,3748,SDXL/SDXL/test/1_fake/entire__sdxl__fake__000000346806.jpg
234,SDXL,3749,SDXL/SDXL/test/1_fake/entire__sdxl__fake__000000184994.jpg
234,SDXL,3750,SDXL/SDXL/test/0_real/entire__sdxl__real__000000067568.jpg
234,SDXL,3751,SDXL/SDXL/test/1_fake/entire__sdxl__fake__000000531014.jpg
235,SDXL,3752,SDXL/SDXL/test/1_fake/entire__sdxl__fake__000000068821.jpg
235,SDXL,3753,SDXL/SDXL/test/1_fake/entire__sdxl__fake__000000208752.jpg
235,SDXL,3754,SDXL/SDXL/test/1_fake/entire__sdxl__fake__000000426839.jpg
235,SDXL,3755,SDXL/SDXL/test/1_fake/entire__sdxl__fake__000000021592.jpg
235,SDXL,3756,SDXL/SDXL/test/0_real/entire__sdxl__real__000000249993.jpg
235,SDXL,3757,SDXL/SDXL/test/0_real/entire__sdxl__real__000000577161.jpg
235,SDXL,3758,SDXL/SDXL/test/1_fake/entire__sdxl__fake__000000456478.jpg
235,SDXL,3759,SDXL/SDXL/test/0_real/entire__sdxl__real__000000556669.jpg
235,SDXL,3760,SDXL/SDXL/test/0_real/entire__sdxl__real__000000382784.jpg
235,SDXL,3761,SDXL/SDXL/test/0_real/entire__sdxl__real__000000434264.jpg
235,SDXL,3762,SDXL/SDXL/test/1_fake/entire__sdxl__fake__000000274017.jpg
235,SDXL,3763,SDXL/SDXL/test/0_real/entire__sdxl__real__000000557102.jpg
235,SDXL,3764,SDXL/SDXL/test/1_fake/entire__sdxl__fake__000000291797.jpg
235,SDXL,3765,SDXL/SDXL/test/1_fake/entire__sdxl__fake__000000022164.jpg
235,SDXL,3766,SDXL/SDXL/test/1_fake/entire__sdxl__fake__000000423770.jpg
235,SDXL,3767,SDXL/SDXL/test/0_real/entire__sdxl__real__000000403221.jpg
236,SDXL,3768,SDXL/SDXL/test/0_real/entire__sdxl__real__000000372141.jpg
236,SDXL,3769,SDXL/SDXL/test/1_fake/entire__sdxl__fake__000000517140.jpg
236,SDXL,3770,SDXL/SDXL/test/1_fake/entire__sdxl__fake__000000146786.jpg
236,SDXL,3771,SDXL/SDXL/test/1_fake/entire__sdxl__fake__000000054118.jpg
236,SDXL,3772,SDXL/SDXL/test/0_real/entire__sdxl__real__000000123457.jpg
236,SDXL,3773,SDXL/SDXL/test/1_fake/entire__sdxl__fake__000000493859.jpg
236,SDXL,3774,SDXL/SDXL/test/0_real/entire__sdxl__real__000000570678.jpg
236,SDXL,3775,SDXL/SDXL/test/0_real/entire__sdxl__real__000000557315.jpg
236,SDXL,3776,SDXL/SDXL/test/0_real/entire__sdxl__real__000000298344.jpg
236,SDXL,3777,SDXL/SDXL/test/1_fake/entire__sdxl__fake__000000239611.jpg
236,SDXL,3778,SDXL/SDXL/test/0_real/entire__sdxl__real__000000242399.jpg
236,SDXL,3779,SDXL/SDXL/test/1_fake/entire__sdxl__fake__000000127405.jpg
236,SDXL,3780,SDXL/SDXL/test/0_real/entire__sdxl__real__000000243938.jpg
236,SDXL,3781,SDXL/SDXL/test/1_fake/entire__sdxl__fake__000000019905.jpg
236,SDXL,3782,SDXL/SDXL/test/1_fake/entire__sdxl__fake__000000289814.jpg
236,SDXL,3783,SDXL/SDXL/test/0_real/entire__sdxl__real__000000138760.jpg
237,SDXL,3784,SDXL/SDXL/test/1_fake/entire__sdxl__fake__000000384826.jpg
237,SDXL,3785,SDXL/SDXL/test/1_fake/entire__sdxl__fake__000000128518.jpg
237,SDXL,3786,SDXL/SDXL/test/0_real/entire__sdxl__real__000000493448.jpg
237,SDXL,3787,SDXL/SDXL/test/1_fake/entire__sdxl__fake__000000084324.jpg
237,SDXL,3788,SDXL/SDXL/test/0_real/entire__sdxl__real__000000513494.jpg
237,SDXL,3789,SDXL/SDXL/test/1_fake/entire__sdxl__fake__000000234684.jpg
237,SDXL,3790,SDXL/SDXL/test/1_fake/entire__sdxl__fake__000000080091.jpg
237,SDXL,3791,SDXL/SDXL/test/1_fake/entire__sdxl__fake__000000025896.jpg
237,SDXL,3792,SDXL/SDXL/test/0_real/entire__sdxl__real__000000227947.jpg
237,SDXL,3793,SDXL/SDXL/test/0_real/entire__sdxl__real__000000463856.jpg
237,SDXL,3794,SDXL/SDXL/test/1_fake/entire__sdxl__fake__000000385118.jpg
237,SDXL,3795,SDXL/SDXL/test/1_fake/entire__sdxl__fake__000000022208.jpg
237,SDXL,3796,SDXL/SDXL/test/0_real/entire__sdxl__real__000000254800.jpg
237,SDXL,3797,SDXL/SDXL/test/0_real/entire__sdxl__real__000000324635.jpg
237,SDXL,3798,SDXL/SDXL/test/0_real/entire__sdxl__real__000000376988.jpg
237,SDXL,3799,SDXL/SDXL/test/0_real/entire__sdxl__real__000000424412.jpg
238,SDXL,3800,SDXL/SDXL/test/0_real/entire__sdxl__real__000000015074.jpg
238,SDXL,3801,SDXL/SDXL/test/1_fake/entire__sdxl__fake__000000571396.jpg
238,SDXL,3802,SDXL/SDXL/test/0_real/entire__sdxl__real__000000380949.jpg
238,SDXL,3803,SDXL/SDXL/test/1_fake/entire__sdxl__fake__000000255232.jpg
238,SDXL,3804,SDXL/SDXL/test/1_fake/entire__sdxl__fake__000000016805.jpg
238,SDXL,3805,SDXL/SDXL/test/1_fake/entire__sdxl__fake__000000430166.jpg
238,SDXL,3806,SDXL/SDXL/test/1_fake/entire__sdxl__fake__000000534112.jpg
238,SDXL,3807,SDXL/SDXL/test/0_real/entire__sdxl__real__000000449599.jpg
238,SDXL,3808,SDXL/SDXL/test/0_real/entire__sdxl__real__000000083487.jpg
238,SDXL,3809,SDXL/SDXL/test/0_real/entire__sdxl__real__000000266455.jpg
238,SDXL,3810,SDXL/SDXL/test/1_fake/entire__sdxl__fake__000000125548.jpg
238,SDXL,3811,SDXL/SDXL/test/0_real/entire__sdxl__real__000000421155.jpg
238,SDXL,3812,SDXL/SDXL/test/1_fake/entire__sdxl__fake__000000095903.jpg
238,SDXL,3813,SDXL/SDXL/test/0_real/entire__sdxl__real__000000076430.jpg
238,SDXL,3814,SDXL/SDXL/test/1_fake/entire__sdxl__fake__000000065356.jpg
238,SDXL,3815,SDXL/SDXL/test/0_real/entire__sdxl__real__000000460045.jpg
239,SDXL,3816,SDXL/SDXL/test/1_fake/entire__sdxl__fake__000000477810.jpg
239,SDXL,3817,SDXL/SDXL/test/0_real/entire__sdxl__real__000000407121.jpg
239,SDXL,3818,SDXL/SDXL/test/1_fake/entire__sdxl__fake__000000136145.jpg
239,SDXL,3819,SDXL/SDXL/test/1_fake/entire__sdxl__fake__000000397786.jpg
239,SDXL,3820,SDXL/SDXL/test/1_fake/entire__sdxl__fake__000000289001.jpg
239,SDXL,3821,SDXL/SDXL/test/0_real/entire__sdxl__real__000000442980.jpg
239,SDXL,3822,SDXL/SDXL/test/1_fake/entire__sdxl__fake__000000302399.jpg
239,SDXL,3823,SDXL/SDXL/test/1_fake/entire__sdxl__fake__000000333703.jpg
239,SDXL,3824,SDXL/SDXL/test/0_real/entire__sdxl__real__000000284542.jpg
239,SDXL,3825,SDXL/SDXL/test/1_fake/entire__sdxl__fake__000000213970.jpg
239,SDXL,3826,SDXL/SDXL/test/1_fake/entire__sdxl__fake__000000465780.jpg
239,SDXL,3827,SDXL/SDXL/test/1_fake/entire__sdxl__fake__000000135478.jpg
239,SDXL,3828,SDXL/SDXL/test/0_real/entire__sdxl__real__000000125213.jpg
239,SDXL,3829,SDXL/SDXL/test/0_real/entire__sdxl__real__000000316971.jpg
239,SDXL,3830,SDXL/SDXL/test/1_fake/entire__sdxl__fake__000000018432.jpg
239,SDXL,3831,SDXL/SDXL/test/1_fake/entire__sdxl__fake__000000119438.jpg
240,SDXL,3832,SDXL/SDXL/test/1_fake/entire__sdxl__fake__000000536830.jpg
240,SDXL,3833,SDXL/SDXL/test/1_fake/entire__sdxl__fake__000000559107.jpg
240,SDXL,3834,SDXL/SDXL/test/0_real/entire__sdxl__real__000000561116.jpg
240,SDXL,3835,SDXL/SDXL/test/0_real/entire__sdxl__real__000000476655.jpg
240,SDXL,3836,SDXL/SDXL/test/0_real/entire__sdxl__real__000000555771.jpg
240,SDXL,3837,SDXL/SDXL/test/0_real/entire__sdxl__real__000000581293.jpg
240,SDXL,3838,SDXL/SDXL/test/1_fake/entire__sdxl__fake__000000172056.jpg
240,SDXL,3839,SDXL/SDXL/test/1_fake/entire__sdxl__fake__000000037549.jpg
240,SDXL,3840,SDXL/SDXL/test/1_fake/entire__sdxl__fake__000000230522.jpg
240,SDXL,3841,SDXL/SDXL/test/1_fake/entire__sdxl__fake__000000297039.jpg
240,SDXL,3842,SDXL/SDXL/test/1_fake/entire__sdxl__fake__000000024571.jpg
240,SDXL,3843,SDXL/SDXL/test/1_fake/entire__sdxl__fake__000000430934.jpg
240,SDXL,3844,SDXL/SDXL/test/0_real/entire__sdxl__real__000000408805.jpg
240,SDXL,3845,SDXL/SDXL/test/1_fake/entire__sdxl__fake__000000149376.jpg
240,SDXL,3846,SDXL/SDXL/test/0_real/entire__sdxl__real__000000109622.jpg
240,SDXL,3847,SDXL/SDXL/test/0_real/entire__sdxl__real__000000317733.jpg
241,SDXL,3848,SDXL/SDXL/test/0_real/entire__sdxl__real__000000061717.jpg
241,SDXL,3849,SDXL/SDXL/test/1_fake/entire__sdxl__fake__000000529303.jpg
241,SDXL,3850,SDXL/SDXL/test/0_real/entire__sdxl__real__000000165174.jpg
241,SDXL,3851,SDXL/SDXL/test/0_real/entire__sdxl__real__000000160844.jpg
241,SDXL,3852,SDXL/SDXL/test/1_fake/entire__sdxl__fake__000000579999.jpg
241,SDXL,3853,SDXL/SDXL/test/0_real/entire__sdxl__real__000000040866.jpg
241,SDXL,3854,SDXL/SDXL/test/0_real/entire__sdxl__real__000000004760.jpg
241,SDXL,3855,SDXL/SDXL/test/0_real/entire__sdxl__real__000000065835.jpg
241,SDXL,3856,SDXL/SDXL/test/0_real/entire__sdxl__real__000000413341.jpg
241,SDXL,3857,SDXL/SDXL/test/0_real/entire__sdxl__real__000000266030.jpg
241,SDXL,3858,SDXL/SDXL/test/0_real/entire__sdxl__real__000000373381.jpg
241,SDXL,3859,SDXL/SDXL/test/0_real/entire__sdxl__real__000000320731.jpg
241,SDXL,3860,SDXL/SDXL/test/0_real/entire__sdxl__real__000000064202.jpg
241,SDXL,3861,SDXL/SDXL/test/0_real/entire__sdxl__real__000000581496.jpg
241,SDXL,3862,SDXL/SDXL/test/0_real/entire__sdxl__real__000000543155.jpg
241,SDXL,3863,SDXL/SDXL/test/1_fake/entire__sdxl__fake__000000083452.jpg
242,SDXL,3864,SDXL/SDXL/test/0_real/entire__sdxl__real__000000200381.jpg
242,SDXL,3865,SDXL/SDXL/test/0_real/entire__sdxl__real__000000153130.jpg
242,SDXL,3866,SDXL/SDXL/test/1_fake/entire__sdxl__fake__000000543831.jpg
242,SDXL,3867,SDXL/SDXL/test/1_fake/entire__sdxl__fake__000000557023.jpg
242,SDXL,3868,SDXL/SDXL/test/0_real/entire__sdxl__real__000000015386.jpg
242,SDXL,3869,SDXL/SDXL/test/0_real/entire__sdxl__real__000000554466.jpg
242,SDXL,3870,SDXL/SDXL/test/1_fake/entire__sdxl__fake__000000145570.jpg
242,SDXL,3871,SDXL/SDXL/test/1_fake/entire__sdxl__fake__000000336675.jpg
242,SDXL,3872,SDXL/SDXL/test/0_real/entire__sdxl__real__000000077816.jpg
242,SDXL,3873,SDXL/SDXL/test/0_real/entire__sdxl__real__000000310654.jpg
242,SDXL,3874,SDXL/SDXL/test/0_real/entire__sdxl__real__000000067674.jpg
242,SDXL,3875,SDXL/SDXL/test/1_fake/entire__sdxl__fake__000000183330.jpg
242,SDXL,3876,SDXL/SDXL/test/1_fake/entire__sdxl__fake__000000403652.jpg
242,SDXL,3877,SDXL/SDXL/test/1_fake/entire__sdxl__fake__000000284817.jpg
242,SDXL,3878,SDXL/SDXL/test/0_real/entire__sdxl__real__000000189550.jpg
242,SDXL,3879,SDXL/SDXL/test/0_real/entire__sdxl__real__000000200446.jpg
243,SDXL,3880,SDXL/SDXL/test/0_real/entire__sdxl__real__000000191643.jpg
243,SDXL,3881,SDXL/SDXL/test/0_real/entire__sdxl__real__000000213344.jpg
243,SDXL,3882,SDXL/SDXL/test/1_fake/entire__sdxl__fake__000000496525.jpg
243,SDXL,3883,SDXL/SDXL/test/1_fake/entire__sdxl__fake__000000272048.jpg
243,SDXL,3884,SDXL/SDXL/test/0_real/entire__sdxl__real__000000557220.jpg
243,SDXL,3885,SDXL/SDXL/test/1_fake/entire__sdxl__fake__000000094590.jpg
243,SDXL,3886,SDXL/SDXL/test/0_real/entire__sdxl__real__000000334850.jpg
243,SDXL,3887,SDXL/SDXL/test/0_real/entire__sdxl__real__000000204379.jpg
243,SDXL,3888,SDXL/SDXL/test/1_fake/entire__sdxl__fake__000000023695.jpg
243,SDXL,3889,SDXL/SDXL/test/0_real/entire__sdxl__real__000000409439.jpg
243,SDXL,3890,SDXL/SDXL/test/0_real/entire__sdxl__real__000000214523.jpg
243,SDXL,3891,SDXL/SDXL/test/0_real/entire__sdxl__real__000000170130.jpg
243,SDXL,3892,SDXL/SDXL/test/0_real/entire__sdxl__real__000000334732.jpg
243,SDXL,3893,SDXL/SDXL/test/1_fake/entire__sdxl__fake__000000135577.jpg
243,SDXL,3894,SDXL/SDXL/test/0_real/entire__sdxl__real__000000051478.jpg
243,SDXL,3895,SDXL/SDXL/test/1_fake/entire__sdxl__fake__000000355370.jpg
244,SDXL,3896,SDXL/SDXL/test/0_real/entire__sdxl__real__000000071434.jpg
244,SDXL,3897,SDXL/SDXL/test/0_real/entire__sdxl__real__000000488206.jpg
244,SDXL,3898,SDXL/SDXL/test/0_real/entire__sdxl__real__000000313721.jpg
244,SDXL,3899,SDXL/SDXL/test/1_fake/entire__sdxl__fake__000000292090.jpg
244,SDXL,3900,SDXL/SDXL/test/1_fake/entire__sdxl__fake__000000224117.jpg
244,SDXL,3901,SDXL/SDXL/test/0_real/entire__sdxl__real__000000447119.jpg
244,SDXL,3902,SDXL/SDXL/test/1_fake/entire__sdxl__fake__000000000247.jpg
244,SDXL,3903,SDXL/SDXL/test/1_fake/entire__sdxl__fake__000000122277.jpg
244,SDXL,3904,SDXL/SDXL/test/1_fake/entire__sdxl__fake__000000280360.jpg
244,SDXL,3905,SDXL/SDXL/test/1_fake/entire__sdxl__fake__000000268247.jpg
244,SDXL,3906,SDXL/SDXL/test/0_real/entire__sdxl__real__000000312866.jpg
244,SDXL,3907,SDXL/SDXL/test/1_fake/entire__sdxl__fake__000000504158.jpg
244,SDXL,3908,SDXL/SDXL/test/1_fake/entire__sdxl__fake__000000085623.jpg
244,SDXL,3909,SDXL/SDXL/test/0_real/entire__sdxl__real__000000312506.jpg
244,SDXL,3910,SDXL/SDXL/test/1_fake/entire__sdxl__fake__000000565077.jpg
244,SDXL,3911,SDXL/SDXL/test/1_fake/entire__sdxl__fake__000000078550.jpg
245,SDXL,3912,SDXL/SDXL/test/0_real/entire__sdxl__real__000000116521.jpg
245,SDXL,3913,SDXL/SDXL/test/0_real/entire__sdxl__real__000000523517.jpg
245,SDXL,3914,SDXL/SDXL/test/1_fake/entire__sdxl__fake__000000019198.jpg
245,SDXL,3915,SDXL/SDXL/test/0_real/entire__sdxl__real__000000171180.jpg
245,SDXL,3916,SDXL/SDXL/test/0_real/entire__sdxl__real__000000108566.jpg
245,SDXL,3917,SDXL/SDXL/test/1_fake/entire__sdxl__fake__000000403750.jpg
245,SDXL,3918,SDXL/SDXL/test/1_fake/entire__sdxl__fake__000000319440.jpg
245,SDXL,3919,SDXL/SDXL/test/0_real/entire__sdxl__real__000000187240.jpg
245,SDXL,3920,SDXL/SDXL/test/1_fake/entire__sdxl__fake__000000357837.jpg
245,SDXL,3921,SDXL/SDXL/test/1_fake/entire__sdxl__fake__000000204381.jpg
245,SDXL,3922,SDXL/SDXL/test/1_fake/entire__sdxl__fake__000000035826.jpg
245,SDXL,3923,SDXL/SDXL/test/1_fake/entire__sdxl__fake__000000018336.jpg
245,SDXL,3924,SDXL/SDXL/test/1_fake/entire__sdxl__fake__000000347796.jpg
245,SDXL,3925,SDXL/SDXL/test/0_real/entire__sdxl__real__000000316968.jpg
245,SDXL,3926,SDXL/SDXL/test/0_real/entire__sdxl__real__000000497900.jpg
245,SDXL,3927,SDXL/SDXL/test/1_fake/entire__sdxl__fake__000000352739.jpg
246,SDXL,3928,SDXL/SDXL/test/0_real/entire__sdxl__real__000000208994.jpg
246,SDXL,3929,SDXL/SDXL/test/0_real/entire__sdxl__real__000000463495.jpg
246,SDXL,3930,SDXL/SDXL/test/1_fake/entire__sdxl__fake__000000300772.jpg
246,SDXL,3931,SDXL/SDXL/test/1_fake/entire__sdxl__fake__000000558794.jpg
246,SDXL,3932,SDXL/SDXL/test/0_real/entire__sdxl__real__000000166592.jpg
246,SDXL,3933,SDXL/SDXL/test/0_real/entire__sdxl__real__000000173350.jpg
246,SDXL,3934,SDXL/SDXL/test/1_fake/entire__sdxl__fake__000000388250.jpg
246,SDXL,3935,SDXL/SDXL/test/0_real/entire__sdxl__real__000000423016.jpg
246,SDXL,3936,SDXL/SDXL/test/1_fake/entire__sdxl__fake__000000033749.jpg
246,SDXL,3937,SDXL/SDXL/test/0_real/entire__sdxl__real__000000053479.jpg
246,SDXL,3938,SDXL/SDXL/test/1_fake/entire__sdxl__fake__000000163962.jpg
246,SDXL,3939,SDXL/SDXL/test/0_real/entire__sdxl__real__000000514601.jpg
246,SDXL,3940,SDXL/SDXL/test/0_real/entire__sdxl__real__000000545898.jpg
246,SDXL,3941,SDXL/SDXL/test/1_fake/entire__sdxl__fake__000000184905.jpg
246,SDXL,3942,SDXL/SDXL/test/1_fake/entire__sdxl__fake__000000275591.jpg
246,SDXL,3943,SDXL/SDXL/test/0_real/entire__sdxl__real__000000308343.jpg
247,SDXL,3944,SDXL/SDXL/test/1_fake/entire__sdxl__fake__000000452170.jpg
247,SDXL,3945,SDXL/SDXL/test/1_fake/entire__sdxl__fake__000000043933.jpg
247,SDXL,3946,SDXL/SDXL/test/1_fake/entire__sdxl__fake__000000115707.jpg
247,SDXL,3947,SDXL/SDXL/test/0_real/entire__sdxl__real__000000511583.jpg
247,SDXL,3948,SDXL/SDXL/test/0_real/entire__sdxl__real__000000107541.jpg
247,SDXL,3949,SDXL/SDXL/test/0_real/entire__sdxl__real__000000427981.jpg
247,SDXL,3950,SDXL/SDXL/test/0_real/entire__sdxl__real__000000345455.jpg
247,SDXL,3951,SDXL/SDXL/test/0_real/entire__sdxl__real__000000095915.jpg
247,SDXL,3952,SDXL/SDXL/test/0_real/entire__sdxl__real__000000010844.jpg
247,SDXL,3953,SDXL/SDXL/test/0_real/entire__sdxl__real__000000085688.jpg
247,SDXL,3954,SDXL/SDXL/test/1_fake/entire__sdxl__fake__000000211205.jpg
247,SDXL,3955,SDXL/SDXL/test/1_fake/entire__sdxl__fake__000000087248.jpg
247,SDXL,3956,SDXL/SDXL/test/0_real/entire__sdxl__real__000000472054.jpg
247,SDXL,3957,SDXL/SDXL/test/0_real/entire__sdxl__real__000000179667.jpg
247,SDXL,3958,SDXL/SDXL/test/0_real/entire__sdxl__real__000000383786.jpg
247,SDXL,3959,SDXL/SDXL/test/1_fake/entire__sdxl__fake__000000006709.jpg
248,SDXL,3960,SDXL/SDXL/test/1_fake/entire__sdxl__fake__000000523599.jpg
248,SDXL,3961,SDXL/SDXL/test/0_real/entire__sdxl__real__000000149364.jpg
248,SDXL,3962,SDXL/SDXL/test/1_fake/entire__sdxl__fake__000000511724.jpg
248,SDXL,3963,SDXL/SDXL/test/0_real/entire__sdxl__real__000000409953.jpg
248,SDXL,3964,SDXL/SDXL/test/0_real/entire__sdxl__real__000000157942.jpg
248,SDXL,3965,SDXL/SDXL/test/0_real/entire__sdxl__real__000000334585.jpg
248,SDXL,3966,SDXL/SDXL/test/0_real/entire__sdxl__real__000000139782.jpg
248,SDXL,3967,SDXL/SDXL/test/1_fake/entire__sdxl__fake__000000409022.jpg
248,SDXL,3968,SDXL/SDXL/test/1_fake/entire__sdxl__fake__000000422268.jpg
248,SDXL,3969,SDXL/SDXL/test/1_fake/entire__sdxl__fake__000000080316.jpg
248,SDXL,3970,SDXL/SDXL/test/1_fake/entire__sdxl__fake__000000060117.jpg
248,SDXL,3971,SDXL/SDXL/test/1_fake/entire__sdxl__fake__000000493067.jpg
248,SDXL,3972,SDXL/SDXL/test/1_fake/entire__sdxl__fake__000000233748.jpg
248,SDXL,3973,SDXL/SDXL/test/0_real/entire__sdxl__real__000000522527.jpg
248,SDXL,3974,SDXL/SDXL/test/0_real/entire__sdxl__real__000000350171.jpg
248,SDXL,3975,SDXL/SDXL/test/0_real/entire__sdxl__real__000000049740.jpg
249,SDXL,3976,SDXL/SDXL/test/1_fake/entire__sdxl__fake__000000331085.jpg
249,SDXL,3977,SDXL/SDXL/test/0_real/entire__sdxl__real__000000570128.jpg
249,SDXL,3978,SDXL/SDXL/test/0_real/entire__sdxl__real__000000014044.jpg
249,SDXL,3979,SDXL/SDXL/test/0_real/entire__sdxl__real__000000011712.jpg
249,SDXL,3980,SDXL/SDXL/test/1_fake/entire__sdxl__fake__000000103108.jpg
249,SDXL,3981,SDXL/SDXL/test/0_real/entire__sdxl__real__000000055066.jpg
249,SDXL,3982,SDXL/SDXL/test/1_fake/entire__sdxl__fake__000000391584.jpg
249,SDXL,3983,SDXL/SDXL/test/0_real/entire__sdxl__real__000000264771.jpg
249,SDXL,3984,SDXL/SDXL/test/0_real/entire__sdxl__real__000000396660.jpg
249,SDXL,3985,SDXL/SDXL/test/0_real/entire__sdxl__real__000000074591.jpg
249,SDXL,3986,SDXL/SDXL/test/0_real/entire__sdxl__real__000000247098.jpg
249,SDXL,3987,SDXL/SDXL/test/0_real/entire__sdxl__real__000000396116.jpg
249,SDXL,3988,SDXL/SDXL/test/1_fake/entire__sdxl__fake__000000117701.jpg
249,SDXL,3989,SDXL/SDXL/test/1_fake/entire__sdxl__fake__000000581351.jpg
249,SDXL,3990,SDXL/SDXL/test/0_real/entire__sdxl__real__000000334699.jpg
249,SDXL,3991,SDXL/SDXL/test/1_fake/entire__sdxl__fake__000000391139.jpg
250,SDXL,3992,SDXL/SDXL/test/1_fake/entire__sdxl__fake__000000213555.jpg
250,SDXL,3993,SDXL/SDXL/test/0_real/entire__sdxl__real__000000406885.jpg
250,SDXL,3994,SDXL/SDXL/test/0_real/entire__sdxl__real__000000416322.jpg
250,SDXL,3995,SDXL/SDXL/test/0_real/entire__sdxl__real__000000163351.jpg
250,SDXL,3996,SDXL/SDXL/test/0_real/entire__sdxl__real__000000483059.jpg
250,SDXL,3997,SDXL/SDXL/test/1_fake/entire__sdxl__fake__000000200304.jpg
250,SDXL,3998,SDXL/SDXL/test/0_real/entire__sdxl__real__000000125513.jpg
250,SDXL,3999,SDXL/SDXL/test/1_fake/entire__sdxl__fake__000000074838.jpg
250,SDXL,4000,SDXL/SDXL/test/1_fake/entire__sdxl__fake__000000158043.jpg
250,SDXL,4001,SDXL/SDXL/test/0_real/entire__sdxl__real__000000027544.jpg
250,SDXL,4002,SDXL/SDXL/test/1_fake/entire__sdxl__fake__000000531377.jpg
250,SDXL,4003,SDXL/SDXL/test/1_fake/entire__sdxl__fake__000000298983.jpg
250,SDXL,4004,SDXL/SDXL/test/0_real/entire__sdxl__real__000000523599.jpg
250,SDXL,4005,SDXL/SDXL/test/0_real/entire__sdxl__real__000000493500.jpg
250,SDXL,4006,SDXL/SDXL/test/1_fake/entire__sdxl__fake__000000099389.jpg
250,SDXL,4007,SDXL/SDXL/test/1_fake/entire__sdxl__fake__000000026233.jpg
251,SDXL,4008,SDXL/SDXL/test/1_fake/entire__sdxl__fake__000000142735.jpg
251,SDXL,4009,SDXL/SDXL/test/0_real/entire__sdxl__real__000000499486.jpg
251,SDXL,4010,SDXL/SDXL/test/0_real/entire__sdxl__real__000000500018.jpg
251,SDXL,4011,SDXL/SDXL/test/0_real/entire__sdxl__real__000000238618.jpg
251,SDXL,4012,SDXL/SDXL/test/0_real/entire__sdxl__real__000000352375.jpg
251,SDXL,4013,SDXL/SDXL/test/0_real/entire__sdxl__real__000000358770.jpg
251,SDXL,4014,SDXL/SDXL/test/0_real/entire__sdxl__real__000000260635.jpg
251,SDXL,4015,SDXL/SDXL/test/0_real/entire__sdxl__real__000000061803.jpg
251,SDXL,4016,SDXL/SDXL/test/0_real/entire__sdxl__real__000000468115.jpg
251,SDXL,4017,SDXL/SDXL/test/1_fake/entire__sdxl__fake__000000449508.jpg
251,SDXL,4018,SDXL/SDXL/test/0_real/entire__sdxl__real__000000128602.jpg
251,SDXL,4019,SDXL/SDXL/test/1_fake/entire__sdxl__fake__000000094422.jpg
251,SDXL,4020,SDXL/SDXL/test/0_real/entire__sdxl__real__000000508119.jpg
251,SDXL,4021,SDXL/SDXL/test/0_real/entire__sdxl__real__000000390348.jpg
251,SDXL,4022,SDXL/SDXL/test/1_fake/entire__sdxl__fake__000000350115.jpg
251,SDXL,4023,SDXL/SDXL/test/1_fake/entire__sdxl__fake__000000264365.jpg
252,SDXL,4024,SDXL/SDXL/test/1_fake/entire__sdxl__fake__000000182957.jpg
252,SDXL,4025,SDXL/SDXL/test/0_real/entire__sdxl__real__000000267578.jpg
252,SDXL,4026,SDXL/SDXL/test/0_real/entire__sdxl__real__000000089487.jpg
252,SDXL,4027,SDXL/SDXL/test/1_fake/entire__sdxl__fake__000000426631.jpg
252,SDXL,4028,SDXL/SDXL/test/1_fake/entire__sdxl__fake__000000400916.jpg
252,SDXL,4029,SDXL/SDXL/test/1_fake/entire__sdxl__fake__000000487957.jpg
252,SDXL,4030,SDXL/SDXL/test/0_real/entire__sdxl__real__000000207489.jpg
252,SDXL,4031,SDXL/SDXL/test/1_fake/entire__sdxl__fake__000000130981.jpg
252,SDXL,4032,SDXL/SDXL/test/0_real/entire__sdxl__real__000000045586.jpg
252,SDXL,4033,SDXL/SDXL/test/1_fake/entire__sdxl__fake__000000422121.jpg
252,SDXL,4034,SDXL/SDXL/test/0_real/entire__sdxl__real__000000419333.jpg
252,SDXL,4035,SDXL/SDXL/test/0_real/entire__sdxl__real__000000327675.jpg
252,SDXL,4036,SDXL/SDXL/test/0_real/entire__sdxl__real__000000371490.jpg
252,SDXL,4037,SDXL/SDXL/test/0_real/entire__sdxl__real__000000496431.jpg
252,SDXL,4038,SDXL/SDXL/test/1_fake/entire__sdxl__fake__000000099081.jpg
252,SDXL,4039,SDXL/SDXL/test/0_real/entire__sdxl__real__000000233543.jpg
253,SDXL,4040,SDXL/SDXL/test/1_fake/entire__sdxl__fake__000000043210.jpg
253,SDXL,4041,SDXL/SDXL/test/0_real/entire__sdxl__real__000000507460.jpg
253,SDXL,4042,SDXL/SDXL/test/0_real/entire__sdxl__real__000000537022.jpg
253,SDXL,4043,SDXL/SDXL/test/0_real/entire__sdxl__real__000000495159.jpg
253,SDXL,4044,SDXL/SDXL/test/1_fake/entire__sdxl__fake__000000525607.jpg
253,SDXL,4045,SDXL/SDXL/test/1_fake/entire__sdxl__fake__000000170311.jpg
253,SDXL,4046,SDXL/SDXL/test/0_real/entire__sdxl__real__000000230212.jpg
253,SDXL,4047,SDXL/SDXL/test/0_real/entire__sdxl__real__000000140954.jpg
253,SDXL,4048,SDXL/SDXL/test/0_real/entire__sdxl__real__000000145831.jpg
253,SDXL,4049,SDXL/SDXL/test/1_fake/entire__sdxl__fake__000000185991.jpg
253,SDXL,4050,SDXL/SDXL/test/0_real/entire__sdxl__real__000000129563.jpg
253,SDXL,4051,SDXL/SDXL/test/0_real/entire__sdxl__real__000000283729.jpg
253,SDXL,4052,SDXL/SDXL/test/0_real/entire__sdxl__real__000000126536.jpg
253,SDXL,4053,SDXL/SDXL/test/1_fake/entire__sdxl__fake__000000483489.jpg
253,SDXL,4054,SDXL/SDXL/test/0_real/entire__sdxl__real__000000577631.jpg
253,SDXL,4055,SDXL/SDXL/test/0_real/entire__sdxl__real__000000080336.jpg
254,SDXL,4056,SDXL/SDXL/test/0_real/entire__sdxl__real__000000175756.jpg
254,SDXL,4057,SDXL/SDXL/test/1_fake/entire__sdxl__fake__000000169600.jpg
254,SDXL,4058,SDXL/SDXL/test/0_real/entire__sdxl__real__000000549644.jpg
254,SDXL,4059,SDXL/SDXL/test/0_real/entire__sdxl__real__000000085028.jpg
254,SDXL,4060,SDXL/SDXL/test/1_fake/entire__sdxl__fake__000000394891.jpg
254,SDXL,4061,SDXL/SDXL/test/1_fake/entire__sdxl__fake__000000209102.jpg
254,SDXL,4062,SDXL/SDXL/test/0_real/entire__sdxl__real__000000333613.jpg
254,SDXL,4063,SDXL/SDXL/test/0_real/entire__sdxl__real__000000106750.jpg
254,SDXL,4064,SDXL/SDXL/test/0_real/entire__sdxl__real__000000201891.jpg
254,SDXL,4065,SDXL/SDXL/test/1_fake/entire__sdxl__fake__000000000636.jpg
254,SDXL,4066,SDXL/SDXL/test/0_real/entire__sdxl__real__000000005356.jpg
254,SDXL,4067,SDXL/SDXL/test/1_fake/entire__sdxl__fake__000000347876.jpg
254,SDXL,4068,SDXL/SDXL/test/0_real/entire__sdxl__real__000000416778.jpg
254,SDXL,4069,SDXL/SDXL/test/1_fake/entire__sdxl__fake__000000241747.jpg
254,SDXL,4070,SDXL/SDXL/test/0_real/entire__sdxl__real__000000311562.jpg
254,SDXL,4071,SDXL/SDXL/test/0_real/entire__sdxl__real__000000104792.jpg
255,SDXL,4072,SDXL/SDXL/test/1_fake/entire__sdxl__fake__000000400241.jpg
255,SDXL,4073,SDXL/SDXL/test/0_real/entire__sdxl__real__000000353412.jpg
255,SDXL,4074,SDXL/SDXL/test/1_fake/entire__sdxl__fake__000000485367.jpg
255,SDXL,4075,SDXL/SDXL/test/1_fake/entire__sdxl__fake__000000316365.jpg
255,SDXL,4076,SDXL/SDXL/test/1_fake/entire__sdxl__fake__000000185494.jpg
255,SDXL,4077,SDXL/SDXL/test/1_fake/entire__sdxl__fake__000000111142.jpg
255,SDXL,4078,SDXL/SDXL/test/0_real/entire__sdxl__real__000000538497.jpg
255,SDXL,4079,SDXL/SDXL/test/1_fake/entire__sdxl__fake__000000093641.jpg
255,SDXL,4080,SDXL/SDXL/test/1_fake/entire__sdxl__fake__000000430750.jpg
255,SDXL,4081,SDXL/SDXL/test/0_real/entire__sdxl__real__000000194847.jpg
255,SDXL,4082,SDXL/SDXL/test/0_real/entire__sdxl__real__000000053255.jpg
255,SDXL,4083,SDXL/SDXL/test/1_fake/entire__sdxl__fake__000000484681.jpg
255,SDXL,4084,SDXL/SDXL/test/0_real/entire__sdxl__real__000000374401.jpg
255,SDXL,4085,SDXL/SDXL/test/1_fake/entire__sdxl__fake__000000360152.jpg
255,SDXL,4086,SDXL/SDXL/test/1_fake/entire__sdxl__fake__000000235700.jpg
255,SDXL,4087,SDXL/SDXL/test/0_real/entire__sdxl__real__000000534428.jpg
256,SDXL,4088,SDXL/SDXL/test/0_real/entire__sdxl__real__000000250594.jpg
256,SDXL,4089,SDXL/SDXL/test/1_fake/entire__sdxl__fake__000000307262.jpg
256,SDXL,4090,SDXL/SDXL/test/0_real/entire__sdxl__real__000000075527.jpg
256,SDXL,4091,SDXL/SDXL/test/0_real/entire__sdxl__real__000000208752.jpg
256,SDXL,4092,SDXL/SDXL/test/0_real/entire__sdxl__real__000000394554.jpg
256,SDXL,4093,SDXL/SDXL/test/1_fake/entire__sdxl__fake__000000566697.jpg
256,SDXL,4094,SDXL/SDXL/test/1_fake/entire__sdxl__fake__000000334782.jpg
256,SDXL,4095,SDXL/SDXL/test/0_real/entire__sdxl__real__000000281060.jpg
256,SDXL,4096,SDXL/SDXL/test/0_real/entire__sdxl__real__000000281029.jpg
256,SDXL,4097,SDXL/SDXL/test/1_fake/entire__sdxl__fake__000000505642.jpg
256,SDXL,4098,SDXL/SDXL/test/0_real/entire__sdxl__real__000000122542.jpg
256,SDXL,4099,SDXL/SDXL/test/0_real/entire__sdxl__real__000000154259.jpg
256,SDXL,4100,SDXL/SDXL/test/1_fake/entire__sdxl__fake__000000392850.jpg
256,SDXL,4101,SDXL/SDXL/test/1_fake/entire__sdxl__fake__000000374490.jpg
256,SDXL,4102,SDXL/SDXL/test/0_real/entire__sdxl__real__000000334056.jpg
256,SDXL,4103,SDXL/SDXL/test/0_real/entire__sdxl__real__000000450587.jpg
257,SDXL,4104,SDXL/SDXL/test/1_fake/entire__sdxl__fake__000000574356.jpg
257,SDXL,4105,SDXL/SDXL/test/1_fake/entire__sdxl__fake__000000385658.jpg
257,SDXL,4106,SDXL/SDXL/test/1_fake/entire__sdxl__fake__000000163451.jpg
257,SDXL,4107,SDXL/SDXL/test/0_real/entire__sdxl__real__000000415322.jpg
257,SDXL,4108,SDXL/SDXL/test/1_fake/entire__sdxl__fake__000000009479.jpg
257,SDXL,4109,SDXL/SDXL/test/0_real/entire__sdxl__real__000000571694.jpg
257,SDXL,4110,SDXL/SDXL/test/0_real/entire__sdxl__real__000000380432.jpg
257,SDXL,4111,SDXL/SDXL/test/1_fake/entire__sdxl__fake__000000146510.jpg
257,SDXL,4112,SDXL/SDXL/test/0_real/entire__sdxl__real__000000070755.jpg
257,SDXL,4113,SDXL/SDXL/test/0_real/entire__sdxl__real__000000035382.jpg
257,SDXL,4114,SDXL/SDXL/test/1_fake/entire__sdxl__fake__000000532501.jpg
257,SDXL,4115,SDXL/SDXL/test/1_fake/entire__sdxl__fake__000000428231.jpg
257,SDXL,4116,SDXL/SDXL/test/0_real/entire__sdxl__real__000000317172.jpg
257,SDXL,4117,SDXL/SDXL/test/0_real/entire__sdxl__real__000000544263.jpg
257,SDXL,4118,SDXL/SDXL/test/1_fake/entire__sdxl__fake__000000261942.jpg
257,SDXL,4119,SDXL/SDXL/test/0_real/entire__sdxl__real__000000025293.jpg
258,SDXL,4120,SDXL/SDXL/test/0_real/entire__sdxl__real__000000115911.jpg
258,SDXL,4121,SDXL/SDXL/test/1_fake/entire__sdxl__fake__000000406934.jpg
258,SDXL,4122,SDXL/SDXL/test/0_real/entire__sdxl__real__000000189323.jpg
258,SDXL,4123,SDXL/SDXL/test/1_fake/entire__sdxl__fake__000000132698.jpg
258,SDXL,4124,SDXL/SDXL/test/0_real/entire__sdxl__real__000000515820.jpg
258,SDXL,4125,SDXL/SDXL/test/0_real/entire__sdxl__real__000000024343.jpg
258,SDXL,4126,SDXL/SDXL/test/1_fake/entire__sdxl__fake__000000313543.jpg
258,SDXL,4127,SDXL/SDXL/test/0_real/entire__sdxl__real__000000020456.jpg
258,SDXL,4128,SDXL/SDXL/test/1_fake/entire__sdxl__fake__000000283180.jpg
258,SDXL,4129,SDXL/SDXL/test/0_real/entire__sdxl__real__000000523211.jpg
258,SDXL,4130,SDXL/SDXL/test/1_fake/entire__sdxl__fake__000000246270.jpg
258,SDXL,4131,SDXL/SDXL/test/1_fake/entire__sdxl__fake__000000407065.jpg
258,SDXL,4132,SDXL/SDXL/test/1_fake/entire__sdxl__fake__000000257683.jpg
258,SDXL,4133,SDXL/SDXL/test/0_real/entire__sdxl__real__000000272185.jpg
258,SDXL,4134,SDXL/SDXL/test/0_real/entire__sdxl__real__000000151609.jpg
258,SDXL,4135,SDXL/SDXL/test/1_fake/entire__sdxl__fake__000000026162.jpg
259,SDXL,4136,SDXL/SDXL/test/0_real/entire__sdxl__real__000000068403.jpg
259,SDXL,4137,SDXL/SDXL/test/1_fake/entire__sdxl__fake__000000347445.jpg
259,SDXL,4138,SDXL/SDXL/test/0_real/entire__sdxl__real__000000125348.jpg
259,SDXL,4139,SDXL/SDXL/test/1_fake/entire__sdxl__fake__000000170118.jpg
259,SDXL,4140,SDXL/SDXL/test/1_fake/entire__sdxl__fake__000000214373.jpg
259,SDXL,4141,SDXL/SDXL/test/0_real/entire__sdxl__real__000000447613.jpg
259,SDXL,4142,SDXL/SDXL/test/0_real/entire__sdxl__real__000000578856.jpg
259,SDXL,4143,SDXL/SDXL/test/0_real/entire__sdxl__real__000000385075.jpg
259,SDXL,4144,SDXL/SDXL/test/1_fake/entire__sdxl__fake__000000024019.jpg
259,SDXL,4145,SDXL/SDXL/test/0_real/entire__sdxl__real__000000237626.jpg
259,SDXL,4146,SDXL/SDXL/test/1_fake/entire__sdxl__fake__000000234673.jpg
259,SDXL,4147,SDXL/SDXL/test/1_fake/entire__sdxl__fake__000000275502.jpg
259,SDXL,4148,SDXL/SDXL/test/1_fake/entire__sdxl__fake__000000355922.jpg
259,SDXL,4149,SDXL/SDXL/test/1_fake/entire__sdxl__fake__000000398925.jpg
259,SDXL,4150,SDXL/SDXL/test/0_real/entire__sdxl__real__000000210812.jpg
259,SDXL,4151,SDXL/SDXL/test/1_fake/entire__sdxl__fake__000000215026.jpg
260,SDXL,4152,SDXL/SDXL/test/1_fake/entire__sdxl__fake__000000003799.jpg
260,SDXL,4153,SDXL/SDXL/test/1_fake/entire__sdxl__fake__000000082449.jpg
260,SDXL,4154,SDXL/SDXL/test/0_real/entire__sdxl__real__000000339384.jpg
260,SDXL,4155,SDXL/SDXL/test/0_real/entire__sdxl__real__000000020018.jpg
260,SDXL,4156,SDXL/SDXL/test/1_fake/entire__sdxl__fake__000000022281.jpg
260,SDXL,4157,SDXL/SDXL/test/1_fake/entire__sdxl__fake__000000415724.jpg
260,SDXL,4158,SDXL/SDXL/test/1_fake/entire__sdxl__fake__000000461430.jpg
260,SDXL,4159,SDXL/SDXL/test/1_fake/entire__sdxl__fake__000000513888.jpg
260,SDXL,4160,SDXL/SDXL/test/0_real/entire__sdxl__real__000000112604.jpg
260,SDXL,4161,SDXL/SDXL/test/0_real/entire__sdxl__real__000000031451.jpg
260,SDXL,4162,SDXL/SDXL/test/1_fake/entire__sdxl__fake__000000493081.jpg
260,SDXL,4163,SDXL/SDXL/test/0_real/entire__sdxl__real__000000480720.jpg
260,SDXL,4164,SDXL/SDXL/test/1_fake/entire__sdxl__fake__000000364592.jpg
260,SDXL,4165,SDXL/SDXL/test/1_fake/entire__sdxl__fake__000000195716.jpg
260,SDXL,4166,SDXL/SDXL/test/1_fake/entire__sdxl__fake__000000027792.jpg
260,SDXL,4167,SDXL/SDXL/test/0_real/entire__sdxl__real__000000352895.jpg
261,SDXL,4168,SDXL/SDXL/test/1_fake/entire__sdxl__fake__000000010407.jpg
261,SDXL,4169,SDXL/SDXL/test/1_fake/entire__sdxl__fake__000000195406.jpg
261,SDXL,4170,SDXL/SDXL/test/1_fake/entire__sdxl__fake__000000115365.jpg
261,SDXL,4171,SDXL/SDXL/test/1_fake/entire__sdxl__fake__000000012766.jpg
261,SDXL,4172,SDXL/SDXL/test/0_real/entire__sdxl__real__000000338120.jpg
261,SDXL,4173,SDXL/SDXL/test/0_real/entire__sdxl__real__000000567944.jpg
261,SDXL,4174,SDXL/SDXL/test/0_real/entire__sdxl__real__000000538058.jpg
261,SDXL,4175,SDXL/SDXL/test/1_fake/entire__sdxl__fake__000000134032.jpg
261,SDXL,4176,SDXL/SDXL/test/0_real/entire__sdxl__real__000000332087.jpg
261,SDXL,4177,SDXL/SDXL/test/0_real/entire__sdxl__real__000000151832.jpg
261,SDXL,4178,SDXL/SDXL/test/0_real/entire__sdxl__real__000000137745.jpg
261,SDXL,4179,SDXL/SDXL/test/1_fake/entire__sdxl__fake__000000400285.jpg
261,SDXL,4180,SDXL/SDXL/test/0_real/entire__sdxl__real__000000051156.jpg
261,SDXL,4181,SDXL/SDXL/test/0_real/entire__sdxl__real__000000473508.jpg
261,SDXL,4182,SDXL/SDXL/test/0_real/entire__sdxl__real__000000029091.jpg
261,SDXL,4183,SDXL/SDXL/test/0_real/entire__sdxl__real__000000036614.jpg
262,SDXL,4184,SDXL/SDXL/test/1_fake/entire__sdxl__fake__000000414750.jpg
262,SDXL,4185,SDXL/SDXL/test/0_real/entire__sdxl__real__000000065426.jpg
262,SDXL,4186,SDXL/SDXL/test/1_fake/entire__sdxl__fake__000000294990.jpg
262,SDXL,4187,SDXL/SDXL/test/0_real/entire__sdxl__real__000000234603.jpg
262,SDXL,4188,SDXL/SDXL/test/0_real/entire__sdxl__real__000000396596.jpg
262,SDXL,4189,SDXL/SDXL/test/0_real/entire__sdxl__real__000000108208.jpg
262,SDXL,4190,SDXL/SDXL/test/1_fake/entire__sdxl__fake__000000080892.jpg
262,SDXL,4191,SDXL/SDXL/test/1_fake/entire__sdxl__fake__000000114886.jpg
262,SDXL,4192,SDXL/SDXL/test/0_real/entire__sdxl__real__000000010710.jpg
262,SDXL,4193,SDXL/SDXL/test/1_fake/entire__sdxl__fake__000000059022.jpg
262,SDXL,4194,SDXL/SDXL/test/0_real/entire__sdxl__real__000000488894.jpg
262,SDXL,4195,SDXL/SDXL/test/1_fake/entire__sdxl__fake__000000550760.jpg
262,SDXL,4196,SDXL/SDXL/test/0_real/entire__sdxl__real__000000066126.jpg
262,SDXL,4197,SDXL/SDXL/test/1_fake/entire__sdxl__fake__000000021338.jpg
262,SDXL,4198,SDXL/SDXL/test/0_real/entire__sdxl__real__000000403826.jpg
262,SDXL,4199,SDXL/SDXL/test/0_real/entire__sdxl__real__000000442322.jpg
263,SDXL,4200,SDXL/SDXL/test/0_real/entire__sdxl__real__000000236868.jpg
263,SDXL,4201,SDXL/SDXL/test/1_fake/entire__sdxl__fake__000000233266.jpg
263,SDXL,4202,SDXL/SDXL/test/1_fake/entire__sdxl__fake__000000501493.jpg
263,SDXL,4203,SDXL/SDXL/test/1_fake/entire__sdxl__fake__000000293574.jpg
263,SDXL,4204,SDXL/SDXL/test/0_real/entire__sdxl__real__000000333314.jpg
263,SDXL,4205,SDXL/SDXL/test/1_fake/entire__sdxl__fake__000000543600.jpg
263,SDXL,4206,SDXL/SDXL/test/0_real/entire__sdxl__real__000000304684.jpg
263,SDXL,4207,SDXL/SDXL/test/1_fake/entire__sdxl__fake__000000090387.jpg
263,SDXL,4208,SDXL/SDXL/test/1_fake/entire__sdxl__fake__000000501936.jpg
263,SDXL,4209,SDXL/SDXL/test/0_real/entire__sdxl__real__000000127834.jpg
263,SDXL,4210,SDXL/SDXL/test/0_real/entire__sdxl__real__000000580711.jpg
263,SDXL,4211,SDXL/SDXL/test/1_fake/entire__sdxl__fake__000000359405.jpg
263,SDXL,4212,SDXL/SDXL/test/0_real/entire__sdxl__real__000000486227.jpg
263,SDXL,4213,SDXL/SDXL/test/0_real/entire__sdxl__real__000000297607.jpg
263,SDXL,4214,SDXL/SDXL/test/1_fake/entire__sdxl__fake__000000048821.jpg
263,SDXL,4215,SDXL/SDXL/test/1_fake/entire__sdxl__fake__000000231720.jpg
264,SDXL,4216,SDXL/SDXL/test/1_fake/entire__sdxl__fake__000000034820.jpg
264,SDXL,4217,SDXL/SDXL/test/0_real/entire__sdxl__real__000000437862.jpg
264,SDXL,4218,SDXL/SDXL/test/1_fake/entire__sdxl__fake__000000410655.jpg
264,SDXL,4219,SDXL/SDXL/test/1_fake/entire__sdxl__fake__000000250593.jpg
264,SDXL,4220,SDXL/SDXL/test/0_real/entire__sdxl__real__000000535933.jpg
264,SDXL,4221,SDXL/SDXL/test/1_fake/entire__sdxl__fake__000000127313.jpg
264,SDXL,4222,SDXL/SDXL/test/0_real/entire__sdxl__real__000000558608.jpg
264,SDXL,4223,SDXL/SDXL/test/0_real/entire__sdxl__real__000000291189.jpg
264,SDXL,4224,SDXL/SDXL/test/1_fake/entire__sdxl__fake__000000432333.jpg
264,SDXL,4225,SDXL/SDXL/test/1_fake/entire__sdxl__fake__000000481954.jpg
264,SDXL,4226,SDXL/SDXL/test/1_fake/entire__sdxl__fake__000000308589.jpg
264,SDXL,4227,SDXL/SDXL/test/0_real/entire__sdxl__real__000000532531.jpg
264,SDXL,4228,SDXL/SDXL/test/0_real/entire__sdxl__real__000000395890.jpg
264,SDXL,4229,SDXL/SDXL/test/0_real/entire__sdxl__real__000000451533.jpg
264,SDXL,4230,SDXL/SDXL/test/0_real/entire__sdxl__real__000000417142.jpg
264,SDXL,4231,SDXL/SDXL/test/1_fake/entire__sdxl__fake__000000300040.jpg
265,SDXL,4232,SDXL/SDXL/test/1_fake/entire__sdxl__fake__000000298680.jpg
265,SDXL,4233,SDXL/SDXL/test/0_real/entire__sdxl__real__000000262810.jpg
265,SDXL,4234,SDXL/SDXL/test/1_fake/entire__sdxl__fake__000000249616.jpg
265,SDXL,4235,SDXL/SDXL/test/1_fake/entire__sdxl__fake__000000204525.jpg
265,SDXL,4236,SDXL/SDXL/test/1_fake/entire__sdxl__fake__000000569997.jpg
265,SDXL,4237,SDXL/SDXL/test/1_fake/entire__sdxl__fake__000000516248.jpg
265,SDXL,4238,SDXL/SDXL/test/1_fake/entire__sdxl__fake__000000360525.jpg
265,SDXL,4239,SDXL/SDXL/test/1_fake/entire__sdxl__fake__000000177726.jpg
265,SDXL,4240,SDXL/SDXL/test/1_fake/entire__sdxl__fake__000000205681.jpg
265,SDXL,4241,SDXL/SDXL/test/1_fake/entire__sdxl__fake__000000338121.jpg
265,SDXL,4242,SDXL/SDXL/test/1_fake/entire__sdxl__fake__000000334170.jpg
265,SDXL,4243,SDXL/SDXL/test/0_real/entire__sdxl__real__000000061054.jpg
265,SDXL,4244,SDXL/SDXL/test/1_fake/entire__sdxl__fake__000000203416.jpg
265,SDXL,4245,SDXL/SDXL/test/1_fake/entire__sdxl__fake__000000077297.jpg
265,SDXL,4246,SDXL/SDXL/test/1_fake/entire__sdxl__fake__000000004700.jpg
265,SDXL,4247,SDXL/SDXL/test/1_fake/entire__sdxl__fake__000000414894.jpg
266,SDXL,4248,SDXL/SDXL/test/0_real/entire__sdxl__real__000000549556.jpg
266,SDXL,4249,SDXL/SDXL/test/1_fake/entire__sdxl__fake__000000009057.jpg
266,SDXL,4250,SDXL/SDXL/test/0_real/entire__sdxl__real__000000323734.jpg
266,SDXL,4251,SDXL/SDXL/test/1_fake/entire__sdxl__fake__000000327770.jpg
266,SDXL,4252,SDXL/SDXL/test/0_real/entire__sdxl__real__000000172478.jpg
266,SDXL,4253,SDXL/SDXL/test/1_fake/entire__sdxl__fake__000000407810.jpg
266,SDXL,4254,SDXL/SDXL/test/0_real/entire__sdxl__real__000000572413.jpg
266,SDXL,4255,SDXL/SDXL/test/0_real/entire__sdxl__real__000000407214.jpg
266,SDXL,4256,SDXL/SDXL/test/1_fake/entire__sdxl__fake__000000010711.jpg
266,SDXL,4257,SDXL/SDXL/test/1_fake/entire__sdxl__fake__000000186500.jpg
266,SDXL,4258,SDXL/SDXL/test/0_real/entire__sdxl__real__000000248250.jpg
266,SDXL,4259,SDXL/SDXL/test/0_real/entire__sdxl__real__000000231119.jpg
266,SDXL,4260,SDXL/SDXL/test/0_real/entire__sdxl__real__000000450653.jpg
266,SDXL,4261,SDXL/SDXL/test/1_fake/entire__sdxl__fake__000000506231.jpg
266,SDXL,4262,SDXL/SDXL/test/1_fake/entire__sdxl__fake__000000568023.jpg
266,SDXL,4263,SDXL/SDXL/test/1_fake/entire__sdxl__fake__000000146084.jpg
267,SDXL,4264,SDXL/SDXL/test/1_fake/entire__sdxl__fake__000000154279.jpg
267,SDXL,4265,SDXL/SDXL/test/1_fake/entire__sdxl__fake__000000396106.jpg
267,SDXL,4266,SDXL/SDXL/test/0_real/entire__sdxl__real__000000348467.jpg
267,SDXL,4267,SDXL/SDXL/test/1_fake/entire__sdxl__fake__000000467187.jpg
267,SDXL,4268,SDXL/SDXL/test/1_fake/entire__sdxl__fake__000000075344.jpg
267,SDXL,4269,SDXL/SDXL/test/0_real/entire__sdxl__real__000000378657.jpg
267,SDXL,4270,SDXL/SDXL/test/1_fake/entire__sdxl__fake__000000468652.jpg
267,SDXL,4271,SDXL/SDXL/test/1_fake/entire__sdxl__fake__000000468064.jpg
267,SDXL,4272,SDXL/SDXL/test/0_real/entire__sdxl__real__000000554920.jpg
267,SDXL,4273,SDXL/SDXL/test/1_fake/entire__sdxl__fake__000000300260.jpg
267,SDXL,4274,SDXL/SDXL/test/1_fake/entire__sdxl__fake__000000556695.jpg
267,SDXL,4275,SDXL/SDXL/test/0_real/entire__sdxl__real__000000481954.jpg
267,SDXL,4276,SDXL/SDXL/test/0_real/entire__sdxl__real__000000387750.jpg
267,SDXL,4277,SDXL/SDXL/test/0_real/entire__sdxl__real__000000022526.jpg
267,SDXL,4278,SDXL/SDXL/test/0_real/entire__sdxl__real__000000124952.jpg
267,SDXL,4279,SDXL/SDXL/test/1_fake/entire__sdxl__fake__000000529981.jpg
268,SDXL,4280,SDXL/SDXL/test/1_fake/entire__sdxl__fake__000000346872.jpg
268,SDXL,4281,SDXL/SDXL/test/0_real/entire__sdxl__real__000000057868.jpg
268,SDXL,4282,SDXL/SDXL/test/0_real/entire__sdxl__real__000000502407.jpg
268,SDXL,4283,SDXL/SDXL/test/0_real/entire__sdxl__real__000000281688.jpg
268,SDXL,4284,SDXL/SDXL/test/1_fake/entire__sdxl__fake__000000496800.jpg
268,SDXL,4285,SDXL/SDXL/test/0_real/entire__sdxl__real__000000113282.jpg
268,SDXL,4286,SDXL/SDXL/test/0_real/entire__sdxl__real__000000144453.jpg
268,SDXL,4287,SDXL/SDXL/test/0_real/entire__sdxl__real__000000110621.jpg
268,SDXL,4288,SDXL/SDXL/test/0_real/entire__sdxl__real__000000391486.jpg
268,SDXL,4289,SDXL/SDXL/test/1_fake/entire__sdxl__fake__000000146988.jpg
268,SDXL,4290,SDXL/SDXL/test/0_real/entire__sdxl__real__000000478099.jpg
268,SDXL,4291,SDXL/SDXL/test/0_real/entire__sdxl__real__000000483553.jpg
268,SDXL,4292,SDXL/SDXL/test/1_fake/entire__sdxl__fake__000000447103.jpg
268,SDXL,4293,SDXL/SDXL/test/0_real/entire__sdxl__real__000000512729.jpg
268,SDXL,4294,SDXL/SDXL/test/0_real/entire__sdxl__real__000000342183.jpg
268,SDXL,4295,SDXL/SDXL/test/0_real/entire__sdxl__real__000000493210.jpg
269,SDXL,4296,SDXL/SDXL/test/1_fake/entire__sdxl__fake__000000013082.jpg
269,SDXL,4297,SDXL/SDXL/test/0_real/entire__sdxl__real__000000245873.jpg
269,SDXL,4298,SDXL/SDXL/test/1_fake/entire__sdxl__fake__000000310196.jpg
269,SDXL,4299,SDXL/SDXL/test/1_fake/entire__sdxl__fake__000000332663.jpg
269,SDXL,4300,SDXL/SDXL/test/1_fake/entire__sdxl__fake__000000459706.jpg
269,SDXL,4301,SDXL/SDXL/test/0_real/entire__sdxl__real__000000215223.jpg
269,SDXL,4302,SDXL/SDXL/test/1_fake/entire__sdxl__fake__000000012398.jpg
269,SDXL,4303,SDXL/SDXL/test/0_real/entire__sdxl__real__000000056550.jpg
269,SDXL,4304,SDXL/SDXL/test/0_real/entire__sdxl__real__000000467146.jpg
269,SDXL,4305,SDXL/SDXL/test/0_real/entire__sdxl__real__000000154880.jpg
269,SDXL,4306,SDXL/SDXL/test/0_real/entire__sdxl__real__000000087383.jpg
269,SDXL,4307,SDXL/SDXL/test/1_fake/entire__sdxl__fake__000000414178.jpg
269,SDXL,4308,SDXL/SDXL/test/0_real/entire__sdxl__real__000000540694.jpg
269,SDXL,4309,SDXL/SDXL/test/1_fake/entire__sdxl__fake__000000412400.jpg
269,SDXL,4310,SDXL/SDXL/test/1_fake/entire__sdxl__fake__000000235840.jpg
269,SDXL,4311,SDXL/SDXL/test/0_real/entire__sdxl__real__000000512793.jpg
270,SDXL,4312,SDXL/SDXL/test/1_fake/entire__sdxl__fake__000000018333.jpg
270,SDXL,4313,SDXL/SDXL/test/0_real/entire__sdxl__real__000000066973.jpg
270,SDXL,4314,SDXL/SDXL/test/1_fake/entire__sdxl__fake__000000468182.jpg
270,SDXL,4315,SDXL/SDXL/test/1_fake/entire__sdxl__fake__000000377301.jpg
270,SDXL,4316,SDXL/SDXL/test/0_real/entire__sdxl__real__000000336487.jpg
270,SDXL,4317,SDXL/SDXL/test/0_real/entire__sdxl__real__000000171622.jpg
270,SDXL,4318,SDXL/SDXL/test/1_fake/entire__sdxl__fake__000000171075.jpg
270,SDXL,4319,SDXL/SDXL/test/0_real/entire__sdxl__real__000000312686.jpg
270,SDXL,4320,SDXL/SDXL/test/0_real/entire__sdxl__real__000000437542.jpg
270,SDXL,4321,SDXL/SDXL/test/0_real/entire__sdxl__real__000000497194.jpg
270,SDXL,4322,SDXL/SDXL/test/1_fake/entire__sdxl__fake__000000313419.jpg
270,SDXL,4323,SDXL/SDXL/test/1_fake/entire__sdxl__fake__000000563050.jpg
270,SDXL,4324,SDXL/SDXL/test/1_fake/entire__sdxl__fake__000000500814.jpg
270,SDXL,4325,SDXL/SDXL/test/1_fake/entire__sdxl__fake__000000243287.jpg
270,SDXL,4326,SDXL/SDXL/test/0_real/entire__sdxl__real__000000203690.jpg
270,SDXL,4327,SDXL/SDXL/test/0_real/entire__sdxl__real__000000165035.jpg
271,SDXL,4328,SDXL/SDXL/test/0_real/entire__sdxl__real__000000354254.jpg
271,SDXL,4329,SDXL/SDXL/test/0_real/entire__sdxl__real__000000388161.jpg
271,SDXL,4330,SDXL/SDXL/test/0_real/entire__sdxl__real__000000571395.jpg
271,SDXL,4331,SDXL/SDXL/test/1_fake/entire__sdxl__fake__000000172176.jpg
271,SDXL,4332,SDXL/SDXL/test/1_fake/entire__sdxl__fake__000000539418.jpg
271,SDXL,4333,SDXL/SDXL/test/1_fake/entire__sdxl__fake__000000047105.jpg
271,SDXL,4334,SDXL/SDXL/test/1_fake/entire__sdxl__fake__000000323968.jpg
271,SDXL,4335,SDXL/SDXL/test/1_fake/entire__sdxl__fake__000000458249.jpg
271,SDXL,4336,SDXL/SDXL/test/1_fake/entire__sdxl__fake__000000288408.jpg
271,SDXL,4337,SDXL/SDXL/test/1_fake/entire__sdxl__fake__000000347453.jpg
271,SDXL,4338,SDXL/SDXL/test/0_real/entire__sdxl__real__000000064818.jpg
271,SDXL,4339,SDXL/SDXL/test/0_real/entire__sdxl__real__000000027353.jpg
271,SDXL,4340,SDXL/SDXL/test/0_real/entire__sdxl__real__000000083441.jpg
271,SDXL,4341,SDXL/SDXL/test/0_real/entire__sdxl__real__000000026833.jpg
271,SDXL,4342,SDXL/SDXL/test/1_fake/entire__sdxl__fake__000000520435.jpg
271,SDXL,4343,SDXL/SDXL/test/0_real/entire__sdxl__real__000000334121.jpg
272,SDXL,4344,SDXL/SDXL/test/0_real/entire__sdxl__real__000000223339.jpg
272,SDXL,4345,SDXL/SDXL/test/0_real/entire__sdxl__real__000000068121.jpg
272,SDXL,4346,SDXL/SDXL/test/0_real/entire__sdxl__real__000000260829.jpg
272,SDXL,4347,SDXL/SDXL/test/0_real/entire__sdxl__real__000000015544.jpg
272,SDXL,4348,SDXL/SDXL/test/1_fake/entire__sdxl__fake__000000344174.jpg
272,SDXL,4349,SDXL/SDXL/test/1_fake/entire__sdxl__fake__000000391321.jpg
272,SDXL,4350,SDXL/SDXL/test/1_fake/entire__sdxl__fake__000000573085.jpg
272,SDXL,4351,SDXL/SDXL/test/0_real/entire__sdxl__real__000000227440.jpg
272,SDXL,4352,SDXL/SDXL/test/0_real/entire__sdxl__real__000000311229.jpg
272,SDXL,4353,SDXL/SDXL/test/0_real/entire__sdxl__real__000000341603.jpg
272,SDXL,4354,SDXL/SDXL/test/1_fake/entire__sdxl__fake__000000352418.jpg
272,SDXL,4355,SDXL/SDXL/test/1_fake/entire__sdxl__fake__000000549644.jpg
272,SDXL,4356,SDXL/SDXL/test/0_real/entire__sdxl__real__000000191098.jpg
272,SDXL,4357,SDXL/SDXL/test/1_fake/entire__sdxl__fake__000000082873.jpg
272,SDXL,4358,SDXL/SDXL/test/1_fake/entire__sdxl__fake__000000571786.jpg
272,SDXL,4359,SDXL/SDXL/test/0_real/entire__sdxl__real__000000026162.jpg
273,SDXL,4360,SDXL/SDXL/test/1_fake/entire__sdxl__fake__000000382527.jpg
273,SDXL,4361,SDXL/SDXL/test/0_real/entire__sdxl__real__000000008414.jpg
273,SDXL,4362,SDXL/SDXL/test/1_fake/entire__sdxl__fake__000000140512.jpg
273,SDXL,4363,SDXL/SDXL/test/0_real/entire__sdxl__real__000000043203.jpg
273,SDXL,4364,SDXL/SDXL/test/1_fake/entire__sdxl__fake__000000300965.jpg
273,SDXL,4365,SDXL/SDXL/test/0_real/entire__sdxl__real__000000339588.jpg
273,SDXL,4366,SDXL/SDXL/test/1_fake/entire__sdxl__fake__000000464312.jpg
273,SDXL,4367,SDXL/SDXL/test/1_fake/entire__sdxl__fake__000000435519.jpg
273,SDXL,4368,SDXL/SDXL/test/0_real/entire__sdxl__real__000000494175.jpg
273,SDXL,4369,SDXL/SDXL/test/1_fake/entire__sdxl__fake__000000576399.jpg
273,SDXL,4370,SDXL/SDXL/test/1_fake/entire__sdxl__fake__000000310071.jpg
273,SDXL,4371,SDXL/SDXL/test/1_fake/entire__sdxl__fake__000000214648.jpg
273,SDXL,4372,SDXL/SDXL/test/1_fake/entire__sdxl__fake__000000205190.jpg
273,SDXL,4373,SDXL/SDXL/test/1_fake/entire__sdxl__fake__000000228855.jpg
273,SDXL,4374,SDXL/SDXL/test/0_real/entire__sdxl__real__000000130588.jpg
273,SDXL,4375,SDXL/SDXL/test/0_real/entire__sdxl__real__000000129977.jpg
274,SDXL,4376,SDXL/SDXL/test/0_real/entire__sdxl__real__000000131460.jpg
274,SDXL,4377,SDXL/SDXL/test/0_real/entire__sdxl__real__000000533825.jpg
274,SDXL,4378,SDXL/SDXL/test/1_fake/entire__sdxl__fake__000000309165.jpg
274,SDXL,4379,SDXL/SDXL/test/0_real/entire__sdxl__real__000000511463.jpg
274,SDXL,4380,SDXL/SDXL/test/1_fake/entire__sdxl__fake__000000077378.jpg
274,SDXL,4381,SDXL/SDXL/test/1_fake/entire__sdxl__fake__000000436481.jpg
274,SDXL,4382,SDXL/SDXL/test/0_real/entire__sdxl__real__000000510593.jpg
274,SDXL,4383,SDXL/SDXL/test/0_real/entire__sdxl__real__000000393607.jpg
274,SDXL,4384,SDXL/SDXL/test/0_real/entire__sdxl__real__000000203179.jpg
274,SDXL,4385,SDXL/SDXL/test/0_real/entire__sdxl__real__000000107638.jpg
274,SDXL,4386,SDXL/SDXL/test/0_real/entire__sdxl__real__000000360013.jpg
274,SDXL,4387,SDXL/SDXL/test/0_real/entire__sdxl__real__000000061184.jpg
274,SDXL,4388,SDXL/SDXL/test/1_fake/entire__sdxl__fake__000000141857.jpg
274,SDXL,4389,SDXL/SDXL/test/0_real/entire__sdxl__real__000000580152.jpg
274,SDXL,4390,SDXL/SDXL/test/0_real/entire__sdxl__real__000000565683.jpg
274,SDXL,4391,SDXL/SDXL/test/1_fake/entire__sdxl__fake__000000021945.jpg
275,SDXL,4392,SDXL/SDXL/test/0_real/entire__sdxl__real__000000410182.jpg
275,SDXL,4393,SDXL/SDXL/test/0_real/entire__sdxl__real__000000350939.jpg
275,SDXL,4394,SDXL/SDXL/test/0_real/entire__sdxl__real__000000392650.jpg
275,SDXL,4395,SDXL/SDXL/test/0_real/entire__sdxl__real__000000354853.jpg
275,SDXL,4396,SDXL/SDXL/test/0_real/entire__sdxl__real__000000255335.jpg
275,SDXL,4397,SDXL/SDXL/test/1_fake/entire__sdxl__fake__000000200597.jpg
275,SDXL,4398,SDXL/SDXL/test/1_fake/entire__sdxl__fake__000000127104.jpg
275,SDXL,4399,SDXL/SDXL/test/0_real/entire__sdxl__real__000000527759.jpg
275,SDXL,4400,SDXL/SDXL/test/1_fake/entire__sdxl__fake__000000505461.jpg
275,SDXL,4401,SDXL/SDXL/test/0_real/entire__sdxl__real__000000250588.jpg
275,SDXL,4402,SDXL/SDXL/test/0_real/entire__sdxl__real__000000494012.jpg
275,SDXL,4403,SDXL/SDXL/test/1_fake/entire__sdxl__fake__000000030044.jpg
275,SDXL,4404,SDXL/SDXL/test/0_real/entire__sdxl__real__000000232658.jpg
275,SDXL,4405,SDXL/SDXL/test/1_fake/entire__sdxl__fake__000000441472.jpg
275,SDXL,4406,SDXL/SDXL/test/0_real/entire__sdxl__real__000000170253.jpg
275,SDXL,4407,SDXL/SDXL/test/1_fake/entire__sdxl__fake__000000071713.jpg
276,SDXL,4408,SDXL/SDXL/test/1_fake/entire__sdxl__fake__000000525354.jpg
276,SDXL,4409,SDXL/SDXL/test/0_real/entire__sdxl__real__000000075267.jpg
276,SDXL,4410,SDXL/SDXL/test/0_real/entire__sdxl__real__000000498015.jpg
276,SDXL,4411,SDXL/SDXL/test/1_fake/entire__sdxl__fake__000000317733.jpg
276,SDXL,4412,SDXL/SDXL/test/1_fake/entire__sdxl__fake__000000473541.jpg
276,SDXL,4413,SDXL/SDXL/test/0_real/entire__sdxl__real__000000546105.jpg
276,SDXL,4414,SDXL/SDXL/test/1_fake/entire__sdxl__fake__000000336981.jpg
276,SDXL,4415,SDXL/SDXL/test/0_real/entire__sdxl__real__000000516319.jpg
276,SDXL,4416,SDXL/SDXL/test/1_fake/entire__sdxl__fake__000000146599.jpg
276,SDXL,4417,SDXL/SDXL/test/0_real/entire__sdxl__real__000000310203.jpg
276,SDXL,4418,SDXL/SDXL/test/0_real/entire__sdxl__real__000000052066.jpg
276,SDXL,4419,SDXL/SDXL/test/0_real/entire__sdxl__real__000000372458.jpg
276,SDXL,4420,SDXL/SDXL/test/0_real/entire__sdxl__real__000000029839.jpg
276,SDXL,4421,SDXL/SDXL/test/0_real/entire__sdxl__real__000000542817.jpg
276,SDXL,4422,SDXL/SDXL/test/1_fake/entire__sdxl__fake__000000116032.jpg
276,SDXL,4423,SDXL/SDXL/test/1_fake/entire__sdxl__fake__000000017167.jpg
277,SDXL,4424,SDXL/SDXL/test/1_fake/entire__sdxl__fake__000000296781.jpg
277,SDXL,4425,SDXL/SDXL/test/0_real/entire__sdxl__real__000000006148.jpg
277,SDXL,4426,SDXL/SDXL/test/0_real/entire__sdxl__real__000000191585.jpg
277,SDXL,4427,SDXL/SDXL/test/1_fake/entire__sdxl__fake__000000242169.jpg
277,SDXL,4428,SDXL/SDXL/test/1_fake/entire__sdxl__fake__000000561731.jpg
277,SDXL,4429,SDXL/SDXL/test/1_fake/entire__sdxl__fake__000000375575.jpg
277,SDXL,4430,SDXL/SDXL/test/0_real/entire__sdxl__real__000000401292.jpg
277,SDXL,4431,SDXL/SDXL/test/0_real/entire__sdxl__real__000000091833.jpg
277,SDXL,4432,SDXL/SDXL/test/0_real/entire__sdxl__real__000000142689.jpg
277,SDXL,4433,SDXL/SDXL/test/1_fake/entire__sdxl__fake__000000212780.jpg
277,SDXL,4434,SDXL/SDXL/test/1_fake/entire__sdxl__fake__000000284008.jpg
277,SDXL,4435,SDXL/SDXL/test/0_real/entire__sdxl__real__000000181466.jpg
277,SDXL,4436,SDXL/SDXL/test/1_fake/entire__sdxl__fake__000000340039.jpg
277,SDXL,4437,SDXL/SDXL/test/1_fake/entire__sdxl__fake__000000270420.jpg
277,SDXL,4438,SDXL/SDXL/test/0_real/entire__sdxl__real__000000018432.jpg
277,SDXL,4439,SDXL/SDXL/test/1_fake/entire__sdxl__fake__000000522240.jpg
278,SDXL,4440,SDXL/SDXL/test/0_real/entire__sdxl__real__000000008309.jpg
278,SDXL,4441,SDXL/SDXL/test/0_real/entire__sdxl__real__000000156060.jpg
278,SDXL,4442,SDXL/SDXL/test/0_real/entire__sdxl__real__000000341246.jpg
278,SDXL,4443,SDXL/SDXL/test/1_fake/entire__sdxl__fake__000000464176.jpg
278,SDXL,4444,SDXL/SDXL/test/1_fake/entire__sdxl__fake__000000577659.jpg
278,SDXL,4445,SDXL/SDXL/test/1_fake/entire__sdxl__fake__000000151077.jpg
278,SDXL,4446,SDXL/SDXL/test/0_real/entire__sdxl__real__000000363483.jpg
278,SDXL,4447,SDXL/SDXL/test/0_real/entire__sdxl__real__000000272143.jpg
278,SDXL,4448,SDXL/SDXL/test/1_fake/entire__sdxl__fake__000000232963.jpg
278,SDXL,4449,SDXL/SDXL/test/1_fake/entire__sdxl__fake__000000390175.jpg
278,SDXL,4450,SDXL/SDXL/test/1_fake/entire__sdxl__fake__000000553314.jpg
278,SDXL,4451,SDXL/SDXL/test/1_fake/entire__sdxl__fake__000000295403.jpg
278,SDXL,4452,SDXL/SDXL/test/1_fake/entire__sdxl__fake__000000278203.jpg
278,SDXL,4453,SDXL/SDXL/test/0_real/entire__sdxl__real__000000421108.jpg
278,SDXL,4454,SDXL/SDXL/test/1_fake/entire__sdxl__fake__000000260545.jpg
278,SDXL,4455,SDXL/SDXL/test/1_fake/entire__sdxl__fake__000000552532.jpg
279,SDXL,4456,SDXL/SDXL/test/1_fake/entire__sdxl__fake__000000273772.jpg
279,SDXL,4457,SDXL/SDXL/test/1_fake/entire__sdxl__fake__000000302108.jpg
279,SDXL,4458,SDXL/SDXL/test/1_fake/entire__sdxl__fake__000000480661.jpg
279,SDXL,4459,SDXL/SDXL/test/0_real/entire__sdxl__real__000000198706.jpg
279,SDXL,4460,SDXL/SDXL/test/0_real/entire__sdxl__real__000000509528.jpg
279,SDXL,4461,SDXL/SDXL/test/0_real/entire__sdxl__real__000000111076.jpg
279,SDXL,4462,SDXL/SDXL/test/1_fake/entire__sdxl__fake__000000144481.jpg
279,SDXL,4463,SDXL/SDXL/test/0_real/entire__sdxl__real__000000196653.jpg
279,SDXL,4464,SDXL/SDXL/test/0_real/entire__sdxl__real__000000517699.jpg
279,SDXL,4465,SDXL/SDXL/test/1_fake/entire__sdxl__fake__000000261521.jpg
279,SDXL,4466,SDXL/SDXL/test/0_real/entire__sdxl__real__000000160812.jpg
279,SDXL,4467,SDXL/SDXL/test/0_real/entire__sdxl__real__000000537127.jpg
279,SDXL,4468,SDXL/SDXL/test/0_real/entire__sdxl__real__000000256973.jpg
279,SDXL,4469,SDXL/SDXL/test/1_fake/entire__sdxl__fake__000000169602.jpg
279,SDXL,4470,SDXL/SDXL/test/1_fake/entire__sdxl__fake__000000445928.jpg
279,SDXL,4471,SDXL/SDXL/test/1_fake/entire__sdxl__fake__000000118916.jpg
280,SDXL,4472,SDXL/SDXL/test/1_fake/entire__sdxl__fake__000000542475.jpg
280,SDXL,4473,SDXL/SDXL/test/1_fake/entire__sdxl__fake__000000075768.jpg
280,SDXL,4474,SDXL/SDXL/test/0_real/entire__sdxl__real__000000006861.jpg
280,SDXL,4475,SDXL/SDXL/test/0_real/entire__sdxl__real__000000508218.jpg
280,SDXL,4476,SDXL/SDXL/test/1_fake/entire__sdxl__fake__000000375750.jpg
280,SDXL,4477,SDXL/SDXL/test/0_real/entire__sdxl__real__000000233938.jpg
280,SDXL,4478,SDXL/SDXL/test/1_fake/entire__sdxl__fake__000000462928.jpg
280,SDXL,4479,SDXL/SDXL/test/1_fake/entire__sdxl__fake__000000270275.jpg
280,SDXL,4480,SDXL/SDXL/test/0_real/entire__sdxl__real__000000336167.jpg
280,SDXL,4481,SDXL/SDXL/test/1_fake/entire__sdxl__fake__000000495079.jpg
280,SDXL,4482,SDXL/SDXL/test/1_fake/entire__sdxl__fake__000000315827.jpg
280,SDXL,4483,SDXL/SDXL/test/0_real/entire__sdxl__real__000000171103.jpg
280,SDXL,4484,SDXL/SDXL/test/1_fake/entire__sdxl__fake__000000188562.jpg
280,SDXL,4485,SDXL/SDXL/test/1_fake/entire__sdxl__fake__000000027353.jpg
280,SDXL,4486,SDXL/SDXL/test/1_fake/entire__sdxl__fake__000000088192.jpg
280,SDXL,4487,SDXL/SDXL/test/1_fake/entire__sdxl__fake__000000025855.jpg
281,SDXL,4488,SDXL/SDXL/test/1_fake/entire__sdxl__fake__000000548889.jpg
281,SDXL,4489,SDXL/SDXL/test/1_fake/entire__sdxl__fake__000000439273.jpg
281,SDXL,4490,SDXL/SDXL/test/1_fake/entire__sdxl__fake__000000371854.jpg
281,SDXL,4491,SDXL/SDXL/test/0_real/entire__sdxl__real__000000576829.jpg
281,SDXL,4492,SDXL/SDXL/test/1_fake/entire__sdxl__fake__000000463837.jpg
281,SDXL,4493,SDXL/SDXL/test/1_fake/entire__sdxl__fake__000000551199.jpg
281,SDXL,4494,SDXL/SDXL/test/1_fake/entire__sdxl__fake__000000065360.jpg
281,SDXL,4495,SDXL/SDXL/test/0_real/entire__sdxl__real__000000564957.jpg
281,SDXL,4496,SDXL/SDXL/test/0_real/entire__sdxl__real__000000542095.jpg
281,SDXL,4497,SDXL/SDXL/test/1_fake/entire__sdxl__fake__000000544615.jpg
281,SDXL,4498,SDXL/SDXL/test/1_fake/entire__sdxl__fake__000000290828.jpg
281,SDXL,4499,SDXL/SDXL/test/0_real/entire__sdxl__real__000000336967.jpg
282,SD3,4500,SD3/SD3/test/1_fake/entire__sd3__fake__000000127477.jpg
282,SD3,4501,SD3/SD3/test/1_fake/entire__sd3__fake__000000195355.jpg
282,SD3,4502,SD3/SD3/test/0_real/entire__sd3__real__000000307497.jpg
282,SD3,4503,SD3/SD3/test/1_fake/entire__sd3__fake__000000195211.jpg
282,SD3,4504,SD3/SD3/test/0_real/entire__sd3__real__000000002055.jpg
282,SD3,4505,SD3/SD3/test/1_fake/entire__sd3__fake__000000362795.jpg
282,SD3,4506,SD3/SD3/test/1_fake/entire__sd3__fake__000000093329.jpg
282,SD3,4507,SD3/SD3/test/0_real/entire__sd3__real__000000189670.jpg
282,SD3,4508,SD3/SD3/test/0_real/entire__sd3__real__000000250440.jpg
282,SD3,4509,SD3/SD3/test/1_fake/entire__sd3__fake__000000197057.jpg
282,SD3,4510,SD3/SD3/test/1_fake/entire__sd3__fake__000000105246.jpg
282,SD3,4511,SD3/SD3/test/0_real/entire__sd3__real__000000487555.jpg
282,SD3,4512,SD3/SD3/test/1_fake/entire__sd3__fake__000000490311.jpg
282,SD3,4513,SD3/SD3/test/0_real/entire__sd3__real__000000451066.jpg
282,SD3,4514,SD3/SD3/test/0_real/entire__sd3__real__000000166420.jpg
282,SD3,4515,SD3/SD3/test/0_real/entire__sd3__real__000000144560.jpg
283,SD3,4516,SD3/SD3/test/0_real/entire__sd3__real__000000056132.jpg
283,SD3,4517,SD3/SD3/test/1_fake/entire__sd3__fake__000000573453.jpg
283,SD3,4518,SD3/SD3/test/1_fake/entire__sd3__fake__000000195739.jpg
283,SD3,4519,SD3/SD3/test/1_fake/entire__sd3__fake__000000481886.jpg
283,SD3,4520,SD3/SD3/test/1_fake/entire__sd3__fake__000000005612.jpg
283,SD3,4521,SD3/SD3/test/0_real/entire__sd3__real__000000291588.jpg
283,SD3,4522,SD3/SD3/test/1_fake/entire__sd3__fake__000000027711.jpg
283,SD3,4523,SD3/SD3/test/0_real/entire__sd3__real__000000452004.jpg
283,SD3,4524,SD3/SD3/test/1_fake/entire__sd3__fake__000000545394.jpg
283,SD3,4525,SD3/SD3/test/1_fake/entire__sd3__fake__000000149115.jpg
283,SD3,4526,SD3/SD3/test/0_real/entire__sd3__real__000000128690.jpg
283,SD3,4527,SD3/SD3/test/1_fake/entire__sd3__fake__000000254678.jpg
283,SD3,4528,SD3/SD3/test/0_real/entire__sd3__real__000000374333.jpg
283,SD3,4529,SD3/SD3/test/0_real/entire__sd3__real__000000437607.jpg
283,SD3,4530,SD3/SD3/test/1_fake/entire__sd3__fake__000000346596.jpg
283,SD3,4531,SD3/SD3/test/0_real/entire__sd3__real__000000360424.jpg
284,SD3,4532,SD3/SD3/test/0_real/entire__sd3__real__000000195333.jpg
284,SD3,4533,SD3/SD3/test/0_real/entire__sd3__real__000000467612.jpg
284,SD3,4534,SD3/SD3/test/1_fake/entire__sd3__fake__000000053774.jpg
284,SD3,4535,SD3/SD3/test/1_fake/entire__sd3__fake__000000409020.jpg
284,SD3,4536,SD3/SD3/test/0_real/entire__sd3__real__000000254081.jpg
284,SD3,4537,SD3/SD3/test/0_real/entire__sd3__real__000000526445.jpg
284,SD3,4538,SD3/SD3/test/1_fake/entire__sd3__fake__000000145903.jpg
284,SD3,4539,SD3/SD3/test/0_real/entire__sd3__real__000000092187.jpg
284,SD3,4540,SD3/SD3/test/0_real/entire__sd3__real__000000212276.jpg
284,SD3,4541,SD3/SD3/test/0_real/entire__sd3__real__000000559560.jpg
284,SD3,4542,SD3/SD3/test/0_real/entire__sd3__real__000000067572.jpg
284,SD3,4543,SD3/SD3/test/0_real/entire__sd3__real__000000038798.jpg
284,SD3,4544,SD3/SD3/test/1_fake/entire__sd3__fake__000000463266.jpg
284,SD3,4545,SD3/SD3/test/0_real/entire__sd3__real__000000390168.jpg
284,SD3,4546,SD3/SD3/test/1_fake/entire__sd3__fake__000000216026.jpg
284,SD3,4547,SD3/SD3/test/0_real/entire__sd3__real__000000478052.jpg
285,SD3,4548,SD3/SD3/test/0_real/entire__sd3__real__000000131527.jpg
285,SD3,4549,SD3/SD3/test/1_fake/entire__sd3__fake__000000446428.jpg
285,SD3,4550,SD3/SD3/test/0_real/entire__sd3__real__000000044341.jpg
285,SD3,4551,SD3/SD3/test/0_real/entire__sd3__real__000000259760.jpg
285,SD3,4552,SD3/SD3/test/1_fake/entire__sd3__fake__000000232011.jpg
285,SD3,4553,SD3/SD3/test/1_fake/entire__sd3__fake__000000129784.jpg
285,SD3,4554,SD3/SD3/test/0_real/entire__sd3__real__000000038899.jpg
285,SD3,4555,SD3/SD3/test/0_real/entire__sd3__real__000000229139.jpg
285,SD3,4556,SD3/SD3/test/0_real/entire__sd3__real__000000005418.jpg
285,SD3,4557,SD3/SD3/test/1_fake/entire__sd3__fake__000000194669.jpg
285,SD3,4558,SD3/SD3/test/0_real/entire__sd3__real__000000424844.jpg
285,SD3,4559,SD3/SD3/test/1_fake/entire__sd3__fake__000000384213.jpg
285,SD3,4560,SD3/SD3/test/0_real/entire__sd3__real__000000250556.jpg
285,SD3,4561,SD3/SD3/test/1_fake/entire__sd3__fake__000000544737.jpg
285,SD3,4562,SD3/SD3/test/1_fake/entire__sd3__fake__000000567389.jpg
285,SD3,4563,SD3/SD3/test/1_fake/entire__sd3__fake__000000434623.jpg
286,SD3,4564,SD3/SD3/test/1_fake/entire__sd3__fake__000000230739.jpg
286,SD3,4565,SD3/SD3/test/1_fake/entire__sd3__fake__000000443952.jpg
286,SD3,4566,SD3/SD3/test/0_real/entire__sd3__real__000000111556.jpg
286,SD3,4567,SD3/SD3/test/0_real/entire__sd3__real__000000330770.jpg
286,SD3,4568,SD3/SD3/test/0_real/entire__sd3__real__000000187262.jpg
286,SD3,4569,SD3/SD3/test/1_fake/entire__sd3__fake__000000186182.jpg
286,SD3,4570,SD3/SD3/test/1_fake/entire__sd3__fake__000000152664.jpg
286,SD3,4571,SD3/SD3/test/0_real/entire__sd3__real__000000184763.jpg
286,SD3,4572,SD3/SD3/test/0_real/entire__sd3__real__000000359949.jpg
286,SD3,4573,SD3/SD3/test/1_fake/entire__sd3__fake__000000418500.jpg
286,SD3,4574,SD3/SD3/test/0_real/entire__sd3__real__000000249198.jpg
286,SD3,4575,SD3/SD3/test/1_fake/entire__sd3__fake__000000438047.jpg
286,SD3,4576,SD3/SD3/test/1_fake/entire__sd3__fake__000000460240.jpg
286,SD3,4577,SD3/SD3/test/0_real/entire__sd3__real__000000334858.jpg
286,SD3,4578,SD3/SD3/test/0_real/entire__sd3__real__000000255233.jpg
286,SD3,4579,SD3/SD3/test/0_real/entire__sd3__real__000000340602.jpg
287,SD3,4580,SD3/SD3/test/1_fake/entire__sd3__fake__000000410216.jpg
287,SD3,4581,SD3/SD3/test/1_fake/entire__sd3__fake__000000119776.jpg
287,SD3,4582,SD3/SD3/test/0_real/entire__sd3__real__000000279375.jpg
287,SD3,4583,SD3/SD3/test/1_fake/entire__sd3__fake__000000240586.jpg
287,SD3,4584,SD3/SD3/test/0_real/entire__sd3__real__000000389273.jpg
287,SD3,4585,SD3/SD3/test/0_real/entire__sd3__real__000000554523.jpg
287,SD3,4586,SD3/SD3/test/0_real/entire__sd3__real__000000241102.jpg
287,SD3,4587,SD3/SD3/test/0_real/entire__sd3__real__000000410437.jpg
287,SD3,4588,SD3/SD3/test/0_real/entire__sd3__real__000000187194.jpg
287,SD3,4589,SD3/SD3/test/1_fake/entire__sd3__fake__000000570852.jpg
287,SD3,4590,SD3/SD3/test/1_fake/entire__sd3__fake__000000320707.jpg
287,SD3,4591,SD3/SD3/test/1_fake/entire__sd3__fake__000000018265.jpg
287,SD3,4592,SD3/SD3/test/1_fake/entire__sd3__fake__000000396768.jpg
287,SD3,4593,SD3/SD3/test/1_fake/entire__sd3__fake__000000326176.jpg
287,SD3,4594,SD3/SD3/test/1_fake/entire__sd3__fake__000000033555.jpg
287,SD3,4595,SD3/SD3/test/1_fake/entire__sd3__fake__000000267200.jpg
288,SD3,4596,SD3/SD3/test/1_fake/entire__sd3__fake__000000545781.jpg
288,SD3,4597,SD3/SD3/test/1_fake/entire__sd3__fake__000000212636.jpg
288,SD3,4598,SD3/SD3/test/0_real/entire__sd3__real__000000148827.jpg
288,SD3,4599,SD3/SD3/test/1_fake/entire__sd3__fake__000000390908.jpg
288,SD3,4600,SD3/SD3/test/0_real/entire__sd3__real__000000517294.jpg
288,SD3,4601,SD3/SD3/test/1_fake/entire__sd3__fake__000000501898.jpg
288,SD3,4602,SD3/SD3/test/1_fake/entire__sd3__fake__000000399416.jpg
288,SD3,4603,SD3/SD3/test/0_real/entire__sd3__real__000000504454.jpg
288,SD3,4604,SD3/SD3/test/0_real/entire__sd3__real__000000187829.jpg
288,SD3,4605,SD3/SD3/test/0_real/entire__sd3__real__000000325040.jpg
288,SD3,4606,SD3/SD3/test/0_real/entire__sd3__real__000000323327.jpg
288,SD3,4607,SD3/SD3/test/1_fake/entire__sd3__fake__000000268266.jpg
288,SD3,4608,SD3/SD3/test/0_real/entire__sd3__real__000000393857.jpg
288,SD3,4609,SD3/SD3/test/0_real/entire__sd3__real__000000076245.jpg
288,SD3,4610,SD3/SD3/test/1_fake/entire__sd3__fake__000000510735.jpg
288,SD3,4611,SD3/SD3/test/1_fake/entire__sd3__fake__000000159038.jpg
289,SD3,4612,SD3/SD3/test/0_real/entire__sd3__real__000000269922.jpg
289,SD3,4613,SD3/SD3/test/1_fake/entire__sd3__fake__000000043753.jpg
289,SD3,4614,SD3/SD3/test/1_fake/entire__sd3__fake__000000162579.jpg
289,SD3,4615,SD3/SD3/test/1_fake/entire__sd3__fake__000000011953.jpg
289,SD3,4616,SD3/SD3/test/0_real/entire__sd3__real__000000227901.jpg
289,SD3,4617,SD3/SD3/test/0_real/entire__sd3__real__000000523553.jpg
289,SD3,4618,SD3/SD3/test/0_real/entire__sd3__real__000000085411.jpg
289,SD3,4619,SD3/SD3/test/1_fake/entire__sd3__fake__000000022854.jpg
289,SD3,4620,SD3/SD3/test/0_real/entire__sd3__real__000000332221.jpg
289,SD3,4621,SD3/SD3/test/0_real/entire__sd3__real__000000024921.jpg
289,SD3,4622,SD3/SD3/test/1_fake/entire__sd3__fake__000000545275.jpg
289,SD3,4623,SD3/SD3/test/1_fake/entire__sd3__fake__000000169726.jpg
289,SD3,4624,SD3/SD3/test/0_real/entire__sd3__real__000000101330.jpg
289,SD3,4625,SD3/SD3/test/0_real/entire__sd3__real__000000576059.jpg
289,SD3,4626,SD3/SD3/test/1_fake/entire__sd3__fake__000000306361.jpg
289,SD3,4627,SD3/SD3/test/0_real/entire__sd3__real__000000484418.jpg
290,SD3,4628,SD3/SD3/test/1_fake/entire__sd3__fake__000000065047.jpg
290,SD3,4629,SD3/SD3/test/0_real/entire__sd3__real__000000413472.jpg
290,SD3,4630,SD3/SD3/test/0_real/entire__sd3__real__000000328917.jpg
290,SD3,4631,SD3/SD3/test/1_fake/entire__sd3__fake__000000236822.jpg
290,SD3,4632,SD3/SD3/test/0_real/entire__sd3__real__000000133261.jpg
290,SD3,4633,SD3/SD3/test/0_real/entire__sd3__real__000000021678.jpg
290,SD3,4634,SD3/SD3/test/1_fake/entire__sd3__fake__000000010217.jpg
290,SD3,4635,SD3/SD3/test/0_real/entire__sd3__real__000000247346.jpg
290,SD3,4636,SD3/SD3/test/0_real/entire__sd3__real__000000253748.jpg
290,SD3,4637,SD3/SD3/test/1_fake/entire__sd3__fake__000000365231.jpg
290,SD3,4638,SD3/SD3/test/1_fake/entire__sd3__fake__000000407235.jpg
290,SD3,4639,SD3/SD3/test/0_real/entire__sd3__real__000000253970.jpg
290,SD3,4640,SD3/SD3/test/1_fake/entire__sd3__fake__000000213241.jpg
290,SD3,4641,SD3/SD3/test/0_real/entire__sd3__real__000000230428.jpg
290,SD3,4642,SD3/SD3/test/0_real/entire__sd3__real__000000095789.jpg
290,SD3,4643,SD3/SD3/test/1_fake/entire__sd3__fake__000000099388.jpg
291,SD3,4644,SD3/SD3/test/1_fake/entire__sd3__fake__000000375245.jpg
291,SD3,4645,SD3/SD3/test/1_fake/entire__sd3__fake__000000142581.jpg
291,SD3,4646,SD3/SD3/test/1_fake/entire__sd3__fake__000000580850.jpg
291,SD3,4647,SD3/SD3/test/0_real/entire__sd3__real__000000237797.jpg
291,SD3,4648,SD3/SD3/test/1_fake/entire__sd3__fake__000000194643.jpg
291,SD3,4649,SD3/SD3/test/1_fake/entire__sd3__fake__000000084845.jpg
291,SD3,4650,SD3/SD3/test/0_real/entire__sd3__real__000000287400.jpg
291,SD3,4651,SD3/SD3/test/0_real/entire__sd3__real__000000388312.jpg
291,SD3,4652,SD3/SD3/test/1_fake/entire__sd3__fake__000000495841.jpg
291,SD3,4653,SD3/SD3/test/0_real/entire__sd3__real__000000170516.jpg
291,SD3,4654,SD3/SD3/test/0_real/entire__sd3__real__000000312355.jpg
291,SD3,4655,SD3/SD3/test/1_fake/entire__sd3__fake__000000011754.jpg
291,SD3,4656,SD3/SD3/test/1_fake/entire__sd3__fake__000000168703.jpg
291,SD3,4657,SD3/SD3/test/0_real/entire__sd3__real__000000177978.jpg
291,SD3,4658,SD3/SD3/test/1_fake/entire__sd3__fake__000000201184.jpg
291,SD3,4659,SD3/SD3/test/1_fake/entire__sd3__fake__000000168873.jpg
292,SD3,4660,SD3/SD3/test/0_real/entire__sd3__real__000000103504.jpg
292,SD3,4661,SD3/SD3/test/1_fake/entire__sd3__fake__000000068176.jpg
292,SD3,4662,SD3/SD3/test/1_fake/entire__sd3__fake__000000006672.jpg
292,SD3,4663,SD3/SD3/test/1_fake/entire__sd3__fake__000000203843.jpg
292,SD3,4664,SD3/SD3/test/0_real/entire__sd3__real__000000477077.jpg
292,SD3,4665,SD3/SD3/test/0_real/entire__sd3__real__000000239845.jpg
292,SD3,4666,SD3/SD3/test/0_real/entire__sd3__real__000000407130.jpg
292,SD3,4667,SD3/SD3/test/1_fake/entire__sd3__fake__000000248637.jpg
292,SD3,4668,SD3/SD3/test/1_fake/entire__sd3__fake__000000361339.jpg
292,SD3,4669,SD3/SD3/test/1_fake/entire__sd3__fake__000000086591.jpg
292,SD3,4670,SD3/SD3/test/1_fake/entire__sd3__fake__000000451121.jpg
292,SD3,4671,SD3/SD3/test/1_fake/entire__sd3__fake__000000091336.jpg
292,SD3,4672,SD3/SD3/test/1_fake/entire__sd3__fake__000000484847.jpg
292,SD3,4673,SD3/SD3/test/0_real/entire__sd3__real__000000183012.jpg
292,SD3,4674,SD3/SD3/test/0_real/entire__sd3__real__000000140733.jpg
292,SD3,4675,SD3/SD3/test/1_fake/entire__sd3__fake__000000557546.jpg
293,SD3,4676,SD3/SD3/test/1_fake/entire__sd3__fake__000000457618.jpg
293,SD3,4677,SD3/SD3/test/1_fake/entire__sd3__fake__000000278801.jpg
293,SD3,4678,SD3/SD3/test/1_fake/entire__sd3__fake__000000282045.jpg
293,SD3,4679,SD3/SD3/test/1_fake/entire__sd3__fake__000000525202.jpg
293,SD3,4680,SD3/SD3/test/0_real/entire__sd3__real__000000217895.jpg
293,SD3,4681,SD3/SD3/test/0_real/entire__sd3__real__000000349709.jpg
293,SD3,4682,SD3/SD3/test/0_real/entire__sd3__real__000000004219.jpg
293,SD3,4683,SD3/SD3/test/0_real/entire__sd3__real__000000094630.jpg
293,SD3,4684,SD3/SD3/test/0_real/entire__sd3__real__000000463751.jpg
293,SD3,4685,SD3/SD3/test/1_fake/entire__sd3__fake__000000557483.jpg
293,SD3,4686,SD3/SD3/test/0_real/entire__sd3__real__000000525039.jpg
293,SD3,4687,SD3/SD3/test/1_fake/entire__sd3__fake__000000423116.jpg
293,SD3,4688,SD3/SD3/test/0_real/entire__sd3__real__000000277778.jpg
293,SD3,4689,SD3/SD3/test/0_real/entire__sd3__real__000000306998.jpg
293,SD3,4690,SD3/SD3/test/0_real/entire__sd3__real__000000516084.jpg
293,SD3,4691,SD3/SD3/test/1_fake/entire__sd3__fake__000000484215.jpg
294,SD3,4692,SD3/SD3/test/1_fake/entire__sd3__fake__000000469103.jpg
294,SD3,4693,SD3/SD3/test/1_fake/entire__sd3__fake__000000285292.jpg
294,SD3,4694,SD3/SD3/test/1_fake/entire__sd3__fake__000000279209.jpg
294,SD3,4695,SD3/SD3/test/0_real/entire__sd3__real__000000147392.jpg
294,SD3,4696,SD3/SD3/test/0_real/entire__sd3__real__000000309114.jpg
294,SD3,4697,SD3/SD3/test/1_fake/entire__sd3__fake__000000580916.jpg
294,SD3,4698,SD3/SD3/test/0_real/entire__sd3__real__000000001090.jpg
294,SD3,4699,SD3/SD3/test/1_fake/entire__sd3__fake__000000293822.jpg
294,SD3,4700,SD3/SD3/test/1_fake/entire__sd3__fake__000000012574.jpg
294,SD3,4701,SD3/SD3/test/1_fake/entire__sd3__fake__000000181658.jpg
294,SD3,4702,SD3/SD3/test/0_real/entire__sd3__real__000000152588.jpg
294,SD3,4703,SD3/SD3/test/1_fake/entire__sd3__fake__000000222492.jpg
294,SD3,4704,SD3/SD3/test/1_fake/entire__sd3__fake__000000193692.jpg
294,SD3,4705,SD3/SD3/test/1_fake/entire__sd3__fake__000000417481.jpg
294,SD3,4706,SD3/SD3/test/1_fake/entire__sd3__fake__000000203138.jpg
294,SD3,4707,SD3/SD3/test/1_fake/entire__sd3__fake__000000258954.jpg
295,SD3,4708,SD3/SD3/test/1_fake/entire__sd3__fake__000000235244.jpg
295,SD3,4709,SD3/SD3/test/1_fake/entire__sd3__fake__000000025727.jpg
295,SD3,4710,SD3/SD3/test/0_real/entire__sd3__real__000000424196.jpg
295,SD3,4711,SD3/SD3/test/0_real/entire__sd3__real__000000093686.jpg
295,SD3,4712,SD3/SD3/test/0_real/entire__sd3__real__000000386559.jpg
295,SD3,4713,SD3/SD3/test/0_real/entire__sd3__real__000000107068.jpg
295,SD3,4714,SD3/SD3/test/1_fake/entire__sd3__fake__000000384475.jpg
295,SD3,4715,SD3/SD3/test/0_real/entire__sd3__real__000000308974.jpg
295,SD3,4716,SD3/SD3/test/1_fake/entire__sd3__fake__000000162828.jpg
295,SD3,4717,SD3/SD3/test/1_fake/entire__sd3__fake__000000488862.jpg
295,SD3,4718,SD3/SD3/test/1_fake/entire__sd3__fake__000000316640.jpg
295,SD3,4719,SD3/SD3/test/0_real/entire__sd3__real__000000554537.jpg
295,SD3,4720,SD3/SD3/test/0_real/entire__sd3__real__000000382164.jpg
295,SD3,4721,SD3/SD3/test/0_real/entire__sd3__real__000000127477.jpg
295,SD3,4722,SD3/SD3/test/1_fake/entire__sd3__fake__000000253665.jpg
295,SD3,4723,SD3/SD3/test/1_fake/entire__sd3__fake__000000224134.jpg
296,SD3,4724,SD3/SD3/test/1_fake/entire__sd3__fake__000000318444.jpg
296,SD3,4725,SD3/SD3/test/1_fake/entire__sd3__fake__000000207826.jpg
296,SD3,4726,SD3/SD3/test/1_fake/entire__sd3__fake__000000259374.jpg
296,SD3,4727,SD3/SD3/test/0_real/entire__sd3__real__000000163089.jpg
296,SD3,4728,SD3/SD3/test/0_real/entire__sd3__real__000000112651.jpg
296,SD3,4729,SD3/SD3/test/1_fake/entire__sd3__fake__000000075305.jpg
296,SD3,4730,SD3/SD3/test/1_fake/entire__sd3__fake__000000103383.jpg
296,SD3,4731,SD3/SD3/test/0_real/entire__sd3__real__000000216026.jpg
296,SD3,4732,SD3/SD3/test/0_real/entire__sd3__real__000000271780.jpg
296,SD3,4733,SD3/SD3/test/1_fake/entire__sd3__fake__000000434494.jpg
296,SD3,4734,SD3/SD3/test/0_real/entire__sd3__real__000000389061.jpg
296,SD3,4735,SD3/SD3/test/0_real/entire__sd3__real__000000065984.jpg
296,SD3,4736,SD3/SD3/test/0_real/entire__sd3__real__000000567488.jpg
296,SD3,4737,SD3/SD3/test/0_real/entire__sd3__real__000000280424.jpg
296,SD3,4738,SD3/SD3/test/1_fake/entire__sd3__fake__000000244369.jpg
296,SD3,4739,SD3/SD3/test/0_real/entire__sd3__real__000000383359.jpg
297,SD3,4740,SD3/SD3/test/0_real/entire__sd3__real__000000390671.jpg
297,SD3,4741,SD3/SD3/test/0_real/entire__sd3__real__000000181348.jpg
297,SD3,4742,SD3/SD3/test/1_fake/entire__sd3__fake__000000433892.jpg
297,SD3,4743,SD3/SD3/test/0_real/entire__sd3__real__000000086993.jpg
297,SD3,4744,SD3/SD3/test/1_fake/entire__sd3__fake__000000517031.jpg
297,SD3,4745,SD3/SD3/test/0_real/entire__sd3__real__000000342797.jpg
297,SD3,4746,SD3/SD3/test/1_fake/entire__sd3__fake__000000332958.jpg
297,SD3,4747,SD3/SD3/test/1_fake/entire__sd3__fake__000000436399.jpg
297,SD3,4748,SD3/SD3/test/0_real/entire__sd3__real__000000203559.jpg
297,SD3,4749,SD3/SD3/test/0_real/entire__sd3__real__000000110934.jpg
297,SD3,4750,SD3/SD3/test/1_fake/entire__sd3__fake__000000100138.jpg
297,SD3,4751,SD3/SD3/test/1_fake/entire__sd3__fake__000000466020.jpg
297,SD3,4752,SD3/SD3/test/0_real/entire__sd3__real__000000125524.jpg
297,SD3,4753,SD3/SD3/test/0_real/entire__sd3__real__000000400332.jpg
297,SD3,4754,SD3/SD3/test/1_fake/entire__sd3__fake__000000210958.jpg
297,SD3,4755,SD3/SD3/test/0_real/entire__sd3__real__000000290113.jpg
298,SD3,4756,SD3/SD3/test/0_real/entire__sd3__real__000000173997.jpg
298,SD3,4757,SD3/SD3/test/0_real/entire__sd3__real__000000332219.jpg
298,SD3,4758,SD3/SD3/test/0_real/entire__sd3__real__000000501867.jpg
298,SD3,4759,SD3/SD3/test/1_fake/entire__sd3__fake__000000418536.jpg
298,SD3,4760,SD3/SD3/test/0_real/entire__sd3__real__000000021212.jpg
298,SD3,4761,SD3/SD3/test/0_real/entire__sd3__real__000000069576.jpg
298,SD3,4762,SD3/SD3/test/0_real/entire__sd3__real__000000358730.jpg
298,SD3,4763,SD3/SD3/test/1_fake/entire__sd3__fake__000000135420.jpg
298,SD3,4764,SD3/SD3/test/0_real/entire__sd3__real__000000443391.jpg
298,SD3,4765,SD3/SD3/test/0_real/entire__sd3__real__000000540614.jpg
298,SD3,4766,SD3/SD3/test/1_fake/entire__sd3__fake__000000479936.jpg
298,SD3,4767,SD3/SD3/test/0_real/entire__sd3__real__000000066632.jpg
298,SD3,4768,SD3/SD3/test/0_real/entire__sd3__real__000000426408.jpg
298,SD3,4769,SD3/SD3/test/1_fake/entire__sd3__fake__000000140209.jpg
298,SD3,4770,SD3/SD3/test/0_real/entire__sd3__real__000000192337.jpg
298,SD3,4771,SD3/SD3/test/1_fake/entire__sd3__fake__000000567149.jpg
299,SD3,4772,SD3/SD3/test/0_real/entire__sd3__real__000000359131.jpg
299,SD3,4773,SD3/SD3/test/1_fake/entire__sd3__fake__000000067163.jpg
299,SD3,4774,SD3/SD3/test/0_real/entire__sd3__real__000000267988.jpg
299,SD3,4775,SD3/SD3/test/0_real/entire__sd3__real__000000156503.jpg
299,SD3,4776,SD3/SD3/test/1_fake/entire__sd3__fake__000000503976.jpg
299,SD3,4777,SD3/SD3/test/1_fake/entire__sd3__fake__000000148525.jpg
299,SD3,4778,SD3/SD3/test/1_fake/entire__sd3__fake__000000167347.jpg
299,SD3,4779,SD3/SD3/test/0_real/entire__sd3__real__000000496362.jpg
299,SD3,4780,SD3/SD3/test/1_fake/entire__sd3__fake__000000190026.jpg
299,SD3,4781,SD3/SD3/test/0_real/entire__sd3__real__000000118840.jpg
299,SD3,4782,SD3/SD3/test/1_fake/entire__sd3__fake__000000354333.jpg
299,SD3,4783,SD3/SD3/test/0_real/entire__sd3__real__000000057794.jpg
299,SD3,4784,SD3/SD3/test/0_real/entire__sd3__real__000000021097.jpg
299,SD3,4785,SD3/SD3/test/0_real/entire__sd3__real__000000226805.jpg
299,SD3,4786,SD3/SD3/test/1_fake/entire__sd3__fake__000000369379.jpg
299,SD3,4787,SD3/SD3/test/0_real/entire__sd3__real__000000134724.jpg
300,SD3,4788,SD3/SD3/test/0_real/entire__sd3__real__000000212187.jpg
300,SD3,4789,SD3/SD3/test/0_real/entire__sd3__real__000000502638.jpg
300,SD3,4790,SD3/SD3/test/1_fake/entire__sd3__fake__000000338438.jpg
300,SD3,4791,SD3/SD3/test/0_real/entire__sd3__real__000000494591.jpg
300,SD3,4792,SD3/SD3/test/1_fake/entire__sd3__fake__000000436162.jpg
300,SD3,4793,SD3/SD3/test/1_fake/entire__sd3__fake__000000053629.jpg
300,SD3,4794,SD3/SD3/test/0_real/entire__sd3__real__000000453562.jpg
300,SD3,4795,SD3/SD3/test/1_fake/entire__sd3__fake__000000219679.jpg
300,SD3,4796,SD3/SD3/test/0_real/entire__sd3__real__000000267969.jpg
300,SD3,4797,SD3/SD3/test/0_real/entire__sd3__real__000000516000.jpg
300,SD3,4798,SD3/SD3/test/0_real/entire__sd3__real__000000295455.jpg
300,SD3,4799,SD3/SD3/test/0_real/entire__sd3__real__000000518473.jpg
300,SD3,4800,SD3/SD3/test/0_real/entire__sd3__real__000000076816.jpg
300,SD3,4801,SD3/SD3/test/0_real/entire__sd3__real__000000205131.jpg
300,SD3,4802,SD3/SD3/test/0_real/entire__sd3__real__000000452781.jpg
300,SD3,4803,SD3/SD3/test/0_real/entire__sd3__real__000000363783.jpg
301,SD3,4804,SD3/SD3/test/1_fake/entire__sd3__fake__000000442450.jpg
301,SD3,4805,SD3/SD3/test/1_fake/entire__sd3__fake__000000304159.jpg
301,SD3,4806,SD3/SD3/test/0_real/entire__sd3__real__000000332684.jpg
301,SD3,4807,SD3/SD3/test/0_real/entire__sd3__real__000000215972.jpg
301,SD3,4808,SD3/SD3/test/0_real/entire__sd3__real__000000240511.jpg
301,SD3,4809,SD3/SD3/test/0_real/entire__sd3__real__000000203372.jpg
301,SD3,4810,SD3/SD3/test/0_real/entire__sd3__real__000000069215.jpg
301,SD3,4811,SD3/SD3/test/0_real/entire__sd3__real__000000146638.jpg
301,SD3,4812,SD3/SD3/test/0_real/entire__sd3__real__000000042661.jpg
301,SD3,4813,SD3/SD3/test/0_real/entire__sd3__real__000000495169.jpg
301,SD3,4814,SD3/SD3/test/0_real/entire__sd3__real__000000575873.jpg
301,SD3,4815,SD3/SD3/test/0_real/entire__sd3__real__000000368834.jpg
301,SD3,4816,SD3/SD3/test/0_real/entire__sd3__real__000000546361.jpg
301,SD3,4817,SD3/SD3/test/1_fake/entire__sd3__fake__000000009450.jpg
301,SD3,4818,SD3/SD3/test/1_fake/entire__sd3__fake__000000534318.jpg
301,SD3,4819,SD3/SD3/test/0_real/entire__sd3__real__000000338319.jpg
302,SD3,4820,SD3/SD3/test/1_fake/entire__sd3__fake__000000424718.jpg
302,SD3,4821,SD3/SD3/test/1_fake/entire__sd3__fake__000000105592.jpg
302,SD3,4822,SD3/SD3/test/0_real/entire__sd3__real__000000003234.jpg
302,SD3,4823,SD3/SD3/test/1_fake/entire__sd3__fake__000000486361.jpg
302,SD3,4824,SD3/SD3/test/0_real/entire__sd3__real__000000105668.jpg
302,SD3,4825,SD3/SD3/test/0_real/entire__sd3__real__000000242345.jpg
302,SD3,4826,SD3/SD3/test/0_real/entire__sd3__real__000000438888.jpg
302,SD3,4827,SD3/SD3/test/1_fake/entire__sd3__fake__000000309744.jpg
302,SD3,4828,SD3/SD3/test/1_fake/entire__sd3__fake__000000151830.jpg
302,SD3,4829,SD3/SD3/test/1_fake/entire__sd3__fake__000000459103.jpg
302,SD3,4830,SD3/SD3/test/1_fake/entire__sd3__fake__000000398665.jpg
302,SD3,4831,SD3/SD3/test/0_real/entire__sd3__real__000000155604.jpg
302,SD3,4832,SD3/SD3/test/1_fake/entire__sd3__fake__000000073541.jpg
302,SD3,4833,SD3/SD3/test/1_fake/entire__sd3__fake__000000027208.jpg
302,SD3,4834,SD3/SD3/test/0_real/entire__sd3__real__000000464347.jpg
302,SD3,4835,SD3/SD3/test/1_fake/entire__sd3__fake__000000000436.jpg
303,SD3,4836,SD3/SD3/test/0_real/entire__sd3__real__000000335976.jpg
303,SD3,4837,SD3/SD3/test/1_fake/entire__sd3__fake__000000416279.jpg
303,SD3,4838,SD3/SD3/test/1_fake/entire__sd3__fake__000000283144.jpg
303,SD3,4839,SD3/SD3/test/1_fake/entire__sd3__fake__000000047293.jpg
303,SD3,4840,SD3/SD3/test/1_fake/entire__sd3__fake__000000477154.jpg
303,SD3,4841,SD3/SD3/test/0_real/entire__sd3__real__000000500027.jpg
303,SD3,4842,SD3/SD3/test/0_real/entire__sd3__real__000000349590.jpg
303,SD3,4843,SD3/SD3/test/0_real/entire__sd3__real__000000335131.jpg
303,SD3,4844,SD3/SD3/test/0_real/entire__sd3__real__000000047419.jpg
303,SD3,4845,SD3/SD3/test/1_fake/entire__sd3__fake__000000174145.jpg
303,SD3,4846,SD3/SD3/test/1_fake/entire__sd3__fake__000000105601.jpg
303,SD3,4847,SD3/SD3/test/0_real/entire__sd3__real__000000552222.jpg
303,SD3,4848,SD3/SD3/test/0_real/entire__sd3__real__000000270234.jpg
303,SD3,4849,SD3/SD3/test/0_real/entire__sd3__real__000000541169.jpg
303,SD3,4850,SD3/SD3/test/0_real/entire__sd3__real__000000462773.jpg
303,SD3,4851,SD3/SD3/test/1_fake/entire__sd3__fake__000000277162.jpg
304,SD3,4852,SD3/SD3/test/1_fake/entire__sd3__fake__000000527183.jpg
304,SD3,4853,SD3/SD3/test/1_fake/entire__sd3__fake__000000141828.jpg
304,SD3,4854,SD3/SD3/test/0_real/entire__sd3__real__000000083682.jpg
304,SD3,4855,SD3/SD3/test/1_fake/entire__sd3__fake__000000424439.jpg
304,SD3,4856,SD3/SD3/test/1_fake/entire__sd3__fake__000000406514.jpg
304,SD3,4857,SD3/SD3/test/1_fake/entire__sd3__fake__000000379177.jpg
304,SD3,4858,SD3/SD3/test/0_real/entire__sd3__real__000000178543.jpg
304,SD3,4859,SD3/SD3/test/1_fake/entire__sd3__fake__000000346458.jpg
304,SD3,4860,SD3/SD3/test/1_fake/entire__sd3__fake__000000187641.jpg
304,SD3,4861,SD3/SD3/test/1_fake/entire__sd3__fake__000000530731.jpg
304,SD3,4862,SD3/SD3/test/1_fake/entire__sd3__fake__000000513887.jpg
304,SD3,4863,SD3/SD3/test/0_real/entire__sd3__real__000000345419.jpg
304,SD3,4864,SD3/SD3/test/1_fake/entire__sd3__fake__000000152588.jpg
304,SD3,4865,SD3/SD3/test/0_real/entire__sd3__real__000000518954.jpg
304,SD3,4866,SD3/SD3/test/0_real/entire__sd3__real__000000393207.jpg
304,SD3,4867,SD3/SD3/test/1_fake/entire__sd3__fake__000000009113.jpg
305,SD3,4868,SD3/SD3/test/1_fake/entire__sd3__fake__000000268986.jpg
305,SD3,4869,SD3/SD3/test/1_fake/entire__sd3__fake__000000355638.jpg
305,SD3,4870,SD3/SD3/test/1_fake/entire__sd3__fake__000000401232.jpg
305,SD3,4871,SD3/SD3/test/1_fake/entire__sd3__fake__000000271701.jpg
305,SD3,4872,SD3/SD3/test/0_real/entire__sd3__real__000000489461.jpg
305,SD3,4873,SD3/SD3/test/1_fake/entire__sd3__fake__000000021147.jpg
305,SD3,4874,SD3/SD3/test/0_real/entire__sd3__real__000000087891.jpg
305,SD3,4875,SD3/SD3/test/1_fake/entire__sd3__fake__000000526704.jpg
305,SD3,4876,SD3/SD3/test/0_real/entire__sd3__real__000000563279.jpg
305,SD3,4877,SD3/SD3/test/1_fake/entire__sd3__fake__000000194943.jpg
305,SD3,4878,SD3/SD3/test/1_fake/entire__sd3__fake__000000315209.jpg
305,SD3,4879,SD3/SD3/test/1_fake/entire__sd3__fake__000000324250.jpg
305,SD3,4880,SD3/SD3/test/1_fake/entire__sd3__fake__000000494905.jpg
305,SD3,4881,SD3/SD3/test/1_fake/entire__sd3__fake__000000468858.jpg
305,SD3,4882,SD3/SD3/test/1_fake/entire__sd3__fake__000000452532.jpg
305,SD3,4883,SD3/SD3/test/0_real/entire__sd3__real__000000191173.jpg
306,SD3,4884,SD3/SD3/test/0_real/entire__sd3__real__000000335486.jpg
306,SD3,4885,SD3/SD3/test/0_real/entire__sd3__real__000000096368.jpg
306,SD3,4886,SD3/SD3/test/0_real/entire__sd3__real__000000036197.jpg
306,SD3,4887,SD3/SD3/test/1_fake/entire__sd3__fake__000000123674.jpg
306,SD3,4888,SD3/SD3/test/1_fake/entire__sd3__fake__000000207184.jpg
306,SD3,4889,SD3/SD3/test/0_real/entire__sd3__real__000000101312.jpg
306,SD3,4890,SD3/SD3/test/1_fake/entire__sd3__fake__000000136642.jpg
306,SD3,4891,SD3/SD3/test/0_real/entire__sd3__real__000000380472.jpg
306,SD3,4892,SD3/SD3/test/1_fake/entire__sd3__fake__000000035160.jpg
306,SD3,4893,SD3/SD3/test/0_real/entire__sd3__real__000000213274.jpg
306,SD3,4894,SD3/SD3/test/1_fake/entire__sd3__fake__000000462062.jpg
306,SD3,4895,SD3/SD3/test/0_real/entire__sd3__real__000000573854.jpg
306,SD3,4896,SD3/SD3/test/1_fake/entire__sd3__fake__000000130884.jpg
306,SD3,4897,SD3/SD3/test/1_fake/entire__sd3__fake__000000207598.jpg
306,SD3,4898,SD3/SD3/test/0_real/entire__sd3__real__000000146121.jpg
306,SD3,4899,SD3/SD3/test/1_fake/entire__sd3__fake__000000288493.jpg
307,SD3,4900,SD3/SD3/test/1_fake/entire__sd3__fake__000000380588.jpg
307,SD3,4901,SD3/SD3/test/1_fake/entire__sd3__fake__000000117325.jpg
307,SD3,4902,SD3/SD3/test/0_real/entire__sd3__real__000000031080.jpg
307,SD3,4903,SD3/SD3/test/1_fake/entire__sd3__fake__000000577582.jpg
307,SD3,4904,SD3/SD3/test/1_fake/entire__sd3__fake__000000301362.jpg
307,SD3,4905,SD3/SD3/test/0_real/entire__sd3__real__000000429371.jpg
307,SD3,4906,SD3/SD3/test/1_fake/entire__sd3__fake__000000268599.jpg
307,SD3,4907,SD3/SD3/test/0_real/entire__sd3__real__000000071599.jpg
307,SD3,4908,SD3/SD3/test/0_real/entire__sd3__real__000000366005.jpg
307,SD3,4909,SD3/SD3/test/1_fake/entire__sd3__fake__000000311465.jpg
307,SD3,4910,SD3/SD3/test/1_fake/entire__sd3__fake__000000219763.jpg
307,SD3,4911,SD3/SD3/test/1_fake/entire__sd3__fake__000000526013.jpg
307,SD3,4912,SD3/SD3/test/0_real/entire__sd3__real__000000222346.jpg
307,SD3,4913,SD3/SD3/test/0_real/entire__sd3__real__000000152004.jpg
307,SD3,4914,SD3/SD3/test/0_real/entire__sd3__real__000000066345.jpg
307,SD3,4915,SD3/SD3/test/1_fake/entire__sd3__fake__000000551763.jpg
308,SD3,4916,SD3/SD3/test/0_real/entire__sd3__real__000000139344.jpg
308,SD3,4917,SD3/SD3/test/1_fake/entire__sd3__fake__000000125468.jpg
308,SD3,4918,SD3/SD3/test/0_real/entire__sd3__real__000000376996.jpg
308,SD3,4919,SD3/SD3/test/0_real/entire__sd3__real__000000118870.jpg
308,SD3,4920,SD3/SD3/test/1_fake/entire__sd3__fake__000000287331.jpg
308,SD3,4921,SD3/SD3/test/0_real/entire__sd3__real__000000526721.jpg
308,SD3,4922,SD3/SD3/test/0_real/entire__sd3__real__000000301727.jpg
308,SD3,4923,SD3/SD3/test/1_fake/entire__sd3__fake__000000115421.jpg
308,SD3,4924,SD3/SD3/test/0_real/entire__sd3__real__000000041997.jpg
308,SD3,4925,SD3/SD3/test/0_real/entire__sd3__real__000000043742.jpg
308,SD3,4926,SD3/SD3/test/1_fake/entire__sd3__fake__000000211604.jpg
308,SD3,4927,SD3/SD3/test/0_real/entire__sd3__real__000000463613.jpg
308,SD3,4928,SD3/SD3/test/0_real/entire__sd3__real__000000176440.jpg
308,SD3,4929,SD3/SD3/test/1_fake/entire__sd3__fake__000000040580.jpg
308,SD3,4930,SD3/SD3/test/1_fake/entire__sd3__fake__000000375481.jpg
308,SD3,4931,SD3/SD3/test/0_real/entire__sd3__real__000000108293.jpg
309,SD3,4932,SD3/SD3/test/1_fake/entire__sd3__fake__000000133261.jpg
309,SD3,4933,SD3/SD3/test/1_fake/entire__sd3__fake__000000387105.jpg
309,SD3,4934,SD3/SD3/test/1_fake/entire__sd3__fake__000000289075.jpg
309,SD3,4935,SD3/SD3/test/0_real/entire__sd3__real__000000058225.jpg
309,SD3,4936,SD3/SD3/test/1_fake/entire__sd3__fake__000000097592.jpg
309,SD3,4937,SD3/SD3/test/0_real/entire__sd3__real__000000478386.jpg
309,SD3,4938,SD3/SD3/test/1_fake/entire__sd3__fake__000000154023.jpg
309,SD3,4939,SD3/SD3/test/0_real/entire__sd3__real__000000519939.jpg
309,SD3,4940,SD3/SD3/test/0_real/entire__sd3__real__000000514232.jpg
309,SD3,4941,SD3/SD3/test/1_fake/entire__sd3__fake__000000173772.jpg
309,SD3,4942,SD3/SD3/test/0_real/entire__sd3__real__000000434261.jpg
309,SD3,4943,SD3/SD3/test/1_fake/entire__sd3__fake__000000575027.jpg
309,SD3,4944,SD3/SD3/test/0_real/entire__sd3__real__000000167533.jpg
309,SD3,4945,SD3/SD3/test/0_real/entire__sd3__real__000000240485.jpg
309,SD3,4946,SD3/SD3/test/1_fake/entire__sd3__fake__000000405840.jpg
309,SD3,4947,SD3/SD3/test/0_real/entire__sd3__real__000000578174.jpg
310,SD3,4948,SD3/SD3/test/0_real/entire__sd3__real__000000484881.jpg
310,SD3,4949,SD3/SD3/test/1_fake/entire__sd3__fake__000000578092.jpg
310,SD3,4950,SD3/SD3/test/1_fake/entire__sd3__fake__000000515006.jpg
310,SD3,4951,SD3/SD3/test/0_real/entire__sd3__real__000000556461.jpg
310,SD3,4952,SD3/SD3/test/0_real/entire__sd3__real__000000256606.jpg
310,SD3,4953,SD3/SD3/test/0_real/entire__sd3__real__000000369482.jpg
310,SD3,4954,SD3/SD3/test/1_fake/entire__sd3__fake__000000255634.jpg
310,SD3,4955,SD3/SD3/test/0_real/entire__sd3__real__000000031542.jpg
310,SD3,4956,SD3/SD3/test/1_fake/entire__sd3__fake__000000110011.jpg
310,SD3,4957,SD3/SD3/test/1_fake/entire__sd3__fake__000000148358.jpg
310,SD3,4958,SD3/SD3/test/1_fake/entire__sd3__fake__000000577320.jpg
310,SD3,4959,SD3/SD3/test/1_fake/entire__sd3__fake__000000220463.jpg
310,SD3,4960,SD3/SD3/test/0_real/entire__sd3__real__000000542662.jpg
310,SD3,4961,SD3/SD3/test/1_fake/entire__sd3__fake__000000064121.jpg
310,SD3,4962,SD3/SD3/test/1_fake/entire__sd3__fake__000000128830.jpg
310,SD3,4963,SD3/SD3/test/0_real/entire__sd3__real__000000552112.jpg
311,SD3,4964,SD3/SD3/test/1_fake/entire__sd3__fake__000000298122.jpg
311,SD3,4965,SD3/SD3/test/0_real/entire__sd3__real__000000087912.jpg
311,SD3,4966,SD3/SD3/test/1_fake/entire__sd3__fake__000000355688.jpg
311,SD3,4967,SD3/SD3/test/1_fake/entire__sd3__fake__000000024375.jpg
311,SD3,4968,SD3/SD3/test/0_real/entire__sd3__real__000000523173.jpg
311,SD3,4969,SD3/SD3/test/1_fake/entire__sd3__fake__000000061697.jpg
311,SD3,4970,SD3/SD3/test/1_fake/entire__sd3__fake__000000572907.jpg
311,SD3,4971,SD3/SD3/test/1_fake/entire__sd3__fake__000000136785.jpg
311,SD3,4972,SD3/SD3/test/1_fake/entire__sd3__fake__000000392943.jpg
311,SD3,4973,SD3/SD3/test/1_fake/entire__sd3__fake__000000575417.jpg
311,SD3,4974,SD3/SD3/test/1_fake/entire__sd3__fake__000000341401.jpg
311,SD3,4975,SD3/SD3/test/1_fake/entire__sd3__fake__000000318089.jpg
311,SD3,4976,SD3/SD3/test/1_fake/entire__sd3__fake__000000442761.jpg
311,SD3,4977,SD3/SD3/test/1_fake/entire__sd3__fake__000000363474.jpg
311,SD3,4978,SD3/SD3/test/1_fake/entire__sd3__fake__000000531337.jpg
311,SD3,4979,SD3/SD3/test/1_fake/entire__sd3__fake__000000497455.jpg
312,SD3,4980,SD3/SD3/test/1_fake/entire__sd3__fake__000000131152.jpg
312,SD3,4981,SD3/SD3/test/0_real/entire__sd3__real__000000012547.jpg
312,SD3,4982,SD3/SD3/test/0_real/entire__sd3__real__000000456884.jpg
312,SD3,4983,SD3/SD3/test/0_real/entire__sd3__real__000000248193.jpg
312,SD3,4984,SD3/SD3/test/0_real/entire__sd3__real__000000237597.jpg
312,SD3,4985,SD3/SD3/test/0_real/entire__sd3__real__000000315991.jpg
312,SD3,4986,SD3/SD3/test/1_fake/entire__sd3__fake__000000226343.jpg
312,SD3,4987,SD3/SD3/test/0_real/entire__sd3__real__000000418373.jpg
312,SD3,4988,SD3/SD3/test/1_fake/entire__sd3__fake__000000124509.jpg
312,SD3,4989,SD3/SD3/test/1_fake/entire__sd3__fake__000000540210.jpg
312,SD3,4990,SD3/SD3/test/0_real/entire__sd3__real__000000195862.jpg
312,SD3,4991,SD3/SD3/test/0_real/entire__sd3__real__000000325783.jpg
312,SD3,4992,SD3/SD3/test/0_real/entire__sd3__real__000000239584.jpg
312,SD3,4993,SD3/SD3/test/0_real/entire__sd3__real__000000443640.jpg
312,SD3,4994,SD3/SD3/test/0_real/entire__sd3__real__000000203705.jpg
312,SD3,4995,SD3/SD3/test/1_fake/entire__sd3__fake__000000108484.jpg
313,SD3,4996,SD3/SD3/test/0_real/entire__sd3__real__000000318306.jpg
313,SD3,4997,SD3/SD3/test/1_fake/entire__sd3__fake__000000436603.jpg
313,SD3,4998,SD3/SD3/test/0_real/entire__sd3__real__000000153631.jpg
313,SD3,4999,SD3/SD3/test/1_fake/entire__sd3__fake__000000268590.jpg
313,SD3,5000,SD3/SD3/test/0_real/entire__sd3__real__000000427726.jpg
313,SD3,5001,SD3/SD3/test/0_real/entire__sd3__real__000000431795.jpg
313,SD3,5002,SD3/SD3/test/0_real/entire__sd3__real__000000576672.jpg
313,SD3,5003,SD3/SD3/test/0_real/entire__sd3__real__000000302713.jpg
313,SD3,5004,SD3/SD3/test/1_fake/entire__sd3__fake__000000500792.jpg
313,SD3,5005,SD3/SD3/test/0_real/entire__sd3__real__000000005154.jpg
313,SD3,5006,SD3/SD3/test/1_fake/entire__sd3__fake__000000092534.jpg
313,SD3,5007,SD3/SD3/test/0_real/entire__sd3__real__000000049065.jpg
313,SD3,5008,SD3/SD3/test/0_real/entire__sd3__real__000000147712.jpg
313,SD3,5009,SD3/SD3/test/1_fake/entire__sd3__fake__000000428278.jpg
313,SD3,5010,SD3/SD3/test/0_real/entire__sd3__real__000000234978.jpg
313,SD3,5011,SD3/SD3/test/1_fake/entire__sd3__fake__000000403687.jpg
314,SD3,5012,SD3/SD3/test/1_fake/entire__sd3__fake__000000513900.jpg
314,SD3,5013,SD3/SD3/test/1_fake/entire__sd3__fake__000000455401.jpg
314,SD3,5014,SD3/SD3/test/1_fake/entire__sd3__fake__000000067837.jpg
314,SD3,5015,SD3/SD3/test/0_real/entire__sd3__real__000000109008.jpg
314,SD3,5016,SD3/SD3/test/0_real/entire__sd3__real__000000418115.jpg
314,SD3,5017,SD3/SD3/test/0_real/entire__sd3__real__000000217449.jpg
314,SD3,5018,SD3/SD3/test/1_fake/entire__sd3__fake__000000427835.jpg
314,SD3,5019,SD3/SD3/test/0_real/entire__sd3__real__000000407927.jpg
314,SD3,5020,SD3/SD3/test/1_fake/entire__sd3__fake__000000052928.jpg
314,SD3,5021,SD3/SD3/test/0_real/entire__sd3__real__000000232358.jpg
314,SD3,5022,SD3/SD3/test/1_fake/entire__sd3__fake__000000413522.jpg
314,SD3,5023,SD3/SD3/test/1_fake/entire__sd3__fake__000000134606.jpg
314,SD3,5024,SD3/SD3/test/0_real/entire__sd3__real__000000282354.jpg
314,SD3,5025,SD3/SD3/test/0_real/entire__sd3__real__000000431681.jpg
314,SD3,5026,SD3/SD3/test/1_fake/entire__sd3__fake__000000039812.jpg
314,SD3,5027,SD3/SD3/test/1_fake/entire__sd3__fake__000000102471.jpg
315,SD3,5028,SD3/SD3/test/0_real/entire__sd3__real__000000218840.jpg
315,SD3,5029,SD3/SD3/test/1_fake/entire__sd3__fake__000000019435.jpg
315,SD3,5030,SD3/SD3/test/1_fake/entire__sd3__fake__000000252611.jpg
315,SD3,5031,SD3/SD3/test/0_real/entire__sd3__real__000000157981.jpg
315,SD3,5032,SD3/SD3/test/0_real/entire__sd3__real__000000561121.jpg
315,SD3,5033,SD3/SD3/test/1_fake/entire__sd3__fake__000000418173.jpg
315,SD3,5034,SD3/SD3/test/1_fake/entire__sd3__fake__000000195703.jpg
315,SD3,5035,SD3/SD3/test/0_real/entire__sd3__real__000000518357.jpg
315,SD3,5036,SD3/SD3/test/0_real/entire__sd3__real__000000405516.jpg
315,SD3,5037,SD3/SD3/test/1_fake/entire__sd3__fake__000000132585.jpg
315,SD3,5038,SD3/SD3/test/0_real/entire__sd3__real__000000359458.jpg
315,SD3,5039,SD3/SD3/test/1_fake/entire__sd3__fake__000000403145.jpg
315,SD3,5040,SD3/SD3/test/1_fake/entire__sd3__fake__000000477647.jpg
315,SD3,5041,SD3/SD3/test/1_fake/entire__sd3__fake__000000321737.jpg
315,SD3,5042,SD3/SD3/test/0_real/entire__sd3__real__000000222411.jpg
315,SD3,5043,SD3/SD3/test/0_real/entire__sd3__real__000000165271.jpg
316,SD3,5044,SD3/SD3/test/1_fake/entire__sd3__fake__000000529470.jpg
316,SD3,5045,SD3/SD3/test/0_real/entire__sd3__real__000000394806.jpg
316,SD3,5046,SD3/SD3/test/1_fake/entire__sd3__fake__000000482479.jpg
316,SD3,5047,SD3/SD3/test/1_fake/entire__sd3__fake__000000479496.jpg
316,SD3,5048,SD3/SD3/test/0_real/entire__sd3__real__000000362555.jpg
316,SD3,5049,SD3/SD3/test/0_real/entire__sd3__real__000000190764.jpg
316,SD3,5050,SD3/SD3/test/1_fake/entire__sd3__fake__000000399649.jpg
316,SD3,5051,SD3/SD3/test/1_fake/entire__sd3__fake__000000282730.jpg
316,SD3,5052,SD3/SD3/test/0_real/entire__sd3__real__000000361027.jpg
316,SD3,5053,SD3/SD3/test/0_real/entire__sd3__real__000000247555.jpg
316,SD3,5054,SD3/SD3/test/1_fake/entire__sd3__fake__000000573795.jpg
316,SD3,5055,SD3/SD3/test/1_fake/entire__sd3__fake__000000049713.jpg
316,SD3,5056,SD3/SD3/test/1_fake/entire__sd3__fake__000000314313.jpg
316,SD3,5057,SD3/SD3/test/0_real/entire__sd3__real__000000496118.jpg
316,SD3,5058,SD3/SD3/test/0_real/entire__sd3__real__000000132415.jpg
316,SD3,5059,SD3/SD3/test/0_real/entire__sd3__real__000000360182.jpg
317,SD3,5060,SD3/SD3/test/1_fake/entire__sd3__fake__000000317615.jpg
317,SD3,5061,SD3/SD3/test/0_real/entire__sd3__real__000000032655.jpg
317,SD3,5062,SD3/SD3/test/0_real/entire__sd3__real__000000275036.jpg
317,SD3,5063,SD3/SD3/test/1_fake/entire__sd3__fake__000000138401.jpg
317,SD3,5064,SD3/SD3/test/1_fake/entire__sd3__fake__000000001366.jpg
317,SD3,5065,SD3/SD3/test/1_fake/entire__sd3__fake__000000244528.jpg
317,SD3,5066,SD3/SD3/test/0_real/entire__sd3__real__000000340259.jpg
317,SD3,5067,SD3/SD3/test/0_real/entire__sd3__real__000000491106.jpg
317,SD3,5068,SD3/SD3/test/0_real/entire__sd3__real__000000477137.jpg
317,SD3,5069,SD3/SD3/test/0_real/entire__sd3__real__000000495040.jpg
317,SD3,5070,SD3/SD3/test/0_real/entire__sd3__real__000000211119.jpg
317,SD3,5071,SD3/SD3/test/1_fake/entire__sd3__fake__000000468049.jpg
317,SD3,5072,SD3/SD3/test/1_fake/entire__sd3__fake__000000059532.jpg
317,SD3,5073,SD3/SD3/test/1_fake/entire__sd3__fake__000000056160.jpg
317,SD3,5074,SD3/SD3/test/0_real/entire__sd3__real__000000140029.jpg
317,SD3,5075,SD3/SD3/test/1_fake/entire__sd3__fake__000000468920.jpg
318,SD3,5076,SD3/SD3/test/1_fake/entire__sd3__fake__000000505384.jpg
318,SD3,5077,SD3/SD3/test/0_real/entire__sd3__real__000000122631.jpg
318,SD3,5078,SD3/SD3/test/0_real/entire__sd3__real__000000079572.jpg
318,SD3,5079,SD3/SD3/test/1_fake/entire__sd3__fake__000000166813.jpg
318,SD3,5080,SD3/SD3/test/0_real/entire__sd3__real__000000287084.jpg
318,SD3,5081,SD3/SD3/test/0_real/entire__sd3__real__000000363248.jpg
318,SD3,5082,SD3/SD3/test/0_real/entire__sd3__real__000000517253.jpg
318,SD3,5083,SD3/SD3/test/0_real/entire__sd3__real__000000130718.jpg
318,SD3,5084,SD3/SD3/test/0_real/entire__sd3__real__000000418107.jpg
318,SD3,5085,SD3/SD3/test/1_fake/entire__sd3__fake__000000326569.jpg
318,SD3,5086,SD3/SD3/test/0_real/entire__sd3__real__000000246608.jpg
318,SD3,5087,SD3/SD3/test/0_real/entire__sd3__real__000000454018.jpg
318,SD3,5088,SD3/SD3/test/1_fake/entire__sd3__fake__000000556719.jpg
318,SD3,5089,SD3/SD3/test/1_fake/entire__sd3__fake__000000047944.jpg
318,SD3,5090,SD3/SD3/test/1_fake/entire__sd3__fake__000000458172.jpg
318,SD3,5091,SD3/SD3/test/1_fake/entire__sd3__fake__000000402742.jpg
319,SD3,5092,SD3/SD3/test/1_fake/entire__sd3__fake__000000077332.jpg
319,SD3,5093,SD3/SD3/test/1_fake/entire__sd3__fake__000000569742.jpg
319,SD3,5094,SD3/SD3/test/1_fake/entire__sd3__fake__000000243443.jpg
319,SD3,5095,SD3/SD3/test/0_real/entire__sd3__real__000000025727.jpg
319,SD3,5096,SD3/SD3/test/1_fake/entire__sd3__fake__000000187351.jpg
319,SD3,5097,SD3/SD3/test/1_fake/entire__sd3__fake__000000549605.jpg
319,SD3,5098,SD3/SD3/test/0_real/entire__sd3__real__000000462530.jpg
319,SD3,5099,SD3/SD3/test/0_real/entire__sd3__real__000000461434.jpg
319,SD3,5100,SD3/SD3/test/1_fake/entire__sd3__fake__000000152525.jpg
319,SD3,5101,SD3/SD3/test/0_real/entire__sd3__real__000000360701.jpg
319,SD3,5102,SD3/SD3/test/0_real/entire__sd3__real__000000198422.jpg
319,SD3,5103,SD3/SD3/test/1_fake/entire__sd3__fake__000000535393.jpg
319,SD3,5104,SD3/SD3/test/1_fake/entire__sd3__fake__000000295166.jpg
319,SD3,5105,SD3/SD3/test/0_real/entire__sd3__real__000000200008.jpg
319,SD3,5106,SD3/SD3/test/0_real/entire__sd3__real__000000342347.jpg
319,SD3,5107,SD3/SD3/test/1_fake/entire__sd3__fake__000000114541.jpg
320,SD3,5108,SD3/SD3/test/0_real/entire__sd3__real__000000237912.jpg
320,SD3,5109,SD3/SD3/test/1_fake/entire__sd3__fake__000000434519.jpg
320,SD3,5110,SD3/SD3/test/0_real/entire__sd3__real__000000518321.jpg
320,SD3,5111,SD3/SD3/test/0_real/entire__sd3__real__000000102704.jpg
320,SD3,5112,SD3/SD3/test/0_real/entire__sd3__real__000000282464.jpg
320,SD3,5113,SD3/SD3/test/0_real/entire__sd3__real__000000404108.jpg
320,SD3,5114,SD3/SD3/test/1_fake/entire__sd3__fake__000000444171.jpg
320,SD3,5115,SD3/SD3/test/0_real/entire__sd3__real__000000416968.jpg
320,SD3,5116,SD3/SD3/test/0_real/entire__sd3__real__000000487333.jpg
320,SD3,5117,SD3/SD3/test/1_fake/entire__sd3__fake__000000147058.jpg
320,SD3,5118,SD3/SD3/test/0_real/entire__sd3__real__000000337448.jpg
320,SD3,5119,SD3/SD3/test/1_fake/entire__sd3__fake__000000576070.jpg
320,SD3,5120,SD3/SD3/test/0_real/entire__sd3__real__000000155216.jpg
320,SD3,5121,SD3/SD3/test/1_fake/entire__sd3__fake__000000340528.jpg
320,SD3,5122,SD3/SD3/test/0_real/entire__sd3__real__000000531937.jpg
320,SD3,5123,SD3/SD3/test/1_fake/entire__sd3__fake__000000023584.jpg
321,SD3,5124,SD3/SD3/test/0_real/entire__sd3__real__000000300636.jpg
321,SD3,5125,SD3/SD3/test/0_real/entire__sd3__real__000000517929.jpg
321,SD3,5126,SD3/SD3/test/1_fake/entire__sd3__fake__000000365305.jpg
321,SD3,5127,SD3/SD3/test/0_real/entire__sd3__real__000000178078.jpg
321,SD3,5128,SD3/SD3/test/0_real/entire__sd3__real__000000429305.jpg
321,SD3,5129,SD3/SD3/test/0_real/entire__sd3__real__000000062691.jpg
321,SD3,5130,SD3/SD3/test/1_fake/entire__sd3__fake__000000256951.jpg
321,SD3,5131,SD3/SD3/test/1_fake/entire__sd3__fake__000000226326.jpg
321,SD3,5132,SD3/SD3/test/0_real/entire__sd3__real__000000270160.jpg
321,SD3,5133,SD3/SD3/test/0_real/entire__sd3__real__000000004901.jpg
321,SD3,5134,SD3/SD3/test/1_fake/entire__sd3__fake__000000098141.jpg
321,SD3,5135,SD3/SD3/test/0_real/entire__sd3__real__000000177453.jpg
321,SD3,5136,SD3/SD3/test/0_real/entire__sd3__real__000000514821.jpg
321,SD3,5137,SD3/SD3/test/0_real/entire__sd3__real__000000250246.jpg
321,SD3,5138,SD3/SD3/test/1_fake/entire__sd3__fake__000000139249.jpg
321,SD3,5139,SD3/SD3/test/0_real/entire__sd3__real__000000302275.jpg
322,SD3,5140,SD3/SD3/test/0_real/entire__sd3__real__000000194310.jpg
322,SD3,5141,SD3/SD3/test/0_real/entire__sd3__real__000000410963.jpg
322,SD3,5142,SD3/SD3/test/0_real/entire__sd3__real__000000104800.jpg
322,SD3,5143,SD3/SD3/test/0_real/entire__sd3__real__000000337752.jpg
322,SD3,5144,SD3/SD3/test/1_fake/entire__sd3__fake__000000568064.jpg
322,SD3,5145,SD3/SD3/test/1_fake/entire__sd3__fake__000000094793.jpg
322,SD3,5146,SD3/SD3/test/0_real/entire__sd3__real__000000555204.jpg
322,SD3,5147,SD3/SD3/test/0_real/entire__sd3__real__000000522194.jpg
322,SD3,5148,SD3/SD3/test/1_fake/entire__sd3__fake__000000166913.jpg
322,SD3,5149,SD3/SD3/test/0_real/entire__sd3__real__000000207030.jpg
322,SD3,5150,SD3/SD3/test/1_fake/entire__sd3__fake__000000194105.jpg
322,SD3,5151,SD3/SD3/test/0_real/entire__sd3__real__000000028320.jpg
322,SD3,5152,SD3/SD3/test/1_fake/entire__sd3__fake__000000330079.jpg
322,SD3,5153,SD3/SD3/test/0_real/entire__sd3__real__000000062257.jpg
322,SD3,5154,SD3/SD3/test/1_fake/entire__sd3__fake__000000206387.jpg
322,SD3,5155,SD3/SD3/test/0_real/entire__sd3__real__000000399780.jpg
323,SD3,5156,SD3/SD3/test/1_fake/entire__sd3__fake__000000132500.jpg
323,SD3,5157,SD3/SD3/test/0_real/entire__sd3__real__000000085913.jpg
323,SD3,5158,SD3/SD3/test/1_fake/entire__sd3__fake__000000495356.jpg
323,SD3,5159,SD3/SD3/test/0_real/entire__sd3__real__000000515734.jpg
323,SD3,5160,SD3/SD3/test/1_fake/entire__sd3__fake__000000340811.jpg
323,SD3,5161,SD3/SD3/test/0_real/entire__sd3__real__000000194669.jpg
323,SD3,5162,SD3/SD3/test/1_fake/entire__sd3__fake__000000481222.jpg
323,SD3,5163,SD3/SD3/test/1_fake/entire__sd3__fake__000000278066.jpg
323,SD3,5164,SD3/SD3/test/0_real/entire__sd3__real__000000542112.jpg
323,SD3,5165,SD3/SD3/test/0_real/entire__sd3__real__000000570205.jpg
323,SD3,5166,SD3/SD3/test/1_fake/entire__sd3__fake__000000513240.jpg
323,SD3,5167,SD3/SD3/test/1_fake/entire__sd3__fake__000000414592.jpg
323,SD3,5168,SD3/SD3/test/1_fake/entire__sd3__fake__000000475944.jpg
323,SD3,5169,SD3/SD3/test/0_real/entire__sd3__real__000000499226.jpg
323,SD3,5170,SD3/SD3/test/1_fake/entire__sd3__fake__000000485894.jpg
323,SD3,5171,SD3/SD3/test/0_real/entire__sd3__real__000000338924.jpg
324,SD3,5172,SD3/SD3/test/0_real/entire__sd3__real__000000482210.jpg
324,SD3,5173,SD3/SD3/test/1_fake/entire__sd3__fake__000000272162.jpg
324,SD3,5174,SD3/SD3/test/0_real/entire__sd3__real__000000442659.jpg
324,SD3,5175,SD3/SD3/test/1_fake/entire__sd3__fake__000000581815.jpg
324,SD3,5176,SD3/SD3/test/1_fake/entire__sd3__fake__000000578387.jpg
324,SD3,5177,SD3/SD3/test/0_real/entire__sd3__real__000000538196.jpg
324,SD3,5178,SD3/SD3/test/1_fake/entire__sd3__fake__000000360869.jpg
324,SD3,5179,SD3/SD3/test/0_real/entire__sd3__real__000000137221.jpg
324,SD3,5180,SD3/SD3/test/1_fake/entire__sd3__fake__000000237597.jpg
324,SD3,5181,SD3/SD3/test/1_fake/entire__sd3__fake__000000057306.jpg
324,SD3,5182,SD3/SD3/test/1_fake/entire__sd3__fake__000000124102.jpg
324,SD3,5183,SD3/SD3/test/0_real/entire__sd3__real__000000492266.jpg
324,SD3,5184,SD3/SD3/test/0_real/entire__sd3__real__000000437685.jpg
324,SD3,5185,SD3/SD3/test/1_fake/entire__sd3__fake__000000080085.jpg
324,SD3,5186,SD3/SD3/test/0_real/entire__sd3__real__000000238402.jpg
324,SD3,5187,SD3/SD3/test/1_fake/entire__sd3__fake__000000022953.jpg
325,SD3,5188,SD3/SD3/test/1_fake/entire__sd3__fake__000000485709.jpg
325,SD3,5189,SD3/SD3/test/0_real/entire__sd3__real__000000215896.jpg
325,SD3,5190,SD3/SD3/test/1_fake/entire__sd3__fake__000000462773.jpg
325,SD3,5191,SD3/SD3/test/1_fake/entire__sd3__fake__000000293545.jpg
325,SD3,5192,SD3/SD3/test/1_fake/entire__sd3__fake__000000430473.jpg
325,SD3,5193,SD3/SD3/test/1_fake/entire__sd3__fake__000000296886.jpg
325,SD3,5194,SD3/SD3/test/1_fake/entire__sd3__fake__000000206542.jpg
325,SD3,5195,SD3/SD3/test/0_real/entire__sd3__real__000000514915.jpg
325,SD3,5196,SD3/SD3/test/0_real/entire__sd3__real__000000474147.jpg
325,SD3,5197,SD3/SD3/test/0_real/entire__sd3__real__000000001558.jpg
325,SD3,5198,SD3/SD3/test/1_fake/entire__sd3__fake__000000435444.jpg
325,SD3,5199,SD3/SD3/test/1_fake/entire__sd3__fake__000000515656.jpg
325,SD3,5200,SD3/SD3/test/0_real/entire__sd3__real__000000159331.jpg
325,SD3,5201,SD3/SD3/test/1_fake/entire__sd3__fake__000000037038.jpg
325,SD3,5202,SD3/SD3/test/1_fake/entire__sd3__fake__000000384775.jpg
325,SD3,5203,SD3/SD3/test/0_real/entire__sd3__real__000000211811.jpg
326,SD3,5204,SD3/SD3/test/1_fake/entire__sd3__fake__000000522362.jpg
326,SD3,5205,SD3/SD3/test/1_fake/entire__sd3__fake__000000320106.jpg
326,SD3,5206,SD3/SD3/test/0_real/entire__sd3__real__000000561714.jpg
326,SD3,5207,SD3/SD3/test/0_real/entire__sd3__real__000000244423.jpg
326,SD3,5208,SD3/SD3/test/0_real/entire__sd3__real__000000045299.jpg
326,SD3,5209,SD3/SD3/test/1_fake/entire__sd3__fake__000000215563.jpg
326,SD3,5210,SD3/SD3/test/0_real/entire__sd3__real__000000471851.jpg
326,SD3,5211,SD3/SD3/test/1_fake/entire__sd3__fake__000000369126.jpg
326,SD3,5212,SD3/SD3/test/0_real/entire__sd3__real__000000092646.jpg
326,SD3,5213,SD3/SD3/test/0_real/entire__sd3__real__000000497202.jpg
326,SD3,5214,SD3/SD3/test/0_real/entire__sd3__real__000000001501.jpg
326,SD3,5215,SD3/SD3/test/1_fake/entire__sd3__fake__000000005263.jpg
326,SD3,5216,SD3/SD3/test/1_fake/entire__sd3__fake__000000413242.jpg
326,SD3,5217,SD3/SD3/test/0_real/entire__sd3__real__000000402603.jpg
326,SD3,5218,SD3/SD3/test/1_fake/entire__sd3__fake__000000382288.jpg
326,SD3,5219,SD3/SD3/test/1_fake/entire__sd3__fake__000000010969.jpg
327,SD3,5220,SD3/SD3/test/1_fake/entire__sd3__fake__000000053457.jpg
327,SD3,5221,SD3/SD3/test/0_real/entire__sd3__real__000000554568.jpg
327,SD3,5222,SD3/SD3/test/0_real/entire__sd3__real__000000256546.jpg
327,SD3,5223,SD3/SD3/test/1_fake/entire__sd3__fake__000000161178.jpg
327,SD3,5224,SD3/SD3/test/1_fake/entire__sd3__fake__000000363037.jpg
327,SD3,5225,SD3/SD3/test/1_fake/entire__sd3__fake__000000355762.jpg
327,SD3,5226,SD3/SD3/test/0_real/entire__sd3__real__000000521240.jpg
327,SD3,5227,SD3/SD3/test/0_real/entire__sd3__real__000000451428.jpg
327,SD3,5228,SD3/SD3/test/0_real/entire__sd3__real__000000426712.jpg
327,SD3,5229,SD3/SD3/test/0_real/entire__sd3__real__000000115700.jpg
327,SD3,5230,SD3/SD3/test/0_real/entire__sd3__real__000000325850.jpg
327,SD3,5231,SD3/SD3/test/0_real/entire__sd3__real__000000524613.jpg
327,SD3,5232,SD3/SD3/test/0_real/entire__sd3__real__000000556056.jpg
327,SD3,5233,SD3/SD3/test/0_real/entire__sd3__real__000000513789.jpg
327,SD3,5234,SD3/SD3/test/0_real/entire__sd3__real__000000512455.jpg
327,SD3,5235,SD3/SD3/test/0_real/entire__sd3__real__000000300177.jpg
328,SD3,5236,SD3/SD3/test/0_real/entire__sd3__real__000000473573.jpg
328,SD3,5237,SD3/SD3/test/0_real/entire__sd3__real__000000498090.jpg
328,SD3,5238,SD3/SD3/test/0_real/entire__sd3__real__000000030699.jpg
328,SD3,5239,SD3/SD3/test/0_real/entire__sd3__real__000000168524.jpg
328,SD3,5240,SD3/SD3/test/1_fake/entire__sd3__fake__000000222016.jpg
328,SD3,5241,SD3/SD3/test/1_fake/entire__sd3__fake__000000122916.jpg
328,SD3,5242,SD3/SD3/test/1_fake/entire__sd3__fake__000000211389.jpg
328,SD3,5243,SD3/SD3/test/1_fake/entire__sd3__fake__000000301708.jpg
328,SD3,5244,SD3/SD3/test/0_real/entire__sd3__real__000000199946.jpg
328,SD3,5245,SD3/SD3/test/0_real/entire__sd3__real__000000073450.jpg
328,SD3,5246,SD3/SD3/test/0_real/entire__sd3__real__000000060647.jpg
328,SD3,5247,SD3/SD3/test/1_fake/entire__sd3__fake__000000328818.jpg
328,SD3,5248,SD3/SD3/test/0_real/entire__sd3__real__000000417742.jpg
328,SD3,5249,SD3/SD3/test/0_real/entire__sd3__real__000000515006.jpg
328,SD3,5250,SD3/SD3/test/0_real/entire__sd3__real__000000173096.jpg
328,SD3,5251,SD3/SD3/test/1_fake/entire__sd3__fake__000000514915.jpg
329,SD3,5252,SD3/SD3/test/0_real/entire__sd3__real__000000463414.jpg
329,SD3,5253,SD3/SD3/test/1_fake/entire__sd3__fake__000000222361.jpg
329,SD3,5254,SD3/SD3/test/1_fake/entire__sd3__fake__000000062272.jpg
329,SD3,5255,SD3/SD3/test/1_fake/entire__sd3__fake__000000561624.jpg
329,SD3,5256,SD3/SD3/test/0_real/entire__sd3__real__000000218223.jpg
329,SD3,5257,SD3/SD3/test/0_real/entire__sd3__real__000000099299.jpg
329,SD3,5258,SD3/SD3/test/1_fake/entire__sd3__fake__000000394132.jpg
329,SD3,5259,SD3/SD3/test/0_real/entire__sd3__real__000000469888.jpg
329,SD3,5260,SD3/SD3/test/1_fake/entire__sd3__fake__000000042383.jpg
329,SD3,5261,SD3/SD3/test/0_real/entire__sd3__real__000000240682.jpg
329,SD3,5262,SD3/SD3/test/1_fake/entire__sd3__fake__000000541050.jpg
329,SD3,5263,SD3/SD3/test/1_fake/entire__sd3__fake__000000364913.jpg
329,SD3,5264,SD3/SD3/test/0_real/entire__sd3__real__000000561288.jpg
329,SD3,5265,SD3/SD3/test/1_fake/entire__sd3__fake__000000558142.jpg
329,SD3,5266,SD3/SD3/test/1_fake/entire__sd3__fake__000000528488.jpg
329,SD3,5267,SD3/SD3/test/0_real/entire__sd3__real__000000141201.jpg
330,SD3,5268,SD3/SD3/test/0_real/entire__sd3__real__000000213465.jpg
330,SD3,5269,SD3/SD3/test/0_real/entire__sd3__real__000000283884.jpg
330,SD3,5270,SD3/SD3/test/0_real/entire__sd3__real__000000424482.jpg
330,SD3,5271,SD3/SD3/test/0_real/entire__sd3__real__000000192407.jpg
330,SD3,5272,SD3/SD3/test/0_real/entire__sd3__real__000000112078.jpg
330,SD3,5273,SD3/SD3/test/0_real/entire__sd3__real__000000281952.jpg
330,SD3,5274,SD3/SD3/test/0_real/entire__sd3__real__000000461245.jpg
330,SD3,5275,SD3/SD3/test/1_fake/entire__sd3__fake__000000526401.jpg
330,SD3,5276,SD3/SD3/test/0_real/entire__sd3__real__000000480588.jpg
330,SD3,5277,SD3/SD3/test/1_fake/entire__sd3__fake__000000420643.jpg
330,SD3,5278,SD3/SD3/test/0_real/entire__sd3__real__000000239010.jpg
330,SD3,5279,SD3/SD3/test/0_real/entire__sd3__real__000000245682.jpg
330,SD3,5280,SD3/SD3/test/1_fake/entire__sd3__fake__000000509416.jpg
330,SD3,5281,SD3/SD3/test/1_fake/entire__sd3__fake__000000341596.jpg
330,SD3,5282,SD3/SD3/test/0_real/entire__sd3__real__000000343198.jpg
330,SD3,5283,SD3/SD3/test/1_fake/entire__sd3__fake__000000395491.jpg
331,SD3,5284,SD3/SD3/test/0_real/entire__sd3__real__000000102256.jpg
331,SD3,5285,SD3/SD3/test/1_fake/entire__sd3__fake__000000478386.jpg
331,SD3,5286,SD3/SD3/test/1_fake/entire__sd3__fake__000000451397.jpg
331,SD3,5287,SD3/SD3/test/0_real/entire__sd3__real__000000306169.jpg
331,SD3,5288,SD3/SD3/test/0_real/entire__sd3__real__000000337707.jpg
331,SD3,5289,SD3/SD3/test/0_real/entire__sd3__real__000000523309.jpg
331,SD3,5290,SD3/SD3/test/1_fake/entire__sd3__fake__000000373704.jpg
331,SD3,5291,SD3/SD3/test/0_real/entire__sd3__real__000000176629.jpg
331,SD3,5292,SD3/SD3/test/0_real/entire__sd3__real__000000148146.jpg
331,SD3,5293,SD3/SD3/test/1_fake/entire__sd3__fake__000000014562.jpg
331,SD3,5294,SD3/SD3/test/1_fake/entire__sd3__fake__000000390154.jpg
331,SD3,5295,SD3/SD3/test/1_fake/entire__sd3__fake__000000498969.jpg
331,SD3,5296,SD3/SD3/test/0_real/entire__sd3__real__000000210408.jpg
331,SD3,5297,SD3/SD3/test/0_real/entire__sd3__real__000000110798.jpg
331,SD3,5298,SD3/SD3/test/1_fake/entire__sd3__fake__000000157377.jpg
331,SD3,5299,SD3/SD3/test/0_real/entire__sd3__real__000000273068.jpg
332,SD3,5300,SD3/SD3/test/0_real/entire__sd3__real__000000473320.jpg
332,SD3,5301,SD3/SD3/test/0_real/entire__sd3__real__000000576301.jpg
332,SD3,5302,SD3/SD3/test/0_real/entire__sd3__real__000000458778.jpg
332,SD3,5303,SD3/SD3/test/1_fake/entire__sd3__fake__000000413360.jpg
332,SD3,5304,SD3/SD3/test/0_real/entire__sd3__real__000000439651.jpg
332,SD3,5305,SD3/SD3/test/1_fake/entire__sd3__fake__000000198724.jpg
332,SD3,5306,SD3/SD3/test/0_real/entire__sd3__real__000000390706.jpg
332,SD3,5307,SD3/SD3/test/1_fake/entire__sd3__fake__000000182821.jpg
332,SD3,5308,SD3/SD3/test/0_real/entire__sd3__real__000000288202.jpg
332,SD3,5309,SD3/SD3/test/1_fake/entire__sd3__fake__000000053405.jpg
332,SD3,5310,SD3/SD3/test/1_fake/entire__sd3__fake__000000278816.jpg
332,SD3,5311,SD3/SD3/test/1_fake/entire__sd3__fake__000000066642.jpg
332,SD3,5312,SD3/SD3/test/0_real/entire__sd3__real__000000450974.jpg
332,SD3,5313,SD3/SD3/test/1_fake/entire__sd3__fake__000000546388.jpg
332,SD3,5314,SD3/SD3/test/1_fake/entire__sd3__fake__000000291854.jpg
332,SD3,5315,SD3/SD3/test/1_fake/entire__sd3__fake__000000479372.jpg
333,SD3,5316,SD3/SD3/test/1_fake/entire__sd3__fake__000000217951.jpg
333,SD3,5317,SD3/SD3/test/0_real/entire__sd3__real__000000268838.jpg
333,SD3,5318,SD3/SD3/test/1_fake/entire__sd3__fake__000000541319.jpg
333,SD3,5319,SD3/SD3/test/0_real/entire__sd3__real__000000511014.jpg
333,SD3,5320,SD3/SD3/test/1_fake/entire__sd3__fake__000000225387.jpg
333,SD3,5321,SD3/SD3/test/1_fake/entire__sd3__fake__000000342140.jpg
333,SD3,5322,SD3/SD3/test/0_real/entire__sd3__real__000000054560.jpg
333,SD3,5323,SD3/SD3/test/1_fake/entire__sd3__fake__000000266623.jpg
333,SD3,5324,SD3/SD3/test/1_fake/entire__sd3__fake__000000358172.jpg
333,SD3,5325,SD3/SD3/test/1_fake/entire__sd3__fake__000000281977.jpg
333,SD3,5326,SD3/SD3/test/0_real/entire__sd3__real__000000290532.jpg
333,SD3,5327,SD3/SD3/test/1_fake/entire__sd3__fake__000000429113.jpg
333,SD3,5328,SD3/SD3/test/1_fake/entire__sd3__fake__000000378906.jpg
333,SD3,5329,SD3/SD3/test/0_real/entire__sd3__real__000000539311.jpg
333,SD3,5330,SD3/SD3/test/0_real/entire__sd3__real__000000497972.jpg
333,SD3,5331,SD3/SD3/test/1_fake/entire__sd3__fake__000000510719.jpg
334,SD3,5332,SD3/SD3/test/0_real/entire__sd3__real__000000560677.jpg
334,SD3,5333,SD3/SD3/test/0_real/entire__sd3__real__000000327944.jpg
334,SD3,5334,SD3/SD3/test/0_real/entire__sd3__real__000000271043.jpg
334,SD3,5335,SD3/SD3/test/1_fake/entire__sd3__fake__000000492814.jpg
334,SD3,5336,SD3/SD3/test/0_real/entire__sd3__real__000000355857.jpg
334,SD3,5337,SD3/SD3/test/1_fake/entire__sd3__fake__000000170666.jpg
334,SD3,5338,SD3/SD3/test/1_fake/entire__sd3__fake__000000443545.jpg
334,SD3,5339,SD3/SD3/test/1_fake/entire__sd3__fake__000000021780.jpg
334,SD3,5340,SD3/SD3/test/1_fake/entire__sd3__fake__000000456217.jpg
334,SD3,5341,SD3/SD3/test/1_fake/entire__sd3__fake__000000481648.jpg
334,SD3,5342,SD3/SD3/test/0_real/entire__sd3__real__000000466403.jpg
334,SD3,5343,SD3/SD3/test/0_real/entire__sd3__real__000000073494.jpg
334,SD3,5344,SD3/SD3/test/0_real/entire__sd3__real__000000559992.jpg
334,SD3,5345,SD3/SD3/test/0_real/entire__sd3__real__000000015249.jpg
334,SD3,5346,SD3/SD3/test/0_real/entire__sd3__real__000000495519.jpg
334,SD3,5347,SD3/SD3/test/0_real/entire__sd3__real__000000097165.jpg
335,SD3,5348,SD3/SD3/test/0_real/entire__sd3__real__000000290898.jpg
335,SD3,5349,SD3/SD3/test/0_real/entire__sd3__real__000000326182.jpg
335,SD3,5350,SD3/SD3/test/0_real/entire__sd3__real__000000572326.jpg
335,SD3,5351,SD3/SD3/test/1_fake/entire__sd3__fake__000000519477.jpg
335,SD3,5352,SD3/SD3/test/1_fake/entire__sd3__fake__000000249836.jpg
335,SD3,5353,SD3/SD3/test/1_fake/entire__sd3__fake__000000170929.jpg
335,SD3,5354,SD3/SD3/test/1_fake/entire__sd3__fake__000000118783.jpg
335,SD3,5355,SD3/SD3/test/0_real/entire__sd3__real__000000375881.jpg
335,SD3,5356,SD3/SD3/test/1_fake/entire__sd3__fake__000000069733.jpg
335,SD3,5357,SD3/SD3/test/0_real/entire__sd3__real__000000366753.jpg
335,SD3,5358,SD3/SD3/test/1_fake/entire__sd3__fake__000000148077.jpg
335,SD3,5359,SD3/SD3/test/0_real/entire__sd3__real__000000184463.jpg
335,SD3,5360,SD3/SD3/test/1_fake/entire__sd3__fake__000000132520.jpg
335,SD3,5361,SD3/SD3/test/0_real/entire__sd3__real__000000058619.jpg
335,SD3,5362,SD3/SD3/test/1_fake/entire__sd3__fake__000000415093.jpg
335,SD3,5363,SD3/SD3/test/0_real/entire__sd3__real__000000348044.jpg
336,SD3,5364,SD3/SD3/test/1_fake/entire__sd3__fake__000000564355.jpg
336,SD3,5365,SD3/SD3/test/1_fake/entire__sd3__fake__000000051021.jpg
336,SD3,5366,SD3/SD3/test/0_real/entire__sd3__real__000000163175.jpg
336,SD3,5367,SD3/SD3/test/1_fake/entire__sd3__fake__000000415911.jpg
336,SD3,5368,SD3/SD3/test/1_fake/entire__sd3__fake__000000116250.jpg
336,SD3,5369,SD3/SD3/test/0_real/entire__sd3__real__000000455381.jpg
336,SD3,5370,SD3/SD3/test/0_real/entire__sd3__real__000000476268.jpg
336,SD3,5371,SD3/SD3/test/1_fake/entire__sd3__fake__000000532381.jpg
336,SD3,5372,SD3/SD3/test/1_fake/entire__sd3__fake__000000308974.jpg
336,SD3,5373,SD3/SD3/test/1_fake/entire__sd3__fake__000000574304.jpg
336,SD3,5374,SD3/SD3/test/0_real/entire__sd3__real__000000128431.jpg
336,SD3,5375,SD3/SD3/test/1_fake/entire__sd3__fake__000000135836.jpg
336,SD3,5376,SD3/SD3/test/0_real/entire__sd3__real__000000521981.jpg
336,SD3,5377,SD3/SD3/test/0_real/entire__sd3__real__000000569901.jpg
336,SD3,5378,SD3/SD3/test/1_fake/entire__sd3__fake__000000543272.jpg
336,SD3,5379,SD3/SD3/test/1_fake/entire__sd3__fake__000000064460.jpg
337,SD3,5380,SD3/SD3/test/1_fake/entire__sd3__fake__000000038850.jpg
337,SD3,5381,SD3/SD3/test/1_fake/entire__sd3__fake__000000466058.jpg
337,SD3,5382,SD3/SD3/test/1_fake/entire__sd3__fake__000000526861.jpg
337,SD3,5383,SD3/SD3/test/1_fake/entire__sd3__fake__000000484186.jpg
337,SD3,5384,SD3/SD3/test/0_real/entire__sd3__real__000000107427.jpg
337,SD3,5385,SD3/SD3/test/1_fake/entire__sd3__fake__000000112785.jpg
337,SD3,5386,SD3/SD3/test/0_real/entire__sd3__real__000000036750.jpg
337,SD3,5387,SD3/SD3/test/0_real/entire__sd3__real__000000184210.jpg
337,SD3,5388,SD3/SD3/test/0_real/entire__sd3__real__000000315176.jpg
337,SD3,5389,SD3/SD3/test/0_real/entire__sd3__real__000000341299.jpg
337,SD3,5390,SD3/SD3/test/0_real/entire__sd3__real__000000013763.jpg
337,SD3,5391,SD3/SD3/test/0_real/entire__sd3__real__000000039743.jpg
337,SD3,5392,SD3/SD3/test/1_fake/entire__sd3__fake__000000305224.jpg
337,SD3,5393,SD3/SD3/test/0_real/entire__sd3__real__000000059552.jpg
337,SD3,5394,SD3/SD3/test/1_fake/entire__sd3__fake__000000083682.jpg
337,SD3,5395,SD3/SD3/test/0_real/entire__sd3__real__000000057018.jpg
338,SD3,5396,SD3/SD3/test/0_real/entire__sd3__real__000000246713.jpg
338,SD3,5397,SD3/SD3/test/1_fake/entire__sd3__fake__000000193471.jpg
338,SD3,5398,SD3/SD3/test/1_fake/entire__sd3__fake__000000049283.jpg
338,SD3,5399,SD3/SD3/test/0_real/entire__sd3__real__000000074356.jpg
338,SD3,5400,SD3/SD3/test/1_fake/entire__sd3__fake__000000115636.jpg
338,SD3,5401,SD3/SD3/test/0_real/entire__sd3__real__000000493717.jpg
338,SD3,5402,SD3/SD3/test/0_real/entire__sd3__real__000000342277.jpg
338,SD3,5403,SD3/SD3/test/0_real/entire__sd3__real__000000101467.jpg
338,SD3,5404,SD3/SD3/test/0_real/entire__sd3__real__000000578567.jpg
338,SD3,5405,SD3/SD3/test/1_fake/entire__sd3__fake__000000199946.jpg
338,SD3,5406,SD3/SD3/test/1_fake/entire__sd3__fake__000000405114.jpg
338,SD3,5407,SD3/SD3/test/0_real/entire__sd3__real__000000577558.jpg
338,SD3,5408,SD3/SD3/test/1_fake/entire__sd3__fake__000000097614.jpg
338,SD3,5409,SD3/SD3/test/1_fake/entire__sd3__fake__000000256156.jpg
338,SD3,5410,SD3/SD3/test/0_real/entire__sd3__real__000000510012.jpg
338,SD3,5411,SD3/SD3/test/1_fake/entire__sd3__fake__000000339674.jpg
339,SD3,5412,SD3/SD3/test/1_fake/entire__sd3__fake__000000521917.jpg
339,SD3,5413,SD3/SD3/test/0_real/entire__sd3__real__000000498782.jpg
339,SD3,5414,SD3/SD3/test/1_fake/entire__sd3__fake__000000557987.jpg
339,SD3,5415,SD3/SD3/test/0_real/entire__sd3__real__000000390161.jpg
339,SD3,5416,SD3/SD3/test/0_real/entire__sd3__real__000000047055.jpg
339,SD3,5417,SD3/SD3/test/0_real/entire__sd3__real__000000443834.jpg
339,SD3,5418,SD3/SD3/test/0_real/entire__sd3__real__000000289855.jpg
339,SD3,5419,SD3/SD3/test/1_fake/entire__sd3__fake__000000050481.jpg
339,SD3,5420,SD3/SD3/test/0_real/entire__sd3__real__000000287399.jpg
339,SD3,5421,SD3/SD3/test/0_real/entire__sd3__real__000000345370.jpg
339,SD3,5422,SD3/SD3/test/0_real/entire__sd3__real__000000427732.jpg
339,SD3,5423,SD3/SD3/test/0_real/entire__sd3__real__000000433116.jpg
339,SD3,5424,SD3/SD3/test/0_real/entire__sd3__real__000000214379.jpg
339,SD3,5425,SD3/SD3/test/0_real/entire__sd3__real__000000220135.jpg
339,SD3,5426,SD3/SD3/test/1_fake/entire__sd3__fake__000000301042.jpg
339,SD3,5427,SD3/SD3/test/0_real/entire__sd3__real__000000206844.jpg
340,SD3,5428,SD3/SD3/test/0_real/entire__sd3__real__000000506045.jpg
340,SD3,5429,SD3/SD3/test/1_fake/entire__sd3__fake__000000560552.jpg
340,SD3,5430,SD3/SD3/test/1_fake/entire__sd3__fake__000000313665.jpg
340,SD3,5431,SD3/SD3/test/1_fake/entire__sd3__fake__000000397628.jpg
340,SD3,5432,SD3/SD3/test/1_fake/entire__sd3__fake__000000412371.jpg
340,SD3,5433,SD3/SD3/test/0_real/entire__sd3__real__000000103699.jpg
340,SD3,5434,SD3/SD3/test/1_fake/entire__sd3__fake__000000408755.jpg
340,SD3,5435,SD3/SD3/test/1_fake/entire__sd3__fake__000000092753.jpg
340,SD3,5436,SD3/SD3/test/0_real/entire__sd3__real__000000139281.jpg
340,SD3,5437,SD3/SD3/test/1_fake/entire__sd3__fake__000000508557.jpg
340,SD3,5438,SD3/SD3/test/0_real/entire__sd3__real__000000179034.jpg
340,SD3,5439,SD3/SD3/test/1_fake/entire__sd3__fake__000000025273.jpg
340,SD3,5440,SD3/SD3/test/0_real/entire__sd3__real__000000500888.jpg
340,SD3,5441,SD3/SD3/test/0_real/entire__sd3__real__000000192395.jpg
340,SD3,5442,SD3/SD3/test/1_fake/entire__sd3__fake__000000223636.jpg
340,SD3,5443,SD3/SD3/test/0_real/entire__sd3__real__000000373964.jpg
341,SD3,5444,SD3/SD3/test/1_fake/entire__sd3__fake__000000046014.jpg
341,SD3,5445,SD3/SD3/test/0_real/entire__sd3__real__000000390546.jpg
341,SD3,5446,SD3/SD3/test/0_real/entire__sd3__real__000000219437.jpg
341,SD3,5447,SD3/SD3/test/1_fake/entire__sd3__fake__000000476380.jpg
341,SD3,5448,SD3/SD3/test/0_real/entire__sd3__real__000000516856.jpg
341,SD3,5449,SD3/SD3/test/0_real/entire__sd3__real__000000320171.jpg
341,SD3,5450,SD3/SD3/test/1_fake/entire__sd3__fake__000000032286.jpg
341,SD3,5451,SD3/SD3/test/0_real/entire__sd3__real__000000078604.jpg
341,SD3,5452,SD3/SD3/test/0_real/entire__sd3__real__000000339529.jpg
341,SD3,5453,SD3/SD3/test/0_real/entire__sd3__real__000000568878.jpg
341,SD3,5454,SD3/SD3/test/1_fake/entire__sd3__fake__000000353968.jpg
341,SD3,5455,SD3/SD3/test/1_fake/entire__sd3__fake__000000321030.jpg
341,SD3,5456,SD3/SD3/test/0_real/entire__sd3__real__000000269229.jpg
341,SD3,5457,SD3/SD3/test/1_fake/entire__sd3__fake__000000106836.jpg
341,SD3,5458,SD3/SD3/test/1_fake/entire__sd3__fake__000000142485.jpg
341,SD3,5459,SD3/SD3/test/1_fake/entire__sd3__fake__000000012891.jpg
342,SD3,5460,SD3/SD3/test/1_fake/entire__sd3__fake__000000029706.jpg
342,SD3,5461,SD3/SD3/test/1_fake/entire__sd3__fake__000000216119.jpg
342,SD3,5462,SD3/SD3/test/0_real/entire__sd3__real__000000471915.jpg
342,SD3,5463,SD3/SD3/test/0_real/entire__sd3__real__000000170371.jpg
342,SD3,5464,SD3/SD3/test/0_real/entire__sd3__real__000000579138.jpg
342,SD3,5465,SD3/SD3/test/0_real/entire__sd3__real__000000366677.jpg
342,SD3,5466,SD3/SD3/test/1_fake/entire__sd3__fake__000000149874.jpg
342,SD3,5467,SD3/SD3/test/1_fake/entire__sd3__fake__000000427083.jpg
342,SD3,5468,SD3/SD3/test/0_real/entire__sd3__real__000000011034.jpg
342,SD3,5469,SD3/SD3/test/1_fake/entire__sd3__fake__000000507390.jpg
342,SD3,5470,SD3/SD3/test/1_fake/entire__sd3__fake__000000239252.jpg
342,SD3,5471,SD3/SD3/test/0_real/entire__sd3__real__000000547066.jpg
342,SD3,5472,SD3/SD3/test/0_real/entire__sd3__real__000000412142.jpg
342,SD3,5473,SD3/SD3/test/1_fake/entire__sd3__fake__000000004546.jpg
342,SD3,5474,SD3/SD3/test/1_fake/entire__sd3__fake__000000395678.jpg
342,SD3,5475,SD3/SD3/test/1_fake/entire__sd3__fake__000000063231.jpg
343,SD3,5476,SD3/SD3/test/0_real/entire__sd3__real__000000110310.jpg
343,SD3,5477,SD3/SD3/test/0_real/entire__sd3__real__000000167347.jpg
343,SD3,5478,SD3/SD3/test/1_fake/entire__sd3__fake__000000551849.jpg
343,SD3,5479,SD3/SD3/test/0_real/entire__sd3__real__000000012131.jpg
343,SD3,5480,SD3/SD3/test/0_real/entire__sd3__real__000000538120.jpg
343,SD3,5481,SD3/SD3/test/1_fake/entire__sd3__fake__000000461681.jpg
343,SD3,5482,SD3/SD3/test/0_real/entire__sd3__real__000000299560.jpg
343,SD3,5483,SD3/SD3/test/1_fake/entire__sd3__fake__000000174332.jpg
343,SD3,5484,SD3/SD3/test/0_real/entire__sd3__real__000000399513.jpg
343,SD3,5485,SD3/SD3/test/0_real/entire__sd3__real__000000210710.jpg
343,SD3,5486,SD3/SD3/test/0_real/entire__sd3__real__000000025621.jpg
343,SD3,5487,SD3/SD3/test/1_fake/entire__sd3__fake__000000151267.jpg
343,SD3,5488,SD3/SD3/test/1_fake/entire__sd3__fake__000000421562.jpg
343,SD3,5489,SD3/SD3/test/1_fake/entire__sd3__fake__000000436317.jpg
343,SD3,5490,SD3/SD3/test/1_fake/entire__sd3__fake__000000353652.jpg
343,SD3,5491,SD3/SD3/test/1_fake/entire__sd3__fake__000000017604.jpg
344,SD3,5492,SD3/SD3/test/0_real/entire__sd3__real__000000492321.jpg
344,SD3,5493,SD3/SD3/test/1_fake/entire__sd3__fake__000000197195.jpg
344,SD3,5494,SD3/SD3/test/0_real/entire__sd3__real__000000159203.jpg
344,SD3,5495,SD3/SD3/test/1_fake/entire__sd3__fake__000000016046.jpg
344,SD3,5496,SD3/SD3/test/1_fake/entire__sd3__fake__000000159507.jpg
344,SD3,5497,SD3/SD3/test/1_fake/entire__sd3__fake__000000278988.jpg
344,SD3,5498,SD3/SD3/test/1_fake/entire__sd3__fake__000000508955.jpg
344,SD3,5499,SD3/SD3/test/1_fake/entire__sd3__fake__000000436647.jpg
344,SD3,5500,SD3/SD3/test/0_real/entire__sd3__real__000000144371.jpg
344,SD3,5501,SD3/SD3/test/1_fake/entire__sd3__fake__000000052626.jpg
344,SD3,5502,SD3/SD3/test/1_fake/entire__sd3__fake__000000147347.jpg
344,SD3,5503,SD3/SD3/test/0_real/entire__sd3__real__000000340316.jpg
344,SD3,5504,SD3/SD3/test/1_fake/entire__sd3__fake__000000169612.jpg
344,SD3,5505,SD3/SD3/test/1_fake/entire__sd3__fake__000000571728.jpg
344,SD3,5506,SD3/SD3/test/1_fake/entire__sd3__fake__000000117543.jpg
344,SD3,5507,SD3/SD3/test/0_real/entire__sd3__real__000000066493.jpg
345,SD3,5508,SD3/SD3/test/0_real/entire__sd3__real__000000099718.jpg
345,SD3,5509,SD3/SD3/test/0_real/entire__sd3__real__000000489763.jpg
345,SD3,5510,SD3/SD3/test/1_fake/entire__sd3__fake__000000462527.jpg
345,SD3,5511,SD3/SD3/test/0_real/entire__sd3__real__000000569722.jpg
345,SD3,5512,SD3/SD3/test/1_fake/entire__sd3__fake__000000387358.jpg
345,SD3,5513,SD3/SD3/test/1_fake/entire__sd3__fake__000000510684.jpg
345,SD3,5514,SD3/SD3/test/1_fake/entire__sd3__fake__000000107716.jpg
345,SD3,5515,SD3/SD3/test/0_real/entire__sd3__real__000000074409.jpg
345,SD3,5516,SD3/SD3/test/1_fake/entire__sd3__fake__000000264385.jpg
345,SD3,5517,SD3/SD3/test/1_fake/entire__sd3__fake__000000571803.jpg
345,SD3,5518,SD3/SD3/test/1_fake/entire__sd3__fake__000000090498.jpg
345,SD3,5519,SD3/SD3/test/0_real/entire__sd3__real__000000416303.jpg
345,SD3,5520,SD3/SD3/test/0_real/entire__sd3__real__000000078864.jpg
345,SD3,5521,SD3/SD3/test/1_fake/entire__sd3__fake__000000263420.jpg
345,SD3,5522,SD3/SD3/test/1_fake/entire__sd3__fake__000000577912.jpg
345,SD3,5523,SD3/SD3/test/1_fake/entire__sd3__fake__000000575511.jpg
346,SD3,5524,SD3/SD3/test/1_fake/entire__sd3__fake__000000212782.jpg
346,SD3,5525,SD3/SD3/test/1_fake/entire__sd3__fake__000000480823.jpg
346,SD3,5526,SD3/SD3/test/0_real/entire__sd3__real__000000325154.jpg
346,SD3,5527,SD3/SD3/test/1_fake/entire__sd3__fake__000000399212.jpg
346,SD3,5528,SD3/SD3/test/0_real/entire__sd3__real__000000301874.jpg
346,SD3,5529,SD3/SD3/test/0_real/entire__sd3__real__000000062478.jpg
346,SD3,5530,SD3/SD3/test/0_real/entire__sd3__real__000000544002.jpg
346,SD3,5531,SD3/SD3/test/0_real/entire__sd3__real__000000224833.jpg
346,SD3,5532,SD3/SD3/test/1_fake/entire__sd3__fake__000000203621.jpg
346,SD3,5533,SD3/SD3/test/0_real/entire__sd3__real__000000412753.jpg
346,SD3,5534,SD3/SD3/test/0_real/entire__sd3__real__000000552654.jpg
346,SD3,5535,SD3/SD3/test/0_real/entire__sd3__real__000000211935.jpg
346,SD3,5536,SD3/SD3/test/0_real/entire__sd3__real__000000474751.jpg
346,SD3,5537,SD3/SD3/test/0_real/entire__sd3__real__000000065518.jpg
346,SD3,5538,SD3/SD3/test/1_fake/entire__sd3__fake__000000340665.jpg
346,SD3,5539,SD3/SD3/test/0_real/entire__sd3__real__000000200752.jpg
347,SD3,5540,SD3/SD3/test/1_fake/entire__sd3__fake__000000449032.jpg
347,SD3,5541,SD3/SD3/test/1_fake/entire__sd3__fake__000000098836.jpg
347,SD3,5542,SD3/SD3/test/1_fake/entire__sd3__fake__000000188345.jpg
347,SD3,5543,SD3/SD3/test/1_fake/entire__sd3__fake__000000433770.jpg
347,SD3,5544,SD3/SD3/test/1_fake/entire__sd3__fake__000000236087.jpg
347,SD3,5545,SD3/SD3/test/1_fake/entire__sd3__fake__000000379941.jpg
347,SD3,5546,SD3/SD3/test/1_fake/entire__sd3__fake__000000322592.jpg
347,SD3,5547,SD3/SD3/test/0_real/entire__sd3__real__000000330959.jpg
347,SD3,5548,SD3/SD3/test/1_fake/entire__sd3__fake__000000282675.jpg
347,SD3,5549,SD3/SD3/test/0_real/entire__sd3__real__000000536416.jpg
347,SD3,5550,SD3/SD3/test/0_real/entire__sd3__real__000000450889.jpg
347,SD3,5551,SD3/SD3/test/1_fake/entire__sd3__fake__000000084651.jpg
347,SD3,5552,SD3/SD3/test/0_real/entire__sd3__real__000000043073.jpg
347,SD3,5553,SD3/SD3/test/1_fake/entire__sd3__fake__000000376295.jpg
347,SD3,5554,SD3/SD3/test/0_real/entire__sd3__real__000000580382.jpg
347,SD3,5555,SD3/SD3/test/1_fake/entire__sd3__fake__000000483304.jpg
348,SD3,5556,SD3/SD3/test/1_fake/entire__sd3__fake__000000000839.jpg
348,SD3,5557,SD3/SD3/test/0_real/entire__sd3__real__000000035677.jpg
348,SD3,5558,SD3/SD3/test/1_fake/entire__sd3__fake__000000168475.jpg
348,SD3,5559,SD3/SD3/test/1_fake/entire__sd3__fake__000000241342.jpg
348,SD3,5560,SD3/SD3/test/1_fake/entire__sd3__fake__000000460346.jpg
348,SD3,5561,SD3/SD3/test/1_fake/entire__sd3__fake__000000341359.jpg
348,SD3,5562,SD3/SD3/test/0_real/entire__sd3__real__000000312878.jpg
348,SD3,5563,SD3/SD3/test/1_fake/entire__sd3__fake__000000010547.jpg
348,SD3,5564,SD3/SD3/test/1_fake/entire__sd3__fake__000000286813.jpg
348,SD3,5565,SD3/SD3/test/1_fake/entire__sd3__fake__000000212545.jpg
348,SD3,5566,SD3/SD3/test/0_real/entire__sd3__real__000000312343.jpg
348,SD3,5567,SD3/SD3/test/1_fake/entire__sd3__fake__000000255998.jpg
348,SD3,5568,SD3/SD3/test/1_fake/entire__sd3__fake__000000074176.jpg
348,SD3,5569,SD3/SD3/test/1_fake/entire__sd3__fake__000000302514.jpg
348,SD3,5570,SD3/SD3/test/0_real/entire__sd3__real__000000478225.jpg
348,SD3,5571,SD3/SD3/test/1_fake/entire__sd3__fake__000000371091.jpg
349,SD3,5572,SD3/SD3/test/1_fake/entire__sd3__fake__000000397254.jpg
349,SD3,5573,SD3/SD3/test/0_real/entire__sd3__real__000000226848.jpg
349,SD3,5574,SD3/SD3/test/1_fake/entire__sd3__fake__000000479984.jpg
349,SD3,5575,SD3/SD3/test/0_real/entire__sd3__real__000000213314.jpg
349,SD3,5576,SD3/SD3/test/0_real/entire__sd3__real__000000575486.jpg
349,SD3,5577,SD3/SD3/test/0_real/entire__sd3__real__000000415646.jpg
349,SD3,5578,SD3/SD3/test/0_real/entire__sd3__real__000000108548.jpg
349,SD3,5579,SD3/SD3/test/0_real/entire__sd3__real__000000278045.jpg
349,SD3,5580,SD3/SD3/test/0_real/entire__sd3__real__000000337167.jpg
349,SD3,5581,SD3/SD3/test/0_real/entire__sd3__real__000000035160.jpg
349,SD3,5582,SD3/SD3/test/1_fake/entire__sd3__fake__000000002197.jpg
349,SD3,5583,SD3/SD3/test/1_fake/entire__sd3__fake__000000169352.jpg
349,SD3,5584,SD3/SD3/test/0_real/entire__sd3__real__000000057673.jpg
349,SD3,5585,SD3/SD3/test/0_real/entire__sd3__real__000000383660.jpg
349,SD3,5586,SD3/SD3/test/1_fake/entire__sd3__fake__000000030203.jpg
349,SD3,5587,SD3/SD3/test/1_fake/entire__sd3__fake__000000521652.jpg
350,SD3,5588,SD3/SD3/test/1_fake/entire__sd3__fake__000000214252.jpg
350,SD3,5589,SD3/SD3/test/1_fake/entire__sd3__fake__000000275036.jpg
350,SD3,5590,SD3/SD3/test/1_fake/entire__sd3__fake__000000533069.jpg
350,SD3,5591,SD3/SD3/test/1_fake/entire__sd3__fake__000000164855.jpg
350,SD3,5592,SD3/SD3/test/1_fake/entire__sd3__fake__000000407355.jpg
350,SD3,5593,SD3/SD3/test/1_fake/entire__sd3__fake__000000356570.jpg
350,SD3,5594,SD3/SD3/test/0_real/entire__sd3__real__000000513670.jpg
350,SD3,5595,SD3/SD3/test/0_real/entire__sd3__real__000000114352.jpg
350,SD3,5596,SD3/SD3/test/1_fake/entire__sd3__fake__000000494675.jpg
350,SD3,5597,SD3/SD3/test/1_fake/entire__sd3__fake__000000200814.jpg
350,SD3,5598,SD3/SD3/test/1_fake/entire__sd3__fake__000000303683.jpg
350,SD3,5599,SD3/SD3/test/1_fake/entire__sd3__fake__000000205114.jpg
350,SD3,5600,SD3/SD3/test/0_real/entire__sd3__real__000000170517.jpg
350,SD3,5601,SD3/SD3/test/0_real/entire__sd3__real__000000147418.jpg
350,SD3,5602,SD3/SD3/test/1_fake/entire__sd3__fake__000000534275.jpg
350,SD3,5603,SD3/SD3/test/0_real/entire__sd3__real__000000531696.jpg
351,SD3,5604,SD3/SD3/test/1_fake/entire__sd3__fake__000000297279.jpg
351,SD3,5605,SD3/SD3/test/0_real/entire__sd3__real__000000274678.jpg
351,SD3,5606,SD3/SD3/test/0_real/entire__sd3__real__000000511066.jpg
351,SD3,5607,SD3/SD3/test/1_fake/entire__sd3__fake__000000026671.jpg
351,SD3,5608,SD3/SD3/test/0_real/entire__sd3__real__000000264676.jpg
351,SD3,5609,SD3/SD3/test/0_real/entire__sd3__real__000000102662.jpg
351,SD3,5610,SD3/SD3/test/0_real/entire__sd3__real__000000034773.jpg
351,SD3,5611,SD3/SD3/test/1_fake/entire__sd3__fake__000000021394.jpg
351,SD3,5612,SD3/SD3/test/1_fake/entire__sd3__fake__000000261461.jpg
351,SD3,5613,SD3/SD3/test/1_fake/entire__sd3__fake__000000124394.jpg
351,SD3,5614,SD3/SD3/test/0_real/entire__sd3__real__000000064189.jpg
351,SD3,5615,SD3/SD3/test/0_real/entire__sd3__real__000000026409.jpg
351,SD3,5616,SD3/SD3/test/0_real/entire__sd3__real__000000400377.jpg
351,SD3,5617,SD3/SD3/test/1_fake/entire__sd3__fake__000000215439.jpg
351,SD3,5618,SD3/SD3/test/0_real/entire__sd3__real__000000372480.jpg
351,SD3,5619,SD3/SD3/test/1_fake/entire__sd3__fake__000000513983.jpg
352,SD3,5620,SD3/SD3/test/1_fake/entire__sd3__fake__000000011260.jpg
352,SD3,5621,SD3/SD3/test/0_real/entire__sd3__real__000000187168.jpg
352,SD3,5622,SD3/SD3/test/1_fake/entire__sd3__fake__000000012979.jpg
352,SD3,5623,SD3/SD3/test/0_real/entire__sd3__real__000000154083.jpg
352,SD3,5624,SD3/SD3/test/1_fake/entire__sd3__fake__000000186342.jpg
352,SD3,5625,SD3/SD3/test/0_real/entire__sd3__real__000000430325.jpg
352,SD3,5626,SD3/SD3/test/0_real/entire__sd3__real__000000500904.jpg
352,SD3,5627,SD3/SD3/test/0_real/entire__sd3__real__000000185444.jpg
352,SD3,5628,SD3/SD3/test/1_fake/entire__sd3__fake__000000060043.jpg
352,SD3,5629,SD3/SD3/test/1_fake/entire__sd3__fake__000000382887.jpg
352,SD3,5630,SD3/SD3/test/1_fake/entire__sd3__fake__000000422916.jpg
352,SD3,5631,SD3/SD3/test/1_fake/entire__sd3__fake__000000409275.jpg
352,SD3,5632,SD3/SD3/test/1_fake/entire__sd3__fake__000000470062.jpg
352,SD3,5633,SD3/SD3/test/0_real/entire__sd3__real__000000029370.jpg
352,SD3,5634,SD3/SD3/test/1_fake/entire__sd3__fake__000000573165.jpg
352,SD3,5635,SD3/SD3/test/0_real/entire__sd3__real__000000479597.jpg
353,SD3,5636,SD3/SD3/test/0_real/entire__sd3__real__000000426640.jpg
353,SD3,5637,SD3/SD3/test/0_real/entire__sd3__real__000000357220.jpg
353,SD3,5638,SD3/SD3/test/1_fake/entire__sd3__fake__000000455302.jpg
353,SD3,5639,SD3/SD3/test/1_fake/entire__sd3__fake__000000407505.jpg
353,SD3,5640,SD3/SD3/test/1_fake/entire__sd3__fake__000000433951.jpg
353,SD3,5641,SD3/SD3/test/0_real/entire__sd3__real__000000357290.jpg
353,SD3,5642,SD3/SD3/test/0_real/entire__sd3__real__000000077650.jpg
353,SD3,5643,SD3/SD3/test/1_fake/entire__sd3__fake__000000035246.jpg
353,SD3,5644,SD3/SD3/test/1_fake/entire__sd3__fake__000000341227.jpg
353,SD3,5645,SD3/SD3/test/1_fake/entire__sd3__fake__000000319613.jpg
353,SD3,5646,SD3/SD3/test/0_real/entire__sd3__real__000000569705.jpg
353,SD3,5647,SD3/SD3/test/1_fake/entire__sd3__fake__000000398066.jpg
353,SD3,5648,SD3/SD3/test/1_fake/entire__sd3__fake__000000234728.jpg
353,SD3,5649,SD3/SD3/test/1_fake/entire__sd3__fake__000000054796.jpg
353,SD3,5650,SD3/SD3/test/0_real/entire__sd3__real__000000077067.jpg
353,SD3,5651,SD3/SD3/test/0_real/entire__sd3__real__000000028022.jpg
354,SD3,5652,SD3/SD3/test/1_fake/entire__sd3__fake__000000106364.jpg
354,SD3,5653,SD3/SD3/test/1_fake/entire__sd3__fake__000000213314.jpg
354,SD3,5654,SD3/SD3/test/1_fake/entire__sd3__fake__000000384374.jpg
354,SD3,5655,SD3/SD3/test/0_real/entire__sd3__real__000000091681.jpg
354,SD3,5656,SD3/SD3/test/1_fake/entire__sd3__fake__000000544614.jpg
354,SD3,5657,SD3/SD3/test/0_real/entire__sd3__real__000000044723.jpg
354,SD3,5658,SD3/SD3/test/0_real/entire__sd3__real__000000455657.jpg
354,SD3,5659,SD3/SD3/test/0_real/entire__sd3__real__000000579752.jpg
354,SD3,5660,SD3/SD3/test/1_fake/entire__sd3__fake__000000316190.jpg
354,SD3,5661,SD3/SD3/test/0_real/entire__sd3__real__000000201686.jpg
354,SD3,5662,SD3/SD3/test/0_real/entire__sd3__real__000000158286.jpg
354,SD3,5663,SD3/SD3/test/1_fake/entire__sd3__fake__000000326559.jpg
354,SD3,5664,SD3/SD3/test/0_real/entire__sd3__real__000000173198.jpg
354,SD3,5665,SD3/SD3/test/1_fake/entire__sd3__fake__000000007852.jpg
354,SD3,5666,SD3/SD3/test/1_fake/entire__sd3__fake__000000124734.jpg
354,SD3,5667,SD3/SD3/test/1_fake/entire__sd3__fake__000000456639.jpg
355,SD3,5668,SD3/SD3/test/1_fake/entire__sd3__fake__000000303213.jpg
355,SD3,5669,SD3/SD3/test/0_real/entire__sd3__real__000000297279.jpg
355,SD3,5670,SD3/SD3/test/0_real/entire__sd3__real__000000355193.jpg
355,SD3,5671,SD3/SD3/test/1_fake/entire__sd3__fake__000000059234.jpg
355,SD3,5672,SD3/SD3/test/0_real/entire__sd3__real__000000319938.jpg
355,SD3,5673,SD3/SD3/test/0_real/entire__sd3__real__000000015302.jpg
355,SD3,5674,SD3/SD3/test/0_real/entire__sd3__real__000000545289.jpg
355,SD3,5675,SD3/SD3/test/1_fake/entire__sd3__fake__000000221156.jpg
355,SD3,5676,SD3/SD3/test/1_fake/entire__sd3__fake__000000494671.jpg
355,SD3,5677,SD3/SD3/test/0_real/entire__sd3__real__000000560623.jpg
355,SD3,5678,SD3/SD3/test/1_fake/entire__sd3__fake__000000350889.jpg
355,SD3,5679,SD3/SD3/test/0_real/entire__sd3__real__000000100010.jpg
355,SD3,5680,SD3/SD3/test/1_fake/entire__sd3__fake__000000226404.jpg
355,SD3,5681,SD3/SD3/test/1_fake/entire__sd3__fake__000000296747.jpg
355,SD3,5682,SD3/SD3/test/1_fake/entire__sd3__fake__000000481407.jpg
355,SD3,5683,SD3/SD3/test/0_real/entire__sd3__real__000000414137.jpg
356,SD3,5684,SD3/SD3/test/1_fake/entire__sd3__fake__000000277032.jpg
356,SD3,5685,SD3/SD3/test/1_fake/entire__sd3__fake__000000438709.jpg
356,SD3,5686,SD3/SD3/test/0_real/entire__sd3__real__000000270623.jpg
356,SD3,5687,SD3/SD3/test/1_fake/entire__sd3__fake__000000020342.jpg
356,SD3,5688,SD3/SD3/test/1_fake/entire__sd3__fake__000000266441.jpg
356,SD3,5689,SD3/SD3/test/0_real/entire__sd3__real__000000088376.jpg
356,SD3,5690,SD3/SD3/test/1_fake/entire__sd3__fake__000000412639.jpg
356,SD3,5691,SD3/SD3/test/0_real/entire__sd3__real__000000396159.jpg
356,SD3,5692,SD3/SD3/test/0_real/entire__sd3__real__000000038029.jpg
356,SD3,5693,SD3/SD3/test/1_fake/entire__sd3__fake__000000322831.jpg
356,SD3,5694,SD3/SD3/test/1_fake/entire__sd3__fake__000000043742.jpg
356,SD3,5695,SD3/SD3/test/1_fake/entire__sd3__fake__000000323829.jpg
356,SD3,5696,SD3/SD3/test/1_fake/entire__sd3__fake__000000520986.jpg
356,SD3,5697,SD3/SD3/test/1_fake/entire__sd3__fake__000000161277.jpg
356,SD3,5698,SD3/SD3/test/0_real/entire__sd3__real__000000218931.jpg
356,SD3,5699,SD3/SD3/test/0_real/entire__sd3__real__000000193622.jpg
357,SD3,5700,SD3/SD3/test/0_real/entire__sd3__real__000000534417.jpg
357,SD3,5701,SD3/SD3/test/0_real/entire__sd3__real__000000112858.jpg
357,SD3,5702,SD3/SD3/test/0_real/entire__sd3__real__000000137094.jpg
357,SD3,5703,SD3/SD3/test/0_real/entire__sd3__real__000000398119.jpg
357,SD3,5704,SD3/SD3/test/1_fake/entire__sd3__fake__000000517484.jpg
357,SD3,5705,SD3/SD3/test/1_fake/entire__sd3__fake__000000571441.jpg
357,SD3,5706,SD3/SD3/test/0_real/entire__sd3__real__000000439472.jpg
357,SD3,5707,SD3/SD3/test/0_real/entire__sd3__real__000000569716.jpg
357,SD3,5708,SD3/SD3/test/0_real/entire__sd3__real__000000532979.jpg
357,SD3,5709,SD3/SD3/test/0_real/entire__sd3__real__000000575949.jpg
357,SD3,5710,SD3/SD3/test/0_real/entire__sd3__real__000000393721.jpg
357,SD3,5711,SD3/SD3/test/1_fake/entire__sd3__fake__000000451196.jpg
357,SD3,5712,SD3/SD3/test/1_fake/entire__sd3__fake__000000494846.jpg
357,SD3,5713,SD3/SD3/test/0_real/entire__sd3__real__000000043704.jpg
357,SD3,5714,SD3/SD3/test/1_fake/entire__sd3__fake__000000533022.jpg
357,SD3,5715,SD3/SD3/test/0_real/entire__sd3__real__000000030203.jpg
358,SD3,5716,SD3/SD3/test/0_real/entire__sd3__real__000000249529.jpg
358,SD3,5717,SD3/SD3/test/0_real/entire__sd3__real__000000447627.jpg
358,SD3,5718,SD3/SD3/test/0_real/entire__sd3__real__000000008188.jpg
358,SD3,5719,SD3/SD3/test/0_real/entire__sd3__real__000000009999.jpg
358,SD3,5720,SD3/SD3/test/0_real/entire__sd3__real__000000451863.jpg
358,SD3,5721,SD3/SD3/test/1_fake/entire__sd3__fake__000000321163.jpg
358,SD3,5722,SD3/SD3/test/1_fake/entire__sd3__fake__000000173520.jpg
358,SD3,5723,SD3/SD3/test/0_real/entire__sd3__real__000000068764.jpg
358,SD3,5724,SD3/SD3/test/0_real/entire__sd3__real__000000393547.jpg
358,SD3,5725,SD3/SD3/test/1_fake/entire__sd3__fake__000000396400.jpg
358,SD3,5726,SD3/SD3/test/1_fake/entire__sd3__fake__000000429323.jpg
358,SD3,5727,SD3/SD3/test/0_real/entire__sd3__real__000000465174.jpg
358,SD3,5728,SD3/SD3/test/0_real/entire__sd3__real__000000427835.jpg
358,SD3,5729,SD3/SD3/test/0_real/entire__sd3__real__000000166124.jpg
358,SD3,5730,SD3/SD3/test/1_fake/entire__sd3__fake__000000557461.jpg
358,SD3,5731,SD3/SD3/test/0_real/entire__sd3__real__000000446531.jpg
359,SD3,5732,SD3/SD3/test/0_real/entire__sd3__real__000000459372.jpg
359,SD3,5733,SD3/SD3/test/1_fake/entire__sd3__fake__000000131661.jpg
359,SD3,5734,SD3/SD3/test/1_fake/entire__sd3__fake__000000527897.jpg
359,SD3,5735,SD3/SD3/test/1_fake/entire__sd3__fake__000000086001.jpg
359,SD3,5736,SD3/SD3/test/0_real/entire__sd3__real__000000012875.jpg
359,SD3,5737,SD3/SD3/test/0_real/entire__sd3__real__000000136241.jpg
359,SD3,5738,SD3/SD3/test/1_fake/entire__sd3__fake__000000538792.jpg
359,SD3,5739,SD3/SD3/test/1_fake/entire__sd3__fake__000000341047.jpg
359,SD3,5740,SD3/SD3/test/1_fake/entire__sd3__fake__000000079992.jpg
359,SD3,5741,SD3/SD3/test/0_real/entire__sd3__real__000000337314.jpg
359,SD3,5742,SD3/SD3/test/1_fake/entire__sd3__fake__000000231236.jpg
359,SD3,5743,SD3/SD3/test/1_fake/entire__sd3__fake__000000332571.jpg
359,SD3,5744,SD3/SD3/test/1_fake/entire__sd3__fake__000000392781.jpg
359,SD3,5745,SD3/SD3/test/1_fake/entire__sd3__fake__000000344180.jpg
359,SD3,5746,SD3/SD3/test/1_fake/entire__sd3__fake__000000555686.jpg
359,SD3,5747,SD3/SD3/test/1_fake/entire__sd3__fake__000000480831.jpg
360,SD3,5748,SD3/SD3/test/1_fake/entire__sd3__fake__000000212739.jpg
360,SD3,5749,SD3/SD3/test/1_fake/entire__sd3__fake__000000283170.jpg
360,SD3,5750,SD3/SD3/test/1_fake/entire__sd3__fake__000000553297.jpg
360,SD3,5751,SD3/SD3/test/0_real/entire__sd3__real__000000427238.jpg
360,SD3,5752,SD3/SD3/test/0_real/entire__sd3__real__000000211707.jpg
360,SD3,5753,SD3/SD3/test/1_fake/entire__sd3__fake__000000357088.jpg
360,SD3,5754,SD3/SD3/test/1_fake/entire__sd3__fake__000000268838.jpg
360,SD3,5755,SD3/SD3/test/0_real/entire__sd3__real__000000436520.jpg
360,SD3,5756,SD3/SD3/test/0_real/entire__sd3__real__000000445030.jpg
360,SD3,5757,SD3/SD3/test/1_fake/entire__sd3__fake__000000321511.jpg
360,SD3,5758,SD3/SD3/test/1_fake/entire__sd3__fake__000000383730.jpg
360,SD3,5759,SD3/SD3/test/1_fake/entire__sd3__fake__000000322175.jpg
360,SD3,5760,SD3/SD3/test/0_real/entire__sd3__real__000000074465.jpg
360,SD3,5761,SD3/SD3/test/0_real/entire__sd3__real__000000322394.jpg
360,SD3,5762,SD3/SD3/test/1_fake/entire__sd3__fake__000000204671.jpg
360,SD3,5763,SD3/SD3/test/1_fake/entire__sd3__fake__000000276420.jpg
361,SD3,5764,SD3/SD3/test/1_fake/entire__sd3__fake__000000042661.jpg
361,SD3,5765,SD3/SD3/test/1_fake/entire__sd3__fake__000000098943.jpg
361,SD3,5766,SD3/SD3/test/0_real/entire__sd3__real__000000503170.jpg
361,SD3,5767,SD3/SD3/test/1_fake/entire__sd3__fake__000000442857.jpg
361,SD3,5768,SD3/SD3/test/1_fake/entire__sd3__fake__000000564654.jpg
361,SD3,5769,SD3/SD3/test/1_fake/entire__sd3__fake__000000040995.jpg
361,SD3,5770,SD3/SD3/test/1_fake/entire__sd3__fake__000000518203.jpg
361,SD3,5771,SD3/SD3/test/0_real/entire__sd3__real__000000258931.jpg
361,SD3,5772,SD3/SD3/test/1_fake/entire__sd3__fake__000000124861.jpg
361,SD3,5773,SD3/SD3/test/0_real/entire__sd3__real__000000128281.jpg
361,SD3,5774,SD3/SD3/test/1_fake/entire__sd3__fake__000000407149.jpg
361,SD3,5775,SD3/SD3/test/0_real/entire__sd3__real__000000195673.jpg
361,SD3,5776,SD3/SD3/test/1_fake/entire__sd3__fake__000000232161.jpg
361,SD3,5777,SD3/SD3/test/1_fake/entire__sd3__fake__000000101720.jpg
361,SD3,5778,SD3/SD3/test/0_real/entire__sd3__real__000000364364.jpg
361,SD3,5779,SD3/SD3/test/1_fake/entire__sd3__fake__000000158254.jpg
362,SD3,5780,SD3/SD3/test/1_fake/entire__sd3__fake__000000203438.jpg
362,SD3,5781,SD3/SD3/test/0_real/entire__sd3__real__000000120108.jpg
362,SD3,5782,SD3/SD3/test/0_real/entire__sd3__real__000000580842.jpg
362,SD3,5783,SD3/SD3/test/0_real/entire__sd3__real__000000524041.jpg
362,SD3,5784,SD3/SD3/test/1_fake/entire__sd3__fake__000000254892.jpg
362,SD3,5785,SD3/SD3/test/1_fake/entire__sd3__fake__000000117218.jpg
362,SD3,5786,SD3/SD3/test/1_fake/entire__sd3__fake__000000579752.jpg
362,SD3,5787,SD3/SD3/test/1_fake/entire__sd3__fake__000000509901.jpg
362,SD3,5788,SD3/SD3/test/1_fake/entire__sd3__fake__000000239417.jpg
362,SD3,5789,SD3/SD3/test/1_fake/entire__sd3__fake__000000518524.jpg
362,SD3,5790,SD3/SD3/test/0_real/entire__sd3__real__000000466491.jpg
362,SD3,5791,SD3/SD3/test/0_real/entire__sd3__real__000000519064.jpg
362,SD3,5792,SD3/SD3/test/1_fake/entire__sd3__fake__000000091306.jpg
362,SD3,5793,SD3/SD3/test/1_fake/entire__sd3__fake__000000136241.jpg
362,SD3,5794,SD3/SD3/test/1_fake/entire__sd3__fake__000000437093.jpg
362,SD3,5795,SD3/SD3/test/0_real/entire__sd3__real__000000179960.jpg
363,SD3,5796,SD3/SD3/test/0_real/entire__sd3__real__000000116005.jpg
363,SD3,5797,SD3/SD3/test/0_real/entire__sd3__real__000000282045.jpg
363,SD3,5798,SD3/SD3/test/1_fake/entire__sd3__fake__000000338218.jpg
363,SD3,5799,SD3/SD3/test/1_fake/entire__sd3__fake__000000183949.jpg
363,SD3,5800,SD3/SD3/test/0_real/entire__sd3__real__000000175539.jpg
363,SD3,5801,SD3/SD3/test/0_real/entire__sd3__real__000000469355.jpg
363,SD3,5802,SD3/SD3/test/1_fake/entire__sd3__fake__000000460453.jpg
363,SD3,5803,SD3/SD3/test/1_fake/entire__sd3__fake__000000183201.jpg
363,SD3,5804,SD3/SD3/test/0_real/entire__sd3__real__000000581220.jpg
363,SD3,5805,SD3/SD3/test/0_real/entire__sd3__real__000000337818.jpg
363,SD3,5806,SD3/SD3/test/0_real/entire__sd3__real__000000108193.jpg
363,SD3,5807,SD3/SD3/test/0_real/entire__sd3__real__000000172040.jpg
363,SD3,5808,SD3/SD3/test/1_fake/entire__sd3__fake__000000219654.jpg
363,SD3,5809,SD3/SD3/test/1_fake/entire__sd3__fake__000000325647.jpg
363,SD3,5810,SD3/SD3/test/1_fake/entire__sd3__fake__000000142672.jpg
363,SD3,5811,SD3/SD3/test/0_real/entire__sd3__real__000000393068.jpg
364,SD3,5812,SD3/SD3/test/0_real/entire__sd3__real__000000187897.jpg
364,SD3,5813,SD3/SD3/test/0_real/entire__sd3__real__000000457514.jpg
364,SD3,5814,SD3/SD3/test/1_fake/entire__sd3__fake__000000154066.jpg
364,SD3,5815,SD3/SD3/test/1_fake/entire__sd3__fake__000000302364.jpg
364,SD3,5816,SD3/SD3/test/0_real/entire__sd3__real__000000148525.jpg
364,SD3,5817,SD3/SD3/test/0_real/entire__sd3__real__000000206176.jpg
364,SD3,5818,SD3/SD3/test/1_fake/entire__sd3__fake__000000241525.jpg
364,SD3,5819,SD3/SD3/test/0_real/entire__sd3__real__000000348019.jpg
364,SD3,5820,SD3/SD3/test/1_fake/entire__sd3__fake__000000463308.jpg
364,SD3,5821,SD3/SD3/test/0_real/entire__sd3__real__000000431342.jpg
364,SD3,5822,SD3/SD3/test/1_fake/entire__sd3__fake__000000373440.jpg
364,SD3,5823,SD3/SD3/test/1_fake/entire__sd3__fake__000000310536.jpg
364,SD3,5824,SD3/SD3/test/0_real/entire__sd3__real__000000322897.jpg
364,SD3,5825,SD3/SD3/test/0_real/entire__sd3__real__000000048408.jpg
364,SD3,5826,SD3/SD3/test/0_real/entire__sd3__real__000000136565.jpg
364,SD3,5827,SD3/SD3/test/0_real/entire__sd3__real__000000120811.jpg
365,SD3,5828,SD3/SD3/test/0_real/entire__sd3__real__000000315654.jpg
365,SD3,5829,SD3/SD3/test/1_fake/entire__sd3__fake__000000334603.jpg
365,SD3,5830,SD3/SD3/test/0_real/entire__sd3__real__000000013719.jpg
365,SD3,5831,SD3/SD3/test/1_fake/entire__sd3__fake__000000060519.jpg
365,SD3,5832,SD3/SD3/test/1_fake/entire__sd3__fake__000000531563.jpg
365,SD3,5833,SD3/SD3/test/1_fake/entire__sd3__fake__000000406317.jpg
365,SD3,5834,SD3/SD3/test/1_fake/entire__sd3__fake__000000486186.jpg
365,SD3,5835,SD3/SD3/test/1_fake/entire__sd3__fake__000000454086.jpg
365,SD3,5836,SD3/SD3/test/0_real/entire__sd3__real__000000047944.jpg
365,SD3,5837,SD3/SD3/test/0_real/entire__sd3__real__000000215812.jpg
365,SD3,5838,SD3/SD3/test/0_real/entire__sd3__real__000000318681.jpg
365,SD3,5839,SD3/SD3/test/0_real/entire__sd3__real__000000379261.jpg
365,SD3,5840,SD3/SD3/test/1_fake/entire__sd3__fake__000000208075.jpg
365,SD3,5841,SD3/SD3/test/0_real/entire__sd3__real__000000563727.jpg
365,SD3,5842,SD3/SD3/test/1_fake/entire__sd3__fake__000000544994.jpg
365,SD3,5843,SD3/SD3/test/0_real/entire__sd3__real__000000348680.jpg
366,SD3,5844,SD3/SD3/test/1_fake/entire__sd3__fake__000000524382.jpg
366,SD3,5845,SD3/SD3/test/1_fake/entire__sd3__fake__000000248953.jpg
366,SD3,5846,SD3/SD3/test/0_real/entire__sd3__real__000000351914.jpg
366,SD3,5847,SD3/SD3/test/1_fake/entire__sd3__fake__000000414927.jpg
366,SD3,5848,SD3/SD3/test/0_real/entire__sd3__real__000000002302.jpg
366,SD3,5849,SD3/SD3/test/1_fake/entire__sd3__fake__000000509034.jpg
366,SD3,5850,SD3/SD3/test/1_fake/entire__sd3__fake__000000486122.jpg
366,SD3,5851,SD3/SD3/test/1_fake/entire__sd3__fake__000000033074.jpg
366,SD3,5852,SD3/SD3/test/1_fake/entire__sd3__fake__000000008300.jpg
366,SD3,5853,SD3/SD3/test/1_fake/entire__sd3__fake__000000262098.jpg
366,SD3,5854,SD3/SD3/test/0_real/entire__sd3__real__000000529069.jpg
366,SD3,5855,SD3/SD3/test/0_real/entire__sd3__real__000000533846.jpg
366,SD3,5856,SD3/SD3/test/1_fake/entire__sd3__fake__000000139921.jpg
366,SD3,5857,SD3/SD3/test/1_fake/entire__sd3__fake__000000081842.jpg
366,SD3,5858,SD3/SD3/test/0_real/entire__sd3__real__000000364064.jpg
366,SD3,5859,SD3/SD3/test/0_real/entire__sd3__real__000000437643.jpg
367,SD3,5860,SD3/SD3/test/0_real/entire__sd3__real__000000545394.jpg
367,SD3,5861,SD3/SD3/test/0_real/entire__sd3__real__000000555309.jpg
367,SD3,5862,SD3/SD3/test/1_fake/entire__sd3__fake__000000092315.jpg
367,SD3,5863,SD3/SD3/test/0_real/entire__sd3__real__000000085624.jpg
367,SD3,5864,SD3/SD3/test/0_real/entire__sd3__real__000000144519.jpg
367,SD3,5865,SD3/SD3/test/0_real/entire__sd3__real__000000484551.jpg
367,SD3,5866,SD3/SD3/test/1_fake/entire__sd3__fake__000000546261.jpg
367,SD3,5867,SD3/SD3/test/1_fake/entire__sd3__fake__000000072666.jpg
367,SD3,5868,SD3/SD3/test/0_real/entire__sd3__real__000000029153.jpg
367,SD3,5869,SD3/SD3/test/1_fake/entire__sd3__fake__000000423410.jpg
367,SD3,5870,SD3/SD3/test/0_real/entire__sd3__real__000000580149.jpg
367,SD3,5871,SD3/SD3/test/1_fake/entire__sd3__fake__000000076619.jpg
367,SD3,5872,SD3/SD3/test/1_fake/entire__sd3__fake__000000526391.jpg
367,SD3,5873,SD3/SD3/test/1_fake/entire__sd3__fake__000000495786.jpg
367,SD3,5874,SD3/SD3/test/0_real/entire__sd3__real__000000217929.jpg
367,SD3,5875,SD3/SD3/test/0_real/entire__sd3__real__000000227485.jpg
368,SD3,5876,SD3/SD3/test/0_real/entire__sd3__real__000000365611.jpg
368,SD3,5877,SD3/SD3/test/0_real/entire__sd3__real__000000495143.jpg
368,SD3,5878,SD3/SD3/test/0_real/entire__sd3__real__000000281679.jpg
368,SD3,5879,SD3/SD3/test/0_real/entire__sd3__real__000000003398.jpg
368,SD3,5880,SD3/SD3/test/1_fake/entire__sd3__fake__000000300000.jpg
368,SD3,5881,SD3/SD3/test/0_real/entire__sd3__real__000000436295.jpg
368,SD3,5882,SD3/SD3/test/1_fake/entire__sd3__fake__000000166190.jpg
368,SD3,5883,SD3/SD3/test/0_real/entire__sd3__real__000000323494.jpg
368,SD3,5884,SD3/SD3/test/1_fake/entire__sd3__fake__000000062131.jpg
368,SD3,5885,SD3/SD3/test/1_fake/entire__sd3__fake__000000159761.jpg
368,SD3,5886,SD3/SD3/test/1_fake/entire__sd3__fake__000000332733.jpg
368,SD3,5887,SD3/SD3/test/1_fake/entire__sd3__fake__000000303260.jpg
368,SD3,5888,SD3/SD3/test/1_fake/entire__sd3__fake__000000391638.jpg
368,SD3,5889,SD3/SD3/test/0_real/entire__sd3__real__000000389957.jpg
368,SD3,5890,SD3/SD3/test/0_real/entire__sd3__real__000000274091.jpg
368,SD3,5891,SD3/SD3/test/0_real/entire__sd3__real__000000035427.jpg
369,SD3,5892,SD3/SD3/test/0_real/entire__sd3__real__000000177763.jpg
369,SD3,5893,SD3/SD3/test/0_real/entire__sd3__real__000000074331.jpg
369,SD3,5894,SD3/SD3/test/1_fake/entire__sd3__fake__000000429759.jpg
369,SD3,5895,SD3/SD3/test/0_real/entire__sd3__real__000000436558.jpg
369,SD3,5896,SD3/SD3/test/1_fake/entire__sd3__fake__000000460199.jpg
369,SD3,5897,SD3/SD3/test/1_fake/entire__sd3__fake__000000387901.jpg
369,SD3,5898,SD3/SD3/test/0_real/entire__sd3__real__000000552110.jpg
369,SD3,5899,SD3/SD3/test/0_real/entire__sd3__real__000000560591.jpg
369,SD3,5900,SD3/SD3/test/0_real/entire__sd3__real__000000549711.jpg
369,SD3,5901,SD3/SD3/test/0_real/entire__sd3__real__000000396400.jpg
369,SD3,5902,SD3/SD3/test/0_real/entire__sd3__real__000000555143.jpg
369,SD3,5903,SD3/SD3/test/1_fake/entire__sd3__fake__000000575017.jpg
369,SD3,5904,SD3/SD3/test/0_real/entire__sd3__real__000000226747.jpg
369,SD3,5905,SD3/SD3/test/1_fake/entire__sd3__fake__000000285131.jpg
369,SD3,5906,SD3/SD3/test/1_fake/entire__sd3__fake__000000462988.jpg
369,SD3,5907,SD3/SD3/test/0_real/entire__sd3__real__000000157891.jpg
370,SD3,5908,SD3/SD3/test/1_fake/entire__sd3__fake__000000418346.jpg
370,SD3,5909,SD3/SD3/test/1_fake/entire__sd3__fake__000000304342.jpg
370,SD3,5910,SD3/SD3/test/1_fake/entire__sd3__fake__000000012731.jpg
370,SD3,5911,SD3/SD3/test/0_real/entire__sd3__real__000000271357.jpg
370,SD3,5912,SD3/SD3/test/1_fake/entire__sd3__fake__000000335775.jpg
370,SD3,5913,SD3/SD3/test/1_fake/entire__sd3__fake__000000311112.jpg
370,SD3,5914,SD3/SD3/test/1_fake/entire__sd3__fake__000000163559.jpg
370,SD3,5915,SD3/SD3/test/0_real/entire__sd3__real__000000523988.jpg
370,SD3,5916,SD3/SD3/test/0_real/entire__sd3__real__000000142100.jpg
370,SD3,5917,SD3/SD3/test/1_fake/entire__sd3__fake__000000222676.jpg
370,SD3,5918,SD3/SD3/test/1_fake/entire__sd3__fake__000000109761.jpg
370,SD3,5919,SD3/SD3/test/0_real/entire__sd3__real__000000201209.jpg
370,SD3,5920,SD3/SD3/test/0_real/entire__sd3__real__000000158207.jpg
370,SD3,5921,SD3/SD3/test/0_real/entire__sd3__real__000000436538.jpg
370,SD3,5922,SD3/SD3/test/0_real/entire__sd3__real__000000384740.jpg
370,SD3,5923,SD3/SD3/test/1_fake/entire__sd3__fake__000000096539.jpg
371,SD3,5924,SD3/SD3/test/0_real/entire__sd3__real__000000172324.jpg
371,SD3,5925,SD3/SD3/test/0_real/entire__sd3__real__000000396112.jpg
371,SD3,5926,SD3/SD3/test/1_fake/entire__sd3__fake__000000436814.jpg
371,SD3,5927,SD3/SD3/test/1_fake/entire__sd3__fake__000000264806.jpg
371,SD3,5928,SD3/SD3/test/1_fake/entire__sd3__fake__000000553502.jpg
371,SD3,5929,SD3/SD3/test/1_fake/entire__sd3__fake__000000020465.jpg
371,SD3,5930,SD3/SD3/test/0_real/entire__sd3__real__000000508466.jpg
371,SD3,5931,SD3/SD3/test/0_real/entire__sd3__real__000000466042.jpg
371,SD3,5932,SD3/SD3/test/1_fake/entire__sd3__fake__000000316563.jpg
371,SD3,5933,SD3/SD3/test/0_real/entire__sd3__real__000000211312.jpg
371,SD3,5934,SD3/SD3/test/1_fake/entire__sd3__fake__000000347877.jpg
371,SD3,5935,SD3/SD3/test/0_real/entire__sd3__real__000000546117.jpg
371,SD3,5936,SD3/SD3/test/1_fake/entire__sd3__fake__000000478225.jpg
371,SD3,5937,SD3/SD3/test/1_fake/entire__sd3__fake__000000474653.jpg
371,SD3,5938,SD3/SD3/test/1_fake/entire__sd3__fake__000000466656.jpg
371,SD3,5939,SD3/SD3/test/1_fake/entire__sd3__fake__000000403144.jpg
372,SD3,5940,SD3/SD3/test/1_fake/entire__sd3__fake__000000306128.jpg
372,SD3,5941,SD3/SD3/test/0_real/entire__sd3__real__000000079011.jpg
372,SD3,5942,SD3/SD3/test/1_fake/entire__sd3__fake__000000168282.jpg
372,SD3,5943,SD3/SD3/test/1_fake/entire__sd3__fake__000000355051.jpg
372,SD3,5944,SD3/SD3/test/0_real/entire__sd3__real__000000135193.jpg
372,SD3,5945,SD3/SD3/test/1_fake/entire__sd3__fake__000000420650.jpg
372,SD3,5946,SD3/SD3/test/0_real/entire__sd3__real__000000140346.jpg
372,SD3,5947,SD3/SD3/test/0_real/entire__sd3__real__000000413242.jpg
372,SD3,5948,SD3/SD3/test/1_fake/entire__sd3__fake__000000447688.jpg
372,SD3,5949,SD3/SD3/test/0_real/entire__sd3__real__000000327421.jpg
372,SD3,5950,SD3/SD3/test/0_real/entire__sd3__real__000000531759.jpg
372,SD3,5951,SD3/SD3/test/0_real/entire__sd3__real__000000335383.jpg
372,SD3,5952,SD3/SD3/test/1_fake/entire__sd3__fake__000000446033.jpg
372,SD3,5953,SD3/SD3/test/0_real/entire__sd3__real__000000112444.jpg
372,SD3,5954,SD3/SD3/test/0_real/entire__sd3__real__000000337533.jpg
372,SD3,5955,SD3/SD3/test/0_real/entire__sd3__real__000000111376.jpg
373,SD3,5956,SD3/SD3/test/1_fake/entire__sd3__fake__000000073685.jpg
373,SD3,5957,SD3/SD3/test/1_fake/entire__sd3__fake__000000332684.jpg
373,SD3,5958,SD3/SD3/test/1_fake/entire__sd3__fake__000000558036.jpg
373,SD3,5959,SD3/SD3/test/1_fake/entire__sd3__fake__000000129108.jpg
373,SD3,5960,SD3/SD3/test/0_real/entire__sd3__real__000000066821.jpg
373,SD3,5961,SD3/SD3/test/1_fake/entire__sd3__fake__000000087456.jpg
373,SD3,5962,SD3/SD3/test/1_fake/entire__sd3__fake__000000517395.jpg
373,SD3,5963,SD3/SD3/test/1_fake/entire__sd3__fake__000000284118.jpg
373,SD3,5964,SD3/SD3/test/1_fake/entire__sd3__fake__000000058708.jpg
373,SD3,5965,SD3/SD3/test/0_real/entire__sd3__real__000000149442.jpg
373,SD3,5966,SD3/SD3/test/0_real/entire__sd3__real__000000469924.jpg
373,SD3,5967,SD3/SD3/test/0_real/entire__sd3__real__000000350231.jpg
373,SD3,5968,SD3/SD3/test/0_real/entire__sd3__real__000000570215.jpg
373,SD3,5969,SD3/SD3/test/1_fake/entire__sd3__fake__000000383950.jpg
373,SD3,5970,SD3/SD3/test/1_fake/entire__sd3__fake__000000115992.jpg
373,SD3,5971,SD3/SD3/test/0_real/entire__sd3__real__000000007685.jpg
374,SD3,5972,SD3/SD3/test/0_real/entire__sd3__real__000000437948.jpg
374,SD3,5973,SD3/SD3/test/0_real/entire__sd3__real__000000495311.jpg
374,SD3,5974,SD3/SD3/test/0_real/entire__sd3__real__000000027207.jpg
374,SD3,5975,SD3/SD3/test/1_fake/entire__sd3__fake__000000473709.jpg
374,SD3,5976,SD3/SD3/test/0_real/entire__sd3__real__000000427876.jpg
374,SD3,5977,SD3/SD3/test/1_fake/entire__sd3__fake__000000236461.jpg
374,SD3,5978,SD3/SD3/test/0_real/entire__sd3__real__000000273158.jpg
374,SD3,5979,SD3/SD3/test/0_real/entire__sd3__real__000000296631.jpg
374,SD3,5980,SD3/SD3/test/0_real/entire__sd3__real__000000579145.jpg
374,SD3,5981,SD3/SD3/test/1_fake/entire__sd3__fake__000000314741.jpg
374,SD3,5982,SD3/SD3/test/1_fake/entire__sd3__fake__000000311401.jpg
374,SD3,5983,SD3/SD3/test/0_real/entire__sd3__real__000000109825.jpg
374,SD3,5984,SD3/SD3/test/0_real/entire__sd3__real__000000455401.jpg
374,SD3,5985,SD3/SD3/test/0_real/entire__sd3__real__000000183653.jpg
374,SD3,5986,SD3/SD3/test/1_fake/entire__sd3__fake__000000355792.jpg
374,SD3,5987,SD3/SD3/test/0_real/entire__sd3__real__000000160653.jpg
375,SD3,5988,SD3/SD3/test/0_real/entire__sd3__real__000000386504.jpg
375,SD3,5989,SD3/SD3/test/0_real/entire__sd3__real__000000142562.jpg
375,SD3,5990,SD3/SD3/test/0_real/entire__sd3__real__000000307894.jpg
375,SD3,5991,SD3/SD3/test/1_fake/entire__sd3__fake__000000571906.jpg
375,SD3,5992,SD3/SD3/test/0_real/entire__sd3__real__000000026645.jpg
375,SD3,5993,SD3/SD3/test/0_real/entire__sd3__real__000000459557.jpg
375,SD3,5994,SD3/SD3/test/0_real/entire__sd3__real__000000355638.jpg
375,SD3,5995,SD3/SD3/test/1_fake/entire__sd3__fake__000000355221.jpg
375,SD3,5996,SD3/SD3/test/0_real/entire__sd3__real__000000254549.jpg
375,SD3,5997,SD3/SD3/test/1_fake/entire__sd3__fake__000000360701.jpg
375,SD3,5998,SD3/SD3/test/0_real/entire__sd3__real__000000415856.jpg
375,SD3,5999,SD3/SD3/test/1_fake/entire__sd3__fake__000000424979.jpg
376,Flux.1,6000,Flux.1/Flux.1/test/0_real/entire__flux__real__000000557227.jpg
376,Flux.1,6001,Flux.1/Flux.1/test/0_real/entire__flux__real__000000175951.jpg
376,Flux.1,6002,Flux.1/Flux.1/test/0_real/entire__flux__real__000000196355.jpg
376,Flux.1,6003,Flux.1/Flux.1/test/0_real/entire__flux__real__000000049491.jpg
376,Flux.1,6004,Flux.1/Flux.1/test/1_fake/entire__flux__fake__000000558677.jpg
376,Flux.1,6005,Flux.1/Flux.1/test/0_real/entire__flux__real__000000400576.jpg
376,Flux.1,6006,Flux.1/Flux.1/test/1_fake/entire__flux__fake__000000350013.jpg
376,Flux.1,6007,Flux.1/Flux.1/test/1_fake/entire__flux__fake__000000014759.jpg
376,Flux.1,6008,Flux.1/Flux.1/test/1_fake/entire__flux__fake__000000463226.jpg
376,Flux.1,6009,Flux.1/Flux.1/test/0_real/entire__flux__real__000000070094.jpg
376,Flux.1,6010,Flux.1/Flux.1/test/1_fake/entire__flux__fake__000000543957.jpg
376,Flux.1,6011,Flux.1/Flux.1/test/0_real/entire__flux__real__000000410739.jpg
376,Flux.1,6012,Flux.1/Flux.1/test/1_fake/entire__flux__fake__000000107468.jpg
376,Flux.1,6013,Flux.1/Flux.1/test/0_real/entire__flux__real__000000184877.jpg
376,Flux.1,6014,Flux.1/Flux.1/test/1_fake/entire__flux__fake__000000411358.jpg
376,Flux.1,6015,Flux.1/Flux.1/test/0_real/entire__flux__real__000000562595.jpg
377,Flux.1,6016,Flux.1/Flux.1/test/0_real/entire__flux__real__000000409751.jpg
377,Flux.1,6017,Flux.1/Flux.1/test/1_fake/entire__flux__fake__000000312843.jpg
377,Flux.1,6018,Flux.1/Flux.1/test/1_fake/entire__flux__fake__000000229896.jpg
377,Flux.1,6019,Flux.1/Flux.1/test/1_fake/entire__flux__fake__000000239306.jpg
377,Flux.1,6020,Flux.1/Flux.1/test/1_fake/entire__flux__fake__000000201463.jpg
377,Flux.1,6021,Flux.1/Flux.1/test/0_real/entire__flux__real__000000347509.jpg
377,Flux.1,6022,Flux.1/Flux.1/test/1_fake/entire__flux__fake__000000558542.jpg
377,Flux.1,6023,Flux.1/Flux.1/test/1_fake/entire__flux__fake__000000214698.jpg
377,Flux.1,6024,Flux.1/Flux.1/test/0_real/entire__flux__real__000000203103.jpg
377,Flux.1,6025,Flux.1/Flux.1/test/1_fake/entire__flux__fake__000000371376.jpg
377,Flux.1,6026,Flux.1/Flux.1/test/1_fake/entire__flux__fake__000000306365.jpg
377,Flux.1,6027,Flux.1/Flux.1/test/1_fake/entire__flux__fake__000000470718.jpg
377,Flux.1,6028,Flux.1/Flux.1/test/1_fake/entire__flux__fake__000000350067.jpg
377,Flux.1,6029,Flux.1/Flux.1/test/1_fake/entire__flux__fake__000000358527.jpg
377,Flux.1,6030,Flux.1/Flux.1/test/1_fake/entire__flux__fake__000000468830.jpg
377,Flux.1,6031,Flux.1/Flux.1/test/0_real/entire__flux__real__000000412034.jpg
378,Flux.1,6032,Flux.1/Flux.1/test/0_real/entire__flux__real__000000356856.jpg
378,Flux.1,6033,Flux.1/Flux.1/test/1_fake/entire__flux__fake__000000096618.jpg
378,Flux.1,6034,Flux.1/Flux.1/test/1_fake/entire__flux__fake__000000013355.jpg
378,Flux.1,6035,Flux.1/Flux.1/test/1_fake/entire__flux__fake__000000203517.jpg
378,Flux.1,6036,Flux.1/Flux.1/test/0_real/entire__flux__real__000000464615.jpg
378,Flux.1,6037,Flux.1/Flux.1/test/1_fake/entire__flux__fake__000000294811.jpg
378,Flux.1,6038,Flux.1/Flux.1/test/0_real/entire__flux__real__000000112751.jpg
378,Flux.1,6039,Flux.1/Flux.1/test/1_fake/entire__flux__fake__000000044472.jpg
378,Flux.1,6040,Flux.1/Flux.1/test/0_real/entire__flux__real__000000529689.jpg
378,Flux.1,6041,Flux.1/Flux.1/test/0_real/entire__flux__real__000000557595.jpg
378,Flux.1,6042,Flux.1/Flux.1/test/1_fake/entire__flux__fake__000000351683.jpg
378,Flux.1,6043,Flux.1/Flux.1/test/0_real/entire__flux__real__000000532779.jpg
378,Flux.1,6044,Flux.1/Flux.1/test/1_fake/entire__flux__fake__000000122105.jpg
378,Flux.1,6045,Flux.1/Flux.1/test/0_real/entire__flux__real__000000200772.jpg
378,Flux.1,6046,Flux.1/Flux.1/test/0_real/entire__flux__real__000000293713.jpg
378,Flux.1,6047,Flux.1/Flux.1/test/0_real/entire__flux__real__000000427538.jpg
379,Flux.1,6048,Flux.1/Flux.1/test/1_fake/entire__flux__fake__000000308441.jpg
379,Flux.1,6049,Flux.1/Flux.1/test/1_fake/entire__flux__fake__000000152586.jpg
379,Flux.1,6050,Flux.1/Flux.1/test/0_real/entire__flux__real__000000441034.jpg
379,Flux.1,6051,Flux.1/Flux.1/test/0_real/entire__flux__real__000000216198.jpg
379,Flux.1,6052,Flux.1/Flux.1/test/1_fake/entire__flux__fake__000000496099.jpg
379,Flux.1,6053,Flux.1/Flux.1/test/1_fake/entire__flux__fake__000000064005.jpg
379,Flux.1,6054,Flux.1/Flux.1/test/0_real/entire__flux__real__000000061624.jpg
379,Flux.1,6055,Flux.1/Flux.1/test/0_real/entire__flux__real__000000144272.jpg
379,Flux.1,6056,Flux.1/Flux.1/test/1_fake/entire__flux__fake__000000163361.jpg
379,Flux.1,6057,Flux.1/Flux.1/test/0_real/entire__flux__real__000000359834.jpg
379,Flux.1,6058,Flux.1/Flux.1/test/1_fake/entire__flux__fake__000000356906.jpg
379,Flux.1,6059,Flux.1/Flux.1/test/1_fake/entire__flux__fake__000000216665.jpg
379,Flux.1,6060,Flux.1/Flux.1/test/0_real/entire__flux__real__000000379678.jpg
379,Flux.1,6061,Flux.1/Flux.1/test/1_fake/entire__flux__fake__000000495199.jpg
379,Flux.1,6062,Flux.1/Flux.1/test/0_real/entire__flux__real__000000452183.jpg
379,Flux.1,6063,Flux.1/Flux.1/test/0_real/entire__flux__real__000000018785.jpg
380,Flux.1,6064,Flux.1/Flux.1/test/1_fake/entire__flux__fake__000000264930.jpg
380,Flux.1,6065,Flux.1/Flux.1/test/1_fake/entire__flux__fake__000000386363.jpg
380,Flux.1,6066,Flux.1/Flux.1/test/1_fake/entire__flux__fake__000000297970.jpg
380,Flux.1,6067,Flux.1/Flux.1/test/1_fake/entire__flux__fake__000000532565.jpg
380,Flux.1,6068,Flux.1/Flux.1/test/1_fake/entire__flux__fake__000000251882.jpg
380,Flux.1,6069,Flux.1/Flux.1/test/1_fake/entire__flux__fake__000000046512.jpg
380,Flux.1,6070,Flux.1/Flux.1/test/1_fake/entire__flux__fake__000000052751.jpg
380,Flux.1,6071,Flux.1/Flux.1/test/1_fake/entire__flux__fake__000000551736.jpg
380,Flux.1,6072,Flux.1/Flux.1/test/1_fake/entire__flux__fake__000000117139.jpg
380,Flux.1,6073,Flux.1/Flux.1/test/0_real/entire__flux__real__000000461819.jpg
380,Flux.1,6074,Flux.1/Flux.1/test/0_real/entire__flux__real__000000509553.jpg
380,Flux.1,6075,Flux.1/Flux.1/test/1_fake/entire__flux__fake__000000567751.jpg
380,Flux.1,6076,Flux.1/Flux.1/test/1_fake/entire__flux__fake__000000002672.jpg
380,Flux.1,6077,Flux.1/Flux.1/test/0_real/entire__flux__real__000000264337.jpg
380,Flux.1,6078,Flux.1/Flux.1/test/1_fake/entire__flux__fake__000000101948.jpg
380,Flux.1,6079,Flux.1/Flux.1/test/0_real/entire__flux__real__000000249508.jpg
381,Flux.1,6080,Flux.1/Flux.1/test/0_real/entire__flux__real__000000216457.jpg
381,Flux.1,6081,Flux.1/Flux.1/test/1_fake/entire__flux__fake__000000367372.jpg
381,Flux.1,6082,Flux.1/Flux.1/test/0_real/entire__flux__real__000000361417.jpg
381,Flux.1,6083,Flux.1/Flux.1/test/1_fake/entire__flux__fake__000000062481.jpg
381,Flux.1,6084,Flux.1/Flux.1/test/0_real/entire__flux__real__000000519845.jpg
381,Flux.1,6085,Flux.1/Flux.1/test/0_real/entire__flux__real__000000391488.jpg
381,Flux.1,6086,Flux.1/Flux.1/test/0_real/entire__flux__real__000000274697.jpg
381,Flux.1,6087,Flux.1/Flux.1/test/1_fake/entire__flux__fake__000000229530.jpg
381,Flux.1,6088,Flux.1/Flux.1/test/0_real/entire__flux__real__000000549450.jpg
381,Flux.1,6089,Flux.1/Flux.1/test/0_real/entire__flux__real__000000477434.jpg
381,Flux.1,6090,Flux.1/Flux.1/test/1_fake/entire__flux__fake__000000078085.jpg
381,Flux.1,6091,Flux.1/Flux.1/test/1_fake/entire__flux__fake__000000395311.jpg
381,Flux.1,6092,Flux.1/Flux.1/test/0_real/entire__flux__real__000000063959.jpg
381,Flux.1,6093,Flux.1/Flux.1/test/1_fake/entire__flux__fake__000000268469.jpg
381,Flux.1,6094,Flux.1/Flux.1/test/0_real/entire__flux__real__000000259112.jpg
381,Flux.1,6095,Flux.1/Flux.1/test/1_fake/entire__flux__fake__000000506906.jpg
382,Flux.1,6096,Flux.1/Flux.1/test/1_fake/entire__flux__fake__000000537621.jpg
382,Flux.1,6097,Flux.1/Flux.1/test/0_real/entire__flux__real__000000288259.jpg
382,Flux.1,6098,Flux.1/Flux.1/test/1_fake/entire__flux__fake__000000456566.jpg
382,Flux.1,6099,Flux.1/Flux.1/test/0_real/entire__flux__real__000000179124.jpg
382,Flux.1,6100,Flux.1/Flux.1/test/1_fake/entire__flux__fake__000000234391.jpg
382,Flux.1,6101,Flux.1/Flux.1/test/1_fake/entire__flux__fake__000000577029.jpg
382,Flux.1,6102,Flux.1/Flux.1/test/0_real/entire__flux__real__000000316676.jpg
382,Flux.1,6103,Flux.1/Flux.1/test/0_real/entire__flux__real__000000126198.jpg
382,Flux.1,6104,Flux.1/Flux.1/test/1_fake/entire__flux__fake__000000400926.jpg
382,Flux.1,6105,Flux.1/Flux.1/test/1_fake/entire__flux__fake__000000452737.jpg
382,Flux.1,6106,Flux.1/Flux.1/test/1_fake/entire__flux__fake__000000118927.jpg
382,Flux.1,6107,Flux.1/Flux.1/test/0_real/entire__flux__real__000000117784.jpg
382,Flux.1,6108,Flux.1/Flux.1/test/1_fake/entire__flux__fake__000000138851.jpg
382,Flux.1,6109,Flux.1/Flux.1/test/0_real/entire__flux__real__000000009729.jpg
382,Flux.1,6110,Flux.1/Flux.1/test/1_fake/entire__flux__fake__000000413070.jpg
382,Flux.1,6111,Flux.1/Flux.1/test/1_fake/entire__flux__fake__000000350560.jpg
383,Flux.1,6112,Flux.1/Flux.1/test/0_real/entire__flux__real__000000502605.jpg
383,Flux.1,6113,Flux.1/Flux.1/test/1_fake/entire__flux__fake__000000219535.jpg
383,Flux.1,6114,Flux.1/Flux.1/test/0_real/entire__flux__real__000000071271.jpg
383,Flux.1,6115,Flux.1/Flux.1/test/1_fake/entire__flux__fake__000000542042.jpg
383,Flux.1,6116,Flux.1/Flux.1/test/1_fake/entire__flux__fake__000000377213.jpg
383,Flux.1,6117,Flux.1/Flux.1/test/1_fake/entire__flux__fake__000000500784.jpg
383,Flux.1,6118,Flux.1/Flux.1/test/1_fake/entire__flux__fake__000000540899.jpg
383,Flux.1,6119,Flux.1/Flux.1/test/0_real/entire__flux__real__000000528261.jpg
383,Flux.1,6120,Flux.1/Flux.1/test/1_fake/entire__flux__fake__000000011673.jpg
383,Flux.1,6121,Flux.1/Flux.1/test/1_fake/entire__flux__fake__000000500005.jpg
383,Flux.1,6122,Flux.1/Flux.1/test/0_real/entire__flux__real__000000277793.jpg
383,Flux.1,6123,Flux.1/Flux.1/test/0_real/entire__flux__real__000000219099.jpg
383,Flux.1,6124,Flux.1/Flux.1/test/0_real/entire__flux__real__000000108674.jpg
383,Flux.1,6125,Flux.1/Flux.1/test/1_fake/entire__flux__fake__000000378558.jpg
383,Flux.1,6126,Flux.1/Flux.1/test/0_real/entire__flux__real__000000521256.jpg
383,Flux.1,6127,Flux.1/Flux.1/test/0_real/entire__flux__real__000000287437.jpg
384,Flux.1,6128,Flux.1/Flux.1/test/1_fake/entire__flux__fake__000000512302.jpg
384,Flux.1,6129,Flux.1/Flux.1/test/0_real/entire__flux__real__000000543263.jpg
384,Flux.1,6130,Flux.1/Flux.1/test/0_real/entire__flux__real__000000008536.jpg
384,Flux.1,6131,Flux.1/Flux.1/test/1_fake/entire__flux__fake__000000096660.jpg
384,Flux.1,6132,Flux.1/Flux.1/test/1_fake/entire__flux__fake__000000158787.jpg
384,Flux.1,6133,Flux.1/Flux.1/test/0_real/entire__flux__real__000000043288.jpg
384,Flux.1,6134,Flux.1/Flux.1/test/1_fake/entire__flux__fake__000000472463.jpg
384,Flux.1,6135,Flux.1/Flux.1/test/0_real/entire__flux__real__000000253712.jpg
384,Flux.1,6136,Flux.1/Flux.1/test/0_real/entire__flux__real__000000338838.jpg
384,Flux.1,6137,Flux.1/Flux.1/test/1_fake/entire__flux__fake__000000024712.jpg
384,Flux.1,6138,Flux.1/Flux.1/test/0_real/entire__flux__real__000000323489.jpg
384,Flux.1,6139,Flux.1/Flux.1/test/1_fake/entire__flux__fake__000000012079.jpg
384,Flux.1,6140,Flux.1/Flux.1/test/1_fake/entire__flux__fake__000000386475.jpg
384,Flux.1,6141,Flux.1/Flux.1/test/1_fake/entire__flux__fake__000000205078.jpg
384,Flux.1,6142,Flux.1/Flux.1/test/1_fake/entire__flux__fake__000000224037.jpg
384,Flux.1,6143,Flux.1/Flux.1/test/1_fake/entire__flux__fake__000000287003.jpg
385,Flux.1,6144,Flux.1/Flux.1/test/1_fake/entire__flux__fake__000000085004.jpg
385,Flux.1,6145,Flux.1/Flux.1/test/0_real/entire__flux__real__000000004579.jpg
385,Flux.1,6146,Flux.1/Flux.1/test/1_fake/entire__flux__fake__000000326373.jpg
385,Flux.1,6147,Flux.1/Flux.1/test/1_fake/entire__flux__fake__000000173984.jpg
385,Flux.1,6148,Flux.1/Flux.1/test/1_fake/entire__flux__fake__000000330388.jpg
385,Flux.1,6149,Flux.1/Flux.1/test/0_real/entire__flux__real__000000321427.jpg
385,Flux.1,6150,Flux.1/Flux.1/test/1_fake/entire__flux__fake__000000075487.jpg
385,Flux.1,6151,Flux.1/Flux.1/test/0_real/entire__flux__real__000000337661.jpg
385,Flux.1,6152,Flux.1/Flux.1/test/0_real/entire__flux__real__000000499037.jpg
385,Flux.1,6153,Flux.1/Flux.1/test/0_real/entire__flux__real__000000035045.jpg
385,Flux.1,6154,Flux.1/Flux.1/test/0_real/entire__flux__real__000000436265.jpg
385,Flux.1,6155,Flux.1/Flux.1/test/1_fake/entire__flux__fake__000000214759.jpg
385,Flux.1,6156,Flux.1/Flux.1/test/1_fake/entire__flux__fake__000000296265.jpg
385,Flux.1,6157,Flux.1/Flux.1/test/0_real/entire__flux__real__000000061201.jpg
385,Flux.1,6158,Flux.1/Flux.1/test/0_real/entire__flux__real__000000571514.jpg
385,Flux.1,6159,Flux.1/Flux.1/test/0_real/entire__flux__real__000000398093.jpg
386,Flux.1,6160,Flux.1/Flux.1/test/1_fake/entire__flux__fake__000000526225.jpg
386,Flux.1,6161,Flux.1/Flux.1/test/0_real/entire__flux__real__000000573246.jpg
386,Flux.1,6162,Flux.1/Flux.1/test/0_real/entire__flux__real__000000200302.jpg
386,Flux.1,6163,Flux.1/Flux.1/test/0_real/entire__flux__real__000000579907.jpg
386,Flux.1,6164,Flux.1/Flux.1/test/1_fake/entire__flux__fake__000000098514.jpg
386,Flux.1,6165,Flux.1/Flux.1/test/0_real/entire__flux__real__000000318333.jpg
386,Flux.1,6166,Flux.1/Flux.1/test/1_fake/entire__flux__fake__000000563458.jpg
386,Flux.1,6167,Flux.1/Flux.1/test/1_fake/entire__flux__fake__000000520422.jpg
386,Flux.1,6168,Flux.1/Flux.1/test/1_fake/entire__flux__fake__000000382640.jpg
386,Flux.1,6169,Flux.1/Flux.1/test/0_real/entire__flux__real__000000119373.jpg
386,Flux.1,6170,Flux.1/Flux.1/test/1_fake/entire__flux__fake__000000382107.jpg
386,Flux.1,6171,Flux.1/Flux.1/test/0_real/entire__flux__real__000000231838.jpg
386,Flux.1,6172,Flux.1/Flux.1/test/1_fake/entire__flux__fake__000000543164.jpg
386,Flux.1,6173,Flux.1/Flux.1/test/1_fake/entire__flux__fake__000000221089.jpg
386,Flux.1,6174,Flux.1/Flux.1/test/1_fake/entire__flux__fake__000000156974.jpg
386,Flux.1,6175,Flux.1/Flux.1/test/0_real/entire__flux__real__000000433075.jpg
387,Flux.1,6176,Flux.1/Flux.1/test/0_real/entire__flux__real__000000417295.jpg
387,Flux.1,6177,Flux.1/Flux.1/test/0_real/entire__flux__real__000000205625.jpg
387,Flux.1,6178,Flux.1/Flux.1/test/1_fake/entire__flux__fake__000000414882.jpg
387,Flux.1,6179,Flux.1/Flux.1/test/1_fake/entire__flux__fake__000000213141.jpg
387,Flux.1,6180,Flux.1/Flux.1/test/1_fake/entire__flux__fake__000000456678.jpg
387,Flux.1,6181,Flux.1/Flux.1/test/0_real/entire__flux__real__000000537007.jpg
387,Flux.1,6182,Flux.1/Flux.1/test/0_real/entire__flux__real__000000266043.jpg
387,Flux.1,6183,Flux.1/Flux.1/test/0_real/entire__flux__real__000000017526.jpg
387,Flux.1,6184,Flux.1/Flux.1/test/1_fake/entire__flux__fake__000000205906.jpg
387,Flux.1,6185,Flux.1/Flux.1/test/1_fake/entire__flux__fake__000000000562.jpg
387,Flux.1,6186,Flux.1/Flux.1/test/1_fake/entire__flux__fake__000000306113.jpg
387,Flux.1,6187,Flux.1/Flux.1/test/0_real/entire__flux__real__000000233609.jpg
387,Flux.1,6188,Flux.1/Flux.1/test/0_real/entire__flux__real__000000319765.jpg
387,Flux.1,6189,Flux.1/Flux.1/test/1_fake/entire__flux__fake__000000447089.jpg
387,Flux.1,6190,Flux.1/Flux.1/test/0_real/entire__flux__real__000000424539.jpg
387,Flux.1,6191,Flux.1/Flux.1/test/1_fake/entire__flux__fake__000000160836.jpg
388,Flux.1,6192,Flux.1/Flux.1/test/0_real/entire__flux__real__000000034304.jpg
388,Flux.1,6193,Flux.1/Flux.1/test/1_fake/entire__flux__fake__000000033751.jpg
388,Flux.1,6194,Flux.1/Flux.1/test/1_fake/entire__flux__fake__000000355223.jpg
388,Flux.1,6195,Flux.1/Flux.1/test/0_real/entire__flux__real__000000505864.jpg
388,Flux.1,6196,Flux.1/Flux.1/test/0_real/entire__flux__real__000000463203.jpg
388,Flux.1,6197,Flux.1/Flux.1/test/1_fake/entire__flux__fake__000000318570.jpg
388,Flux.1,6198,Flux.1/Flux.1/test/1_fake/entire__flux__fake__000000565648.jpg
388,Flux.1,6199,Flux.1/Flux.1/test/1_fake/entire__flux__fake__000000541677.jpg
388,Flux.1,6200,Flux.1/Flux.1/test/1_fake/entire__flux__fake__000000012015.jpg
388,Flux.1,6201,Flux.1/Flux.1/test/1_fake/entire__flux__fake__000000439410.jpg
388,Flux.1,6202,Flux.1/Flux.1/test/0_real/entire__flux__real__000000306069.jpg
388,Flux.1,6203,Flux.1/Flux.1/test/1_fake/entire__flux__fake__000000134494.jpg
388,Flux.1,6204,Flux.1/Flux.1/test/1_fake/entire__flux__fake__000000078488.jpg
388,Flux.1,6205,Flux.1/Flux.1/test/1_fake/entire__flux__fake__000000099844.jpg
388,Flux.1,6206,Flux.1/Flux.1/test/1_fake/entire__flux__fake__000000494716.jpg
388,Flux.1,6207,Flux.1/Flux.1/test/0_real/entire__flux__real__000000281475.jpg
389,Flux.1,6208,Flux.1/Flux.1/test/1_fake/entire__flux__fake__000000206751.jpg
389,Flux.1,6209,Flux.1/Flux.1/test/0_real/entire__flux__real__000000434145.jpg
389,Flux.1,6210,Flux.1/Flux.1/test/1_fake/entire__flux__fake__000000070935.jpg
389,Flux.1,6211,Flux.1/Flux.1/test/1_fake/entire__flux__fake__000000072975.jpg
389,Flux.1,6212,Flux.1/Flux.1/test/0_real/entire__flux__real__000000376384.jpg
389,Flux.1,6213,Flux.1/Flux.1/test/0_real/entire__flux__real__000000378655.jpg
389,Flux.1,6214,Flux.1/Flux.1/test/0_real/entire__flux__real__000000203878.jpg
389,Flux.1,6215,Flux.1/Flux.1/test/1_fake/entire__flux__fake__000000506751.jpg
389,Flux.1,6216,Flux.1/Flux.1/test/1_fake/entire__flux__fake__000000529117.jpg
389,Flux.1,6217,Flux.1/Flux.1/test/0_real/entire__flux__real__000000505038.jpg
389,Flux.1,6218,Flux.1/Flux.1/test/1_fake/entire__flux__fake__000000467809.jpg
389,Flux.1,6219,Flux.1/Flux.1/test/1_fake/entire__flux__fake__000000563927.jpg
389,Flux.1,6220,Flux.1/Flux.1/test/1_fake/entire__flux__fake__000000018874.jpg
389,Flux.1,6221,Flux.1/Flux.1/test/1_fake/entire__flux__fake__000000352703.jpg
389,Flux.1,6222,Flux.1/Flux.1/test/1_fake/entire__flux__fake__000000061850.jpg
389,Flux.1,6223,Flux.1/Flux.1/test/1_fake/entire__flux__fake__000000069043.jpg
390,Flux.1,6224,Flux.1/Flux.1/test/0_real/entire__flux__real__000000340503.jpg
390,Flux.1,6225,Flux.1/Flux.1/test/0_real/entire__flux__real__000000491377.jpg
390,Flux.1,6226,Flux.1/Flux.1/test/0_real/entire__flux__real__000000060350.jpg
390,Flux.1,6227,Flux.1/Flux.1/test/0_real/entire__flux__real__000000477136.jpg
390,Flux.1,6228,Flux.1/Flux.1/test/1_fake/entire__flux__fake__000000490992.jpg
390,Flux.1,6229,Flux.1/Flux.1/test/0_real/entire__flux__real__000000228135.jpg
390,Flux.1,6230,Flux.1/Flux.1/test/1_fake/entire__flux__fake__000000193565.jpg
390,Flux.1,6231,Flux.1/Flux.1/test/0_real/entire__flux__real__000000291675.jpg
390,Flux.1,6232,Flux.1/Flux.1/test/0_real/entire__flux__real__000000107188.jpg
390,Flux.1,6233,Flux.1/Flux.1/test/0_real/entire__flux__real__000000313950.jpg
390,Flux.1,6234,Flux.1/Flux.1/test/0_real/entire__flux__real__000000483517.jpg
390,Flux.1,6235,Flux.1/Flux.1/test/0_real/entire__flux__real__000000451490.jpg
390,Flux.1,6236,Flux.1/Flux.1/test/0_real/entire__flux__real__000000134039.jpg
390,Flux.1,6237,Flux.1/Flux.1/test/1_fake/entire__flux__fake__000000233140.jpg
390,Flux.1,6238,Flux.1/Flux.1/test/0_real/entire__flux__real__000000479102.jpg
390,Flux.1,6239,Flux.1/Flux.1/test/1_fake/entire__flux__fake__000000085905.jpg
391,Flux.1,6240,Flux.1/Flux.1/test/1_fake/entire__flux__fake__000000123041.jpg
391,Flux.1,6241,Flux.1/Flux.1/test/0_real/entire__flux__real__000000438349.jpg
391,Flux.1,6242,Flux.1/Flux.1/test/1_fake/entire__flux__fake__000000514366.jpg
391,Flux.1,6243,Flux.1/Flux.1/test/0_real/entire__flux__real__000000423988.jpg
391,Flux.1,6244,Flux.1/Flux.1/test/0_real/entire__flux__real__000000017587.jpg
391,Flux.1,6245,Flux.1/Flux.1/test/0_real/entire__flux__real__000000514619.jpg
391,Flux.1,6246,Flux.1/Flux.1/test/0_real/entire__flux__real__000000510721.jpg
391,Flux.1,6247,Flux.1/Flux.1/test/0_real/entire__flux__real__000000138027.jpg
391,Flux.1,6248,Flux.1/Flux.1/test/1_fake/entire__flux__fake__000000446633.jpg
391,Flux.1,6249,Flux.1/Flux.1/test/0_real/entire__flux__real__000000317193.jpg
391,Flux.1,6250,Flux.1/Flux.1/test/0_real/entire__flux__real__000000156152.jpg
391,Flux.1,6251,Flux.1/Flux.1/test/0_real/entire__flux__real__000000144965.jpg
391,Flux.1,6252,Flux.1/Flux.1/test/0_real/entire__flux__real__000000098284.jpg
391,Flux.1,6253,Flux.1/Flux.1/test/0_real/entire__flux__real__000000383756.jpg
391,Flux.1,6254,Flux.1/Flux.1/test/1_fake/entire__flux__fake__000000224670.jpg
391,Flux.1,6255,Flux.1/Flux.1/test/0_real/entire__flux__real__000000544065.jpg
392,Flux.1,6256,Flux.1/Flux.1/test/1_fake/entire__flux__fake__000000034378.jpg
392,Flux.1,6257,Flux.1/Flux.1/test/0_real/entire__flux__real__000000185768.jpg
392,Flux.1,6258,Flux.1/Flux.1/test/0_real/entire__flux__real__000000547131.jpg
392,Flux.1,6259,Flux.1/Flux.1/test/0_real/entire__flux__real__000000495728.jpg
392,Flux.1,6260,Flux.1/Flux.1/test/0_real/entire__flux__real__000000545796.jpg
392,Flux.1,6261,Flux.1/Flux.1/test/1_fake/entire__flux__fake__000000232656.jpg
392,Flux.1,6262,Flux.1/Flux.1/test/1_fake/entire__flux__fake__000000157198.jpg
392,Flux.1,6263,Flux.1/Flux.1/test/0_real/entire__flux__real__000000488538.jpg
392,Flux.1,6264,Flux.1/Flux.1/test/1_fake/entire__flux__fake__000000182728.jpg
392,Flux.1,6265,Flux.1/Flux.1/test/0_real/entire__flux__real__000000157266.jpg
392,Flux.1,6266,Flux.1/Flux.1/test/0_real/entire__flux__real__000000312785.jpg
392,Flux.1,6267,Flux.1/Flux.1/test/0_real/entire__flux__real__000000121181.jpg
392,Flux.1,6268,Flux.1/Flux.1/test/1_fake/entire__flux__fake__000000519182.jpg
392,Flux.1,6269,Flux.1/Flux.1/test/0_real/entire__flux__real__000000003920.jpg
392,Flux.1,6270,Flux.1/Flux.1/test/1_fake/entire__flux__fake__000000421169.jpg
392,Flux.1,6271,Flux.1/Flux.1/test/0_real/entire__flux__real__000000446034.jpg
393,Flux.1,6272,Flux.1/Flux.1/test/0_real/entire__flux__real__000000186544.jpg
393,Flux.1,6273,Flux.1/Flux.1/test/1_fake/entire__flux__fake__000000483795.jpg
393,Flux.1,6274,Flux.1/Flux.1/test/0_real/entire__flux__real__000000416246.jpg
393,Flux.1,6275,Flux.1/Flux.1/test/1_fake/entire__flux__fake__000000278823.jpg
393,Flux.1,6276,Flux.1/Flux.1/test/1_fake/entire__flux__fake__000000086072.jpg
393,Flux.1,6277,Flux.1/Flux.1/test/1_fake/entire__flux__fake__000000331279.jpg
393,Flux.1,6278,Flux.1/Flux.1/test/1_fake/entire__flux__fake__000000569768.jpg
393,Flux.1,6279,Flux.1/Flux.1/test/0_real/entire__flux__real__000000209890.jpg
393,Flux.1,6280,Flux.1/Flux.1/test/0_real/entire__flux__real__000000445242.jpg
393,Flux.1,6281,Flux.1/Flux.1/test/1_fake/entire__flux__fake__000000381610.jpg
393,Flux.1,6282,Flux.1/Flux.1/test/0_real/entire__flux__real__000000494855.jpg
393,Flux.1,6283,Flux.1/Flux.1/test/1_fake/entire__flux__fake__000000402087.jpg
393,Flux.1,6284,Flux.1/Flux.1/test/0_real/entire__flux__real__000000458738.jpg
393,Flux.1,6285,Flux.1/Flux.1/test/1_fake/entire__flux__fake__000000329604.jpg
393,Flux.1,6286,Flux.1/Flux.1/test/1_fake/entire__flux__fake__000000068625.jpg
393,Flux.1,6287,Flux.1/Flux.1/test/1_fake/entire__flux__fake__000000537297.jpg
394,Flux.1,6288,Flux.1/Flux.1/test/0_real/entire__flux__real__000000502001.jpg
394,Flux.1,6289,Flux.1/Flux.1/test/0_real/entire__flux__real__000000265815.jpg
394,Flux.1,6290,Flux.1/Flux.1/test/0_real/entire__flux__real__000000134835.jpg
394,Flux.1,6291,Flux.1/Flux.1/test/1_fake/entire__flux__fake__000000467091.jpg
394,Flux.1,6292,Flux.1/Flux.1/test/0_real/entire__flux__real__000000257666.jpg
394,Flux.1,6293,Flux.1/Flux.1/test/1_fake/entire__flux__fake__000000451529.jpg
394,Flux.1,6294,Flux.1/Flux.1/test/0_real/entire__flux__real__000000356323.jpg
394,Flux.1,6295,Flux.1/Flux.1/test/1_fake/entire__flux__fake__000000076593.jpg
394,Flux.1,6296,Flux.1/Flux.1/test/1_fake/entire__flux__fake__000000380128.jpg
394,Flux.1,6297,Flux.1/Flux.1/test/0_real/entire__flux__real__000000023686.jpg
394,Flux.1,6298,Flux.1/Flux.1/test/1_fake/entire__flux__fake__000000063855.jpg
394,Flux.1,6299,Flux.1/Flux.1/test/0_real/entire__flux__real__000000154704.jpg
394,Flux.1,6300,Flux.1/Flux.1/test/1_fake/entire__flux__fake__000000068947.jpg
394,Flux.1,6301,Flux.1/Flux.1/test/1_fake/entire__flux__fake__000000224114.jpg
394,Flux.1,6302,Flux.1/Flux.1/test/1_fake/entire__flux__fake__000000281745.jpg
394,Flux.1,6303,Flux.1/Flux.1/test/0_real/entire__flux__real__000000430710.jpg
395,Flux.1,6304,Flux.1/Flux.1/test/1_fake/entire__flux__fake__000000559382.jpg
395,Flux.1,6305,Flux.1/Flux.1/test/0_real/entire__flux__real__000000016458.jpg
395,Flux.1,6306,Flux.1/Flux.1/test/1_fake/entire__flux__fake__000000368667.jpg
395,Flux.1,6307,Flux.1/Flux.1/test/0_real/entire__flux__real__000000121904.jpg
395,Flux.1,6308,Flux.1/Flux.1/test/0_real/entire__flux__real__000000454408.jpg
395,Flux.1,6309,Flux.1/Flux.1/test/1_fake/entire__flux__fake__000000362409.jpg
395,Flux.1,6310,Flux.1/Flux.1/test/1_fake/entire__flux__fake__000000415602.jpg
395,Flux.1,6311,Flux.1/Flux.1/test/0_real/entire__flux__real__000000299074.jpg
395,Flux.1,6312,Flux.1/Flux.1/test/1_fake/entire__flux__fake__000000521003.jpg
395,Flux.1,6313,Flux.1/Flux.1/test/1_fake/entire__flux__fake__000000113521.jpg
395,Flux.1,6314,Flux.1/Flux.1/test/1_fake/entire__flux__fake__000000158924.jpg
395,Flux.1,6315,Flux.1/Flux.1/test/0_real/entire__flux__real__000000502916.jpg
395,Flux.1,6316,Flux.1/Flux.1/test/0_real/entire__flux__real__000000165162.jpg
395,Flux.1,6317,Flux.1/Flux.1/test/0_real/entire__flux__real__000000230679.jpg
395,Flux.1,6318,Flux.1/Flux.1/test/1_fake/entire__flux__fake__000000238217.jpg
395,Flux.1,6319,Flux.1/Flux.1/test/1_fake/entire__flux__fake__000000431897.jpg
396,Flux.1,6320,Flux.1/Flux.1/test/0_real/entire__flux__real__000000063478.jpg
396,Flux.1,6321,Flux.1/Flux.1/test/0_real/entire__flux__real__000000050827.jpg
396,Flux.1,6322,Flux.1/Flux.1/test/1_fake/entire__flux__fake__000000118278.jpg
396,Flux.1,6323,Flux.1/Flux.1/test/0_real/entire__flux__real__000000518290.jpg
396,Flux.1,6324,Flux.1/Flux.1/test/1_fake/entire__flux__fake__000000471015.jpg
396,Flux.1,6325,Flux.1/Flux.1/test/1_fake/entire__flux__fake__000000154342.jpg
396,Flux.1,6326,Flux.1/Flux.1/test/1_fake/entire__flux__fake__000000059525.jpg
396,Flux.1,6327,Flux.1/Flux.1/test/1_fake/entire__flux__fake__000000290115.jpg
396,Flux.1,6328,Flux.1/Flux.1/test/0_real/entire__flux__real__000000121232.jpg
396,Flux.1,6329,Flux.1/Flux.1/test/1_fake/entire__flux__fake__000000067749.jpg
396,Flux.1,6330,Flux.1/Flux.1/test/0_real/entire__flux__real__000000267774.jpg
396,Flux.1,6331,Flux.1/Flux.1/test/0_real/entire__flux__real__000000484289.jpg
396,Flux.1,6332,Flux.1/Flux.1/test/1_fake/entire__flux__fake__000000538108.jpg
396,Flux.1,6333,Flux.1/Flux.1/test/1_fake/entire__flux__fake__000000063828.jpg
396,Flux.1,6334,Flux.1/Flux.1/test/0_real/entire__flux__real__000000176767.jpg
396,Flux.1,6335,Flux.1/Flux.1/test/0_real/entire__flux__real__000000332271.jpg
397,Flux.1,6336,Flux.1/Flux.1/test/1_fake/entire__flux__fake__000000058876.jpg
397,Flux.1,6337,Flux.1/Flux.1/test/0_real/entire__flux__real__000000283316.jpg
397,Flux.1,6338,Flux.1/Flux.1/test/1_fake/entire__flux__fake__000000536001.jpg
397,Flux.1,6339,Flux.1/Flux.1/test/0_real/entire__flux__real__000000292227.jpg
397,Flux.1,6340,Flux.1/Flux.1/test/1_fake/entire__flux__fake__000000200064.jpg
397,Flux.1,6341,Flux.1/Flux.1/test/1_fake/entire__flux__fake__000000565996.jpg
397,Flux.1,6342,Flux.1/Flux.1/test/0_real/entire__flux__real__000000421952.jpg
397,Flux.1,6343,Flux.1/Flux.1/test/0_real/entire__flux__real__000000362091.jpg
397,Flux.1,6344,Flux.1/Flux.1/test/0_real/entire__flux__real__000000398388.jpg
397,Flux.1,6345,Flux.1/Flux.1/test/0_real/entire__flux__real__000000136077.jpg
397,Flux.1,6346,Flux.1/Flux.1/test/1_fake/entire__flux__fake__000000150671.jpg
397,Flux.1,6347,Flux.1/Flux.1/test/1_fake/entire__flux__fake__000000386864.jpg
397,Flux.1,6348,Flux.1/Flux.1/test/1_fake/entire__flux__fake__000000245432.jpg
397,Flux.1,6349,Flux.1/Flux.1/test/1_fake/entire__flux__fake__000000026573.jpg
397,Flux.1,6350,Flux.1/Flux.1/test/1_fake/entire__flux__fake__000000091844.jpg
397,Flux.1,6351,Flux.1/Flux.1/test/1_fake/entire__flux__fake__000000062020.jpg
398,Flux.1,6352,Flux.1/Flux.1/test/0_real/entire__flux__real__000000008807.jpg
398,Flux.1,6353,Flux.1/Flux.1/test/1_fake/entire__flux__fake__000000413206.jpg
398,Flux.1,6354,Flux.1/Flux.1/test/0_real/entire__flux__real__000000227019.jpg
398,Flux.1,6355,Flux.1/Flux.1/test/1_fake/entire__flux__fake__000000125848.jpg
398,Flux.1,6356,Flux.1/Flux.1/test/0_real/entire__flux__real__000000438253.jpg
398,Flux.1,6357,Flux.1/Flux.1/test/0_real/entire__flux__real__000000540321.jpg
398,Flux.1,6358,Flux.1/Flux.1/test/0_real/entire__flux__real__000000083862.jpg
398,Flux.1,6359,Flux.1/Flux.1/test/0_real/entire__flux__real__000000104112.jpg
398,Flux.1,6360,Flux.1/Flux.1/test/1_fake/entire__flux__fake__000000259391.jpg
398,Flux.1,6361,Flux.1/Flux.1/test/1_fake/entire__flux__fake__000000467063.jpg
398,Flux.1,6362,Flux.1/Flux.1/test/1_fake/entire__flux__fake__000000509394.jpg
398,Flux.1,6363,Flux.1/Flux.1/test/1_fake/entire__flux__fake__000000131918.jpg
398,Flux.1,6364,Flux.1/Flux.1/test/0_real/entire__flux__real__000000237851.jpg
398,Flux.1,6365,Flux.1/Flux.1/test/1_fake/entire__flux__fake__000000501015.jpg
398,Flux.1,6366,Flux.1/Flux.1/test/0_real/entire__flux__real__000000345071.jpg
398,Flux.1,6367,Flux.1/Flux.1/test/0_real/entire__flux__real__000000180261.jpg
399,Flux.1,6368,Flux.1/Flux.1/test/1_fake/entire__flux__fake__000000315743.jpg
399,Flux.1,6369,Flux.1/Flux.1/test/0_real/entire__flux__real__000000109750.jpg
399,Flux.1,6370,Flux.1/Flux.1/test/0_real/entire__flux__real__000000453926.jpg
399,Flux.1,6371,Flux.1/Flux.1/test/1_fake/entire__flux__fake__000000195288.jpg
399,Flux.1,6372,Flux.1/Flux.1/test/0_real/entire__flux__real__000000313313.jpg
399,Flux.1,6373,Flux.1/Flux.1/test/1_fake/entire__flux__fake__000000470915.jpg
399,Flux.1,6374,Flux.1/Flux.1/test/1_fake/entire__flux__fake__000000557780.jpg
399,Flux.1,6375,Flux.1/Flux.1/test/0_real/entire__flux__real__000000185545.jpg
399,Flux.1,6376,Flux.1/Flux.1/test/1_fake/entire__flux__fake__000000441212.jpg
399,Flux.1,6377,Flux.1/Flux.1/test/1_fake/entire__flux__fake__000000396779.jpg
399,Flux.1,6378,Flux.1/Flux.1/test/1_fake/entire__flux__fake__000000161974.jpg
399,Flux.1,6379,Flux.1/Flux.1/test/1_fake/entire__flux__fake__000000286981.jpg
399,Flux.1,6380,Flux.1/Flux.1/test/1_fake/entire__flux__fake__000000338745.jpg
399,Flux.1,6381,Flux.1/Flux.1/test/0_real/entire__flux__real__000000028714.jpg
399,Flux.1,6382,Flux.1/Flux.1/test/1_fake/entire__flux__fake__000000105685.jpg
399,Flux.1,6383,Flux.1/Flux.1/test/0_real/entire__flux__real__000000281125.jpg
400,Flux.1,6384,Flux.1/Flux.1/test/1_fake/entire__flux__fake__000000326320.jpg
400,Flux.1,6385,Flux.1/Flux.1/test/0_real/entire__flux__real__000000008595.jpg
400,Flux.1,6386,Flux.1/Flux.1/test/0_real/entire__flux__real__000000391773.jpg
400,Flux.1,6387,Flux.1/Flux.1/test/0_real/entire__flux__real__000000226287.jpg
400,Flux.1,6388,Flux.1/Flux.1/test/0_real/entire__flux__real__000000500764.jpg
400,Flux.1,6389,Flux.1/Flux.1/test/1_fake/entire__flux__fake__000000002989.jpg
400,Flux.1,6390,Flux.1/Flux.1/test/0_real/entire__flux__real__000000495587.jpg
400,Flux.1,6391,Flux.1/Flux.1/test/1_fake/entire__flux__fake__000000569024.jpg
400,Flux.1,6392,Flux.1/Flux.1/test/0_real/entire__flux__real__000000085646.jpg
400,Flux.1,6393,Flux.1/Flux.1/test/1_fake/entire__flux__fake__000000327479.jpg
400,Flux.1,6394,Flux.1/Flux.1/test/1_fake/entire__flux__fake__000000057526.jpg
400,Flux.1,6395,Flux.1/Flux.1/test/0_real/entire__flux__real__000000350313.jpg
400,Flux.1,6396,Flux.1/Flux.1/test/1_fake/entire__flux__fake__000000461557.jpg
400,Flux.1,6397,Flux.1/Flux.1/test/0_real/entire__flux__real__000000489475.jpg
400,Flux.1,6398,Flux.1/Flux.1/test/1_fake/entire__flux__fake__000000560809.jpg
400,Flux.1,6399,Flux.1/Flux.1/test/1_fake/entire__flux__fake__000000327514.jpg
401,Flux.1,6400,Flux.1/Flux.1/test/0_real/entire__flux__real__000000027539.jpg
401,Flux.1,6401,Flux.1/Flux.1/test/1_fake/entire__flux__fake__000000378137.jpg
401,Flux.1,6402,Flux.1/Flux.1/test/0_real/entire__flux__real__000000064341.jpg
401,Flux.1,6403,Flux.1/Flux.1/test/1_fake/entire__flux__fake__000000262148.jpg
401,Flux.1,6404,Flux.1/Flux.1/test/1_fake/entire__flux__fake__000000355368.jpg
401,Flux.1,6405,Flux.1/Flux.1/test/0_real/entire__flux__real__000000523576.jpg
401,Flux.1,6406,Flux.1/Flux.1/test/0_real/entire__flux__real__000000092998.jpg
401,Flux.1,6407,Flux.1/Flux.1/test/1_fake/entire__flux__fake__000000440496.jpg
401,Flux.1,6408,Flux.1/Flux.1/test/1_fake/entire__flux__fake__000000152529.jpg
401,Flux.1,6409,Flux.1/Flux.1/test/0_real/entire__flux__real__000000002890.jpg
401,Flux.1,6410,Flux.1/Flux.1/test/0_real/entire__flux__real__000000208731.jpg
401,Flux.1,6411,Flux.1/Flux.1/test/0_real/entire__flux__real__000000132987.jpg
401,Flux.1,6412,Flux.1/Flux.1/test/1_fake/entire__flux__fake__000000351783.jpg
401,Flux.1,6413,Flux.1/Flux.1/test/0_real/entire__flux__real__000000504378.jpg
401,Flux.1,6414,Flux.1/Flux.1/test/0_real/entire__flux__real__000000190806.jpg
401,Flux.1,6415,Flux.1/Flux.1/test/1_fake/entire__flux__fake__000000578597.jpg
402,Flux.1,6416,Flux.1/Flux.1/test/1_fake/entire__flux__fake__000000183693.jpg
402,Flux.1,6417,Flux.1/Flux.1/test/1_fake/entire__flux__fake__000000548706.jpg
402,Flux.1,6418,Flux.1/Flux.1/test/1_fake/entire__flux__fake__000000377853.jpg
402,Flux.1,6419,Flux.1/Flux.1/test/1_fake/entire__flux__fake__000000403332.jpg
402,Flux.1,6420,Flux.1/Flux.1/test/1_fake/entire__flux__fake__000000181759.jpg
402,Flux.1,6421,Flux.1/Flux.1/test/0_real/entire__flux__real__000000124532.jpg
402,Flux.1,6422,Flux.1/Flux.1/test/0_real/entire__flux__real__000000164010.jpg
402,Flux.1,6423,Flux.1/Flux.1/test/1_fake/entire__flux__fake__000000508870.jpg
402,Flux.1,6424,Flux.1/Flux.1/test/0_real/entire__flux__real__000000105115.jpg
402,Flux.1,6425,Flux.1/Flux.1/test/0_real/entire__flux__real__000000166465.jpg
402,Flux.1,6426,Flux.1/Flux.1/test/0_real/entire__flux__real__000000310915.jpg
402,Flux.1,6427,Flux.1/Flux.1/test/0_real/entire__flux__real__000000375960.jpg
402,Flux.1,6428,Flux.1/Flux.1/test/1_fake/entire__flux__fake__000000417700.jpg
402,Flux.1,6429,Flux.1/Flux.1/test/0_real/entire__flux__real__000000348528.jpg
402,Flux.1,6430,Flux.1/Flux.1/test/1_fake/entire__flux__fake__000000308119.jpg
402,Flux.1,6431,Flux.1/Flux.1/test/0_real/entire__flux__real__000000281763.jpg
403,Flux.1,6432,Flux.1/Flux.1/test/1_fake/entire__flux__fake__000000040583.jpg
403,Flux.1,6433,Flux.1/Flux.1/test/1_fake/entire__flux__fake__000000438744.jpg
403,Flux.1,6434,Flux.1/Flux.1/test/0_real/entire__flux__real__000000044232.jpg
403,Flux.1,6435,Flux.1/Flux.1/test/1_fake/entire__flux__fake__000000561100.jpg
403,Flux.1,6436,Flux.1/Flux.1/test/1_fake/entire__flux__fake__000000576001.jpg
403,Flux.1,6437,Flux.1/Flux.1/test/0_real/entire__flux__real__000000492171.jpg
403,Flux.1,6438,Flux.1/Flux.1/test/0_real/entire__flux__real__000000329014.jpg
403,Flux.1,6439,Flux.1/Flux.1/test/1_fake/entire__flux__fake__000000095211.jpg
403,Flux.1,6440,Flux.1/Flux.1/test/1_fake/entire__flux__fake__000000216110.jpg
403,Flux.1,6441,Flux.1/Flux.1/test/0_real/entire__flux__real__000000302928.jpg
403,Flux.1,6442,Flux.1/Flux.1/test/1_fake/entire__flux__fake__000000234083.jpg
403,Flux.1,6443,Flux.1/Flux.1/test/0_real/entire__flux__real__000000221771.jpg
403,Flux.1,6444,Flux.1/Flux.1/test/0_real/entire__flux__real__000000244078.jpg
403,Flux.1,6445,Flux.1/Flux.1/test/1_fake/entire__flux__fake__000000255622.jpg
403,Flux.1,6446,Flux.1/Flux.1/test/1_fake/entire__flux__fake__000000091885.jpg
403,Flux.1,6447,Flux.1/Flux.1/test/0_real/entire__flux__real__000000211983.jpg
404,Flux.1,6448,Flux.1/Flux.1/test/0_real/entire__flux__real__000000257044.jpg
404,Flux.1,6449,Flux.1/Flux.1/test/0_real/entire__flux__real__000000301047.jpg
404,Flux.1,6450,Flux.1/Flux.1/test/0_real/entire__flux__real__000000048731.jpg
404,Flux.1,6451,Flux.1/Flux.1/test/0_real/entire__flux__real__000000265066.jpg
404,Flux.1,6452,Flux.1/Flux.1/test/0_real/entire__flux__real__000000530342.jpg
404,Flux.1,6453,Flux.1/Flux.1/test/0_real/entire__flux__real__000000113521.jpg
404,Flux.1,6454,Flux.1/Flux.1/test/1_fake/entire__flux__fake__000000376224.jpg
404,Flux.1,6455,Flux.1/Flux.1/test/0_real/entire__flux__real__000000055373.jpg
404,Flux.1,6456,Flux.1/Flux.1/test/1_fake/entire__flux__fake__000000401528.jpg
404,Flux.1,6457,Flux.1/Flux.1/test/1_fake/entire__flux__fake__000000329375.jpg
404,Flux.1,6458,Flux.1/Flux.1/test/0_real/entire__flux__real__000000244421.jpg
404,Flux.1,6459,Flux.1/Flux.1/test/1_fake/entire__flux__fake__000000433568.jpg
404,Flux.1,6460,Flux.1/Flux.1/test/0_real/entire__flux__real__000000314929.jpg
404,Flux.1,6461,Flux.1/Flux.1/test/0_real/entire__flux__real__000000274156.jpg
404,Flux.1,6462,Flux.1/Flux.1/test/1_fake/entire__flux__fake__000000236182.jpg
404,Flux.1,6463,Flux.1/Flux.1/test/1_fake/entire__flux__fake__000000482959.jpg
405,Flux.1,6464,Flux.1/Flux.1/test/1_fake/entire__flux__fake__000000057481.jpg
405,Flux.1,6465,Flux.1/Flux.1/test/0_real/entire__flux__real__000000330734.jpg
405,Flux.1,6466,Flux.1/Flux.1/test/0_real/entire__flux__real__000000374017.jpg
405,Flux.1,6467,Flux.1/Flux.1/test/1_fake/entire__flux__fake__000000347663.jpg
405,Flux.1,6468,Flux.1/Flux.1/test/0_real/entire__flux__real__000000319579.jpg
405,Flux.1,6469,Flux.1/Flux.1/test/1_fake/entire__flux__fake__000000071684.jpg
405,Flux.1,6470,Flux.1/Flux.1/test/1_fake/entire__flux__fake__000000056594.jpg
405,Flux.1,6471,Flux.1/Flux.1/test/1_fake/entire__flux__fake__000000024436.jpg
405,Flux.1,6472,Flux.1/Flux.1/test/1_fake/entire__flux__fake__000000270048.jpg
405,Flux.1,6473,Flux.1/Flux.1/test/1_fake/entire__flux__fake__000000461957.jpg
405,Flux.1,6474,Flux.1/Flux.1/test/0_real/entire__flux__real__000000318385.jpg
405,Flux.1,6475,Flux.1/Flux.1/test/1_fake/entire__flux__fake__000000292358.jpg
405,Flux.1,6476,Flux.1/Flux.1/test/0_real/entire__flux__real__000000299111.jpg
405,Flux.1,6477,Flux.1/Flux.1/test/0_real/entire__flux__real__000000434291.jpg
405,Flux.1,6478,Flux.1/Flux.1/test/0_real/entire__flux__real__000000393258.jpg
405,Flux.1,6479,Flux.1/Flux.1/test/0_real/entire__flux__real__000000048727.jpg
406,Flux.1,6480,Flux.1/Flux.1/test/0_real/entire__flux__real__000000290305.jpg
406,Flux.1,6481,Flux.1/Flux.1/test/1_fake/entire__flux__fake__000000458281.jpg
406,Flux.1,6482,Flux.1/Flux.1/test/0_real/entire__flux__real__000000292868.jpg
406,Flux.1,6483,Flux.1/Flux.1/test/1_fake/entire__flux__fake__000000328833.jpg
406,Flux.1,6484,Flux.1/Flux.1/test/1_fake/entire__flux__fake__000000068878.jpg
406,Flux.1,6485,Flux.1/Flux.1/test/0_real/entire__flux__real__000000418685.jpg
406,Flux.1,6486,Flux.1/Flux.1/test/0_real/entire__flux__real__000000064348.jpg
406,Flux.1,6487,Flux.1/Flux.1/test/0_real/entire__flux__real__000000568455.jpg
406,Flux.1,6488,Flux.1/Flux.1/test/0_real/entire__flux__real__000000349472.jpg
406,Flux.1,6489,Flux.1/Flux.1/test/1_fake/entire__flux__fake__000000380279.jpg
406,Flux.1,6490,Flux.1/Flux.1/test/0_real/entire__flux__real__000000258158.jpg
406,Flux.1,6491,Flux.1/Flux.1/test/0_real/entire__flux__real__000000155790.jpg
406,Flux.1,6492,Flux.1/Flux.1/test/0_real/entire__flux__real__000000194108.jpg
406,Flux.1,6493,Flux.1/Flux.1/test/1_fake/entire__flux__fake__000000454199.jpg
406,Flux.1,6494,Flux.1/Flux.1/test/0_real/entire__flux__real__000000469330.jpg
406,Flux.1,6495,Flux.1/Flux.1/test/0_real/entire__flux__real__000000452702.jpg
407,Flux.1,6496,Flux.1/Flux.1/test/0_real/entire__flux__real__000000149030.jpg
407,Flux.1,6497,Flux.1/Flux.1/test/0_real/entire__flux__real__000000387669.jpg
407,Flux.1,6498,Flux.1/Flux.1/test/0_real/entire__flux__real__000000022215.jpg
407,Flux.1,6499,Flux.1/Flux.1/test/0_real/entire__flux__real__000000016716.jpg
407,Flux.1,6500,Flux.1/Flux.1/test/0_real/entire__flux__real__000000068713.jpg
407,Flux.1,6501,Flux.1/Flux.1/test/0_real/entire__flux__real__000000283045.jpg
407,Flux.1,6502,Flux.1/Flux.1/test/1_fake/entire__flux__fake__000000495546.jpg
407,Flux.1,6503,Flux.1/Flux.1/test/0_real/entire__flux__real__000000343598.jpg
407,Flux.1,6504,Flux.1/Flux.1/test/1_fake/entire__flux__fake__000000231022.jpg
407,Flux.1,6505,Flux.1/Flux.1/test/0_real/entire__flux__real__000000016838.jpg
407,Flux.1,6506,Flux.1/Flux.1/test/1_fake/entire__flux__fake__000000058267.jpg
407,Flux.1,6507,Flux.1/Flux.1/test/0_real/entire__flux__real__000000172004.jpg
407,Flux.1,6508,Flux.1/Flux.1/test/1_fake/entire__flux__fake__000000504502.jpg
407,Flux.1,6509,Flux.1/Flux.1/test/0_real/entire__flux__real__000000386853.jpg
407,Flux.1,6510,Flux.1/Flux.1/test/0_real/entire__flux__real__000000033695.jpg
407,Flux.1,6511,Flux.1/Flux.1/test/1_fake/entire__flux__fake__000000131207.jpg
408,Flux.1,6512,Flux.1/Flux.1/test/1_fake/entire__flux__fake__000000295020.jpg
408,Flux.1,6513,Flux.1/Flux.1/test/0_real/entire__flux__real__000000119706.jpg
408,Flux.1,6514,Flux.1/Flux.1/test/1_fake/entire__flux__fake__000000080140.jpg
408,Flux.1,6515,Flux.1/Flux.1/test/1_fake/entire__flux__fake__000000323178.jpg
408,Flux.1,6516,Flux.1/Flux.1/test/1_fake/entire__flux__fake__000000320550.jpg
408,Flux.1,6517,Flux.1/Flux.1/test/0_real/entire__flux__real__000000315018.jpg
408,Flux.1,6518,Flux.1/Flux.1/test/0_real/entire__flux__real__000000061502.jpg
408,Flux.1,6519,Flux.1/Flux.1/test/0_real/entire__flux__real__000000140432.jpg
408,Flux.1,6520,Flux.1/Flux.1/test/1_fake/entire__flux__fake__000000334616.jpg
408,Flux.1,6521,Flux.1/Flux.1/test/0_real/entire__flux__real__000000251835.jpg
408,Flux.1,6522,Flux.1/Flux.1/test/1_fake/entire__flux__fake__000000477688.jpg
408,Flux.1,6523,Flux.1/Flux.1/test/1_fake/entire__flux__fake__000000504425.jpg
408,Flux.1,6524,Flux.1/Flux.1/test/1_fake/entire__flux__fake__000000022536.jpg
408,Flux.1,6525,Flux.1/Flux.1/test/0_real/entire__flux__real__000000110159.jpg
408,Flux.1,6526,Flux.1/Flux.1/test/1_fake/entire__flux__fake__000000126018.jpg
408,Flux.1,6527,Flux.1/Flux.1/test/0_real/entire__flux__real__000000453586.jpg
409,Flux.1,6528,Flux.1/Flux.1/test/1_fake/entire__flux__fake__000000091697.jpg
409,Flux.1,6529,Flux.1/Flux.1/test/0_real/entire__flux__real__000000279129.jpg
409,Flux.1,6530,Flux.1/Flux.1/test/1_fake/entire__flux__fake__000000015203.jpg
409,Flux.1,6531,Flux.1/Flux.1/test/0_real/entire__flux__real__000000119787.jpg
409,Flux.1,6532,Flux.1/Flux.1/test/0_real/entire__flux__real__000000308026.jpg
409,Flux.1,6533,Flux.1/Flux.1/test/1_fake/entire__flux__fake__000000249556.jpg
409,Flux.1,6534,Flux.1/Flux.1/test/0_real/entire__flux__real__000000311953.jpg
409,Flux.1,6535,Flux.1/Flux.1/test/0_real/entire__flux__real__000000419473.jpg
409,Flux.1,6536,Flux.1/Flux.1/test/1_fake/entire__flux__fake__000000163965.jpg
409,Flux.1,6537,Flux.1/Flux.1/test/0_real/entire__flux__real__000000465786.jpg
409,Flux.1,6538,Flux.1/Flux.1/test/0_real/entire__flux__real__000000542910.jpg
409,Flux.1,6539,Flux.1/Flux.1/test/1_fake/entire__flux__fake__000000337607.jpg
409,Flux.1,6540,Flux.1/Flux.1/test/0_real/entire__flux__real__000000213436.jpg
409,Flux.1,6541,Flux.1/Flux.1/test/0_real/entire__flux__real__000000164999.jpg
409,Flux.1,6542,Flux.1/Flux.1/test/0_real/entire__flux__real__000000391297.jpg
409,Flux.1,6543,Flux.1/Flux.1/test/0_real/entire__flux__real__000000573314.jpg
410,Flux.1,6544,Flux.1/Flux.1/test/1_fake/entire__flux__fake__000000128008.jpg
410,Flux.1,6545,Flux.1/Flux.1/test/0_real/entire__flux__real__000000566364.jpg
410,Flux.1,6546,Flux.1/Flux.1/test/0_real/entire__flux__real__000000216963.jpg
410,Flux.1,6547,Flux.1/Flux.1/test/0_real/entire__flux__real__000000331518.jpg
410,Flux.1,6548,Flux.1/Flux.1/test/0_real/entire__flux__real__000000563457.jpg
410,Flux.1,6549,Flux.1/Flux.1/test/1_fake/entire__flux__fake__000000400571.jpg
410,Flux.1,6550,Flux.1/Flux.1/test/0_real/entire__flux__real__000000170139.jpg
410,Flux.1,6551,Flux.1/Flux.1/test/0_real/entire__flux__real__000000311553.jpg
410,Flux.1,6552,Flux.1/Flux.1/test/1_fake/entire__flux__fake__000000322220.jpg
410,Flux.1,6553,Flux.1/Flux.1/test/1_fake/entire__flux__fake__000000141849.jpg
410,Flux.1,6554,Flux.1/Flux.1/test/1_fake/entire__flux__fake__000000204757.jpg
410,Flux.1,6555,Flux.1/Flux.1/test/1_fake/entire__flux__fake__000000279986.jpg
410,Flux.1,6556,Flux.1/Flux.1/test/1_fake/entire__flux__fake__000000239726.jpg
410,Flux.1,6557,Flux.1/Flux.1/test/0_real/entire__flux__real__000000245356.jpg
410,Flux.1,6558,Flux.1/Flux.1/test/0_real/entire__flux__real__000000248911.jpg
410,Flux.1,6559,Flux.1/Flux.1/test/0_real/entire__flux__real__000000285679.jpg
411,Flux.1,6560,Flux.1/Flux.1/test/1_fake/entire__flux__fake__000000301890.jpg
411,Flux.1,6561,Flux.1/Flux.1/test/0_real/entire__flux__real__000000106739.jpg
411,Flux.1,6562,Flux.1/Flux.1/test/0_real/entire__flux__real__000000321390.jpg
411,Flux.1,6563,Flux.1/Flux.1/test/1_fake/entire__flux__fake__000000403520.jpg
411,Flux.1,6564,Flux.1/Flux.1/test/1_fake/entire__flux__fake__000000077841.jpg
411,Flux.1,6565,Flux.1/Flux.1/test/1_fake/entire__flux__fake__000000294747.jpg
411,Flux.1,6566,Flux.1/Flux.1/test/0_real/entire__flux__real__000000146560.jpg
411,Flux.1,6567,Flux.1/Flux.1/test/0_real/entire__flux__real__000000109986.jpg
411,Flux.1,6568,Flux.1/Flux.1/test/1_fake/entire__flux__fake__000000546562.jpg
411,Flux.1,6569,Flux.1/Flux.1/test/1_fake/entire__flux__fake__000000550972.jpg
411,Flux.1,6570,Flux.1/Flux.1/test/0_real/entire__flux__real__000000002697.jpg
411,Flux.1,6571,Flux.1/Flux.1/test/0_real/entire__flux__real__000000227184.jpg
411,Flux.1,6572,Flux.1/Flux.1/test/0_real/entire__flux__real__000000139836.jpg
411,Flux.1,6573,Flux.1/Flux.1/test/1_fake/entire__flux__fake__000000225253.jpg
411,Flux.1,6574,Flux.1/Flux.1/test/0_real/entire__flux__real__000000139729.jpg
411,Flux.1,6575,Flux.1/Flux.1/test/0_real/entire__flux__real__000000358088.jpg
412,Flux.1,6576,Flux.1/Flux.1/test/0_real/entire__flux__real__000000316041.jpg
412,Flux.1,6577,Flux.1/Flux.1/test/1_fake/entire__flux__fake__000000147758.jpg
412,Flux.1,6578,Flux.1/Flux.1/test/1_fake/entire__flux__fake__000000544686.jpg
412,Flux.1,6579,Flux.1/Flux.1/test/1_fake/entire__flux__fake__000000487475.jpg
412,Flux.1,6580,Flux.1/Flux.1/test/1_fake/entire__flux__fake__000000574983.jpg
412,Flux.1,6581,Flux.1/Flux.1/test/1_fake/entire__flux__fake__000000466514.jpg
412,Flux.1,6582,Flux.1/Flux.1/test/0_real/entire__flux__real__000000263516.jpg
412,Flux.1,6583,Flux.1/Flux.1/test/1_fake/entire__flux__fake__000000386436.jpg
412,Flux.1,6584,Flux.1/Flux.1/test/1_fake/entire__flux__fake__000000355197.jpg
412,Flux.1,6585,Flux.1/Flux.1/test/0_real/entire__flux__real__000000283557.jpg
412,Flux.1,6586,Flux.1/Flux.1/test/0_real/entire__flux__real__000000329433.jpg
412,Flux.1,6587,Flux.1/Flux.1/test/1_fake/entire__flux__fake__000000388761.jpg
412,Flux.1,6588,Flux.1/Flux.1/test/0_real/entire__flux__real__000000463464.jpg
412,Flux.1,6589,Flux.1/Flux.1/test/0_real/entire__flux__real__000000038791.jpg
412,Flux.1,6590,Flux.1/Flux.1/test/0_real/entire__flux__real__000000140588.jpg
412,Flux.1,6591,Flux.1/Flux.1/test/1_fake/entire__flux__fake__000000439143.jpg
413,Flux.1,6592,Flux.1/Flux.1/test/1_fake/entire__flux__fake__000000356645.jpg
413,Flux.1,6593,Flux.1/Flux.1/test/1_fake/entire__flux__fake__000000404750.jpg
413,Flux.1,6594,Flux.1/Flux.1/test/1_fake/entire__flux__fake__000000186099.jpg
413,Flux.1,6595,Flux.1/Flux.1/test/1_fake/entire__flux__fake__000000525869.jpg
413,Flux.1,6596,Flux.1/Flux.1/test/0_real/entire__flux__real__000000385896.jpg
413,Flux.1,6597,Flux.1/Flux.1/test/1_fake/entire__flux__fake__000000214725.jpg
413,Flux.1,6598,Flux.1/Flux.1/test/0_real/entire__flux__real__000000233311.jpg
413,Flux.1,6599,Flux.1/Flux.1/test/1_fake/entire__flux__fake__000000016838.jpg
413,Flux.1,6600,Flux.1/Flux.1/test/1_fake/entire__flux__fake__000000071558.jpg
413,Flux.1,6601,Flux.1/Flux.1/test/0_real/entire__flux__real__000000050245.jpg
413,Flux.1,6602,Flux.1/Flux.1/test/0_real/entire__flux__real__000000297984.jpg
413,Flux.1,6603,Flux.1/Flux.1/test/0_real/entire__flux__real__000000492683.jpg
413,Flux.1,6604,Flux.1/Flux.1/test/0_real/entire__flux__real__000000453357.jpg
413,Flux.1,6605,Flux.1/Flux.1/test/0_real/entire__flux__real__000000207496.jpg
413,Flux.1,6606,Flux.1/Flux.1/test/1_fake/entire__flux__fake__000000401336.jpg
413,Flux.1,6607,Flux.1/Flux.1/test/1_fake/entire__flux__fake__000000496959.jpg
414,Flux.1,6608,Flux.1/Flux.1/test/0_real/entire__flux__real__000000527345.jpg
414,Flux.1,6609,Flux.1/Flux.1/test/1_fake/entire__flux__fake__000000364169.jpg
414,Flux.1,6610,Flux.1/Flux.1/test/0_real/entire__flux__real__000000488980.jpg
414,Flux.1,6611,Flux.1/Flux.1/test/0_real/entire__flux__real__000000512123.jpg
414,Flux.1,6612,Flux.1/Flux.1/test/1_fake/entire__flux__fake__000000379518.jpg
414,Flux.1,6613,Flux.1/Flux.1/test/1_fake/entire__flux__fake__000000581283.jpg
414,Flux.1,6614,Flux.1/Flux.1/test/1_fake/entire__flux__fake__000000179322.jpg
414,Flux.1,6615,Flux.1/Flux.1/test/0_real/entire__flux__real__000000439720.jpg
414,Flux.1,6616,Flux.1/Flux.1/test/0_real/entire__flux__real__000000276871.jpg
414,Flux.1,6617,Flux.1/Flux.1/test/1_fake/entire__flux__fake__000000557227.jpg
414,Flux.1,6618,Flux.1/Flux.1/test/0_real/entire__flux__real__000000019491.jpg
414,Flux.1,6619,Flux.1/Flux.1/test/1_fake/entire__flux__fake__000000046118.jpg
414,Flux.1,6620,Flux.1/Flux.1/test/0_real/entire__flux__real__000000548538.jpg
414,Flux.1,6621,Flux.1/Flux.1/test/1_fake/entire__flux__fake__000000059141.jpg
414,Flux.1,6622,Flux.1/Flux.1/test/0_real/entire__flux__real__000000529541.jpg
414,Flux.1,6623,Flux.1/Flux.1/test/1_fake/entire__flux__fake__000000334405.jpg
415,Flux.1,6624,Flux.1/Flux.1/test/1_fake/entire__flux__fake__000000135113.jpg
415,Flux.1,6625,Flux.1/Flux.1/test/1_fake/entire__flux__fake__000000237110.jpg
415,Flux.1,6626,Flux.1/Flux.1/test/0_real/entire__flux__real__000000467257.jpg
415,Flux.1,6627,Flux.1/Flux.1/test/0_real/entire__flux__real__000000323720.jpg
415,Flux.1,6628,Flux.1/Flux.1/test/0_real/entire__flux__real__000000100661.jpg
415,Flux.1,6629,Flux.1/Flux.1/test/0_real/entire__flux__real__000000114061.jpg
415,Flux.1,6630,Flux.1/Flux.1/test/1_fake/entire__flux__fake__000000061527.jpg
415,Flux.1,6631,Flux.1/Flux.1/test/0_real/entire__flux__real__000000396780.jpg
415,Flux.1,6632,Flux.1/Flux.1/test/0_real/entire__flux__real__000000164780.jpg
415,Flux.1,6633,Flux.1/Flux.1/test/1_fake/entire__flux__fake__000000321328.jpg
415,Flux.1,6634,Flux.1/Flux.1/test/0_real/entire__flux__real__000000460129.jpg
415,Flux.1,6635,Flux.1/Flux.1/test/1_fake/entire__flux__fake__000000482328.jpg
415,Flux.1,6636,Flux.1/Flux.1/test/0_real/entire__flux__real__000000274360.jpg
415,Flux.1,6637,Flux.1/Flux.1/test/0_real/entire__flux__real__000000067446.jpg
415,Flux.1,6638,Flux.1/Flux.1/test/1_fake/entire__flux__fake__000000033068.jpg
415,Flux.1,6639,Flux.1/Flux.1/test/1_fake/entire__flux__fake__000000234956.jpg
416,Flux.1,6640,Flux.1/Flux.1/test/1_fake/entire__flux__fake__000000322987.jpg
416,Flux.1,6641,Flux.1/Flux.1/test/0_real/entire__flux__real__000000368055.jpg
416,Flux.1,6642,Flux.1/Flux.1/test/1_fake/entire__flux__fake__000000512449.jpg
416,Flux.1,6643,Flux.1/Flux.1/test/0_real/entire__flux__real__000000003325.jpg
416,Flux.1,6644,Flux.1/Flux.1/test/0_real/entire__flux__real__000000183412.jpg
416,Flux.1,6645,Flux.1/Flux.1/test/0_real/entire__flux__real__000000437745.jpg
416,Flux.1,6646,Flux.1/Flux.1/test/0_real/entire__flux__real__000000267329.jpg
416,Flux.1,6647,Flux.1/Flux.1/test/1_fake/entire__flux__fake__000000075600.jpg
416,Flux.1,6648,Flux.1/Flux.1/test/1_fake/entire__flux__fake__000000533706.jpg
416,Flux.1,6649,Flux.1/Flux.1/test/0_real/entire__flux__real__000000529804.jpg
416,Flux.1,6650,Flux.1/Flux.1/test/0_real/entire__flux__real__000000150442.jpg
416,Flux.1,6651,Flux.1/Flux.1/test/0_real/entire__flux__real__000000397925.jpg
416,Flux.1,6652,Flux.1/Flux.1/test/0_real/entire__flux__real__000000404642.jpg
416,Flux.1,6653,Flux.1/Flux.1/test/1_fake/entire__flux__fake__000000030247.jpg
416,Flux.1,6654,Flux.1/Flux.1/test/1_fake/entire__flux__fake__000000412621.jpg
416,Flux.1,6655,Flux.1/Flux.1/test/0_real/entire__flux__real__000000158088.jpg
417,Flux.1,6656,Flux.1/Flux.1/test/0_real/entire__flux__real__000000552851.jpg
417,Flux.1,6657,Flux.1/Flux.1/test/0_real/entire__flux__real__000000307474.jpg
417,Flux.1,6658,Flux.1/Flux.1/test/1_fake/entire__flux__fake__000000246723.jpg
417,Flux.1,6659,Flux.1/Flux.1/test/1_fake/entire__flux__fake__000000178229.jpg
417,Flux.1,6660,Flux.1/Flux.1/test/0_real/entire__flux__real__000000494282.jpg
417,Flux.1,6661,Flux.1/Flux.1/test/0_real/entire__flux__real__000000055237.jpg
417,Flux.1,6662,Flux.1/Flux.1/test/0_real/entire__flux__real__000000521402.jpg
417,Flux.1,6663,Flux.1/Flux.1/test/0_real/entire__flux__real__000000001586.jpg
417,Flux.1,6664,Flux.1/Flux.1/test/1_fake/entire__flux__fake__000000455698.jpg
417,Flux.1,6665,Flux.1/Flux.1/test/0_real/entire__flux__real__000000459121.jpg
417,Flux.1,6666,Flux.1/Flux.1/test/1_fake/entire__flux__fake__000000419442.jpg
417,Flux.1,6667,Flux.1/Flux.1/test/0_real/entire__flux__real__000000523373.jpg
417,Flux.1,6668,Flux.1/Flux.1/test/0_real/entire__flux__real__000000066755.jpg
417,Flux.1,6669,Flux.1/Flux.1/test/1_fake/entire__flux__fake__000000165855.jpg
417,Flux.1,6670,Flux.1/Flux.1/test/1_fake/entire__flux__fake__000000191686.jpg
417,Flux.1,6671,Flux.1/Flux.1/test/0_real/entire__flux__real__000000566395.jpg
418,Flux.1,6672,Flux.1/Flux.1/test/1_fake/entire__flux__fake__000000149909.jpg
418,Flux.1,6673,Flux.1/Flux.1/test/1_fake/entire__flux__fake__000000553552.jpg
418,Flux.1,6674,Flux.1/Flux.1/test/0_real/entire__flux__real__000000282772.jpg
418,Flux.1,6675,Flux.1/Flux.1/test/0_real/entire__flux__real__000000568203.jpg
418,Flux.1,6676,Flux.1/Flux.1/test/1_fake/entire__flux__fake__000000560143.jpg
418,Flux.1,6677,Flux.1/Flux.1/test/1_fake/entire__flux__fake__000000335255.jpg
418,Flux.1,6678,Flux.1/Flux.1/test/1_fake/entire__flux__fake__000000002570.jpg
418,Flux.1,6679,Flux.1/Flux.1/test/1_fake/entire__flux__fake__000000027662.jpg
418,Flux.1,6680,Flux.1/Flux.1/test/1_fake/entire__flux__fake__000000380274.jpg
418,Flux.1,6681,Flux.1/Flux.1/test/1_fake/entire__flux__fake__000000244157.jpg
418,Flux.1,6682,Flux.1/Flux.1/test/0_real/entire__flux__real__000000570423.jpg
418,Flux.1,6683,Flux.1/Flux.1/test/0_real/entire__flux__real__000000330241.jpg
418,Flux.1,6684,Flux.1/Flux.1/test/0_real/entire__flux__real__000000156527.jpg
418,Flux.1,6685,Flux.1/Flux.1/test/1_fake/entire__flux__fake__000000403231.jpg
418,Flux.1,6686,Flux.1/Flux.1/test/1_fake/entire__flux__fake__000000578951.jpg
418,Flux.1,6687,Flux.1/Flux.1/test/1_fake/entire__flux__fake__000000115356.jpg
419,Flux.1,6688,Flux.1/Flux.1/test/0_real/entire__flux__real__000000454731.jpg
419,Flux.1,6689,Flux.1/Flux.1/test/1_fake/entire__flux__fake__000000471884.jpg
419,Flux.1,6690,Flux.1/Flux.1/test/1_fake/entire__flux__fake__000000165265.jpg
419,Flux.1,6691,Flux.1/Flux.1/test/1_fake/entire__flux__fake__000000007274.jpg
419,Flux.1,6692,Flux.1/Flux.1/test/1_fake/entire__flux__fake__000000455632.jpg
419,Flux.1,6693,Flux.1/Flux.1/test/0_real/entire__flux__real__000000503534.jpg
419,Flux.1,6694,Flux.1/Flux.1/test/1_fake/entire__flux__fake__000000260036.jpg
419,Flux.1,6695,Flux.1/Flux.1/test/0_real/entire__flux__real__000000085491.jpg
419,Flux.1,6696,Flux.1/Flux.1/test/1_fake/entire__flux__fake__000000025833.jpg
419,Flux.1,6697,Flux.1/Flux.1/test/1_fake/entire__flux__fake__000000451825.jpg
419,Flux.1,6698,Flux.1/Flux.1/test/0_real/entire__flux__real__000000456248.jpg
419,Flux.1,6699,Flux.1/Flux.1/test/1_fake/entire__flux__fake__000000308688.jpg
419,Flux.1,6700,Flux.1/Flux.1/test/0_real/entire__flux__real__000000352802.jpg
419,Flux.1,6701,Flux.1/Flux.1/test/1_fake/entire__flux__fake__000000253121.jpg
419,Flux.1,6702,Flux.1/Flux.1/test/1_fake/entire__flux__fake__000000150211.jpg
419,Flux.1,6703,Flux.1/Flux.1/test/0_real/entire__flux__real__000000190723.jpg
420,Flux.1,6704,Flux.1/Flux.1/test/1_fake/entire__flux__fake__000000102996.jpg
420,Flux.1,6705,Flux.1/Flux.1/test/0_real/entire__flux__real__000000474069.jpg
420,Flux.1,6706,Flux.1/Flux.1/test/0_real/entire__flux__real__000000021136.jpg
420,Flux.1,6707,Flux.1/Flux.1/test/0_real/entire__flux__real__000000314095.jpg
420,Flux.1,6708,Flux.1/Flux.1/test/1_fake/entire__flux__fake__000000143164.jpg
420,Flux.1,6709,Flux.1/Flux.1/test/0_real/entire__flux__real__000000188693.jpg
420,Flux.1,6710,Flux.1/Flux.1/test/0_real/entire__flux__real__000000320386.jpg
420,Flux.1,6711,Flux.1/Flux.1/test/1_fake/entire__flux__fake__000000107990.jpg
420,Flux.1,6712,Flux.1/Flux.1/test/1_fake/entire__flux__fake__000000471945.jpg
420,Flux.1,6713,Flux.1/Flux.1/test/0_real/entire__flux__real__000000573954.jpg
420,Flux.1,6714,Flux.1/Flux.1/test/0_real/entire__flux__real__000000445200.jpg
420,Flux.1,6715,Flux.1/Flux.1/test/0_real/entire__flux__real__000000084585.jpg
420,Flux.1,6716,Flux.1/Flux.1/test/0_real/entire__flux__real__000000253492.jpg
420,Flux.1,6717,Flux.1/Flux.1/test/0_real/entire__flux__real__000000530201.jpg
420,Flux.1,6718,Flux.1/Flux.1/test/0_real/entire__flux__real__000000005915.jpg
420,Flux.1,6719,Flux.1/Flux.1/test/0_real/entire__flux__real__000000143927.jpg
421,Flux.1,6720,Flux.1/Flux.1/test/1_fake/entire__flux__fake__000000205222.jpg
421,Flux.1,6721,Flux.1/Flux.1/test/1_fake/entire__flux__fake__000000097743.jpg
421,Flux.1,6722,Flux.1/Flux.1/test/1_fake/entire__flux__fake__000000250680.jpg
421,Flux.1,6723,Flux.1/Flux.1/test/0_real/entire__flux__real__000000161751.jpg
421,Flux.1,6724,Flux.1/Flux.1/test/1_fake/entire__flux__fake__000000180232.jpg
421,Flux.1,6725,Flux.1/Flux.1/test/0_real/entire__flux__real__000000442431.jpg
421,Flux.1,6726,Flux.1/Flux.1/test/1_fake/entire__flux__fake__000000478057.jpg
421,Flux.1,6727,Flux.1/Flux.1/test/1_fake/entire__flux__fake__000000019667.jpg
421,Flux.1,6728,Flux.1/Flux.1/test/1_fake/entire__flux__fake__000000297929.jpg
421,Flux.1,6729,Flux.1/Flux.1/test/0_real/entire__flux__real__000000099817.jpg
421,Flux.1,6730,Flux.1/Flux.1/test/1_fake/entire__flux__fake__000000488346.jpg
421,Flux.1,6731,Flux.1/Flux.1/test/1_fake/entire__flux__fake__000000558294.jpg
421,Flux.1,6732,Flux.1/Flux.1/test/0_real/entire__flux__real__000000187432.jpg
421,Flux.1,6733,Flux.1/Flux.1/test/1_fake/entire__flux__fake__000000113991.jpg
421,Flux.1,6734,Flux.1/Flux.1/test/0_real/entire__flux__real__000000328785.jpg
421,Flux.1,6735,Flux.1/Flux.1/test/1_fake/entire__flux__fake__000000548942.jpg
422,Flux.1,6736,Flux.1/Flux.1/test/0_real/entire__flux__real__000000012182.jpg
422,Flux.1,6737,Flux.1/Flux.1/test/0_real/entire__flux__real__000000557065.jpg
422,Flux.1,6738,Flux.1/Flux.1/test/1_fake/entire__flux__fake__000000130222.jpg
422,Flux.1,6739,Flux.1/Flux.1/test/1_fake/entire__flux__fake__000000517032.jpg
422,Flux.1,6740,Flux.1/Flux.1/test/0_real/entire__flux__real__000000218121.jpg
422,Flux.1,6741,Flux.1/Flux.1/test/1_fake/entire__flux__fake__000000135900.jpg
422,Flux.1,6742,Flux.1/Flux.1/test/0_real/entire__flux__real__000000414045.jpg
422,Flux.1,6743,Flux.1/Flux.1/test/1_fake/entire__flux__fake__000000378096.jpg
422,Flux.1,6744,Flux.1/Flux.1/test/1_fake/entire__flux__fake__000000563494.jpg
422,Flux.1,6745,Flux.1/Flux.1/test/0_real/entire__flux__real__000000567801.jpg
422,Flux.1,6746,Flux.1/Flux.1/test/1_fake/entire__flux__fake__000000351514.jpg
422,Flux.1,6747,Flux.1/Flux.1/test/0_real/entire__flux__real__000000508577.jpg
422,Flux.1,6748,Flux.1/Flux.1/test/1_fake/entire__flux__fake__000000463670.jpg
422,Flux.1,6749,Flux.1/Flux.1/test/1_fake/entire__flux__fake__000000375382.jpg
422,Flux.1,6750,Flux.1/Flux.1/test/0_real/entire__flux__real__000000092336.jpg
422,Flux.1,6751,Flux.1/Flux.1/test/0_real/entire__flux__real__000000138503.jpg
423,Flux.1,6752,Flux.1/Flux.1/test/1_fake/entire__flux__fake__000000257450.jpg
423,Flux.1,6753,Flux.1/Flux.1/test/1_fake/entire__flux__fake__000000269033.jpg
423,Flux.1,6754,Flux.1/Flux.1/test/0_real/entire__flux__real__000000005728.jpg
423,Flux.1,6755,Flux.1/Flux.1/test/0_real/entire__flux__real__000000229688.jpg
423,Flux.1,6756,Flux.1/Flux.1/test/1_fake/entire__flux__fake__000000411841.jpg
423,Flux.1,6757,Flux.1/Flux.1/test/0_real/entire__flux__real__000000527533.jpg
423,Flux.1,6758,Flux.1/Flux.1/test/1_fake/entire__flux__fake__000000035498.jpg
423,Flux.1,6759,Flux.1/Flux.1/test/0_real/entire__flux__real__000000385749.jpg
423,Flux.1,6760,Flux.1/Flux.1/test/0_real/entire__flux__real__000000209563.jpg
423,Flux.1,6761,Flux.1/Flux.1/test/1_fake/entire__flux__fake__000000142287.jpg
423,Flux.1,6762,Flux.1/Flux.1/test/1_fake/entire__flux__fake__000000136093.jpg
423,Flux.1,6763,Flux.1/Flux.1/test/1_fake/entire__flux__fake__000000506073.jpg
423,Flux.1,6764,Flux.1/Flux.1/test/0_real/entire__flux__real__000000445101.jpg
423,Flux.1,6765,Flux.1/Flux.1/test/1_fake/entire__flux__fake__000000308964.jpg
423,Flux.1,6766,Flux.1/Flux.1/test/0_real/entire__flux__real__000000054806.jpg
423,Flux.1,6767,Flux.1/Flux.1/test/0_real/entire__flux__real__000000351577.jpg
424,Flux.1,6768,Flux.1/Flux.1/test/1_fake/entire__flux__fake__000000462710.jpg
424,Flux.1,6769,Flux.1/Flux.1/test/0_real/entire__flux__real__000000230578.jpg
424,Flux.1,6770,Flux.1/Flux.1/test/1_fake/entire__flux__fake__000000349203.jpg
424,Flux.1,6771,Flux.1/Flux.1/test/0_real/entire__flux__real__000000191651.jpg
424,Flux.1,6772,Flux.1/Flux.1/test/1_fake/entire__flux__fake__000000153340.jpg
424,Flux.1,6773,Flux.1/Flux.1/test/0_real/entire__flux__real__000000337030.jpg
424,Flux.1,6774,Flux.1/Flux.1/test/0_real/entire__flux__real__000000026359.jpg
424,Flux.1,6775,Flux.1/Flux.1/test/1_fake/entire__flux__fake__000000341402.jpg
424,Flux.1,6776,Flux.1/Flux.1/test/1_fake/entire__flux__fake__000000361819.jpg
424,Flux.1,6777,Flux.1/Flux.1/test/0_real/entire__flux__real__000000561028.jpg
424,Flux.1,6778,Flux.1/Flux.1/test/1_fake/entire__flux__fake__000000111348.jpg
424,Flux.1,6779,Flux.1/Flux.1/test/0_real/entire__flux__real__000000300445.jpg
424,Flux.1,6780,Flux.1/Flux.1/test/1_fake/entire__flux__fake__000000279917.jpg
424,Flux.1,6781,Flux.1/Flux.1/test/1_fake/entire__flux__fake__000000116803.jpg
424,Flux.1,6782,Flux.1/Flux.1/test/0_real/entire__flux__real__000000310633.jpg
424,Flux.1,6783,Flux.1/Flux.1/test/0_real/entire__flux__real__000000172376.jpg
425,Flux.1,6784,Flux.1/Flux.1/test/1_fake/entire__flux__fake__000000548136.jpg
425,Flux.1,6785,Flux.1/Flux.1/test/1_fake/entire__flux__fake__000000209563.jpg
425,Flux.1,6786,Flux.1/Flux.1/test/1_fake/entire__flux__fake__000000241905.jpg
425,Flux.1,6787,Flux.1/Flux.1/test/0_real/entire__flux__real__000000569322.jpg
425,Flux.1,6788,Flux.1/Flux.1/test/1_fake/entire__flux__fake__000000186730.jpg
425,Flux.1,6789,Flux.1/Flux.1/test/1_fake/entire__flux__fake__000000580108.jpg
425,Flux.1,6790,Flux.1/Flux.1/test/1_fake/entire__flux__fake__000000337555.jpg
425,Flux.1,6791,Flux.1/Flux.1/test/0_real/entire__flux__real__000000288025.jpg
425,Flux.1,6792,Flux.1/Flux.1/test/1_fake/entire__flux__fake__000000318813.jpg
425,Flux.1,6793,Flux.1/Flux.1/test/0_real/entire__flux__real__000000381968.jpg
425,Flux.1,6794,Flux.1/Flux.1/test/1_fake/entire__flux__fake__000000047137.jpg
425,Flux.1,6795,Flux.1/Flux.1/test/0_real/entire__flux__real__000000579862.jpg
425,Flux.1,6796,Flux.1/Flux.1/test/0_real/entire__flux__real__000000380338.jpg
425,Flux.1,6797,Flux.1/Flux.1/test/1_fake/entire__flux__fake__000000281019.jpg
425,Flux.1,6798,Flux.1/Flux.1/test/0_real/entire__flux__real__000000543041.jpg
425,Flux.1,6799,Flux.1/Flux.1/test/1_fake/entire__flux__fake__000000010534.jpg
426,Flux.1,6800,Flux.1/Flux.1/test/0_real/entire__flux__real__000000406873.jpg
426,Flux.1,6801,Flux.1/Flux.1/test/0_real/entire__flux__real__000000050601.jpg
426,Flux.1,6802,Flux.1/Flux.1/test/1_fake/entire__flux__fake__000000428595.jpg
426,Flux.1,6803,Flux.1/Flux.1/test/0_real/entire__flux__real__000000514528.jpg
426,Flux.1,6804,Flux.1/Flux.1/test/0_real/entire__flux__real__000000092585.jpg
426,Flux.1,6805,Flux.1/Flux.1/test/1_fake/entire__flux__fake__000000045954.jpg
426,Flux.1,6806,Flux.1/Flux.1/test/0_real/entire__flux__real__000000544660.jpg
426,Flux.1,6807,Flux.1/Flux.1/test/1_fake/entire__flux__fake__000000280761.jpg
426,Flux.1,6808,Flux.1/Flux.1/test/0_real/entire__flux__real__000000198558.jpg
426,Flux.1,6809,Flux.1/Flux.1/test/1_fake/entire__flux__fake__000000367085.jpg
426,Flux.1,6810,Flux.1/Flux.1/test/0_real/entire__flux__real__000000011426.jpg
426,Flux.1,6811,Flux.1/Flux.1/test/0_real/entire__flux__real__000000415611.jpg
426,Flux.1,6812,Flux.1/Flux.1/test/1_fake/entire__flux__fake__000000081798.jpg
426,Flux.1,6813,Flux.1/Flux.1/test/0_real/entire__flux__real__000000149598.jpg
426,Flux.1,6814,Flux.1/Flux.1/test/1_fake/entire__flux__fake__000000083754.jpg
426,Flux.1,6815,Flux.1/Flux.1/test/0_real/entire__flux__real__000000011630.jpg
427,Flux.1,6816,Flux.1/Flux.1/test/1_fake/entire__flux__fake__000000337917.jpg
427,Flux.1,6817,Flux.1/Flux.1/test/1_fake/entire__flux__fake__000000244241.jpg
427,Flux.1,6818,Flux.1/Flux.1/test/0_real/entire__flux__real__000000539270.jpg
427,Flux.1,6819,Flux.1/Flux.1/test/0_real/entire__flux__real__000000195269.jpg
427,Flux.1,6820,Flux.1/Flux.1/test/0_real/entire__flux__real__000000098514.jpg
427,Flux.1,6821,Flux.1/Flux.1/test/0_real/entire__flux__real__000000314614.jpg
427,Flux.1,6822,Flux.1/Flux.1/test/1_fake/entire__flux__fake__000000018896.jpg
427,Flux.1,6823,Flux.1/Flux.1/test/0_real/entire__flux__real__000000277722.jpg
427,Flux.1,6824,Flux.1/Flux.1/test/0_real/entire__flux__real__000000305899.jpg
427,Flux.1,6825,Flux.1/Flux.1/test/1_fake/entire__flux__fake__000000203635.jpg
427,Flux.1,6826,Flux.1/Flux.1/test/1_fake/entire__flux__fake__000000216198.jpg
427,Flux.1,6827,Flux.1/Flux.1/test/1_fake/entire__flux__fake__000000287197.jpg
427,Flux.1,6828,Flux.1/Flux.1/test/0_real/entire__flux__real__000000014446.jpg
427,Flux.1,6829,Flux.1/Flux.1/test/1_fake/entire__flux__fake__000000067502.jpg
427,Flux.1,6830,Flux.1/Flux.1/test/1_fake/entire__flux__fake__000000000999.jpg
427,Flux.1,6831,Flux.1/Flux.1/test/1_fake/entire__flux__fake__000000490847.jpg
428,Flux.1,6832,Flux.1/Flux.1/test/0_real/entire__flux__real__000000013528.jpg
428,Flux.1,6833,Flux.1/Flux.1/test/1_fake/entire__flux__fake__000000408177.jpg
428,Flux.1,6834,Flux.1/Flux.1/test/0_real/entire__flux__real__000000493231.jpg
428,Flux.1,6835,Flux.1/Flux.1/test/1_fake/entire__flux__fake__000000189244.jpg
428,Flux.1,6836,Flux.1/Flux.1/test/1_fake/entire__flux__fake__000000255937.jpg
428,Flux.1,6837,Flux.1/Flux.1/test/1_fake/entire__flux__fake__000000050100.jpg
428,Flux.1,6838,Flux.1/Flux.1/test/1_fake/entire__flux__fake__000000207056.jpg
428,Flux.1,6839,Flux.1/Flux.1/test/1_fake/entire__flux__fake__000000141760.jpg
428,Flux.1,6840,Flux.1/Flux.1/test/1_fake/entire__flux__fake__000000333048.jpg
428,Flux.1,6841,Flux.1/Flux.1/test/0_real/entire__flux__real__000000542676.jpg
428,Flux.1,6842,Flux.1/Flux.1/test/0_real/entire__flux__real__000000440559.jpg
428,Flux.1,6843,Flux.1/Flux.1/test/1_fake/entire__flux__fake__000000288379.jpg
428,Flux.1,6844,Flux.1/Flux.1/test/1_fake/entire__flux__fake__000000576743.jpg
428,Flux.1,6845,Flux.1/Flux.1/test/1_fake/entire__flux__fake__000000317873.jpg
428,Flux.1,6846,Flux.1/Flux.1/test/1_fake/entire__flux__fake__000000430867.jpg
428,Flux.1,6847,Flux.1/Flux.1/test/0_real/entire__flux__real__000000118934.jpg
429,Flux.1,6848,Flux.1/Flux.1/test/1_fake/entire__flux__fake__000000118627.jpg
429,Flux.1,6849,Flux.1/Flux.1/test/1_fake/entire__flux__fake__000000238117.jpg
429,Flux.1,6850,Flux.1/Flux.1/test/0_real/entire__flux__real__000000210849.jpg
429,Flux.1,6851,Flux.1/Flux.1/test/0_real/entire__flux__real__000000270079.jpg
429,Flux.1,6852,Flux.1/Flux.1/test/0_real/entire__flux__real__000000428152.jpg
429,Flux.1,6853,Flux.1/Flux.1/test/1_fake/entire__flux__fake__000000579920.jpg
429,Flux.1,6854,Flux.1/Flux.1/test/1_fake/entire__flux__fake__000000359834.jpg
429,Flux.1,6855,Flux.1/Flux.1/test/1_fake/entire__flux__fake__000000086652.jpg
429,Flux.1,6856,Flux.1/Flux.1/test/1_fake/entire__flux__fake__000000163560.jpg
429,Flux.1,6857,Flux.1/Flux.1/test/0_real/entire__flux__real__000000007592.jpg
429,Flux.1,6858,Flux.1/Flux.1/test/1_fake/entire__flux__fake__000000190447.jpg
429,Flux.1,6859,Flux.1/Flux.1/test/1_fake/entire__flux__fake__000000579136.jpg
429,Flux.1,6860,Flux.1/Flux.1/test/1_fake/entire__flux__fake__000000207992.jpg
429,Flux.1,6861,Flux.1/Flux.1/test/1_fake/entire__flux__fake__000000508092.jpg
429,Flux.1,6862,Flux.1/Flux.1/test/0_real/entire__flux__real__000000132652.jpg
429,Flux.1,6863,Flux.1/Flux.1/test/0_real/entire__flux__real__000000431113.jpg
430,Flux.1,6864,Flux.1/Flux.1/test/1_fake/entire__flux__fake__000000172123.jpg
430,Flux.1,6865,Flux.1/Flux.1/test/1_fake/entire__flux__fake__000000569289.jpg
430,Flux.1,6866,Flux.1/Flux.1/test/1_fake/entire__flux__fake__000000206591.jpg
430,Flux.1,6867,Flux.1/Flux.1/test/0_real/entire__flux__real__000000265153.jpg
430,Flux.1,6868,Flux.1/Flux.1/test/0_real/entire__flux__real__000000283947.jpg
430,Flux.1,6869,Flux.1/Flux.1/test/0_real/entire__flux__real__000000401935.jpg
430,Flux.1,6870,Flux.1/Flux.1/test/1_fake/entire__flux__fake__000000208731.jpg
430,Flux.1,6871,Flux.1/Flux.1/test/0_real/entire__flux__real__000000406535.jpg
430,Flux.1,6872,Flux.1/Flux.1/test/0_real/entire__flux__real__000000373254.jpg
430,Flux.1,6873,Flux.1/Flux.1/test/0_real/entire__flux__real__000000004331.jpg
430,Flux.1,6874,Flux.1/Flux.1/test/1_fake/entire__flux__fake__000000513724.jpg
430,Flux.1,6875,Flux.1/Flux.1/test/0_real/entire__flux__real__000000437117.jpg
430,Flux.1,6876,Flux.1/Flux.1/test/0_real/entire__flux__real__000000554518.jpg
430,Flux.1,6877,Flux.1/Flux.1/test/1_fake/entire__flux__fake__000000550736.jpg
430,Flux.1,6878,Flux.1/Flux.1/test/1_fake/entire__flux__fake__000000305409.jpg
430,Flux.1,6879,Flux.1/Flux.1/test/0_real/entire__flux__real__000000529787.jpg
431,Flux.1,6880,Flux.1/Flux.1/test/0_real/entire__flux__real__000000135071.jpg
431,Flux.1,6881,Flux.1/Flux.1/test/1_fake/entire__flux__fake__000000200728.jpg
431,Flux.1,6882,Flux.1/Flux.1/test/1_fake/entire__flux__fake__000000300454.jpg
431,Flux.1,6883,Flux.1/Flux.1/test/0_real/entire__flux__real__000000267871.jpg
431,Flux.1,6884,Flux.1/Flux.1/test/0_real/entire__flux__real__000000208121.jpg
431,Flux.1,6885,Flux.1/Flux.1/test/0_real/entire__flux__real__000000088899.jpg
431,Flux.1,6886,Flux.1/Flux.1/test/1_fake/entire__flux__fake__000000162020.jpg
431,Flux.1,6887,Flux.1/Flux.1/test/0_real/entire__flux__real__000000446455.jpg
431,Flux.1,6888,Flux.1/Flux.1/test/1_fake/entire__flux__fake__000000009429.jpg
431,Flux.1,6889,Flux.1/Flux.1/test/0_real/entire__flux__real__000000162189.jpg
431,Flux.1,6890,Flux.1/Flux.1/test/0_real/entire__flux__real__000000420791.jpg
431,Flux.1,6891,Flux.1/Flux.1/test/0_real/entire__flux__real__000000137711.jpg
431,Flux.1,6892,Flux.1/Flux.1/test/0_real/entire__flux__real__000000511472.jpg
431,Flux.1,6893,Flux.1/Flux.1/test/1_fake/entire__flux__fake__000000067868.jpg
431,Flux.1,6894,Flux.1/Flux.1/test/1_fake/entire__flux__fake__000000565501.jpg
431,Flux.1,6895,Flux.1/Flux.1/test/0_real/entire__flux__real__000000481847.jpg
432,Flux.1,6896,Flux.1/Flux.1/test/0_real/entire__flux__real__000000519713.jpg
432,Flux.1,6897,Flux.1/Flux.1/test/1_fake/entire__flux__fake__000000057830.jpg
432,Flux.1,6898,Flux.1/Flux.1/test/0_real/entire__flux__real__000000149583.jpg
432,Flux.1,6899,Flux.1/Flux.1/test/0_real/entire__flux__real__000000474168.jpg
432,Flux.1,6900,Flux.1/Flux.1/test/1_fake/entire__flux__fake__000000016730.jpg
432,Flux.1,6901,Flux.1/Flux.1/test/0_real/entire__flux__real__000000516186.jpg
432,Flux.1,6902,Flux.1/Flux.1/test/1_fake/entire__flux__fake__000000079338.jpg
432,Flux.1,6903,Flux.1/Flux.1/test/0_real/entire__flux__real__000000375440.jpg
432,Flux.1,6904,Flux.1/Flux.1/test/1_fake/entire__flux__fake__000000316762.jpg
432,Flux.1,6905,Flux.1/Flux.1/test/1_fake/entire__flux__fake__000000529308.jpg
432,Flux.1,6906,Flux.1/Flux.1/test/0_real/entire__flux__real__000000490146.jpg
432,Flux.1,6907,Flux.1/Flux.1/test/0_real/entire__flux__real__000000567254.jpg
432,Flux.1,6908,Flux.1/Flux.1/test/1_fake/entire__flux__fake__000000460578.jpg
432,Flux.1,6909,Flux.1/Flux.1/test/1_fake/entire__flux__fake__000000050954.jpg
432,Flux.1,6910,Flux.1/Flux.1/test/1_fake/entire__flux__fake__000000482485.jpg
432,Flux.1,6911,Flux.1/Flux.1/test/0_real/entire__flux__real__000000357342.jpg
433,Flux.1,6912,Flux.1/Flux.1/test/1_fake/entire__flux__fake__000000386694.jpg
433,Flux.1,6913,Flux.1/Flux.1/test/0_real/entire__flux__real__000000408674.jpg
433,Flux.1,6914,Flux.1/Flux.1/test/0_real/entire__flux__real__000000103778.jpg
433,Flux.1,6915,Flux.1/Flux.1/test/0_real/entire__flux__real__000000154060.jpg
433,Flux.1,6916,Flux.1/Flux.1/test/0_real/entire__flux__real__000000450219.jpg
433,Flux.1,6917,Flux.1/Flux.1/test/0_real/entire__flux__real__000000017962.jpg
433,Flux.1,6918,Flux.1/Flux.1/test/0_real/entire__flux__real__000000105853.jpg
433,Flux.1,6919,Flux.1/Flux.1/test/0_real/entire__flux__real__000000064240.jpg
433,Flux.1,6920,Flux.1/Flux.1/test/0_real/entire__flux__real__000000459786.jpg
433,Flux.1,6921,Flux.1/Flux.1/test/0_real/entire__flux__real__000000509800.jpg
433,Flux.1,6922,Flux.1/Flux.1/test/1_fake/entire__flux__fake__000000234238.jpg
433,Flux.1,6923,Flux.1/Flux.1/test/1_fake/entire__flux__fake__000000576157.jpg
433,Flux.1,6924,Flux.1/Flux.1/test/1_fake/entire__flux__fake__000000153634.jpg
433,Flux.1,6925,Flux.1/Flux.1/test/0_real/entire__flux__real__000000132182.jpg
433,Flux.1,6926,Flux.1/Flux.1/test/0_real/entire__flux__real__000000446130.jpg
433,Flux.1,6927,Flux.1/Flux.1/test/1_fake/entire__flux__fake__000000129071.jpg
434,Flux.1,6928,Flux.1/Flux.1/test/0_real/entire__flux__real__000000275834.jpg
434,Flux.1,6929,Flux.1/Flux.1/test/0_real/entire__flux__real__000000355368.jpg
434,Flux.1,6930,Flux.1/Flux.1/test/1_fake/entire__flux__fake__000000494041.jpg
434,Flux.1,6931,Flux.1/Flux.1/test/0_real/entire__flux__real__000000098752.jpg
434,Flux.1,6932,Flux.1/Flux.1/test/1_fake/entire__flux__fake__000000260852.jpg
434,Flux.1,6933,Flux.1/Flux.1/test/1_fake/entire__flux__fake__000000502058.jpg
434,Flux.1,6934,Flux.1/Flux.1/test/0_real/entire__flux__real__000000275565.jpg
434,Flux.1,6935,Flux.1/Flux.1/test/0_real/entire__flux__real__000000162598.jpg
434,Flux.1,6936,Flux.1/Flux.1/test/1_fake/entire__flux__fake__000000131678.jpg
434,Flux.1,6937,Flux.1/Flux.1/test/1_fake/entire__flux__fake__000000382615.jpg
434,Flux.1,6938,Flux.1/Flux.1/test/0_real/entire__flux__real__000000564481.jpg
434,Flux.1,6939,Flux.1/Flux.1/test/0_real/entire__flux__real__000000476913.jpg
434,Flux.1,6940,Flux.1/Flux.1/test/0_real/entire__flux__real__000000241291.jpg
434,Flux.1,6941,Flux.1/Flux.1/test/0_real/entire__flux__real__000000392974.jpg
434,Flux.1,6942,Flux.1/Flux.1/test/1_fake/entire__flux__fake__000000462429.jpg
434,Flux.1,6943,Flux.1/Flux.1/test/1_fake/entire__flux__fake__000000518748.jpg
435,Flux.1,6944,Flux.1/Flux.1/test/1_fake/entire__flux__fake__000000235996.jpg
435,Flux.1,6945,Flux.1/Flux.1/test/1_fake/entire__flux__fake__000000505643.jpg
435,Flux.1,6946,Flux.1/Flux.1/test/1_fake/entire__flux__fake__000000397427.jpg
435,Flux.1,6947,Flux.1/Flux.1/test/0_real/entire__flux__real__000000024880.jpg
435,Flux.1,6948,Flux.1/Flux.1/test/0_real/entire__flux__real__000000119101.jpg
435,Flux.1,6949,Flux.1/Flux.1/test/0_real/entire__flux__real__000000299148.jpg
435,Flux.1,6950,Flux.1/Flux.1/test/1_fake/entire__flux__fake__000000015883.jpg
435,Flux.1,6951,Flux.1/Flux.1/test/0_real/entire__flux__real__000000259964.jpg
435,Flux.1,6952,Flux.1/Flux.1/test/1_fake/entire__flux__fake__000000106722.jpg
435,Flux.1,6953,Flux.1/Flux.1/test/1_fake/entire__flux__fake__000000260955.jpg
435,Flux.1,6954,Flux.1/Flux.1/test/0_real/entire__flux__real__000000546151.jpg
435,Flux.1,6955,Flux.1/Flux.1/test/0_real/entire__flux__real__000000391874.jpg
435,Flux.1,6956,Flux.1/Flux.1/test/1_fake/entire__flux__fake__000000443165.jpg
435,Flux.1,6957,Flux.1/Flux.1/test/0_real/entire__flux__real__000000097526.jpg
435,Flux.1,6958,Flux.1/Flux.1/test/0_real/entire__flux__real__000000254703.jpg
435,Flux.1,6959,Flux.1/Flux.1/test/0_real/entire__flux__real__000000496458.jpg
436,Flux.1,6960,Flux.1/Flux.1/test/0_real/entire__flux__real__000000478839.jpg
436,Flux.1,6961,Flux.1/Flux.1/test/0_real/entire__flux__real__000000496183.jpg
436,Flux.1,6962,Flux.1/Flux.1/test/0_real/entire__flux__real__000000483001.jpg
436,Flux.1,6963,Flux.1/Flux.1/test/1_fake/entire__flux__fake__000000009029.jpg
436,Flux.1,6964,Flux.1/Flux.1/test/1_fake/entire__flux__fake__000000083155.jpg
436,Flux.1,6965,Flux.1/Flux.1/test/0_real/entire__flux__real__000000214199.jpg
436,Flux.1,6966,Flux.1/Flux.1/test/0_real/entire__flux__real__000000022675.jpg
436,Flux.1,6967,Flux.1/Flux.1/test/1_fake/entire__flux__fake__000000581582.jpg
436,Flux.1,6968,Flux.1/Flux.1/test/0_real/entire__flux__real__000000502058.jpg
436,Flux.1,6969,Flux.1/Flux.1/test/0_real/entire__flux__real__000000544713.jpg
436,Flux.1,6970,Flux.1/Flux.1/test/0_real/entire__flux__real__000000261266.jpg
436,Flux.1,6971,Flux.1/Flux.1/test/1_fake/entire__flux__fake__000000071687.jpg
436,Flux.1,6972,Flux.1/Flux.1/test/0_real/entire__flux__real__000000400706.jpg
436,Flux.1,6973,Flux.1/Flux.1/test/1_fake/entire__flux__fake__000000512068.jpg
436,Flux.1,6974,Flux.1/Flux.1/test/0_real/entire__flux__real__000000029956.jpg
436,Flux.1,6975,Flux.1/Flux.1/test/1_fake/entire__flux__fake__000000040620.jpg
437,Flux.1,6976,Flux.1/Flux.1/test/0_real/entire__flux__real__000000117836.jpg
437,Flux.1,6977,Flux.1/Flux.1/test/0_real/entire__flux__real__000000414379.jpg
437,Flux.1,6978,Flux.1/Flux.1/test/1_fake/entire__flux__fake__000000549876.jpg
437,Flux.1,6979,Flux.1/Flux.1/test/0_real/entire__flux__real__000000132847.jpg
437,Flux.1,6980,Flux.1/Flux.1/test/0_real/entire__flux__real__000000449138.jpg
437,Flux.1,6981,Flux.1/Flux.1/test/0_real/entire__flux__real__000000212445.jpg
437,Flux.1,6982,Flux.1/Flux.1/test/0_real/entire__flux__real__000000466838.jpg
437,Flux.1,6983,Flux.1/Flux.1/test/0_real/entire__flux__real__000000462429.jpg
437,Flux.1,6984,Flux.1/Flux.1/test/0_real/entire__flux__real__000000393412.jpg
437,Flux.1,6985,Flux.1/Flux.1/test/0_real/entire__flux__real__000000424268.jpg
437,Flux.1,6986,Flux.1/Flux.1/test/0_real/entire__flux__real__000000095210.jpg
437,Flux.1,6987,Flux.1/Flux.1/test/0_real/entire__flux__real__000000026200.jpg
437,Flux.1,6988,Flux.1/Flux.1/test/1_fake/entire__flux__fake__000000462791.jpg
437,Flux.1,6989,Flux.1/Flux.1/test/1_fake/entire__flux__fake__000000450774.jpg
437,Flux.1,6990,Flux.1/Flux.1/test/0_real/entire__flux__real__000000159974.jpg
437,Flux.1,6991,Flux.1/Flux.1/test/0_real/entire__flux__real__000000321064.jpg
438,Flux.1,6992,Flux.1/Flux.1/test/1_fake/entire__flux__fake__000000459121.jpg
438,Flux.1,6993,Flux.1/Flux.1/test/0_real/entire__flux__real__000000284688.jpg
438,Flux.1,6994,Flux.1/Flux.1/test/0_real/entire__flux__real__000000222781.jpg
438,Flux.1,6995,Flux.1/Flux.1/test/0_real/entire__flux__real__000000553000.jpg
438,Flux.1,6996,Flux.1/Flux.1/test/0_real/entire__flux__real__000000205791.jpg
438,Flux.1,6997,Flux.1/Flux.1/test/0_real/entire__flux__real__000000366406.jpg
438,Flux.1,6998,Flux.1/Flux.1/test/0_real/entire__flux__real__000000153923.jpg
438,Flux.1,6999,Flux.1/Flux.1/test/1_fake/entire__flux__fake__000000258676.jpg
438,Flux.1,7000,Flux.1/Flux.1/test/0_real/entire__flux__real__000000533872.jpg
438,Flux.1,7001,Flux.1/Flux.1/test/0_real/entire__flux__real__000000416596.jpg
438,Flux.1,7002,Flux.1/Flux.1/test/0_real/entire__flux__real__000000417129.jpg
438,Flux.1,7003,Flux.1/Flux.1/test/1_fake/entire__flux__fake__000000442997.jpg
438,Flux.1,7004,Flux.1/Flux.1/test/1_fake/entire__flux__fake__000000083557.jpg
438,Flux.1,7005,Flux.1/Flux.1/test/1_fake/entire__flux__fake__000000347313.jpg
438,Flux.1,7006,Flux.1/Flux.1/test/1_fake/entire__flux__fake__000000346672.jpg
438,Flux.1,7007,Flux.1/Flux.1/test/0_real/entire__flux__real__000000347267.jpg
439,Flux.1,7008,Flux.1/Flux.1/test/0_real/entire__flux__real__000000298629.jpg
439,Flux.1,7009,Flux.1/Flux.1/test/1_fake/entire__flux__fake__000000038838.jpg
439,Flux.1,7010,Flux.1/Flux.1/test/0_real/entire__flux__real__000000156326.jpg
439,Flux.1,7011,Flux.1/Flux.1/test/1_fake/entire__flux__fake__000000051045.jpg
439,Flux.1,7012,Flux.1/Flux.1/test/1_fake/entire__flux__fake__000000528372.jpg
439,Flux.1,7013,Flux.1/Flux.1/test/1_fake/entire__flux__fake__000000227638.jpg
439,Flux.1,7014,Flux.1/Flux.1/test/1_fake/entire__flux__fake__000000353480.jpg
439,Flux.1,7015,Flux.1/Flux.1/test/0_real/entire__flux__real__000000432467.jpg
439,Flux.1,7016,Flux.1/Flux.1/test/0_real/entire__flux__real__000000481909.jpg
439,Flux.1,7017,Flux.1/Flux.1/test/1_fake/entire__flux__fake__000000315403.jpg
439,Flux.1,7018,Flux.1/Flux.1/test/1_fake/entire__flux__fake__000000157380.jpg
439,Flux.1,7019,Flux.1/Flux.1/test/1_fake/entire__flux__fake__000000503983.jpg
439,Flux.1,7020,Flux.1/Flux.1/test/0_real/entire__flux__real__000000096311.jpg
439,Flux.1,7021,Flux.1/Flux.1/test/0_real/entire__flux__real__000000313718.jpg
439,Flux.1,7022,Flux.1/Flux.1/test/0_real/entire__flux__real__000000049819.jpg
439,Flux.1,7023,Flux.1/Flux.1/test/1_fake/entire__flux__fake__000000089930.jpg
440,Flux.1,7024,Flux.1/Flux.1/test/0_real/entire__flux__real__000000407274.jpg
440,Flux.1,7025,Flux.1/Flux.1/test/0_real/entire__flux__real__000000162256.jpg
440,Flux.1,7026,Flux.1/Flux.1/test/1_fake/entire__flux__fake__000000008339.jpg
440,Flux.1,7027,Flux.1/Flux.1/test/1_fake/entire__flux__fake__000000250008.jpg
440,Flux.1,7028,Flux.1/Flux.1/test/0_real/entire__flux__real__000000475932.jpg
440,Flux.1,7029,Flux.1/Flux.1/test/1_fake/entire__flux__fake__000000518819.jpg
440,Flux.1,7030,Flux.1/Flux.1/test/1_fake/entire__flux__fake__000000263677.jpg
440,Flux.1,7031,Flux.1/Flux.1/test/1_fake/entire__flux__fake__000000159971.jpg
440,Flux.1,7032,Flux.1/Flux.1/test/1_fake/entire__flux__fake__000000092480.jpg
440,Flux.1,7033,Flux.1/Flux.1/test/1_fake/entire__flux__fake__000000494208.jpg
440,Flux.1,7034,Flux.1/Flux.1/test/1_fake/entire__flux__fake__000000357975.jpg
440,Flux.1,7035,Flux.1/Flux.1/test/0_real/entire__flux__real__000000427401.jpg
440,Flux.1,7036,Flux.1/Flux.1/test/1_fake/entire__flux__fake__000000372172.jpg
440,Flux.1,7037,Flux.1/Flux.1/test/1_fake/entire__flux__fake__000000129576.jpg
440,Flux.1,7038,Flux.1/Flux.1/test/1_fake/entire__flux__fake__000000440034.jpg
440,Flux.1,7039,Flux.1/Flux.1/test/1_fake/entire__flux__fake__000000202231.jpg
441,Flux.1,7040,Flux.1/Flux.1/test/0_real/entire__flux__real__000000023984.jpg
441,Flux.1,7041,Flux.1/Flux.1/test/1_fake/entire__flux__fake__000000175102.jpg
441,Flux.1,7042,Flux.1/Flux.1/test/0_real/entire__flux__real__000000321811.jpg
441,Flux.1,7043,Flux.1/Flux.1/test/0_real/entire__flux__real__000000369380.jpg
441,Flux.1,7044,Flux.1/Flux.1/test/1_fake/entire__flux__fake__000000309635.jpg
441,Flux.1,7045,Flux.1/Flux.1/test/1_fake/entire__flux__fake__000000247726.jpg
441,Flux.1,7046,Flux.1/Flux.1/test/1_fake/entire__flux__fake__000000199136.jpg
441,Flux.1,7047,Flux.1/Flux.1/test/0_real/entire__flux__real__000000303898.jpg
441,Flux.1,7048,Flux.1/Flux.1/test/1_fake/entire__flux__fake__000000136701.jpg
441,Flux.1,7049,Flux.1/Flux.1/test/1_fake/entire__flux__fake__000000353997.jpg
441,Flux.1,7050,Flux.1/Flux.1/test/1_fake/entire__flux__fake__000000300966.jpg
441,Flux.1,7051,Flux.1/Flux.1/test/1_fake/entire__flux__fake__000000190530.jpg
441,Flux.1,7052,Flux.1/Flux.1/test/1_fake/entire__flux__fake__000000251487.jpg
441,Flux.1,7053,Flux.1/Flux.1/test/0_real/entire__flux__real__000000265553.jpg
441,Flux.1,7054,Flux.1/Flux.1/test/0_real/entire__flux__real__000000533364.jpg
441,Flux.1,7055,Flux.1/Flux.1/test/1_fake/entire__flux__fake__000000210570.jpg
442,Flux.1,7056,Flux.1/Flux.1/test/1_fake/entire__flux__fake__000000563839.jpg
442,Flux.1,7057,Flux.1/Flux.1/test/1_fake/entire__flux__fake__000000065043.jpg
442,Flux.1,7058,Flux.1/Flux.1/test/0_real/entire__flux__real__000000466425.jpg
442,Flux.1,7059,Flux.1/Flux.1/test/0_real/entire__flux__real__000000086250.jpg
442,Flux.1,7060,Flux.1/Flux.1/test/1_fake/entire__flux__fake__000000277167.jpg
442,Flux.1,7061,Flux.1/Flux.1/test/0_real/entire__flux__real__000000037707.jpg
442,Flux.1,7062,Flux.1/Flux.1/test/0_real/entire__flux__real__000000322145.jpg
442,Flux.1,7063,Flux.1/Flux.1/test/0_real/entire__flux__real__000000465360.jpg
442,Flux.1,7064,Flux.1/Flux.1/test/0_real/entire__flux__real__000000162627.jpg
442,Flux.1,7065,Flux.1/Flux.1/test/1_fake/entire__flux__fake__000000398191.jpg
442,Flux.1,7066,Flux.1/Flux.1/test/0_real/entire__flux__real__000000374502.jpg
442,Flux.1,7067,Flux.1/Flux.1/test/0_real/entire__flux__real__000000400000.jpg
442,Flux.1,7068,Flux.1/Flux.1/test/1_fake/entire__flux__fake__000000540275.jpg
442,Flux.1,7069,Flux.1/Flux.1/test/0_real/entire__flux__real__000000562067.jpg
442,Flux.1,7070,Flux.1/Flux.1/test/0_real/entire__flux__real__000000304584.jpg
442,Flux.1,7071,Flux.1/Flux.1/test/1_fake/entire__flux__fake__000000371848.jpg
443,Flux.1,7072,Flux.1/Flux.1/test/0_real/entire__flux__real__000000302655.jpg
443,Flux.1,7073,Flux.1/Flux.1/test/0_real/entire__flux__real__000000396188.jpg
443,Flux.1,7074,Flux.1/Flux.1/test/1_fake/entire__flux__fake__000000436246.jpg
443,Flux.1,7075,Flux.1/Flux.1/test/0_real/entire__flux__real__000000404635.jpg
443,Flux.1,7076,Flux.1/Flux.1/test/0_real/entire__flux__real__000000123177.jpg
443,Flux.1,7077,Flux.1/Flux.1/test/0_real/entire__flux__real__000000367876.jpg
443,Flux.1,7078,Flux.1/Flux.1/test/0_real/entire__flux__real__000000301427.jpg
443,Flux.1,7079,Flux.1/Flux.1/test/0_real/entire__flux__real__000000160661.jpg
443,Flux.1,7080,Flux.1/Flux.1/test/0_real/entire__flux__real__000000106453.jpg
443,Flux.1,7081,Flux.1/Flux.1/test/0_real/entire__flux__real__000000010615.jpg
443,Flux.1,7082,Flux.1/Flux.1/test/1_fake/entire__flux__fake__000000336994.jpg
443,Flux.1,7083,Flux.1/Flux.1/test/0_real/entire__flux__real__000000204775.jpg
443,Flux.1,7084,Flux.1/Flux.1/test/0_real/entire__flux__real__000000332591.jpg
443,Flux.1,7085,Flux.1/Flux.1/test/1_fake/entire__flux__fake__000000406391.jpg
443,Flux.1,7086,Flux.1/Flux.1/test/1_fake/entire__flux__fake__000000563299.jpg
443,Flux.1,7087,Flux.1/Flux.1/test/1_fake/entire__flux__fake__000000508373.jpg
444,Flux.1,7088,Flux.1/Flux.1/test/0_real/entire__flux__real__000000184379.jpg
444,Flux.1,7089,Flux.1/Flux.1/test/0_real/entire__flux__real__000000552392.jpg
444,Flux.1,7090,Flux.1/Flux.1/test/1_fake/entire__flux__fake__000000337716.jpg
444,Flux.1,7091,Flux.1/Flux.1/test/1_fake/entire__flux__fake__000000165431.jpg
444,Flux.1,7092,Flux.1/Flux.1/test/1_fake/entire__flux__fake__000000305686.jpg
444,Flux.1,7093,Flux.1/Flux.1/test/1_fake/entire__flux__fake__000000059236.jpg
444,Flux.1,7094,Flux.1/Flux.1/test/0_real/entire__flux__real__000000196985.jpg
444,Flux.1,7095,Flux.1/Flux.1/test/0_real/entire__flux__real__000000126876.jpg
444,Flux.1,7096,Flux.1/Flux.1/test/0_real/entire__flux__real__000000197005.jpg
444,Flux.1,7097,Flux.1/Flux.1/test/1_fake/entire__flux__fake__000000119730.jpg
444,Flux.1,7098,Flux.1/Flux.1/test/1_fake/entire__flux__fake__000000222548.jpg
444,Flux.1,7099,Flux.1/Flux.1/test/1_fake/entire__flux__fake__000000378118.jpg
444,Flux.1,7100,Flux.1/Flux.1/test/0_real/entire__flux__real__000000224114.jpg
444,Flux.1,7101,Flux.1/Flux.1/test/1_fake/entire__flux__fake__000000049573.jpg
444,Flux.1,7102,Flux.1/Flux.1/test/1_fake/entire__flux__fake__000000434291.jpg
444,Flux.1,7103,Flux.1/Flux.1/test/0_real/entire__flux__real__000000114634.jpg
445,Flux.1,7104,Flux.1/Flux.1/test/0_real/entire__flux__real__000000171016.jpg
445,Flux.1,7105,Flux.1/Flux.1/test/1_fake/entire__flux__fake__000000498570.jpg
445,Flux.1,7106,Flux.1/Flux.1/test/0_real/entire__flux__real__000000116656.jpg
445,Flux.1,7107,Flux.1/Flux.1/test/0_real/entire__flux__real__000000162193.jpg
445,Flux.1,7108,Flux.1/Flux.1/test/0_real/entire__flux__real__000000397353.jpg
445,Flux.1,7109,Flux.1/Flux.1/test/1_fake/entire__flux__fake__000000209409.jpg
445,Flux.1,7110,Flux.1/Flux.1/test/1_fake/entire__flux__fake__000000036006.jpg
445,Flux.1,7111,Flux.1/Flux.1/test/1_fake/entire__flux__fake__000000383607.jpg
445,Flux.1,7112,Flux.1/Flux.1/test/0_real/entire__flux__real__000000441212.jpg
445,Flux.1,7113,Flux.1/Flux.1/test/0_real/entire__flux__real__000000324104.jpg
445,Flux.1,7114,Flux.1/Flux.1/test/1_fake/entire__flux__fake__000000101643.jpg
445,Flux.1,7115,Flux.1/Flux.1/test/0_real/entire__flux__real__000000257391.jpg
445,Flux.1,7116,Flux.1/Flux.1/test/1_fake/entire__flux__fake__000000277550.jpg
445,Flux.1,7117,Flux.1/Flux.1/test/0_real/entire__flux__real__000000560495.jpg
445,Flux.1,7118,Flux.1/Flux.1/test/0_real/entire__flux__real__000000565155.jpg
445,Flux.1,7119,Flux.1/Flux.1/test/0_real/entire__flux__real__000000402624.jpg
446,Flux.1,7120,Flux.1/Flux.1/test/1_fake/entire__flux__fake__000000339547.jpg
446,Flux.1,7121,Flux.1/Flux.1/test/1_fake/entire__flux__fake__000000283814.jpg
446,Flux.1,7122,Flux.1/Flux.1/test/0_real/entire__flux__real__000000518807.jpg
446,Flux.1,7123,Flux.1/Flux.1/test/0_real/entire__flux__real__000000540307.jpg
446,Flux.1,7124,Flux.1/Flux.1/test/1_fake/entire__flux__fake__000000169495.jpg
446,Flux.1,7125,Flux.1/Flux.1/test/1_fake/entire__flux__fake__000000104099.jpg
446,Flux.1,7126,Flux.1/Flux.1/test/1_fake/entire__flux__fake__000000539924.jpg
446,Flux.1,7127,Flux.1/Flux.1/test/1_fake/entire__flux__fake__000000424431.jpg
446,Flux.1,7128,Flux.1/Flux.1/test/0_real/entire__flux__real__000000076334.jpg
446,Flux.1,7129,Flux.1/Flux.1/test/0_real/entire__flux__real__000000193006.jpg
446,Flux.1,7130,Flux.1/Flux.1/test/1_fake/entire__flux__fake__000000107405.jpg
446,Flux.1,7131,Flux.1/Flux.1/test/1_fake/entire__flux__fake__000000489798.jpg
446,Flux.1,7132,Flux.1/Flux.1/test/0_real/entire__flux__real__000000024935.jpg
446,Flux.1,7133,Flux.1/Flux.1/test/0_real/entire__flux__real__000000018090.jpg
446,Flux.1,7134,Flux.1/Flux.1/test/1_fake/entire__flux__fake__000000372127.jpg
446,Flux.1,7135,Flux.1/Flux.1/test/1_fake/entire__flux__fake__000000205648.jpg
447,Flux.1,7136,Flux.1/Flux.1/test/0_real/entire__flux__real__000000450003.jpg
447,Flux.1,7137,Flux.1/Flux.1/test/1_fake/entire__flux__fake__000000493110.jpg
447,Flux.1,7138,Flux.1/Flux.1/test/1_fake/entire__flux__fake__000000192714.jpg
447,Flux.1,7139,Flux.1/Flux.1/test/1_fake/entire__flux__fake__000000079642.jpg
447,Flux.1,7140,Flux.1/Flux.1/test/0_real/entire__flux__real__000000504886.jpg
447,Flux.1,7141,Flux.1/Flux.1/test/1_fake/entire__flux__fake__000000268306.jpg
447,Flux.1,7142,Flux.1/Flux.1/test/0_real/entire__flux__real__000000288610.jpg
447,Flux.1,7143,Flux.1/Flux.1/test/1_fake/entire__flux__fake__000000276694.jpg
447,Flux.1,7144,Flux.1/Flux.1/test/1_fake/entire__flux__fake__000000041138.jpg
447,Flux.1,7145,Flux.1/Flux.1/test/1_fake/entire__flux__fake__000000234786.jpg
447,Flux.1,7146,Flux.1/Flux.1/test/0_real/entire__flux__real__000000423231.jpg
447,Flux.1,7147,Flux.1/Flux.1/test/0_real/entire__flux__real__000000040730.jpg
447,Flux.1,7148,Flux.1/Flux.1/test/0_real/entire__flux__real__000000168779.jpg
447,Flux.1,7149,Flux.1/Flux.1/test/1_fake/entire__flux__fake__000000035069.jpg
447,Flux.1,7150,Flux.1/Flux.1/test/1_fake/entire__flux__fake__000000479495.jpg
447,Flux.1,7151,Flux.1/Flux.1/test/0_real/entire__flux__real__000000178034.jpg
448,Flux.1,7152,Flux.1/Flux.1/test/0_real/entire__flux__real__000000465734.jpg
448,Flux.1,7153,Flux.1/Flux.1/test/1_fake/entire__flux__fake__000000346587.jpg
448,Flux.1,7154,Flux.1/Flux.1/test/0_real/entire__flux__real__000000100471.jpg
448,Flux.1,7155,Flux.1/Flux.1/test/1_fake/entire__flux__fake__000000082776.jpg
448,Flux.1,7156,Flux.1/Flux.1/test/1_fake/entire__flux__fake__000000086715.jpg
448,Flux.1,7157,Flux.1/Flux.1/test/0_real/entire__flux__real__000000533128.jpg
448,Flux.1,7158,Flux.1/Flux.1/test/0_real/entire__flux__real__000000160004.jpg
448,Flux.1,7159,Flux.1/Flux.1/test/0_real/entire__flux__real__000000498975.jpg
448,Flux.1,7160,Flux.1/Flux.1/test/1_fake/entire__flux__fake__000000380097.jpg
448,Flux.1,7161,Flux.1/Flux.1/test/1_fake/entire__flux__fake__000000122020.jpg
448,Flux.1,7162,Flux.1/Flux.1/test/1_fake/entire__flux__fake__000000295560.jpg
448,Flux.1,7163,Flux.1/Flux.1/test/1_fake/entire__flux__fake__000000234706.jpg
448,Flux.1,7164,Flux.1/Flux.1/test/1_fake/entire__flux__fake__000000080200.jpg
448,Flux.1,7165,Flux.1/Flux.1/test/1_fake/entire__flux__fake__000000039368.jpg
448,Flux.1,7166,Flux.1/Flux.1/test/0_real/entire__flux__real__000000535340.jpg
448,Flux.1,7167,Flux.1/Flux.1/test/0_real/entire__flux__real__000000544686.jpg
449,Flux.1,7168,Flux.1/Flux.1/test/1_fake/entire__flux__fake__000000052030.jpg
449,Flux.1,7169,Flux.1/Flux.1/test/1_fake/entire__flux__fake__000000105280.jpg
449,Flux.1,7170,Flux.1/Flux.1/test/0_real/entire__flux__real__000000212920.jpg
449,Flux.1,7171,Flux.1/Flux.1/test/0_real/entire__flux__real__000000526568.jpg
449,Flux.1,7172,Flux.1/Flux.1/test/1_fake/entire__flux__fake__000000519691.jpg
449,Flux.1,7173,Flux.1/Flux.1/test/1_fake/entire__flux__fake__000000381301.jpg
449,Flux.1,7174,Flux.1/Flux.1/test/0_real/entire__flux__real__000000015220.jpg
449,Flux.1,7175,Flux.1/Flux.1/test/1_fake/entire__flux__fake__000000402425.jpg
449,Flux.1,7176,Flux.1/Flux.1/test/0_real/entire__flux__real__000000363908.jpg
449,Flux.1,7177,Flux.1/Flux.1/test/0_real/entire__flux__real__000000229381.jpg
449,Flux.1,7178,Flux.1/Flux.1/test/0_real/entire__flux__real__000000522065.jpg
449,Flux.1,7179,Flux.1/Flux.1/test/0_real/entire__flux__real__000000055298.jpg
449,Flux.1,7180,Flux.1/Flux.1/test/1_fake/entire__flux__fake__000000371682.jpg
449,Flux.1,7181,Flux.1/Flux.1/test/0_real/entire__flux__real__000000187502.jpg
449,Flux.1,7182,Flux.1/Flux.1/test/1_fake/entire__flux__fake__000000515924.jpg
449,Flux.1,7183,Flux.1/Flux.1/test/0_real/entire__flux__real__000000360376.jpg
450,Flux.1,7184,Flux.1/Flux.1/test/1_fake/entire__flux__fake__000000153589.jpg
450,Flux.1,7185,Flux.1/Flux.1/test/1_fake/entire__flux__fake__000000026536.jpg
450,Flux.1,7186,Flux.1/Flux.1/test/0_real/entire__flux__real__000000075906.jpg
450,Flux.1,7187,Flux.1/Flux.1/test/0_real/entire__flux__real__000000308459.jpg
450,Flux.1,7188,Flux.1/Flux.1/test/0_real/entire__flux__real__000000392627.jpg
450,Flux.1,7189,Flux.1/Flux.1/test/0_real/entire__flux__real__000000546695.jpg
450,Flux.1,7190,Flux.1/Flux.1/test/1_fake/entire__flux__fake__000000052440.jpg
450,Flux.1,7191,Flux.1/Flux.1/test/0_real/entire__flux__real__000000367907.jpg
450,Flux.1,7192,Flux.1/Flux.1/test/1_fake/entire__flux__fake__000000324412.jpg
450,Flux.1,7193,Flux.1/Flux.1/test/0_real/entire__flux__real__000000376773.jpg
450,Flux.1,7194,Flux.1/Flux.1/test/0_real/entire__flux__real__000000499110.jpg
450,Flux.1,7195,Flux.1/Flux.1/test/1_fake/entire__flux__fake__000000527345.jpg
450,Flux.1,7196,Flux.1/Flux.1/test/0_real/entire__flux__real__000000356920.jpg
450,Flux.1,7197,Flux.1/Flux.1/test/1_fake/entire__flux__fake__000000440778.jpg
450,Flux.1,7198,Flux.1/Flux.1/test/1_fake/entire__flux__fake__000000204612.jpg
450,Flux.1,7199,Flux.1/Flux.1/test/1_fake/entire__flux__fake__000000361256.jpg
451,Flux.1,7200,Flux.1/Flux.1/test/1_fake/entire__flux__fake__000000068003.jpg
451,Flux.1,7201,Flux.1/Flux.1/test/0_real/entire__flux__real__000000563927.jpg
451,Flux.1,7202,Flux.1/Flux.1/test/0_real/entire__flux__real__000000283818.jpg
451,Flux.1,7203,Flux.1/Flux.1/test/1_fake/entire__flux__fake__000000090645.jpg
451,Flux.1,7204,Flux.1/Flux.1/test/1_fake/entire__flux__fake__000000087928.jpg
451,Flux.1,7205,Flux.1/Flux.1/test/0_real/entire__flux__real__000000381060.jpg
451,Flux.1,7206,Flux.1/Flux.1/test/1_fake/entire__flux__fake__000000367409.jpg
451,Flux.1,7207,Flux.1/Flux.1/test/1_fake/entire__flux__fake__000000210522.jpg
451,Flux.1,7208,Flux.1/Flux.1/test/1_fake/entire__flux__fake__000000257940.jpg
451,Flux.1,7209,Flux.1/Flux.1/test/1_fake/entire__flux__fake__000000345238.jpg
451,Flux.1,7210,Flux.1/Flux.1/test/1_fake/entire__flux__fake__000000092054.jpg
451,Flux.1,7211,Flux.1/Flux.1/test/1_fake/entire__flux__fake__000000289033.jpg
451,Flux.1,7212,Flux.1/Flux.1/test/1_fake/entire__flux__fake__000000276209.jpg
451,Flux.1,7213,Flux.1/Flux.1/test/0_real/entire__flux__real__000000421389.jpg
451,Flux.1,7214,Flux.1/Flux.1/test/1_fake/entire__flux__fake__000000094978.jpg
451,Flux.1,7215,Flux.1/Flux.1/test/0_real/entire__flux__real__000000577653.jpg
452,Flux.1,7216,Flux.1/Flux.1/test/1_fake/entire__flux__fake__000000410687.jpg
452,Flux.1,7217,Flux.1/Flux.1/test/1_fake/entire__flux__fake__000000388203.jpg
452,Flux.1,7218,Flux.1/Flux.1/test/1_fake/entire__flux__fake__000000338833.jpg
452,Flux.1,7219,Flux.1/Flux.1/test/0_real/entire__flux__real__000000544351.jpg
452,Flux.1,7220,Flux.1/Flux.1/test/1_fake/entire__flux__fake__000000190136.jpg
452,Flux.1,7221,Flux.1/Flux.1/test/0_real/entire__flux__real__000000238048.jpg
452,Flux.1,7222,Flux.1/Flux.1/test/0_real/entire__flux__real__000000392537.jpg
452,Flux.1,7223,Flux.1/Flux.1/test/1_fake/entire__flux__fake__000000580693.jpg
452,Flux.1,7224,Flux.1/Flux.1/test/1_fake/entire__flux__fake__000000402794.jpg
452,Flux.1,7225,Flux.1/Flux.1/test/1_fake/entire__flux__fake__000000542325.jpg
452,Flux.1,7226,Flux.1/Flux.1/test/1_fake/entire__flux__fake__000000283055.jpg
452,Flux.1,7227,Flux.1/Flux.1/test/0_real/entire__flux__real__000000525518.jpg
452,Flux.1,7228,Flux.1/Flux.1/test/0_real/entire__flux__real__000000399899.jpg
452,Flux.1,7229,Flux.1/Flux.1/test/0_real/entire__flux__real__000000086135.jpg
452,Flux.1,7230,Flux.1/Flux.1/test/0_real/entire__flux__real__000000514209.jpg
452,Flux.1,7231,Flux.1/Flux.1/test/1_fake/entire__flux__fake__000000337415.jpg
453,Flux.1,7232,Flux.1/Flux.1/test/1_fake/entire__flux__fake__000000542260.jpg
453,Flux.1,7233,Flux.1/Flux.1/test/1_fake/entire__flux__fake__000000230679.jpg
453,Flux.1,7234,Flux.1/Flux.1/test/0_real/entire__flux__real__000000379014.jpg
453,Flux.1,7235,Flux.1/Flux.1/test/1_fake/entire__flux__fake__000000146388.jpg
453,Flux.1,7236,Flux.1/Flux.1/test/0_real/entire__flux__real__000000025643.jpg
453,Flux.1,7237,Flux.1/Flux.1/test/0_real/entire__flux__real__000000426478.jpg
453,Flux.1,7238,Flux.1/Flux.1/test/1_fake/entire__flux__fake__000000262103.jpg
453,Flux.1,7239,Flux.1/Flux.1/test/1_fake/entire__flux__fake__000000254060.jpg
453,Flux.1,7240,Flux.1/Flux.1/test/0_real/entire__flux__real__000000353473.jpg
453,Flux.1,7241,Flux.1/Flux.1/test/0_real/entire__flux__real__000000458633.jpg
453,Flux.1,7242,Flux.1/Flux.1/test/1_fake/entire__flux__fake__000000478415.jpg
453,Flux.1,7243,Flux.1/Flux.1/test/0_real/entire__flux__real__000000085799.jpg
453,Flux.1,7244,Flux.1/Flux.1/test/1_fake/entire__flux__fake__000000552829.jpg
453,Flux.1,7245,Flux.1/Flux.1/test/1_fake/entire__flux__fake__000000562875.jpg
453,Flux.1,7246,Flux.1/Flux.1/test/0_real/entire__flux__real__000000281028.jpg
453,Flux.1,7247,Flux.1/Flux.1/test/0_real/entire__flux__real__000000085004.jpg
454,Flux.1,7248,Flux.1/Flux.1/test/1_fake/entire__flux__fake__000000196355.jpg
454,Flux.1,7249,Flux.1/Flux.1/test/0_real/entire__flux__real__000000525170.jpg
454,Flux.1,7250,Flux.1/Flux.1/test/0_real/entire__flux__real__000000431613.jpg
454,Flux.1,7251,Flux.1/Flux.1/test/1_fake/entire__flux__fake__000000130685.jpg
454,Flux.1,7252,Flux.1/Flux.1/test/0_real/entire__flux__real__000000314849.jpg
454,Flux.1,7253,Flux.1/Flux.1/test/1_fake/entire__flux__fake__000000351759.jpg
454,Flux.1,7254,Flux.1/Flux.1/test/1_fake/entire__flux__fake__000000481791.jpg
454,Flux.1,7255,Flux.1/Flux.1/test/1_fake/entire__flux__fake__000000581569.jpg
454,Flux.1,7256,Flux.1/Flux.1/test/1_fake/entire__flux__fake__000000429658.jpg
454,Flux.1,7257,Flux.1/Flux.1/test/0_real/entire__flux__real__000000469975.jpg
454,Flux.1,7258,Flux.1/Flux.1/test/1_fake/entire__flux__fake__000000033959.jpg
454,Flux.1,7259,Flux.1/Flux.1/test/0_real/entire__flux__real__000000435141.jpg
454,Flux.1,7260,Flux.1/Flux.1/test/1_fake/entire__flux__fake__000000387075.jpg
454,Flux.1,7261,Flux.1/Flux.1/test/1_fake/entire__flux__fake__000000514557.jpg
454,Flux.1,7262,Flux.1/Flux.1/test/0_real/entire__flux__real__000000165419.jpg
454,Flux.1,7263,Flux.1/Flux.1/test/0_real/entire__flux__real__000000343608.jpg
455,Flux.1,7264,Flux.1/Flux.1/test/1_fake/entire__flux__fake__000000209864.jpg
455,Flux.1,7265,Flux.1/Flux.1/test/1_fake/entire__flux__fake__000000175336.jpg
455,Flux.1,7266,Flux.1/Flux.1/test/1_fake/entire__flux__fake__000000439213.jpg
455,Flux.1,7267,Flux.1/Flux.1/test/0_real/entire__flux__real__000000254449.jpg
455,Flux.1,7268,Flux.1/Flux.1/test/0_real/entire__flux__real__000000213863.jpg
455,Flux.1,7269,Flux.1/Flux.1/test/0_real/entire__flux__real__000000166450.jpg
455,Flux.1,7270,Flux.1/Flux.1/test/0_real/entire__flux__real__000000510521.jpg
455,Flux.1,7271,Flux.1/Flux.1/test/0_real/entire__flux__real__000000134454.jpg
455,Flux.1,7272,Flux.1/Flux.1/test/0_real/entire__flux__real__000000247421.jpg
455,Flux.1,7273,Flux.1/Flux.1/test/1_fake/entire__flux__fake__000000159898.jpg
455,Flux.1,7274,Flux.1/Flux.1/test/1_fake/entire__flux__fake__000000310882.jpg
455,Flux.1,7275,Flux.1/Flux.1/test/1_fake/entire__flux__fake__000000432897.jpg
455,Flux.1,7276,Flux.1/Flux.1/test/1_fake/entire__flux__fake__000000211843.jpg
455,Flux.1,7277,Flux.1/Flux.1/test/1_fake/entire__flux__fake__000000323784.jpg
455,Flux.1,7278,Flux.1/Flux.1/test/0_real/entire__flux__real__000000090645.jpg
455,Flux.1,7279,Flux.1/Flux.1/test/0_real/entire__flux__real__000000480568.jpg
456,Flux.1,7280,Flux.1/Flux.1/test/1_fake/entire__flux__fake__000000205791.jpg
456,Flux.1,7281,Flux.1/Flux.1/test/0_real/entire__flux__real__000000271396.jpg
456,Flux.1,7282,Flux.1/Flux.1/test/0_real/entire__flux__real__000000513606.jpg
456,Flux.1,7283,Flux.1/Flux.1/test/1_fake/entire__flux__fake__000000380918.jpg
456,Flux.1,7284,Flux.1/Flux.1/test/1_fake/entire__flux__fake__000000491477.jpg
456,Flux.1,7285,Flux.1/Flux.1/test/1_fake/entire__flux__fake__000000432008.jpg
456,Flux.1,7286,Flux.1/Flux.1/test/0_real/entire__flux__real__000000480454.jpg
456,Flux.1,7287,Flux.1/Flux.1/test/0_real/entire__flux__real__000000047617.jpg
456,Flux.1,7288,Flux.1/Flux.1/test/1_fake/entire__flux__fake__000000205564.jpg
456,Flux.1,7289,Flux.1/Flux.1/test/0_real/entire__flux__real__000000445512.jpg
456,Flux.1,7290,Flux.1/Flux.1/test/0_real/entire__flux__real__000000497034.jpg
456,Flux.1,7291,Flux.1/Flux.1/test/1_fake/entire__flux__fake__000000275755.jpg
456,Flux.1,7292,Flux.1/Flux.1/test/0_real/entire__flux__real__000000173704.jpg
456,Flux.1,7293,Flux.1/Flux.1/test/1_fake/entire__flux__fake__000000428412.jpg
456,Flux.1,7294,Flux.1/Flux.1/test/1_fake/entire__flux__fake__000000307514.jpg
456,Flux.1,7295,Flux.1/Flux.1/test/0_real/entire__flux__real__000000070804.jpg
457,Flux.1,7296,Flux.1/Flux.1/test/1_fake/entire__flux__fake__000000470206.jpg
457,Flux.1,7297,Flux.1/Flux.1/test/0_real/entire__flux__real__000000196798.jpg
457,Flux.1,7298,Flux.1/Flux.1/test/0_real/entire__flux__real__000000372740.jpg
457,Flux.1,7299,Flux.1/Flux.1/test/1_fake/entire__flux__fake__000000552880.jpg
457,Flux.1,7300,Flux.1/Flux.1/test/1_fake/entire__flux__fake__000000445893.jpg
457,Flux.1,7301,Flux.1/Flux.1/test/1_fake/entire__flux__fake__000000311167.jpg
457,Flux.1,7302,Flux.1/Flux.1/test/1_fake/entire__flux__fake__000000142259.jpg
457,Flux.1,7303,Flux.1/Flux.1/test/1_fake/entire__flux__fake__000000529774.jpg
457,Flux.1,7304,Flux.1/Flux.1/test/1_fake/entire__flux__fake__000000521204.jpg
457,Flux.1,7305,Flux.1/Flux.1/test/1_fake/entire__flux__fake__000000344881.jpg
457,Flux.1,7306,Flux.1/Flux.1/test/0_real/entire__flux__real__000000268051.jpg
457,Flux.1,7307,Flux.1/Flux.1/test/0_real/entire__flux__real__000000156260.jpg
457,Flux.1,7308,Flux.1/Flux.1/test/1_fake/entire__flux__fake__000000318385.jpg
457,Flux.1,7309,Flux.1/Flux.1/test/1_fake/entire__flux__fake__000000516265.jpg
457,Flux.1,7310,Flux.1/Flux.1/test/0_real/entire__flux__real__000000432727.jpg
457,Flux.1,7311,Flux.1/Flux.1/test/0_real/entire__flux__real__000000143800.jpg
458,Flux.1,7312,Flux.1/Flux.1/test/1_fake/entire__flux__fake__000000420617.jpg
458,Flux.1,7313,Flux.1/Flux.1/test/0_real/entire__flux__real__000000559836.jpg
458,Flux.1,7314,Flux.1/Flux.1/test/0_real/entire__flux__real__000000132499.jpg
458,Flux.1,7315,Flux.1/Flux.1/test/0_real/entire__flux__real__000000281745.jpg
458,Flux.1,7316,Flux.1/Flux.1/test/1_fake/entire__flux__fake__000000141265.jpg
458,Flux.1,7317,Flux.1/Flux.1/test/0_real/entire__flux__real__000000183273.jpg
458,Flux.1,7318,Flux.1/Flux.1/test/0_real/entire__flux__real__000000147049.jpg
458,Flux.1,7319,Flux.1/Flux.1/test/1_fake/entire__flux__fake__000000009960.jpg
458,Flux.1,7320,Flux.1/Flux.1/test/0_real/entire__flux__real__000000247223.jpg
458,Flux.1,7321,Flux.1/Flux.1/test/1_fake/entire__flux__fake__000000244461.jpg
458,Flux.1,7322,Flux.1/Flux.1/test/1_fake/entire__flux__fake__000000393086.jpg
458,Flux.1,7323,Flux.1/Flux.1/test/1_fake/entire__flux__fake__000000166291.jpg
458,Flux.1,7324,Flux.1/Flux.1/test/1_fake/entire__flux__fake__000000262014.jpg
458,Flux.1,7325,Flux.1/Flux.1/test/1_fake/entire__flux__fake__000000145078.jpg
458,Flux.1,7326,Flux.1/Flux.1/test/1_fake/entire__flux__fake__000000121943.jpg
458,Flux.1,7327,Flux.1/Flux.1/test/0_real/entire__flux__real__000000246411.jpg
459,Flux.1,7328,Flux.1/Flux.1/test/0_real/entire__flux__real__000000381314.jpg
459,Flux.1,7329,Flux.1/Flux.1/test/1_fake/entire__flux__fake__000000098405.jpg
459,Flux.1,7330,Flux.1/Flux.1/test/1_fake/entire__flux__fake__000000392717.jpg
459,Flux.1,7331,Flux.1/Flux.1/test/0_real/entire__flux__real__000000005809.jpg
459,Flux.1,7332,Flux.1/Flux.1/test/1_fake/entire__flux__fake__000000164103.jpg
459,Flux.1,7333,Flux.1/Flux.1/test/1_fake/entire__flux__fake__000000404063.jpg
459,Flux.1,7334,Flux.1/Flux.1/test/0_real/entire__flux__real__000000200541.jpg
459,Flux.1,7335,Flux.1/Flux.1/test/1_fake/entire__flux__fake__000000413124.jpg
459,Flux.1,7336,Flux.1/Flux.1/test/0_real/entire__flux__real__000000393601.jpg
459,Flux.1,7337,Flux.1/Flux.1/test/0_real/entire__flux__real__000000466839.jpg
459,Flux.1,7338,Flux.1/Flux.1/test/1_fake/entire__flux__fake__000000310390.jpg
459,Flux.1,7339,Flux.1/Flux.1/test/1_fake/entire__flux__fake__000000225164.jpg
459,Flux.1,7340,Flux.1/Flux.1/test/0_real/entire__flux__real__000000354003.jpg
459,Flux.1,7341,Flux.1/Flux.1/test/1_fake/entire__flux__fake__000000454408.jpg
459,Flux.1,7342,Flux.1/Flux.1/test/1_fake/entire__flux__fake__000000081630.jpg
459,Flux.1,7343,Flux.1/Flux.1/test/1_fake/entire__flux__fake__000000281221.jpg
460,Flux.1,7344,Flux.1/Flux.1/test/1_fake/entire__flux__fake__000000016064.jpg
460,Flux.1,7345,Flux.1/Flux.1/test/0_real/entire__flux__real__000000055460.jpg
460,Flux.1,7346,Flux.1/Flux.1/test/0_real/entire__flux__real__000000011076.jpg
460,Flux.1,7347,Flux.1/Flux.1/test/0_real/entire__flux__real__000000200798.jpg
460,Flux.1,7348,Flux.1/Flux.1/test/1_fake/entire__flux__fake__000000335433.jpg
460,Flux.1,7349,Flux.1/Flux.1/test/1_fake/entire__flux__fake__000000539665.jpg
460,Flux.1,7350,Flux.1/Flux.1/test/1_fake/entire__flux__fake__000000153923.jpg
460,Flux.1,7351,Flux.1/Flux.1/test/0_real/entire__flux__real__000000063875.jpg
460,Flux.1,7352,Flux.1/Flux.1/test/1_fake/entire__flux__fake__000000454858.jpg
460,Flux.1,7353,Flux.1/Flux.1/test/0_real/entire__flux__real__000000564627.jpg
460,Flux.1,7354,Flux.1/Flux.1/test/1_fake/entire__flux__fake__000000377713.jpg
460,Flux.1,7355,Flux.1/Flux.1/test/0_real/entire__flux__real__000000182785.jpg
460,Flux.1,7356,Flux.1/Flux.1/test/1_fake/entire__flux__fake__000000555590.jpg
460,Flux.1,7357,Flux.1/Flux.1/test/0_real/entire__flux__real__000000178708.jpg
460,Flux.1,7358,Flux.1/Flux.1/test/0_real/entire__flux__real__000000458752.jpg
460,Flux.1,7359,Flux.1/Flux.1/test/1_fake/entire__flux__fake__000000137366.jpg
461,Flux.1,7360,Flux.1/Flux.1/test/0_real/entire__flux__real__000000569520.jpg
461,Flux.1,7361,Flux.1/Flux.1/test/1_fake/entire__flux__fake__000000141756.jpg
461,Flux.1,7362,Flux.1/Flux.1/test/1_fake/entire__flux__fake__000000440177.jpg
461,Flux.1,7363,Flux.1/Flux.1/test/0_real/entire__flux__real__000000269634.jpg
461,Flux.1,7364,Flux.1/Flux.1/test/1_fake/entire__flux__fake__000000108264.jpg
461,Flux.1,7365,Flux.1/Flux.1/test/0_real/entire__flux__real__000000281959.jpg
461,Flux.1,7366,Flux.1/Flux.1/test/0_real/entire__flux__real__000000089931.jpg
461,Flux.1,7367,Flux.1/Flux.1/test/1_fake/entire__flux__fake__000000237230.jpg
461,Flux.1,7368,Flux.1/Flux.1/test/0_real/entire__flux__real__000000414698.jpg
461,Flux.1,7369,Flux.1/Flux.1/test/0_real/entire__flux__real__000000040830.jpg
461,Flux.1,7370,Flux.1/Flux.1/test/1_fake/entire__flux__fake__000000360309.jpg
461,Flux.1,7371,Flux.1/Flux.1/test/1_fake/entire__flux__fake__000000359481.jpg
461,Flux.1,7372,Flux.1/Flux.1/test/0_real/entire__flux__real__000000148542.jpg
461,Flux.1,7373,Flux.1/Flux.1/test/1_fake/entire__flux__fake__000000407699.jpg
461,Flux.1,7374,Flux.1/Flux.1/test/1_fake/entire__flux__fake__000000284987.jpg
461,Flux.1,7375,Flux.1/Flux.1/test/1_fake/entire__flux__fake__000000447902.jpg
462,Flux.1,7376,Flux.1/Flux.1/test/0_real/entire__flux__real__000000274438.jpg
462,Flux.1,7377,Flux.1/Flux.1/test/1_fake/entire__flux__fake__000000325215.jpg
462,Flux.1,7378,Flux.1/Flux.1/test/0_real/entire__flux__real__000000137173.jpg
462,Flux.1,7379,Flux.1/Flux.1/test/1_fake/entire__flux__fake__000000063230.jpg
462,Flux.1,7380,Flux.1/Flux.1/test/1_fake/entire__flux__fake__000000334681.jpg
462,Flux.1,7381,Flux.1/Flux.1/test/1_fake/entire__flux__fake__000000304360.jpg
462,Flux.1,7382,Flux.1/Flux.1/test/0_real/entire__flux__real__000000476465.jpg
462,Flux.1,7383,Flux.1/Flux.1/test/0_real/entire__flux__real__000000445105.jpg
462,Flux.1,7384,Flux.1/Flux.1/test/1_fake/entire__flux__fake__000000298203.jpg
462,Flux.1,7385,Flux.1/Flux.1/test/1_fake/entire__flux__fake__000000318564.jpg
462,Flux.1,7386,Flux.1/Flux.1/test/1_fake/entire__flux__fake__000000015089.jpg
462,Flux.1,7387,Flux.1/Flux.1/test/0_real/entire__flux__real__000000176462.jpg
462,Flux.1,7388,Flux.1/Flux.1/test/0_real/entire__flux__real__000000457169.jpg
462,Flux.1,7389,Flux.1/Flux.1/test/1_fake/entire__flux__fake__000000297380.jpg
462,Flux.1,7390,Flux.1/Flux.1/test/0_real/entire__flux__real__000000061206.jpg
462,Flux.1,7391,Flux.1/Flux.1/test/1_fake/entire__flux__fake__000000055567.jpg
463,Flux.1,7392,Flux.1/Flux.1/test/0_real/entire__flux__real__000000187434.jpg
463,Flux.1,7393,Flux.1/Flux.1/test/1_fake/entire__flux__fake__000000272176.jpg
463,Flux.1,7394,Flux.1/Flux.1/test/1_fake/entire__flux__fake__000000541596.jpg
463,Flux.1,7395,Flux.1/Flux.1/test/0_real/entire__flux__real__000000493295.jpg
463,Flux.1,7396,Flux.1/Flux.1/test/0_real/entire__flux__real__000000275919.jpg
463,Flux.1,7397,Flux.1/Flux.1/test/0_real/entire__flux__real__000000511239.jpg
463,Flux.1,7398,Flux.1/Flux.1/test/0_real/entire__flux__real__000000224281.jpg
463,Flux.1,7399,Flux.1/Flux.1/test/0_real/entire__flux__real__000000456369.jpg
463,Flux.1,7400,Flux.1/Flux.1/test/0_real/entire__flux__real__000000557191.jpg
463,Flux.1,7401,Flux.1/Flux.1/test/0_real/entire__flux__real__000000382969.jpg
463,Flux.1,7402,Flux.1/Flux.1/test/1_fake/entire__flux__fake__000000431738.jpg
463,Flux.1,7403,Flux.1/Flux.1/test/1_fake/entire__flux__fake__000000270524.jpg
463,Flux.1,7404,Flux.1/Flux.1/test/1_fake/entire__flux__fake__000000321006.jpg
463,Flux.1,7405,Flux.1/Flux.1/test/0_real/entire__flux__real__000000518981.jpg
463,Flux.1,7406,Flux.1/Flux.1/test/1_fake/entire__flux__fake__000000558498.jpg
463,Flux.1,7407,Flux.1/Flux.1/test/1_fake/entire__flux__fake__000000314019.jpg
464,Flux.1,7408,Flux.1/Flux.1/test/1_fake/entire__flux__fake__000000034571.jpg
464,Flux.1,7409,Flux.1/Flux.1/test/0_real/entire__flux__real__000000431164.jpg
464,Flux.1,7410,Flux.1/Flux.1/test/0_real/entire__flux__real__000000021900.jpg
464,Flux.1,7411,Flux.1/Flux.1/test/1_fake/entire__flux__fake__000000267284.jpg
464,Flux.1,7412,Flux.1/Flux.1/test/1_fake/entire__flux__fake__000000407262.jpg
464,Flux.1,7413,Flux.1/Flux.1/test/0_real/entire__flux__real__000000387368.jpg
464,Flux.1,7414,Flux.1/Flux.1/test/0_real/entire__flux__real__000000246087.jpg
464,Flux.1,7415,Flux.1/Flux.1/test/0_real/entire__flux__real__000000255470.jpg
464,Flux.1,7416,Flux.1/Flux.1/test/0_real/entire__flux__real__000000083448.jpg
464,Flux.1,7417,Flux.1/Flux.1/test/0_real/entire__flux__real__000000233341.jpg
464,Flux.1,7418,Flux.1/Flux.1/test/0_real/entire__flux__real__000000469995.jpg
464,Flux.1,7419,Flux.1/Flux.1/test/1_fake/entire__flux__fake__000000345644.jpg
464,Flux.1,7420,Flux.1/Flux.1/test/0_real/entire__flux__real__000000233926.jpg
464,Flux.1,7421,Flux.1/Flux.1/test/1_fake/entire__flux__fake__000000048460.jpg
464,Flux.1,7422,Flux.1/Flux.1/test/0_real/entire__flux__real__000000253054.jpg
464,Flux.1,7423,Flux.1/Flux.1/test/0_real/entire__flux__real__000000456784.jpg
465,Flux.1,7424,Flux.1/Flux.1/test/0_real/entire__flux__real__000000504911.jpg
465,Flux.1,7425,Flux.1/Flux.1/test/1_fake/entire__flux__fake__000000229893.jpg
465,Flux.1,7426,Flux.1/Flux.1/test/0_real/entire__flux__real__000000043613.jpg
465,Flux.1,7427,Flux.1/Flux.1/test/0_real/entire__flux__real__000000487141.jpg
465,Flux.1,7428,Flux.1/Flux.1/test/0_real/entire__flux__real__000000552054.jpg
465,Flux.1,7429,Flux.1/Flux.1/test/0_real/entire__flux__real__000000402245.jpg
465,Flux.1,7430,Flux.1/Flux.1/test/1_fake/entire__flux__fake__000000368731.jpg
465,Flux.1,7431,Flux.1/Flux.1/test/1_fake/entire__flux__fake__000000158996.jpg
465,Flux.1,7432,Flux.1/Flux.1/test/0_real/entire__flux__real__000000324334.jpg
465,Flux.1,7433,Flux.1/Flux.1/test/1_fake/entire__flux__fake__000000086686.jpg
465,Flux.1,7434,Flux.1/Flux.1/test/1_fake/entire__flux__fake__000000116861.jpg
465,Flux.1,7435,Flux.1/Flux.1/test/0_real/entire__flux__real__000000076462.jpg
465,Flux.1,7436,Flux.1/Flux.1/test/1_fake/entire__flux__fake__000000401776.jpg
465,Flux.1,7437,Flux.1/Flux.1/test/1_fake/entire__flux__fake__000000185916.jpg
465,Flux.1,7438,Flux.1/Flux.1/test/0_real/entire__flux__real__000000281163.jpg
465,Flux.1,7439,Flux.1/Flux.1/test/1_fake/entire__flux__fake__000000215457.jpg
466,Flux.1,7440,Flux.1/Flux.1/test/1_fake/entire__flux__fake__000000379120.jpg
466,Flux.1,7441,Flux.1/Flux.1/test/0_real/entire__flux__real__000000206469.jpg
466,Flux.1,7442,Flux.1/Flux.1/test/0_real/entire__flux__real__000000068408.jpg
466,Flux.1,7443,Flux.1/Flux.1/test/1_fake/entire__flux__fake__000000047648.jpg
466,Flux.1,7444,Flux.1/Flux.1/test/0_real/entire__flux__real__000000480666.jpg
466,Flux.1,7445,Flux.1/Flux.1/test/1_fake/entire__flux__fake__000000141524.jpg
466,Flux.1,7446,Flux.1/Flux.1/test/1_fake/entire__flux__fake__000000339352.jpg
466,Flux.1,7447,Flux.1/Flux.1/test/0_real/entire__flux__real__000000342946.jpg
466,Flux.1,7448,Flux.1/Flux.1/test/0_real/entire__flux__real__000000353981.jpg
466,Flux.1,7449,Flux.1/Flux.1/test/0_real/entire__flux__real__000000105220.jpg
466,Flux.1,7450,Flux.1/Flux.1/test/0_real/entire__flux__real__000000250054.jpg
466,Flux.1,7451,Flux.1/Flux.1/test/0_real/entire__flux__real__000000264930.jpg
466,Flux.1,7452,Flux.1/Flux.1/test/0_real/entire__flux__real__000000301591.jpg
466,Flux.1,7453,Flux.1/Flux.1/test/1_fake/entire__flux__fake__000000349695.jpg
466,Flux.1,7454,Flux.1/Flux.1/test/0_real/entire__flux__real__000000072895.jpg
466,Flux.1,7455,Flux.1/Flux.1/test/1_fake/entire__flux__fake__000000159969.jpg
467,Flux.1,7456,Flux.1/Flux.1/test/0_real/entire__flux__real__000000180778.jpg
467,Flux.1,7457,Flux.1/Flux.1/test/1_fake/entire__flux__fake__000000018605.jpg
467,Flux.1,7458,Flux.1/Flux.1/test/0_real/entire__flux__real__000000190530.jpg
467,Flux.1,7459,Flux.1/Flux.1/test/1_fake/entire__flux__fake__000000514528.jpg
467,Flux.1,7460,Flux.1/Flux.1/test/1_fake/entire__flux__fake__000000406760.jpg
467,Flux.1,7461,Flux.1/Flux.1/test/0_real/entire__flux__real__000000092213.jpg
467,Flux.1,7462,Flux.1/Flux.1/test/1_fake/entire__flux__fake__000000432668.jpg
467,Flux.1,7463,Flux.1/Flux.1/test/0_real/entire__flux__real__000000146047.jpg
467,Flux.1,7464,Flux.1/Flux.1/test/1_fake/entire__flux__fake__000000140432.jpg
467,Flux.1,7465,Flux.1/Flux.1/test/1_fake/entire__flux__fake__000000242981.jpg
467,Flux.1,7466,Flux.1/Flux.1/test/1_fake/entire__flux__fake__000000478344.jpg
467,Flux.1,7467,Flux.1/Flux.1/test/0_real/entire__flux__real__000000178692.jpg
467,Flux.1,7468,Flux.1/Flux.1/test/1_fake/entire__flux__fake__000000388374.jpg
467,Flux.1,7469,Flux.1/Flux.1/test/1_fake/entire__flux__fake__000000569887.jpg
467,Flux.1,7470,Flux.1/Flux.1/test/1_fake/entire__flux__fake__000000246061.jpg
467,Flux.1,7471,Flux.1/Flux.1/test/0_real/entire__flux__real__000000390593.jpg
468,Flux.1,7472,Flux.1/Flux.1/test/0_real/entire__flux__real__000000205523.jpg
468,Flux.1,7473,Flux.1/Flux.1/test/0_real/entire__flux__real__000000342807.jpg
468,Flux.1,7474,Flux.1/Flux.1/test/0_real/entire__flux__real__000000242213.jpg
468,Flux.1,7475,Flux.1/Flux.1/test/1_fake/entire__flux__fake__000000300472.jpg
468,Flux.1,7476,Flux.1/Flux.1/test/0_real/entire__flux__real__000000275237.jpg
468,Flux.1,7477,Flux.1/Flux.1/test/1_fake/entire__flux__fake__000000392642.jpg
468,Flux.1,7478,Flux.1/Flux.1/test/0_real/entire__flux__real__000000419790.jpg
468,Flux.1,7479,Flux.1/Flux.1/test/1_fake/entire__flux__fake__000000497320.jpg
468,Flux.1,7480,Flux.1/Flux.1/test/0_real/entire__flux__real__000000534855.jpg
468,Flux.1,7481,Flux.1/Flux.1/test/0_real/entire__flux__real__000000502240.jpg
468,Flux.1,7482,Flux.1/Flux.1/test/1_fake/entire__flux__fake__000000150435.jpg
468,Flux.1,7483,Flux.1/Flux.1/test/1_fake/entire__flux__fake__000000477750.jpg
468,Flux.1,7484,Flux.1/Flux.1/test/1_fake/entire__flux__fake__000000050601.jpg
468,Flux.1,7485,Flux.1/Flux.1/test/0_real/entire__flux__real__000000505796.jpg
468,Flux.1,7486,Flux.1/Flux.1/test/0_real/entire__flux__real__000000324513.jpg
468,Flux.1,7487,Flux.1/Flux.1/test/1_fake/entire__flux__fake__000000231402.jpg
469,Flux.1,7488,Flux.1/Flux.1/test/0_real/entire__flux__real__000000104631.jpg
469,Flux.1,7489,Flux.1/Flux.1/test/1_fake/entire__flux__fake__000000402885.jpg
469,Flux.1,7490,Flux.1/Flux.1/test/0_real/entire__flux__real__000000028260.jpg
469,Flux.1,7491,Flux.1/Flux.1/test/1_fake/entire__flux__fake__000000541193.jpg
469,Flux.1,7492,Flux.1/Flux.1/test/0_real/entire__flux__real__000000173801.jpg
469,Flux.1,7493,Flux.1/Flux.1/test/1_fake/entire__flux__fake__000000177472.jpg
469,Flux.1,7494,Flux.1/Flux.1/test/0_real/entire__flux__real__000000087513.jpg
469,Flux.1,7495,Flux.1/Flux.1/test/0_real/entire__flux__real__000000202740.jpg
469,Flux.1,7496,Flux.1/Flux.1/test/1_fake/entire__flux__fake__000000419378.jpg
469,Flux.1,7497,Flux.1/Flux.1/test/0_real/entire__flux__real__000000581409.jpg
469,Flux.1,7498,Flux.1/Flux.1/test/1_fake/entire__flux__fake__000000226224.jpg
469,Flux.1,7499,Flux.1/Flux.1/test/1_fake/entire__flux__fake__000000474984.jpg
